id,subject_area,q,oa,ob,oc,od,oe,key
cc7cfd96-6e06-50da-a9ad-6ebed2dbe03b,KIMYA,"Benzinin petrolden eldesini, yapısında hangi elementlerin bulunduğunu ve elementlerin yüzde bileşimini, yandığında açığa çıkan enerjiyi inceleyen bir kimyager; I. organik kimya, II. analitik kimya, III. fizikokimya kimya alt disiplinlerinden hangilerinin çalışma alanında araştırma yapmıştır?",Yalnız II,Yalnız III,I ve II,II ve III,"I, II ve III",E
21868655-3987-520c-88b7-c06416066545,MATEMATIK,"$i^2 = -1$ ve $a$ ile $b$ birer gerçek sayı olmak üzere, $z = (a-2) - (1-b)i$ karmaşık sayısının analitik düzlemdeki görüntüsü 2. bölgededir. Buna göre, $a+b$ toplamının alabileceği en büyük tam sayı değeri kaçtır?",5,4,3,2,1,C
3fdff644-9077-5556-a2b8-186e409bc68f,MATEMATIK,"$x<0$ olmak üzere, $|x-4|+|x|-5$ ifadesinin eşiti aşağıdakilerden hangisidir?",-1,0,1,$2x-1$,$2x+1$,D
f5f6a2cc-c89b-55ef-8458-1b363fa71295,MATEMATIK,"Gül yıkadığı eşit sayıdaki çarşaf ve yastık kılıfını doğrusal olan boş bir çamaşır ipine tek sıra hâlinde asmıştır. Elindeki yeterli sayıda mandal olmadığı için yan yana bulunan her iki çamaşırın mandallarından biri ortak olacak şekilde asan Gül, her bir çarşaf için 4 mandal, her bir yastık kılıfı için 3 mandal kullanmıştır. Gül, bu giysileri asmak için toplam 71 mandal kullandığına göre, çamaşır ipine toplam kaç çarşaf asmıştır?",10,11,12,13,14,B
7ca41b1e-5685-53d3-ac88-b8b754b42945,BIYOLOJI,"Sağlıklı bir insanda, kandaki adrenalin hormonu miktarının artması
I. kalp atışı ve kan dolaşımı,
II. mide ve bağırsaklarda sindirim,
III. soluk alışverişi
olaylarından hangilerini hızlandırır?",Yalnız I,Yalnız II,Yalnız III,I ve III,"I, II ve III",D
c902e2f6-46e0-53f9-b36d-882a01f8b700,MATEMATIK,"$a$ çift ve $b$ tek sayı olmak üzere, aşağıdaki ifadelerden hangileri her zaman çift sayıdır?
I. $5a+2b$
II. $2 \cdot a \cdot b+3$
III. $a+b$",Yalnız I,Yalnız II,Yalnız III,I ve II,II ve III,A
08d1e820-dafb-5978-948c-e87b7fba3f5f,FIZIK,"I. Sırtında çantasıyla hareket etmeden otobüs bekleyen öğrenci
II. Gazetesini okuyan emekli
III. Market arabasını iterek dolaşan kadın
Yukarıda belirtilen kişilerden hangisi fiziksel anlamda iş yapmıştır?",Yalnız I,Yalnız II,Yalnız III,I ve II,I ve III,C
73c6f8ef-785f-548d-8ed5-e3c1ac601d4f,TURKCE,"I. Düzenli yapılan egzersizler vücutta endorfin seviyesini yükseltir. II. Endorfin seviyesi kişinin kendini çok daha iyi hissetmesini sağlar, ağrı algısını da azaltır. Bu iki cümlede ifade edilenlerin anlamca doğru bir biçimde birleştirilmiş hâli aşağıdakilerden hangisidir?",Kişinin kendini çok daha iyi hissetmesini sağlayan ve ağrı algısını azaltan endorfinin vücutta yükselmesi için mutlaka düzenli egzersiz yapmak gerekir.,"Endorfin seviyesini yükselten en önemli etken düzenli yapılan egzersizlerdir, bu da kişinin kendini daha iyi hissetmesini sağlar ve ağrıları dindirir.","Endorfin kişinin düzenli egzersiz yapmasına bağlı olarak artar ve kişide tüm olumsuz duyguları yok eder, ağrıları azaltır.","Endorfin kişinin kendini daha iyi hissetmesini sağlayan ve ağrıları dindiren bir hormondur, düzenli egzersizlerle artış gösterir.","Düzenli egzersizle seviyesi artan endorfin, kişinin kendini çok daha iyi hissetmesini sağladığı gibi ağrı algısını da azaltır.",E
924e19ba-a138-50cc-8df0-bb2a3203dd5a,MATEMATIK,"$$\frac{0,06}{0,2}+\frac{1,5}{0,3}$$ işleminin sonucu kaçtır?",$$\frac{3}{2}$$,1,$$\frac{3}{4}$$,$$\frac{2}{3}$$,$$\frac{1}{2}$$,A
766b900f-7be2-5d99-a619-95745634f9e2,KIMYA,"İdeal pistonlu kapta $0 \text{ }^\circ C$ de $1$ atmosferde $112$ litre hacim kaplayan ideal $32$ gram $CH_4$ ve He gazları vardır.
Buna göre, kapta toplam kaç tane atom vardır?
(Mol kütleleri: H: 1, He: 4, C: 12, $N_A$: Avogadro sayısı:)","$0,9 N_A$","$0,5 N_A$",$5 N_A$,$9 N_A$,$11 N_A$,D
edb5c00b-4bcd-55e7-93d2-dabe2a13f7e2,TURKCE,"I. Edebiyat dünyasında roman geleneğinin başlangıcı olarak görülen Don Kişot'un, çevrildiği dil ve uyarlandığı eserlere her gün yenisi ekleniyor.
II. İspanyol edebiyatçılarından bazıları, böyle bir kitabı ulusal gurur kaynağı saymakla birlikte eseri özünden uzaklaştırdığını düşündükleri bu uyarlamalara karşı olumsuz tavır takınıyor.
III. Bu ancak kitabın özgün İspanyolca metninin yansının bile açıklama olmaksızın İspanyollar tarafından anlaşılmaması bir ""paradoks"" olarak görünüyor.
IV. Eleştirmenlere göre günümüz diline uyarlamak için de olsa bu tür çalışmalar ""entelektüel tembellik"" göstergesinden başka bir şey değil.
V. Oysa kitaptan bazı cümlelerin çıkarılması, kimi sayfaların özet hâle getirilmesi ve bazı kelimelerin değiştirilmesi edebiyat suçu sayılmamalı.
VI. Bu sorunun çözümünü uyarlama eserlerde görenler ise Don Kişot gibi, yaşayan bir kitabın toplumsal hayata uzanması gerektiğini söylüyorlar.",I ile II,II ile III,III ile V,IV ile V,IV ile VI,B
b1a2e864-2002-5a75-8f8b-3fe397d91e29,MATEMATIK,"$0 < x < 90^\circ$ ve $\sqrt{\frac{1 - \cos x}{1 + \cos x}} = m$ olduğuna göre, $\sqrt{\frac{1 + \cos x}{1 - \cos x}}$ ifadesinin $m$ türünden eşiti aşağıdakilerden hangisidir?",\frac{1}{m},\frac{m}{\tan x},\frac{\cot x}{m},\cot x \cdot m,1 - m,A
a05dadf8-9231-55e4-8c0a-8f12a1f7169d,TARIH,"Mustafa Kemal Paşa, İstanbul'da toplanacak Mebuslar Meclisi'nin çalışmalarını yakından takip etmek üzere Temsil Heyeti'yle birlikte Ankara'ya gelmiş ve Ankara'yı Millî Mücadele'nin merkezi haline getirmiştir. Bu durumun oluşmasında Ankara'nın; I. ulaşım ve haberleşme olanaklarına sahip olması, II. işgale uğramamış ve her yönden güvenli bir konumda olması, III. savaşların yapıldığı Batı Cephesi'ne yakın bir konumda bulunması özelliklerinden hangileri etkili olmuştur?",Yalnız I,Yalnız II,I ve II,II ve III,"I, II ve III",E
5dec174a-ca53-57ec-aa71-19518b94f950,MATEMATIK,"Gerçek sayılar kümesinde türevlenebilen $f$ fonksiyonu için $f(2x) = 4f(x) - 4x - 3$ ve $\lim_{x \to 1} \frac{f(x) - f(1)}{x - 1} = 1$ eşitlikleri sağlanıyor. Buna göre, $f'(2) + f(2)$ toplamının değeri kaçtır?",1,2,3,4,5,C
d049694b-38d4-5904-9c9d-630ae530ebc7,MATEMATIK,"$y = t^2 + 5t + 3$
$x = t^2 - 6t + 5$
olduğuna göre, $\frac{dy}{dx}$ ifadesinin $t = 2$ için değeri kaçtır?",1,2,3,4,5,B
fba0b17d-3948-5092-8fef-9752c1d4f82c,TURKCE,"Bir kişisel başarı uzmanı, günü verimli kılma ve hayatta başarılı olma adına yapılması gereken bazı şeyleri şöyle sıralamaktadır:
• Normalden 2-3 saat önce uyanıp dışarı çık ve bol bol sabah güneşi al.
• Kahvaltını geç saatlere bırakma.
• Yalnızca sabahları spor yap.
• Öğle yemeğini her gün aynı saatte ye ve 19.00'dan sonra hiçbir şey yeme.
• Saat 15.00'ten sonra kafenden uzak dur.
• Saat 16.00'dan sonra kestirmek yok.
Buna göre uzmanın verdiği bilgiler arasında aşağıdakilerden hangisi yoktur?",Disiplin,Kontrol,Sistem,Mutluluk,Sağlık,D
4f38a559-cb0a-5b27-a87a-b0150dbd1108,TURKCE,"(I) Kara kelimesi kara gün, kara baht, kara akıl örneklerinde olduğu gibi başa na geldiği kelimeye olumsuz anlam yükler. (II) Bu yüzden ölüm, render içinde karanlığı ve umutsuzluğu çağrıştırdığı için karşılıkta özdeşleşir. (III) Turuncu ve ölüm kelimelerinin yan yana gelmesi ilk bakışta uyumsuz gözükse de öyküleri okudukça ne de öyle olmadığını görüyoruz. (IV) Yazar son öykü kitabına adını ölüm turuncu karayı değil, turuncuyu ölüm karayı getiriyor bu metinde. Turuncu Ölüm Kara öyküleriyle. (V) Çünkü kitaptaki öykülerde ölüm en güzel, umuda en yakın haliyle resmediliyor. (VI) Bu haliyle ölümün en güzel, umuda en yakın haliyle resmediliyor.
Bu parçada düşüncenin akışının sağlanabilmesi için numaralanmış cümlelerden hangileri birbiriyle yer değiştirmelidir?",I ile II,II ile III,II ile IV,III ile VI,IV ile V,D
9cce0ccd-a47d-5f4f-ab69-02850739a419,MATEMATIK,İşleminin sonucu kaçtır? $(\frac{1}{3})^{-2} \cdot (\frac{1}{3})^{-1} \cdot (\frac{1}{3})^4$,$3^{-2}$,$3^{-1}$,$3^1$,$3^2$,$3^3$,C
8eefe2c3-fb28-59ec-8277-fc0bee87f5d8,MATEMATIK,"$x$ gerçek sayı olmak üzere, $\sqrt{18-2x}-\sqrt[3]{2x-9}$ toplamını oluşturan her köklü sayı bir gerçek sayı olduğuna göre $x$'in alabileceği doğal sayı değerleri kaç tanedir?",8,9,10,11,12,C
61e7b5a1-d43a-526c-87e4-158ecbcd5bd2,MATEMATIK,"$A = \{1, 2, 3, 4, 5\}$ kümesinin elemanları ile üç basamaklı sayılar yazılıyor. Yazılan bu sayılardan rastgele biri seçildiğinde, seçilen sayının tam olarak iki basamağındaki rakamların aynı olma olasılığı kaçtır?",$\frac{3}{16}$,$\frac{4}{15}$,$\frac{6}{21}$,$\frac{9}{20}$,$\frac{12}{25}$,E
f536cf10-5f08-51b2-93f8-4bac85695b51,MATEMATIK,"a, b ve c otellerinde 3 günlük konaklayan toplam kişi sayısı yukarıdaki sütun grafiğinde gösterilmiştir. Bu kişi sayıları ile ilgili olarak aşağıdakiler bilinmektedir: a ve b otellerindeki kişi sayısı günlük olarak sabit şekilde artmaktadır. c otelinde her gün aynı sayıda kişi konaklamıştır. a otelinde günlük artış yapan müşteri sayısı b otelinde günlük artış yapan müşteri sayısının 2 katıdır. a otelinde ilk gün 40 kişi konakladığına göre; a, b ve c otellerinde 1. gün konaklayan kişi sayısı en az kaçtır?",130,132,134,136,138,C
c61fd861-f7e4-5d9a-bdcb-16ae53e3693a,MATEMATIK,"Bir anasınıfında bulunan yedi öğrenciden üç tanesi erkek, dört tanesi kız çocuğudur. Anasınıfı öğretmeni Nagihan, bu çocuklardan iki tanesini haftanın çocuğu olarak seçecektir. Buna göre, haftanın çocuğu olarak seçilenlerden en az bir tanesinin erkek çocuğu olması şartıyla Nagihan öğretmen kaç farklı şekilde bu seçimi yapabilir?",12,15,18,21,28,B
0c8d14af-02d4-52f6-8a01-76c0fd7d1f1b,MATEMATIK,"Sözel ve sayısal bölümlerinde 4'er soru olmak üzere toplam 8 sorudan oluşan bir sınavın kitapçığında ""Sınavı geçmek için sözel ve sayısal bölümlerin her birinden en az 2'şer soru olmak üzere toplam en az 5 soruyu doğru cevaplamalısınız."" ifadesi yer almaktadır. Bu ifadeyi eksik okuyan Sevcan, sınavdaki 8 sorudan rastgele 5'ini seçmiş ve seçtiği her bir soruyu doğru cevaplamıştır. Buna göre, Sevcan'ın sınavı geçme olasılığı kaçtır?",3/4,4/5,5/6,6/7,7/8,D
971a9e5c-a1df-51f1-88a7-c671288f5df9,MATEMATIK,"$f(x) = \begin{cases} x^2, & x \ge 0 \\ x^3, & x < 0 \end{cases}$ ve $g(x) = \begin{cases} x+1, & x > 0 \\ x-1, & x < 0 \end{cases}$ olduğuna göre, $\frac{(f+g)(1)}{(f-g)(-1)}$ ifadesinin değeri kaçtır?",$\frac{3}{2}$,1,$\frac{2}{3}$,-1,$-\frac{3}{2}$,A
1c5dff65-4324-57a2-b16e-066410a00a1b,MATEMATIK,"$x \in (\frac{\pi}{4}, \frac{\pi}{2})$ olmak üzere,
$x = \text{tan}x$
$y = \text{tan}(2x)$
$z = \text{tan}(3x)$
sayılarının doğru sıralanışı aşağıdakilerden hangisidir?",$x < y < z$,$x < z < y$,$y < x < z$,$z < x < y$,$z < y < x$,A
3732db60-6db3-5eba-82c7-1d1eb579049e,BIYOLOJI,"Sağlıklı bir kişinin vücut hücresinde gerçekleşmekte olan metabolik bir tepkimede zamana bağlı olarak açığa çıkan ürün miktarının grafiği aşağıda verilmiştir. Buna göre, tepkimede $t_1$, $t_2$ ve $t_3$ zaman aralıklarında oluşan ürün miktarının grafikteki değişimi gösterebilmesine neden olan reaksiyon hızı aşağıdaki seçeneklerin hangisinde doğru ifade edilmiştir?","Reaksiyon hızı grafiği $t_1$ ve $t_2$ aralığında artan, $t_2$ ve $t_3$ aralığında sabit.","Reaksiyon hızı grafiği $t_1$ ve $t_2$ aralığında sabit, $t_2$ ve $t_3$ aralığında azalan.","Reaksiyon hızı grafiği $t_1$ ve $t_2$ aralığında azalan, $t_2$ ve $t_3$ aralığında sabit.","Reaksiyon hızı grafiği $t_1$ ve $t_2$ aralığında sabit, $t_2$ ve $t_3$ aralığında artan.","Reaksiyon hızı grafiği $t_1$ ve $t_2$ aralığında artan, $t_2$ ve $t_3$ aralığında azalan.",B
00adde3a-7fd7-5c27-b647-5fa88b08e217,MATEMATIK,"Gerçel sayılarda tanımlı $f$ fonksiyonu
$f(x) = \begin{cases} x^2 & , x < 1 \\ \sqrt{x} & , x > 1 \end{cases}$
şeklinde verilmiştir.
Buna göre,
$\frac{f'(4) + f'(1)}{f(-4) + f(1)}$
ifadesinin değeri kaçtır?",$\frac{1}{32}$,$\frac{1}{16}$,$\frac{1}{8}$,$\frac{1}{4}$,$\frac{1}{2}$,B
5e816a53-d764-58f2-b44d-8f0d86e99dd2,GEOMETRI,"$ABC$ eşkenar üçgen, $[DE] \parallel [BC]$, $m(\widehat{ABD}) = m(\widehat{DBC})$, $[EC] = 2$ cm. Yukarıdaki verilere göre, $[BD] = x$ kaç cm'dir?",3,$2\sqrt{3}$,4,$3\sqrt{3}$,6,C
83fe58f7-37f0-5765-a99b-91da57cd4617,TURKCE,"1254 yılında doğan Marco Polo, tüccar babasının ilk defa 15 yaşındayken görebildi. Zira babası Niccolo, devletin tanınan tüccarlarından biriydi ve hayatı başta Karadeniz olmak üzere pek çok farklı coğrafyada ticaret yapmakla geçiyordu. Marco da babasının izinden gidip bir tüccar olmak üzere kervanlarla yola çıkmayı kendisine geleceği için kariyer olarak seçmişti. 1271'de Papa'nın görevlendirdiği babasına bir mektubu ulaştırmak ve ticari yapmak için İtalya'dan Doğu'nun bilinmezliğine doğru yola çıktı. Kuşkusuz o dönemde Doğu'ya giden başka tüccarlar, din adamları ve az sayıda da gezgin vardı. Ancak yine de bu uçsuz bucaksız coğrafya Avrupalılar için hep gizemli bir yerdi. 1271'de Doğu'nun en uzak noktasına doğru yola çıkan Marco Polo, diğer gezgin tüccarlardan farklı olarak, 17 yıl boyunca Kubilay Han'ın yanında, bir danışman olarak kaldı. Marco Polo'yu o devirde böyle bir noktaya taşıyan, zokası ve gözlem yeteneğiydi. Bunu, Doğu seyahati sırasında kaleme aldığı notlardan anlamak mümkündür. Zira bu yazılar, yüzyıllar boyunca Avrupa'nın Uzak Doğu, hakkında bildikleri konusunda temel kaynaklardan biri oldu.

Bu parça için en uygun başlık aşağıdakilerden hangisidir?",Marco Polo'nun Eserleri,Uzak Doğu Kültürünün Gizemi,Avrupalılara Göre Doğu Kültürü,Batı'ya Doğu'yu Anlatan Tüccar,Doğu'nun Bilinmezliğine Yolculuk,D
9363795b-25ba-5989-9555-5f741ae90a48,MATEMATIK,"$\lim_{x \to 2} (x^3 - ax) = 16$ olduğuna göre, $a$ kaçtır?",1,2,3,4,5,B
a2316cf6-53c1-5b7e-8d7d-69f2ab09f80b,KIMYA,Aynı basınç altında bulunan aşağıdaki bileşiklerden hangisinin kaynama noktası en büyüktür?,$CH_4$,$C_2H_6$,$CH_3OH$,$CH_3CH_3$,$CH_3CH_2COOH$,E
eca7da49-b04e-52f0-a24a-ff10e0052ce7,MATEMATIK,"A kümesinden B kümesine tanımlı, $f = \{(1, a-2), (3, 8), (4, b+1)\}$ ve $g = \{(1, 4), (3, c-3), (4, -6)\}$ fonksiyonları eşit fonksiyonlar olduğuna göre, $a+b+c$ toplamı kaçtır?",2,4,6,8,10,A
9f394919-3be7-507b-9555-d31272905d58,KIMYA,Aşağıdaki taneciklerin hangisinden 1 elektron koparmak için gereken enerji en fazladır?,$_{18}Ar$,$_{19}K$,$_{17}Cl^{2+}$,$_{20}Ca^{2+}$,$_{29}Cu^{2+}$,C
f0286e3e-f35d-54c0-a8e2-dc80ed0ed517,MATEMATIK,"$f'(2x-1) = 3x^2-2x+1$ olduğuna göre, $f''(-7)$ kaçtır?",-20,-10,-5,10,20,B
c154888b-d31e-5a99-b0fc-9a06e73d3446,MATEMATIK,"Okuldaki dersler 09.00'da başlayan Fırat evinden okuluna sabit hızla yürüyerek giderse 20 dakikada, sabit hızla koşarak giderse 8 dakikada varmaktadır.
Bir sabah 08.49'da evinden aynı sabit hızla yürüyerek okula gitmek için harekete başlayan Fırat bir süre hareket ettikten sonra derse yetişemeyeceğini anlayıp aynı sabit hızla koşmaya başlamış ve dersin başlamasından 3 dakika sonra okuluna varmıştır.
Buna göre, Fırat'ın koşmaya başladığı anda saat kaçtı?",08.59,08.58,08.57,08.56,08.55,A
e461ecf4-e310-56a7-ae2d-ae82f17d3308,KIMYA,"$mA_{(g)} + nB_{(g)} \rightarrow pC_{(g)}$
Yukarıda verilen denkleme göre sabit sıcaklıkta B gazının derişimi 30 saniyede 1,6 molardan 0,4 molara düşmektedir.
Aynı koşullarda C gazının ortalama oluşma hızı $2.10^{-2}$ mol/L.s olduğuna göre, $\frac{n}{p}$ oranı kaçtır?",2,1,$\frac{1}{2}$,$\frac{1}{4}$,$\frac{1}{8}$,A
aaa11c3a-1d4c-5358-abe5-d0471c8d0d7a,MATEMATIK,"$(x^2 - 1) \cdot Q(x) = x^3 - ax - b$ olduğuna göre, $Q(x)$'in $(x-1)$ ile bölümünden kalan kaçtır?",2,1,0,-2,-1,B
83b6c4a5-ab4d-5e9a-ac2f-835e1898a89d,MATEMATIK,"$f$ birim fonksiyondur. $f(2x-1) + f(3x) = f(4x)$ olduğuna göre, $x$ kaçtır?",1,2,3,4,5,A
964cf5e0-3104-585e-b476-33d62c4ffb3c,MATEMATIK,"$\frac{A}{B}=\frac{2}{3}$, $\frac{2A}{3}-\frac{B}{5}=-4$ olduğuna göre, A kaçtır?",12,-4,4,-12,-8,D
4bfa3b19-5c36-5aed-8ddf-9fe4125f15da,KIMYA,2 hacim $SO_2$ gazı ile 1 hacim $O_2$ gazının artansız tepkimesi sonucu 2 hacim X gazı oluşmaktadır. Aynı koşullarda 40'ar litre $SO_2$ ve $O_2$ gazlarının tam verimle $X$'i oluşturduğu tepkime ile ilgili aşağıdaki ifadelerden hangisi yanlıştır?,X gazının formülü $SO_3$'tür.,$SO_2$ gazı tükenmiştir.,Artan gaz 20 litredir.,Toplam hacim korunmuştur.,40 litre X gazı oluşmuştur.,D
5a1170d9-e63f-54d3-84fd-6d56233c263d,MATEMATIK,"$a$ ve $b$ gerçek sayılar olmak üzere, gerçek sayılarda tanımlı $f$ fonksiyonunun $[a, b]$ aralığındaki ortalama değişim hızı ile I. $f(x+2)$ II. $f(x)+2$ III. $2-f(x)$ fonksiyonlarından hangilerinin aynı aralıktaki ortalama değişim hızı her zaman aynıdır?",Yalnız I,Yalnız II,Yalnız III,I ve II,II ve III,B
cebf6d25-ed07-504b-9263-b517afe9b4c4,MATEMATIK,"Aşağıdaki üslü denklemlerin $x$ değerini bulunuz.
a) $(x-2)^4=0$
b) $13^x=1$
c) $(x+7)^1=1$",a) 2 b) 0 c) -6,a) 2 b) 1 c) -6,a) 2 b) 0 c) -8,a) 2 b) 1 c) -8,a) 2 b) 0 c) -7,B
3d733a01-3d80-55f4-96f7-3ecb2382d9dc,KIMYA,"25°C'de 2,06 miligram $Cr(OH)_3$ katısı kullanılarak 200 mililitrelik doygun çözelti elde ediliyor. Buna göre, $Cr(OH)_3$ tuzunun çözünürlük çarpımı ($K_{çç}$) kaçtır? ($Cr(OH)_3$: 103)",$1 \cdot 10^{-4}$,$4 \cdot 10^{-4}$,$4 \cdot 10^{-16}$,$27 \cdot 10^{-16}$,$27 \cdot 10^{-19}$,E
e1785cb7-a505-5a16-bfba-83fb04c69a64,MATEMATIK,"$a$ ve $b$ tam sayıları için $15^{a^2+b^2} = 9^{a-b} \cdot 25^{a+b}$ olduğuna göre, $a+b$ toplamı kaçtır?",3,4,5,6,7,D
c40cccee-1886-59b0-86f2-689a4021544b,MATEMATIK,"İlk üç terimi sırasıyla,

$m+p$, $4p$, $2p+m$

olan bir ($a_n$) aritmetik dizisinde,

$a_n = 6-4n$

olduğuna göre, $p$ kaçtır?",$\frac{3}{2}$,3,-2,-3,$\frac{15}{4}$,D
2a35c73e-b83f-5322-93ea-3946937482bc,KIMYA,"1 litrelik sabit hacimli kapta 1 mol $N_2$ ve 1 mol $H_2$ gazları bulunuyor. $N_2$'nin 0,2 molü harcandığında
$N_{2(g)} + 3H_{2(g)} \rightleftharpoons 2NH_{3(g)}$
tepkimesi dengeye ulaşmaktadır.
Buna göre, aynı sıcaklıktaki tepkimenin denge sabiti değeri $(K_c)$ kaç olur?",$\frac{5}{4}$,$\frac{25}{4}$,$\frac{36}{5}$,$\frac{25}{8}$,$\frac{27}{8}$,B
2f50df44-3a08-5169-bebd-20cc50dd533b,KIMYA,"$X_3Y_2$ katısı için çözünürlük çarpımı $= 1,08.10^{-33}$'tür. Buna göre, doygun $X_3Y_2$ çözeltisindeki $X^{2+}$ ve $Y^{3-}$ iyon derişimleri aşağıdakilerden hangisinde doğru olarak verilmiştir?",$2.10^{-7}$,$2.10^{-6}$,$3.10^{-7}$,$4.10^{-7}$,$3.10^{-6}$,A
b701bebd-19fc-53d6-9487-1dc13d28434f,MATEMATIK,"$n$ bir pozitif tam sayı olmak üzere, $P(x^2) = x^{3n} + x^{2n} + x^n + 1 - n$ polinomu veriliyor. Buna göre, $P(x)$ polinomunun başkatsayısı kaç farklı değer alabilir?",1,2,3,4,5,B
d0778ef9-6587-595d-8277-30574a3e52e9,MATEMATIK,"Gerçel sayılar kümesi üzerinde tanımlı ve sürekli bir $f$ fonksiyonunun türevi,
$f'(x) = \begin{cases} 5 & , x<0 \\ -2 & , x>0 \end{cases}$
şeklinde tanımlanmıştır.
Buna göre,
I. $f(-2) - f(-1) < 0$ dır.
II. $f$ fonksiyonunun $x=0$ noktasında yerel maksimumu vardır.
III. $\int_{-1}^{1} f'(x)dx = g(1) - g(-2) - 8$ dir.
ifadelerinden hangileri doğrudur?",Yalnız I,Yalnız II,Yalnız III,I ve II,II ve III,E
249e574c-f21e-5a09-bd31-6b42ed403dd5,KIMYA,"2 mol $H_2$, 2 mol $Br_2$ ve 4 mol $HBr$ 1 litrelik kapalı sabit hacimli kapta bulunmaktadır. $H_{2(g)} + Br_{2(g)} \rightleftharpoons 2HBr_{(g)}$ tepkimesinin denge sabiti $K_c = 9$ olduğuna göre, verilen ifadelerin doğru ya da yanlış olarak işaretlenmiş hali hangi seçenekte verilmiştir?",Y Y D,Y D Y,D Y D,D D Y,Y Y Y,C
8abe79e4-c089-551d-97f7-dd99b618830e,MATEMATIK,$\frac{a^3+b^3}{a+b} - \frac{a^3-b^3}{a-b}$ ifadesinin en sade hâli aşağıdakilerden hangisidir?,$a^2+b^2$,$-2ab$,$2ab$,$a^2-b^2$,$2a^2+2b^2$,B
7e8f2577-ccab-5791-af0e-478b4d6cd07d,MATEMATIK,"Bir babanın şimdiki yaşı, iki çocuğunun şimdiki yaşları farkının 9 katına eşittir. 8 yıl sonra, babanın yaşı çocuklarının yaşları farkının 11 katına eşit olacaktır. Buna göre, babanın şimdiki yaşı kaçtır?",27,36,40,45,48,B
508edcc0-38f0-5950-ae98-e4eee54bdc2d,MATEMATIK,"Bir $(a_n)$ geometrik dizisinin herhangi üç terimi $\sqrt{61}-2\sqrt{3}$, $7$ ve $\sqrt{61}+2\sqrt{3}$ şeklindedir. Buna göre, bu üç terim sırasıyla aşağıdakilerden hangisi olabilir?","$a_3, a_5, a_9$","$a_7, a_9, a_{11}$","$a_9, a_{10}, a_{12}$","$a_{11}, a_{14}, a_{16}$","$a_{13}, a_{16}, a_{20}$",B
2fd63f1b-39d1-5483-ba07-ea48c8f6dc96,TARIH,"Hristiyanlığı yaymak isteyen Hristiyan misyonerler genç ne-
sillere fikirlerini aşılamak, kültürel etkileşimi sağlamak için
yaygın bir biçimde Osmanlı ülkesinde okullar açmaya baş-
lamıştır.
Bu doğrultuda Osmanlı topraklarında açılan ilk Fransız
ve ilk Amerikan okulu aşağıdakilerden hangisinde bir-
likte verilmiştir?",Sainte Pulcherie Fransız Lisesi - Tarsus Amerikan Koleji,Saint-Benoît Fransız Okulu - Harput Amerikan Koleji,Galileo Galilei Lisesi - İzmir Amerikan Koleji,Saint Joseph Fransız Lisesi - Robert Lisesi,Paris Koleji - Üsküdar Amerikan Koleji,A
15461206-335c-5911-9d79-827889077e03,MATEMATIK,$|x|+|-x|-|-2x|=24$ denklemini sağlayan $x$ değerlerinin çarpımı kaçtır?,-4,-16,-36,-64,-100,C
c0913d65-fa2b-5ff5-a6e2-709908e8fec4,MATEMATIK,"$a$ ve $b$ gerçek sayılar olmak üzere,
$4 < a < 2$
$3 > b > 2$
olimits
olduğuna göre, $a^2 + b^2$ nin en büyük tam sayı değeri kaçtır?",12,13,25,24,26,C
ea1f426d-41fe-52d4-a6ab-94c4c945efe6,BIYOLOJI,"Çürükçül beslenen canlılar için, I. Bazıları ökaryot bazıları prokaryot hücre yapısına sahiptir. II. Gelişmiş hücre dışı enzim sistemine sahiptirler. III. Organik hayvan ve bitki atıklarını inorganik maddelere ayrıştıran canlılardır. yargılarından hangileri doğrudur?",Yalnız I,Yalnız II,Yalnız III,II ve III,"I, II ve III",E
c59fc712-d439-50a7-a7c4-bd606f266d2f,TURKCE,"Modern E sınıfı gemileri inanılmaz bir kapasiteye sahip çok büyük konteyner gemileridir. İnşa edildiklerinde 389,2 metrelik uzunlukları ile dünyanın en büyük gemileriydiler. Ancak Globe gemilerinin inşası ile birlikte bu özelliklerini kaybettiler. Modern E-ilk siparişini 2011 yılının Şubat ve Haziran ayları arasında, 2 Kore firmasına 3 milyar 800 milyon dolarlık rekor bir rakamla vermiştir. Modern E isimli ekonomik, ergonomik ve ekolojik diye tanımlanabilecek yeni nesil teknolojik imkânların kullanıldığı bir gemidir. Bu gemiler tasarlanırken Asya-Avrupa hattının özellikle de Çin ihracatlarının Avrupa yönüne taşınmasında kullanılan 100 kadar geminin yerine kullanılması; daha hızlı, daha az karbondioksit salımı, yakıt tasarrufu yapması ve sürdürülebilir olması hedeflenmiştir.
Bu parçada söz edilen Modern E gemileri ile ilgili aşağıdakilerin hangisine değinilmemiştir?",Belli bir dönem dünyanın en uzun gemisi olduğuna,Siparişi için daha önce hiç görülmemiş bir rakam verildiğine,Çin'den Avrupa'ya ihraç ürünlerinin taşınması için tasarlandığına,Yakıt tasarrufu yapmak ve karbondioksit salımını en aza indirmek için üretildiğine,Ticari ulaşımda büyüklüğünden ötürü çok tercih edildiğine,E
867a900f-f2b5-5f0d-9dd2-3bc0ce351514,TURKCE,"(I) Uyuduğumuz ortam, fazla uyumanın nedenlerinden biridir. (II) Uyku süremiz normal olandan fazlaysa uyuduğumuz ortam da sıkıntı yaratır. (III) Genellikle televizyon karşısında bir kanepe üzerinde uyuyan insanların çok yorgun ve bitkin uyandıkları, bu nedenle de uykularını alamadıkları için daha fazla uyumak istedikleri görülmektedir. (IV) Bu nedenle daha sağlıklı bir uyku için mutlaka kendi odanızda ve yatağınızda uyumayı tercih etmelisiniz. (V) Uyuduğumuz yatağın rahat olması; çarşaf, yorgan ve yastık kılıflarının temiz olması sağlıklı bir uyku için önemlidir. (VI) Bu yüzden mutlaka kılıflarınızı düzenli bir şekilde değiştirmeli ve yıkamalısınız.
Bu parçadan numaralanmış cümlelerden hangisi çıkarılırsa parçanın anlamında önemli bir değişme olmaz?",I,II,III,IV,V,C
da6a5c6a-79a1-56bb-9dba-041256e45abd,KIMYA,"Kararlı hâldeki $_{29}\text{Cu}$ elementinin elektron dizilişindeki en son orbitali ile ilgili,
I. Baş kuantum sayısı $3$'tür.
II. d orbitalidir.
III. $10$ tane elektron içerir.
ifadelerinden hangileri doğrudur?",Yalnız I,Yalnız II,Yalnız III,I ve II,II ve III,E
024ef853-0ac2-51bf-98f9-e46dcd8e71c5,TURKCE,"Klasiği'nin eski şiir olduğunu idrak eden Yahya Kemal, Batı şiirini eski şiirimize göre önüne alarak değerlendirmiştir.
Bu cümledeki altı çizili söz öbeği cümlenin hangi ögesidir?",Belirtili nesne,Yer tamlayıcısı,Zarf tümleci,Edat tümleci,Belirtisiz nesne,C
1e67edbf-4f67-5779-b2b6-ecccc4199bb9,MATEMATIK,"$P(x)$ bir polinom olmak üzere $(x+1) \cdot P(x) = x^9 - 3x + c$ olarak veriliyor. Buna göre, $P'(1)$ kaçtır?",-8,-4,2,4,8,D
89712a41-84a5-5f0d-843a-7640a1406e5e,KIMYA,"LPG (sıvılaştırılmış petrol gazı) hacimce %70 oranında bütan ($C_4H_{10}$) ve %30 oranında propan ($C_3H_8$) gazlarını içerir. $C_4H_{10}$ gazının molar yanma entalpisi $-3000 \text{ kJ/mol}$'dür. $C_3H_8$ gazının molar yanma entalpisi $-2000 \text{ kJ/mol}$'dür. Buna göre normal koşullarda $22,4 \text{ litre}$ hacim kaplayan LPG tam verimle yakılırsa açığa çıkan ısı miktarı kaç kJ olur?",2100,2700,3200,3600,4200,B
809eff8f-e1b4-51db-bb19-263899a3f0bd,MATEMATIK,"Bir matbaada
• A makinasının 1 günde bastığı broşür sayısı, B makinasının 1 günde bastığının 2 katından 20.000 eksiktir.
• B makinası, 1 günde A'dan 10.000 eksik broşür basmaktadır.
Buna göre, A makinasının 1 günde bastığı broşür sayısı kaçtır?",50.000,30.000,60.000,40.000,80.000,A
0ddbcc72-f677-532c-9d9a-762425df7062,FIZIK,"Einstein'ın kütle-enerji eş değerliği formülü klasik fiziğin açıklayamadığı birçok olaya açıklık getirmiştir.
Buna göre,
I. madde ve antimaddenin birleşerek enerjiye dönüşmesi,
II. çekirdek dönüşümlerinde enerji ortaya çıkması,
III. bir fotonun uygun şartlar sağlandığında maddeye dönüşebilmesi
olaylarından hangileri kütle-enerji eş değerliği ile açıklanır?",Yalnız I,Yalnız II,I ve III,II ve III,"I, II ve III",E
11e74fdc-fa14-5ffd-af51-ef5878205945,TURKCE,"Kitabı defalarca okudum, kitap üzerine düşündüm. Her okumada oradaki şiirler beni farklı biçimde çarpıyordu. Şiirlerin mantığını, örgüsünü, edasını kavramaya çalışıyor; her defasında açıklayamadığım ama beni derinden etkileyen bir hisle kitabın başından kalkıyordum. Bu parçada ""düşünmek"" sözcüğü aşağıdaki anlamlardan hangisine karşılık gelecek şekilde kullanılmıştır?",Bir şeye karşı meraklı olmak,"İmge, hülya","Plan, tasarlamak","Tasalanmak, kaygılanmak","Aklından geçirmek, göz önüne getirmek",E
c534e8f1-565e-58c2-8221-7cc40a63a458,MATEMATIK,"İfadesinin eşiti aşağıdakilerden hangisidir?
$\int \frac{x^2(x-x)}{x^2} dx$",$x^2+c$,$2x+c$,$3x+\frac{1}{x}+c$,$3x-\frac{1}{x}+c$,$x^3+c$,A
dda23eb6-fd15-520e-a8e4-146eda22bf06,MATEMATIK,"$a = \sqrt{11} - \sqrt{10}$
$b = 3 - 2\sqrt{3}$
$c = \sqrt{7} + \sqrt{14}$
ifadelerinin doğru sıralanışı aşağıdakilerden hangisidir?",$a < b < c$,$a < c < b$,$b < c < a$,$d < a < c$,$b < a < c$,E
9f1e8036-d489-5fdb-aee7-f063b420d26c,FIZIK,Aşağıdakilerden hangisi dalgaların enerji taşıdığına kanıt olarak gösterilemez?,Tsunami,Geminin karaya vurması,Kasırga,Gökkuşağı,Hoparlörün patlaması,D
70988e91-240b-57c5-a834-2e87abb2f0a5,MATEMATIK,"Ayşe ile Fatma haftalık harçlıklarıyla ilgili aşağıdaki konuşmayı yapıyor. Ayşe: Benim paramla senin paranın toplamı 120 lira. Fatma: Paralarımızın sayısal değerlerinin çarpımı 3200 lira. Ayşe: O halde kaçar lira paramız olduğunu gösteren denklem $ax^2+bx+c=0$ dır. Bu konuşmaya göre, $\frac{b-c}{2a}$ işleminin sonucu kaçtır?",1120,1200,1250,1540,1620,C
533e4d15-e488-575b-80c5-bf9c9304cbe5,MATEMATIK,"$\frac{3\pi}{2} < x < 2\pi$ ve $\cos x = \frac{3}{5}$ olduğuna göre, $\tan x$ değeri kaçtır?",$-\frac{4}{3}$,$-\frac{3}{4}$,$-1$,$\frac{3}{4}$,$\frac{4}{3}$,A
9d72bbd5-adf2-516e-826c-167b67512384,KIMYA,Aşağıdakilerden hangisi organik temelli su kirleticilerden biri değildir?,Hidrokarbonlar,Aseton,Benzen,Yağlar,Piller,E
de9cc3bb-f50b-518b-bdb8-4c91750583e7,FIZIK,"Makinelerdeki sürtünme kuvveti makine çalıştığında parçaların aşınmasına neden olur. Bu durumu önlemek amacıyla makine parçaları yağlanır. Sürtünmeyi azaltıcı önlemlerin alınması, I. Birim zamanda açığa çıkan ısı enerjisi II. Makinenin verimi III. Enerji tasarrufu hangilerinin artmasını sağlar?",Yalnız I,Yalnız II,Yalnız III,II ve III,"I, II ve III",D
a55eb2ea-f98f-57f9-bbae-d0ead005a286,MATEMATIK,"İşlemlerin sonuçlarından biri aşağıdakilerden hangisi olamaz?
I. $\frac{1}{2} + \frac{1}{4}$
II. $\frac{1}{1} - \frac{1}{2}$
III. $\frac{1}{1} \cdot \frac{1}{2}$
IV. $\frac{1}{2} : \frac{1}{4}$",2,\frac{3}{4},\frac{1}{2},\frac{1}{4},\frac{1}{8},C
80bed89b-87b1-54b3-9d3a-d870d9b0b48d,MATEMATIK,"Aslı, saklama kapasitesi tamamen dolu olan telefonuna 4 GB büyüklüğünde bir uygulama indirmek istemektedir. Aslı'nın telefonunda; her biri 1 GB büyüklüğünde olan 5 tane, her biri 2 GB büyüklüğünde olan 4 tane, her biri 3 GB büyüklüğünde olan 3 tane olmak üzere, toplam 12 farklı uygulama bulunmaktadır. Aslı, bu 12 uygulamadan yalnızca 2 tanesini silerek telefonunda en az 4 GB büyüklüğünde yer açacaktır. Buna göre Aslı, sileceği 2 uygulamayı kaç farklı şekilde seçebilir?",36,40,42,48,50,B
eb76fe34-1c01-5fb4-919f-392123664b2a,BIYOLOJI,"Biyoloji, canlı bilimi olup canlılarla ilgili her şey biyolojinin ilgi alanına girer.
Buna göre, aşağıdakilerden hangisi biyolojinin ilgi alanına girmez?",Canlıların çeşitliliği,Doğadaki element çeşitleri,Genel kalıtım ilkeleri,Canlıların beslenme şekilleri,Doğadaki canlıların dağılımı,B
5f47d8f2-4b89-5057-94db-2320ff11329d,MATEMATIK,"Gerçel sayılarda integrallenebilen $y=f(x)$ ve $y=g(x)$ fonksiyonları için, $y=f(x)$ tek fonksiyondur. $y=g(x)$ çift fonksiyondur. $h(x)=f(x)+g(x)$'dir. Buna göre, I. $\int_{-1}^{1} h(x) dx = \int_{-1}^{1} g(x) dx$ II. $\int_{-1}^{1} h(x) dx = 2 \cdot \int_{0}^{1} g(x) dx$ III. $\int_{-1}^{1} h(x) dx = 4 \cdot \int_{0}^{1} g(x) dx$ ifadelerinden hangileri kesinlikle doğrudur?",Yalnız I,Yalnız II,I ve II,II ve III,"I, II ve III",C
e03c36c5-4a60-56e0-a34c-6af3ea923438,MATEMATIK,"Gerçel sayılarda tanımlı bir $f$ fonksiyonu için, • Her $x \in [-3, 7]$ için $f(x) = x^2+1$ • Her $x \in \mathbb{R}$ için $f(x) = f(x+25)$ olduğuna göre, $f(105)$ değeri kaçtır?",10,14,26,50,37,E
ddaad9ff-2264-50cd-98e4-e09ef97f8e4c,MATEMATIK,"Gerçel sayılarda tanımlı $y = f(x)$ fonksiyonu $f(x) = \log_5 x - \log_5 2$ biçiminde tanımlanıyor. $f(x)$ fonksiyonunun $y = x$ doğrusuna göre simetriği $g(x)$ fonksiyonu olduğuna göre, $g(1)$ kaçtır?",$-\log 5$,$-\log 2$,$\log 2$,$\log 5$,1,D
55bc0e5a-77a3-526f-928e-cca01ae0f9a6,KIMYA,"2, 2 - dimetil propanoik asit bileşiğinin yapı formülü aşağıdakilerin hangisinde doğru verilmiştir?",$CH_3-CH_3-COOH$,$CH_3-C(CH_3)_2-COOH$,$CH_3-CH_2-CH_2-COOH$,$CH_3-C(CH_3)H-COOH$,$HO-C(CH_3)_2-CH_2-OH$,B
002e584a-afd8-5a38-9149-9ac9dba7be58,BIYOLOJI,Oksijensiz solunum reaksiyonları için aşağıdaki bilgilerden hangisi yanlıştır?,"ETS'de son elektron alıcısı, O$_{2}$ dışında bir inorganik moleküldür.",Denitrifikasyon bakterileri tarafından gerçekleştirilebilir.,"Son elektron alıcıları sülfat, kükürt, nitrat, karbon dioksit veya demir olabilir.",Son ürünleri etil alkol ya da laktik asittir.,Oksijensiz solunumda üretilen ATP miktarı oksijenli solunumda üretilenden azdır.,D
a37d070c-6f1b-558b-9a15-dffe6b75534f,KIMYA,Aşağıdaki organik bileşik sınıflarından hangisi karbonil grubu (–C(=O)–) içermez?,Ester,Aldehit,Karboksilik asit,Keton,Alkol,E
aabfd802-6c02-50cd-99e5-ef7017699a58,MATEMATIK,"Bir stadyumdaki seyircilerin $\frac{2}{5}$'i maçı açık tribünde, kalan seyircilerin $\frac{2}{3}$'ü maçı kapalı tribünde, 900 seyirci ise maçı bu iki tribünden farklı bölüm olan locada izlemektedir. Buna göre, stadyumdaki seyirci sayısı kaçtır?",5000,4750,4500,4250,4000,C
6af20389-2f2a-53d2-aace-f99087b9d69f,TARIH,Osmanlı Devleti'nin kısa sürede büyümesinde ve üç kıtaya yayılmasında etkili olan birçok faktör vardır. Buna göre bu faktörlerden hangisi Osmanlı Devleti'nin jeopolitiği ile ilgilidir?,"Bizans'a yakın olup tarıma, ticarete, hayvancılığa uygun bir yerde kurulması",Merkeziyetçi bir devlet yapısına sahip olması,Adalet ve hoşgörü politikası,Balkanlarda uygulanan iskan politikası,"Başlangıçta eğitimli, otoriter tecrübeli padişah ve devlet adamlarının başa geçmesi",A
c5c76fe2-99f0-5608-9eb3-6210d9bb4bcc,MATEMATIK,"ln
1/e^2 + ln
√e işleminin sonucu kaçtır?",5/4,-5/2,-5/4,0,5/6,B
3a37811f-3a41-5d9a-bafd-7ae122ce7b73,MATEMATIK,"""SERPİL"" kelimesinin harflerinin yerleri değiştirilerek altı harfli anlamlı ya da anlamsız kelimeler yazılacaktır. Buna göre, yazılabilecek kelimelerin kaç tanesi R harfi ile başlar?",$6!$,$5!$,$3! \cdot 4!$,$4!$,$3!$,B
f650e06b-ed8d-5957-9448-68ca0273c9d0,TURKCE,"Bilim, sanat, meslek vb. alanlara özgü özel kavramları karşılayan sözcüklere terim denir.

Bitkiler hayatta kalmak ve gelişmek için çevrelerindeki
I
değişiklikleri algılamak ve hatırlamak konusunda benzersiz bir yeteneğe sahiptir. Bu süreç DNA ve histon proteinlerinin kimyasal modifikasyonuyla bağlantılı olup DNA'nın
II
hücre çekirdeği içinde paketlenme ve genlerin ifade edilme
III
şeklini değiştirir ve aynı zamanda epigenetik düzenleme
IV
olarak bilinir.

Buna göre bu parçadaki numaralanmış sözcüklerden hangisi terim anlamı taşımamaktadır?",I,II,III,IV,V,A
93cbd34e-4609-5124-af5c-edf15cd66a2a,KIMYA,"Periyodik sistemde değişen bazı özellikler aşağıda verilmiştir. I. Atom yarıçapı - İyonlaşma enerjisi II. Metalik aktiflik - Elektron ilgisi III. Elektronegatiflik - Ametalik aktiflik Buna göre, yukarıdaki çiftlerden hangilerinin genel değişim eğilimleri aynı periyot boyunca zıt yönlerdedir?",Yalnız I,Yalnız II,Yalnız III,I ve II,II ve III,E
c275c753-9902-591d-8c3c-587091a8b4be,MATEMATIK,"$f(x) = 3x - 1$ fonksiyonu veriliyor. Buna göre, $(fofof)(1)$ değeri kaçtır?",14,13,12,11,10,A
c267df42-7ab2-51b5-b320-985c9edf17c4,MATEMATIK,"$m$ ve $n$ birer gerçek sayı olmak üzere, $x^2+mx-n=0$ denkleminin çözüm kümesi $\{1, m\}$ kümesidir. Buna göre, $x^2+4mx-2n=0$ denkleminin çözüm kümesi aşağıdakilerden hangisidir?",$\{1\}$,"$\{-1, \frac{1}{2}\}$","$\{1, 2\}$","$\{-1, -\frac{1}{2}\}$",$\{2\}$,D
d80cb683-19ed-59df-b5b1-6474bbbe9fc0,KIMYA,"$X^a$ iyonundaki $a$ değerinin bulunabilmesi için; I. proton sayısı, II. elektron sayısı, III. nötron sayısı niceliklerinden hangilerinin bilinmesi yeterlidir?",Yalnız I,Yalnız II,I ve II,I ve III,"I, II ve III",C
a2ef6810-9e4f-50c4-a04a-4689ec10b06e,TURKCE,"Son dönemde özellikle inşaat işlerinde çalışmak için Tekirdağ'a yerleşen halkın mahalleleri farklıdır. Buralarda geleneğe yöreye özgü hayat tarzı ve geleneklerin izi sürülebilir. Kentin batısında Hayrabolu üzerinde yer alan Karadeniz mahallesinde, evler, birbirine oldukça uzak yapılmıştır. Geniş bahçeler, tarım için kullanılırken büyük ve küçükbaş hayvan da beslenir. Kent merkezinin üst kısımlarını bu mahalleler kaplarken sahil kesimindeki Dereağzı, Dağmuhacir, Ramazan gibi eski köyleri yeni mahallelere dönüşmüş. Trakya şehirlerinin genellikle girişlerinde son çeyrek yüzyılda gelişen mahallelerde, birbirine yakın ve çok apartmanlar görülür. Modern mimari, uzun bir zaman birbirine benzeyen yüksek kutuları yan yana dizmek olarak algılandığı için Tekirdağ'ın girişinde gelişen bu mahallelerden geçerken herhangi bir şehrin yeni yapılmış herhangi bir mahallesinde olduğunuzu hissedersiniz. Bu parçanın anlatımıyla ilgili olarak aşağıdakilerden hangisi söylenemez?",İki ilk cümlede dile getirilen düşünceyi sonraki cümlelerde kanıtlayan örnekler verilmiştir.,"Modern mimarinin algılanma biçimiyle ilgili, ironik bir anlatıma başvurulmuştur.",Modern mimarinin çeşitlilik arz eden bir yapılaşmaya yol açtığı dile getirilmiştir.,Amaç ve neden bildiren gerekçeli yargılara yer verilmiştir.,"Açıklayıcı, nesnel bilgiler yer almaktadır.",C
f25a1088-2712-5bc3-9d41-e6836402dc38,MATEMATIK,"$n$ doğal sayı olmak üzere $1$ den $n$'ye kadar olan sayıların toplamı biçiminde yazılabilen sayılara ""üçgensel sayılar"" denir. Tüm üçgensel sayılar küçükten büyüğe doğru bir $(a_n)$ dizisinin terimlerini oluşturduğuna göre, $\frac{a_9 - a_6}{a_5 - a_2}$ ifadesinin değeri kaçtır?",1,2,\frac{5}{2},\frac{3}{2},3,E
f76a865a-5304-5003-a781-bbd8aa4b4388,MATEMATIK,ln(x + 2) + ln(x - 2) = ln x + ln3 denkleminin çözüm kümesi aşağıdakilerden hangisidir?,{-1},"{-1, 4}",{4},"{-4, 1}",{\emptyset},C
504fdfd8-574b-5b1d-8ff6-bb7d67eb7268,MATEMATIK,I. $f(x) = \frac{x^2-16}{x-4}$ II. $g(x) = \frac{|x-4|}{4-x}$ III. $h(x) = \frac{\sqrt{x}-2}{x-4}$ fonksiyonlarından hangilerinin $x=4$ noktasında limiti vardır?,Hiçbiri,I ve II,"I, II ve III",Yalnız I,I ve III,E
0ea3d5c1-b3c5-56b8-8542-3fb4c1423853,MATEMATIK,$f(x) = \frac{\sqrt{x}}{x+1}$ fonksiyonu için $f'(1)$ değeri kaçtır?,$\frac{3}{4\sqrt{2}}$,$\frac{1}{2\sqrt{2}}$,$\frac{1}{\sqrt{2}}$,$\frac{3}{2\sqrt{2}}$,$-\frac{1}{3\sqrt{2}}$,A
a436d885-c715-5fa0-9928-fdba72a57aa4,MATEMATIK,"Düğün davetiyesi hazırlayan Burcu $0, 1, 2, 3, 4$ rakamlarını kullanarak davetiyelere üç basamaklı sayıları kod olarak yazmıştır.
Buna göre, davetiyelerde kullanılan kodlar farklı olmak üzere Burcu en fazla kaç davetiye hazırlamıştır?",48,60,80,100,125,D
29663d18-c2a4-5a89-a18f-833d643e8b57,MATEMATIK,"$x^2 - (m - 2)x + m - 10 = 0$ denkleminin reel kökleri olmadığına göre, $m$'nin alabileceği kaç farklı tam sayı değeri vardır?",8,9,10,11,12,B
069f0270-12d4-52d6-bf45-1316a8a52f7e,MATEMATIK,"$|x-a| \cdot (x^2-6x) < 0$ eşitsizliğini sağlayan $x$ tam sayılarının toplamı $11$'dir. Buna göre, $a$ kaçtır?",1,2,3,4,5,D
fef14893-600f-5353-9dd2-8b4f19395210,KIMYA,Aşağıdaki tepkimelerden hangisi oluşan madde için standart molar oluşum entalpisi tepkimesidir?,$2Fe_{(k)} + O_{2(g)} \rightarrow 2FeO_{(k)}$,$2NO_{(g)} + O_{2(g)} \rightarrow 2NO_{2(g)}$,$N_{2(g)} + 3H_{2(g)} \rightarrow 2NH_{3(g)}$,$H_{2(g)} + \frac{1}{2}O_{2(g)} \rightarrow H_{2}O_{(l)}$,$CaO_{(k)} + CO_{2(g)} \rightarrow CaCO_{3(k)}$,D
723a4515-fa36-56e6-8ad4-1b0f8722f8aa,MATEMATIK,"a, b, c birer tam sayı olmak üzere, $a \cdot b \cdot c$, $a+b \cdot c$, $a \cdot b \cdot a$ sayılarından yalnızca bir tanesi çift sayıdır. Buna göre, I. $a+b$ II. $b+c$ III. $a \cdot (b-1)$ ifadelerinden hangileri bir çift sayıdır?",Yalnız I,Yalnız II,I ve II,I ve III,II ve III,B
c6b20e84-af1b-5825-b628-0336bc77344b,EDEBIYAT,"Türk dünyasına bağlılığının düzyazılarında ve şiirlerinde dile getirildiği, Anadolu'nun birçok şehrini şiirlerinde işledi. Anadolu insanının çektiği sıkıntıları şiir-insan bağlantısı çerçevesinde ele aldı. Türklerin ana yurdunu Altay Dağları'ndan Tanrı Dağları'na kadar hayal edip Türkistan coğrafyasına gönül bağlılığını ve Türk dünyasının sıkıntılarını anlattı. Türk toplumunun hem sosyal hem de kültürel altyapısını gösteren mekânları şiirlerine taşıdı. Duvak ve Tekne şiir kitaplarından bazılarıdır.

Bu parçada söz edilen sanatçı aşağıdakilerden hangisidir?",Yavuz Bülent Bâkiler,Gültekin Samanoğlu,Mehmet Çınarlı,Mustafa Necati Karaer,Munis Faik Ozansoy,A
6f1c1e37-383e-57e7-94de-66bb0feb9bb7,MATEMATIK,"$A$ kümesi gerçek sayılar kümesinin bir alt kümesi olmak üzere, $f: A \to \mathbb{R}$'ye tanımlı bir $f$ fonksiyonu her $x \in A$ için, $f\left(x - \frac{\pi}{3}\right) = f(x)$ şartını sağladığına göre, $f$ fonksiyonu aşağıdakilerden hangisi olabilir?",$f(x) = \sin^2 x$,$f(x) = 3 - \tan^2 x$,$f(x) = 1 - \cot^2 x$,$f(x) = \sin^3 x$,$f(x) = 1 + \cos^2 3x$,E
e16b7595-e4c1-5f61-8b33-3e50863796d6,MATEMATIK,"Bir sınıfa $6$ kız öğrenci kayıt yaparsa sınıftaki öğrencilerin $\frac{1}{2}$'si kız öğrenci oluyor. Eğer sınıfa $6$ erkek öğrenci kayıt yaparsa sınıftaki öğrencilerin $\frac{1}{4}$'ü kız öğrenci oluyor. Buna göre, sınıf mevcudu kaçtır?",16,18,20,24,25,B
c7fef115-df11-59a4-9f21-e4bf88622b20,GEOMETRI,"ABC eşkenar üçgen, $B, F, D$ doğrusal, $|DE|=|BE|=|EC|=6$ cm, $|FD|=8$ cm. Yukarıdaki verilere göre, $|AF|=x$ kaç cm'dir?",$6\sqrt{2}$,9,$2\sqrt{21}$,10,11,D
fe22dc2c-5223-58f1-91a3-4791b5cd2204,MATEMATIK,"$a$ ve $b$ birer gerçek sayı olmak üzere, gerçek sayılar kümesi üzerinde sürekli olan $f$ ve $g$ fonksiyonları
$f(x) = \begin{cases} 2x-2, & x \le a \\ x-1, & x > a \end{cases}$
$g(x) = \begin{cases} ax^2+1, & x \le 1 \\ 3x-b, & x > 1 \end{cases}$
biçiminde tanımlanıyor.
Buna göre, $a \cdot b$ çarpımı kaçtır?",9,10,12,15,16,D
66509794-00cc-587a-a76d-d523d458cf74,BIYOLOJI,"Sağlıklı bir insanda hipofiz bezinden salgılanan tiroit uyarıcı hormonun (TSH) kandaki miktarının artışına bağlı olarak, aşağıda verilen değişikliklerden hangisi gözlenir?","Tiroksin miktarı: Azalır, Metabolizma hızı: Azalır, Solunum hızı: Azalır","Tiroksin miktarı: Artar, Metabolizma hızı: Azalır, Solunum hızı: Artar","Tiroksin miktarı: Artar, Metabolizma hızı: Artar, Solunum hızı: Azalır","Tiroksin miktarı: Artar, Metabolizma hızı: Artar, Solunum hızı: Artar","Tiroksin miktarı: Azalır, Metabolizma hızı: Artar, Solunum hızı: Artar",D
ed22e2b9-3fbb-5250-900d-9e0d337f3716,MATEMATIK,"Bir araç bir yolu saatte ortalama $60 \text{ km}$ süratle gidip aynı yolu saatte ortalama $90 \text{ km}$ süratle geri dönüyor.
Gidiş geliş sırasında toplam harcanan süre $15 \text{ saat}$ olduğuna göre, giderken harcanan süre kaç saattir?",6,7,8,9,10,D
f4c94517-77d9-55a4-9abd-169267929e9b,TURKCE,"(I) Sezai Karakoç, Hristiyan sanatı ncaki sağlıksızlığa mukabil İslam sanatının dinle münasebetini belirgin çizgilerle tayin ettiğini belirtir. (II) Moğolistan'da ilkel arasında mukayese yapan yazar, İslam sanatı ile Hristiyan sanatının farkını maksatta bulur. (III) İslam sanatında din, sanatın kaynağıdır. (IV) Bu da sanatsal gerçekliğin dinî yaklaşımlarına yol açmıştır. (V) Oysa İslam kültüründe din sanatın emrinde yahut güdümünde değildir. Bu parçadaki numaralanmış cümlelerin hangisinden sonra ""Hristiyan sanatında ise din, sanatın içinde eriyen diğer malzemeler gibi bir unsurdur."" cümlesi getirilebilir?",I,II,III,IV,V,E
bf28f6dd-952a-5dfa-912b-666ed5cea974,MATEMATIK,"Bir kitaplığın raflarından birinde 6 tanesi mavi, 2 tanesi kırmızı olmak üzere toplam 8 kitap vardır. Bu 8 kitap belirli bir sıra ile yan yana dizildikten sonra bu raftan art arda gelen herhangi üç kitap alındığında, alınan kitapların yalnızca bir tanesinin kırmızı olma olasılığı $\frac{1}{7}$ olmuştur. Buna göre, bu kitapların rafta yan yana dizilimi aşağıdaki seçeneklerin hangisinde belirtildiği gibi olabilir?",Kırmızı kitapların biri en sağda diğeri soldan ikinci sıradadır.,Kırmızı kitaplar rafın en solunda yan yanadır.,Kırmızı kitaplar yan yana olup birinin solundaki kitap sayısı diğerinin sağındaki kitap sayısına eşittir.,Kırmızı kitapların biri en solda diğeri soldan dördüncü sıradadır.,Kırmızı kitapların biri soldan üçüncü diğeri soldan altıncı sıradadır.,E
b14219f8-a3d6-5521-8bee-320e29c7f617,MATEMATIK,"1. deney: Bir madeni para atılıp üst yüze gelen sonuca bakılması
2. deney: Bir zar atılıp üst yüze gelen sonuca bakılması
3. deney: İçinde 2 mavi, 2 beyaz bilye olan torbadan, çekilen bilye torbaya geri konulmadan, art arda iki bilye çekme
deneylerinde aşağıdaki olaylar tanımlanmıştır.
I. deneyde: A, paranın yazı gelmesi
II. deneyde: B, zarın 4'ten küçük gelmesi C, zarın 4'ten büyük gelmesi
III. deneyde: D, birinci çekilen bilyenin mavi olması E, ikinci çekilen bilyenin mavi olması
Buna göre,
I. B ve C aynı olaylardır.
II. A ve B bağımsız olaylardır.
III. D ve E bağımlı olaylardır.
yargılarından hangileri doğrudur?",Yalnız I,Yalnız II,Yalnız III,I ve II,"I, II ve III",E
94b2859f-51d3-5f76-8b94-ad0fb4134eeb,MATEMATIK,"Bir iş yerinde ustalar günde 2 tane, çıraklar günde 1 tane takım elbise dikebiliyor. Bu iş yerinde günde 73 tane takım elbise üretildiğine göre, I. Ustaların sayısı bir çift sayıya eşittir. II. Çırakların sayısı bir tek sayıya eşittir. III. Çırakların sayısı ustaların sayısından fazladır. bilgilerinden hangileri kesinlikle doğrudur?",Yalnız I,Yalnız II,I ve II,II ve III,I ve III,B
8d824a3c-5411-55fd-a6cc-e8352b440eaa,EDEBIYAT,"Rıza: Sana kızıyorum. Bir türlü adam olmadın. Kardeşimin, yükselmeni isterim. Bir kendi hâline bak, bir de benimkine...
İsmail: Ben hâlimden memnunum.
Rıza: Memnunmuş! Açlıktan nefesin kokuyor. Hâlbuki ben seni neler yapabilirdim.
İsmail: Mülkiye mezunu değilim.
Rıza: Neler mi? Çok şeyler... Partide herkes beni sever. Bir dediğimi iki etmezler. Banka müdürü yapardım. İsmail: Para işlerinden hiç anlamam.
Rıza: Aptal. Sanki bütün banka müdürleri para işinden anlarmış gibi... Vali yapardım.
İsmail: Mülkiye mezunu değilim.
Rıza: Bütün valilerin mülkiye mezunu olduklarını sana kim söyledi? Mülkiye mezunu olanlar nahiye müdürüdür. Yönetim kurulu üyesi yapardım, mesela Deniz Yollarına...
İsmail: Tamam, çok münasip... Şuyu bardakta görmüş bir adam denizcilikten çok anlar ya!
Rıza: Vay beyim, vay. Deniz Yolları Yönetim Kurulu üyeliğiyle denizciliği mi alacaksın? Bana bak, hiçbir iş için yapamam demeyeceksin, anladın mı? Eğer, her mesleğin başına o meslekten yetişmiş bir adam getirilirse bunca genel müdür, bunca müdür, bunca şef ne olacak? Zaten senin niyetin bütün bu masum memleket evlatlarını açlıktan öldürmek.
Bu parçada eleştirilen tutum aşağıdakilerden hangisidir?",Bürokrasinin her işte etkinliğini göstermesi,Devlet yönetiminde liyakatsiz kişilerin yer alması,Siyasi hadiselerin toplumun her kesimini etkilemesi,Vatandaş ile devlet arasında uçurum olması,Devlet yönetiminde yer almanın kolay olması,B
0117658b-e623-5d20-907e-d1324d573fe2,MATEMATIK,"$1 - 2sin^2x = sin(3x + 10^\circ)$ denkleminin $(0, 90^\circ)$ aralığındaki kökler toplamı kaç derecedir?",92,94,96,98,184,E
f2b102b1-9bc3-5d63-9d76-b0ccd720984e,TURKCE,"Muhabir: -----
Yazar: -Yazar özgürdür. Ona öncelikle bulunmak özgürlüğünü kısıtlamak olur. Ayrıca öneri ve yardımlarla yazılanlar, yazarın özgünlüğünü de yok eder. Ben de bir romana başlarken ilk tümcede epey zorlanıyorum. Sonra her şey yerine oturuyor. Önce içimden geldiği gibi yazıyorum. İlerideki okumalarımda beğenmezsem yeni tümceler kuruyorum. Yazı akıp gidiyor.
Muhabir: -----
Yazar: -Günümüz gençlerine tavsiyede bulunmak bana göre değil. Çünkü böyle bir eylemi hiç sevmezler. Sadece hayata hazırlanırken kitaplardaki dünyaları, insanları, olayları, sorunları, hayal kurmayı, özgün hedefler edinmeyi ıskalamamalarını önerebilirim. Ve sevgiliyi yaşam boyu ekmeklerine katık etmelerini dilerim.
Bu diyalogda boş bırakılan yerlere aşağıdakilerden hangisi sırasıyla getirilmelidir?","I. Yazmaya yeni başlayanların mutlaka yapması gereken çalışmalar nelerdir?
II. Bugünün gençlerine tavsiye edeceğiniz ilk şey ne olurdu?","I. Yazar, eserini oluştururken kendini baskı altında hisseder mi?
II. Genç şairlerin yazma serüvenlerine etkide bulunacak öğütleriniz nelerdir?","I. Yazmak isteyen ancak nasıl yazmaya başlaması gerektiğini bilmeyenler için tavsiyeleriniz var mı?
II. Günümüzün gençliğine üç tavsiye verecek olsanız bunlar ne olurdu?","I. Yazarın eser verirken çevrenin esareti altında olduğunu söyleyebilir miyiz?
II. Günümüz gençlerine tavsiyede bulunmamanızın bir nedeni var mı?","I. Yazar özgür müdür yoksa taşıdığı sorumluluğun esiri midir?
II. Günümüz yazarları hakkında dikkatinizi çeken belli başlı özellikler var mı?",A
2be279ac-c358-54fc-a092-b4145bfdacf9,KIMYA,Periyodik cetvelde yer alan bloklarla ilgili; I. s bloku elementlerinin tamamı küresel simetriktir. II. d bloku elementlerinin tamamı metaldir. III. p blokunda metal bulunmaz. yargılarından hangileri doğrudur?,Yalnız I,Yalnız II,I ve II,I ve III,"I, II ve III",C
a06415d0-a855-5608-8641-74433fd4b1a1,MATEMATIK,"$i^2 = -1$ olmak üzere, $\sqrt{-a^2} + \sqrt{(a-b)^2} = 4 + (2-a)i$ olduğuna göre, $a \cdot b$ çarpımı aşağıdakilerden hangisi olabilir?",5,6,8,10,12,B
5cd71425-a773-57c5-a200-1dfd77108b45,MATEMATIK,"$x$, $1$'den farklı pozitif gerçek sayı olmak üzere, $\log_x(y+3)=1$ ve $\ln(\log_x y)=2$ eşitlikleri veriliyor. Buna göre, $y$ gerçek sayısı kaçtır?",$e^{(e^2)}$,$e^2$,$e^{(e^2-3)}$,$e^{(e^2+3)}$,$e^{(e^2-1)}$,A
02b84447-0fb5-5258-844d-3cdd3ff59c74,MATEMATIK,"Dört yıl arayla doğmuş üç kardeşin yaşları toplamı 48'dir. Buna göre, küçük kardeşin yaşı kaçtır?",18,61,14,12,9,D
d70c03e0-4d3b-54dc-9348-93995af9a35c,MATEMATIK,$(\log_3 x)^2 - 3\log_3 x - 4 = 0$ denkleminin kökler çarpımı kaçtır?,-4,-3,3,9,27,E
ed8ae8ef-b8be-5609-b0d8-064d1658fecf,MATEMATIK,İşleminin sonucu kaçtır? $\frac{\sqrt{\frac{1}{4}} + \sqrt{\frac{1}{25}}}{\sqrt{\frac{1}{16}} + \sqrt{\frac{1}{36}}}$,"0,1","0,3","0,4","0,6","0,9",D
d6c5e485-ed08-5b8f-b4dd-a69df5bc3ed6,TURKCE,"Kavram alanı, ""Birbiriyle ilişkili, birbirine yakın ve eş anlamlı kavramların içinde bulundukları alan."" biçiminde tanımlanmaktadır. Kavram alanı kuramında sözcükler arası ilişki önemlidir. Bu açıdan kavram alanı, sözcüklerin anlam ilişkilerinin oluşturduğu bütünlük biçiminde ele alınmaktadır. Kavram alanı, Jost Trier ile kuram hâline gelmiştir. Trier, dildeki sözcüklerin ayrı ayrı incelenmesine karşı çıkarak sözcüklerin ancak birbiriyle yakın ve ilişkili bulundukları diğer öğeler ile kesin bir anlam taşıyabildikleri tezini savunmaktadır. Buna göre sözcüklerin kavramsal değeri ancak bulundukları alan içerisinde belirlenebilmektedir. Leo Weisgerber, kavram alanlarının temellerini oluşturan dilsel ögeleri; insan zihninin dış dünyadan kavrayıp aldığı, gerçeği kendine özgü bir biçimde algıladığı nesneler olarak tanımlamaktadır. Buna göre dilsel ögeler, belirli anlam bilimsel ve zihinsel algı veya düşüncelerin belirli ses bilgisel, biçim bilgisel ve söz dizimsel kurallar çerçevesinde söz biçimine dönüştürülmüş hâlidir.
Bu parçadan hareketle
I. Kavram alanını kuramsallaştıran kişi, sözcükleri birbiriyle ilişkileri bakımından incelemiştir.
II. Leo Weisgerber, kavram alanlarının kavram değerini tespit etmiştir.
III. Trier'e göre sözcüklerin kavram değerleri ancak bulundukları bağlam içinde değerlendirilebilir.
ifadelerinden hangilerine kesinlikle ulaşılabilir?",Yalnız I,Yalnız II,I ve II,I ve III,II ve III,D
113329cf-b173-5e9a-a253-bb45edc68d7c,FIZIK,Aşağıda fiziğin kullanım alanları ile ilgili bazı olaylar verilmiştir. I. Gemilerin pusula ile yön bulması II. Telgraf ile mesaj gönderilmesi III. Hızlı trenlerin çalışma prensibi IV. Bir tenisçinin raketle topa vurması V. İnşaatta makara sistemi ile tuğla çıkartılması Verilen olaylardan kaç tanesi elektromanyetizma ile ilişkilidir?,1,2,3,4,5,C
11e50ba8-531b-53a9-8709-da51ac94bb67,MATEMATIK,"Buket ve Soner'in yazdığı sayıları Fikri küçükten büyüğe doğru sıralayacaktır. Örnek: Buket 1 ve 5 sayılarını, Soner 0 ve 8 sayılarını yazdığında, Fikri 0, 1, 5, 8 sayılarını yazmaktadır. Buna göre, Buket: $2^1, 2^2, 2^3, ..., 2^{10}$ Soner: $3^1, 3^2, 3^3, ..., 3^{10}$ sayılarını yazdığında Fikri'nin yazacağı son beş sayıdan kaç tanesi Soner'in yazdığı sayılardan olur?",1,2,3,4,5,D
5bb52477-7c56-5265-bd86-265b0085c1a7,MATEMATIK,"Gerçek sayılar kümesi üzerinde $f$ ve $g$ fonksiyonları $f(x)=\frac{x-2}{2}$ ve $g(x)=3x+3$ biçiminde tanımlanıyor. $f(2a)+g(1-a)=7$ olduğuna göre, $g(a)$ kaçtır?",-2,-1,0,1,2,B
3b7b9d1f-cf6c-58c6-9851-5860126226d5,EDEBIYAT,"I. Ahvâl-i cihan her zaman söyleselim
Amma gam-ı aşkımız nihan söyleselim
Ey vâkıf-ı râz-ı aşk olan ârif-i can
Ney gibi senîlo bî-zeban söyleselim
II. Bülbül yetişir bağrımı hun etti figanın
Zabt eyle dehânın
Hançer gibi doldu ciğerim tîğ-ı zebanın
Te'sîr-i lisânın
Aşağıdaki özelliklerden hangisinin numaralanmış şiirler için ortak olduğu söylenebilir?
A) Nazım birimi
B) İşlenen konu
C) Tema
D) Şiir geleneği
E) Nazım biçimleri",Nazım birimi,İşlenen konu,Tema,Şiir geleneği,Nazım biçimleri,C
e33e1023-1c9d-5946-ad27-6915ac1b0078,MATEMATIK,"Uygun koşullarda tanımlı $f$, $g$ ve $h$ fonksiyonları için $f\left(\frac{f}{g}\right)(x)=(h\cdot g)(x)$ $h(1)=2$ $g(1)=6$ olduğuna göre, $f^{-1}(16)$ kaçtır?",1,2,3,4,6,A
5928945f-f8d6-5b57-bb99-8b074fff1b45,TARIH,"Buna göre Montrö Antlaşması'nın imzalanmasında; I. İtalyanların Habeşistan'a saldırması, II. Almanya'nın Fransa'yı işgali, III. devletlerin yeniden silahlanmaya başlaması durumlarından hangileri etkili olmuştur?",Yalnız I,Yalnız II,I ve II,I ve III,"I, II ve III",D
37c06fcf-718c-5b0b-8689-5fc50ec30a6d,MATEMATIK,$\frac{\sin^2 \alpha + 2\cos^2 \alpha - 1}{1 - \sin^2 \alpha}$ ifadesinin eşiti aşağıdakilerden hangisidir?,-1,0,1,$\sin^2 \alpha$,$\cos^2 \alpha$,C
ea21937b-0917-5ab9-a945-2e27ea6969b6,MATEMATIK,"$f(x)=x^3-x+1$ eğrisine, üzerindeki $x=1$ apsisli noktadan çizilen teğet doğrusu, eğriyi teğet olduğu nokta dışında hangi apsisli noktada keser?",$1$,$0$,$-1$,$-2$,$-4$,D
3d9c36bb-21fa-5d26-9c02-a50b573b55ac,COGRAFYA,"Bir Türkiye fiziki haritasında ölçeğin değişmesi durumunda yukarıdakilerden hangilerinde herhangi bir değişiklik olmaz?
I. Ayrıntıyı gösterme gücü
II. Hata payı
III. Gerçek alan
IV. Ölçeğin paydası
V. Yükselti değerleri
VI. Enlem ve boylam değerleri
VII. Kâğıt üzerinde kapladığı alan","I, II ve V","I, VI ve VII","II, IV ve VI","III, IV ve VII","III, V ve VI",E
78e18860-e297-5758-9895-f54f611ed328,KIMYA,"$m$ gram $CH_3OH$ molekülünün $24$ gram $O_2$ ile artansız tepkimesi gerçekleşiyor.
Buna göre,
I. $m = 16$ gramdır.
II. $22$ gram $CO_2$ oluşur.
III. Tepkime sonunda toplam $1,5$ mol ürün oluşur.
IV. $3$ mol atom içeren $H_2O$ oluşur.
yargılarından hangileri doğrudur?
(Mol kütleleri: H: $1$, C: $12$, O: $16$)",Yalnız I,I ve II,II ve III,II ve IV,"I, II, III ve IV",B
13573bd2-30fa-5ca3-ad26-0caf3b0066dd,MATEMATIK,"$a=\frac{19}{13}$, $b=\frac{17}{11}$, $c=\frac{37}{31}$ olduğuna göre, aşağıdaki sıralamalardan hangisi doğrudur?",$a<c<b$,$a<b<c$,$b<a<c$,$c<a<b$,$c<b<a$,D
8dbb3c9f-3e27-5767-8ec8-b3ed5f1a7124,MATEMATIK,"A, B ve C ülkelerinden olimpiyatlara katılan kadın ve erkek sporcuların sayılarıyla ilgili aşağıdaki bilgiler verilmiştir.
* A ülkesinden katılan kadın sporcuların sayısı B ve C ülkelerinden katılan erkek sporcuların toplam sayısına eşittir.
* C ülkesinden katılan erkek sporcuların sayısı B ülkesinden katılan kadın sporcuların sayısına eşittir.
* C ülkesinden 40 sporcu katılmıştır.
* A ülkesinden katılan erkek sporcuların sayısı C ülkesinden katılan erkek sporcuların 5 katına eşittir.
* Bu üç ülkeden katılan tüm kadın sporcuların sayısı, tüm erkek sporcuların sayısına eşittir.
Buna göre, B ülkesinden katılan kadın sporcu sayısı kaçtır?",5,6,8,10,12,D
fb0bab0b-aa99-55c6-b7f9-9e633a4c4901,EDEBIYAT,"I. Hiçbir şeyden çekmedi dünyada
Nasrdan çektiği kadar
Hatta çirkin yaratıldığından bile
O kadar müteessir değildir
II. Bülbülün aşkıdır dalda öttüğü
Çobanın sütedir koyun güttüğü
Toprağın Habili'i kabul ettiği
Şüphesiz yüzünün yumuşaklığından
III. Sabahtan uğradım ben bir fidana
Döktüm mahmur musun dedi ki yok yok
Ak elleri boğum boğum kınalı
Döktüm bayram mıdır dedi ki yok yok
IV. Yaşamak güzel şey doğrusu
Üstelik hava da güzelse
Hele gücün kuvvetin yerindeyse
Elin ekmek tutmuşsa bir de
Numaralanmış dizelerden hangisi biçim, içerik ve dil yönüyle incelendiğinde ""Garip Hareketi (I. Yeni)"" şiir anlayışı içerisinde düşünülemez?",Yalnız II,Yalnız III,I ve II,II ve III,III ve IV,A
1b824cea-a046-5464-9238-53e333427532,MATEMATIK,"Gerçel sayılar kümesi üzerinde tanımlı bir $f$ fonksiyonu $f(x)=|x-k| \cdot |x-m| \cdot |x-n|$ biçiminde tanımlanıyor. $k<n<m$ olmak üzere, I. $f'(k) \cdot f'(m) < 0$ II. $f'(m) - f'(n) > 0$ III. $f'(k) + f'(n) < 0$ ifadelerinden hangileri kesinlikle doğrudur?",Yalnız I,Yalnız II,I ve II,II ve III,"I, II ve III",E
5be072af-8e4c-51e1-8a09-acaff5a50130,MATEMATIK,"Gerçel sayılarda tanımlı, $f(x) = \frac{1}{3}(m-3)x^3 - m x^2 - x + 1$ fonksiyonunun her $x$ gerçel sayısı için teğetinin eğim açısının geniş açı olmasını sağlayan $m$ gerçel sayısı hangi aralıkta olmalıdır?","$(-6, \infty)$","$[-2, 3]$","$(-6, 2)$","$(-2, 3]$","$[3, \infty)$",C
f9008b71-cb52-5c1b-9845-5b7172847c44,MATEMATIK,"Gerçek sayılar kümesinde tanımlı $f$ fonksiyonu her $x$ için, $-6 \le f(x) \le -1$ eşitsizliklerini sağlıyor. $|f(x)| - f(x)$ fonksiyonuna üzerindeki $(3, 7)$ noktasında teğet olan doğru $(4, -3)$ noktasından geçtiğine göre, $f'(3)$ kaçtır?",2,3,4,5,6,B
ddf7702b-89bb-5d3f-bdf4-40b1eb42b08f,EDEBIYAT,"Nazar kılmazsın ehl-i derd gözden akıdan seyle
Yamanırken işin uşşak ile yahu mıdır söyle
Gel Allah'ı seversen âşıka cevr etme lütf eyle
Gözüm canım efendim sevdiğim devletlü sultanım
Biçim ve içerik özellikleri dikkate alındığında bu dizelerin aşağıdaki nazım şekillerinden hangisine ait olduğu söylenebilir?",Gazel,Mesnevi,Murabba,Kıta,Müstezat,A
cc97bc82-ea9d-5b10-aa6f-bc5815ca9c02,MATEMATIK,"Survivor ödül oyununda ünlüler takımından 3, gönüllüler takımından 3 yarışmacı karşı karşıya gelecektir. Yarışmalar 2 etapta yapılıp her etapta her iki takımdan 2'şer yarışmacı her bir yarışmacı diğer takımdan bir yarışmacı ile eşleşerek karşı karşıya gelecektir. 1. etapta oynamayan oyuncu 2. etapta mutlaka oynamak zorunda olduğuna göre, bu 2 etap yarışma kaç farklı şekilde yapılabilir?",$6^3$,$6^4$,$6^2$,$3 \cdot 6^2$,$12^2$,B
eed29ebb-62d2-5c23-88c8-210a90295444,MATEMATIK,Karmaşık sayılar kümesinde $\frac{i(3i)(2i)}{(2-i)(2+i)}$ işleminin sonucu kaçtır?,4,5,10,2i,5i,A
1eb5f81e-7913-5579-8d6f-5257144d03a4,MATEMATIK,"Bir üçgenin iç açılarının ölçüleri toplamı $180^\circ$'dir. Bir üçgenin iç açılarının ölçüleri $9$ ile tam bölünebilen iki basamaklı $ab$, $7b$ ve $cd$ sayılarıdır. Buna göre, bir dar açısının ölçüsü $cd$ olan bir dik üçgenin diğer dar açısının ölçüsü kaç derecedir?",18,27,36,45,54,C
5812dfe4-e44e-5690-951a-0ad4daf1042f,MATEMATIK,"İkinci dereceden bir $P(x)$ polinomu için,
$P(2) = P(3) = 0$
olimitsolmak üzere,
$\int_{1}^{2} \frac{P(x)}{x-2}dx = 5$
olimitseşitliği veriliyor.
Buna göre,
$\int_{1}^{2} \frac{P(x)}{x-3}dx$
integralinin değeri kaçtır?",7,6,5,4,3,E
4e31bbbd-a862-5c13-a5c5-b5d0bb4ca5fe,MATEMATIK,"$a,b \in \mathbb{Z}^{+}$, $2,\overline{38}$ sayısı $\frac{a}{b}$ şeklinde yazılırsa $a+b$ toplamı en az kaç olur?",51,61,71,91,101,B
a8a84325-037f-577e-b04c-62cfcf541729,MATEMATIK,"$x > 0$ olmak üzere, $f(x^2 - 2x) = x^3 - 3x^2 + 2x - 3$ olduğuna göre, $f'(3)$ değeri kaçtır?",$-\frac{11}{4}$,$-\frac{11}{2}$,$\frac{5}{2}$,$\frac{11}{4}$,$\frac{11}{3}$,D
86c4898a-4153-5857-8a0d-8dfafa8785e8,MATEMATIK,"İlk indirimden sonra %16 daha indirim isteyen bir müşterinin istediği kabul edilirse toplamdaki indirim oranı %37 oluyor. Buna göre, ilk indirim yüzdesi kaçtır?",20,22,24,25,27,D
16386ee9-38cd-5a76-ac1b-c6866c3e9627,MATEMATIK,"Hem benzin hem de LPG ile çalışabilen bir araç 1 litre benzinle 16 km, 1 litre LPG ile 12 km yol gidebilmektedir. Aracın benzin deposu 40 litre, LPG deposu 24 litre yakıt alabilmektedir. Her iki deposu dolu iken yola çıkan bu araç benzin deposunun $\frac{3}{8}$'ini, LPG deposunun $\frac{5}{6}$'sını kullanarak en fazla kaç km yol gidebilir?",450,480,500,540,600,D
6a06a976-0fa8-56b1-9004-9e8b00445488,MATEMATIK,"$y+|x|=-2$ ve $5y-|3x|=16$ olduğuna göre, $\frac{|x+y|}{|x|+|y|}$ ifadesinin değeri aşağıdakilerden hangisi olabilir?",4,2,$\frac{1}{3}$,$\frac{1}{4}$,$\frac{1}{2}$,C
151699ef-0e31-5f83-bb7e-fea19a3e2336,MATEMATIK,"Bir bahçede aynı hizada bulunan dut, erik, kayısı ve vişne ağaçları hakkında aşağıdaki bilgiler bilinmektedir. Ağaçlar soldan sağa doğru dut, erik, kayısı ve vişne şeklinde sıralanmıştır. Dut ile kayısı ağaçları arasındaki uzaklık 19 metredir. Erik ile vişne ağaçları arasındaki uzaklık 23 metredir. Dut ile vişne ağaçları arasındaki uzaklık 35 metredir. Buna göre, erik ile kayısı ağaçları arasındaki uzaklık kaç metredir?",7,8,9,10,11,A
01620938-4d6c-55fa-82f7-fbdd84a91454,GEOMETRI,"ABCD dörtgeninde K, L, M bulundukları kenarların orta noktalarıdır.
$KM \perp KL$, $|AC| = 6$ birim, $|DB| = 4$ birim
Buna göre, $|ML|$ kaç birimdir?",$\sqrt{10}$,$\sqrt{11}$,$\sqrt{13}$,$\sqrt{14}$,$\sqrt{15}$,C
1874aeca-0cee-555f-9094-179242b7bc59,KIMYA,"Nötr $_{23}V$ elementi atomu ile ilgili,
I. Periyodik tabloda 4. periyot, 5. grupta (VB) bulunur.
II. Elektron dizilimi $4s^2 3d^3$ ile sonlanır.
III. Küresel simetri özelliği gösterir.
yargılarından hangileri doğrudur?",Yalnız I,Yalnız II,I ve II,I ve III,"I, II ve III",C
af5208aa-9397-52fe-be0f-bcc1180d7499,MATEMATIK,"$P(-x) = -x^3 - ax - b$ polinomu veriliyor. $P(x)$ polinomunun $x+1$ ile bölümünden kalan $6$'dır. Buna göre, $a-b$ farkı kaçtır?",-7,-6,-5,-4,-3,B
11f85e0c-8caf-5903-a8ef-130c784401ad,MATEMATIK,$(x-2) \cdot (x-5) \le |x-2|$ en geniş çözüm aralığında bulunan tam sayıların toplamı kaçtır?,20,18,16,14,12,A
1213d3b0-b4bb-5544-bb3e-b50e181fb606,MATEMATIK,"$f(x) = 3x^3 + kx^2 - 9x - 2$ fonksiyonunun $x = 3$ için ekstremumu olduğuna göre, $k$ kaçtır?",6,12,-6,3,-12,E
ef416b25-18c6-50e2-a427-afd78eed9e08,GEOMETRI,"$(x-2)^2+(y-2)^2=36$ çemberine $A(8,-6)$ noktasından çizilen teğetin uzunluğu kaç birimdir?",6,8,12,16,24,B
74704a3a-3fc1-5ca0-bac4-33132a8f9a4e,KIMYA,$2CO_{2(g)} \rightleftharpoons 2CO_{(g)} + O_{2(g)}$ $K_{c_1} = 16$ $CO_{(g)} + \frac{1}{2}O_{2(g)} \rightleftharpoons CO_{2(g)}$ $K_{c_2} = \frac{1}{4}$ Yukarıda verilen tepkimelere göre aynı şartlarda $C_{(k)} + \frac{1}{2}O_{2(g)} \rightleftharpoons CO_{(g)}$ tepkimesi için denge sabiti $K_c$ kaçtır?,1,2,4,8,64,B
405f6bc6-cc40-5f5c-affc-3a16debf130c,MATEMATIK,$|5| - |2| + |-8| \over |-2| - |1| - |-4| $ işleminin sonucu kaçtır?,1,2,3,4,5,B
7af7ff0b-5cec-5244-a0bf-4d7651a79d4e,KIMYA,Aşağıda verilen bazı temizlik maddeleri ve formüllerinden hangisi yanlıştır?,Beyaz sabun $C_{17}H_{35}COONa$,Çamaşır suyu $NaClO$,Arap sabunu $C_{17}H_{35}COOK$,Deterjan $C_{12}H_{25}OSO_3Na$,Kireç kaymağı $CaCO_3$,E
2e2df502-5b04-5a2a-b91c-db19c6168621,MATEMATIK,"$\int_{0}^{3} (7x^2 + 3x^2 + 1) dx = K$
$\int_{0}^{3} (7x^2 + 3x^2 + 2) dx = M$
olimits
olduğuna göre, a aşağıdakilerden hangisine eşittir?",$M - K$,$2M - K$,$\frac{M+K}{2}$,$\frac{K M}{2}$,$\frac{M}{2K}$,A
247a7871-b5cc-5ee0-bcd0-b51b996c2563,MATEMATIK,Bir sayının 2 fazlasının 6 katı 48 ise bu sayı kaçtır?,6,7,8,9,10,A
19b7534e-f0b6-59da-862e-ea52a4127211,MATEMATIK,"$f(x) = x^2 - 4x + 3$ eğrisine üzerindeki $(1, f(1))$ apsisli noktada teğet olan doğrunun denklemi aşağıdakilerden hangisidir?",$y = -2x$,$y = -2x + 1$,$y = -2x + 2$,$y = -2x + 3$,$y = -2x + 4$,C
eb914a30-edb0-5ca7-935f-9148ad2bfa28,MATEMATIK,"Üzerine 1'den 200'e kadar olan tam sayıların yazılı olduğu bir cetvel türünde her $n$ tam sayısının sıfır sayısına olan uzaklığı $\sqrt{n}$ birimdir. $y = 8x$ olduğuna göre, $A$ kaçtır?",162,175,180,192,196,E
f3dfd901-a6e8-59cf-987b-1ebb78f328af,FIZIK,"Kütleleri eşit olan Cenk ve Anıl, özdeş kutulardan birer tane alarak apartmanın girişinden 3. kattaki evlerine aynı yolu kullanarak ve hiç durmadan çıkarıyorlar. Aynı anda harekete geçen kardeşlerden Cenk kutuyu 20 s'de, Anıl ise 30 s'de evlerine çıkardığına göre,
I. Cenk ve Anıl'ın yer çekimine karşı yaptığı işler birbirine eşittir.
II. Cenk, Anıl'dan daha fazla güç harcamıştır.
III. Hareketin başladığı ilk ana göre Cenk'in zemine göre potansiyel enerjisi Anıl'ınkinden daha büyüktür.
yargılarından hangileri doğrudur?",Yalnız I,I ve II,I ve III,II ve III,"I, II ve III",B
1cc5c75c-9ddc-526f-a694-aa7ea05f68c5,MATEMATIK,"Aşağıda $y=f(x)$ ve $y=g(x)$ fonksiyonlarının grafikleri verilmiştir. Buna göre, $\frac{f(x)}{g(x)} \ge 0$ eşitsizliğinin çözüm kümesi aşağıdakilerden hangisidir?","$(-3,3)$","$(-1,3]$","$R-(-3,3)$","$(- \infty,-3] \cup (-1,3]$","$[3,\infty)$",D
3a7466c7-67e9-51d8-b479-33baf3a3778c,MATEMATIK,"Başkat sayısı $1$ olan ikinci dereceden bir $P(x)$ polinomu veriliyor. $P(x)$ polinomunun $x-1$ ile bölümünden kalan, $x$ ile bölümünden kalanın $2$ katı, $x+1$ ile bölümünden kalanın ise yarısıdır. Buna göre, $P(x)$ polinomunun $x-3$ ile bölümünden kalan kaçtır?",6,7,8,9,10,E
f0fac00e-d97c-56f3-aa50-3b1301ad3221,FIZIK,"Yenilenemez enerji kaynakları ile ilgili aşağıdaki ifadelerden hangisi yanlıştır?
A) Nükleer santrallerde büyük miktarda su buharlaştırılmaktadır.
B) Fosil yakıtların kullanımı sonucu atık olarak atmosfere karışan karbondioksit ve diğer zararlı gazlar küresel ısınmaya neden olmaktadır.
C) Fosil yakıtların temelinde hayvan ve bitki organizmalarında depo edilmiş güneş enerjisi vardır.
D) Fosil yakıtların elde edilmesi, taşınması, kullanılması oldukça kolaydır.
E) Nükleer enerji, asit yağmurlarına neden olur.",Nükleer santrallerde büyük miktarda su buharlaştırılmaktadır.,Fosil yakıtların kullanımı sonucu atık olarak atmosfere karışan karbondioksit ve diğer zararlı gazlar küresel ısınmaya neden olmaktadır.,Fosil yakıtların temelinde hayvan ve bitki organizmalarında depo edilmiş güneş enerjisi vardır.,"Fosil yakıtların elde edilmesi, taşınması, kullanılması oldukça kolaydır.","Nükleer enerji, asit yağmurlarına neden olur.",E
a61db9cd-f33e-5fea-8039-d99c4f1215a6,MATEMATIK,"Bir araçta bulunan eco tuşu ekonomik sürüş seçeneği olup yakıt tasarrufu sağlamaktadır. Bu araç, sabit hız ile normal sürüş modunda gideceği yolun $\frac{2}{5}$'ini gittikten sonra kalan yolun $\frac{1}{3}$'ünü eco tuşuna basılı bir şekilde gidiyor. Geriye kalan yolu ise normal sürüş modunda giderek yolu tamamlıyor.
Aracın yol boyunca eco modunda harcadığı yakıtın, normal sürüş modunda harcadığı yakıta oranı $\frac{1}{5}$'tir.
Bu aracın eco modundaki sürüşü normal sürüşe göre yüzde kaç yakıt tasarrufu sağlar?",25,20,15,10,5,B
18ca59a5-ccca-554f-a3ec-66b36710d82a,GEOMETRI,"$|OB|<|OC|$ olmak üzere, $[BC]$ kenarı y ekseni üzerinde ve koordinat ekseninin II. bölgesinde bulunan ABC eşkenar üçgeninde $y=-x$ doğrusu $[AB]$ kenarını iki eş parçaya ayırmaktadır. $y=-x$ doğrusunun üçgeni kestiği en yakın noktanın orijine uzaklığı $4\sqrt{6}$ br olduğuna göre, $C(ABC)$ kaç $br^2$'dir?",48,42,36,30,24,A
a3c28372-b781-5ff5-9045-27c3ba2b2c7b,GEOMETRI,"Analitik düzlemde A(2, 3) ve B(4, 4) noktaları veriliyor. $C \notin [AB]$, $C \in AB$ ve $\frac{|BC|}{|AC|}=\frac{3}{2}$ olacak biçimde verilen C(x, y) noktası aşağıdakilerden hangisidir?","(-2, -1)","(-2, -2)","(-2, 0)","(1, -1)","(-2, 1)",C
1dc67ab3-a5ed-5935-818a-f8c163556ae0,MATEMATIK,"$\frac{a}{b} = \frac{c}{d} = \frac{3}{5}$ olduğuna göre, $\frac{a-2c}{b-2d}$ oranı kaçtır?",$\frac{3}{5}$,$\frac{2}{5}$,$\frac{1}{5}$,$\frac{3}{10}$,$\frac{1}{10}$,A
c7768c13-f1d3-5f56-83b0-0a18d94093be,MATEMATIK,"Bir ABC üçgeninde $\tan A = \frac{5}{12}$ olarak veriliyor. Buna göre, $\cos(B+C)$ değeri kaçtır?",$\frac{12}{13}$,$-\frac{5}{13}$,$\frac{5}{12}$,$\frac{5}{13}$,$-\frac{12}{13}$,B
35a222fc-3c2c-5e58-9761-81ba13df23c4,MATEMATIK,$\sqrt[3]{150}$ sayısı hangi ardışık iki tam sayı arasındadır?,"$(3,4)$","$(4,5)$","$(5,6)$","$(6,7)$","$(7,8)$",C
cb5de1a9-2517-5b43-b528-c2ab488b5fc5,MATEMATIK,"$f(x)=x^2+2x-3$ fonksiyonu veriliyor.
Buna göre,
$\lim_{x \to 3} \frac{f(x)-f(3)}{x-3}$ limitinin değeri kaçtır?",8,7,6,5,4,A
91274937-46f5-5809-a345-283a2e1d4561,MATEMATIK,"Rakamları birbirinden farklı asal sayılardan oluşan ve $12$ ile tam bölünebilen sayılara isabet asal denir.
$ABC$ üç basamaklı sayısı isabet asal olduğuna göre, $A \cdot B \cdot C$ toplamı kaçtır?",11,12,13,14,15,E
d1d05f68-261a-5e42-a4b9-4c138867d653,MATEMATIK,"$\lim_{x \to 3} \frac{\sqrt{x+a}-2}{x-3} = b$ olduğuna göre, $a+b$ toplamı kaçtır?",$\frac{5}{4}$,$\frac{7}{4}$,$\frac{9}{4}$,$\frac{11}{4}$,$\frac{13}{4}$,E
4e3ea57a-fbb5-5007-bb52-3aed1a1b62a2,KIMYA,"3. periyotta bulunan X, Y ve Z elementleri ile ilgili aşağıdaki bilgiler veriliyor.
• X: Alkali metal
• Y: Halojen
• Z: Soygaz
Buna göre,
I. Atom numarası en büyük olan Z'dir.
II. Değerlik elektron sayısı en küçük olan X'tir.
III. Y'nin 1- yüklü iyonunun elektron dizilimi Z ile aynıdır.
yargılarından hangileri doğrudur?",Yalnız I,Yalnız II,I ve III,II ve III,"I, II ve III",C
fa5e2a71-0e2c-5ade-a0cc-b7804fab0eca,TURKCE,"(I) Fotoğraf tekniği, 19. yüzyıl boyunca genel anlamda pek ilgi görmemiştir. (II) Nesnelerin mekân ve zamandan soyut siluet görüntülerini elde etmek yerine gerçekliği saptamak isteyen fotoğrafçılar fotoğrafı uygulamamıştır. (III) Fotoğrafçılar kişisel merak sonucu yapılan çiçek ve yaprak çalışmalarında sınırlı kalmıştır. (IV) Bu nedenle fotoğrafın zamanla unutulmuştur. (V) Yeniden gündeme gelmesi 20. yüzyıl başında Avangard akımlar ile birlikte gerçekleşmiştir.
Bu parçadaki numaralanmış cümlelerden hangileri yapıca diğerlerinden farklıdır?",I ve II,I ve IV,II ve IV,III ve V,IV ve V,D
8d2763e0-3d74-5c06-8ce1-7cf9b6cfafad,TARIH,"Selçuklu sarayında ve kısmen orduda, Türkler kendi aralarında Türkçe konuşurken devletin resmî dili Farsça, ilmî ve hukukî bölgelerin dili ise Arapçaydı.
Selçuklulardaki bu anlayışın;
I. cihat politikasının benimsenmesi,
II. İran ve Arap topraklarına hâkim olunması,
III. kut anlayışının benimsenmesi
durumlarının hangilerinden kaynaklandığı söylenebilir?",Yalnız I,Yalnız II,Yalnız III,I ve III,II ve III,B
791e4243-1baf-5e2e-ac03-31446d48c80a,MATEMATIK,"İkinci dereceden bir $P(x)$ polinomu için $P(3)-P(5)=0$ olduğuna göre, $P(2)$ ifadesinin değeri kaçtır?",-3,-2,-1,2,3,A
b0f65b3d-61f9-5eb7-a86c-05b10380fb65,MATEMATIK,"İki kişi aşağıda isimlerinin karşısında verilen ikişer sayıyı yazmıştır. Aykut: $2x, x+8$ Korkut: $x+3, y$ Korkut, Aykut'un yazdığı her bir sayının yarısını yazdığına göre, $y$ kaçtır?",2,3,4,5,6,E
11a0dda0-a6fb-5867-a862-9636ae873edb,MATEMATIK,$\\int_{-2}^{3} x^3 dx$ ifadesinin değeri kaçtır?,$\\frac{65}{4}$,$\\frac{81}{4}$,$\\frac{61}{4}$,15,16,A
1690851e-b41a-5d50-9c04-beeeaaced240,MATEMATIK,"Dilara, iki basamaklı $ab$ ve $bc$ doğal sayılarından bazılarının $\frac{ab}{bc} = \frac{a}{c}$ eşitliğini sağladığını fark ediyor.
$a, b, c$ sıfırdan ve birbirinden farklı rakamlar olduğuna göre,
I. $b = 9$ iken $a+c$ toplamı en çok $12$'dir.
II. $b = 6$ iken $a+c$ toplamı $7$ olabilir.
III. $a+c = 3$ iken $b = 4$'tür.
İfadelerinden hangileri Dilara'nın eşitliği için doğrudur?",Yalnız I,Yalnız II,I ve II,II ve III,"I, II ve III",C
1b95470f-cee0-5d9b-83df-60f9d5143b56,BIYOLOJI,"Kan plazmasında bulunan protein miktarı normalden daha az olursa
I. doku sıvısı miktarının azalması,
II. boşaltım ürünlerinin kana geçişinin zorlaşması,
III. kan hacminin artması,
IV. ödem oluşması
durumlarından hangileri gerçekleşir?",I ve II,II ve IV,III ve IV,"I, II ve IV","I, III ve IV",B
5dee72e1-584c-5293-8263-5741441eafda,MATEMATIK,"$n$'den küçük olan pozitif tam sayıların kümesi $A_n$ olarak tanımlanmıştır. $s(A_n) = s(A_n) - s(A_n)$ olduğuna göre, $n$ kaçtır?",12,13,14,15,16,D
61782ba2-e716-518a-99f6-8ead1140d0e8,KIMYA,"Organik X bileşiği yakıldığında $CO_2$ ve $H_2O$ gazları oluşuyor.
Buna göre X bileşiğinin;
I. karbon,
II. oksijen,
III. hidrojen
elementlerinden hangilerini içerdiği kesindir?",Yalnız I,Yalnız II,I ve III,II ve III,"I, II ve III",C
b79673c8-d20a-5e7e-a88b-836e8aadec93,MATEMATIK,"$4x^2 - x - k = 0$ denkleminin kökleri $\sin \alpha$ ve $\cos \alpha$ olduğuna göre, $k$ kaçtır?",$\frac{5}{32}$,$\frac{5}{16}$,$\frac{15}{32}$,$\frac{15}{8}$,$\frac{25}{32}$,C
b3a674ec-759a-505a-9b10-694a8b68f50d,MATEMATIK,"Bir hareketli saatte 80 km hızla 6 saatte giderek vardığı bir noktadan, harekete başladığı noktaya geri dönecektir.
Dönüş süresinin 5 saat olabilmesi için dönüş hızının saatte kaç km fazla olmalıdır?",12,16,18,20,24,B
24f6cab2-f2e1-54f2-90ed-2c31375ee20e,MATEMATIK,"Gerçel sayılar kümesi üzerinde tanımlı $f$ çift fonksiyonu-nun sürekli olmadığı yalnızca beş nokta vardır.
Buna göre $y=f(x)$ fonksiyonu ile ilgili
I. $x=0$ noktasında sürekli değildir.
II. Süreksiz olduğu noktaların apsisleri toplamı $0$'dır.
III. Her $a$ gerçel sayısı için, $\lim_{x \to a^+} f(x) = \lim_{x \to -a^-} f(x)$'dir.
ifadelerinden hangileri kesinlikle doğrudur?",Yalnız I,Yalnız II,Yalnız III,I ve II,I ve III,B
4effb085-56f0-5c81-b84c-ff6df64742b8,MATEMATIK,"$x^2+y^2+z^2=45$ ve $x \cdot y - x \cdot z - y \cdot z = 18$ olduğuna göre, $x+y-z$ ifadesinin pozitif değeri kaçtır?",6,7,8,9,10,D
6c79bd41-0db2-57ae-b045-dd6fe3234983,MATEMATIK,"Bir terzide usta 2 günde 3 gömlek, kalfa ise 3 günde 2 gömlek dikiyor.
Buna göre, usta ve kalfa 12 günde toplam en fazla kaç gömlek dikebilir?",26,27,28,29,30,A
85b4e01d-3d49-5493-ba8c-1229cef50a61,TURKCE,"Origami, Japonca ""ori"" (katlamak) ve ""gami"" (kâğıt) sözcüklerinin birleşiminden meydana gelmiş olup kâğıt katlama sanatına verilen addır. Genellikle kare kâğıt parçalarını kesmeden ve yapıştırıcı kullanmadan, sadece katlayarak, çeşitli canlı ve cansız figürler oluşturarak yapılmakla birlikte, dikdörtgen kâğıtlardan hatta kâğıt paralardan yapılan modeller de oldukça fazladır. Kesme işleminin de kullanıldığı türüne ise kirigami denir. Origami, klasik origami ve parçalı origami olmak üzere iki çeşittir. Klasik origami genellikle tek parça kâğıttan yapılır. Çok fazla olmasa da iki veya üç parçanın kullanıldığı klasik origamiyle çeşitli hayvan veya uzay figürleri yapılır.
Bu parçada söz edilen origami ile ilgili olarak;
I. Japon kültürüne özdeşleştiği,
II. Yapıştırıcı kullanılmadan yapıldığı,
III. Tek ve birden fazla kâğıttan yapılan türleri vardır,
IV. İki parçalı kâğıttan yapılan türüyle daha detaylı çalışmalar yapılabilir
numaralanmış yargıların hangisine ulaşılabilir?",I ve III,I ve IV,II ve III,II ve IV,Yalnız II,A
8f7378de-d419-599d-b25a-bcc2e82796d4,KIMYA,"$\\text{CaC}_2 + 2\\text{H}_2\\text{O} \\to \\text{C}_2\\text{H}_2 + \\text{Ca(OH)}_2$
Yukarıda verilen tepkime karpitten asetilen eldesine aittir.
Buna göre, kütlece %40 saflıktaki 120 g karpitten (CaC$_2$) elde edilen asetilen (C$_2$H$_2$) gazı NK'da kaç litre hacim kaplar? (Ca: 40, C: 12)","5,6","8,96","11,2","16,8","22,4",B
88b1b05f-96a3-574b-aa58-105e547c5978,MATEMATIK,$P(x) = x^3-x^2+5x-3$ polinomu veriliyor. $P(x)$ polinomunun $(x^2+1)$ ile bölümünden elde edilen bölüm aşağıdakilerden hangisidir?,$x+1$,$x+2$,$x+3$,$x+4$,$x+5$,D
e9a0d44f-f46d-5ab6-bfcd-d0c7331d0860,MATEMATIK,"Başkat sayısı $1$ olan üçüncü dereceden bir $P(x)$ polinomunun bir kökü $2$, diğer iki kökü dik koordinat düzleminde $x=0$ doğrusuna göre simetriktir.
$P(0)=2$ olduğuna göre, $P(3)$ değeri kaçtır?",5,6,7,8,9,D
951106e6-ac4d-5942-bc16-bdfdda1201e0,MATEMATIK,"$n$ pozitif tam sayı olmak üzere
I. $n^2 - (n-1)!$
II. $n^2 - n^4$
III. $\sqrt{n} - n$
ifadelerinden hangileri sıfıra eşit olabilir?",Yalnız II,II ve III,I ve III,I ve II,Yalnız I,A
704d5ef1-100f-52de-81b2-8e778e78a4cf,MATEMATIK,"$x, y$ ve $z$ pozitif tam sayılardır. $\frac{x}{y} = \frac{2}{3}$, $\frac{y}{z} = \frac{3}{8}$ olduğuna göre, $x$'in alabileceği en büyük değer kaçtır?",10,12,13,14,15,E
cfa2b08f-871a-5fa7-bcf4-f606a02aae81,MATEMATIK,"$x = \sqrt[3]{2}-1$ olduğuna göre, $x^3+3x^2+3x+1$ ifadesinin değeri kaçtır?",10,8,4,2,1,D
caf48aa4-0a02-5c13-a882-0d2fc1207aad,MATEMATIK,"Bir robot her gün $\sqrt{x}$ cm yükselen bir platforma tırmanmaktadır. Robotun yükselmesi ile ilgili bilgiler: 12 gün sonunda yükseklik = 70 cm, 15 gün sonunda yükseklik = 76 cm olduğuna göre $x^2 + 3x$ toplamı kaçtır?",16,20,24,28,36,D
750c92a7-0cb6-54f2-ac35-34e5abe93b0b,MATEMATIK,"$a$ ve $b$ birer pozitif tam sayı olmak üzere,
$(x-a) \cdot (x+2a) < 0$
$(x-b) \cdot (x+2b) > 0$
eşitsizlik sistemi veriliyor.
$a+b=8$ olmak üzere bu eşitsizlik sisteminin çözüm kümesinde $16$ tane tam sayı olduğuna göre, $a \cdot b$ çarpımı kaçtır?",7,10,12,15,16,D
f24bd1c3-914f-5069-902f-fe88b97ce2fb,MATEMATIK,"$f: \mathbb{R} \to \mathbb{R}$ olmak üzere, $f(x) = -2x^2 + 4x + 5$ fonksiyonunun görüntü kümesi aşağıdakilerden hangisidir?","$(- \infty, 11]$","$(- \infty, 10]$","$(- \infty, 9]$","$(- \infty, 8]$","$(- \infty, 7]$",E
0404ca08-45ee-59fe-9b2a-6843a7a05380,MATEMATIK,"Akıntı hızı sabit ve 4 m/dk olduğu bir denizde, hızı 20 m/dk olan bir yüzücü, denizde en fazla 25 dakika kalabilmektedir.
Buna göre, bu yüzücü kıyıdan en fazla kaç metre uzaklaşıp, tekrar kıyıya dönebilir?",240,250,280,300,320,A
3a5f17f6-a04b-5649-b5bb-749443ae1c24,MATEMATIK,"$m$ gerçel sayı olmak üzere, Gerçel sayılarda tanımlı $f(x) = \sin(-x+m)$ fonksiyonu veriliyor. $f(x) = 0$ denkleminin bir kökü $x = \frac{\pi}{3}$ olduğuna göre, aşağıdakilerden hangisi bu denklemin bir kökü değildir?",$\frac{19\pi}{5}$,$\frac{6\pi}{5}$,$\frac{9\pi}{5}$,$\frac{11\pi}{5}$,$\frac{21\pi}{5}$,A
d6045413-6f6e-5fd4-924b-cbe8f8444c94,TARIH,"1950 - 1960 yılları arasında Türkiye'de; I. Karayolu ağı, II. İnşaat sanayi, III. Tarım sanayi alanlarından hangilerinde artış sağlanmıştır?",Yalnız I,Yalnız II,Yalnız III,II ve III,"I, II ve III",E
19f0be3e-67ec-55d1-a971-86d50352945d,MATEMATIK,a ve b pozitif tamsayıları için $b^2 - 2b = a^2 + 7a + 4$ eşitliği sağlanmaktadır. Buna göre $a-b$ çarpımı kaçtır?,12,16,20,30,32,C
a940d7ca-fd72-51cf-91ba-c80aff1cb3e5,MATEMATIK,"$(a_n) = (4-n)$
dizi olmak üzere, bir $(b_n)$ dizisi için
$(b_n) = (a_n)^2 + 2 \cdot (a_n) - 8$
eşitliği vardır.
$(a_n) \cdot (b_n)$ çarpımının negatif olmadığı kaç farklı $k$ tam sayı değeri vardır?",5,6,7,8,9,D
a171dc7c-79d7-5f05-a2e5-e24c3d957c8e,MATEMATIK,"Başkat sayısı $2$ olan $2$. dereceden bir $P(x)$ polinomu için;
$P(-3) \cdot P(3) = 0$
$P(-3) \cdot P(2) \ne 0$
$P(2) \cdot P(1) = 0$
olduğunu göre, $P(x)$ polinomunun $x$'li teriminin katsayısı kaçtır?",-12,-8,2,6,10,B
bff5be2f-cbbd-5fec-8586-4e1388414c81,MATEMATIK,"Yaşları toplamı 69 olan 6 kardeşin yaşları bir aritmetik dizi oluşturmaktadır. En küçük kardeş 4 yaşında olduğuna göre, en büyük kardeş kaç yaşındadır?",15,16,17,18,19,E
779ee268-7050-5322-b698-92dd18f72853,MATEMATIK,$(x-5)^2-|x-5|-12=0$ denklemini sağlayan $x$ gerçek sayılarının çarpımı kaçtır?,-9,-3,3,9,10,A
f95025a2-afff-5766-b69f-0a61e87f0d36,MATEMATIK,"ln2 = t olduğuna göre, $\log_52$ 'in t türünden eşiti aşağıdakilerden hangisidir?",$1-t-\log e$,$\frac{1}{t}$,$1-\log t$,$\log t$,$\frac{t}{1-\log_2e}$,A
5375ce93-1af0-52c5-b654-700436279f03,BIYOLOJI,"Ökaryot bir hücrenin, I. ribozom, II. mitokondri, III. golgi, IV. kloroplast organellerinde gerçekleşen olaylardan hangileri prokaryot hücrelerde de gerçekleşebilir?","I, II ve III","I, II ve IV",Yalnız I,I ve II,III ve IV,C
626e99e0-c01b-54aa-aaa3-6cbe3a11c340,MATEMATIK,"$P(x)$ ve $Q(x)$ sabit olmayan birer polinom, $R(x)$ ise birinci dereceden bir polinom olmak üzere, $P(x) = Q(x) \cdot R(x)$ eşitliği sağlanmaktadır. Buna göre I. $P(x)$ ve $R(x)$ polinomlarının sabit terimleri aynıdır. II. $P(x)$'in grafiği bir parabol ise $Q(x)$'in grafiği bir doğrudur. III. $Q(x)$ polinomunun her kökü $P(x)$ polinomunun da bir köküdür. ifadelerinden hangileri her zaman doğrudur?",Yalnız II,Yalnız III,I ve II,I ve III,II ve III,E
c331d402-81cd-5b42-9335-38f43bebe489,MATEMATIK,"Aşağıda doğrusal bir yol boyunca bulunan sırasıyla A, B, C ve D şehirleri ve bu şehirler arasındaki uzaklıklar kilometre birimine göre tabloda gösterilmiştir.
Buna göre, B ve C şehirleri arasındaki uzaklığın C ve D şehirleri arasındaki uzaklığa oranı kaçtır?","5,6","17,2","18,4","19,6","20,8",A
a6bfdc67-e59c-5ce6-b527-9690b96e6de1,MATEMATIK,"$f(x) = \frac{x^2-2x-3}{x-3}$ olduğuna göre, $f'(\frac{3}{2})$ kaçtır?",$-2$,$-1$,$0$,$1$,$2$,D
0b18b404-5df1-5465-a84a-1a2adce957e2,MATEMATIK,"$f(x) = 2x^3 + 3x^2 + ax + 2$ fonksiyonu bire bir olduğuna göre, $a$'nın en küçük tam sayı değeri kaçtır?",1,2,3,4,5,C
6372c07f-88d4-5a72-b628-58c16d26b678,MATEMATIK,"$2a-1$ ile $3b-2$ aralarında asal iki sayı olmak üzere, $\frac{2a-1}{3b-2} = \frac{63}{165}$ olduğuna göre, $a+b$ toplamı kaçtır?",32,31,30,29,28,E
8a47c1a1-196d-5f07-885a-b60afd5f98e2,KIMYA,"$X^{2-}$ iyonu ile ilgili bazı bilgiler aşağıda verilmiştir.
• Soy gaz elektron dizilimine sahiptir.
• Elektron dizilimindeki en büyük baş kuantum sayısı (n) 3'tür.
Buna göre X atomuyla ilgili aşağıdaki ifadelerden hangisi doğrudur?",Açısal momentum kuantum sayısı (l) 0 olan orbitallerde toplam 10 elektron vardır.,Değerlik elektronlarının baş kuantum sayısı (n) 3'tür.,Manyetik kuantum sayısı ($m_l$) 0 olan 12 elektron vardır.,Açısal momentum kuantum sayısı (l) 1 olan toplam 10 elektron vardır.,Spin kuantum sayısı ($m_s$) $+1/2$ olan toplam 12 elektron vardır.,E
c20d54e8-6ccb-52f7-9d6d-5dcbe8a82bbc,KIMYA,"Asetaldehit ve aseton bileşikleri ile ilgili, I. Genel formülleri $C_nH_{2n}O$'dur. II. Fonksiyonel grup izomeridirler. III. İndirgenmeleri sonucu alkol oluşur. yargılarından hangileri doğrudur?",Yalnız I,Yalnız II,I ve II,II ve III,"I, II ve III",E
229f0955-8fdf-5111-b2a5-ec68801c66c4,MATEMATIK,"Uygun koşullarda tanımlı $f$ fonksiyonu $f(x) = \frac{x + \sqrt{x} + 1}{x^2 - x + 1}$ şeklinde verilmiştir. Buna göre, $\lim_{x \to 1} \frac{f(x) - 1}{x - 1}$ limitinin değeri kaçtır?",\frac{1}{18},\frac{5}{18},-\frac{7}{18},-\frac{11}{18},-\frac{13}{18},D
cc12aaff-5b4c-5255-875e-529bf0657a4c,KIMYA,"I. Tuz ruhunun çamaşır suyuyla karıştırılması
II. Çaydanlık dibindeki kirecin giderilmesi
III. Lavabo ve tuvaletlerdeki kirecin tuz ruhu ile giderilmesi
IV. Alüminyum korkuluklardaki pasın sirke ile giderilmesi
V. Kararmış gümüş metalinin sabunlu su ile yıkanması
Yukarıdaki işlemlerden hangisinin temelinde asit-baz tepkimesi yoktur?",I,II,III,IV,V,E
1b0045b7-edcb-5b14-b340-fa16607d64e0,MATEMATIK,"$3^a=2$
$3^b=16$
olimits olduğuna göre, $\frac{a}{b}$ oranı kaçtır?",1/4,1/2,1,2,4,A
11470074-d7e5-501a-bff3-d664004612e8,MATEMATIK,"$a$ ve $b$ gerçel sayılar olmak üzere, gerçel sayılar kümesi üzerinde sürekli bir $f$ fonksiyonu $f(x) = \begin{cases} \frac{3x^2-6}{x-2} & x < 2 \\ ax-b & x \ge 2 \end{cases}$ biçiminde tanımlanıyor. $\int_0^4 f(x)dx = \int_0^2 f(x)dx$ olduğuna göre, $a+b$ toplamı kaçtır?",1,2,3,4,5,E
22538b88-df8c-5bce-97b8-16690836fd96,KIMYA,"Katı ve gaz fazında gerçekleştiği bilinen, $X \rightleftharpoons Y + Z$ tepkimesinin denge sabiti bağıntısı $K_c = \frac{[Y]}{[X]}$ şeklindedir. Dengedeki bu tepkime için,
I. Z katıdır.
II. Sabit sıcaklıkta X eklendiğinde denge ürünler yönüne kayar.
III. Kaba Z eklendiğinde denge girenler yönüne kayar.
yargılarından hangileri doğrudur?",Yalnız I,I ve II,I ve III,II ve III,"I, II ve III",B
c2e296ff-a012-5fe7-b016-4415a1666d80,MATEMATIK,"$f(x) = 2x + 5$ fonksiyonunun grafiğinin y eksenine göre simetriği alındığında $y = g(x)$ fonksiyonunun grafiği elde ediliyor. Buna göre, $y = f(x)$ ve $y = g(x)$ fonksiyonlarının grafiği ile x ekseni arasında kalan sınırlı bölgenin alanı kaç birimkaredir?",4,25/4,10,25/2,20,D
9b720f82-0c02-5e14-9a90-c031519a66bb,KIMYA,"Nötrleşme tepkimeleri ile ilgili,
I. $n_{H^+} = n_{OH^-}$ ise tam nötrleşme gerçekleşir.
II. Net nötralleşme tepkimesi $H^+_{(suda)} + OH^-_{(suda)} \longrightarrow H_2O_{(s)}$ şeklindedir.
III. Ekzotermiktir.
yargılarından hangileri doğrudur?",Yalnız I,I ve II,I ve III,II ve III,"I, II ve III",E
31564dd3-b91b-5ad2-a0b2-5c8c324442f0,KIMYA,"Kütlesi ve sürtünmesi ihmal edilen pistonla kapatılmış bir kapta
$4HCl(g) + O_2(g) \rightleftharpoons 2H_2O(g) + 2Cl_2(g) \quad \Delta H = -114,4 \text{ kJ}$
tepkimesi dengeye ulaşıyor.
Dengedeki bu tepkimeyle ilgili aşağıdakilerden hangisi doğrudur?",Sabit sıcaklıkta piston sıkıştırılarak kabın hacmi azaltıldığında $Cl_2$ miktarı azalır.,Sabit hacimde sıcaklık artırıldığında $HCl$ miktarı artar.,Sabit hacim ve sıcaklıkta ortama $O_2$ eklendiğinde $H_2O$ miktarı azalır.,Sabit hacim ve sıcaklıkta ortama katalizör eklendiğinde $Cl_2$ miktarı artar.,Sabit hacim ve sıcaklıkta ortamdan bir miktar $H_2O$ uzaklaştırıldığında $O_2$ miktarı artar.,E
3767dd1a-9660-5d82-9306-32ce927531ce,TARIH,"Osmanlı Devleti, savaşların giderlerini karşılayabilmek için Avrupa devletlerinden borç almaya başlamıştır. Aldığı borçları ödeyemez hâle gelince de Avrupalı devletler, alacaklarını tahsil etmek için Duyun-ı Umumiye İdaresi'ni kurmuş, Osmanlı'nın gelir kaynaklarına el koymuştur. Avrupalı devletler bu uygulama ile aşağıdakilerden hangisine ulaşmayı amaçlamıştır?",Osmanlı toprak bütünlüğünü korumak,Karadeniz'de üs elde etmek,Balkanlarda nüfuz alanı yaratmak,Osmanlı ekonomisi üzerinde mali denetim kurmak,Tanzimat Fermanı'nı ilan ettirmek,D
7030bcf8-af2c-5b6f-ac7f-5b1aa21e5561,MATEMATIK,$\tan\left(\arcsin\frac{1}{\sqrt{10}} + \arctan\frac{1}{5}\right)$ ifadesinin değeri kaçtır?,$\frac{1}{3}$,$\frac{1}{2}$,1,$\frac{3}{4}$,2,B
acfb5715-187f-5db0-aff3-70e6fd7314b9,MATEMATIK,"Fatih ve Gökhan'ın ellerinde yanlış ölçen birer metre vardır.
Bu metrolarla bir duvarın uzunluğunu Fatih 54 m, Gökhan ise 72 m olarak ölçmüştür.
Her iki ölçümde de hata miktarı uzunluk olarak aynıdır.
Eğer, duvarın bir kısmını Fatih, kalan kısmını Gökhan ölçseydi duvarın toplam uzunluğunu 66 m bulacaklardı.
Buna göre, Fatih duvarın kaçta kaçını ölçmüş-tür?",$\frac{1}{6}$,$\frac{1}{4}$,$\frac{1}{3}$,$\frac{1}{2}$,$\frac{2}{3}$,D
781ab707-cab7-540c-926b-0a12461fdac3,KIMYA,Aşağıdaki tabloda bazı ürünler ve kullanım alanları verilmiştir. Tablodaki ürünlerin kullanım alanları ile eşleştirilmesi aşağıdakilerin hangisinde doğru gösterilmiştir?,"I. a
II. b
III. c
IV. d","I. c
II. b
III. a
IV. d","I. b
II. c
III. d
IV. a","I. d
II. a
III. b
IV. c","I. b
II. d
III. c
IV. a",E
52abdb39-112f-5c51-89ba-74fabc76abac,MATEMATIK,$\frac{\sin 70^\circ \cdot \cos 80^\circ + \cos 70^\circ \cdot \sin 80^\circ}{\sin 10^\circ \cdot \sin 20^\circ - \cos 10^\circ \cdot \cos 20^\circ}$ ifadesinin değeri kaçtır?,$-\frac{1}{2}$,$-\frac{1}{\sqrt{3}}$,$\frac{1}{\sqrt{3}}$,$1$,$\sqrt{3}$,B
a84244aa-6958-5aae-a2a4-eb5d9cfa7b2c,MATEMATIK,"$-3 < x < 2$ olduğuna göre, $x^2$ ifadesinin değer aralığı aşağıdakilerden hangisidir?","$(-8, 27)$","$(-27, 8)$","$(-27, 6)$","$(-6, 27)$","$(-9, 6)$",B
68ce8324-c8a8-5a0f-b7fc-6368e2badd8b,MATEMATIK,"Tanımlı olduğu aralıkta türevlenebilen $f(x)$ fonksiyonu için $f(x+y) = f(x) + 3xy$ ve $\lim_{h \to 0} \frac{f(h)}{2h} = 12$ olduğuna göre, $f'(4)$ kaçtır?",8,12,16,20,24,E
904f1853-e458-5420-ae69-a6705b346974,MATEMATIK,"Yukarıdaki tabloda $80^\circ$'nin trigonometrik değerleri P, R, S ve T ile belirtilmiştir. P, R, S ve T
A = {5,671, 0,984, 0,176, 0,173}
kümesinin birer elemanı olduğuna göre, T + P toplamı kaçtır?","0,349","1,16","5,844","5,847","6,355",D
3c945a7b-5e80-527a-915a-7bef8078f9d6,MATEMATIK,$$\frac{\sin x + \cos x}{\tan x - 1}$$ ifadesi aşağıdaki derece cinsinden verilen hangi $x$ açı değeri için bir gerçek sayı belirtmez?,$$30$$,$$60$$,$$45$$,$$120$$,$$150$$,C
e4b60cfb-469c-529e-810b-fcc78746e9a2,MATEMATIK,$\int_{0}^{2} (x-2) \cdot \sqrt{x^2-4x} dx$ integralinin değeri kaçtır?,$\frac{45}{8}$,$\frac{47}{8}$,$\frac{49}{8}$,$\frac{45}{4}$,$\frac{47}{4}$,A
4bae6c8d-0912-535d-b341-586ce9f45b95,MATEMATIK,"$36^{\log_6 x} + 5 \cdot x^{\log_6 x} = 1296$ olduğuna göre, $x$ değeri kaçtır?",1,3,9,27,36,C
32a5e393-1716-5447-b57f-7769851530b7,MATEMATIK,"Bütün terimleri pozitif ve ortak çarpanı $r$ olan bir $(a_n)$ geometrik dizisi için $a_1 = \frac{1}{2} + r$ ve $a_7 = a_5 + 12 \cdot a_3$ eşitlikleri veriliyor. Buna göre, $a_8$ kaçtır?",180,200,240,280,320,E
f17a92ad-e68f-54fa-93fe-3fed5b626ea6,MATEMATIK,"Bilal, Göksel ve Yücel gittikleri dürümcüde her biri tavuk döner ve şişe kola siparişi vermiştir.

Yücel'in parası verdiği sipariş tutarı kadar iken, Göksel'in 23 lirası ve Bilal'in 32 lirası vardır.

Döner paralarını Bilal, kola paralarını Göksel verirse son durumda üçününde paraları eşit oluyor.

Buna göre, Yücel'in kaç lirası vardır?",11,12,13,14,15,C
3af16d8e-dc25-5e25-89b8-90a4948d8981,TURKCE,"""Anlam genişlemesi yoluyla somut anlamlı bir ad, soyut anlam kazanabilir. Örneğin somut anlamıyla ""göğüs yeri"" demek olan ""yürek"" kelimesi ""yöntem"" anlamına gelerek soyut bir anlam da kazanmıştır."" Böyle bir anlam değişmesini örneklendiren kelime aşağıdakilerden hangisinde vardır?","Bunu yapmaya yürek ister, bu her babayiğidin harcı değil.","Bu gördüğün bulutlar, yağmur yüklü bulutlardır.","Bu dağlar, geçit vermez sarp dağlardır.","Ağaçlar, ilkyazda bir gelin gibi donanırlar.","Yapının güzel bir görünümü vardı; taş, darbel işli-mişti.",A
72861d3f-c0db-5b95-a693-7dc402d7362a,MATEMATIK,"Aşağıdaki ifadelerden hangileri polinom belirtir?
I. $P(x) = x^2 + x + \frac{1}{2}$
II. $R(x) = 6x^3 + x^{-1} - 1$
III. $Q(x) = \sqrt{5}$
IV. $T(x) = 2x^4 + \sqrt{x} + 2$",I ile II,I ile III,II ile III,III ile IV,II ile IV,B
85af1014-a84b-5129-a760-d2a0824c5b71,TURKCE,"Türkçe sondan eklemeli bir dildir. Sözcükler önce yapım eki sonra çekim eki alırlar.
Aşağıdaki cümlelerin hangisinde bu kurala uymayan bir kullanım yoktur?",Denizdeki sessizlik içimize ayrı bir ferahlık veriyordu.,Yarın ondalık sayıların anlatımını bitirmiş olurum.,Okul yılları annemsiz geçen zamanlardı benim için.,Çalışırken çevrenizde dikkatinizi dağıtacak hiçbir şey bırakmayın.,İşlerimi zamanında bitirebilmek için çok çaba sarf ediyorum.,D
df0332ef-240f-5095-83fc-e4012556bdfd,TARIH,I. Sahn - ı Seman II. Tetimme III. Süleymaniye Yukarıdakilerden hangileri Fatih Sultan Mehmet dö-neminde kurulan medreseler arasında yer alır?,Yalnız I,Yalnız II,Yalnız III,I ve II,II ve III,D
60f2fc13-ba2c-5997-b128-d0c0454e6d92,MATEMATIK,"$a_{n}=\\left\{\\begin{array}{ll}(p-2)n^{2}-3n & n \\text{ tek } \\ 2n^{2}-p & n \\text{ çift }\end{array}\\right.$ dizisi aritmetik bir dizi olduğuna göre, $a_{7}-p$ toplamı kaçtır?",23,21,20,19,17,C
bb666e19-f5d6-550f-b616-c6a7953afe90,MATEMATIK,"Başkat sayısı 1 olan, üçüncü dereceden gerçek katsayılı bir $P(x)$ polinom fonksiyonunun köklerinden ikisi 5 ve 2'dir. $P(x)$ in $x=0$ noktasında bir yerel ekstremumu olduğuna göre, üçüncü kökü kaçtır?",$\frac{1}{2}$,$\frac{3}{2}$,$\frac{7}{3}$,$-\frac{5}{2}$,$-\frac{10}{3}$,E
43d19514-ea78-50e5-a176-77369311f1d2,MATEMATIK,"Bir doktor Ali'ye içinde $30$ hap olan A ilacı ile içinde $42$ hap olan B ilacını yazmış ve A ilacından günde $2$ adet hap, B ilacından günde $3$ adet hap içmesini önermiştir.
Ali bir sabah ilaçları eczaneden alıp aynı gün ikisini de öneriye uygun biçimde kullanmaya başladığına göre, en az kaç günlük kullanımdan sonra A ilacının kutusunda daha fazla hap kalır?",9,10,11,12,13,C
cf76275b-d2a8-581c-b3a0-fb6fff49839e,GEOMETRI,"Yukarıda verilen $ABC$ üçgeni şeklindeki karton $DA$ doğrusu boyunca kesilerek iki farklı üçgene ayrılıyor. Elde edilen bu iki üçgenden alanı 10 birimkare olan $A'BD'$ üçgeni turuncu renge, $ADC$ üçgeni yeşil renge boyanıyor. Kosme işleminin sonunda oluşan $A'BD'$ üçgeni şekildeki gibi $ADC$ üçgeninin üzerine $A'$ noktası ile $C$ noktası çakışacak biçimde yerleştirildiğinde, $B$ noktası $[DC]$'nin üzerinde, $D'$ noktası $[AC]$'nin üzerinde oluyor. $|BD'|=4$ birim, $|A'B|=8$ birim. Buna göre, elde edilen son şekildeki yeşil boyalı bölgenin alanı kaç birimkaredir?",10,15,20,25,30,C
d7f707ec-e9d7-5446-89cf-0ccfe342d7bb,KIMYA,"$0,25$ mol $XO$ bileşiği $7$ gram olduğuna göre $X$ elementinin atom kütlesi kaçtır? $(O:16)$",$6$,$12$,$14$,$28$,$56$,B
ce37290c-990e-5e56-8277-95d2af9840f7,MATEMATIK,"Bir kırtasiyeci bir miktar kalemin tanesini 6 TL'den alıyor. Bu kalemlerin bir kısmını ikili olarak paketleyip ikili paketlerin tanesini 18 TL'den, üçlü paketlerin tanesini 24 TL'den sattığında tüm kalemlerin satışından 138 TL kâr elde ediyor.

Kırtasiyeci tüm kalemleri paketlemeden tanesini 10 TL'den sattığında tüm kalemlerin satışından 240 TL kâr elde edeceğine göre, kırtasiyecinin sattığı ikili paket sayısı kaçtır?",7,8,9,10,11,C
a43156e0-80b6-54cb-8283-9eed8f001dbf,MATEMATIK,"$x^2-4x+2=0$ denkleminin kökleri $x_1$ ve $x_2$'dir. Buna göre, kökleri $x_1^2, x_2^2$ olan ikinci dereceden bir bilinmeyenli denklem aşağıdakilerden hangisidir?",$x^2-2x-4=0$,$x^2-8x+4=0$,$x^2-4x+8=0$,$x^2-4x+4=0$,$x^2-8x+8=0$,E
a95b7a0d-a9e4-59e9-a8f7-24e6be2b5a93,KIMYA,"Eşit kütleli CO ve $N_2$ gazları ile ilgili;
I. Molekül sayısı
II. Normal koşullarda hacim
III. Atom sayısı
niceliklerinden hangileri eşittir?
($C:12, N:14, O:16$)",Yalnız I,Yalnız II,I ve II,II ve III,"I, II ve III",A
0b8ea3b6-5f03-51a4-84f1-d29b6b02991e,MATEMATIK,log$_{2}$25 * log$_{5}$8 işleminin sonucu kaçtır?,4,10,16,2,1,C
69c542c8-01fa-58c1-b344-82166a96fedd,KIMYA,"Kimya öğretmeni Hatice Hanım, tahtaya görselde verilen iki sayıyı yazmıştır. Hatice Öğretmen öğrencilerin bu sayıları kullanarak atom çeşitleri için örnek oluşturmalarını istemektedir. Buna göre, öğrencilerin oluşturduğu bu örneklerden hangileri doğrudur? (KN: Kütle numarası, p: Proton sayısı, n: Nötron sayısı)",Berke,Can,İlayda,Berke ve İlayda,"Berke, Can ve İlayda",D
c9dc2647-905e-5077-80ae-119aa2833575,MATEMATIK,"Bir mağaza 1000 TL üzerinde alışveriş yapan müşterilerine toplam tutar üzerinden %25 indirim yapmaktadır.
Bu mağazadan gün içinde Ayşe, fiyatı 1000 TL'den fazla olan bir ürün, Beril ise fiyatı 1000 TL'den az olan bir ürün satın aldığında iki ürünün indirimsiz fiyatları toplamı 2100 TL oluyor.
Yapılan indirimle Ayşe ve Beril, kasaya aynı tutarda ödeme yaptıklarına göre; Ayşe ve Beril'in aldığı ürünlerin indirimsiz fiyatları arasındaki fark kaç TL'dir?",300,400,500,600,700,B
b6884ccd-94ea-5ff7-95f2-38a1c51af865,TURKCE,"Denemelerinde şiirselliğini koruyan Yves Bonnefoy. Zaman zaman bu yazıların bir şiirden daha yoğun, daha çarpıcı bir gelişimi olduğuna bile rastlıyoruz. Şiirin özünü, şiirsel bir anlatımla, şiiri sorguya çekerek arıyor. Sayısız mumun yandığı bir odada düşünüyor sanki Bonnefoy: Öylesine aydınlık, kaskatı cümleler.

Bu parçadan ""Yves Bonnefoy"" ile ilgili,

I. Duygu ve düşünce zengini bir anlatımı vardır.
II. Kalıcılığı yakalamış bir yazardır.
III. Denemelerinde açık ve akıcı bir dil kullanmıştır.

yargılarından hangileri çıkarılabilir?",Yalnız I,Yalnız II,Yalnız III,I ve II,"I, II ve III",A
78d2eed0-af0e-5513-90e1-758455c28756,MATEMATIK,$\lim_{x \to 2} \frac{x^2-6x+8}{x^2-5x+6}$ ifadesinin değeri kaçtır?,3,2,-1,$\frac{1}{2}$,$-\frac{1}{2}$,C
78e54827-adcd-5e0a-a026-30284f976f8f,MATEMATIK,"$\text{der}[P(x)] = 5$ ve $\text{der}[Q(x)] = 4$ olmak üzere, $\text{der}[x^2 \cdot P(x) + Q^2(x)]$ kaçtır?",6,7,8,9,10,E
a9215e1e-369c-50d7-a465-3bb1bbfe3748,MATEMATIK,"Dört madeni para atma deneyinde 2 tura, 2 yazı gelme olayının eleman sayısı kaçtır?",1,2,4,6,12,D
bf9f096e-ae37-562b-a378-4ea85c4b0f94,TURKCE,"Yansıma sözcükler, mecaz anlamda kullanıldığında ses ve anlam ilişkisi kaybolur. Aşağıdaki cümlelerin hangisinde bu açıklamayı örneklendiren bir kullanım söz konusu değildir?","On beş on altı yaşlarındaki genç İsportacı, turistlerle çatır çatır İngilizce konuşuyordu.",Ara tatilden sonraki ilk sınavda öğrencilerin çoğu patır patır dökülmüş.,"Kadınlar, evin önünde bir taraftan konuşuyor bir taraftan da çıt çıt çekirdek yiyorlardı.","Yeni bir iş yeri arayan amcam, son aylarda işlerinin tıkır tıkır gittiğini söylüyor.","Necip Tosun, daima, renkli ve cıvıl cıvıl öykülerini peşinde olmuştur.",C
c326c966-ce4c-5780-80a3-07cee0ec4cbe,MATEMATIK,"$\frac{x^2-x-2}{x^2-1} \le 0$
eşitsizliğinin en geniş çözüm kümesi aşağıdakilerden hangisidir?","$(- \infty, -1) \cup [1, 2]$","$(1, 2]$","$(-1, 1) \cup [2, \infty)$","$(-1, 1)$","$[-1, 2]$",D
465fb45d-4393-5f98-88e0-aa7fdfbc1171,MATEMATIK,"$a, b$ ve $c$ gerçek sayıları için,
$a+b^2<0<a-b<a-c$
olduğuna göre; $a, b$ ve $c$ sayılarının işaretleri sırasıyla aşağıdakilerden hangisidir?","-, -, -","-, +, -","-, +, +","-, -, +","+, -, +",D
836f95d1-bc9b-5eda-968f-3a76f6d107ee,KIMYA,Kimyasal bir tepkime denkleminde bulunan aşağıdaki maddelerden hangisinin katsayısı uygun bir kesirli sayı olabilir?,$N_{2}O_{4}$,$Mg$,$Fe_{2}O_{3}$,$P_{4}$,$SO_{3}$,D
aae4963b-5a87-5b46-a3f2-a1f8d3768c78,TARIH,"""Memlükler İslam dünyasının koruyuculuğunu yapmışlar- dır."" yargısını; I. Aynicalut Savaşı'nda Moğolların mağlup edilmesi, II. Haçlıların elinde bulunan Suriye kıyılarındaki kalelerin ve Antakya'nın fethi, III. İlhanlıların önünden kaçan Abbasi ailesi üyelerinden El-Müstansır'ın halife ilan edilmesi gelişmelerinden hangilerinin desteklediği savunulabi- lir?",Yalnız I,Yalnız II,I ve II,I ve III,"I, II ve III",E
01ca29d9-8b5e-53c9-a0b7-dd4047fba1b7,TURKCE,"Yaklaşık yedi milyon nüfusa sahip Hong Kong'da yılda iki binden fazla yaya, trafik kazası geçiriyor. Bu oran, akıllı telefonların kullanılmasına bağlı olarak gün geçtikçe artıyor çünkü insanlar karşıdan karşıya geçerken telefonlarına bakmaya devam ediyor. Bu duruma çare arayan yetkililer, çözümü yaya geçitlerindeki işaret sistemini değiştirmekte buldu. Tasarlanan bu sistemde yaya geçiş ışıkları zemine yansıtılıyor. Böylece karşıdan karşıya geçmek isteyen yayalar, kendileri için yeşil mi yoksa kırmızı mı yandığını anlıyor. Henüz deneme aşamasındaki sistemin başarılı olması durumunda ülke genelinde yaygınlık kazanacağı bekleniyor.

Bu parçada söz edilen sistemin geliştirilme amacı aşağıdakilerden hangisidir?",Akıllı telefon teknolojisi aracılığıyla yayalara güvenli bir trafik ortamı sunmak,"Yayaların, karşıdan karşıya geçerken akıllı telefonlarına bakmalarının önüne geçmek","Yayaların, akıllı telefonlarını kullanırken trafik kurallarına takip etmelerini sağlamak",Yayaların karıştığı kazaların nedenlerini bulmak için akıllı telefonlardan yararlanmak,Akıllı telefon kullanımının kazaya neden olduğuna dair yayaları bilgilendirmek,C
37afa2da-0118-54e6-8c8e-9831b27a01a6,MATEMATIK,"$A = \{1, 2, 3\}$ olmak üzere, $f: A \to A$ tanımlanan bir fonksiyon rastgele seçiliyor.
Bu fonksiyon için $f(1) = n+1$ ve $f$ fonksiyonunun bire bir olma olasılığı kaçtır?",$\frac{1}{27}$,$\frac{2}{27}$,$\frac{1}{9}$,$\frac{4}{27}$,$\frac{5}{27}$,B
500158e7-eec9-514b-9c52-fa1ad595326c,MATEMATIK,İşleminin sonucu kaçtır? $\frac{3}{4} \div \frac{1}{8} - \frac{4}{5} \div \frac{5}{5}$,$\frac{1}{2}$,$\frac{1}{3}$,$\frac{2}{3}$,$\frac{2}{5}$,$\frac{5}{3}$,D
92cb4774-ed39-57bd-a89a-ef84371ad3b4,MATEMATIK,"İkinci dereceden $P(x)$ polinomu için,
$P(x)-(a-1)x^2+4x^2+3x+a$
eşitliği veriliyor.
Buna göre, $P(a)$ kaçtır?",1,7,8,9,12,C
24aea5a4-59a7-5d94-9603-d52d7c825125,MATEMATIK,"Bir çubuk eşit uzunlukta 4 parçaya bölündüğünde her bir parçanın uzunluğu $\log_2(x)$ birim, eşit uzunlukta 10 parçaya bölündüğünde her bir parçanın uzunluğu $\log_2 \frac{1}{x^2}$ birim olmaktadır. Buna göre, çubuğun uzunluğu kaç birimdir?",5,8,10,12,15,C
8bafb547-df57-55c2-a8ae-ace9d3621670,MATEMATIK,$x^{\log_x x^2-1} = 27 \cdot x^{-1}$ denkleminin kökleri toplamı kaçtır?,$\frac{79}{3}$,$\frac{80}{3}$,$\frac{82}{3}$,$\frac{85}{3}$,$\frac{86}{3}$,B
8916e70b-4274-5506-8a6a-a554da57569b,MATEMATIK,"Bir restoranda porsiyonu 12 TL olan ve 15 TL olan yemeklerden 24 porsiyon sipariş edilmiştir. Siparişlerin toplam tutarı 315 TL olduğuna göre, siparişlerin kaç porsiyonu 15 TL'liktir?",9,15,12,13,11,E
d9d6cae4-8fc5-5e39-9792-69bd6fdc6d55,TURKCE,"Deneyci yaklaşıma sahip bir isim olan Claude Bernard: sezgi, akıl ve gözlem gibi üç temel unsur üzerine düşünce sistemini kurmuştur. Düşüncenin hareketli, geçici için geçerli, olgulara dayalı olmak gibi, gözleme yönlenmek için de gözlemleri gerekli görür. Hippolyte Taine ise sanat ve edebiyatın tıpkı tarih ve psikoloji gibi bilime ait ilkelerle açıklanabileceği fikrindedir. Ona göre duygu ve fikir dünyasıyla da madde dünyası gibi değişmeyen yasalar vardır. İnsan ruhunun yapısı, tıpkı bir canlınınki gibi kendine ait bir sistem içindedir. ----
Bu parça, düşüncenin akışı yönünden
I. Ona göre sanat; gerçekliği olduğu gibi yansıtarak taklit etmemekte, gerçeğe dair unsurlar arasındaki bağlantıları imlemektedir.
II. Onun bilimsel eleştiri anlayışı ""Sanat nedir?"" sorusu temelinde şekillenir.
III. Bu bağlantılar sanatın asıl içeriğini anlamak için gereklidir ancak yeterli değildir.
IV. Eseri oluşturan unsurlar; karakterler, durumlar, olaylar, eylemler ve biçem belli bir uyum içinde olmalı, ortaya çıkan her etki eserin sonunda birleşmelidir.
cümlelerinin hangi sıralamayla anlamlı bir bütünlüğe kavuşur?",I - III - IV - II,II - III - I - IV,III - I - II - IV,II - I - III - IV,III - II - I - IV,D
d19f7ce8-8cf4-5e3b-b324-3dc1556714b2,MATEMATIK,"Gerçek sayılar kümesi üzerinde $f$ ve $g$ fonksiyonları $f(x) = (a+2) \cdot x^3$ $g(x) = (2a+3) \cdot x^2$ biçiminde tanımlanıyor. $f'(\frac{1}{2}) = g'(\frac{1}{5})$ olduğuna göre, $a$ kaçtır?",-1,2,3,4,6,E
6663a1bf-7df7-56d0-8f02-c66fa4d78154,MATEMATIK,"İnternet üzerinden satış yapan bir firma, sipariş sayısına göre ürünlerinin fiyatını değiştirmektedir. Bir siparişte en fazla 20 ürün sipariş verilebilmektedir.
Firmanın fiyat sistemi aşağıda verilmiştir.
• Tek ürünün fiyatı $60 \text{ TL}$ dir.
• 1 den fazla sipariş verilen her bir ürün için $2 \text{ TL}$ indirim yapılmaktadır.
Örneğin, 6 tane ürün siparişinde her bir ürünün adet fiyatı $50 \text{ TL}$ olup toplamda $6 \cdot 50 = 300 \text{ TL}$ ödenmektedir.
Bu siteden alışveriş yapan bir kişi $480 \text{ TL}$ ücret ödediğine göre, bu kişi kaç adet ürün siparişi vermiş olabilir?",12,14,15,17,18,E
d02d7d12-7d48-5436-aa51-b19b84e65f7c,MATEMATIK,"Uygun koşullar altında, $f(x) = 4x - 3$ ve $(fof)(x) = 7x + 4 + 2g(x)$ olduğuna göre, $g(-1)$ kaçtır?",0,1,2,3,4,D
18199483-92f6-5040-bdb5-42cbd8b24381,MATEMATIK,"$44$ cm uzunluğundaki bir tel bükülerek bir dikdörtgen yapılıyor.
Bu dikdörtgenin kısa kenarı $x$ cm, alanı $A$ cm$^2$ olduğuna göre
$120 < A < 121$
eşitsizliğini sağlayan $x$ değerlerinin aralığı aşağıdakilerden hangisidir?","$(8, 9)$","$(9, 10)$","$(10, 11)$","$(10, 12)$","$(11, 12)$",C
2fb5ff03-fe4c-5ad5-8c60-44158eef8cb2,KIMYA,"$_{12}^{24}X$ ile $_{12}^{24}Y$ element atomları birbirinin izotonudur.
Buna göre $_{12}^{24}X$ element atomuyla ilgili
I. Kütle numarası ($A$) $23$'tür.
II. $_{12}^{24}X$ ile birbirinin izotopudur.
III. $Y^+$ ile izoelektroniktir.
ifadelerinden hangileri doğrudur?",Yalnız I,Yalnız II,I ve III,II ve III,"I, II ve III",B
6942f268-9c33-52e2-939a-721d80729948,MATEMATIK,"$ (a_n) $ geometrik dizisinin ilk $n$ terim toplamı $S_n$ olmak üzere $S_4 = 15 + a_1$ ve $S_5 = 62$ olduğuna göre, $a_1$ kaçtır?",5,4,3,1,2,E
18b3e094-65be-5e0d-8925-5ddf600971c3,MATEMATIK,"EKOK(72, 12) / EBOB(36, 42) oranı aşağıdakilerden hangisine eşittir?",14,12,10,8,6,B
6b3c1cb2-ba40-59ef-8aee-a5abfe3bcfb2,MATEMATIK,$x$ bir gerçek sayı olmak üzere $\frac{5x-4}{2} \le 18$ olduğuna göre $x$'in değer aralığı aşağıdakilerden hangisidir?,"$[\frac{32}{5}, \infty)$","$(- \infty, 8]$","$[8, \infty)$","$(- \infty, 8)$","$[\frac{18}{5}, \infty)$",B
fd5777b4-f4f6-564e-8d5d-328480402e1f,GEOMETRI,"Dik koordinat düzleminde, $A(3,6)$ noktasının $y=mx$ doğrusuna göre simetrilerinin geometrik yer denklemi nedir?",$(x-3)^2+(y-6)^2=18$,$x^2+y^2=27$,$(x+3)^2+(y-6)^2=45$,$x^2+y^2=45$,$x^2+(y-3)^2=36$,D
ba1a4a0b-b660-5ea6-a273-cdc66f98be01,TURKCE,"Kendi yazdığınız bir metni nesnel bir bakış açısıyla değerlendirebilmek, pratikte bir yere kadar mümkün olabilse de kavramsal olarak imkansız bir eylem. El yordamıyla, ağır aksak ilerlediğim yazım yolunda, zaman zaman bir metin yazma ordinatöründen “Okuyucu aynen devam et ya da mantıklı yoldan biraz toparla.” diyen tabelaların önüme çıkması, önemi yadsınamaz bir destek.

Bu parçada aşağıdakilerden hangisinin önemi vurgulanmaktadır?",Yazınsal birikimin,Eleştirmenlerin,Dil yetkinliğinin,Öngörülerin çeşitliliğinin,İçgüdülerin zenginliğinin,B
142775ee-0236-5cfd-a701-4c1c9e6846ea,MATEMATIK,"Aşağıdaki haritada, A ile B kentleri arasındaki bir yolda trafiğin akıcı olduğu yerler mavi renkle, trafiğin yoğun olduğu yerler ise kırmızı renkle gösterilmektedir. A kentinden yola çıkan bir otomobil trafiğin akıcı olduğu yerlerde saatte 72 km, trafiğin yoğun olduğu yerlerde ise saatte 18 km sabit hızla giderek B kentine varmıştır. Eğer bu yolun tamamında akıcı trafik olsaydı otomobil B kentine 15 dakika daha erken varabilecekti. Buna göre, otomobilin trafiğin yoğun olduğu yerlerde geçirdiği toplam süre kaç dakikadır?",16,20,24,28,32,B
f088f09a-e4c0-54c8-81cc-2953ae21c904,MATEMATIK,"5 kişilik bir sırada, 1. kişi 1 TL, 2. kişi 2 TL, 3. kişi 3 TL, 4. kişi 4 TL, 5. kişi 5 TL ödüyor. Bu sırada olan Elif ve Fatih'in toplamda 7 TL ödemiş olma olasılığı kaçtır?",$ \frac{1}{5} $,$ \frac{2}{5} $,$ \frac{3}{5} $,$ \frac{1}{10} $,$ \frac{3}{10} $,A
3cbdd50b-f53c-51ee-8947-8de7ada65100,MATEMATIK,$f(x) = \arctan(\frac{x}{5}-1)$ fonksiyonunun tersi aşağıdakilerden hangisidir?,$5+\tan 2x$,$1+\tan 5x$,$5+\tan x$,$1+5\tan x$,$5(1+\tan x)$,E
4f8cda3f-7e17-5bf4-98ac-8e986a17a17e,KIMYA,$25$ °C de çözünürlüğü $1.10^{-4}$ mol/litre olan $AB_2$ tuzu için; I. Çözünme denklemi $AB_{2(k)} \rightleftharpoons A^{2+}_{(suda)} + 2B^{-}_{(suda)}$ şeklindedir. II. Çözünürlük çarpımı ($K_{çç}$) $4.10^{-12}$ dir. III. Aynı sıcaklıkta $20$ litre çözeltide $2.10^{-3}$ mol çözünür. yargılarından hangileri kesinlikle doğrudur? ($AB_2$ suda az çözünen bir tuzdur.),Yalnız I,Yalnız II,Yalnız III,I ve II,"I, II ve III",D
f985a319-f832-5b32-8f8d-a6ff8f03c979,FIZIK,Bir fotoelektrik olayda kopan elektronların oluşturduğu fotoelektrik akımın maksimum değeri bazı değişkenlere bağlıdır. Buna göre I. metal yüzeye düşürülen ışığın şiddeti II. elektronların metale bağlanma enerjisi III. metal yüzeye düşürülen fotonların enerjisi niceliklerinden hangileri maksimum akım şiddetini etkiler?,Yalnız I,Yalnız II,Yalnız III,I ve II,"I, II ve III",A
e89c04df-8b4c-53a0-93fe-dd69e744f757,TARIH,Yeni Türk Devleti'nde 3 Mart 1924 tarihinde gerçekleşen inkılap aşağıdakilerden hangisidir?,Halifeliğin Kaldırılması,Saltanatın Kaldırılması,Cumhuriyetin İlanı,Kapitülasyonların Kaldırılması,Soyadı Kanunu,A
65fcaa40-8d15-55b1-b035-b8217882dc66,KIMYA,"Yukarıdaki kaplarda bulunan çözeltilere daldırılan metallerden sadece X metali aşınmaktadır. Buna göre, metallerin aktiflik sırası aşağıdakilerden hangisinde doğru verilmiştir?",$X > Y > Z$,$X > Z > Y$,$Z > X > Y$,$Z > Y > X$,$Y > X > Z$,B
f1a3c50c-a6a0-53a1-ad37-d1e67760e64f,MATEMATIK,"a, b, c birer gerçek sayı ve $a > 0$ olmak üzere,

$a \cdot b > 4$
$a \cdot c > 8$
$3b + 2c < 7$

olduğuna göre a'nın alabileceği en küçük tam sayı değeri kaçtır?",3,4,5,6,7,E
b180fe28-9904-5bb1-8df1-1d333442a983,TURKCE,"(I) İyi meyveler veren bir fındık ağacı yetiştirebilmek için dikim ve budama işlemleri için püf noktasıdır. (II) Ortalama 35 veya 40 santimetre uzunluğunda kesilen fidanlar, çok bekletilmeden dikim çukurunda dikilmelidir. (III) Sonbahar mevsimi, dikim için ideal dönemdir. (IV) Eğer geç kalınmışsa kışı soğuk geçen bölgelerde dikim ilkbaharda da yapılabilir. (V) Gübreleme, fındık ağacının genel bakımında çok önemlidir. (VI) Dalların kurumamasını veya hastalanmamasını önlemek için her sene düzenli şekilde gübreleme yapılmalıdır. (VII) Elbette gübreleme yapmanın bazı önemli kuralları vardır. (VIII) Çünkü bilinçsizce yapılan gübrelemeler zarar verici olabilir.
Bu parça, iki paragrafa ayrılmak istense ikinci paragraf numaralanmış cümlelerin hangisi ile başlar?",III,IV,V,VI,VII,C
9bc8ae7f-50e5-5792-b0b0-b176efeead39,KIMYA,"$25 \text{ }^\circ\text{C}$'de hazırlanan 0,1 molar 1 litre HX sulu çözeltisinde toplam iyon derişimi 0,2 molardan azdır.
Buna göre,
I. Çözeltinin pH değeri birden büyüktür.
II. HX'in iyonlaşma sabiti ($K_a$), $0 < K_a < 1$ aralığındadır.
III. Sulu çözeltisinde 0,1 mol X$^-$ iyonu bulunur.
yargılarından hangileri doğrudur?",Yalnız I,Yalnız II,Yalnız III,I ve II,"I, II ve III",D
655d250a-ea52-570a-8a6b-51290e01e025,MATEMATIK,$f(x)=3x^2-6x$ parabolünün $x=-1$ ve $x=2$ doğruları ile $x$ ekseni arasında kalan kapalı bölgenin alanı kaç birimkaredir?,1,2,4,6,8,E
f23c5f9f-63fe-5657-8869-85cce0bc3412,MATEMATIK,"$a$ bir gerçek sayı olmak üzere, $x+1 \le a$ eşitsizliği ile ilgili aşağıdakiler bilinmektedir. $x=0$ bu eşitsizliği sağlar. $x=4$ bu eşitsizliği sağlamaz. Buna göre, $a$ sayısının alabileceği değerleri ifade eden en geniş aralık aşağıdakilerden hangisidir?","$[0, 4)$","$[1, 5)$","$[1, 4]$","$[1, 4)$","$[1, 5]$",B
ab29e6e1-5216-549e-a8af-53a686299b5a,EDEBIYAT,Aşağıdakilerin hangisinde özellikle şiirde etkili olan akımlar bir arada verilmiştir?,Sembolizm - parnasizm - fütürizm,Klasisizm - realizm - sürrealizm,Romantizm - natüralizm - parnasizm,Egzistansiyalizm - kübizm - realizm,Natüralizm - sembolizm - Dadaizm,A
9ad21ed8-82ad-5226-b467-3cd41d0b05fe,KIMYA,"Modern atom modeliyle ilgili;
I. Yüksek enerji düzeyinde bulunan elektron dü-şük enerji düzeyine inerse aradaki enerji far-kına eşit enerjide ışık yayılır.
II. Elektronun yeri ve hızı aynı anda tespit edile-mez.
III. Elektronların bulunma olasılığının yüksek ol-duğu bölgelere orbital denir.
yargılarından hangileri doğrudur?",Yalnız II,Yalnız III,I ve II,II ve III,"I, II ve III",E
7e8416db-360c-54af-9464-c81423d76dc5,MATEMATIK,"$0 \le t \le 3600$ olmak üzere, saat 12:00'den itibaren $t$ saniyede akrep ile yelkovan arasındaki küçük açının ölçüsünü belirten fonksiyon $f(t)$'dir. Akrep ile yelkovan arasındaki iki açının ölçüsü eşit ise $f(t)$ bu iki açı ölçüsünden herhangi birine eşittir. Buna göre, I. $f$ artan fonksiyondur. II. $f$ bir bire bir fonksiyondur. III. $f$, en büyük değerini, $1800 < t < 3600$ koşulunu sağlayan bir $t$ değeri için alır. ifadelerinden hangileri kesinlikle doğrudur?",Yalnız I,Yalnız II,Yalnız III,I ve III,II ve III,C
53854925-6d1f-5f8d-8f40-210f8842bda7,MATEMATIK,"Doğrusal olarak hareket eden bir hareketlinin saat olarak zamana bağlı yol değişimi km cinsinden, $f(t) = t^3 + 2t - 5$ olarak tanımlanmıştır. Buna göre, bu hareketlinin 2. saatteki anlık hızı kaç km/sa tir?",4,5,6,7,8,E
a59aa582-f8db-5471-be44-2b26ed8d5567,MATEMATIK,"İlk 10 teriminin toplamı, ilk 5 teriminin toplamının 244 katına eşit olan bir geometrik dizinin ortak çarpanı kaçtır?",$\frac{3}{2}$,2,$\frac{5}{2}$,3,4,B
5d3d9574-7549-55ac-be9a-422fc8b87b8e,TURKCE,"(I) Veteriner hekim ya da eski adıyla baytar, tıp uygulamalarını hayvanlar üzerinde uzmanlıkla yapan kişidir. (II) Hayvanların beslenmelerine, hastalıklarına, rahatsızlıklarına uzmanlıkla müdahale eder. (III) Koruyucu hekimlik uygulamalarıyla hastalıkları daha oluşmadan önler, hayvan hastalıklarının ve parazitlerin kontrol altına alınması için araştırmalar yapar. (IV) Salgın hayvan hastalıklarının önüne geçilmesi için her türlü tedbiri alır. (V) Veteriner hekim olmak isteyen kimsenin normalin üzerinde bir yeteneğe sahip, inceleme ve araştırmaya meraklı olması gerekir. (VI) Ayrıca iyi gözlem yapabilmesi, fen bilimlerine özellikle biyoloji ve kimyaya ilgi duyması, hayvanlarla ilgilenmekten hoşlanması gerekir. Bu parça iki paragrafa ayrılmak istense ikinci paragraf numaralanmış cümlelerin hangisiyle başlar?",I,II,III,IV,V,E
087029da-f74b-5893-bad5-3ad89e79caad,MATEMATIK,$x^2-|2x|<48$ eşitsizliğini sağlayan kaç tane $x$ tam sayısı vardır?,15,14,13,12,11,C
76d7cfd5-746f-5c6c-be51-018ba1c91314,MATEMATIK,"Toplam 127 adet avize bulunan bir mağazaya verilen sipariş ve gelen ürün sevkiyat sayıları aşağıda verilmiştir. Mağaza, siparişleri göndermiş ve gelen sevkiyatları dükkânına yerleştirmiştir. Buna göre son durumda mağazada bulunan toplam avize sayısı kaçtır?",71,76,79,82,87,D
2c078b1a-3954-562a-9f0d-89ea0f511620,MATEMATIK,"Türevlenebilir bir $f(x)$ fonksiyonu için $f'(x) = \frac{1}{F(x)}$ olduğuna göre, $\int \frac{f(x)}{x} dx - \int \frac{1}{x} \cdot \frac{1}{F(x)} dx$ ifadesi aşağıdakilerden hangisine eşittir?",$f(x) + c$,$\frac{f(x)}{x^2} + c$,$\frac{f(x)}{x} + c$,$\frac{f(x)}{F(x)} + c$,$\frac{F(x)}{x} + c$,C
abadb1be-3581-53e7-9b25-3cd817d65669,MATEMATIK,"Sürati $v_1$ olan bir araç, bir A noktasından hareket edip 1 saat sonra süratini $2v_1$ yaptığı anda A noktasından aynı yönde sürati $v_2$ olan bir başka araç yola çıkıp 4 saat sonra öncekine yetişiyor.

Buna göre, $\frac{v_1}{v_2}$ kaçtır?",$\frac{1}{5}$,$\frac{2}{3}$,$\frac{4}{9}$,$\frac{3}{7}$,$\frac{2}{9}$,C
8e9945c1-c1b2-5f43-a30d-466c556124b4,TURKCE,"Böyle öykülerde, hayatın herhangi bir anında yakalanan karenin çoğaltılmasıyla ortaya çıkan olay ve durumlar, sözcüklerin diliyle resmedilir. Bu kare, bazen bir portre olur bazen bir durum. Ama öykü hep görüntülere yaslanır. Yazar, metin boyunca gördüğü, algıladığı fotoğrafı canlandırmaya; “eşyayı görünür hâle getirmeye” çalışır. Ama elbette görüntünün dilini değil, kendi dilini kullanmak durumundadır. Öykücü; gördüğü fotoğrafı sözcüklerle çizer, amacı canlandırmadır, göstermedir. Ancak gördüklerine mahkûm değildir. Çünkü onu sözcüklerle değiştirme, dönüştürme olanağına sahiptir.
Bu parçada aşağıdakilerden hangisinden söz edilmektedir?",Öyküde hayal gücü,Öyküde anlatıcı ses,Öykü dili,Öyküde betimleme,Öyküde atmosfer,D
ab778423-b13f-5dcf-bc7f-9e3075eeab0a,MATEMATIK,"$	an(x+3y) = 5$ ve $	an(2y+x) = 4$ olduğuna göre, $\cot y$ kaçtır?",14,15,18,21,24,C
6f96a1e9-61b5-5e88-808b-5a655e0722a2,KIMYA,"İki basamakta gerçekleşen bir tepkimenin mekanizması aşağıdaki gibidir.
$A_{(g)} + B_{(g)} \xrightarrow{Yavaş} C_{(g)}$
$C_{(g)} + D_{(g)} \xrightarrow{Hızlı} A_{(g)} + E_{(g)}$
Buna göre, tepkimenin hız bağıntısı ve denge bağıntısı aşağıdakilerden hangisinde doğru verilmiştir?","Hız bağıntısı: $k[A][B]$, Denge bağıntısı: $\frac{[C]}{[A][B]}$","Hız bağıntısı: $k[A]$, Denge bağıntısı: $\frac{[C]}{[A]}$","Hız bağıntısı: $k[B][D]$, Denge bağıntısı: $\frac{[E]}{[D]}$","Hız bağıntısı: $k[D]$, Denge bağıntısı: $\frac{[E]}{[D]}$","Hız bağıntısı: $k[A]$, Denge bağıntısı: $\frac{[E]}{[D]}$",E
eb9c304f-a05e-57aa-8196-73ff2b016442,MATEMATIK,"$(a_n)$ bir aritmetik dizi olmak üzere, $2a_1+a_2=5$ ve $a_2+2a_3=3$ eşitlikleri veriliyor. Buna göre, $(a_n)$ dizisinin genel terimi aşağıdakilerden hangisidir?",$2n$,$2-n$,$2n-3$,$3-2n$,$n+4$,C
f61cfa35-8613-5d7d-9ad8-c92505eeb22a,MATEMATIK,"Ağırlıkça %20'si su olan $x$ litrelik bir karışıma 30 litre daha su ilave edilmesiyle karışımdaki su oranı %36 olmaktadır. Buna göre, $x$ kaçtır?",80,90,100,120,150,E
95630ebd-72b0-5b4c-a128-46790180f1c1,EDEBIYAT,"Çeyizim sandıkta basılı kaldı / Kınalar ellerde yakılı kaldı / Bayrağım ağaçta asılı kaldı / Doğumun mahşere kaldı neyleyim
Bu dörtlüğün anlam ve şekil özellikleri göz önünde bulundurulduğunda aşağıdakilerin hangisinden alınmış olabilir?",Varsağı,Türkü,Ağıt,Mani,Koçaklama,D
5a5ebe2e-8c69-5f28-ab52-241126e0e09b,TURKCE,"(I) 1947 yazında Toroslar'ın bin beş yüz metre yüksekliğindeki köyümde, öğlen üstü motor sesleri duyuldu. (II) Neler oluyor demeye kalmadan, üzerinde öğle güneşi parlayan, cam gözlü bir araç belirdi yolun ağzında. (III) Pikabın tekerleri, cami demirlerinin gözleri taka basa çamurla doluydu. (IV) Kalın bir tiftik keleri, kocaman pikap, köy meydanının ortasında durduğu anda kahve boşaldı, herkes pikaba doğru koşuştu. (V) Köyümüzde araç yolu olmadığı için yolcu, uzun bir yolculuktan sonra köyümüze gelebilmişlerdi. Bu parçada numaralanmış cümlelerden hangileri yer değiştirilirse parçanın anlam bütünlüğü sağlanmış olur?",I ile III,II ile V,III ile IV,III ile V,IV ile V,B
f87e1672-70bb-5c58-9e7c-236ee5bd0074,MATEMATIK,"Ardışık $x$ tane pozitif tam sayının oluşturduğu dizinin aralığı 22 olduğuna göre, dizinin medyanının alabileceği iki basamaklı kaç farklı değer vardır?",84,86,87,88,90,D
8582ea38-2625-580a-b8a0-b87d248965bb,BIYOLOJI,"Aşağıdaki olaylardan hangileri bütün canlılara ortak özelliklerindendir?
I. Solunum yapma
II. Ototrof beslenme
III. Organizasyona sahip olma
IV. Aktif yer değiştirme",Yalnız I,Yalnız II,I ve II,I ve III,"I, II ve III",D
735d8498-d714-5169-8b60-783d199d9286,KIMYA,"0,1 molar HCOOH çözeltisinin pH değeri 4'tür.
Buna göre, HCOOH çözeltisi ile ilgili,
I. Zayıf asittir.
II. Suda iyonlaşma denklemi,
$\mathrm{HCOOH}_{(\mathrm{suda})} \rightleftharpoons \mathrm{HCOO}_{(\mathrm{suda})}^{-} + \mathrm{H}_{(\mathrm{suda})}^{+}$ şeklindedir.
III. Suda % 100 iyonlaşır.
yargılarından hangileri doğrudur?",Yalnız I,Yalnız II,I ve II,I ve III,"I, II ve III",C
05088947-78ed-5e55-838c-f687a3556d98,MATEMATIK,"Kemal, bir kitabı aritmetik dizi oluşturacak biçimde okumuştur. n. günün sonunda toplam $n^2+5n$ sayfa okuduğuna göre, 10. gün kaç sayfa okumuştur?",16,20,24,25,30,C
2f5f6cdc-2807-5484-95dc-d871d664e9d7,EDEBIYAT,Abdülhak Hamit Tarhan ile ilgili aşağıdaki yargılardan hangisi yanlıştır?,"Şiirlerinde özellikle ""ölüm, ben ve tabiat"" temaları öne çıkar.","Hacılı adlı şiiri, tabiat tasvirlerini içeren ilk şiir örnekleri arasındadır.","Makber ve Ölü adlı şiirlerle metafizik, ölüm, kişisel hisler ve acı kavramlarını ön plana çıkarır.",Şiirlerinin bazılarında bilinçli bir şekilde Türkçe kullanımı ağır basarken bazılarında Farsça ve Arapçanın baskınlığı göze çarpar.,Şiirlerinde romantizm akımının da etkisiyle akıl ve düşünceden çok duygu ve hayale önem verir.,B
be3ca7df-c99e-5f4a-bf49-5961409152e4,MATEMATIK,$3x+4(x-1)=x+2$ denkleminin çözüm kümesi aşağıdakilerden hangisidir?,{-1},{0},{1},{2},{3},C
dce258ad-7511-5298-bc48-89bf1d53fec2,MATEMATIK,"$a = \sin(40^\circ)$, $b = \sec(40^\circ)$, $c = \tan(40^\circ)$ olduğuna göre, $a$, $b$ ve $c$ sayılarının doğru sıralanışı aşağıdakilerden hangisidir?",$a < b < c$,$a < c < b$,$b < a < c$,$b < c < a$,$c < a < b$,B
cafed5e0-619c-598c-b4ae-04a2f92e7f8c,MATEMATIK,"$f$ ve $g$ doğrusal fonksiyonları $f(x) = 2x+3$ ve $g(x) = 2-x$ biçiminde tanımlanmıştır. $h(x) = 3 ullet f(x) + 2 ullet g(x)$ olduğuna göre, $f(x) = a ullet h(x) + b ullet g(x)$ eşitliğini sağlayan $a$ ve $b$ gerçek sayıları için $a-b$ farkı kaçtır?",-2,-1,0,1,2,B
042de22d-0011-5580-8ce5-cfd9fbad8818,MATEMATIK,"24, 48 ve 84 sayılarının EBOB'u aşağıdakilerden hangisidir?",2,3,6,8,12,E
2d972dfb-a31a-553f-ba19-57e5129e7d97,FIZIK,"Birbirine karışmayan $10 \text{ }^\circ\text{C}$ sıcaklığındaki su ve zeytinyağı bir kaba konuluyor. Suyun kaynama sıcaklığı $100 \text{ }^\circ\text{C}$, zeytinyağınınki $120 \text{ }^\circ\text{C}$ dir.
Karışım ocakta ısıtmaya başlayınca,
I. Karışımın sıcaklığı $100 \text{ }^\circ\text{C}$'ye kadar sürekli artar.
II. $100 \text{ }^\circ\text{C}$ sıcaklıkta su bitinceye kadar karışımın sıcaklığı sabit kalır.
III. $119 \text{ }^\circ\text{C}$ sıcaklığında kapta yalnız zeytinyağı vardır.
yargılarından hangileri doğrudur?",Yalnız I,Yalnız II,I ve II,II ve III,"I, II ve III",D
2d7177cf-6695-5c59-86d2-89a97bd7c31c,BIYOLOJI,"Hücre zarında gerçekleşen madde taşınması olaylarından bazıları aşağıda verilmiştir.
K $\rightarrow$ Az yoğun ortamdan çok yoğun ortama doğru suda çözünen moleküllerin geçmesidir.
L $\rightarrow$ Sıvı hâlde olan makromoleküllerin hücre içine alınmasıdır.
M $\rightarrow$ Salgı maddelerinin bir kese yardımıyla hücreden uzaklaştırılmasıdır.
N $\rightarrow$ Tatlı su ortamında yaşayan tek hücreli bir canlıda, hücre içine doğru sürekli suyun geçmesidir.
P $\rightarrow$ Yağda eriyen vitaminlerin çok yoğun olduğu ortamdan hücre içine doğru geçmesidir.
Bu madde geçişleri ve adları ile ilgili aşağıdaki eşleştirmelerden hangisi yanlıştır?",K $\rightarrow$ Aktif taşıma,L $\rightarrow$ Pinositoz,M $\rightarrow$ Ekzositoz,N $\rightarrow$ Osmoz,P $\rightarrow$ Endositoz,A
d9086bfc-1525-538c-a05c-427b020825ab,KIMYA,"X metalinin HCl sulu çözeltisine atılmasına ilişkin tepkime denklemi aşağıda verilmiştir.
$X(k) + 2HCl(suda) \to XCl_2(suda) + H_2(g)$
Buna göre, X elementinin periyodik cetveldeki yerinin bulunabilmesi için,
I. harcanan X'in kütlesi,
II. oluşan $H_2$ gazının mol sayısı,
III. X'in nötron sayısı
niceliklerinden en az hangileri bilinmelidir?",Yalnız I,Yalnız II,I ve II,II ve III,"I, II ve III",C
f6d69c53-af23-58dc-918b-85659afb8a25,TARIH,"TBMM'nin 20 Nisan 1924'te kabul ettiği 1924 Anayasası'nın birinci maddesinde ""Türkiye Devleti bir cumhuriyettir."" ikinci maddesinde ise ""Türkiye Devleti'nin dini İslam'dır, resmî dili Türkçedir, başkenti Ankara şehridir."" denilmiştir. Bu bilgiler doğrultusunda 1924 Anayasası ile ilgili aşağıdakilerden hangisine ulaşılamaz?",Millet egemenliğini esas aldığına,Laik bir yapıda olmadığına,Ulusçu bir karakter taşıdığına,Değiştirilemez nitelikte olduğuna,Cumhuriyetçilik ve Halkçılıkla ilgili olduğuna,D
5d3fb4a4-4b33-5793-b3a1-95b26ea435f8,MATEMATIK,"a, b ve c sıfırdan farklı tam sayılar olmak üzere, $a-b=c$ olduğuna göre, I. c çift sayı ise b tek sayıdır. II. a çift sayı ise b çift sayıdır. III. c tek sayı ise b çift sayıdır. ifadelerinden hangileri her zaman doğrudur?",Yalnız I,Yalnız II,I ve II,Yalnız III,II ve III,B
0c189fea-c980-5e8d-b99b-4017aed0563e,MATEMATIK,"$a = \sec \frac{7\pi}{6}$ $b = \csc \frac{5\pi}{3}$ $c = \cot \frac{3\pi}{4}$ olduğuna göre a, b ve c'nin işaretleri sırasıyla aşağıdakilerden hangisidir?","$-$, $+$, $+$","$+$, $+$, $-$","$-$, $+$, $-$","$-$, $-$, $+$","$+$, $-$, $+$",C
e08ceb2f-e6d4-51d6-a716-595b17d76380,MATEMATIK,"Sude içinde kırkar soru bulunan iki adet matematik denemesi ve içinde yirmişer soru bulunan iki adet fen denemesi çözmüştür.
Sude'nin çözdüğü bir matematik denemesindeki doğru cevapladığı soru sayısı ile bir fen denemesindeki doğru cevapladığı soru sayısı farkı 27 diğer matematik denemesindeki doğru cevapladığı soru sayısının diğer fen denemesindeki doğru cevapladığı soru sayısından farkı 15'tir.
Sude'nin matematik denemelerindeki doğru cevap sayısından, fen denemelerindeki doğru cevap sayısından fazla olduğuna göre bu dört denemede doğru cevap sayılarının ortalaması en çok kaç olabilir?",24,27,28,31,32,E
6612d699-f335-5107-9e1b-154dcc534f03,FIZIK,"Direnç, bobin ve sığacın seri bağlı olduğu bir alternatif akım devresi rezonans hâlindedir. Alternatif gerilim kaynağının frekansı azaltıldığında rezonansın bozulduğu gözlemleniyor. Buna göre devrenin tekrar rezonans hâline gelmesi; I. sığacın sığasını artırmak, II. bobinin indüktansını azaltmak, III. alternatif gerilimin maksimum değerini yükseltmek değişikliklerinden hangilerinin tek başına yapılmasıyla sağlanabilir?",Yalnız I,Yalnız II,Yalnız III,I ve II,II ve III,B
00a7935c-34f0-54f4-8920-4ae20ca3d6a7,BIYOLOJI,"Hücrelerde madde alışverişinin yeterli olmadığı durumlarda, hücrenin daha hızlı difüzyon yapması gerekebilir. Bu durumda hücre, enzimler yardımıyla maddelerin difüzyonunu hızlandırıp, kolaylaştırabilir. Moleküllerin zardan bir taşıyıcı yardımıyla geçişine kolaylaştırılmış difüzyon denir. Bu madde geçiş olay; I. maddelerin çok olarak bulundukları yerden az olarak bulundukları yere taşınması, II. hücre içine alınan moleküllerin zardaki porlardan geçebilecek boyutta olması, III. hücre zarından geçiş sırasında, ATP enerjisinin kullanılması özelliklerinden hangilerine sahiptir?",Yalnız I,Yalnız II,Yalnız III,I ve II,II ve III,D
dc312558-acf4-52d7-a6d5-5bbaba2f675f,KIMYA,"Periyodik sistemin aynı yatay sırasında bulunan X, Y ve Z baş grup elementleri ile ilgili bilgiler şu şekildedir: • X'in elektron alma eğilimi Y'ninkinden daha fazladır. • Z'nin birinci iyonlaşma enerjisi X'inkinden daha azdır. Buna göre; X, Y ve Z elementlerinin periyodik sistemde-ki yerleri aşağıda verilenlerden hangisi olamaz?",X Y Z,Y X Z,Z Y X,Y Z X,Z X Y,D
0f6f7b3a-005f-5037-bbf6-bd0f02d410bc,MATEMATIK,"$a, b$ ve $c$ negatif tam sayılar için, $a \cdot b = 24$ ve $b \cdot c = 60$ olduğuna göre, $a+b+c$ toplamı en fazla kaçtır?",-16,-17,-19,-23,-32,C
ecaf6680-c253-5d0e-a445-82b4b68b8147,MATEMATIK,"$y=f(x)$ fonksiyonu için, $f''(x) = 12x$'dir. $x=1$ apsisli noktasındaki teğetinin eğimi $13$'tür. $f(2)=32$'dir. Yukarıda verilen bilgilere göre, I. $f(0)=2$'dir. II. $f(x)$ fonksiyonunun $x=2$ apsisli noktasındaki teğetinin eğimi $31$'dir. III. $f(x)$ fonksiyonu daima artan bir fonksiyondur. ifadelerinden hangileri doğrudur?",Yalnız I,I ve II,I ve III,II ve III,"I, II ve III",B
574a855b-82df-5c6f-9aa1-725b06af7eeb,MATEMATIK,"Dik koordinat düzleminde, $A(2, 4)$ ve $B(-2, 2)$ noktalarına eşit uzaklıkta bulunan noktaların geometrik yer denklemi aşağıdakilerden hangisidir?",$2x + y = -3$,$2x + y = 3$,$x + y = 3$,$x - y = 3$,$y = -x$,A
b11435a2-9aef-514e-821b-53964b6cf96c,MATEMATIK,"$f: \mathbb{R} \to \mathbb{R}$ türevlenebilir fonksiyonu için $f(1)=3$ eşitliği veriliyor. $\lim_{x \to 1} \frac{f(x)-3}{x^2-1}$ olduğuna göre, $f(x)$ fonksiyonu aşağıdakilerden hangisi olabilir?",$f(x) = 3(x-2)^2$,$f(x) = x^2+x-x$,$f(x) = x^3+2x$,$f(x) = x^2+x+1$,$f(x) = 2x^2+2x-1$,D
7fb50014-e794-5977-a5ec-c99fb553559c,MATEMATIK,"$(a_n)$ bir geometrik dizidir. $(a_{2p+1})^2 = a_{2p} \cdot a_{2p+9}$ olduğuna göre, $p$ kaçtır?",1,2,3,4,5,D
b20fd42f-4ec6-5f34-9ba1-7225e7542117,KIMYA,"$Pb(NO_3)_2$ çözeltisinde $NO_3^-$ iyon derişimi 0,8 molardır. Buna göre, çözeltinin derişimi kaç molardır?","0,1","0,2","0,4","0,8","1,6",C
dea42bdd-66e1-5d3c-ab62-69c1fea7e215,KIMYA,"Sabit hacimli kapta,
$CHCl_3(g) + O_2(g) \rightleftharpoons COCl_2(g) + HClO(g) \quad K_c = 10$
tepkimesine göre sabit sıcaklıkta denge anında 2 mol HClO ile 0,5 mol $O_2$ ve $COCl_2$ gazları bulunuyor.
Buna göre denge anında kaptaki $CHCl_3$ gazı kaç mol-dür?","0,1","0,2","0,5","0,8",1,B
a81ed260-434b-5b14-89ef-bbc50bfbbed2,MATEMATIK,$(x^2+2x)^2-11x^2-22x-24$ ifadesinin çarpanlarından biri aşağıdakilerden hangisidir?,$x-1$,$x-2$,$x+2$,$x+3$,$x+4$,A
c4d1c156-2cee-5d2d-8963-a2202d235168,GEOMETRI,"Dik koordinat düzleminde $A(-3, 2)$ noktasının $x=2$ doğrusuna uzaklığı $m$, $y=5$ doğrusuna uzaklığı $n$ birimdir. Buna göre, $2m-n$ farkı değeri kaçtır?",7,6,5,4,3,A
6f5e772c-d67b-5242-94bc-1ec12d4c10db,KIMYA,$2CO(g) + O_2(g) \rightleftharpoons 2CO_2(g)$ tepkimesinin belirli bir sıcaklıktaki kısmi basınçlar türünden denge sabiti ($K_p$) 8'dir. Tepkime dengedeyken CO ve $CO_2$ gazlarının kısmi basınçları sırasıyla 2 ve 4 atm olduğuna göre $O_2$ gazının kısmi basıncı kaç atm'dir?,"0,5",1,2,4,8,A
d6eb2dbd-8de5-5411-8ace-06c793d43856,TURKCE,"I. Edebî metinler okuyucuda güzellik anlayışının gelişimine yardımcı olur.
II. Güzel olan, izleyene haz veren bir resim veya heykel sanat eseri özelliği taşır.
III. Sanat gibi, insanı güzel yapan, güzel gösteren yalnızca fizik güzelliği değildir.
IV. Güzelliği ve güzelliğin insan üzerindeki etkilerini inceleyen bilim dalı da vardır.
V. Güzel sanatlar, insanda heyecan ve zevk uyandırır.
Yukarıdaki numaralanmış cümlelerden hangisi ""asıl-lık"" ile ilgili en kapsamlı yargıyı içermektedir?",I,II,III,IV,V,C
690ca0a5-4226-53c9-9b22-0647d47a10a6,KIMYA,"$H_2SO_4$'ün sulu çözeltisine;
I. NaOH katısı
II. Mg metali
III. Cu metali
IV. Au metali
yukarıdaki maddelerden hangileri eklendiğinde tepkime gerçekleşir?",Yalnız II,I ve III,"I, II ve IV","I, II ve III","II, III ve IV",D
2a8c5374-2626-520a-9c78-371240430e00,MATEMATIK,"$g(x) = \int \frac{f'(x)}{x} dx - \int \frac{f(x)}{x^2} dx$ olmak üzere $g(1) = 2 \cdot f(1) = 6$ ve $g(3) = 24$ olduğuna göre, $f(3)$ kaçtır?",63,57,60,66,72,E
e34d42ec-c8c2-5bf7-acae-cebd82c4fe19,MATEMATIK,"$A = \sin^2 3^\circ + \sin^2 4^\circ + \sin^2 5^\circ + ... + \sin^2 45^\circ$
$B = \sin^2 46^\circ + \sin^2 47^\circ + \sin^2 48^\circ + ... + \sin^2 87^\circ$
olimits

olimitsolduğuna göre, $A+B$ toplamı kaçtır?",$\frac{89}{2}$,$\frac{87}{2}$,$\frac{85}{2}$,$\frac{83}{2}$,$\frac{81}{2}$,E
7c9712d0-6c1a-565a-bdb8-657bee9acb7f,MATEMATIK,"$x$ ve $y$ birer tam sayı olmak üzere,
$-2 < x \le 4$
$-4 < y < -1$
eşitsizlikleri veriliyor.
Buna göre $3x - 2y$ toplamının alabileceği en küçük tam sayı değeri kaçtır?",-6,-5,-4,1,2,D
abe4f5d1-7b73-5bed-ad2e-26bfd5bad0ba,KIMYA,"Zayıf yağ ile sud kostik çözeltileri arasında gerçekleşen tepkime ile ilgili, I. Nötralleşme tepkimesidir. II. Oluşan tuzun formülü $Na_2SO_4$'tür. III. Tepkimenin net iyon eşitliği $H^+_{(suda)} + OH^-_{(suda)} \rightarrow H_2O_{(s)}$ şeklindedir. ifadelerinden hangileri doğrudur?",Yalnız I,I ve II,I ve III,II ve III,"I, II ve III",C
4471f2b5-24d2-5ad7-9204-1ea77a720b24,KIMYA,"$C_nH_{2n-2}$ genel formülüne sahip bir bileşiğin $0,25 \ molü$ $18 \ gramdır$. Buna göre, bileşiğin formülü aşağıdakilerden hangisidir? ($C:12, H:1$)",$C_2H_2$,$C_3H_4$,$C_4H_6$,$C_5H_8$,$C_6H_{10}$,C
dedfaf25-54a0-523f-b63b-8d2311b245b6,TARIH,"Tarihî olaylar yorumlanırken bir olayın gerçekleştiği günün koşulları dikkate alınmalıdır. Tarih dersinde, Fatih'in İstanbul'u Fethi ya da Yavuz'un Mısır Seferi'ni incelerken, ""Acaba şöyle yapsaydı daha iyi olmaz mıydı?"" demek yanlışlık olur. Bugün açısından bakmak ya da modern su-şu teknik imkanları kullanarak neden o modası geçmiş savaş araçlarında ısrar etti demek uygun görülmez.
Bu olay yorumlamasından yola çıkıldığında tarihçilikte uygun görülmeyenin aşağıdakilerden hangisi olduğu söylenebilir?",Olayları araştırmanın,Olaylarla ilgili fikir bildirmenin,Olayları günün koşullarına göre değerlendirmenin,Olayların gerçekleştiği yerde araştırma yapmanın,Olayları farklı açılardan değerlendirmenin,B
273e5795-37fb-5a9d-8906-d9761a5d54de,GEOMETRI,"Analitik düzlemde $A(4, 1)$ noktasının $x + y = 4$ doğrusuna göre simetriği olan noktanın koordinatları aşağıdakilerden hangisidir?","$(2, 0)$","$(3, 0)$","$(3, -1)$","$(1, -4)$","$(2, -1)$",B
7a5120da-1983-5224-8d7c-1a13badc8c0b,MATEMATIK,$1 + \cot x = 0$ denkleminin bir kökü aşağıdakilerden hangisidir?,$\frac{\pi}{3}$,$\frac{5\pi}{16}$,$\frac{3\pi}{8}$,$\frac{\pi}{4}$,$\frac{5\pi}{8}$,E
8dd2a8fd-b71b-5198-8afb-119b0ac87401,FIZIK,"Bir öğrenci özdeş beş lamba ile şekildeki devreyi kuruyor. Öğrenci hangi noktalar arasına bir ampermetre bağlarsa, X lambası diğer durumlara göre daha fazla ışık verir?",KL,LM,MP,KP,NS,D
c6807c3d-2144-5a77-88d0-c7186e603f29,EDEBIYAT,Aşağıdakilerin hangisinde toplumcu anlayışı yansıtan şairler bir arada verilmiştir?,Necip Fazıl Kısakürek - Suat Taşer,Nazım Hikmet Ran - Ercüment Behzat Lav,Arif Nihat Asya - Rıfat Ilgaz,Ahmet Oktay - Ömer Bedrettin Uşaklı,Hasan İzzettin Dinamo - Ahmet Kutsi Tecer,B
19648595-cba2-5730-85bc-9608133b9eb8,TARIH,"Osmanlı Devleti'nde Gerileme Dönemi'nde;
I. Azak Kalesi'nin Osmanlılara bırakılması,
II. Rus Çarı'nın protokol bakımından Fransa kralı ve Osmanlı padişahı ile eşit sayılması,
III. Rusların İstanbul'da sürekli elçi bulundurabilmesi ve Balkanlarda konsolosluk açabilmesi
gelişmelerinden hangilerinin Fransız İhtilali sonrasında Balkanlarda görülen azınlık ayaklanmalarında etkisinin olduğu savunulabilir?",Yalnız I,Yalnız II,Yalnız III,I ve II,II ve III,C
bd7f099a-5bf2-59fa-9079-44c3fbfc604a,MATEMATIK,"Pozitif gerçel sayılar kümesi üzerinde bir $f$ fonksiyonu, $f(5x) = x^3 + 2x + 5$ biçiminde tanımlanıyor. Buna göre, $f'(5)$ değeri kaçtır?",1,2,3,4,5,A
d184bdc6-9f34-514e-b799-366a48d1b786,MATEMATIK,Karmaşık sayılar kümesinde $\frac{1+i}{3-i}=z$ eşitliğini sağlayan $z$ karmaşık sayısı kaçtır?,$2-i$,$2+i$,$i$,$1-i$,$1+i$,C
c2c422a9-cc70-534d-8317-dfef650bd8ea,MATEMATIK,"Gerçel sayılarda tanımlı,
$f(x) = \begin{cases} ax-3 & x \ge 1 \\ x-b & x < 1 \end{cases}$
şeklinde tanımlanan $y=f(x)$ fonksiyonu her $x$ gerçel sayısı için türevli olduğuna göre, $a+b$ çarpımı kaçtır?",-3,$-\frac{5}{2}$,$-\frac{8}{3}$,$-\frac{4}{3}$,-2,E
297c1f1a-5232-5040-9eaa-068bbfc6bb88,MATEMATIK,"$0 < x < \frac{\pi}{2}$ olmak üzere, $\frac{2\sin x - 1}{-2\cos x - 1} = \frac{\cos x + 2}{\sin x - 4}$ olduğuna göre, $\tan x$ değeri kaçtır?",$\frac{3}{4}$,$\frac{1}{2}$,$\frac{3}{5}$,$\frac{2}{5}$,$\frac{3}{2}$,A
ad23a0ab-91fa-5b60-9bad-0c3b69b5093c,TURKCE,"I. Gece ve gündüzün değişmesi, yıldızlı gecelerin, gökyüzünün görünüşü, mevsimlerin birbirini takip etmesi, güneşin, ayın ve diğer gök cisimlerinin doğup batması, bazılarının bütün gök görünmesi gibi hususlar, tarih boyunca insanların dikkatini gökyüzüne çeken noktalar olmuştur.
II. Hareketleri yıldızların genel hareketinden farklı olan gök cisimleri, gezegenler olarak sınıflandırılmış ve bu meyanda Merkür, Venüs, Mars, Jüpiter ve Satürn astronomlarca ilk keşfedilen gezegenler olmuştur.
III. Bu arada Güneş ve Ay'ın gezegenlerin genel hareketini takip etmediği de tespit edilmiştir.
IV. Bilinen ilk astronomik gözlemler ise Babiller zamanında yapılmış, gece ve gündüzün 12 saate bölünmesi bu devirde gerçekleştirilmiştir.
V. Mısırlılarda astronomi bilgisi, 4000 yıl öncesinin koşulları düşünüldüğünde günümüz insanını şaşırtacak kadar ilerideydi.
VI. Piramitlerin şuurlu ve kesin bir astronomik yönlendirme ile inşası, günümüzde bile hayret edilecek bir tarzda yapılmış olması, eski Mısırlıların astronomi bilgisi hakkında genel bir fikir vermektedir.
Bu parça düşüncenin akışına göre iki paragrafa ayrılmak istense ikinci paragraf numaralanmış cümlelerin hangisiyle başlar?",II,III,IV,V,VI,D
23d62e32-2b38-5a99-aa3f-6bc7bf476920,MATEMATIK,"Satürn ve Ay'ın yüzeylerinde belli bir yükseklikten aynı anda serbest düşmeye bırakılan iki cismin ""konum-zaman"" fonksiyonları aşağıdaki gibidir: $s_{Satürn}(t) = 5,2 \cdot t^2$ $s_{Ay}(t) = 0,8 \cdot t^2$ a ve b birer pozitif tam sayı olmak üzere, Satürn'deki cismin a. saniyedeki hızı, Ay'daki cismin b. saniyedeki hızına eşittir. Buna göre, $a+b$ toplamı en az kaçtır?",3,7,15,21,27,C
9ba50384-354e-55d3-9185-9d37c09328f9,MATEMATIK,"$\frac{4}{a} + \frac{3}{b} = 1$
$\frac{1}{a} - \frac{2}{b} = 7$

eşitlikleri veriliyor.
Buna göre, $b$ kaçtır?",-2,-1,1,2,3,B
b5135f58-eee8-5a3d-959d-33a4a83f6625,FIZIK,"Derinliği her yerinde aynı olan bir dalga leğeninde, özdeş ve aynı fazlı noktasal iki kaynak tarafından periyodik su dalgaları üretilerek girişim deseni oluşturuluyor. Buna göre girişim desenindeki düğüm çizgilerinin sayısı, I. leğendeki su derinliğinin artırılması, II. kaynakların frekansının artırılması, III. kaynaklar arasındaki uzaklığın artırılması işlemlerinden hangilerinin tek başına yapılmasıyla artabilir?",Yalnız I,Yalnız II,Yalnız III,II ve III,"I, II ve III",D
d5a26002-8ca8-5464-8ab4-4a2a76c80415,TARIH,II. Meşrutiyet'in ilanı sonrası hükümeti denetleme yetkisinin padişahtan alınıp meclise verilmesi aşağıdakilerden hangisinin göstergesidir?,Monarşik yapının ortadan kalktığının,Halk arasındaki dayanışmanın pekiştiğinin,Yenilik hareketlerinin hız kazandığının,Halkın yönetimdeki etkinliğinin arttığının,Osmanlı Devleti'nde dağılma sürecinin hız kazandığının,D
d7178a95-d3be-5079-af89-9e3451f9a9b6,FIZIK,"Eşit hacim bölmeli K cismi Şekil I'deki gibi dengedeyken, üzerine L cismi konulduğunda Şekil II'deki gibi dengede kalıyor.
Buna göre, K ve L cisimlerinin kütlelerinin oranı $\frac{m_K}{m_L}$ kaçtır?",$\frac{1}{5}$,$\frac{1}{4}$,$\frac{1}{3}$,$\frac{1}{2}$,1,A
d8075d5a-4bef-51ca-9026-3f368340288e,MATEMATIK,"ABCD dikdörtgen $EA = |AF| = 1$ cm $CB = |FB| = \sqrt{3}$ cm $m(\widehat{DEC}) = \alpha$ $m(\widehat{DCE}) = \beta$ olduğuna göre, $\sin(\alpha - \beta)$ kaçtır?",$2 - \sqrt{3}$,$\frac{\sqrt{6} - \sqrt{2}}{4}$,$\frac{\sqrt{3}}{2}$,$\frac{1}{2}$,$\sqrt{6} - \sqrt{2}$,B
54e0211a-1a88-5543-97ad-708e81ea11d2,KIMYA,"$CH_3-C\equiv CH + H_2 \xrightarrow{X} Y$
$X + HBr \longrightarrow Y$ (Ana ürün)
Yukarıdaki denkleşmiş tepkimeler sonucu oluşan Y bileşiğinin adlandırılması aşağıdakilerden hangisinde doğru verilmiştir?",1- brom propen,2- brom propen,1- brom propan,2- brom propan,"1,2- dibrom propan",D
14911215-4bcd-5f7e-a954-e02c8b5d8a50,MATEMATIK,"$x \in (0, \pi)$ olmak üzere, $\sin^2x - 3\sin x + 2 = 0$ denkleminin kökü aşağıdakilerden hangisidir?",$\frac{\pi}{6}$,$\frac{\pi}{5}$,$\frac{\pi}{3}$,$\frac{\pi}{2}$,$\pi$,D
68a77134-20c5-5f33-8aa1-34b370352441,FIZIK,"Aşağıda, bir dağcılık yarışmasına ait bilgi kartı verilmiştir.

Uluslararası Dağcılık Yarışması
Yarışma Kuralları
Her dağcı, $80 \text{ kg}$ kütleye sahip ekipman taşıyacaktır.
Ekipman, $500 \text{ m}$ yükseklikteki zirveye çıkarılacaktır.
Ekipmanı en kısa sürede zirveye ulaştıran yarışmayı kazanacaktır.

Buna göre yarışmada, dağcıların hangi fiziksel niceliği kazanımı belirlenmektedir?",Ekipman üzerinde ortaya çıkardıkları ortalama güç,Yaptıkları iş,Uyguladıkları kuvvet,Ekipmana kazandırdıkları potansiyel enerji,Haracadıkları toplam enerji,A
dcb3e132-8816-5e81-b415-1809068ddbac,FIZIK,"Bir foton, I. Compton saçılması II. Atomun uyarılması III. Fotoelektrik olay yukarıda verilen olayları gerçekleştirdiğinde hangilerinin enerjisinin tümünü yitirir?",Yalnız I,Yalnız II,Yalnız III,I ve II,II ve III,C
aa09a02a-e0d9-5e00-b9bd-32cc99bd6a5a,TARIH,"Yavuz Sultan Selim Dönemi'nde Mısır ve Suriye'nin alınmasıyla Hint ticaret yolu Osmanlı denetimi altına girmiştir. Yavuz Sultan Selim'in doğu ve güneydeki fetihleri ortadan kaldırması, batı yönündeki seferlerin daha rahat yapılmasına imkân hazırlamıştır. I. Selim, ömrünün son yıllarında temeldeki genişletip sınırlarını artırarak Osmanlı deniz kuvvetlerini güçlendirmiştir.
Yavuz Sultan Selim'in bu politikalarının;
I. Çanakkale Boğazı'nın Osmanlı egemenliğine girmesi,
II. Karesioğulları'nın Osmanlı hâkimiyetini tanıması,
III. Kanuni Dönemi'nde Akdeniz'in bir Türk gölü hâline gelmesi
durumlarından hangilerini kolaylaştırdığı savunulabilir?",Yalnız I,Yalnız II,Yalnız III,I ve II,"I, II ve III",C
d4cf6c31-b21a-51cd-b539-09597579e8c9,MATEMATIK,"$\frac{123,4}{12,34}$ işleminin sonucu kaçtır?","0,1","0,01","0,11",1,10,E
beae10c1-d69c-5c33-8104-6526607764fc,EDEBIYAT,"I. 1911 yılında Selanik'te yayımlanan Türk Yurdu dergisinde yer alan Yeni Lisan makalesi,
II. Millî Edebiyat anlayışının bildirgesi olarak kabul
III. edilebilir ve aslında bu metin, Ömer Seyfettin'e aittir.
IV. Bu parçada numaralanmış bölümlerin hangisi bir bilgi yanlışı içermektedir?",I,II,III,IV,V,D
d0d37286-7160-5fc3-bd27-1ee95ae5aa45,MATEMATIK,$\frac{\log_2^2 x}{4} + \frac{\log_2^2 y}{9} = 1$ olduğuna göre $x \cdot y$ çarpımının alabileceği en büyük değer kaçtır?,$2^{12}$,$2^{10}$,$2^8$,$2^6$,$2^4$,A
ef7bad0b-4ef2-5996-95a4-1fd1b72b53eb,MATEMATIK,"$f$ doğrusal fonksiyon olmak üzere, $f(-2)=-8$ ve $f(1)=1$ eşitlikleri verilmiştir. Buna göre, $f(\frac{1}{3})$ değeri kaçtır?",-1,0,1,2,3,B
7b899e95-6ab4-5a3b-95df-69df47c51650,TURKCE,"Samimiyet, ""etkili insan"" olmanın vazgeçilmez bir şartıdır. Etkili olmanın en önemli vasıtası, söz ve davranışlardır. Söz ve davranışlara güçlü bir heyecan yüklenmemişse etkili olmak zordur. Samimiyet, bu heyecanın en önemli kaynağıdır. Samimiyetin bir başka özelliği de sözün etkili olması için yeterli değildir. Sözde samimi ve sıcak bir gönlün eşlik etmesi, hakikatte o söze ruh katar, onu canlandırır ve nihayet etkili kılar. Davranışlarda da durum bir farklılık arz etmez. Muhatapta saygı uyandıran ve şahsiyetimizi etkin kılan davranışlar, candan ve gönülden beslenenlerdir. Bunun için etkili bir lider ve etkili bir eğitimci ancak samimi kimseler arasından çıkar. Samimiyet; muhatapta saygı, sevgi ve takdir hislerini harekete geçirir. Samimiyetten mahrum bir kişiliğe, kişisel gelişim alanında çok sayıda sertifika almak bir çözüm değildir.
Bu parçada samimiyet ile ilgili vurgulanan aşağıdakilerden hangisidir?",Çocuk davranışlarında tamamen doğal olarak gelişen bir tutumdur.,İlk olarak aile arasında öğrenilen ve zamanla dış çevreye yayılan bir davranış şeklidir.,"Eğitimle değil, davranışlarla sözlerdeki tutarlılık ve içtenlikle sağlanmaktadır.",Konuşmacının dinleyicilerde saygı uyandırmasına neden olan bir kişilik özelliğidir.,Hayatın her alanında kişiye başarıyı getiren bir davranış türüdür.,D
d64ed6d4-efbe-5e2b-8812-e6896e33fb74,MATEMATIK,"$x > y$ olmak üzere, $x$ ve $y$ pozitif tam sayılardır. $x+y=56$ EBOB$(x,y)=7$ olduğuna göre, $x-y$ farkı en az kaçtır?",35,28,21,14,7,D
ce9f54d4-09ab-58cc-a7fd-c3cb69761b22,KIMYA,$_{29}^{63}Cu$ elementinin atom numarası ve kütle numarası aşağıdakilerden hangisinde doğru verilmiştir?,"Atom numarası: 29, Kütle numarası: 63","Atom numarası: 29, Kütle numarası: 34","Atom numarası: 34, Kütle numarası: 29","Atom numarası: 28, Kütle numarası: 34","Atom numarası: 63, Kütle numarası: 29",A
4e1a0b09-809c-56b9-9c27-1c78a095a395,MATEMATIK,"$m$ bir doğal sayı olmak üzere, $\frac{6^m \cdot 12^m}{18^m \cdot 2^m}$ ifadesi bir tam sayıya eşittir. Buna göre, $m$'nin alabileceği farklı değerler toplamı kaçtır?",5,6,8,9,11,B
faf2cbbc-fe5b-5bdc-966c-0a5abc51890f,MATEMATIK,"$\operatorname{cosec} \theta = \sqrt{2}$ denkleminin çözüm kümesini bulmak isteyen Kağan, aşağıdaki adımlarla soruyu çözüyor: I. $\frac{1}{\sin \theta} = \sqrt{2}$ II. $\sin \theta = \sin (\pi + \frac{\pi}{4})$ III. $\sin \theta = \sin (\frac{5\pi}{4})$ veya $\sin \theta = \sin (\frac{\pi}{4})$ IV. $\theta = [n\pi + (-1)^n \frac{\pi}{4}], n \in \mathbb{Z}$ Buna göre, Kağan ilk kez kaçıncı adımda hata yapmıştır?",I,II,III,IV,Hata yoktur.,B
bd7189c8-7b49-5fa5-94da-cbb827df14dd,FIZIK,"Bazı kristal malzemeler üzerlerine yapılan basınç uygulandığında iki yüzeyi arasında küçük bir elektrik- sel potansiyel farkı oluşur. Buna göre, bu olaya bilimde ne ad verilir?",Altimetre,Piezo elektrik,Elektroskop,Elektro pres,Barimetre,B
775579f1-b4ca-5200-b20f-0174264db908,KIMYA,"Molar derişimleri ve hacimleri eşit olan KOH, LiCl, $HNO_3$ ve HCl sulu çözeltileri karıştırılıyor.
Buna göre, oluşan çözeltide iyon derişimi en az ve en çok olan iyonlar aşağıdakilerden hangisinde doğru olarak verilmiştir?","$H^+$, $NO_3^-$","$H^+$, $Cl^-$","$OH^-$, $Cl^-$","$Li^+$, $Cl^-$","$K^+$, $NO_3^-$",C
78a8e584-e988-50eb-a62c-2044a806fde8,MATEMATIK,"$A = \{0, 1, 2, 3\}$ olmak üzere $f(1) + f(3) = 4$ olacak şekilde $A$'dan $A$'ya kaç farklı $f$ fonksiyonu tanımlanabilir?",125,128,256,625,1000,D
74e97b25-f7bc-566f-b91f-0d3a2ac48d7d,MATEMATIK,$\int \frac{(3\sqrt{x}+2)^5}{\sqrt{x}}dx$ integralinin değeri aşağıdakilerden hangisine eşittir? ($c$ keyfi bir sabittir.),$\frac{1}{18}(3\sqrt{x}+2)^6+c$,$\frac{1}{9}(3\sqrt{x}-2)^6+c$,$\frac{2}{9}(3\sqrt{x}+2)^6+c$,$\frac{1}{3}(3\sqrt{x}-2)^6+c$,$\frac{2}{3}(3\sqrt{x}+2)^6+c$,C
46b30b62-d130-576f-8fc2-5fe61134abd0,TURKCE,"(I) Divânu Lügâti't-Türk'te atasözleri; Arapça mesel, Türkçe sav sözcükleriyle anılmıştır. (II) Divan edebiyatında ve Osmanlıcada bu kavram için mesel de darıbımesel de geçer. (III) Darbımesel, aslında ""mesel getirmek, duruma uyan yaygın bir söz ya da bir atasözü söylemek."" demektir ama atalar sözü anlamında kullanılmamıştır. (IV) ""Mesel""in çoğulu emsal, darıbımeselin çoğulu durub-ı emsaldir. (V) Bugün teki olarak atalar sözü ve atasözü, çoğul olarak da atasözleri diyoruz. (VI) Otuz yıl önce atasözleri derleme de tetimme de tabir ve ıstılah deniliyordu. (VII) Eskiden hem atasözlerinin hem birtakım deyimlerin başka bir adı da meşhur sözler idi.
Bu parçada numaralanmış yerlerin hangisine ""Bu sözler yerlerini yetmiş seksen yıldan beri Türkçelerine bırakmaya başlamış."" cümlesi getirilebilir?",II,III,IV,V,VI,E
86403e27-5542-5a18-be2b-afc1f5a9f9e3,TURKCE,"(I) Günümüzde Türk dili, tarihinin en güçlü dönemlerinden birini yaşıyor. (II) Hiçbir zaman Türkçenin bu kadar çok konuşanı olmamıştı. (III) Günümüzde yaklaşık iki yüz milyon kişi Türkçe konuşmaya devam ediyor. (IV) Avrupa'da, Ortadoğu'da, Kafkaslarda, Avrupa'nın çeşitli bölgelerinde dilimizi konuşanlar var. (V) Türk dilinin sesi dünyanın dört bir yanında yankılanıyor.
Bu parçada numaralanmış cümlelerden hangisinde yazım yanlışı vardır?",I,II,III,IV,V,C
16ed3244-a869-5b68-9bea-d698519ffc38,MATEMATIK,"Okuldaki dersler 09.00'da başlayan Fırat evinden okuluna sabit hızla yürüyerek giderse 20 dakikada, sabit hızla koşarak giderse 8 dakikada varmaktadır.
Bir sabah 08.49'da evinden aynı sabit hızla yürüyerek okula gitmek için harekete başlayan Fırat bir süre hareket ettikten sonra derse yetişemeyeceğini anlayıp aynı sabit hızla koşmaya başlamış ve dersin başlamasından 3 dakika sonra okuluna varmıştır.
Buna göre, Fırat'ın koşmaya başladığı anda saat kaçtı?",08.58,08.57,08.55,08.56,08.54,D
b0a440f3-ea92-52d7-932c-4e7999438503,MATEMATIK,"$\tan x \cdot \tan y = \frac{1}{5}$ ve $\sin x \cdot \sin y = \frac{1}{4}$ olduğuna göre, $\cos(x-y)$ ifadesinin sonucu kaçtır?",$\frac{1}{2}$,$\frac{3}{2}$,$\frac{3}{4}$,$\frac{4}{3}$,2,C
b1773eb5-2f23-5f84-9c2e-59105955cb6a,KIMYA,"Kimyasal bir madde ile ilgili şu bilgiler verilmiştir:
• Lavabo açıcı olarak kullanılır.
• Sert sabun üretiminde kullanılır.
• Yaygın adı sud kostiktir.
Buna göre, bu kimyasalın formülü aşağıdakilerden hangisidir?",NaOH,KOH,Ca(OH)$_2$,Mg(OH)$_2$,NH$_3$,A
34b3a121-812e-560d-8363-1b915cee6130,MATEMATIK,$\frac{\tan x \cdot (\text{cosec} x - 1)}{\cos x}$ ifadesinin en sade şekli aşağıdakilerden hangisidir?,$1 - \sin x$,$1 + \sin x$,$\frac{1}{1 - \sin x}$,$\frac{1}{1 + \sin x}$,$1 - \sin^2 x$,A
378be39d-2559-5709-90b6-ee8aded991c3,TARIH,"Gazneli hükümdarı Sultan Mahmut, Kuzey Hindistan'ı topraklarına katarak bu bölgede Müslümanlığın yayılmasını sağladı. Bu seferler sırasında büyük ganimetler ele geçirdi. Gazneli Mahmut'un elde etmiş olduğu ganimetlerle Gazne şehri; parklar, bahçeler, zafer abideleri, camiler gibi mimari eserlerle süslendi. Buna göre Gazneli Mahmut ile ilgili,
I. Cihat politikası doğrultusunda hareket etmiştir.
II. Batı yönünde ülke sınırlarını genişletmiştir.
III. Hazine gelirlerini artırmıştır.
yargılarından hangilerine ulaşılabilir?",Yalnız I,Yalnız II,I ve II,I ve III,"I, II ve III",D
8e4d2d06-7605-5d8c-88bf-0aca4a1c24c2,MATEMATIK,"$a$ bir tam sayı olmak üzere, $(x-a) \cdot (2x-9) < 0$ eşitsizliğini sağlayan yalnızca 2 tane tam sayı sayısı bulunmaktadır. Buna göre, $a$ sayısının alabileceği değerler çarpımı kaçtır?",6,7,9,12,14,E
fda344e1-27e7-5ec8-9913-b72110f280c0,MATEMATIK,"$\[a, b\]$ ifadesi a'dan b'ye kadar (a ve b dahil) olan tam sayıların toplamı ifade etmektedir.
$\[1, n\] - \[4, n-3\] = 39$
olimits
olduğuna göre, n tam sayısı kaçtır?",10,11,12,13,14,C
36151b68-a2f2-5381-bee8-0393c4bce1fe,MATEMATIK,"İki tam sayının çarpımı 36 olduğuna göre, toplamları en az kaçtır?",-12,-13,-20,-29,-37,E
d6712409-5298-5bbb-aabf-c63c5966e498,MATEMATIK,"Kısa kenarı 4 birim ve uzun kenarı 18 birim olan dikdörtgen şeklindeki kartonlardan elinde yeteri kadar olan Mustafa, bu kartonları birleştirerek alanı en küçük olan bir kare karton oluşturacaktır.
Buna göre, Mustafa'nın elinde kaç tane karton olması gerekir?",18,24,36,48,72,A
ae541127-9965-5405-9218-a72b3c36d5c5,MATEMATIK,"Gerçek katsayılı $P(x)$ ve $R(x)$ polinomları $P(x) = (x-2)^2 - (x+3)$ ve $R(x) = (x-2)(x-3)^2$ şeklinde veriliyor. Buna göre, I. $P(x)$ ve $R(x)$ polinomlarının kökleri aynıdır. II. $P(x)$ ve $R(x)$ polinomlarının sabit terimleri aynıdır. III. $P(x)$ ve $R(x)$ polinomlarının katsayılar toplamı aynıdır. ifadelerinden hangileri doğrudur?",Yalnız I,Yalnız II,Yalnız III,I ve II,II ve III,B
ccee6ab4-6680-585f-885c-6448c438934e,TURKCE,"I. Yazar, bir anlatım biçimi olarak betimlemeyi homojen bir eserinde çok başarılı bir şekilde kullanarak eserindeki kurguyu diğer edebî eserlere nazaran daha etkili ve daha akılda kalıcı olarak okuyucusuna sunmuştur.
II. Yazar, roman karakterlerinin mizacına ve fizyolojisine, çevreye, zaman odaklı geçmiş ve geleceğe dönük anlatım aşamalarında kelimelerini öyle itinayla seçer ki söz konusu roman kahramanının kelimelerle resminin yapıldığı izlenimi uyanır.
Bu iki parçayla ilgili aşağıdakilerden hangisi söylenebilir?","Yazar, betimleme sanatını tüm romanlarında başarıyla uygulayıp sanatsalseverlerin beğenisini önemsemiştir.","Yazar, eserlerini okuyucusuna sunarken çevreye duyarlı, geleceğe dönük olmasına özen göstermiştir.",Yazmış olduğu her eserinde betimlemeyi o derece iyi kullanabilmiş ki karakterleri birebir fotoğraflamış diyebiliriz.,Roman karakterlerini oluştururken betimlemeyi ustaca kullanmasına rağmen geçmiş ve geleceğe dönük anlatımlarına yansıtmamıştır.,Betimlemeyi hemen her eserinde çok başarılı bir şekilde kullanabilmesinin nedeni diğer edebî eserlerde bu ustalıkla kullanılamamış olmasındandır.,C
82ebb6ee-d496-593c-9a7c-f4d45e157488,MATEMATIK,"Lamba satışı yapan bir firma sattığı lambaları A ve B ülkesinden ithal etmektedir. Ülkelerin bu ithalat içindeki payı ve satın alınan lambaların bozuk çıkma yüzdeleri tabloda verilmiştir. Buna göre, ithal edilen toplam 1500 lambadan A ülkesinden ithal edilip bozuk çıkan lamba sayısı kaçtır?",18,16,14,13,12,E
8200f047-9a0a-50df-b3e2-54dbe8e79ab6,MATEMATIK,"İşleminin sonucu kaçtır?
$\frac{1}{1+\frac{1}{1+\frac{3}{5}}}$",$\frac{7}{13}$,$\frac{8}{13}$,$\frac{11}{13}$,$\frac{7}{10}$,$\frac{13}{8}$,B
295b82aa-43fe-5bc9-9d59-c90ccf77106e,MATEMATIK,"Küçükten büyüğe doğru sıralanmış
$6, 10, 12, 14, x, y, 23$
sayılarından oluşan veri grubunun;
• sadece bir tane modu var.
• medyanı aritmetik ortalamasına eşittir.
Buna göre, $y$ kaçtır?",22,19,18,16,15,B
612c685d-d440-5f4a-824a-e5ae705b5004,MATEMATIK,"Bir depremin şiddetini kıyaslamak için kullanılan bir yöntem şöyledir: Depremlerin şiddetleri arasındaki fark hesaplanır. Bu farkın tam kısmı $10$ ile çarpılır, ondalık kısmı $0,3$ sayısına bölünür ve elde edilen bölüm $2$ ile çarpılır. Tam ve ondalık kısımdan bulunan değerlerin toplamı, büyük depremin küçüğe göre kaç kat şiddetli olduğunu gösterir.
Bir yerde $8,9$ şiddetindeki ana depremden sonra $6,0$ şiddetinde bir artçı deprem olmuştur.
Buna göre, ana depremin şiddeti, artçı depremin şiddetinin kaç katına eşittir?",22,24,26,28,30,C
a18b2c61-b45a-51ff-9907-b20bad5bdc9e,MATEMATIK,"Bir bilgisayar programcısı, her gün bir öncekinin yarısından 4 saat daha fazla süre harcayarak günde bir program yazmıştır. Bu program toplam 47 saat süre harcanarak hazırlandığına göre, üçüncü gün program için harcanan süre kaç saattir?",7,8,9,10,11,C
8b26a63e-aed8-5f7f-ae09-da633f228351,EDEBIYAT,"(I) Sanatçılar, konuları günlük yaşamdan alır. (II) Bu yazarlar eserlerinde toprak kavgaları, tanımadık maddesi, düzensizlik ve sınıfsal farklılıklar gibi toplumsal sorunları işlemişlerdir. (III) Sanatçıların büyük bir çoğunluğu toplumsal konulara yönelerek bazı sorunları gerçekçi bir şekilde dile getirmişlerdir. (IV) Bu dönemde realizmin etkisi vardır. (V) Bu anlayışta sanatçılar toplumsal kültürel değerlerine vurgu yapmış ve toplumsal bilinçlenmeyi amaçlamıştır. Bu parçada numaralanmış cümlelerin hangisinde millî duyarlılığı yansıtan roman ile ilgili bir bilgi yanlışı yapılmıştır?",I,II,III,IV,V,B
e9a1abb5-b482-5de7-9d3a-2a74e4252e88,GEOMETRI,"Dik koordinat sisteminde, $3x+4y+1=0$ doğrusunun $4x-3y+5=0$ doğrusuna göre simetriği d1 ve $3x+4y+6=0$ doğrusuna göre simetriği d2 dir. Buna göre, d1 ve d2 doğruları arasındaki uzaklık kaç birimdir?",1,2,3,4,5,A
5ecdbe0a-86e3-5cb2-84b8-8eaf1fcbb3c7,MATEMATIK,"$2^{\log_2 9} - 3^{\log_3 x^4} = 8$ olduğuna göre, $x$ kaçtır?",$\sqrt{3}$,$\sqrt{2}$,1,$\frac{1}{2}$,$\frac{1}{3}$,C
6720109d-ae8d-52ef-afe8-d8fc6e3c214e,MATEMATIK,"$x^2 - 4x - 2 = 0$ denkleminin köklerinin yarısını kök kabul eden ikinci dereceden denklem $ax^2 + bx + c = 0$ olduğuna göre, $a+b+c$ toplamı kaçtır?",-3,-2,-1,0,2,C
a639a42c-d692-53b1-a61f-1f1b707abab1,MATEMATIK,"$rac{x-5}{x-1} = 4$ olduğuna göre, $rac{3x+1}{2x}$ kaçtır?",$rac{10}{3}$,$rac{2}{5}$,1,$rac{4}{5}$,$rac{5}{3}$,E
1c35a8c4-21f9-5064-b8ef-3af9ca439fe7,MATEMATIK,"Dubai'ye tatile giden Metin Bey'in tatili ile ilgili olarak aşağıdakiler bilinmektedir:
• Metin Bey tatilinin 7 gününde otelede kalmıştır.
• Otelde kaldığı her gün ya öğleden önce denize girmiş ya da öğleden sonra denize girmiştir.
• Metin Bey tatil günlerinin 10 unda öğleden sonra ve 9 unda öğleden önce denize girmemiştir.
• Metin Bey otelde kalmadığı günlerde safariye gitmiştir ve o günlerde hiç denize girmemiştir.
Buna göre, Metin Bey'in Dubai tatili kaç gündür?",13,14,15,16,17,D
d92ced58-68ce-53fb-bb55-160559f68eb7,MATEMATIK,"İlhan, aşağıdaki gibi üzerinde 0 dışında sadece 3'ün tam sayı kuvvetlerinin yazılı olduğu özel bir cetvel tasarlamıştır. İlhan, bu cetveli kullanarak aşağıdaki gibi iki ölçüm yapmıştır. Bu iki ölçümde dikdörtgen şeklindeki kağıdın aynı kenarı için yapılmıştır. Buna göre, K'nin alabileceği en büyük tam sayı değeri kaçtır?",-1,0,1,2,3,D
4fff7304-beeb-559d-9e63-7ef4d215385e,MATEMATIK,"$(x - 2) \cdot P(x) = x^3 - ax^2 + b$ eşitliği veriliyor. $P(x)$ polinomunun $x - 1$ ile bölümünden kalan $4$ olduğuna göre, $a + b$ toplamı kaçtır?",-5,-3,-1,1,3,B
5c04b074-59e8-55ae-934a-7e83fb6b6da9,TARIH,"II. Mehmet, boğazlara egemen olmadıkça yurdun tam bir güvenlik içinde olamayacağını biliyordu. Sıkışık anlarda Anadolu'dan Rumeli'ye ya da Rumeli'den Anadolu'ya rahatça kuvvet geçirebilmeliydi. Oysa İstanbul, Bizans'ın elinde bulunduğu müddetçe bu rahatlık mevcut değildi. Osmanlı Devleti, deniz ticaretini geliştirmek ve boğazlara hâkim olmak için mutlaka İstanbul'u fethetmeliydi. Burayı alarak Karadeniz'i bir Türk gölü hâline getirebilir ve Akdeniz ticaretinde söz sahibi olabilirdi. İstanbul'un Fatih'iyle Kuzey ve Doğu Avrupa'dan gelen ticaret yolları ile Karadeniz-Akdeniz arasındaki su yollarının denetimi de Osmanlıların eline geçecekti. Ayrıca Bizans, Osmanlılara karşı Hristiyan Batı dünyasını Haçlı Seferleri için tahrik ediyor, saltanat iddiasında bulunan Osmanlı şehzadelerini koruyup destekleyerek devleti devamlı bir iç savaş tehdidi altında tutuyordu. Yine İstanbul fetholdukça Katolik ve Ortodoks kilisesi birbirinden ayrılacaktı. Diğer yandan Türk İslam dünyası için Hz. Muhammed'in ""İstanbul muhakkak fethedilecektir. Onu fetheden komutan ne güzel komutan ve onun askeri ne güzel askerdir."" hadisi, ilahi bir vaat olarak görülüyordu.
Bu parçaya göre aşağıdakilerden hangisi söylenemez?","Bizans'ın, Osmanlı toprak bütünlüğünü olumsuz etkilediği",Osmanlı Devleti'nin fetihle ticari ve ekonomik kazanımlar amaçladığı,Fethin temel nedeninin dini nitelikli olduğu,Bizans'ın Osmanlı Devleti'ndeki veraset meselelerine karıştığı,Bizans'ın Osmanlı Devleti'ne karşı destek arayışında olduğu,C
88579dad-af8e-52bb-acd5-7ff7e4660c0a,MATEMATIK,Bir bakteri kolonisinin her 20 dakikada üçe katlandığı ve başlangıçta 5000 bakteri bulunduğu bilinmektedir. Buna göre üç saat sonunda bakteri sayısı aşağıdakilerden hangisine eşit olur?,$5000 \cdot 3^3$,$5000 \cdot 3^6$,$5000 \cdot 3^9$,$5000 \cdot 3^{12}$,$5000 \cdot 3^{180}$,C
86707965-f281-5d01-9d24-5771f7da8fbf,MATEMATIK,"$n$ bir pozitif tam sayı olmak üzere, $\triangle$ gösteriminin değeri $n!$ sayısına eşittir. Örneğin; $\triangle = 24$, $\triangle = 720$'dir. $\triangle$ sayısı $k$ ile tam bölünüyor ancak $k+1$ ile tam bölünmüyor. Buna göre, $k$ pozitif tam sayısının alabileceği en küçük değerin rakamları toplamı kaçtır?",$6$,$8$,$9$,$12$,$15$,C
50e10d6d-8e9d-5f64-aa45-adcbecc0b1f9,MATEMATIK,"$a=-\frac{3}{2}$, $b=-\frac{9}{7}$, $c=-\frac{18}{5}$ olduğuna göre, aşağıdaki sıralamalardan hangisi doğrudur?",$a<c<b$,$a<b<c$,$b<c<a$,$c<b<a$,$c<a<b$,D
f9c630ec-68a3-5f9a-9b41-843c8de319d0,KIMYA,"50 gram $CaCO_3$ (kireç taşı) katısı ile $H_2C_2O_4$ (okzalik asit) çözeltisi arasında gerçekleşen $CaCO_{3(k)} + H_2C_2O_{4(suda)} \rightarrow CaC_2O_{4(k)} + H_2O_{(s)} + CO_{2(g)}$ tepkimesinde 18 gram $H_2C_2O_4$ içeren çözelti kullanılmaktadır. Bu tepkime ile ilgili aşağıdaki açıklamalardan hangisi yanlıştır? (H: 1 g/mol, C: 12 g/mol, O: 16 g/mol, Ca: 40 g/mol)",Heterojen bir tepkimedir.,9 gram $H_2O_{(s)}$ oluşur.,"Normal şartlar altında 4,48 litre $CO_2$ gazı oluşur.","Oluşan $CaC_2O_4$ 1,4 mol atom içerir.",$CaCO_3$ katısının yüzde 40'ı parçalanmıştır.,D
f21181ac-431f-53e2-a24f-08232f9d0bc1,MATEMATIK,"Selim, $21314$ sayısının rakamlarını kullanarak üç basamaklı doğal sayılar yazacaktır. Örneğin; $211, 342$ gibi. Buna göre Selim bu şekilde en fazla kaç farklı doğal sayı yazabilir?",60,36,33,24,12,C
1bf53011-bd4a-5176-844c-b5a66937df60,MATEMATIK,"$a$ ve $b$ birer tam sayı olmak üzere, $a^2+a+b+a$ ifadesi bir tek sayıdır. Buna göre, I. $a \cdot b$ II. $a+2b$ III. $b-2a$ ifadelerinden hangileri çift sayıdır?",Yalnız I,Yalnız II,I ve II,II ve III,I ve III,C
97e5f822-cbba-5ce4-9355-28391c1d3392,MATEMATIK,"Bir işte sabit hızla çalışan Burhan, $(x+10) \text{ m}^2$ lik duvarı 4 saatte boyayabiliyor. Aynı hızla çalışmaya devam eden Burhan $(x-10) \text{ m}^2$ lik duvarı ise 3 saatte boyayabiliyor. Buna göre, $x$ kaçtır?",40,50,60,70,80,D
10b7b9df-111e-5cf8-9cad-83ac4cf7011e,KIMYA,"CH$_{3}$NH$_{2}$ molekülü ile ilgili, I. Lewis formülü H:C:N:H şeklindedir. II. Anorganik bileşiktir. III. Polar bileşiktir. yargılarından hangileri doğrudur? ($_{1}$H, $_{6}$C, $_{7}$N)",Yalnız I,I ve II,I ve III,II ve III,"I, II ve III",C
48a50c39-6403-5f15-bb21-185ca2480172,MATEMATIK,"Bir hava yolu şirketine ait bir uçağın sabah ve akşam gerçekleştireceği birer uçuş için iş tecrübeleri birbirinden farklı toplam 8 kabin çalışanı bulunmaktadır.
Bu çalışanlardan her biri yalnızca bir ekipte yer alacak ve bu çalışanlar arasından en tecrübeli üç çalışan aynı ekipte olmayacak şekilde dörder kişilik iki uçuş ekibi oluşturulacaktır.
Buna göre, sabah ve akşam uçuş ekipleri kaç farklı şekilde oluşturulabilir?",48,54,56,60,64,B
17041977-e576-5214-89a6-6039f22dda46,MATEMATIK,"Eşit kapasiteli 12 makina ile bir iş 18 saatte bitirilebilmektedir. İşe başladıktan 6 saat sonra makinaların bir kısmı arızalanıyor.
Geriye kalan makinalar kalan işi 16 saatte bitirebildiğine göre, arızalanan makina sayısı kaçtır?",1,2,3,4,5,C
dd73a825-f92c-5ebf-9d4d-22ffda037089,MATEMATIK,"$y = f(x)$ eğrisi ile $y = g(x)$ eğrisi, $y = x$ doğrusuna göre simetriktir.
$f(x)$ eğrisine $A(4,2)$ noktasından çizilen teğet doğrusunun eğimi $3$ olduğuna göre, $g(x)$ fonksiyonuna $B(2,4)$ noktasından çizilen teğet doğrusunun eğimi kaçtır?",$\frac{1}{3}$,$\frac{1}{2}$,1,2,3,A
9cc87806-9fa5-509a-a55b-8be2dff0161e,MATEMATIK,"Merkezi birim çember üzerinde I. bölgede bir nokta olduğuna göre, $m$ kaçtır?",$\frac{17}{61}$,$\frac{13}{71}$,$\frac{60}{61}$,$\frac{19}{51}$,$\frac{21}{61}$,C
e27eff19-f327-55ad-b341-d39325688ad5,FIZIK,"Fotoğraf makinelerinde fotoğraf çekerken ışık ihtiyacını bir anlık karşılamak için flaş sistemi kullanılır. Flaş sistemi bir pil, bir sığaç, bir anahtar ve özel bir ampulden oluşan bir elektrik devresidir. Anahtar kapatıldığında pil tarafından sığaçta depolanmış enerji çok kısa bir sürede ampulün üzerinden geçer ve çok kısa sürede şiddetli bir ışık üretir.
Buna göre, bir fotoğraf makinesi flaşının daha parlak bir ışık üretmesi için aşağıdakilerden hangisi yapılmalıdır?",Pilin uçları arasındaki potansiyel fark azaltılmalıdır.,Sığacın levhaları arasındaki uzaklık azaltılmalıdır.,Daha düşük kapasiteli bir sığaç kullanılmalıdır.,Sığaçta depolanan yük miktarı azaltılmalıdır.,Ampulün direnci artırılmalıdır.,B
a8e31ba8-afd1-5103-89b6-90a4fbd286c2,MATEMATIK,"$m-2$ ve $3n-2$ aralarında asal iki doğal sayıdır.
$7m-9n=8$ olduğuna göre, $m-n$ toplamı kaçtır?",11,10,9,8,7,B
4242c1d0-9eb8-52b8-ab73-2d42614afef6,KIMYA,"$2NaOH_{(suda)} + H_2CO_{3(suda)} \rightarrow X_{(suda)} + 2H_2O_{(s)}$
Yukarıdaki tepkime ile ilgili;
I. Oluşan X bileşiği sodyum karbonat olarak adlandırılır.
II. Asit - baz tepkimesidir.
III. X'in sulu çözeltisi asidik karakterlidir.
Yukarıdaki ifadelerden hangileri doğrudur?
($NaOH$: Kuvvetli baz, $H_2CO_3$: Zayıf asittir.)",Yalnız II,Yalnız III,I ve II,I ve III,"I, II ve III",C
1322a199-51c4-5772-9f14-679fe76f9444,FIZIK,"Bazı metallere ait eşik enerjisi değerleri tabloda verilmiştir.

Buna göre,
I. Mangan metalinden elektron söken bir ışık diğer metallerden de elektron sökebilir.
II. Eşik frekansı en büyük olan metal Mangan'dır.
III. Potasyum eşik dalga boyu çinkonun eşik dalga boyundan büyüktür.
yargılarından hangileri kesinlikle doğru olur?",Yalnız I,I ve II,I ve III,II ve III,"I, II ve III",E
3e1c8b74-fcfc-5e3e-92e7-ca977cf0e1b8,MATEMATIK,"Bir geometrik dizinin ilk $8$ teriminin çarpımı $3^{20}$ olduğuna göre, dizinin üçüncü terimi ile altıncı teriminin çarpımı kaçtır?",$3^2$,$3^3$,$3^4$,$3^5$,$3^6$,D
377c7606-43c7-5a08-a1ac-f06297bd03de,MATEMATIK,"$f: \mathbb{R} \to \mathbb{R}$ olmak üzere, $f(x+1)+x^2=f'(2) \cdot x^3$ eşitliği veriliyor. Buna göre, $f(4)$ değeri kaçtır?",3,6,9,18,36,D
62332801-35d8-5ebf-beb8-c546e3d52481,EDEBIYAT,"Rus edebiyatının önde gelen ve realizmin önemli temsilcilerinden sayılan Puşkin, Çarlık Dönemi Rus aile yapısı ve aristokrasisini anlattığı romanı Anna Karenina ile tanınır. Bu parçada numaralanmış yerlerin hangisinde bir bilgi yanlışı vardır?",I,II,III,IV,V,B
a694be59-2274-54c1-8106-1a8e731c37f9,TURKCE,"I. İnsan, doğumundan itibaren bir geleneğin içinde yer alır.
II. Yağmurdan sonra ormanın nemli zemininden yüzlerce mantar fışkırmış.
III. Arabalar, yağmurdan kayganlaşan yolda güçlükle ilerliyordu.
IV. Konak, büyükçe bir gölün kıyısına inşa edilmişti.
V. Rengârenk kamyon kasalarından buğday taneleri dökülüyor.
Numaralanmış cümlelerin yer tamlayıcılarıyla ilgili aşağıdakilerden hangisi söylenemez?",I. cümlenin yer tamlayıcısında belirtili isim tamlaması vardır.,II. cümlenin yer tamlayıcısında edat vardır.,III. cümlenin yer tamlayıcısında sıfat-fiil vardır.,IV. cümlenin yer tamlayıcısında sıfat tamlaması vardır.,V. cümlenin yer tamlayıcısında belirtisiz isim tamlaması vardır.,B
f37d9805-bb79-5f23-97f5-6ad36155f287,TURKCE,"I. Venezuela ve Brezilya sınırları boyunca yaşayan 14 bin nüfuslu Yanomamiler, 20. yüzyılın sonlarından itibaren altın avcılarından kaçarak kendi kamplarında gizlice yaşamaktadır.
II. Yerli halkların en büyüğü olan Yanomamiler, dış dünyayla bağlantı kurmadan kendi kamplarında yaşamaktadır.
Bu iki cümlede ifade edilenlerin anlamca doğru bir biçimde birleştirilmiş hâli aşağıdakilerden hangisidir?","Nerede yaşadıkları tam olarak belirlenemeyen, yerli halkların en özgünü olan 14 bin nüfuslu Yanomamiler, 20. yüzyılda kadar dış dünya ile bağlantı kurmamış ve İspanyol altın avcılarının tehdidi ile karşı karşıya kalmıştır.","14 bin nüfus ile yerli halkların en büyüğü olan Yanomamiler; Venezuela ve Brezilya sınırları boyunca dış dünyayla bağlantı kurmadan kendi kamplarında yaşamlarını sürdürürken 20. yüzyıldan itibaren İspanyol kökenli altın avcıları, Yanomamilerin yaşam alanlarını tehdit etmektedir.","Yanomamiler, dış dünyayla bağlantı kurmamış kamplarda yaşarken 20. yüzyılın sonlarından itibaren yaşam alanları ve yaşamları; kaçak maden arayan İspanyol kökenli altın avcılarının tehdidine uğramaktadır.","20. yüzyılın sonlarından itibaren yaşam alanlarını ve yaşamlarını kaçak maden arayan İspanyol kökenli altın avcılarının tehdit ettiği bilinen yerli halk Yanomamiler, kendi kamplarında özgürce yaşamaktadır.","Venezuela ve Brezilya sınırları boyunca yaşayan 14 bin nüfuslu Yanomamiler, 20. yüzyılın sonlarından itibaren altın avcılarından kaçarak kendi kamplarında gizlice yaşamaktadır.",B
f71fbaaf-a601-573c-8adb-af19d651b636,MATEMATIK,"$g(x)=x+3$ ve $(f \circ g)(x)=x^2+6x+8$ olduğuna göre, $(g \circ f)(2)$ kaçtır?",10,8,6,4,2,A
c5496a3e-52c0-561f-abfd-9c6f0a5f68a7,MATEMATIK,"Aralarında Aytuğ'un da bulunduğu 9 kişi arasından 4 kişilik bir ekip oluşturulacaktır. Buna göre, Aytuğ'un ekipte yer almadığı kaç farklı seçim yapılabilir?",126,84,70,56,36,D
8a096be4-9157-5d4e-8e6f-1eaf5aca3a97,KIMYA,"$CH_3-CH=CH_2+HCl \rightarrow X$
Yukarıdaki tepkime ve oluşan X bileşiği ile ilgili,
I. X doymuş hidrokarbondur.
II. Markovnikov kuralına göre gerçekleştiğinde X'in IUPAC adı 2 - kloro propandır.
III. Pi bağı sayısı azalmıştır.
yargılarından hangileri doğrudur?",Yalnız II,Yalnız III,I ve III,II ve III,"I, II ve III",D
ca1f8cb5-24b8-5097-bdc1-0a588163e00f,FIZIK,"Şekildeki devrede iletken telin birim kesitinden 3 saniyede $15.10^{19}$ tane elektron geçmektedir. Buna göre, iletken üzerinden geçen elektrik akımı kaç amperdir? (elektron yükü: $1,6.10^{-19}$ C)","0,8","2,4",8,24,80,E
94fecba2-e11c-5920-bfb9-54536b904d51,MATEMATIK,"Her $x$ gerçel sayısı için $|ax^2-(2a+4)x+8| = ax^2-(2a+4)x+8$ eşitliği sağlanmaktadır. Buna göre, $a$'nın alabileceği kaç tam sayı değeri vardır?",1,2,3,4,5,C
e8c13d7f-3d70-5731-a522-2a1351933078,MATEMATIK,"$f(x) = x^3$ eğrisine, üzerindeki $A(1, a)$ noktasından çizilen teğet ile bu eğrinin $A$ dışındaki ortak bir noktası $B(b, c)$ olduğuna göre, $a+b+c$ toplamı kaçtır?",-7,-8,-9,-10,-11,E
a2bbab46-6492-58ef-ac1a-1657a10529d0,FIZIK,"Bir fizik öğretmeni zamanın göreliği ile ilgili aşağıdaki örnekleri veriyor.
• Lityum kristallerinin molekülleri kararlı bir biçimde saniyede 1 milyon kez titreşirler. Lityumun bu özelliğinden faydalanarak zamanı hassas bir biçimde ölçen atom saati geliştirilmiştir. Yapılan deneylerde yüksek hızla hareket eden uzay aracının içindeki atom saatlerinde saniyedeki titreşim sayısı Dünya'dan ölçen gözlemci 1 milyondan fazla olduğunu gözlemlemiştir.
• CERN'de parçacık hızlandırıcılarda oluşturulan reaksiyonlarda oluşan bazı parçacıklar mikrosaniyeden daha az ömre sahip olduğu hâlde rahatlıkla gözlenebilmektedir.
Öğrencilerin bu olayları yorumlamasını isteyen öğretmenin öğrencilerinden aldığı,
Ayşe: Büyük hızla hareket eden lityum kristalleri için 1 saniyelik zaman Dünya'daki gözlemci için 1 saniyeden uzun olduğundan dolayı titreşim sayısı fazla ölçülmektedir.
Birol: Parçacık hızlandırıcılardaki parçacıklar ışık hızına yakın hızlarla hareket ettiğinden onlar için 1 mikrosaniyelik zaman geçtiğinde dışarıdaki gözlemci için çok daha uzun zaman geçer.
Timur: Yüksek hızla hareket eden lityum kristallerinin molekülleri daha hızlı titreştiğinden titreşim sayısı fazla ölçülür.
cevaplarından hangileri doğrudur?",Yalnız Ayşe,Yalnız Timur,Ayşe ve Birol,Birol ve Timur,"Ayşe, Birol ve Timur",C
830aacf1-2aee-5d54-b9ff-39567515a721,MATEMATIK,$ \frac{x+1}{x-4} + \frac{x+2}{x-5} = 0 $ denklemini sağlayan $x$ değeri kaçtır?,2,$ \frac{3}{2} $,$ \frac{4}{3} $,1,$ \frac{1}{2} $,B
bf91c3fd-5c39-5d84-a360-12eb72d8f9ed,MATEMATIK,"Aşağıdaki şekilde ABCD bir karedir. $|	ext{AE}| = 3$ cm, $|	ext{BE}| = 2$ cm, $m(	ext{BDE}) = x$. Yukarıdaki verilere göre, tan$x$ kaçtır?",$rac{1}{4}$,$rac{1}{3}$,$rac{2}{5}$,$rac{1}{2}$,$rac{3}{5}$,B
56cf161e-8986-5823-983c-34659adffbff,MATEMATIK,"tan a + tan b = 4 ve cot a + cot b = 8 olduğuna göre, cot(a+b) ifadesinin eşiti kaçtır?",$\frac{1}{3}$,$\frac{1}{4}$,$\frac{1}{6}$,$\frac{1}{8}$,$\frac{1}{12}$,E
d2018928-7950-5e12-adfe-7a44dbc3f110,EDEBIYAT,"Kamında yaşıyordum, kâğıdı saadettim!
Anne istemiyordum ne tacı ne sarayı!
Anne, karnında fazla yaramazlık mı ettim
Anne, sana kim dolu yavrunu doğurmayı
Cahit Sıtkı Tarancı'ya ait dizelerden hareketle aşağıdakilerin hangisi söylenemez?",Redifsiz zengin uyak kullanılmıştır.,Söz dizimi kuralları yıkılarak standart dilden kopulmuştur.,"Şair, bu dünyaya gelmekten şikâyet etmektedir.",Kafiye örgüsü abab olan çapraz uyak düzeniyle kaleme alınmıştır.,İstifham sanatına yer verilmiştir.,B
f20a8e73-38ae-5fde-8659-5798945ec193,MATEMATIK,"""Collatz Problemi"" 1'den büyük tüm doğal sayıların 1'e indirgenebildiğini anlatan bir problemdir. Ancak bu problem daha ispatlanamamıştır. $f: \mathbb{N}^+ \to \mathbb{N}^+$ bir fonksiyon olsun. $f(n) = \begin{cases} 3n-1, & n \text{ tek sayı} \\ \frac{n}{2}, & n \text{ çift sayı} \end{cases}$ $(a_n)$ dizisinin genel terimi $f(a_{n-1})$ dir. $a_1 = 12$ olmak üzere, $(a_n) = (12, a_2, a_3, ..., f(a_{n-1}), ...)$ şeklinde tanımlansın. Buna göre, I. Dizinin ilk dört teriminin toplamı 43'tür. II. Dizinin 10. terimi 1'dir. III. Dizideki sırayla $a_7, a_8, a_9$ ve $a_{10}$ terimleri ortak çarpanı $\frac{1}{2}$ olan bir geometrik dizidir. İfadelerinden hangileri doğrudur?",Yalnız I,I ve II,Yalnız II,II ve III,I ve III,D
2000b205-f8d1-5ae4-a612-a94d69d8f9a9,MATEMATIK,$f(x) = 3(x-4)^{m^2-3m-2}$ fonksiyonunun grafiği parabol belirtmektedir. Buna göre $m$'nin alabileceği değerlerin toplamı kaçtır?,0,1,2,3,4,D
5a868744-3398-5ec0-a40a-e5fe65e92379,TURKCE,Aşağıdaki cümlelerde geçen altı çizili sözcüklerden hangisi doğru yazılmıştır?,Cankurtaran olmak istemiş.,Dilbilimi çalışmaları yapalım.,Açıköğretim lisesinde okuyor.,Açıkmavi bir gömlek giymiş.,Sualtı sporlarıyla ilgileniyor.,C
a4b957dc-8a85-55f8-b813-bd4e0a07658d,TURKCE,"(I) Okuma çalışmaları ile yürütülen yazma becerileri başta psikomotor becerilerin geliştirilmesine bağlı olarak yapılır. (II) Yazma süreci, anlamlı sesler öğretildikten hemen sonra yine bu seslerin yazılması ile devam eder ve bu seslerle kurulan heceler okunmaya başlandığında hecelerin yazılma süreci de başlar. (III) Eğitim, bireyde kalıcı olarak meydana gelen davranış değişikliği olarak tanımlanıyor ise verilen eğitimde tercih edilen yöntemler belirli araştırmalara göre yapılmalıdır. (IV) Hecelerden kelimelere doğru gidilen süreçte yazma çalışmaları daha çok dikte çalışmalarla devam eder. (V) Dikte çalışmalarında öğrenci duyduğu kelimeleri yazar, yazdığı kelimelerin doğruluğu konusunda öğrenme sürecinin kontrolünü kendi sorumluluğunda alarak tekrar okuyup doğru yazıp yazmadığına bakar, bu durum hatasını bulup düzeltebilme becerisi kazanılması açısından önemlidir.
Bu parçada numaralanmış cümlelerden hangisi düşüncenin akışını bozmaktadır?",I,II,III,IV,V,C
660e48c3-a959-515a-abe3-18ce51581bb2,EDEBIYAT,"Yunanlıların Batı Anadolu'yu işgal etmesinden sonra Mebrure İstanbul'a gelir. İstanbul'a gelmesinin amacı Anadolu'da kaybettiği babasından haber almaktır. İstanbul'daki uzak akrabaları Nafi Bey'in yanında kalır. Nafi Bey'in ölümüyle kaldığı konak, bir anda onun sefahat hayatının merkezi hâline gelir. Sık sık dans ve eğlencelerin düzenlendiği konakta kalan Mebrure bu ortamdan uzaklaşmaya çalışır. Üstelik konağın oğlu Behiç de onunla ilgilenmektedir. Mebrure, özellikle arkadaşı Belma'nın çabaları sonucunda Behiç'in tatlı vaatlerine aldanmaz.
Bu parçada söz edilen eser aşağıdakilerden hangisidir?",Küçük Ağa,Yaşayan Ölü,İbrahim Efendi Konağı,Sözde Kızlar,Yalnızız,D
86bd2971-d787-5c1a-a981-719cdeb38d6b,BIYOLOJI,"Sağlıklı bir insanın çok protein tüketmesine bağlı olarak;
I. kanda amonyak miktarının artması,
II. idrarda üre miktarının artması,
III. idrarda kan proteinlerine rastlanması
durumlarından hangilerinin meydana gelmesi beklenir?",Yalnız I,I ve II,I ve III,II ve III,"I, II ve III",B
67c245ad-30d4-583c-bb2c-568adddbc7c1,MATEMATIK,"$f(x) = \begin{cases} x^2+a & x \ge 3 \\ 5x & 1 \le x < 3 \\ |3x-b| & x<1 \end{cases}$ fonksiyonu reel sayılarda sürekli olduğuna göre, $a+b$ toplamı kaçtır?",6,8,10,12,14,B
441ba4e3-7b51-5c1e-8f14-905659f6f52a,KIMYA,"A, L ve Y tuzları ile ilgili bilgiler şu şekildedir:
• A, kuvvetli asit - kuvvetli baz
• L, kuvvetli asit - zayıf baz
• Y, zayıf asit - kuvvetli baz
Sulu çözeltilerinin kendi aralarındaki tepkimeleri sonucu oluşturulmuştur.
Buna göre, aşağıdaki açıklamalardan hangisi yanlıştır?","A, nötr özellik gösterir.",L'nin sulu çözeltisi turnusol kağıdını kırmızıya boyar.,Y'nin sulu çözeltisindeki $OH^-$ iyon sayısı $H^+$ iyon sayısından fazladır.,"A, moleküler yapıdadır.",Üçünün de sulu çözeltisi elektrik akımını iletir.,D
9af6c3fd-65f8-54cc-b096-d98437357762,MATEMATIK,"Bir matbaa basılacak herhangi bir kitap için o kitabın sayfa sayısının yarısı kadar kâğıt kullanmaktadır.

Matbaada sırasıyla 400, 280 ve 320 sayfalık A, B ve C kitaplarından dörder basım yapılmıştır.

Bir kâğıt paketinin içinde 250 adet kâğıt olduğuna göre matbaanın basım için kullandığı kâğıt paketi sayısı kaçtır?",4,8,12,16,20,D
a221e926-07df-5ff3-939d-3d689d2f0dfd,FIZIK,"Bir zayıflama merkezinin panosundaki tabloda, bazı vücut etkinlikleri sırasında 1 saatte harcanan enerji değerleri, günlük etkinlik süresi ve toplam harcanan enerji değerlerinin bazıları gösterilmiştir.
Buna göre, X, Y ve Z ile gösterilen yerlere aşağıdaki sayılardan hangisi yazıldığında tablo doğru bir şekilde doldurulmuş olur?","X: 2000, Y: 700, Z: 4","X: 1000, Y: 350, Z: 4","X: 2000, Y: 350, Z: 2","X: 2000, Y: 350, Z: 4","X: 1000, Y: 700, Z: 2",D
4826ce84-0da7-50f8-8357-6e992097b714,MATEMATIK,"Aşağıdaki tabloda şehirlerarası bir yolda hiç durmadan ilerleyen bir aracın hız ve zaman bilgileri verilmiştir. Buna göre, bu aracın hareketi boyunca ortalama hızı saatte kaç km'dir?",94,96,98,100,102,C
1ffd8ea0-4957-5fa4-9349-6de58837b2b1,MATEMATIK,"$k$ bir gerçek sayı olmak üzere, $f: \mathbb{R} \to \mathbb{R}$, $g: \mathbb{R} \to \mathbb{R}$ $f(x+2) = 5x-3$ $g(x+k) = 7x+4$ $(f \circ g)(2) = 112$ olduğuna göre, $k$ kaçtır?",-3,-2,-1,0,1,B
6025201b-90e2-5fa8-8f81-c8bcb4a965a9,TURKCE,"• Sergei Paylian, Gürcistan'ın Tiflis şehrinde genç bir komşusunun ölümüne tanıklık ettiğinde yalnızca 14 yaşındaydı.
• Paylian'ın küçükken tanıklık ettiği bu olay, yaşlanma sürecini taklit hâline getirmesi ve bunu tersine çevirmeye çalışması ile sonuçlandı.
Bu iki cümlede ifade edilenlerden anlamca doğru bir biçimde birleştirilmiş hâli aşağıdakilerden hangisidir?","Sergei Paylian'ın, Gürcistan'ın Tiflis şehrinde genç bir komşusunun ölümüne tanıklık ettiği olay, yaşlanma sürecini taklit hâline getirmesi ve bunu tersine çevirmeye çalışması ile sonuçlandı.","Sergei Paylian'ın, 14 yaşındayken Gürcistan'ın Tiflis şehrinde genç bir komşusunun ölümüne tanıklık ettiği olay, yaşlanma sürecini taklit hâline getirmesi ve bunu tersine çevirmeye çalışması ile sonuçlandı.","Sergei Paylian'ın, 14 yaşındayken Gürcistan'da genç bir komşusunun ölümüne tanıklık ettiği olay, yaşlanma sürecini taklit hâline getirmesi ve bunu tersine çevirmeye çalışması ile sonuçlandı.","Sergei Paylian'ın, yaşlanma sürecini taklit hâline getirmesi ve bunu tersine çevirmeye çalışması ile sonuçlanan çalışmaları, Gürcistan'ın Tiflis şehrinde genç bir komşusunun ölümüne tanıklık ettiği olayla başlamıştır.","Sergei Paylian'ın, küçükken Gürcistan'ın Tiflis şehrinde genç bir komşusunun ölümüne tanıklık ettiği olay, yaşlanma sürecini taklit hâline getirmesine neden olmuştur.",B
a9a5a627-2841-5fca-b3d9-01afcf23f680,BIYOLOJI,"Ökaryot bir hücrenin çekirdeği, hücrenin bütünlüğü bozulmadan çıkarılırsa;
I. DNA'nın kendini eşlemesi,
II. bölünme,
III. metabolik faaliyetler
olaylarından hangileri eskisi gibi devam edemez?",Yalnız I,Yalnız III,I ve II,II ve III,"I, II ve III",C
a5b9caf9-31b7-5ea6-ab04-1d1f5b880c3e,MATEMATIK,"cos($2x + \frac{\pi}{6}$) = sin$x$ denkleminin $[0, 2\pi]$ aralığında kaç tane kökü vardır?",1,2,3,4,5,D
3d1721e2-34a6-5d15-a4e1-9d4644baadf0,MATEMATIK,"$f(x)=|1+(x+x^2)^2|$ olduğuna göre, $f'(1)$ kaçtır?",120,60,90,180,210,D
5f720d76-bea9-57fa-bce4-75a6dd3ad839,GEOMETRI,"$(x-2)^2 + (y+3)^2 = 4$ ve $(x+1)^2 + (y+7)^2 = 25$ çemberlerinin kesim noktaları A ve B olduğuna göre, $|AB|$ kaç birimdir?",$\frac{6\sqrt{6}}{5}$,$\frac{8\sqrt{6}}{5}$,$2\sqrt{6}$,$\frac{12\sqrt{6}}{5}$,$4\sqrt{6}$,D
abcd28e8-5272-54d2-ad61-f8f336507933,MATEMATIK,"Tüm dünyada 2000 yılı milenyum yılı olarak anılmış ve bu yılda doğan çocuklara ""Milenyum Çocuğu"" denilmiştir. Pınar, milenyum çocuğu olup annesinden 24 yaş küçük olduğuna göre, Pınar'ın annesinin doğum yılı aşağıdakilerden hangisidir?",1966,1974,1970,1984,1986,C
ebfbe6b5-cfe7-5ef0-8013-d2eaa4b41fbd,MATEMATIK,"Katsayıları $\{1, 2, 3, 4, 5, 6, 7\}$ kümesinin farklı elemanları olan ikinci dereceden bir $P(x)$ polinomunun katsayılar toplamı tek sayıdır. Buna göre bu koşullara uygun kaç farklı $P(x)$ polinomu yazılabilir?",156,144,148,124,96,B
ef65cff2-a9a3-570c-b0c1-508c069768e2,MATEMATIK,"$x < 0$ olmak üzere, $y = f(x)$ fonksiyonu için $\frac{2f(x)+1}{f(x)-1} = x$ eşitliği veriliyor. Buna göre, $f$ 'in hangi $x$ gerçek sayısı için görüntüsü $-2$ ye eşit olur?",-6,-2,-1,1,2,C
4230d317-52e4-5df8-81ca-e472594ec87f,MATEMATIK,"$x$ ve $y$ birer gerçek sayı olmak üzere, $x-y=5$ ve $3x^2-xy-7y^2=10$ olduğuna göre, $y-x$ farkı kaçtır?",$\frac{1}{2}$,$1$,$\frac{3}{2}$,$2$,$\frac{5}{2}$,D
cda6b21f-83a4-597d-8243-968dd158ac34,MATEMATIK,"$x = \sqrt{3}-10$ olduğuna göre, $\frac{\sqrt{3} \cdot x^2}{\sqrt{10}-3}$ işleminin sonucu kaçtır?",$-\sqrt{10}$,$-\sqrt{3}$,$\sqrt{3}$,$\sqrt{10}$,$-\sqrt{10}-\sqrt{3}$,C
1435cae4-05a9-5b4d-b384-ed1512867063,EDEBIYAT,"I. Melih Cevdet Anday, vücudu tutsak ama kişiliği özgür, öğrenme yoluyla özgür ancak belli kalıplarda özgürlüğü sağlamayanları karşılar.
II. Rıfat Ilgaz, filme de alınan oyunlarında, bir okul sınıfından hareketle, toplumdaki düzensizlikleri ve değer yargılarını verir.
III. Recep Bilginer'in oyununda, devletle yönetim düzeyinde ilişki kuran vatandaşın, haksızlık yapmadan ve hakkını çiğnetmeden haksızlıkla savaşması gerektiğini ortaya koyar.
IV. Necati Cumalı'nın bu oyunu, ağa ile köylü arasındaki su sorununu ve baskıları anlatır.
Aşağıdaki tiyatrolardan hangisi, yukarıdaki açıklamalardan hiçbirisiyle eşleştirilemez?",Susuz Yaz,Habbam Şah,Ben Devletim,İçerdekiler,Cengiz Han'ın Bisikleti,B
cba25e48-6ca8-541c-926a-544034c6388a,MATEMATIK,"$f, g$ ve $h$ fonksiyonları gerçel sayılar kümesinde tanımlı üç fonksiyondur.
$f(x) = 2x - 1$
$g(x) = mx - 4$
olmak üzere, bu üç fonksiyon her $x$ gerçel sayısı için
$(fog)(x) = h(x) - x$
eşitliğini sağlamaktadır.
Buna göre, $h^{-1}(2)$ değeri kaçtır?",-4,-2,0,1,2,B
865a07be-fa27-574c-9ca4-02c69875a125,FIZIK,"Bir radyo istasyonu $90 \text{ MHz}$ bandında yayın yapıyor.
Yayınlanan dalganın dalga boyu kaç $m$ dir? ($Işık \text{ hızı } 3.10^8 \text{ m/s}$ dir)",2,3,$\frac{10}{3}$,$\frac{7}{2}$,4,C
d18d5c1f-d64d-5da4-8f6e-ddcb7dbbfa8f,FIZIK,"Elektron, müon, tau ve nötrino gibi leptonların lepton sayıları 1; pozitron, antimüon, anti tau ve an-tinötrino gibi leptonların lepton sayıları ise -1 ve lepton olmayanların ise 0 dır. Benzer şekilde nöt-ron, proton gibi baryonların baryon sayıları 1, anti nötron anti protonunki -1, baryon olmayanların ise 0 dır. Bu bilgiler ışığında, $n \rightarrow p + e^- + \bar{v}_e$ reaksiyonunda; I. Eşitliğin sol ve sağındaki lepton sayıları toplamı eşittir. II. Eşitliğin sol ve sağındaki baryon sayıları toplamı eşittir. III. Eşitliğin sol ve sağındaki elektrik yükleri toplamı eşittir. yargılarından hangileri doğrudur?",Yalnız I,Yalnız II,I ve II,II ve III,"I, II ve III",D
309f0070-4e23-56a3-86c5-116082598352,MATEMATIK,"$5a - 3b = 1$ ve $2a - 5b = -11$ olduğuna göre, $\frac{a-b}{b}$ oranı kaçtır?",$-\frac{8}{3}$,$-\frac{7}{3}$,$-2$,$-\frac{5}{3}$,$-\frac{4}{3}$,D
75b668af-95b1-5327-b10c-0ccd751ea696,FIZIK,"Kütleleri eşit X, Y küre biçimindeki cisimlerden X K sıvısına Y ise L sıvısına bırakıldığında X yüzüyor, Y ise askıda kalıyor.
Buna göre,
I. X'in özkütlesi Y'ninkinden küçüktür.
II. X ve Y cisimlerine etki eden kaldırma kuvvetleri birbirine eşittir.
III. L cisminin özkütlesi, Y sıvısınınkine eşittir.
yargılarından hangileri kesinlikle doğrudur?",Yalnız I,Yalnız II,Yalnız III,I ve II,II ve III,E
85d5f91e-6346-5b80-a1a5-8725b59c7688,TURKCE,"İster mangalda közde ister sıcak kumda ister kısık ateşte pişirilsin fark etmez, illaki sabırla ve özenle pişmesi gerekiyor kahvenin. Cezvenin kararından kabarmaya başladığında ateşten alınıp fincana konan kahve, köpük köpük içilirken pişirenin de göğsünü kabartır. Öznesi insan olan her faaliyette, bayramlarda, kutlamalarda, düğünlerde kahve hep başroldedir. Kız istemeye gidildiğinde önce kahve içilir sonra niyet söylenir. Türk kahvesinin sunumu da pişirilmesi ve içimi gibi ayrı bir merasimdir. Kahveyle birlikte ikram edilen su, kahveden önce içilir. Böylece dil, hem kahvenin lezzeti hem de hoşsohbet için temizlenir. Orta şekerlisi, sadesi, mekteplisi, okkalısı, cilvelisi, damla sakızlısı, kakulelisi... Sabah kahvesi vardır, zindelik verir. Yorgunluk kahvesi vardır, dinlendirir. İşte bu nedenle dünyanın bütün kahveleri bir yana, Türk kahvesi bir yanadır... Her ne kadar ""Gönül sohbet ister, kahve ise tamamen bir bahane."" desek de bu böyledir.

Bu parçada Türk kahvesi ile ilgili
I. pişirilme yöntemi,
II. kültürel konumu,
III. tarihî gelişimi,
IV. türleri,
V. ikram edilme biçimi
bilgilerinden hangisi yoktur?",I,II,III,IV,V,C
7c096286-cb2a-5123-aa23-5c8f731e10de,MATEMATIK,"$P(x)$, $x$'li teriminin katsayısı sıfır olan bir polinom olmak üzere, $P(P(x)) = x^4 - 6x^2 + 12$ olduğuna göre, $P(-2)$ değeri kaçtır?",3,4,5,6,7,D
51b14f31-82f8-56ae-a10b-f6cdb48b3b14,MATEMATIK,Tam sayılar kümesinde tanımlı $f(x) = (a+3)x^2 + (b-2)x + a-b$ fonksiyonu bire bir ve örten olduğunda $f(5)$'in alabileceği değerler toplamı kaçtır?,-12,-10,-8,8,12,A
488924b6-1594-5db5-8f12-6698ccd7c8af,TURKCE,"(I) İlkokula başladığım yıllarda ""Çalıkuşu"" bir gazetede bölümler hâlinde yayımlanıyordu. (II) Babam, her akşam bizi etrafına toplardı. (III) Hep beraber romanın o günkü bölümünü okurduk. (IV) Böylece edebiyatla ilk tanışmam başlıyordu. (V) Ortaokula gidince okulun zengin kütüphanesinde bol bol okuma fırsatım oldu.
Numaralanmış cümlelerin hangisinin öznesi açık özne değildir?",I,II,III,IV,V,D
8641f176-de00-5a11-923b-d929c5f8f0fb,BIYOLOJI,"Hücre döngüsünün sağlıklı bir şekilde devam etmesi için büyüme ve bölünme olayları belirli noktalarda kontrol edilir.
I. kontrol noktasında protein gibi büyüme faktörlerinin yeterince üretilip üretilmediği kontrol edilir.
II. kontrol noktasında DNA'nın hatasız bir şekilde eşlenip eşlenmediği kontrol edilir.
III. kontrol noktasında iğ ipliklerinin kromozomlara, doğru bir şekilde bağlanıp bağlanmadıkları kontrol edilir.
Bu kontrol noktalarında kontrollü yapılan özellikler uygun ise hücre normal bir şekilde bölünür.
Bu bilgilere göre, kontrol noktalarında oluşan hatalar sonucu;
I. kromozom sayısı eksik,
II. genetik dizilimi değişmiş,
III. organel ve sitoplazma miktarı farklı
hücre çeşitlerinden hangileri meydana gelebilir?",Yalnız I,Yalnız III,I ve II,I ve III,"I, II ve III",C
5ef3d81e-5a34-58bb-80f5-7086c8c6116b,MATEMATIK,"a bir gerçek sayı olmak üzere,

$x^2 + 2x + a = 0$

denkleminin karmaşık sayılar kümesindeki kökleri $x_1$ ve $x_2$'dir.

$x_1 - x_2 = 2\sqrt{2}i$

olduğuna göre, a gerçek sayısının değeri kaçtır?",1,$\frac{3}{2}$,2,$\frac{5}{2}$,3,E
9a82c552-4dbd-51e5-95bb-3a52f1fed0cd,MATEMATIK,"cos$^2$2x - sin$^2$2x = 1 denkleminin $[0, 2\pi)$ aralığında kaç kökü vardır?",1,2,3,4,5,D
deb4557e-7fa8-5ce2-8042-4642f89a0d4f,KIMYA,"Nötr Y atomu $Y^{3-}$ iyonuna dönüşürken elektron başına düşen çekim kuvveti azalmaktadır.
Buna göre,
I. Çekirdeğin çekim gücü azalır.
II. $Y^{3-}$ anyondur.
III. Y atomu ve $Y^{3-}$ iyonunun nötron sayıları farklıdır.
yargılarından hangileri doğrudur?",Yalnız I,Yalnız II,I ve II,I ve III,II ve III,B
bb2685dd-72f5-5ac7-b412-86a63fcb8bc0,MATEMATIK,"$x < y < z$ ve $y \cdot z < x \cdot y$ olduğuna göre, aşağıdakilerden hangisi kesinlikle doğrudur?",$x+y+z < 0$,$y \cdot z < 0$,$x \cdot y \cdot z > 0$,$z \cdot x < z \cdot y$,$x+y > 0$,E
41c3553d-b803-54a9-9996-05c5472023be,MATEMATIK,"$m \ne 0$ olmak üzere, $m$ ve $n$ birer gerçek sayıdır. $f(x) = m \cdot \cos x + n$ fonksiyonunun alabileceği en büyük değer A, en küçük değer ise B'dir. Buna göre, A-B çarpımı aşağıdakilerden hangisine eşittir?",$m \cdot n$,$m - n$,$n - m$,$n^2 - m^2$,$m^2$,E
2e54f7e0-b344-5b5e-aac3-30a39fca08e9,KIMYA,"I. $C_2H_6O$
II. $C_3H_6O_2$
III. $CH_2O_2$
Bu bileşiklerden hangileri ester olamaz?",Yalnız I,Yalnız II,Yalnız III,I ve III,II ve III,D
8a85ed6f-f294-5e4c-8ef7-a810af073326,TURKCE,"Çevre sorunu dendiğinde aklımıza pek çok şey gelebilir. Doğal süreçlerin yanı sıra insan etkinliklerinin sonucu olarak doğal çevrenin zarar görmesi, kirlenmeye maruz kalması gibi çevre sorunlarından sonra doğanın dengesi genellikle hızlı ya da yavaş bir şekilde bozulur. Çevre sorunlarından bazıları, doğal süreçler içindeki olaylarla daha çok ilgilidir. Buna örnek olarak asit yağmurlarının neden olduğu hava, toprak ve su kirliliğinin bir volkanik patlamayı tetiklemesini gösterebilir.
Bu parçada verilen örnek, çevre sorununun hangi yönü üzerinde durulması gerektiğine yöneliktir?",Doğanın dengesini hızla bozabilen olayların olması,Bazı olayların doğal süreç içinde gerçekleşmesi,İnsan etkisi ve doğal etkilerin birlikte doğaya yansıması,Çözüm odaklı olmayan önerilerin etki olabilmesi,Olayların bilimsel olarak gözlemlenerek uzak olması,B
3766d510-94a8-5326-9eca-a9b4cfa542e2,MATEMATIK,"Analitik düzlemde $A(4, 0)$ noktasına 8 birim uzaklıkta, $y$ ekseni üzerinde bulunan noktalar $B$ ve $C$'dir. Buna göre, Alan($ABC$) kaç birimkaredir?",32,$16\sqrt{3}$,16,$8\sqrt{3}$,8,A
56e4c06b-4e85-5068-94b1-5bfe79378da0,KIMYA,"$aC_2H_2 + bO_2 \rightarrow cCO_2 + dH_2O$
tepkimesi en küçük tam sayılarla denkleştirildiğinde $a+b+c+d$ değeri kaç olur?",1,3,9,11,15,E
5a5768cb-23b6-5fd7-a18a-cf836fe2856e,MATEMATIK,"Pozitif terimli bir $(a_n)$ gerçek sayı dizisi; her $n$ pozitif tam sayısı için
$a_{n+1} = \frac{n}{2} \cdot a_n$
$a_2 = 5$
olimits

olimitseşitliğini sağlamaktadır.
Buna göre, $a_6$ kaçtır?",8,9,10,11,12,B
d8a20f7c-e6a8-5c03-9867-12c4ff909760,MATEMATIK,"$0,1 + 0,01 + 0,001 = \frac{0,037}{x}$ olduğuna göre, $x$ kaçtır?",6,5,4,3,2,E
ab7f6313-d243-5155-a25d-375a998d1cb3,GEOMETRI,"Düzgün bir çokgenin bir iç açısı ölçüsü, bir dış açısının ölçüsünün 5 katı olduğuna göre, bu düzgün çokgen kaç kenarlıdır?",10,11,12,15,18,C
9f0f4874-3ffd-56f4-a0c3-acd35a1dae41,MATEMATIK,"Bilgi: $n$ doğal sayı olmak üzere, $2^{2^n}+1$ biçiminde yazılabilen asal sayılara Fermat asal sayıları denir. Buna göre ilk dört Fermat asal sayısının toplamı kaçtır?",212,225,231,257,282,D
4b12e5d5-3bde-570a-8fce-429395ead1de,FIZIK,"Bir fizik öğretmeni, camdan yapılmış K ve L mercekleri ile ışık vermekte olan $M_1$ ve $M_2$ mumlarını kullanarak sınıf ortamında yaptığı deneylerde öğrencilerine K merceğinin asal eksenine dik olarak yerleştirdiği $M_1$ mumunun mercekte ters görüntüsünün oluştuğunu, L merceğinin asal eksenine dik olarak yerleştirdiği $M_2$ mumunun ise mercekte düz görüntüsünün oluştuğunu gösteriyor. Buna göre, öğrencilerin aşağıdaki ifadelerinden hangisi kesinlikle yanlıştır?",K merceği ince kenarlı bir mercektir.,$M_1$ mumunun mercekte oluşan görüntüsü gerçektir.,L merceği kalın kenarlı bir mercektir.,$M_2$ mumunun mercekte oluşan görüntüsü gerçektir.,L merceği ince kenarlı bir mercektir.,D
c96b2be3-13f3-53b0-b13f-31d73e4ee964,MATEMATIK,"$\log_{4} x - \log_{x} x + \log_{x} x^8 = \frac{22}{3}$ olduğuna göre, $x$ kaçtır?",16,8,4,$\frac{1}{4}$,$\frac{1}{16}$,A
ce9bbfa6-8d99-5bff-be57-9e61fd2b2190,MATEMATIK,"$P(x) = 3x^{16} - x^{11} + x^2 + 5$ polinomunun $x^2+1$ ile bölümünden kalan $x^2+mx+n$ olduğuna göre, $m \cdot n$ çarpımı kaçtır?",-20,-16,-12,-10,-6,A
2fc47a34-9f09-5e2b-8868-6338e07a6a59,MATEMATIK,"$a \cdot (b+c) + c \cdot (a+b) - b \cdot (a+c) = 24$ olduğuna göre, $a \cdot c$ çarpımı kaçtır?",24,18,12,8,6,C
584a16df-0bb9-5b6a-9d2b-50f073106e43,MATEMATIK,"$$(a_n) = (\cos(2n\pi))$$$$(b_n) = ((-1)^{n^2})$$dizileri veriliyor.Buna göre,I. $(a_n) = (b_n)$ dir.II. $a_{90} = a_{71}$ dir.III. $a_3 = b_7 = 2$ dir.ifadelerinden hangileri doğrudur?",Yalnız I,I ve II,I ve III,II ve III,"I, II ve III",B
b9521f96-3426-5406-ae0a-bdadd0fe8291,TURKCE,"Genç bir şairin değerlendirildiği bu parçadaki numaralanmış cümlelerle ilgili olarak aşağıdakilerden hangisi söylenemez?
(I) Genç şairin kitabını, ""Acaba dönem şiirimizde ne yönde gelişmeler görülüyor, gençler nelere ilgi duyuyor, nonu bize neler yazmaya çalışıyor?"" diyerek merakla okudum.
(II) Teknik ve biçim bakımından kusursuz olan bu dize ler, öğrendiğimiz bir şiir hissi uyandırıyor.
(III) Hâlbuki şiirde bir şair trajedisine, şairin varlığına ihtiyaç var.
(IV) Tekrar eden özelliklere sahip olduğu sezinleniyor.
(V) Şiirde kendi varlığı için içe olması gerektiği ifade edilmiştir.",I. cümlede genç kuşaklarla beğeniyle takip edildiği vurgulanmıştır.,II. cümlede yapı yönünden olgun bir düzeye eriştiği dile getirilmiştir.,III. cümlede anlatım bakımından kendine özgünlükten uzak olduğu söylenmiştir.,IV. cümlede kimi yönleriyle eskiyi tekrar eden özelliklere sahip olduğu sezinleniyor.,V. cümlede şiirin kendi varlığı için içe olması gerektiği ifade edilmiştir.,A
5ef672eb-a599-59a1-b266-cabfc9e1df62,MATEMATIK,"Ahmet, evdeki beyaz eşyaların garanti süresini soran kızına
""Buzdolabını sen doğmadan 3 yıl önce, fırını da ablan 6 yaşında iken almıştık. Her ikisinin de 20'şer yıl garantisi vardı. Buzdolabının garantisi geçen yıl bitti, fırının garantisinin bitmesine daha 3 yıl var.""
demiştir.
Ahmet'in eşyaları satın aldığı andan itibaren garanti süreleri başladığına göre, konuşmanın yapıldığı yıl Ahmet'in yukarıda bahsettiği iki çocuğunun yaşları toplamı kaçtır?",37,38,39,40,41,C
2371ea9b-9f39-56bf-a999-e220373207e9,MATEMATIK,$|4x-7|=0$ denkleminin çözüm kümesi aşağıdakilerden hangisidir?,{0},{\frac{4}{7}},{\frac{7}{4}},R,{\emptyset},C
20ee1e1e-8336-567e-8d56-513ff5f072c2,MATEMATIK,"$p$ asal sayı olmak üzere, $M_p = 2^p - 1$ şeklindeki $M_p$ asal sayılarına Mersenne asal sayıları denir.
Buna göre, aşağıdaki asal sayılardan hangisi bir Mersenne asal sayısıdır?",17,41,127,149,511,C
534b4ed5-cedf-5f89-9665-5483ffab01af,MATEMATIK,"$4(x+1) + a(y-2) = 0$ ve $3x - (2b-3)y = 0$ denklem sisteminin çözüm kümesinin bir elemanlı olması için, $a$ hangi değeri alamaz?",$6$,$\frac{17}{3}$,$\frac{16}{3}$,$5$,$\frac{14}{3}$,C
d5e3a873-3bb2-5c18-ad1f-f8c66a1bacfb,MATEMATIK,"Bir kemanın, taksitli satış fiyatı peşin fiyatının %5 fazlasıdır. Merve, taksitli satış fiyatına göre satın almıştır. Merve, kemanı satın aldığı zamanki peşin fiyatın %26 fazlasına sattığına göre, yüzde kaç kâr etmiştir?",15,18,20,25,30,C
82636dd0-3ba8-5336-b23f-f9e5bf110ec0,MATEMATIK,"$A = \{1,2\}$ ve $B = \{a,b,c\}$ olmak üzere A'dan B'ye kaç farklı fonksiyon tanımlanabilir?",6,7,8,9,10,D
e2da450b-ad2c-5390-ba63-d3cc21ea68f5,MATEMATIK,"Gerçel sayılar kümesi üzerinde bir $f$ fonksiyonu $f(x) = x \cdot |x^2 - 4|$ biçiminde tanımlanıyor. Buna göre, $f'(3) + f'(-1)$ toplamı kaçtır?",24,25,26,27,28,A
ff29077a-855b-5308-8831-c8e6ce152ad4,KIMYA,"Elektron dizilişlerinin orbital gösterimleri verilen tanecikler için aşağıdakilerden hangileri doğrudur?
X: $\uparrow\downarrow \uparrow\downarrow \uparrow\downarrow \uparrow\downarrow \uparrow\downarrow$
Y: $\uparrow\downarrow \uparrow\downarrow \uparrow\downarrow \uparrow\uparrow\uparrow$
Z: $\uparrow\downarrow \uparrow\downarrow \uparrow\downarrow \uparrow\downarrow \uparrow\downarrow$
A) X taneciği uyarılmıştır.
B) Y taneciği temel haldedir.
C) Her üçünün de değerlik elektronları s ve p orbitallerindedir.
D) Z taneciğinin elektron dizilişi Hund kuralına uyar.
E) Y ve Z aynı element atomlarıdır.",X taneciği uyarılmıştır.,Y taneciği temel haldedir.,Her üçünün de değerlik elektronları s ve p orbitallerindedir.,Z taneciğinin elektron dizilişi Hund kuralına uyar.,Y ve Z aynı element atomlarıdır.,B
f952f33c-0641-5619-8aec-adf82bcc8503,TURKCE,"I. Son dakikalarda golü, köşe vuruşundan bulduk. (Terim anlam)
II. Adam; niye bana pasladı, anlamadım. (Mecaz anlam)
III. Defterin yapraklarını durduk yere yırttık. (Yan anlam)
IV. Kıyafetindeki lekeyi geç de olsa fark etti. (Gerçek anlam)
V. Babasının gölgesinde bu işi sürdürüyordu. (Yan anlam)
Numaralanmış cümlelerin hangisinde altı çizili kelimeyle ayraç içindeki açıklama uyuşmamaktadır?",I,II,III,IV,V,E
26fc2add-dbe6-537c-919f-7d58a002f459,MATEMATIK,"Bir pastanedeki bir günde satılan içecek çeşitleri ve sayıları aşağıdaki tabloda gösterilmiştir.Bu pastaneden bir içecek alan Hazan'ın içeceği hazırlanırken süt kullanıldığına göre, Hazan'ın sıcak bir içecek almış olma olasılığı kaçtır?",$\frac{2}{5}$,$\frac{3}{5}$,$\frac{2}{3}$,$\frac{3}{4}$,$\frac{1}{2}$,E
cfa51966-aefe-56e1-a0f3-bb230adc7182,TURKCE,"Ben, sisi zihnin bazı hâllerine benzetirim. Sis içindeyken sanki başka bir dünyada, başka bir nizam içinde oynayan muhayyilem, beni daima şaşırtır. Kimi zaman temel kararlar üzerinde kalıp ayrıntılardan uzaklaşmanın mutluluğunu yaşarım. Kimi zaman da zihnim gibi oyunlar oynuyor ve görülen, işitilen her şeyi farklı bir şekle sokuyor.
Bu parçadaki altı çizili sözcüklerin hangisinde ünlü düşmesi yoktur?",I,II,III,IV,V,B
f943714f-168b-55f1-8e0b-086e61cdce57,COGRAFYA,"Bugün yeryüzünü göstermek için hazırlanan haritaların güncellenme sıklığı fazla iken bazılarında uzun süre güncellenmeye gerek yoktur. Buna göre, verilenlerden hangilerinin sıklıkla değiştirildiği, yani güncellenmesine gerek olduğu söylenemez?",Yalnız I,Yalnız II,II ve III,IV ve V,III ve IV,C
70958465-d510-5518-81d5-f443cedc1562,KIMYA,"Dengedeki, $2X_{(g)} + Y_{(g)} \rightleftharpoons 2Z_{(g)} \quad \Delta H > 0$ tepkimesinin sıcaklığı artırılırken katalizör de kullanılırsa, I. Denge sabitinde artma II. Aktifleşme enerjisinde azalma III. Z gazının mol sayısında artma değişimlerinden hangilerinin olması beklenir?",Yalnız I,Yalnız II,I ve II,I ve III,"I, II ve III",E
96cd9aae-c29d-5870-9aff-f44c66c939e6,EDEBIYAT,Aşağıdaki eserlerden hangisi diğerlerinden farklı bir yazara aittir?,Evcilik Oyunu,Çatrdaki Çatlak,Tombala,Sınırda,Sultan Gelin,E
8c1b27a0-659c-5c2f-92d9-4b42b57fd745,GEOMETRI,"Bir kenar uzunluğu $a$ birim olan bir düzgün altıgenin alanı $6 \cdot \frac{a^2\sqrt{3}}{4}$ birimkaredir.
Çevresi $24$ cm olan düzgün altıgen şeklindeki kağıdın $3$ uzun köşegeni şekildeki gibi çiziliyor.
Ardından yukarıdaki gibi kesikli çizgiler ile diğer köşegenleri de çiziliyor ve oluşan bazı bölgeler aşağıdaki gibi maviye boyanıyor.
Buna göre, oluşan mavi renkli bölgenin alanı kaç $cm^2$ olur?",$6\sqrt{3}$,$8\sqrt{3}$,$9\sqrt{3}$,$10\sqrt{3}$,$12\sqrt{3}$,E
9b2cae28-7104-5d89-bd3d-b756bb0f179b,MATEMATIK,"$\frac{-x^2-x-11}{(x^2+1)(x-1)} \le 0$ eşitsizliğinin en geniş çözüm kümesi gerçek sayılar olduğuna göre, $m$'nin bulunduğu en geniş aralık aşağıdakilerden hangisidir?","$(-3, 0)$","$(-3, 1)$","$(-1, 3)$","$(2, 2)$","$(1, 5)$",B
f49b6f3c-d6df-54f4-a614-ecc3380bca18,MATEMATIK,Eşitsizliğinin çözüm kümesi aşağıdakilerden hangisidir? $\frac{x^2+1}{x-3} \ge 0$,"$[3, \infty)$","$[3, \infty]$","$(- \infty, 3]$","$(- \infty, 3)$","$(-1,1) \cup (1,3)$",A
08d769c8-3ed1-59dd-996e-80f0787f9ab6,KIMYA,"$T^{\circ}C$'de $MgS$ tuzunun saf sudaki çözünürlüğü $2 \cdot 10^{-4}$ molardır. Buna göre, $MgS$ tuzunun aynı sıcaklıkta çözünürlük çarpımı $(K_{çç})$ kaçtır?",$2 \cdot 10^{-4}$,$4 \cdot 10^{-4}$,$4 \cdot 10^{-6}$,$4 \cdot 10^{-8}$,$4 \cdot 10^{-12}$,D
6c287344-e322-5882-8043-14975a07e321,MATEMATIK,"$A, B, C$ birer asal rakam olmak üzere, $A+B=C$ eşitliği sağlanmaktadır. Buna göre, $A, B$ ve $C$ rakamları birer kez kullanılarak yazılabilecek üç basamaklı en büyük sayı ile en küçük sayının farkının pozitif değeri kaçtır?",517,297,495,490,395,A
86bc90df-e447-506e-91cd-0a6b44abc401,MATEMATIK,"Tabloda A ve B ifadelerinin karşılıkları gösterilmiştir. Buna göre, $\frac{A}{B}$ aşağıdakilerden hangisidir?",$(x+y)^2$,$xy$,-1,$\frac{x}{y}$,1,E
7fa4a0ca-1d60-58ee-b76f-9fdc9dffe14d,MATEMATIK,"Bir tren, istasyondan belli bir sayıdaki yolcuyla hareket etmiştir. İlk durakta yolcuların $\frac{3}{7}$'si inip bu durakta trene 40 kişi binmiştir. İkinci durakta ise trende var olan yolcu sayısının $\frac{5}{8}$'i inmiştir.
Tren üçüncü durağa 36 yolcu ile geldiğine göre, başlangıçta bu tren istasyondan kaç yolcu ile hareket etmiştir?",96,98,102,104,106,D
b6fd3284-254c-5770-accd-0605a2cf4a3a,MATEMATIK,"$a$ ve $b$ gerçel sayılardır. $-5 < a < 2$ $-4 < b < 1$ olduğuna göre, $a^2+b^2$ toplamının alabileceği en büyük tam sayı değeri kaçtır?",37,38,39,40,41,D
588e91cc-f878-56a1-915e-3f365cc2b219,KIMYA,$SO_4^{2-}$ iyonunda S elementinin yükseltgenme basamağı kaçtır? ($O: 6A$),+7,+6,+5,+4,+3,B
5fe1f372-a723-55ec-bd39-111876f59358,MATEMATIK,"""SEYİT"" sözcüğünün harflerinin yerleri değiştirilerek $120$ tane sözcük oluşturuluyor. Bu sözcükler alfabetik sıraya dizildiğinde baştan $50$. sözcük aşağıdakilerden hangisi olur?",İSTYE,STEİY,SEİYİT,SEİYİ,ESİYİT,D
a323182f-cd9f-5ea6-a151-be0941e8888b,EDEBIYAT,"• Türk şiirine yeni bir ses düzeni, coşkulu bir anlatım getirmeyi hedeflemişlerdir.
• Şiirin basit olmayacağını, zengin benzetmelerle bezenmiş içli ve derin anlatım olacağını belirtmişlerdir.
• Türk şiir geleneğini reddetmeden yepyeni biçim ve imgelerle şiir yazılabileceğini ileri sürmüşlerdir.
• Şiirlerin serbest ölçüyle yazılmış, özel adın ilk harfini küçük kullanmış ve özel ada gelen çekim ekini ayırmışlardır.
• Bireyin duygu dünyasını imajlı şiirlerle aktarmışlardır.
Yukarıda özellikleri verilen Cumhuriyet Dönemi şiir anlayışı aşağıdakilerden hangisidir?",II. Yeniciler,Öz Şiirciler,Hisarcılar,Maviciler,Toplumcular,D
20d829e8-2379-5b03-97b5-97c032b6fef1,MATEMATIK,"$i^2 = -1$ olmak üzere, $f(x) = (1 + \sqrt{-x}) \cdot (1 - \sqrt{-x})$ olduğuna göre, $f(1) \cdot f(4)$ aşağıdakilerden hangisine eşittir?",10,$10i$,-10i,-10,$4i$,A
9defe5d8-fb94-5637-8db3-fc5b191f7bab,TURKCE,"Sadako Sasaki, 1943 yılında Hiroşima'da doğmuştur. Yaşadığı şehre insanlık tarihinin en büyük kara lekesi olan atom bombası atıldığında Sadako henüz iki yaşında bir çocuktur. Ölen binlerce yaşlının aksine ölüm onu hemen yakalamamış ama on iki yaşına geldiğinde lösemi teşhisiyle hastaneye kaldırılmıştır.
I. İnsanlar da Sadako için turna katlamayı bir gelenek hâline getirmiştir.
II. Bu olay, önce Hiroşima'da daha sonra tüm Japonya'da duyulmuştur.
III. Katladığı turnaların kanatlarına barış mesajları yazmış ve son nefesine kadar turna katlamaya devam etmiştir ama ne yazık ki altı yüz kırk dört tane turna katlayabilmiştir.
IV. Sadako'nun ölümünü takiben Sadako'nun dileğinin gerçekleşmesi için arkadaşları turnalarını bine tamamlamış ve onları Sadako ile toprağa vermişlerdir.
V. Sadako atalarının bir inanışı olan bin adet turnayı katlamaya başlamış ve katladığı turnaların onu iyileştireceğine ve dünyaya barış getireceğine inanmıştır.
Yukarıdaki parça numaralanmış cümleler ile anlamlı ve kurallı bir paragraf hâline getirilirse ""parçanın devamından sonra"" baştan dördüncü cümle aşağıdakilerden hangisi olur?",I,II,III,IV,V,A
0e43cf72-894f-55b8-9502-d0abed42f6e2,TURKCE,"(I) Aslında ideal bir alışkanlık olan ""sağlıklı beslenme"" kimileri için aşırı kaygıya dönüşebiliyor. (II) Bazı kişiler sağlıklı beslenme konusunda öyle saplantılı hâle geliyorlar ki sadece birkaç besin maddesinin kendileri için yararlı olacağını düşünüyorlar. (III) Bu kişiler yiyeceklerini özel yöntemlerle hazırlıyor, pişiriyor ve bunları yaparken de özel mutfak araçları kullanıyorlar. (IV) İşte bu eğilimler maalesef ortoreksiya nervoza yerine bozukluğunun habercisi olabilir. (V) Besinlerin sadece sağlık ya da sağlıksız olarak sınıflandırılması anlayışına farklı yaklaşan uzmanlar da vardır.
Bu parçadaki açıklamalar kaç numaralı cümledeki sorunu ortaya çıkarmaktadır?",I,II,III,IV,V,D
4b16c882-8c97-5709-9c36-b6b799ebd536,MATEMATIK,"Beş sınıftaki öğrencilerin katıldığı, bir okulda düzenlenen geziye;
• A ve B sınıflarından eşit sayıda öğrencinin,
• C ve D sınıflarından eşit sayıda öğrencinin,
• E sınıfından $15$ öğrencinin
katıldığı biliniyor.
A ve C sınıflarından geziye katılan toplam öğrenci sayısı, geziye katılan tüm öğrenci sayısının $\frac{2}{5}$'i olduğuna göre, B ve D sınıflarından toplam kaç öğrenci geziye katılmıştır?",25,28,30,36,40,C
bc88f4ab-b243-57ed-9bfa-4bce9a9181a5,MATEMATIK,"$P(x) = x^{\frac{n+8}{n}} + x^{n-3} - 7$ ifadesi polinom olduğuna göre, n doğal sayısının alabileceği değerler toplamı kaçtır?",29,30,31,32,33,C
a1679029-ee48-5903-b16f-802fb07065a4,MATEMATIK,"$x^2+(n^2-2n-3)x+n=0$ denkleminin kökleri $x_1$ ve $x_2$ dir. $x_1<0<x_2$ ve $|x_1|=|x_2|$ olduğuna göre, $n$ kaçtır?",-3,-1,0,1,3,E
5673983a-4817-57d5-9b39-a48524197534,MATEMATIK,"$a^2 = b^{-1}c^{-1}$ olduğuna göre, $\frac{(a+b^{-1})(b^2+c^{-1})}{b c^{-1} + a b^{-1}}$ işleminin sonucu kaçtır?",30,36,40,42,45,B
65cf5b9f-2f32-5aff-afb4-30f785c123b5,MATEMATIK,$16^{3-2x}=8^{x+2x}$ Yukarıda verilen eşitliğe göre $x$ kaçtır?,\frac{1}{3},3,2,\frac{1}{4},\frac{1}{2},E
d279a5d3-6f79-5a03-b076-bf6659535204,MATEMATIK,"Hafta içi günlerinin her birinde 10, hafta sonu günlerinin her birinde 15 soru hazırlamaya karar veren bir yazar herhangi bir gün bu kararını uygulamaya başlıyor.
Bir cumartesi gününün sonunda gelindiğinde yazar toplam 505 soru hazırlamış oluyor.
Buna göre, yazar ilk sorusunu hangi gün hazırlamıştır?",Cumartesi,Cuma,Pazartesi,Salı,Çarşamba,E
0d513382-2cb2-5a13-a371-a02b157ce448,MATEMATIK,"$f(x)$ ve $g(x)$ fonksiyonlarının $x=3$ noktasında limitleri vardır. $\lim_{x \to 3} (f(x)-2g(x)) = 13$ ve $\lim_{x \to 3} (3f(x) \cdot g(x)) = 4$ olduğuna göre, $\lim_{x \to 3} (f^2(x))$ limitinin değeri kaçtır?",4,8,16,32,40,C
04ebe36b-c637-5cb0-a3e3-ac54f93b576a,MATEMATIK,"$(a_n)$ gerçek sayılar dizisi $n>1$ için, $a_n = (n$'den küçük veya $n$'e eşit olan asal sayıların toplamı) biçiminde tanımlanıyor. Buna göre, $a_4 - a_2 + a_7$ ifadesinin eşit kaçtır?",-3,-2,-1,0,1,C
676b0bbf-4311-545b-8f9e-8320f2ffd679,KIMYA,"$X: C_{17}H_{35}COONa$
$Y: C_{12}H_{25}SO_3Na$
Yukarıda formülleri verilen X ve Y bileşikleri ile ilgili,
I. Hidrofil ve hidrofob kısım içerirler.
II. Sert suda X, Y'ye göre daha iyi temizlik yapar.
III. Y, X'e göre çevreye daha fazla zarar verir.
yargılarından hangileri doğrudur?",Yalnız I,I ve II,I ve III,II ve III,"I, II ve III",C
9cd45d53-4f01-51be-ba2c-5aeca3529e9b,TURKCE,"Romanlarında, öykülerinde insanı ruhsal derinliğiyle işleyen Tanpınar, kendisini eleştirenler karşısında havlu atmamıştır. Sanat hayatı boyunca Türk insanını anlatmaya, Türk insanına tarihsel boyut kazandırmaya çalışmıştır. Geçmişimize yabancılaşmak sorununu modernlikten ödün vermeden biraz olsun aşabiliyorsak bunda Tanpınar'ın katkısı büyüktür. Bu açıdan bakıldığında Tanpınar, yanına bir ikinci ad yazılamayan kişilerden- dir. O, başkalarının yürüdüğü yoldan gitmediği için kendisine ait ayak izi bırakmayı başarmıştır.
Bu parçadaki altı çizili sözlerle anlatılmak istenenler arasın- da aşağıdakilerden hangisi yoktur?",Özgün bir çizgi yakalama,Alanında biricik olma,Geleneklerden kopma,Mücadeleden vazgeçmeme,Gerçekleri yeniden biçimlendirme,E
da7df144-2a07-5485-b052-fb17c6f3a391,MATEMATIK,"Yasemin 3 günde bir, Mürüvvet 4 günde bir alışverişe çıkıyor. İki arkadaş ilk kez Cumartesi beraber alışverişe çıkıyorlar. Buna göre, Yasemin ile Mürüvvet beraber 6. kez alışverişe hangi gün çıkarlar?",Pazar,Salı,Çarşamba,Perşembe,Cuma,D
a786f19b-3566-51d4-ba60-947d46e06da8,BIYOLOJI,"Çeşitli bitkilerin köklerinde beslenen bazı mantarlar, hiflerini toprak partiküllerine doğru uzatırlar. Bitkinin, topraktan su ve inorganik maddeleri alma, özellikle de fosforu elde etme yetenekleri, bu hifler yardımıyla önemli ölçüde artar. Mantarlar ve bitki kökleri arasında gerçekleşen bu etkileşim; I. kommensalizm, II. parazitizm, III. mutualizm şeklindeki beslenme ilişkilerinden hangilerine örnek gösterebilir?",I ve II,I ve III,Yalnız I,Yalnız II,Yalnız III,E
5cde59d1-14b1-540f-9956-ae719109ee4c,MATEMATIK,"Bir imalathanede hacmi $10\pi \ m^3$ olan silindir şeklinde bir depo üretilecektir. Bu depo ile ilgili aşağıdakiler bilinmektedir.

* Üretilecek bu deponun alt ve üst tabanında kullanılacak malzemenin $m^2$ başına maliyeti $5$ TL dir.
* Üretilecek bu deponun yanal yüzeyinde kullanılacak malzemenin $m^2$ başına maliyeti $1$ TL dir.

Buna göre, üretilecek deponun malzeme maliyetinin en az olması için taban yarıçapı kaç $m$ olmalıdır?","0,6","0,8",1,"1,2","1,4",C
a04ed225-3fa9-575d-82b9-7eda5ba19071,MATEMATIK,"$A_{50}=\{1,2,3,...,50\}$ $(a_n): A_{50}\to R$ sonlu dizisi $(a_n)=\frac{1}{n^2+3n+2}$ biçiminde tanımlanıyor. Buna göre, ilk 50 terim toplamı kaçtır?",$25$,$\frac{2}{25}$,$\frac{49}{50}$,$\frac{25}{52}$,$\frac{1}{52}$,D
ef0d75d6-4f98-5bd7-a6e5-6407752fa2e2,MATEMATIK,Yaş ortalaması $m$ olan $n$ kişilik bir gruba yaş ortalaması $n$ olan $mn$ kişilik bir grup katılıyor. Buna göre son durumda gruptaki kişilerin yaş ortalamasının $m$ ve $n$ türünden eşiti aşağıdakilerden hangisidir?,$m-n$,$\frac{m+mn}{1+m}$,$\frac{m}{1+m}$,$m+\frac{n}{1-m}$,$\frac{1}{1+m}$,B
7ac0a8c5-9697-5d99-97d3-372e81fb2880,MATEMATIK,"$7\sin^2x - 4\sin(2x) - 5\cos^2x = 4$ denklemini sağlayan $x$ değerleri için, $(\tan x)$'in alacağı değerler toplamı kaçtır?",$\frac{1}{2}$,$\frac{4}{3}$,2,3,$\frac{8}{3}$,E
350c898c-3352-5bde-be47-1bf0c07f9484,MATEMATIK,"$f: \mathbb{R} \to \mathbb{R}$, $y=f(x)$ fonksiyonu artan bir fonksiyon ve $f'(0)=0$ dır. Buna göre, I. Her $x \in \mathbb{R}^+$ için $f'(x)>0$ dır. II. $f(-10)<f(10)$ III. $f$ fonksiyonunun grafiği $x$ eksenini sadece bir noktada keser. ifadelerinden hangileri doğrudur?",Yalnız I,Yalnız II,I ve II,I ve III,II ve III,B
56ac6d23-d72a-5eb8-81aa-ce0fcddb7b43,MATEMATIK,"Nazenin aldığı 30 yumurtanın %30'unu taşıma esnasında kırmıştır. Geriye kalan yumurtaların 6 tanesini ise yemek yapmak amacıyla kullanmıştır. Buna göre, son durumda yumurtaların yüzde kaçı kalmıştır?",20,30,40,50,60,D
0b0c6b4d-5230-5f2e-b9eb-a1fdca3cf2f1,GEOMETRI,"Dik koordinat düzleminde bir köşesi orijinde ve bir kenarı $2x-y=5$ doğrusu üzerinde olan bir dikdörtgen çiziliyor. Çizilen bu dikdörtgenin köşegen uzunluğu 3 birim olduğuna göre, alanı kaç birimkaredir?",$2\sqrt{5}$,$\sqrt{10}$,$3\sqrt{5}$,$2\sqrt{10}$,$2\sqrt{6}$,B
0d68ea06-12bf-5fb4-aa2a-c42d2aaef012,MATEMATIK,"$a$ ve $b$ birer tam sayı olmak üzere,
$a-b < 7$
$|b| < 9$
eşitsizlikleri veriliyor.

Buna göre, $a+b$ toplamının en küçük değeri kaçtır?",$-23$,$-22$,$-21$,$-20$,$-19$,A
18fcd999-d4e3-5c87-a622-d8b739dfada8,MATEMATIK,"Zehra ile Esra'nın aralarında bulunduğu 5 kişilik arkadaş grubu için Zehra 3 konser bileti, Esra 2 konser bileti alıyor. Zehra 2 bileti, bilet almayan iki arkadaşına rastgele birer tane, Esra 1 bileti, bilet almayan bir arkadaşına rastgele veriyor. Buna göre, gruptakilerin her birine birer tane bilet olma olasılığı kaç olur?",$\frac{1}{2}$,$\frac{1}{3}$,$\frac{1}{4}$,$\frac{1}{5}$,$\frac{1}{6}$,E
6e4ac749-7b60-5bf3-b64b-0100e211ab88,MATEMATIK,"$a^3 + 3a^2b + 3ab^2 + b^3 = 343$
$a^3 - 3a^2b + 3ab^2 - b^3 = 125$
olduğuna göre, $a$ kaçtır?",1,2,3,5,6,C
9c788060-8688-5316-a47f-c099815badae,EDEBIYAT,Parçada özellikleri hakkında bilgi verilen metin türü aşağıdakilerden hangisidir?,Fıkra,Makale,Deneme,Eleştiri,Sohbet,E
ab07cd91-92e2-53db-8892-03d3230e6d32,MATEMATIK,"Her gün mesaisinin olduğu bir iş yerinde esnek çalışma sistemine geçilmiştir. Bu iş yerinin sahibi, çalışanların bir kısmından iki günde bir, diğerlerinden ise üç günde bir iş yerine gelmelerini istemiştir. Bu sisteme geçildikten sonra ilk dört günde bu iş yerine gelen çalışan sayılarının sırasıyla 22, 19, 28 ve 26 olduğu görülmüştür.
Buna göre, bu sisteme geçildikten sonra beşinci gün bu iş yerine kaç çalışan gelmiştir?",12,15,18,21,24,B
13141b37-bf58-5928-97c3-32147f9caf4b,MATEMATIK,$\sqrt{3}\sin^2 x + 2\cos x - \sin x = \sqrt{3}\cos^2 x$ denkleminin köklerinden biri aşağıdakilerden hangisidir?,$\frac{\pi}{12}$,$\frac{\pi}{5}$,$\frac{\pi}{6}$,$\frac{\pi}{4}$,$\frac{\pi}{3}$,C
2c81ef7b-f4d9-5030-b3dd-2228cd4ee89a,MATEMATIK,"$i^2 = -1$ olmak üzere, $z = -8 - 6i$ karmaşık sayısının eşleniği aşağıdakilerden hangisidir?",$8 - 6i$,$6 - 8i$,$-8 + 6i$,$6 + 8i$,$8 + 6i$,C
19d6f28d-57ef-5723-8e4f-5ea03a1fc64a,MATEMATIK,"Dört arkadaş, 3 çıkış kapısı olan bir okulun içinden dışarı çıkacaktır. Buna göre, bu dört kişi kaç farklı şekilde dışarı çıkabilir?",54,60,72,81,99,D
cec689e8-d8fb-5569-a954-dedec48ccb8a,MATEMATIK,"$f: \mathbb{R} \to \mathbb{R}$ tanımlı bir fonksiyon olmak üzere $f(x) = x+1$ olduğuna göre, $(f \circ f \circ ... \circ f)(0)$ (1982 tane) ifadesinin değeri kaçtır?",0,1,1981,1982,1983,D
c00a5d66-29f7-56ed-aef4-8510e3ad7970,MATEMATIK,"$ \frac{2y}{3}-\frac{x}{2}=1 $ doğrusu ile $(m-1)x+(m+1)y=5$ doğrusu paralel olduğuna göre, m değeri kaçtır?",$ \frac{1}{3} $,$ \frac{1}{5} $,$ \frac{1}{2} $,$ 1 $,$ \frac{1}{7} $,E
c75cadfd-bb04-5852-8f7e-0adf4d32a4b4,FIZIK,"Sesin ortamlardaki yayılma sürati ortamdaki sıcaklığın artmasıyla birlikte artar. Örneğin hava sıcaklığındaki $1 \text{°C}$ artış sesin havadaki yayılma süratinin $0,6 \text{ m/s}$ artması anlamına gelir.
Buna göre hava sıcaklığının artması sonucu sabit bir kaynaktan yayılan sesin frekansı ve dalga boyu nasıl değişir?","Artar, Artar","Değişmez, Artar","Değişmez, Değişmez","Azalır, Azalır","Değişmez, Azalır",B
6f483cd7-6f38-5a3c-8457-9d67890c2f73,GEOMETRI,"Birbirini $36^\circ$ lik açı ile kesen yeterince yükseklikte ve sağlamlıktaki iki duvarın kesim noktasına bir kazık ve bu kazığa da bir halat bağlanıyor. Halatın P ucuna ise bir koç bağlanıyor. $|OK| = |OC| = 8 \text{ m}$'dir.
Halatın uzunluğu $10 \text{ m}$ olduğuna göre, koçun gezebileceği en büyük bölgenin alanı kaç $m^2$ dir?",$18\pi$,$16\pi$,$14\pi$,$12\pi$,$10\pi$,A
f576961e-a7b4-579b-b0fe-b02ed6b5a91d,MATEMATIK,$\\int_4^9 \\frac{1-\\sqrt{u}}{\\sqrt{u}}du$ integralinin değeri kaçtır?,-9,-8,-6,-3,-2,B
23da23d7-6033-5c71-bc0f-a3091ca2e04a,FIZIK,"Düzgün manyetik alana $v$ hızıyla giren $+q$ yüklü parçacığa etki eden manyetik kuvvet sıfırdan farklıdır. Buna göre, I. Manyetik alan ve hız birbirine diktir. II. Manyetik alan ve manyetik kuvvet birbirine diktir. III. Hız ve manyetik kuvvet birbirine diktir. yargılarından hangileri kesinlikle doğrudur?",Yalnız I,Yalnız II,Yalnız III,I ve III,II ve III,E
d89f8a05-02af-5cee-b9b9-6d6325a7a590,MATEMATIK,"Saniyedeki hızı 36 m olan bir tren, 600 metre uzunluğundaki bir tüneli 20 saniyede geçiyor.
Buna göre, bu trenin boyu kaç metredir?",100,120,130,150,160,B
6260ddc3-3456-5830-bfad-aa52b1c804fd,MATEMATIK,"$x = 10^5$ için, $ \frac{2x^3 - 20x^2 - 50x}{x^2 - 25} $ ifadesinin değeri aşağıdakilerden hangisine eşittir?","$ 1,05.10^7 $","$ 2,1.10^6 $","$ 2,1.10^5 $","$ 1,05.10^6 $","$ 2,05.10^7 $",A
64c59f14-e92a-58d7-9b55-a4c8862ee22d,EDEBIYAT,"Sanatlı toplumun hizmetinde gören Mehmet Akif Ersoy; ----, ----, ---- gibi manzum hikâye türündeki eserlerinde halkın yaşam tarzını ve içinde bulunduğu çıkmazları aruz ölçüsüyle ve daha sade bir dille anlatmıştır.
Bu parçada boş bırakılan yerlere aşağıdakilerden hangisi getirilemez?",Küfe,Mahalle Kahvesi,Köso İmam,Seyfi Baba,Çanakkale Şehitleri,E
5bbce143-7996-58d2-9b84-4479f75b7cbd,MATEMATIK,"$(0, 1, 2, 3, 4, 5)$ kümesinin elemanları ile rakamları farklı üç basamaklı bir sayı yazılmak isteniyor. Yazılan bu sayının 5 ile tam bölündüğü bilindiğine göre, bu sayının 10 ile tam bölünme olasılığı kaçtır?",$\frac{1}{3}$,$\frac{2}{3}$,$\frac{1}{5}$,$\frac{2}{5}$,$\frac{5}{9}$,D
da988189-4976-5d59-a377-09daf35a2323,TURKCE,"(I) Bir yazarın sürgünde yaşadığı bunca zorluğa rağmen yazmada inat etmesi, takdire şayan bir şeydir. (II) Yazarın bu eserinde Anadolu ve Avrupa'da yaşam mücadelesi veren insanların hikâyelerini zevkle okuyacaksınız. (III) Yazar, anlatım tarzıyla okuyucunun olayları âdeta yaşıyormuş gibi hissetmesini sağlamaktadır. (IV) Hikâyelerde öncelikli eserlerine göre daha derin, daha toplayıcı, karakterleri daha belirgin kılan anlatım yok gibi. (V) Yer yer güdükçü, yer yer hüzünlü, çocuksu davranışlar, sevgi ve hınzıllık kokan bu yeni çalışmasıyla okuyuculara farklı bir kapı aralıyor. Bu parçada numaralanmış cümlelerin hangisinde yazarlarla ilgili olumsuz eleştiri sezilebilir?",I,II,III,IV,V,D
0e0b63ca-9862-569c-8642-9c9edc10ed46,FIZIK,"Ülkemizde elektrik enerjisi üretiminde kullanılan kaynaklardan bazıları doğal gaz ve kömürdür. Bu enerji kaynakları ile ilgili, I. Fosil yakıtlardır. II. Çevre kirliliği oluştururlar. III. Yenilenebilir enerji kaynaklarıdır. yargılarından hangileri doğrudur?",Yalnız I,Yalnız II,I ve II,II ve III,"I, II ve III",C
4584be25-b299-5e59-ac6d-41abacd6ad3c,MATEMATIK,İşleminin sonucu aşağıdakilerden hangisidir? $\frac{\sqrt[3]{9} \cdot \sqrt[3]{3}}{\sqrt[3]{9}}$,0,1,2,3,4,B
6d2c19ba-7d49-5709-b850-7c70dec3d4ca,MATEMATIK,"$|x-1| \le 3$ ve $x+y=3$ olduğuna göre, $y$'nin alabileceği tam sayı değerleri toplamı kaçtır?",14,13,12,11,10,C
7a15dda0-0145-5147-a4b3-0500e5cfc3c2,MATEMATIK,$\frac{a\cdot\sqrt{a}-b\cdot\sqrt{b}}{\sqrt{a}-\sqrt{b}}-\sqrt{ab}$ ifadesinin en sade hâli aşağıdakilerden hangisine eşittir?,$a+b$,$a-b$,$2a+b$,$a+2b$,$2ab$,A
4e49eeaa-43a6-5dc9-8621-185f54144ccf,MATEMATIK,"$(a_n) = \left(\frac{2n-1}{n-5}\right)$ ifadesi bir sonlu dizidir.
Buna göre, bu dizi en çok kaç elemanlı olabilir?",1,2,3,4,5,D
7f73fa31-5917-5149-a5dd-a9dd9a35ce70,KIMYA,Rutherford atom modeli ile ilgili aşağıdaki ifadelerden hangisi yanlıştır?,Bir atomdaki elektronların yerleşimini açıklayamamıştır.,Atomların çekirdeğinde protonlar ve nötronlar vardır.,Atomların yaydığı spektrumları açıklayamamıştır.,Thomson modelinde yer alan elektronların pozitif yük bulutu içinde yüzdüğü fikrini geçersiz kılmıştır.,Atomun büyük bir kısmı boş bir uzay parçasıdır.,B
63de89be-6430-5dd0-adff-fc2293f690d4,MATEMATIK,"a ve b gerçel sayılar olmak üzere, dik koordinat düzleminde $f(x) = x^2 + 2x + a$ fonksiyonunun grafiğine $(1, f(1))$ noktasında teğet olan doğru $g(x) = \frac{x^2-b}{a}$ fonksiyonunun grafiğine de $(-2, g(-2))$ noktasında teğettir. Buna göre, $b$ kaçtır?",6,7,8,9,10,D
ee510646-d574-5c59-b1ef-99d880a74314,TARIH,"Aşağıdakilerden hangisi, Osmanlı Devleti'nde XIX. yüzyılda çıkarılan bir gazete değildir?",Ceride-i Havadis,Tercüman-ı Ahval,Tasvir-i Efkar,Hâkimiyet-i Milliye,Takvim-i Vekayi,D
621edb7b-6a9c-54a4-bc86-20f3217b3786,MATEMATIK,"$\frac{0,8 \cdot 10^{-2} + 0,04 \cdot 10^{-1}}{2 \cdot 10^{-3}}$ işleminin sonucu kaçtır?",4,5,6,7,8,C
1fa4298f-7f4b-5771-94e9-84693bcf124f,KIMYA,"X, Y ve Z elementleri periyodik sistemin A gruplarında bulunmaktadır.
• $X^-, Y$ ve $Z^{2-}$ tanecikleri izoelektronik taneciklerdir.
• Y periyodik sistemde 3. periyot 8A grubunda yer alır.
Yukarıda verilen bilgilere göre,
I. X atomunun grup numarası Z atomunkinden daha küçüktür.
II. Z atomunun periyot numarası X atomununkinden daha küçüktür.
III. X elementi metal, Z elementi ametaldir.
yargılarından hangileri doğrudur?",Yalnız I,Yalnız II,Yalnız III,I ve II,"I, II ve III",A
e32aa85f-1249-5e7c-aae9-684835e490cf,TURKCE,"Rahat ulaşılır köy yollarını asfalt ile zenginleştireceğiz.
Bu cümledeki fiilimsinin türce özdeşi aşağıdakilerin hangisinde yoktur?",Yaşanmaz bu diyarlarda senin sesin olmadan.,Bu olaydan sonra kim olduğunu hatırladı nihayet.,Sahip olduğumuz her şeyin değerini kaybetmeden anlamalıyız.,Söylemlerimizi dikkate almayıp kahrolan onlar.,Gidilesi yerlerin yolculuğu cefa sayılmaz.,B
0befa9f8-4dce-5fb4-9947-c52cee536272,KIMYA,I. $_{24}Cr$ atomunun temel halde yarı dolu orbitali yoktur. II. $_{18}Ar$ atomu küresel simetri özelliğine sahiptir. III. $_{23}V^{3+}$ ve $_{20}Ca$ tanecikleri izoelektroniktir. Yukarıdaki ifadelerden hangileri doğrudur?,Yalnız II,I ve II,I ve III,II ve III,"I, II ve III",A
2b0d6e4b-5bb3-5ec1-bca8-54cfceb59e6d,MATEMATIK,$1907x^2+114x-2021=0$ denkleminin köklerinden biri aşağıdakilerden hangisidir?,$\frac{1}{2021}$,$\frac{1}{1907}$,$\frac{1907}{2021}$,$-1$,$\frac{2021}{1907}$,D
52188f24-5e20-5fdf-8ac7-9da943d7249a,MATEMATIK,"Bir okulda yapılan araştırmaya göre, her bir öğretmene 40 öğrenci düşüyor. Okula 4 öğretmen gelip okuldan 10 öğrenci ayrılırsa her bir öğretmene 30 öğrenci düşüyor. Buna göre, başlangıçta okulda bulunan öğretmen sayısı kaçtır?",12,13,14,15,16,E
77c2ea20-0b1f-5042-805c-ad67f11d1fcd,FIZIK,"Bir kişi hava ortamında düzlem aynaya bakarak kendi görüntüsünü görmüştür. Aynı kişi hiçbir şeyi değiştirmeden aynı şekilde ayna ile birlikte havuzda suya batıp aynaya bakarak kendi görüntüsünü görmüştür. Buna göre kişi tamamen su içerisindeyken görünen yeni görüntüyle ilgili, I. İlk durumda oluşan görüntüye göre daha büyüktür. II. Aynaya olan uzaklığı, ilk durumdaki görüntünün aynaya olan uzaklığından fazladır. III. Havuzdaki su, tuzlu su olsaydı boyu yine aynı olurdu. yargılarından hangileri doğrudur?",Yalnız I,Yalnız II,Yalnız III,I ve II,II ve III,C
3a6898ca-957e-5334-a88d-7ccf289ee36e,BIYOLOJI,"Bir deney tüpünde bulunan nişasta ve proteinin üzerine mide özsuyu konularak $35 \text{ }^\circ\text{C}$'de bekletilmiştir.
Bir süre sonra deney tüpünde;
I. polipeptit,
II. maltoz,
III. glikoz
moleküllerinden hangilerine rastlanılabilir?",Yalnız I,Yalnız II,I ve II,I ve III,II ve III,A
44d9ea0f-16bb-5c78-90a9-21afcd7876bd,MATEMATIK,"$f(x)$ fonksiyonu her $x$ reel sayısı için negatif tanımlı, azalan ve tek fonksiyondur. Buna göre, aşağıdakilerden hangisi daima azalandır?",$f(-x)$,$5x - f(x)$,$x^2 + f(-x)$,$\frac{1}{f(-x)}$,$x \cdot f(x)$,A
72b07d35-9f9a-5f84-a8ce-3f5fa55c6a56,KIMYA,Aşağıdakilerden hangisi toprak ve su kirliliğinin nedeni olmaz?,Piller,Plastikler,CFC,Endüstriyel atıklar,Organik sıvılar,C
0b85ea17-dbe3-51d1-a7da-d7a5fabba18b,MATEMATIK,"log$_{3}$(5 + 2 \cdot log$_{3}$(x + 1)) = 1 olduğuna göre, x gerçek sayısı kaçtır?",8,9,10,11,12,A
fae8d876-8354-5cbe-bdc2-bb449dd1b406,MATEMATIK,"Bir yayınevinin sahibi, iki dizgiciden Gökçen ve Alçay'a 300'er sayfa dizgi yapma işi vermiştir. Aynı anda işe başladıktan 20 gün sonra Alçay, kendi sayfalarını bitirip Gökçen'e yardım etmeye başlamıştır.
Yardımı başladıktan 5 gün sonra Gökçen'in de sayfaları bittiğine göre, Gökçen günde kaç sayfa dizgi yapabilmektedir?",9,12,10,8,6,C
b525cfab-f07b-5048-8d3b-9ab0afdea2b8,MATEMATIK,Birbirinden farklı üç asal sayının toplamına eşit olan en küçük asal sayının rakamları toplamı kaçtır?,2,4,5,8,10,E
d996c7c9-20d2-5c4c-ae6e-777ecfb4c59c,MATEMATIK,"$A = 1 \cdot 2 + 3 \cdot 4 + 5 \cdot 6 + ... + 39 \cdot 40$
eşitliğinde A sayısının her bir teriminin ikinci çarpanı ikişer artırılırsa A sayısının değeri kaç artar?",680,720,760,800,880,D
ef2e53d0-d8d7-5208-8b4f-051495fbbd6a,MATEMATIK,$(-2^3) \cdot (-2)^{-4} \cdot (-2)^4 \cdot 2^{-2}$ işleminin sonucu kaçtır?,$-2^6$,$-2^5$,$-2^{-4}$,$2^{-6}$,$2^{-5}$,B
67c0d822-aa7f-5416-804d-949ba4b4af48,MATEMATIK,"$x<0<y$ olmak üzere, $\sqrt[4]{x^4} + \sqrt[6]{y^6} + \sqrt{(x-y)^2}$ ifadesi aşağıdakilerden hangisine daima eşittir?",$2x+2y$,$-2x+2y$,$2x-2y$,$-2x-2y$,$0$,B
cacc2bd4-e06c-5b75-811d-ca31b9976549,MATEMATIK,"Gerçek sayılar kümesi üzerinde tanımlı ve türevli $f$ fonksiyonu için, $f(x+y) = f(x) + f(y) + xy$ $f'(0) = 3$ olduğuna göre, $f'(1)$ kaçtır?",16,12,8,4,2,D
ad20a0bc-a0af-57bd-822c-28c6b7ff6a40,MATEMATIK,"$\frac{0,\overline{6}}{0,\overline{3}} + \frac{0,\overline{8}}{0,\overline{2}}$ işleminin sonucu kaçtır?",2,3,4,5,6,E
2c4d712c-b2e2-5e7c-afd1-488e6b28a3f9,MATEMATIK,$1 < \frac{\sqrt{x+2}}{3} < \frac{6}{\sqrt{x-2}}$ eşitsizliğini sağlayan kaç farklı x tam sayısı vardır?,5,6,7,8,9,D
ace1b316-55f2-5ff4-88a4-88a295c4f09a,MATEMATIK,"$y=f(x)$ ve $y=g(x)$, gerçek sayılarda tanımlı oldukları aralıklarda birebir ve örten iki fonksiyondur. $f^{-1}(x^2+1)=g(3x-1)$ olduğuna göre, $(fog)'(5)$ değeri kaçtır?",$\frac{2}{3}$,1,$\frac{3}{2}$,$\frac{4}{3}$,2,B
881606e4-c139-5a2f-bf18-b7346312ab44,MATEMATIK,"$a$ ve $b$ sıfırdan farklı birer gerçek sayı olmak üzere, $x+a=x+b$ denklemi ile ilgili, I. $a=b$ ise çözüm kümesi gerçek sayılardır. II. $a \ne b$ ise çözüm kümesi boş kümedir. III. $a \cdot b$ ise çözüm kümesi tek elemanlıdır. ifadelerinden hangileri doğrudur?",Yalnız I,Yalnız II,I ve II,I ve III,"I, II ve III",C
d5730820-d165-5eb5-87ed-9f48eccfd474,KIMYA,"0,51 gram $NH_3$'ün 300 mL'lik sulu çözeltisinin pH değeri 10 olduğuna göre,
a. Aynı sıcaklıkta $NH_3$'ün iyonlaşma sabiti ($K_b$) değeri kaçtır?
b. Aynı sıcaklıkta $NH_3$'ün iyonlaşma yüzdesi kaçtır?
sorularının cevabı hangi seçenekte doğru verilmiştir?
($N:14 g/mol, H:1 g/mol$)","a: $1 \cdot 10^{-7}$, b: 1","a: $1 \cdot 10^{-7}$, b: 0,1","a: $1 \cdot 10^{-6}$, b: 1","a: $1 \cdot 10^{-6}$, b: 0,1","a: $1 \cdot 10^{-5}$, b: 0,1",D
29b54c7a-ba0e-5fb6-b862-d7e9d91fe384,MATEMATIK,"Abdullah'ın bir hedefi vurma olasılığı $\frac{2}{3}$, Akif'in aynı hedefi vurma olasılığı $\frac{1}{2}$'dir. Buna göre, Abdullah ve Akif hedefe birer atış yaptıklarında birinin hedefi vurma, diğerinin vuramama olasılığı kaçtır?",$\frac{1}{5}$,$\frac{1}{4}$,$\frac{1}{3}$,$\frac{1}{2}$,$\frac{2}{3}$,C
a4fb4bc6-80f0-561b-8014-571888add1d7,MATEMATIK,cos($\pi$ + arccos($\frac{3}{4}$)) ifadesinin değeri kaçtır?,$-\frac{3}{4}$,$-\frac{3}{5}$,$-\frac{4}{5}$,$\frac{3}{4}$,$\frac{3}{5}$,A
915c4fd7-fc23-5b14-828c-77affbfe4b7c,FIZIK,"X motoru bir yükü 20 m yüksekliğe sabit hızla 2 dakikada çıkarabilmektedir. Aynı yükü Y motoru 30 m yüksekliğe sabit hızla 30 s de çıkarabilmektedir. Buna göre Y motorunun gücü, X motorunun gücünün kaç katıdır?",12,6,3,1,$\frac{1}{3}$,A
b1b7b4f7-9cfb-54b5-8984-08e77587ba99,MATEMATIK,"$\oplus$ işlemi $x \oplus y = 3x-yx^2$ şeklinde tanımlanıyor. $f(x) = x \oplus x^2$ olduğuna göre, $f(-1)$ kaçtır?",-4,3,2,-3,-2,E
5e5c76bb-5516-54fe-9e69-51a3398a8c05,MATEMATIK,$f(x)=\log_{(x-1)}(14-2x)$ fonksiyonunun en geniş tanım kümesindeki tam sayıların toplamı kaçtır?,18,19,20,21,22,A
b17dac0b-0de0-5dc3-83c8-ce5f14375d9d,TURKCE,"Günümüze ulaşan kilim tekniği ile dokunmuş en eski parça, Eski Mısır'ın 18. dönemine aittir. Anadolu'da dokunmuş en eski kilim örneği; MÖ 2300 yıllarına tarihlenen, Truva kazılarında bulunmuş, Kraliçenin Örtüsü diye adlandırılan ancak bugün nerede olduğu bilinmeyen kilimdir. Ayrıca Gordon kazılarında Frigler'e ait kilime benzer parçalar ele geçirilmiştir. Güney Sibirya'daki Pazırık'ta MÖ 5-4. yüzyıllara tarihlenen ünlü Hun halısıyla birlikte bulunan keçe ve düz dokuma yaygılar, Penza'da MÖ 8-2. yüzyıllara tarihlenen parçalar tüm kıtalarda bu tür dokumaların çok eski tarihlerden beri bilindiğini gösterir.
Bu parçada kilimle ilgili olarak aşağıdaki sorulardan hangisinin cevabı yoktur?",Anadolu'da dokunmuş en eski kilim hangisidir?,Kraliçenin Örtüsü olarak bilinen kilim hangi uygarlığa aittir?,Frigler kilim dokumayı biliyorlar mıydı?,Pazırık'ta bulunan Hun halısı hangi yüzyılda dokunmuştur?,Kilim tekniği ile dokunmuş en eski parça hangi döneme aittir?,C
f0eb4a33-0989-592c-ba63-dbdf1336b30b,GEOMETRI,"$x+2y-1=0$ ve $x+2y+7=0$ doğrularına teğet olan çemberin merkezi $y=x$ doğrusu üzerinde bulunduğuna göre, çemberin merkez koordinatları aşağıdakilerden hangisidir?","(1, 1)","(2, 2)","(3, 3)","(-1, -1)","(-2, -2)",D
98a0d1ee-49ee-5dda-bf36-c1d83df41f83,GEOMETRI,"Dik koordinat düzleminde bir $d$ doğrusunun $A(-4, 1)$ noktasından geçtiği ve $2x - y = 5$ doğrusuna dik olduğu biliniyor. $d$ doğrusunun $x$-eksenini kestiği nokta $(a, 0)$ ve $y$-eksenini kestiği nokta $(0, b)$ olduğuna göre, $a+b$ toplamı kaçtır?",-3,-1,0,1,3,A
8e9f7812-da70-5e75-94f1-87ed7d0ac2b9,MATEMATIK,"$a$ ve $b$ birer pozitif tam sayı olmak üzere,
$ax^2-bx-a=0$
denkleminin diskriminantı $a^2$ olduğuna göre, bu denklemin kökler toplamı kaçtır?",3,1,$\frac{1}{3}$,$\frac{1}{5}$,-3,B
6ee0b295-0cc3-5b6b-beae-0bc646c98235,MATEMATIK,$P(x) = x-1$ polinomu veriliyor. $P(x^2)$ polinomunun $P(x)$ polinomuna bölümünden kalan $ax+b$ olduğuna göre $b$ kaçtır?,$-2^{2025}$,$-2^{2024}$,$2^{2024}$,$2^{2025}$,$2^{2026}$,A
0515b040-cdac-5afc-8f65-73473baece9d,MATEMATIK,"$K = ab+a+b+...$ ifadesinde noktalı yere, I. $a^2$ II. $b^2$ III. $1$ öncüllerinden hangileri yazılırsa K çarpanlarına ayrılabilir?",Yalnız I,I ve II,I ve III,II ve III,"I, II ve III",E
10efa309-c2f9-5ad4-a4d3-9d43ee8625cc,MATEMATIK,"$a^{\frac{4}{b}} = 16^{\frac{1}{b}}$ olduğuna göre, $a^2$ ifadesinin değeri kaçtır?",$2^{25}$,$2^{20}$,$2^{15}$,$2^{10}$,$2^5$,D
5b1beeca-068b-5c67-af1f-99886fd0849a,MATEMATIK,"Richter ölçeğine göre 6 büyüklüğündeki depremin genliği, 4 büyüklüğündeki bir depremin genliğinin kaç katıdır?","1,5",2,10,15,100,E
07b42db4-f0a7-54dd-ac35-bd08468860ad,MATEMATIK,"Her $x$ gerçek sayısı için $f''(x) = f'(x) + 1$ eşitliği veriliyor. Buna göre, $f$ fonksiyonunun [2,3] aralığındaki grafiğinin $x$ ekseni ile arasında kalan bölgenin alanı kaç birimkaredir?",10,11,12,13,14,B
50f1e31c-066c-53a7-8842-195fc9a39358,MATEMATIK,"Dik koordinat düzleminde gerçek sayılar kümesi üzerinde tanımlı $f$ fonksiyonunun grafiği ile grafiğe $x=1$ ve $x=4$ apsisli noktalardan çizilen teğet doğruları verilmiştir.
$m(\widehat{AOB}) = m(\widehat{BOC})$ ve $f(4)=2$ olduğuna göre,
$\frac{f'(1)}{f'(4)}$ oranı kaçtır?",$\frac{3}{5}$,$\frac{4}{5}$,$\frac{3}{4}$,$\frac{6}{5}$,$\frac{9}{5}$,D
85d8b095-c8e9-54a8-bfed-a9ab83b5c937,FIZIK,"Işığı oluşturan enerji paketleri 1 olarak adlandırılır. Boşlukta 2 hızıyla yayılan fotonların 3 yoktur.
Yukarıda verilen paragrafta 1, 2 ve 3 numaralı boşluklara hangi terimler yazılmalıdır?","elektromanyetik dalga, ışık, hacmi","foton, ışık, kütlesi","madde dalgası, ses, kütlesi","foton, ses, hacmi","madde dalgası, ışık, kütlesi",B
6c38c4dc-e002-5723-9740-e05c0e1212a5,MATEMATIK,"$f(x) = \frac{x^3-x^2-x+1}{1+x^2}$ olduğuna göre, $f'(1)$ kaçtır?",\frac{11}{7},\frac{9}{7},1,\frac{5}{7},\frac{3}{7},C
7a3cb40f-28c7-5a9e-aeea-bed2dd95d10e,MATEMATIK,$\sin x = \frac{\sqrt{3}}{2}$ denkleminin çözüm kümesi aşağıdakilerden hangisidir?,"$x = \frac{\pi}{6} + 2k\pi \quad \lor \quad x = \frac{2\pi}{3} + 2k\pi, k \in \mathbb{Z}$","$x = \frac{\pi}{3} + 2k\pi \quad \lor \quad x = \frac{2\pi}{3} + 2k\pi, k \in \mathbb{Z}$","$x = \frac{\pi}{6} + k\pi \quad \lor \quad x = \frac{2\pi}{3} + k\pi, k \in \mathbb{Z}$","$x = \frac{\pi}{3} + k\pi \quad \lor \quad x = \frac{2\pi}{3} + k\pi, k \in \mathbb{Z}$","$x = \frac{\pi}{6} + 2k\pi \quad \lor \quad x = \frac{5\pi}{6} + 2k\pi, k \in \mathbb{Z}$",B
97ea5bb8-42a1-50ca-8420-a2bf2d373fe1,MATEMATIK,"$x$ ve $y$ 1'den büyük pozitif gerçel sayılar olmak üzere, $log_x y + \frac{1}{log_y x} = 1 + lny + x$ eşitliği sağlanıyor. Buna göre, $y$'nin $x$ türünden eşiti aşağıdakilerden hangisidir?",$e^x \cdot x$,$\frac{e^x}{x}$,$x \cdot e^{x-1}$,$e^{x-1} \cdot x$,$\frac{x-1}{e^x}$,B
5913ebc7-22be-599f-b3fb-702a45bc9151,MATEMATIK,"$P(x+3)$ polinomunun $P(x-3)$ polinomu ile bölümünden kalan $12$'dir. Buna göre, $P(3x+1)$ polinomunun tek dereceli terimlerinin katsayılar toplamı kaçtır?",-12,-6,0,6,12,D
6c4f5163-e8e4-57c0-a2a9-5636006c9199,MATEMATIK,$\int f''(x) \cdot f'(x) dx$ integrali aşağıdakilerden hangisine eşittir?,$\frac{1}{3}f^3(x)+c$,$3f^2(x)+c$,$3f^3(x)+c$,$\frac{1}{2}f^2(x)+c$,$\frac{1}{3}f^2(x)+c$,D
9102277d-f259-50aa-8c2d-8ca7aef64044,FIZIK,"Havadan suya giren bir elektromanyetik dalganın,
I. Frekansı
II. Ortalama hızı
III. Dalgaboyu
özelliklerinden hangileri değişir?",Yalnız I,Yalnız II,Yalnız III,II ve III,"I, II ve III",D
082fbd2c-628c-5ba5-9cf9-8927bf831af6,GEOMETRI,"ABC ve DEC eşkenar üçgen, $C \in [BD]$, $|EF|=|FD|$, $|CF|=5$ cm, $|BC|=12$ cm olduğuna göre, $|AF|$ kaç santimetredir?",13,14,15,16,17,A
03db9fcd-230c-5fa2-b7d5-bd77333583c0,KIMYA,$_{15}P$ elementinin elektron dağılımında en son terim aşağıdakilerden hangisidir?,$2p^5$,$3s^1$,$3p^3$,$3p^5$,$4s^1$,C
1d45f84b-aefe-5ec7-baf3-597a5d7bbf46,MATEMATIK,"• $P(x-1)$'in sabit terimi 10
• $Q(2x+1)$'in katsayılar toplamı 7
olduğuna göre, $x \cdot P(x-2) + Q(3x)$ polinomunun $x-1$ ile bölümünden kalan kaçtır?",27,12,24,16,17,E
3f1b45a8-f781-549f-b25c-741c2d9f4aa3,MATEMATIK,$\lim_{x \to 1} \frac{(1-\sqrt{x}) \cdot (\sqrt[3]{x}-2)}{x^2+9x-8}$ limitinin değeri kaçtır?,1,$\frac{1}{2}$,$\frac{1}{7}$,$\frac{1}{14}$,$\frac{1}{18}$,D
7ebd8fad-51a0-5e9c-a34b-7595978f47ff,MATEMATIK,"Alanı $6\sqrt{3}$ $cm^2$ olan ABC'de kenarlar $b = 4$ cm, $c = 6$ cm'dir.
Buna göre, $a$ kenarının uzunluğu aşağıdakilerden hangisi olabilir?",$2\sqrt{7}$,$4\sqrt{3}$,$5\sqrt{2}$,$5\sqrt{3}$,$9$,A
6f91223f-276b-5650-b5bb-28f362d4c2a0,MATEMATIK,"$m$ ve $n$ birbirinden farklı pozitif gerçel sayılar olmak üzere, $\log_2 (3 \cdot m) = \log_2 (3 \cdot n)$ eşitliği sağlanmaktadır. Buna göre, $\log_m (m \cdot n)$ ifadesinin değeri kaçtır?",$-\frac{1}{3}$,-1,2,$\frac{1}{2}$,$\frac{5}{3}$,C
13518d9e-783a-59fc-84c4-86c68b4898fc,FIZIK,"Otoyolda hareket eden bir otomobilin 30 saniye boyunca yaptığı toplam yer değiştirmenin büyüklüğü ile bu sürede aldığı toplam yolun birbirine eşit olduğu gözlenmiştir. Buna göre otomobil 30 saniye boyunca, I. Sabit hızla hareket etmiştir. II. Sürekli aynı yönde gitmiştir. III. Doğrusal bir yolda hareket etmiştir. yargılarından hangileri kesinlikle doğrudur?",Yalnız I,Yalnız II,I ve II,II ve III,"I, II ve III",D
73ae1f5e-15fc-5d88-b6a5-5aae904d0449,KIMYA,"25°C'de monoprotik bir asitin 50 mL'si 0,1 M NaOH çözeltisi ile titre edilmesine ait grafik aşağıda verilmiştir. Buna göre, I. Asitin başlangıç derişimi 0,1 M'dir. II. Titre edilen asit kuvvetlidir. III. 60 mL NaOH ilave edildiğinde ortam pH'sı 7'den büyük olur. ifadelerinden hangileri doğrudur?",Yalnız I,I ve II,I ve III,II ve III,"I, II ve III",B
9f450d80-872b-5a81-8e06-a2b19ddf0514,MATEMATIK,"Bir düzgün altıgenin köşegenlerinin tümü çiziliyor. Altıgenin köşe noktaları sarıya, köşegenlerin diğer kesim noktaları da laciverte boyanıyor.
Sarı veya lacivert boyalı noktalardan bir tanesi rastgele seçiliyor.
Bu noktanın lacivert renkte olma olasılığı kaçtır?",$\frac{6}{16}$,$\frac{7}{19}$,$\frac{12}{19}$,$\frac{13}{19}$,$\frac{10}{19}$,D
f4ac7844-90ba-5d48-9160-678d499259cc,MATEMATIK,"Aralarında 60 yaşında bir profesörün bulunduğu 10 kişilik bir arkeolog ekibi 2000 yılında bir mumya bulmuştur. Mumyanın bulunduğu yıl yapılan deneyler sonucunda mumyanın yaşının arkeolog ekibinin yaş ortalamasının 60 katının 20 eksiği olduğu hesaplanmıştır. 2020 yılında ise mumyanın yaşı, mumyayı bulan 10 kişilik bu ekibin yaş ortalamasının 40 katından 40 fazladır.
Buna göre, mumyanın bulunduğu yıl bu profesör dışındaki kişilerin yaş ortalaması kaçtır?",37,38,39,40,41,B
408d5972-7da9-532c-9e74-57a1d11914a9,MATEMATIK,Eşitsizliği her $x$ gerçek sayı değeri için sağlanıyor ise $a$'nın alabileceği en büyük tam sayı değeri kaçtır? $x^2 - 3x - a > 0$,-5,-4,-3,-2,-1,C
7daa4f31-db98-5ab2-97f4-a41e3767ca04,MATEMATIK,"$[-2, 2]$ kapalı aralığında tanımlı $f$ fonksiyonu $f(x) = \arcsin\left(\frac{x}{2}\right)$ biçiminde tanımlanıyor. Buna göre, $f(1) = k \cdot f\left(\frac{\sqrt{3}}{2}\right)$ eşitliğini sağlayan $k$ değeri kaçtır?",$\frac{\pi}{10}$,$\frac{\pi}{8}$,$\frac{\pi}{6}$,$\frac{1}{2}$,$\frac{2}{3}$,E
2696f6df-c8cd-5c97-8adc-48a3ca6ad204,MATEMATIK,"$m$ pozitif bir tam sayıdır. $x^2-mx-18$ ifadesi çarpanlarına ayrılabildiğine göre, $m$'nin alacağı değerler toplamı kaçtır?",1,27,30,33,36,C
9fd858a6-1164-574e-ac25-970aaf832c42,MATEMATIK,"arcsin$(x^2-y^2)=\frac{\pi}{6}$ ve arccos$(x+y)=\frac{\pi}{3}$ olduğuna göre, $(x+y)^2$ ifadesinin değeri kaçtır?",1,2,3,4,5,C
529bdc32-c70a-5b27-8e1b-247b029477e8,TURKCE,"Mektupların insan yaşamındaki yeri özeldir. Çocukluktan yaşlılığa doğru yaşamın değişik evrelerinde yazdığımız mektuplar bizim iç dünyamız ve bizdeki yaratıcılık patlaması bu iç dil sayesinde oluşur. Ayrıca mektuplarda yaşam serüvenimizin aynı özellikleri taşıyan noktalar vardı çoğu zaman. Mektup yazarken insanın nasıl bir hazırlık içinde olduğunu anlatmaya gerek yoktur sanırım. İşte bizim için önemsiz gibi görünen o mektuplarda, aslında yazan kişinin içtenliği, duyarlılığı ve nice kişilik özellikleri ortaya çıkar.
Bu parçada mektuplarla ilgili olarak aşağıdakilerden hangisine değinilmemiştir?",Yaşadıklarımızla paralellik gösterdiğine,İç dünyamızın bir yansıması olduğuna,Yazan kişinin kişiliğini yansıttığına,Yaşamın her döneminde mektup yazıldığına,Mektubun hazırlık yapılmadan yazıldığına,D
322c82b2-0b45-5b0f-8337-3b8df634128f,MATEMATIK,"Yukarıdaki dik koordinat düzleminde $y=f(x)$ ve $y=g(x)$ fonksiyonlarının grafikleri verilmiştir. Buna göre, $[p, n]$ aralığında I. $f(x) < 0$ II. $g(x) < 0$ III. $f(x) \cdot g(x) < 0$ eşitsizliklerinden hangileri daima doğrudur?",Yalnız I,Yalnız II,Yalnız III,I ve II,II ve III,B
3d621f98-81ab-5441-97bc-b8dbc51d2ba1,MATEMATIK,"Bir kahve firması; her birinde 15 gram kahve bulunan 15 paket kahveyi kahverengi kutulara, her birinde 200 gram kahve bulunan 4 paket kahveyi yeşil renkli kutulara yerleştirip satmaktadır. Firmanın bir haftada sattığı kahverengi kutu sayısı, yeşil renkli kutu sayısının 4 katına eşittir. Firma bir haftada 68 kilogram kahve sattığına göre, 200 gramlık kaç paket kahve satmıştır?",12,16,20,24,28,B
3bff8dbb-78e7-55dd-8475-380b20df7b18,KIMYA,"X atomunun kararlı hâldeki elektron dağılımı $3d^8$ ile bitmektedir.
Buna göre, nötr X atomu ile ilgili,
I. Elektron dağılımına göre son orbitalince $m_l$ değeri 0 olan en az iki elektron vardır.
II. Değerlik elektron sayısı 5'tir.
III. Atom numarası 23'tür.
yargılarından hangileri yanlıştır?
(Manyetik kuantum sayısı: $m_l$)",Yalnız I,Yalnız II,Yalnız III,I ve II,"I, II ve III",A
a3905ae7-cd05-5d22-8955-68bf6b4d3336,TARIH,"1402 Ankara Savaşı'nın;
I. Fetret Devri'nin yaşanması,
II. bazı beyliklerin yeniden kurulması,
III. Balkan fetihlerinin durması
sonuçlarından hangileri veraset sistemindeki belirsizliğin kesin kanıtıdır?",Yalnız I,Yalnız II,Yalnız III,I ve II,"I, II ve III",A
b3acc28b-0090-5fd8-a4ba-701d0d6b353f,MATEMATIK,"Bir ABC üçgeninde A, B ve C köşelerinin karşı kenar uzunlukları sırasıyla a, b ve c birimdir. $a^2 = b^2 + c^2 - b \cdot c$ eşitliği veriliyor. Buna göre, $m(\hat{A})$ kaç derecedir?",$30^\circ$,$45^\circ$,$60^\circ$,$90^\circ$,$120^\circ$,C
da02cb84-dea2-53e4-8567-e20806dd4ab5,MATEMATIK,"$A = x - 2B$ ve $B = 4 - x$ olmak üzere, $A < B$ eşitsizliğini sağlayan $x$'in en küçük tam sayı değeri kaçtır?",-5,-4,-3,-2,-1,C
4f33b835-2dfb-5662-afde-92f1ba8071e9,KIMYA,"1 litrelik kapta 0,5 mol $NH_3$ gazı,
$2NH_{3(g)} \rightleftharpoons N_{2(g)} + 3H_{2(g)}$
tepkimesine göre dengeye ulaştığında kapta 0,3 mol $H_2$ gazı bulunuyor.
Buna göre, denge sabiti ($K_c$) kaçtır?",0.01,0.02,0.03,0.06,0.09,E
6284de62-58d5-5383-804d-62e7c5f7c0a1,MATEMATIK,"$a$ ve $b$ birer pozitif gerçek sayı olmak üzere, $\sqrt{a+2\sqrt{b}}$ sayısının eşitini bulmak için $a=n+k$, $b=n\cdot k$ olacak biçimde $n$ ve $k$ pozitif gerçek sayıları aranır. Bu şartı sağlayan sayılar bulunabiliyorsa $\sqrt{a+2\sqrt{b}}=\sqrt{n}+\sqrt{k}$ eşitliği elde edilir. Yukarıda anlatılan metodu kullanarak $M=\sqrt{28+2\sqrt{16}}$ sayısının eşitini bulmak isteyen Firdevs, yanlışlıkla $n-k=16$ ve $n\cdot k=28$ olacak şekilde iki sayı bulduktan sonra bu sayıları öğrendiği metotla yerlerine yazarak $M$ sayısının eşitini buluyor. Buna göre, Firdevs'in bulduğu $M$ sayısının değerinin $M$ sayısının gerçek değerine oranı kaçtır?",$\frac{\sqrt{13}+\sqrt{3}}{3}$,$\frac{\sqrt{14}+\sqrt{2}}{6}$,$\frac{2-\sqrt{3}}{5}$,$\frac{\sqrt{11}+\sqrt{5}}{2}$,$\frac{\sqrt{10}+\sqrt{6}}{3}$,A
6a9a1cae-778e-5d76-8329-05175955cfdf,EDEBIYAT,Aşağıdakilerin hangisinde şiir ile yay ayraç içindeki nazım biçimi uyuşmamaktadır?,"N'eylerson edip bir iki gün bâr-ı cefâya
Sabreyle de sonra
Peymâne senin hâne senin yâr senindir
Ey dil tek ü tenhâ.
(Müstezat)","Derdim nice bir sinede pinhân iderim ben
Bir âh ile bu âlemi vîrân iderim ben
Âh ile komam dilleri zülfünde huzura
Cem'iyyet-i ağyârı perişan iderim ben
(Gazel)","Dünyayı çok sınadık bir büyümüş
Kamu âlem varlığı bir büyümüş
Kaplan aslan ejderhalar cümlesi
Kaynağında ecelin âhüyimiş
(Tuyuğ)","Düşüp çünümmiş-i zengi pîş-i tâba
Bozulmuş genci-i târ-ı ıztıraba
Katup seyf-i sirişkin bahr-ı hûna
Sükûn el vermiş ol cûy-ı cünûna
(Kaside)","Ey hayâlin nakd-i revânım mahzeni
Gözyaşı olur revân her dem hayâli lisem seni
Lutf umup senden ser-i kuyunda tutdum meskeni
Gel gözüm nûru Fuzulî tek çok ağlatma meni
İncimez mi hâtırun munca lığrınmdan meni
(Muhammes)",C
71e07fdd-c89d-5e7b-a58f-593f45dc651e,MATEMATIK,"$2^a=3^b=5^c$ olduğuna göre, $a,b,c$ arasındaki ilişki nedir?",$a<b<c$,$a<c<b$,$b<a<c$,$c<b<a$,$b<c<a$,D
5d5c7dda-d8dc-5628-88df-8bfd8b5d9762,MATEMATIK,"$A = -17 + (-8) + 21$
$B = 11 - A$
$C = B - (+10)$
eşitlikleri veriliyor.
Buna göre, $A - B + C$ işleminin sonucu kaçtır?",-14,-12,-10,-8,-6,A
4117dad2-8a50-5d71-8611-2176d6a4809e,KIMYA,"$1s^2 2s^2 2p^6 3s^2 3p^6 4s^2$
elektron dağılımına sahip bir element atomunun $l+m_l$ toplamı 1 olan en fazla kaç elektronu vardır?",2,3,4,5,6,C
9d199900-f209-5f9d-b1a7-2dbd2cf846ac,TURKCE,"Aşağıdaki paragraflardan hangisi “Başarılı şiirler yazan ve adını şair olarak duyuran bir sanatçı, roman ve hikâye gibi türlerde de başarılı ürünler ortaya koyabilir mi?” soru- sunun karşılığı olmaya uygundur?",Evet. Şiirde başarılı olan bir sanatçının başarısının temelinde biraz da diğer edebî türlerden beslenmesi bulunur. Bu sebeple şairin kalıcılığını başka türlerle kes- kinleştirmesi gerekir.,"Hayır, şair bağımsız bir türdür; bu sebeple diğer edebî türlerin yapısına ve ifade olanaklarına ihtiyaç duymaz. Çünkü başka türlerin sayfalarca anlattığı bir iletiyi usta bir şair, bir çarpıcı imgeyle verebilir.","Bir şair, şairliğine yeterince güvenemediği için şiir dışındaki yazınsal türlerde şansını dener. Nitekim birçok büyük öykü ve roman yazarının sanata şiirle adım attığını, şiirin patikalarında yürüyemeyeceğini anlayınca roman, hikâye gibi türlerde karar kıldığını görmekteyiz.","Asla böyle bir şey mümkün değildir çünkü şiir; çok güzel, vazgeçilmez bir o kadar da kıskanç bir sevgili- dir. Şiire gönül vermiş, şiirde belli bir seviyeye gelmiş birinin şiirden başka bir türe zaman ayırmasına şairin çocukları yani şiirleri izin vermez.","Bir şairin şair yapısının ne olduğunu bilmeden onun şiir- leri hakkında sağlıklı yorumlar yapamayız. Ama şair, başka türlerde de eserler yazmışsa bütünlerin bir bütün hâlinde okunması onun şiirlerinde bıraktığı boşlukları doldurmayı kolaylaştırır.",A
47492e69-af20-598d-8f7f-5007145acbc7,MATEMATIK,"$5-7x=32$ olduğuna göre, $x$ değeri kaçtır?",$-\frac{29}{5}$,$-\frac{27}{7}$,$-\frac{25}{7}$,$-\frac{23}{5}$,$-\frac{21}{7}$,B
4502422a-6ae9-55f2-a6ce-eee661085402,MATEMATIK,"Eşit kapasiteli 10 işçi bir işte birlikte çalışmaya başlıyor. Birinci günün sonunda 2 işçi işten ayrılıyor. Bu iş 6 günde bittiğine göre, bu işte ilk günden itibaren 5 işçi birlikte çalışsaydı aynı iş kaç günde biterdi?",10,12,15,16,18,D
ff8b0a64-ea3d-507e-b984-dc57cb49f515,MATEMATIK,"$g(x) = \begin{cases} |f(x)| & x > 0 \\ 2-x & x < 0 \end{cases}$ fonksiyonu çift bir fonksiyondur. Buna göre, $f(x)$ fonksiyonu aşağıdakilerden hangisidir?",$x+2$,$2x+1$,$2-x$,$x-2$,$-2-x$,D
944bbad9-210e-5f2d-bbdb-a7083dac39fb,MATEMATIK,"Aylin, bir kitabın $\frac{1}{3}$'ünü günde 8 sayfa, geriye kalan kısmının günde 10 sayfa okuyarak toplam 39 günde bitiriyor. Buna göre, kitabın tamamı kaç sayfadır?",120,180,240,300,360,E
4382c5c0-464f-5433-b200-051832a6e232,MATEMATIK,"$f(x)=\log_7(x-3)-2$ fonksiyonu tanımlı olduğu aralıkta birebir ve örten bir fonksiyondur. Buna göre, $f^{-1}(x)$ aşağıdakilerden hangisidir?",$f^{-1}(x)=7^{x-3}$,$f^{-1}(x)=7^{x+2}$,$f^{-1}(x)=7^{x+2}+3$,$f^{-1}(x)=7^{x+2}-3$,$f^{-1}(x)=7^{x-2}+3$,C
f5bce260-5753-50fb-b103-163f47c01a99,MATEMATIK,"Bir kutuda bulunan 50 tane kartın her birine 1'den 50'ye kadar olan farklı numaralar veriliyor. Bu 50 karttan rastgele biri çekiliyor. Çekilen bu kart numarasının karesinin 9 eksiği, 10'a tam bölünebildiğine göre, kart numarasının asal sayı olma olasılığı kaçtır?",$\frac{1}{2}$,$\frac{2}{3}$,$\frac{3}{4}$,$\frac{4}{5}$,$\frac{5}{6}$,C
9c3ccee7-2673-52f1-9f11-9631c265a0df,TURKCE,Aşağıdaki altı çizili sözcüklerden hangisi ötekilerden farklı bir çekim eki almıştır?,Bu konuda ettiği yemini uzun müddet tutmak nasip olmadı.,"Suat, yurt dışına gitmeden önce bu konsertoydu dinlemişti.",Görevli kadın evdeki bütün dolapları silip her tarafı düzenledi.,Ben ona buralarda bulamayacağı lavanta kokusu götürdüm.,Buradaki günlerimiz geçen son baharı bir bir hatırlamakla geçti.,C
6c2147a8-9aed-5ca4-9a66-e58870b693a5,MATEMATIK,Yağız çalışma hızının 2 katı hızla çalışırsa ikisi birlikte işin tamamını kaç saatte bitirir?,6,"5,5",5,"4,5",4,D
4a1cff5b-40b6-57ca-9f2f-2e686c75b725,MATEMATIK,$(3x^2-x^3)(x^4+x^2)$ ifadesinin eşiti aşağıdakilerden hangisidir?,$2x^6-x^7-2x^5$,$2x^6+x^7-2x^6$,$3x^6+x^7-2x^6$,$3x^6-x^7-2x^6$,$3x^6+x^7+2x^8$,D
8f63b78a-d83f-5a19-bcb5-22094115aab4,MATEMATIK,"$n$ bir tam sayı olmak üzere, $n, n+1, n+2, ..., n+12$ biçiminde sıralanan ardışık sayıların ortanca terimi $11$ olduğuna göre, $n$ kaçtır?",3,5,7,9,11,B
07b4ec58-aa3c-5e43-a886-ad6477ffee8d,KIMYA,"Aşağıdaki maddelerden hangisinin Lewis yapısı formülü yanlış verilmiştir? ($_{1}H, _{6}C, _{7}N, _{8}O, _{15}P, _{16}S$)",$O::O$,$N:::N$,$H:S:H$,$O::C::O$,$H:P:H \\ \text{ } \\ H$,A
b61bd0c5-bf05-5fa8-99e9-36eef588e65e,MATEMATIK,"$9 \cdot (x-1)=4x-11$ olduğuna göre, $x$ değeri kaçtır?",$\frac{2}{5}$,$-\frac{1}{5}$,$-\frac{2}{5}$,$-\frac{3}{5}$,$-\frac{4}{5}$,C
e0d51022-039c-5342-a914-cf93b09a797d,MATEMATIK,"Yukarıda tanımlanan işleme göre, işleminin sonucu $61$'dir. Buna göre, $x$ kaçtır?",1,2,3,4,5,B
2c12123f-36bb-5d1a-89f9-9a1e5e2a6c34,KIMYA,"$t^{\circ}C$'de 1 litrelik kapta 0,6 mol $N_2O_4$ gazı, $N_2O_{4(g)} \rightleftharpoons N_{2(g)} + 2O_{2(g)}$ tepkimesine göre ayrışıyor. Sistem dengeye ulaştığında ortamda 0,9 mol gaz bulunduğuna göre $N_2$ gazının mol sayısı kaçtır?","0,05","0,1","0,15","0,20","0,25",C
c09603ae-5806-5371-845c-39a1a5e48c4c,MATEMATIK,"$\frac{\pi - \cos x}{a+1} = \frac{3}{4}$ olduğuna göre, $a$ tam sayısı kaç farklı değer alabilir?",6,7,8,9,10,B
e41e4016-671a-54b7-996a-14ab7c8a15d8,BIYOLOJI,"Belli bir bölgede yaşayan farklı türlere ait popülasyonların oluşturduğu birliğe komünite denir.
Aşağıdakilerden hangisi bir komünite örneği olabilir?",İnsanın bağırsağında yaşayan E. coli bakterileri,Bir topluluk oluşturarak yaşayan kurtlar,Bir akvaryumdaki balıklar ve bitkiler,Bir ormandaki dişi ve erkek ron geyikleri,Bir gölde yaşayan kurbağa yavruları,C
de75c0aa-d09f-5b28-b0fc-bd01c5f0a77e,KIMYA,Asetilene su katıldığında oluşan bileşiğin adı aşağıdakilerden hangisidir?,Etilen,Etil alkol,Asetaldehit,Aseton,Karbonik asit,C
d05ca837-3ae1-5e1e-ad9e-1b49549a7f99,KIMYA,"1. Na
2. $O_2$
3. $CO_2$
Yukarıda verilen taneciklerle ilgili;
I. Saf maddelerdir.
II. Moleküler yapıdadırlar.
III. Erime ve kaynama noktaları sabittir.
yargılarından hangileri üçü için de doğrudur?",Yalnız I,Yalnız III,I ve II,I ve III,"I, II ve III",D
36061e06-fbbf-5122-a65e-54d2dabae02c,KIMYA,X bileşiğinin 1 molü 5 mol $O_2$ ile yakıldığında 4 mol $CO_2$ ve 3 mol $H_2O$ oluşuyor. Buna göre X bileşiğinin molekül formülü aşağıdakilerden hangisidir?,$CH_2O$,$C_2H_6O$,$C_4H_6O_2$,$C_4H_8O$,$C_4H_6O$,C
8012098c-11d6-50e6-9086-97a3d2b29345,TARIH,"Balkanlarda Katolik ve Ortodoks mezhepleri arasındaki sorunlardan kaynaklanan siyasi belirsizlik, XV. ve XVI. yüzyıllarda aşağıdakilerin hangisine neden olmuştur?",Protestanlık mezhebinin son bulmasına,Osmanlı açık pazar hâline gelmesine,Haçlı birliklerinin kurulmasına,Osmanlıların Balkanlara yerleşmesine,Boğazların kontrolünün Osmanlı'dan çıkmasına,D
b8abb0a8-b24e-59c5-bd29-76129bdfd7ea,KIMYA,"$C_3H_8$ gazının yanma tepkimesi
$C_3H_8(g) + 5O_2(g) \to 3CO_2(g) + 4H_2O(s)$
şeklindedir.
Buna göre 8,8 gram $C_3H_8$ gazının tam yanması sonucu oluşan $CO_2$ gazı ve $H_2O$ sıvısı ile ilgili,
I. Normal koşullarda 6,72 litre hacim kaplayan $CO_2$ gazı oluşur.
II. 14,4 gram $H_2O$ oluşur.
III. 1 mol $O_2$ gazı tepkimeye girer.
yargılarından hangileri doğrudur? ($H=1 \ g/mol$, $C=12 \ g/mol$, $O=16 \ g/mol$)",Yalnız I,I ve II,I ve III,II ve III,"I, II ve III",B
720d38df-4825-5b6e-8ce1-0f5f85f1bb0e,MATEMATIK,"a bir gerçek sayı olmak üzere, gerçek sayılar kümesi üzerinde tanımlı ve sürekli bir $f$ fonksiyonu ile ilgili
• $y = f(x)$ fonksiyonu daima artandır.
• $f(a) = 0$
bilgileri veriliyor.
Buna göre,
I. $\lim_{x \to a^+} \frac{f(x)}{|f(x)|} = 1$
II. $\lim_{x \to a^-} \frac{f(x)}{|f(x)|} = b$ ise $b \ge 0$'dır.
III. $\lim_{x \to a} \frac{f(f(x))}{f(x)} = c$ olacak şekilde $c$ gerçek sayı vardır.
ifadelerinden hangileri kesinlikle doğrudur?",Yalnız I,Yalnız II,I ve II,I ve III,"I, II ve III",D
df081f96-2a8b-532e-bbae-921c407a26f1,TURKCE,"(I) Romalıların harita yapım etkinlikleri, günümüze kalan belgelerden anlaşıldığına göre siyasi amaçlara ve inşaat mühendisliği uygulamalarına yoğunlaşıyordu. (II) Roma İmparatorluğu'nda bir merkezde toplanan harita yapım çalışmalarının varlığından bahsetmesek de haritaların çeşitli nedenlerle kullanılmış olduğunu gösteren pek çok kanıt vardır. (III) İster denizde ister karada kullanılmak için hazırlanmış olsunlar, haritalara dönemin yazılı seyyahat rehberlerinde rastlamak mümkündür. (IV) Aynı zamanda Romalılarda miladi ikinci yüzyılda zirveye ulaşan bir dörtgen arazi parselleme yöntemi olduğuna dair çok fazla kanıt bulunmaktadır. (V) Ancak günümüze ulaşan belgelerden ve el yazmalarından bu haritaların neye benzeyebileceğine ilişkin bir fikir edinilebilir.

Bu parçada numaralanmış cümlelerin hangisinden sonra ""Roma döneminde bu sistemle yapılmış hiçbir harita örneği günümüze ulaşmamıştır."" cümlesi getirilebilir?",I,II,III,IV,V,D
d9d34ce2-4b5a-5867-a393-fcfc21d0f662,MATEMATIK,"Aşağıdakilerden hangisi, $x^5-x$ ifadesinin çarpanlarından biri değildir?",$x$,$x^2+1$,$x^2-x+1$,$x^2-1$,$x^2+x$,C
81349059-6000-5217-bbcf-d8c433700b68,MATEMATIK,"Aşağıda $f$, $g$ ve $h$ fonksiyonları verilmektedir.
I. $f: [-2, 2] \to \mathbb{R}$, $f(x) = x^2$
II. $g: \mathbb{Z}^+ \to \mathbb{R}$, $g(x) = |x-1|$
III. $h: \mathbb{R} \to \mathbb{R}$, $h(x) = x^2+3$
Bu fonksiyonlardan hangileri çift fonksiyondur?",Yalnız I,Yalnız II,Yalnız III,I ve III,II ve III,D
e110be20-c2be-5470-b430-3a6b89100485,MATEMATIK,"Bir kesrin payı paydasının %$a$ kadarı, paydası da payının %$b$ si kadar artırıldığında bu kesrin değeri değişmemektedir. Buna göre başlangıçtaki kesrin karesinin $a$ ve $b$ türünden değeri aşağıdakilerden hangisidir?",$a+b$,$a-b$,$\frac{b}{a}$,$\frac{a}{b}$,$\frac{a^2}{b^2}$,D
1084ce28-fe7e-5d15-a365-6cc38d69e665,TARIH,"Eylül 1940 tarihinden itibaren başlayan Kuzey Afrika Savaşları'nda;
I. Almanya,
II. SSCB,
III. ABD
devletlerinden hangileri yer almamıştır?",Yalnız I,Yalnız II,Yalnız III,I ve II,II ve III,E
23fc9d7e-b39b-5d19-9417-01147b45871d,MATEMATIK,"$k = 0,249$ ve $p = 0,749$ olduğuna göre, $\frac{k+p}{p-k}$ kaçtır?","0,2","0,5",1,2,4,D
5db0d6a8-11eb-51cc-8d2e-082ea6b7a63f,MATEMATIK,"$f, g$ ve $h$ birer fonksiyondurlar. A ülkesindeki ayakkabı numaralarını B ülkesindeki ayakkabı numaralarına dönüştüren fonksiyon $f(x) = \frac{x}{5} + 6$, B ülkesindeki ayakkabı numaralarını C ülkesindeki ayakkabı numaralarına dönüştüren fonksiyon $g(x) = 40x + 1$'dir. Buna göre, A ülkesindeki ayakkabı numaralarını C ülkesindeki ayakkabı numaralarına dönüştüren $h$ fonksiyonu aşağıdakilerden hangisidir?",$h(x) = \frac{20x}{3} + 1$,$h(x) = \frac{20x}{3} - 1$,$h(x) = 240x - \frac{1}{6}$,$h(x) = 240x - 1$,$h(x) = \frac{40x}{3} + 6$,E
0e92b952-eb49-5463-bfa8-e05b8f26c5d2,MATEMATIK,"$(a_n)$ aritmetik dizi ve $a_3=3$ olduğuna göre, dizinin ilk 17 terim toplamı kaçtır?",40,45,48,51,57,D
d5f9c555-dc89-5069-8542-d4423b3174d9,TURKCE,"Öğretmenler, kendi konu alanlarını başka disiplinlerle ilişkilendirme yönünde teşvik edilmedikleri için, öğrencilerine sadece kendi dersleriyle ilgili bilgi aktarmaya çalışmakta ve bu dönüşlerde öğrenilen bilgi ve becerilerin diğer derslerde ne ölçüde kullanıldığı ya da nasıl bağlantı kurulduğu konuları üzerinde durmamaktadır. Bunun sonucu olarak, okullarımızda ayrı ayrı bilgi ve beceri grupları ortaya çıkmaktadır. Bu bilgi ve becerilerin bir araya getirilmesi yönünde herhangi bir düzenleme olmadığı için öğrenciler öğreniminin en önemli aşamasında, yani bilgilerin transfer edilmesi ve uygulamaya aktarılması aşamasında yalnız kalmaktadırlar.

Aşağıdakilerden hangisi bu parçanın yazarının düşüncesini destekleyen bir örnek değildir?","Enflasyon kavramının incelendiği matematik dersinde konunun; tarih, sosyoloji, ekonomi ve psikoloji gibi derslerden alınan bilgi ve becerilerle anlatılması",Beden eğitimi dersinde futbolda top sürme beceri öğretiminin matematik ve sosyal bilgiler ile bütünleştirilerek öğretilmesi,Fen bilgisi öğrencilerine mühendislik eğitimine karşı pozitif tutum kazandırılması,Türkçe dersinde yorum ve dil bilgisi konularının konu anlatımı ve testlerle öğretilmesi,"Sosyal bilgiler dersinde göç konusunun işlendiği programda Türkiye'de göçün yönü, göçün sosyolojik ve ekonomik boyutunun değerlendirilmesi",D
1cf8b01b-cc11-5d7d-b163-1cadfbd7be0f,TURKCE,"I. Sultan III. Mehmed, babası III. Murad Han gibi bir divan oluşturacak derecede şiirler yazmazdı. II. Onun bugüne ulaşan şiirlerinin sayısı çok azdır. III. Bunlardan en bilinenleri ""Mahremî"" mahlasıyla yazdığı şiirlerdir. IV. Osmanlı padişahları arasında aynı mahlası kullanan Sultan II. Mahmud ile II. Mahmud da vardır. V. Sultan III. Mehmed, Adl adını mahlas edinirdi.
Bu parçadaki numaralanmış cümlelerden hangileri yer değiştirirse parçanın anlam bütünlüğü sağlanmış olur?",I ve II,II ve III,II ve IV,III ve V,IV ve V,D
94c48503-fc83-5f19-8d26-22739a19a2cd,MATEMATIK,$\frac{126}{56}$ ifadesinin en sade hâli aşağıdakilerden hangisidir?,$\frac{4}{9}$,$\frac{13}{8}$,$-\frac{12}{5}$,$\frac{9}{4}$,$\frac{18}{7}$,D
8c365bc0-32f0-58f7-af18-7f736ac38ef3,MATEMATIK,"Ayda bir oyun oynuyor. Verilen bir sayı $||...||$ şeklinde iki çizgi arasına alınırsa sayının sayı doğrusu üzerinde 0 noktasına olan uzaklığını alıyor. $|x|$ şeklinde iki çizgi arasına alınırsa sayının sayı doğrusu üzerinde $-2$ noktasına olan uzaklığını alıyor. Eğer çizgi sayısı fazlaysa $(|||...|||)$ gibi içten başlayarak önce tek, sonra çift, sonra yine tek ve sonra çift çizgi kullanma döngüsüyle işlem yapıyor. Örneğin: $||2|| = |2| = 4$. Buna göre, $|||-5||-|||$ işleminin sonucu kaçtır?",17,19,21,25,35,C
d81695a2-7af4-59a6-8443-b2867ba68040,MATEMATIK,"İki madeni para aynı anda havaya atılıyor. Buna göre, paraların farklı gelme olasılığı kaçtır?",$\frac{1}{4}$,$\frac{1}{3}$,$\frac{1}{2}$,$\frac{2}{3}$,$\frac{3}{4}$,C
8a3531c0-b6b1-5db1-b1d5-57024b0f8dea,KIMYA,"I. Heisenberg belirsizlik ilkesine göre bir elektronun yörünge üzerindeki konumu ve hızı aynı anda tespit edilemez.
II. Elektronların bulunma ihtimalinin yüksek olduğu bölgelere orbital denir.
III. Elektronların çekirdek etrafında bulunmaları elektron bulutu modeli ile açıklanır.
Modern atom modeli ile ilgili yukarıdaki ifadelerden hangileri doğrudur?",Yalnız I,Yalnız II,I ve III,II ve III,"I, II ve III",E
752f04cb-d7a4-50d0-9a3f-da1ee0960798,KIMYA,"Periyodik sistemin ikinci periyodunda bulunan Li, N ve F elementlerinin atom yarıçapları arasındaki ilişki $Li > N > F$ şeklindedir. Buna göre Li, N ve F elementleriyle ilgili aşağıdaki ifadelerden hangisi doğrudur?",Li'nin atom numarası N'ninkinden büyüktür.,F'nin birinci iyonlaşma enerjisi Li'ninkinden büyüktür.,Li'nin elektron alma eğilimi F'ninkinden fazladır.,F'nin metalik özelliği Li'ninkinden fazladır.,N'nin elektronegatifliği F'ninkinden büyüktür.,B
56ba3201-b62b-5c74-b7e3-77b8278233a7,MATEMATIK,"95 binanın yer aldığı bir mahallede her bir bina 2 veya 3 katlıdır. Kentsel dönüşüm kapsamında bu binaların 15 tanesi yıkılıp her birinin yerine 5 katlı birer bina yapıldığında bu mahalledeki binaların kat sayıları toplamı 240'tan 274'e yükselmiştir. Buna göre, kentsel dönüşüm sonucunda bu mahalledeki 3 katlı bina sayısı yüzde kaç azalmıştır?",16,18,20,22,24,C
f02dfa6e-541b-5413-b5c7-da03cc286645,KIMYA,I. Diazot monoksit II. Azot dioksit Yukarıda adları verilen bileşikler arasında katlı oran aşağıdakilerden hangisidir?,$\frac{1}{2}$,2,4,$\frac{1}{3}$,3,C
a8f9418a-3a07-5650-9cfc-d763f8fc2027,MATEMATIK,"$P(x)$, $Q(x)$ ve $R(x)$ polinomları için $P(x-2) \cdot Q(x)+3x+1 = P(x-1) \cdot x^2+x+2$ ve $(x+1) \cdot R(x-2)+x = (2x-1) \cdot Q(x)+1$ eşitlikleri veriliyor. Buna göre, $P(x+1)$ polinomunun $x+3$ ile bölümünden kalan kaçtır?",1,2,3,4,5,E
b965a9db-01f7-5fd5-8eb9-42e3bda822e4,MATEMATIK,"$|a+1|<2$ ve $b=a^2+2$ olduğuna göre, $b$ sayıları hangi aralıktadır?",$3<b<11$,$2<b<11$,$3<b<12$,$2<b<12$,$0<b<12$,A
37e3d867-93dd-5553-8c05-1804e8edeee3,MATEMATIK,"$P(x)$ gerçek katsayılı bir polinom olmak üzere, $(x+1) \cdot P(x) = 2x^3 - mx^2 - 3x + 2$ olduğuna göre, $P(x)$ polinomunun $(x-1)$ ile bölümünden kalan kaçtır?",-2,-1,0,1,2,B
f7d5e2a5-2057-5f96-b53e-978e61f474b8,MATEMATIK,"$a, b, c$ sıfırdan farklı gerçel sayılar olmak üzere,
$a+b+c = |a|$
$a+b = |b| + c$
olduğuna göre, $a, b, c$'nin işaretleri sırasıyla aşağıdakilerden hangisi olabilir?","$-, -, +$","$+, -, +$","$+, -, -$","$+, +, -$","$-, +, -$",B
b9fe6547-8efa-547d-880f-330df3fcaedb,MATEMATIK,"Sevgi bir sayma oyununda 21'den başlayarak üçer üçer yukarı doğru, Aslı'da 300'den geriye doğru beşer beşer saymaktadır. Buna göre, Sevgi ve Aslı'nın ortak söyledikleri sayı adedi kaçtır?",15,16,17,18,19,E
005f72a4-9274-5f3b-961c-09c18975dad4,MATEMATIK,"$a, b$ ve $c$ gerçel sayıları için $a+b+c=4$ ve $a \cdot b+b \cdot c+a \cdot c=3$ olduğuna göre, $a^2+b^2+c^2$ toplamı kaçtır?",10,12,14,16,18,A
9df39fee-c90c-52a5-8887-36f4923620d4,TURKCE,"Edebiyat takipçilerinin bir bölümü, kitaba dokunmanın —düşüncesinden hareketle basılı kitapların yıllar içinde ortadan kalkacağı öngörüsüne karşı çıksa da elektronik kitapların taşınma kolaylıkları ve düşük maliyetleri bu tahminin gerçekleşme — artırıyor.
Bu cümlede boş bırakılan yerlere sırasıyla aşağıdakilerden hangisi getirilmelidir?",yaratıcılığı geliştirdiği - beklentisini,mutluluk verdiği - olasılığını,heyecan yaşattığı - oranını,kaygıyı artırdığı - ihtimalini,huzur sağladığı - sıklığını,B
9228cf7c-56a7-5153-969b-73caee6f664b,MATEMATIK,"$x, y$ ve $z$ sayıları $\left(\frac{\pi}{4}, \frac{3\pi}{4}\right)$ kümesinin farklı birer elemanı olmak üzere, $\sin x < \tan y < \cos z$ olduğu bilinmektedir. Buna göre $x, y$ ve $z$ sayılarının doğru sıralanışı aşağıdakilerden hangisidir?",$x < y < z$,$y < x < z$,$y < z < x$,$z < x < y$,$z < y < x$,E
a35695a6-7ff8-53cf-b41a-ce7a8ffe79b8,KIMYA,"Aşağıdaki tuzlardan hangisinin sulu çözeltisinde önemli ölçüde hidroliz gerçekleşmez? (HBr: Kuvvetli asit, HF, HCN, HCOOH: Zayıf asit, KOH, NaOH: Kuvvetli baz, $\text{NH}_3$: Zayıf baz)",RbF,$\text{NH}_4\text{Br}$,KBr,$\text{NH}_4\text{F}$,KCN,C
d4c49efc-21a6-5029-a201-7b0f0f849363,FIZIK,"Küresel aynalarda oluşan görüntü ile ilgili, I. Cisme göre düz ise boyu cisimden büyüktür. II. Cisme göre ters ise boyu cisimden büyüktür. III. Cisme göre ters ise boyu cisimden küçüktür. ifadelerinden hangileri doğru olabilir?",Yalnız I,Yalnız II,I ve II,I ve III,"I, II ve III",E
fa7e6d78-9488-524a-83b4-5cc09fe47474,MATEMATIK,"$a$ ve $b$ iki gerçek sayı olmak üzere,
$2a-3b=0$
olimits
olduğuna göre, $\frac{27^b}{9^a}$ oranı kaçtır?",$\frac{1}{3}$,$\frac{1}{2}$,1,2,3,C
3277226c-be38-5686-8d7f-59f6780eb639,MATEMATIK,"$a$ ve $b$ pozitif tam sayı olmak üzere, $a-2, 2b+3, a^2$ terimlerinden; ilk üç terim sırasıyla ortak farkı $d$ olan bir aritmetik dizinin, son üç terim sırasıyla ortak çarpanı $r$ olan bir geometrik dizinin ardışık üç terimi olmaktadır. Buna göre, $r \cdot d$ çarpımı kaçtır?",$\frac{2}{3}$,1,$\frac{8}{3}$,4,6,D
654aba08-e904-5756-81fe-6875cc8139f7,MATEMATIK,"$3x + ay + b - 2 = 0$ ve $x - 2y = 0$ denklem sisteminin çözüm kümesi sonsuz elemanlı olduğuna göre, $a + b$ toplamı kaçtır?",-28,-26,-24,-22,-20,B
e6d2854a-ffbb-57fa-8110-af1f77088dda,MATEMATIK,"Bir öğretmen tahtaya, $-4, 2, \sqrt{99}, 2/\sqrt{99}$ sayılarını yazdıktan sonra, ""Bu sayılardan ikisinin toplamı, diğer ikisinin toplamı ile çarpılınca sonuç tam sayı olabilir mi?"" diye sormuştur. Bu soruya verilecek doğru cevap aşağıdakilerden hangisidir?",Çarpımın sonucu tam sayı olamaz.,Çarpımın sonucu 0 tam sayısı olabilir.,Çarpımın sonucu 99 tam sayısı olabilir.,Çarpımın sonucu 190 tam sayısı olabilir.,Çarpımın sonucu 200 tam sayısı olabilir.,C
ef908a59-9f80-5959-9cc3-c7186d5e6857,MATEMATIK,"Bir kenarı $x$ birim uzunluğunda olan kare şeklindeki bir fayansın üretim maliyeti fayansın alanı üzerinden birimkare başına 10 kuruş, satış fiyatı ise fayansın çevresi üzerinden birim başına 40 kuruş olarak hesaplanmaktadır. Buna göre, $x$ kaç birim olursa bu fayansın satışından elde edilen kâr en fazla olur?",6,8,10,12,16,C
c6f4b6e9-b6be-5248-afce-85ed6b654743,BIYOLOJI,"İskelet kasının kasılması sırasında; I. kas hücresinde ATP'nin parçalanmasıyla enerjinin açığa çıkarılması, II. $Ca^{2+}$ iyonlarının aktin üzerindeki özel protein kompleksini inaktif hâle getirmesi, III. sinir hücrelerinden, kas hücresine asetil kolin maddesi salgılanması, IV. kasılmayı sağlayan protein ipliklerin birbiri üzerinde hareket etmesi olayları, aşağıdakilerin hangisinde verilen sıraya göre meydana gelir?",III - II - I - IV,III - IV - I - II,I - II - III - IV,II - I - IV - III,I - IV - III - II,A
da68da85-cbd3-54e9-851c-0f785f216170,MATEMATIK,$$\frac{|x-2|}{|x|-5} \le 0$$ eşitsizliğini sağlayan kaç farklı $x$ tam sayısı vardır?,6,7,8,9,10,C
ca3aafc1-4bed-50a6-8a3a-388c101560bb,MATEMATIK,"$f(x) = x^2(x+3)+1$ olmak üzere, $f(x)-a=0$ denkleminin çözüm kümesi 3 elemanlı olduğuna göre, $a$ tam sayısı kaç farklı değer alabilir?",1,2,3,4,5,B
b93200d8-c7b1-5bd1-8406-4d4c5b52b966,MATEMATIK,"Gerçel sayılar kümesinde tanımlı bir $f$ fonksiyonu için $\lim_{x \to -4} f(x) = -4$ ve $\lim_{x \to 4^+} f(x) = 2$ olduğuna göre, $\lim_{x \to -2^+} \frac{f(3x-2)-f(6-x)}{f^2(x^2)}$ ifadesinin değeri kaçtır?",$\frac{3}{2}$,3,2,-2,-3,E
35b4a7aa-a6b2-5ca0-a60a-06fe1b44b109,MATEMATIK,$\frac{1}{a} - \frac{a^2}{b} \div \frac{a}{b} - \frac{b}{a}$ ifadesinin sadeleştirilmiş biçimi aşağıdakilerden hangisidir?,$a+b$,$b+a$,$a-b$,$b-a$,$a$,D
d1ab0614-2596-5ec1-861d-a10209fb8290,MATEMATIK,"$x = \frac{\pi}{22}$ olduğuna göre, $\frac{\sin 5x \cdot \cos 19x}{\cos 3x \cdot \cos 6x}$ ifadesinin değeri kaçtır?",1,-1,-2,2,$\frac{1}{2}$,B
5656cfbf-65f0-5868-8093-5f3e1a2ab46b,KIMYA,"Yumuşak su ile ilgili,
I. Isıtıldığı kapta daha az kireç tortusu bırakır.
II. Deniz ve okyanus suları yumuşak sudur.
III. İçimi hoştur.
IV. Değerliği $+1$ den yüksek olan katyonlardan oldukça fazla içerir.
ifadelerinden hangileri yanlıştır?",Yalnız IV,Yalnız III,II ve IV,"I, II ve III","I, III ve IV",C
00c0815b-e722-5156-8448-fb97cade34e1,MATEMATIK,"$f(x)=(x-1)\cdot(x+1)\cdot(x^2+1)\cdot(x^4+1)$ olduğuna göre, $f'(-1)$ kaçtır?",0,-15,-16,1,8,C
ec7ecd68-882b-5cba-9a79-e197e9f0c0bf,TARIH,"Osmanlı Beyliği'nin kurucusu olan Osman Gazi bir boy beyidir. Özellikle XIII. yüzyıl başlarındaki Moğol istilasından kaçan çok sayıda Oğuz boyu, Anadolu'nun farklı bölgelerine dağılmışlardır. Osman Gazi'ye bağlı olan beyler de Anadolu Selçukluları tarafından kendilerine sınır olan Söğüt ve Domaniç bölgesine gönderilmiştir.
Bu bilgilerden hareketle aşağıdakilerden hangisi söylenemez?","Moğol istilası, Anadolu'daki siyasi düzeni bozmuştur.","Osmanlı Beyliği, Kuzeybatı Anadolu'da kurulmuştur.","Oğuzlar, Anadolu'nun Türkleşmesinde etkili olmuştur.",Anadolu'da büyük göç hareketleri yaşanmıştır.,"Moğollar, Anadolu'nun uç bölgelerinde kalıcı egemenlik kurmuştur.",E
d0955d67-5c34-536d-a74e-46c2d6afa491,TARIH,Mısır'a hâkim olan Türk İslam devletlerinin yer aldığı bu tablonun kronolojik sıralamaya uygun olması için han- gilerinin yer değiştirmesi gerekir?,I ve II,II ve III,I ve IV,II ve IV,III ve V,D
d046f7a4-50e3-547d-a0ac-fee2174b2aa9,MATEMATIK,"$a$ ve $b$ sıfırdan farklı gerçek sayılar olmak üzere, bir öğrenci $a \cdot b$ çarpımının sonucunu $a - b$ şeklinde bulmaktadır. Buna göre öğrenci, $\frac{a}{b}$ ile $\frac{a}{b}$ işleminin sonucunu kaç olarak bulur?",2,$\frac{1}{2}$,$\frac{1}{3}$,$-\frac{1}{2}$,-2,E
efbe945e-a62f-5443-a08d-d8e1f58de6b7,MATEMATIK,"Gerçel sayılar kümesi üzerinde tanımlı $f$ ve $g$ fonksiyonları
$f(x)=5x^2$
$g(x)=-2x^2+16x$
biçiminde veriliyor.
Buna göre $f'(a)>g'(a)$ eşitsizliğini sağlayan en küçük $a$ tam sayısı kaçtır?",3,2,1,0,-2,C
e8f83ee3-59ec-5505-83d7-f6aa4261b372,FIZIK,"Ahsen, tamamen su dolu bir taşırma kabına suda çözünmeyen K ve L katı cisimlerini ayrı ayrı yavaşça bıraktığında; her ikisinin eşit hacimde su taşırdığını gözlemliyor.
Ahsen'in bu gözlemine göre;
I. K ve L cisimlerine suyun uyguladığı kaldırma kuvvetleri eşittir.
II. K ve L cisimlerinin hacimleri eşittir.
III. K ve L cisimlerinin özkütleleri eşittir.
yargılarından hangileri kesinlikle doğrudur?",Yalnız I,Yalnız II,I ve II,II ve III,"I, II ve III",B
0dbda8f9-364d-5670-92dd-45d844f88e13,MATEMATIK,"$f$ fonksiyonu için $f(x)=\sqrt{x}+f(x)$ olduğuna göre, $f'(36)$ kaçtır?",$\frac{5}{11}$,$\frac{4}{11}$,$\frac{3}{11}$,$\frac{2}{11}$,$\frac{1}{11}$,E
e09076c9-a9b4-5a37-8b2e-936a6bccfc64,MATEMATIK,"$a, b, c$ ve $d$ birer pozitif tam sayıdır. $(x-a)(x-b)(x-c)(x-d)<0$ eşitsizliğinin çözüm kümesi $[2,6]$ olarak veriliyor. Buna göre, $a \cdot b \cdot c \cdot d$ çarpımı aşağıdakilerden hangisidir?",36,48,72,144,216,D
d59af606-0058-5cc1-b6d0-9fad1d70f062,MATEMATIK,"Bir boya ustası sabit hızla belirli bir duvarın tamamını 150 dakikada boyuyor. Buna göre, usta bu duvarın $\frac{2}{5}$ ini kaç dakikada boyamıştır?",45,50,55,60,65,D
bfbb8bdc-e926-56bd-8693-8b46b8026a69,MATEMATIK,"$(a_n) = \left(\frac{2n+k}{3n-12}\right)$ dizisi sabit dizi olduğuna göre, $k$ kaçtır?",8,6,-6,-8,-9,D
3b3a2bb6-736a-51d4-af82-6f265fbb5f3f,MATEMATIK,"$(a_n)$ gerçel sayılar dizisi her $n$ pozitif tam sayısı için $a_{n+1} = \frac{(-1)^n \cdot a_n}{2} + a_n$ eşitliğini sağlamaktadır. $a_2 = 18$ olduğuna göre, $a_4$ kaçtır?",4,8,16,32,64,D
d1977cb2-8bbc-59ba-a350-558805bb7b98,TARIH,"Türkler İslamiyet'i benimsedikten sonra hicri takvimi kullanmış, Selçuklular zamanında Celali takvimi oluşturulmuş, Osmanlı Devleti mali işlerde kolaylık sağlaması için Rumi takvimini kullanımına önem vermiştir. Türkiye Cumhuriyeti ise 1926 yılından itibaren bütün resmi işlerde Rumi ve hicri takvimi kaldırarak miladi takvimi kullanmaya başlamıştır. Bu bilgilerden çıkarılabilecek en kesin yargı aşağıdakilerden hangisidir?","İslamiyet, Türklerin yaşam tarzını köklü bir şekilde değiştirmiştir.","Rumi takvim, miladi takvimdeki eksiklikleri gidermek için hazırlanmıştır.","Hicri takvim, ay yılı esasına dayalı olduğu için uzun yıllar kullanılamamıştır.",Rumi takvim hem Osmanlı hem de Cumhuriyet Dönemi'nde kullanılmıştır.,"Çeşitli takvim, bilimsel veriler dikkate alınmadan hazırlandığı için uzun süre kullanılamamıştır.",D
5445ca05-ef0a-5311-8cd5-3284880050ad,GEOMETRI,"Aşağıdaki adımlara göre bir çizim yapılacaktır.
• Bir ABCDEF düzgün altıgeni çiziniz.
• $[FK] = 2 \text{ br}$ olacak şekilde $K \in [EF]$ belirleyiniz.
• $[DL] = 1 \text{ br}$ olacak şekilde $L \in [CD]$ belirleyiniz.
• $K$ ile $L$ noktalarını birleştiriniz.
Bu çizimde $|AB| = 9 \text{ br}$ olduğuna göre, $|KL|$ kaç br'dir?",$10\sqrt{2}$,14,$8\sqrt{3}$,$5\sqrt{7}$,13,D
ee4f3838-980a-5e37-a22d-f416bafff9a3,FIZIK,"Parlak düzlem metal bir levha uçlarından kıvrılarak çukur yüzeyi ayna olarak kullanılıyor. Çukur yüzeye çukur yüzeyin asal eksenine paralel olacak şekilde gönderilen ışınların kesiştiği nokta işaretleniyor. Bu noktanın çukur yüzeyin tepe noktasına olan uzaklığı d olarak ölçülüyor.
Buna göre;
I. çukur şeklindeki levhayı su içerisine koymak,
II. çukur şeklindeki levhaya değişik renkte ışınlar göndermek,
III. çukur şeklindeki levhanın uçlarından bir miktar daha kıvırmak
işlemlerinden hangilerinin yapılması sonucu, d mesafesi değişebilir?",Yalnız I,Yalnız II,Yalnız III,I ve II,"I, II ve III",C
8d18f96b-0746-56a5-82e9-c63555c2d70d,KIMYA,"Nötr $_{38}Sr$ atomunun en fazla 9 orbital içeren katmanı için;
I. 3. katmandır.
II. 18 elektron içerir.
III. Tüm dolu hâlde $s$, $p$ ve $d$ orbitallerini içerir.
yargılarından hangileri doğrudur?",Yalnız I,Yalnız II,Yalnız III,I ve II,II ve III,E
1d29d60d-0fb2-5954-ba36-99d45f861e34,MATEMATIK,"$A = 2^3 \cdot 3^2$ ve $B = 3^a$ olduğuna göre, $A \cdot B$ ifadesinin asal çarpanlarının toplamı kaçtır?",30,29,28,27,26,A
3ef863b2-2bed-57a5-a9b8-f1fb0b50fe8b,MATEMATIK,"Ağırlıkça %30'u tuz olan 20 gr tuzlu su için, I. $\frac{10}{3}$ gram tuz eklemek. II. 5 gram su buharlaştırmak. III. Ağırlıkça %50'si tuz olan 20 gr tuzlu su eklemek. hangileri ayrı ayrı uygulanırsa oluşan karışımın tuz oranı %40 olur?",Yalnız I,I ve II,I ve III,II ve III,"I, II ve III",B
e6207ae5-1f06-5242-b7f6-d0911259c6f7,MATEMATIK,"$\frac{x^2 - ax - 12}{x^2 - 3x + b}$ kesrinin sadeleştirilmiş hali $\frac{x+6}{x-5}$ olduğuna göre, $a+b$ toplamı kaçtır?",-24,-20,-18,-12,-10,C
8972a38a-0b99-5723-8c48-e0062d10ef23,MATEMATIK,"$f(x)=4x^4$ ve $g(x)=x$ olduğuna göre, I. $(f \circ g)(x)$ II. $(f+g)(x)$ III. $(\frac{f}{g})(x)$ fonksiyonlarından hangileri çift fonksiyondur?",I ve II,I ve III,II ve III,Yalnız I,Yalnız II,B
edaf10c0-c409-5bb5-8b37-85dd92a6acd0,EDEBIYAT,"Bu numaralanmış cümlelerin hangisinde 1960 sonrası Türk hikâyeciliğiyle ilgili bilgi yanlışı yapılmıştır?
I. Bu dönemde aynı zamanda Türk hikâyeciliğinde tematik çeşitlilik gözlenir.
II. Yazarlar sadece toplumsal meselelere sınırlı kalmazlar.
III. Bireyin iç dünyasına odaklanan hikâyelerle de karşımıza çıkarlar.
IV. Aşk, ölüm, umut, umutsuzluk gibi duygusal ve psikolojik temalar, okuyucuları etkilemeyi sürdürür.
V. Hikâyelerde somut ve açıklayıcı anlatımdan ziyade soyutlama ve sembolizm daha fazla kullanılır.",I,II,III,IV,V,E
a19d657d-b74a-5407-870a-57a8bbaa0670,MATEMATIK,"$x^3+2x^2-x-2 < 0$ eşitsizliğinin en geniş çözüm aralığı, I. $(-\infty, -2)$ II. $(-1, 2)$ III. $(-1, 1)$ IV. $(0, 2)$ kümelerinin hangilerinin birleşimiyle oluşur?",II ve IV,I ve III,Yalnız IV,I ve IV,Yalnız I,B
83ca41b0-76bf-5366-886c-0c24df120dd3,MATEMATIK,"Bir kırtasiyede etiket fiyatları aynı olan kırmızı ve mavi renkli kalemler satılmaktadır. Bu kırtasiyede yapılan bir kampanyada; kırmızı kalemler bir alana ikincisi %50 indirimli, mavi kalemler ise etiket fiyatı üzerinden %30 indirimli satılmaktadır.
Bu kırtasiyedeki kırmızı ve mavi kalemlerden 2'şer tane alan birinin mavi kalemlere ödediği para kırmızı kalemlere ödediği paradan 4,5 TL daha azdır.
Buna göre, bu kalemlerden birinin etiket fiyatı kaç TL'dir?",45,40,35,30,25,E
adadc94c-25c3-59a6-968c-bda017079a14,MATEMATIK,"$x=2^3$ ve $y=8^2$ olmak üzere, $\frac{x+y}{x}+\frac{y-x}{x}$ ifadesinin değeri kaçtır?",10,16,9,12,24,E
8757a70b-b6cd-567b-9c9a-4d201cf86c00,MATEMATIK,"$f:\mathbb{R}-\{1\} \to \mathbb{R}-\{1\}$ ve $c \in \mathbb{R}$ olmak üzere, $f(x)=\frac{x-1}{x-1}$ olduğuna göre, $f^{-1}(c^{-1}+1)$ görüntüsü aşağıdakilerden hangisidir?",-2c,-2c-1,-2c+1,2c,2c+1,E
62fd74bc-e38f-58a2-87c9-a85730c63006,MATEMATIK,"Fonksiyonlarından hangileri tüm gerçek sayılarda türevlidir?
I. $f(x) = |x^2 - x + 1|$
II. $g(x) = |x^2 + 4x + 4|$
III. $h(x) = |x^2 - x - 2|$",Yalnız I,Yalnız II,Yalnız III,I ve II,"I, II ve III",D
f611f2a3-cfa1-5b39-b6e0-dedd83ffca91,TURKCE,"Ziya Osman Saba, Yedi Meşalecilerin en sadık şairidir.
Daha çok heceyle ve sade bir dille yazdığı şiirlerinde aşk,
doğa, anılara düşkünlük, kadere boyun eğiş, küçük mutluluk-
larla yetinme gibi temaları işlemiştir. ""Sebil ve Güvercinler"",
""Nefes Almak"" önde gelen eserleridir.
Bu parçadaki altı çizili sözlerden hangisinin yazımı yanlıştır?",I,II,III,IV,V,E
a2123cd7-15a7-5570-9f0b-b1592f124f4f,KIMYA,"Bir monoalkenin yeterli miktarda tam yanmasından 0,4 mol $CO_2$ oluşmuştur.
Tepkimede toplam mol sayısı değişmediğine göre, monoalkenin molekül formülü aşağıdakilerden hangisinde doğru olarak verilmiştir?",$C_2H_4$,$C_3H_6$,$C_4H_8$,$C_5H_{10}$,$C_6H_{12}$,C
61b43377-146b-56c6-a5fc-6cdfd846784f,KIMYA,"Sabit sıcaklıkta X molar Nal çözeltisinde Agl katısının çözünürlüğü $1,5.10^{-10}$ molardır. Buna göre Nal çözeltisinin derişimi (X) kaç molardır? (Agl için aynı sıcaklıktaki çözünürlük çarpımı ($K_{çç}$) $1,5.10^{-16}$ dır.)",$10^{-3}$,$10^{-2}$,$10^{-1}$,$1$,$10$,A
9a7bde23-de32-5725-bfb7-8bda121c77b8,KIMYA,"Aşağıda X, Y ve Z atomlarına ait temel hâl katman elektron dağılımları verilmiştir.
X: a]b]a]
Y: a]a]
Z: a]b]
Buna göre
I. Y elementi toprak alkali metalidir.
II. Z elementi bileşik oluşturmaya yatkın değildir.
III. X ve Y arasında XY formülüne sahip iyonik bağlı bileşik oluşabilir.
IV. X'in atom numarası 12'dir.
V. Y ve Z elementleri aynı periyotta bulunur.
yargılarından hangisi yanlıştır?",I,II,III,IV,V,A
060cfb8b-c83a-57ce-9207-1e14c5ad268f,MATEMATIK,"Bir kelimenin harfleri aşağıdaki kurallara göre yer değiştirecektir.
1. hamlede kelimenin soldan 1. ve 2. harfi
2. hamlede, 1. hamlenin sonunda oluşan kelimenin 2. ve 3. harfi
3. hamlede 2. hamlenin sonunda oluşan kelimenin 4. ve 1. harfi yer değiştirecektir.
Bundan sonraki hamlelerde sırasıyla yukarıdaki işlem sırası takip edilecektir. Örneğin: 4. hamlede yapılacak işlem 1. hamledeki yapılacak işlemle aynıdır.
Buna göre, bu kurallar ACİL kelimesine 100 kez uygulandığında oluşacak olan kelime aşağıdakilerden hangisidir?",ACİL,CAİL,CİAL,CİLA,İLAC,C
e3a6f3a0-cdbe-53a2-bc19-a7d79d177f86,MATEMATIK,"$a$ bir gerçel sayı olmak üzere,
$x^2+x+a=0$ denkleminin kökleri $x_1$ ve $x_2$'dir.
$x_1^3+x_2^3-x_1-x_2=4$
olduğunu göre, $a$ kaçtır?",-4,-2,4,8,12,B
d562f9d2-dccb-5e29-9905-7f1310ec2ba7,MATEMATIK,"A ve B sınıflarının mevcudu sırasıyla 30 ve 70 kişidir. A sınıfının mevcudunun %50'si erkek, B sınıfının mevcudunun %60'ı kız öğrencidir. Bu iki sınıfın tüm öğrencileri boş bir konferans salonuna toplandığında, öğrencilerin erkek oranı yüzde kaç olur?",43,46,51,53,57,D
cd87bada-aaac-569a-9c03-8779810c0583,MATEMATIK,"$a, b, c$ birbirinden farklı asal sayılar olmak üzere, $X = a^3b^2c$ ve $Y = a^2bc^2$ olduğuna göre, $EKOK(X, Y)$ aşağıdakilerden hangisidir?",$a^3b^3c^3$,$a^2b^2c^2$,$abc$,$a^3b^2c^2$,$a^2b^2c^3$,D
05285e3a-827e-57ab-ba1a-9f0e89de1b1b,MATEMATIK,"Bir hesap makinesinde işlem yapıldığında makine; işlemin sonucu tam sayı ise o sayıyı, ondalıklı sayı ise bu sayının tam kısmı ile birlikte virgülden sonraki ilk iki basamağını görüntülemektedir. Nevzat, bu hesap makinesine $\ln(9,6)$ işlemini yaptırdığında ekranda $2,26$ değerini, $\ln(0,3)$ işlemini yaptırdığında ise ekranda $-1,20$ değerini görüyor. Nevzat, bu hesap makinesine $\ln(0,5)$ işlemini yaptırdığında ekranda hangi değeri görür?","$-0,61$","$-0,65$","$-0,69$","$-0,73$","$-0,77$",C
af59da89-4c9d-57b5-ac26-fbbf09699c43,MATEMATIK,"Tanımlı olduğu aralıkta, $f\left(\frac{x^2+1}{x^2-1}\right)=x-2$ olduğuna göre, $f^{-1}(x)$ aşağıdakilerden hangisidir?",\frac{x^2-4x+1}{x^2-4x+2},\frac{x^2-4x+3}{x^2-4x+2},\frac{x^2+4x+5}{x^2-4x+3},\frac{x^2+4x+3}{x^2+4x+5},\frac{x^2+5}{x^2+3},D
45656d13-353c-5d92-acf3-3c1150d24773,MATEMATIK,"Gerçel sayılar kümesi üzerinde tanımlı $f$ fonksiyonu her $x$ gerçel sayısı için $f(2x-3) + f(3x-1) + f(x) = x^2+x$ eşitliğini sağlamaktadır. Buna göre, $f(7)$ kaçtır?",1,2,3,4,5,A
a7445058-47b5-5dbe-a990-d94cf3fff2b3,TURKCE,"(I) Teknolojik bağımlılık, giderek davranışsal bir bağımlılık hâline geldi. (II) Gün içerisinde bilgisayar, internet ve televizyonla geçirilen süre, günden güne artış gösteriyor. (III) Belli bir zorunluluk olmadan haftada 18 saat ve üzerinde bilgisayar karşısında geçirilen süre, bağımlılık olarak değerlendiriliyor. (IV) Sosyal yaşamı olumsuz etkileyen bu tablo; yetişkinlerin iş yaşamına, çocukların ise akademik başarısına olumsuz yansıyor. (V) Bire bir ilişki boyutunda ele alındığında ise durum çok daha kötü.
Bu parçada numaralanmış cümlelerin hangisinden sonra ""Çünkü insanlar, artık ilişkilerini dışarı çıkıp bir kafede buluşmak yerine internet üzerinden çevrim içi sürdürmeyi tercih ediyor."" cümlesi getirilmelidir?",I,II,III,IV,V,E
585229a7-4257-5c4b-93da-f97e6bcaa300,KIMYA,"Periyodik cetvel ile ilgili, I. 1. periyotta iki element vardır. II. 8 tane A, 10 tane B grubu elementi bulunur. III. En son grubu 8A'dır. yargılarından hangileri doğrudur?",Yalnız I,I ve II,I ve III,II ve III,"I, II ve III",C
d988be70-6a56-52af-9e8c-d7e46b585712,TARIH,"İslamiyet öncesi dönemde Türklere ait kurgan adı verilen mezarlara oklar, kılıç, süngü, balta gibi kişisel eşyalarıyla gömülmüştür. Bu durum ile ilgili; I. ahiret inancına sahip oldukları, II. savaşçı bir toplum oldukları, III. madenleri işlemeyi bildikleri yargılarından hangilerine ulaşılabilir?",Yalnız I,Yalnız II,Yalnız III,I ve II,"I, II ve III",E
7d4c50e5-8bc3-5417-99bb-5254db65d02a,EDEBIYAT,Aşağıdakilerden hangisinde ayraç içindeki eser verilen açıklamada altı çizili kısmı örneklememektedir?,"Cumhuriyet Dönemi'nde bazı eserler; sosyal ve siyasi olayları taşlayan, ironiye ve düşünceye dayalı epik tiyatrolar şeklindedir. (Keşanlı Ali Destanı)",Cumhuriyet Dönemi'ndeki tiyatroların bazılarında köyden kente göçenlerin orada sömürülmeleri ve yaşadıkları hayal kırıklıkları anlatılmıştır. (Büyük Şehir),"Cumhuriyet Dönemi'nde bazı oyunlarda kadınların çaresiz durumlarına, güçsüzlüklerine değinilmiştir. (Fadik Kız)","Cumhuriyet Dönemi tiyatrosunda bazı oyunlar, nadir görülen tarihi trajediler şeklinde yazılmıştır. (Sokrates Savunuyor)",Cumhuriyet Dönemi'nde alışılmış ve yaşanmakta olan düzeni yeren absürt yani uyumsuz tiyatro türünü örnekleyen eserler de verilmiştir. (Aynaroz Kadın),B
6702c9b6-e57e-5a4d-a7ee-b18fb568c8ca,BIYOLOJI,"Ökaryot ve prokaryot hücrelerde; I. mitokondride ATP sentezleme, II. DNA'dan RNA sentezleme, III. sitoplazmaya sahip olma özelliklerinden hangileri ortaktır?",I ve II,II ve III,Yalnız I,Yalnız II,"I, II ve III",B
9fde39a3-fdc0-5e71-a8d2-3f5e12c930f9,EDEBIYAT,"I. Hüsnünün hengamesin turup temaşa kılmaga
Yır bulamayup felek damına çıkdı her melek (Necati)
II. Şöyle naz uykusına varmış o yâr ey Baki
Ki cihan halkı figan eylese bidar olmaz (Baki)
Bu beyitlerle ilgili aşağıdakilerden hangisi söylenemez?","İki beyitte de şair, sevgilisinden söz etmiştir.",İki beyitte de mübalağa sanatına yer verilmiştir.,Birinci beyitte hüsnütalil sanatına yer verilmiştir.,İki beyitte de mahlas beyit kullanılmıştır.,İki beyitte de aruz ölçüsünden yararlanılmıştır.,C
303ac98f-2f51-567f-b0e7-2d6e06c3a1e9,MATEMATIK,"Elinde 3 tek sarılı ve her birinde iki sarı bulunan 3 çift sarılı olmak üzere toplam 6 farklı yumurta bulunan Ceyda, içinde 4 yumurta sarısı olan omlet yapmak istemektedir. Ceyda, yumurtaları teker teker kırarak bu omleti kaç farklı şekilde yapabilir?",54,72,66,60,74,C
0ca2a4d5-acd7-57d3-89fd-e8dde442961b,FIZIK,"Dalgalar taşıdığı enerjinin türüne göre mekanik ve elektromanyetik dalgalar olmak üzere ikiye ayrılır. Mekanik dalgaların yayılması için ortamda molekül olmalıdır, elektromanyetik dalgalar ise moleküllerin olmadığı ortamlarda (boşlukta) yayılabilir.
Buna göre aşağıda verilenlerden hangisi ortamda molekül olmadan yayılamaz?",Mikrodalgalar,Görünür ışık,X ışınları,Ses dalgaları,Kızılötesi ışınlar,D
e29c3b4d-f53a-5927-b7f2-1af0d795edb0,MATEMATIK,$tan(\frac{49\pi}{4}) - cot(\frac{-47\pi}{4})$ farkının sonucu kaçtır?,0,1,2,3,4,C
e3319aed-472c-560a-8543-bba80d59009d,KIMYA,"Nötr X atomunun temel hâl elektron dizilimindeki en yüksek enerjili orbitalinin $n+l$ değeri 5, sahip olduğu elektron sayısı ise 1'dir.
Buna göre, X atomu ile ilgili,
I. Geçiş metalidir.
II. Küresel simetri özelliği gösterir.
III. p bloğundadır.
IV. Bileşiklerinde negatif değerlik alır.
yargılarından hangileri kesinlikle yanlıştır?",Yalnız I,Yalnız II,Yalnız IV,II ve III,I ve IV,C
ff44a13e-f365-5a76-85cd-10490ca6d012,MATEMATIK,"$95$ binanın yer aldığı bir mahallede her bir bina $2$ veya $3$ katlıdır. Kentsel dönüşüm kapsamında bu binaların $15$ tanesi yıkılıp her birinin yerine $5$ katlı birer bina yapıldığında bu mahalledeki binaların kat sayıları toplamı $240$'tan $274$'e yükselmiştir. Buna göre, kentsel dönüşüm sonucunda bu mahalledeki $3$ katlı bina sayısı yüzde kaç azalmıştır?",16,18,20,22,24,C
273906ad-3836-5880-8e6e-1a9acc9493b6,MATEMATIK,$\frac{\sqrt[3]{\sqrt{3}} \cdot \sqrt[3]{3}}{\sqrt[3]{3}}$ işleminin sonucu kaçtır?,$\sqrt[6]{3}$,$\sqrt[3]{3}$,$\sqrt{3}$,$\sqrt[3]{9}$,$\sqrt[6]{9}$,A
7ab90045-3d06-5f30-92f7-f8160846fb16,MATEMATIK,"Egonur'a annesinin yaşı sorulduğunda Egonur: ""Annemin yaşı iki basamaklı bir doğal sayıdır. Benim yaşım annemin yaşının onlar basamağındaki rakam ve kardeşimin yaşı ise annenin yaşının birler basamağındaki rakamıdır. Kardeşimin benim yaşıma geldiğinde üçümüzün o günkü yaşları toplamı $55$ olacaktır.""
Bu konuşmaya göre, Egonur'un annesi kaç yaşındadır?",40,41,42,43,44,B
476a27ac-7265-5472-9d07-0c570e285ec8,MATEMATIK,"4 kız ve 3 erkek öğrenci yan yana sıralanacaktır. Buna göre, bu sıralanışta erkek öğrencilerin üçünün de yanyana olma olasılığı kaçtır?",$\frac{1}{7}$,$\frac{2}{7}$,$\frac{1}{14}$,$\frac{3}{14}$,$\frac{4}{7}$,A
ad40ffbc-83de-52ac-926c-269fb793153a,MATEMATIK,Bir zar atılması deneyinde zarın üst yüzüne gelen sayının 4'ten küçük bir sayı veya asal sayı olma olasılığı kaçtır?,\frac{1}{4},\frac{1}{3},\frac{1}{2},\frac{2}{3},\frac{3}{4},D
3c9be9cf-e191-53fc-a31d-9714ed3a70ac,TARIH,"5 Haziran 1946 Yılında Seçim Kanununda Yapılan Değişiklik:
• İki dereceli seçim sistemi kaldırılarak seçimlerin tek dereceli yapılması kararlaştırılmıştır.
• Seçim, adli denetim dışında, açık oy, gizli sayımla ve çoğunluk sistemi esasına göre yapılmıştır.
16 Şubat 1950 Yılında Seçim Kanununda Yapılan Değişiklik:
• Seçimlerin tek dereceli, gizli oy ve açık sayım esasına göre yapılması kararlaştırılmıştır.
• Seçimler yargı denetimine alınmıştır.
• Seçimleri yönetmek amacıyla Yüksek Seçim Kurulu kurulmuştur.
Seçim kanununda yapılan bu değişikliklerin aşağıdakilerden hangisine yönelik olduğu söylenemez?",Seçimlere duyulan güvenirliği artırmak,Demokratik kültürün gelişmesini sağlamak,Parlamenter sisteme geçmek,"Halkın, milletvekillerini doğrudan seçmesini sağlamak",Şeffaflığı sağlayarak hile söylemlerini azaltmak,C
fb76a21c-5288-51a0-bc58-e68f15287a7b,FIZIK,"Bir robotik yarışmasında, takımlar tarafından tasarlanan eşit kütleli otonom robotlar, aynı noktadan başlayarak uzun bir rampa boyunca sürekli yokuş yukarı ilerlemektedir. Foton ve Nötron adındaki iki robot, bataryaları tükenene kadar rampayı tırmanmış, ancak Foton, Nötron'dan daha yükseğe ulaşmıştır. Buna göre, robotlarla ilgili, I. Foton'un enerji verimliliği daha fazladır. II. Foton'un batarya kapasitesi daha fazladır. III. Nötron'un kazandığı yer çekimi potansiyel enerjisi daha azdır. yargılarından hangileri kesinlikle doğrudur?",Yalnız I,Yalnız II,Yalnız III,I ve III,"I, II ve III",D
afea6f4d-c82c-5eec-b08e-de6ea7e79f68,MATEMATIK,"Gerçel sayılar kümesi üzerinde tanımlı ve türevlenebilen $f$ ve $g$ fonksiyonları için;
$y=f(x)$ fonksiyonunun $A(2,3)$ noktasındaki anlık değişim hızı $\tan(135^\circ)$'tir.
$(gof)(x) = x^3-x^2+1$ olduğuna göre, $g'(3)$ değeri kaçtır?",-12,-8,-2,2,4,B
ffe17b12-2125-585d-895b-6a7aab6562b3,MATEMATIK,"Analitik düzlemde alanı 4 birimkare olan ABCD karesinin bir köşesi $A(2, 1)$ dir. Karenin B ve D köşeleri $x+y+m=0$ doğrusu üzerinde olduğuna göre, m aşağıdakilerden hangisi olabilir?",-4,-3,-2,-1,0,A
c3fbb832-f9a2-5896-a747-39c93781ed55,MATEMATIK,Hangi sayının 3 eksiğinin iki katının 15 fazlası 71 eder?,28,31,33,38,29,B
dba56c26-4449-51e3-a5dc-a50a8bdfafd2,MATEMATIK,"Her katında 100 oda olan bir yolcu gemisindeki odalar geminin en alt katından başlanarak yukarı doğru ardışık pozitif tam sayılarla numaralandırılmıştır. Geminin ilk iki katındaki odaların numaraları
1. kat: $1, 2, 3, ..., 100$
2. kat: $101, 102, 103, ..., 200$
biçimindedir.
Aynı kattaki iki odanın numaraları toplamı 723 olduğuna göre, bu katın hemen üstündeki katta bulunan iki farklı odanın numaraları toplamı en çok kaçtır?",999,1001,1199,1499,1500,D
804c3d6f-f62a-5acc-8ddf-8bb272a1bfb6,MATEMATIK,"Bir bahçede bulunan dut ağaçlarının sayısı, elma ağaçlarının sayısından 24 fazladır. Elma ağaçlarının sayısının, dut ağaçlarının sayısına oranı $\frac{2}{5}$ olduğuna göre, bahçedeki dut ağacı sayısı kaçtır?",16,24,32,40,48,D
9f43d5ef-439a-5b34-9180-4b7fdbb0e900,MATEMATIK,Eşitsizliğini sağlayan kaç farklı $x$ tam sayısı vardır? $\frac{|4-x| \cdot (x^2-4)}{x^2-x-2} \le 0$,1,2,3,4,5,D
3e7c5d8f-ed76-5973-89b5-9ba680f388ed,KIMYA,"$Zn_{(k)} + 2Ag^+_{(suda)} \rightarrow Zn^{2+}_{(suda)} + 2Ag_{(k)}$
tepkimesi için,
I. $Zn$ yükseltgendir.
II. $Ag^+$ iyonu indirgenmiştir.
III. 1 mol $Zn$ 2 mol elektron vermiştir.
yargılarından hangileri doğrudur?",Yalnız I,Yalnız II,I ve II,I ve III,II ve III,E
93f1fa6b-16c9-5505-9d3c-cd03c018574e,KIMYA,"$2X_{(g)} + 3Y_{(g)} \to 2Z_{(g)}$
Yukarıdaki tepkimenin hız bağıntısı $r = k[X][Y]^2$'dir.
Buna göre, tepkimeyle ilgili,
I. Mekanizmalıdır.
II. Derecesi 3'tür.
III. Moleküleritesi 5'tir.
yargılarından hangileri doğrudur?",Yalnız I,Yalnız II,I ve II,I ve III,"I, II ve III",C
bf915297-a5e9-5b2d-847b-ec58b47d1a0e,MATEMATIK,"$y = f(x)$ olmak üzere, $\frac{1}{y} + \frac{1}{x} = 1$ dir. Buna göre, $f'(2)$ kaçtır?",-2,-1,0,1,2,B
4b94e882-b9ed-5d37-87b3-73bb5bc9b878,EDEBIYAT,"I. ----, Yüzbaşının Kızı adlı romanında, Rusya'da Pugachev'in önderliğindeki isyancıların renkli yaşamlarını, sahnelerini gerçekçi bir biçimde ortaya koyar.
II. ----, Babalar ve Oğullar adlı romanında nihilist bir kişilik olan Bazarov'un dramıdan yola çıkarak savunduğu ilke ve görüşleri dile getirir.
Bu parçalarda boş bırakılan yerlere sırasıyla aşağıdakilerden hangisinin getirilmesi gerekir?",Dostoyevski - Tolstoy,Stendhal - Turgenyev,Dostoyevski - Steinbeck,Puşkin - Turgenyev,Tolstoy - Steinbeck,D
ff30eb5b-a3c7-5288-b8c6-3de2d962232c,MATEMATIK,"Bir baloya $7$ evli çift, $8$ bekar kadın ve $10$ bekar erkek katılmıştır. Baloya katılanların yaş ortalaması $30$ ve baloda bulunan kadınların yaş ortalaması $28$'dir. Buna göre, baloya katılan erkeklerin yaşları toplamı kaçtır?",520,530,540,550,560,E
ef600c50-36e1-5121-bbf4-69fc832c6118,FIZIK,"Isıca yalıtılmış bir kapta $t=0$ anında bir araya getirilen X ve Y maddelerinden Y, $t=0$ anında erimeye başlayarak hal değiştiriyor. Buna göre, I. $t=0$ anında X maddesi yoğunlaşmaya başlayabilir. II. $t=0$ anında Y maddesi kaynamaya başlayabilir. III. $t=0$ anında X maddesinin sıcaklığı artmaya başlayabilir. yargılarından hangileri doğru olabilir?",Yalnız I,Yalnız II,Yalnız III,II ya da III,I ya da III,E
29f86304-5d85-5b59-b1d6-5033af1fc331,MATEMATIK,"$f(x) = \begin{cases} 4x, & x > 2 \\ -2, & x \le 2 \end{cases}$ olmak üzere, $\int_{1}^{3} f(x) dx$ integralinin değeri kaçtır?",2,4,6,8,10,E
9da195df-065b-508a-8646-40c8bea714c4,EDEBIYAT,"Ben merd i meydan Yani toprağın ve kanın gürzü Güllerin bin yıllık mezarı bendedir Yukardan bakarım efendilerin pusatlarına İnsanların bütün sabahlarını merak ederim Gök hırpalanmaktadır merakımdan Bir kokan benim yumruklarımdır Benim kavgamdır o, aşk diye tanınan Dizelerinden hareketle 1960 sonrası toplumcu şiir ile ilgili, I. Düşünsel boyutu, estetik kaygıların önüne geçirme II. Anlatımda açıklığı öne çıkarıp somut konuları işleme III. İçeriğe değil, biçime önem verme IV. Toplum için sanat anlayışıyla yazma V. Belli bir biçimsel kurala bağlı olarak yazma yargılarından hangilerine ulaşılamaz?",I ve II,II ve III,III ve IV,III ve V,IV ve V,D
a967a6c0-f237-5fc2-acd2-d2c71ac50eb9,KIMYA,"I. Benzenin rezonans yapısından dolayı karbon atomları arasında bulunan bütün bağlar özdeştir.
II. Benzen, birçok aromatik bileşiğin sentezlenmesinde başlangıç maddesi olarak kullanılır.
III. Anilin molekülü aromatik hidrokarbondur.
Yukarıdaki ifadelerden hangileri doğrudur?",Yalnız I,Yalnız II,I ve II,II ve III,"I, II ve III",C
a09f6612-9e0e-5605-9e87-784483611b42,TURKCE,Aşağıdaki cümlelerden hangisinde herhangi bir nokta-lama ya da yazım yanlışı yoktur?,"Bu eskiliği siz de görmüşsünüzdür: duvarlarda çiviler, çivi yerleri, lekeler...","Menfaat sandalye’ye benzer: Başında taşırsan, seni küçültür; ayağının altına alırsan da yükseltir.","Patron, işçilere 100’er lira bayram harçlığı verdi.","Büyükannem, yirmi gündür bakım evinde kalıyormuş.","Geçen yıl, hayvan severler, nesli tükenmek üzere olan hayvanlar için dikkat çekici etkinlikler yaptı.",A
a152b090-c8c0-5b3f-bf51-e306636b523f,TURKCE,"Toprakla uğraşmak romantik bir hobi değildir. Aksine ciddiyet ve sorumluluk ister. Toprak ve tabiat; çok güçlüdür ve insanın ego-sunu yontar. Çünkü insan olarak kararları alan varlık olmaya, hükmetmeye güdülüyüz. Oysa tabiat söylüyor son sözü. Tabi-atın bir parçası olduğumuzu hissedersek işler yolunda gidiyor.
Yukarıdaki parçada altı çizili sözcüklerden hangisi gerçek anlam dışında kullanılmıştır?",I,II,III,IV,V,C
1c6eaee2-b6e2-56d2-9aed-7ac7d9b2b24d,MATEMATIK,"""11222233"" sayısının rakamları yer değiştirilerek 8 basamaklı kaç farklı sayı yazılabilir?",1680,420,360,240,210,B
6b0cded0-0642-54dc-9724-f78b66e5de8d,KIMYA,"3,4 gram $NH_3$'ün tamamı,
$4NH_3 + 5X \rightarrow 4Y + 6Z$
denklemine göre bir miktar X ile birleşerek 6 gram Y ve 5,4 gram Z oluşturuyor.
Buna göre, X'in mol kütlesi kaçtır? ($NH_3$:17)",8,16,24,32,64,D
3a43aaa5-0678-5eb2-9660-6040c023e1ef,MATEMATIK,$4\sqrt{2}+3\sqrt{8}-2\sqrt{3}-\sqrt{27}$ işleminin sonucu kaçtır?,$30$,$28$,$24$,$22$,$20$,E
aa905820-84ff-5dab-8e08-2473e4c7b856,FIZIK,"Bir fotoselin katoduna düşürülen ışığın frekansı artırılıyor.
Buna göre,
I. Metalin eşik enerjisi artar.
II. Metalin eşik dalga boyu artar.
III. Fotoelektronların maksimum hızı artar.
yargılarından hangileri doğrudur?",Yalnız II,Yalnız III,I ve II,I ve III,II ve III,B
e7209b3d-4b6d-52b2-a043-eac6b48ea58c,GEOMETRI,"Bir ABCDEFGH düzgün sekizgeninde, [AD] ve [BF] köşegenleri çiziliyor. Buna göre, köşegenler arasındaki dar açının ölçüsü kaç derecedir?",45,"52,5",60,"67,5",75,D
c22e5faa-41bd-54b1-97e9-3a11f530a3c1,MATEMATIK,"$A = \{0, 1, 2, 3, 4\}$ kümesinin elemanları kullanılarak yazılan rakamları farklı 5 basamaklı sayılar küçükten büyüğe doğru sıralandığında baştan 75. sayı kaç olur?",32104,34012,40123,40213,41023,C
7839676d-8d1d-5299-8d78-2b7724692f59,MATEMATIK,Köklerinden biri $1-\sqrt{5}$ olan rasyonel katsayılı ikinci dereceden denklem aşağıdakilerden hangisidir?,$x^2-x-4=0$,$x^2+2x-4=0$,$x^2+2x+2=0$,$x^2-2x-4=0$,$x^2-2x+4=0$,D
e168c7be-7216-5f3d-935b-17196a9f1c0f,MATEMATIK,"I. $f: (a,b) \to \mathbb{R}$ fonksiyonu $(a,b)$ aralığındaki bir noktada türevliyse o noktada süreklidir. II. $f: (a,b) \to \mathbb{R}$ fonksiyonu $(a,b)$ aralığındaki bir noktada sürekliyse o noktada türevlidir. III. $f: \mathbb{R} \to \mathbb{R}$ olmak üzere, $f(x)$ türevliyse $|f(x)|$ de türevlidir. ifadelerinden hangileri daima doğrudur?",Yalnız I,I ve II,I ve III,II ve III,"I, II ve III",A
bd587fe8-81c7-5843-b88e-39fa2fc01d28,MATEMATIK,"$(a_n)$ gerçel sayı dizisinin genel terimi, $(a_n) = (\frac{(n+2)!}{n!})$ olarak veriliyor. $a_k = 110$ olduğuna göre, $k$ kaçtır?",6,7,8,9,10,C
c181d71a-f585-5a85-ab4b-f9267d6246d3,FIZIK,"Fizik dersinde sarmal yaylarda enine dalgalarla ilgili yapılan deneyde sarmal bir yay koridorda yere konularak yayın bir ucu Ahmet tarafından, diğer ucu Esra tarafından tutuluyor. Ahmet ve Esra birbirinden uzaklaşarak yay gerildikten sonra Esra yayın ucunu sabit tutarken Ahmet elini yayın doğrultusuna dik olacak şekilde denge konumundan $10 \text{ cm}$ sağa ve denge konumundan $10 \text{ cm}$ sola uzaklaştıracak şekilde bir tam titreşim hareketini $t$ sürede tamamlıyor.
Daha sonra Ahmet aşağıda verilen aşamaları gerçekleştirecek deneyi tekrarlıyor.
1. Aşama: Elini denge noktasından itibaren $20 \text{ cm}$ sağa ve denge konumundan $20 \text{ cm}$ sola hareket ettiriyor.
2. Aşama: El ile tam bir titreşim hareketini $2t$ sürede tamamlıyor.
3. Aşama: Esra'dan uzaklaşarak el ile tam bir titreşim hareketini $t$ sürede tamamlıyor.
Buna göre verilen aşamalarda oluşturulan dalgalara ait aşağıdaki verilen durumlardan hangisi gerçekleşir?",1. aşama sonucunda dalganın yayılma sürati artar.,2. aşama sonucu dalgaların yayılma sürati azalır.,1. aşama sonucu dalgaların dalga boyu artar.,3. aşama sonucu dalgaların yayılma sürati artar.,2. aşama sonucu dalgaların yayılma sürati artar.,C
c45ecb41-e73b-58c1-8b1a-f2b14469115b,MATEMATIK,"$\frac{1}{x} - \frac{1}{2x} = \frac{11}{12}$ olduğuna göre, $x$ kaçtır?",-2,1,2,3,6,C
cf68eaef-1294-5efd-baa5-90f8e99b8290,TARIH,"Tarih boyunca Türkler millî dinlerini terk ederek Budizm, Maniheizm, Musevilik ve Hristiyanlığı benimsemişlerdir. Ancak bu dinlerin yapısı Türklerin millî bünyesine ve karakterine uymadığı için onların benliklerini kaybetmelerine sebep olmuştur. Ancak Türklerin İslam dinini kabul etmeleri onlara yeni bir atılım gücü kazandırmıştır. Bu durumun en önemli göstergesi de ----.

Parçada verilen bilgiler dikkate alındığında en sonda yer alan cümlenin aşağıdakilerden hangisi ile devam ettirilmesi doğru olur?",halktan yeni vergilerin toplanmasıdır.,devlet işlerini görüşmek üzere kurultayın oluşturulmasıdır.,onluk sistemin uygulanmasıdır.,hayvancılık faaliyetlerinin gerçekleşmesidir.,İslamiyet'i yaymak için batı yönünde fetihlerin yapılmasıdır.,E
c756de13-ce4e-5dd0-9a51-6e4f229b7c90,MATEMATIK,$3x - 19y + 5 = 0$ ve $6x + 6y - 23 = 0$ denklemlerinin çözüm kümesinin çeşidi nedir?,Tek elemanlıdır.,Boş kümedir.,İki elemanlıdır.,Dört elemanlıdır.,Sonsuz elemanlıdır.,A
1240564a-fe52-5d16-b457-99f6b09c33a9,KIMYA,"0,2 M 200 mL $HNO_3$ çözeltisine oda koşullarında,
a - 0,1 M 100 mL KOH çözeltisi karıştırılıyor.
b - 0,1 M 200 mL $Ba(OH)_2$ çözeltisi karıştırılıyor.
İşlemleri ayrı ayrı yapıldığında ortamın pH değeri hangi seçenekte doğru verilmiştir?","2, 7","2, 5","1, 7","1, 5","7, 7",C
85d88b78-b30d-56e7-b816-176c191b01c5,GEOMETRI,"""Denklemi $ax+by-c=0$ olan bir doğrunun eğimi $m=-\frac{a}{b}$ olup birbirine paralel olan doğruların eğimleri eşittir.""
Ali Berk, $3y-2x-5=0$ doğrusuna paralel olan $6x-ky-3=0$ doğrusundaki $k$ sayısını bulmaya çalışıyor ancak ilk doğrunun eğimini hesaplarken denklemin $y$'li terim ile başladığına dikkat etmeyerek $a=3$ ve $b=-2$ seçiyor ve işlem hatası yapmadan $k$ sayısını buluyor.
Buna göre, Ali Berk'in bulduğu cevap ile doğru cevabın toplamı kaçtır?",13,9,5,4,-5,A
17aea990-7023-5423-9fd0-ac83c6118c65,GEOMETRI,Dik koordinat düzleminde $4x + 3y - 12 = 0$ doğrusuna paralel olan doğruların eksenler arasında kalan parçalarının orta noktalarının geometrik yerinin denklemi aşağıdakilerden hangisidir?,$y = x$,$4y = 3x$,$3y = 4x$,$4y = 3x - 0$,$2y = 3x$,E
7c57cf30-be9b-56b9-a191-ff0ff2d010d7,MATEMATIK,"$(a_n)$ aritmetik dizisinde, $a_1 + a_3 + a_5 = 12$ ve $a_1^2 + a_3^2 + a_5^2 = 50$ olduğuna göre, $a_1$ aşağıdakilerden hangisi olabilir?",3,4,5,6,8,D
54c44567-29c4-5aa8-b0eb-f3637e072ee5,KIMYA,"HCl sulu çözeltisine,
I. Saf su,
II. $\text{NaOH}(\text{suda})$,
III. $\text{NH}_3(\text{suda})$
yukarıdakilerden hangileri ilave edilirse çözeltinin pH değeri artar?",Yalnız I,Yalnız II,I ve II,II ve III,"I, II ve III",E
c0616298-6fd7-5fc4-b495-f4face29632a,MATEMATIK,"Helin, sayısal ve sözel bölümlerden oluşan sınavının nasıl geçtiğini soran ailesine: ""Sayısal bölümün sorularının %75'ini, sözel bölümün sorularının ise %60'ını doğru olarak cevapladım."" şeklinde bir açıklama yapmıştır. Sözel bölümdeki soru sayısı, sayısal bölümdeki soru sayısının yarısına eşit olduğuna göre, Helin sınavdaki tüm soruların yüzde kaçını doğru olarak cevaplamıştır?",25,30,32,35,38,E
fa6df3a8-2787-56f7-bb78-cf84f64867ff,MATEMATIK,"Ömer ve İsa beraber bir halıyı $3$ saatte yıkayabiliyor. İsa tek başına aynı halıyı $(x-8)$ saatte. Ömer ise aynı halıyı tek başına $(x)$ saatte yıkayabiliyor. Buna göre, $x$ değeri kaçtır?",2,8,10,12,14,D
1c5dda67-faa6-5e38-baca-a07afbededec,MATEMATIK,"a ve b gerçel sayıları için $a^2-2b=2$ ve $b^2+4a=7$ eşitlikleri sağlanmaktadır. Buna göre, $b-a$ farkının değeri kaçtır?",-1,0,1,2,3,E
469d2ee1-20f3-562b-ba5d-1b640069e0cf,MATEMATIK,$\int \frac{1}{4} dx$ ifadesinin eşiti aşağıdakilerden hangisidir?,$4x$,$4x + c$,$\frac{x}{4} + c$,$4x^2 + c$,$\frac{x^2}{16} + c$,C
56e60173-f2c5-5dd3-bc0a-cae70292dca4,GEOMETRI,"Aşağıdaki şekilde $[AO]$ ve $[OB]$ çaplı çemberler, orijin noktasında dıştan teğettir. $y$-eksenini $E(0, 3)$ noktasında kesen $d$ doğrusu; $[OB]$ çaplı çembere T noktasında teğet olup $[AO]$ çaplı çemberi, A noktasında kesmektedir. $B(12, 0)$ olduğuna göre, $[AO]$ çaplı çemberin denklemi aşağıdakilerden hangisidir?",$(x+4)^2+y^2=16$,$(x+2)^2+y^2=4$,$(x+2)^2+y^2=16$,$(x+3)^2+y^2=9$,$(x+1)^2+y^2=1$,B
37cef7cb-e8ac-5493-8d25-ce8f20d9dd03,MATEMATIK,"$x^4 - 13x^2 + 36 = 0$ denkleminin en büyük kökü a, en küçük kökü b olduğuna göre, $a-b$ kaçtır?",8,5,6,12,4,C
984a54a7-87f9-577f-b03e-82e65dc146e5,MATEMATIK,"$f_1=1$, $f_2=1$ ve $n \ge 3$ için $f_n=f_{n-1}+f_{n-2}$ şeklinde tanımlanan diziye Fibonacci dizisi denir. Buna göre, $f_1+f_2+f_3+...+f_{2n}$ toplamının eşit aşağıdakilerden hangisidir?",$f_{2n-1}$,$f_{2n+1}$,$f_{2n}-1$,$f_{2n+1}-1$,$f_{2n}+2$,D
91928669-a3cc-5aac-8685-ac9ad9a2224a,FIZIK,"Elektrik akımı,
I. Katılarda elektronların hareketi ile oluşur.
II. Sıvılarda iyonların hareketi ile oluşur.
III. Gazlarda iyonların ve elektronların hareketi ile oluşur.
yargılarından hangileri doğrudur?",Yalnız I,Yalnız II,I ve II,II ve III,"I, II ve III",E
e680bb61-40b9-5887-a735-fb4ab480f0ca,KIMYA,"""Elektron dağılımında en son orbitalleri tam dolu ya da yarı dolu olan atom ve iyonların göstermiş olduğu kararlı yapıya küresel simetri denir."" Buna göre, aşağıda atom ve iyonlardan hangisi küresel simetrik değildir? ($_{10}Ne$, $_{18}Ar$)",$X: [Ne]3s^23p^3$,$Y^+: [Ar]4s^1$,$Z: [Ar]4s^23d^5$,$T: [He]2s^22p^6$,$K: [He]3s^23p^6$,B
936fa7b2-76a8-54c3-be5e-8f4ac3d2aea2,MATEMATIK,"Bir hamur açma makinesi, hamuru açarken hamurun şekli her zaman kare biçiminde kalmaktadır. Makine, hamuru açarken hamurun üst yüzünün alanı 25 $cm^2$ iken alanı saniyede 16 $cm^2$ büyümektedir. Bu anda, hamurun çevre uzunluğunun büyüme hızı kaç $cm/sn$'dir?",6,"6,2","6,4","6,6","6,8",C
02a873e7-d092-53c6-b04a-cf4d25d8d9b1,MATEMATIK,"Beden Eğitimi ve Spor Yüksek Okulu'nun spor mülakatına hazırlanan Volkan ve Onur 30 gün boyunca bazı günlerde spor salonunda bazı günlerde ise parkurda çalışmışlardır. Volkan, spor salonunda günde 4 saat parkurda ise günde 3 saat çalışmış. Onur ise spor salonunda günde 3 saat parkurda ise günde 4 saat çalışmıştır. Volkan'ın spor salonunda çalıştığı gün sayısı Onur'un parkurda çalıştığı gün sayısının 2 katıdır. Bir ay sonunda Volkan Onur'dan 10 saat daha fazla çalıştığına göre, Volkan'ın spor salonunda çalıştığı gün sayısı kaçtır?",12,14,16,18,20,E
10b0cfdb-3088-51a0-ad6b-85739593c64b,MATEMATIK,$\log_3(2x+1) \le \log_3 2$ ve $3^{x-1} - \left(\frac{1}{9}\right)^x > 0$ eşitsizlik sistemini sağlayan kaç farklı tam sayı vardır?,4,5,6,7,8,D
c326f9da-a76b-5ac0-b367-c60902e5151e,MATEMATIK,"3 soruluk bir sınavda her bir sorunun doğru cevabı A, B, C veya D seçeneklerinden biridir.
Art arda gelen herhangi iki sorunun doğru cevabının A seçeneği olmadığı kaç farklı cevap anahtarı oluşturulabilir?",24,36,43,57,64,C
8d4297ab-98e9-5ccd-8856-2f17b6482013,MATEMATIK,Integrali $\int \sqrt{x^2-x-(2x+1)}dx$ aşağıdakilerden hangisidir?,$\frac{1}{3}\sqrt{(x^2+x)^3}+c$,$\frac{1}{2}\sqrt{(x^2+x)^3}+c$,$\frac{2}{3}\sqrt{(x^2-x)^3}+c$,$\frac{4}{3}\sqrt{(x^2-x)^3}+c$,$\frac{2}{3}\sqrt{(x^2+x)^3}+c$,C
52383d2d-26bd-5ecc-8dd3-6c19dfce314f,MATEMATIK,$2+\frac{1}{1+\frac{1}{3}}$ işleminin sonucu kaçtır?,3,5,6,8,9,E
33da799f-fd0a-5978-8abe-6549e7dcde21,MATEMATIK,"$P(x+3)$'ün $x^2+4x+4$ ile bölümünden kalan $(5x+13)$'tür. Buna göre, $P^2(x)$ polinomunun $(x-1)$ ile bölümünden kalan kaçtır?",7,11,9,15,13,C
65b4494b-546a-588c-922d-9ce0325a54f0,MATEMATIK,"$4^{\log_7{\sqrt{x^2-x}}} = 2$ olduğuna göre, $x$'in alabileceği değerlerin çarpımı kaçtır?",-8,-6,-4,-3,-2,B
767568c4-7560-562c-af35-0b054dfa2f70,EDEBIYAT,"Ahmet Haşim ve Orhan Veli'nin şiir anlayışlarına dair çalışma yapan bir öğrenci, iki şair arasında kurgusal bir karşılaşma tasarlar. Bu karşılaşmadaki iki şair, şiir üzerine hayali bir tartışmaya girişir.
Aşağıdakilerden hangisi bu tartışmada geçebilecek bir diyalogdan alınmıştır?","A. Haşim: Azim nazımdan ritim ve şekli atarsanız geriye bir şey kalmaz!
O. Veli: Anlam kalır, doğal bir söyleyiş kalır ki mirim, ger çek şiir de budur!","O. Veli: Mana kadar müzikaliteye önem verseydiniz şiiriniz daha iyi olurdu!
A. Haşim: Şiirde yalınlık aracım ben; süs ve gösteriş değil efendim!","O. Veli: Divan nazmının şekillerini, serbest müstezatla kurban edemezsiniz!
A. Haşim: Halk şiirinin imkânları ve hece iyi bir şiir yaratmak için yeterlidir!","O. Veli: Şiirimi parnasyen biçimcilikle değil sembollerle ördüm bendeniz!
A. Haşim: Saf şiirin peşinde koşarken şiir kuşunu öldürdünüz siz!","A. Haşim: Muhterem, nazım belirsizliğe ve anlaşılmazlığa hapsettiniz!
O. Veli: Hayır efendim, söz dizimini değiştirirken şiiri yeniden icat ettik!",A
4ec90a25-c18d-5207-ab87-c8d6077aabdb,GEOMETRI,"İç açılar toplamı, dış açılar toplamının 2 katı olan çokgen kaç kenarlıdır?",6,7,8,9,10,A
153a4e36-bfc2-522d-95fc-becaf577923f,FIZIK,"Canlılar uzun süre X ışınlarına maruz kaldığında olumsuz etkilenebilirken görünür ışığa aynı süre maruz kaldıklarında olumsuz etkilenmeyebilir.
Bu durumda X ışınlarının canlılar üzerinde olumsuz etkilere yol açabilmesi;
I. hız,
II. dalga boyu,
III. frekans
fiziksel niceliklerinden hangilerinin görünür ışığa göre kesinlikle daha büyük olmasından kaynaklanır?",Yalnız I,Yalnız II,Yalnız III,I ve II,II ve III,C
24b35d05-a76e-520b-bc26-1d74b71d30a6,MATEMATIK,"$a, b$ ve $c$ asal sayılardır. $17^a - c^b = b$ olduğuna göre, $a+b-c$ işleminin sonucu kaçtır?",18,20,22,24,26,A
c0485ec7-b301-5608-92b4-9c873398bf9f,KIMYA,"$Co_{(k)} + Ni^{2+}_{(aq)} \rightleftharpoons Co^{2+}_{(aq)} + Ni_{(k)}$
Yukarıda denklemi verilen elektrokimyasal pilin $E^o_{pil}$ değeri $+0,027$ volttur.
Buna göre, aynı sıcaklıkta $[Ni^{2+}] = 0,1 M$, $[Co^{2+}] = 0,01 M$ olduğunda pil potansiyeli ($E_{pil}$) kaç volt olur? ($0,0592$ değerini $0,06$ alınız.)","$+0,024$","$-0,034$","$-0,057$","$-0,27$","$+0,57$",C
dd91f1f5-3250-5e1e-9de5-a744d65699db,MATEMATIK,"Bir botanik bahçesine, 2015 yılında her biri 7 yaşında olan bir grup öğrenci; 2020 yılında ise her biri 10 yaşında olan başka bir grup öğrenci geziye gitmiştir. Gruplara bahçeyi gezdiren görevli, bahçedeki aynı tarihli ağaç için iki gruba da ""Bu ağacın yaşı hepinizin yaşlarının toplamına eşittir."" demiştir.
Bu iki gruptan, ilk gruptaki öğrenci sayısı ikinci gruptaki öğrenci sayısından 10 fazla olduğuna göre, 2020 yılında bu ağaç kaç yaşındadır?",220,230,240,250,260,D
b686c71e-0433-5bf1-89df-34c61cc031f4,MATEMATIK,"P(x) bir polinom olmak üzere, $P(x) + P'(x) = x^2 + x + 1$ olduğuna göre, $\lim_{x \to 1} \frac{P(x)}{\sin(x-1)}$ ifadesinin değeri kaçtır?",2,1,0,-1,-2,C
a3080b77-86ef-5285-be7f-2d3ad1456447,TARIH,"1606 Zitvatorok Antlaşması ile Avusturya, Osmanlı Devleti'ne savaş tazminatı ödeyecek, buna karşılık artık vergi vermeyecekti. Ayrıca daha önce sadrazama denk sayılan Avusturya hükümdarı artık Osmanlı padişahına denk sayılacaktı.
Bu bilgiye dayanarak;
I. Avusturya savaşı başlatan devlet olmuştur.
II. Osmanlı'nın Avusturya üzerindeki siyasi ve ekonomik üstünlüğü zedelenmiştir.
III. Avusturya iç sorunlarını çözerek bağımsızlığını elde etmiştir.
yargılarından hangilerine ulaşılabilir?",Yalnız I,Yalnız II,Yalnız III,I ve II,II ve III,B
ee037641-4d6f-5c8c-84a9-522dd94de64c,MATEMATIK,"log$_a x = \frac{1}{2}$ ve log$_x \frac{1}{8}$ ifadeleri veriliyor. Buna göre, log$_a 8$ ifadesinin sonucu kaçtır?",3,4,6,8,12,C
309f8789-36b2-55cc-8e03-89ac9c05b136,EDEBIYAT,"Bu Akımın Özellikleri
• Akıl ve sağduyu en önemli ölçüttür.
• Hayaller ve duygusallık akıl yolu ile denetim altına alınır. Aklın denetiminden geçmeyen hiçbir duygu eserde yer alamaz.
• Sanatçının görevi, tabiatı akla uygun bir biçimde taklit etmektir. Tabiatı taklit etmek, insanın değişmeyen, ""akıl, irade"" gibi asıl öğelerini anlatmaktır.
• Konu önemli değildir; önemli olan, konunun işleniş biçimidir, anlatımdır. Bu yüzden, anlatımda mükemmellik amaçlanır.
• Anlatımda sokak dili değil, seçkin çevrelerin dili yalın bir biçimde kullanılmıştır.
• Az sözle çok şey anlatmak hedeflenmiştir.
• Sanatta sıkı kuralların bulunması ve bunlara uyulması gerektiğine inanan klasikler, ""üç birlik"" (yer-zaman-olay) kuralının doğmasına neden olmuşlardır.
• Kahramanların hep soylu tabakadan seçilen klasikler, eserlerinde kaba ve çirkin sözlere de yer vermezler.
Bu şekildeki özellikleri hakkında bilgi verilen edebiyat akımı aşağıdakilerden hangisidir?",Romantizm,Klasisizm,Natüralizm,Realizm,Dadaizm,B
b51e526d-6e49-5c6d-8367-592a24263cae,MATEMATIK,"• İki basamaklı bir merdiven $1$ veya $2$ adım atılarak $2$ farklı şekilde,
• üç basamaklı bir merdiven $1$ veya $2$ adım atılarak $3$ farklı şekilde,
• dört basamaklı bir merdiven $1$ veya $2$ adım atılarak $5$ farklı şekilde,
• beş basamaklı bir merdiven $1$ veya $2$ adım atılarak $8$ farklı şekilde,
• ...
• on bir basamaklı bir merdiven $1$ veya $2$ adım atılarak $n$ farklı şekilde çıkılabiliyor.
Buna göre, $n$ kaçtır?",124,134,144,154,164,C
930d0dd4-d1f8-5fde-83a0-90d3b34e2523,FIZIK,"Elektromanyetik dalgaların oluşması için, I. Yüklü taneciklerin yavaşlaması II. Nötr taneciklerin hızlanması III. Yüklü taneciklerin salınım yapması olaylarından hangileri gerçekleşmesi gerekir?",Yalnız I,Yalnız II,I ya da II,II ya da III,I ya da III,E
cd7f9e5f-a6e0-5ead-94cd-ad0f06fa7196,GEOMETRI,"Merkezi $2x+y-5=0$ ve $x-y=0$ doğruları üzerinde bulunan çember $3x+4y=0$ doğrusuna teğet olduğuna göre, bu çemberin yarıçapı kaç birimdir?",1,2,$\sqrt{5}$,3,5,B
5b4b8612-9f05-501c-9929-2ebd69910076,BIYOLOJI,"Aşağıda verilen maddelerden hangileri ekzositozla hücre dışına atılabilir?
I. Enzim
II. Tükürük
III. Gözyaşı
IV. Ter
V. Süt",Yalnız I,I ve II,II ve IV,IV ve V,"I, II, III, IV ve V",E
e9b1b9c2-830a-5f1e-abe0-7283d54c1f7b,MATEMATIK,"$x^2-2x+c=0$ denkleminin diskriminantı aynı zamanda bu denklemin bir kökü olduğuna göre, $c$ gerçek sayısının alabileceği değerlerin çarpımı kaçtır?",1,2,4,$\frac{1}{2}$,$\frac{1}{4}$,E
f7e77139-2672-50df-a70c-18a0d0a52fb9,MATEMATIK,"Marjinal Maliyet: Bir üründen $q$ adet üretildi ise 1 adet daha fazlasının üretim maliyeti (sonuncu ürünün üretim maliyeti)
Toplam Maliyet: $q$ adet üretim için katlanılan sabit ve değişken maliyetlerin toplamı
Tabloda $q$ adet üretimi yapılan ürünün $q$ adeti için toplam maliyet ve $q$ adet için marjinal maliyet fonksiyonları gösterilmiştir.
Buna göre, $x$ ürününden 100 adet üretildiğinde 100. olarak üretilen ürünün maliyeti, bu 100 ürünün ortalama birim maliyetinden kaç TL azdır?
Adet | Fonksiyon
$q$ | Marjinal Maliyet: $MM(q) = \frac{dC(q)}{dq}$
$q$ | Toplam Maliyet (TL): $C(q) = 8000 + 40q + 0,6q^2$",20,10,15,25,40,A
bbf89f40-a3f3-53a5-8bd2-64219842b44e,TURKCE,"Şiir, heyecanla aklın dengesini içerir; heyecan, duygusal düzeydeki izlenimleri yoğunlaştırırsa akıl bilgi düzeyindeki verilere katar. Bu cümlede şiirle ilgili olarak aşağıdaki yargılardan hangisine ulaşılamaz?","Şiir, düşünceyi duygu hâline getirinceye kadar yoğunlaşır.","Şiirin değeri, verdiği mesajın zenginliğiyle doğru orantılıdır.","Duygu yönü ihmal edilmiş, kuru, didaktik şiirler; şiirsel- likten uzaktır.","Şiir, ne sadece aklın ne sadece duyguların ürünüdür.","Ozanın duyguları, düşünceleri, hayalleri, dünya görüşü, felsefesi, kişiliği şiirde belli olur.",B
ec0bae82-9862-5c1e-9830-07ed1c2f2d21,MATEMATIK,$\frac{5\pi}{2}$ nin esas ölçüsü kaç radyandır?,$\frac{\pi}{10}$,$\frac{\pi}{5}$,$\frac{\pi}{2}$,$\frac{2\pi}{5}$,$\frac{3\pi}{2}$,C
90eb3fcf-a8c3-579b-8d86-ed2f460ce3be,GEOMETRI,"Can, Şekil 1'deki gibi eksenlerin birbirini $60^	ext{o}$ lik açıyla kestiği bir koordinat sistemi oluşturuyor. Bu koordinat sistemindeki noktaları Şekil 2'deki gibi eksenlere paralel çizerek gösteriyor. Buna göre, Can'ın oluşturduğu bu koordinat sisteminde $A(1, 4)$ ve $B(-2, 6)$ noktaları arasındaki uzaklık kaç birimdir?",$\sqrt{6}$,$\sqrt{7}$,$2\sqrt{2}$,$\sqrt{10}$,$2\sqrt{3}$,E
52f79b00-5ac2-5c82-8e4a-7824ae982019,TURKCE,"• açmak: Yakışmak, güzel göstermek.
• basamak: Derece, aşama, kerte, evre.
• çekmek: Güç durumlara dayanmak, katlanmak.
Aşağıdaki cümlelerin hangisinde ""açmak, basamak, çekmek"" sözcükleri belirtilen anlamlarını karşılayacak şekilde kullanılmıştır?","Başarının basamaklarını tırmanırken pek çok zorluk çeken öğrenci, kendini açtığına inandığı beyaz elbisesiyle diplomasını aldı.",Çetin kış şartlarının daha çekilebilir olması için evin basamaklarına döşenen kilimler içimizi açıyordu.,"Kilitli tahta kapıyı açıp basamaklardan ağır ağır inen kedi, çıkardığı seslerle tüm dikkatleri üzerine çekti.","Rüzgâr, bulutları eteklerinden çekerek havanın açmasını ve gökyüzünde basamak basamak gökkuşağının oluşmasını sağlamıştı.","Okuldan dönen kardeşim, defterini açarak ödevini yapmaya başlamış ve sayı basamakları konusunda çektiği zorlukların üstesinden gelmişti.",A
a22be3fc-20c6-5345-8734-b311079cb50d,FIZIK,"Fizik biliminde kullanılan bazı nicelikler aşağıdakiler gibidir.
I. Sürtünme katsayısı
II. Yerçekimi ivmesi
III. Kırıcılık indisi
IV. Odak uzaklığı
Buna göre, hangilerinin uluslararası SI birim sisteminde birimi yoktur?",Yalnız I,Yalnız III,I ve III,"I, II ve III",II ve IV,C
24570f85-b8fc-5c48-848a-e82fc7d3ceb8,MATEMATIK,"Aşağıdaki tabloda nevresim, çarşaf ve yastık kılıfı dikmek için gereken kumaş miktarları verilmiştir.
Nevresim: $8 m^2$
Çarşaf: $5 m^2$
Yastık kılıfı: $3 m^2$
$240 m^2$ lik kumaşın yarısı ile nevresim, çeyreği ile çarşaf ve diğer çeyreği ile yastık kılıfı dikilecektir.
Üretilen nevresim, çarşaf ve yastık kılıfının fiyatları sırasıyla $60 TL$, $40 TL$ ve $15 TL$ olduğuna göre, dikilen ürünlerin tamamının satışından elde edilen gelir kaç TL'dir?",1720,1680,1540,1460,1350,B
daef6138-ec6f-5a37-8538-bca43c1388fe,KIMYA,Nükleon sayıları birbirinden farklı olan iki tanecik ile ilgili aşağıdaki yargılardan hangisinin doğruluğu kesin değildir?,Proton sayıları aynı ise izotop atomlardır.,Elektron sayıları farklı izotop tanecikler ise en az biri iyondur.,Elektron sayıları aynı olan izoton atomlar ise ikisi de nötrdür.,Nötron sayıları aynı ise proton sayıları farklıdır.,Kimyasal özellikleri aynı ise fiziksel özellikleri farklıdır.,C
aa47d5b8-291c-57be-bc83-5576a121e38e,MATEMATIK,"$x$ ve $y$ birer gerçek sayı olmak üzere,
$-3 \le x < 4$
$-2 < y < 1$
olduğunu göre $3x - y$ toplamının alabileceği en küçük tam sayı değeri kaçtır?",-9,-8,-7,-6,-5,B
0919df07-7397-5deb-a990-79d330bd38d2,KIMYA,"Temizlik maddeleri ile ilgili,
I. Diş macunundaki florürler insan sağlığı açısından zararlıdır.
II. Şampuanlarda bulunan sodyum lauril sülfat (SLS) bazı iç organlara zarar verebilir.
III. Sülfat bileşikleri içeren sıvı sabunlar yerine kalıp sabunlar tercih edilmelidir.
yargılarından hangileri doğrudur?",Yalnız I,Yalnız II,I ve II,I ve III,"I, II ve III",E
e11bc98c-3206-5e6a-8287-f4806a647b3e,MATEMATIK,"Katsayıları sıfırdan farklı başkatsayısı $\frac{1}{2}$ olan ikinci dereceden $P(x)$ polinomunun, başkatsayısı dışındaki diğer katsayılarının tamamı $P(x)$ polinomunun sıfırlarıdır. Buna göre, $P(x+2)$ polinomunun sabit terimi kaçtır?",-12,-8,0,4,12,E
71915ce7-42e4-5480-9669-aa0dfbca7415,MATEMATIK,$(x-1)^{\log_2(x+1)}=16$ denkleminin kökler çarpımı kaçtır?,$-\frac{4}{9}$,$-\frac{3}{4}$,$-\frac{1}{4}$,$-\frac{9}{4}$,$-\frac{9}{16}$,D
a7c9fc0f-c26c-5358-89e5-d43aa1930fc3,MATEMATIK,$x^2-2x-4=0$ denkleminin kökleri $x_1$ ve $x_2$'dir. Buna göre $x_1^2-2x_1+\frac{8}{x_2}-2x_2$ ifadesinin eşiti kaçtır?,20,16,10,8,5,B
cdc1d26f-f5cd-5994-b48c-0ea6692a4810,KIMYA,"$Fe_2O_3(k) + 3CO(g) \to 2Fe(k) + 3CO_2(g)$ tepkimesine göre 64 gram $Fe_2O_3$ ile yeterince $CO$ ile tepkimesinden kaç kJ ısı açığa çıkar? ($Fe_2O_3$:160)
$\Delta H^o_{Fe_2O_3} = -827 \text{ kJ/mol}$, $\Delta H^o_{CO_2} = -394 \text{ kJ/mol}$
$\Delta H^o_{CO} = -242 \text{ kJ/mol}$",50,40,25,10,5,D
1652e0e6-5824-5c78-97bf-79e2dad92baf,MATEMATIK,"$x^2+(a-2)x+16=0$ denkleminin kökleri olan $x_1$ ve $x_2$ arasında $x_2=x_1^3$ bağıntısı vardır. $x_1>x_2$ olduğuna göre, $a$ kaçtır?",10,-8,6,-6,12,D
0cfd2d1f-a2a6-5c35-a641-31268bc2b2ff,MATEMATIK,"Uygun koşullarda tanımlı $y = f(x)$ fonksiyonu için, $f(0) = 3$ ve $f'(0) = 0$ olduğuna göre, $\frac{d^2(f^2(x))}{dx^2}|_{x=0}$ işleminin sonucu kaçtır?",21,20,18,16,12,C
28c2fc11-e76c-5fc5-942b-f2e2e3ef0f52,MATEMATIK,"Akıntı hızının sabit ve $4 \text{ m/dk}$ olduğu bir denizde, hızı $20 \text{ m/dk}$ olan bir yüzücü, denizde en fazla $25 \text{ dakika}$ kalabilmektedir.
Buna göre, bu yüzücü kıyıdan en fazla kaç metre uzaklaşıp, tekrar kıyıya dönebilir?",240,250,280,300,320,A
d359ac44-dd96-5d6a-b240-e293f5f28c5c,MATEMATIK,"Nurşen, Serap, Yeşim ve Ayşegül isimli dört arkadaşın yaşları sırasıyla 21, 23, 24 ve 25 olarak verilmiştir ve bu dört arkadaş arasında bir miktar ceviz aşağıdaki gibi pay-laştırılmıştır:
• Cevizler ilk başta eşit olarak dağıtılmıştır.
• Yaşça büyük olanlar küçük olanlara yaş farkı kadar ceviz vermiştir.
• Paylaşma sonunda Nurşen'in 52 adet cevizi olmuş-tur.
Buna göre, paylaşılan ceviz sayısı kaçtır?",41,82,123,164,172,D
d505bed1-cfc5-5a47-afdb-b029c635150d,EDEBIYAT,"İlk şiirlerinde Cahit Sıtkı Tarancı, Orhan Veli Kanık ve Garip akımının etkisindedir. 1960'tan sonra şiirinde felsefi anlamda varoluşsal sorgulama ve düşünce unsuruna, zaman kavramını irdelemeye, sonsuzluk ve evren kavramına, modernizm sonucu yabancılaşmaya, ölüm, tabiat, Anadolu, yalnızlık gibi konulara önem verdi. 1970'den sonraki süreçte son dönem şiirleri daha kapalı ve imge yoğunlukludur. Modern kent insanının psikolojik sorunlarına yer verdi. Garip akımı şiirinde serbest nazım, heceye de serbest vezne yer verdi. En çok beyit ve dörtlük nazım şekillerini kullandı. Öz Türkçeci kelimeleri kullanmaya özen gösterdi. Nesneler dünyasına dile ulaşmaya, bu dünyayı dile yeniden kurmaya çalıştı. Ona göre mısra birimdir, şiirin en büyük özüdür. Her şeyidir. Şiiri ""büyülü matematik"" olarak görmüştür. Bu parçada söz edilen şair aşağıdakilerden hangisidir?",Salah Birsel,Özdemir Asaf,Behçet Necatigil,Hilmi Yavuz,Sabahattin Kudret Aksal,D
c2a030ca-ac0e-5414-b4b0-2ffc4c1547a6,BIYOLOJI,"Fiziksel hareketler yapan bir insanın hücrelerinde gerçekleşen olaylardan bazıları şunlardır:
I. Kas hücresi zarının $Na^+$ iyonlarına geçirgenliğinin artması
II. Kalsiyum iyonlarının sarkoplazmaya yayılması
III. Sinirlerin akson uçlarından asetilkolin salgılanması
IV. Sarkomerin boyunun kısalması
Bu olayların gerçekleşme sırası aşağıdakilerin hangisinde doğru olarak verilmiştir?",I - III - II - IV,II - III - IV - I,III - I - II - IV,I - III - IV - II,III - II - I - IV,C
16ead32c-8263-5f8d-ab22-ef62b9ac5740,MATEMATIK,"$2p$ iki basamaklı bir doğal sayıdır. EBOB$(2p, 12)=1$ eşitliğini sağlayan $p$ değerlerinin toplamı kaçtır?",18,17,16,15,14,B
22038e08-267a-5428-a354-5e184eff7efb,MATEMATIK,"$\ln 2 = \beta_1$ ve $\log_23 = \beta_2$ olmak üzere $f(x) = \frac{\log_2(x+10)}{\log_2(xe)}$ olduğuna göre, $f(8)$'in $\beta_1$ ve $\beta_2$ türünden ifadesi hangisidir?",$\frac{\beta_1 + \beta_2 + \beta_1}{3\beta_1 + 1}$,$\frac{2\beta_1 + \beta_2 + \beta_1}{3\beta_1 + 1}$,$\frac{2\beta_1 + \beta_2 + \beta_2}{3\beta_1 + 1}$,$\frac{4\beta_1 + \beta_2 + \beta_1}{1 + 3\beta_1}$,$\frac{4\beta_1 + \beta_2 + \beta_2}{1 + 3\beta_1}$,C
e604e09f-1712-578a-9ba7-7a527046f6c0,MATEMATIK,"İki zarın havaya atılması deneyinde zarların üst yüzüne gelen sayılardan sadece birinin tek sayı olduğu biliniyor. Örnek uzay kümesi $E_1$ olduğuna göre, $s(E_1)$ kaçtır?",6,9,15,18,24,D
eb6b2ab4-a1cc-538f-a504-9391499e8dc4,MATEMATIK,"a ve b tam sayılar olmak üzere $\frac{2^{3a+2b-6}}{3^{b-2a-4}}=1$ olduğuna göre, $a \cdot b$ kaçtır?",-4,-2,0,2,4,C
a79301ca-c89d-5f7a-bcff-bdf11c0eb933,COGRAFYA,"Aşağıdaki grafikte, Türkiye'de belli bir yıldaki elektrik üretiminin enerji kaynaklarına göre dağılışı gösterilmiştir. Grafik incelendiğinde, I. Türkiye'de asfaltit ve petrolden elektrik üretimi yoktur. II. En fazla elektrik doğal gazdan elde edilmiştir. III. Su gücü ile linyit ve taş kömürünün elektrik üretimindeki payı %50'den fazladır. IV. Jeotermal enerjinin elektrik üretimindeki payı rüzgâr gücünden fazladır. yargılarından hangilerine varılabilir?",I ve II,I ve III,II ve III,II ve IV,III ve IV,E
a41058e5-ecae-59a8-bd4e-f24aa6ef8b95,FIZIK,"Fizik biliminin birçok çalışma alanı vardır. Buna göre, I. Güneş sistemindeki gezegenlerin hareketleri II. Lazer ışınları kullanılarak yapılan ameliyatlar III. Tomografi gibi görüntüleme cihazları ile verilen ürün ve olaylardan hangileri, fizik biliminin çalışma alanı içerisindedir?",Yalnız I,Yalnız II,I ve III,II ve III,"I, II ve III",E
f363bc19-b998-5663-b7f3-5f6de7c9176a,FIZIK,Bir elektronun konumundaki belirsizlik ile momentumundaki belirsizlik aşağıdakilerden hangisi ile ifade edilir? (h: Planck Sabiti),$\Delta x \cdot \Delta p \ge h/2\pi$,$\Delta x \cdot \Delta p \ge h/4\pi$,$\Delta E \cdot \Delta t \ge h/2\pi$,$\Delta E \cdot \Delta t \ge h/4\pi$,$\Delta x \cdot \Delta p \ge 2h/\pi$,B
f61f6528-522b-5ce3-ae1d-f5bb26cfc2e2,TURKCE,"İnsanların en önemli gereksinimlerinden biri gıda, öbürü bunun temini ve işlenmesi. Gıda temini ve işlenmesi, avcı-toplayıcı dönemden bugüne dek kadınların işi olmuş. Kadınların pek çok kültürde tohum olsun, ot olsun, kök olsun, yenebilir bütün doğadan topladıklarını, bütün gıda gereksinimlerini özellikle avcılıktan çok, bitkisel malzeme ile karşıladıklarını görüyoruz. Doğadan topladıkları ile hem şifacı hem besleyici olan kadınlar, aynı zamanda tohumun sürekliliğini de sağlamışlardır. Bu bakımdan çevreye verilen zararın engellenmesi, suyun, tohumun, toprağın korunması konusunda kadınlar, çok daha duyarlı ve kararlı. Amazon Ormanları'nın kesilmesini karşı; çıkan bölgenin yerli kadınlarıdır. İsviçre Alpleri'ne zarar verecek otellerin inşa edilmesine engel olan da bölgenin çiftçi kadınlarıdır.
Bu parçada anlatılmak istenen düşünce aşağıdakilerin hangisidir?",Avcılık ve toplayıcılıktan bu yana kadınlar beslenme ihtiyacımız için sürekli çalışmaktadır.,İlk çağlardan bugüne besinin sağlayıcısı olan kadınlar doğanın ve gıdanın korunmasında da öncü olmuşlardır.,"Toplumun ihtiyaçlarının karşılanması durumunda kadınların erkeklere göre ön planda olması, onlara ağır sorumluluklar yüklemektedir.","İlkel toplumlardan günümüze toplayıcılık, kadının görevi olduğundan günümüzde de kadınlar bu görevlerini sürdürmektedir.",Erkekler avcılıkta deneyim sahibi olurken kadınlar becerilerini toplayıcılıkta gösterdiğinden toplumda kadın ile erkeğin yeri farklılaşmıştır.,B
38d15c7b-5b38-5543-b7c8-2c93b43233aa,BIYOLOJI,Bir ağacın aşağıda verilen bölümlerinden hangisinde diğer bölümlerden farklı sayıda kromozom takımına sahip hücreler bulunabilir?,Kök,Yaprak,Tomurcuk,Gövde,Çiçek,E
c9dad5e6-1d2b-5463-bf07-b3c3beefad5e,MATEMATIK,"Dik koordinat düzleminde $y = g(x)$ fonksiyonunun grafiği verilmiştir. Gerçek sayılarda tanımlı ve grafiği $x$ eksenine teğet olmayan $y = f(x)$ fonksiyonu için $(f - g)(x) < 0$ eşitsizliğinin çözüm kümesi $(-\infty, 1) \cup (2, \infty)$ olduğuna göre, $f(m) - 1 = 0$ eşitliğini sağlayan $m$ değerlerinin toplamı kaçtır?",1,2,3,4,5,A
efc62ffd-9f7a-56a8-ba6b-931a02d4cb09,MATEMATIK,"Gerçek sayılar kümesi üzerinde tanımlı $f(x) = 4x - 7$, $g(x) = x^2 - 4x + 3$, $h(x) = x^3 + 1$ fonksiyonları veriliyor. Buna göre, I. $f(x)$ ve $h(x)$ bire bir fonksiyonlardır. Ancak $g(x)$ bire bir fonksiyon değildir. II. $g(x)$'in değer kümesi $[-1, \infty)$ ise $g(x)$ örten fonksiyon- dur. III. Görüntü kümesi gerçek sayılar olan $f$ ve $h$ fonksiyon- larından sadece $f$ fonksiyonu örtendir. ifadelerinden hangileri doğrudur?",Yalnız I,Yalnız III,I ve II,I ve III,"I, II ve III",C
9b53a4db-778c-5990-b67f-e80d9e6f615f,MATEMATIK,$\frac{|x-1|}{x} \le 0$ eşitsizliğinin çözüm kümesi aşağıdakilerden hangisidir?,"$(- \infty, 1]$","$(- \infty, 0)$","$[0, 1]$","$[1, \infty)$","$(- \infty, 0) \cup \{1\}$",E
b38b8a2c-5b4f-536a-82ae-95f10ed2644d,MATEMATIK,"$0 < x < 13$, $0 < y < 7$ olduğuna göre, aşağıdaki eşitsizliklerden hangisi her zaman doğru değildir?",$x+y < 20$,$x \cdot y < 6$,$x-y < 91$,$2x+y < 33$,$x - \frac{1}{y} < 6$,B
64f09999-78cd-5691-a663-c9b23f7bf662,EDEBIYAT,"Türk köylüsü içinde, Türk işçisi içinde, Türk esnafı, zanaatkârı içinde, Türk aydını içinde mükemmel insanların varlığına inanırım. Onun için de -romanda gayet eminim ki bütün o havalede yaşayan köylülerin içinde, yani memleketimin dehşetli seven ve büyük insan olan köylüler de vardır, insanlar da vardır. Onlar yok kitaptan. Onun için biraz karanlık. Aşağı yukarı Mahmud Makal'ın kitapları gibi... Her ikisinin de içinde biraz daha aydınlık olmasını isterdim doğrusu. Bu parçada boş bırakılan yere aşağıdakilerden hangisi getirilmelidir?",Bereketli Topraklar Üzerinde,İnce Memed,Kaplumbağalar,Sağdıçlara,Kurt Kanunu,A
861dc4bc-ac9b-5acd-9ba2-77cf5ec30f14,MATEMATIK,$x^2+10y=2x-y^2-26$ denkleminin çözüm kümesi aşağıdakilerden hangisidir?,{2},"{(-1, 5)}","{(-2, 2)}","{(1, -5)}","{(1, 5)}",D
52687d72-e591-5e68-8d21-70cd1828db3f,MATEMATIK,"$\frac{8^x+8^x+8^x}{2^x \cdot 4^x \cdot 4^x} = \frac{2^{x+1}}{3}$ olduğuna göre, $x$ kaçtır?",-2,-1,0,2,3,E
21b1661a-77a8-590f-b7f4-3a0e9f8dc94d,FIZIK,"Transformatörlerle ilgili olarak,
I. Doğru akımda çalışmaz.
II. Gerilim yükseltici olarak kullanılabilir.
III. Transformatörler indüksiyon prensibiyle çalışır.
yargılarından hangileri doğrudur?",Yalnız I,I ve II,II ve III,I ve III,"I, II ve III",E
8ae9618e-20c7-5219-8abc-47603412b02b,MATEMATIK,"$a > 0$ olmak üzere, $f(x) = \frac{x^3}{|x|}$ fonksiyonunun $x = a$ ve $x = -a$ apsisli noktalarındaki teğetleri için, I. Teğetlerinden biri $y = 2ax - a^2$ doğrusudur. II. Teğetlerinden biri $y$ eksenini $A(0, a^2)$ noktasından keser. III. Bu teğetler birbirine paraleldir. ifadelerinden hangileri doğrudur?",Yalnız I,Yalnız II,Yalnız III,I ve II,"I, II ve III",D
7d35916f-6fb3-58a4-bcbd-ee31b6367588,MATEMATIK,"$a = \log_2{7}$, $b = \log_3{8}$, $c = \log_5{3}$ sayılarının doğru sıralanışı aşağıdakilerden hangisidir?",$a < c < b$,$c < a < b$,$b < c < a$,$b < a < c$,$a < b < c$,B
c4f4fdff-4e6c-53c3-b284-5beb2f3bfab5,FIZIK,"Mutfaklarımızda en çok kullandığımız fırın ve ocak gibi elektrikli ev aletlerinde enerji tasarrufu sağlamak için;
I. Fırın kapağı sık sık açılmamalı
II. Ocakta kullanılacak kapların tabanının ocak boyutuna uygun seçilmeli
III. Mümkün olduğunca düşük ısıda pişirme yapılmalı
yargılarından hangileri doğrudur?",Yalnız I,Yalnız II,Yalnız III,I ve II,"I, II ve III",E
18911ba1-21bd-5dd7-8f8a-2cb315808199,MATEMATIK,"Aşağıda verilen 2 satır ve 2 sütundan oluşan tablo, en üst satırdan başlayarak soldan sağa doğru ve yukarıdan aşağıya doğru 3 artırılarak dolduruluyor. Tablodaki iki kutu arasındaki işlemlerin yapılmasıyla A, B, C ve D sayıları oluşturuluyor.
A, B, C ve D sayıları
$\frac{2 \cdot C - D}{A + B} = 0$
eşitliğini sağladığına göre, $x$ sayısının alabileceği değerlerin kümesi aşağıdakilerden hangisidir?","{2, 1}","{5, 1}","{5, 2}","{-3, 1}","{-3, 2}",E
d50f9e9b-9887-5f67-9d78-6bfda5bafb82,MATEMATIK,"Aşağıda beş farklı eşitsizlik verilmiştir.
I. $x^2-6x+9 \ge 0$
II. $x^2-7x+13 \ge 0$
III. $4x^2-11x-2 \le 0$
IV. $-x^2+9x-20 < 0$
V. $17x^2-3x-5 > 0$
Verilen eşitsizliklerden kaç tanesinin çözüm kümesi gerçek sayılardır?",1,2,3,4,5,B
3e5aba08-54ca-5515-a1c5-eac06afd64f1,MATEMATIK,"Akın 8 yaşındadır. Akın'ın $x$ yıl sonraki yaşı, $x$ yıl önceki yaşının 3 katıdır. Buna göre, $x$ kaçtır?",2,3,4,5,6,C
c6ed59df-5103-5db2-a41e-53ec9fd9abec,GEOMETRI,"$(x-2)^2+(y-3)^2=136$ çemberinin $A(-4,-5)$ noktasından geçen en kısa kirişin uzunluğu kaç birimdir?",16,14,12,10,8,B
bedfa1ac-2f81-51b1-89bc-2bfee44c875a,MATEMATIK,"$$(a_n) = \left(\frac{8n+x-1}{16n+10}\right)$$ dizisi sabit dizi olduğuna göre, I. $a_n = \frac{1}{2}$ dir. II. $x=4$ tür. III. $a_{20} = 86$ dır. ifadelerinden hangileri doğrudur?",Yalnız I,I ve II,I ve III,II ve III,"I, II ve III",B
a578ac55-0ef1-5839-b979-c888e2613bcd,EDEBIYAT,"Selanik'teki İtalyan Mason Locası'na mensup Kenan Boy'un karısı Grazia ile birlikte Avrupa hayranlığı içinde yaşamaları, oğulları Primo'ya Türkçe dahi öğretmemeleri şeklindeki ana çizgiler içerisinde ilerleyen olaylar dizisi Orhan'ın etkisiyle Primo'nun ve Kenan Bey'in Balkan Savaşı yıllarında medeni dediği Avrupalı'nın gerçek ve vahşi yüzünü görmesiyle Türklüklerine dönüşleri ve millî bilince doğru evrilmeleri şeklinde devam eder. Annesiyle babasının ayrılması sırasında Primo'nun İtalyan anneyi değil Türk kimliğini tercih etmesiyle son bulur.
Yukarıda Primo Türk Çocuğu adlı hikâyesi özetlenen sanatçıya ait eserler arasında aşağıdakilerden hangisi yoktur?",Eftalikus'un Kahvesi,Yalnız Efe,Giritli Mabel,Cenge Giderken,Yüksek Ökçeler,A
b567d806-cd8b-527c-ada3-850e9d4dd2a3,KIMYA,"Nötr bir X atomunun temel hâl elektron dizilimi biliniyor.
Buna göre, bu bilgi kullanılarak X atomuna ait aşağıdakilerden hangisine ulaşılamaz?",Çekirdek yükü,Periyodik sistemdeki yeri,Tam dolu orbital sayısı,Kütle numarası,En büyük başkuantum sayısı,D
4c5d4577-d7cd-5708-a441-ddc422edaae4,MATEMATIK,"ABCD ve AKON kare, OPRM dikdörtgen
$O \in KM$, $|AB|=4$ birim, $|OP|=|AN|=2$
Yukarıdaki verilere göre,
$\lim_{x \to 1^+} \frac{A(KBCNO)}{A(OPRM)}$ ifadesinin değeri kaçtır?",1,$\frac{4}{3}$,$\frac{3}{2}$,$\frac{5}{3}$,2,C
c66b2ede-ef3b-56ef-9455-a5cd7ac54a33,MATEMATIK,"Sergen ile Sinan'ın paraları toplamı 60 000 liradır. Sergen'in parasının %5'i ile, Sinan'ın parasının %7'sinin toplamı 3800 liradır. Buna göre, Sergen'in tüm parası kaç liradır?",20 000,28 000,35 000,40 000,44 000,A
ceda56f2-bcbd-50bf-b604-313a674d27db,GEOMETRI,"Analitik düzlemde $x^2+y^2-4x+2y-1=0$ çemberi ile $y=x+m$ doğrusu kesişmektedir. Buna göre, $m$ nin alabileceği en büyük tam sayı değeri kaçtır?",-4,-3,-2,-1,0,C
18d72d39-72dd-5b0d-af96-700b93a46a18,FIZIK,Aşağıda verilen parçacık-karşıt parçacık eşleştirmelerinden hangisi yanlıştır?,Nötron-Karşınötron,Elektron-Pozitron,Foton-Foton,Müon-Karşımüon,Pion-Kaon,E
9a263f81-1d2a-5b42-bccf-969af4e98955,MATEMATIK,"$A$, $B$ ve $C$ sıfırdan ve birbirinden farklı rakamlar olmak üzere; iki basamaklı $AB$ doğal sayısı ile iki basamaklı $BC$ doğal sayısının toplamı, iki basamaklı $CA$ doğal sayısının 1 eksiğine eşittir. Buna göre, bu koşulu sağlayan $A$, $B$ ve $C$ rakamlarıyla yazılabilecek kaç farklı üç basamaklı $ABC$ doğal sayısı vardır?",1,2,3,5,6,B
fca80f8b-82b6-5b13-8f2a-495cff99910f,TURKCE,"--- Kimi öğretmenler, şiirde anlatılanları kısaca değerlendirirken kimileri de tarihî boyutuna varacak incelemeler yapabilmektedirler. Şiiri içerik açısından değerlendirirken öncelikle şiirin ele aldığı konu ve temanın belirlenmesi gerekmektedir. Konusuna ve temasına uygun tür adlandırması yapıldıktan sonra inceleme daha yararlı olacaktır. Hangi edebî tür olursa olsun öncelikle amacı gerçekleştirmedeki yeterlilik düzeyi dikkate alınmalı, türün genel ve özel amaçları gerçekleştirme düzeyi göz önünde bulundurulmalıdır. Aynı durum şiir için de söz konusudur. Eğer türü kavratmak hedeflenmişse şiir türünü şekil ve içerik açısından en iyi yansıtan örnekler seçilmeli, onlar üzerinden inceleme yapılmalıdır. Çelişik ve tartışma yaratacak örnekler, tür özellikleri kesin kavrandıktan sonra ele alınmalıdır. Bu parçanın başına düşüncenin akışına göre aşağıdakilerden hangisi getirilmelidir?",Şiirde içeriğe göre yapılan adlandırmalarda yanlışlıklar yapılmaktadır.,"İçerik açısından şiir incelemelerinde, belli bir tutarlılıktan söz etmek mümkün değildir.","Şiirde doğa temel amaç olmalıdır ve doğa unsurları araç olarak kullanılmamalı, doğanın gerçeği anlatılmalıdır.",Daha önce edinilmiş bilgilerden yola çıkılarak yeni edinilen bilgiler karşılaştırılmalıdır.,Edebî eserleri farklı kılan özelliklerin başında dil ve üslup gelir.,B
f4903fad-1415-5b03-a45b-a9ecb0e67749,FIZIK,"Sürtünmelerin ihmal edildiği bir ortamda duvar ustası Veysel'in ağır bir taş bloğu $2 \text{ m}$ yükseklikteki duvarın üstüne yerleştirmek için yerden alıp kaldırmak yerine eğik düzlemle sabit hızla çekerek yukarı çıkarması
I. yoldan kazanç sağlamak,
II. daha küçük kuvvet uygulamak,
III. daha az iş yapmak
amaçlarından hangilerine hizmet eder?",Yalnız I,Yalnız II,Yalnız III,I ve II,I ve III,B
8d72e516-00fc-5341-9116-067e7a05756a,MATEMATIK,"$A = \{1, 2, 3\}$ ve $B = \{a, b, c, d\}$ olmak üzere, $f: A \to B$ ye tanımlı fonksiyonların kaç tanesinde $f(1) = a$ dır?",12,16,24,40,64,B
9ddb2faf-9472-5eb0-aa9f-a4762412bcc4,TARIH,"Osmanlı Devleti'nde gayrimüslimler İslam hukukuna tabi olmadıkları için devlet yönetimine katılmıyorlardı.
Bu durumdan yola çıkarak;
I. devletin teokratik nitelik taşıdığı,
II. gayrimüslimlerin siyasi haklarının bulunmadığı,
III. hür ve köle anlayışının var olduğu
çıkarımlarından hangilerine ulaşılabilir?",Yalnız I,Yalnız II,I ve II,II ve III,"I, II ve III",C
099a4f11-33bc-55e8-aec6-6bcebe4838a1,MATEMATIK,"ABC üçgeninin iç açıları $\alpha$, $\beta$ ve $\theta$ olmak üzere, $\frac{\sin(\alpha + \beta)}{\sin\theta} + \frac{\cos(\alpha + \beta)}{\cos\theta}$ işleminin sonucu kaçtır?",-2,-1,0,1,2,C
6c0dac5d-c1a2-5ef0-a806-798dfd6d70b4,KIMYA,Oda koşullarında bulunan aşağıdaki çözeltilerden hangisinin sınıflandırılması yanlıştır?,"Çözelti: $[H^+] = [OH^-]$, Sınıfı: Nötr","Çözelti: $pH > 7$, Sınıfı: Bazik","Çözelti: $[H^+] > [OH^-]$, Sınıfı: Asidik","Çözelti: $[OH^-] > 10^{-7}$, Sınıfı: Bazik","Çözelti: $pOH = 9$, Sınıfı: Bazik",E
363eec22-7117-58e7-9b49-8dba25669d13,MATEMATIK,"$f_1(x) = x+1$, $f_2(x) = x+2$, $f_3(x) = x+3$, ..., $f_n(x) = x+n$ doğrusal fonksiyonları veriliyor. $(f_{20} \circ f_{19} \circ ... \circ f_2 \circ f_1)(x)$ bileşke işleminin sonucu $f_p(x)$ olduğuna göre, $p$ kaçtır?",50,45,40,25,20,B
e5a1c546-b884-52f3-b13d-dec5564e213a,MATEMATIK,"Dik koordinat düzleminde $y = f(x)$ fonksiyonunun $(2, f(2))$ noktasındaki teğet doğrusu $y = 3x - 1$ ve $(5, f(5))$ noktasındaki teğet doğrusu $y = 2x + 4$ olarak veriliyor. Buna göre $g(x) = x^2 \cdot f'(x)$ biçiminde tanımlanan $g$ fonksiyonu için $g'(2)$ değeri kaçtır?",$64$,$72$,$80$,$88$,$96$,D
c7aa977d-150e-5c1a-a365-5ac16df213a4,MATEMATIK,"AB iki basamaklı bir doğal sayı olmak üzere, $\text{AB} = A \cdot B$ şeklinde tanımlanmaktadır. $(10-11)+(12-13)+...+(xy)=450$ olduğuna göre, $xy$ iki basamaklı sayısı aşağıdakilerden hangisi olabilir?",45,47,50,51,53,C
8ae416b4-b72b-5e44-81e3-bb3a8f8c3b0e,EDEBIYAT,Aşağıdakilerin hangisinde Tanzimat Dönemi hikâyesiyle ilgili bir bilgi yanlışlığı vardır?,Meddah tarzı bir anlayışla kaleme alınmışlardır.,Olay öyküsünün etkisi ile merak öğesi yüksek tutulmuştur.,Kıssadan hisse anlayışıyla oluşturulmuşlardır.,Bilgi vermek için olay akışı kesilerek araya anlatıcı girmiştir.,Türk edebiyatında modern tarzın ilk örnekleri verilmiştir.,B
c43fa0ed-c121-5af4-91d3-2006a5e49dfc,TARIH,Anadolu beylikleri ilk defa Osmanlıya destek için askerî birlikler göndermiştir. Osmanlı ordusu bu savaşta ilk defa top kullanmıştır. I. Murat zaferden sonra savaş meydanındaki dolaşırken bir Sırp askeri tarafından şehit edilmiştir. Bu gelişmeler aşağıdaki hangi savaş sonrası yaşanmıştır?,Varna Savaşı,Niğbolu Savaşı,I. Kosova Savaşı,II. Kosova Savaşı,Sırpsındığı Savaşı,C
342b5bb3-1829-5e27-b229-972137f8765e,TARIH,"I. Selim 1792'de Batı tarzında eğitim alan Nizam-ı Cedit Ordusunu kurdurmuştur. (II) Bu ordunun masraflarını kar- şılamak için de İrad-ı Cedit denilen yeni bir hazine oluştu- rulmuştur. (III) İlk başta 2.500 kişilik bir güce sahip olan bu birliğin kadrosu, 1806 yılına gelindiğinde 22.685 asker ve 1590 subaya yükselmiştir. (IV) Bunların yarısı İstanbul'da kalmış ve diğer yarısı ise Anadolu'nun vilayet merkezlerine dağıtılmıştır. (V) Bu ordunun asker ihtiyacı, Anadolu'daki Müslüman köylerinden temin edilmiş ve askerlik süresi üç yıl olarak belirlenmiştir.
Parçada yer alan numaralandırılmış cümlelerden han- gisi Nizam-ı Cedit ordusunun devşirme sistemine da- yanmadığının kanıtıdır?",I,II,III,IV,V,E
3e5b4b74-16ec-5dee-9905-acccd53cf128,MATEMATIK,"Her $x$ gerçek sayısı için $(a+1)x^3 + b \cdot x^2 - 4x + 3 = x^3 - c \cdot x + d$ olduğuna göre, $a+b+c+d$ toplamı kaçtır?",-7,-1,0,1,7,E
00dd45da-2629-5c94-9687-2eca42d2d2ed,MATEMATIK,"$a$ ve $b$ gerçel sayılar olmak üzere, pozitif gerçel sayılar kümesi üzerinde bir $f$ fonksiyonu $f(x) = ax^2 + bx^3$ biçiminde tanımlanıyor. $f'(1) = 6$ $f''(1) = -20$ olduğuna göre, $f'''(1)$ kaçtır?",44,46,48,50,52,C
38391e85-877a-56d2-8469-81b225af25d3,TARIH,"Osmanlı Devleti XVII. yüzyılda da fetih politikasını sürdürmüştür. Aşağıdakilerden hangisi, bu yargıya kanıt olarak gösterilemez?",Girit'in Fethi,Celali isyanlarının bastırılması,Batıda en geniş sınırlara ulaşılması,Kandiye ve Estergon kalelerinin alınması,Viyana'nın ikinci kez kuşatılması,B
4d483f35-45f6-5b0f-a92c-e4875e24b325,MATEMATIK,"$f(x) = \frac{x^2}{x-2} - 5x$ olduğuna göre, $\lim_{x \to 2} f(x)$ limitinin değeri kaçtır?",2,3,4,5,6,C
4059b84c-ad27-553d-adee-9d0d38209eef,MATEMATIK,"$f(x) = (a-2)x^3 + bx + a$ fonksiyonu her $x$ gerçel sayısı için artan olduğuna göre, $a+b$ toplamının en küçük tamsayı değeri kaçtır?",1,2,3,4,5,C
59b1bb4c-8701-51b1-a6ac-bd6b14c5f02a,KIMYA,Aşağıda verilen bileşik formülü ve bileşik adı eşleştirmelerinden hangisi yanlıştır?,$Na_2O$ Sodyum oksit,$K_2CO_3$ Kalsiyum karbonat,$AgNO_3$ Gümüş nitrat,$BaSO_4$ Baryum sülfat,$Mg(OH)_2$ Magnezyum hidroksit,B
f94127d5-3cf6-5f8b-84c6-396b7f9b1c9d,MATEMATIK,"Arasındaki farkın sabit olduğu, $(-25)$, $(-20)$, $(-15)$, ..., $35$ sayı dizisinin terimleri toplamı kaçtır?",25,30,35,65,90,D
eef2a0f1-5dce-55ef-b4c7-be5b47c6031c,FIZIK,"I. Radyo dalgaları
II. Ses dalgaları
III. Deprem dalgaları
IV. Su dalgaları
Yukarıda verilen dalgalardan hangilerinin ilerleyebilmesi için maddesel ortam gerekir?",I ve II,I ve III,I ve IV,II ve IV,"II, III ve IV",E
b69ec3c9-78a1-55ad-ba54-a6ee2855a287,MATEMATIK,"Gerçel sayıların bir alt kümesi üzerinde tanımlı $f$ ve $g$ fonksiyonları $f(x) = \frac{1}{x+2}$ ve $g(x) = \frac{x+1}{x-2}$ şeklinde verilmiştir. Buna göre, $(f \circ g)(x)$ fonksiyonunun sürekli olduğu en geniş kümede I. $-2$ II. $1$ III. $2$ değerlerinden hangileri bulunmaz?",Yalnız I,Yalnız II,Yalnız III,I ve III,II ve III,D
8eaf35eb-d860-525f-acc7-2e9d5c73ec00,EDEBIYAT,"Kâğıt örtünün üstünde güneşten bir halka kitap kurdunun se- sini duyuyorum:
— Öldürmeyiniz! Neden buradayım? Ve neden burada olma- yacak mıyım? Saat on iki. Kızıl tüyleri güneşle parıldayan kitap kurdu gülen gözlerle bakıyor bana:
— İyi misiniz bayım? Sağlığınız yerinde mi?
Açıkça söylüyorum ona, bu sabah kendisini görmenin beni se- vindirdiğini.
Bulantı'dan alınan metinde, varoluş sürecindeki insanın 'bunal- tı'sı, kararsız-tedirgin hâli anlatılır.
Bu metinde ve açıklamada söz konusu edebî akım ve dün- ya edebiyatı temsilcisi hangisidir?",Romantizm - Victor Hugo,Realizm - Gustave Flaubert,Natüralizm - Emile Zola,Klasisizm - La Fontaine,Egzistansiyalizm - Jean Paul Sartre,E
9ecf72c2-7304-528d-b6d7-d02128894eec,MATEMATIK,"$\sin x = \frac{1}{2}$ denkleminin $[0^\circ, 360^\circ]$ aralığındaki köklerinin toplamı kaç derecedir?",45,75,90,105,180,E
91c10c10-5970-5d27-821c-d1eb43e9d315,MATEMATIK,$|2x-13| < 7$ eşitsizliğini sağlayan en küçük tam sayı değeri kaçtır?,3,4,5,6,7,A
790d029f-27a1-5f50-9f7d-df5e7e658712,MATEMATIK,"$x = \sin 5^{\circ} - \tan 5^{\circ}$
$y = \tan 80^{\circ} - \tan 10^{\circ}$
$z = \cos 70^{\circ} - \cos 80^{\circ}$
çelikkleri veriliyor.
Buna göre, $x, y$ ve $z$ gerçek sayılarının doğru sıralanışı aşağıdakilerden hangisidir?",$x > y > z$,$y > x > z$,$y > z > x$,$z > y > x$,$z > x > y$,C
c128609a-d6ef-51a3-b304-3dd5f9298f43,BIYOLOJI,"Aşağıdaki olaylardan hangisini gerçekleştirmesi, bir hücrenin bölüneceğini gösterir? Bu sorunun yöneltildiği öğrenci, aşağıdakilerden hangisini işaretlerse soruyu doğru cevaplamış olur?",Fosforilasyon,Replikasyon,Transkripsiyon,Mutasyon,Protein sentezi,B
3dda521c-048e-541d-b0a6-9c1fd9fe23c9,KIMYA,"$Al_{(k)} + 3X_{(suda)} \longrightarrow Na_3AlO_3{(suda)} + \frac{3}{2} H_2{(g)}$
Denk olarak verilen tepkimedeki $X$'in formülü nedir?",$Na_2O$,$Na_2O_2$,$NaOH$,$Na$,$O_2$,C
dcc63299-e0b6-59db-b714-2b948a7bf4b4,MATEMATIK,"Aşağıda, $[-2, 2]$ aralığında tanımlı $f$ fonksiyonunun grafiği gösterilmiştir. $\int_{-1}^{1} f(2x)dx = 10$ olduğuna göre, $\int_{0}^{3} f^{-1}(x)dx$ integralinin değeri kaçtır?",-8,-10,-12,-14,-16,C
507ca351-aaba-57e5-a637-cca7f64c67d5,TURKCE,"(I) Herkes insanlığı değiştirmeyi düşünür ama kimse ken- dini değiştirmeyi düşünmez. (II) Kendini değiştirmek güç- tür çünkü. (III) Bir kişiyi, on yakınını, on yakıncısını, kendini değiştir- meyi başaramayanlar nasıl koca bir hayal denizinde yüz- mektedirler öyle. (IV) Herkes dünyayı değiştirmeye aday- dır da hiçbir işe kendinden başlamayı düşünmez nedense. (V) Oysa okyanustan yutan girdaplar, merkezdeki ilk hare- ketle başlar hep. Bu parçadaki numaralanmış cümlelerden hangileri an- lamca birbirine en yakındır?",I ve II,I ve III,I ve IV,II ve IV,IV ve V,C
acd92254-2d43-5ff3-bd60-769928c218be,FIZIK,"Louis de Broglie'ye göre,
I. Atom çekirdeğinin etrafında dolanan elektronlara bir dalga eşlik eder.
II. Hem elektronun hem de ışığın momentumundan bahsedilebilir.
III. Fotonların enerjisi frekansı ile ters orantılıdır.
yargılarından hangileri doğrudur?",Yalnız I,I ve II,I ve III,II ve III,"I, II ve III",B
6e75d990-9a00-5398-9a7e-e4ebae65ddd7,MATEMATIK,$y=x^2$ ve $y=\sqrt{x}$ eğrileri arasında kalan sınırlı bölgenin alanı; I. $\int_0^1 (\sqrt{x}-x^2)dx$ II. $\int_0^1 (x-x^2)dx$ III. $\int_0^1 (\sqrt{y}-y)dy$ ifadelerinden verilen integrallerin hangileri ile hesaplanabilir?,Yalnız I,Yalnız II,I ve II,I ve III,II ve III,D
9ef7e818-9d6d-5835-9bbd-50e6a8728ce5,KIMYA,$25 \text{ }^\circ C$'de hazırlanan $10^{-3}$ molar $HNO_3$ çözeltisi ile ilgili; I. $[H^+] = [NO_3^-] = 10^{-3}$ molardır. II. Pt metali ile tepkime vermez. III. pOH = 8'dir. yargılarından hangileri doğrudur?,Yalnız I,Yalnız II,Yalnız III,I ve III,"I, II ve III",A
e8434bbb-26ed-58b9-9843-c281d4dda3a9,MATEMATIK,"Yukarıdaki ifade geometrik şekiller ile yapılan bir modelleme örneğidir. Buna göre, eşitliğini sağlayan $x$ sayısı kaçtır?",4,5,6,7,8,C
07de674e-675f-576f-8fc8-4348d42bd9d0,MATEMATIK,"$rac{x}{0,25} = rac{0,8}{0,2}$ olduğuna göre, $x$ kaçtır?",4,"2,5",2,"1,25",1,E
f592105f-9a0a-5b30-bb59-e936517ab013,MATEMATIK,"Bir otobüste bulunan kadın yolcu sayısı, erkek yolcu sayısının 2 katıdır. Eğer otobüse 10 kadın, 30 erkek yolcu daha binerse otobüsteki kadın yolcu sayısı erkek yolcu sayısına eşit olacaktır. Buna göre, başlangıçta otobüste kaç kadın yolcu vardır?",38,40,46,48,52,B
04d130c5-058c-5768-bdc8-bb4c9a33b3f9,MATEMATIK,Mikro geometri kitabını çözmeye başlayan Yavuz her gün bir önceki günden 30 soru fazla çözecektir. Yavuz 4. günün sonunda toplam 420 soru çözdüğüne göre 2. gün kaç soru çözmüştür?,60,90,150,180,250,B
1ec4ac4e-fc63-5ae0-b5d8-d1d7cd2d0478,FIZIK,"Feride Hanım, kurabiye yapmak üzere hazırladığı hamuru fırında pişirmek için elektrikli fırının kapağını açıyor, hamuru dizdiği tepsiyi fırına yerleştiriyor ve fırının kapağını kapatıyor.
Birkaç dakika sonra fırının uyarı ışığı yandığında kurabiyeler, pişmiş hâlde servise hazır hâle geldiğine göre Feride Hanım'ın kurabiye pişirme sürecinde fiziğin;
I. Nükleer fizik,
II. Elektromanyetizma,
III. Termodinamik,
IV. Optik,
V. Mekanik
alt dallarından hangisinin incelediği bir konudan bahsedilmemiştir?",I,II,III,IV,V,A
01593e08-1c3b-5fcb-b656-2105550cf9bd,MATEMATIK,$6^6 \cdot (6^2+6^1+6^0)$ işleminin sonucu kaçtır?,45,43,41,39,37,B
3dd0dbb3-b384-5d90-a1ce-a58cd8caaf28,MATEMATIK,"$a^3 = b^2$ olduğuna göre, log$_{a^2}b^3$ ifadesinin değeri kaçtır?",$\frac{1}{9}$,$\frac{1}{6}$,3,6,9,E
22f73786-17f3-533c-b83a-05b0d6b92124,MATEMATIK,Eşitsizliğinin en geniş çözüm kümesi aşağıdakilerden hangisidir? $\frac{x-2}{x-4} \le 1$,"$(- \infty, 4)$","$(-2,4)$","$(4, \infty)$","$(- \infty, 2]$","$[4,6)$",A
c6bb8786-662b-5cd5-95ba-39e0b0903ac1,MATEMATIK,Gerçek sayılarda tanımlı $f(x) = (a-2)x^2 + 4x + 1$ fonksiyonunun daima artan olması için $a$ kaç olmalıdır?,-2,-1,0,1,2,E
998d0cc9-de14-5307-9cd4-5d2e9718901d,TURKCE,"(I) Sanatkâr, kendi dünyasına işlenen her türlü canlı veya cansız; somut veya soyut varlığa Hilda yoluyla seslenir. (II) Öyle ki şiir incelemelerinde bazen bunları birbirinden ayırmanın oldukça güç olduğu bilinir. (III) Nitekim halka çoklukla locit, teşhis-intak, istiare, istifham, tekrar, mecazımürsel gibi sanatlarla iç içe geçtiği görülür. (IV) Klasik Türk şiirinde anlam derinliği ve çağrışım oluşturma gerekçesi ile pek çok edebi sanatın iç içe kullanıldığı görülür. (V) Adeta onun yüzünü kendisine çevirmek ya da onu göz önüne getirmek istemektedir.
Bu parçadaki anlam bütünlüğünün sağlanması için numaralanmış cümlelerden hangilerinin yer değiştirmesi gerekir?",I ile II,II ile IV,II ile V,III ile IV,III ile V,C
fe4049c8-3140-577c-9a96-d8bb0c4a4370,MATEMATIK,"tan(arctan1 + $\alpha$) = -1 olduğuna göre, $\alpha$ aşağıdakilerden hangisine eşittir?",$-\frac{\pi}{2}$,$-\frac{\pi}{4}$,$\frac{\pi}{4}$,$\frac{\pi}{8}$,$\frac{\pi}{2}$,B
c53f8978-f2a2-5992-8db8-a456f0719acd,MATEMATIK,"Seyhan'ın boyu; ayak parmaklarının ucuna yükselerek mevcut boyundan en fazla 4 cm uzun, bir miktar eğik durarak mevcut boyundan en fazla 2 cm kısa ölçülebilmektedir. Yarışmacıların en az 172 cm, en fazla 176 cm boyunda olması gereken bir yarışma için yapılan boy ölçümünde, Seyhan'ın boyunun bu yarışmaya uygun olduğu görülüyor. Buna göre, Seyhan'ın gerçek boy uzunluğunun bu yarışmaya uygun olma olasılığı kaçtır?",$\frac{1}{5}$,$\frac{3}{10}$,$\frac{2}{5}$,$\frac{1}{2}$,$\frac{3}{5}$,D
f8995f28-1a7a-57d8-8581-af9491e1cec1,TURKCE,"Özgünlük genellikle insanın kendisi olmasını içeren bir durum olarak görülür. Peki, özgünlük değişimi engelliyor ve herkesi yerinde saymaya teşvik ediyorsa... İşte bunu sorgulamamız gerekir. İnsan, bazen amaçlarına ulaşmak için bir süreliğine maske takmak zorunda kalabilir. Benzer şekilde özgünlük de insanların olduğu gibi kalmaya ve başka perspektiflerden fikirleri görmezden gelmeye itebilir. Bu bakımdan insanın benliğine olduğu hâliyle sadık kalmasının, dönüşebileceği her şeyden kendini soyutlamasıyla eş değer olduğu söylenebilir.
Bu parçadan aşağıdakilerin hangisine ulaşılabilir?","Kişi, istemediği bir davranışı yapmaya zorlandığında özgünlüğünü kaybedebilir.","Özgünlüğünden vazgeçmeye gönüllü olan insan, amaçlarına ulaşabilir.",Doğru olduğuna inandığı şeyi kendi isteğiyle yapan birey başarılı olabilir.,İnsanın istekleri doğrultusunda kişiliğinden ödün vermesi onu tutarsızlaştırır.,"İnsanın özgün olma uğruna yaptıkları, onu değişime kapalı bir hâle getirebilir.",E
c6ec4856-1360-5916-a9d2-80b70e7fe5a2,KIMYA,Aşağıda mol sayıları verilen kuvvetli asit ve kuvvetli bazların sulu çözeltileri karıştırıldığında oluşan çözeltilerden hangisinin özelliği yanlış verilmiştir?,"$0,2 \text{ mol HCl} + 0,3 \text{ mol NaOH}$ Bazik","$0,1 \text{ mol H}_2\text{SO}_4 + 0,1 \text{ mol KOH}$ Nötr","$0,5 \text{ mol HNO}_3 + 0,2 \text{ mol Ca(OH)}_2$ Asidik","$0,2 \text{ mol HCl} + 0,1 \text{ mol Ca(OH)}_2$ Nötr","$0,2 \text{ mol H}_2\text{SO}_4 + 0,3 \text{ mol NaOH}$ Asidik",C
359e7ec4-35c3-5ad9-8563-c9f946389d57,TURKCE,"(I) Mimari, heykel, resim, müzik, edebiyat olmak üzere beş ana daldan oluşan güzel sanatlar, insanın ve insanlık tarihinin inkâr edilemez bir gerçeğidir. (II) Hangi çağa, hangi coğrafyaya, hangi milletin tarihine bakarsanız bakın, sanat hep var olmuş. (III) Belki güzel sanatlardan bazıları öne çıkmış, bazıları nitelikleri yönüyle bugünkünden farklılıklar göstermiş ama sanat hep var olmuştur. (IV) Çünkü sanat, insan ruhunun vazgeçilmez aşklarından biri olan güzelliği esas alan bir insan faaliyetidir. (V) Güzelliğin, insan eli, dili ve sesinden var olan somut hâlidir.
Bu parçada numaralanmış cümlelerle ilgili olarak aşağıda verilenlerden hangisi yanlıştır?","I. cümlenin yüklemi, belirtili isim tamlamasından oluşmuştur.","II. cümlede, soru sıfatı kullanılmıştır.","III. cümlede, belgisiz zamir özne görevindedir.","IV. cümle, isim cümlesidir.","V. cümle, bağımlı sıralı bir cümledir.",E
be16bd91-ae59-53d3-ae2d-760869cae0bc,MATEMATIK,"Bir okulda düzenlenen masa tenisi turnuvasının ilk turunda, her oyuncu bir maç yapmıştır. İlk turda kız ve erkek öğrenciler arasında oluşturulan maç sayıları aşağıdaki tabloda verilmiştir.
Turnuvaya katılan tüm kız öğrencilerin 20 eksiğinin 2 katı kadar erkek öğrenci kız öğrenciler ile maç yapmıştır.
Buna göre, bu turnuvaya kaç öğrenci katılmıştır?",56,64,72,80,84,B
d9c576cf-6698-5278-8c13-99dedea46d13,MATEMATIK,"Her bir pozitif tam sayıyı kendisinin üç katının 1 eksiği ile eşleştiren $f$ fonksiyonunda $f(m-1)=14$ olduğuna göre, $m$ kaçtır?",5,6,7,8,9,B
8fcb0856-ebfa-55e8-97f1-fd5944920dcd,MATEMATIK,$\int \frac{1}{x^2} dx$ ifadesinin eşiti aşağıdakilerden hangisidir?,$\frac{1}{x}$,$\frac{1}{x} + c$,$-\frac{1}{x}$,$-\frac{1}{x} + c$,$-\frac{1}{x^3} + c$,D
22e8e972-78a8-581a-953c-02beeb9fa674,MATEMATIK,"Pozitif terimli bir geometrik dizinin ilk dört teriminin toplamının ilk iki terim toplamına oranı 26'dır. Buna göre, bu dizinin ortak çarpanı kaçtır?",2,3,4,5,6,D
d7e2ef0d-0127-5be7-a99a-aa05289d10f0,MATEMATIK,"A ve B marka peynir üreticilerinin eşit büyüklükteki süt tanklarının doluluk oranları özdeş bölümlere ayrılmış olarak aşağıdaki göstergelerde verilmiştir. Süt tankları yukarıdaki konumdayken tam doldurulmaktadır. A markası için alınan süt tutarı, B markası için alınan süt tutarının 3 katından 600 TL eksiktir. Buna göre, boş süt tanklarının birer kaç TL'lik süt ile tam dolmaktadır?",960,840,720,680,560,C
0310a5d6-1741-5876-8976-7a85439cb945,MATEMATIK,"Ceyda arkadaşından aldığı borç paranın $\frac{3}{4}$'ünü ödedikten sonra ödediği miktarın $\frac{1}{3}$'ü kadarını tekrar borç alıyor. Ceyda'nın son durumda arkadaşına kalan borcu 250 TL'dir. Buna göre, Ceyda'nın başlangıçta toplam kaç lira borcu vardır?",400,450,500,600,750,C
f5bf3daf-a539-582b-8a55-ceae89550c87,MATEMATIK,"$y = f(x)$ fonksiyonu için, \begin{itemize} \item $f''(x) = 12x$ tir. \item $x=1$ apsisli noktasındaki teğetinin eğimi 13 tür. \item $f(2) = 32$ dir. \end{itemize} Yukarıda verilen bilgilere göre, \begin{enumerate} \item $f(0) = 2$ dir. \item $f(x)$ fonksiyonunun $x=2$ apsisli noktasındaki teğetinin eğimi 31 dir. \item $f(x)$ fonksiyonu daima artan bir fonksiyondur. \end{enumerate} ifadelerinden hangileri doğrudur?",Yalnız I,I ve II,I ve III,II ve III,"I, II ve III",B
9310b5a5-148a-54d0-ac31-7e165b35edae,TURKCE,"Dünyanın en büyük imparatorluklarından Büyük İskender'in gayesi, dünyanın sonuna ya da büyük bir denize ulaşmaktı. Büyük İskender, askerî ve siyasi başarılarıyla tarihe iz bırakmıştır. Sadece 13 yıl hükümdarlık yapmasına rağmen Makedonya'dan Mısır'a, Yunanistan'dan Hindistan'a kadar uzanan devasa bir imparatorluk kurmayı başarmış; Helenistik kültürün sınırlarını aşmasını sağlamıştır. Böylece dünyanın dört bir yanından çeşitli kültürler birbiriyle etkileşime geçip kaynaşmıştır.
Bu parçada söz edilen Büyük İskender ile ilgili aşağıdakilerden hangisi söylenemez?",Eylemlerini bir amaç doğrultusunda hayata geçirdiği,Birçok toplumun barış ve huzur içinde yaşadığı bir imparatorluk kurduğu,Az sayılabilecek bir sürede çok fazla ülkeyi ele geçirdiği,Hem yönetim açısından hem de askerî açıdan başarılı sayıldığı,Helenistik kültürün dünyaya yayılmasında etkili olduğu,B
c621f385-d4c0-55e4-bfe1-f114da0b6578,COGRAFYA,"Türkiye'de yağışın dağılışına bakıldığında bölgeler arasında belirgin farklılıklar görülmektedir. Yağışın farklılık göstermesinde denize olan uzaklık, yer şekillerinin uzanışı ve yükseltisi gibi faktörler etkili olmaktadır.
Aşağıda ülkemizde yağışın dağılışına dair örneklerin hangisinde yükselti faktörü daha etkili olmuştur?",İzmir'de yağışın Antalya'dan az olması,Tuz Gölü çevresinde yağışın az olması,Doğu Karadeniz'de yağışın fazla olması,İç Anadolu'da yağışın en fazla Yukarı Kızılırmak Bölümü'nde görülmesi,Marmara Bölgesi'nde en fazla yağışın Yıldız Dağları çevresinde olması,C
1bce23af-6f40-50a8-926e-f63c495ea3bc,GEOMETRI,"Dik koordinat düzleminde, ağırlık merkezi orijin üzerinde olan bir ABCD paralelkenarında A(-3,-4) ve B(7,-2)'dir. Buna göre, $|CD|$'nin orta noktasının orijine uzaklığı kaç birimdir?",2,3,$\sqrt{5}$,$\sqrt{13}$,$\sqrt{19}$,D
a7cd061d-dc67-5511-a183-7344b28ea0ff,MATEMATIK,"$n$ doğal sayı olmak üzere $60+n$ sayısı, $60$ sayısının asal çarpanlarından biri hariç diğerleri ile tam bölünmektedir. Buna göre, $n$ sayısı aşağıdakilerden hangisi olamaz?",10,12,15,20,30,E
cac68080-d774-5bd5-a702-995bd6b3e8b5,FIZIK,"Her yöne ışık verebilen noktasal bir ışık kaynağı ile aydınlatılan bir metalden sökülen fotoelektronların sayısı;
I. Metale düşen foton sayısı
II. Metalin yüzey alanı
III. Işığın şiddeti
niceliklerinden hangilerine bağlıdır?",Yalnız II,I ve II,I ve III,Yalnız III,"I, II ve III",E
611310a4-6683-519b-8ebc-eed7a7ffc70d,MATEMATIK,$4 < |3x+2| < 13$ eşitsizliğinin çözüm kümesinin sayı doğrusunda kapladığı toplam uzunluk kaç birimdir?,6,8,10,12,14,A
ef0b7e95-ae8e-5090-a7e6-1496cdede036,BIYOLOJI,Canlıların üremesi sırasında görülen aşağıdaki olaylardan hangisi diğerlerinden farklı bir üreme şeklidir?,Bakterinin ikiye bölünmesi,Patatesin göz denilen parçasından çoğalması,İkiye koşan solucanın kendini tamamlaması,Erselik bitkinin kendini döllemesi,Mantarların etrafa spor yayması,D
3d96c18d-335b-5d20-a4cd-de2f36fa6aef,MATEMATIK,5 özdeş oyuncak 3 farklı kutuya kaç farklı şekilde dağıtılabilir?,8,15,21,35,243,C
239e3e5d-86cb-5736-b977-f8265de51515,BIYOLOJI,Aşağıdaki canlılardan hangisi hücre yapısı bakımından daha ilkeldir?,Bakteri,Mantarlar,Bitki,Hayvan,İnsan,A
96ae2b7c-3439-573d-a0c4-44c90de64b08,TURKCE,"""Ne yapmalıyım?"" sorusu ""Ne yapıyorum?"", ""Ne yaptım?"", ""Ne yapacağım?"" sorularından farklıdır. Ne yapıyor olduğum, ne yaptığım veya ne yapacağımda bir belirleme söz konusudur; gözleriniz, hafızanız veya yazdıklarınız bunların gerçeğini kanıtlamaya yeter. Ama ne yapmam gerektiği, bir betimleme değil bir soruşturmadır, bir yol arayışıdır. Betimlemeyle yol arayışı arasındaki ayrım, gerçeklik ile etik arasındaki farkı ortaya koyar.
Bu parçadan hareketle etik aşağıdakilerin hangisinde doğru tanımlanmıştır?",Ahlaki olarak doğru olanın en az güçlükle gerçekleştiği dönemeçli seçimi savunan bir felsefe kuramıdır.,İdeal olana ulaşmak için geçmişte yapılan hatalardan dersler çıkarmayı öneren pratik bir düşünce biçimidir.,"Olgular temelinde sınanabilecek, kanıtlanması mümkün bir açıklama değil gerekli olanı arayan bir sorgulama türüdür.","Geçmiş ve gelecek arasında bir bütünlük gözeten, doğrunun her çağda kendini tekrarladığını savunan bir disiplindir.","Olması gerekeni, doğruluğu ve adaleti en fazla kişinin ortak faydasına sübjektif bir akıl yürütme yöntemidir.",C
24944dbb-09e1-561f-bfa2-24a9e0e697b7,KIMYA,"Katman elektron dağılımı verilen elementlerle, H arasında oluşan bileşik formüllerine ait Lewis gösterimlerinden hangisi yanlıştır?
X: $2-5$
Y: $2-7$
Z: $2-8-6$
T: $2-8-4$",H-$\underset{\centerdot\centerdot}{\text{X}}$-H,H-$\underset{\centerdot\centerdot}{\text{Z}}$-H,H-$\underset{\centerdot\centerdot}{\text{Y}}$:,H-$\underset{\centerdot\centerdot}{\text{T}}$-H,H-$\underset{\centerdot\centerdot}{\text{O}}$-H,E
d85c28c4-0bad-52ba-a328-a5a8556bd173,TARIH,"Osmanlılar, XVI. yüzyılda Habsburgların Akdeniz ve Kuzey Afrika toprakları için aşağıdaki güçlerin hangisi ile mücadele etmiştir?",İngiltere,İspanya kanadı,Fransa'nın batı kanadı,Rusya,Hollanda,B
9ee3056f-1719-5b1b-b98d-03e0e2ed9076,KIMYA,"Normal koşullar altında 44,8 litre hacim kaplayan $SO_3$ gazının,
$2SO_3(g) \to 2SO_2(g) + O_2(g)$
tepkimesine göre ayrışması sonucu oluşan $SO_2$ gazı normal koşullar altında 11,2 litre hacim kapladığına göre tepkime verimi yüzde kaçtır?",20,25,30,40,50,B
629b938e-b7ad-5e89-a8c6-7f5cf9ee237f,GEOMETRI,"Analitik düzlemde $A(1, 2)$, $B(6, 5)$ ve y ekseni üzerinde bir $C$ noktası için $|AC| + |CB|$ toplamının en küçük olduğuna göre, $C$ noktasının ordinatı kaçtır?",$\frac{19}{7}$,$\frac{17}{7}$,$\frac{16}{7}$,$\frac{14}{7}$,$\frac{12}{7}$,A
41d95c5d-d912-5f26-a1ed-2eed4c650d7a,MATEMATIK,$x^{lnx} = e$ denkleminin çözüm kümesi aşağıdakilerden hangisidir?,"$\{-1, 1\}$",$\{1\}$,"$\{e, \frac{1}{e}\}$",$\{e\}$,$\{\frac{1}{e}\}$,C
495fc039-7d28-52b4-8e6d-258a79866b5a,MATEMATIK,$x^2+(n-2)x-n-3=0$ denkleminin kökler çarpımı $-2$ olduğuna göre kökler toplamı kaçtır?,2,0,-1,-2,-3,C
76102782-8bec-5699-91b7-e4e19351dc8c,TURKCE,"Bazı yabani ot ya da böcekler, bitkilerin büyümesini engelleyebilir ve yaralanmasına yol açabilir. Bunlara karşı kullanılan ilaçlarsa hem sağlığımıza hem de çevremize zarar verebilir. İlaç kullanımını önlemek için bitkileri daha dirençli, güçlü ve verimli hâle getirmeye odaklanan uygulamalar “ilaçsız tarım” olarak adlandırılır. Bu bitkilerde bitki metabolizması, haşereye karşı proteinler ve diğer bileşikler artırılır. Böylece bitki bu proteinleri üretmeye başlayarak kendini korumuş olur. Meyve ve sebzelerin olgunlaştıktan sonra bozulmasını yavaşlatmak da hedeflenir. Bu nedenle gıdalar, onları tam olgunlaşmamışken toplar, koku ve tatları gelişmemiş meyve ve sebzelerin tadı, dokusu ya da kokusu genelde pek istediğimiz gibi olmaz. Bilim insanları, bunu da önleyebilmek için çeşitli çalışmalar yapıyor. Bu parçadan hareketle “ilaçsız tarım” ile ilgili aşağıdakilerden hangisi söylenemez?",Bazı besinlerin lezzetini koruyarak bozulmasını engellemeye yönelik çalışmaları kapsamaktadır.,Tarımsal üretimde benimsenerek hızla yaygınlaşması beklenmektedir.,Canlılar arasında gen aktarımı yoluyla bitkinin korunması esas alınmaktadır.,Bitkilerin daha kuvvetli ve dayanıklı olması prensibine dayanmaktadır.,İnsan ve çevre sağlığını korumaya yönelik uygulamaları içermektedir.,C
4f04c4e7-9514-554d-b1fc-ecefb49a883c,GEOMETRI,"Dik koordinat düzleminde $A(5, 2)$ noktasının orijine göre simetriği B noktası, y-eksenine göre simetriği C noktasıdır.
Buna göre, $|BC|$ kaç birimdir?",$4$,$6$,$\sqrt{29}$,$10$,$2\sqrt{29}$,D
81cd5a63-6a9f-5e50-b066-f0f944df09a1,BIYOLOJI,"Canlı hücreler tarafından gerçekleştirilebilen madde geçiş şekillerinden bazıları şöyledir:
I. Endositoz
II. Osmoz
III. Difüzyon
IV. Ekzositoz
V. Aktif taşıma
Bu madde geçiş şekillerinden hangileri canlılığını yitirmiş hücrelerde de gözlenebilir?",I ve IV,II ve III,IV ve V,"I, IV ve V","II, III ve V",B
df54ed3e-f830-572a-a014-950fc9ca9da8,FIZIK,"Fizikte türetilmiş büyüklükler, temel büyüklüklerin birbirleri ile çarpılması veya bölünmesi sonucu bulunur. Örneğin, sürat bir türetilmiş büyüklüktür ve uzunluk ile zamanın oranı olarak tanımlanır. Buna göre, I. Basınç; temel büyüklüklerden kütle, uzunluk ve zaman kullanılarak türetilmiştir. II. İvme; temel büyüklüklerden uzunluk ve zaman kullanılarak türetilmiştir. III. Elektrik akımı; temel büyüklüklerden elektrik yükü ve zaman kullanılarak türetilmiştir. yargılarından hangileri doğrudur?",Yalnız I,Yalnız II,I ve II,II ve III,"I, II ve III",B
8ef81b7a-b4e6-573e-bd1d-08ef80773a60,MATEMATIK,"$ \frac{0,1}{0,2} + \frac{0,1}{0,2} + \frac{0,1}{0,2} $ işleminin sonucu kaçtır?",2,$ \frac{9}{5} $,$ \frac{9}{100} $,$ \frac{181}{90} $,$ \frac{81}{90} $,C
f7934d7b-66c5-5326-9fdb-fc936aecfe38,MATEMATIK,$4^{12}-8^8+16^6+64^4$ işleminin sonucu aşağıdakilerden hangisidir?,$2^{18}$,$2^{20}$,$2^{22}$,$2^{24}$,$2^{26}$,B
6bf25591-a216-5709-9f41-1777af8faf75,KIMYA,"25 °C'deki $1M$ $1L$ HF zayıf asidin sulu çözeltisinin pH değeri 3'tür.
Buna göre HF sulu çözeltisinin pH değerini 4 yapabilmek için çözeltinin hacmi arı su ile kaç $L$'ye tamamlanmalıdır?",2,10,20,50,100,B
ec71081c-a56d-545b-bf0e-31262f2d6a7e,KIMYA,Sabit hacimli kapta gerçekleşen bir tepkimenin sıcaklığı bir miktar azaltıldığında aşağıdakilerden hangisi değişmez?,Tepkime entalpisi ($\Delta H$),Hız sabiti (k),Tepkime hızı,Aktivasyon enerjisi,Eşik enerjisini aşan molekül sayısı,D
bfc1c8f6-cb39-5261-ad3a-097e919ab1eb,KIMYA,"Sabit hacimli kapalı bir kapta $N_2O_4(g)$'ın bozunmasına ilişkin aşağıda verilen tepkime birinci derecedendir.
$2N_2O_4(g) \to 4NO_2(g) + O_2(g)$
Sabit sıcaklıkta gerçekleşen bu tepkimeyle ilgili
I. $N_2O_4(g)$'ın tükenme hızı, $NO_2(g)$'nin oluşma hızına eşittir.
II. $O_2(g)$'nin oluşma hızı tepkime hızına eşittir.
III. Tepkime ilerledikçe hız sabiti'nin değeri azalır.
ifadelerinden hangileri doğrudur?",Yalnız I,Yalnız II,I ve II,I ve III,II ve III,B
2bdb74f5-5da1-51b5-8989-f2e792293506,TURKCE,"Bu çalışmada, 1950-1970 yılları arasındaki edebiyat ve sanat dergilerinde çıkmış (yayımlanmış) şiir hakkındaki yazıların bibliyografyası (kaynakçası) oluşturmak ve bu yazılardan hareketle (yola çıkarak) dönemin şiir tartışmalarını, hasat içinden (öne çıkan konuları) ve dönemin şiir ortamını değerlendirmek (karşılaştırmak) amaçlanmıştır. Çalışmanın girişinde 1970'e dek Türkiye'deki edebiyat dergilerinin genel bir değerlendirmesi yapılmıştır.
Bu parçada numaralanmış sözlerin hangisi ayraç içinde verilen açıklamayla anlamca uyuşmamaktadır?",I,II,III,IV,V,E
db11ebc7-5468-5d6b-8efd-4db64f74f237,KIMYA,"$0.4 \ M \ 100 \ mL \ CuNO_3$ çözeltisi ile $0.2 \ M \ 100 \ mL \ NaBr$ çözeltisi tamamen karıştırıldığında oluşan çözeltide $Br^-$ iyonu derişimi kaç molardır?
($CuBr$ için çözünürlük çarpımı $K_{çç}=4.10^{-8}$)",$1.6 \times 10^{-7}$,$2 \times 10^{-7}$,$10^{-4}$,$4.10^{-7}$,$4.10^{-8}$,A
50c39989-90bf-52c1-baf0-f9bc4463cbae,MATEMATIK,"İşleminin sonucu kaçtır? $\frac{2,5+1,4}{0,8} - \frac{0,6-0,2}{1-0,4}$",$\frac{1}{5}$,$\frac{1}{3}$,$\frac{3}{2}$,$\frac{17}{9}$,$\frac{17}{5}$,E
c6a8149b-3e1e-5ec9-9b50-c9b68f875e84,TURKCE,İletişim konusundaki yaklaşımı bu parçadaki gibi olan bir kimse aşağıdakilerden hangisini dile getirmiş olamaz?,"Her şeyden önce iflah olmaz dünyamızın dili olan, sessiz ve sözsüz gönül dilini keşfetmeliyiz.","İletişimlerimizde insani olan tutum ve davranışları benimsemeliyiz, bu hâl ile insanlara yaklaşmalıyız.","Gönül dilini öğrenmenin yolu; sözlerin perdelerini aralayıp arkadaki ve derinliklerdeki duygu, kavram ve anlam evrenine yoğunlaşmaktan geçmektedir.","İletişimdeki anahtar; sevgiyle bakmak, sevgiyle dinlemek, sevgiyle söylemektir.",İnsanlar arasındaki iletişim problemlerinde hep susmak bütün sorunları çözer.,E
5c23ecb1-6277-5422-8759-1c8dfc30c70d,KIMYA,"$Al_{(k)} + 3Ag^{+}_{(suda)} \rightarrow Al^{3+}_{(suda)} + 3Ag_{(k)}$ Yukarıdaki pil tepkimesine göre 0,3 mol Al aşındığında katotta kaç mol Ag toplanır?","0,1","0,2","0,3","0,6","0,9",E
6ee516a1-5a5e-5cbd-8c73-ffc4271fd581,TURKCE,"Yazdığı her hikâye kitabıyla okuyucusunu biraz daha şaşırtmayı ---- Mustafa Kutlu, diğer türdeki kitaplarında da bu geleneğini ---- devam etmiştir. Bu cümlede boş bırakılan yerlere aşağıdakilerden hangileri sırasıyla getirilmelidir?",başaran - sürdürmeye,düşünen - hiç bozmadan,amaçlayan - aramaya,bilen - yansıtmaya,sanat sayan - özellikle,A
6989ae9a-1b12-5923-9ea9-0988f6601c78,MATEMATIK,"$\frac{1}{16} < x < \frac{1}{6}$
eşitsizliğini kaç tane $x$ tam sayısı sağlar?",7,6,5,4,3,D
31e9f4a8-9583-550a-8852-83a53d8ac74d,MATEMATIK,"$\log_2 27 = e^{\ln x}$ olduğuna göre, $x$ kaçtır?",$1$,$2$,$3$,$4$,$5$,C
0b554a64-3430-5eed-bf3c-5f4e3b86eb02,MATEMATIK,"$A = \{1, 2, 3, 4, 5\}$ olmak üzere $f: A \to A$ fonksiyonu bire birdir. Buna göre, $f(1) \cdot f(2) + f(3)$ çarpımının alabileceği en büyük değer ile en küçük değer arasındaki fark kaçtır?",60,54,48,42,30,B
b4e68fa0-a907-5152-8a0b-f6810e8bb199,KIMYA,"Temel hâldeki bir atomun, enerji seviyesi en yüksek orbitalinde 1 elektron vardır. Bu elektronun baş kuantum sayısı (n) 3 ve açısal momentum kuantum sayısı (l) 0'dır. Bu atomdaki elektronlarla ilgili, I. s orbitallerinde toplam 5 elektron bulunur. II. En yüksek enerjili elektronun manyetik kuantum sayısı ($m_l$) = 1'dir. III. Açısal momentum kuantum sayısı (l) 1 olan toplam 6 elektron vardır. ifadelerinden hangileri doğrudur?",Yalnız I,Yalnız II,I ve III,II ve III,"I, II ve III",A
3862aa36-8199-59f9-a60f-6225781b04ab,MATEMATIK,$P(x)$ polinomu ile ilgili olarak; Katsayıları doğal sayıdır. Derecesi ve başkatsayısı 2'dir. Katsayılar toplamı 8'dir. bilgileri veriliyor. Buna göre bu şartları sağlayan kaç farklı $P(x)$ polinomu vardır?,7,6,5,4,2,C
fa285d68-6cb1-5646-8789-bf229944ab3d,KIMYA,Aynı element atomlarının proton sayıları eşittir. Aşağıdakilerden hangisi aynı element atomlarına aittir?,$_{12}^{24}X - _{13}^{24}Y$,$_{13}^{24}X - _{14}^{24}Y$,$_{17}^{35}X - _{17}^{37}Y$,$_{16}^{32}X - _{16}^{29}Y$,$_{19}^{39}X - _{19}^{39}Y$,C
ef867e0b-b136-579c-bdee-ea2847ea6082,GEOMETRI,"Analitik düzlemde, $x^2 + y^2 - 4x + Ey + F = 0$ denkleminin belirttiği çember koordinat eksenlerine dördüncü bölgede teğet olduğuna göre, $F$ kaçtır?",-4,-2,2,4,8,D
0aa3d08f-47f2-5f6c-b5d8-676a6d2c223a,MATEMATIK,"A ve B takımlarının yarıştığı bir yemek programında takımların yaptığı yemekler 24 kişilik bir jüriye tattırıldıktan sonra her bir jüri üyesinden A ya da B takımına bir oy vermesi isteniyor. Bu oylamayla ilgili aşağıdakiler biliniyor:
• Kullanılan ilk 16 oy sonrasında ilk durumda takımlar arasındaki oy farkı 2 oluyor.
• Sonradan kullanılan 8 oy takımlar arasındaki oy farkını değiştirmemiştir.
Buna göre,

I. İlk durumda önde olan takım son durumda da önde olduysa iki takım da sonradan kullanılan oylardan eşit miktarda oy almıştır.
II. İlk durumda geride olan takımın son durumda önde olduysa sonradan kullanılan 8 oyun 6'sını almıştır.
III. İlk durum ve son durumda önde olan takımlar farklı ise sonradan kullanılan oylar $\frac{1}{3}$ oranında dağıtılmıştır.

ifadelerinden hangileri doğrudur?",Yalnız I,Yalnız II,I ve II,II ve III,"I, II ve III",C
df3141bd-7d1d-5184-9077-5e2472b8d40c,MATEMATIK,"$f(x) = x^2$ olmak üzere,
$f(101) - f(99)$
ifadesinin değeri kaçtır?",99,101,200,400,1000,D
c4685259-99af-551a-9e5f-7621d13463be,KIMYA,Bir tepkimenin potansiyel enerji-tepkime koordinatı grafiği aşağıda verilmiştir.,Yalnız I,Yalnız II,I ve III,II ve III,"I, II ve III",D
cfe5bcbc-507e-53e9-8c98-c8263a0580be,KIMYA,"KOH: Kuvvetli baz, HCl: Kuvvetli asit, $NH_3$: Zayıf baz. Buna göre; I. 25 °C'de 0,5 molar KCl çözeltisinin pH değeri 7'dir. II. 25 °C'de 0,1 molar $NH_4Cl$ çözeltisinin pH değeri 7'den küçüktür. III. 25 °C'de 0,1 molar $NH_3$ çözeltisinin pH değeri 13'tür. İfadelerinden hangileri yanlıştır? ($NH_3$ için $K_b = 2.10^{-5}$)",Yalnız I,Yalnız II,Yalnız III,I ve III,"I, II ve III",C
b4acd17d-5ad2-56cc-9245-330c95be9e83,MATEMATIK,"$f: \mathbb{R} \to \mathbb{R}$, $y=f(x)$ fonksiyonunun grafiği orijine göre simetriktir. $g(x) = x^2 \cdot |f(x) + 2| + x - 1$ fonksiyonu veriliyor. $g(-3) = 14$ olduğuna göre, $f(1)$ kaçtır?",1,2,3,4,5,B
6aab7b39-c5f0-5bd0-93d2-918becb852a6,MATEMATIK,"$f(x) = \begin{cases} |ax - a - 12| & , x < a \\ x + a & , x \ge a \end{cases}$ fonksiyonu $x = a$ noktasında sürekli olduğuna göre, $a$'nın alabileceği değerlerin toplamı kaçtır?",-3,-2,-1,1,2,B
81ecea17-8f53-5e20-8ead-9d8500715176,TURKCE,"(I) Resim galerisinden Sina'yla birlikte çıkıyoruz. (II) Sonra liman boyunca yürüyüp gemileri seyrediyoruz. (III) Hafif serin ama insanı üşütmeyen bir rüzgâr var havada. (IV) Bulutlar, akşamın koyu mavisine elle boyanmış pembe lekeler gibi serpilmiş. (V) Arka tarafta, konturı ticaret merkezindeki gökdelenlerin insanı ürküten siluetleri seçiliyor.
Bu parçadaki numaralanmış cümlelerin hangilerinde betimlemeye yer verilmemiştir?",I ve II,II ve III,III ve IV,III ve V,VI ve V,A
5db2c5ce-3e5f-5135-88e0-52bdfd768aca,MATEMATIK,"İntegralinin eşiti aşağıdakilerden hangisidir?
$\int \frac{3}{\sqrt{x}\sqrt[3]{x}} dx$",$3\sqrt[3]{(x-3)^2}+\frac{3}{2}\sqrt[3]{(x-3)^2}+c$,$2\sqrt[6]{x^3}\sqrt[3]{x^2}+\sqrt[3]{x}+c$,$-\frac{1}{3}\sqrt[3]{x-3}+\sqrt[3]{x}+c$,$\frac{1}{2}\sqrt[3]{(x-3)^2}\sqrt[3]{(x+3)^2}+c$,$-3\sqrt[3]{(x-3)^2}+\sqrt[3]{(x+3)^2}+c$,B
fcbd109e-1efc-5d39-8b2a-cf863100bbe2,MATEMATIK,"İki farklı boy karton kutu imalatı yapılan bir fabrikada kesim sonrası kalan artık kâğıtlardan ayrıca ek gelir elde edilmektedir. Bu fabrikada satılan kutu fiyatları ile bu kutuların üretimi sonrasında bir kutunun yapımı için kullanılan kâğıttan kalan artık kâğıt fiyatları aşağıdaki tabloda gösterilmiştir:
Bu kutulardan belli sayıda üretip satan bu fabrikada kutuların satışından 300 TL, artık kâğıtların satışından 24 TL gelir elde edildiğine göre, bu fabrikada toplam kaç kutu üretilmiştir?",80,85,90,95,100,C
5b74da13-1d82-5dd4-8ddc-ae0cf4fbee7f,MATEMATIK,"a pozitif bir reel sayı olmak üzere; $\left( \frac{3}{8} + \frac{5}{6} \right) \cdot a$ çarpımı tam sayıdır. Buna göre, a reel sayısı en az kaçtır?",$\frac{24}{15}$,$\frac{24}{29}$,$\frac{48}{29}$,$\frac{29}{15}$,$\frac{29}{48}$,B
9f5df159-ebd2-5748-b07f-085b1c69c94e,FIZIK,"Bir mühendis, bir iş yerinin yapımını tasarlarken enerji verimliliğinin yüksek olmasını planlıyor. Bunun için mühendisin yaptığı; I. duvarları ısı yalıtım malzemesi ile kaplamak, II. tasarruflu lambalar yerine akkor telli lambaları tercih etmek, III. iş yerinde kullanılan makinelerin yüksek güçte çalışanlarını tercih etmek eylemlerinden hangileri enerji verimliliğini kesinlikle artırır?",Yalnız I,Yalnız II,Yalnız III,I ve II,I ve III,A
5ef0dae8-88f1-50a9-ba7a-a11ebd6570b9,MATEMATIK,"Bir gruptaki kadınların $\frac{1}{4}$'ü evlidir, gruptaki kadınların $\frac{3}{4}$'ü evlidir. Evli kadınların eşleri de bu grupta bulunmaktadır. Buna göre, evli olmayan erkekler bu grubun kaçta kaçıdır?",$\frac{1}{2}$,$\frac{9}{16}$,$\frac{5}{8}$,$\frac{11}{16}$,$\frac{3}{4}$,D
1a3afc84-139f-508b-9bf2-332b47e246ff,GEOMETRI,"Dik koordinat düzleminde $A(-2, 3)$ noktasının orijine göre simetriği olan nokta ile $B(a, b)$ noktasının x-ekseni boyunca 3 birim sağa ve y-ekseni boyunca 1 birim aşağı ötelemesi ile elde edilen nokta aynı olduğuna göre, $a+b$ toplamı kaçtır?",-6,-5,-4,-3,-2,C
585f22c0-6bec-57a6-9427-b6737182b1bb,MATEMATIK,"$f(x) = A \cdot x^5 + B \cdot x^3 + 2x^2 + Cx + 3$ şeklinde tanımlanan $f(x)$ fonksiyonu için $f(5)=3$ olduğuna göre, $f(-5)$ değeri kaçtır?",72,88,96,100,103,E
60be8cae-14c8-5fdb-b6b2-8bccc0516881,MATEMATIK,"Bir satıcı Eylül fırsat haftasında tüm ürünlerde %20 indirim yapınca satışların %20 arttığını görmüştür. Buna göre, bu satıcının indirim öncesine göre kazanç değişimi nasıl olmuştur?",%6 artmıştır.,%4 artmıştır.,%4 azalmıştır.,%6 azalmıştır.,Değişmemiştir.,C
a016e772-31d0-53ea-9a4d-56dc1a56eaa5,MATEMATIK,$\sqrt{1-\frac{1}{2}}\cdot\sqrt{1-\frac{1}{3}}\cdot\sqrt{1-\frac{1}{4}}...\sqrt{1-\frac{1}{16}}$ işleminin sonucu kaçtır?,$\frac{1}{16}$,$\frac{1}{4}$,$\frac{1}{3}$,$\frac{1}{2}$,1,B
38b64d43-c2cc-538f-9daf-bb863ba56d39,MATEMATIK,"$f: [0,8] \to \mathbb{R}$ olmak üzere, $f(x) = x^2 - 4x + 6$ parabolünün üzerinde alınan herhangi bir noktanın apsisinin ordinatından büyük ya da ordinatına eşit olma olasılığı kaçtır?",$\frac{5}{8}$,$\frac{1}{2}$,$\frac{3}{8}$,$\frac{1}{4}$,$\frac{1}{8}$,D
b5833d32-1c7c-5755-8cfb-5721711bccdd,MATEMATIK,"$x$ ve $y$ sayıları 1'den büyük tam sayılar olmak üzere, $\log_x 729 + \log_y x$ $\log_y y$ ifadelerinin birer tam sayı olduğu biliniyor. Buna göre, $\log_x 729 + \log_y x$ toplamının alabileceği farklı değerlerin toplamı kaçtır?",3,4,5,6,7,D
d220ca04-8e38-5d46-bd49-a5f6e2cbf12d,MATEMATIK,"A ile B birer bağımsız olaydır. A olayının gerçekleşme olasılığı $0,1$ ve B olayının gerçekleşme olasılığı $0,2$'dir. Buna göre, A ile B'den en az birinin gerçekleşmesi olasılığı kaçtır?","$0,8$","$0,12$","$0,24$","$0,28$","$0,3$",D
e6274c96-6039-5019-8ad1-567ac19cf8ff,MATEMATIK,"$f(x)$ fonksiyonu negatif gerçel sayılar üzerinde tanımlı, pozitif değerli ve artan bir fonksiyondur.
Buna göre, aşağıdaki fonksiyonlardan hangisi daima azalandır?",$f(x^2)$,$\frac{1}{f(x)}$,$f'(x)$,$x \cdot f(x)$,$f(x) + x^2$,B
e9edd7fd-4e73-5d15-98a1-282da6bb64e2,MATEMATIK,"$f(x) = \int (3x - 2) \, dx - \int (4x - 2) \, dx$
biçiminde tanımlı $f$ fonksiyonunun, $x = k$ apsisli noktada yerel ekstremumu olduğuna göre, $k$ kaçtır?",-2,-1,0,1,2,C
1b7f6583-96f7-5981-b153-eda6fd70d498,MATEMATIK,"Gerçek sayılarda $f$ fonksiyonu

$f(x) = \begin{cases} u \cdot x - 4 & x > 2 \\ 2x+b & x \le 2 \end{cases}$

biçiminde tanımlanıyor.

$\lim_{x \to 2} f(x) = 4$

olduğuna göre, $a \cdot b$ çarpımı kaçtır?",-4,-2,0,2,4,A
d322bcba-ed21-51e9-b37f-4efd15136cd9,TARIH,"I. Manda ve himayenin kesinlikle reddedilmesi
II. Tüm illerden seçilen delegelerin katılması
III. Temsil Heyeti'nin Ankara'ya gelmesi ve burayı merkez olarak seçmesi
Yukarıda verilenlerden hangilerinin Sivas Kongresi'nin ulusal bir nitelik kazanmasında etkili olduğu söylenebilir?",Yalnız I,Yalnız II,Yalnız III,I ve II,II ve III,B
2eec4101-6137-5766-9e02-2d971ec917b5,MATEMATIK,"$(a_n)$ dizisinde $a_{n+1} = 2a_n + 4$ ve $a_1 = -4$ olduğuna göre, $a_7$ kaçtır?",-76,-74,-72,-70,-68,E
ab3ba4b3-642d-5365-ae0a-f58596e4d4d0,MATEMATIK,"$f$ doğrusal fonksiyon olmak üzere,
$f(x-1) + f(x+1) = 4x - 6$
olduğuna göre, $f(-2)$ değeri kaçtır?",-3,-2,-1,0,1,E
e459a619-bbfd-5cb1-a9ef-12b309155464,MATEMATIK,"$k$ bir tam sayı olmak üzere, $-3 \le k \le 3$ eşitsizliği veriliyor. $k^3+2k^2-k$ ifadesinin alabileceği en büyük değer kaçtır?",20,16,14,12,10,E
422c56b0-42b0-5fb3-9139-0ca4044db200,KIMYA,"2 litrelik bir kapta 8 mol $N_2O_5$ gazı, $N_2O_5(g) \rightleftharpoons N_2(g) + \frac{5}{2}O_2(g)$ tepkimesine göre ayrışıyor. Tepkime dengeye ulaştığında kapta 8 mol $N_2$ gazı bulunuyor. Buna göre, tepkimenin aynı sıcaklıkta denge sabiti $K_c$ kaçtır?",2,4,8,16,32,E
2a0e4b69-d3ee-57d6-b7b0-9130b10f1474,EDEBIYAT,"Gazeller; başta aşk ve güzellik olmak üzere ayrıntılı sevgilinin güzelliği, baharın verdiği neşe gibi konuları işler. Daha çok lirik konuların işlendiği gazeller, işledikleri konuya göre birtakım isimler alır. Aşkın verdiği mutluluğu, sıkıntıyı, sevgilinin güzelliğini anlatan gazeller âşıkane gazel; hayata karşı kayıtsızlığı, yaşamaktan zevk almayı anlatan gazeller rindane gazel; kadını ve aşkın zevklerini şuh bir tavırla ifade eden gazel türü şuhane gazel; ahlakla ilgili öğütler veren, özdeyiş niteliğindeki sözlerin ağır bastığı gazeller ise hikemî gazel olarak adlandırılır. Türk edebiyatında ----, âşıkane gazelin; ----, rindane gazelin; ----, şuhane gazelin; ---- de hikemî gazelin öncüsü sayılır.
Bu parçada boş bırakılan yerlere aşağıdakilerden hangisinde verilenler getirilmelidir?",Nedim - Baki - Nabi - Fuzuli,Nedim - Fuzuli - Nabi - Baki,Fuzuli - Baki - Nedim - Nabi,Baki - Nedim - Fuzuli - Nabi,Nabi - Nedim - Fuzuli - Baki,C
922afd3a-0a09-538f-b224-b42a792d878d,MATEMATIK,"Yeni inşa edilen bir apartmanda $n$ tane daire bulunmakta olup her dairede, herbirinin ikişer kapısı olan iki balkon bulunmaktadır. Balkonların 2'şer kapılı olduğunu unutulan müteahhit, balkonların 1'er kapılı olduğunu zannederek her bir daire için 8 adet kapı siparişi vermiştir.
Sipariş edilen kapı kolları tümü kullanıldıktan sonra 4 dairenin hiçbir kapısı kapı kolu bulunmayıp diğer dairelerin tüm kapılarında kapı kolları bulunduğuna göre, $n$ kaçtır?",14,15,16,18,20,E
0d662c9a-3978-51cd-bc68-f9915bad0008,MATEMATIK,"$f: \mathbb{R} \to \mathbb{R}$
$f(x) = 4x^3 + m x^2 + 12x - 1$
fonksiyonu daima artan olduğuna göre, $m$ tam sayısı kaç farklı değer alabilir?",22,23,24,25,26,D
0ebb1db9-2036-56a2-8a1f-3a7a6ac2b7bc,KIMYA,"Madelung - Kletchkowski kuralı: I. $n+l$ değeri büyük olan orbitalin enerjisi büyüktür. II. $n+l$ değerleri eşitse $n$ değeri büyük olan orbitalin enerjisi daha büyüktür. Buna göre, aşağıdakilerden hangisinin enerjisi en fazladır?",$3s$,$3d$,$3p$,$3f$,$4d$,E
21d11aaf-75c2-5922-983a-3c50ac56eca0,MATEMATIK,"$f(x) = x\sqrt{x} - \sqrt{x}$ olduğuna göre, $\frac{df(x)}{dx}$ in $x=4$ için değeri kaçtır?",$\frac{\sqrt{2}}{2}$,$2\sqrt{2}$,$\frac{\sqrt{2}}{8}$,$6\sqrt{2}$,$\frac{3\sqrt{2}}{16}$,B
3a79a2fc-49dc-5ffd-b463-bb4ca69fccf7,FIZIK,"SI birim sisteminde yer alan,
$\frac{\text{Newton} \cdot \text{saniye}^2}{\text{metre}}$
ifadesi, hangi fiziksel niceliğin birimi yerine kullanılabilir?",Yol,Kütle,Enerji,Hız,Basınç,B
ecc8c0c6-09bd-5189-a676-aee9fd84416a,KIMYA,"$CS_{2(g)} + 4H_{2(g)} \rightleftharpoons CH_{4(g)} + 2H_{2}S_{(g)}$ Yukarıda verilen tepkimenin $1 \text{ } ^\circ \text{C}$ de derişimlere bağlı denge sabiti ($K_c$) 8 dir. 1 litrelik kapta aynı sıcaklıkta 2 mol $CS_2$, 1 mol $H_2$, 2 mol $CH_4$ ve 1 mol $H_2S$ gazları bulunmaktadır. Buna göre; I. Tepkime dengededir. II. Tepkime ürünler yönüne ilerler. III. Denge anında $CS_{2(g)}$ nin mol sayısı 2 molden fazladır. ifadelerinden hangileri yanlıştır?",Yalnız I,Yalnız II,I ve II,II ve III,"I, II ve III",C
8a8542d5-8307-51bd-9c0c-5ce95726e227,EDEBIYAT,"Servetifünun geleneğinde genel bir anlayış olarak sosyal toplumsal temalara ilgisizlik tiyatro türünde de kendini göstermiştir. Bu dönemde tiyatrolarda işlenen en önemli temalar: kadın hakları, evlilik, kadın erkek münasebeti gibi aile içi ilişkilerin irdelendiği yine bireysel sayılabilecek temalardır. Tanzimat'ta halkı eğitmek için bir araç olarak görülen tiyatro, Servetifünun Dönemi'nde ise diğer türlerde olduğu gibi halkta estetik zevk uyandıracak bir tür olarak görülmüştür. Servetifünun Dönemi'nde tiyatro eserlerinde kullanılan dil diğer türlere göre daha sadedir. Edebî olarak sanatlı, ağır bir üslup anlayışını benimseyen sanatçılar tiyatrolarında canlı, anlaşılır ve günlük konuşma diline yakın bir dil kullanma gayreti içine girmişlerdir.
Bu parçadan Servetifünun tiyatrosu ile ilgili,
I. Toplumsal konuları işlemesi de kullanılan üslubun diğer türlere göre daha sade olduğu,
II. Tanzimat tiyatrosuna göre teknik bakımından daha olgun örnekler verildiği,
III. Tiyatroyu toplumda estetik haz uyandırmak için gerekli bir araç olarak gördükleri
ifadelerinden hangilerine ulaşılamaz?",Yalnız I,Yalnız II,Yalnız III,I ve II,I ve III,E
21861189-e508-5c0c-be89-4c014b2f2f92,MATEMATIK,"$\frac{\pi}{2} < x < \frac{3\pi}{2}$ olmak üzere, $\tan x = 3$'tür. Buna göre, $\frac{\sin x - \cos x}{\sqrt{10}}$ işleminin sonucu kaçtır?",$-\frac{1}{15}$,$-\frac{1}{10}$,$-\frac{1}{5}$,$-\frac{2}{5}$,$-\frac{3}{5}$,C
411947f4-02bb-550c-907a-324dfd3239ca,MATEMATIK,"Alperen bir marketten hepsinin tanesi aynı fiyattan yumurta almış ve aşağıdaki açıklamayı yapmıştır. Yumurtanın tane fiyatı ile aldığım yumurta sayısı ardışık iki pozitif tam sayıdır. $a$ pozitif tam sayı olduğuna göre, Alperen'in ödediği toplam ücret aşağıdakilerden hangisi olamaz?",$4a+2$,$6a+3$,$5a+1$,$12a$,$a+10$,C
52a6dcde-503e-5d2e-b0ff-efce6a9f2b35,FIZIK,"Sürtünmesiz yatay düzlemde sabit $V$ hızıyla hareket eden $X$ cismi durmakta olan $Y$ cismine çarpıyor.
$X$ cisminin kütlesinin, $Y$ cisminin kütlesinden büyük olduğu bilindiğine göre; çarpışma esnasında,
I. $X$ cisminin $Y$ cismine uyguladığı kuvvet, $Y$ cisminin $X$ cismine uyguladığı kuvvetten büyüktür.
II. $X$ cisminin $Y$ cismine uyguladığı kuvvet, $Y$ cisminin $X$ cismine uyguladığı kuvvete eşittir.
III. $X$ ve $Y$ cisimlerinin birbirine uyguladığı kuvvetler eşit büyüklüktedir.
yargılarından hangileri doğrudur?",Yalnız I,Yalnız II,Yalnız III,I ve III,II ve III,C
13846ac3-5136-5e9a-b05e-931337deceb4,MATEMATIK,"$f: A \to \mathbb{R}$ olmak üzere, $f(x) = x^2-8x+1$ fonksiyonu bire bir fonksiyon olduğuna göre; $A$ kümesi, I. $[3, 6]$ II. $[-6, 3]$ III. $[6, 13]$ kapalı aralıklarından hangileri olabilir?",Yalnız I,Yalnız II,I ve II,II ve III,"I, II ve III",D
470d4472-d009-56e4-80db-97f746c83ff9,MATEMATIK,$\frac{x-2}{x^2-5x-4} < 0$ eşitsizliğini kaç doğal sayı değeri sağlar?,2,1,4,3,5,B
bd23ceed-bee9-558b-b523-04d74c11868f,MATEMATIK,"Gerçek sayılar kümesi üzerinde tanımlanabilecek en geniş tanım kümelerinde $f$, $g$ ve $h$ fonksiyonları $f(x)=\log_2 x$, $g(x)=4^x$, $h(x)=\log_x$ biçiminde tanımlanmıştır. Buna göre, I. $\frac{f(x)}{h(x)}$ sabit fonksiyondur. II. $(hog)(x)$ doğrusal fonksiyondur. III. $f^{-1}(x)=\sqrt{g(x)}$'dir. ifadelerinden hangileri doğrudur?",Yalnız I,Yalnız II,I ve II,II ve III,"I, II ve III",E
092e6fb3-53cb-5fda-9636-f1774bfc52ae,TURKCE,"Kilo sorunu (sıkıntısı) yaşayan kişilere baktığımızda birçoğunun (genelinin) uyku problemi yaşadığını görürüz. Düzensiz uyku, insan metabolizmasını altüst etmektedir. Bu durum vücudumuzda (bedenimizde) hormonal dengesizliklerin önünü açar ve aşırı kilo kaybı veya aşırı kilo artışına neden (sebep) olur. Vücudumuzu ne kadar uyanık tutarsak o kadar enerjiye ihtiyaç duyacaktır. Vücudumuzun ihtiyacı (gereksinimi) olan enerjiyi ise yemek yiyerek karşılayacağımız için uyku düzenimizi oluşturabilirsek yemek düzenimiz de buna bağlı olarak iyileşecektir.
Bu parçada numaralanmış sözlerden hangisinin anlamı parantez ( ) içinde verilen açıklamayla uyuşmamaktadır?",I,II,III,IV,V,E
d635975c-fa56-54fe-88dd-ab383ac34b60,MATEMATIK,$\frac{1}{a-1} - \frac{3}{a+1} - \frac{4a-4}{a^2-1}$ ifadesinin en sade hali aşağıdakilerden hangisidir?,$\frac{1}{a^2}$,$\frac{1}{a^2-1}$,$\frac{2}{a-1}$,$\frac{1}{a+1}$,$\frac{2}{a^2-1}$,E
3305d699-b814-5d34-b30d-637c8baf9295,MATEMATIK,"$a$ ve $b$ birer pozitif gerçek sayı olmak üzere, $a^2-4ab-5b^2=0$ eşitliği veriliyor. Buna göre, $\frac{a+3b}{a-b}$ işleminin sonucu kaçtır?",-1,1,2,3,$\frac{1}{2}$,C
db6793c3-2975-5658-aa09-15ae66c4c85b,MATEMATIK,"$(a_n) = \sum_{k=1}^{n} (3k+2)$ dizisi veriliyor. Buna göre, $(a_n)$ dizisinin ilk 4 terim toplamı kaçtır?",79,76,78,80,82,D
0f7cbd07-4d15-5686-bb0c-72dc7f446b3c,TURKCE,"Annem ise hep Benim Adım Kırmızı adlı romanımı nasıl yazmış olduğuma şaştığını söyler bana. Öteki romanlarımda, anneme göre, şaşılacak bir şey yoktur. Onları benim hangi hayat malzemesiyle yazdığımı bilir, anlar. Benim Adım Kırmızı'da ise anneme göre onun tanıdığı, her şeyini bildiği oğlunun nasıl yazdığını bir türlü anlayamadığı bir yan vardır. Yıllar sonra da bunu hiçbir zaman anlayamadı. Ancak bir yazarın da bence hayatta karşılaşacağı en büyük iltifat budur. Kitaplarının kendisinden daha akıllı ve parlak olduğunu annesinden işitmek. Bu parçada altı çizili ifadeyle sözü edilen yazarın ve sanat anlayışının hangi özelliğine vurgu yapılmıştır?","Yazarın eserleri ve sanatçı kimliği, uzun yıllar sanat camiasında yerini alacaktır.","Yazar, kendisinden beklenmeyecek ölçüde güzel ve etkili eserler verebilmektedir.","Annesi, oğlunun bilmediği özelliklerini bu eserde keşfetmiştir.","Yazar, eserlerine yenidenleri ekledikçe daha etkili ve parlak kitaplar yazmıştır.",Annesinin yapmaz dediklerini yaparak çok önemli sanat eserleri ortaya koymuştur.,B
d17467e0-b7c1-57aa-a68d-ec9c07e43ef4,MATEMATIK,"$\arctan \left(x^{2}-3x-3\right)=\frac{\pi}{4}$ denklemini sağlayan, $x$ değerlerinin çarpımı kaçtır?",$4$,$3$,$-3$,$-4$,$-5$,D
3106e603-1071-5a4d-bfb5-73d9fbf0ed68,MATEMATIK,$f(x)=|x^2-6x+9|$ fonksiyonunun $x=3$ apsisli noktadaki türevi kaçtır?,-3,-1,0,3,Yoktur,E
027a0f54-0595-582e-8b7e-a3fedf7907c0,FIZIK,$h$ Planck sabitinin birimi olarak aşağıdakilerden hangisi kullanılabilir?,$kg \cdot m$,$kg \cdot m^2$,$kg \cdot m^3$,$kg \cdot \frac{m^2}{s^2}$,$kg \cdot \frac{m^2}{s}$,E
0324282f-6f10-5727-bc64-d7bde27b3c6c,MATEMATIK,"Bir futbol müsabakasında penaltı kullanacak olan Emir adında bir futbolcunun penaltıyı gole çevirme olasılığı penaltıyı kaçırma olasılığının $\frac{2}{3}$ katıdır. Buna göre, Emir'in penaltıyı kaçırma olasılığı kaçtır?",$\frac{1}{3}$,$\frac{2}{5}$,$\frac{3}{5}$,$\frac{2}{3}$,$\frac{4}{9}$,C
c1d1f52f-d78e-5c34-96d5-934784df75e3,MATEMATIK,"logx = 0,12 olduğuna göre, $\log\frac{1}{x^2}$ ifadesinin değeri aşağıdakilerden hangisidir?","-0,6","-0,3","0,1","0,3","0,6",A
e4818b25-27f3-50a9-ada8-20e5b65b0be9,MATEMATIK,"Üç katlı bir binanın kapıcısı, ekmek dağıtırken birinci katta ekmeklerin yarısını, ikinci katta ekmeklerin $\frac{1}{3}$'ünü ve üçüncü katta 2 ekmek dağıtınca elindeki tüm ekmekler bitiyor. Buna göre, kapıcı toplamda kaç ekmek dağıtmıştır?",20,18,16,12,8,D
4d6a2850-4ae9-55fc-bc50-e871eb49891f,MATEMATIK,"Emrah, $6400$ liraya aldığı bilgisayar için %25 peşinat ödeyip, geriye kalan borcunu 8 eşit taksitte ödeyecektir. Buna göre, Emrah bir taksit için kaç lira ödeme-lidir?",400,500,600,700,800,C
437e939c-c0a8-506c-bbf5-a0779f529f1c,MATEMATIK,"Online banka uygulamasından kendisine en yakın şubenin ve ATM'nin konumlarını kontrol eden Mert, bulunduğu doğrusal yolun üzerindeki ATM ile olan uzaklığının, aynı yol üzerindeki şubeye olan uzaklığının 3 katına eşit olduğunu öğrenmiştir.

Mert yol üzerinde herhangi bir yönde 150 metre yürüdüğünde ATM veya şubeye ulaşabileceğine göre, ATM ile şube arasındaki mesafe:

I. 200 metre
II. 400 metre
III. 600 metre

değerlerinden hangileri olabilir?",Yalnız I,I ve II,II ve III,I ve III,Yalnız III,C
b5b1f14f-edc4-5dcf-a33b-af1a999feb68,MATEMATIK,"Bir manav kilogramı 36 TL olan 20 kilogram muz ile kilogramı 18 TL olan 40 kilogram muzu karıştırıp satmak istiyor. Manavın ilk durumda elde edeceği parayı kazanabilmesi için, karışımın 1 kilogramını kaç TL'den satması gerekir?","19,2","21,6",24,"25,2","27,6",C
6e082777-774d-5911-ae10-a689c5a904f5,TURKCE,"Çocukların mizacını anlamamız çok önemli!
Çocuklar, aynı anne-babadan olsalar ve aynı ortamda büyüsüler de anne-babayla ilişkileri aynı değil. Hamilelik döneminden itibaren bebeklerin gelişimleri farklılaşıyor. İnsan evladının sağlıkları ve fiziksel özellikleri gibi mizaçları da farklılaşıyor. Bu bakımdan standart bir davranış kalıbının bütün çocuklara uymayacağı söylenebilir. Anne-babanın çok ağlayan bir bebekle kurduğu ilişki ile az ağlayan bir bebekle kurduğu ilişki aynı olmaz. Bu durumları fark etmek, doğru anlamak iyi bir ebeveyn olmanın ilk şartıdır. Mizacını iyice bilmeden geliştirdiğimiz davranışlar, çocuklarımızın bütün yaşamını etkileyen sonuçlara yol açabiliyor.
Bu köşe yazısıyla ilgili olarak aşağıdakilerden hangisi söylenebilir?",Gerekçelerini yer verilerek başlıktaki yargıya inandırıcılık kazandırılması.,"Kendi içinde bulunan tutarsızlıklar ve sübjektif yaklaşımlar, yazının güvenilirliğini gölgelemektedir.",Kanıtlanamayan varsayımlara dayanılması sebebiyle tartışılır bilgiler içermektedir.,"Verilen örneklerle başlıktaki yargının bağdaşmaması, gerçekliği zedelemektedir.",Konuyla ilgili farklı uzman görüşleri karşılaştırılmaktadır.,A
9d7adadd-529a-5ba7-8dab-b0597533dd55,FIZIK,"Derinliği her yerinde aynı olan bir dalga leğeninde, özdeş ve aynı fazlı noktasal iki kaynak tarafından periyodik su dalgaları üretilerek girişim deseni oluşturuluyor. Buna göre oluşan girişim deseni ile ilgili, I. İki kaynaktan gelen dalga çukurlarının üst üste bindiği noktalarda düğüm çizgisi oluşur. II. İki kaynaktan gelen dalga tepelerinin üst üste bindiği noktalarda dalga katarı oluşur. III. Kaynakları birleştiren doğru üzerinde merkez doğrusundan uzaklaştıkça girişim çizgileri arasındaki mesafe azalır. yargılarından hangileri doğrudur?",Yalnız I,Yalnız II,I ve III,II ve III,"I, II ve III",D
2a8078ff-ebdc-5a13-9f57-d8a6dac96f07,MATEMATIK,"$\tan x + \cot x = 5$ olduğuna göre, $\tan^2 x + \cot^2 x$ kaçtır?",26,27,25,22,23,E
b4a043bb-f7cc-58a8-8455-c70a92f15a25,TURKCE,"Kurgun kalem yapan bir adam, yaptığı kalemleri satıcıya vermek için kuruya koyarken içlerinden birini kenara ayırdı ve ona “Okuyabileceğim en iyi kalemi olmak istiyorsan bu şeyi beni asıl unutma!” diyerek şu öğütleri verdi: • Hayatta başarılı olmak için önce kendini tanı, seni kullanmayı bilen bir kişinin ellerine almasına izin verme. • Zamanın zamanı uçup acımasız ve bu sana acı verecek fakat daha iyi bir kalem olmak için buna katlanmalısın. • Yaptığın yanlışlarla yüzleşme, yeniden yazma fırsatın olacak daima. Bu fırsatları kaçırma! • Seni sen yapan en önemli parçanın, içindeki kurşun olduğunu unutma! • Üzerinde dolaştığın her yüzeye kendine ait bir işaret bırakma. İsim ve yazmaya devam etmelisin. Bu parçada kurşun kalem ustasının kaleme verdiği öğütlere göre, kalemin başarı için sahip olması gereken özellikler arasında aşağıdakilerin hangisi yoktur?",Gelişimci olmak,Sabırlı olmak,Umutsuz olmamak,Özgün olmak,Kendini bilmek,D
fada55c9-6f6f-5711-a5fd-1b9e9fa47a01,MATEMATIK,"$y = x^2 + x + 1$ ve $z = \sqrt{x}$ olduğuna göre, $\frac{dy}{dz}$ nin $z = 2$ için değeri kaçtır?",12,24,36,18,16,D
32c3a902-5b72-5b51-b4fa-ec1ca4785d96,FIZIK,"Bir K cismi yatay sürtünmesiz düzlemde hareketsiz iken düzleme paralel sabit $\vec{F}$ kuvveti ile x kadar çekiliyor. Aynı cisim daha sonra yatay sürtünmeli düzlemde durgun iken düzleme paralel sabit $\vec{F}$ kuvvetiyle x kadar çekiliyor.
Buna göre K cismine ait hangi nicelik her iki durumda aynıdır?",x yolu sonunda sürat,Cismin ivmesi,Kuvvetin gücü,x yolu sonunda cismin kinetik enerjisi,x yolu sonunda kuvvetin yaptığı iş,E
000a3efe-a1ec-5e94-85ed-73bdbf5cc2a7,MATEMATIK,"Gerçek sayılar kümesinde $f: \mathbb{R} - \{a\} \to \mathbb{R} - \{b\}$ fonksiyonu tanımlanıyor. $f(x) = \frac{2x+4}{x-3}$ olduğuna göre, $\frac{a}{b} + \frac{1}{b}$ değeri kaçtır?",\frac{5}{6},\frac{7}{6},3,5,6,A
42b6617a-d7ed-5b96-9c87-974e49e8b518,MATEMATIK,"$f(x)=x^3-x+1$ eğrisine, üzerindeki $x=1$ apsisli noktadan çizilen teğet doğrusu, eğriyi teğet olduğu nokta dışında hangi apsisli noktada keser?",$0$,$1$,$2$,$3$,$4$,D
3f22af3b-c9a4-5144-835e-4040f1accd2c,TURKCE,"Yunus Emre'nin şiirleri ilk bakışta göze çok sadeymiş gibi gelir ama bazı şiirleri incelendiğinde onun iki ayrı düzeydeki insana seslendiği görülür. Şiirinde her bir dizede âdeta kendini aşmış olmasını şaşkınlıkla fark ederiz. Kimi dizelerinin eğitimsiz, sade insana seslenmek üzere kaleme alındığı su götürmez bir gerçektir. Fakat kimi dizelerinin ise ancak tarih, din ve yazın alanındaki gönderimlerini kavrayıp gerekli yorumları yapabilecek kültür düzeyindeki kişilere hitap ettiği anlaşılır. Bu durum da onun bu denli sevilmesinde ve çağını aşarak yüzyıllarca okunmasında önemli etkenlerden biri olarak kabul edilir. Bu parçada Yunus Emre ile ilgili anlatılmak istenen aşağıdakilerden hangisidir?",Düşünceleriyle yaşadığı çağın zihin yapısına yön veren bir kişiliktir.,Şiirlerinde her kesimden insanın kendini bulabildiği bir söyleyiş tarzına sahiptir.,Halkı eğitmek amacıyla yazdığı şiirlerini sade bir üslupla kaleme alır.,"Yaygın bilinen şiirleri, belirli bir zümrenin düşüncelerini yansıtır.",Şiirlerinde kullandığı özgün imgelerin anlam boyutları tartışmaya kapalıdır.,B
52d410fa-7809-50f2-89fd-c6e503314c1e,MATEMATIK,"$AB$ iki basamaklı bir doğal sayı olmak üzere, bu sayının rakamlarının sayı doğrusunda belirttiği noktaların arasında bir $x$ sayısı seçiliyor.
Bu rakamların $x$'e olan uzaklıklarının toplamı 8 birimdir.
Buna göre, bu koşullara uygun kaç farklı $AB$ sayısı vardır?",1,2,3,4,5,C
7ad82f3b-0446-523b-82da-dc57dd23b200,MATEMATIK,log$_{1/2}$(x+3) < log$_{1/2}$16 eşitsizliğinin çözüm kümesi aşağıdakilerden hangisidir?,"$(-3, 1)$","$(-7, 1)$","$(-7, -3)$","$(1, \infty)$","$(- \infty, -3)$",A
c06c8753-ff1b-5e9b-acaa-976c8f532f1d,MATEMATIK,"Dönem içerisinde öğrencilerine iki sınav yapan bir öğretmen, her bir öğrencinin $1.$ sınav puanının %$60$'ı ile $2.$ sınav puanının %$40$'ını toplayarak o öğrencisine ait dönem sonu puanını oluşturmak istemektedir. Ancak hesaplamada yaptığı bir hata sonucu öğrencilerinden Zeynep'in dönem sonu puanını, $1.$ sınav puanının %$40$'ı ile $2.$ sınav puanının %$40$'ını toplayarak hesaplamıştır. Öğretmen bu hatayı düzelttiğinde Zeynep'in dönem sonu puanı $2$ artarak $81$ olmuştur.
Buna göre, Zeynep'in $2.$ sınav puanı kaçtır?",85,88,90,92,95,E
71d8842b-9701-5291-87d9-ace291432f52,MATEMATIK,"Seda'nın kumbarasında A lirası vardır. Kumbarasına para atmayan Sedat, kumbaradan her gün 3 lira almaktadır. Sedat kumbarasında x gün sonunda kalan para miktarını $f(x) = A - 3x$ şeklinde tanımlıyor. $f(3) + f(7) = 210$ olduğuna göre, A kaçtır?",120,124,130,136,140,E
2a554691-b53e-530c-9800-f7477dab7a8a,MATEMATIK,$x^{\log_3 x} - 12 \cdot 3^{\log_3 x} + 27 = 0$ denklemini sağlayan $x$ değerlerinin çarpımı kaçtır?,10,27,100,1000,$10^4$,B
1e610dee-53ad-5608-9359-55886be8d2e5,MATEMATIK,"$a$ ve $b$ gerçek sayı olmak üzere, $f$ fonksiyonu $f(x) = \begin{cases} (x-a)^2-4, & x < 1 \\ 3x-a, & 1 \le x \le 2 \\ ax-3, & x > 2 \end{cases}$ biçiminde tanımlıdır. Fonksiyonun sürekli olduğu en geniş aralık $R - \{b\}$ olmaktadır. Buna göre, $a \cdot b$ çarpımı kaçtır?",6,4,3,-2,-4,D
535acbbe-232d-58c6-a1b1-b91fecfb12ff,TURKCE,"Türkçede iki türlü “katılmak” sözcüğü bulunmaktadır.
Buna göre aşağıdakilerden hangisinde “katılmak” sözcüğü ötekilerden farklıdır?",Su katılmış ve içinde istenilenden fazla asit içeren sütleri tüketmek iyi değildir.,Sokakta oynayan çocukların oyunlarına ben de katıldım.,Satır sesini ilk kez duyan bebek gülmekten katıldı.,"Futbol hakkındaki sohbetlere katılmak, bir iki yorumda bulunmak âdetiydi.",Ortaya atılan geri çekilme fikrine Ali Rıza Bey katılmadı.,A
361b57a7-36a0-503a-ae37-21acce71d1ee,FIZIK,Tek yarık deneyinde girişim deseninin oluşması için; I. İki farklı renkte ışık kullanma II. Tek dalga boylu ışık kullanma III. Yarıkdan geçen ışınların koherent olması olaylarından hangileri sağlanmalıdır?,Yalnız I,Yalnız II,Yalnız III,I ve II,II ve III,E
a8a0444f-9dbf-5718-b4b1-fd400ba4d530,MATEMATIK,"$x - y = 6$ ve $x \cdot y = 4$ olduğuna göre, $x^2 + y^2$ toplamı kaçtır?",24,26,28,30,32,B
e8e58c8e-09d4-5d2c-a7b7-43151860bb3b,MATEMATIK,"$f(x)=x^2-2x+5$ fonksiyonunun grafiği a birim sağa ve b birim aşağı ötelenerek $g(x)=x^2-8x+15$ fonksiyonunun grafiği elde ediliyor. Buna göre, $|a|+|b|$ ifadesinin değeri kaçtır?",5,6,7,8,9,C
a87bdcb6-0744-5ab7-9caf-6e4984929205,MATEMATIK,"a, b ve c gerçel sayılardır.
$a=\sin5^\circ-\sin85^\circ$
$b=\sin10^\circ-\sin80^\circ$
$c=\sin15^\circ-\sin75^\circ$
olimits
olimitsolduğuna göre, a, b ve c sayılarını sıralayınız.
Ayşe, yukarıdaki soruyu aşağıdaki adımları sırasıyla uygulayarak çözüyor.
1. Adım: $a=\sin5^\circ-\cos5^\circ$
$b=\sin10^\circ-\cos10^\circ$
$c=\sin15^\circ-\cos15^\circ$
2. Adım: $a^2=1-2\sin5^\circ\cos5^\circ$
$b^2=1-2\sin10^\circ\cos10^\circ$
$c^2=1-2\sin15^\circ\cos15^\circ$
3. Adım: $a^2=1-\sin10^\circ$
$b^2=1-\sin20^\circ$
$c^2=1-\sin30^\circ$
4. Adım: $\sin30^\circ>\sin20^\circ>\sin10^\circ \Rightarrow c^2<b^2<a^2$'dir.
5. Adım: $c<b<a$'dır. Buna göre, Ayşe bu çözümde ilk hatayı kaçıncı adımda yapmıştır?",1,2,3,4,5,E
128b6d4b-1fa6-58ba-84b6-da4e53c7e16f,BIYOLOJI,"Protista aleminde;
I. çok hücreli olma,
II. ototrof beslenme,
III. artıkları parçalama,
IV. parazit yaşama
özelliklerinden hangilerine sahip canlılar bulunabilir?",I ve II,II ve IV,"I, II ve IV","II, III ve IV","I, II, III ve IV",E
63121734-2476-5084-a86d-0b3eab67afd0,MATEMATIK,$$\frac{(x+1)^{2056}}{x^2-x-6} \le 0$$ $$\frac{x-3}{x-(x-1)} \le 0$$ eşitsizlik sisteminin çözüm kümesi aşağıdakilerden hangisidir?,"$(-1, 2] - \{0\}$","$[-1, 2]$","$(-1, 2]$","$(-3, 0)$","$(0, 2)$",A
41535693-dff1-5e75-9abb-a754af094d65,MATEMATIK,"Yazdıklarının başkaları tarafından okunmasını istemeyen Naz, aşağıdaki adımları takip ederek rakamları şifreliyor:
• Bir rakamın 7 katının 1 fazlasını alıyor.
• Bu rakam ile bulduğu sayının birler basamağını eşleştiriyor.
Örnek: 6 rakamı, $6 \cdot 7 + 1 = 43$ olduğundan 6 rakamı yerine 3 rakamını kullanıyor.
Buna göre, Naz'ın günlüğünde 84.13 şeklinde yazılan bir zamanın gerçek saati aşağıdakilerden hangisidir?",21.06,20.56,19.06,19.42,20.38,E
c1959dee-4545-5a05-b021-c7b12abf9017,KIMYA,Aşağıda verilen sulu çözelti örneklerinden hangisinin türü yanlış verilmiştir?,Sabunlu su: Bazik,Sirke: Asidik,Kireç suyu: Asidik,Çamaşır sodası: Bazik,Amonyak: Bazik,C
699ac917-f80a-5f9d-80bf-3c9a20a52af5,KIMYA,"Yukarıdaki pil sistemi ile ilgili;
I. Pilin şeması $\text{Fe}_{(\text{k})} | \text{Fe}^{2+} (1 \text{ M}) || \text{Ag}^{+} (1 \text{ M}) | \text{Ag}_{(\text{k})}$ şeklindedir.
II. Elektronlar dış devrede 1. kaptan 2. kaba doğru gider.
III. $\text{Fe}$'nin standart yükseltgenme gerilimi $-0,44 \text{ volttur}$.
yargılarından hangileri doğrudur?
$ \text{Fe}^{2+}_{(\text{suda})} + 2\text{Ag}_{(\text{suda})} \to \text{Fe}^{2+}_{(\text{suda})} + 2\text{Ag}_{(\text{k})} \quad \text{E}^\circ_{\text{pil}} = 1,24 \text{ Volt}$
$ \text{Ag}^{+}_{(\text{suda})} + \text{e}^- \to \text{Ag}_{(\text{k})} \quad \text{E}^\circ = -0,80 \text{ Volt}$",Yalnız I,Yalnız II,Yalnız III,I ve II,II ve III,E
6a63f4b0-7429-53b8-b87f-d832baa78c79,MATEMATIK,"$(a_n)$ ortak farkı $r$ olan ve sabit olmayan bir aritmetik dizi olmak üzere, $a_1 = 4r$ ve $a_n = r \cdot a_n$ olduğuna göre, $a_2$ kaçtır?",5,8,9,11,12,B
80438c33-e406-58bc-b811-9a27fff32da4,MATEMATIK,"12 kg un-tuz karışımının %5'i tuz, 13 kg un-tuz karışımının %7'si tuzdur. Bu iki karışım karıştırıldığında oluşan yeni karışımın tuz oranı yüzde kaçtır?",36,48,50,54,60,C
83c8c549-7aa7-5192-81e0-ff61676a2395,KIMYA,"Periyodik sistemde 3. periyotta yer alan X ve Y elementleri arasında oluşan bileşiğin Lewis yapısı yukarıda verilmiştir. Buna göre, aşağıdaki ifadelerden hangisi yanlıştır?",Bileşik iyonik bağlıdır.,Bileşiğin formülü $X_2Y_2$'dir.,X elementinin atom numarası 12'dir.,Nötr Y atomunun değerlik elektron sayısı 5'tir.,$X^{2+}$ ve $Y^{3-}$ iyonları aynı sayıda elektron içerir.,B
8bc6a47d-fb90-5131-bc94-2fe3982d5991,MATEMATIK,"Aras; bir pazar gününde spor yapma, film izleme, ödev yapma, ev işi yapma ve banyo yapma aktivitelerinin hepsini tamamlayacaktır. Aras bir aktiviteyi tamamlamadan bir diğerine başlamamaktadır. Aras'ın banyoyu spordan sonra yapması, ödevini ve ev işini ise film izlemeden önce tamamlamış olması gerekmektedir. Buna göre Aras bu beş aktiviteyi kaç farklı şekilde sıralayabilir?",10,15,20,25,30,B
af0889eb-51ef-5805-b86a-263fb0b4dc25,MATEMATIK,"$(7k-5)x + 5y + 8 = 0$ denklemini sağlayan $(x, y)$ sıralı ikililerinden biri $(2, -8)$ olduğuna göre $k$ sayısı aşağıdakilerden hangisidir?",13,7,3,-5,-9,C
d67526b7-60c5-531f-a15f-19164e5a1741,MATEMATIK,"$f(x)$ sabit, $g(x)$ doğrusal fonksiyonu için, $f(og)(3) = 4$ ve $(gof)(5) = 5$ olduğuna göre, $g'(5)$ ifadesinin değeri kaçtır?",-1,1,3,4,5,B
5dcc5699-d3e9-5f6c-afdf-48eab2ab143c,TURKCE,"""Yazdıkların kime hitap ediyor?"" sorusuna verilmiş net bir cevabım yok. Bir iyilik öyle ""okurların"" durmayı da doğrusu beni hiç okumamış olanlara bir saygısızlık olarak değerlendiriyorum. Ancak yine de boşluğa yazdığımı söyleyemiyorum.
Bu parçanın yazarı, altı çizili sözle hangi özelliğine vurgu yapmaktadır?",Eserlerini zihninde tasarladığı bir kitleye yönelik olarak ürettiğine,Eserleriyle her düzeyde okur kitlesine seslenmeyi öncelediğine,Seçtiği temalarla mevcut ve potansiyel okurlarını ayrıştırdığına,Sahiplendiği okurların duyarlılığını eserleriyle geliştirmeye çalıştığına,Yazılarıyla bütün okurların beğenisini kazanmayı amaçladığına,B
86fda396-9fd4-5851-a384-fd45ec11aeaf,BIYOLOJI,"Bir bitki hücresinde;
I. mitokondri,
II. ribozom,
III. kloroplast,
IV. golgi aygıtı
organellerinden hangilerinin yapısında nükleik asit bulunmaz?",II ve IV,III ve IV,Yalnız IV,I ve III,II ve III,C
d0a8f506-49df-57ea-9451-90706e453722,TURKCE,"Coğrafi keşiflerle birlikte gerçekleşen sömürgecilik faaliyetleri sırasında İspanyolları, yerliler karşısında farklı ve üstün kılan özelliklerden biri de şövalye romanlarına tutkulu yaklaşımlarıdır. Bu romanlar yeni kıtaya çok uygun düşen büyülü ve efsanevi nitelikleriyle gerekse ölümüne savaş ve buna bağlı bir şeref anlayışına yaptıkları göndermelerle sömürgeci mantığı etkilemiş ve beslemiştir. Bu parçada asıl anlatılmak istenen aşağıdakilerden hangisidir?","Şövalye romanlarında, ölümüne savaşmanın şerefli bir davranış olarak yüceltildiği",Şövalye romanlarının sömüren sömürülen ilişkisinin uzağında okunması gerektiği,Sömürgecilik faaliyetlerinin şövalye romanlarının içeriğini belirlediği,Sömürülen toplumların gizemli ritüellerinin şövalye romanlarında karşılık bulduğu,Sömürgeci kimliğin inşasında şövalye romanlarının pay sahibi olduğu,E
d27dd2e8-c750-5930-8574-024eeedef989,TURKCE,"(I) Reşat Nuri ile karşılaştığımda onun suskun, içine kapalı, çelebi kişiliğini tam anlamıyla değerlendiremeyecek kadar küçüktüm. (II) Ama Poyraz Safarisi'nin evindeki gece belleğimde diriliğinden bir şey yitirmemiş. (III) Edebiyata düşkün, ileride yazar olmayı düşleyen bir çocuğun çok sevdiği bir romancıyla karşılaşmasını unutmaması olağan sayılabilir. (IV) Sait Faik'in altını çizdiği ""ben"" ile Reşat Nuri'nin altını çizdiği özlemoyla çalıştığı ""ben"" arasındaki bağlantıları ve farklılıkları keşfetmeye çalıştım. (V) Dünyada nasıl ve ne kadar ""ben"" olunabilir diye sordum. (VI) Hâlâ da dünyada nasıl ve ne kadar ""ben"" olunduğunu sormaya devam ediyorum.

Bu parça iki paragrafa ayrılmak istense ikinci paragraf numaralanmış cümlelerin hangisiyle başlar?",II,III,IV,V,VI,C
b81510b2-72b3-5eba-ae68-95c4bb811544,FIZIK,"Fotoğrafçı Salih, eski bir fotoğraf makinesini tamir ederken içindeki mercek dikkatini çekmiştir. Bunun üzerine Salih merceğin karşısına ve asal eksen üzerine dik doğrultuda bir mum yerleştirdiğinde, mumun perdede net bir görüntüsü oluştuğunu gözlemliyor. Buna göre, Salih'in perdede elde ettiği görüntü ile ilgili, I. Görüntü cisme göre terstir. II. Görüntü merceğe, mumdan daha uzaktadır. III. Görüntü cisimden büyüktür. yargılarından hangileri kesinlikle doğrudur?",Yalnız I,Yalnız II,Yalnız III,I ve II,"I, II ve III",A
780567c8-51b8-560e-9aa0-ab3e94304911,MATEMATIK,"$f(x) = |x^2 + (m+3)x + 9|$ fonksiyonu alınabilecek her $x$ reel sayısı için türevli olduğuna göre, $m$'nin kaç farklı tam sayı değeri vardır?",11,12,13,14,15,C
02f79af4-2469-5f33-af7f-208e8d28f4cd,TURKCE,"Yine bir duman çöktü sokağa
Bütün sığınaklarda seni arıyorken
Bir demirciydim, utku erittim durmadan
Ateş günlü hatıralarımı yazarken
Yukarıdaki dizelerde aşağıdaki ses olaylarından han-gisi görülmez?",Ünlü daralması,Ünlü düşmesi,Ünsüz yumuşaması,Ulama,Ünsüz benzeşmesi,A
3964d85b-58ad-5887-84ce-7125d7345e06,MATEMATIK,"Her $x$ gerçek sayısı için $a\cdot x^3+b\cdot x^2+c\cdot x+d=(x^2-1)\cdot(m\cdot x^2+n\cdot x+r)+2x-6$ olduğuna göre, $a+c+e$ toplamı kaçtır?",-2,-4,-6,8,10,C
d196389d-e6b6-5d45-8de3-7753f2dc03c5,MATEMATIK,"Gerçel sayılar kümesi üzerinde tanımlı ve türevlenebilir bir $f$ fonksiyonunun türevi $f'(x) = \begin{cases} 4, & x \le 2 \\ 2x, & x > 2 \end{cases}$ biçiminde veriliyor. $f(0)=0$ olduğuna göre, $f(4)$ değeri kaçtır?",8,12,16,18,20,E
c1d7dc87-0fea-510f-a47b-45fdf03ea055,MATEMATIK,"Bir araç saatte $40 \text{ km}$ hızla bir yolu $5$ saatte alıyor. Bu araç dönüşteki hızını saatte $10 \text{ km}$ artırarak başladığı noktaya geri dönüyor. Buna göre, bu aracın dönüşte harcadığı zaman kaç saattir?",1,2,2.5,3,4,E
5ab8aaaa-2d7b-56ce-a130-85942de66bdb,MATEMATIK,$ 5-x < \frac{4}{x} $ eşitsizliğinin en geniş çözüm kümesi aşağıdakilerden hangisidir?,"$ (0, 1) $","$ (0, 1] \cup [4, \infty) $","$ (4, \infty) $","$ [1, 4] $","$ [-1, 0) \cup [4, \infty) $",E
74d09f33-f836-5c48-b6e1-6a55848fb197,MATEMATIK,$\\int_{2}^{5} \\frac{d(x^2-4x)}{x+2}$ integralinin değeri kaçtır?,10,8,7,6,4,D
0954e8dd-f6b5-5885-abb6-6a4850923334,MATEMATIK,"$K$ ve $L$ birer doğal sayıdır. $K=30-x$ $L=x+6$ olduğuna göre, $x$'in hangi değeri için $K \cdot L$ çarpımı en büyük değerini alır?",0,6,10,12,18,D
8e7ecb71-1bf2-5290-8cd7-053ab0d57e4c,MATEMATIK,"Bir market alışverişini tamamladıktan sonra ödeme yapmak için kasaya gelen Arda'ya kasadaki görevli, aldığı ürünlerin toplam 43 TL tuttuğunu, fakat 50 TL ve üzeri alışverişlerde bazı ürünleri 2'şer TL daha ucuza alabileceğini söylüyor. Bunun üzerine son bir ürün daha alan Arda, yalnızca önceden almış olduğu ürünlerden beş tanesine uygulanan bu indirimle görevliye toplam 43 TL ödüyor. Buna göre, Arda'nın son aldığı ürünün fiyatı kaç TL'dir?",5,6,7,8,9,E
503618ec-e6ac-5f21-92ca-4cb821e92464,MATEMATIK,"$|a|=-a$ ve $|b|=b$ olduğuna göre, $|a-2|+|b|+|2-a|-|b|$ ifadesinin eşiti aşağıdakilerden hangisidir?",4,$2a$,$2a-2b$,$2a+4$,$2b+4$,A
bebc8fcb-685a-5472-8abc-0d895ab95414,TURKCE,"Bahçede yan yana dikilen iki armut ağacı vardı. (I) Haziran sonunda açan armut çiçekleri bir anda bahçenin havasını değiştirir ve yazın geldiğini müjdelerdi. (II) Armut ağaçlarından biri diğerinden zayıf ve şekilsizdi. (III) Bu yüzden büyük ağaç, her fırsatta onu küçümser ve ona tepeden bakardı. (IV) Ev sahibi, küçük boylu armut ağacından ümidi kesmişti. (V) Bir gün kuvvetli bir rüzgâr esti ve büyük ağaç rüzgârın etkisiyle kırıldı. (VI) Bir daha toparlanamayan armut ağacının yerini bol bol armut veren cılız armut ağacı aldı. Bu parçada, numaralanmış cümlelerden hangisinden sonra düşüncenin akışı değişmiştir?",II,III,IV,V,VI,D
c0ae7298-315a-5ee9-86ca-2eec99b9646f,MATEMATIK,"$9^x - 5 \cdot 3^x + 9 = 0$ denklemini sağlayan $x$ değerleri $x_1$ ve $x_2$'dir. Buna göre, $x_1 + x_2$ toplamı kaçtır?",2,3,4,5,6,A
9c1cc31f-c240-5564-a985-3332943f8e96,GEOMETRI,"$(x-2)^2 + (y+3)^2 = 36$ çemberine $P(-5,3)$ noktasından çizilen teğetin uzunluğu kaç birimdir?",10,8,6,4,2,B
fb0729da-4a03-5cd9-8f0f-84a93d10861a,MATEMATIK,"$(a_n)$ geometrik dizisinde $a_1 = 3$ ve $\frac{a_3}{a_2} = 2$ olduğuna göre, bu dizinin genel terimi aşağıdakilerden hangisidir?",$2^n$,$3^n-1$,$2n-2$,$3 \cdot 2^{n-1}$,$3 \cdot 2^{n-2}$,D
654e29cc-0013-5119-9096-56235e628103,KIMYA,"Aşağıdakilerden hangisinde H atomunun yükseltgenme basamağı en küçüktür? $(_6C, _8O, _{11}Na, _{16}S, _{17}Cl)$",$NaH$,$CH_4$,$H_2$,$HCl$,$H_2SO_4$,A
52202c8c-1bb1-5c93-93a7-7b883be98d32,MATEMATIK,"$x$ ve $y$ gerçek sayılar olmak üzere,
$(a_n) = (x-3)n-y$
$(b_n) = \frac{9n+y}{xn+2}$
dizileri birer sabit dizi olduğuna göre, $a_1+b_1$ toplamı kaçtır?",5,6,7,8,9,D
1c623520-7740-5080-ac09-c61e87448ddd,TURKCE,"(I) 1960'larda kırsaldan kentlere yaşanan göç sonrasında ortaya çıkan kültürel arabesk müzik, aynı zamanda bir yaşam tarzıdır. (II) 1990'lı yıllara değin kentlerin varoşlarına ve dolmuşlara sıkışan bu müziğe, devletin radyo ve televizyonlarında kültürü yozlaştırdığı gerekçesiyle yer verilmemiştir. (III) Ancak özel radyo ve televizyonların kurulmasıyla birlikte arabeske konan yasak da fiilen sona ermiştir. (IV) Bu döneme kadar yalnızca batı kesimlere seslenebilen arabesk müzik sanatçıları, özel televizyonların yaygınlaşmasıyla birlikte geniş kitlelere ulaşmıştır. (V) Arabesk müzik, özellikle ekonomik sıkıntıların yaşandığı dönemin topluma ne şekilde yansıdığı, insanların kırsaldan kentlere göçleri ve beraberinde oluşan alt kültürel yapı ile ilişkilendirilmelidir. (VI) Söz konusu müzik, sosyal topluma ait değer ve etik gibi kavramların yaşanarak kültürel değerler içerisinde kendine özgü bir tür olarak ortaya çıkarabilmektedir.
Bu parça iki paragrafa ayrılmak istense ikinci paragraf numaralanmış cümlelerin hangisiyle başlar?",II,III,IV,V,VI,D
be114633-db90-577d-b54f-563049b376b8,FIZIK,"Bir ses kaynağında sesin oluşabilmesi ve yayılabilmesinde belli aşamalar ve şartlar vardır. Buna göre bu aşama ve şartlar ile ilgili, I. Ses, bir cisme kuvvet uygulanıp cismin titreştirilmesi sonucu oluşur. II. Ses ile titreşen tanecikler etrafında bulunan tanecikleri de titreştirerek sesin yayılmasını sağlar. III. Çevremizde duyduğumuz tüm seslerin kaynağı canlı varlıklardır. yargılarından hangileri doğrudur?",Yalnız I,Yalnız II,I ve II,I ve III,"I, II ve III",C
8c727a92-12eb-5c26-a41d-365354411255,MATEMATIK,"Gerçek sayılar kümesi üzerinde tanımlı $y=x^2+1$ eğrisini $[0,2]$ aralığında 2 eşit parçaya bölen bölüntüye göre Riemann alt toplamının, üst toplamına oranı kaçtır?",$\frac{1}{3}$,$\frac{3}{10}$,$\frac{3}{7}$,$\frac{1}{4}$,$\frac{1}{5}$,B
cb846f03-4b7f-5e98-841d-7f84dba0d378,MATEMATIK,"$L$ bir gerçek sayı olmak üzere, gerçek sayılar kümesi üzerinde tanımlı $f$ ve $g$ fonksiyonları için
$\lim_{x \to 2} \frac{f(x) - \lim_{x \to 2} g(x)}{x-2} = L$
eşitliği sağlanıyor.
Buna göre,
I. $f(2) = g(2)$
II. $\lim_{x \to 2} (f(x) - g(x)) = 0$
III. $\lim_{x \to 2} \frac{f(x)}{g(x)} = 1$
ifadelerinden hangileri her zaman doğrudur?",Yalnız I,Yalnız II,Yalnız III,I ve II,II ve III,B
179fe257-ffa5-5c6b-ae90-62c2a76cc9e3,FIZIK,"Fizik dersinde öğretmen, Dünya'nın manyetik alanı konusunu anlatmaktadır. Daha sonra öğrencilerine Dünya'nın manyetik alanının oluşumu ve sonuçları ile ilgili ne anladıklarını soruyor. Buna göre; I. Yer kürenin çekirdeğinde eriyik halde bulunan demir ve nikelin hareket etmesi sonucunda oluşur. II. Oluşan manyetik alan Dünya'yı Güneş rüzgarlarından korur. III. Auroraların oluşmasına neden olur. öğrencilerin verdiği cevaplardan hangileri doğrudur?",Yalnız I,Yalnız II,Yalnız III,I ve II,"I, II ve III",E
e8e2ca4b-d823-5859-85fe-1b8aca4a9e98,KIMYA,"X, Y ve Z ametalleri ile ilgili aşağıdaki bilgiler veriliyor.
* X ve Y aynı periyottadır.
* Değerlik elektron sayıları arasında $X > Y = Z$ ilişkisi vardır.
Buna göre,
I. X ve Y arasında oluşan bileşikte X kısmi negatif değerlik alır.
II. Bağ elektronlarına sahip çıkma eğilimleri arasındaki ilişki $X > Y > Z$ şeklindedir.
III. Atom numarası en büyük olan X'tir.
yargılarından hangileri kesinlikle doğrudur?",Yalnız I,Yalnız II,Yalnız III,I ve II,I ve III,B
7a636618-61d4-51c5-b636-73da26ee02d1,KIMYA,"Modern atom modeli ile ilgili yukarıdaki ifadelerden hangileri doğrudur?
I. Heisenberg belirsizlik ilkesine göre bir elektronun yörünge üzerindeki konumu ve hızı aynı anda tespit edilemez.
II. Elektronların bulunma ihtimalinin yüksek olduğu bölgelere orbital denir.
III. Elektronların çekirdek etrafında bulunmaları elektron bulutu modeli ile açıklanır.",Yalnız I,Yalnız II,I ve III,II ve III,"I, II ve III",E
3a69c1ad-38d1-5b4c-949f-4114b8d6b68c,MATEMATIK,"$A$ ve $B$ sıfırdan farklı gerçel sayılar olmak üzere, gerçel sayılar kümesi üzerinde tanımlı $f$ ve $g$ fonksiyonları için
$\lim_{x \to 1} f(x) = A$
$\lim_{x \to 1} g(x) = B$
$\lim_{x \to 1} (f(x) + g(x)) = 4B$
$\lim_{x \to 1} (f(x) \cdot g(x)) = A + 3B$
eşitlikleri verilmiştir.
Buna göre, $A - B$ farkı kaçtır?",1,2,3,4,5,C
d22fadd0-057f-5671-a075-8f366c448f51,EDEBIYAT,"(I) İmam: Arabistan'dan gelir balçık hurması! Mahalleli: Oooo... Oooo... Oooo! Karagöz: (Sıçrayarak) Güm! Çattık be! İmam: Gelin Hanım güzel amma kalmış katası! (II) Derviş: Sineklü'yü Çamur İhsan mikrobundan... Koro: Keçanlı Ali kurtardı. Şerif: Gayıbı zemberek kuruldu. Söz kâr etmez... Derviş: Sineklü olanda, mahpusluk gere... Karagöz'den ve Cumhuriyet tiyatrosunda alınan bu parçalardan hareketle aşağıdakilerden hangisi söylenebilir?",Aynı tiyatro geleneğinin ürünleri olduğu,Aynı konunun ele alındığı,"Yazılı metin, canlı kişilerle sahnelendiği",Biçimsel yönden etkileşimin oluştuğu,Tarihi gerçekliğin seyirciyle buluşturulduğu,D
2126fad9-b7aa-5ad1-9787-5301c79b62e1,MATEMATIK,"$0 < x < 90^\circ$ olmak üzere, $\sin\left(\frac{3\pi}{2} + x\right)$ ifadesi aşağıdakilerden hangisi ile toplanırsa sonuç kesinlikle sıfır olur?",$\cos(2\pi - x)$,$\sin(\pi + x)$,$\cos\left(\frac{\pi}{2} - x\right)$,$\cos(\pi + x)$,$\sin(2\pi - x)$,C
bc961005-555b-57b8-9d0d-6bbd94e47654,MATEMATIK,"Bir ortamdaki A, B, C, D ve E ile adlandırılmış beş farklı kutunun her birinde en az bir tane top bulunmaktadır. D kutusundan 4 top A kutusuna, C kutusundan 2 top B kutusuna atılırsa tüm kutulardaki top sayıları eşit olmaktadır. Buna göre, başlangıçta A kutusu, topları ile birlikte ortamdan kaldırılırsa kalan her bir kutudaki topların sayılarının eşit olması için en az kaç top, içinde bulunduğu kutudan alınıp ortamdaki başka bir kutuya atılmalıdır?",1,2,3,4,5,A
39848d4f-a178-5013-963e-3d33bf7938ed,KIMYA,$CH \equiv CH$ bileşiği ile ilgili aşağıdaki ifadelerden hangisi yanlıştır?,Mono alkin sınıfı bileşiklerin ilk üyesidir.,VSEPR gösterimi $AX_2$ şeklinde olup C atomları arasındaki bağ açısı yaklaşık $180^\circ$'dir.,IUPAC'a göre adı etin ve yaygın adı asetilendir.,$H_2$ ile katılma tepkimesi verdiğinde C atomlarının hibrit orbitallerinin s karakteri yüzdesi artar.,Her iki karbon atomu $sp$ hibritleşmesi yapmıştır.,D
4b17556c-77b1-54a9-961f-dcd5180cbdb0,MATEMATIK,"$k$ bir gerçek sayı olmak üzere, gerçek sayılar kümesi üzerinde tanımlı $f$ fonksiyonunun birinci türev fonksiyonu $f'(x) = 5 \cdot (x-2) \cdot (x+3) + k$ biçiminde veriliyor. Buna göre, $g(x) = (1-x) \cdot k + x$ fonksiyonunun artan olduğu en geniş aralık aşağıdakilerden hangisidir?","$(- \infty, -1]$","$[-1, 4]$","$[-3, 2]$","$[4, 5]$","$[5, \infty)$",A
1fbb9e9f-f243-5b5a-ae61-264a4bb7549d,KIMYA,Aşağıda verilen çekim kuvvetlerinden hangisi güçlü etkileşim olarak sınıflandırılır?,$NH_3$ molekülünde $NH_3$ molekülleri arasındaki çekim kuvveti,Oda koşullarında $He$ atomları arasındaki çekim kuvveti,$O_2$ molekülünde $O$ atomları arasındaki çekim kuvveti,Yoğun fazda $CH_4$ molekülleri arasındaki çekim kuvveti,$H_2O$ ve $C_2H_5OH$ sıvılarından oluşan karışımda $H_2O-C_2H_5OH$ molekülleri arasındaki çekim kuvveti,C
15ddeb83-ed62-5524-945f-ed338224e17e,TARIH,"Türkiye Cumhuriyeti Devleti'nin 1932'de Milletler Cemiyeti'ne, 1934'te Balkan Antantı'na, 1937'de Sadabat Paktı'na üye olması aşağıdaki yargılardan hangisine kanıt oluşturur?","Türkiye, dünya barışına katkıda bulunmuştur.",Türkiye'nin diğer ülkeler arasında saygınlığı artmıştır.,Avrupa ve Orta Doğu'da Türkiye denge unsuru olmuştur.,"Türkiye, dış güvenliği sağlamada çok zorlanmıştır.","Türkiye, olası tehditlere karşı önlemler almaya çalışmıştır.",A
4d4d230e-565a-5cf0-a30a-1dd8ca9ef6a5,MATEMATIK,İşleminin sonucu kaçtır? $\left(1+\frac{1}{3}\right) \cdot \left(1+\frac{1}{4}\right) \cdot \left(1+\frac{1}{5}\right) \cdot \left(1+\frac{1}{6}\right)$,$\frac{1}{2}$,$\frac{3}{2}$,$\frac{4}{3}$,$\frac{5}{3}$,$\frac{7}{3}$,E
96fd0906-9c05-5636-a9cc-0ddcbbbe929f,MATEMATIK,$\frac{(x^2-5x+4) \cdot |x-7|}{7x^2} \ge 0$ eşitsizliğini sağlayan kaç farklı $x$ tam sayısı vardır?,2,3,4,5,6,C
d2cdfaf5-a01f-5f3c-bbe3-33638ae46b65,MATEMATIK,"$x$ ve $y$ birer gerçek sayı olmak üzere,
$x^2-x-2=0$
$x-y=5$
denklem sistemini sağlayan $y$ değerlerinin toplamı kaçtır?",9,10,11,12,13,A
f2336596-f296-506e-806a-785a379b2ac5,FIZIK,"Hareket halindeki X, Y ve Z cisimlerine hareket süresince etki eden net kuvvetlerin büyüklükleri ve sahip oldukları hızlarla ile ilgili bilgiler aşağıda belirtildiği gibidir: \begin{itemize} \item Hızı $100 \text{ km/h}$ olan X cismini durduran net kuvvetin büyüklüğü $F_X$'tir. \item Yere doğru sabit $2 \text{ m/s}$ hız ile düşmekte olan Y cismine etki eden net kuvvetin büyüklüğü $F_Y$'dir. \item Yatay doğrultuda sabit $4 \text{ m/s}$ hız ile hareket eden cisme etki eden net kuvvetin büyüklüğü $F_Z$'dir. \end{itemize} Buna göre; $F_X$, $F_Y$ ve $F_Z$ net kuvvetlerinin büyüklükleri arasındaki ilişki aşağıdakilerin hangisinde doğru olarak verilmiştir?",$F_Y > F_Z = F_X$,$F_Y = F_Z > F_X$,$F_X > F_Y = F_Z$,$F_Y = F_X > F_Z$,$F_Y = F_Z = F_X$,C
75a263c2-398e-5903-84ed-4cfc2605f237,MATEMATIK,"$(\tan x + 1) \cdot (\cot x - 1) = 1$ olduğuna göre, $\cot 2x$ kaçtır?",$\frac{1}{2}$,2,3,$\frac{1}{3}$,1,A
2117a3fe-e6f6-5439-bd0a-ab2308648055,MATEMATIK,$6mx - 10m = 2nx + 20$ denkleminin sonsuz çözümü olduğuna göre $\frac{n}{m}$ oranı kaçtır?,1,2,3,4,5,C
7d795a87-8637-51bd-b7f8-406bab1bb6c2,TURKCE,Numaralanmış cümlelerin hangisinde hem üslup hem de içerikle ilgili bir değerlendirme yapılmıştır?,I,II,III,IV,V,A
d156fdfa-50e0-5113-9660-7abf16b0eee7,MATEMATIK,"Asuman defterine çizdiği sayı doğrusu üzerine, seçtiği iki tam sayıyı birbirine bağlayan kırmızı düz bir çizgi çiziyor. Bu kırmızı çizginin üzerindeki sayıların 3 eksiği daima 8'den küçük oluyor. Çizgi üzerindeki sayıların 2 fazlası ise daima 0'dan büyük oluyor.
Buna göre, kırmızı çizginin uzunluğu en fazla kaç birimdir? (Art arda gelen iki tam sayı arası uzaklık 1 birimdir.)",6,7,8,9,10,B
4f72c4fb-abfd-5f49-ab0d-c86243e6ab0f,MATEMATIK,"Gerçel sayılarda tanımlı $f$, $g$ ve $h$ sabit fonksiyonları ile ilgili $f(x) = 2 \cdot g(x) = 3 \cdot h(x)$ eşitliği veriliyor. Buna göre, $\frac{(f \circ g)(x) - (g \circ h)(x)}{(f \circ f)(x) - (h \circ h)(x)}$ işleminin sonucu kaçtır?",$\frac{10}{9}$,$\frac{6}{5}$,$\frac{7}{6}$,$\frac{7}{9}$,$\frac{9}{8}$,A
f071c06f-9cf7-5007-a803-d25a8f39c091,MATEMATIK,"Bir $n$ gerçek sayısı için, $|n| < 6$ olduğuna göre, $|n-6| + |2n-12|$ ifadesinin alabileceği kaç farklı tam sayı değeri vardır?",3,5,6,10,11,E
41f8c4d3-27fd-5d68-a217-1fc6b2cdea0b,FIZIK,Sabit derinlikli ortamda periyodik dalgalar kırınıma uğradığında hangi nicelikleri değişir?,Genlikleri,Hızları,Frekansları,Dalga boyları,Periyotları,A
36f12385-0f6b-59f8-80e7-7d9c62a00a26,MATEMATIK,"$f: \mathbb{Z} \to \mathbb{Z}$ olmak üzere,
$f(x)=\begin{cases} x+1 & x \in \mathbb{Z}^- \\ 4 & x=0 \\ x^2+2 & x \in \mathbb{Z}^+ \end{cases}$
fonksiyonu veriliyor.
Buna göre,
I. $f(x)$ artan fonksiyondur.
II. $f(x)$ tek fonksiyondur.
III. $f(x)$ bire bir değildir.
ifadelerinden hangileri doğrudur?",Yalnız I,Yalnız II,Yalnız III,I ve II,I ve III,C
33738aa7-2a57-50ef-9e23-04c91f45b52d,MATEMATIK,"Genel terimi $T_n = \frac{n(n+1)}{2}$ olan diziye Üçgensel Sayı Dizisi, genel terimi $K_n = n^2$ olan diziye Karesel Sayı Dizisi, ilk iki terimi 1 olup bunlardan sonraki her terimi kendisinden hemen önce gelen iki terimin toplamı şeklinde yazılabilen diziye Fibonacci Dizisi denir. Buna göre, I. Üçgensel sayı dizisi ile karesel sayı dizisinin iki basamaklı ortak elemanı yoktur. II. Fibonacci dizisi ile karesel sayı dizisinin iki basamaklı ortak elemanı yoktur. III. Karesel sayı dizisinin her elemanı üçgensel sayı dizisinin ardışık iki elemanının toplamına eşittir. ifadelerinden hangileri doğrudur?",Yalnız I,Yalnız II,I ve II,I ve III,"I, II ve III",C
c98abd27-9f11-56f5-9680-f24c63825f08,KIMYA,"$25 \ \text{°C}$ de 1 litrelik kapta,
$C_{(k)} + O_{2(g)} \rightleftharpoons CO_{2(g)} \ \ K_c = 2$
tepkimesi dengeye ulaştığında kapta 0,3 mol C, bir miktar $O_2$ ve 0,4 mol $CO_2$ gazı bulunmaktadır.
Buna göre, kapta kaç mol $O_2$ gazı bulunur?",0.1,0.2,0.3,0.4,0.5,B
f5d71c20-5685-59d4-b787-7ea7c7e28f67,KIMYA,"$Fe_2O_3(k) + 6HCl(suda) \to 2FeCl_3(suda) + 3H_2O(s)$ denklemine göre $0,1$ mol $Fe_2O_3$ katısı harcanıyor. Buna göre tepkime ile ilgili; I. $0,2$ mol $FeCl_3$ oluşur. II. $5,4$ gram $H_2O$ oluşur. III. $0,6$ mol $HCl$ harcanır. yargılarından hangileri doğrudur? $(H: 1, O: 16)$",Yalnız I,Yalnız II,I ve III,II ve III,"I, II ve III",E
ef269844-91f0-5d93-b0f7-a08c6d47d1d1,MATEMATIK,"5 kilogram fındık ile 3 kilogram fıstığın toplam fiyatı 175 TL. 2 kilogram fındık ile 1 kilogram fıstığın toplam fiyatı 70 TL'dir. Buna göre, 1 kilogram fındık kaç liradır?",40,38,35,32,30,C
4e71f703-a085-5023-9cb9-2e525a23bedb,MATEMATIK,$\frac{x^2-2x-3}{x^2-x-2} \le 0$ eşitsizliğinin gerçek sayılar kümesindeki çözüm kümesi aşağıdakilerden hangisidir?,"$(- \infty, -1]$","$(-1, 0)$","$(3, \infty)$","$(-1, 0) \cup (3, \infty)$","$(-3, 0) \cup [1, \infty)$",D
59adea9b-9d00-5b70-9080-74a2189eb6ca,MATEMATIK,"Üçüncü dereceden bir $P(x)$ polinomu için, $P(x+3)$ polinomunun katsayılar toplamı $23$'tür. $P(1)=2$ $P(2)=3$ $P(3)=4$ olduğuna göre, $P(x)$ polinomunun sabit terimi kaçtır?",$-21$,$-19$,$-17$,$-15$,$-13$,E
952cfd61-70c7-518e-880b-89557e07445e,MATEMATIK,"A, L, İ ve S harflerinden her biri birer birer rakam olmak üzere, 2, 3, 4, 7 rakamları ile eşleştirilerek ALI, SAL, ASİ biçiminde üç basamaklı doğal sayılar oluşturuluyor. Bu sayılar küçükten büyüğe doğru sıralandığında 243, 273 ve 724 sayıları elde ediliyor.
Buna göre, LİSA dört basamaklı doğal sayısı aşağıdakilerden hangisidir?",3427,3472,4372,7324,7423,B
4c3d7045-2649-5403-8404-d482b75f02bc,MATEMATIK,$\frac{\tan1^\circ}{\left(1-\tan^21^\circ\right)\left(1-\tan^22^\circ\right)\left(1-\tan^24^\circ\right)}$ ifadesinin en sade hali aşağıdakilerden hangisidir?,$\cot4^\circ$,$\frac{\tan4^\circ}{4}$,$\frac{\tan8^\circ}{8}$,$\frac{\tan16^\circ}{16}$,$\frac{\cot32^\circ}{16}$,C
62649d03-83be-56c5-ad52-94f8b5583788,KIMYA,"$2X_{(g)} + 3Y_{(g)} \rightleftharpoons Z_{(g)} \quad \Delta H > 0$ Mavi renksiz Yukarıdaki denge tepkimesi ile ilgili, I. Sıcaklık artırılırsa renk açılır. II. Sabit sıcaklıkta kap hacmi küçüldüğünde renk koyulaşır. III. Sabit sıcaklıkta kap hacmi artırıldığında renk koyulaşır. yargılarından hangileri doğrudur?",Yalnız I,Yalnız II,I ve II,I ve III,"I, II ve III",B
cb4df182-7a03-51e9-9243-5025213b98d6,KIMYA,"$CO_{2(g)} + H_{2(g)} \rightleftharpoons CO_{(g)} + H_2O_{(g)}$ tepkimesi belirli bir sıcaklıkta 1 litrelik kapta 0,2 mol $CO_2$ ve 0,2 mol $H_2$ gazı ile başlatılıyor. Aynı sıcaklıkta dengeye ulaşıldığında kapta 0,08 mol CO gazı bulunuyor. Buna göre, I. Tepkimenin derişimler cinsinden denge sabiti ($K_c$) $\frac{4}{9}$'dur. II. Aynı sıcaklıkta $CO_{(g)} + H_2O_{(g)} \rightleftharpoons CO_{2(g)} + H_{2(g)}$ tepkimesinin $K_c$'si 1,5'tir. III. Aynı sıcaklıkta tepkimenin $K_p/K_c$'si $\frac{4}{9}$'dur. yargılarından hangileri doğrudur?",Yalnız I,I ve II,I ve III,II ve III,"I, II ve III",B
36f70957-8fb6-5f34-855f-19bf42797230,MATEMATIK,"20 sayfalık bir kitabın bazı sayfalarını okuyan Nurhan, ""Okuduğum sayfaların numaraları çarpımı A, okumadığım sayfaların numaraları toplamı B'dir."" demiştir. A + B tek sayı olduğuna göre, Nurhan kitaptaki sayfaların en çok yüzde kaçını okumuştur?",35,40,45,50,55,C
3c7879c6-291f-5d9b-88c3-00e6a95bda04,BIYOLOJI,"Bir bilim insanı ""Bitkilerde bölünmez dokuya ait bazı hücreler zamanla yeniden bölünme özelliği kazanabilir."" hipotezini kuruyor. Bitkisel dokulara ait I. Yapraklarda gaz alışverişini sağlayan stomalar, epidermis hücrelerinin farklılaşmasıyla meydana gelir. II. Gövde su emilimini sağlayan emici tüy hücreleri epidermis kökenlidir. III. Gövdede enine büyümeyi sağlayan kambiyum, parankima hücrelerinin farklılaşmasıyla oluşur. bilgilerinden hangileri bu hipotezi desteklemek için kullanılabilir?",I ve II,II ve III,Yalnız I,Yalnız II,Yalnız III,E
0204c6ec-8142-567b-b5a6-593ae9931796,TURKCE,"Muhabir:
(I)
Editör:
-Yayınevimin kuruluş döneminde sahibiyle geçmişten gelen bir tanışıklığımız vardı. Sıradan bir dost ziyareti ile başlayan gelip gitmelerim, ortamın bir okul/ekol olması sebebiyle sıklaşti ve huzur içinde nefes aldığım, heyecan duyduğum, hayata zenginlikler kattığım bir ortam olarak beni kendisine bağladı.
Muhabir:
(II)
Editör:
-O kadar çok faktör var ki... Kurgu veya kurgu dışı olmak üzere iki ayağımız var. Öncelikli kriterimiz, üçüncü kez tek- rar ediyor olacağım ama, ""Bu eser insanımızın tekâmülüne katkı sağlar mı?"" sorusuna olumlu cevap vermektir.
Bu diyalogda boş bırakılan yerlere aşağıdakilerden hangisi sırasıyla getirilmelidir?
(I) Geleceğe yönelik olan planlarınızda bu işi yapmak var mıydı?
(II) Günümüzde yayıncılığın geldiği noktayı yeterli bulu- yor musunuz?
(I) Yayıneviyle yollarınızın kesişmesi nasıl oldu?
(II) Yayımladığınız kitaplarda belirli bir kriteriniz var mı?
(I) Kendi yapınıza uygun bir yerde çalıştığınızı düşünü- yor musunuz?
(II) Yazarlarınızda sahip olmalarını istediğiniz özellikler var mı?
(I) Yayınevlerinin çözülmesi gereken problemleri var mı?
(II) Okurlarınızla nasıl bir ilişkiniz var?
(I) Yayınevinizin ekibiyle çalışmaya nasıl başladınız?
(II) Yayımladığınız kitap sayısıyla ilgili bir hedefiniz var mı?","(I) Geleceğe yönelik olan planlarınızda bu işi yapmak var mıydı?
(II) Günümüzde yayıncılığın geldiği noktayı yeterli bulu- yor musunuz?","(I) Yayıneviyle yollarınızın kesişmesi nasıl oldu?
(II) Yayımladığınız kitaplarda belirli bir kriteriniz var mı?","(I) Kendi yapınıza uygun bir yerde çalıştığınızı düşünü- yor musunuz?
(II) Yazarlarınızda sahip olmalarını istediğiniz özellikler var mı?","(I) Yayınevlerinin çözülmesi gereken problemleri var mı?
(II) Okurlarınızla nasıl bir ilişkiniz var?","(I) Yayınevinizin ekibiyle çalışmaya nasıl başladınız?
(II) Yayımladığınız kitap sayısıyla ilgili bir hedefiniz var mı?",B
d59a303f-5862-5c5e-b7e3-7092a475c38b,MATEMATIK,"$\frac{a-3}{4} = \frac{b-2}{3} = \frac{c-1}{2}$ ve $a+b+c=21$ olduğuna göre, $a-b$ ifadesinin değeri kaçtır?",-3,-2,-1,0,2,A
00be893d-f13e-52ab-a391-ba5f445e03a7,EDEBIYAT,"Toplumcu gerçekçi roman kaleme alan yazarların çoğu, köyü ve köylüyü ele almasıyla dikkat çeker. Onlar, dünya görüşleri doğrultusunda halkın ve emekçinin sorunlarını konu edinir. Aşağıdakilerin hangisi bu parçada sözü edilen anlayışla eser veren sanatçılardan biri değildir?",Kemal Tahir,Orhan Kemal,Sadri Ertem,Orhan Pamuk,Samim Kocagöz,D
4d8076b6-8bcd-51c8-a656-906a7aa4ebad,MATEMATIK,"İlk iki terimi $b_1 = \frac{4}{3}$ ve $b_2 = 2$ olan $(b_n)$ geometrik dizisi ile ortak farkı bu geometrik dizinin ortak çarpanı olan $(a_n)$ aritmetik dizisi veriliyor. $b_x = a_{11}$ olduğuna göre, $x$ kaçtır?",10,11,12,13,14,D
96e612a4-43f4-5e0b-857a-973f81163f64,TURKCE,"(I) Sait Faik, Darüşşafaka Lisesi'nde bir söyleşiye katılır. (II) Okulda yapılan ilk toplantının konuğu Fazıl Hüsnü Dağlarca olur ve bunca toplantıya konuk olması için Abasıyanık'ın ikna etmesi gerekir. (III) Söyleşiden sonra okulu gezen Sait Faik; annesinin, kimsesiz çocuklara güzel imkânlar sağladığını gördüğü Darüşşafaka'ya mal varlığını bağışlamayı teklif eder. (IV) Makbule Hanım, Sait Faik'in ölümünden sonra, mal varlıklarının çoğunu ve oğlunun eserlerinin telif hakkını bu cemiyete bırakır. (V) Yazar ve biricik oğlunun anısını kendisiyle yaşatmak için de her yıl Sait Faik ve Makbule Abasıyanık Hikâye Mükafatı yarışmasının düzenlenmesini vasiyetine eklemiştir.
Bu parçada numaralanmış cümlelerden hangisinin çıkarılması anlam akışında bir daralmaya neden olmaz?",I,II,III,IV,V,B
159fea68-3424-5ad5-961b-c3931b149f7c,MATEMATIK,$x^2 + x - (a-1) - a = 0$ denkleminin bir kökü aşağıdakilerden hangisidir?,$\frac{1}{2}$,$\frac{3}{2}$,$a$,$-a$,$-\frac{a}{2}$,D
3568f450-7fa8-5668-a66b-ae0440785b04,MATEMATIK,$\\int_{-1}^{1} \\frac{1}{x^2} dx$ integralinin değeri kaçtır?,-1,0,1,2,3,B
5000c899-754c-56ac-ae73-f4726ee44a55,MATEMATIK,"$x \neq -\frac{9}{4}$ olmak üzere, $\frac{ax-27}{4x+9}$ ifadesi sabit kesir belirttiğine göre, $a$ kaçtır?",-6,-4,-3,-12,-15,D
47fdc9da-3339-52a2-8cc1-34687be10988,GEOMETRI,"Dik koordinat düzleminde $x^2 + y^2 - 6x - 8 = 0$ çemberinin $P(1, 2)$ noktasından geçen en kısa kirişinin uzunluğu kaç birimdir?",$2\sqrt{2}$,3,$4\sqrt{2}$,5,6,E
6d0e06ea-3e8a-52db-ad38-1d92d231de14,MATEMATIK,"$(x-2) \cdot P(x) = x^2 - 4x + a$ olduğuna göre, $P(-3)$ kaçtır?",-5,-3,-1,1,4,C
972b9e78-f488-53eb-aa1a-363b676c1dc5,KIMYA,25 °C'deki saf su ile ilgili aşağıdaki ifadelerden hangisinin doğru (D) ya da yanlış (Y) şeklinde değerlendirilmesinde hata yapılmıştır?,$[H^+] \cdot [OH^-] = K_su$'dur.,$[OH^-] > 10^{-7}$ molar ise pH > 7'dir.,$[H^+] < [OH^-]$ ise çözelti asidiktir.,$[H^+] = 10^{-7}$ molar ise çözeltide $OH^-$ iyonu yoktur.,$[H^+] = [OH^-]$ olan çözeltiler nötrdür.,D
bb57b1d0-4fa7-5843-afcb-74c84d0f4c4d,GEOMETRI,"Dik koordinat düzleminde $2x + 3y - 6 = 0$ doğrusunun $A(2, -1)$ noktasına göre simetrisi olan doğru $B(-2, a)$ noktasından geçtiğine göre, $a$ kaçtır?",-3,-2,-1,0,1,D
7b9b2a38-011d-5ca4-b5a3-934d524767a2,COGRAFYA,"Varşova Paktı 1991 yılında dağılmış bir uluslararası siyasi ve askerî örgüttür. Varşova Paktı'nın çökmesinden kısa bir süre sonra önce Sovyetler Birliği ve Yugoslavya daha sonra Çekoslovakya dağılmış, yeni ülkeler kurulmuştur.
Bu bilgilerden aşağıdakilerden hangisi çıkarılamaz?",Örgütler zaman içerisinde dağılmıştır.,Varşova Paktı siyasi ve askerî örgüttür.,Siyasi örgütler zamanla işlevini yitirebilir.,Siyasi örgütlerin sınırları kolay değişir.,Devletlerin dağılması yeni siyasi ve askerî örgütleri ortaya çıkarır.,E
34c9be36-888c-55bd-9201-89a6aec58af2,KIMYA,"2 mol $\text{NH}_3$ gazı ile ilgili aşağıdakilerden hangisi yanlıştır? ($\text{N}_A$: Avogadro sayısı, $\text{NH}_3$: 17)",2 mol molekül içerir.,$2\text{N}_A$ tane N atomu içerir.,6 tane H atomu içerir.,"NK'da 44,8 L hacim kaplar.",34 gramdır.,C
ad8cd0f0-7296-5fbf-b4d6-00c48e7ec210,MATEMATIK,"Birbirinden farklı 11 oyuncak, yaşları sırasıyla 1, 2 ve 3 olan üç çocuğa yaşları ile ters orantılı paylaştırılacaktır. Buna göre, bu dağıtım kaç farklı şekilde yapılabilir?",4620,4600,3260,2640,2460,A
f7b8a6fd-86a5-511e-a978-18f047ae19b3,MATEMATIK,Aşağıda gerçek sayılar kümesi üzerinde tanımlı $f$ fonksiyonunun grafiği verilmiştir. Buna göre; I. $f(x)$ fonksiyonu $\mathbb{R}$'de süreklidir. II. $f(|x|)$ fonksiyonu $\mathbb{R}$'de süreklidir. III. $f$ fonksiyonu $\mathbb{R} \setminus \{1\}$'de süreklidir. ifadelerinden hangileri doğrudur?,Yalnız I,Yalnız II,Yalnız III,I ve II,II ve III,C
4a046a5c-5740-511c-affe-2d12edccad9f,MATEMATIK,"$f(x) = x^3 - 2x^2 + (m-1)x - n - 3$ fonksiyonuna $(1, 7)$ noktasından çizilen teğetin eğimi $9$ olduğuna göre, $m-n$ farkı kaçtır?",$-5$,$-4$,$-3$,$-2$,$-1$,A
2c85dd51-41ad-5b45-95c5-611272dac256,FIZIK,"Dünya'da $h$ yüksekliğinden serbest bırakılan bir cisim $t$ sürede yere düşüyor.
Aynı cisim kütlesi ve yarıçapı Dünya'nın kütle ve yarıçapının iki katı olan gezegende $h$ yüksekliğinden serbest bırakılırsa kaç $t$ sürede yere düşer?
(Hava dirençleri önemsizdir.)",2,$\sqrt{2}$,1,$\frac{1}{\sqrt{2}}$,$\frac{1}{2}$,C
d8b8c414-0c88-57d8-b90a-db1b4d14a872,MATEMATIK,"$f(x) = \begin{cases} \frac{x^2+3x-18}{|3-x^2-3x|} & x < 3 \\ x^2-3x & x \ge 3 \end{cases}$ olduğuna göre, $\lim_{x \to 3} \frac{f(x)}{x-3}$ limitinin sonucu aşağıdakilerden hangisidir?",Yoktur,0,1,8,9,E
387c0811-cf11-5857-85ca-467d922f79b4,MATEMATIK,"Sedat, normal sürati ile 8 saatte tamamlamayı planladığı bir yolun ilk 3 saatinde normal süratinin 50 km üzerinde sabit bir şekilde, son 5 saatinde ise normal süratinin yarısı kadar bir süratle sabit bir şekilde giderek yolculuğunu zamanında tamamlamıştır.
Buna göre, Sedat'ın normal sürati saatte kaç km'dir?",40,50,60,70,80,B
7eefab2f-5ea7-5091-9f31-60f3fdc3a5a9,MATEMATIK,"$a$ ve $b$ pozitif tam sayılar olmak üzere $f(x) = (x+a) \cdot \sqrt{x+b}$ ve $f'(0) = 4\sqrt{5}$ eşitlikleri veriliyor. Buna göre, $a+b$ toplamı aşağıdakilerden hangisi olabilir?",23,25,26,30,32,C
3d22e9fe-4ff8-56db-8b27-2ab6a2d41943,MATEMATIK,"Gerçel sayılar kümesinde, $\frac{x+1}{x-1}=4x$ eşitliği tanımlanıyor. Buna göre, $\frac{3x-1}{x-2}+\frac{x+2}{x-3}$ eşitliğini sağlayan $x$ değeri kaçtır?",-2,-1,1,4,5,E
eaf952e1-a304-5741-9ef9-581918dc7c3f,MATEMATIK,$2x^2 + 5x - 1 = 0$ denkleminin diskriminantı kaçtır?,31,32,33,34,35,C
78875c32-f721-5b2c-9044-7871a5dab438,MATEMATIK,"Aşağıda uzunluğu 2.5 metreden daha az olan bir yol görseli verilmiştir. Yol kırmızı bir şeritle tam ortadan iki eşit parçaya bölünüyor.
Yolun 1. kısmına 12 cm aralıklarla, yolun ikinci kısmına ise 15 cm aralıklarla sarı uyarı levhaları konuluyor.
Sarı uyarı levhaları yolun başına, ortasına ve sonuna da konulduğuna göre, yolun tamamına en çok kaç tane sarı uyarı levhası konulmuş olur?",18,24,36,48,72,B
37285d84-bbce-55f0-b93c-ec016b2190c7,MATEMATIK,"Uygun koşullarda tanımlı $f(x)$ fonksiyonu için $h(x) = \frac{4(f(x) - f(-x))}{1903}$ ve $g(x) = \frac{4(f(x) + f(-x))}{1903}$ fonksiyonları veriliyor. Buna göre, I. $h(x)$ tek fonksiyondur. II. $g(x)$ çift fonksiyondur. III. $f(x)$ tek fonksiyon ise $h(x) + g(x)$ tek fonksiyondur. IV. $f(x)$ çift fonksiyon ise $h(x) - g(x)$ çift fonksiyondur. ifadelerinden kaç tanesi doğrudur?",0,1,2,3,4,D
26b175e1-7e77-5d7c-bc91-3a8c4ee8d48c,MATEMATIK,"$\frac{a}{x} = \frac{2a-2b}{x+3y} = \frac{5a-b}{6-y} = 7$ olduğuna göre, $b$ kaçtır?",16,14,12,10,8,B
5ed85a03-62f7-5fb8-9d42-c1a7d662ad63,MATEMATIK,$f(x) = x^2(x^2-4)(x^2-1)x$ fonksiyonu için I. $y = f(x)$ fonksiyonunun grafiğinin $x$ eksenini kestiği noktaların apsisleri toplamı $0$ dır. II. $y = f(x)$ fonksiyonunun grafiği orijinden geçer. III. $f''(2) = 24$ tür. ifadelerinden hangileri doğrudur?,Yalnız I,Yalnız II,Yalnız III,I ve II,"I, II ve III",E
26ee7b5f-d9bd-5e64-8d51-ca5e6428b231,MATEMATIK,"$f(x) = \begin{cases} |x-4|-a & x \ge 3 \\ b+|x-6| & x < 3 \end{cases}$ fonksiyonu veriliyor. $f(x)$ fonksiyonu $x=3$ noktasında sürekli olduğuna göre, $a+b$ toplamı kaçtır?",-1,-2,-3,3,4,A
13c9c9df-c238-548d-9d2c-2e2649205e88,MATEMATIK,"$ (g \circ f^{-1})(x) = 4x-1 $ $f(x) = 2x-3$ olduğuna göre, $g(3)$ kaçtır?",-3,-2,-1,0,1,E
eb6071ad-c9b0-567f-a0b7-cf1d1a696188,MATEMATIK,"Gerçel sayılar kümesi üzerinde bir $f$ fonksiyonu her $x$ gerçel sayısı için $f(x)=2x-1-f(x+1)$ biçiminde tanımlanıyor. $f(2)=4$ olduğuna göre, $f(4)$ değeri kaçtır?",3,4,5,6,7,D
0a2544ab-8498-545c-886a-d9863c0fd4fc,MATEMATIK,$P(x) = x^{n-3} + x^{8-n} + n^{n-1} + n$ polinomunun sabit terimi en fazla kaç olur?,3,4,5,6,7,E
48950356-8639-5fe8-a93f-8f0c24e14a9c,MATEMATIK,"3 farklı fizik, 2 farklı matematik ve 2 özdeş kimya kitabı yan yana dizilecektir. Özdeş kimya kitaplarının yan yana gelmeme olasılığı kaçtır?",$\frac{1}{2}$,$\frac{2}{3}$,$\frac{3}{5}$,$\frac{5}{7}$,$\frac{7}{8}$,D
879c35dd-007b-5711-b3e1-1020c0f48549,TURKCE,"(I) Çin ile işlenmiş büyük panolardaki pek çok çalışmada, dalları tam gelişmiş bir ağaç olarak işlenmiştir. (II) Çinlerde ağaçlara, servilere dolanmış bahar dalları görülür. (III) Bunlarda dallar ve ağaç gövdesi; gölgeli, taramalı ve bucaklıdır. (IV) Bu, ağacın aslına yakın bir şekilde görünmesini sağlar. (V) Çinlerde ise geometrik şekiller dekoratif ürünler olarak da kullanılır. Bu parçada numaralanmış cümlelerden hangisi anlamın akışını bozmaktadır?",I,II,III,IV,V,E
0ff7ac9f-d64c-52d4-9d37-3a742414af07,FIZIK,"Elektromanyetik dalgalarla ilgili;
I. Gama ışınlarının frekansı radyo dalgalarınınkinden büyüktür.
II. Boşlukta ışık hızı ile yayılırlar.
III. Elektromanyetik spektrumda görünür ışık, kızılötesi ve morötesi ışınların arasında yer alır.
yargılarından hangileri doğrudur?",Yalnız I,I ve II,I ve III,II ve III,"I, II ve III",B
bac57983-c39a-50d5-8690-fc95d3717267,FIZIK,"Aşağıda günlük hayat ile ilgili bazı görseller verilmiştir. Buna göre, I, II ve III numaralı görsellerden hangilerinde sürtünmeyi azaltmak amaçlanmıştır?",Yalnız I,Yalnız II,Yalnız III,I ve III,II ve III,C
453065a2-7a9e-596d-9970-c029f0c7dce7,MATEMATIK,"İki sayının asal çarpanlarının oluşturduğu birleşim kümesinin eleman sayısı, bu iki sayının EBOB'larına eşit ise bu sayı ikilisine ""BAŞAY İKİLİLERİ"" denir. Örneğin; $6 = 2 \cdot 3$ olduğundan 6'nın asal çarpanları 2 ve 3'tür. $15 = 3 \cdot 5$ olduğundan 15'in asal çarpanları 3 ve 5'tir. $(6, 15)$ ikilisinin farklı tüm asal çarpanları $(2, 3, 5)$ olup bu kümenin eleman sayısı 3'tür. EBOB $(6, 15) = 3$'tür. O hâlde, $(6, 15)$ bir ""BAŞAY"" ikilisidir. Buna göre, aşağıdakilerden hangisi bir ""BAŞAY İKİLİSİ""dir?","$(15, 105)$","$(30, 21)$","$(75, 14)$","$(105, 110)$","$(60, 70)$",E
1f756e40-447c-5937-a0e7-9cacfcb0587c,FIZIK,"Aynı ortamda yayılan X ışınları ve radyo dalgaları için,
I. Hızları aynıdır.
II. Dalga boyları aynıdır.
III. Frekansları aynıdır.
yargılarından hangileri doğrudur?",Yalnız I,Yalnız II,Yalnız III,I ve II,I ve III,A
f8917300-aa19-51b9-9d4a-7ceebae1956d,FIZIK,"K, L, M küp biçimindeki cisimlerin kenarları sırasıyla $a, 2a, 3a$ ve özkütleleri de sırasıyla $3d, 2d, d$'dir. K, L ve M cisimlerinin yatay düzleme yaptıkları basınçlar sırasıyla $P_K, P_L, P_M$ oluyor. Buna göre, bu basınçlar arasındaki ilişki nedir?",$P_K > P_L > P_M$,$P_L > P_M > P_K$,$P_M > P_L > P_K$,$P_L > P_K = P_M$,$P_K = P_L = P_M$,E
e58dc55f-d818-5f43-a02c-99b73b6b1d9f,MATEMATIK,"Katsayıları $A = \{1, 5\}$ kümesinin elemanlarından seçilen $P(x) = ax^2 + bx + c$ polinomu için $P(0) = 0$ denkleminin kökleri reel sayı olmayan birer karmaşık sayıdır. Buna göre, kaç farklı $P(x)$ polinomu yazılabilir?",4,5,6,7,8,D
8debb1de-6f02-5ae0-aa79-fa33c437b8f2,KIMYA,Aşağıda monomeri verilen polimerlerden hangisinin kısa gösterilişi yanlıştır?,Etilen - PE,Vinil klorür - PVC,Stiren - PS,Tetraflor etilen - Teflon,Etilen - PET,E
781133b5-3e96-5dc2-a48e-1850b385251f,TARIH,"İslamiyet'in, VIII. yüzyılın ikinci yarısından itibaren Orta Asya'da hızlı bir şekilde yayılmasında, Müslümanların Türklere karşı gösterdikleri hoşgörünün payı büyüktür. Yukarıda verilen durumda, tarihin tanımında yer alan aşağıdaki ögelerden hangisine değinilmemiştir?",Yer,Zaman,Neden-sonuç,Ekonomik faaliyetler,Kronoloji,D
613a8e5b-d998-5764-bfb3-037c25e9e0e3,MATEMATIK,"Saatteki hızı $34 \text{ km/sa}$ olan bir aracın $20 \text{ saatte}$ aldığı bir yolu, saatteki hızı $170 \text{ km/sa}$ olan başka bir araç kaç saatte alır?",3,4,5,6,7,B
e650f0bf-a74b-50d9-9289-5530354e1b11,MATEMATIK,"Bir torbada 4 mavi ve 3 sarı top bulunmaktadır. Torbaya geri atılmamak şartıyla bu torbadan aynı anda iki top çekildiğinde
* renkleri aynı ise başka işlem yapılmıyor.
* renkleri farklı ise bir top daha çekiliyor.
Buna göre, bu işlemin sonunda iki sarı top çekilme olasılığı kaçtır?",$\frac{13}{35}$,$\frac{2}{5}$,$\frac{3}{7}$,$\frac{16}{35}$,$\frac{17}{35}$,A
14ed259d-fa83-5c44-a67e-2b5ee4527ef9,TURKCE,Aşağıdakilerden hangisinde verilen sözlerin tamamı-nın yazımı doğrudur?,"doküman, tazyik, alerji, pehriz","erozyon, maydonoz, kolloktif, sürpriz","espri, bisküvi, rastlantı, antraman","her şey, her gün, herbiri, herhangi","egzoz, övüntülü, başçavuş, elebaşı",E
8d6a890e-396a-5e38-b119-3c0a2d5b8333,MATEMATIK,$y = \frac{x^4}{4} - \frac{x^3}{3} + \frac{3x^2}{2} - 1$ fonksiyonunun kaç tane ekstremum noktası vardır?,1,4,3,5,2,C
b219b30a-63de-5cd0-a4b5-1d43fb65448e,MATEMATIK,"$x$ dar açı olmak üzere, $\cot x - \cot 7^{\circ} = \sin 7^{\circ} + \cos 7^{\circ}$ olduğuna göre, $x$ kaç derecedir?",3,7,13,77,83,E
780877a1-8ed8-525d-b49f-d7ea008b7195,KIMYA,"$Cl_{2(g)} + 2e^- \rightarrow 2Cl^-_{(s)} \quad E^o_{indirgenme} = +1,36 \text{ Volt}$
$Br_{2(s)} + 2e^- \rightarrow 2Br^-_{(s)} \quad E^o_{indirgenme} = +1,06 \text{ Volt}$
$I_{2(k)} + 2e^- \rightarrow 2I^-_{(s)} \quad E^o_{indirgenme} = +0,54 \text{ Volt}$
$Cl_2$, $Br_2$ ve $I_2$ halojenlerinin indirgenme yarı pil potansiyelleri yukarıda verilmiştir.
Buna göre;
I. $I_{2(k)} + 2Cl^-_{(s)} \rightarrow 2I^-_{(s)} + Cl_{2(g)}$
II. $2Br^-_{(s)} + I_{2(k)} \rightarrow Br_{2(s)} + 2I^-_{(s)}$
III. $Cl_{2(g)} + 2Br^-_{(s)} \rightarrow 2Cl^-_{(s)} + Br_{2(s)}$
reaksiyonlarından hangileri kendiliğinden gerçekleşir?",Yalnız I,Yalnız II,Yalnız III,I ve II,"I, II ve III",C
7e474544-41fe-56bc-937e-367384c5de1a,KIMYA,"$Al_4C_3 + xH_2O \rightarrow 4Al(OH)_3 + yCH_4$
denkleştirilmiş tepkimesinde $x + y$ toplamı kaçtır?",9,12,15,18,21,C
854868ad-83e6-5c28-8d38-a3577ab94621,KIMYA,Oda koşullarında hazırlanan ve pH değeri 5 olan sulu çözeltideki $H^+$ iyonu molar derişimi ve çözeltinin pOH değeri kaçtır?,$10^{-6}$ 3,$10^{-9}$ 9,$10^{-5}$ 9,$10^{-7}$ 8,$10^{-5}$ 10,C
e3501532-ffd0-5a89-9add-043e73c8c88e,BIYOLOJI,"Oksijenli solunum ve laktik asit fermantasyonunda; I. kemiozmotik mekanizma ile ATP üretilmesi, II. NADH molekülünün, NAD$^+$'a yükseltgenmesi, III. elektronların, elektron taşıma zinciri elemanlarınca taşınması olaylarından hangileri ortak olarak gerçekleşir?",Yalnız I,Yalnız II,Yalnız III,I ve II,II ve III,B
cd9a8227-9de5-5916-a7c1-4f3cbbddc564,TURKCE,"Yıllardır ""beyin jimnastiği"" oyun ve uygulamaları, bilişsel yeteneklerimizi geliştirmenin kolay ve etkili bir yolu olarak tanıtılıyor. Bunun arkasında da hafıza veya uzamsal beceriler üzerindeki anlık etkilerine odaklanan bir dizi hızlı büyümeyi çözme pratiklerinin zamanla bu alanlardaki yetenekleri artırdığı, teorik düzeyde de genel zekayı geliştirdiği fikri yatıyor. Bilim insanları özellikle bu ""yakın"" ve ""uzak"" transfer etkileri arasında bir ayrım yapmaya çalışıyor. Yakın etkiler --- uzak etkiler ---.
Bu parça düşüncenin akışına göre aşağıdakilerin hangisiyle tamamlanırsa ""yakın etkilerin daha az kapsamlı uzak etkilerin daha geniş kapsamlı olduğu"" anlamına ulaşılabilir?",bir hafıza oyunu oynamanın diğer hafıza oyunlarında iyileştirmeler sağlayıp sağlamayacağıyla ilgiliyken - oyunun bilişsel yetenekler veya zekâ üzerindeki etkisine odaklanıyor,beyin jimnastiğine yönelik çalışmaların zekâ üzerindeki etkilerini odak noktasından - hafıza oyunları sırasında gözlemlenen anlık değişimlerin kalıcı etki yaratıp yaratmayacağı ile ilgileniyor,benzer oyunlar oynayan bireylerin zihin gelişimini kıyaslarken - çevrenin ve genetik özelliklerin zekâ üzerindeki etkisinin yöneltip yönetilemeyeceği üzerinde yoğunlaşıyor,zihin gelişimine odaklanan oyunların yaş değişkeni dikkate alındığında diğer etkenlerin göz ardı edilebileceği üzerinde dururken - yaşın yanında çevre faktörünü de dikkate alıyor,sosyal becerilerin bilişsel becerilerin gelişimi üzerinde bir etkisi olup olmadığını sorgularken - bilişsel becerilerin çevresel becerilerden tamamen bağımsız değerlendirilmesi gerektiğini öne sürüyor,A
d5c6eeeb-fb30-5183-b232-58b2ed7567b0,MATEMATIK,"6 ile 3072 sayıları arasına bu sayılarla birlikte geometrik dizi oluşturacak şekilde 8 sayı yerleştiriliyor. Buna göre, bu dizinin 3. terimi kaçtır?",24,36,48,96,192,C
3bb2f812-9dfd-587c-be75-cf5f59df827d,TURKCE,"Dinlemek ----. Herkesin iki kulağı var fakat çoğumuz anladığımızdan yakınırız. Duyulmanın ötesinde bir şeydir beklenen. Dinlenilmek, anlaşılmak ve sevilmek isteriz. Bu istek ---- yaşlılara kadar herkes için geçerlidir. Oluşumun ilk aylarında onun için en emin mekân olan iç dünyadan, dış dünyaya gönderdiği tekmeleri dinleriz. Dünyaya ilk geldiği anda ise atacağı ilk çığlığa kulak veririz. Zamanla bu dinlemeler uzar, çocuğun en büyük çığlığını bile duymamaya başlarız.
Bu parçada boş bırakılan yerlere aşağıdakilerden hangisi sırasıyla getirilmelidir?",ilgi göstermektir - gençten,hissetmektir - çocuktan,saygı duymaktır - bebekten,hoş görmektir - yetişkinden,sevmekektir - anne karnındaki bebekten,A
a41a07d9-9710-5525-8935-c332ca0e47c7,TARIH,"Eski Türklerde Gök Tanrı en büyük güce sahip semavi bir varlıktır. Bu inanış şekli Türklerde; I. puta tapma, II. ölüleri gömme, III. tapınak yapma durumlarından hangilerinin ortaya çıkmasını engellemiştir?",Yalnız I,Yalnız II,I ve II,II ve III,"I, II ve III",A
a31ca1fc-14d6-519c-bf2b-84b5e0dd63e7,GEOMETRI,"Dik koordinat düzleminde $A_1(2, -1)$ noktasından başlayıp her seferinde x koordinatını 2 birim, y koordinatını 1 birim artırarak $A_2, A_3, \dots, A_n$ noktaları işaretleniyor. $A_n$ noktası $3y - x = 0$ doğrusu üzerinde olduğuna göre, n kaçtır?",3,4,5,6,7,C
3894319e-f544-57ed-8cfd-efb658b40a07,MATEMATIK,"Gerçek sayılarda tanımlı $y=f(x)$ fonksiyonunun grafiği $x=1$ doğrusuna göre simetriktir.
Buna göre,
I. $f(x-1)$
II. $f(x+1)$
III. $f(-x+1)$
fonksiyonlarından hangileri çift fonksiyondur?",Yalnız I,Yalnız II,Yalnız III,I ve III,II ve III,B
d5e2991d-b018-5c40-98fe-53488e3c031a,MATEMATIK,"$10x - 6y = 14$ ve $-4x - 2y = -10$ eşitlikleri veriliyor. Buna göre, $x + y$ toplamı kaçtır?",-1,1,2,3,4,D
1d34f7b0-e8e8-52b5-b1ba-4f46f3fe60bd,MATEMATIK,"$x \in [-4, 4]$ olmak üzere, $y=f(x)$ fonksiyonu için aşağıdakiler bilinmektedir.
• Her $x \in [-4, 4]$ için $f(-x)=-f(x)$
• $\int_0^3 f(x)dx = 6$ dır.
Buna göre,
$\int_{-3}^0 f(-x)dx + \int_{-3}^3 f(x)dx$
toplamının değeri kaçtır?",6,9,12,15,18,C
f1f11402-5879-59c4-8a5b-52f939137927,MATEMATIK,"$P(x) = mx^2 + x^2 - (m+6)x + n - 1$ polinomunun sıfırları $2$ ve $-2$ olduğuna göre, $m \cdot n$ çarpımı kaçtır?",-12,-8,-6,6,12,A
fd598b1f-66e3-560b-b3c1-6fd17cd8495e,KIMYA,"Yargılarından hangileri doğrudur?
I. Atomun çekirdeğinde proton ve nötronlar bulunur.
II. Nötronlar yüksüz taneciklerdir.
III. Çekirdeğin hacmi atom hacminin yanında çok küçüktür.",Yalnız I,Yalnız II,I ve III,II ve III,"I, II ve III",E
462265d1-c3ec-5e98-b387-e8bd2302ceae,BIYOLOJI,Bitki hücrelerinde aşağıdaki yapılardan hangisinin bulunması sitoplazma bölünmesi sırasında hücre zarı boğumlanmasına engel olur?,Büyük kofulun,Selüloz çeperin,Kloroplastların,Küçük çekirdeğin,Bol sitoplazmanın,B
6a6aaa61-8fd4-51a4-ac96-77b5456b16a7,MATEMATIK,"$f(x) = 4x^3 + 2x^2 - 2$ olduğuna göre, $\lim_{h \to 0} \frac{f(x+h)-f(x)}{h}$ ifadesi aşağıdakilerden hangisidir?",$4x^2+2x$,$12x^3+4x^2$,$12x^2+4x$,$12x^3+4x-2$,$12x^2+4x-2$,C
c0cc7c60-003c-5ff7-9278-92def88758a3,KIMYA,"Tepkimeleri verilen HCl ve HF'nin aynı sıcaklıktaki eşit hacim ve derişimli çözeltileri için aşağıdakilerden hangisi yanlıştır?
A) Çözeltilerin pH ilişkisi $pH_{HF} > pH_{HCl}$'dir.
B) Çözeltilerin elektrik iletkenlikleri ilişkisi $HCl > HF$'dir.
C) HF çözeltisine saf su eklendiğinde HF'nin iyonlaşma yüzdesi artar.
D) Artansız tepkime verebilmeleri için gerekli KOH miktarı $HCl > HF$ şeklindedir.
E) HF'nin sulu çözeltisinde HF molekül sayısı $H^+$ ve $F^-$ iyon sayısından daha fazladır.",Çözeltilerin pH ilişkisi $pH_{HF} > pH_{HCl}$'dir.,Çözeltilerin elektrik iletkenlikleri ilişkisi $HCl > HF$'dir.,HF çözeltisine saf su eklendiğinde HF'nin iyonlaşma yüzdesi artar.,Artansız tepkime verebilmeleri için gerekli KOH miktarı $HCl > HF$ şeklindedir.,HF'nin sulu çözeltisinde HF molekül sayısı $H^+$ ve $F^-$ iyon sayısından daha fazladır.,D
ebdca168-e94a-5422-b9ac-0f5ad34b05b4,MATEMATIK,"Gerçel sayılar kümesi üzerinde bir $f$ fonksiyonu her $x$ gerçel sayısı için, $f(2x+1)+f(3x)=4x^2+4x+1$ eşitliğini sağlamaktadır. Buna göre, $f'(3)$ değeri kaçtır?",1,3,5,6,9,D
691a57dd-0902-5a3b-9936-a7affbd274e8,MATEMATIK,"$P(x)=(x-2)^m+3-(x-2)^n+2-x^{m-1}$ polinomu $(x-4)$ ile tam bölünebildiğine göre, $m$ ile $n$ arasındaki bağıntı aşağıdakilerden hangisidir?",$m-n=0$,$m+n=1$,$m-n=1$,$m-n=-1$,$m+n=2$,E
f26cfe3f-fe89-5970-a2fb-f16707ff34a7,COGRAFYA,"Coğrafya öğretmeni, Türkiye'de yürütülen hayvancılık türleri üzerinde bitki örtüsünün etkisi vardır. Sevgili öğrenciler, hayvancılık ve bitki örtüsü arasındaki ilişkiye örnek verir misiniz? Buna göre, öğrencilerden hangisi yanlış örnek vermiştir?",İsmail,Hakan,Hande,Murat,Asuman,C
ab649949-51b8-59ad-b843-c34e9f4fb04e,MATEMATIK,"Bir ABC üçgeninde $|AB| = c$ birim, $|AC| = b$ birim, $|BC| = a$ birim olmak üzere, $\frac{1}{a+c} - \frac{1}{b+c} = \frac{3}{a-b-c}$ bilgileri veriliyor. Buna göre, $m(\widehat{BCA})$ kaç derecedir?",30,45,60,120,150,C
a61057d5-9d0c-5fcd-93c3-2ab0214883f8,MATEMATIK,"Bir çay makinasında dem ve su akıtan iki musluk vardır. 1 saniyede su musluğundan akan miktar, dem musluğundan akan miktarın 3 katıdır.

Beyza bardağına dem musluğundan 4 saniye dem, su musluğundan 2 saniye su doldurduğunda, oluşan çayın yüzde kaçı dem olur?",20,25,30,35,40,B
78fccd9c-2011-52aa-b201-9d282c389d57,KIMYA,"$3,7 \text{ gram } \text{Ca(OH)}_2$ katısı $100 \text{ mL } \text{HCl}$ çözeltisi ile $\text{Ca(OH)}_{2(s)} + 2\text{HCl}_{(suda)} \to \text{CaCl}_{2(suda)} + 2\text{H}_2\text{O}_{(s)}$ denklemine göre arızişsiz tepkimeye girmektedir. Buna göre, I. $\text{HCl}$ çözeltisinin başlangıç derişimi $1 \text{ molardır}$. II. Son durumda çözeltideki iyon sayısı $0,15 \text{ moldür}$. III. Son durumda oluşan çözelti elektrolittir. yargılarından hangileri doğrudur? ($\text{Ca(OH)}_2: 74 \text{ g/mol}$)",Yalnız I,I ve II,I ve III,II ve III,"I, II ve III",C
06e6ec48-9219-54dc-99d5-d5eafc3cb8ba,MATEMATIK,"Gerçek sayılar kümesi üzerinde tanımlı $f$ fonksiyonu $f(x) = ||x-2|-5|$ biçiminde tanımlanıyor. Buna göre, $y=f(x)$ fonksiyonunun türevsiz olduğu noktaların apsisleri toplamı kaçtır?",2,3,4,6,7,D
3ba863c8-e6f0-55d0-9d78-ab100b9b016b,MATEMATIK,"$a$ bir gerçek sayı olmak üzere, $ax^2+x-2=0$ denkleminin çakışık iki kökü olduğuna göre, $a$ kaçtır?",$-\frac{1}{8}$,$-\frac{1}{4}$,$-\frac{1}{2}$,-1,2,A
1bcb729a-161b-5ecc-b4ca-e6b8b3bd2c1e,MATEMATIK,"5 kız ve 4 erkek öğrenci arasından 4 kişilik bir ekip oluşturulacaktır. Buna göre, bu ekiplerin en çok kaç tanesinde en az 3 erkek öğrenci bulunur?",19,20,21,22,23,A
57688537-7e7e-541c-9452-dbbb714a23cb,BIYOLOJI,Canlı ve cansız varlıkları oluşturan en küçük birim aşağıdakilerden hangisidir?,Atom,Molekül,Hücre,Doku,Organ,A
ea4f791e-4ab9-51d9-b433-f88a16d4a45b,MATEMATIK,"$i$ bir gerçek sayı olmak üzere, karmaşık sayılarda $\frac{1-ai}{a-i}$ eşitliği veriliyor. Buna göre, $a$ kaçtır?",4,3,2,1,0,D
cd5bed64-48ed-53d6-9fb6-be01d33b9771,MATEMATIK,"$2\sin^2 x - 9\sin x + 4 = 0$ denkleminin $[0, 2\pi]$ aralığındaki kökleri aşağıdakilerden hangisidir?","$\left\{\frac{\pi}{4}, \frac{3\pi}{4}\right\}$","$\left\{\frac{\pi}{4}, \frac{5\pi}{4}, \frac{7\pi}{4}\right\}$","$\left\{\frac{\pi}{2}, \frac{3\pi}{2}\right\}$","$\left\{\frac{\pi}{6}, \frac{5\pi}{6}, \frac{7\pi}{6}, \frac{11\pi}{6}\right\}$","$\left\{\frac{\pi}{6}, \frac{5\pi}{6}\right\}$",E
6f33861b-c305-55f9-9f2a-59c3f8505e31,MATEMATIK,"1 sürekli bir fonksiyon olmak üzere, $ \int_{1}^{2} f(x) dx = 2 $ ve $ \int_{2}^{3} f(x) dx = 9 $ olduğuna göre, $ \int_{1}^{3} (3f(x) + 2) dx $ integralinin değeri kaçtır?",18,23,25,27,30,E
7ced262b-019a-53ce-9d5c-dd6bd5835fdc,FIZIK,"Işık hızına yakın hızda hareket eden bir uzay mekiğinde Dünyadan gözlemlendiği varsayımıyla bir düşünce deneyi tasarlanıyor. Bu deneye göre, I. Dünyadaki gözlemciye göre uzay mekiğinin boyu daha kısa algılanır. II. Dünyadaki gözlemciye göre uzay mekiğinde zaman daha yavaş ilerler. III. Dünyadaki gözlemciye göre uzay mekiğinde zaman daha hızlı ilerler. yargılarından hangileri doğrudur?",Yalnız I,Yalnız II,Yalnız III,I ve II,I ve III,D
a1134158-507f-5ca4-8f2f-51eebfa943c5,MATEMATIK,"Bir kiraz bahçesindeki $x$ tane ağacın önce yarısı toplanıyor. 15 ağaç daha toplandığında toplanmamış ağaçlar, tüm ağaçların üçte biri oluyor. Buna göre, $x$ kaçtır?",70,80,60,120,90,E
6b2601ba-fe05-5d98-bf8c-f7907ad0b2a4,TURKCE,Aşağıdakilerden hangisinde yüklem olumsuz olduğu hâlde cümlenin anlamı olumludur?,"Bu acele, bir an önce eve varmak için miydi?",Aynada gördüğüm ağarmış saçlar benim mi?,Sınıfımızdaki Bilge kadar güzel gülen biri hiç sevilmez mi?,Bu saatten sonra ona hiçbir zaman güvenmem.,Bu bayramda da kapımızı çalan kimse olmadı.,C
14d62b62-2ec2-5a41-b381-1d4da31ed89d,GEOMETRI,Dik koordinat düzleminde $(x-2)^2+(y-4)^2=16$ denklemi ile verilen bir çemberin üzerindeki tüm noktaları orijine birleştiren doğru parçalarının orta noktalarının geometrik yer denklemi aşağıdakilerden hangisidir?,$(x-2)^2+y^2=4$,$(x-1)^2+(y+2)^2=4$,$(x-1)^2+(y-2)^2=4$,$(x+1)^2+(y-2)^2=4$,$(x-1)^2+(y-2)^2=16$,C
b485af0c-294b-5ebb-a960-66d4d9da7119,MATEMATIK,"45 kişilik bir sınıftaki kızların sayısı 5 ile erkeklerin sayısı 4 ile doğru orantılıdır. Buna göre, sınıftaki kızların sayısı kaçtır?",12,16,20,25,30,D
52e6aa53-1439-5fd4-88c5-d71b0f458410,MATEMATIK,"$a, b, 8$ dizisinin ilk 3 terimi geometrik bir dizinin, son üç terimi aritmetik bir dizinin ardışık 3 terimi olduğuna göre, $a+b$ toplamı kaç olabilir?",38,40,44,48,52,C
3bf709a0-c5b0-5e22-be92-6981b73945e6,TURKCE,"I. Roket kullanmadan uzay deneyimi yaşamak isteyen Eustace, basınçlı bir uzay kıyafeti giymişti ve ince bir polietilen balonun altına asıldı. II. İlkin gevşek bir dörtgen hâlinde göğe doğru yükseldi sonra pürüzsüz ve şeffaf bir damla biçimi aldı. III. Eustace hedefine yani gezegen yüzeyinden 25 mil yüksekliğe ulaştığında ise balon; futbol stadı büyüklüğünde, ışıl ışıl parlayan, kusursuz bir küreye dönüştü. IV. Balon göğe sorunsuzca yükselirken içindeki helyum gazı genişlemeye başladı ve kat ettiği her mesafede balonun şekli değişti. V. Geçtiğimiz ay 57 yaşındaki Alan Eustace, kayış gıcırtısı dışında hiçbir ses çıkmadan New Mexico Çölü'nden gökyüzüne doğru hareket etti. Yukarıda numaralanmış cümleler anlamlı bir bütün oluşturacak biçimde sıralandığında hangisi baştan üçüncü olur?",I,II,III,IV,V,A
ecfe2227-6de6-5aab-bba0-5264bd396cdf,KIMYA,Nötr X atomunun elektron dağılımında 4. katmanda 5 elektron bulunmaktadır. X atomunun elektron sayısı kaçtır?,20,23,27,31,33,E
fa55ac5c-dafb-5095-bbcf-270596183a41,KIMYA,"$HNO_3(suda) + NaOH(suda) \rightarrow NaNO_3(suda) + H_2O(s)$ tepkimesi ile ilgili, I. Asit - baz tepkimesidir. II. Net iyon denklemi, $H^+(suda) + OH^-(suda) \rightarrow H_2O(s)$ şeklindedir. III. Ekzotermiktir. yargılarından hangileri doğrudur?",Yalnız I,Yalnız II,I ve II,II ve III,"I, II ve III",E
f094f502-e651-5cd4-bf16-aba9109d16f4,MATEMATIK,"İki irrasyonel sayının; toplamı rasyonel sayı ise bu iki irrasyonel sayıya birbirinin toplamsal transformatörü, çarpımı rasyonel sayı ise bu iki irrasyonel sayıya birbirinin çarpımsal transformatörü denir. $a\sqrt{b}$ sayısı, $\sqrt{5}$ sayısının hem toplamsal hem de çarpımsal transformatörü olduğuna göre, $a+b$ toplamı kaçtır?",1,2,4,6,8,D
0d4cb12b-7ca1-5d2c-8b1b-9d60e0c06651,MATEMATIK,"$i^2=-1$ olmak üzere, $i^{10}+i^{11}+i^{12}+i^{13}$ toplamının sonucu kaçtır?",1,-i,i,-1,0,E
8914a00e-6476-5084-9f9b-414070628ca2,TURKCE,"I. Doğayı sadece insanların ihtiyacını karşılayacak bir kaynak topluluğu olarak görmek, çevrenin yok olmasına da- vetiyye çıkarmak demektir.
II. Bir ulusun bir kadar çok ağacı olması o ulusun en büyük zenginliğe sahip olduğu söylenebilir.
III. Çevrenin yok olmasında doğayı önemsememenin büyük bir payı vardır.
Bu sözlerden hareketle aşağıdaki çıkarımlardan hangisi yapılamaz?","Doğa, insanlar için sadece bir kaynak aracı değildir.",Bir ulusun ne kadar çok ağacı varsa o ulusun en büyük zenginliğe sahip olduğu söylenebilir.,Çevrenin yok olmasında doğayı önemsememenin büyük bir payı vardır.,İnsanların doğaya ve çevreye bakışı açısı sabit kalmalıdır.,Doğadaki en küçük bir parçada bile güzellik bulunur.,E
f3b4f496-23e0-5a70-98b9-b4be19dde7c5,BIYOLOJI,"Önemli bir ürün veya proteini şifreleyen genin, ait olduğu hücrenin genomundan özel yöntemlerle kesilip çıkarılması, taşıyıcı bir DNA'yla birleştirilerek alıcı hücreye nakledilmesi ve bu hücrenin çoğaltılması işlemi ""gen klonlaması"" olarak adlandırılır. Gen klonlaması sürecinde; I. klonlanacak genin, DNA üzerindeki yerinin belirlenmesi ve kesilerek çıkarılması, II. oluşan rekombinant taşıyıcı DNA'nın alıcı hücreye aktarılması, III. geni taşıyan DNA'nın, diğer moleküllerden arındırılması (saf) olarak elde edilmesi, IV. gen ile taşıyıcı DNA'nın DNA ligaz enzimi kullanılarak birleştirilmesi işlemleri, aşağıdakilerin hangisinde verilen sıraya göre gerçekleştirilir?",II - III - I - IV,I - IV - III - II,II - I - IV - III,III - I - II - IV,III - I - IV - II,E
de54ac26-4957-58ac-b8be-7ae798cbcceb,MATEMATIK,"$f$ ve $g$ gerçek sayılarda tanımlı fonksiyonlar olmak üzere, gerçek sayılar kümesinde $(f \circ g)(x) = f(x)$ fonksiyonunun sabit fonksiyon olması için, I. $f$ sabit fonksiyon olmalıdır. II. $g$ sabit fonksiyon olmalıdır. III. $f^{-1}(x) = g(x)$ olmalıdır. ifadelerinden hangilerinin tek başına doğru olması yeterlidir?",Yalnız I,Yalnız II,Yalnız III,I ve II,I ve III,A
d9655321-fd65-5185-9f78-abc18105481a,FIZIK,"Su dalgaları ile ilgili,
I. Yansıma ve kırılma yapamaz.
II. Su dalgaları enerji taşır.
III. Tsunami bir su dalgasıdır.
yargılarından hangileri doğrudur?",Yalnız III,I ve II,I ve III,II ve III,"I, II ve III",D
2ea8454e-83e4-54fa-82f2-1bb429d6ff76,MATEMATIK,"$x, y$ ve $z$ birer tam sayı olmak üzere, dar açılı bir üçgenin iç açıları $x^{\circ}, y^{\circ}$ ve $z^{\circ}$ dir. Bu açılarla ilgili
$\cos x^{\circ} > \cos y^{\circ}$
$\tan x^{\circ} > \tan z^{\circ}$
eşitsizliklerinin sağlandığı bilinmektedir.
Buna göre, $z$ tam sayısının en büyük değeri kaçtır?",31,46,58,59,61,C
3f48b755-8eba-59c4-b470-5a6adbc86099,MATEMATIK,"Tanımlı olduğu aralıkta
$f(x) = \frac{x-4}{2x+a}$
fonksiyonu için,
$(fof)(x) = x$
olduğuna göre, $a$ kaçtır?",-1,$-\frac{1}{2}$,0,1,2,E
f820b4b2-ccbf-58a4-8117-27a98e546843,MATEMATIK,"Gerçek sayılarda türevlenebilir olan $f$ ve $g$ fonksiyonları için
$f(x) = (x^2-5x+4) \cdot g(x)$
$f'(2) = -1$
$g'(2) = 3$
olduğuna göre, $g(2)$ kaçtır?",-5,-1,2,4,7,A
1c4e5c0d-4b4c-50b5-9798-7f294a3f5387,MATEMATIK,"Ayşe parasının %30'una sinema bileti ve %6'sına da mısır almıştır. Ayşe mısıra 18 lira ödediğine göre, Ayşe'nin cebinde en son kaç lirası kalmıştır?",192,195,200,205,212,E
fd819cf2-728d-5554-9441-2649c3416a21,MATEMATIK,İşleminin sonucu kaçtır? $\frac{3}{5} - \frac{3}{6}$,1,2,$\frac{7}{2}$,3,$\frac{9}{2}$,C
cd25dffe-1b74-5ba2-918f-8cb6bbfa38d4,MATEMATIK,"Adil babasını 2 ayda bir dahiliye doktoruna, 6 ayda bir kardiyoloji doktoruna, 9 ayda bir nöroloji doktoruna götürmektedir. Adil babasını ilk kez mart ayında üç doktora da götürdüğüne göre, üç doktora da birlikte dördüncü kez hangi ayda götürür?",Ağustos,Eylül,Ekim,Kasım,Aralık,B
f98db747-4f81-57b4-9254-1816986984ce,MATEMATIK,"$x \odot y = x \cdot \sqrt{y}$ ve $a \Delta b = \sqrt{a} \cdot b$ olarak tanımlanıyor. Buna göre, $(18 \odot 4) \Delta 12$ ifadesinin sonucu kaçtır?",6,12,18,24,36,E
0072810c-af86-56e0-a305-73d14ebb0bc7,MATEMATIK,"Necati, Remzi ve Şakir akıllarından 1'den 8'e kadar üç farklı rakam tutup bu rakamları Canan'a söylüyorlar.
• Canan, Remzi'nin tuttuğu rakamın aralarındaki en büyük rakam olduğunu, Necati'nin tuttuğu rakamın ise en küçük rakam olduğunu söylüyor.
Buna göre, Necati, Remzi ve Şakir'in akıllarından tuttukları rakamlar kaç farklı şekilde olabilir?",64,60,56,50,48,C
41349ba7-e74e-5aae-a22f-978844285dba,MATEMATIK,"Limonata hazırlamak isteyen Mert, ana malzemeleri hazırladıktan sonra son olarak bu karışıma şeker ekleyecektir. Mert bu karışıma,
• 4 yemek kaşığı şeker eklerse karışımın %10'u,
• 1 çay bardağı şeker eklerse karışımın %20'si,
• 1 su bardağı şeker eklerse karışımın 180 gramı
şeker olmaktadır.
1 su bardağının hacmi, 1 çay bardağının hacminin 2 katı olduğuna göre, 4 yemek kaşığı şeker ile hazırlanan limonata karışımı kaç gramdır?",320,360,400,420,450,B
c3bbd380-806c-58c1-bf38-7b2f8afc42e9,MATEMATIK,"Beril bir kitabın 3 sayfasını 4 dakikada okuyor.
Okuma hızı aynı kalmak şartıyla Beril, 135 sayfalık bir kitabı kaç saatte okur?",2,3,4,5,6,B
c91cd710-2ead-5482-b378-cbcedfe4e816,MATEMATIK,"$A$ asal bir sayı olmak üzere, I. $A+1$ asal sayı olabilir. II. $17-A$ asal sayı olabilir. III. $(A+1) \cdot (A-1)$ asal sayı olabilir. bilgilerinden hangileri doğrudur?",Yalnız I,Yalnız II,I ve II,I ve III,Yalnız III,C
99e193f2-d7a2-5061-b75a-b590a3156ebe,MATEMATIK,İşleminin sonucu kaçtır? $\frac{\sqrt[4]{9^3} \cdot \sqrt[3]{3}}{\sqrt{3}}$,$\sqrt[6]{3}$,$\sqrt[24]{3^5}$,$\sqrt[12]{3}$,$\frac{1}{\sqrt[24]{3}}$,$\frac{1}{\sqrt[12]{3}}$,A
0d06407b-c4ab-568d-a0b3-feffdd1fa7a3,MATEMATIK,"$ x $ ve $ y $ birer tam sayıdır. $ 7^{2x-3y-11} = 6^{2x-2y-6} = 1 $ olduğuna göre, $x \cdot y$ çarpımı kaçtır?",-32,-16,-8,-4,-2,C
f1aa64ce-7dd1-5dd9-8756-c0394b979365,MATEMATIK,"$(a_n)$ dizisinin ilk $n$ terim toplamı $S_n = \sum_{k=1}^{n} (2k+3)$ olarak veriliyor. Buna göre, bu dizinin 9. terimi kaçtır?",23,22,21,20,19,D
c38c8898-97ce-5607-a607-18ee056e3b2a,TURKCE,"Burgazada'da her yer yürüyüş mesafesinde. Gün ortası olmasına karşın adada sessizlik hâkim; kuşların cıvıltısını, martılarla kargaları saymazsak tabii... Yaşlı bir adam ovinin bahçesinde kahvesini yudumluyor ağır ağır. Daracık sokaklar, yapıtlarından adaları, özellikle Burgazada'yı, denizi, insanları, balıkları anlatan Sait Faik'in bir zamanlar evi olan müzeye çıkıyor. Beyaz badanalı ahşap müzenin kapıları ziyaretçilere açık. Kendi hâline bırakılmış alçakgönüllü bahçe; pembe zakkumlar, sardunyalar ve ortancalarla renk cümbüşü içinde görünüyor.
Bu parçada numaralanmış yerlerden hangisi diğerlerinden farklı bir ögedir?",I,II,III,IV,V,E
aa887b46-7c7c-5fce-8e5d-18e436cac601,MATEMATIK,"$f$ örten bir fonksiyon olmak üzere, $f: A \to B$, $g: B \to C$ olduğuna göre, I. $f \circ g$ II. $g \circ f$ III. $f \cdot g$ fonksiyonlarından hangileri kesinlikle $A$'dan $C$'ye tanımlı bir fonksiyondur?",Yalnız I,Yalnız II,Yalnız III,I ve II,II ve III,B
222d7b5f-d884-5715-802c-3d01efefc063,BIYOLOJI,"İnsan vücudunda salgılanan; I. insülin, II. adrenalin, III. glukagon hormonlarından hangileri kan glikoz düzeyini artırıcı yönde etki gösterir?",Yalnız I,Yalnız II,Yalnız III,II ve III,"I, II ve III",D
8ddd6a44-e40f-5fa9-9094-07edfd8dfa1e,TURKCE,Aşağıdaki dizelerin hangisinde dudak ünsüzlerinin benzeşmesi kuralına örnek olabilecek bir sözcük vardır?,"Sen o karanfille eğilmişsin, alıp sana veriyorum Sen de bir başkasına veriyorsun daha güzel",Ve ağzında binlerce güneşin tadı Dilinin ucunda yalnızca kendi adın,"Dayanılmaz bir şey oluyorsun, biliyorsun Hırçın hırçın, pembe pembe","Bir deniz kıyısında, eski bir yıkıntıda İnce ince gezinen turuncu adamların",Mutlu da olsa insan mutsuz da Her an yeniden yaratabilirmiş kendini,C
f28e012d-4684-5492-af29-377727da71ad,MATEMATIK,"$3^{\log_{0,5} a} = a^{\log_{0,5} 2}$ eşitliği veriliyor. Buna göre, $\log_a 2$ ifadesinin eşitli aşağıdakilerden hangisidir?",-2,-1,$\frac{1}{2}$,1,2,A
b05c3c74-4817-57f2-a907-e91c6eb54bb3,MATEMATIK,"$f: [a, c] \to \mathbb{R}$ olmak üzere, $f(x) = x^2 + 8x + 5$ fonksiyonu bire birdir. Buna göre, a aşağıdakilerden hangisi olamaz?",-1,-2,-3,-4,-5,E
de7f58c6-87ff-587e-a8b6-66d174c2301b,TURKCE,"Millî kültürün geliştirilmesinde, o milletin kadınlarının üstlendiği rolü de göz önüne almamız gerektiğini düşünüyorum çünkü kadın toplumda aktif bir pozisyonda olmadan kültürel gelişim söz konusu dahi olamaz. Bu cümlede kadınlarla ilgili olarak asıl anlatılmak istenen aşağıdakilerden hangisidir?",Millî kültürün geliştirilmesinde aktif rol almalarının gerektiği,Toplumsal statülere çokça yerleşmelerinin kültürel gelişimi artırdığı,Kültürel gelişimin kültürel etkinliklere yoğun katılmalarıyla gerçekleştiği,Gelişimin olabilmesi için millî duyarlılıklarının artmasının gerekliliği,Kültürel faaliyetlere yoğun katılımlarıyla o milletin kültürünü geliştirdiği,A
31d53c57-4ce8-5240-ad86-c96b30492d58,MATEMATIK,"İntegralinin değeri aşağıdakilerden hangisine eşittir?
(c keyfi bir sabittir.)
$\int \frac{(3\sqrt{x}+2)^2}{\sqrt{x}} dx$",$\frac{1}{9}(3\sqrt{x}+2)^3+c$,$\frac{2}{9}(3\sqrt{x}+2)^3+c$,$\frac{1}{3}(3\sqrt{x}+2)^3+c$,$\frac{1}{3}(3\sqrt{x}+2)^2+c$,$\frac{2}{3}(3\sqrt{x}+2)^2+c$,B
a07395dd-3de0-5ba8-8f16-a45eb46cc9f8,TURKCE,"I. Güneşten birer oltu ondan gelen her emir Bu okların altında eriyor dağ, taş, demir (Üleştirme sıfatı) II. Dağıttı bir bakışıyla kapkara bulutları Halkın yeşerdi yine bağımsızlık umutları (Pekiştirme sıfatı) III. Kurtuluş Savaşı'ndaydı Çolak Mahmut Demişlerdi vatan için her şeyi unut (Unvan sıfatı) IV. Daracık kalmıştı bir koşkoca vatan Hor adım başımdaydı acımasız düşman (Küçültme sıfatı) V. Sarı saçlı, mavi gözlü kahraman Var olmasaydın ne olurdu bu vatan (Kurallı birleşik sıfat) Yukarıdaki numaralanmış dizelerin hangisinde ayraç içindeki sıfata yer verilmemiştir?",I,II,III,IV,V,A
bfdfd40a-1fa4-5044-8c34-46b5fd052692,MATEMATIK,"$x^2-2x+m-1=0$ denkleminin kökleri $x_1$ ve $x_2$ dir.$x_1^2+x_2^2=6$ olduğuna göre, $m$ kaçtır?",-4,-3,-2,-1,0,D
4223a49e-5431-572b-8eea-79537725074c,MATEMATIK,"$x^2 - 2mx + m - 2 = 0$ denkleminin kökleri $x_1$ ve $x_2$'dir. $\frac{1}{x_1} + \frac{1}{x_2} < 6$ olduğuna göre, $m$ aşağıdaki değerlerden hangisi olabilir?",$-\frac{1}{2}$,$0$,$\frac{1}{2}$,$1$,$\frac{3}{2}$,E
74a37f58-b638-57e1-99ef-3ec429fb993a,MATEMATIK,"Gerçel sayılarda tanımlı $f(x) = x + 2$ ve $g(x) = 3x + 1$ fonksiyonları veriliyor. Buna göre, $(f^{-1} \circ g)^{-1}(13)$ değeri kaçtır?",4,5,11/3,13/3,14/3,B
8307cc18-65cd-5b58-a55d-f14b43cf6844,MATEMATIK,"İşleminin sonucu kaçtır?
$\frac{\frac{3}{8}}{\frac{4}{9}} - \frac{\frac{4}{9}}{\frac{3}{8}}$",\frac{2}{3},\frac{1}{2},\frac{3}{4},\frac{3}{2},2,A
814e1b93-dd3b-54f9-b628-2d1a440b5b08,MATEMATIK,"$(a_n) = (1, \frac{1}{2}, \frac{1}{3}, \frac{1}{4}, ...)$ dizisinin genel terimi aşağıdakilerden hangisi olabilir?",$\frac{n}{n+1}$,$\frac{n-1}{n}$,$\frac{1}{n-n+1}$,$\frac{1}{n}$,$\frac{1}{n+1}$,D
e90c7c74-e5a2-59a3-acde-203c692207ab,MATEMATIK,"İki kişinin birbiriyle müsabaka yaptığı bir turnuvada kazanan kişiye 2 puan, berabere kalınırsa iki kişiye de birer puan verilmektedir. Bu turnuvaya katılan Tolga'nın birinci müsabakayı kazanma olasılığı $\frac{1}{3}$ olup kaybetme ya da berabere kalma olasılıkları birbirine eşittir. Tolga'nın ikinci müsabakayı galibiyet, beraberlik ya da yenilgiyle bitirme olasılıkları birbirine eşittir.
Buna göre, turnuvada ikinci müsabakalar sonunda Tolga'nın puanının 3 olma olasılığı kaçtır?",$\frac{1}{8}$,$\frac{1}{6}$,$\frac{5}{24}$,$\frac{1}{4}$,$\frac{1}{2}$,C
c5adb493-3883-5be3-82ac-666e2be59a0f,MATEMATIK,İşleminin sonucu kaçtır? $(\sqrt{18} - 3) \cdot (\sqrt{50} + 5)$,15,12,9,6,3,E
ea470257-5551-5d24-9e6f-6f159ed1ca76,GEOMETRI,"Dik koordinat düzleminin birinci bölgesinde bulunan ve kenarları koordinat eksenlerine paralel olan bir karenin köşegenleri $(3, 6)$ noktasında kesişmektedir. Bu karenin orijine en uzak köşesinin koordinatları toplamı $14$ olduğuna göre, karenin alanı kaç birimkaredir?",4,9,16,25,36,E
ba50ce83-4553-5792-8cab-5f266937fe59,MATEMATIK,"$f$ fonksiyonu her $x \in (0, 5)$ için $f(x) = 2x-3$ biçiminde tanımlanıyor ve her $x$ gerçek sayısı için $f(x) = f(x+5)$ eşitliği sağlanıyor. $\int_{1}^{17} f(x) dx = 46$ olduğuna göre, $A$ kaçtır?",66,67,68,69,70,D
6622f773-a89e-56a5-9d96-2f8294fc5d3a,MATEMATIK,"Dik koordinat düzleminde köşeleri $A(-6, 4)$, $B(6, 4)$ ve $C$ noktaları olan $ABC$ üçgeninin yükseklikleri orijinde kesişmektedir. Buna göre, $C$ noktasının koordinatları toplamı kaçtır?",-5,-6,-7,-8,-9,D
42622ee5-a20e-5130-991a-42e05c7be6cd,TURKCE,"Yeni Türk edebiyatının başlangıcından itibaren; rasyonalist Şinasi'den, romantik Namık Kemal'e, ondan natüralist Nabizade Nazım'a ve orta sınıfın sesi olan Ahmet Mithat'a değin sanat ve edebiyatın etik bir vurgusu olması gerektiğine inanan ve bunu ifade eden çok sayıda edebiyatçı saymak mümkündür. Söz konusu etik, Servetifünun'a gelindiğinde estetiğin içinde eridir. Dolayısıyla Birinci ve İkinci Dönem Tanzimat edebiyatçıları ile Servetifünun topluluğu arasındaki ayrımayı aynı zamanda bu noktadan da temellendirmek olasıdır. Genel olarak, belirtmek gerekirse bu iki tavır, günümüze dek izlerini belirgin yahut örtük biçimde devam ettirir. Bu parçadan aşağıdaki yargıların hangisine ulaşılabilir?","Birçok edebiyatçı, edebiyatın en önemli yönünün etik olduğuna inanmıştır.",Nitelikli bir edebiyat ürünü ortaya koyabilmek için etiği estetiğin içinde eritmek gerekir.,"Edebiyatın en eski ve sıkça tartışılan meselesi, edebî eserde etiğin nasıl ele alınacağıdır.","Edebiyatta etik, Tanzimat ve Servetifünun Dönemlerinde farklı şekilde değerlendirilmiştir.","Etiğin ele alınışı, Tanzimatçılar ile Servetifünuncular arasındaki az sayıdaki ayrımdan biridir.",D
a537851b-953f-5435-970a-93c41312113d,MATEMATIK,"$\binom{n}{2} - \binom{n}{3} = \binom{10}{3}$ olduğuna göre, $n$ kaçtır?",6,7,8,9,10,D
a5339ca3-0a87-57a8-b432-af6f4bca41b0,MATEMATIK,$f(x)=\log_2(9-x^2)$ fonksiyonunun en geniş tanım kümesi aşağıdakilerden hangisidir?,"$(-3,3)$","$[-3,3]$","$(-3,3)\{1\}$","$[3,\infty)$","$(- \infty,3)$",A
74a49c25-5dea-53f9-8935-0992badb5ac0,MATEMATIK,"$x$ bir tam sayı olmak üzere, $x^2+4x-7$ ifadesi bir tam sayının karesine eşit olduğuna göre, $x$'in alabileceği değerler toplamı kaçtır?",-4,-3,0,1,12,A
eb5225c7-3983-5b3c-a96a-b09eb43a126c,TURKCE,"(I) Fotoğrafın ilkeliği, 19. yüzyıl boyunca genel anlamda pek ilgi görmemiştir. (II) Nesnelerin mekân ve zamandan soyut siluet görüntülerini elde etmek yerine gerçekliği saptamak isteyen fotoğrafçılar fotoğrafı uygulamamıştır. (III) Fotoğraflar kişisel merak sonucu yapılan çiçek ve yaprak çalışmalarında sınırlı kalmıştır. (IV) Bu nedenle fotoğrafın zamana unutulmuştur. (V) Yeniden gündeme gelmesi 20. yüzyıl başında Avangard akımlar ile birlikte gerçekleşmiştir.
Bu parçadaki numaralanmış cümlelerden hangileri yapıcıca diğerlerinden farklıdır?",I ve II,I ve IV,II ve IV,III ve V,IV ve V,D
55264c94-0036-5d8d-a709-7a479467924a,TURKCE,"Endüstri 1.0, 2.0, 3.0, 4.0 gibi kavramları çok duyuyoruz; peki bu bunlardan ne anlamalıyız?
• Tarım 4.0'ın kapsamına oluşturan unsur veya unsurlar nelerdir?
• Endüstri 4.0 ile sanayide amaçlanan şey nedir?
• Endüstri 4.0'ı anlatmak ama bunu tarıma niye uyguladılar ya da buna tarımsal üretimde neden gerek duyuldu?
Aşağıdaki makale parçalarından hangisi bu sorulardan herhangi biriyle ilişkilendirilemez?","Endüstri 4.0 ile modüler yapılı akıllı fabrikalar oluşturmak, fiziksel sistemleri siber fiziksel sistemlerle izlemek ve fiziksel dünyanın sanal bir kopyasını oluşturmak hedeflenmektedir.","Artan dünya nüfusunun yaşadığı ve yaşayabileceği gıda krizine engel olmak, klasik tarımın hantal yapısıyla mümkün olamıyordu; bunun farkına varan bilim insanları endüstri 4.0'a paralel olarak akıllı tarım ya da yapay zekâ destekli tarıma geçilmesini önerdiler, buna da tarım 4.0 dendi.","İnovasyon sanayide de diğer alanlarda da öyle baş döndürücü bir hıza ulaştı ki artık ufukta endüstri 5.0 var ama birçok ülke daha 4.0'a geçememişken 5.0'a geçen ülkeler, dünya politikasında da söz sahibi olacak.","Sanayi devrimlerinin aşamalarını anlatıyor bunlar. İlk sanayi devrimi (1.0) suyun ve buhar gücünün kullanımıyla mekanik üretime geçmeyi, ikinci sanayi devrimi (2.0) elektrik enerjisiyle seri üretime geçmeyi, sanayi devriminin üçüncüsü (3.0) elektronik aletlerin kullanımı ve dijitalleşmeyi yani bilişim teknolojilerini (robotlu kullanım), dördüncü sanayi devrimi ise (4.0) yapay zekâ kullanımıyla makinelerin etkileşim ve otonomi içinde çalışmaya başlamasını anlatır.","Zaman tasarrufu sağlayan, az emek ve az enerjiyle verimli üretim yapmaya yardımcı olan her türlü teknolojik aletin kullanımı tarım 4.0'ın kapsamına girmektedir. Nesnelerin, hizmetin interneti ve siber fiziksel sistemler de içeriğe dâhildir.",C
04b0b90a-5dee-5b70-bb86-47cb5943732e,MATEMATIK,"a, b ve c sıfırdan farklı birer rakam olmak üzere, $a \cdot x^2+b \cdot x+c=0$ denkleminin çözüm kümesi bir elemanlıdır. Buna göre, EBOB(a, b, c) = 1 eşitliğini sağlayan kaç farklı (a, b, c) sıralı üçlüsü vardır?",5,6,7,8,9,C
edfa9119-504d-5a04-b856-9004db438c87,MATEMATIK,"$f(x) = x^2-4x+m$ fonksiyonu veriliyor. $f(x)$ fonksiyonu daima türevlenebildiğine göre, $m$ hangi aralıkta olmalıdır?",$m < 4$,$m \ge 4$,$m < -2$,$m \ge -2$,$m \le -4$,B
3246769f-5d07-5ed8-97ef-6378c9b97faa,MATEMATIK,"$p \in \mathbb{R}^+$ olmak üzere
$p^{\log_p 2} = \log p^2$
olimits biçiminde tanım yapılıyor.
Buna göre,
$[p^{\log_p 2}] = \log 4$
olimits eşitliğini sağlayan $p$ değerlerinin toplamı kaçtır?",1,10,100,10.1,"100,1",B
5ae489ce-d59f-5e79-886d-7e7c511802de,MATEMATIK,"$(a_{n+1}) = (3n+2)$ $(b_n) = (2n-1)$ dizileri veriliyor. $a_p = b_p + 1$ olduğuna göre, $p$ kaçtır?",3,2,4,5,6,C
fc31839d-f31d-53d2-b660-a15366bb7d4a,TURKCE,"(I) Bu yapıtı yalnızca bir anı sanmayın. (II) Yazar, bir psikiyatr ve siyaset adamı gözüyle kendi öyküsüne paralel olarak son elli yıllık siyasi tarihimizi de ayrıntılarıyla ele almış. (III) Bunları kendi özgün yorumlarının yanı sıra sayısal bilgilerle de destekliyor. (IV) Anlatımı, roman kahramanı olabilecek ilginç kişilerle zenginleştiriyor. (V) Her biri başlı başına bir yaşam dersi diyebileceğimiz anekdotlara da yer vermiş.
Numaralanmış cümlelerin hangisinin yüklemi farklı bir kiple çekimlenmiştir?",I,II,III,IV,V,A
84ce0276-a05d-5c13-8225-608922ae83f4,MATEMATIK,"$f(x) = x^2 + x + 1$ ve $g(x) = 2x^2 + x + 3$ fonksiyonları veriliyor. Buna göre, $\frac{d}{dx}\{f(x) \cdot \frac{d}{dx}(g(x))\}$ ifadesinin $x=1$ için değeri kaçtır?",26,27,28,29,30,B
0aea1a8c-8714-5c34-919a-dcb8fef341c2,TARIH,"I. Meşrutiyetin ilanından sonra II. Abdülhamit Osmanlı-Rus Savaşı'nı bahane ederek anayasayı rafa kaldırmış, ordu içindeki kendine karşı olan subayları askerlikten azlederek meclisin kapatılması kararını vermiştir.
Bu bilgilere göre,
I. Anayasal düzene son verilmiştir.
II. Padişah, muhalifleri ortadan kaldırmak istemiştir.
III. Monarşik anlayış zayıflamıştır.
yargılarından hangilerine ulaşılabilir?",Yalnız I,Yalnız II,I ve II,I ve III,"I, II ve III",C
a6d58866-422a-5b42-b581-44c4d38fbaff,MATEMATIK,"Batuhan, çalışma hızını her gün bir önceki güne göre yarıya düşürerek bir işi 4 günde bitiriyor. Buna göre, Batuhan 2. günün sonunda işin kaçta kaçını yapmıştır?",$\frac{1}{5}$,$\frac{1}{2}$,$\frac{2}{3}$,$\frac{3}{5}$,$\frac{4}{5}$,E
1ca6aa0e-d946-5618-97a6-dadd449a306e,MATEMATIK,"$x$ gerçel sayısı için $\sqrt{\frac{\sqrt{x+2}-\sqrt{x-2}}{\sqrt{x+2}+\sqrt{x-2}}}=2$ olduğuna göre, $x$ kaçtır?",3,4,5,6,7,C
e17b144f-d272-5b30-a92f-6425ec87b811,EDEBIYAT,"Dünyanın klasik nitelikteki eserleri de bizimki gibi halka yabancıdır. Çünkü halkın günlük hayatıyla binlerce yıllık edebî eserler ve ebedî değerler her zaman örtüşmüyor. Edebiyat tarihinin de önemli bir yere sahip olan edebî eserler, halkın günlük yaşantısıyla buluşamadığı zaman onun önemi ve zenginliği değil başka şeyler önem kazanıyor. İnsanların çoğu alttan alta edebî ve tarihî magazine yöneliyor. Bunlar da en çok hatırat, günlük ve seyahatnamelerde görülen bir edebî dedikodu özelliği sağlıyor.
Bu parçada anlatılanlar, aşağıdakilerden hangisi ile ilişkilendirilemez?",Edebî türler,Popüler edebiyat,Edebiyat tarihi,Edebiyat ve toplum,Edebiyat ve felsefe,E
f3c02e30-5b7b-5a18-aad6-0fd3194f4089,EDEBIYAT,"I. 16. yüzyılın sultanü'ş-şuarası Baki, Kanuni Mersiyesi'ni mesnevi biçiminde yazmıştır.
II. 16. yüzyılın önemli şairlerinden biri de sosyal eleştiri alanında çığır açan ve asıl adı Osman olan Terkib-i Bent yazarı Bağdatlı Ruhi'dir.
III. 16. yüzyılın şairi Taşlıcalı Yahya, yerli bir içerikle ve dil- le karşımıza çıkar ""Yusuf u Züleyha"", ""Şah u Geda"", ""Gencine-i Raz"" gibi mesnevilerinin yer aldığı ham- sonun sahibidir.
IV. Çengname adlı sembolik-alegorik mesnevinin yaza- rı Ahmedi Dai, 15. yüzyılın âlim ve mutasavvıf şair- lerindendir.
V. Çarhname adlı 88 beyitlik kasidesinde dünyanın fa- niliği, kıyamete hazırlık, alçak gönüllü olmanın önemi konularında didaktik bir tutum sergileyen 13. yüzyıl şairi Ahmet Fakih önemli bir sanatçıdır.
Yukarıdaki numaralanmış yerlerden hangisinde bir bilgi yanlışı vardır?",I,II,III,IV,V,A
f6f3db9e-59e5-5622-9320-90944bc8870d,MATEMATIK,"$a$ bir tam sayı, $b$ ve $c$ birer asal sayıdır.
$(a-3) \cdot (b+5) = c$
eşitliği sağlandığına göre, $a+b+c$ toplamı kaçtır?",10,11,12,13,14,E
28786a1e-652f-53ad-9e08-86aa782d66ca,MATEMATIK,"$7^x = 8$
$16 = 49^y$
 eşitliklerine göre, $\frac{3x+2y}{x-2y}$ oranının değeri kaçtır?",-12,-11,-10,-13,-14,B
999a6167-dac1-5be5-a653-4186c6faca9e,MATEMATIK,"Ali, Burcu ve Canan'ın boyları ile ilgili aşağıdaki bilgiler veriliyor.
Ali'nin boyu $= x^2 - 3x$
Burcu'nun boyu $= 20 - 2x$
Canan'ın boyu $= 8x$
Ali'nin boyu Burcu'nun boyundan uzun değildir.
Burcu'nun boyu ise Canan'ın boyundan kısadır.
Buna göre, $x$'in alabileceği değer aralığı aşağıdakilerden hangisidir?","$[-4,5]$","$(- \infty, -4] \cup [5, \infty)$","$[2,5]$","$[3,5]$","$[-4,2) \cup [5, \infty)$",C
efca76c3-fb6d-5d53-bd3e-0ff8c4b32ade,MATEMATIK,"$y=f(x)$ ve $y=g(x)$ tanımlı oldukları aralıklarda birebir ve örten iki fonksiyondur. $(fog)(x)=x$, $f(x)=\frac{x-3}{5}$ bilgileri veriliyor. Buna göre, $g(3)$ değeri kaçtır?",14,18,20,21,24,B
b39cd342-4e49-50be-81e8-bd5183027fbf,MATEMATIK,"$|2x-1|+|1-2x|=6$
olduğuna göre, $x$'in alabileceği değerlerin toplamı kaçtır?",-2,-1,0,1,2,D
94110c02-1b8c-5dcc-9bb4-ca1e1135fe96,MATEMATIK,$\int_{-2}^{2} \frac{|x|}{x} dx$ ifadesinin değeri kaçtır?,0,4,8,2,1,D
d1c30500-fc91-5c7e-a24a-3b30239a6386,KIMYA,"Nötr X elementinin katman elektron dağılımı 2) 8) a) şeklinde olup kararlı hâlinin Lewis yapısı $[:\underset{\cdot\cdot}{X}:]^{2-}$ şeklindedir. Buna göre X atomu ile ilgili, I. Atom numarası 16'dır. II. Metal elementidir. III. Kararlı hâlinin katman elektron dağılımı $_{18}Ar$ ile aynıdır. yargılarından hangileri doğrudur?",Yalnız I,Yalnız II,I ve II,I ve III,II ve III,D
8f6d3aa6-c5a8-5f28-9b25-23b1f326c31b,TURKCE,"Gazeteci: (I) ----?
Yazar: Lise döneminde şiir karalamaya başladım. Edebiyat hocamın değil de felsefe hocamın ısrar ve yönlendirmesiyle gazel, kaside tarzı metinler yazıyordum. Daha sonra hece şiiri yazmaya başladım, öykünmeci, sıradan duygulanımların yansıması. Haftalık yerel gazetelerde yayımlıyor, küçük telifler de alıyordum. Ne zaman ki üniversite için Ankara'ya geldim, ortam ve çevrem değişmişti. Şanslıydım galiba, Ankara'da edebiyatçı veya ilgili bir çevrenin içinde buldum kendimi.
Gazeteci: (II) ----?
Yazar: İlk kez bir dergiye şiir göndermiştim ve hemen yayımlanmıştı. Biraz heyecanla karışık şaşırmış, sevinmiştim. Havalara bile girmiştim. Bu durum, şiir adına belirleyici olmuştu benim için. Bu bana öz güven kazandırmış ve de zaten var olan çalışma hevesimi kamçılamıştı. Sonrasını biliyorsunuz dur durak bilmeyen sanat yaşamımız.
Bu diyalogda boş bırakılan yerlere aşağıdakilerden hangisi sırasıyla getirilmelidir?","I. İlk şiirinizi ne zaman yazdınız ve sizi etkileyen neler oldu
II. Sanat yaşamınızda yoğun olmanızın nedeni farklı türlere yönelmeniz mi","I. Edebiyat yolculuğunuz nasıl başladı ve bu yolculuk hangi duraklara uğradı
II. Türler içinde niçin şiir dediniz","I. Edebiyata yönelmeniz ne zaman ve kimler sayesinde oldu
II. Şiir türünü tercih etmenizin özel bir nedeni var mıdır","I. Sanat yaşamınızda sizi etkileyen dönem ve kişiler var mıdır
II. İlk şiirinizin yayımlanmasını hatırlıyor musunuz, duygularınızı anlatır mısınız","I. Edebiyat yolculuğunda sizi yönlendiren kişi ve olaylar ne oldu
II. Bu yoğun sanat yaşamı içinde sizin enerjiniz nereden geliyor",D
a7d58325-3848-557b-ae8e-d60bfcb32884,GEOMETRI,"Aşağıdaki verilere uygun olarak bir üçgen çiziliyor.
• $[AB] = [AC]$ ve $m(\widehat{BAC}) = 90^{\circ}$ olacak şekilde bir ABC üçgeni çiziniz.
• $[BC]$ üzerinde $|BD| = 2|DC| = 8$ cm olacak şekilde bir D noktası işaretleyiniz.
Buna göre, $|AD|$ kaç cm'dir?",5,$4\sqrt{2}$,6,$2\sqrt{10}$,$3\sqrt{5}$,D
9cef3c56-4adc-59a9-b092-419cd82b5dd0,MATEMATIK,Birinci terimi 2 ve ortak çarpanı 3 olan geometrik dizinin üçüncü terimi kaçtır?,18,34,27,30,15,A
96619fdd-6131-5e5b-99a5-1744ee0368d1,MATEMATIK,"$f: \{-1, 0, 1, 2\} \to \mathbb{Z}$ fonksiyonunun tablo temsili aşağıdaki gibidir. $f(0) - f(2) = f(-1) - f(1) + 14$ olduğuna göre, $k$ kaçtır?",0,1,2,3,4,D
8a9665c0-0202-5ea4-99f6-77daffad00f4,TURKCE,"Efendim, ""Garip Cephesinde Yeni Bir Şey Yok"" Erich Maria Remarque'ın küresel ölçekte meşhur olmuş bir romanıdır. Rusya mahkûm okuduğu sapasaymayan yarayan bir kalıp sözün de kaynağı olan bu kitabı adı-nı çok seviyor insanlar ve çok sık kullanıyorlar. Yazar, bu eserinde II. Dünya Savaşı esnasında bir cephede geçen olayları anlatmaktadır. İnsan ilişkilerinin, insan değerlerinin hayati bir öneme sahip olduğuna dikkat çekmek isteyen yazar, bu amacına kısmen ulaşmıştır. Romanın okuyucu ve anlayan insanlar genellikle her türlü savaşa karşı oluyor ve savaşlara isyan ediyor. ""Buna değer mi?"" sorusunu kendine soruyor. Bu parçada sözü edilen romanla ilgili olarak aşağıdakilerden hangisine değinilmemiştir?",Dünyaca tanındığına,Adının dilsel bir öğeye dönüştüğüne,İçeriğinin ne olduğuna,Üslubunun nasıl olduğuna,Yazarının yazarken bir tasarısının bulunduğuna,D
93d6de00-ca97-5535-970a-2cb7c8309786,EDEBIYAT,"Yunus Emre'nin yolunda yürüyen ve Abdal Musa'nın müritlerinden olan ----, XV. yüzyılda tasavvufi halk şiirinin büyük temsilcisi olduğu gibi tasavvuf yollarını anlattığı ve ""Sözün aslı gönüldür, her kim gönül denizine yol bulursa ne inci-mercan varsa çıkarır. Niceleri dışa baktı, gaflet ipini boynuna taktı, bu yüzden ibadet harmanını ateşe yaktı, dumanı göklere çıktı. Zira gönül Hak kendisi için yarattı..."" sözlerinin de yer aldığı ---- gibi çok değerli düzyazı kitapları da yazmış bir sanatçıdır.
Bu parçada boş bırakılan yerlere aşağıdakilerden hangisinde verilenler getirilmelidir?",Hacı Bektaşi Veli - Makalat,Kaygusuz Abdal - Budalaname,Pir Sultan Abdal - Marifetname,Eşrefoğlu Rumi - Müzekki'n-Nüfus,Yazıcıoğlu Mehmet - Muhammediye,D
e4eb3742-8130-5067-8351-2b1029c24846,KIMYA,Temel halde elektron dağılımında p orbitallerinde 13 elektron bulunan nötr X elementinin proton sayısı kaçtır?,21,25,30,31,33,D
3fbfcfc0-3183-56bf-903d-a034da301eb4,MATEMATIK,"$x = 2y - 4$ ve $x = y + 2$ olduğuna göre, $y$ kaçtır?",-11,-3,3,7,11,D
661b8602-05b0-57f6-b5b6-9de06cea0ddc,TURKCE,"Ekolojik dengenin insan faaliyetleri sonucu bozulmasıyla canlı yaşamın mahveden sorunlarla karşı karşıya kalır insan. Doğa, insanın yarattığı her boşluğu dolduracaktır. Doğada yok ettiğimiz her bir türün yerini dolduracak canlılar vardır. Ancak bu canlılar genelde biyolojik ve kimyasal birer silah gibidir. Adaptasyon yetenekleri gelişmiş, insana ve diğer canlılara zarar verme kapasiteleri yüksek canlılardır. İyi gizlenir, hızlı ürer ve geliştirdiğiniz mücadele yöntemlerine direnç geliştirirler. Fareler, hamam böcekleri, HIV, ebola, grip virüsleri vb. bu tür canlılardır.
Bu cümlede altı çizili sözü anlamca karşılayabilecek bir kullanım aşağıdakilerin hangisinde vardır?",Doğa içindeki değişimin gerçek olduğunu biz her mevsim yaşayarak görüyoruz.,Hasta olan bir birey hastalığa karşı direnç gösteremeyince vücut takatsiz kalır.,Hayata uyum kabiliyetleri gelişen canlıların hayatta kalma ve gelişme şansları yüksek.,Sokağa karşı dayanıklı bitkileri inceleyen bilim insanları yeni raporlarını daha hazırlamadılar.,"Doğada bulunan her canlı doğar, büyür ve ölür yani vazifesini tam olarak yapar.",C
23b0325e-bef4-5d67-843a-f361b9eb9765,MATEMATIK,$x^2+2x-3=0$ denkleminin kökleri $x_1$ ve $x_2$ dir. Kökleri $\frac{1}{x_1}$ ve $\frac{1}{x_2}$ olan ikinci derece denklem aşağıdakilerden hangisidir?,$3x^2-2x-1=0$,$3x^2+2x+1=0$,$3x^2+2x-1=0$,$3x^2-2x+1=0$,$x^2+3x-1=0$,A
6f7c222d-6d41-59d8-9a2d-cfb06af222d5,MATEMATIK,"$m$ ve $n$ sıfırdan ve birbirinden farklı iki gerçel sayı olmak üzere, $x^2+(m+1)x+n-m=0$ denkleminin köklerinden biri $m-n$ sayısıdır. Buna göre, $\frac{n}{m}$ oranı kaçtır?",2,3,4,5,6,B
b73492da-9273-589a-a31f-ceefe39edc6a,MATEMATIK,"$P(x)$ bir polinom olmak üzere, $P(P'(x)+x)=2x+7$ olduğuna göre, $P'(-1)$ kaçtır?",5,4,2,-1,-3,E
86ad8cfa-196d-5ff8-9417-550f9ca13fb5,MATEMATIK,$\frac{10x-7}{3} = 13$ olduğuna göre denklemin çözüm kümesi aşağıdakilerden hangisidir?,{4},{5},{6},{8},{10},A
277cac07-6720-54ad-a2c7-a3fc2ff58643,MATEMATIK,"$\lim_{x \to 4} f(x) = 4$ olduğuna göre, $\lim_{x \to 4} \frac{\sqrt{f(x)} + f(x)}{2f(x) + 1}$ limitinin değeri kaçtır?",1,2,3,4,5,B
6dd5e14d-3c82-52c7-9249-190e9c22af6f,FIZIK,"Derinliği her yerde aynı olan bir su leğeninde, özdeş ve aynı fazlı kaynaklarla girişim deseni oluşturuluyor.
Buna göre, kaynaklar arası uzaklık merkez doğrusuna olan uzaklıklardan eşit olacak şekilde artırılırsa girişim deseninde aşağıda verilenlerden hangisi gözlenebilir?",Düğüm çizgilerinin arasındaki uzaklık artar.,Dalga katarlarının arasındaki uzaklık azalır.,Düğüm çizgilerinin sayısı azalır.,Sıfırıncı dalga katarının yeri değişir.,Dalga katarlarının sayısı artar.,E
9b314732-9e18-5118-8238-bba48766b8d1,MATEMATIK,$\int_{-1}^{2} |x-1| - |x-2| dx$ integralinin değeri kaçtır?,9,8,7,6,5,D
83f890db-c95b-5cae-a8ef-58a3acff1b86,MATEMATIK,"Bir müzede giriş ücretleri şu şekildedir:
• Öğrenci: 1 TL
• Çalışan: 5 TL
• Emekli: 3 TL
Müzeye 3 öğrenci, 4 çalışan ve 2 emekli geliyor.
Bu 9 kişi içerisinden rastgele seçilen 4 tanesinin ödediği toplam giriş ücretinin 8 TL olması olasılığı kaçtır?",11/18,7/18,1/18,1/6,1/9,B
479e3ff0-f183-5bb7-9f96-fabb4e4fc9c8,MATEMATIK,"$y = f(x)$ fonksiyonu için aşağıdakiler bilinmektedir.
• Her noktasındaki teğetinin eğimi o noktaların apsisinin 4 katının 1 eksiğine eşittir.
• $f(1) = 7$ dir.
Buna göre, $f(3)$ kaçtır?",18,19,20,21,22,E
9af1d844-37ad-5847-86b5-04bd50271365,KIMYA,"Bir X bileşiği ile ilgili,
I. Bromlu suyun rengini gidermektedir.
II. Cis-trans izomeri gösterir.
III. 0,1 molü yandığında 0,4 mol $CO_2$ gazı oluşur.
Buna göre, bu bileşik aşağıdakilerden hangisidir?",$CH_3-CH_2-CH_2-CH_3$,$CH_3-CH=CH-CH_3$,Siklopropan,$CH_3-C \equiv C-CH_3$,$CH_2=CH-CH_2-CH_3$,B
cde728f9-aa5c-56db-b29c-58dff4f955a4,MATEMATIK,"$a, b$ ve $c$ pozitif gerçek sayı olmak üzere, $\frac{a^2 b^3}{c \sqrt{c}} = 10^2$ eşitliği veriliyor. Buna göre, $3 \log a - 2 \log b - \frac{3}{2} \log c$ ifadesinin sonucu kaçtır?",12,8,6,4,2,E
eae94e15-a79d-5d94-b6fe-3f4bad925342,KIMYA,"• $CO + MgO \to CO_2 + Mg$
• $2Na + ZnO \to Na_2O + Zn$

Yukarıdaki tepkimelerde aşağıdaki oksit türlerinden hangisinin örneği bulunmaz?",Asidik oksit,Amfoter oksit,Peroksit,Nötr oksit,Bazik oksit,C
21f99460-496b-5fe3-b06c-c0758d7ccf5d,KIMYA,$H_{2(g)} + S_{(k)} \rightleftharpoons H_2S_{(g)}$ tepkimesinin denge bağıntısı aşağıdakilerden hangisinde doğru verilmiştir?,$K_c = \frac{[H_2S]}{[H_2][S]}$,$K_c = \frac{[H_2S]}{[H_2]}$,$K_c = \frac{[H_2]}{[H_2S]}$,$K_c = [H_2S]$,$K_c = \frac{1}{[H_2]}$,B
ea2ce965-7760-52a8-b3a6-aee2176d0a56,MATEMATIK,"a bir gerçel sayı olmak üzere, $x^2-5x+a=0$ denkleminin $x_1$ ve $x_2$ kökleri arasında $2x_1-x_2=4$ bağıntısı vardır. Buna göre, a kaçtır?",12,10,9,8,6,E
95fa82e3-216c-547e-9b63-95438ae9c27e,MATEMATIK,Aşağıdakilerden hangisi $\sqrt{5}$ sayısından büyük olup $\sqrt{7}$ sayısından küçüktür?,$2-\frac{1}{5}$,$1+\frac{1}{5}$,$2+\frac{4}{5}$,$2+\frac{1}{3}$,$1+\frac{3}{4}$,D
6d0cbfad-b4c8-5469-b4cb-c2d4d93ccf95,MATEMATIK,"Birbiri ile anlaşamayan Su ile kardeşi Toprak için anneleri şöyle bir kural koyuyor:
• İki kardeş, farklı şeylerden almak isterse her biri istediğini alabiliyor.
• İki kardeş, aynı şeyi almak isterse bu istediklerini ikisi de alamıyor.
Çocukları için 8 farklı oyuncak alan annesi, bu oyuncaklardan 3'ünü Toprak'ın, 2'sini Su'nun seçmesini istiyor. Anneleri Toprak'ın ve Su'nun seçtiği oyuncaklara baktığında Toprak'a 2 oyuncak, Su'ya 1 oyuncak veriyor.
Buna göre, iki kardeş bu oyuncakları kaç farklı şekilde seçmiş olabilir?",720,760,800,840,880,D
bda551da-4f19-509f-a971-b301af9e3d80,TURKCE,"Abdullah Ziya Kozanoğlu, bizdeki tarihî roman yazarlarının en tanınmışlarından biridir. Beşiktaş doğumlu bir deniz çocuğu (denizde büyümüş) olarak Beşiktaş Jimnastik Kulübü'nün tabii (doğal) taraftarı ve 1940-1950 arasında da başkanıdır. Onu romanlarını, pek çok çocuk gibi, ben de ortaokulda okudum. Kızıltuğ'dan başlayarak sinemaya uyarlanan (senaryolaştırılan) altı romanından hiç değilse birkaç tanesini de yine çocukluğumda zevkle, heyecanla seyrettiğimi hatırlıyorum. Atlas Kitabevinden çıkan külliyatını (bütün hikâyelerini) hâlâ itinayla (zevkle) saklıyorum.

Bu parçada numaralanmış ve altı çizilmiş sözlerden hangilerinin anlamı parantez içinde ( ) verilen açıklamayla uyuşmamaktadır?",Yalnız I,I ve II,IV ve V,"I, II ve IV","III, IV ve V",C
c057d8c5-85eb-533b-874d-1b42d8d812be,MATEMATIK,Köklerinden biri $(a-3)+(b+2)i$ olan reel katsayılı 2. dereceden bir denklemin diğer kökü $7+3i$ dir. Buna göre $a \cdot b$ çarpımı kaçtır?,-100,-50,-25,50,150,B
fce175ee-4528-5e82-8ae0-7c54cc322ee4,FIZIK,"Bir metale düşürülen ışığın dalga boyu $3\lambda$ olduğunda fotoelektronun kinetik enerjisi $E$ oluyor. $\lambda$ olduğunda $4E$ oluyor. Bu metale $2\lambda$ dalga boylu ışık düşürülürse, fotoelektronun kinetik enerjisi kaç $E$ olur?","1,75","2,25","1,25","1,50","3,75",B
4973c9a8-becb-501b-9538-97209ffcf54f,EDEBIYAT,"Bu numaralanmış cümlelerin hangisinde Âşık edebiyatıyla ilgili bilgi yanlışı vardır?
I. Âşık veya ""ozan"" denilen kişilerin saz eşliğinde söyledikleri şiirlerden oluşur.
II. Şiirlerin son dörtlüğünde şairin adı veya mahlası geçer, buna ""tapşırma"" denir.
III. Bir âşık kuluna mensup olup o yolda şiir söyleyen şairlere ""tekke âşıkları"" denir.
IV. Halk edebiyatında şair, gördüğünü ve yaşadığını anlatır, bu nedenle âşık edebiyatı somut bir edebiyattır.",Yalnız I,Yalnız II,Yalnız III,I ve III,II ve IV,C
ceaec006-3889-5c7d-9801-40c9b4b39877,BIYOLOJI,Ökaryotik bir hücrede ribozomal RNA (rRNA) aşağıdakilerin hangisinde sentezlenir?,Golgi cisimciği,Lizozom,Çekirdekçik,Granüllü endoplazmik retikulum,Sitoplazma,C
9a002c92-a71b-5132-bdf3-ff68063d6b3b,FIZIK,"Dalgalar, ilerleme doğrultuları ortamın taneciklerinin titreşim doğrultusuna paralel ise boyuna, dik ise enine dalga olarak adlandırılır. Buna göre; I. hava ortamında yayılan ses dalgaları, II. cam prizmanın içinde ilerleyen ışık, III. esnek bir yay üzerinde ilerleyen yay dalgaları yukarıdakilerden hangileri kesinlikle boyuna dalgadır?",Yalnız I,Yalnız II,I ve II,I ve III,"I, II ve III",A
e2ddb43b-3b10-5577-8bd1-61838b65a002,FIZIK,"I. X-ışınları hücre DNA'sını parçalayabilir.
II. Sert X-ışını, yumuşak X-ışınından dokulara daha çok zarar verir.
III. X-ışını hücre tarafından soğurulursa zararlı olur.
Yukarıdakilerden hangileri doğrudur?",Yalnız I,Yalnız II,I ve II,I ve III,"I, II ve III",D
936c28be-2e9f-5d3a-84f0-f6ac6e6e0795,MATEMATIK,"AB doğrusu yönünde havada hareket eden bir parçacığın zamana bağlı konumu $(t, f^2-8t)$ olarak verilmiştir. $t=0$ anında parçacık A noktasındadır. Örneğin $t=1$ anında parçacık A'dan yatay olarak 1 metre uzakta, 7 metre yükseklikte bulunmaktadır.
Bu parçacık yere indiği yatayda aldığı yol ve çıktığı en büyük yüksekliğin toplamı kaç metredir?",16,18,24,26,32,C
1d2d4e91-5147-52b0-a897-136b58bfbeee,MATEMATIK,"$S_n$ bir $(a_n)$ geometrik dizisinin ilk $n$ terim toplamı olmak üzere, $S_4 = 25$ ve $S_8 = 25$ olduğuna göre, bu dizinin ortak çarpanı kaçtır?",$\frac{\sqrt[4]{3}}{3}$,$\frac{\sqrt[3]{3}}{3}$,$2\sqrt[3]{3}$,$3\sqrt[3]{2}$,$\sqrt[3]{6}$,C
a33cdc88-450b-5dae-85a9-326d37394109,MATEMATIK,"Eşit kapasiteli 2 usta bir işi birlikte 6 günde, eşit kapasiteli 6 kalfa aynı işi birlikte 4 günde yapabilmektedir. Buna göre, 1 usta ile 1 kalfa birlikte aynı işi kaç günde bitirebilir?",6,8,10,12,18,B
4fa16adc-4024-54eb-9fb1-533cadfdf79b,EDEBIYAT,"(I) Türküler; yapılarına, konularına ve ezgilerine göre sınıflandırılan anonim halk şiirleridir. (II) Türkülerde asıl sözlerin bulunduğu bölüme hane adı verilir. (III) Türkülerde aynı sözlerin tekrar edildiği bölüme ise bağlama adı verilir. (IV) Türküler, hecenin 7, 8, 9, 11 ve 15'li kalıpları ile söylenen ezgisel şiirlerdir. (V) Ninni, ağıt ve varsağılar türkünün içinde yer alan ezgisel şiirlerdir.
Numaralandırılmış cümlelerden hangisinde türkü ile ilgili bir bilgi yanlışlığı vardır?",I,II,III,IV,V,E
0fde1779-d487-54eb-aa15-25ef59035918,MATEMATIK,"$f(x) = \sqrt{x} - f(x)$ olduğuna göre, $f'(2)$ kaçtır?",$\frac{1}{2}$,$\frac{1}{3}$,$\frac{1}{4}$,$\frac{1}{5}$,$\frac{1}{6}$,E
3b2e230f-393a-5903-aa2e-fe79236ca30b,TURKCE,"İnsanoğlunun yapısında kendisinden güçlü olandan ya da bilinmeyenden çekinme, korkma duygusu vardır. Bu duygunun belli zamanlarda veya belli olaylar karşısında ortaya çıkması, artış göstermesi çok normaldir. Korku ve kaygı hâli, yaşanan duygu değişimlerine verilen adlardır. İnsanın doğasında olması normal kabul edilen bu iki duygu birbirinin aynı olmamakla birlikte çoğu zaman aynı kabul edilmektedir. Oysa korku durumunun normal boyutlarda kalması şartıyla insanın olmanında doğa olduğu, üst boyutlarda yaşanan kaygının ise ruhsal bir tehlikeye işaret ettiği bilinmelidir.
Bu parçadan aşağıdakilerin hangisine ulaşılabilir?","İnsanlar, tabiatları gereği mutsuzluk hâline yatkın varlıklardır.",İnsanların korktukları zaman garip hareketler sergilemeleri normaldir.,"Kişinin yaşadığı kaygının çokluğu, psikolojisinde rahatsızlık meydana getirmektedir.",Korku durumu ile kaygı durumu arasında temelde hiçbir fark bulunmamaktadır.,Kaygı yaşayan insanların çoğunda bu durum dışarıdan fark edilmez.,C
72121001-ad2d-56d9-b4a6-8dffcd6d954a,MATEMATIK,"Birbirinden farklı üç asal sayının toplamı olarak yazılabilen asal sayılara güçlü sayı denir. Buna göre, güçlü sayıların en küçüğünün rakamları toplamı kaçtır?",8,9,10,11,12,D
33871460-be41-5f6a-afb0-d140d1fe6c58,MATEMATIK,"Bertuğ, sınavdaki soruların $\frac{2}{5}$'sini çözmüştür. Toplam soruların kaçta kaçını daha çözerse tüm soruların yarısı çözülmüş olur?",\frac{2}{25},\frac{1}{15},\frac{1}{20},\frac{1}{8},\frac{1}{10},E
69540003-955e-51f7-9b12-7e7136be5786,MATEMATIK,"$\oplus + \ominus = 5^3 \cdot 4^4$
$\oplus + \oplus = 5^2 \cdot 4^5$
$\oplus + \ominus = 5^2 \cdot 4^3$

olduğuna göre, aşağıdakilerden hangisi doğrudur?",$\oplus > \ominus > \otimes$,$\ominus > \oplus > \otimes$,$\otimes > \oplus > \ominus$,$\otimes > \ominus > \oplus$,$\ominus > \otimes > \oplus$,B
ea3aab7b-6107-554c-b6d4-bc540934e94f,KIMYA,"$3ClO_{(suda)} \rightleftharpoons 2Cl_{(suda)} + ClO_{3(suda)} \quad K_{c1}$
$2ClO_{(suda)} + ClO_{3(suda)} \rightleftharpoons Cl_{2(suda)} + ClO_{4(suda)} \quad K_{c2}$
Sulu çözeltide gerçekleşen yukarıdaki tepkimelerin denge sabitleri sırasıyla $K_{c1}$ ve $K_{c2}$ dir.
Buna göre;
$ClO_{(suda)} + ClO_{4(suda)} \rightleftharpoons Cl_{2(suda)} + ClO_{3(suda)}$
tepkimesinin denge sabiti aşağıdakilerden hangisinde doğru olarak verilmiştir?",$K_{c1} \cdot K_{c2}$,$K_{c1} \cdot K_{c2}^2$,$\sqrt{K_{c1} \cdot K_{c2}}$,$\frac{K_{c1}}{K_{c2}}$,$K_{c1}^{-1} \cdot K_{c2}^2$,D
24760b11-ccc0-5170-a483-5cc44d732439,BIYOLOJI,"Aşağıdaki hücresel yapılardan hangisine sahip olması, bir hücrenin prokaryot olmadığını gösterir?",Hücre zarı,Hücre duvarı,Zarlı organel,Zarsız organel,Nükleik asit,C
9b44013f-07bc-553b-8784-8992b56d44ca,MATEMATIK,"$K=\{-2,-1,0,1,2,3,4\}$ kümesinin üç elemanlı alt kümelerinden kaç tanesinin elemanları çarpımı negatif tam sayıya eşittir?",6,8,10,12,14,D
5845b38f-6104-523c-b876-f14ae34fab26,TARIH,"Osmanlı Devleti'nde dükkanları yan yana olan iki esnaf arasında müşteri kapma nedeniyle bir münakaşa çıktığında, bu sorunun giderilmesi, kabahatli olanın cezalandırılması konusunda aşağıdaki görevlilerden hangisi birinci derecede sorumludur?",Mahalle imamı,Lonca şeyhi,Belde kadısı,Tımar sahibi,Yeniçeri ağası,C
182e1101-2154-574a-94bb-87621c9303fc,TURKCE,"Richard Strauss, bugünün orkestra repertuvarının demirbaşları arasında sayılan bir dizi senfonik şiire ve opera alanındaki kalıcı eserle tanınan en önemli bestecilerdendir. Özellikle Salome adlı operası Sansasyon yaratmış, sayısı yüz elliyi aşan icatları ile bir şarkı ustası olarak müzik tarihindeki özgün yerini almıştır. Günümüz operaları hâlen onun zengin sahne çalışmalarından yararlanır. Gerek tizlerinde gerek görkemli orkestral eserlerin-de lirik gücünü kuvvetle hissettiren Strauss, bugün de dünyanın önde gelen solistlerini mıknatıs gibi kendine çekmektedir.

Bu parçanın anlatımında aşağıdakilerden hangisi yoktur?",Benzetme,Öznellik,Tartışma,Örnekleme,Karşılaştırma,C
873a58ab-232c-5d49-b1c6-46e25f6db069,MATEMATIK,"$m:n:p=1:3:5$ ve $2n-m+3p=60$ olduğuna göre, $n$ kaçtır?",3,15,9,21,19,B
3d8bc1c9-84d9-56ed-a49a-ac21979cf54d,BIYOLOJI,"Ökaryotik bir hücrenin ribozomunda sentezlenmekte olan bir polipeptit zincirindeki 3 farklı aminoasidin antikodonları aşağıdaki gibidir:
I. aminoasidin antikodonu: GUC
II. aminoasidin antikodonu: CUA
III. aminoasidin antikodonu: UCA
Buna göre bu 3 farklı aminoasidi kodlayan mRNA'daki baz dizileri aşağıdakilerden hangisidir?","GTC, CTA, AGT","CAG, GAU, AGU","GAC, GAU, UGA","GAC, GAT, TCA","CAG, GAU, AGT",B
bc366951-d976-5c21-95a9-72955f8b550e,MATEMATIK,"Aynı okulda çalışan öğretmenlerden Azra, Derya, Ebru, Müge ve Zuhal'in branşları biyoloji, fizik, kimya, müzik ve resimdir.
Bu öğretmenlerin branşları hakkında aşağıdaki bilgiler verilmiştir.
• Derya veya Müge'den biri fizik öğretmenidir.
• Müge veya Ebru'dan biri kimya öğretmenidir.
• Ebru veya Zuhal'den biri resim öğretmenidir.
• Zuhal veya Azra'dan biri müzik öğretmenidir.
• Azra veya Müge'den biri fizik öğretmenidir.
Buna göre, biyoloji öğretmeni aşağıdakilerden hangisidir?",Azra,Derya,Ebru,Müge,Zuhal,B
0c156e73-e6d2-5c2b-9566-f62405bdd820,KIMYA,"Canlı organizmaların kimyasal yapısını ve bu yapıda meydana gelen kimyasal değişiklikleri inceler. Kan, doku, idrar gibi örneklerin yapısı ve ilaçların vücuttaki etki mekanizmaları çalışma alanına girer. Yukarıdaki bilgiler seçeneklerde verilen kimya disiplinlerinden hangisine aittir?",Anorganik kimya,Biyokimya,Polimer kimyası,Endüstriyel kimya,Fizikokimya,B
51e0c165-6086-5503-83d6-b62aa13b2043,MATEMATIK,Kümesinin elemanlarından herhangi iki tanesi seçilip toplanıyor. Elde edilen bu toplamın sonucunun kümedeki herhangi bir elemanın iki katı olma olasılığı kaçtır?,$\frac{1}{3}$,$\frac{2}{5}$,$\frac{3}{8}$,$\frac{3}{5}$,$\frac{3}{10}$,E
c7b47f2a-224d-5e21-a621-19b92378fc0e,FIZIK,"Bir sınıfta bulunan öğrencilerden Merve, Zehra ve Esra, nanoteknoloji ile ilgili şu bilgileri veriyorlar: Merve: Nanoteknoloji, en küçük maddelerin teknolojisi olarak tanımlanabilir. Zehra: Nanometrik boyutlardaki maddelerin fiziksel ve kimyasal özellikleri değişebilir. Esra: Nanometrik boyutlardaki sistemlerin davranışlarını inceleyen bilim dalına nanobilim denir. Buna göre öğrencilerden hangilerinin verdiği bilgiler doğrudur?",Yalnız Merve,Merve ve Zehra,Merve ve Esra,Zehra ve Esra,"Merve, Zehra ve Esra",B
8375d754-b1fd-5294-938d-eeae1793a1cf,MATEMATIK,"Mustafa ve Büşra'nın bir miktar parası vardır.
Mustafa ve Büşra'nın elindeki paralar ile ilgili bilgiler sırasıyla aşağıda verilmiştir.
• Büşra, parasının %50'sini Mustafa'ya veriyor.
• Mustafa Büşra'dan parayı alıp, tüm parasının %30'unu Büşra'ya veriyor.
• Son durumda Mustafa ve Büşra'nın paraları eşit oluyor.
Buna göre, başlangıçta Büşra'nın parası, Mustafa'nın parasının kaç katına eşittir?",$\frac{1}{3}$,$\frac{2}{3}$,$\frac{3}{4}$,$\frac{4}{3}$,$\frac{3}{2}$,D
443daa93-b262-54c2-8df2-762e5bff44ae,FIZIK,Bir manyetik alan $B = B_0 \sin \omega t$ ile değiştiğinde oluşan elektrik alanı aşağıdakilerden hangisi olabilir?,$E_0 \sin \omega t$,$E_0 \cos \omega t$,$E_0 \tan \omega t$,$E_0 \sin (\omega t - \frac{\pi}{2})$,$E_0 \cos (\omega t - \frac{\pi}{2})$,B
c28ddccf-f0c5-506c-a909-8f451b4a9b7b,MATEMATIK,"$k$ pozitif gerçek sayısı için $f(x)=\frac{kx}{x+1}$ fonksiyonunun $A(0, t)$ noktasındaki teğetinin eğimi $\frac{3}{4}$ olduğuna göre, $k$ kaçtır?",4,2,1,\frac{1}{2},\frac{1}{4},C
e80d9f3b-432a-5d91-91a3-72a9d75e5bad,KIMYA,$X(OH)_2 + 2HY \rightarrow XY_2 + 2H_2O$ tepkimesine göre 37 gram $X(OH)_2$ ile 36 gram HY tam verimle tepkimesinden $XY_2$ ve 1 mol $H_2O$ oluşur. Buna göre $XY_2$'nin mol kütlesi kaçtır? $(H_2O: 18)$,55,110,165,190,220,B
15034df2-af78-5c11-85d1-cb9fe6ebcb8e,MATEMATIK,"$x^2 - (\cos\alpha)x - \frac{\sin^2\alpha}{B} = 0$ denkleminin köklerinden biri $\frac{1}{2}$ olduğuna göre, $\cos\alpha$ değeri kaçtır?",$-2 + \sqrt{3}$,$1 - \sqrt{3}$,$2 - \sqrt{3}$,$2 - \frac{\sqrt{3}}{2}$,$1 - \frac{\sqrt{3}}{2}$,C
18eaddb7-1a2d-52b6-9009-aa8a4f526dbb,MATEMATIK,"$a, b$ ve $c$ birer gerçek sayı olmak üzere, dik koordinat düzleminde $f(x) = a + b - \sin x$ fonksiyonunun grafiğinin bir kısmı verilmiştir. Buna göre $a - b - c$ çarpımı kaçtır?",$\frac{4a}{3}$,$\frac{5\pi}{6}$,$\frac{5\pi}{3}$,$\frac{7\pi}{3}$,$7\pi$,D
21b07540-b5cd-5dfc-82ca-bed9c3d1df04,TARIH,"(I) XI. yüzyıldan itibaren açılan medreselerin programlarında İslami bilimlerle birlikte matematik, astronomi, felsefe, fizik, tıp, tarih, edebiyat gibi akli bilimler de yer almıştır. (II) İslami bilimlerde Eş-Şirazi, Cüveyni, Gazzali ve Er-Razi gibi âlimlerle birlikte diğer bilimlerde de önemli âlimler yetişmiştir. (III) Sultan Melikşah büyük harcamalar yaparak İsfahan ve Bağdat'ta rasathaneler kurdurmuştur. (IV) Astronomi bilimi medreselerde verildiği gibi rasathanelerde de verilmiştir. (V) Özellikle matematik bilimi Büyük Selçuklu Devrinde yüksek bir seviyeye ulaşmıştır.
Parçada numaralandırılmış cümlelerin hangisi eğitime ve bilimsel çalışmalara devletin destek verdiğinin doğrudan kanıtıdır?",I,II,III,IV,V,C
ac4c912e-a590-594e-aa40-9968e83fff51,MATEMATIK,"$x \cdot y = 6$ olmak üzere, $(3x - \frac{1}{y}) \cdot (y - \frac{1}{x})$ işleminin sonucu kaçtır?",$\frac{19}{2}$,$\frac{23}{3}$,3,6,$\frac{51}{2}$,E
b1eb7218-1165-5157-a21e-473c242083ee,TURKCE,"İsviçre'de uyku üzerine yapılan bir araştırmada uyku sorunu olmayan 12 sağlıklı erkek, iki hafta arayla karanlık bir odada öğleden sonra 15 dakikalık uykuya yatırılmıştır. İlk seferde sabit, ikincisinde ise hafifçe sallanan bir yatakta uyumaları sağlanarak, çalışmaya katılan kişilerin beyinlerinin elektriksel etkinliği (EEG) yöntemi ile ölçülmüştür. Araştırma sonucunda ise sallanarak uyuyanların hafif uyku (N1) ve derin uyku (N2) aşamalarında daha çabuk geçtikleri, o- nın uykuda daha uzun süre kalabilen aşamasıdır.
Bu parçada sözü edilen araştırmanın amacı aşağıdakilerden hangisidir?",Gündüz uykusunun sağlık üzerindeki etkilerini gözlemlemek,Uyku düzeni konusunda erkekler arası farkılıkları belirlemek,Uyku rahatsızlıklarının uyku süresi ile ilişkisini ortaya koymak,Cinsiyet faktörünün uyku süresi üzerindeki etkisini tespit etmek,Uykuya dalmak ile sallanmak arasındaki ilişkiyi incelemek,E
0525c7bc-e45c-5f8d-bb9f-a7b5a49f8598,MATEMATIK,"$ 3^{2x} + e^{x+1} = 18 $ olduğuna göre, $x$ kaçtır?",1,$e$,$e^2$,$e^3$,$e^4$,B
bf0a13b4-0c1f-5a24-8b12-efcbe2ca518f,TURKCE,"Geçmişi anımsamak ve anıları paylaşmak, sadece insana özgü bir deneyimdir. Bir bütün olarak geçmişin nasıl değerlendirildiği, yaşantıların olumlu ya da olumsuz etkileri pek çok açıdan önem taşımaktadır. Yaşamın son yıllarında psikolojik olarak iyi hisseden bireylerde, hayatlardaki zaferlere ve hayal kırıklıklarına uyum sağlama, yaşam yolunun görünüşünü kabullenme, diğerlerini kabullenme ya da hoş görme, zamanın tükenişi endişesinden sıyrılma, hayattan doyum alma duyguları tatmin edici şekilde olumlu durumdadır. Bu kişiler ego olarak bütünlüğe erişmişlerdir ve hayatlarının değerlendirmesini iç rahatlığıyla yapabilmektedirler. Bu kişiler, geçmişi anlamlı olarak kabul ederler; genel olarak pişmanlık, suçluluk, kaygı, yetersizlik ya da memnuniyetsizlik hissetmezler.
Bu parçadan aşağıdakilerin hangisine ulaşılamaz?",Geçmiş yaşantılarını olumlu değerlendiren bireyler hayatlarında başarıyı yakalamıştır.,"Geçmişi kabullenen kişiler, geçmişle ilgili değerlendirmeleri rahatlıkla yapabilir.",Geçmişi kabullenmeyen bireyler uzamış bir kaygı ya da memnuniyetsizlik duyar.,Yaşadıklarını hatırlama insana özgü bir özelliktir.,"İnsan, ilerleyen yaşlarda geçmişle ilgili değerlendirmelerde bulunur.",A
0a21c651-96ea-51e8-b073-fcc722976355,MATEMATIK,"56 kg fasulye ve 80 kg nohut birbirine karıştırılmadan hiç artmayacak şekilde eşit kütleli poşetlere konulacaktır. Buna göre, bu işlem için en az kaç poşete ihtiyaç vardır?",7,8,10,17,34,D
d3ac8003-485b-5b80-9c63-f48d4e8ef33a,MATEMATIK,"$b < c < a$ olmak üzere, $\frac{x^2-(a+c)x-a \cdot c}{b-x} > 0$ eşitsizliğinin çözüm kümesi aşağıdakilerden hangisidir?","$(- \infty, c) \cup (b, a)$","$(- \infty, b) \cup (c, a)$","$(- \infty, a) \cup (b, c)$","$[b, c] \cup (a, \infty)$","$[b, a] - \{c\}$",B
beaefed6-20f5-5685-bb4f-39aff7b7a034,TARIH,"Aşağıdaki Türk topluluklarından hangisinin Asya dışına çıkmadığı, Asya'da var olup yine Asya'dan tarihe karıştığı söylenebilir?",Avarlar,Hunlar,Bulgarlar,Karluklar,Macarlar,D
f884d6ba-b2a6-5dab-8950-8b835714c4b7,TURKCE,"Günün birinde bitişik ormandaki yabani hayvanlar birbirine girerler. Çünkü o sene kış sert olmuş, kurtlar, ayılar yiyecek bulamayınca azmışlardı. Onların ulumaları, küremeleri sürünün bulunduğu çayıra kadar gelince koyunlarla beraber çoban da tir tir titriyordu. Bu aralık, ormandaki kavgadan yaralanıp kaçan, yahut açlıktan pek zebun düştükleri için kavgaya katılamayan birkaç sıska kurt, ormanın kenarına sığınmıştı. Korkudan şaşırmış koyunları görünce ileriye atıldılar. Canavarların kıpkırmızı açılan ağızlarıyla in dişlerini görünce koyunlar için şakaya gelmeyeceğini anladı. Köpekler de koyunlar gibi gidince kendilerinin aç kalacaklarını düşünüp gayrete geldi, hep beraber bu sıska kurtlara saldırdı. Koçlar başlarını öne eğip iri boynuzlarıyla canavarların üstüne yürürlerken, köpekler de bir hayli havlayıp gürültü etti. Zaten derman-sızlıktan ötürü ayakları üzerinde zor duran aç kurtların birkaçını ormana kaçtı, öbürleri cansız yere serildi.

Bu parçanın anlatımında aşağıdakilerden hangisi ağır basmaktadır?",Tartışma,Öyküleme,Betimleme,Açıklama,Benzeşme,B
05b71f17-b05e-5741-82f0-935bd761d899,KIMYA,"I. Klorlama işlemi sudaki zararlı mikroorganizmaların büyük bir çoğunluğunu yok etmek amacıyla uygulanır.
II. Klorun mikrop öldürme özelliği ozona göre daha yüksektir.
III. İşlem sürecinde kullanılan $ClO^-$ veya $Cl_2$ tanecikleri $HClO_{(suda)} + HCl_{(suda)} \rightleftharpoons Cl_{2(g)} + H_2O_{(s)}$ tepkimesine göre birbirine dönüşür.
Suyun arıtılmasında uygulanan ön klorlama - ozonlama işlemiyle ilgili yukarıdaki ifadelerden hangileri doğrudur?",Yalnız I,Yalnız II,I ve II,II ve III,"I, II ve III",A
517b8700-3584-5c86-82fb-578844f0a3d2,MATEMATIK,"Ahmet ve Selim'in eşit miktarda bilyesi vardır.

* Ahmet'in $x$ tane arkadaşı olup, Selim'in arkadaşlarının sayısı Ahmet'in arkadaşlarının sayısından 5 fazladır.
* Ahmet her bir arkadaşına $3x+1$ tane bilye verdiğinde kendisine 2 bilye, Selim her bir arkadaşına $x+7$ tane bilye verdiğinde kendisine 7 bilye kalmıştır.

Buna göre, başlangıçta Ahmet ve Selim'in toplam kaç tane bilyesi vardır?",403,404,405,406,407,D
0f52e908-c0b9-55fe-961c-3f0f1840d1d8,MATEMATIK,"$3$ farkı fizik, $2$ farklı matematik ve $2$ özdeş kimya kitabı yan yana dizilecektir. Özdeş kimya kitaplarının yan yana gelmeme olasılığı kaçtır?",$\frac{1}{2}$,$\frac{2}{3}$,$\frac{3}{5}$,$\frac{5}{7}$,$\frac{7}{8}$,D
adaf8c28-7b03-55c7-9512-56271d43dbbd,TURKCE,"Okuma yazma öğretimi; bir bireyin hayat boyu ihtiyacı olan okuma, yazma, okuduğunu anlama, kendini anlatma, görsel okuma ve görsel sunu yapabilme becerilerinin kazanılması için çok önemlidir. Günümüzde kullanılan ""ses temelli cümle yöntemi"" ile öğrencilere bu özelliklerin kazandırılması amaçlanır. Okuma yazma öğretimi, temel olarak Türkçe dersinde başarıyı sağlamak için sonrasında ise matematik dersinde okuduğunu anlama kabiliyetini etkileyerek tüm derslerin temelini oluşturmaktadır. Bu sebeple seçilen yöntem ve tekniklerin öğretmen tarafından yeterince bilinip kullanılması gerekmektedir.
Bu parça düşüncenin akışına göre aşağıdakilerden hangisiyle sürdürülebilir?",Okuma yazma becerisi eğitim yaşamındaki diğer basamakları derinden etkileyecektir.,"Okuma yazma becerisini kazanmış her birey, ana dilini en verimli şekilde kullanıp okuduğunu anlama ve kendini ifade edebilme yeteneğine sahip olur.","Öğrenme, planlı ve programlı bir şekilde belirli zaman diliminde ve belirli aralıklarla gerçekleştirilir.","Bunun yanı sıra seçilen yöntem ve teknik, öğrencinin hazır bulunuşluk seviyesine uygun olmalıdır.",Bununla birlikte görsel okuma ve görsel sunu becerileri de geliştirilmeye çalışılır.,D
0d71c474-6971-5f31-a3f0-fce469087c73,MATEMATIK,Bir $f$ fonksiyonu $f(x) = \frac{x-1}{|x|-x}$ biçiminde tanımlanıyor. Bu fonksiyonun tanım kümesi aşağıdakilerden hangisidir?,$\mathbb{R} - \{0\}$,$\mathbb{R} - \{1\}$,$\mathbb{R} - \{-1\}$,$\mathbb{R}^+$,$\mathbb{R}^-$,E
30d5a312-f19d-5afd-b82b-382ea60fa04b,MATEMATIK,$(a_n) = \left(\frac{5-n}{n+1}\right)$ dizisinin kaç terimi pozitif tam sayıdır?,1,2,3,4,5,C
bb97191f-da0f-513b-9656-3b1f7723bd26,TURKCE,"(I) Babil'in Asma Bahçeleri'nin MÖ 605'te Babil Kralı Nebukadnezar tarafından yaptırıldığı söylenmektedir. (II) Mezopotamya çölünün ortasında yapay dağlar, çeşitli ağaçlar, bitkiler ve akan sularla bulunduğu tahmin edilen çok katlı bir bahçedir. (III) Uzunluğunun 120 kilometre, genişliğinin 25 metre ve yüksekliğinin 97 metre olduğu belirtilmektedir. (IV) Yapılma nedenine ilişkin farklı iddialar bulunsa da en kuvvetlisi kralın, Mezopotamya çölünün bunaltıcı sıcağından bunalan karısı Semiramis'e hediye vermek amacıyla yaptırmış olduğudur. (V) Günümüzde bu bahçelerin kesin olarak izine rastlanmamıştır ancak bölgede araştırma yapan arkeologlar Babil Sarayı'nın kuzeydoğusunda görünüşü garip olan temel ve molozlar bulmuştur. Bu parçada numaralanmış cümlelerle “Babil'in Asma Bahçeleri” ile ilgili olarak aşağıdakilerden hangisi söylenemez?",I. cümlede kim tarafından yapıldığı belirtilmektedir.,II. cümlede fiziksel özellikleri üzerinde durulmaktadır.,III. cümlede bahçenin nicel özelliklerinden bahsedilmiştir.,IV. cümlede bahçenin yapılma nedeninin dayandığı ihtimallerden birine yer verilmiştir.,V. cümlede bu bahçeye ait temel ve molozların bulunduğunu söylenmiştir.,E
b8942472-2e3c-5b0d-9822-1064c979a4e2,MATEMATIK,"Aşağıda $f(x) = \log_a(x+m)$ ve $g(x) = \log_b(x-n)$ fonksiyonlarının grafikleri verilmiştir. Buna göre, $a+b+m+n$ kaçtır?",8,9,10,11,12,D
7ff79757-6b0e-5a62-87d2-b955a6a41527,MATEMATIK,"Bir defter biri bitince diğeri başlayan 8'er sayfalık bölümlerden oluşmaktadır. Birinci bölümün sayfaları kareli, ikinci bölümün sayfaları çizgili, üçüncü bölümün sayfaları çizgisizdir.
• Defterde art arda gelen her üç bölümün birinin sayfaları kareli, birinin sayfaları çizgili, birinin sayfaları çizgisizdir.
• Her bölümün ilk iki sayfası sarı, sonraki 2 sayfası kırmızı, sonraki 3 sayfası beyaz ve en son sayfası mavi renklidir.
Buna göre, defterin 255. sayfası aşağıdakilerden hangisinde belirtildiği gibidir?",Çizgili Beyaz,Çizgili Kırmızı,Kareli Mavi,Çizgili Mavi,Çizgisiz Beyaz,A
dd16d284-e81d-57bc-9ca6-cf7937386ae9,EDEBIYAT,"Namık Kemal'in tiyatrolarıyla ilgili,
I. Gülnihal'de, zalim sancak beyi Kaplan Paşa'nın engelleyen dadının akıllıca planının anlatıldığı
II. Mogol savaşını anlatan Vatan Yahut Silistre'de, Namık Kemal'in tiyatro görüşlerine ait bir önsözün de bulunduğu
III. Celalettin Harzemşah'ta, Silistre savunmasına erkek kılığında giden Zekiye ile nişanlısı İslam Bey'in kahramanlıklarına yer verildiği
IV. Zavallı Çocuk'ta, ""Ala-Saika"" karakterleri eşliğinde, görücü usulüyle evlendirmenin sakıncalarını dile alındığı
yargılarından hangileri yanlıştır?",I ve II,I ve III,II ve III,II ve IV,III ve IV,B
9bed56d0-9d79-51fd-8b00-6f2addbf6435,MATEMATIK,$\int_{-3}^0 \sqrt{9-x^2-(x+3)} dx$ ifadesinin değeri kaçtır?,$\frac{9\pi-18}{2}$,$\frac{3\pi-18}{2}$,$\frac{9\pi-9}{4}$,$9\pi$,$\frac{9\pi-18}{4}$,E
8a29efc1-b92b-5ee2-bd62-12d809ea7714,MATEMATIK,"$a$ ve $b$ birer gerçek sayı olmak üzere, $x^2 - ax - b = 0$ denkleminin köklerinden biri $1 + i$ karmaşık sayısıdır. Buna göre, $a - b$ çarpımı kaçtır?",1,2,3,4,5,C
f6008bc8-3fbf-5231-9b09-d1bbd5c5f1eb,MATEMATIK,Integralin değeri kaçtır? $\int_{-\frac{1}{7}}^{\frac{1}{7}} (x^7 + x^5 + x^3) dx$,-7,-3,-1,0,7,D
a5086922-2b23-5aa9-8e71-c36c3837611f,FIZIK,"Özdeş iki kaynak $2 \text{ cm}$ dalga boylu dalgalar üretiyorlar. Kaynaklar aynı anda çalışmaya başlıyorlar. Bir P noktasının kaynaklardan birine uzaklığı $8 \text{ cm}$, diğerine $2 \text{ cm}$ uzakta olduğuna göre, P noktası hangi girişim çizgisi üzerindedir?",1. dalga katarı,2. düğüm çizgisi,3. dalga katarı,4. düğüm çizgisi,5. dalga katarı,C
cba75e06-590d-5524-9bb9-9abc83a5c780,MATEMATIK,"$x^3-8=(x-2) \cdot (x^2+ax+b)$ eşitliğine göre, $a-b$ çarpımı kaçtır?",6,8,9,12,16,B
74204cad-f509-5549-aab3-d1423b1645e4,MATEMATIK,"$A=\{-3,-1,0,1,2\}$ olmak üzere, $f: A \to B$, $f(x)=x^2+1$ fonksiyonu örten bir fonksiyondur. Buna göre, $B$ kümesinin elemanları toplamı kaçtır?",13,15,18,20,24,B
f2ab6c6c-4401-5b9e-a942-7734e6718df4,MATEMATIK,"$a$ ve $b$ birer tam sayıdır. $a+b=10$ olduğuna göre, $2a+5b$ ifadesinin alabileceği en küçük değer kaçtır?",-11,-20,-36,-52,-55,D
d31962d0-d060-56cc-8138-306764190805,MATEMATIK,"$f(x) = \begin{cases} \frac{4-x^2}{2-x} & , x \ne 2 \\ a+1 & , x=2 \end{cases}$ fonksiyonu gerçek sayılar kümesi üzerinde süreklidir. Buna göre, $a$ kaçtır?",4,3,2,1,0,B
4894c127-4115-5962-b7a8-df922f6dc97f,TARIH,"Kilise, ekonomik faaliyetleri dini hayata göre daha önemsiz görmüştür. Ortak mülkiyeti esas alan kilise, başkalarına ait olan malları hazinesine katmış ve mülkiyet sisteminin tartışılmasını yasaklamıştır. Kilisenin böyle bir tutum takınmasının nedeni aşağıdakilerden hangisidir?",Kralların yetkisinin genişletilmek istenmesi,İncil'in farklı bölgelere gidişinin engellenmek istenmesi,Kiliseye göre gerekli olandan fazlasını istemenin günah olması,Eğitim alanında kilisenin etkisinin azalmasının istenmesi,Hristiyanlığın yayılmasının istenmesi,C
2901b47f-c660-582e-ba53-4ae4ed47fd84,FIZIK,Aşağıda bazı metallere ait eşik enerji değerleri verilmiştir. Buna göre sabit enerjili bu metallerden hangisi fotosel devrede kullanıldığında kesme potansiyeli en küçük olur?,Sodyum,Bakır,Gümüş,Demir,Alüminyum,A
a0ee5afc-2697-5e46-ab8c-5cf3cf187dc1,KIMYA,"$_{24}Cr^{2+}$ ve $_{26}Fe^{3+}$ tanecikleri ile ilgili,
I. İzoelektroniktirler.
II. Yarı dolu orbital sayıları eşittir.
III. İyon yarıçapları arasında $_{24}Cr^{2+} > _{26}Fe^{3+}$ ilişkisi vardır.
ifadelerinden hangileri doğrudur?",Yalnız III,I ve II,II ve III,I ve III,"I, II ve III",A
0560f52f-b114-5339-9b28-9584306af432,FIZIK,"Ali, şişip sıcak kalorifer peteğinin üzerine koyduğu balonun dakikalar içinde daha da şiştiğini gözlemlemiştir. Buna göre balonun içindeki havanın;
I. kütlesi,
II. özkütlesi,
III. iç enerjisi
niceliklerinden hangileri balon, peteğin üzerindeki şişerken azalmıştır?",Yalnız I,Yalnız II,I ve II,I ve III,II ve III,B
8ae7526d-4baa-59b0-9a4c-a1a464a4c674,MATEMATIK,"Süratleri toplamı $H_1$ ve süratleri farkı $H_2$ olan iki araç için $\frac{H_1}{H_2} = 6$ olmaktadır. Bu 2 araç birbirlerine doğru hareket ederlerse 3 saat sonra karşılaşıyorlar. Buna göre, aynı noktalardan aynı yönde hareket etselerdi hızlı olan, yavaş olana kaç saat sonra yetişirdi?",18,24,10,15,8,A
84304cac-3db3-5779-a41f-3f076206ff5c,MATEMATIK,"Bir ildeki proje okullarının tüm okullar içindeki payı 2016 yılında %10, 2019 yılında ise %15'tir. Bu ilde 2016 - 2019 yılları arasında açılan 50 okulun 20'si proje okuludur. Buna göre, bu ilde 2019 yılında kaç tane proje okulu vardır?",30,35,40,45,50,D
4039c48d-1a2b-5d28-960a-3612c46de70b,MATEMATIK,"İki basamaklı, rakamları farklı ve birbirinden farklı iki doğal sayının farkı kaç farklı değer alır?",90,89,88,87,86,E
410dcff2-0213-5e62-b695-b949ad411281,MATEMATIK,"$f(x) = x^2 - 6x - 11$ parabolüne üzerindeki $P(a, b)$ noktasından çizilen teğet doğrusu $y = 2x - 3$ doğrusuna paralel olduğuna göre, $(a+b)$ toplamı kaçtır?",4,7,10,11,12,D
dd05b9f6-555a-5e14-b364-92fb58da87aa,MATEMATIK,"İçinde yumurta bulunan kutuların her birinde 6 ya da 10 tane yumurta bulunmaktadır. Başlangıçta, 6 yumurtalı kutu sayısı 10 yumurtalı kutu sayısının 3 katıdır. 10 yumurtalı kutulardan 4 tanesinin kutusu deforme olduğu için bu kutular atılıp bu kutuların içerisinde bulunan yumurtalar bazı 6 yumurtalı kutuların içerisine her bir kutuya 4 yumurta eklenecek biçimde yerleştiriliyor. Son durumda 6 yumurtalı kutuların sayısı 10 yumurtalı kutuların sayısının 2 katı oluyor.
Buna göre, son durumda toplam kaç tane kutu vardır?",72,78,84,90,96,C
f809bfb2-c2ff-5fba-9c1e-a42a802ceace,MATEMATIK,"$a$ ve $b$ birer tam sayı olmak üzere, $2a \over 3} = b+1$ eşitliği veriliyor. Buna göre, aşağıdakilerden hangisi ya da hangileri daima doğrudur?
I. $a$ çift sayıdır.
II. $b$ tek sayıdır.
III. $b < 0$ ise $a > 0$",Yalnız I,Yalnız II,Yalnız III,I ve II,II ve III,A
df37ccc7-243e-5fcc-b65e-26a86784480c,TARIH,"Yaren: ""II. Meşrutiyet'in ilanından sonra yönetimde ortaya çıkan görev, sorumluluk ve yetki karmaşası yeni toprak kayıplarına neden olmuştur.""
Bu dönemde;
I. Bulgaristan'ın bağımsızlığını ilan etmesi
II. Girit'in Yunanistan'a bağlanma kararı alması
III. Avusturya-Macaristan'ın Bosna-Hersek'i ilhak etmesi
ifadelerinden hangilerini kullanırsa Yaren'in görüşüne destek vermiş olur?",Yalnız I,I ve II,I ve III,II ve III,"I, II ve III",E
61412e4b-835f-57e9-9a56-57bcb0814df8,MATEMATIK,Aynı düzlemde bulunan ve herhangi üçü doğrusal olmayan 6 nokta veriliyor. Köşeleri bu noktalardan seçilen en fazla kaç farklı üçgen çizilebilir?,19,20,21,22,23,B
0e1e601a-bb28-5819-88ab-a52a46c1ee49,MATEMATIK,"I. $2^{-3}=\frac{1}{8}$
II. $3^{-2}=-6$
III. $1^{-1}=1$
IV. $5^{-2}=\frac{1}{25}$
V. $6^{-2}=\frac{1}{36}$
ifadelerinden kaç tanesi doğrudur?",1,2,3,4,5,D
fa70f356-3382-5990-9910-c8c1a20aaeb1,MATEMATIK,"$(a_n)$ gerçek sayı dizisi ve her $n$ pozitif tam sayısı için $a_n = \log_n$ biçiminde tanımlanıyor. $a_1 + a_2 + ... + a_x = 120 \cdot x!$ olduğuna göre, $x$ kaçtır?",59,109,117,119,120,D
0bd40fab-0cb4-516f-ad56-95af35d20bb6,KIMYA,"Aşağıda bazı tepkimelere ait grafikler verilmiştir. Bu grafikler, I. $CaCO_3(k) \to CaO(k) + CO_2(g)$ II. $4Fe(k) + 3O_2(g) \to 2Fe_2O_3(k)$ III. $Mg(k) + 2HCl(suda) \to MgCl_2(suda) + H_2(g)$ tepkimelerinden hangileri için doğrudur? ($C=12 \ g/mol$, $O=16 \ g/mol$, $Al=27 \ g/mol$, $Ca=40 \ g/mol$, $Fe=56 \ g/mol$)",Yalnız I,Yalnız II,Yalnız III,I ve II,II ve III,E
877bc06d-fe6a-53a0-b52c-6a7840cee818,MATEMATIK,$(u_n) = (\frac{n+39}{n+1})$ dizisinin kaç terimi $3$'ten büyüktür?,17,18,19,20,21,B
72d446da-72a7-5935-a54c-9644c112f30f,EDEBIYAT,"Türkistan Türklerinin dinî-tasavvufi hayatında geniş tesirleri olan Hoca Ahmet Yesevi'nin adı, o dönemin bütün İslam âlemine ""Medine'de Muhammet, Türkistan'da Hoca Ahmet"" sloganıyla yayılmıştır. Halkı din konusunda bilgilendirmek amacıyla yazılmış olan ---- adlı eserinin büyük bir kısmı dörtlüklerden ibaret olup şiirlerin kafiye düzeni koşma benzeşimindedir. Bu parçada boş bırakılan yere aşağıdakilerin hangisi getirilmelidir?",Atabetü'l Hakayık,Kutadgu Bilig,Mecalisü'l-Seb'a,Divan-ı Hikmet,Garibname,D
f2be5e2e-28d5-550d-830b-565a2219e571,MATEMATIK,"Kemal Amca, uzunlukları $60 	ext{ m}$ ve $84 	ext{ m}$ olan dikdörtgen şeklindeki tarlasının etrafına tel örgü çekecektir. Tel örgünün sağlam olması amacıyla eşit aralıklarla ve tarlanın köşelerine de gelecek şekilde direkler dikmeyi planlıyor. Buna göre, iki direk arasındaki mesafe en çok kaç m olur?",2,3,4,6,12,E
86d95fa8-322d-57ac-95b9-e01b29814c0c,MATEMATIK,"3 özdeş Türkçe kitabı ve 4 özdeş fizik kitabı yan yana dizilecektir. Tam ortaya bir fizik kitabının geldiği bilindiğine göre, uçlarda birer Türkçe kitabının bulunma olasılığı kaçtır?",$\frac{4}{15}$,$\frac{1}{4}$,$\frac{3}{10}$,$\frac{2}{9}$,$\frac{1}{5}$,D
5212fe45-487c-5cdf-bda0-b6515ccd1e35,BIYOLOJI,Organeller ve zar yapılarıyla ilgili olarak aşağıda verilen gruplandırmalardan hangisi doğrudur?,"Zarsız: Ribozom, Tek zarlı: Sentrozom, Çift zarlı: Lizozom","Zarsız: Sentrozom, Tek zarlı: Peroksizom, Çift zarlı: Mitokondri","Zarsız: Koful, Tek zarlı: Golgi, Çift zarlı: ER","Zarsız: Kloroplast, Tek zarlı: Kromoplast, Çift zarlı: Lizozom","Zarsız: ER, Tek zarlı: Golgi, Çift zarlı: Lizozom",B
f396195e-4f99-5c4f-b407-9499ca4701a1,GEOMETRI,"Dik koordinat düzleminde, $AB: y=(a+1)x+9$ $CD: 2x+10y=13$ $AB ot CD$ olduğuna göre, $a$ değeri kaçtır?",-3,-1,2,4,6,D
da41a7d0-c956-58c6-8a0b-877da8af5d35,FIZIK,"Baryonlarla ilgili olarak,
I. Üç kuarktan oluşur.
II. En büyük kütleli parçacıklardır.
III. Proton bir baryondur.
yargılarından hangileri doğrudur?",Yalnız I,Yalnız II,I ve II,I ve III,"I, II ve III",D
22993e8c-47f1-5f09-af06-5b5657336d2b,MATEMATIK,"Her pakette eşit sayıda kitap olan 7 paket kitabın 3 paketini Aydın, 3 paketini Bilge aldıktan sonra son kalan paketteki 1 tane kitabı Aydın alıp paketini geri kalanını Bilge'ye veriyor. Bu paylaşım sonunda Aydın'ın aldığı kitap sayısının Bilge'nin aldığı kitap sayısına oranı $\frac{3}{2}$ olduğuna göre, bu paketlerin birinde kaç tane kitap vardır?",8,9,10,11,12,C
01ca2c09-7462-5edc-a1ab-a9cce0b3476f,FIZIK,"Dünya'dan bakıldığında Güneş'in Dünya etrafında döndüğü gözlemlenir. Oysa Dünya kendi ekseni etrafında döndüğü için bu sonuca ulaşılmıştır.
Yalnızca bu bilgilere dayanarak,
I. Her gözlemin sonucu, doğru olmayabilir.
II. Gözlemin sonucu, gözlemcinin hareketine göre değişebilir.
III. Bilimsel bilgiler kesinkes yanlıştır.
sonuçlarından hangilerine ulaşılabilir?",Yalnız I,Yalnız II,I ve II,I ve III,II ve III,C
4fa2c25b-71a3-581d-833c-8e7daa65d2f9,MATEMATIK,"$a \ne 1$ olmak üzere, bir $P(x)$ polinomu $x-a$ ile bölündüğünde, bölüm polinomu $Q(x)$ ve kalan sıfırdır. $Q'(a) = 0$ olduğuna göre, $\frac{P''(a)}{Q'(a)}$ oranı kaçtır?",$\frac{1}{2}$,1,2,$a$,$\frac{1}{a}$,C
9ff02d00-33b1-5558-ab31-a7a904dbcc8e,MATEMATIK,$\frac{x^2 - 16}{|x-2|} < 0$ eşitsizliğini sağlayan kaç tam sayı değeri vardır?,3,4,7,5,6,A
cea5b383-2066-5fb8-a77e-5d9064c4603a,KIMYA,"I. $CH_2=CH_2$
II. $CH_3-CH_3$
III. $CH_2=CHCl$
Yukarıdaki moleküllerden hangileri bir polimerin monomeri olabilir?",Yalnız I,Yalnız II,Yalnız III,I ve II,I ve III,E
07596ce5-646b-527c-8582-a527d4459ae7,KIMYA,$Hg_2CrO_4$ tuzunun t°C'de saf sudaki çözünürlüğü kaç molardır? (t°C'de $Hg_2CrO_4$ için $K_{çç} = 4 \cdot 10^{-9}$),$1 \cdot 10^{-3}$,$1 \cdot 10^{-6}$,$2 \cdot 10^{-4}$,$1 \cdot 10^{-10}$,$2 \cdot 10^{-7}$,A
03a656b5-e447-58c9-a40a-adc5eb7203fd,MATEMATIK,"2023 yılında bir tarlanın %50'sine buğday, %35'ine karpuz, geri kalanına da yer fıstığı ekilmiştir. 2024 yılında karpuz ve yer fıstık ekilen alana aynı şekilde ekim yapılırken buğday ekilen alanın %20'si boş bırakılmış ve kalanının %50'sine buğday, %30'una karpuz, %20'sine yer fıstığı ekilmiştir.

2024 yılında karpuz ekilen alan 940 dönüm olduğuna göre, 2024'te yer fıstığı ekilen alan, buğday ekilen alandan kaç dönüm fazladır?",50,55,60,65,70,E
a2007016-db99-53a5-a695-31b2c8ae93b3,MATEMATIK,"$P(x)$ baş katsayısı pozitif olan bir polinom olmak üzere, $P[P(x)]=(a-2)x^2+9x+3a$ veriliyor. Buna göre, $P(x)$ polinomunun sabit terimi kaçtır?",$\frac{4}{3}$,$\frac{4}{5}$,$\frac{2}{3}$,$\frac{3}{2}$,$\frac{1}{3}$,D
5b0994c2-6ce7-5022-9509-2692ff2604b1,MATEMATIK,"Yukarıdaki grafik bir kırtasiyedeki bazı ürünlerin bir yıl içerisindeki toplam alış - satış değerlerini göstermektedir. Her ürün çeşidinden eşit sayıda satış olduğuna göre, kırtasiyecinin bu ürünlerden elde ettiği kâr oranı yüzde kaçtır?",15,20,25,30,35,B
99b60059-de05-5989-9d85-2a33339f4da7,MATEMATIK,"$a=3$
$b=a+2$
$c=1-b$
olduguna gore,
$a \cdot c + b$
ifadesinin değeri kaçtır?",-32,-15,-7,-1,10,C
3be27e5b-7ce4-568f-8d13-7df440a59a7f,KIMYA,"$2SO_2(g) + O_2(g) \rightleftharpoons 2SO_3(g)$ tepkimesi için $t \ ^\circ C$ sıcaklıkta ileri tepkimenin hız sabiti ($k_i$) $= 2,5 \cdot 10^{-3} \ L^2 mol^{-2} s^{-1}$, geri tepkimenin hız sabiti ($k_g$) $= 5 \cdot 10^{-1} \ L mol^{-1} s^{-1}$'dir. $1L$'lik sabit hacimli bir kaba $t \ ^\circ C$ sıcaklıkta $0,2 \ mol \ SO_2$, $0,4 \ mol \ O_2$ ve $0,4 \ mol \ SO_3$ gazları konuluyor. Buna göre, I. Tepkime dengeye gelene kadar kapta yapılan toplam basınç artar. II. Dengede $SO_3$ gazının mol sayısı $O_2$ gazının mol sayısından büyüktür. III. Tepkime ürünler yönünde ilerler. ifadelerinden hangileri doğrudur?",Yalnız I,Yalnız II,I ve II,II ve III,I ve III,D
fa882ea4-5e35-587c-b2d8-d57859828753,MATEMATIK,$|a-3|>5$ eşitsizliğini sağlayan en küçük pozitif tam sayı ile en büyük negatif tam sayının toplamı kaçtır?,3,4,5,6,7,D
257f638e-7980-5bf3-a1f2-009c038a9bc7,MATEMATIK,"Gerçek sayılar kümesinin bir alt kümesi üzerinde tanımlı $f$ fonksiyonu için $f(\log_2(x-2)) = 2 + \log_2(5x-10)$ eşitliği veriliyor. Buna göre, $f(x-2) + f(-x-2)$ toplamının değeri kaçtır?",1,$1+\log_2$,$1-\log_2$,$2+\log_4$,$2-\log_4$,B
572b705a-ce27-54dc-9a64-6a8b20bec00b,MATEMATIK,$\int_{-3}^{3} \frac{2x^2-dx}{x^4+4} - \int_{-3}^{3} \frac{x^2-8}{x^4+4}dx$ integralinin değeri kaçtır?,12,15,18,24,30,D
9219c42e-96a6-5e52-9868-e804db07a31e,MATEMATIK,"$a$ bir negatif gerçek sayı olmak üzere, I. $-a^{-4}$ II. $(-a)^{-4}$ III. $(-a^3)^{-3}$ ifadelerinden hangileri pozitiftir?",Yalnız I,Yalnız II,I ve II,II ve III,"I, II ve III",D
efb5e31e-40a8-5314-9f31-326114302e81,MATEMATIK,"Gerçel sayılar kümesinde tanımlı $f(x) = |x-2|$ fonksiyonu veriliyor. Buna göre, I. $f$ fonksiyonu $x=2$ apsisli noktada sürekli olmasına rağmen türevsizdir. II. $f$ fonksiyonunun görüntü kümesi $[0, \infty)$ dır. III. $f$ çift fonksiyondur. ifadelerinden hangileri doğrudur?",Yalnız I,Yalnız II,I ve II,I ve III,II ve III,C
6d5a7eb6-d7f1-5e65-a119-f930b4a21d5f,TURKCE,"(I) Anadolu'da ilk kazı 1871'de H. Schliemann tarafından Troia (Hisarlık) adlı bölgede gerçekleştirilir. (II) Bu dönemde Almanlar Pergamon, Priene, Milet ve Didyma'da; Avusturyalılar Efes'te; Amerikalılar ise Sardes'te kazılar yapar. (III) Bu kazılarla ortaya çıkan İstanbul Arkeoloji Müzeleri adına Makridi Bey ve H. Winckler'in gerçekleştirdiği Boğazköy (Hattuşaş) Kazıları, Hitit devlet arşivini ortaya çıkarır. (IV) Arapların “tell” ya da “tall” (tepe) diye adlandırdıkları höyükler, eski yerleşim yerlerinin doğal ve kültürel birikim sonucunda onların kalıntılarıyla oluşmuş doğal olmayan tepeciklerdir. (V) L.Woolley'in Karkamış'ta (Cerablus), J.Garstang'ın Sakçagözü'nde, Von Luschan'ın Zincirli'de, N. Özgüç'ün Kültepe'de, R. O. Arık'ın Alacahöyük'te, L. Delaporte'un Malatya Arslantepe'de, H. Z. Koşay'ın Karaoğlan'da, H. Z. Koşay'ın Erzurum-Kars ve Güzelova'da yaptıkları kazılarla “Anadolu Arkeolojisi” kurulmuş olur.
Bu parçada numaralanmış cümlelerden hangisi düşüncenin akışını bozmaktadır?",I,II,III,IV,V,D
1f69676a-e886-5f9d-a19f-d21a139c2790,MATEMATIK,$f(x) = \sqrt{9 - |3x-12|}$ fonksiyonunun en geniş tanım kümesinde bulunan tam sayıların toplamı kaçtır?,30,28,21,15,10,B
d2579eea-e138-5197-8e11-9a90b6ded4f2,TURKCE,"Düşüncenin akışına göre bu parçanın başına cümlelerinden hangileri getirilebilir?
I. İlkbahar gelmişti, her tarafta bahar çiçekleri boy göstermişti.
II. Nihayet rüzgâr dindi, geriye küçük esintiler kaldı.
III. Havadaki koyu grilik, biraz olsun dağılmaya başlamıştı.",Yalnız I,Yalnız II,I ve II,Yalnız III,II ve III,E
449bd8e9-d0c5-5380-86b2-506b4c163c9b,KIMYA,"B grubu elementleri bileşik oluştururken, değerlik orbitallerinden s orbitalindeki elektronların tamamını ve d orbitalindeki elektronların bir kısmını vererek farklı yükseltgenme basamaklarına sahip olabilirler. Son enerji düzeylerini genellikle $ns^x (n-1)d^y$ ile sonlandırarak kararlı hâle gelirler.
Buna göre,
I. $Cr^{2+}$
II. $Fe^{3+}$
III. $Cu^{2+}$
kararlı iyonlarından hangileri bu genellemeye uymaz?",Yalnız I,Yalnız II,Yalnız III,I ve II,II ve III,C
7b88e685-b5ae-5e45-a8b6-17c50b25a1c1,MATEMATIK,"$a+b=6$ ve $a^2+b^2=30$ olduğuna göre, $a \cdot b$ çarpımı kaçtır?",1,2,3,6,12,C
91e33c52-2312-52c8-92ba-0607ad8d62fd,KIMYA,"Gıda katkı maddelerinden biri olan ""koruyucular"" ile ilgili aşağıdakilerden hangisi yanlıştır?",Gıdaların mikroorganizmalar tarafından bozulmasını önlemek için kullanılır.,Gıdaların raf ömrünü uzatır.,Gıdaya homojen bir görünüm kazandırır.,"Koruyucu madde olarak kullanılan tam benzoik asit, nitrit, nitrat gibi kimyasallar kanserojen etkiye sahiptir.",Gıdanın doğal rengini ve aromasını korur.,C
77756d3d-cf0c-5f6d-ba90-47c8cc6abeb3,MATEMATIK,$15^2 \cdot 6^3$ sayısının asal bölenlerinin toplamı kaçtır?,0,5,7,17,10,E
616d53f8-9398-5170-a8d5-dccfcb285ec8,KIMYA,"Oda sıcaklığında $1 \text{ M CH}_3\text{COOH}$ çözeltisinin $pH$ değeri $3$'tür. Buna göre, $\text{CH}_3\text{COOH}$ çözeltisinin iyonlaşma yüzdesi kaçtır?","$0,01$","$0,02$","$0,1$",$1$,$10$,C
61ec9ed6-ce4a-520e-b06b-5d1abcb93d6b,MATEMATIK,"$a$ ve $b$ gerçek sayılar olmak üzere $x^2 + ax - b = 0$ eşitsizliğinin çözüm kümesi $R - [-2, 4]$ olmaktadır. Buna göre, $ax^2 + b < 0$ eşitsizliğini sağlamayan kaç tam sayı vardır?",5,4,3,2,1,A
38390044-ccc1-5a1e-8bb6-f02ce2dd4136,MATEMATIK,"$f(x) = \begin{cases} x^2+1, & x>2 \\ x-3, & x \le 2 \end{cases}$ olduğuna göre, $\lim_{x \to 3} f(x) + \lim_{x \to 0} f(x)$ ifadesinin değeri kaçtır?",13,11,12,7,2,D
e24ca61d-cff7-5a1c-b098-ee3bbc2d83c0,MATEMATIK,"Gerçek sayılar kümesi üzerinde tanımlı $f$ fonksiyonu,
$f(x) = \begin{cases} -4, & |x| \le 1 \\ 4, & |x| > 1 \end{cases}$
biçiminde tanımlanıyor.
Buna göre,
I. $f$ fonksiyonu iki noktada sürekli değildir.
II. $(fof)(x)$ gerçek sayılar kümesi üzerinde süreklidir.
III. $\lim_{x \to 1^+} (f(x) - f(-x)) = 0$
ifadelerinden hangileri daima doğrudur?",Yalnız I,Yalnız II,I ve II,I ve III,II ve III,C
cd37c743-5d9a-5a4a-9920-2530f5b6316c,MATEMATIK,"$x$ sayısı, 1'den büyük bir tam sayı olmak üzere; \begin{itemize} \item $\frac{64}{x}$ oranının bir tam sayı olduğu, \item $\frac{\ln 64}{\ln x}$ oranının bir tam sayı olmadığı \end{itemize} bilinmektedir. Buna göre, $x$'in alabileceği değerler toplamı kaçtır?",40,42,48,54,56,D
f52050b1-2f9a-55bc-95c4-1f76ad6b7d0f,MATEMATIK,$$\frac{\cos 30^\circ \cdot \sin 60^\circ}{\cos 30^\circ + \sin 60^\circ}$$ ifadesinin eşiti kaçtır?,$$\frac{\sqrt{3}}{4}$$,$$\frac{\sqrt{3}}{2}$$,$$\sqrt{3}$$,$$2\sqrt{3}$$,$$4$$,A
8856f6a0-2611-50f8-a9bd-7b0501e52793,MATEMATIK,"Milyem, alaşım içindeki altın miktarını binde oranı ile ifade eden bir ölçü birimidir.
Aşağıda bazı takıların milyem değeri verilmiştir.
Buna göre, 500 gram bilezik ve 400 gram küpe eritilip karıştırılırsa oluşan karışımın içindeki altın miktarı kaç milyem olur?",810,770,730,680,660,B
9676ac2e-96f6-5cf9-8e35-dd711d39db31,MATEMATIK,"$x$ sıfırdan farklı bir çift sayı ve $y$ bir tek sayı olmak üzere,
I. $x-y$
II. $x+y$
III. $\frac{x}{y}$
IV. $x^y$
ifadelerinden kaç tanesinin sonucu kesinlikle çift sayıdır?",0,1,2,3,4,B
318627ba-ed5e-52c9-a645-2646249e9f9b,MATEMATIK,"Bir matematik kitabının aşağıda bir kısmı gösterilen sayfasındaki 1. işlemin sonucu 2. işlemin sonucundan 12 fazladır.

$a=2b$
Yukarıda verilen $a$ ve $b$ gerçek sayıları için aşağıdaki işlemlerin sonucunu bulunuz.
1. işlem: $a\sqrt{b}+b\sqrt{b}=$
2. işlem: $a\sqrt{b}-b\sqrt{b}=$
3. işlem: $a\sqrt{b} \times b\sqrt{b}=$
4. işlem: $a\sqrt{b} \div b\sqrt{b}=$

Buna göre 3. işlemin sonucu 4. işlemin sonucunun kaç katına eşittir?",$9$,$16$,$24$,$30$,$36$,E
e8b0037e-3f08-5242-8266-5d670a6833eb,TURKCE,"Hepimiz her gün “Bu havalara ne oldu?” diye soruyoruz. Erken buzların bir gün yaşadığımız eve kadar geleceğini hesaplayamıyoruz. Doğanın dengesi bozulduğu için aç kalan hayvanların şehirleri işgal ettiğini televizyonlardan seyrediyoruz. Ama bu konuda ne bilgilenmek istiyoruz ne de önlemleri söz konusu ediyoruz.
Bu parçada yazarın asıl yakındığı durum aşağıdakilerden hangisidir?",Çevresel değişikliklerin insanların karamsarlığa sürüklemesi,"İklim değişikliğinin sebepleri, sonuçları ve önlemleri üzerine konuşulmaması",Doğanın dengesinin gün geçtikçe değişmesi,İnsanların çevreye önem vermemesi,Günümüzde çevre kirliliğinin büyük boyutlara ulaşması,D
73fb665f-94b5-523a-a87c-c1571b2f8e0f,MATEMATIK,"Gerçel sayılar kümesi üzerinde tanımlı bir $f$ fonksiyonu $f(x) = 1 - \int_{x}^{2x} (2t+2) dt$ biçiminde tanımlanıyor. Buna göre, $f(98) - f(97)$ farkı kaçtır?",194,195,196,197,198,B
b56df373-4fa9-56f8-9b2a-f3657a3092ae,MATEMATIK,"$\sqrt{2}=a$, $\sqrt[3]{3}=b$, $\sqrt[5]{5}=c$ olduğuna göre, $\sqrt[30]{120}$ sayısının $a, b$ ve $c$ türünden eşiti aşağıdakilerden hangisidir?",$a^2b^2c^2$,$ab^2c^3$,$ab^2c$,$a^3b^2c$,$a^2bc$,C
5d777fbc-a827-5c47-a542-ae533dc26664,MATEMATIK,"$a$ bir gerçel sayı olmak üzere, $\lim_{x \to 1} \frac{x^2+y^2-2}{x-y-1} = a$ olduğuna göre, $a$ sayısının en küçük değeri kaçtır?",-2,-1,0,1,2,B
9e44107d-f578-55b4-bcf5-45d5d65ce264,MATEMATIK,"$f(x) = ax^2 - (a+3)x + a + 1$ fonksiyonunun yerel minimum değeri $-2$ olduğuna göre, fonksiyonun grafiğinin y eksenini kestiği noktanın ordinatı kaçtır?",-2,-1,1,2,4,C
fa25d7a9-a57e-5ade-b6d7-1320cb0d271d,MATEMATIK,"$f: [5, \infty) \to [-9, \infty)$ olmak üzere, $f(x) = x^2 - 10x + 16$ $g(x) = \frac{3-x}{4}$ fonksiyonları veriliyor. Buna göre, $(f^{-1}og)(-25)$ değeri kaçtır?",1,3,5,7,9,B
ae1df73d-847d-5f9b-ba81-f27c25f62587,FIZIK,"K ve L noktalarında bulunan yüklü cisimlerin oluşturduğu eş potansiyel çizgiler ve çizgiler üzerindeki elektriksel potansiyel değerleri verilmiştir.
Buna göre
I. K ve L noktalarında bulunan yüklü cisimlerin ikisi de pozitif yüklüdür.
II. Yükü $2 \cdot 10^{-5}$ C olan bir taneciği Y noktasından X noktasına taşımak için elektriksel kuvvetlere karşı yapılan iş $6 \cdot 10^{-5}$ jouledir.
III. Pozitif bir test yükünü Z noktasından U noktasına taşımak için yapılan iş sıfırdır.
yargılarından hangileri doğrudur?",Yalnız I,Yalnız II,I ve III,II ve III,"I, II ve III",D
35aa50d2-0151-5196-8e22-d0b96f89a39a,MATEMATIK,"Saat 09.00'daki dersine yetişmek için saat 08.30'da evinden çıkan Atacan sabit $40 \text{ m/dk}$ hızla yürüyerek tam okul saatinde okulunda olmaktadır. Bir gün geç uyanıp 08.40'ta evinden çıkan Atacan, aynı hızıyla iki dakika yürüdükten sonra derse yetişemeyeceğini anlayıp sabit hızla koşmaya başlamış ve dersin başlamasından 4 dakika önce okula varmıştır. Buna göre, Atacan'ın koşma hızı kaç m/dk'dir?",60,68,72,80,90,D
64478085-8381-59eb-a8ef-5329c76c1d72,TURKCE,"Batıya dönük beyaz boyalı evimizin gök mavisi kanatlı kapısı yarı aralıktı. Yola doğru inen üç basamaklı merdivenden dört beş adım sonrası yol paralel uzanarak ayıran duvarımız yükseliyor. Duvarın dibindeki dut ağacımız yeşil ipekten yapraklarıyla kırmızı yakuttan meyveleriyle süslü dallarının yarısını yola, yarısını evin önüne uzatıyor; hüzünle karışık biraz tanıdık, biraz çocukluk, biraz da hasretlik duygusuyla örülü alacaklı gölgesini düşürüyordu avluya ve evin yüzeyine doğru. Bu parçadaki numaralanmış sıfatların hangileri yapısı bakımından diğerlerinden farklıdır?",I ve II,II ve III,I ve IV,II ve IV,III ve V,C
03ab4685-ec8c-5a8b-a83f-f52779d330c1,TURKCE,"Bir yazın yapıtının içerik akışı, o yapıtın üslubuna ilişkin ipuçları vermektedir. Konuyu roman üzerinden açıklayabiliriz. Prensip olarak bir felsefi romanda esas olan düşüncedir. Bu durum, romanda hareketli bir olay anlatımına meydan vermez. Gelgelelim bir serüven romanında anlatım canlıdır. Orada heyecan faktörünün tetiklenmesi ve ilginin diri tutulması için —. I. cümleler dövüngep olup eylem cümlesi şeklindedir II. şaşırtıcı olaylara yer verilir III. durağan bir akış söz konusudur Bu parçanın sonuna düşüncenin akışına göre yukarıdakilerden hangileri getirilebilir?",Yalnız I,Yalnız III,I ve II,I ve III,II ve III,C
a5273747-c22b-58d6-8005-47b3d7695f97,FIZIK,"Güçle ilgili olarak;
I. Birim zamanda yapılan işe eşittir.
II. Aynı işi daha kısa sürede yapan kişi daha çok güç harcar.
III. Birimi watt'tır.
yargılarından hangileri doğrudur?",Yalnız I,Yalnız II,I ve II,I ve III,"I, II ve III",E
8344a58a-b720-553b-982b-76bbbb5b95f6,MATEMATIK,$x$ tane ürünün toplam maliyet fiyatı $(x^2 + 12x + 96)$ TL ve birim başına satış fiyatı $(96 - x)$ TL'dir. Maksimum kârın elde edilmesi için birim ürün kaç liraya satılmalıdır?,30,36,48,66,75,D
3b794ef0-b050-531d-9c61-93a44ec0f874,MATEMATIK,"$f(x) = x^3 - \frac{d}{dx}(x^2 - x)dx$ olduğuna göre, $f'(1)$ kaçtır?",1,2,3,4,5,C
b2bd6643-99c7-5e38-8b8e-c5c4baafaa1b,GEOMETRI,"$[BA] \perp [AD]$, $[AD] \perp [DC]$, $m(\widehat{ABC})=30^\circ$ dir. ABCD deltoidinde $|AC|=6$ cm olduğuna göre, Alan$(ABCD)$ kaç $cm^2$ dir?",24,27,30,36,54,D
0114731a-dc01-5de9-b042-a86454ddaec9,MATEMATIK,"Fonksiyonun tersinin grafiği, fonksiyon grafiğinin $y=x$ doğrusuna göre simetriğidir.
$f(x)$ fonksiyonunun grafiğinin $y=x$ doğrusuna göre simetriği alındığında grafik değişmemektedir.
Buna göre, $f(x)$ fonksiyonu aşağıdakilerden hangisi olabilir?",$x+3$,$3x-2$,$1-2x$,$4-x$,$x^2$,D
15e2ca76-51af-55e1-8f40-b63b81b01307,MATEMATIK,"$f(x) = 3x^3 - 6x^2 + a \cdot x + k$ fonksiyonu $x=1$ apsisli noktasında $x$ eksenine teğet olduğuna göre, $a-k$ çarpımı kaçtır?",-2,-1,0,1,2,A
b9aa3a13-0f74-52a9-b1d3-c69f915d8cef,EDEBIYAT,"Anadolu'nun ilk defa usta bir kalem tarafından sağlam bir hikâye tekniğiyle dile getirildiği bu hikâyelerde memur, esnaf ve orta hâlli insanların sıkıntıları, geçim dertleri, kasaba eğlence hayatı, adetlerin başlangıçlı gibi konular canlı ve realist tabiat tasvirleriyle işlenmiştir. Hikâyelerde konu Anadolu olmakla beraber dil, sade bir İstanbul Türkçesidir. Şeftali Bahçeleri, Boz Eşek, Yatık Emine, Garp Bir Hikâye başta yer alan hikâyelerinden bazılarıdır. Bu parçada tanıtılan sanatçı aşağıdakilerden hangisidir?",Halide Edip Adıvar,Sait Faik Abasıyanık,Refik Halit Karay,Yakup Kadri Karaosmanoğlu,Falih Rıfkı Atay,C
c26256a2-3b55-5d92-ac46-570721e35f21,MATEMATIK,"a sıfırdan farklı gerçel sayı olmak üzere,
$-ax^2 + 2x + a = 0$
denkleminin $x_1$ ve $x_2$ kökleri için aşağıdakilerden hangisi daima doğrudur?",$x_1 < 0 < x_2$ ve $|x_2| > |x_1|$,$x_1 < 0 < x_2$ ve $|x_1| > |x_2|$,$0 < x_1 < x_2$,$x_1 < x_2 < 0$,$x_1 < 0 < x_2$,E
dd7dfcd6-b5cb-5b7c-81c0-3fb239219ab1,FIZIK,"Bilimsel bilgiye ulaşmak için;
I. deney,
II. gözlem,
III. akıl yürütme
eylemlerinden hangileri kullanılabilir?",Yalnız I,Yalnız II,Yalnız III,I ve II,"I, II ve III",E
3b55a3cc-8839-5899-963e-9d4a4b722972,MATEMATIK,"$2x - a - x^2 < 0$ eşitsizliği her $x$ gerçek sayısı için sağlanmaktadır. Buna göre, $a$'nın değer aralığı aşağıdakilerden hangisidir?","$(-1,1)$","$(1, \infty)$","$(- \infty, -1)$","$(-1, \infty)$","$\mathbb{R} - [-1,1]$",B
094b536a-82f9-5d36-b31f-4944dd567bf3,MATEMATIK,"Doğa fotoğrafçıları Ali ve Berk, Amazon yağmur ormanlarında rastladıkları canlıların fotoğraflarını çekmektedirler. Aralarında $100$ metre mesafe ile ilerleyen Ali ve Berk biraz ilerde bir kotinga kuşu görüyorlar. Bulundukları yerde aralarında Ali: ""Seninle kuş arasında gördüğüm açı $68^	ext{o}$ dir."" Berk: ""Seninle kuş arasında gördüğüm açı $82^	ext{o}$ dir."" şeklinde bir konuşma geçer. Buna göre, iki arkadaşın kuşak olan uzaklıkları toplamı kaç metredir? $(\sin82^	ext{o} \approx 0,99$, $\sin68^	ext{o} \approx 0,92)$",176,191,198,276,382,B
24668d68-3257-5c64-a40a-8063ff3e4347,TURKCE,"İnsanlık tarihi, Taş Devri'nden bugünkü medeniyet dü- zeyine binbir zahmet içinde yükselmiştir. Her kademeye hayır ile şer, hak ile haksızlık, doğru ile yanlış, iyi ile kötü ve güzel ile çirkin arasındaki seçimden sonra ulaşabil- miştir. Tüm bu seçimler de insanoğlunun yaşam döngü- sündeki anlam ve algıları etkilemiştir.
Bu parçadaki numaralanmış söz gruplarından hangi- sinde diğerlerinden farklı bir anlam ilişkisi vardır?",I,II,III,IV,V,D
d51c7d7b-8f51-5c23-8409-68befc26721f,MATEMATIK,limiti $x \to 3^-$ için $\lim_{x \to 3^-} \frac{3-x}{|3-x|^8}$ limitinin sonucu kaçtır?,$2^8$,$2^{-16}$,$4\sqrt{2}$,$\sqrt{2}$,$2^2$,E
368797a8-5016-595b-ba06-181222624844,KIMYA,"$XY \to$ İyonik bağlı, $YZ_2 \to$ Kovalent bağlı. Yukarıda verilenlere göre X, Y ve Z elementlerinin türü hangisinde doğru verilmiştir?","X: metal, Y: ametal, Z: ametal","X: metal, Y: ametal, Z: metal","X: metal, Y: metal, Z: ametal","X: ametal, Y: ametal, Z: ametal","X: ametal, Y: ametal, Z: metal",A
e4eaeb04-9659-5ee7-9d78-34c1b34abfb8,MATEMATIK,"$f$ fonksiyonu $f(2x+1) = x^3 + x^2 - x + 4$ biçimindedir. Buna göre, $\frac{f'(3)}{2}$ ifadesinin değeri kaçtır?",6,5,7,3,4,B
24688e38-cef0-55d1-a086-136eabafa3a5,MATEMATIK,log$_{2}$(x$^2$-9) < 2 eşitsizliğini sağlayan kaç tane x tam sayı değeri vardır?,1,2,3,4,5,B
1e4fcbf8-b279-531b-8407-6f41147469d7,MATEMATIK,"Ayla'nın saati doğru olan zamana göre 12 dakika geridir. Mehmet'in saati Ayla'nın saatinden 22 dakika ileri, Cansu'nun saati ise Mehmet'in saatinden 4 dakika geridir.
Ayla'nın saatine göre saat 20.45'te başlayan bir opera, Cansu'nun saatine göre 22.15'te bitmiştir.
Buna göre, opera kaç dakika sürmüştür?",62,64,68,72,74,D
048fbaf2-8a35-591e-982f-0d77c45b3b43,TURKCE,"• açmak: Yayılmak, güzelgörünmek.
• basamak: Derece, aşama, kerte, evre.
• çekmek: Güç durumlara dayanmak, katlanmak.
Aşağıdaki cümlelerin hangisinde ""açmak, basamak, çekmek"" sözcükleri belirtilen anlamlarını karşılayacak şekilde kullanılmıştır?","Başarının basamaklarını tırmanırken pek çok zorluk peşin süren, kendini açtığına inandığı beyaz elbisesiyle diplomasını aldı.",Çetin kış şartlarına daha çekilebilir olması için evin basamaklarına döşenen kilimlerimizi içeriyi açıyordu.,"Kilitli tahta kapıyı açıp basamaklardan ağır ağır inen kedi, çıkardığı seslerle tüm dikkatleri üzerine çekti.","Rüzgâr, bulutları çiçeklerinden çekerek havanın açmasını ve gökyüzünde basamak basamak gökkuşağının oluşmasını sağlamıştı.","Okuldan dönerken, defterini açarak ödevini yapmaya başlamış ve silgi basamakları konusunda çektiği zorlukların üstesinden gelmişti.",D
1296fefa-fcf3-51b1-b350-a272c6437b9a,KIMYA,"$0^\circ C$'de 2 litrelik sabit hacimli kapalı kapta
$2COF_{2(g)} \rightleftharpoons CO_{2(g)} + CF_{4(g)}$
denklemine göre, denge tepkimesinin derişimlere bağlı denge sabiti ($K_c$)'si $\frac{1}{9}$'dur.
$0^\circ C$'de kaba 0,6 mol $COF_2$ ve 0,2'şer mol $CO_2$ ve $CF_4$ gazları konuyor.
Buna göre, $0^\circ C$'de dengedeki toplam basınç kaç atmosferdir?","0,56","1,12","2,24","11,2","22,4",D
730ae336-6775-53cf-be1a-888270ea5b15,FIZIK,"I. Cisimler hareket ederken cisimlere bir dalga eşlik eder.
II. Cismin hızı arttıkça de Broglie dalga boyu azalır.
III. Kinetik enerjileri eşit olan cisimlerin de Broglie dalga boyları eşittir.
Yargılarından hangileri kesinlikle doğrudur?",Yalnız I,Yalnız II,I ve III,II ve III,I ve II,E
d1beaad2-56d0-5bd2-8a22-955eecda7324,MATEMATIK,"$A = \{1, 2, 3, 4\}$ ve $B = \{a, b, c\}$ kümeleri veriliyor. Buna göre, $A$'dan $B$'ye kaç farklı örten fonksiyon yazılabilir?",34,36,38,40,42,B
821cbb7f-c6bb-5d4b-a162-df059c972b08,MATEMATIK,"Aşağıdaki ifadelerden kaç tanesi daima doğrudur?
I. $\lim_{x \to 2} x = 2$
II. $\lim_{x \to 0} x^2 = 0$
III. $\lim_{x \to 1} (2x+1) = -5$
IV. $\lim_{x \to 1} (c-c) = ?$",0,1,2,3,4,D
ce4896b8-7826-5f27-9b13-0b1a821df26c,MATEMATIK,$|3x-2|<4$ olduğuna göre $|x-2|+|x+3|$ ifadesinin değeri kaçtır?,2,3,4,5,6,D
d2f13303-bf10-5ab8-badc-37b80cc986bf,MATEMATIK,$12 - 4(x+7) - 2(x+2)$ ifadesinin eşiti aşağıdakilerden hangisidir?,$4x$,$3x$,$-3x$,$-4x$,$-4x+4$,D
a5149c27-d1e4-56f6-95e3-78801c4885e2,MATEMATIK,"$a$ ve $b$ birer gerçek sayı olmak üzere, $f(x) = \begin{cases} ax+b & , x < 1 \\ 7 & , x = 1 \\ bx-a+6 & , x > 1 \end{cases}$ fonksiyonunun $x=1$ noktasında limiti olduğuna göre, $a$ kaçtır?",1,2,3,4,6,C
a297078a-e26f-5ca9-baa5-014ace0c7822,EDEBIYAT,"Kişi işten yıktı, ülke alası taştın. (İnsanın alası içinde, hayvanın alası dışında) Koş kılıç kınqa sıqmas. (Çifte kılıç kına sığmaz) Bu sözlerle ilgili olarak aşağıdakilerden hangisi söylenemez?",Geçmişteki tecrübelerin aktarıldığı özlü sözlerdir.,Öz Türkçe kelimelerden meydana getirilmiştir.,Günümüzde atasözü adıyla da bilinmektedir.,Sürek avlarından sonraki toylarda söylenmektedir.,Hem nesir hem nazım özelliği göstermektedir.,D
7c791269-8f08-5b2a-b1d5-8a382f64cc6b,MATEMATIK,"Bir fırın her gün eşit miktarda ekmek üretmektedir. Bu fırından cuma günü her müşterisi 3 ekmek alıyor ve 2 ekmek artıyor. Cumartesi günü her müşterisi 4 ekmek alıyor ve 3 ekmek artıyor. Bu fırında günlük üretilen ekmek sayısı 100'den az olduğuna göre, cuma günü en fazla kaç farklı müşteri ekmek almıştır?",24,27,29,31,33,C
ca1257f0-5fd0-51c8-9362-4a192d5318fe,MATEMATIK,"Gerçek sayılar kümesinin bir alt kümesi üzerinde bir $f$ fonksiyonu $f(x) = \frac{x^2 - 4}{x - 2} - \frac{2x - 3}{x - 3}$ biçiminde tanımlanıyor. Buna göre, $(\lim_{x \to 2} f(x)) \cdot (\lim_{x \to 3} f(x))$ çarpımının değeri kaçtır?",$\frac{1}{2}$,$1$,$\frac{3}{2}$,$2$,$4$,A
e48835b3-9479-50cb-8438-f65294e426e7,FIZIK,"Yenilenemez enerji kaynakları hızla tükenmektedir. Bu nedenle gelecek yıllarda enerji ihtiyacının karşılanmasında sorunlar yaşanabileceği öngörülmektedir.
Buna göre, aşağıdakilerden hangisi bu soruna çözüm olarak alınabilecek tedbirlerden değildir?",Güneş enerjisi kullanımının yaygınlaştırılması,Rüzgâr enerjisi kullanımının yaygınlaştırılması,Petrol ürünleri yakan araç kullanımının kısıtlanması,Doğal gaz kullanımının yaygınlaştırılması,Hidroelektrik enerji santrallerinin sayısının artırılması,D
cfe3ab6d-7fb8-5d5f-ae74-50f022c3d7b3,MATEMATIK,$\frac{x^2-16}{|x-2|} < 0$ eşitsizliğini sağlayan kaç tam sayı değeri vardır?,3,4,7,5,6,A
47c62edf-ce2a-5d2c-b5de-9b480cca564e,GEOMETRI,"Dik koordinat düzleminde $A(4, -2)$ noktasının $y=x$ doğrusuna göre simetriği $B$ noktası, $B$ noktasının $y=-5$ doğrusuna göre simetriği $C$ noktasıdır. Buna göre, $|AC|$ kaç birimdir?",5,6,8,10,13,D
a6f7f44a-e556-5de9-b813-cee79dd695cb,MATEMATIK,"A boş olmayan bir küme olmak üzere, A'dan A'ya $f$ ve $g$ fonksiyonları tanımlanmıştır.

""$f \circ g$ fonksiyonu birebir ve .................... ise $f$ fonksiyonu birebirdir.""

Buna göre, boş bırakılan yere

I. $g$ fonksiyonu örten
II. $f$ fonksiyonu örten
III. $g \circ f$ fonksiyonu örten

ifadelerinden hangileri tek başına istenilen koşul gerçekleşir?",Yalnız I,Yalnız II,Yalnız III,I ve II,"I, II ve III",D
2a936d4d-fe1c-5f73-b09a-7b73d865f9ff,MATEMATIK,$2x-3 \le 3x \le x+4$ eşitsizliğini sağlayan $x$ tam sayılarının toplamı kaçtır?,7,9,10,12,14,B
928c5590-f108-5450-a1bc-a8618d61255c,KIMYA,"Zayıf bir baz olan $NH_3$ gazının suda iyonlaşma denklemi, $NH_{3(suda)} + H_2O_{(s)} \rightleftharpoons NH_4^+_{(suda)} + OH^-_{(suda)}$ şeklindedir. Kaba aynı sıcaklıkta saf su eklenirse, I. İyonlaşma yüzdesi artar. II. $OH^-$ iyon derişimi azalır. III. $K_b$ değeri artar. yargılarından hangileri doğrudur?",Yalnız I,Yalnız II,I ve II,I ve III,"I, II ve III",C
35c2ba1e-31fc-5b47-a39a-16a77bb0ef26,MATEMATIK,"Bir elektrik dağıtım şirketi abonelerinden, faturanın son ödeme tarihinden sonra ödenmemesi halinde, son ödeme tarihinden itibaren günlük %0,2 oranında gecikme bedeli almaktadır. Buna göre, fatura bedeli 80 TL olan faturanın son ödeme tarihinden 100 gün sonra ödenmesi halinde şirketin alacağı gecikme bedeli kaç TL'dir?",8,12,16,20,24,C
de5961bd-6c99-54c8-8a69-ad2cd08e5717,MATEMATIK,"$M \cdot N$
toplamı işlemeğinde M sayısı %10 artırılır, N sayısı %20 azaltılırsa toplam sonucu %10 azalıyor.
Buna göre, $\frac{M}{N}$ kaçtır?",2,4,$\frac{1}{2}$,$\frac{1}{4}$,"2,5",E
0aa177ca-3c67-5af9-8e39-d4dec2c04665,MATEMATIK,"log$_{2}$(8 - $2^x$) = 3 - 2x olduğuna göre, x kaçtır?",1,2,3,5,6,E
69dcae22-ae24-5173-bdf5-90b5c9408f9d,TURKCE,"III. tekil kişi iyelik eki (-ı, -i, -u, -ü) ile ismin belirtme hâli eki (-ı, -i, -u, -ü) birbirine karıştırmamak için bu eki alan sözcüğe ""kimin, neyin"" soruları yöneltilmelidir. Eki alan sözcük, bu sorulara yanıt veriyorsa bu ek, iyelik ekidir.
Bu açıklamaya göre
I. Her birimiz zamanın kırıntıları, zamanın çocuklarıyız.
II. Kirli camlarında günlerin ağlayarak kanat çırpanlarıyız.
III. İpi arayan kuşların renkli kanatlarından düşmüşüz.
cümlelerindeki altı çizili ""-ı, -i, -u, -ü"" ekleri iyelik ekidir?",Yalnız I,Yalnız II,Yalnız III,I ve II,II ve III,E
5aad20b7-6df7-59d6-8001-369ca7fa885c,KIMYA,"$CH_4$ molekülü ile ilgili aşağıdakilerden hangisi yanlıştır? ($_{1}H, _{6}C$)",Apolar moleküldür.,VSEPR gösterimi $AX_4$'tür.,"Bağlar arasındaki açı değeri $109,5^\circ$'dir.",Molekül geometrisi üçgen piramittir.,Merkez atom $sp^3$ hibritleşmesi yapmıştır.,D
1102a265-90fb-5377-b4b9-fe1aa1486f4b,MATEMATIK,"$f(x)=\frac{1}{x}$ olduğuna göre, $f^{(30)}(x)$ aşağıdakilerden hangisidir?",$\frac{29!}{x^{30}}$,$-\frac{29!}{x^{30}}$,$-\frac{29!}{x^{31}}$,$\frac{30!}{x^{30}}$,$\frac{30!}{x^{31}}$,E
eb0806e9-9526-5121-b05c-2863992a7644,BIYOLOJI,"I. Oksidatif fosforilasyon, II. Substrat düzeyinde fosforilasyon, III. Fotofosforilasyon Bu fosforilasyon çeşitlerinden hangileri bir bitkinin sitoplazmasında gerçekleşebilir?",Yalnız II,Yalnız III,I ve II,II ve III,"I, II ve III",A
22c33dba-b5b5-5e77-92d8-1c2d26cac9b8,KIMYA,"Standart koşullarda bulunan X, Y ve Z metalleri ile ilgili, aşağıdaki bilgiler veriliyor.
• Sadece X metali kral suyu ($HNO_3 + HCl$ sulu çözeltisi) karışımı ile tepkime veriyor.
• Y metali $Z^{2+}$ iyonlarını indirgeyemiyor.
Buna göre, metallerin elektron verme eğilimlerinin karşılaştırılması aşağıdakilerden hangisinde doğru verilmiştir?",X > Y > Z,Z > Y > X,Y > X > Z,Y > Z > X,X > Z > Y,B
56d39835-9e0d-5762-9553-a044e05c1574,MATEMATIK,"Eş güçteki 5 temizlik işçisi $240 \text{ m}^2$'lik bir alanı 3 saatte çalışarak 6 günde temizliyor. Bu işçiler ile eş güçte olan 6 temizlik işçisi günde $x$ saat çalışarak $180 \text{ m}^2$'lik bir alanı 3 günde temizliyor.
Buna göre, $x$ kaçtır?",2,3,4,5,6,B
75467664-20cb-525c-95e0-777c518c13da,MATEMATIK,"$0 < x < \frac{3\pi}{2}$ olmak üzere, $\frac{\sin x}{1 - \tan x} + \frac{\sin x}{1 - \cot x} = -\cos x$ eşitliğini sağlayan kök aşağıdakilerden hangisidir?",\pi,\frac{3\pi}{4},\frac{5\pi}{4},2\pi,\frac{7\pi}{2},C
777eb0f0-5ca2-5e82-9c2f-281fca5cf515,MATEMATIK,"Dik koordinat düzleminde, $x^2 + y^2 + 2x - 8y - 8 = 0$ çemberinin x eksenine en uzak noktası A, y eksenine en uzak noktası B'dir. Buna göre, $|AB|$ kaç birimdir?",5,$2\sqrt{7}$,$4\sqrt{2}$,6,$2\sqrt{10}$,E
2bfcc559-7131-590e-99a4-9d0b196a9eae,MATEMATIK,"Gerçek sayılarda tanımlı $f(x)$ fonksiyonu için $\lim_{x \to 2^-} f(x) = 4$ olduğu biliniyor.

Buna göre,

I. $\lim_{x \to 2} f(x) = 4$
II. $\lim_{x \to 2^+} f(x) = 4$
III. $f(2) = 4$

ifadelerinden hangileri daima doğrudur?",Yalnız I,Yalnız II,Yalnız III,I ve II,"I, II ve III",B
5cc66ef0-3511-5a33-9c38-d31085f74cdf,MATEMATIK,"$f(x) = \frac{1}{3}x^3 + x^2 - ax - 1$ eğrisine üzerindeki $x=1$ ve $x=-1$ apsisli noktalardan çizilen teğetler birbirine dik olduğuna göre, $a$'nın alabileceği değerler çarpımı kaçtır?",-2,-1,0,1,2,B
14f65fc4-82f1-54d5-a98b-96839a657c91,MATEMATIK,"$x, y$ ve $z$ pozitif tam sayılardır. $\frac{x+2y}{z}=4$ olduğuna göre, aşağıdakilerden hangisi her zaman doğrudur?",$x$ çift sayıdır.,$x$ tek sayıdır.,$y$ çift sayıdır.,$y$ tek sayıdır.,$z$ çift sayıdır.,A
d7e6a4b2-4837-5ce2-b1d2-5cfb97ae995e,MATEMATIK,"Bir ayrıtı $x$ birim uzunluğunda olan küp şeklindeki bir kristalin üretim maliyeti hacim üzerinden birimküp başına 5 TL, satış fiyatı ise yüzey alanı üzerinden birimkare başına 20 TL olarak hesaplanmaktadır. Buna göre, $x$ kaç birim olursa bu kristalin satışından elde edilen kâr en fazla olur?",16,18,20,22,24,C
f41d8b90-f45d-54b4-8b6f-427677a0d1d6,MATEMATIK,"Bir şirket, içinde her seferinde eşit miktarda olmak üzere toplam $64$ defa kullanılabilecek kadar deterjan olan ürününü yenileyerek üzerine ""Artık şişemizde eskisinin $2$ katı kadar deterjan var ve deterjanımızın yeni formülü ile her bir damlanın etkisi $8$ katına çıktı."" yazmıştır. Buna göre, yenilenmiş hâldeki şişenin içindeki tüm deterjan, her seferinde eski hâli ile aynı etkiye sahip olacak biçimde kaç defa kullanılabilir?",$16^2$,$8^3$,$32^2$,$2^{11}$,$4^6$,D
1c4923c5-aa58-54ab-87f7-e1bd67c7196f,MATEMATIK,"Şekildeki kutuların içine $\log_4 x$, $\log_x 16$ ve $\log_x x$ ifadelerinden farklı birer tanesi yazıldığında tüm eşitlikler sağlanmaktadır.
$5 + \boxed{} = A$
$B + 2 = \boxed{}$
$\boxed{} - 1 = C$
$A+B+C$ toplamı $4$ olduğuna göre, $x$ kaçtır?",$\frac{1}{2}$,$\sqrt{2}$,$\sqrt[3]{2}$,$\sqrt[4]{2}$,$2$,B
404b9fe5-5ef6-5f68-a55a-82b4acd1c8b1,FIZIK,"Kütleleri arasında $M_P > M_R > M_S$ ilişkisi olan P, R ve S cisimlerinin sırasıyla X, Y ve Z gezegenlerinde ağırlıkları eşit oluyor. Gezegenlerin yarıçapları eşit olduğuna göre, kütleleri $M_X$, $M_Y$ ve $M_Z$ arasındaki ilişki aşağıdakilerden hangisidir?",$M_X > M_Y > M_Z$,$M_Z > M_Y > M_X$,$M_X = M_Y = M_Z$,$M_Y > M_X > M_Z$,$M_X > M_Z > M_Y$,B
560af7ae-d713-5cf3-9129-f0dade6a9d56,MATEMATIK,"$P(x)=(x^2+1)(x^2+2)...(x^2+11)$
$Q(x)=x(x+1)(x+2)...(x+8)$
polinomları veriliyor.

Buna göre, $P(x)$ polinomunun $Q(x)$ polinomuna bölümünden kalan kaçtır?",248,155,211,182,242,E
bf1b3ac4-7131-558a-865f-eb2232d83bcb,TURKCE,"Doğadaki tüm hayvan türlerinde erkek bireylerin dişilere göre daha büyük olduğu kanısına sahip olabilirsiniz. Bunun nedeni aslanlar ve goriller gibi birçok hayvan türünde erkek bireylerin dişilerinden daha büyük olduğunu görmeniz olabilir. Ancak bu durum, memeli türlerinin tamamında geçerli değil. Bu parçadaki numaralanmış sözcükler ile ilgili aşağıdakilerden hangisi söylenemez?","I. sözcük, türemiş sıfattır.","II. sözcük, belgisiz sıfattır.","III. sözcük, niteleme sıfatıdır.","IV. sözcük, birleşik yapılıdır.","V. sözcük, belirtme sıfatıdır.",A
4842d40d-7aaa-54c2-b673-de377598f348,MATEMATIK,"$P(x)$ ikinci dereceden ve $Q(x)$ birinci dereceden birer polinomdur. $P(x)$ ve $Q(x)$ polinomlarının başkatsayıları $1$ olup sabit terimleri aynıdır. $P(x) + Q(x) = x^2 + 6$ olduğuna göre, $P(x)$ polinomunun katsayıları toplamı kaçtır?",3,4,5,6,7,A
648b7ffa-d46a-5593-aa25-fe6c451828fd,MATEMATIK,"Sedef'in telefonunda kurulan alarm, alarm zamanı geldiğinde 1 dakika boyunca çaldıktan sonra ikişer dakika arayla alarmı kapatana kadar her seferinde 1 dakika boyunca çalmaya devam etmektedir.
Bu alarmın her çalışmada Sedef'in uyanma olasılığı $\frac{2}{5}$'tir.
Buna göre, alarmın üçüncü çalışında Sedef'in uyanma olasılığı kaçtır?",\frac{2}{25},\frac{3}{25},\frac{6}{125},\frac{18}{125},\frac{12}{125},D
199c8158-3ad9-5745-91e4-0348f6cf0be3,MATEMATIK,"$x > 0$ olmak üzere, bir kütüphanede ders çalışan öğrenci sayısı, $f(x) = x^3 - 9x^2 + 15x + 99$ fonksiyonuyla ifade edilmektedir. x, kütüphanede ders çalışılan toplam saat sayısıdır. Buna göre, kütüphaneye en az sayıda öğrenci geldiğinde kaç saat ders çalışılmıştır?",1,3,4,5,7,D
83b47523-b270-5ad3-bf4e-f215f1223d11,MATEMATIK,"$x^2+(m-3)x-8=0$ denkleminin kökleri $x_1$ ve $x_2$'dir. $(x_1)^2=x_2$ olduğuna göre, $m$ kaçtır?",1,2,3,4,5,A
14f6dcae-1796-552d-ab13-caa2c84c909e,GEOMETRI,"ABC ve ADB dik üçgen, $[AB]\perp[BC]$, $[AD]\perp[BD]$. $|BD|=|DC|$, $m(\widehat{BAD})=15^{\circ}$, $|AB|=8$ cm. Yukarıdaki verilere göre, $|AC|$ = x kaç cm'dir?",$4\sqrt{5}$,$2\sqrt{21}$,10,$2\sqrt{30}$,12,B
6d57f574-42ed-5c8d-9383-03f36cf0695a,MATEMATIK,"Baş katsayısı 1 olan dördüncü dereceden bir $P(x)$ polinomunun sıfırlarının oluşturduğu küme $\{0, 2\}$'dir. $P(1) = -1$ olduğuna göre, I. $3$ II. $9$ III. $27$ sayılarından hangileri $P(x)$ polinomunun $x-3$ ile bölümünden kalana eşit olabilir?",Yalnız I,I ve II,I ve III,II ve III,"I, II ve III",E
645be9e7-b41d-539f-b781-044a84e09524,MATEMATIK,"Demet, $9800$ liraya satılan bir gelinliği $12$ taksitle almıştır. İlk taksit $1000$ lira olup diğer taksitlerin tutarı eşittir.
Buna göre, Demet'in ödeyeceği son taksitin tutarı kaç liradır?",700,750,800,850,900,E
c602ca40-d345-5419-af07-4acc6282c450,FIZIK,"Diyotlarla ilgili olarak,
I. Sinyal yükseltici olarak kullanılır.
II. N ve P tipi yarı iletkenlerden oluşur.
III. Alternatif akımın doğru akıma çevrilmesi için kurulan devrelerde kullanılır.
yargılarından hangileri doğrudur?",Yalnız I,Yalnız II,Yalnız III,II ve III,"I, II ve III",D
ba44f883-afad-5828-b5aa-5bb3acd40520,FIZIK,"Formula 1 araba yarışlarını sunan bir spiker yayın esnasında,
• En hızlı araba bir turu 2 dakikada tamamladı.
• Hava sıcaklığı $23^	ext{o}	ext{C}$'dir.
• Pistin uzunluğu 10 kilometredir.
Buna göre, spikerin verdiği bilgilerdeki birimlerin SI birim sistemindeki karşılıkları aşağıdakilerden hangisidir?","saat, Fahrenheit derece, kilometre","saniye, Kelvin, metre","dakika, Celsius derece, kilometre","saniye, Celsius derece, kilometre","saat, Kelvin, metre",B
5cc6a036-c81f-5c06-945e-20c8d4bc08ab,MATEMATIK,$6x-30 \le 0$ eşitsizliğinin en geniş çözüm aralığı aşağıdakilerden hangisidir?,"$[-\infty, 30]$","$[-\infty, 5]$","$(-5, \infty]$","$[5, \infty)$","$[30, \infty)$",B
979b8d59-e5d3-531c-8925-9f51eb649c2c,MATEMATIK,"$3a^2 - 4a - 6 = 0$ denkleminin kökleri $\tan \alpha$ ve $\tan \beta$'dır. Buna göre, $\frac{\tan \alpha + \tan \beta}{1 + \cot \alpha \cdot \cot \beta}$ oranı kaçtır?",3,$\frac{8}{3}$,$\frac{7}{3}$,2,$\frac{5}{3}$,B
487a317a-96c3-583e-958c-f03d83397f6b,EDEBIYAT,"Tünle bile göçelim
Yamar suyunu içelim
Yemçük suyunu içelim
Yuvga yata yuvulsum
(Geceleyin göçelim
Yamar suyunu geçelim
Kaynak suyunu içelim
Ta ki belamıza uğrayan düşman elimizde utansın)
Bu dörtlükten hareketle aşağıdakilerden hangisi söylenemez?",Yarım uyak kullanıldığı,Nazım türünün koşuk olduğu,7'li hece ölçüsüyle söylendiği,Yuğ törenlerinde söylendiği,Düz uyaktan yararlanıldığı,D
51cdbc5d-7190-5c3b-9ff0-575716d29a5b,FIZIK,"Elektromanyetik dalga kaynakları doğal ve doğal olmayan kaynaklar olarak ikiye ayrılmaktadır.
Buna göre,
I. Güneş doğal elektromanyetik dalga kaynağıdır.
II. Elektrik hatları doğal olmayan elektromanyetik dalga kaynağıdır.
III. Mikrodalga fırınlar doğal elektromanyetik dalga kaynağıdır.
yargılarından hangileri doğrudur?",Yalnız I,Yalnız II,Yalnız III,I ve II,"I, II ve III",D
7fa81890-a808-576f-8a80-a663b01f97fe,MATEMATIK,"6 binadan oluşan bir sitede binalar 1'den 6'ya kadar numaralandırılmıştır. Bu binaların üçü beyaz, ikisi mavi, biri yeşil renge boyanacaktır.

1 ve 2 numaralı binalar aynı renge, 6 numaralı bina bu iki binadan farklı renge boyanacağına göre, binaların boyanması işlemi kaç farklı biçimde yapılabilir?",24,17,13,12,9,D
95e2f149-712b-5b5a-a3ab-813e142c7f9d,MATEMATIK,"$f(x)=x^3-6x^2-15x+7$ eğrisine herhangi bir noktasından çizilen teğetlerden eğimi en küçük olan $d_1$ dir. Buna göre, $d_1$ doğrusunun y eksenini kestiği noktanın ordinatı kaçtır?",-21,-15,-5,15,21,E
e498a81b-82b8-5905-af94-fecf6518381d,TURKCE,"Bir yazar olarak uzun uzadıya irdelemem gerektiğini düşündüğüm taşra yalnızlığı diye bir kavram var. Bazan çok ızdırap verici olsa da insanın kendisiyle baş başa kalabilmesi için oldukça faydalı bir yalnızlık bu. Kültürel açıdan nispeten cılız ancak oldukça sevimli olan bu şehirde ben, taşra yalnızlığını kurmacayla avantajına dönüştürmeye çabalayanlardanım. Bu hâl, beni kalem ve kitaplarla dostluğa sevk ediyor. Ayrıca bu sınırlı alanda oluşturduğum sonsuz kültür evreniyle merkezde kurduğum yaşantıya bir alternatif bulduğuma inanıyorum.
Aşağıdakilerden hangisi bu parçadaki düşünceyi destekler niteliktedir?",Edebiyatla yalnızlık duygusu zaman ve mekândan bağımsız gelişir.,"Yalnızlık, edebî eser yazma sürecinde kişinin hayal gücünü besler.","Edebî metinler, taşra ve merkezdeki kültürün yakınlık kurmasını sağlar.",Mekânı ve kimi olumsuz duyguları aşabilmek edebiyatla mümkün olur.,Edebiyatla uğraşmak kalabalıklara karşı takınılan tavrı belirler.,D
06291be1-0eeb-550c-b394-498b084848ea,FIZIK,Isıtılan bir maddenin sıcaklık artışı $\Delta T$ kadar olmaktadır. Buna göre; I. Maddenin kütlesi II. Maddenin öz ısısı III. Isıtılma süresi niceliklerinden hangileri $\Delta T$ değerini etkileyebilir?,Yalnız III,I ve II,I ve III,II ve III,"I, II ve III",E
2aef20b5-9ac6-5c02-8523-6ee8d621e4a4,KIMYA,$_{16}^{32}X^{2-}$ ve $_{17}^{35}Y^{3+}$ iyonları izoton ise $Y^{3+}$ iyonunun elektron sayısı kaçtır?,10,9,7,6,4,A
73db61a9-ed48-55ac-90c5-faf5add4b232,MATEMATIK,"Reel sayılarda sabit fonksiyon olmayan sürekli ve integrallenebilen bir $f(x)$ fonksiyonu için $\int_{1}^{5} f(x) dx = 17$ dir. Riemann alt toplamı A, Riemann üst toplamı B olduğuna göre, A'nın en büyük tam sayı değeri ile B'nin en küçük tam sayı değeri toplamı kaçtır?",32,33,34,35,36,C
94609f32-a3ce-53ad-b782-6ce92ccbf768,MATEMATIK,$$\int_{\frac{\pi}{8}}^{\frac{\pi}{8}} (\cos^2 x + \sin^2 x) dx$$ integralinin değeri aşağıdakilerden hangisidir?,$$\frac{\pi}{8}$$,$$\frac{\pi}{4}$$,0,$$\frac{\sqrt{2}}{2}$$,$$\frac{\sqrt{3}}{2}$$,C
2a1398af-48e3-512f-bed5-bd3edb1da51f,EDEBIYAT,"Gördüm ol meh duşuna bir şal atup lâhûrdan
Gül yanaklar üstüne yaşmak tutunmuş nurdan
Bu beyitte altı çizili sözle yapılan edebî sanat aşağıdakilerden hangisidir?",İstiare,Tevriye,Mecazımürsel,Teşhis,Kinaye,A
5789d25c-132a-5ff2-beff-ee233ac1080f,MATEMATIK,$\lim_{x \to \infty} \left( \frac{1}{12} + \frac{1}{20} + \frac{1}{30} + \dots + \frac{1}{x^2+x} \right)$ limitinin değeri kaçtır?,$\frac{1}{3}$,$\frac{1}{6}$,$\frac{1}{9}$,$\frac{1}{12}$,$\frac{1}{20}$,B
e12f30ae-f506-569a-ad1e-0a0ff1d3ba15,TARIH,"II. Abdülhamit'in devlet politikası hâline getirdiği İslamcılık
fikrine, İngiltere karşı çıkarken Almanya destek vermiştir.
Bu bilgilere dayanarak;
I. İngiltere'nin sömürgeleri arasında Müslüman ülkelerin
de bulunduğu,
II. Almanya'nın İslam dünyasının koruyuculuğuna giriştiği,
III. İngiltere ile Almanya arasında Osmanlı Devleti üzeri-
ne bir çekişme olduğu,
IV. Almanya'nın Osmanlı Devleti'ne yakınlaşmak istediği
durumlarından hangilerine ulaşılamaz?",Yalnız I,Yalnız II,I ve III,II ve IV,"II, III ve IV",B
1e1ff9f1-193e-5af6-9b9a-726ebe9f8e6e,TURKCE,Sözcükler küçültme eki (-cik) alırken veya pekiştirme yapılırken sözcüğün kökü ile gelen ek arasında fazladan bir ünlü türeyebilir. Buna ünlü türemesi denir. Aşağıdaki cümlelerin hangisinde ünlü türemesine uğramış bir sözcük vardır?,Mutluluk hepimiz için şahane bir duygudur.,Sert kayalıklarla sapasağlam kulübeler inşa etmişler.,Dünya üzerindeki en güzel şehirlerden biri İzmir'dir.,İnsan korkarak yaşarsa yalnızca hayatı seyretmiş olur.,Hiçbir zaman tam olmamız gereken kişi değilizdir.,B
f4b2f61b-6a4c-524c-9f79-9a2ed2fdfbb3,TURKCE,"I. Buzdaki oluşan su zerrecikleri, soğumanın devam etmesi ile birlikte birleşerek büyür.
II. Atmosfere karışan su buharı, atmosferin üst katlarına doğru yükselerek soğur ve bulutları meydana getirir.
III. Su döngüsünde okyanuslar, denizler, göller ve akarsular gibi kaynaklardaki su, buharlaşma ile bitki ve hayvanların terlemesi sonucu ortaya çıkan su, sıcaklığın etkisiyle buharlaşarak atmosfere su buharı olarak karışır.
IV. Bunun sonucu olarak havada asılı kalamayarak kar, yağmur ve dolu gibi yağışları oluşturarak yeryüzüne tekrar iner.
V. Yeryüzüne düşen yağışların bir kısmı buzulları, bir kısmı yer altına sızarak yer altı sularını, bir kısmı akışa geçerek akarsuları oluştururken bir kısmı ise bitki ve hayvanlar tarafından yaşamsal fonksiyonlarda kullanılır.
Numaralanmış cümleler anlamlı bir bütün oluşturacak biçimde sıralandığında hangisi baştan ikinci olur?",I,II,III,IV,V,B
80c7b033-0f6e-562f-8714-cc88381039d3,KIMYA,"Organik X ve Y bileşikleri ile ilgili aşağıdaki bilgiler veriliyor.
• Karbonil grubu içerirler.
• Asidik özellik yoktur.
• Hidroliz olmazlar.
• X Fehling çözeltisi ile tepkime verir ancak Y vermez.
• 1 molü tamamen yandığında 3 mol CO_2 gazı oluşur.
Buna göre X ve Y bileşikleri aşağıdakilerden hangisidir?","X: CH_3CH_2COOH, Y: CH_3-O-CH_3","X: CH_3CH_2CHO, Y: CH_3COCH_3","X: CH_3CH_2CHO, Y: CH_3CH_2COOH","X: CH_3C≡CH, Y: CH_3COCH_3","X: CH_3C≡CH, Y: CH_3CH_2OH",B
f1b7487e-5fa7-5bb4-a50d-79c72f9eee9c,TURKCE,"(I) Obsesif kompülsif bozukluklarda görülen takıntılar; kişinin elinde olmadan istemsiz bir şekilde sürekli akla gelen ve genellikle kişiyi rahatsız eden ısrarlı düşünce, görüntü ya da dürtülerdir. (II) Takıntılar bir anda zihne davetsiz olarak girerler ve istenmezler, uygunsuzluklar, sıkıntı ve ricidlerdir. (III) Günümüzde OKB yani takıntı hastalığının tedavisinde hem biyolojik hem de psikolojik anlamda ciddi ilerlemeler söz konusudur. (IV) Takıntılar; kişinin kontrolü dışında tekrar eden ve genellikle hoş olmayan konular hakkındadır. (V) Toplumumuzda en çok temizlik, düzen ve simetri ile ilgili takıntılar insanlar tarafından bilinirken aslında bunlar, takıntı türlerinden sadece birkaçıdır.
Bu parçada numaralanmış cümlelerden hangisi düşüncenin akışını bozmaktadır?",I,II,III,IV,V,C
d6c531ca-8f0a-5608-a6f5-8eb8862ba73b,KIMYA,Yukarıda verilen aromatik bileşiklerden hangileri bazik özellik gösterir?,Yalnız I,Yalnız II,I ve II,II ve III,I ve III,A
59283ea2-9d09-513c-b63f-74a43ad3a88e,GEOMETRI,"Dik koordinat düzleminde $A(2, 1)$ noktasında iki karınca bulunmaktadır. Bu karıncalardan biri önce doğu yönünde 3 birim daha sonra kuzey yönünde $b$ birim ilerleyip $B$ noktasına ulaşıyor. Diğeri ise kuzey yönünde $b$ birim ilerleyip $B$ noktasına 5 birim uzaklıkta olan $C$ noktasına ulaşıyor.
Bu karıncaların bulundukları $B$ ve $C$ noktaları $y = kx$ doğrusu üzerinde olduğuna göre,
I. $k = \frac{4}{5}$ tir.
II. $|a-b| = 4$ tür.
III. $|OB| = \frac{25}{3}$ tür.
ifadelerinden hangileri doğrudur?",Yalnız I,Yalnız II,Yalnız III,I ve II,"I, II ve III",E
f3f60e0d-d61b-5e85-bab1-a316e828888d,MATEMATIK,$27^6$ sayısının $\frac{1}{9}$'unun $3^{-4}$ katı aşağıdakilerden hangisidir?,$3^6$,$3^8$,$3^{10}$,$3^{12}$,$3^{16}$,E
bdb6efac-aef7-5dac-9cab-dfa08786e438,MATEMATIK,$\frac{\sin 40^\circ - \sqrt{3}\cos 40^\circ}{\sin 10^\circ \cdot \cos 10^\circ}$ işleminin sonucu kaçtır?,4,2,-1,$-\frac{1}{2}$,1,A
0d316e5f-c9f1-50bb-a275-4c1d72e6164b,MATEMATIK,"$\alpha$ dar açı olmak üzere, $ \sin \alpha = \frac{1}{\sqrt{5}} $ olduğuna göre, $ \cot(2\pi-\alpha) + \tan \alpha $ ifadesinin değeri kaçtır?","$-1,5$",$-1$,"$-0,5$","$0,5$",$1$,D
7ccd4a7c-7a7c-53a5-8e24-3e71804e9b82,MATEMATIK,"$a$ pozitif bir gerçel sayı olmak üzere, uygun koşullarda tanımlı $f$ fonksiyonu $f(x) = \frac{x^2 - a}{x^2 + a \cdot x}$ şeklinde verilmiştir. $f'(1) = 1$ olduğuna göre, $a$ kaçtır?",\frac{1}{4},\frac{1}{2},1,\frac{3}{2},2,B
4aec6f22-c8e8-5d2d-9686-f66bc95f72a3,MATEMATIK,"$n$ bir gerçek sayı olmak üzere,
$P(x) = x^{n-2} + x^2 + x$
ifadesi ikinci dereceden polinom olduğuna göre, $P(x)$'in eşit olabileceği birbirinden farklı polinomların toplamı aşağıdakilerden hangisidir?",$4x^2 + 4x$,$4x^2 + 4x + 1$,$4x^2 + 4x + 2$,$4x^2 - 4x + 3$,$4x^2 + 4x + 4$,C
2e05337a-7041-5d0a-aa2c-a97f38343798,MATEMATIK,"$f: \mathbb{R} \to \mathbb{R}$ türevlenebilir fonksiyonu için $f(1)=3$ eşitliği veriliyor. $\lim_{x \to 1} \frac{f(x)-3}{x^2-1}=2$ olduğuna göre, $f(x)$ fonksiyonu aşağıdakilerden hangisi olabilir?",$f(x) = 3(x-2)^2$,$f(x) = x^3+x^2+x$,$f(x) = x^3+2x$,$f(x) = x^3+x^2+x+1$,$f(x) = 2x^3+2x-1$,E
ec0391c5-b4d8-57b7-a3eb-557f314bb566,MATEMATIK,"$\cos x = \frac{1}{\sqrt{10}}$
olduğuna göre, aşağıdakilerden hangisi irrasyonel bir sayıdır?",$\tan x$,$\sin 2x$,$\tan 2x$,$\cos 2x$,$\text{cosec} x$,E
b10e818d-b48c-51d9-b8a8-fc4597916b44,FIZIK,"Hava ortamında yapılan ışığın tek yarıkta kırınımı deneyinde kırmızı ışık kullanılarak elde edilen merkezi aydınlık saçak için, I. Mavi ışık kullanılırsa saçak genişliği azalır. II. Perde yarık düzlemine yaklaştırılırsa saçağın parlaklığı artar. III. Perde ile yarık düzlemi arasındaki ortamın kırıcılık indisi artırılırsa saçak genişliği azalır. ifadelerinden hangileri doğrudur?",Yalnız I,Yalnız II,I ve II,I ve III,"I, II ve III",D
2ef3d376-d2ca-550d-b2cd-48f960753917,MATEMATIK,"Bir bakkal gittiği toptancıdan paketi 6 TL olan 6'lı soda paketlerinden ve paketi 18 TL olan 24'lü soda paketlerinden toplamda 20 paket alıyor. Aldığı sodaların tamamını % 50 kârla 360 TL'ye satıyor.
Buna göre, bu bakkal toptancıdan kaç tane soda almıştır?",228,246,264,282,300,C
b1ab7c19-e599-51dc-8790-d7b5ade6020d,MATEMATIK,"a ve b birer gerçek sayıdır.
$(3a-2)x+b=(4+a)x+7$
denkleminin çözüm kümesi tüm gerçek sayılar olduğuna göre $a+b$ toplamı kaçtır?",5,7,8,10,12,E
cedf606f-0060-507a-8eef-d3af3e3da95d,MATEMATIK,"Aşağı doğru hareket eden bir yürüyen merdiveni 24 dakikada inip çıkan Kayra'nın hızı yürüyen merdivenin hızının 2 katıdır. Buna göre, Kayra kendi hızıyla aynı uzunluktaki sabit bir merdiveni kaç dakikada iner?",12,16,18,20,24,B
4ceaab15-d0df-5d9b-9799-f84ed10a9b12,TARIH,"Paul Wittek, Osmanlı Beyliği'nin çok güçlü bir devlet olarak ortaya çıkmasını, bu beyliği kuranların gaza düşüncesiyle hareket etmelerine ve idareleri altına giren ahalinin dinlerine karışmamasına bağlamaktadır. Buna göre Osmanlı Devleti'nin kısa sürede güçlenmesinde; I. konargöçer yaşam, II. cihat, III. hoşgörü anlayışlarından hangilerine önem vermesi etkili olmuştur?",Yalnız I,Yalnız II,Yalnız III,I ve III,II ve III,E
ea1ba11c-6d14-5669-be51-142db8c97882,MATEMATIK,"Çarpma işlemi $(\times)$, çıkarma işlemi $(-)$, toplama işlemi $(+)$, bölme işlemi $(\div)$ ve K bir pozitif tam sayı olmak üzere
$K = (\square - 6) \div 12$
eşitliğinde $\square$ sembolü yerine
I. Çarpma işlemi $(\times)$ ya da çıkarma işlemi $(-)$ yazılabilir.
II. Çıkarma işlemi $(-)$ ya da bölme işlemi $(\div)$ yazılabilir.
III. Çarpma işlemi $(\times)$ ya da toplama işlemi $(+)$ yazılabilir.
ifadelerinden hangileri doğrudur?",Yalnız I,Yalnız II,Yalnız III,I ve II,I ve III,A
10dc320b-acbe-5102-ac85-b3bad88bf51c,GEOMETRI,"Metin öğretmen iki öğrencisine uzunlukları 9 cm, 16 cm ve 21 cm olan üçer çubuk verip ve aşağıdaki işlemleri yapmalarını istemiştir. Öğrenciler işlemleri tam ve hatasız olarak yapmış ve farklı sonuçlar bulmuşlardır. Buna göre, öğrencilerin sonuçları arasındaki fark kaç cm'dir?",8,9,12,14,15,D
66e267f3-534d-5a72-8fb3-4ee858154ade,KIMYA,"I. Atomlar parçalanamaz.
II. Aynı tür element atomları şekil, büyüklük ve kütle bakımından özdeştir.
III. Maddelerin en küçük yapı taşı atomdur.
Yukarıda verilenlerden hangileri Dalton atom modeline aittir?",Yalnız I,I ve II,I ve III,II ve III,"I, II ve III",B
01f97809-7800-51c0-8c7e-640e2c4a1e4c,TURKCE,(I) Eğitim her yaştan insanı doğumundan ölümüne kadar doğrudan etkileyen bir alandır. (II) Çocuk olsun yetişkin olsun yaşamın her anı bir eğitim sayfasını yavaş yavaş çevirir. (III) Bu sayfaları bazısı anlar bazısı anlamadan geçer. (IV) Eğitimin birçok farklı yöntemi vardır. (V) Bu yöntemler uzun tecrübeler sonucunda ortaya konmuştur. (VI) Bunlardan biri de uzaktan eğitimdir. Bu parça iki paragrafa ayrılmak istense ikinci paragraf hangi cümleyle başlar?,II.,III.,IV.,V.,VI.,C
34d0e84c-9b3a-5c81-b83b-fb0e3b89074e,MATEMATIK,"$a<0<b$ olmak üzere, $\frac{|-a|-|b-a|-|-b|}{a-b}$ ifadesinin değeri aşağıdakilerden hangisidir?",-3,-2,-1,0,1,C
5ab9295a-05bb-5983-8a81-05d00aa79e4c,MATEMATIK,"Bir ortamdaki A, B, C, D ve E ile adlandırılmış beş farklı kutunun her birinde en az bir tane top bulunmaktadır.
D kutusundan 4 top A kutusuna, C kutusundan 2 top B kutusuna atılırsa tüm kutulardaki top sayıları eşit olmaktadır.
Buna göre, başlangıçta A kutusu, topları ile birlikte ortamdan kaldırılırsa kalan her bir kutudaki topların sayılarının eşit olması için en az kaç top, içinde bulunduğu kutudan alınıp ortamdaki başka bir kutuya atılmalıdır?",1,2,3,4,5,B
fa5de7ea-43d0-5551-bf13-495e0ece7428,FIZIK,"Potansiyel fark ile ilgili,
I. İletkenin üzerinden elektrik akımının geçmesini sağlayan etken potansiyel farktır.
II. Voltmetre iletkenin iki ucuna bağlandığında potansiyel farkı ölçer.
III. İletken bir telden geçen akımın şiddeti ve telin direnci biliniyorsa potansiyel fark hesaplanabilir.
ifadelerinden hangileri doğrudur?",Yalnız II,Yalnız III,I ve III,II ve III,"I, II ve III",D
954e424d-68b8-5597-85fc-215d160e163c,MATEMATIK,"Tersten yazılışı kendisine eşit olan sayılara ""Palindrom Sayılar"" denir. Örneğin: $767$ veya $14341$ birer palindrom sayıdır. $3a2b49c5d$ sayısı $9$ basamaklı palindrom bir sayıdır. Buna göre, bu sayının rakamları toplamı kaçtır?",42,44,46,48,50,A
dd4b415b-89c9-5281-b345-c6be73eb951e,MATEMATIK,"$x \in \left(\frac{3\pi}{2}, 2\pi\right)$ olmak üzere, $\frac{1}{1-\sin x} - \frac{1}{1+\sin x}$ ifadesinin sadeleştirilmiş hali aşağıdakilerden hangisidir?",$-\sin x$,-1,$-\sqrt{2}\sec x$,$2\cdot\cos x$,$\operatorname{cosec} x$,D
a20d3146-ca80-53c8-ba7a-7c6614f6a333,MATEMATIK,"Bir fizik laboratuvarında beş öğrenci grubu (A, B, C, D, E) bir yayın uzamasını ölçmek üzere deney yapmıştır. Her grup, özdeş koşullar altında ölçümü iki kez tekrarlamıştır. Öğretmen her grup için iki ölçüm arasındaki mutlak farkı $m = |1. \text{ölçüm} - 2. \text{ölçüm}|$ olarak tanımlamış ve yalnızca $m \le 0,01$ olduğunda sonucun ""kabul edilebilir"" olduğunu belirtmiştir. Ölçümler aşağıdaki gibidir. E grubunun ölçüm farkı ise $m = 0,012$ olarak bulunmuştur. Yukarıdaki tablo ve bilgilere göre kabul edilebilir sonuç veren gruplar aşağıdakilerden hangisidir?",A ve B,B ve C,A ve C,B ve D,C ve D,C
a77b10ea-e4f6-56ae-bc6f-d7af3f78c4b3,GEOMETRI,Analitik düzlemde karşılıklı iki kenarı $5x - 12y + 4 = 0$ ve $-5x + 12y + 48 = 0$ doğruları üzerinde bulunan karenin alanı kaç birimkaredir?,16,20,24,32,36,A
e102d8f8-65fd-503a-80ec-30ee9dc3291b,MATEMATIK,"$A \cdot (A + B) = 53$ $B \cdot (A + B) = 28$ denklem sistemini sağlayan $(A, B)$ ikilileri için $A - B$ farkı en çok kaçtır?",3,$25/3$,$8/3$,2,1,B
7111a21e-7cd6-52c9-a3ed-a75e1ca17b91,TURKCE,"Batı'daki ""Doğu merakı"" Binbir Gece Masalları'nın 17. yüzyılın sonunda Fransızca ve sonra İngilizceye çevrilmesiyle başlamıştı. (1) Özellikle İngiliz ve Fransız soyluları için Doğu seyahati ""olmazsa olmaz"" bir ritüel oldu. (2) Buharlı gemilerin ve modern medya'nın mesafeleri iyice kısalttığı, seyahatnameler başta başına bir külliyat oldu. (3) Bunların bir kısmı devlet destekliydi. Bilim insanları ve gezgin kâşiflerin elçilik niyetinde bir araya gelmesi zaten önemi önemli bir âdetti. Doğu bilimi, Pierre de Schihatchef (Çapeli) de bu âdete uygun olmak üzere 1846'da İstanbul'daki Rus elçiliğine gelmiş, Çhapeli, aslında bir Rus prensiydi. (3) Berlin, Münih ve Paris'te jeoloji eğitimi almış. Bunu Petersburg'da jeolojik, botanik ve astronomi dersleri izlemiş. Sibirya'nın da ""Küçük Asya"" dediği İstanbul'dan Meşr'a uzanan bölgenin jeolojik, botanik, zoolojik incelemelerini içeren eserleri literatüre geçirmiş.
Bu parçanın anlamlı bir bütün oluşturabilmesi için
I. Bilim insanları da kendi amaçları için geziler yapmaya başladı.
II. Hem çok gezen hem çok bilen biri olmayı başarmıştı.
III. Bir zaman sonra Doğu'nun gizemini keşfetmek isteği, bir moda başlattı.
numaralı cümlelerin hangileri sırasıyla (1), (2) ve (3) ile gösterilen yerlere getirilmelidir?","I
II
III","III
II
I","III
I
II","II
I
III","I
III
II",C
5f2ffba1-4d1d-5bc5-8ac9-b9f9620d5c12,TURKCE,"(I) Çocukluğumun geçtiği o mahalledeyim şimdi. (II) Kaldırımlarına baktıkça sokağın, eski dostların hatıralarıyla kucaklaşıyorum. (III) Elektrik direğine ilişiyor gözüm ve yine o keyifli yuvası öylece duruyor tepesinde. (IV) Evlerin eskiden olmayan o bahçe kapıları çıkıyor karşıma önce. (V) İçeriye girdiğim her evde bir tanıdık haberi alıyorum göçmüş dünyadan sessizce.
Bu parçadaki numaralanmış cümlelerin hangilerinde mecazlı söyleyişe yer verilmiştir?",I ve II,II ve III,II ve V,III ve IV,IV ve V,C
ceb41e3a-c084-51c2-9204-bd34c6aa27de,MATEMATIK,"$f(x) = |x-3|$ olduğuna göre, $f''(3)$ varsa değeri kaçtır?",-1,0,1,3,Yoktur,E
b123889c-f01a-5755-a06b-f830ace468d5,MATEMATIK,"$a$ ve $b$ birer tam sayı olmak üzere,
$\frac{1}{3} < \frac{a}{33} < \frac{5}{11}$
olduğuna göre, $b-a$ çarpımının sonucu kaçtır?",76,74,72,66,63,B
a100a9c5-49f3-50dc-8269-550e212811af,TARIH,"TBMM'de alınan bir kararla 1 Kasım 1922'de saltanat kaldırılmış, 1928'de anayasadan ""Devletin dini, İslam'dır."" maddesi çıkarılmış; 1937'de ise Atatürk ilkeleri anayasa kapsamına alınmıştır.
Yalnız bu bilgiye dayanarak;
I. yönetimde millet iradesinin etkili olduğu,
II. ilke ve inkılapların hukuksal güvence altına alındığı,
III. teokratik devlet anlayışının güç kazandığı
yorumlarından hangileri yapılabilir?",Yalnız I,Yalnız II,I ve II,II ve III,"I, II ve III",C
2f5ef128-99b2-50cd-aeb5-e1efaf5ec81b,MATEMATIK,"Uygun tanım aralığında f fonksiyonu, $f(x) = \log(x+2)$ olduğuna göre, $f(8) + f(-1)$ toplamı kaçtır?",1,2,3,4,10,B
215ff42f-12a6-55b1-92a7-4e788f0084fb,MATEMATIK,"$5$ eksiğinin karesi, pozitif gerçek sayı olan en küçük pozitif tam sayı kaçtır?",7,6,5,3,1,E
6585629d-8ed7-5cbe-9f28-13c2c3fa3f4a,FIZIK,"1) Termodinamik $\rightarrow$ 5) Klimanın çalışması
2) Optik $\rightarrow$ 6) Yıldızların enerjileri
3) Yüksek enerji ve plazma fiziği $\rightarrow$ 7) Teleskobun yapısı
4) Nükleer fizik $\rightarrow$ 8) Füzyon reaksiyonları
Yukarıda fizik biliminin bazı alt alanları ve bu alanların ilgi alanlarından; 1-5 ile, 2-6 ile, 3-7 ile 4-8 ile eşleştirilmiştir. Bu eşleştirmede yanlış olan hangi ikisi yer değiştirmelidir?",2 ile 3,3 ile 4,1 ve 3,2 ve 4,1 ve 2,A
c56c8648-9a02-5a3e-aabd-4351f537b113,MATEMATIK,$-x^2+x+12 \ge 0$ eşitsizliğini sağlayan en büyük $x$ tam sayısı kaçtır?,5,4,3,2,1,C
df7759f3-1fd4-5398-8775-85699948d6b5,MATEMATIK,"$0 < x < \frac{\pi}{2}$ olmak üzere, $7\sin^2x - \cos^2x + 3\sin2x = 8$ denkleminin kökü $a$'dır. Buna göre, $\sin2a$ kaçtır?",\frac{3}{5},\frac{4}{5},\frac{5}{7},\frac{5}{13},1,B
76e2a17a-ccf2-5db2-83fe-7907e1e03ddd,TURKCE,"İlk kullanılan cam malzemesi camsı yapıda volkanik bir kayaç olan obsidiyendir ve doğada hazır hâlde bulunur. Obsidiyen daha çok balta, bıçak ve benzeri aletlerin yapımında kullanılmıştır. Daha sonrasında cam, insanlar tarafından üretilmeye başlanmış ve dekoratif amaçla kullanılmıştır. Günlük hayatımızın büyük bir parçasını oluşturan cam malzemesi, doğal ham madde karışımlarının eritilmesi ile elde edilir. Camın en önemli ham maddesi yer kabuğunun %60'ını oluşturan silikondur.
Bu parçada cam ile ilgili
I. kullanım amacı,
II. en eski malzemesi,
III. ne ile oluştuğu,
IV. yapım aşamaları,
V. en temel bileşeni
bilgilerinden hangisi yoktur?",I,II,III,IV,V,D
df9cb4b5-7241-5fac-8fbe-f70e1e999a28,TURKCE,"(I) Nicola Naomi Coppola çalışmalarında kendine özgü teknik geliştiren bir diğer sanatçıdır. (II) Resim kâğıtları ile çalışan sanatçı, farklı bir teknik geliştirmiştir. (III) Resim kâğıtları üzerine gümüş nitrat sürerek ışığa duyarlı hâle getirdiği kâğıtlar üzerinde uygulamalar yapar. (IV) Kemigram I adını verdiği serisini Meksika'nın çeşitli bölgelerinden farklı doğal minerallere sahip yüzeylerde gerçekleştirmiştir. (V) Kemigram I serisinde uyguladığı iki teknik çok ilgi çekmiştir.
Bu parçadaki numaralanmış cümlelerden hangisi yüklemine göre diğerlerinden farklıdır?",I,II,III,IV,V,A
5562d020-b263-5b03-a5c5-1102dafe2ebd,FIZIK,"Sesin bazı maddelerde belirtilen sıcaklıklardaki yayılma hızları aşağıdaki tabloda verilmiştir.
Buna göre, tabloda verilen bilgilerden yola çıkarak,
I. Sesin bakır içinde yayılma hızı, su içinde yayılma hızından büyüktür.
II. Havanın sıcaklığı arttıkça, sesin yayılma hızı da artar.
III. Ses dalgaları, boyuna dalgalardır.
yargılarından hangilerine ulaşılabilir?",Yalnız I,Yalnız II,Yalnız III,I ve II,"I, II ve III",D
0083e313-1844-51c1-bcca-c483d31c3610,MATEMATIK,"3 doktor, 3 mühendis ve 2 öğretmen arasından 3 kişilik bir ekip oluşturulacaktır. Ekipte her branştan 1 kişi olacağına göre, ekip kaç farklı şekilde oluşturulabilir?",12,15,18,20,21,C
de834f26-016c-536b-9ce0-341f8c178007,MATEMATIK,"Yaşları küçükten büyüğe sıralı olan Aral, Almina ve Ada bayramda topladıkları şekerleri her biri 10 adetten az almayacak şekilde yaşı küçük olan en az, büyük olan en fazla sayıda alarak paylaşacaklardır. Aral en fazla 35 şeker alabildiğine göre, Ada'nın farklı bir paylaşımda alabileceği şeker sayısı en fazla kaçtır?",87,88,89,90,91,C
b222a7d0-19e0-5302-bcba-fb33526eac3a,MATEMATIK,"Bir kenarı 10 cm olan kare biçimindeki bir kartonun köşelerinden eş kareler kesilip bükülerek üstü açık bir kutu elde ediliyor. Buna göre, bu kutunun hacmi en fazla kaç $cm^3$ dir?",$\frac{100}{9}$,$\frac{1000}{27}$,$\frac{2000}{27}$,$\frac{4000}{3}$,$\frac{4000}{27}$,B
3e678716-c002-5733-82ef-0e7c5d3cd35b,MATEMATIK,"Dik koordinat düzleminde $[0, 4]$ aralığında tanımlı $f$ fonksiyonunun grafiği şekilde gösterilmiştir. Buna göre, aşağıdaki aralıklardan hangisinin $f$ fonksiyonu altındaki görüntüsü yanlış verilmiştir?","$f: [0, 1] \to [1, 2]$","$f: [1, 2] \to [1, 2]$","$f: [2, 3] \to [1, 3]$","$f: [3, 4] \to [0, 3]$","$f: [0, 4] \to [0, 3]$",B
32524e7a-181d-530e-b6f0-c9e79158aa18,MATEMATIK,"Saatte $V$ kilometre sabit hızla hareket eden bir roketin 1 saatte tükettiği yakıt miktarı, birim türünden $f(V) = V^3 - 20V^2 - 265V$ fonksiyonu ile hesaplanmaktadır. Buna göre, bu roketin sabit bir hızla gideceği 100 kilometre yol için tüketmesi gereken yakıt miktarı en az kaç birimdir?",1000,2000,3000,4000,5000,A
dee6cddb-a70d-5132-9a56-20df938da0e8,KIMYA,"$2HCl_{(g)} + I_{2(k)} \rightleftharpoons 2HI_{(g)} + Cl_{2(g)} \quad \Delta H > 0$
Yukarıdaki denge reaksiyonu için aşağıdaki ifadelerden hangileri yanlıştır? ($ \Delta H $: Reaksiyon Isısı)",$HCl_{(g)}$ ilavesiyle $HI_{(g)}$ miktarı artar.,Kaba $I_{2(k)}$ ilavesi dengeyi etkilemez.,Heterojen dengedir.,Basınç artırılırsa denge girenler yönüne yürür.,Sıcaklık artırılırsa kısmi basınçlar cinsinden denge sabiti değişmez.,E
98d8b912-1560-5913-84f9-7a357e9e89f5,BIYOLOJI,Minerallerle ilgili aşağıda verilen ifadelerden hangisi doğru değildir?,"Minerallerin duyulan ihtiyaç, yaşa göre değişebilir.",Mineraller gerektiği kadar alınmadığı zaman vücutta sorunlar ortaya çıkar.,Bir mineralin eksikliği diğer mineralin fazla alınmasıyla telafi edilebilir.,Sadece hayvanlar değil bitkiler de minerallere ihtiyaç duyar.,"Mineraller, doğadan hazır alınan elementlerdir.",C
fbe5c4e2-5cef-55b8-8e07-c2aaddedb945,MATEMATIK,"Gerçel sayılarda tanımlı $y=f(x)$ fonksiyonu $f(x) = \begin{cases} a \cdot x^2 + 2x + 1, & x < 1 \\ 3x^2 + b \cdot x + 4, & x \ge 1 \end{cases}$ biçiminde tanımlanıyor. $f(x)$ fonksiyonu $x=1$ apsisli noktada türevli olduğuna göre, $(fof)(-1)$ kaçtır?",11,17,19,23,29,D
16939ef0-ea09-5fbf-89fb-6a242a4c49ea,TARIH,"I. Dünya Savaşı'nda yaşanan;
* İngiltere ve Fransa'nın Rusya ile Boğazlar üzerinden bağlantı kurmak için harekete geçmeleri sonucunda yenilgiye uğramaları,
* Osmanlı Devleti'nin, Almanya'nın topraklarının azınlıkların çoğunlukta olduğu yerlerde onların hakları korunacaktır."" maddesine yer verilmesi,
* Osmanlı Devleti'nin müttefiklerine yardım amacıyla Galiçya ve Makedonya'ya asker göndermesi
gelişmeleri değerlendirildiğinde savaşta açılan cepheler için aşağıdakilerden hangisi söylenemez?","İtilaf Devletleri, Rusya ile bağlantı kuramamıştır.",İngiltere'nin Uzak Doğu sömürgeleriyle olan Akdeniz bağlantısı kesilmek istenmiştir.,Osmanlı Devleti üzerinde Almanya'nın yönlendirmeleri etkili olmuştur.,"Osmanlı Devleti, kendi sınırları dışında da savaşlar yapmıştır.","Osmanlı Devleti, bütün cephelerde ağır yenilgilere uğramıştır.",B
63f633f1-4d5a-5cba-be2d-a939f25a1fb4,MATEMATIK,"$32x = \pi$ olmak üzere, $\frac{\tan x}{(1-\tan^2 x)(1-\tan^2 2x)(1-\tan^2 4x)}$ ifadesinin eşit değeri kaçtır?",$\frac{1}{8}$,$\frac{1}{4}$,$\frac{1}{2}$,1,2,A
e43ac175-f7bb-544b-9beb-08854203c5b8,MATEMATIK,"Gerçek sayılar kümesi üzerinde bir $f$ fonksiyonu,
$f(x) = \frac{(x-3)^n + (x-1)^n}{5!}$
biçiminde tanımlanıyor.
Buna göre, $f''(2)$ değeri kaçtır?",-1,0,1,2,3,C
b16e0c92-4f02-5a14-b128-3ae9a437fdcb,MATEMATIK,"Gerçel sayılar kümesinde tanımlı $f$ ve $g$ fonksiyonları için $f-g$ fonksiyonu her noktada süreklidir. Buna göre, I. $\lim_{x \to a} (f(x) - g(x)) = f(1) - g(1)$ II. $g(x)$ fonksiyonu gerçel sayılar kümesinde süreklidir. III. $f(x) - g(x)$ fonksiyonu gerçel sayılar kümesinde süreklidir. ifadelerinden hangileri her zaman doğrudur?",Yalnız I,Yalnız II,Yalnız III,I ve III,II ve III,C
f9f3375a-2146-5aef-aba7-392a08e91fdc,MATEMATIK,"İlk $n$ teriminin toplamı $S_n = (n^2+n) \cdot a_n$ olan dizi için
I. İlk $5$ teriminin toplamı $30$'dur.
II. $4$. terimi $a_4 = 8$'dir.
III. Genel terimi $a_n = 2n$'dir.
ifadelerinden hangileri doğrudur?",Yalnız I,I ve II,I ve III,II ve III,"I, II ve III",C
e1cc80a2-6544-5519-bbce-9691f5102fb3,MATEMATIK,"Bir süpermarkette bulunan küçük, orta ve büyük boy kavanozların kilogram türünden ağırlıklarıyla ilgili aşağıdakiler bilinmektedir:
• İki orta boy ve bir büyük boy kavanozun ağırlıkları toplamı 16 küçük boy kavanozun ağırlığına eşittir.
• Dört küçük boy ve bir orta boy kavanozun ağırlıkları toplamı bir büyük boy kavanozun ağırlığına eşittir.
Buna göre, bir büyük boy kavanozun ağırlığı kaç adet küçük boy kavanozun ağırlığına eşittir?",6,7,8,9,10,D
7ca93126-bcb0-55c5-852e-61c55b064f12,MATEMATIK,"Birlikte bir pastaneye giden üç arkadaştan Nazlı'nın 60 TL'si, Nalan'ın 80 TL'si ve Nilay'ın 100 TL'si vardır. Bu üç arkadaş, gelen 132 TL'lik hesabı paralarıyla doğru orantılı olacak şekilde paylaşırsa Nilay, Nazlı'dan kaç TL fazla öder?",22,24,30,36,44,A
4c0eb15d-1da6-5c63-8e5b-03df52b39a23,TARIH,"- Kapitülasyonların kaldırılması
- Duyunuumumiye'nin kaldırılarak dış borçların taksite bağlanması
- Sanayi tesislerinin temellerinin atılması
- Millî bankaların kurulması
Yukarıda gelişmelerle aşağıdakilerden hangisinin hedeflendiği savunulamaz?",Sanayi kuruluşlarına mali destek sağlamak,Temel sanayi mallarını ülke içerisinde üretmek,Yabancı bankaların çalışmalarını kolaylaştırmak,Ekonomi üzerindeki yabancı baskısını kaldırmak,Ekonomik alanda tam bağımsız bir devlet oluşturmak,C
7e79f272-1a5f-516a-8dad-234a10ea3d07,TARIH,Orta Çağ Avrupa'sında zenginliğin ölçüsünün toprak olması aşağıdakilerden hangisinin kanıtıdır?,Burjuva sınıfının güçlü olduğunun,Ekonominin temelinin tarıma dayandığının,Merkezi yönetim anlayışının benimsendiğinin,Dinin toplum üzerindeki etkisinin arttığının,Köylü sınıfının güçlü olduğunun,B
ba7917c8-0096-5023-9dc9-a357acdb9690,FIZIK,Bir sınıftaki öğrencilerden Buse ve Tolga'nın fizik dersinde söz alarak söyledikleri cümleler şu şekildedir: Buse: Tek boyutlu karbon atomlarından oluşan grafen elektrik akımını çok iyi iletir. Tolga: Büyük hadron çarpıştırıcılarında çok güçlü manyetik alan üretebilen bobinler kullanılır. Buna göre Buse ve Tolga'nın söyledikleri olaylarda kullanılan teknoloji veya malzeme aşağıdakilerden hangisinde doğru verilmiştir?,Süper İletken - Nanoteknoloji,Nanoteknoloji - Yarı İletken,Nanoteknoloji - Süper İletken,Süper İletken - Yarı İletken,Yarı İletken - Süper İletken,C
a212ea73-21c2-56c4-af36-4950c3604d24,TURKCE,"Aradan inmez inmez bambaşka bir dünyaya gelmiş olduğumuzu anladık. Burada birkaç saat kalmak, bu güzelliğe doymak istiyorduk. Bu parçada numaralanmış sözcüklerin hangisinde herhangi bir ses olayı yoktur?",I,II,III,IV,V,E
04564461-09fe-5f8f-b898-25730ffa131c,MATEMATIK,"Reel sayılar kümesinde tanımlı $f(x)$ fonksiyonu için, I. $x_1 < x_2$ olmak üzere, her $x_1, x_2 \in \mathbb{R}$ için $f(x_1) = f(x_2)$ II. $x_1 < x_2$ olmak üzere, her $x_1, x_2 \in \mathbb{R}$ için $f(x_1) < f(x_2)$ koşullarını sağlayan $f$ fonksiyonu verilmiştir. Buna göre, I. $\lim_{x \to x_1} f(x) < \lim_{x \to x_2} f(x)$ II. $\lim_{x \to x_1} f(x) < \lim_{x \to x_2} |f(x)|$ III. En az birer tane $x_1, x_2$ reel sayıları için $\lim_{x \to x_1} f(x) = \lim_{x \to x_2} f(x)$ ifadelerinden hangileri daima doğrudur?",Yalnız I,Yalnız II,Yalnız III,I ve III,II ve III,C
5e1482e2-9b81-5a32-adc8-cfdbf717f6b9,FIZIK,"Enerji Kimlik Belgesi asgari olarak binanın enerji ihtiyacı, enerji tüketim sıralaması, yalıtım özellikleri ve ısıtma - soğutma sistemlerinin verimi ile ilgili bilgileri içeren bir belgedir. Enerji kimlik belgesine göre tüm binalar A ve G harfleri aralığında bir enerji sınıfına dahil edilir. Isı yalıtım standartlarına göre A enerji sınıfı kategorisine giren bina verimli bina, G enerji sınıfı kategorisine giren bina ise verimsiz bina anlamına gelir. Olması gereken ısı yalıtım standartlarını tam olarak sağlayan bir bina ise C enerji sınıfı kategorisine girer. Buna göre, I. Enerji Kimlik Belgesi binaların yalıtım özellikleri ve ısınma - soğutma sistemlerinin verimi ile ilgili bilgiler içerir. II. A enerji sınıfı kategorisine giren binaların ısı yalıtımları oldukça iyidir. III. C sınıfı kategorisine giren binalar yapı ve yalıtım standartlarını tam olarak sağlamış demektir. yargılarından hangileri doğrudur?",Yalnız I,Yalnız II,Yalnız III,I ve II,"I, II ve III",E
ccf41799-5c42-57fa-bf9d-bfabc4290e91,KIMYA,Rutherford Atom Modeli'ne göre I. Atomda pozitif yükler çekirdekte toplanmıştır. II. Atomda elektronlar orbitallerde bulunur. III. Atom hacminin büyük bir kısmı boşluktur. ifadelerinden hangileri doğrudur?,Yalnız I,Yalnız II,I ve II,I ve III,II ve III,D
f2e8f6de-e76d-5ffa-aa74-455983cfbeb9,FIZIK,"Ahmet, çantasını omzunda dengelemek için çantaya yu-karı yönlü $20 \text{ Newton}$ kuvvet uygulamaktadır. Yukarıda verilen durumda söz konusu fiziksel nice-likle ilgili, I. Vektörel bir niceliktir. II. Temel bir büyüklüktür. III. Dinamometre ile ölçülen bir niceliktir. verilenlerden hangileri doğrudur?",Yalnız I,Yalnız II,Yalnız III,I ve III,"I, II ve III",D
564005d2-4783-5592-931b-7505fce5073f,KIMYA,I. $SO_3$ II. $H_2SO_4$ III. $Na_2S_2O_3$ IV. $Al_2(SO_3)_3$ Yukarıda verilen bileşiklerin hangilerinde S elementinin yükseltgenme basamağı $+6$'dır?,Yalnız I,I ve IV,II ve IV,"I, II ve IV","I, II, III ve IV",D
61633bfc-6950-53bf-9df6-189dfea64916,TARIH,"Orhun Yazıtları'nda Bilge Kağan: ""Türk milletinin adı sanı yok olmasın diye gece uyumadım, gündüz oturmadım. Aç milleti doyurdum, çıplak milleti giydirdim. Fakir milleti zengin kıldım. Az milleti çok kıldım. Dört bir tarafa ordu sevk ettim. Devletini değerli kıldım."" dedi. Orhun Yazıtları'nda yer alan bu ifadelerden yola çıkarak aşağıdaki sorulardan hangisi cevaplandırılabilir?",Türk tarihinin ilk yazılı belgeleri ne zaman oluşturulmuştur?,Türk hükümdarlarının başlıca görevleri neler olabilir?,İlk Türk devletlerinde temel geçim kaynağı nedir?,Bilge Kağan Dönemi'nde hangi devletlerle mücadele edilmiştir?,İlk Türk devletlerinde hükümdarlık alametleri nelerdir?,B
ddb1946d-7ce5-512e-93c6-8bbdf14a0b40,KIMYA,$He$ ve $CO$ gazlarından oluşan $10$ mollük bir gaz karışımı yeterince $O_2$ ile tepkimeye girdiğinde $4$ mol $CO_2$ gazı oluştuğuna göre başlangıçtaki karışımın yüzde kaçı $He$ gazıdır?,60,70,75,80,85,A
0690e164-a6cb-5e3b-a908-3ca56bbab914,MATEMATIK,120 gram %30 şeker içeren karışımın şeker yüzdesini %20 yapmak için kaç gram su ilave edilmelidir?,55,60,68,70,80,B
019e2ab4-9ebf-5108-9ee9-0a9db06b018f,MATEMATIK,"$m, n$ gerçek sayılar olmak üzere, gerçek sayılarda tanımlı $f(x) = x^3 + mx^2 + \frac{nx}{3}$ fonksiyonu veriliyor. $m^2 > n$ olduğuna göre, I. $f$ fonksiyonu daima azalandır. II. $f$ fonksiyonunun 2 tane ekstremumu vardır. III. $f(x) = 0$ denkleminin üç farklı gerçek kökü vardır. ifadelerinden hangileri doğrudur?",Yalnız I,Yalnız II,I ve II,II ve III,"I, II ve III",B
5cc98caf-fd66-52af-aa3b-a6d47e7f15ce,KIMYA,"Thomson, ""üzümlü kek"" diye anılan atom modelinde; kekteki üzümleri I...., keki, kekin hamur kısmını ise II....'lara benzetmiştir.
Yukarıdaki boşluklara gelmesi gereken uygun ifadeler aşağıdakilerden hangisinde doğru verilmiştir?",proton - elektron,nötron - proton,elektron - proton,proton - nötron,elektron - nötron,C
1cb3f4b3-4c5c-5f44-b501-1df7a885ad8b,MATEMATIK,"Çiçek, başlangıçta boş olan kumbarasına ilk gün $1 \text{ TL}$ atmış, ikinci gün $2 \text{ TL}$ atmış, üçüncü gün $4 \text{ TL}$ atmıştır. Bu şekilde her gün kumbarasına bir önceki gün attığı para tutarının iki katı kadar para atmıştır.
Buna göre, onuncu günün sonunda Çiçek'in kumbarasında kaç $\text{ TL}$ para birikmiş olur?",$81$,$513$,$1023$,$1921$,$2047$,C
44eb359d-aaa0-5ec0-b971-9111ee59d0f9,MATEMATIK,"$a$ ve $b$ gerçek sayılar olmak üzere, dik koordinat düzleminde $y=ax^2-bx$ parabolü üzerinde bulunan $(1,2)$ noktasındaki teğet doğrusu $y$-eksenini $(0,-1)$ noktasında kesmektedir. Buna göre, $a-b$ çarpımı kaçtır?",3,-2,-1,2,4,C
dc1fb333-dc09-5a1f-aa3a-074cd4eb4bc3,FIZIK,"$-2 	imes 10^{-6}$ C yüküne sahip noktasal bir cisim, elektriksel potansiyeli $-10$ V olan K noktasından serbest bırakıldıktan bir süre sonra potansiyeli $-16$ V olan L noktasına geliyor. Yer çekiminin etkisi önemsiz olduğuna göre K ve L noktaları arasında cismin kazandığı kinetik enerji kaç joule'dir?",$3 \times 10^{-6}$,$6 \times 10^{-6}$,$8 \times 10^{-6}$,$10 \times 10^{-6}$,$12 \times 10^{-6}$,E
c27e0595-03c9-54ac-81e4-dac49168d278,MATEMATIK,"$x$ gerçel sayı olmak üzere, $x+2 < 3x-7 < x+8$ eşitsizliği veriliyor. Buna göre, $x$'in en geniş değer aralığı aşağıdakilerden hangisidir?","$(\frac{5}{2}, 8)$","$(\frac{5}{2}, \frac{15}{2})$","$(\frac{7}{2}, \frac{13}{2})$","$(\frac{9}{2}, \frac{15}{2})$","$(\frac{7}{2}, \frac{15}{2})$",D
d0db27f0-27fd-5b13-9ff9-4b5388f38145,MATEMATIK,"$\tan 2a=\frac{2 \tan a}{1-\tan ^{2} a}$ olmak üzere, $\tan \left(4 \cdot \tan ^{-1}\left(\frac{1}{2}\right)\right)$ ifadesinin değeri kaçtır?",$-4$,$-\frac{24}{7}$,$-\frac{4}{3}$,$\frac{4}{3}$,$24$,B
909d77a2-b86a-51da-b05b-0104cf9e7471,MATEMATIK,$\frac{75}{15}-27:3$ işleminin sonucu kaçtır?,-4,-3,-2,2,4,A
c37f44ab-5cda-5181-ac06-4fee14bab7f5,KIMYA,"Sembolik gösterilişi,
I. $H
_2(g) + Cl
_2(g) \to 2HCl(g)$
II. $CO
_2(k) \to CO
_2(g)$
III. $2NaN
_3(k) \to 3N
_2(g) + 2Na(k)$
olan değişimlerden hangileri kimyasal değişim olarak sınıflandırılır?",Yalnız I,Yalnız II,I ve III,II ve III,"I, II ve III",C
b7296363-1959-59bc-8c1a-ac3be6a18867,MATEMATIK,"Gerçek sayılar üzerinde tanımlı $f$ ve $g$ fonksiyonları için, I. $f$ ve $g$ sürekli iken $f(x)+g(x)$ fonksiyonu da süreklidir. II. $(f+g)(x)$ fonksiyonu sürekli iken $f$ ve $g$ fonksiyonları da süreklidir. III. $(f-g)(x)$ fonksiyonu sürekli iken $f$ ve $g$ fonksiyonları da süreklidir. ifadelerinden hangileri kesinlikle doğrudur?",Yalnız I,I ve II,I ve III,II ve III,"I, II ve III",A
2c0ded55-ddc7-5f0e-8f5e-c76208c2e151,TURKCE,"Modern fiziğe göre atom altı düzeyde madde; belirli yerlerde kesin bir biçimde var olmaz, ""var olma eğilimi"" gösterir. Benzer şekilde atomik olaylar da belirli zamanlarda ve şekillerde nihai bir biçimde oluşmaz, sadece ""oluşma eğilimi"" içindedir. Dolayısıyla atom altı parçacıkların kendi bağlantılarına hiçbir anlamı yoktur. ----, çünkü atom altı parçacıklar ""şeyler"" değil ""şeyler arasındaki bağlantılar""dır.
Bu parçada boş bırakılan yere aşağıdakilerden hangisi getirilmelidir?",Fakat atomik olayların oluşması atom altı parçacıklarının yüklendiği özel işlevlere göre gerçekleşir,Oysa atom altı parçacıkların işleyişi bağlamında çağdaş fizik bize evrenin bir bütün olduğunu anlatır,Ancak gözlemlenebilir ve ölçülebilir nitelikteki süreçlerle olan ilişkileri içinde bir anlam kazanır,"Kaldı ki zaman ve mekândan bağımsız olamayan atom altı düzey, maddenin varlığına bağımlıdır","Ne var ki atom altı parçacıklar, somutlaştırmalar yoluyla incelendiğinde maddenin varlığı kanıtlanır",C
ed3d5e1c-767d-55ba-9dbc-dc388edaa085,MATEMATIK,$|a-k|=|k+m|$ denklemini sağlayan $a$ değerlerinin toplamı kaçtır?,-2m,2k,0,2m,-2k,B
4c62c63d-72c5-5fc3-a953-0e6fc61508c2,KIMYA,"$2Fe(k) + 3/2O_2(g) \to Fe_2O_3(k)$ denklemine göre $112$ gram $Fe$ cevheri yeterince $O_2$ ile oksitlendiğinde kaptaki katı kütlesi $136$ gram oluyor. Buna göre, $Fe$ cevheri kütlece % kaç saflıktadır? ($Fe:56, O:16$)",30,50,60,70,80,B
38d1dbd3-83f7-568e-a35e-aae1f2070801,FIZIK,"X ışınlarının kullanıldığı röntgen cihazının çalışması, aşağıdakilerden hangisine dayanmaktadır?",Radyo dalgalarının ışık hızı ile yayılması,Ses dalgalarının enerjilerinin yüksek olması,Mikro dalgaların bazı dokulardan geçmesi bazılarından geçememesi,X ışınının hızının ışık hızında olması,X ışınının bazı dokulardan geçmesi bazılarından geçememesi,E
e050d396-4f6e-5195-9c25-e3f0b699247a,MATEMATIK,"$x < 0$ olmak üzere, $2x = y$ eşitliği veriliyor. Buna göre, $y$ sayısının alabileceği değerleri ifade eden en geniş aralık aşağıdakilerden hangisidir?","$(0, 1)$","$(1, 2)$","$(1, 3)$","$(1, 5)$","$(3, 5)$",E
f6a243f0-e9d8-5ba4-90fd-c1f757b6b057,MATEMATIK,"a = cos144
 b = cos280
 c = cos312
olduğuna göre a, b ve c'nin işaretleri sırasıyla aşağıdakilerden hangisidir?","-, +, -","-, +, +","-, -, +","+, -, +","+, +, +",B
5db6d61e-27f6-5b59-bc1d-69b9b22ce285,MATEMATIK,"$p$ ve $q$ birer gerçel sayı olmak üzere, kökleri $p$ ve $q$ olan ikinci dereceden bir bilinmeyenli denklem $2x^2+px+q^2=0$ şeklinde veriliyor. Buna göre, $p-q$ çarpımının değeri kaçtır?",1,-1,2,3,4,A
ada2157c-f663-58d2-a04c-c5ea5ac53c8c,KIMYA,$2H_2O_{(s)} + ISI \rightleftharpoons H_3O^+_{(suda)} + OH^-_{(suda)}$ Yukarıdaki verilen suyun iyonlaşmasıyla ilgili; I. Suyun otoiyonizasyonuna ait denklemdir. II. Yüksek sıcaklıklarda $H^+$ iyon derişimi $OH^-$ iyon derişimine eşit değildir. III. $40^\circ C$'de saf suyun pH değeri 7'den küçüktür. yargılarından hangileri doğrudur?,Yalnız I,Yalnız II,I ve II,I ve III,"I, II ve III",D
3b87fcd5-a9e8-546a-bf41-94d2af0c9e47,MATEMATIK,"$x$ 1'den farklı pozitif gerçel sayı olmak üzere,
$36^{\log_x 6} + 6^{\log_x 6} = x^{\log_x 6}$
eşitliği veriliyor.
Buna göre, $x$ kaçtır?",$\frac{1}{2}$,$\frac{1}{3}$,2,3,6,E
44acf5c0-e85e-5e2c-9c51-ad29fd442ba3,MATEMATIK,$(x^2-4x+4)^4$ açılımındaki $x^5$ li terimin katsayısı kaçtır?,14,28,56,112,224,D
21a9d0a7-3f52-5b48-9544-a610bd1421fd,MATEMATIK,"Ayfer'in 7 yıl önceki yaşı Burhan ve Canan'ın 7 yıl önceki yaşları toplamına eşittir.
Bu üç kişinin bugünkü yaşları toplamı 37 olduğuna göre, Ayfer'in bugünkü yaşı kaçtır?",8,9,11,12,15,E
4e454a51-2e9d-54ee-8d91-add333ad7e95,KIMYA,"Verilen moleküllerin içerdikleri pi $(\pi)$ bağ sayılarının karşılaştırılması aşağıdakilerin hangisinde doğru gösterilmiştir? $(_1H, _6C, _7N, _8O)$",$I > II > III$,$II > I > III$,$III > II > I$,$I = III > II$,$II = III > I$,D
ad805ac1-c1f7-51cf-80f2-606b28d10f51,MATEMATIK,$\log_3 3 - \log_5 5^4$ işleminin sonucu kaçtır?,1,2,3,4,5,A
33385ec7-48d8-564b-8ffb-33c3c4734066,FIZIK,"Bir futbol maçında, sonradan oyuna giren Cenk'in maç sonunda, oyunda kalma süresi ve toplam koşu mesafesi, televizyon ekranında gösterilmektedir. Buna göre televizyon ekranında gösterilen bu bilgilerle; I. Cenk'in aldığı yol, II. Cenk'in ortalama sürati, III. Cenk'in herhangi bir andaki sürati niceliklerinden hangileri hesaplanabilir?",Yalnız I,Yalnız III,I ve II,I ve III,II ve III,C
a9ab998f-f939-55b8-92c7-a6498a648419,MATEMATIK,Aşağıdaki tablonun her karesine aralarındaki yaş farkının sabit olduğu 8 kardeşin yaşları rastgele yazılacaktır.,13,"13,5",14,"14,5",15,E
9bee8c33-d467-570c-8516-92b3de4791ea,FIZIK,"K, L, M motorları sürtünmesiz yatay düzlemde bulunan cisimleri, yatay doğrultuda uyguladıkları kuvvetlerle çekiyorlar. Bu olay sırasında cisimlere uygulanan kuvvetlerin büyüklükleri, cisimlerin aldıkları yollar ve kuvvetlerin uygulanma süreleri aşağıdaki tabloda verilmiştir.

K, L, M motorlarının güçleri eşit olduğuna göre, tabloda I ve II numaralı yerlere aşağıdakilerden hangisi gelmelidir?","4t, 2x","2t, 2x","4t, x","6t, x","6t, 4x",A
66008708-0f45-55ff-ae03-5c7f5682c2d0,MATEMATIK,"Bir okulda Beden Eğitimi Öğretmeni törene hazırlık amacıyla A, B ve C sınıflarından sırasıyla $x^2$, $3x^2$ ve $3x+1$ öğrenci çağırarak prova yapmıştır. Öğretmen, öğrencileri $x^2+2x+1$ kişilik gruplara ayırdığına göre, kaç grup vardır?",$x-1$,$x$,$x+1$,$x+2$,$x+3$,C
f93c7651-0461-5c0f-a0ce-740f08cffb85,KIMYA,"Oda koşullarında bulunan $0,01 \text{ molar HX}$ asit çözeltisinin pH değeri $5$'dir. Buna göre, bu çözeltide HX'in iyonlaşma yüzdesi (%) aşağıdakilerden hangisinde doğru olarak verilmiştir?",$1$,"$0,1$","$0,01$",$10^{-3}$,$10^{-5}$,B
b0b837d1-cc39-5215-939b-cb29a1510fb8,EDEBIYAT,"Böylece kitabın bana anlattıklarını yazarken gidecek yerlerim bilinci ağır ağır içime işledi ve yavaş yavaş başka bir insana dönüştüğümü mutlulukla hissettim. Çok sonra, aldığı yoldan memnun olan bir yolcu gibi doldurduğum sayfalara göz atarken dönüşmekte olduğum yeni insanın kim olduğunu apaçık gördüm. Kapı kulpu iyice yükselmiş otobüsün içinden çıktım, omzuda kalkmış koltuklar arasından, yer çekimine karşı koyamayıp tavana dökülen gözlüklere, camlara, zincirlere, meyvelere basa basa zevkle yürürken başka bir şey hatırladım sanki: Ben bir zamanlar başka biriydim, o başka biri de ben olmak isterdi.
Bu parçayla ilgili olarak aşağıdakilerden hangisi söylenemez?",Çağrışımlara da yer verilerek bilinç akışı tekniği kullanılmıştır.,Bütünleyici ögeler aktarılmıştır.,Kahraman anlatıcının bakış açısıyla yazılmıştır.,Bilinçaltına yönelerek postmodernizmi esas alan bir romandan alınmıştır.,Karamsar hava ve hüzün kendini hissettirmektedir.,E
903d3803-7ee0-5ce4-ad6c-911ea7488d6a,MATEMATIK,$7x - 9y + 11 = 0$ ve $-16x + 8y = 0$ denklemlerini aynı anda sağlayan $x$ ve $y$ değerleri aşağıdakilerden hangisinde doğru verilmiştir?,$x = 4$ ve $y = -3$,$x = -3$ ve $y = -6$,$x = 1$ ve $y = 2$,$x = 0$ ve $y = 7$,$x = -11$ ve $y = 8$,E
17128d7c-a02d-5053-8c3b-36ece7134e83,MATEMATIK,"$f(x)$ integrallenebilen bir fonksiyon olmak üzere, $f(x) = \int_0^1 f(x) dx - x + \left| \int_0^1 f(x) dx \right| + 1$ olduğuna göre, $\int_0^1 f(x) dx$ integralinin değeri kaçtır?",$-\frac{1}{5}$,$-\frac{2}{5}$,$-\frac{3}{5}$,$-\frac{4}{5}$,$-1$,C
72945254-27f8-5a21-b54c-233429e88be8,GEOMETRI,"Tüm kenar uzunlukları cm cinsinden tam sayı olan üçgenler ile ilgili, I. Çevresi en küçük çeşitkenar üçgenin çevresi $9 \text{ cm}$'dir. II. Çevresi en küçük ikizkenar üçgenin çevresi $5 \text{ cm}$'dir. III. Çeşitkenar üçgenlerin herhangi bir kenarı $1 \text{ cm}$ olamaz. ifadelerinden hangileri doğrudur?",Yalnız I,Yalnız II,I ve II,I ve III,"I, II ve III",A
652f1b65-1295-5db0-b862-bf578df665e3,MATEMATIK,"Değeri $\frac{11}{17}$ olan kesrin; pay ve paydasının toplamı 35 sayısının bir tam sayı katı, pay ve paydasının farkının pozitif değeri 160 ile 200 arasındadır. Buna göre, kesrin payındaki sayının rakamları toplamı kaçtır?",6,8,10,12,14,D
f015c071-540a-5109-b06f-ab76ef3ad570,MATEMATIK,"$a, b$ ve $c$ gerçek sayılardır. $2^a = 9$, $3^b = 5$, $5^c = 16$ olduğuna göre, $a \cdot b \cdot c$ çarpımı kaçtır?",4,6,8,10,12,C
09271dc1-c482-5378-be96-2e00b135f0d2,TURKCE,“Bugün mahkemede anlatılanlar hiç de yabana atılır şeyler değildir.” cümlesindeki altı çizili sözle anlatılmak istenen aşağıdakilerden hangisidir?,Bana doğum günümde harika bir hediye almışlar.,Bu teklifimizi hiçbir firma kolay kolay kabul etmez.,"Yalan söylemek, önemsiz bir olay gibi görülmemelidir.",Millî edebiyatçılar millî bilinç için eser verdiler.,Unuttuğumuz nice geleneklerimiz var.,C
9f3f0d68-41de-5655-9064-456b41874da7,FIZIK,"Dielektrik sabitleri, yüzey alanları ve boyları verilen malzemelerden yapılmış şekildeki sığacın X-Y uçları arasındaki eşdeğer sığa kaç $\epsilon \frac{A}{d}$'dir?",$\frac{7}{4}$,$\frac{5}{4}$,$\frac{5}{2}$,$\frac{3}{2}$,$\frac{3}{4}$,A
7840851b-460f-5e7b-9632-6be6e539bf4f,MATEMATIK,"Dahi matematikçi Ramanujan hastanede yatmakta iken onu ziyarete gelen zamanın büyük matematikçilerinden Hardy, Ramanujan'a bindiği taksinin numarasının 1729 olduğunu ve bunun özel bir sayı olup olmadığını sorar. Ramanujan ise Hardy'e 1729'un iki küpün toplamı olarak iki ayrı şekilde ifade edilebilen en küçük pozitif sayı olduğunu söyler. Bu yazılım, $a^3+12^3=b^3-10^3$ şeklinde olup a ve b birer rakam olduğuna göre, $b-a$ farkı kaçtır?",1,3,6,9,11,C
d57ad11e-1720-5513-b377-88dfe5d212a4,MATEMATIK,Bir laboratuvar belirli bir bakteri türünün davranışını inceliyor ve belirli bir sıcaklıkta bu bakterilerin her 12 dakikada bir iki katına çıktığını gözlemliyor. Başlangıçta $2^{11}$ bakteri varsa 6 saat sonra kaç bakteri olur?,$2^{15}$,$2^{18}$,$2^{19}$,$2^{29}$,$2^{41}$,E
bedfc178-445a-57af-9d25-a14ea2d13797,MATEMATIK,"$a = \log_3 1$
$b = \log_{\frac{1}{2}} 1$
$c = \log_2 2$
olduğuna göre, $a, b$ ve $c$ sayılarının doğru sıralanışı aşağıdakilerden hangisidir?",$a=b<c$,$b<c<a$,$c<b<a$,$a<c<b$,$b<a<c$,A
cff5f338-904e-5601-9646-b65319157699,MATEMATIK,"$5 - \cos 6x = m - 2$ olduğuna göre, $m$'nin en geniş çözüm aralığı aşağıdakilerden hangisidir?","$[-2, 7]$","$[-3, 7]$","$[-2, 5]$","$[-3, 5]$","$[-3, 8]$",B
739de332-bf8b-5d37-9fd4-b304d56828b3,MATEMATIK,"Bir ofiste çalışan 4 kadın ve 6 erkek işçinin her biri, temmuz veya ağustos aylarından birinde olmak üzere, bir aylık izin kullanacaktır. Bu ofisteki yönetici, bu aylardan her birinde tüm işçi çalışanlarının yarısı izinli olacak biçimde bir planlama yapmak istiyor. Hem temmuz ayında hem de ağustos ayında ofiste en az bir kadın işçi bulunması gerektiğine göre, kaç farklı planlama yapılabilir?",240,250,260,270,280,C
271ee2dc-1426-551c-a99e-d0134a39c965,FIZIK,"Denizcilikte suyun altındaki balık sürülerinin ve batık gemilerin yerlerini tespit etmek amacıyla sonar cihazları kullanılır. Bu cihazlar ses dalgaları yayar ve engelden yansıyan ses dalgalarını yorumlayarak sesin yansıdığı yüzeyin uzaklığı ve özellikleri hakkında bilgi verir.
Buna göre, sonar cihazının çalışmasında sesin hangi özelliği kullanılır?",Rezonans,Frekans,Yankı,Şiddet,Tını,C
563a1cc7-815c-51ec-91c9-41c7f1693340,MATEMATIK,"Aşağıda $y = f(x)$ fonksiyonunun grafiği verilmiştir.
Buna göre,
I. $\lim_{x \to 1^-} (fof)(x) = -2$
II. $\lim_{x \to 1^-} (fof)(x) = 1$
III. $\lim_{x \to 2^+} (fof)(x) = 1$
ifadelerinden hangileri doğrudur?",Yalnız I,Yalnız II,Yalnız III,I ve II,II ve III,E
bb4734b7-85a8-5214-9f9a-c284c33e2d3e,GEOMETRI,"Analitik düzlemde, A(-5, 6) ve B(5, 1) noktaları arasında $\frac{|AB|}{|AC|} = \frac{5}{3}$ olduğuna göre, C noktasının $y=x$ doğrusuna göre simetriği olan nokta aşağıdakilerden hangisidir?","(-3, 1)","(3, 1)","(3, -1)","(1, -3)","(-3, -1)",D
7ea970fa-c03f-5c39-b528-c99b4c0827de,MATEMATIK,$\frac{4x^2}{9} - \frac{16y^2}{25}$ ifadesinin çarpanlarına ayrılmış şekli aşağıdakilerden hangisidir?,$(\frac{2x}{3} - \frac{4y}{5}) \cdot (\frac{2x}{3} + \frac{4y}{5})$,$(\frac{2x}{3} + \frac{4y}{5}) \cdot (\frac{2x}{3} + \frac{4y}{5})$,$(\frac{4x}{9} - \frac{16y}{25}) \cdot (\frac{4x}{9} + \frac{16y}{25})$,$(\frac{2x}{3} - \frac{4y}{5}) \cdot (\frac{2x}{3} - \frac{4y}{5})$,$(\frac{2x}{3} + \frac{4y}{5})^2$,A
2d8ac781-42da-5fab-8802-24194d0d51e0,TARIH,"XVII. yüzyılda, • Yeniçeri Ocağı'nı kaldırmayı düşünen Genç Osman, Yeniçeriler tarafından öldürülmüştür. • IV. Mehmet Dönemi'nde 30'dan fazla devlet adamı yeniçerilerin baskısı sonucunda idam edilmiştir. Buna göre, I. İsyanlar rejimi değiştirmeye yöneliktir. II. Yeniçeri Ocağı amacından uzaklaşmıştır. III. Padişahların otoritesi azalmıştır. IV. ""Ocak devlet içindir."" anlayışı sona ermiştir. yargılarından hangilerine ulaşılamaz?",Yalnız I,Yalnız II,II ve III,II ve IV,I ve IV,E
4e02e3b3-1462-5fde-b27f-b9a484fb8883,MATEMATIK,"Gerçel katsayılı ve başkatsayısı $1$ olan $4$. dereceden bir $P(x)$ polinomu her $x$ gerçel sayısı için $P(x)=P(-x)$ eşitliğini sağlamaktadır. $P(1)=P(3)=0$ olduğuna göre, $P(x)$ polinomunun yerel minimum değeri kaçtır?",-4,-8,-16,-24,-28,C
d7fc0009-f56b-57a2-9f7c-339f9e2ca392,TURKCE,"Gülmenin psikolojik sağlık ve kişisel gelişime faydaları var. Güldüğünüzde beyniniz endorfin de dâhil modunuzu yükselten kimyasallar salgılıyor ve stres hormonu seviyesi azalıyor. Dolayısıyla gülmek, stres duygularını ve depresyon semptomlarını azaltabilir ve zorlu ortamlarla başa çıkmanıza yardımcı olabilir. Kahkaha ayrıca uyku kalitesini, benlik saygısını ve yaratıcı düşünmeyi artırarak öğrenmeyi geliştiren bir ortam oluşturabilir. Bunları düşününce Lord Byron'ın şu sözlerine kulak vermek gerek: ""Güldüğünüzde gülün. Gülmek, ucuz bir ilaçtır.""

Bu parçada gülmek ile ilgili aşağıdakilerden hangisine değinilmemiştir?",Öğrenme üzerindeki olumlu etkisine,İnsanlar arasında bulaşıcı olabildiğine,Vücuttaki kimyasal düzeni değiştirebildiğine,Uyku üzerinde etkisi olduğuna,İnsanların stresini azaltıcı yönünün bulunduğuna,B
