id,subject_area,q,oa,ob,oc,od,oe,key
9ad2b48f-3ac4-5cbc-84d3-49a36de8aaca,MATEMATIK,İşleminin sonucu kaçtır? $\frac{1905}{1907} - \frac{1}{3} \cdot \frac{1903}{1907} - \frac{1}{3}$,$\frac{1}{2}$,1,2,$\frac{5}{2}$,$\frac{7}{2}$,A
8d32a37e-dfba-59dc-83d7-1f5d83ca6176,MATEMATIK,"Dik koordinat düzleminde bir köşesi orijinde olan bir üçgenin, ağırlık merkezi $(0,6)$ noktası, diklik merkezi ise $(0,8)$ noktasıdır. Buna göre, bu üçgenin alanı kaç birimkaredir?",18,21,24,27,30,D
40c70a64-931b-559e-8c2a-72465caea6fe,MATEMATIK,"$(f-g)$ fonksiyonu $x=4$ noktasında süreklidir. Buna göre, $\lim_{x \to 4^-} f(x) = a$, $\lim_{x \to 4^+} g(x) = b$ olduğuna göre, $\lim_{x \to 4^-} g(x) - \lim_{x \to 4^+} f(x)$ ifadesinin değeri aşağıdakilerden hangisidir?",$a \cdot b$,$a-b$,$b-a$,$a+b$,$1$,C
1b045606-0780-51e5-9b1c-225272b72486,MATEMATIK,"$f(x) = -x^2 + 2ax + 3 - 3a$ fonksiyonu veriliyor.
Bütün $x$ gerçek sayıları için $f(x) < 1$ olduğuna göre, $a$ nın en geniş değer aralığı aşağıdakilerden hangisidir?","$(-2, 1)$","$(-1, 2)$","$(1, 2)$","$(0, 1)$","$(2, 3)$",E
210dc20b-4ad5-5aaf-af14-0c3676e2b06a,MATEMATIK,"Sadece hafta içi günlerde açık olan bir işyerinde 30 kişi çalışmaktadır. Normal çalışma süresinin 8 saat olduğu bu işyerinde çalışanlar hafta içi bir gün 1 saat başka bir gün de 2 saat fazladan çalışmak zorundadır. Pazartesi, salı, çarşamba ve perşembe günleri işçilerin fazladan çalışma süreleri toplamı sırasıyla 17, 23, 17 ve 22 saattir. Buna göre, bu işyerinde cuma günü fazladan 2 saat çalışan işçi sayısı en çok kaçtır?",8,7,6,5,4,C
76e6413c-cefa-568f-95eb-40c4269c6792,TARIH,"Osmanlı Devleti'ndeki; I. Kanun-ı Esasi'nin ilan edilmesi, II. Avrupa'dan ceza ve ticaret kanunlarının alınması, III. Nizamiye Mahkemelerinin açılması gelişmelerinden hangilerinin hukukun çağdaşlaştırılmasına yönelik olduğu söylenebilir?",Yalnız I,Yalnız III,I ve II,II ve III,"I, II ve III",E
85c72ddc-7e5d-5060-b567-f4cd704be042,MATEMATIK,"$f: [0, 1] \to [2, 6]$ fonksiyonu süreklidir. $\int_{0}^{1} f(x) dx = A$ olduğuna göre, $A$'nın alabileceği farklı tam sayı değerlerinin toplamı kaçtır?",20,18,16,14,12,A
699ec878-cc04-5172-bf7a-b82e6769cbda,MATEMATIK,$27^{2x-3} = \frac{1}{3^9}$ eşitliğini sağlayan $x$ kaçtır?,-3,-2,-1,0,3,D
6b7ea53e-17b7-5ed1-a25a-dbf0bded814c,MATEMATIK,"$x^2$ çift bir sayıdır. Buna göre, I. $x$ çift sayıdır. II. $x-3$ toplamı tek sayıdır. III. $x^2+5$ toplamı tek sayıdır. ifadelerinden hangileri daima doğrudur?",Yalnız I,Yalnız II,Yalnız III,I ve II,I ve III,A
54029bb2-b4e7-503f-a1b7-6d8783add6c8,COGRAFYA,"Bir araştırmacı ülkenin nüfus piramidini incelerken son 15 yıllık süreçte taban kısmının daraldığını görmüştür. Bu ülkenin 15 yıl önceki piramidi düzgün üçgen şeklindedir. Buna göre, bu ülke için aşağıdakilerden hangisi söylenemez?",Birincil ekonomik faaliyette çalışanların arttığı,Doğum oranının azaldığı,Nüfus artış hızının azaldığı,Gelişmekte olduğu,Sağlık hizmetlerinin iyileştiği,A
f05dda3b-f6ae-5a04-980c-a76d6fae6d0f,MATEMATIK,"$x+2y = \frac{\pi}{6}$ olmak üzere, $(\sin x - \cos(2y))^2 + (\sin(2y) + \cos x)^2$ ifadesinin eşitî kaçtır?",$\frac{1}{2}$,$\frac{3}{2}$,2,3,4,B
c23027f6-7ae7-5b66-9104-ca97279a242a,MATEMATIK,$\lim_{x \to 3} \frac{|x^2 - 9|}{x - 3} + x$ limitinin değeri kaçtır?,-3,-2,-1,0,2,D
43f522fe-4f8b-50f9-b83f-fbe93ed25334,KIMYA,"$1$ mol asetilen bileşiğine $1$ mol $HCl$ katılması oluşan $X$ bileşiği ile ilgili,
I. IUPAC adı kloro etendir.
II. $HCl$ katılması sonucu $1,1$-dikloro etan bileşiği elde edilir.
III. Polimerleşme tepkimesi sonucunda polivinil klorür oluşur.
ifadelerinden hangileri doğrudur?",Yalnız II,I ve II,I ve III,II ve III,"I, II ve III",C
529a702d-f526-5567-a81e-ca4c8eded1a1,MATEMATIK,"$k$ gerçel sayı olmak üzere, $f(x) = x^2 + x + k$ ve $g(x) = -x^2 + 2x + k$ eğrilerinin sınırladığı bölgenin alanı kaç birimkaredir?",$\frac{1}{6}$,$\frac{1}{9}$,$\frac{1}{12}$,$\frac{1}{18}$,$\frac{1}{24}$,C
c51179b4-bfa5-5865-8bdf-94b8924b7e84,TURKCE,"Ders programlarında yer alan hedef davranışların kazandırılmasında yöntem; öğrenci özellikleri, öğretmen vb. faktör-lerin önemli yeri olsa da öğrencilerin temel kavramlarda ya-nılgılarının olması ve yeterli düzeyde bu konuda eğitim ve-rilememesi, öğrencinin bilgiyi transfer etmesinde ve kazan-ması gereken temel davranışları kazanmasında olumsuz-luklar doğuracağı açıktır. Kavramların konuların temelini oluşturduğu dikkate alındığında oluşacak kavram yanılgı-larının öğrenci başarısını önemli ölçüde etkileyeceği açık-tır.

Bu parçaya göre öğrenci başarısızlığının asıl nedeni aşağıdakilerden hangisidir?",Derse ait kavramların yanlış öğrenilmiş olması,Öğretim hedeflerine ulaşılamamış olması,Öğrencilerin konuları bütün yönleriyle kavrayamamış olması,Konulara ait temel kavramların yeterince kavranmamış olması,Eğitimcilerin yöntem hataları yapmış olması,D
8ddc4974-f9e3-57ba-82e5-86cb9eb9f811,TARIH,Misak-ı Millî kararlarının aşağıdaki sorunlardan hangisine açıklık getirdiği söylenemez?,Boğazlar,Azınlıklar,Kapitülasyonlar,Arapların durumu,Yabancı Okullar,E
91e85099-8395-5365-86d9-abfbe214d666,MATEMATIK,"$a>1$'den farklı pozitif gerçek sayı olmak üzere, $f$ ve $g$ fonksiyonları $f(x)=\log_a x$ ve $g(x)=a^x$ biçiminde tanımlıdır. $f(x)=g(x)$ eşitliğini sağlayan bir $x$ değeri $k$ olduğuna göre, $\frac{(\text{fog})(k)}{g(k)}$ sonucu kaçtır?",2,1,0,$k$,$k^2$,B
ab8207bd-0645-5ab0-abdb-ea62fa951e48,MATEMATIK,"Bir şarküteri, açılışa özel çam balında etiket fiyatı üzerinden %10 indirim yapıyor. Bu şarküteri 2 kilo gambalı alan müşteriye 1 kilo çam balını hediye ediyor.

Şarküteri bu satıştan %25 zarar ettiğine göre, 1 kg çam balının etiket fiyatı yüzde kaç kârla belirlenmiştir?",10,15,20,25,30,C
f4ad6fef-6ee2-5b37-9579-3447752cce8c,FIZIK,"Temel büyüklüklerden çıkarılmış, temel büyüklüklere bağlı değerleri ifade eden büyüklüklere türetilmiş büyüklük denir.
Buna göre aşağıdakilerden hangisi türetilmiş büyüklüktür?",Kütle,Direnç,Uzunluk,Zaman,Sıcaklık,B
01908cda-4771-5292-a453-8fbe387b77c6,KIMYA,"Sadece $CH_3CHO$ ile $CH_3COCH_3$ karbonil bileşiklerini içeren 40 g'lık karışımın yeterince Tollens ayracı ($AgNO_3$ sulu çözeltisi ve $NH_3$ sulu çözeltisinin karışımı) ile tepkimeye girmesi sağlanıyor. Tepkimede 1 mol karbonil bileşiğinden 2 mol Ag katısı oluştuğu biliniyor. %100 verimle gerçekleşen tepkime sonucu 108 g Ag katısı elde ediliyor.
Buna göre;
I. Karışımdaki bileşikler birbirinin yapı izomeridir.
II. Tepkime sonucu oluşan organik bileşik $CH_3COOH$'dır.
III. Karışımdaki $CH_3COCH_3$ bileşiğinin kütlesi 18 g'dır.
ifadelerinden hangileri doğrudur?
($CH_3CHO = 44 \text{ g/mol}$, $CH_3COCH_3 = 58 \text{ g/mol}$, $Ag = 108 \text{ g/mol}$)",Yalnız I,Yalnız II,I ve II,II ve III,"I, II ve III",D
0a36e57e-50a9-5333-a91d-3130391b3d7b,TURKCE,"(I) Bostancı'dan Adalar'a martılar eşliğinde yapılacak vapur yolculuğu, çocuklarınızın kalbini fethedebilirsiniz. (II) Kadıköy'ün çok sevdiği Burgazada sokaklarında gezinirken çocuğunuza Sait Faik öyküleri anlatabilir, Büyükada'da fayton ya da bisiklet turu yapabilir. Heybeliada kırlarında mimoza toplayabilirsiniz. (III) İstanbul'da çocuğunuza unutulmaz anlar yaşatabilecek bir diğer güzergâh ise Haliç kıyıları. (IV) Eyüp Sultan Camii civarındaki tarihî dükkânlarda satılan nostaljik oyuncaklara çocuklarınız bayılacak: bez bebekler, teneke otomobiller, topaçlar ve daha neler... (V) Kâğıt helva, uçan balon ve pamuk şekeri satıcılarının gezindiği meydanda cuma günleri öğle saatlerinde yapılan mehter gösterisi de cabası. Bu parçadaki numaralanmış cümlelerle ilgili aşağıdakilerden hangisi söylenemez?",I. cümlede vasıta eki almış bir sözcüğe yer verilmiştir.,II. cümlede isim çekim eki almış birden çok sözcük vardır.,III. cümlede birden çok sözcükte durum eki vardır.,IV. cümlede eklendiği sözcüğe eşitlik anlamı katan bir ek kullanılmıştır.,V. cümlede üçüncü tekil kişi iyelik eki almış birden çok sözcüğe yer verilmiştir.,D
853784f1-ffe6-57cd-8ef1-c09f6e29b54c,MATEMATIK,"İki kapısı bulunan bir alışveriş merkezinin birinci kapısının önünde Mavi ve Kırmızı isimli 2 otopark, ikinci kapısının önünde Sarı, Turuncu ve Yeşil isimli 3 otopark bulunmaktadır. Bu alışveriş merkezine gelen Kartal, kapılardan rastgele birinin önüne gelip o kapının önündeki otoparklardan rastgele birine arabasını park ederek alışveriş merkezine girmiştir. Kartal, alışveriş merkezinden çıkarken arabasını hangi otoparka park ettiğini ve alışveriş merkezine hangi kapıdan girdiğini unuttuğu için kapıların rastgele birinden çıkıp o kapının önündeki otoparklardan rastgele birine arabasını aramıştır. Buna göre Kartal'ın, arabasını aradığı otoparkın arabasını park ettiği otopark olma olasılığı kaçtır?",1/5,5/24,6/25,7/36,11/48,B
2899b2e6-cf47-515d-b717-0af91ee89ee4,MATEMATIK,"Bir kırtasiyede aynı marka kalemden 5 adet ve üzeri alımlarda kalem başına %10 indirim yapılmaktadır. Bu kırtasiyeden aynı marka 4 kalem alan bir öğrenci, aynı marka kalemden 6 adet alan arkadaşına göre 3,5 TL daha az ödemiştir. Buna göre, 1 tane kalemin fiyatı kaç TL'dir?","2,5",3,"3,5",4,"4,5",C
2479dbfa-54e2-5c9f-afbe-175508c6350d,MATEMATIK,"$Z$ bir karmaşık sayı ve $\bar{Z}$ $Z$'nin eşleniği olmak üzere, $i \cdot Z+4=2 \cdot (1-\bar{Z})$ eşitliğini sağlayan $Z$ karmaşık sayısının sanal kısmı kaçtır?",$\frac{4}{3}$,1,$-\frac{1}{3}$,$-\frac{2}{3}$,-1,D
c22f3b56-43aa-5e6c-8373-f1993ee82cc5,MATEMATIK,"$\frac{x^2-mx}{x^2-4} \cdot \frac{x^2-9}{x^2-2x} : \frac{x-3}{x+3} = \frac{x-5}{x-2}$ olduğuna göre, $m-n$ değeri kaçtır?",33,37,-37,-35,34,A
6d08520e-c7ff-5d3c-93a5-ebb10f245b4b,GEOMETRI,"Dik koordinat düzleminde $A(-a, -b)$ noktasının y-eksenine göre simetriği olan nokta II. bölgede olduğuna göre, $B(b, -a)$ noktasının x-eksenine göre simetriği olan nokta hangi bölgededir?",I. bölge,II. bölge,III. bölge,IV. bölge,Orijindir.,C
d66bc417-ca44-519e-8b1f-22ec6d76b998,MATEMATIK,"Her yarışmacının tek başına yarıştığı bir bilgi yarışmasında yarışmacılara her turda 1 soru soruluyor. Soruyu yanlış cevaplayan yarışmacı elenirken, soruyu doğru cevaplayan yarışmacı bir üst tura çıkıyor.
15 sorunun sorulduğu bu yarışmaya katılan 17 yarışmacıdan tüm sorulara 1 yarışmacı doğru cevap verirken 3 yarışmacı aynı turda, geriye kalan yarışmacıların her biri farklı bir turda eleniyor.
Bu 17 yarışmacıya sorulan toplam soru sayısı 136 olduğuna göre, kaçıncı turda 3 yarışmacı elenmiştir?",4,5,6,7,8,C
7bc9ad47-5737-56db-b228-51ddcbeea76f,MATEMATIK,"İki adet kalem pil ile ilgili olarak;
* Sadece oyun konsoluna takılıp kullanıldığında 18 saat kullanılabildiği
* Sadece oyuncak arabaya takılıp kullanıldığında 15 saat kullanılabildiği
* Sadece duvar saatine takılıp kullanıldığında 72 saat kullanılabildiği
bilgileri veriliyor.

Hiç kullanılmamış olan iki adet kalem pil ilk olarak duvar saatine takıldıktan 30 saat sonra çıkarılıp oyun konsoluna takılıyor. Oyun konsolu ile 6 saat oyun oynandıktan sonra ise oyuncak arabaya takılıyor.

Buna göre pilin kalan kısmı oyuncak arabayı en fazla kaç dakika çalıştırır?",195,210,225,260,275,B
a8f22116-dd47-56a7-b95d-b6cb917600f6,FIZIK,"Aşağıdakilerden hangisi aynı fazlı, aynı periyotlu $\lambda$ dalga boylu dalgalar üreten iki noktasal kaynağın sabit derinlikli leğende oluşturduğu girişim çizgilerinin özelliklerinden değildir?",Merkez doğrusu simetrik ve eşit sayıdadır.,Kaynakların üzerinde ve dışında gözlenmez.,Kaynakları birleştiren doğru üzerinde peşpeşe gelen katar ve düğüm çizgileri arası uzaklık $\frac{\lambda}{4}$'tür.,Kaynakları birleştiren doğru üzerinde ardışık katar çizgileri arası uzaklık $\frac{\lambda}{2}$'dir.,Girişim çizgi sayısı $\lambda$ ile doğru orantılıdır.,E
270bc3d1-dae9-56d4-82ec-906661a34a6a,KIMYA,"Sulara sertlik veren iyonlar ile ilgili;
I. $+2$ yüklü iyonlardır.
II. Sabunun köpürmesini engeller.
III. Çaydanlık ve ısıtıcılarda kireç oluştururlar.
yargılarından hangileri doğrudur?",Yalnız I,Yalnız II,I ve II,I ve III,"I, II ve III",E
20037cc9-653b-50f2-8e99-b015521d088f,MATEMATIK,"Terimleri küçükten büyüğe doğru sıralanmış bir veri grubunda, tek sayıda terim varsa ortadaki terime, çift sayıda terim varsa ortadaki iki terimin aritmetik ortalamasına o veri grubunun medyanı (ortanca) denir.
Aşağıda terimleri küçükten büyüğe doğru dizili bir veri grubu verilmiştir.
$a_1, a_2, a_3, a_4, a_5, a_6, a_7$
Bu veri grubunun medyanı $11$, $a_2$ ve $a_6$ dışındaki terimlerin medyanı $3$'tür.
Buna göre, $a_2$ dışındaki terimlerin medyanı kaçtır?",3,"4,5",5,"6,5",7,D
ebd02525-ad02-5c70-b026-23bbb4abfee7,BIYOLOJI,Bitkilerde gerçekleşen aşağıdaki hareket çeşitlerinden hangisinde uyarının yönü etkili olmadığı için pozitif ya da negatif çeşidi yoktur?,Kemotropizma,Haptotropizma,Fotonasti,Jeotropizma,Travmatropizma,C
eb6004c4-5bdc-539f-aeb1-9bdd9d0648bb,EDEBIYAT,"Âlemde bir devir dönüyor amma
Devr-i İngiliz mi Frenk mi bilmem
Halli kolay değil, pek çok muamma
Zâlim zulmü gölge direk mi bilmem
Bu dörtlükle ilgili aşağıdakilerden hangisi söylenemez?",Tunç kafiye ye yer verilmiştir.,Sözcük düzeyi redif vardır.,Taşlama olması toplumsal eleştiri olduğu göstermektedir.,Divan şiirinin etkisi görülmez.,Seyrani'nin şiir özelliklerini yansıtır.,D
efb7ad5a-6930-5347-86f8-c28fc7b8481d,MATEMATIK,"$f$ tanımlı olduğu aralıkta birebir-örtendir. $f(x) = \frac{mx+6}{2x}$ ve $f^{-1}(x) = f(x)$ olduğuna göre, $f(1+m)$ kaçtır?",2,4,7,3,11,B
3a26596c-cf78-547d-a176-f3de2db41207,MATEMATIK,"Bilezik imalatı yapılan bir atölyede boş bir kaba 12 gram gümüş, 15 gram altın ve 13 gram bakır konularak eritilmeye başlanıyor. Bir süre sonra kaba bir miktar daha aynı ayarda altın eritilmek için konuluyor. Son durumda kapta bulunan karışımdaki altının ağırlıkça oranı %50 olduğuna göre, son durumda kaba konulan altın kaç gramdır?",8,9,10,11,12,C
d6f7f0da-006b-5001-806e-164b76cbf675,KIMYA,"• Elementler atom adı verilen son derece küçük, içi dolu, parçalanamayan kürelerden oluşur.
• Bir elementin tüm atomları birbiri ile tamamen aynı, farklı elementlerin atomları ise birbirinden farklıdır.
Yukarıdaki görüşler hangi atom modeline aittir?",Dalton,Thomson,Rutherford,Bohr,Modern,A
d292fd62-376e-59e6-995f-f671bd08e674,GEOMETRI,"$(x-a)^2+(y+1)^2=4$ ve $x^2+y^2+6x+8y+16=0$ çemberlerinin tam olarak 3 tane ortak teğet doğrusu vardır. Buna göre, $a$ doğal sayısı kaçtır?",4,3,2,1,$\frac{1}{2}$,D
d52f1d83-741e-5a8d-98b2-b9c13c6a7a92,MATEMATIK,"$P(x)$ ve $Q(x)$ birer polinom olmak üzere, $P(x) = (1+x^2-x^3)^{2023}$ $Q(x) = (1+x^2+x^3)^{2022}$ olduğuna göre $P(-2022) - Q(2022)$ ifadesinin değeri kaçtır?",2,1,0,-2,4,C
8974cee6-d3e3-55ce-bac3-dd2274827554,MATEMATIK,"$Q(x)$ sabit bir polinom; $P(x)$, ikinci dereceden bir polinom olmak üzere
$P(x)+Q(x)=12x^2-24x$
$P[Q(x)]=0$
olduğuna göre, $Q(4)$ ifadesinin değeri kaçtır?",4,-4,6,2,-2,D
54b6d91f-e019-5778-9ef7-57c4285720d5,TARIH,"Sırpların Osmanlı Devleti'nden aldığı yukarıdaki hakların Bükreş, Edirne ve Berlin Antlaşmaları ile eşleştirilmesi aşağıdakilerin hangisinde doğru yapılmıştır?",I,II,III,IV,V,A
630e190c-75a6-5a17-b3bf-db6f288dad34,KIMYA,"1,2 $\text{N}_\text{A}$ tane C atomu içeren $\text{C}_3\text{H}_4$ gazı kaç moldür?","0,1","0,2","0,4","0,8","1,4",C
cf02143b-24a1-5dda-814c-b26d72888180,MATEMATIK,$y=\frac{1}{3}x^3-3x^2+8x-1$ eğrisinin $x$ eksenine paralel olan teğetinin değme noktasının koordinatları aşağıdakilerden hangisi olabilir?,"$(3, -\frac{7}{3})$","$(4, \frac{7}{3})$","$(2, \frac{7}{3})$","$(4, \frac{1}{3})$","$(2, -\frac{7}{3})$",C
f8b55fb3-4d1c-5a52-9169-1769049390a6,TURKCE,"İnsan, var oluşundan beri bilgi için mücadele vermiştir. Bununla da yetinmeyip elde ettiği bilgi ve deneyimlerini doğru şekilde değerlendirilmesi için gelecek nesillere ulaşmasını sağlamıştır. Bu hususta en önemli görev atasözlerine düşmüştür. Tabii insanın bilgiyiyle olan serüveni geçmişe sınırlı değildir. Günümüzde ve gelecekte, koşullar ne kadar değişirse değişsin, temel değerlerinde değişiklik göstermeyen insanlığın atalardan kalan bilgiye ve tavsiyelere ihtiyacı olacağı unutulmamalıdır.
Bu parçada atasözlerinin hangi yönü vurgulanmaktadır?",Toplumun genelini etkilemesi,Güvenilir yargılar olması,Gerçeklere dayanması,İşlevsel olması,Kalıcı olması,D
74168828-901c-5613-938e-be419a1302d5,TURKCE,"(I) Kişi kendisinde stresli bir durum oluşturan olay ya da durumu değiştirmeye çalışır. (II) Bu çabaya problem odaklı başa çıkma denir. (III) Kişi stres yaratan durumla ya da olayla ilgili duygularını, mevcut stresli durum değiştirilemeyecek nitelikte olsa bile hafifletmek için uğraşır ve kendisinin duygularını ve tutumlarını değiştirmeye çalışır. (IV) Buna da duygu odaklı başa çıkma denir. (V) Stres, günlük hayatımızın bir parçası olmakla birlikte her insanda meydana gelebilecek bir durum olarak karşımıza çıkmaktadır.

Bu parçada numaralanmış cümlelerden hangisi düşüncenin akışını bozmaktadır?",I,II,III,IV,V,E
e4288dc9-5016-5fbf-9b52-bda2b26472a3,KIMYA,"$N_2(g) + 3H_2(g) \to 2NH_3(g)$ tepkimesinde 10 saniyede 0,9 mol $H_2$ harcanıyor. Buna göre ilk 10. saniyede mol/sn cinsinden sırasıyla $N_2$'nin harcanma ve $NH_3$ gazının oluşma hızları aşağıdakilerden hangisinde doğru verilmiştir?","0,03 - 0,06","0,1 - 0,5","0,02 - 0,5","0,2 - 0,01","0,5 - 0,05",A
5f08a45a-2239-5f51-80dd-ab715a5fa7d7,MATEMATIK,"$\frac{6}{4-\frac{x-1}{2x-1}}=2$ olduğuna göre, $x$ değeri kaçtır?",$\frac{2}{3}$,$2$,$\frac{27}{16}$,$\frac{4}{15}$,$\frac{15}{4}$,B
797fbbef-de9b-5f09-9cde-95b661197075,MATEMATIK,"Bir su termosunun $\frac{4}{5}$'i dolu iken ağırlığı 1,5 kilogram gelmektedir. Termostaki suyun $\frac{1}{3}$'ü kullanıldığında ağırlığı 1,1 kilogram gelmektedir. Buna göre, boş termosun ağırlığı kaç gramdır?",300,315,325,350,400,A
e6d9ceda-9996-542c-9120-837cf70d5b3f,EDEBIYAT,"Bu öyküyle ilgili aşağıdakilerden hangisi söylenemez?
""Az sonra anası gelip yatağa, yanına uzanıyor. Okşuyor: ""Yavrum."" diyor. ""Uyudun mu?"" Osman hiç mi hiç ses çıkarmıyor. Anası kucaklayıp öpüyor. Osman'ın içinden ılık bir sevgi, aşk, dostluğa benzer ağlatıcı bir şeyler geçiyor. Köyde evinde, yatağında sabahı bekliyor. Anası nasıl şaşacak. Akli fikri, sabahleyin homonocik uyanıp nasıl şaşartacağında. Ana uyumuş, Osman yatakta dönüyor.""",Günlük konuşma diline ait sözcükler kullanılmıştır.,Üçüncü kişili anlatım anlatım kullanılmıştır.,Hâkim bakış açısı kullanılmıştır.,Toplumcu gerçekçi anlayışla yazılmıştır.,Olay örgüsü millî duyarlılıkla ele alınmıştır.,D
fc39c116-47cb-59aa-8773-c7700f459fa7,MATEMATIK,"$\sin 48^\circ \cdot \sin 18^\circ - \sin 42^\circ \cdot \cos 198^\circ$
 farkının sonucu kaçtır?",$-\frac{\sqrt{3}}{2}$,$-\frac{\sqrt{2}}{2}$,$-\frac{1}{2}$,$\frac{1}{2}$,$\frac{\sqrt{3}}{2}$,C
0d0b072f-9ced-5de6-9cf8-0ef6eb783cd3,MATEMATIK,"Bir yarış pistinde sabit hızlarla koşan üç atletten birincisi yarışı bitirdiğinde ikincisinin yarış bitirmesine 50 metre, üçüncüsünün yarış bitirmesine 75 metre kalmıştır. İkinci olan yarış bitirdiğinde, üçüncünün yarış bitirmesine 35 metre kaldığına göre, yarış pisti kaç metredir?",120,145,150,175,250,D
cc76e869-ca18-586e-a2f5-f942934ed463,KIMYA,"Aynı tür atomların farklı sayıda ve dizilişte bir araya gelmesiyle oluşan yapılara allotrop denir.
Karbon atomunun allotroplanı X, Y ve Z ile ilgili bilgiler aşağıda verilmiştir.
X: Bir C atomunun 4 karbon atomuna bağlandığı allotroptur.
Y: Karbon atomunun iki boyutlu iletken ve sağlam özellikleri bulunan yapay allotropudur.
Z: $sp^3$ hibritleşmesi yapan C atomu içerir.
Buna göre X, Y ve Z aşağıdakilerden hangisidir?","Grafit, Elmas, Fulleren","Elmas, Grafit, Fulleren","Elmas, Fulleren, Grafit","Elmas, Fulleren, Elmas","Grafit, Fulleren, Elmas",B
09cc2f53-f83f-5e57-b76e-8eb2e68e7dd1,GEOMETRI,"Dik koordinat düzleminde $M$ merkezli $[AB]$ çaplı çember üzerinde işaretlenen tüm $C$ noktaları $A$ noktasına birleştirilip kirişler elde ediliyor. Buna göre, elde edilen kirişlerin orta noktalarının geometrik yeri aşağıdakilerden hangisidir?",$[AB]$ çaplı çember,$[BM]$ çaplı çember,$[MA]$ çaplı çember,$[CA]$ çaplı çember,$[AB]$'ye paralel bir doğru,C
d58d5135-56e8-5f80-9003-4d763cb85a1b,TURKCE,"(I) 1991 yılında Nobel Edebiyat Ödülü'nü kazanan isim Gordimer, (II) Yazım yaşamı boyunca üzerinde durduğu ana mesele ırk ayrımcılığı oldu. (III) Günümüzde ırk ayrımcılığının uçlarda yaşandığı Güney Afrika'daki beyazların siyah tenliler üzerindeki zulüm ve baskısını eserlerinde dünyaya duyurmaya çalıştı. (IV) Eserlerindeki karakterleri çoğunlukla zulme karşı vicdanı bir sorumluluk noktasına getiren Gordimer, bu eserlerinin çoğunu beyazların bakış açısıyla yazdı. (V) Bu yüzden sanatını evrensel bir noktaya götürmeye çalıştı.
Bu parçadaki numaralanmış cümlelerin hangisi düşüncenin akışını bozmaktadır?",I,II,III,IV,V,D
fdab9273-1f6a-520d-ad65-d2b4be62f7bb,MATEMATIK,$ \frac{(x-4)^3 \cdot (x-6)^2}{(x+2)} < 0 $ eşitsizliğini sağlayan kaç tam sayı vardır?,4,5,8,6,7,B
7ee6fe7a-a0b5-5521-8249-fb4684537b90,MATEMATIK,$f(x) = 2x^3 - 3x^2 - 12x + 1$ fonksiyonu için aşağıdakilerden hangisi doğrudur?,Yerel minimum değeri $2$'dir.,$x > 2$ için fonksiyon azalandır.,"$(2, 10)$ noktası yerel minimum noktasıdır.",$-3 < x < 2$ aralığında fonksiyon artandır.,Yerel maksimum değeri $8$'dir.,C
2205a52b-0be1-5e72-bc98-825e8b9b0770,FIZIK,"Sarmal bir yayda oluşturulan başyukarı bir atma, bir engelden yansıdıktan sonra başaşağı geri dönüyor. Buna göre, I. Yayın engele uzanan ucu sabitlenmiştir. II. Yansıyan atmanın hızı azalmıştır. III. Yansıyan atmanın enerjisi azalmıştır. yargılarından hangileri doğrudur?",Yalnız I,Yalnız II,Yalnız III,I ve II,II ve III,C
ae7c97e2-2a32-545b-9a2c-0a4ac0f14333,MATEMATIK,"$f: \mathbb{R} - \{a\} \to \mathbb{R} - \{b\}$ fonksiyonu için $f(x) = \frac{2f(x)+3}{3f(x)-4}$ eşitliği veriliyor. $f(x)$ fonksiyonu bire bir ve örten bir fonksiyon olduğuna göre, $b+a$ toplamı kaçtır?",-2,-1,0,1,2,E
8b1651cf-527d-550d-a28a-dc1067c2f3fc,EDEBIYAT,Buna göre Yunus Emre'nin verdiği örnek aşağıdaki eserlerden hangisinde yer alır?,Divan-ı Kebir,Mektubat,Divan,Fihi Ma Fih,Mesnevi-i Şerif,C
59b38e82-fb04-5f3f-a475-eec955f19ada,KIMYA,"Aşağıda aynı elemente ait üç farklı taneciğin elektron dizilimi verilmiştir.
X: $1s^2 2s^2 2p^6 3s^1$
Y: $1s^2 2s^2 2p^6$
Z: $1s^2 2s^2 2p^6 4s^1$
Buna göre,
I. Y, $1+$ yüklü katyondur.
II. Elektron, en kolay Z'den, en zor Y'den kopar.
III. Y ve Z tanecikleri X'e enerji verilerek elde edildi.
ifadelerinden hangileri doğrudur?",Yalnız I,Yalnız II,Yalnız III,II ve III,"I, II ve III",D
10cf1aa6-03e0-5b01-87fa-5cdaa1115945,MATEMATIK,"$x$ ve $y$ gerçek sayılar olmak üzere,
$|\frac{4}{x}-1|=3$
$|y-2|=x-2y$
eşitlikleri sağlanıyor.
Buna göre $x \cdot y$ çarpımının alabileceği farklı değerlerin toplamı kaçtır?",5,7,9,11,13,B
6faea2e0-50df-56d1-a7d7-f8514444ff9b,MATEMATIK,"8 kişinin tamamı A ve B asansörlerine binecektir.
A asansörü 3 kişilik,
B asansörü 5 kişiliktir.
Buna göre, bu 8 kişi asansörlere kaç farklı şekilde binebilir?",28,56,84,112,140,B
5d66d4f7-a2ab-58e7-936f-b3326e4df2d1,MATEMATIK,"$f'(x)=2x-1$, $g'(x)=3$, $f(0)=g(0)$ eşitlikleri veriliyor. Buna göre, $f(x)$ ve $g(x)$ fonksiyonlarının sınırladığı bölgenin alanı kaç birimkaredir?",1,\frac{4}{3},\frac{8}{3},3,\frac{13}{3},B
fbfcbe24-6393-5909-9bd8-a9043b7eb4bb,KIMYA,"$0,2 \text{ M } 300 \text{ mL } \text{H}_2\text{SO}_4$ çözeltisi ile $0,5 \text{ M } 200 \text{ mL } \text{KOH}$ çözeltisi aynı sıcaklıkta karıştırıldığında; $\text{H}_2\text{SO}_{4(suda)} + 2\text{KOH}_{(suda)} \to \text{K}_2\text{SO}_{4(suda)} + 2\text{H}_2\text{O}_{(s)}$ denklemine göre tepkimeye girmektedir. Buna göre son durumdaki çözelti ile ilgili, I. $\text{H}^+$ iyon derişimi yaklaşık $0,04 \text{ molardır}$. II. $\text{K}^+$ iyon derişimi $0,2 \text{ molardır}$. III. $\text{SO}_4^{2-}$ iyon sayısı $0,06 \text{ molardır}$. yargılarından hangileri doğrudur?",Yalnız I,I ve II,I ve III,II ve III,"I, II ve III",B
3cb48c6c-ee55-5dc2-a45d-8138b242c2b7,MATEMATIK,"Dörder yıl arayla doğmuş üç kardeşten, en büyük ile en küçük kardeşin yaşları çarpımı 153'tür. Buna göre, ortanca kardeşin yaşı kaçtır?",21,19,17,13,9,D
30147d50-1918-5d09-8319-f54e54ea71ee,KIMYA,"Yukarıda verilen tanecikler ile ilgili;
I. X ve Y tanecikleri izotondur.
II. Y ve Z tanecikleri izobardır.
III. X ve Z tanecikleri izotoptur.
ifadelerinden hangileri doğrudur?",Yalnız I,I ve II,I ve III,II ve III,"I, II ve III",B
2c1b8457-263e-5978-b5c2-a8b932dcdb9c,MATEMATIK,"$x = cos20^\circ$, $y = cos50^\circ$, $z = sin80^\circ$ olduğuna göre, aşağıdakilerden hangisi doğrudur?",$x > y > z$,$y > x > z$,$z > x > y$,$y > z > x$,$x > z > y$,C
47813046-cf3a-54f5-9c18-e3b5644c21ea,MATEMATIK,"$(-x-a) \cdot (-x+2) = (x+6) \cdot (x-b)$
denklemi her $x$ gerçel sayısı için sağlandığına göre, aşağıdaki denklemlerden hangisini sağlayan bir $x$ gerçel sayısı yoktur?",$ax+bx+1=0$,$2ax-3bx+2=0$,$ax-3bx-1=0$,$3ax-2bx+1=0$,$2ax+3bx=0$,A
7132f150-a2c5-5079-b3fd-02c34003f963,BIYOLOJI,"Normal bir insanda aşağıdaki olaylardan hangisi, doğrudan hipofiz bezinden salgılanan hormonlar yardımıyla gerçekleştirilmez?",Uterus kaslarının kasılması,Süt bezlerinde süt üretilmesi,Olgunlaşan foliküllerin parçalanması,Böbreklerde suyun geri emilmesi,Hücrelerin tükettiği oksijen miktarını artırmak,E
835d463a-3bbc-58e2-92b1-d2f0409fe364,MATEMATIK,$\sqrt{\frac{1}{25} + \frac{1}{16} + \frac{1}{25}}$ ifadesinin değeri kaçtır?,$\frac{25}{19}$,$\frac{20}{29}$,$\frac{19}{25}$,$\frac{29}{20}$,1,C
b38fe178-b3fa-51be-b711-209128fd9a6e,FIZIK,"Ses dalgaları ile ilgili olarak;
I. Taşıdığı enerjiye göre mekanik dalgadır.
II. Titreşim doğrultusu yayılma doğrultusuna diktir.
III. Yayılma için maddesel bir ortama ihtiyacı vardır.
yargılarından hangileri doğrudur?",Yalnız I,Yalnız II,Yalnız III,I ve III,"I, II ve III",D
625a0aac-199f-5f0e-b86b-328cdb786266,TURKCE,"Bilim insanları, her insanda hücre başına yaklaşık $25.000$ gen olduğunu söylemektedir. Bu genlerin herhangi birinde meydana gelen bir mutasyon veya değişiklik bir hastalığa, bozukluğa veya daha kısa bir ömre neden olabilir. Bu mutasyonlar, bir annenin karnında oluşan veya bir babanın kahverengi gözleri gibi miras alınarak bir nesilden diğerine geçebilir. Mutasyonlar bazı durumlarda kalıtsal olmayıp kendiliğinden de meydana gelebilir. Gen tedavisi, bu mutasyonlara bağlı kalıtsal hastalıkların tedavisi veya ortadan kaldırılması bir gerçek hâline gelebilir. Gen tedavisi, hastalıklarla savaşmak veya onları önlemek için genlerin manipülasyonunu içerir. Başlıca söylemek gerekirse, kötü bir genin neden olduğu hastalığa sahip olan bir kişiye iyi bir gen hayat verir.
Bu parçada aşağıdakilerin hangisinden söz edilmemiştir?",İnsan vücudunda bulunan genlerin sebep olduğu durumlardan,Gen tedavisinde günümüz tıp dünyasında elde edilen başarılardan,Mutasyonun her zaman kalıtsal sebeplerle meydana gelmediğinden,Gen tedavisi ile genetik problemlerin ortadan kaldırılabileceğinden,Hücrelerdeki genlerden birindeki sorunun bir hastalığın nedeni olabileceğinden,B
6b711dfb-db9a-5a96-93f8-692515cf8267,KIMYA,"Sabit sıcaklıkta sırasıyla aşağıdaki deneyleri yapıyor:
Birinci deney: Sönmemiş kireç ($CaO$) üzerine su ekleme
İkinci deney: Birinci deney sonucunda oluşan karışıma $HCl$ sulu çözeltisi ekleme
Bu deneylerle ilgili,
I. Birinci deneyde kimyasal tepkime gerçekleşmez.
II. Birinci deney sonucunda oluşan karışım mavi turnusol kağıdının rengini kırmızıya çevirir.
III. İkinci deneyde nötralleşme tepkimesi gerçekleşir.
ifadelerinden hangileri doğrudur?",Yalnız I,Yalnız II,Yalnız III,I ve II,II ve III,C
214e232d-469a-55cc-8894-9c4f8f6fbe92,MATEMATIK,$(2 - \cot x - \frac{1}{3 - \tan x}) \cdot (2 - \tan x + \frac{1}{\cot x})$ ifadesinin tanımlı olduğu aralıktaki eşit kaçtır?,1,3,4,5,6,C
3fed24a8-9883-58b1-b86d-ac87cef84ee5,MATEMATIK,"Bir kutudaki kalemler kırmızı ve mavi kalemlerden oluşmaktadır. Kutuda $9$ kırmızı kalem konulsaydı kırmızı ve mavi kalem sayısı sırasıyla $5$ ve $4$ ile orantılı olacaktı. Kutudan $4$ mavi kalem alınsaydı kırmızı ve mavi kalem sayısı sırasıyla $3$ ve $4$ ile orantılı olacaktı. Buna göre, başlangıçta kutuda toplam kaç kalem vardır?",45,36,24,18,15,B
6d709351-7c20-5d71-8134-8df2d3863d8c,MATEMATIK,"Karmaşık sayılar kümesinde, $(\frac{1}{2}+\frac{i}{2})^2+(2+i)^2$ işleminin sonucu kaçtır?",$\frac{5}{2}$,$\frac{9}{2}$,$\frac{25}{4}$,$\frac{25}{2}$,$\frac{25}{8}$,D
fc213192-aa9e-5bc9-9b72-b8798700dc50,MATEMATIK,"Gerçel sayılar kümesi üzerinde $f$ ve $g$ fonksiyonları, $f(x)=2x-1$, $g(x)=x^2-1$ biçiminde tanımlanıyor. Buna göre, $\lim_{x \to -1} (f \circ g)(x)$ limitinin değeri kaçtır?",4,5,6,7,8,B
13cfe194-7e3d-5b6e-8ba5-5b32771ccf87,MATEMATIK,"$2[5x-3(2x-1)]-14=3x+16$ olduğuna göre, $x$ değeri kaçtır?",-5,-6,-7,$\frac{36}{5}$,$\frac{38}{5}$,E
bdf23185-0a56-57d9-a709-ffdb00099612,KIMYA,"Yukarıda formülleri verilen bileşiklerden hangileri $2-penten$ bileşiğinin yapı izomeridir?
I. $CH_3$
II. $CH_3-CH_2-C=CH_2$
III. $CH_3-CH=CH-CH_3$",Yalnız I,Yalnız II,I ve II,I ve III,"I, II ve III",A
183b0e4c-b141-589c-85ba-19644868d744,GEOMETRI,"Aşağıda bir pencerenin kapalı ve açık olmak üzere iki farklı görüntüsü verilmiştir. Şekil 1'de verilen pencerenin sol kanadı $40^\circ$, sağ kanadı $50^\circ$ açılarak Şekil 2'deki görünüm elde edilmiştir. Buna göre, $m(\text{DBE}) = \alpha$ kaç derecedir?",35,45,55,65,75,B
9a8bc549-70d7-5519-a395-07ef7b353139,MATEMATIK,"$\frac{0,2+0,03}{0,5-0,04}$ işleminin sonucu kaçtır?",$\frac{1}{4}$,$\frac{1}{2}$,$\frac{1}{3}$,1,$\frac{4}{3}$,C
01f4936b-41fc-5b31-88c5-cc6d30cc83cc,MATEMATIK,"$2x+y=12$ olduğuna göre, $x \cdot y$ çarpımı en çok kaçtır?",12,18,24,30,36,B
a7c6328c-9fae-50b0-a22c-31d7c7cef905,KIMYA,"136'şar gram $SO_2$ ve $H_2S$ gazlarının $SO_{2(g)} + 2H_{2S(g)} \rightarrow 3S_{(k)} + 2H_2O_{(s)}$ tam verimli tepkimesi sonucu hangi maddeden kaç gram artar? (H:1, O: 16, S: 32)",8g $SO_2$,8g $H_2S$,30g $H_2S$,60g $SO_2$,60g $H_2S$,D
cba58867-d285-53bb-ae51-7a9f8da6e2a4,MATEMATIK,"Nüfus cüzdanlarında yazan doğum tarihlerine göre her birinin yaşı 15 olarak görünen beş arkadaştan birinin gerçek yaşı 15, ikisinin gerçek yaşı 14, diğer ikisinin gerçek yaşı 16'dır. Öğrencilerin 15 yaşında olduğunu düşünen 45 yaşındaki Fatma öğretmen, bu beş öğrenciden rastgele üçüne ""Sizin yaşlarınızın toplamı benim yaşıma eşit!"" diyor. Buna göre, Fatma öğretmenin söylediğinin doğru olma olasılığı kaçtır?",$\frac{1}{5}$,$\frac{2}{5}$,$\frac{3}{5}$,$\frac{7}{10}$,$\frac{1}{10}$,A
cf374855-e167-5540-b956-ddd7fc89635a,MATEMATIK,"Yol yapım çalışmalarından dolayı 360 km'lik yolun bir kısmı toprak, geriye kalan kısmı asfalttır. Asfalt yolun uzunluğu, toprak yolun uzunluğunun 2 katıdır. Bir aracın toprak yoldaki hızı saatte 80 km, asfalt yoldaki hızı saatte 80 km'dir. Buna göre, bu araç 360 km'lik bu yolu kaç saatte alır?",6,7,8,9,10,B
0c4b95c7-5ff4-5b98-a662-6ed597ef7b61,BIYOLOJI,"Üreme hücrelerinin çekirdeğinde $2.10^{-9}$ mg DNA bulunan diploid bir canlıya ait deri hücresinin hayat döngüsünde gözlenen evreler ve bu evrelerde ölçülen DNA miktarları ile ilgili,
I. Profaz evresinde $8.10^{-9}$ mg DNA bulunur.
II. $G_1$ evresinde $2.10^{-9}$ mg DNA bulunur.
III. $G_2$ evresinde $4.10^{-9}$ mg DNA bulunur.
ifadelerinden hangileri doğrudur?",Yalnız I,Yalnız III,I ve II,II ve III,"I, II ve III",C
3aab8785-f1c0-546e-89a6-024465eb68e6,MATEMATIK,"Kerem ve Mehmet arasında aşağıdaki gibi bir konuşma geçmektedir:
Kerem:
– Senin bugünkü yaşına geldiğimde kaç yaşında olacaksın?
Mehmet:
– 66 yaşında olacağım. Peki, ben senin bugünkü yaşındayken sen kaç yaşındaydın?
Kerem:
– 15 yaşındaydım.
Buna göre, Kerem ve Mehmet'in bugünkü yaşlarının toplamı kaçtır?",65,68,73,77,81,E
99f139ab-4329-58f7-b6ad-237da0164c6d,BIYOLOJI,"Oksijenli solunumda
I. oksidatif fosforilasyon,
II. karbondioksit oluşumu,
III. ATP'nin hidrolizi
olaylarının gerçekleştiği evreler aşağıdakilerden hangisinde doğru eşleştirilmiştir?","Yalnız I, Yalnız I","Yalnız II, Yalnız I","I ve II, I ve III","II ve III, I ve II","Yalnız I, Yalnız II",B
0114ae7b-3b08-5050-b3bd-afb2a5264bd0,MATEMATIK,"$a$ bir tam sayı olmak üzere, $R - \{2\}$'de tanımlı $y = f(x)$ fonksiyonu $f(x) = \frac{ax^2 - 1}{x-2}$ biçiminde tanımlanıyor. $f'(a) = -7$ olduğuna göre, $f'(1)$ kaçtır?",-9,-7,-5,-3,-1,C
2aec294d-0561-5ab0-b3a2-894e84b6d32e,GEOMETRI,"ABC ve BDC dik üçgen, $[AB]\perp[AC]$, $[BD]\perp[DC]$, $[AE]\perp[BC]$, $[DF]\perp[BC]$, $|AE|=8$ cm, $|EF|=6$ cm. $|DF|=2\sqrt{7}$ cm. Yukarıdaki verilere göre, $|BE|-|FC|$ farkı kaç cm'dir?",2,3,4,5,6,C
0777d759-3653-58e0-a684-12656ef3512d,GEOMETRI,"Analitik düzlemde $y=2$ ve $y=8$ doğrularına teğet olan çemberin merkezi $x+y-2=0$ doğrusu üzerinde olduğuna göre, çemberin denklemi aşağıdakilerden hangisidir?",$(x-3)^2 + (y+5)^2 = 16$,$(x-3)^2 + (y-5)^2 = 25$,$(x+3)^2 + (y-5)^2 = 25$,$(x+3)^2 + (y-5)^2 = 9$,$x^2 + (y-5)^2 = 9$,D
268621f4-69ae-5c39-8f88-549904b23407,MATEMATIK,$\frac{1-\tan^2 \frac{\pi}{8}}{2\cdot \tan \frac{\pi}{8}}$ ifadesinin değeri kaçtır?,1,$\sqrt{3}$,$\frac{1}{\sqrt{3}}$,$-\frac{1}{\sqrt{3}}$,$2\sqrt{3}$,C
11a824f5-eab7-57db-afad-0dd0c4435a14,MATEMATIK,İşleminin sonucu kaçtır? $\frac{-14-(-6-5)}{(-5)-4}+\frac{-2-(10+3-2)}{(-5)\cdot3+7}$,5,4,3,2,1,D
cd226069-64a0-5c12-a860-37343733b714,KIMYA,"Bir X bileşiği ile ilgili aşağıdaki bilgiler veriliyor.
• Yanıcıdır.
• Kendine has kokusu vardır.
• Erime noktası düşüktür.
• Kovalent bağlı bileşiktir.
Buna göre, bu X bileşiği aşağıdakilerden hangisi olabilir?","NaHCO
$_3$","CO
$_2$",KCN,"CH
$_3$COOH","K
$_2$CO
$_3$",D
2f33d843-722e-542b-88d3-01062ea81510,MATEMATIK,"$a$ ve $b$ pozitif tam sayılar olmak üzere, $b = 2a$ olduğuna göre, $EBOB(12a, 15b)$ aşağıdakilerden hangisine eşittir?",$3a$,$6a$,3,6,10,B
47da24ea-e410-54df-8d21-a353891cdd53,KIMYA,"Tampon çözeltiler ile ilgili,
I. Zayıf bir asit ile bu asidin konjuge bazını içeren veya zayıf bir baz ile bu bazın konjuge asitini içeren çözeltilerdir.
II. Az miktarda asit veya baz eklendiğinde ortamın pH değerinin değişmesine direnç gösteren çözeltilerdir.
III. İnsan kanının plazmasında $H_2CO_3$ zayıf asidi ile bu asidin konjuge bazı olan $HCO_3^-$ iyonu bir tampon çözelti oluşturarak kanın pH değerinin 7,4 civarında kalmasını sağlar.
IV. Canlıların yapısında bulunan enzimlerin sağlıklı işleyebilmesi ve osmotik basıncın dengelenmesi gibi olaylarda tampon çözeltiler etkilidir.
ifadelerinden hangileri doğrudur?",I ve III,II ve IV,"I, II ve III","I, II ve IV","I, II, III ve IV",E
54550640-6dfa-57fc-b4d4-2a7a71882f09,KIMYA,"$XO + H_2O \rightarrow X(OH)_2 \quad \Delta H = -40 \text{ kJ}$ Verilen tepkimede 8 gram XO bileşiğinin tamamen tepkimeye girebilmesi için 8 kJ ısı harcanmaktadır. Buna göre, X elementinin mol kütlesi aşağıdakilerin hangisinde doğru verilmiştir? (O = 16)",12,24,40,64,137,C
2748ae8b-3514-55df-b4d6-3275bd967224,MATEMATIK,"$f$ gerçek sayılarda türevlenebilen bir fonksiyon olmak üzere, $\int f(x^3+1) \cdot x^2 dx$ integraline $x^3+1=u$ değişken değiştirmesi uygulanırsa aşağıdaki integrallerden hangisi elde edilir?",$\frac{1}{3} \int f(u) du$,$\frac{1}{2} \int f(u) du$,$\frac{1}{3} \int f(u) \cdot u \cdot du$,$\int f(u) du$,$\frac{1}{3} \int f(u) \cdot u^2 du$,A
4b1e1e6d-cf88-5339-8391-5b5e3c4cecfc,MATEMATIK,"Denkleminin gerçek köklerinin toplamı kaçtır?

$(x^2-2x)^2+8x^2-16x-9=0$",$1$,$2$,$3$,$4$,$5$,B
0ecb045a-1a9a-51db-81b7-63395b5cf251,KIMYA,"I. $C_2H_4$
II. $C_3H_4$
III. $CH_4$
Yukarıda verilen bileşiklerin hidrojen yüzdeleri arasındaki ilişki hangisinde doğru verilmiştir?",I > II > III,I > III > II,II > I > III,III > II > I,III > I > II,E
69ccf1f7-8f38-5fe8-ac26-d873f72adad6,MATEMATIK,"Annesinin kızlık soyadı SARASA olan Vedat Bey, bir çağrı merkezini aradığında çağrı merkezi yetkilisi ile aralarında şu konuşma geçiyor: Çağrı Merkezi: Güvenlik onayı için annenizinkızlık soyadının 1. harfini ve 5. harfini sırasıyla söyler misiniz? Çağrı merkezi yetkilisinin kaçıncı harfleri sorduğunu duyamayan Vedat Bey, annesinin kızlık soyadının rastgele iki sırasını seçip bu iki sıradaki harfleri soyadındaki sırayla söylüyor. Buna göre, Vedat Bey'in çağrı merkezi yetkilisinin sorusunu doğru yanıtlama olasılığı kaçtır?",$\frac{1}{3}$,$\frac{2}{7}$,$\frac{5}{21}$,$\frac{4}{21}$,$\frac{1}{7}$,E
060e8daa-df21-5b5a-8821-4a659ee55693,FIZIK,"James Clerk Maxwell'in ortaya koyduğu elektromanyetik teoriye göre, I. Elektromanyetik dalgaları oluşturan elektrik ve manyetik alan bileşenleri birbirine dik doğrultuda titreşir. II. Elektromanyetik dalgaların elektrik alan ve manyetik alan bileşenlerinin büyüklükleri doğru orantılıdır. III. Elektromanyetik dalgaların elektrik ve manyetik alan bileşenleri aynı anda sıfır ve aynı anda maksimum değerlere ulaşır. yargılarından hangileri doğrudur?",Yalnız I,I ve II,I ve III,II ve III,"I, II ve III",C
60190dc0-0772-58e5-b2ec-2456e17b7a7a,TURKCE,"(I) Pollyannacılık, bir savunma mekanizmasıdır ve mantığa bürünmenin farklı bir biçimidir. (II) Bu savunma mekanizma sında bireyler, her olumsuz olayda bir olumlu taraf görmeye çabalarlar. (III) Fakat sık sık kullanıldığında bireyi pasifleşti rir. (IV) Sorgulamadan kabul eden biri hâline getirir. (V) Yok sa iyimserlik ve Pollyannacılık doğru kullanıldıklarında insan hayatına katkı sağlayan iki farklı kavramdır.
Bu parçada numaralanmış cümlelerin hangisinden sonra ""Diğer savunma mekanizmaları gibi kaygıyı bir noktaya ka dar azaltır."" cümlesi getirilebilir?",I,II,III,IV,V,B
f0a4647f-d845-5acc-bee3-8e302d391843,KIMYA,"""Elementlerin fiziksel ve kimyasal özellikleri atom ağırlığına değil, atom numaralarına bağlıdır.""
İfadesi aşağıdaki bilim insanlarından hangisine aittir?",Mendeleyev,Moseley,Lavoisier,Robert Boyle,Avogadro,B
149c9778-bcc2-573b-b127-3e7fc0f03f72,TARIH,"TBMM Hükümeti pekâlâ bilirsiniz ki eski Babıali Hükümeti değildir. Eski Osmanlı Hükümeti değildir. Onlar artık tarihe karışmıştır. Düşmanlarımız Osmanlı Devleti'ni yıkmak gerçek unsur olan Türk milletini de imha etmek istiyorlardı. Hâlbuki Türk milleti yeni bir iman ve kesin bir millî azimle yeni bir devlet kurmuştur.

Aşağıdakilerden hangisi Mustafa Kemal'in bu ifadelerini doğrulayan gelişmelerden biri değildir?",Saltanatın kaldırılması,Güçler birliği ilkesinin kabul edilmesi,Ankara'nın başkent ilan edilmesi,Kapitülasyonların kaldırılması,İşgal faaliyetlerinin sonlandırılması,C
cf3a41e8-659d-5610-85cb-eaf3ad37319e,KIMYA,"Asetaldehit bileşiği ile ilgili,
I. İzomeri olan bir keton yoktur.
II. Uygun koşullarda asetonun su katılması sonucu oluşur.
III. Uygun koşullarda yükseltgenirse asetik aside dönüşür.
IV. Uygun koşullarda indirgenirse etil alkole dönüşür.
yargılarından hangileri doğrudur?",I ve II,III ve IV,"I, II ve III","II, III ve IV","I, III ve IV",B
a4eb4c65-89f8-5500-b1cf-1bbd6728c011,MATEMATIK,"Mert ve Can birer kağıda ikinci dereceden bir denklemin köklerini tahmin ederek yazmışlardır. Mert ve Can'ın tahmin ettiği köklerden birer tanesi doğru olduğuna göre, bu denklem aşağıdakilerden hangisi olamaz?",$x^2+x-6=0$,$x^2+3x+2=0$,$x^2+4x+3=0$,$x^2-4=0$,$x^2-x-6=0$,E
01e87bfb-a522-5c2e-b84b-c7589c44aacb,TARIH,"Aşağıdaki filmlerden hangisi, 1983'teki Berlin Film Festivali'nde ""Altın Ayı"" ödülünü kazanmıştır?",Bir Teselli Ver,Kanlı Nigar,Yol,Kurban,Susuz Yaz,C
499b88bc-67fb-52d7-9032-14029958a0cd,MATEMATIK,"Selin, Doğa ve Öykü sahip oldukları cevizlerin sayısı ile ilgili şu cümleleri kuruyorlar:
Selin: ""Benim cevizlerimin sayısının iki katının on eksiği Doğa'nın cevizlerinin sayısına eşittir.""
Doğa: ""Öykü'nün cevizlerinin sayısının yarısının altı fazlası benim cevizlerimin sayısına eşittir.""
Öykü: ""Benim ve Doğa'nın ceviz sayılarının çarpımı Selin'in ceviz sayısının 72 katıdır.""
Buna göre, Doğa ve Öykü'nün toplam kaç cevizi vardır?",62,74,78,88,96,D
31520d95-dae2-5456-a151-8aab886dbd8a,KIMYA,"Aşağıda bazı tepkimelerin karşısında türleri verilmiştir. Buna göre, hangi tepkimenin türü karşısında yanlış verilmiştir?",I,II,III,IV,V,E
4ca96c4c-6f02-5519-9703-42ded46e07a3,KIMYA,"Belirli bir sıcaklıkta $K_a$ değeri $1 \cdot 10^{-6}$ olan $0,01 M$ hipokloröz asit ($HClO$) çözeltisi için aşağıdakilerden hangisi yanlıştır?",Çözeltinin $pH$'sı $5$'tir.,"Hipokloröz asidin $%0,1$ iyonlaşmıştır.",Çözeltiye aynı sıcaklıkta bir miktar saf su ilave edilirse $K_a$ değeri küçülür.,"Aynı sıcaklıkta, $HClO$'nun $K_a$ değeri $1 \cdot 10^{-6}$'den büyüktür.",Çözelti zayıf elektrolittir.,C
d73a4380-6d42-5ba8-81c2-a8651bb41107,MATEMATIK,"$P(x) = ax^2 - bx + 8$ polinomunun $x - 1$ ile bölümünden kalan $10$, $x + 2$ ile bölümünden kalan $-2$ olduğuna göre, $a \cdot b$ çarpımı kaçtır?",-1,0,1,2,3,A
92630319-93c9-5c40-81fd-a913baa4492e,MATEMATIK,"$a, b, c, d, e, f, k$ pozitif reel sayılardır. $\frac{a}{logd} = \frac{b}{loge} = \frac{c}{logf} = k$ eşitliği veriliyor. $3a + 2b = 10 - c$ ve $e^k \cdot f = 100$ olduğuna göre, $logd$ sayısının $k$ cinsinden değeri aşağıdakilerden hangisidir?",$\frac{10-2k}{3k}$,$\frac{10+2k}{3k}$,$\frac{10+3k}{2k}$,$\frac{10-3k}{k}$,$\frac{10-k}{3k}$,A
b543d8e5-9bd6-50f5-89ea-6f0ca0cbc825,MATEMATIK,$\sqrt{\frac{4x}{60}}$ ifadesini tanımsız yapan kaç tane $x$ doğal sayısı vardır?,5,9,11,15,16,D
9d0f0600-d771-50bc-a68f-4d54c3c54d2e,MATEMATIK,"$(\sqrt{23} - \sqrt{21})^x = 8$ olduğuna göre, $(\sqrt{23} + \sqrt{21})^x$ ifadesinin $x$ cinsinden eşiti nedir?",$2^x$,$2^{x-1}$,$2^{x-2}$,$2^{3-x}$,$2^{4-x}$,D
6f36576e-67ab-58cf-af88-083c9458cbcb,TARIH,I. Polonya II. Çekoslovakya III. Macaristan SSCB'nin dağılması sonucunda yukarıdaki hangi devletlerde sosyalist yönetimler yıkılarak demokratik yönetimler kurulmuştur?,Yalnız I,Yalnız II,I ve II,II ve III,"I, II ve III",E
32ad19ab-04d4-57e0-a5fc-ce5a92c459a9,MATEMATIK,"$a$ ve $b$ tam sayı olmak üzere, $-4 \le a < 5$ ve $-1 \le b < 8$ veriliyor. Buna göre $2a+3b$ ifadesinin alabileceği en küçük değer aşağıdakilerden hangisidir?",-11,-10,-9,-8,-7,A
4caee103-51c7-5253-9ac7-93ff58839d9c,BIYOLOJI,"Floemdeki madde taşınması ile ilgili bazı bilgiler şöyledir:
• Kaynak hücrelerdeki şekerin havuz hücrelere taşınması için öncelikle kalburlu boru elemanlarına yüklenmesi gerekir.
• Yüklenmiş durumdaki kalburlu borular kaynak hücrelere göre 2 - 3 kat daha fazla şeker içerebilirler.
• Floemin kaynak hücre ile temas eden ucundaki hidrostatik basınç, havuz hücre ile temas eden ucundan daha yüksektir.
• Havuz hücrelerdeki serbest şeker konsantrasyonu her zaman kalburlu borulardan daha düşüktür.
Bu bilgiler kullanılarak aşağıdaki sonuçlardan hangisine ulaşılamaz?",Floemdeki şekerin bitkide yukarıdan aşağıya doğru taşınmasında kök basıncı etkili olur.,Soymuk borusunun iki ucu arasındaki hidrostatik basınç farkı organik besinlerin taşınması için gerekli etkiyi oluşturur.,Soymuk borularındaki madde taşınmasında aktif taşıma olayı etkili olur.,Şekerin taşınma yönü kaynak hücreden havuz hücreye doğrudur.,"Havuz hücrelerde gerçekleşen metabolik olaylarda şekerin sürekli olarak tüketimi, floemdeki şekerin difüzyonla havuz hücrelere girişine neden olur.",A
b78b0ff7-06f4-50a7-9551-28da79316330,MATEMATIK,"$y = f(x)$ eğrisine $y = g(x)$ eğrisinin grafikleri $y = x$ doğrusuna göre simetriktir.
$y = f(x)$ eğrisine $A(1,2)$ noktasından çizilen teğet doğrusunun eğimi $m_1$ ve $y = g(x)$ eğrisine $B(2,1)$ noktasından çizilen teğet doğrusunun eğimi $m_2$ olduğuna göre, $m_1 \cdot m_2$ çarpımı kaçtır?",-2,-1,1,2,4,C
55abf40c-cce6-5f35-bbde-3da3be631304,MATEMATIK,"Bir mala aşağıdaki gibi arka arkaya indirimler yapılıyor: 1. indirim : %20 2. indirim : %10 Tüm bu indirimler sayesinde 84 TL daha az ödeyecek olan bir müşteri, herhangi bir indirim olmasa idi kaç TL ödeme yapacaktı?",420,300,320,350,400,A
26f5ad11-29d8-50db-a0d8-ee1429c281ae,MATEMATIK,"$f(x) = x^2 - 6x - 11$ parabolü üzerindeki $P(a, b)$ noktasından çizilen teğet doğrusu $y = 2x - 3$ doğrusuna paralel olduğuna göre, $(a+b)$ toplamı kaçtır?",4,7,10,11,12,D
ef5c0d83-49d8-59dd-9a9f-78db2575b79d,MATEMATIK,"$x$ bir pozitif tam sayı olmak üzere, $\sqrt{x}$ ifadesinin değeri bir tam sayı ise $x$ sayısına süper karesel sayı denir.
Buna göre $0$ ile $1000$ sayıları arasında kaç tane süper karesel sayı vardır?",$1$,$2$,$3$,$4$,$5$,C
d91c4f9f-984b-575d-9bee-0d21e81ba2bf,TURKCE,Bu iki parçada asıl anlatılmak istenen aşağıdakilerden hangisidir?,"Ayaklı kütüphane denilen adamlar, genellikle okuduklarını pek özümsememiş kişilerdir.","Kafalarında pek çok kitabın adı bulunan kütüphaneciler, kitaplardan yeterince yararlanmamaktadır.","Bir kitap, bizi düşündürdüğü ve kendi malımız olan fikirler doğurmak şartıyla faydalıdır.",Ayaklı kütüphane denilen adamların çok sayıda kitabı olsa da çevresindekilere bir faydası yoktur.,"İnsanlar, kitap okurken uyanık bir zekâya sahip ve her an şüphe içinde olmalıdır.",C
80652cb7-c8e5-5fef-8c03-fbea4600a4e4,TARIH,"XIX. yüzyıldan itibaren Osmanlı Devleti'ni dağılmaktan kurtarmak için; I. Osmanlıcılık, II. İslamcılık, III. Türkçülük fikirleri ortaya çıkmıştır. Bu fikirler ve savunucularının eşleştirilmesi aşağıdaki tabloda verilmiştir. Buna göre doğru eşleştirme hangisidir?","I, II, III","II, I, III","III, II, I","I, III, II","II, III, I",B
7cbe3546-f53c-5b9b-9d70-570eac48fa7e,GEOMETRI,"Merkezi $P$ noktası olan dönme dolabın denklemi $(x-10)^2+(y-13)^2=100$ dür. $A$ noktasında bulunan Zehra, dönme dolap saat yönünde $120^\circ$ dönme hareketi yaptığında şekildeki gibi $A'$ konumunda oluyor. Buna göre, son durumda $A'$ noktasının yerden yüksekliği kaç birimdir?",15,16,17,18,19,D
d1ecf223-e185-545c-8d5e-3eacb937b575,MATEMATIK,"$f: \mathbb{R} \to [1, \infty)$ olmak üzere, $f(x) = 3x^2-1$ ve $g(x) = f'(x) \cdot (f \circ f)(x)$ olduğuna göre, $g'(-1)$ değeri kaçtır?",-192,-144,-24,06,48,A
97389685-b69a-5008-a5a5-9e755b47d3a3,MATEMATIK,$a$ ve $b$ gerçek sayıdır. $a-b=5$ $a-|b-a|=10$ eşitlikleri veriliyor. Buna göre $a+b$ toplamı kaçtır?,30,25,20,15,5,B
4418afa2-cd48-50d9-87c6-433eb06b6b52,GEOMETRI,"Şekil-1'de BAC dik üçgeni verilmiştir. $[BA] \perp [AC]$, $[AD] \perp [BC]$'dir. Şekil-2'deki ADC üçgeninde $[AD]$ ile $[AC]$ çakışacak biçimde ok yönünde katlanması ile elde edilmiştir. Yukarıdaki verilere göre, $|BD| = x$ kaç cm'dir?",$\frac{3}{2}$,3,4,$\frac{9}{2}$,5,D
91ed28f6-b1c3-56a9-aa97-3e2f23e7deaf,MATEMATIK,$(a_n) = \frac{n^2 + 6n - 65}{n+6}$ dizisinin kaç tane terimi tam sayıdır?,5,4,3,2,1,D
f0ac0db5-e1f4-50f0-a3a8-ddc4fe62914c,MATEMATIK,$f(x) = |x^2 - kx - 6|$ fonksiyonu veriliyor. $f(x)$ fonksiyonunun $x=1$ de türevsiz olması için k kaç olmalıdır?,-1,-2,-3,-5,-6,E
601379f4-076d-5166-bf98-fd86a7f6c9ee,TURKCE,"I. Düşünmeye ayırdığınız zaman kontrolsüz bir şekilde arttıkça eylem alanınızı daraltır ve yapacağınız işleri farkında olmadan bırakmaya başlarsınız.
II. İş hayatında öngöremediğimiz bir sorunla karşılaşmamak için her şeyi en ince ayrıntısına kadar düşünüp önceden hazırlıklı olmamız gerekir.
III. Kafamızı taktığımız konuları tamamlamazsak, yapacağımız işlerin gününce bir anda ne yapacağımızı şaşırırız çünkü sıraya koymak zorlaşmıştır.
IV. Botu bir düzeni işlemeye bırakıp biriken işleri ya son anda ya da gecikmeli olarak tamamlamaya başlarız ve işi teslim etmenin yarattığı kısa süreli rahatlamalara avunuruz.
V. Erteleme, stres, sıkıntı, kısa süreli rahatlama şeklinde devam eden bu döngüde hem işe başlamak zorlaşır hem de ilk adımı atamamanın yarattığı stres, kişinin öz güvenini zedeler.
Bu parçada numaralanmış cümlelerin anlamlı bir bütün oluşturabilmesi için hangilerinin birbiriyle yer değiştirmesi gerekir?",I ve II,I ve V,II ve IV,III ve IV,III ve V,C
b08361d5-808e-5e75-9a06-5e44d42584b5,EDEBIYAT,"Üçüncü yeni şiir anlayışının ilk adımı atmıştır. Rahatı Kaçan Ağaç, Telgrafhane, Yan yana, Kolları Bağlı Odysseus adlı kitaplarını derlemiştir. O, şiirini istikrarlı denecek bir çizgide, eserlerinde ise zaman zaman yüzde düşünce ön plandadır. Hakiki bir şiir duygusundan yoksun olduğu için, bu eksikliği ilk eserlerinde Marksist ideoloji, daha sonra materyalist felsefi fikirlerle gidermeye çalışmıştır. Bedri Rahmi gibi o da folkloru Marksist açıdan ele alır. Onun için önemli olan üslup değil, içerik daha doğrusu ""maksat"" veya ""ideoloji""dir. Bu parçada söz edilen şair aşağıdakilerden hangisidir?",Oktay Rıfat,Attilâ İlhan,Tevfik Akdağ,Suat Taşer,Melih Cevdet Anday,E
244ee5b8-a750-5db5-9ff0-b9d327eccf50,TARIH,"Yeni Çağ'da kendi çıkarlarına göre hareket eden burjuvazi ile krallar arasında, feodal güçlere karşı geçici bir iş birliği yapılmıştı. Ancak Sanayi İnkılabı sonrasında bu iş birliği bozulmaya başlamış ve belirleyici sosyal sınıf olan burjuvazi, soyluların yerini almıştır. Ekonomik gücüne dayanarak siyasal yapıda da rol oynamaya iştah duyan burjuvazi ile krallar arasındaki denge, burjuvazi lehine değişmiştir. Artık burjuvazi, kralın yetkilerini sınırlandırarak siyasi haklar elde edebilmenin mücadelesini vermeye başlamıştır. Bu bilgilere göre aşağıdaki yargılardan hangisine ulaşılabilir?",Fransız İhtilali ile burjuva sınıfı nüfuzunu kaybetmiştir.,"Burjuvalar, ekonomik güçlerini kullanarak siyasi alanda etkili olmaya çalışmışlardır.","Derebeyleri ile krallar, burjuvazi üzerinde her zaman baskı kurmuştur.",Mutlakiyete dayalı yönetim anlayışı Yeni Çağ'da ilk kez ortaya çıkmıştır.,"Demokrasi, özgürlük gibi fikirler milli devlet anlayışına zemin hazırlamıştır.",B
63cddb52-3c76-552c-998b-60d294e66c0e,MATEMATIK,"$x^2+(a-1)x+2a+1>0$ eşitsizliği, her $x$ gerçek sayısı için sağlandığına göre, $a$ hangi aralıkta olmalıdır?","$(- \infty, 0)$","$[0, 4)$","$[0, 4]$","$(4, \infty)$","$(0, 4)$",E
7c5265fa-f369-5b1c-a5df-84719bd42d3a,TURKCE,"Dünya nüfusunun 2050 yılında on milyara ulaşması bekleniyor. Dolayısıyla besin olarak tükettiğimiz tarım ürünlerine olan ihtiyaç her geçen gün artıyor. Artan talebi karşılamanın yollarından biri de belli bir alandan daha yüksek miktarda tarım ürünü elde etmek. Tarım ürünlerinin zararlı böceklere, yabani otlara, mantarlara ve hastalıklara karşı korunması amacıyla kullanılan tarım ilaçları ile tarımsal üretim veriminin artırılması hedefleniyor. Ancak tarım ilaçları zararlı organizmaları ortadan kaldırırken no yazık ki insanlara, doğal hayata ve çevreye de zarar verebiliyor. Bu nedenle -----
I. çiftçilere tarım ilaçlarının etkileri ve doğru kullanımı konusunda eğitim verilerek bu konuda hataların önüne geçilebilir
II. sürdürülebilir ve çevre dostu tarım uygulamalarına öncelik verilebilir
III. tarımsal üretimde verimi artırılarak tükettiğimiz tarım ürünlerinin olan ihtiyaç azaltılabilir
Bu parçanın sonuna düşüncenin akışına göre yukarıdakilerden hangileri getirilebilir?",Yalnız I,Yalnız II,Yalnız III,I ve II,II ve III,D
6abfe2fa-2fa9-5565-9a81-da6d21b27c73,MATEMATIK,$(x-2) \cdot (x+1) - (x-4) \cdot (x+7) + 81 = 0$ denkleminin köklerinden biri $m$ olduğuna göre $3m^2 + 15m$ ifadesinin değeri kaçtır?,3,6,10,15,18,A
b04ec8aa-c1db-517d-ad49-a3a710f9dd72,MATEMATIK,"$0 < \alpha < \frac{\pi}{2}$ olmak üzere, $x^2 - x \cos \alpha + \sin \alpha + 1 = 0$ denkleminin kökleri $x_1$ ve $x_2$'dir. Buna göre, $\left(\frac{1}{x_1} - \frac{1}{x_2}\right)^2$ ifadesinin eşiti aşağıdakilerden hangisidir?",$\cos \alpha$,$-\cos \alpha$,$\sin \alpha$,$-\sin \alpha$,$\cos^2 \alpha - \sin \alpha$,D
675a5841-4ef2-5eb6-aaab-8e5c53aeb772,BIYOLOJI,"Aşağıda bir insan hücresindeki iki molekülün kimyasal yapılan verilmiştir.
Verilen moleküllerle ilgili aşağıdakilerden hangisi ortak değildir?",Canlı hücrelerde sentezlenirler.,Hücre sitoplazmalarında rastlanabilirler.,Aynı çeşit aminoasit bulundurabilirler.,Kan yolu ile hedef yapılara taşınırlar.,Sentezlerinde ribozom görev alır.,D
d8a40092-329b-58ca-9e04-20dee0ce3377,EDEBIYAT,"Âdem odun yığarken yaptın,
Yap da neylersin, bundan sana ne?
Halk ettin insanı, cihana saldın,
Salıp da neylersin, bundan sana ne?
Bakkal mısın, teraziyi neylersin?
İşin gücün yoktur, gönül oylarsın,
Kulun günahını tartıp ne edersin?
Geçiver şucundan, bundan sana ne?
Bu dörtlükler içerik ve söyleyiş açısından aşağıdaki şiir türlerinden hangisine örnek verilebilir?",Nefes,Devriye,İlahi,Şathiye,Nutuk,D
38f87e10-5722-5b07-8a83-e9a324741177,MATEMATIK,"$|x-1|=100$ olduğuna göre, $x$'in alabileceği farklı değerlerin toplamı kaçtır?",-2,-1,0,2,4,D
782b3d49-35fe-5fca-8f5d-9f411a8f2c6e,MATEMATIK,"$f(x) = 3x^4 + 4x^3$ olduğuna göre, $\frac{d^2y}{dx^2}$ aşağıdakilerden hangisidir?",$24x + 6$,$6x + 24$,$12$,$6$,$24$,E
f7b66039-349a-5461-9afc-f5dd5e3d947c,MATEMATIK,"$f(x) = \begin{cases} |x+1|, & x > 0 \\ x, & x \le 0 \end{cases}$ olduğuna göre, $\int_{-1}^{2} x \cdot f(x-1) dx$ integralinin değeri kaçtır?",3,6,9,12,15,B
c16ff632-4f7d-55a0-8edd-94013a08c069,MATEMATIK,"Yukarıda $f, g$ ve $h$ fonksiyonları tanımlanmıştır. Örneğin; $f(3)=2 \cdot 3+1=7$ $g(1)=5-1=4$ $h(7)=7^2=49$ 'dur. Buna göre, $(foh)(0) + (gof)(2)$ toplamı kaçtır?",1,2,3,4,6,D
f75135ac-4153-50d3-a60f-dba2920abf69,MATEMATIK,$(x-2) \cdot (3x-7) = 2x-4$ denkleminin kökler toplamı kaçtır?,3,4,5,7,9,C
682024e6-a20c-5c50-86cc-7819a8ec34bc,KIMYA,"$RCHO + 2Cu(OH)_2 \rightarrow RCOOH + Cu_2O + 2H_2O$ tepkimesi sonucunda 28,8 gram $Cu_2O$ çökmektedir. Buna göre, tepkimede oluşan karboksilikasit aşağıdakilerden hangisidir? (Cu: 64, O: 16, C: 12, H: 1)",$C_2H_5COOH$,$C_3H_7COOH$,$CH_3COOH$,$CH_3CH_2COOH$,$HCOOH$,E
55bb41ac-2105-5139-9160-b2a677be38d1,COGRAFYA,"Eşit boyutlardaki kâğıtlara sayfaların tümü kullanılarak çizilen Türkiye ve Mısır ülkelerine ait fiziki haritaları inceleyen Emre, Türkiye haritasındaki yeryüzü şekillerinin daha ayrıntılı olduğunu görmüştür.
Emre'nin bu durumu aşağıdakilerden hangisiyle açıklaması doğru olur?",Haritaların çiziminde kullanılan projeksiyon yöntemlerinin farklı olmasıyla,Mısır'da yeryüzünün sade bir yapıya sahip olmasıyla,Türkiye'nin dünya üzerindeki kapladığı alanın Mısır'dan az olmasıyla,Türkiye'de ortalama yükseltinin fazla olmasıyla,Türkiye'de yer şekillerinin daha çeşitli olmasıyla,C
2e203d43-6979-5c30-9079-17ec651d3899,KIMYA,$_{19}K$ elementinin elektron dağılımında en son terimin baş kuantum sayısı ve açısal momentum kuantum sayısı sırasıyla aşağıdakilerden hangisinde doğru verilmiştir?,"$4,0$","$4,1$","$4,2$","$3,0$","$3,1$",A
a48d60bf-aff7-5a24-8169-7a3e9c5c9060,BIYOLOJI,"Sağlıklı bir insanın böbrek atardamarındaki azotu işaretli üre, idrarla atılıncaya kadar; I. nefron, II. üretra, III. mesane, IV. havuzcuk, V. üreter yapılarından, aşağıdakilerin hangisinde verilen sıraya göre geçer?",I - IV - V - III - II,I - IV - V - II - III,I - V - IV - III - II,I - II - III - IV - V,IV - III - II - V,A
f94ca7e5-6f1c-59a9-9790-4c3ce671e236,MATEMATIK,"• $P(x)$'in sabit terimi $11$
• $Q(x+5x)$'in katsayılar toplamı $-11$
$\frac{P(x-4)}{Q(3x-1)}=x^2+nx+3$
olimits olduğuna göre, $a$ kaçtır?",-3,2,5,4,1,C
3376da84-6063-5ec7-9210-76a325e46b19,MATEMATIK,$x^2+2x+1=0$ denkleminin köklerinden biri $m$ olmak üzere $\frac{m^3+1}{m^3}$ ifadesinin değeri kaçtır?,-8,-2,0,2,8,C
a2508c29-048f-57f6-a651-edf1c1bd869e,MATEMATIK,"log$^2$x - logx$^2$ - 1 = 0 denkleminin kökleri $x_1$ ve $x_2$'dir. Buna göre, $x_1 \cdot x_2$ çarpımı kaçtır?",-1,1,2,4,8,B
97e8a19d-1fe5-53a2-af76-3e9bb1222d5b,MATEMATIK,Aşağıdaki açılardan hangisinin esas ölçüsü diğerlerinden daha büyüktür?,$-10^\circ$,$-20^\circ$,$-30^\circ$,$-40^\circ$,$-50^\circ$,A
01dcad5a-d267-59b6-8ee8-1b0bbc5115f3,TURKCE,"Dünya Sağlık Örgütünün verilerine göre 1,8 milyar insan kirli su içiyor. 2040'lı yıllarda da dünyanın büyük bir kısmı su kıtlığı çekmeye başlayacak. Birleşmiş Milletlerden yapılan açıklama da peki iç açıcı değil. Bu yüzden sağlıklı ve temiz içme suyunun, hesaplı yollardan elde edilmesini sağlayan çözümlerin bir an önce bulunması çok önemli.
I. Temiz içme suyuna özellikle Afrikalıların ulaşımını kolaylaştırması için gerekli adımlar atılıyor
II. Bir milyarı aşkın insanın, temiz içme suyuna ulaşması günümüzde âdeta bir lüks
III. Dünya dışındaki yaşam sahalarında sıvı hâldeki suyun varlığı araştırılıyor
Bu parçanın başına düşüncenin akışına göre numaralanmış cümlelerden hangisi ya da hangileri getirilebilir?",Yalnız I,Yalnız II,Yalnız III,I ve II,II ve III,B
3c9979d3-9189-5133-952a-6c42821b95ca,COGRAFYA,Savan bitki örtüsü içinde yer altı sularının yüzeye çıktığı yerlerde ve akarsu boylarında ağaç toplulukları yer alır. Bu ağaç topluluklarına da galeri veya park ormanı denir. Yukarıda verilen açıklama aşağıda verilen iklim tiplerinden hangisiyle ilgilidir?,Ekvatoral,Subtropikal,Muson,Akdeniz,Karasal,B
47e76986-00ac-597b-a9b9-829cbcb3fdda,MATEMATIK,"$a = \sin(165^\circ) \cos(280^\circ)$ $b = \tan(260^\circ) \cot(280^\circ)$ $c = \cot(1280^\circ) \cos(1300^\circ)$ olduğuna göre, a, b ve c'nin işaretleri sırasıyla aşağıdakilerden hangisidir?","$-$, $-$, $-$","$+$, $+$, $-$","$-$, $+$, $+$","$-$, $+$, $-$","$+$, $-$, $-$",D
f607fc6e-e2ed-5000-9e44-a2f9a2fb8d9a,TURKCE,"İnsanları anlamak için kullanılan birçok yol ve yöntem olmasına karşın en fazla kullanılan araç, sanırım kolay olduğu için, konuşma yöntemidir. Bir insanlar, diğer insanları tanımak ve anlamak için genellikle sözlerine odaklanırız. Söz yerindeyse onları sözlerinden yakalamak isteriz. Oysa bu yöntem, çoğu kez insanları yanlış sonuçlara götürür. Bu yanlışlığın temelinde birçok gerekçe yatar: İnsanların birçoğunun söz varlığı açısından yetersizliği veya sözlerin daha çok, ilk ve yaygın anlamlarının biliniyor olması yanı sıra dinleme esnasındaki ön yargılı tutumlar ile savunmacı dinleme tarzıdır. İletişim süreçlerinde sözel yöntemlerin geçerliliği ve güvenilirliği, sanıldığından çok daha düşüktür.
Bu parçanın sonuna düşüncenin akışına göre aşağıdakilerden hangisi getirilmelidir?",Yalnızca sözlerle kurulmaya çalışılan iletişimler de göz ardı edilmeyecek değerdedir,"İletişimin asıl belirleyicileri; duygu, düşünce ve bedensel hareketlerdir","Sözlerin birincil, ikincil, yan veya mecaz anlamlarını bilmek doğru ve tam bir iletişim için yeterlidir","İfadede sözcüklerin bilinen anlamları üzerinden anlama eylemi, yeter derecede gerçekleştirilebilir","Sözü söylerken telaffuz ve ses tonu gibi unsurlar, her zaman söyleneyeni artı kazandırır",B
b02eb3cc-c167-51af-bac4-00e3d39dad23,MATEMATIK,"Bir yemek firmasında satılan A ve B ürünlerinin uygun saklama sıcaklıkları santigrat derece ($^	ext{o}C$) türünden sırasıyla $S_A$ ve $S_B$ olmak üzere bu değerler, $|S_A+1| \le 5$ ve $|S_B-13| < 7$ eşitsizliklerini sağlamaktadır. Uygun saklama sıcaklığı sağlanmadığında ürünler bozulmaktadır. Buna göre, aşağıda santigrat derece ($^	ext{o}C$) türünden verilen sıcaklıklardan hangisinde bu iki ürün de bozulur?",-1,0,3,5,7,E
4095ac09-df1e-5140-8067-e9c6ee1a80d0,MATEMATIK,"Alper Öğretmen öğrencilerinden aşağıda tanımladığı reel katsayılı polinomların kurallarını bulmalarını istiyor.
I. Başkatsayısı 2 ve köklerinden ikisi 2 ve 3 olan 4. dereceden polinom.
II. Başkatsayısı 1 ve köklerinden ikisi 1 ve $2i$ olan 4. dereceden polinom.
III. Başkatsayısı 1 ve köklerinden ikisi 3 ve $-1$ olan 4. dereceden çift fonksiyon olan polinom.
IV. Başkatsayısı 1 ve köklerinden biri $2-i$ olan 2. dereceden polinom.
Öğrenciler polinomların kurallarını yazdığında aşağıdakilerden hangisi bu polinomlardan biri olamaz?",$P(x) = (x^2+4)(x^2+1)$,$Q(x) = 2(x-2)(x^2+1)$,$R(x) = (x-3)^2(x-1)^2$,$K(x) = x^2 - 4x + 5$,$S(x) = (x^2-9)(x^2-1)$,B
df910ae8-fb9f-58a3-acfd-8d1ff09e542c,MATEMATIK,"$a$, $1$'den farklı pozitif bir gerçel sayı olmak üzere, $\lim_{x \to 1} [\log_a(x^2 - 2x + 8)] = 2$ olduğuna göre, $a$ kaçtır?",4,5,6,7,8,D
1e7dd283-ae8a-57cd-908f-ffe825274bed,TURKCE,"Muhabir:
(I) -----
Pedagog:
—Televizyon, çocuklarda geç konuşma, iletişim kurmada güçlük ve konsantrasyon sağlamada gibi birçok sorunu tetiklemektedir. Özellikle bebeklik çağında televizyon karşısında geçirilen uzun süreler bebeklerin zihinsel, duygusal, sosyal ve dil gelişimlerine oldukça zarar vermektedir.
Muhabir:
(II) -----
Pedagog:
—Mesuliyetin yaşanması gereken çocukluk yılları televizyon aracılığıyla, yetişkin duygularıyla örtülmekle ve çocuklarımız içinde bulundukları yaşı doya doya yaşayamamaktadır. Çocukça yaşanmayan yıllar, ileriki yaşlarda psikolojik rahatsızlıklara kapı aralayabilmektedir.
Bu diyalogda boş bırakılan yerlere aşağıdakilerden hangisi sırasıyla getirilmelidir?
(I) Televizyonun en rahat ulaşılan kitle iletişim aracı olması nasıl sağlanmıştır?
(II) Ergenlik döneminde ortaya çıkan sorunların temelinde çocukluk dönemi mi yatmaktadır?","(I) Televizyonun en rahat ulaşılan kitle iletişim aracı olması nasıl sağlanmıştır?
(II) Ergenlik döneminde ortaya çıkan sorunların temelinde çocukluk dönemi mi yatmaktadır?","(I) Ebeveynler, çocuklarının televizyon izlemesine ne denli vermeli midir?
(II) Televizyon yetişkinlerin duygu dünyasını nasıl etkilemektedir?","(I) Günümüzde televizyonda birçok eğitici program var, sizce çocuklar bunlardan nasıl etkileniyor?
(II) Çocukluk dönemini yaşamayan biri ileride nasıl rahatsız edici durumlarla karşı karşıya kalabilir?","(I) Televizyonun çocuklar üzerindeki olumsuz etkilerinden bahseder misiniz?
(II) Bu olumsuz durumlar sadece çocukluk döneminde mi kendini gösterir, yoksa başka dönemleri de etkiler mi?","(I) Televizyonun çocuk büyütmede nasıl bir rol oynadığını anlatır mısınız?
(II) Psikolojik rahatsızlıkların hepsinin temelinde çocukluk dönemi mi yatmaktadır?",D
7ac4f1be-234d-5fd8-a7ba-2044534a547a,MATEMATIK,"$f(x)=2^x$ olduğuna göre, $f(x+1) \cdot f(x-1) \cdot f(x)$ hangisidir?",$2f(x)$,$f^2(x)$,$f^3(x)$,$4f(x)$,\frac{f(x)}{2},C
2460dd2a-14ef-5c62-ada9-c6b4978938b3,GEOMETRI,"Dik koordinat sisteminde A noktasının B noktasına göre simetriği C(6, -9) noktası, B noktasının A noktasına göre simetriği D(-4, 5) noktasıdır. Buna göre, $|AB|$ uzunluğu kaç birimdir?",4,5,6,7,8,B
eddf06b7-d71a-5885-a6d2-bd7b0bdca95e,MATEMATIK,"$a, b, c, d, e, f$ terimleri aritmetik bir dizinin ardışık yedi terimi olduğuna göre, $a+b+c+d+e+f$ toplamı kaçtır?",9,12,15,18,21,E
72726ad3-70ca-5ace-bbf1-227605894075,MATEMATIK,"Bir apartmanın ardışık numaralı her iki katı arasında eşit sayıda merdiven basamağı bulunmaktadır. Bu apartmanın farklı katlarında oturan Arif, Berk ve Can'ın oturdukları katlarla ilgili aşağıdakiler bilinmektedir:
• Arif'in oturduğu kat ile Berk'in oturduğu kat arasındaki toplam basamak sayısı tektir.
• Berk'in oturduğu kat ile Can'ın oturduğu kat arasındaki toplam basamak sayısı çifttir.
Buna göre Arif, Berk ve Can'ın oturdukları katların numaraları aşağıdakilerden hangisi olabilir?","Arif: 3, Berk: 4, Can: 5","Arif: 4, Berk: 5, Can: 3","Arif: 5, Berk: 7, Can: 7","Arif: 6, Berk: 3, Can: 4","Arif: 8, Berk: 5, Can: 4",E
f573bb57-2bb4-516b-aba9-8c7c1093b37e,EDEBIYAT,"Ey neşve ne geldin bana meyhane miyim ben
Ey aşk ne sevdin beni divane miyim ben

Misbâh-ı bekâ pertev-i işret ki aşkım
Yanmakla tükenmem per pervaneyim ben

Bu beyitlerle ilgili aşağıdakilerden hangisi söylenemez?",Biçim ve içerik olarak eskidir.,Sembolizm akımı etkisi görülür.,Gazel biçiminde yazılmıştır.,Bireysel tutum söz konusudur.,Tanzimat II. Dönemi şiirini örneklemektedir.,B
f473d474-58c3-5440-8074-340e791e5485,TARIH,"Osmanlı İmparatorluğu'nda devşirme sistemiyle; I. kapıkulu ocaklarının asker ihtiyacını karşılaması, II. İslam dünyasında birliğin sağlanması, III. yönetim anlayışında değişikliklerin yapılması faydalarından hangileri sağlanmıştır?",Yalnız I,Yalnız II,Yalnız III,I ve II,II ve III,A
35c05c7f-512b-533d-86d0-aa95649840db,MATEMATIK,"a sıfırdan farklı bir gerçek sayı olmak üzere, $x^2-2x-a=0$ denkleminin bir kökü ile $2x+a=0$ denkleminin kökü birbirine eşittir. Buna göre, a gerçek sayısının değeri kaçtır?",-12,-10,-8,-6,-4,C
b3b0e134-f6bb-59e5-a8c6-5aa723002fbc,MATEMATIK,"Aşağıdaki köklü ifadelerin sonuçlarını bulunuz.
a) $\sqrt{3}\cdot 2\sqrt{2}$
b) $\sqrt{7}\cdot 2\sqrt{12}$","a) $2\sqrt{6}$, b) $4\sqrt{21}$","a) $2\sqrt{6}$, b) $2\sqrt{84}$","a) $2\sqrt{5}$, b) $4\sqrt{21}$","a) $2\sqrt{5}$, b) $2\sqrt{84}$","a) $6$, b) $4\sqrt{21}$",A
840ca800-869f-50d6-8c07-ddc1e0b66896,MATEMATIK,"Karmaşık sayılar kümesinde z karmaşık sayısının eşleniği $\bar{z}$ olmak üzere, $i\cdot \bar{z}+2=z-2i$ eşitliği veriliyor. Buna göre, $\text{Re}(z)-\text{Im}(z)$ farkının değeri kaçtır?",-2,-1,0,1,2,E
e3db80a6-54fc-5517-b316-953ec10bae9d,MATEMATIK,Gerçel sayılar kümesinde tanımlı $f$ fonksiyonu için I. $\lim_{x \to 3^-} f(x-1) = 5$ ise $\lim_{x \to 2^+} f(x) = 5$ II. $\lim_{x \to 4^+} f(x) = 5$ ise $\lim_{x \to 4^-} f(x) = 5$ III. $f(4) = 5$ ise $\lim_{x \to 2} f(2x) = 5$ ifadelerinden hangileri kesinlikle doğrudur?,Yalnız I,I ve II,II ve III,I ve III,"I, II ve III",A
e242f200-10dc-57b3-a7b1-1e99a6e2c4d3,MATEMATIK,"Pozitif gerçek sayılar kümesinde, $x = 2-3x$ olarak veriliyor. Buna göre, $x+2 + 1-x$ eşitliğini sağlayan $x$ gerçek sayısı kaçtır?",3,4,5,6,7,C
c50309b8-64b1-5205-b07b-0801ab107701,GEOMETRI,"Dik koordinat düzleminde, $A(3,4)$ noktasına dik kesişen iki doğrunun eğimleri toplamı $\frac{9}{2}$ olarak hesaplanıyor. Bu iki doğrunun x-eksenini kestiği noktalar B ve C noktaları olduğuna göre, ABC üçgeninin alanı kaç birimkaredir?",24,20,16,12,8,C
9ca33d5e-edea-5288-b70a-7108de9d66dc,MATEMATIK,"$f: \mathbb{R} \to \mathbb{R}$ olmak üzere, $f(x)=|x^2-8x+7|$ fonksiyonuyla ilgili, I. İki noktada türevsizdir. II. Üç tane yerel ekstremum noktası vardır. III. Yerel ekstremum noktalarının apsisleri toplamı $15$'tir. ifadelerinden hangileri daima doğrudur?",Yalnız II,I ve II,I ve III,II ve III,"I, II ve III",B
a33a1d22-ded2-5f9f-a180-d94fa51198a0,MATEMATIK,%35 indirim ile 260 TL'ye satılan bir ürünün indirimsiz fiyatı kaç liradır?,300,350,400,450,500,C
0cb88e1b-72c8-5139-a566-4c7df08e2e75,FIZIK,"Gözde, elektrik üretiminde kullanılan enerji kaynaklarını aşağıdaki gibi sınıflamıştır.
1. Grup: Güneş, nükleer enerji, fosil enerji kaynakları, biyokütle
2. Grup: Hidroelektrik, dalga, rüzgâr
Buna göre, Gözde yaptığı sınıflamada aşağıdaki özelliklerden hangisini referans almıştır?",Yenilenebilir olup olmama,Kolay erişilebilir olup olmama,Mekanik enerji türü olup olmama,Çevre dostu olup olmama,Maliyetli olup olmama,A
6df7aa40-695f-55f9-a595-b7767bafbf2e,MATEMATIK,"Tanımlı olduğu aralıkta, $f(x) = \begin{cases} \frac{3-\tan x}{|\tan x|} & , x \ne \pi \\ 2028 & , x = \pi \end{cases}$ olduğuna göre, $\lim_{x \to \pi} f(x)$ değeri kaçtır?",2024,2028,3,-3,Yoktur,D
d1535e1c-fbf6-5154-8c7f-9488dd45af56,FIZIK,"Rölativistik hızla hareket eden uzay aracından Dünya'daki bir cismin uzunluğu ölçüldüğünde elde edilecek değer;
I. uzay aracının hızı,
II. uzay aracının hareket doğrultusu,
III. uzay aracının Dünya'ya uzaklığı
verilenlerden hangilerine bağlıdır?",Yalnız I,Yalnız II,I ve II,I ve III,II ve III,C
1ef72b25-8b3a-5d2a-ba66-89c6f7f26c12,MATEMATIK,"$m, n, p$ birer gerçek sayı ve $m$ ile $n$ sıfırdan farklı olmak üzere, $ |m-n|=|m|+|n| $ olduğuna göre, $ mx^2+px+n=0 $ denklemi ile ilgili olarak aşağıdakilerden hangisi kesinlikle doğrudur?",Denklemin iki reel kökü vardır.,$m-n=0$,$p^2-4mn$,Denklemin iki pozitif kökü vardır.,Denklemin kökler toplamı negatiftir.,A
ebc78d30-8991-5499-a35b-2b361bd412ed,MATEMATIK,"Evren'in boyu $180$ cm'dir. Evren ile Gündüz'ün boyları farkı $4$ cm'dir. Gündüz ile Harun'un boyları farkı $6$ cm'dir.
Buna göre, Harun'un boyu aşağıdakilerden hangisi olamaz?",170,178,182,184,190,A
44c16d2b-a4e4-57aa-a328-d7bcb5f8c599,MATEMATIK,"a ve b gerçel sayılar olmak üzere, dik koordinat düzleminde $y = ax - b$ doğrusu $f(x) = x^3 + ax^2 + x + b$ fonksiyonunun grafiğine $(1, f(1))$ noktasında teğettir. Buna göre, $a + b$ toplamı kaçtır?",-5,-4,-3,-2,-1,C
a094f260-87d1-59fa-a5d9-3b5a18e102fd,MATEMATIK,"$P(x)$ ve $Q(x)$ birer polinom olmak üzere, $P(x-2)$ polinomunun katsayılar toplamı sıfırdan farklıdır ve $Q(x+3)$ polinomunun sabit terimine eşittir. $\frac{x^3+ax-2}{P(x-4)} = \frac{Q(3x-6)}{P(x-4)}$ olduğuna göre $a$ kaçtır?",-8,-6,-1,4,6,A
37f8b92f-efd5-5f8e-9f16-9991f068e4f6,MATEMATIK,"Bir annenin şimdiki yaşı, iki çocuğunun yaşları toplamının 3 katıdır. 4 yıl önce annenin yaşı, iki çocuğunun yaşları toplamının 5 katından 4 eksiktir.
Buna göre, annenin 6 yıl sonraki yaşı kaçtır?",42,45,48,51,54,E
c25ce8e2-1b53-54ff-bd9e-43670534e4e1,MATEMATIK,"$A = \{1, 2, 3, 4, 5, 6, 7, 8\}$ kümesi veriliyor.
$f: A \to A$ olmak üzere,
$f(x) \le x^2 - 2x + 4$
eşitsizliğini sağlayan kaç tane $f$ fonksiyonu yazılabilir?",$2^3 \cdot 3^2 \cdot 5^2$,$2^1 \cdot 3^1 \cdot 7$,$2^{12} \cdot 5 \cdot 7$,$2^4 \cdot 3^2 \cdot 5^2$,$2^{15} \cdot 5 \cdot 7^2$,D
b943881c-a785-5771-aa82-a88723d88dd3,KIMYA,"Günlük hayatta kullanılan kimyasal maddelerin zararlı etkilerine karşı farkındalık oluşturmak amacıyla afişler hazırlanmak isteniyor. Buna göre, aşağıdakilerden hangisi bu amaçla hazırlanmış bir afişin üzerinde yazılı olamaz?",Çamaşır suyu ile tuz ruhu karıştırılarak kullanılmamalıdır.,"Kimyasal maddeler, koklanmamalı ve tadına bakılmamalıdır.",Asit ve su karıştırılırken asit üzerine su eklenmelidir.,Katı ve sıvı atıklar çevreye dökülmemelidir.,"Kimyasallar, ambalajlarındaki güvenlik uyarı işaretlerine dikkat edilerek kullanılmalıdır.",C
80fe9461-a523-5f9b-89d4-918110a2c941,MATEMATIK,"ABC ikizkenar üçgeninde $|AB|=|AC|=10$ birim, $|BC|=16$ birim bilgileri veriliyor. Buna göre, sin($\widehat{BAC}$) değeri kaçtır?",$\frac{5}{19}$,$\frac{4}{5}$,$\frac{7}{25}$,$\frac{3}{5}$,$\frac{24}{25}$,E
75a33b02-f652-5d50-81ff-e4548115412c,MATEMATIK,"$x$ ve $y$ pozitif gerçel sayılar olmak üzere, $\text{log}(x-y)=3$ $\text{log}(\frac{x}{y})=1$ eşitlikleri veriliyor. Buna göre, $x$ kaçtır?",$2$,$4$,$10$,$10^2$,$10^4$,D
5c9d2ec3-3c94-5569-8d1d-4db3b99c363a,KIMYA,"I. $\text{CaCO}_3 + \text{ısı} \to \text{X} + \text{CO}_2$
II. $\text{X} + \text{H}_2\text{O} \to \text{Y} + \text{ısı}$
Yukarıdaki tepkimeler ile ilgili aşağıdakilerden hangisi yanlıştır?",X bazik oksittir.,I. tepkime kirecin söndürülmesi olayıdır.,Y inşaat malzemelerinde bağlayıcı olarak kullanılan nem çekici bir maddedir.,"I. tepkime endotermik, II. tepkime ekzotermiktir.","I. olay kimyasal, II. olay fiziksel değişimdir.",E
ec57e1be-6e68-525c-8e70-51101f39f836,MATEMATIK,$-5 < x < 2$ eşitsizliğini sağlayan tam sayıların toplamı kaçtır?,-9,-12,-6,-3,-8,A
5274e9f0-fc35-51d2-9ee4-71e1aa433608,EDEBIYAT,"I. Yeni (Garip) Türk şiirinde önemli değişimlere yol açmış bir şiir hamlesidir.
Bu şiir anlayışının görüşleri arasında aşağıdakilerden hangisi yoktur?","Şiiri güçlü kılan, anlatımındaki meziyetlerdir ki bu da anlama aittir.",Yeni şiirin sokaktaki insanların şiir gereksinimini karşılaması gerekir.,"Bilinçaltı, düşler ve çocukluk heyecanları şiire kaynak oluşturabilir.","Her yeni şiir hareketi, var olana yönelik bir tepkidir.","Yeni, eskiyi büsbütün yadsımadan gerçekleştirilmelidir.",E
6b5f7541-8315-5b86-bc07-36b8d49943f3,MATEMATIK,$\tan\left(\frac{\pi}{2} - \operatorname{Arcsin}\frac{5}{13}\right)$ ifadesinin eşiti aşağıdakilerden hangisidir?,$-\frac{13}{5}$,$-\frac{12}{5}$,$-\frac{12}{13}$,$\frac{12}{5}$,$\frac{13}{5}$,D
64581241-e3da-5b81-9068-e604231d84f2,MATEMATIK,"Irmak, marketten kakao oranı %80 olan 60 gram ve kakao oranı %60 olan 60 gram olan bitter çikolatalardan birer tane almıştır. Kakao oranı %60 olan çikolataların bir kısmını yemek için ayırmış ve geri kalan çikolataların tamamını eritip karıştırarak kakao oranı %72 olan bir çikolata yapmıştır. Buna göre, Irmak'ın yemek için ayırdığı çikolata kaç gramdır?",28,32,35,40,45,C
273838e0-d1f1-58c2-b6ee-81ec1487a86e,MATEMATIK,İşleminin sonucu kaçtır? $\frac{5 - \frac{2}{4}}{7 - \frac{3}{2}}$,$\frac{1}{2}$,$\frac{1}{3}$,$\frac{1}{4}$,11,$\frac{4}{33}$,B
cea58fba-cf06-5d88-ab8b-6d57b5b75a62,KIMYA,"Baş kuantum sayısı $n=3$ olan nötr bir atomda $m_l=-1$ ve $m_s=-1/2$ değerine sahip en fazla kaç elektron bulunur?
(Manyetik kuantum sayısı($m_l$), Spin kuantum sayısı($m_s$))",10,8,6,4,2,E
cba70feb-f2e9-5354-8f15-4f001b03f6ff,MATEMATIK,"$A = \{1, 2, 3, ..., 8\}$ olmak üzere, $a_n: A \to \mathbb{R}$, $(a_n) = \{n!\}$ sonlu dizisinin terimleri toplamı kaçtır?",7!,8!,9! - 1,9! + 1,10! - 1,C
03bc28d8-60da-5382-8b30-bbfa88125628,MATEMATIK,"$P(x)$ polinom fonksiyon olmak üzere, $ \int der(P(2x^2-1)) \cdot P'(x) dx $ ifadesinin değeri, I. 18 II. 36 III. 111 ifadelerinden hangileri olabilir?",Yalnız I,Yalnız II,I ve II,II ve III,"I, II ve III",D
3e9cdb34-106a-55da-9725-0c152102f645,MATEMATIK,"$a$ ve $b$ birer pozitif tam sayıdır. $f(x) = x^3 + ax - b$ fonksiyonu için, I. 3 tane gerçek kökü vardır. II. 1 tane negatif kökü vardır. III. Fonksiyonun tersi vardır. ifadelerinden hangileri doğrudur?",Yalnız I,I ve II,Yalnız II,Yalnız III,II ve III,E
c9b8f5dd-4fd1-5b05-a978-4ffd7383ac7b,MATEMATIK,"I. $3 \cdot 5^x + 4 \cdot 5^x - 6 \cdot 5^x = 5^x$ 
II. $5 \cdot 4^{2x} - 2^{2x} + 3 \cdot 2^{2x} = 7 \cdot 2^{2x}$ 
III. $2^{7x} + 5 \cdot 8^x - 7 \cdot 8^x = -3^{12}$ 
ifadelerinden hangileri doğrudur?",Yalnız I,I ve II,Yalnız II,I ve III,"I, II ve III",B
0e7fd2a0-3a85-51f4-8ada-47b01bc2171b,KIMYA,"320 gram NaOH çözeltisi ile 0,2 mol $H_2SO_4$ içeren sulu çözelti karıştırılınca ortam pH değeri 7 olmaktadır. Buna göre NaOH çözeltisinin kütlece yüzde derişimi aşağıdakilerden hangisinde doğru verilmiştir? (H=1 g/mol, O=16 g/mol, Na=23 g/mol)",3,5,7,9,10,B
60a76e54-fa04-59ee-9ad8-38434c4337a6,TURKCE,Aşağıdaki altı çizili sözcüklerin hangileri aynı görevde kullanılmıştır?,Dikkatli bakılırsa her kitabın içinde ana fikrin gizlendiği bir cümle görülür.,Tüketimin kontrolsüz bir şekilde ilerlemesini hep birlikte engellemeliyiz.,Bunun zorluklarına göğüs germezsen ileride daha zor şartlarda mücadele edersin.,"Ömür boyunca çalışmak âdeta bir zorunluluk değil, ruhsal sağlık için ihtiyaçtır.",Modern insanın en büyük problemlerinden birisi de ruh eşini bulamayışıdır.,A
f3f5f903-e495-5a35-8467-53fd7a7164fb,KIMYA,"Bir X bileşiği ile ilgili aşağıdaki bilgiler veriliyor. - 1 molü yandığında 5 mol $CO_2$ oluşuyor. - Bromlu suyun rengini gideriyor. - Fehling ayracı ile kırmızı renkli çökelek oluşturuyor. Buna göre, X bileşiği aşağıdakilerden hangisidir?",$CH_3-CH=CH-CH_2-CH_3$,$CH_3-CH_2-CH=CH_2$,$CH_3-C\equiv C-CH_2-CH_3$,$CH_3-CH_2-C\equiv C-CH_3$,$CH_3-CH_2-CH_2-CH_3$,C
ad440f7d-9860-5a3f-8823-b160290197ef,FIZIK,"Compton olayında gelen fotonun enerjisi $4E$, momentumu $4P$ dir. Saçılan fotonun enerjisi $3E$ ise, momentumu ne olur?",$2P$,$P$,$3P$,$4P$,$5P$,C
10560e03-a116-5030-b086-a8e0e48b4e6c,GEOMETRI,"Dik koordinat düzleminde $(7, 9)$ noktasından geçen ve $x$ eksenine $B(4, 0)$ noktasında teğet olan çemberin yarıçapı kaçtır?",6,8,10,12,14,C
46b68b5c-2897-5681-a6be-c789fb0ae0da,MATEMATIK,"Bir takvimdeki aylardan birinde $5$ perşembe, $5$ cuma ve $5$ cumartesi günü bulunmaktadır.
Buna göre, bu ayın $3$. günü aşağıdakilerden hangisidir?",Perşembe,Cuma,Cumartesi,Pazar,Pazartesi,A
88e60ade-3801-576e-a85c-4b199a89e4ac,MATEMATIK,İşleminin sonucu kaçtır? $\frac{1}{\sqrt{3} - 1} - \frac{1}{\sqrt{3} + 1}$,$2\sqrt{3}$,$\sqrt{3}$,$\frac{1}{2}$,1,$\frac{1}{3}$,B
0fbad6de-1870-5c10-876a-ecef8cde7856,MATEMATIK,"$\frac{d}{dx} \int f(x) dx = 2x-1$ olduğuna göre, $f(2)$ kaçtır?",6,7,5,11,3,E
c93725f9-c942-5127-91db-ccc06890c884,MATEMATIK,"$a$ gerçel sayı olmak üzere, $\lim_{x \to 2^-} \frac{x^2-4}{x-2} = a$ olduğuna göre, $\lim_{x \to a} \frac{a-|x-a|}{x-a}$ ifadesinin değeri kaçtır?",2,-2,-4,4,-1,E
c298a5e5-f601-5199-90e7-7979fd634146,MATEMATIK,"$x+y=z-1$
$x+y=t$
$x+y+t=z$
olduğuna göre, $y+z+t$ toplamı aşağıdakilerden hangisidir?",$3x$,$2x$,$-x$,$-2x$,$-3x$,E
df676729-1af5-5897-98f0-7504662ce680,MATEMATIK,$\frac{|x|-2}{4-|x-1|} \ge 0$ eşitsizliğini kaç tam sayı değeri sağlar?,4,6,5,3,7,E
b7c773d2-f3ed-5260-a5b2-8d0510cc9bc3,MATEMATIK,"Henüz doğruluğu ya da yanlışlığı kanıtlanmamış problemlere sanı (tahmin) denir. ""Christian Goldbach"" sanısında $2$'den büyük her çift doğal sayı iki asal sayının toplamı şeklinde yazılabiliyor denir. Buna göre, $34$ sayısını Goldbach sanısına göre yazmak isteyen bir öğrenci, en fazla kaç farklı asal sayı kullanır?",9,8,7,6,5,E
5234bdab-d240-562d-84ba-87b4fa44b07e,MATEMATIK,$m+2$ sayısı $n$ ile doğru orantılıdır. $m=6$ iken $n=4$ ise $m=4$ iken $n$ kaçtır?,3,4,5,6,7,A
0a6d9c03-b76a-5c8f-b53f-3330b6847301,MATEMATIK,"$P(3x - 2) = x^2 + x + 1$ polinomu veriliyor.
Buna göre, $P(-1)$ kaçtır?",-2,-1,0,1,4,D
cabed06f-ce51-5daa-bf6e-bd9be1099a29,MATEMATIK,"Aşağıda verilen şekildeki metrenin özdeş bölümlerinden her biri 1 santimetrelik uzunluğa sahiptir. Metre üzerindeki asal sayı ile numaralandırılan tüm bölümler sarıya boyanmıştır. Bu metreyi kullanarak bir tahta parçası ölçüldüğünde metrenin üzerindeki 6 sarı bölüm tam olarak görülebilmektedir. Buna göre, tahta parçasının uzunluğunun santimetre cinsinden alabileceği tam sayı değeri aşağıdakilerden hangisi olabilir?",11,12,15,17,19,C
0a0e4372-ab40-5efb-b0f3-9cc038e32f36,MATEMATIK,ACİLİLAÇ kelimesindeki harflerin tamamı kullanılarak 8 harfli anlamlı ya da anlamsız kaç farklı kelime yazılabilir?,$\frac{8!}{3! \cdot 3!}$,$\frac{8!}{3! \cdot 2!}$,$\frac{8!}{2!}$,$\frac{8!}{2! \cdot 2!}$,$\frac{8!}{2! \cdot 2! \cdot 2!}$,E
21cf70dd-b4da-5912-b599-bf99dfd7a2ed,TURKCE,"Numaralanmış cümlelerin hangisinde isim tamlaması yoktur?
I. Herkesin hatırlamak istediği ve hatırladığı bir kitabı vardı.
II. Gücün ancak asrın zayıflığında tam olarak açığa çıkar.
III. İyi yürekli olmak, insana verilen en güzel nimettir.
IV. Kavuşma umudu olmayan ayrılıklara kimse katlanamazdı.
V. Dans eden bir yıldız doğurabilmesi için insanın içinde kaos olmalıdır.",I,II,III,IV,V,D
b15576a7-9119-5312-b9c8-cca80d9bf3cc,FIZIK,"Aşağıda verilen elektronik devre elemanlarından hangisi, devrede akımın yalnızca tek yönde geçmesine izin verir?",Kondansatör,Bobin,Diyot,Transistör,Fotidirenç,C
e0735ee4-ccf3-53ee-9375-6bf3f5b87686,KIMYA,Aşağıda yaygın adları verilen bileşiklerden hangisinin bir molekülündeki atom sayısı en azdır?,Zaç yağı,Sirke asidi,Amonyak,Tuz ruhu,Kezzap,D
01633828-fb9d-56e9-bb33-bcbc2aac8308,MATEMATIK,$\frac{\sin^2(10\pi-x)-\cos^2(13\pi+x)}{\sin(8\pi+x)-\cos(11\pi)}$ ifadesinin eşit aşağıdakilerden hangisidir?,1,$\frac{1}{\sin x-\cos x}$,$\sin x-\cos x$,$\cos x-\sin x$,$\frac{1}{\cos x-\sin x}$,C
3eac9de4-7308-5910-88a2-04d9d57f083c,GEOMETRI,"Analitik düzlemde yarıçapı 6 birim olan merkezli çember ile $(x-5)^2 + (y+12)^2 = r^2$ çemberi birbirine dıştan teğet olduğuna göre, $r$ kaç birimdir?",4,5,6,7,8,D
c236d8bf-2f31-5c53-8382-e1169deb7598,MATEMATIK,"$\sin\theta - \sqrt{3}\cos\theta = \sqrt{3}$ denkleminin $[0, 2\pi]$ aralığındaki çözüm kümesi nedir?",$\{\frac{\pi}{3}\}$,"$\{\frac{\pi}{3}, \pi\}$","$\{\frac{2\pi}{3}, \pi\}$","$\{\frac{4\pi}{3}, \pi\}$","$\{\frac{2\pi}{3}, \frac{4\pi}{3}\}$",C
8e7c56ec-ba9d-5110-853e-12979a2b8cf2,MATEMATIK,"$x, y$ ve $z$ 1'den büyük gerçek sayılar olmak üzere, $\sqrt[5]{x^6} = \sqrt[3]{y^4} = \sqrt{z}$ eşitliği veriliyor. Buna göre, aşağıdaki sıralamalardan hangisi doğrudur?",$x > y > z$,$x > z > y$,$y > z > x$,$z > x > y$,$y > x > z$,D
f058fb71-c101-534f-b70d-9d8e1a9566e9,MATEMATIK,"Bir annenin yaşı, 8 sene ara ile doğan iki çocuğunun yaşları toplamından üç fazladır. En büyük çocuğu doğduğunda annenin 22 yaşında olduğu bilindiğine göre, annenin şimdiki yaşı kaçtır?",50,51,53,52,49,B
e574d33f-4246-5a58-bfc4-c1e4e6163d1e,MATEMATIK,"$f(x) = \begin{cases} ax^2 + x, & x < 1 \\ b, & x = 1 \\ cx - 2, & x > 1 \end{cases}$ fonksiyonu $x = 1$ noktasında türevlenebilir olduğuna göre, $a + b + c$ toplamı kaçtır?",2,4,6,8,10,C
344cef73-6f3f-547f-b30a-05aedafac55f,MATEMATIK,"$\sqrt{20} - \sqrt{5} + x = 11$ olduğuna göre, $x$ kaçtır?",1,2,3,4,5,D
b62503d5-8c49-538f-ba6a-13e8218fcde4,TURKCE,"Latin şair Vergilius tarafından yazılan Aeneis, bir yapay destandır. Troyalı kahraman Aeneis'in efsanesidir. Kitabı oluşturan on iki bölümde, Troyalı kahraman Aeneis'in Troya Savaşı'ndan babası, oğlu ve savaştan sağ kurtulanlar ile birlikte kaçtıktan sonra Roma yakınlarına varıp yerleştikleri zamana kadar başlarından geçen olaylar anlatılmaktadır. Aslında kitap onların Troya'dan yola çıkışlarından yedi yıl sonra Sicilya'da başlar. Aeneis, yedi yıl sonra Kartaca'ya varır ve başlarından geçenleri Kraliçe Dido'ya anlatır. Yani olaylar Vergilius tarafından geriye dönüşlerle anlatılır. Tahta atın içeri alınması, Laokoon'un öldürülmesi Aeneis'in babası Kral Ankises, oğlu Askanius ve Troya'nın kutsal heykeli Palladium'u alarak Aleksandros'u kaçması gibi flyoda sonrası efsanelerin çoğu bu destandan anlatılmıştır.
I. Olayların anlatılış tekniği
II. Hangi konuları kapsadığı
III. Tarihsel gerçeklere bağlı kalındığı
Bu parçada Aeneis Destanı'nın yukarıda belirtilen hangi özellikleri hakkında kesin bilgilere ulaşılabilir?",Yalnız I,I ve II,Yalnız II,II ve III,"I, II ve III",B
6b8f9c82-7cdc-5c72-862e-80e4068cfbcb,MATEMATIK,"$n>2$ olmak üzere,
$f(n) = \int \frac{x^n}{1+x^n} dx$
$f(8)+f(10)$ ifadesinin eşiti aşağıdakilerden hangisidir?",$\int x^2 \cdot dx$,$\int x^3 \cdot dx$,$\int x^9 \cdot dx$,$\int x^4 \cdot dx$,$\int x^8 \cdot dx$,E
a0aa1d67-6140-5540-a91e-05b8237da012,KIMYA,"$H_3PO_4$ 'ün saf suda çözünmesine ait basamaklar yukarıda verilmiştir. Buna göre, aşağıdaki ifadelerden hangisi yanlıştır?",$H_2PO_4^-$ ve $HPO_4^{2-}$ amfoter iyonlardır.,İyonlaşma sabitleri $K_{a1} > K_{a2} > K_{a3}$ şeklindedir.,"1 mol $H_3PO_4$, 3 mol NaOH ile tam nötrleşme tepkimesi verir.",$H_3PO_4$ 3 değerli asittir.,"25 °C'de 1 mol $H_3PO_4$, 3 mol KOH ile artansız tepkime verdiğinde son çözeltinin pH değeri 7 olur.",E
2dea69b0-2bb6-5768-b468-394d5d863ade,MATEMATIK,"$a < 0 < b < c$ olmak üzere, aşağıdakilerden hangisi kesinlikle pozitiftir?",$a \cdot b - c$,$b \cdot c - a$,$a^2 \cdot b^3 \cdot c^2$,$\frac{b+c}{a-1}$,$\frac{a^2+b}{c+3}$,E
374759be-4876-513c-beba-ef57ff6ee5a1,FIZIK,"Gergin ve sarmal bir yayda baş yukarı ilerleyen bir atma engelden yansıyıp geri döndüğünde yine baş yukarı olduğuna göre,
I. Atmanın sürati değişmemiştir.
II. Engel serbesttir.
III. Atmanın genişliği değişmemiştir.
yargılarından hangileri doğrudur?",Yalnız I,Yalnız II,I ve II,II ve III,"I, II ve III",C
e4d5a4a2-2a81-5121-86f6-cfa47b9d7961,MATEMATIK,"Pozitif gerçek sayılar kümesi üzerinde $y=f(x)$ fonksiyonu $f(x) = \sqrt{2x+1} - \sqrt{2-x}$ biçiminde tanımlanıyor. Buna göre, $\sum_{k=1}^{3} f'(k)$ ifadesinin değeri kaçtır?",-\frac{2}{3},-\frac{1}{3},0,\frac{1}{3},\frac{2}{3},C
04f983ce-cd56-591e-87ac-8ad4c796c93c,MATEMATIK,"$P(x)$ polinom fonksiyonunun türevi $P'(x)$ dir. $P(x) - P'(x) = 2x^2 - 6x - 5$ olduğuna göre, $P(x)$ polinomunun katsayılar toplamı kaçtır?",12,15,18,20,22,B
c63c9486-6919-5bb0-ab8f-d295495befaf,MATEMATIK,"Kadir Yiğit Özel Öğretim Kurumu, İşler Kitabevine $2^{13}$ TL ödeyerek, $2^8$ tane ""ACİL MATEMATİK TYT SORU BANKASI"" kitabı sipariş ediyor. Buna göre, bir soru bankasının fiyatı kaç TL'dir?",16,27,32,48,64,C
a56a8a38-4df9-5946-a669-ce8664fc9cca,TURKCE,"(I) İyi bir yazının amacı, okuyucuya düşünceleri ve duyguları gözlemlerden ve bilgi birikiminden yararlanarak doğru bir biçimde yansıtabilmektir. (II) Bu yansıtma, sadece bilgi vermekle sınırlı olmamalıdır. (III) Aynı zamanda okurların zevk almasını sağlamaya yönelik çok yönlü bir etkinlik ortaya çıkarılmalıdır. (IV) Bunun gerçekleşmesi için ana dili kullanma becerisi kazanmak, gözlem yapmak, okumak ve okuduğunu yorumlamak gibi birtakım özellikleri iyi bilmek ve değerlendirmek gerekir. (V) Bunların yapılması gerekli görülmezse aksi durumda iletişim mekanik bir hâl alacaktır. (VI) İyi bir edebî eser ortaya çıkarmak için yazar, dönüştürülen sözcüklerden yararlanmalıdır.
Bu parça iki paragrafa ayrılmak istenirse ikinci paragraf numaralanmış cümlelerin hangisiyle başlar?",II,III,IV,V,VI,C
1d1040b2-9d2d-5da6-aeaa-e91b52f5e381,MATEMATIK,"$(a_n) = (n^2 - 2n + 3)$ dizisinin $x$. terimi $18$'dir. Buna göre, $(a_n)$ dizisinin $(x+1)$. terimi kaçtır?",21,24,25,27,29,D
0f2c3c4d-c302-57ea-bf81-f534762f6028,MATEMATIK,"Kadri parasının $\frac{1}{9}$'unu Hülya'ya verdiğinde Hülya'nın parası $\frac{5}{7}$ oranında artıyor.
Hülya son durumda oluşan parasının $\frac{1}{4}$'ü ile 3 defter, kalan parasının $\frac{2}{3}$'ü ile 1 kalem alıyor.
Buna göre, Kadri son durumdaki parasının tamamıyla kaç tane defter ve kaç tane kalem alabilir?",6 defter-4 kalem,5 defter-4 kalem,5 defter-8 kalem,4 defter-6 kalem,8 defter-5 kalem,E
c2e142a6-d544-5836-8c03-7264064bfc14,TURKCE,"Geçmişte sofraların, gündelik hayatın büyük bir parçası olmasının yanında, eski toplumumuzda önemli bir yeri de vardır. Sofra, her devirde, okuryazarın orada bulunmaktan haz duydukları bir entelektüel mekândır da. Örneğin, bu sofralardan en bilineni Gazi Mustafa Kemal Atatürk'ün sofralarıdır. Türkiye Cumhuriyeti devrimleriyle ilgili kararların çoğu, Gazi Paşa'nın sofrasında alınmıştır.
Bu parçada altı çizili sözle anlatılmak istenen aşağıdakilerden hangisidir?",Bütün maddi imkânları ortaya döküp mekânı zenginleştirmek,Bilgili ve kültürlü insanlar tarafından ortamın kalitesini artırmak,Okulun öneminin kıyamete kadar geçerli olduğunu bilmek,Binaları canlandıranların insanoğlu olduğunu unutmamak,Bilginin ancak arayana ve ihtiyacı olana âşık olduğunu sezmek,B
50be89db-4d1c-59c7-8dab-53adcbc0fc62,MATEMATIK,"$f(x)=x^3-3x^2+5x-3$ fonksiyonunun yerel minimum değeri $a$ olduğuna göre, $a$ pozitif bir tam sayı ise $a$ kaçtır?",1,2,3,4,5,C
93dfbdd6-61c6-5ddd-b3e5-6e71e20c8810,MATEMATIK,"Bir öğrenci 15 sayısını, en az iki ardışık pozitif tam sayının toplamı şeklinde 3 farklı biçimde yazmıştır.
Buna göre, öğrenci bu yazma işleminin toplam kısmında kaç farklı pozitif tam sayı kullanmıştır?",12,11,10,9,8,C
7d145be2-f63b-5f0a-967b-44c269de1115,MATEMATIK,"$f$ birim fonksiyon olmak üzere, $f(x+4) = 2f(3x-a+1)$ eşitliğini sağlayan $x$ değeri, $f(x+a+1) = 3f(x-2)$ eşitliğini sağlayan $a$ değerine eşittir. Buna göre, $a$ kaçtır?",-23,-27,-31,-43,-56,C
b6974ddc-fa3d-56c3-a26d-1bbe9c6869ec,MATEMATIK,"$\tan\frac{\pi}{5} = x$ olmak üzere, $\tan\frac{\pi}{20}$ ifadesinin $x$ türünden eşiti aşağıdakilerden hangisidir?",$\frac{1}{x}$,$\frac{1-x}{1+x}$,$\frac{1}{1-x}$,$\frac{x}{x-1}$,$\frac{x}{2+x}$,B
3b20dce7-8617-5ca5-9592-7c086f671387,BIYOLOJI,Topraktaki azot tuzlarının oluşumu döngüsünde aşağıdaki canlılardan hangisinin gerçekleştirdiği olay atmosferdeki azotun miktarını artırıcı yönde etki yapar?,Denitrifikasyon yapan bakteriler,Nitrat tuzunu oluşturan bakteriler,Çürükçül beslenen canlılar,Baklagillerin kökünde yaşayan bakteriler,Nitrat tuzunu kullanan bitkiler,A
1133fa09-0d88-5a85-ba1b-821d9e41522f,FIZIK,"Ayşe ve Ahmet bir müzik oyunu oynamaktadırlar. Oyunda kulaklıkları aynı parçalar ve parçada hangi müzik aletleri kullanıldığını bilmeye çalışırlar. Ayşe ile Ahmet aynı ortamda, aynı kulaklıkları taktıklarına göre, bu oyunda sesin hangi özelliğini kullanarak enstrümanları tahmin etmeye çalışmaktadırlar?",Sürat,Şiddet,Dalga boyu,Frekans,Tını,E
3a975b39-12ab-55ec-8737-ad430edb55af,MATEMATIK,"Belirli bir yükseklikten bırakılan bir top, yere her vuruşundan sonra bir önceki düştüğü yüksekliğin $\frac{3}{5}$'i kadar yükselmektedir. Top yere üçüncü vuruşundan sonra $81 \text{ cm}$ yükseldiğine göre top başlangıçta kaç santimetre yükseklikten bırakılmıştır?",375,400,425,450,475,A
75292686-4973-5a8e-9a56-cea0fa752270,MATEMATIK,"$[a,b]$ kapalı aralığında tanımlı ve sürekli $f$ ve $g$ fonksiyonları her $x \in [a,b]$ için $f(x) \ge g(x)$ eşitsizliğini sağladığı biliniyor.
Her $c \in [a,b]$ için
I. $\lim_{x \to c} (f(x)-g(x)) \ge 0$
II. $\lim_{x \to c} \frac{f(x)}{g(x)} \ge 1$
III. $\lim_{x \to c} (f \circ g)(x) \ge (g \circ c)$
ifadelerinden hangileri kesinlikle doğrudur?",Yalnız I,Yalnız II,Yalnız III,I ve II,II ve III,A
94d62c42-f6ae-54ef-ab11-6647a310e979,MATEMATIK,$\frac{x^2+x+xy+y-x-1}{(x+1)}$ ifadesinin en sade hali aşağıdakilerden hangisidir?,$x+y+1$,$x$,$y$,$x+1$,$x+y$,A
78910ab1-be6a-544a-a887-5316c162c335,MATEMATIK,"$a$ ve $b$ gerçek sayılar olmak üzere,
$x^2-2x+a=0$
$x^2-x+b=0$
denklemleri verilmektedir.
Birinci denklemin kökler toplamının ikinci denklemin bir kökü, ikinci denklemin kökler çarpımının ise birinci denklemin bir kökü olduğu bilinmektedir.
Buna göre, $a+b$ toplamı kaçtır?",-4,-6,-8,-10,-12,D
0c9e94dd-8768-56a9-bc0b-eecc0eae3274,KIMYA,"Asetilen ve etilen gazları karışımının 0,4 molü 80 gram $Br_2$ ile katılma tepkimesi vermektedir.
Buna göre, karışımda bulunan asetilen kaç gramdır?
($H=1\ g/mol$, $C=12\ g/mol$, $Br=80\ g/mol$)","2,6","2,8","5,2","5,6","7,8",C
dc5f698c-fa8c-5590-ba60-4e4e1c11dcd5,KIMYA,"Yukarıda indirgenme potansiyelleri verilen pil için,
I. Elektronlar dış devrede Fe elektrottan Ag elektroda gider.
II. Ag elektrodun kütlesi artar.
III. Standart pil potansiyeli $+0,44$ volttur.
yargılarından hangileri doğrudur?

Verilen indirgenme potansiyelleri:
$Fe^{2+}_{(suda)} + 2e^- \to Fe_{(k)} \quad E^0 = -0,44 \text{ volt}$
$2H^+_{(suda)} + 2e^- \to H_{2(g)} \quad E^0 = 0,00 \text{ volt}$
$Ag^+_{(suda)} + e^- \to Ag_{(k)} \quad E^0 = +0,80 \text{ volt}$",Yalnız I,Yalnız III,I ve II,I ve III,"I, II ve III",D
f50a2e96-8659-55d9-a78b-0ba1f7bb43fd,MATEMATIK,"$\frac{1}{\sqrt{3x}} - \frac{6}{\sqrt{27x}} = 2$ olduğuna göre, $x$ kaçtır?",$\frac{1}{2}$,$\frac{2}{7}$,$\frac{3}{4}$,$\frac{1}{8}$,$\frac{1}{4}$,D
5ef7e3d5-b967-5688-944d-92b84e580247,MATEMATIK,"$(a_n)$ geometrik dizisinde $a_1 = 3$ ve $\frac{a_6}{a_4} = 2$ olduğuna göre, bu dizinin genel terimi aşağıdakilerden hangisidir?",$2^n \cdot 3^{-1}$,$3^n \cdot 1$,$2n-2$,$3n-3$,$3 \cdot 2^{n-1}$,E
f235ed58-8d61-55f7-945a-962094a69ddf,MATEMATIK,"$a-b=b-c=3$ olduğuna göre, $a^2+c^2-2b^2$ ifadesinin eşiti kaçtır?",9,12,16,18,24,D
c500f94b-a454-5b04-a285-c63795af5bab,MATEMATIK,"$f(x) = x^3 - 4x - k$ fonksiyonunun grafiğine $A(1, 10)$ noktasından çizilen teğet doğrusu $g(x) = x^2 + mx - 4$ fonksiyonunun grafiğine $B(3, g(3))$ noktasında teğettir. Buna göre, $m - k$ farkı kaçtır?",4,1,-4,-10,-18,B
1a8288c3-bb4b-50fa-879a-e92895800e60,MATEMATIK,"Gerçel sayılar kümesi üzerinde tanımlı $f$ ve $g$ fonksiyonları verilmiştir.
$f(x) = \begin{cases} 2x+1, & x<0 \\ x+3, & x \ge 0 \end{cases}$
$g(x) = \begin{cases} x+1, & x<2 \\ x-2, & x \ge 2 \end{cases}$
biçiminde tanımlanıyor.
Buna göre, $\lim_{x \to 0^-} (gof)(x) + \lim_{x \to 0^+} (fog)(x)$ limitinin değeri kaçtır?",3,4,5,6,7,D
86dd4f30-8c76-5eab-86da-161dbf7319b3,TURKCE,"Fotoğrafı tercih ediyorum ve hiç kimseye ihtiyaç duymadan fotoğraflarımı çekebiliyorum. Sinema öyle değil. Yönetmen olmadan iş bitmiyor. Oyuncuyu, kameramanı, ışıkçıyı, insanı, set ekibini de bulmak gerekiyor. Fotoğrafta tek kız varsınız, her şeyi kendiniz hallediyorsunuz. Sinemada toplayacaksınız, toplayacaksınız; çekiyorsunuz. Ama fotoğraf çekmektir; istemediğim şeyleri fotoğraftan çıkarabiliyorum. Resimde ve diğerlerinde öyle değil. Sadece bir masa çizmek yetmiyor, onu tamamlayan birkaç ögeye daha ihtiyacınız var. Fotoğrafta kurgu yapma şansı da var. Kurguyla zamanın her anını oluşturabiliyorum.
Bu parçada yazar, fotoğrafçılığı tercih etmesinde etkili olan aşağıdaki durumlardan hangisini vurgulamaktadır?",Konforun her koşulda sağlanması,Çalışma koşullarındaki özgürlük,Maddi açıdan daha ucuz olması,Kullanılan ögelerdeki estetik ölçüt,Kurgunun daha gerçekçi yapılması,B
0c2d933c-cee0-570d-8997-039080bf2b58,EDEBIYAT,"Miralay Haşmet Bey, şakakları ağarmış sert asker başıyla dimdik oturuyor. Bir paşa ""Wilson Prensipleri""nden bahsediyor, Salime Hanım -hepimize yüksekten bakan kartal bakışlı Salime Hanım- bu mütecebbir mahluk dünyanın on kadir insanı imiş gibi yanında erimiş, onu mütevazı tabir-le kınaya ve yumuşatmaya çalışıyor. Cemal konuşmuyor ve kuru, samimi gözlerinde nihayetsiz bir sabırla dinliyor. Ayşe, uzakta bir şey anlamıyormuş gibi başında siyah bir örtü oturuyor. İlk defa olarak kolundaki beyaz sargı yok. Sağı eliyle sakat kolunu bir düzeltişi var ki merhamet celbetmemek için belki taşımış olduğunu anlatıyor.
Aşağıdakilerden hangisi, bu parçada bir bölümü verilen eserin yazarına ait bir eser değildir?",Handan,Sinekli Bakkal,Zeyno'nun Oğlu,Panorama,Tatarca,E
7c5e25d3-2d49-517f-8806-36e167fd8c54,MATEMATIK,$|x-2|+x=8$ denklemini sağlayan $x$ değerlerinin toplamı kaçtır?,2,5,7,8,12,B
05d69faa-bdd4-5719-9948-79e8e52ea418,MATEMATIK,"Sayı doğrusu üzerinde $x$ sayısının $2$ noktasına olan uzaklığı $5$ birimdir. Buna göre, $x$'in alabileceği farklı değerlerin toplamı kaçtır?",-21,-4,4,10,21,C
5e1f0b7c-d587-5272-a380-faf282caa2a3,MATEMATIK,$(a_n) = (n^2 - 9n + 20)$ dizisinin en küçük terimi kaçtır?,8,9,10,11,12,D
2d1c26be-b716-5ee3-a40a-ddf90261060e,TURKCE,"I. Bu kavram hem tüketim miktarındaki artışı hem de tüketim işlevindeki farklılaşmayı öne çıkaran bir toplumsal yapıya işaret etmektedir.
II. Tüketim toplumunda satın alınan ürünlerin işlevlerinden ziyade, taşıdıkları anlamlar ve semboller değer kazanır.
III. 20. yüzyılda piyasa ekonomisine geçiş, küreselleşme ve evrensel pazarın gelişmesiyle ortaya yeni bir toplum biçimi olan tüketim toplumunu çıkarmıştır.
IV. Bu anlamda tüketim toplumunun en belirleyici özelliği, tüketimin ekonomik olmaktan çok, sosyal ve kültürel bir olgu olmasıdır.
V. Tüketim toplumu, 20. yüzyılın yaşam biçimini anlatan bir kavram olup kitlesel üretim sonucunda ortaya çıkan kitlesel tüketim biçimi olarak tanımlanmaktadır.
Yukarıda numaralanmış cümleler anlamlı bir bütün oluşturacak biçimde sıralandığında hangisi baştan üçüncü olur?",I,II,III,IV,V,D
cc64e713-6e4e-51e0-985b-773cab899569,TURKCE,"I. Orta Asya ve Sibirya'da ayrıca özellikle av şölenlerinde dans, oyun vardır.
II. Avın başarılı olması için onun taklit yoluyla canlandırılması çok bilinen bir uygulamadır.
III. Kimi kez de hayvanın ölümünden insanın değil başka bir hayvanın sorumlu olduğunu kanıtlamak istenir.
IV. Hem kargaların uçuşunu hem ayı taklit edilmekte, ayıyı öldüren ve yiyenin kargalar olduğu gösterilmek istenmektedir.
V. Bir uzman aynı ayı şenliğinde, kadınların kollarını kanat çırpar gibi hareket ettirerek her yöne koşuştuklarını görmüştür.
Yukarıdaki numaralanmış cümlelerin hangisinde ""gözleme"" yer verilmiştir?",I,II,III,IV,V,E
5d09c811-b8d7-5048-966a-a269ac8f2888,MATEMATIK,"$f$ ve $g$ gerçek sayılarda tanımlı iki fonksiyondur. $f(x)=6x+1$ $(f-g)(1)=15$ bilgileri veriliyor. $(f+g)(x)$ sabit fonksiyon olduğuna göre, $g(0)$ değeri kaçtır?",-4,-3,-2,1,2,E
b084b7e0-f4fe-5ee7-bdcf-7da292088da0,MATEMATIK,"$f''(x) = 24x$, $f'(1) = 14$, $f(0) = 5$ olduğuna göre, $f(1)$ değeri kaçtır?",13,11,10,8,7,B
a0737542-9a55-52b5-9c57-68e685deb1fe,MATEMATIK,"K = Kalan bakteri sayısı
A = Ortama bırakılan bakteri sayısı
t = Geçen süre (saat)
Bir deney ortamına bırakılan bakteri sayısının zamana göre değişimi $K = A \cdot 2^{-t}$ şeklindedir.
Buna göre, deney ortamına bırakılan 100 adet bakteri kaç saat sonra yok olur?
(Bakterilerin çoğalmadığı varsayılacaktır.)",12,14,16,25,36,C
a3f3663a-98d2-5d68-be04-a22d39ca6c26,TURKCE,"I. - Kaç kişi, sevginin değerini biliyor? - Üç kişi. (özne) II. - Hangisi, sana bu haksızlığı yapan? - Şu karşıdaki adam. (yüklem) III. - Postacı, bizim kapıyı mı çaldı? - Sizin kapıyı. (nesne) IV. - Siz onun neyisiniz? - Dayısıyım. (yüklem) V. - Konuyu kiminle görüşeceğiz? - Müdür Bey'le. (dolaylı tümleç) Yukarıdaki diyaloglarda yanıtların hangi ögeyi belirttiği ayraç içinde belirtilmiştir. Numaralanmış cümlelerden hangisinde yanıt cümle-siyle ilgili yanlış bir belirleme yapılmıştır?",I.,II.,III.,IV.,V.,B
0a5f5761-f39a-5fa2-aefb-a07f7220c365,KIMYA,Kuantum sayıları ile ilgili aşağıdaki ifadelerden hangisi yanlıştır?,d orbitalleri üçüncü enerji düzeyinden itibaren başlar.,Dördüncü enerji düzeyinde en fazla 32 elektron bulunabilir.,Manyetik kuantum sayısındaki $(+)$ işareti orbitaldeki manyetik alanla dış manyetik alanın birbirini kuvvetlendirdiğini ifade eder.,$3p$ orbitalinde bulunan elektronun açısal momentum kuantum sayısı 1'dir.,$m_l = 3$ olan bir orbitalin bulunabileceği en düşük enerji katmanda en fazla 3 farklı tür orbital bulunabilir.,C
315db0c5-8ebb-557c-958f-c4fcc23dd971,MATEMATIK,$\int \frac{2}{\sqrt{2x+2}} \ dx$ ifadesinin eşiti aşağıdakilerden hangisidir?,$4\cdot\sqrt{2x+2}+c$,$\sqrt{2x+2}+c$,$2\cdot\sqrt{2x-2}+c$,$\frac{\sqrt{2x+2}}{2}+c$,$\frac{\sqrt{2x+2}}{4}+c$,B
c12db664-7499-5f76-8cfd-7ab117b4b319,TURKCE,Bu iki parçayla ilgili olarak aşağıdakilerden hangisi söylenebilir?,Aynı görüşün farklı yönleri değerlendirilmektedir.,İki farklı konunun birbirine benzer yönleri örneklenmektedir.,Aynı olgu ile ilgili farklı örnekler verilmektedir.,Farklı düşüncelere ilişkin ortak bir görüş olduğu vurgulanmaktadır.,Aynı konu bir araştırmaya dayalı olarak ele alınmaktadır.,A
a8488c99-ee52-539d-8477-d9835609b51c,EDEBIYAT,"Anlama gelmez. Doğrusu asıl savaşım onun üzerinde toplanmıştır benim. Nedendir bilmiyorum, ben anlamı şiire pek yatkın bulmam. Kimi kitaplarda ordu oluşman bile biçimdir. Anlam, sanki benim üvey evladımdır. Ama şunu da söyleyeyim; sonuçta şiir şiirse anlamdır. Bu parçada sözlerine yer verilen şair, aşağıdaki şiir anlayışlarının hangisinin temsilcileri arasında yer alır?",Hisar,I. Yeni,Memleketçi,Toplumcu,II. Yeni,E
de7f5143-68be-5943-9f77-8889aaad1aac,KIMYA,"$_{1}^{1}H$ ve $_{1}^{2}H$ atomlarıyla ilgili,
I. Atom numaraları aynıdır.
II. Nötron sayıları aynıdır.
III. Elektron sayıları aynıdır.
ifadelerinden hangileri doğrudur?",Yalnız I,Yalnız II,Yalnız III,I ve III,"I, II ve III",D
23fc4537-7ea5-5b56-9b34-d21e2c82dfde,MATEMATIK,"$\log_{2} 36 = \log_{b} 6a$ eşitliği veriliyor. Buna göre, $\log_{b} 30$ ifadesinin eşiti kaçtır?",30,11,1,$\frac{1}{30}$,-1,B
73b9f9a2-93c1-5927-b9a3-85b5d169212c,KIMYA,"Sürdürülebilir bir endüstri için;
I. Kâğıt yenilenebilir bir kaynaktan üretilip geri dönüştürülmelidir.
II. Artan ihtiyacı karşılayabilmek için polimer kimyasına önem verilmelidir.
III. Metallerin geri dönüşümü sağlanarak enerji tasarrufu yapılmalıdır.
yargılarından hangileri gereklidir?","I, II ve III",I ve II,I ve III,II ve III,Yalnız III,A
6a721b4d-4170-5181-a810-6c01662d11e1,GEOMETRI,"AC $\perp$ BD, AC $\cap$ BD = {E}, $|EM|=|MC|$, $|EK|=|KD|$, $|AB|=3$ birim, $|AD|=9$ birim, $|BC|=7$ birim, $|IM|=x$ birim. Buna göre, $x$ kaçtır?",4,$\frac{9}{2}$,5,$\frac{11}{2}$,6,D
3a5db6a0-1a87-5657-ad50-1a79021fed54,MATEMATIK,"$\cot 3x = \sqrt{3}$ denkleminin $[0, 2\pi]$ aralığında kaç farklı kökü vardır?",2,4,5,6,7,D
ff664049-6017-53eb-964d-64e3baefb312,MATEMATIK,"$\Delta (ab) = 0,00...\overline{ab}$ şeklinde tanımlanmıştır. Buna göre, $\frac{\Delta (38)}{\Delta (12)}$ işleminin sonucu aşağıdakilerden hangisine eşittir?",$\Delta (22)$,$\Delta (12)$,$\Delta (14)$,$\Delta (24)$,$\Delta (21)$,A
c651e870-02c4-5637-bece-0a280f07e266,KIMYA,"X, Y ve Z maddelerinin $25^{\circ}C$'de $10^{-2}$ molarlık çözeltilerinin pH değerleri verilmiştir.

Çözelti | pH
---|---
X | 4
Y | 12
Z | 2

Buna göre X, Y ve Z maddeleri için aşağıdaki sınıflandırmalardan hangisi doğrudur?","X: Kuvvetli asit, Y: Kuvvetli baz, Z: Zayıf asit","X: Zayıf baz, Y: Zayıf baz, Z: Zayıf asit","X: Zayıf asit, Y: Kuvvetli baz, Z: Kuvvetli asit","X: Zayıf asit, Y: Zayıf baz, Z: Kuvvetli asit","X: Kuvvetli baz, Y: Kuvvetli asit, Z: Zayıf asit",C
548b2e4c-2a0a-50da-bde7-997018f39ba5,KIMYA,"$CS_2(k) + 3O_2(g) \rightleftharpoons CO_2(g) + 2SO_2(g)$
tepkimesinin 273 K'de derişimler cinsinden denge sabiti $(K_c)$ 108'dir. Sabit hacimli bir kaba aynı sıcaklıkta eşit molde $CS_2(k)$ ve $O_2(g)$ maddelerinden konularak başlatılan tepkime dengeye geldiğinde kaptaki toplam gaz basıncının 5 atm olduğu görülüyor.
Buna göre, dengedeki $SO_2$ gazının kısmi basıncı kaç atm'dir?",1,"1,5",2,"2,5",3,C
785c4809-4fdf-5442-86e4-c341aec3b584,MATEMATIK,$\\int_1^3 (x^2+5x)dx$ integralinin değeri kaçtır?,24,30,38,40,44,C
9b53a4db-778c-5990-b67f-e80d9e6f615f,MATEMATIK,$\frac{|x-1|}{x} \le 0$ eşitsizliğinin çözüm kümesi aşağıdakilerden hangisidir?,"$(- \infty, 1]$","$(- \infty, 0)$","$[0, 1]$","$[1, \infty)$","$(- \infty, 0) \cup \{1\}$",E
3d87ee33-7dcf-52b1-b5c2-f0eceb4335bc,TURKCE,"Geoffrey Rush'a en iyi erkek oyuncu Oscar'ını kazandıran Shine filminde, ruh sağlığı pek de yerinde olmayan müzik aşığı bir babanın ulaşamadığı müzisyen kimliğini oğluna yüklemesi anlatılıyordu. Filmde hayat hikâyesi anlatılan piyanist David Helfgott, bir konseri sırasında girdiği bunalımla 12 yıl akıl hastanesinde yattı. Ama yine de Helfgott, yaşama dönerek gelmiş geçmiş en önemli piyanistlerden biri olmayı başardı. Böylesi bir hayatı olan sanatçı, 12 Eylül akşamı Aya İrini Müzesi'nde genç üniversite öğrencilerinin de dinlemesi mümkün olacak.
Bu parçadaki numaralanmış sözlerden hangisi ad tamlamasının sıfatı durumundadır?",I,II,III,IV,V,E
6eacf168-0620-5277-9ed0-9ed491616e33,MATEMATIK,Aşağıdakilerden hangisi $f(x) = \frac{x^2+3}{x-1}$ fonksiyonunun azalan olduğu aralıklardan biri değildir?,"$(-1, 0)$","$(0, 1)$","$(1, 2)$","$(2, 3)$","$(3, 4)$",E
75b56837-6404-5674-afd3-76a7f6724802,MATEMATIK,"$f(x) = 3x^2 + 4x - 5$ olduğuna göre, $f'(x)$ aşağıdakilerden hangisidir?",$8x+4$,$3x+4$,$2x+4$,$6x+6$,$6x-1$,D
0f51ade3-a25d-575d-88e8-bfd79d21e20b,MATEMATIK,"$0 < x < 2\pi$ olmak üzere, $7\sin x + 2\cos^2 x = 5$ eşitliği veriliyor. Buna göre, $x$'in alabileceği en büyük değer kaçtır?",$\frac{\pi}{6}$,$\frac{\pi}{3}$,$\frac{\pi}{2}$,$\frac{2\pi}{3}$,$\frac{5\pi}{6}$,E
53ecc52d-3359-583e-8585-e72e5cfd138f,MATEMATIK,$\frac{x^3+y^3}{(x+y)^2-3xy}$ ifadesinin sadeleştirilmiş biçimi aşağıdakilerden hangisidir?,$x$,$x+y$,$y$,$x-y$,$2y$,B
65084c99-9991-5b33-af98-11d20be48a59,MATEMATIK,"Selim Öğretmen, öğrencileri ile birlikte kahvaltı yapmak için bir miktar simit almıştır. Öğrencilerin bir kısmı ikişer tane, kalan öğrenciler birer tane simit yerse Selim Öğretmen'e 3 simit kalıyor, iki tane simit yiyenler bir, bir tane simit yiyenler iki tane simit yeseydi Selim Öğretmen'e 1 simit kalacaktı. Alınan simitlerden toplam 15 kişi yediğine göre, Selim Öğretmen kaç tane simit almıştır?",19,21,23,25,27,C
7d933847-d7ca-536c-8849-910b8ca4c56e,FIZIK,Aşağıdakilerden hangisi sürtünme kuvvetinin günlük hayatımızda sağladığı avantajlardan biri değildir?,Suyun dibinde seyreden denizaltının hareketini zorlaştırması,Suyun dibinde seyrederek durmak isteyen denizaltının durmasını sağlaması,Yağan yağmur tanelerinin belli bir hızdan sonra daha fazla hızlanmasını engellemesi,Masa üzerindeki tozun bez ile temizlenmesini sağlaması,Pedalları döndürüldükçe bisikletin hareket etmesini sağlaması,A
a07ca08e-e36d-5265-9b33-3998a4f1d969,FIZIK,Aşağıdaki fiziksel niceliklerden hangisi ifade edilirken yön bilgisi gerekmez?,Kuvvet,Zaman,İvme,Yer değiştirme,Hız,B
bb5be107-444d-5cfc-b1f9-796b183a55a3,FIZIK,"Radyo dalgalarının ortalama dalga boyu $\lambda_R$, mikro dalgalarınki $\lambda_M$, X ışınlarıninki $\lambda_X$ tir.
Buna göre, aşağıdakilerden hangisi doğrudur?",$\lambda_R > \lambda_M > \lambda_X$,$\lambda_X > \lambda_M > \lambda_R$,$\lambda_X > \lambda_R > \lambda_M$,$\lambda_M > \lambda_X > \lambda_R$,$\lambda_M > \lambda_R > \lambda_X$,A
6ce1797e-10bc-5905-baf3-285de2550356,MATEMATIK,"$P(x)$ ve $Q(x)$ birer polinomdur. $P(x)$ polinomu başkatsayısı $2$ olan ikinci dereceden bir polinomdur. $P(x-2)$ polinomunun sıfırları $3$ ve $Q(-1)$ dir. $Q(x-3)=x^2+4$ olduğuna göre, $P(x)$ polinomunun sabit terimi kaçtır?",2,4,6,12,16,E
990c687a-0b29-5b8b-9658-4fe8f823bf08,MATEMATIK,"$y=\cos\left(x-\frac{\pi}{2}\right)$ ve $y=\cos\left(x+\frac{\pi}{2}\right)$ fonksiyonlarının grafikleri aynı koordinat sisteminde çizildiğinde $[0, 89\pi]$ aralığında kaç kesim noktası oluşur?",88,89,90,91,92,B
445e23f8-142b-5447-8b96-b0864c00b288,EDEBIYAT,"16. yüzyıl halk ozanı Köroğlu'ya ait bu parçayla ilgili olarak aşağıdaki yargılardan hangisine ulaşılamaz?
A) Abartıdan uzak, gerçekçi bir üslup kullanılmıştır.
B) Koşmanın bir türü olan koçaklama örneğidir.
C) Söyleyişte epik ögelere ağırlık verilmiştir.
D) Tekrir sanatıyla ve aliterasyonla ahenk oluşturulmuştur.
E) 2. dörtlükte redifli zengin, 4. dörtlükte redifli yarım uyak vardır.","Abartıdan uzak, gerçekçi bir üslup kullanılmıştır.",Koşmanın bir türü olan koçaklama örneğidir.,Söyleyişte epik ögelere ağırlık verilmiştir.,Tekrir sanatıyla ve aliterasyonla ahenk oluşturulmuştur.,"2. dörtlükte redifli zengin, 4. dörtlükte redifli yarım uyak vardır.",A
4c4d9507-312c-5c59-a925-ff19314c1729,COGRAFYA,"Haritada numaralandırılan yer şekilleri, aşağıdakilerin hangisinde doğru olarak verilmiştir?","Delta, Vadi, Ova, Kapalı çukur, Sırt, Boyun, Yamaç, Zirve, Plato","Vadi, Delta, Kapalı çukur, Boyun, Ova, Yamaç, Zirve, Sırt, Plato","Ova, Sırt, Delta, Vadi, Yamaç, Zirve, Plato, Boyun, Kapalı çukur","Plato, Ova, Kapalı çukur, Yamaç, Sırt, Delta, Boyun, Zirve, Vadi","Yamaç, Kapalı çukur, Sırt, Plato, Zirve, Delta, Vadi, Ova, Boyun",B
20635b19-1235-524c-b65b-bf73cabc18ac,MATEMATIK,"cos2x - 5cosx - 2 = 0 denkleminin $[0, 2\pi)$ aralığında kaç kökü vardır?",0,1,2,3,4,A
2a4d719e-7e27-581e-9699-d965d9ff2332,MATEMATIK,"Gerçel sayılar kümesi üzerinde bir $f$ fonksiyonu, $f(x) = |x^2 - (a-2)x + 9|$ biçiminde tanımlanıyor. $f$ fonksiyonu gerçel sayılar kümesinde türevli olduğuna göre, $a$'nın alabileceği en geniş değer aralığı aşağıdakilerden hangisidir?","$[-4, 8]$","$[-3, 8]$","$[-4, 10]$","$[-4, 12]$","$[-5, 9]$",A
d0d4d336-157b-540f-bc13-97af81edc076,TURKCE,Aşağıdaki sorulardan hangisinin cevabı özne de yük- lem de değildir?,Beni arayan kimdi? - Babanızdı.,Evlilik günümüz ne zamandı? - 28 Temmuz'du.,Bu paketin içinde ne var? - İki yeni kitap.,Kim bu soruyu çözer? - Oğuz.,Sana ne verdi? - Para.,E
4eb51626-f92b-5ddc-997f-e164adb3c55a,KIMYA,Aşağıda verilen organik bileşiklerden hangisinin izomer türü karşısında yanlış verilmiştir?,"CH
3
CH
2
CH
2
OH CH
3
CH CH
3
OH Konum","CH
3
CH
2
CHCH
3
CH
3
CH
3
Dallanma - zincir","CH
2
CH
2
CH
2
CH
2
CH
2
CH
2
CH=CHCH
3
CH
2
Halika - zincir","CH
3
CH
2
OH CH
3
OCH
3
Fonksiyonel grup","CH
3
CH
2
CHO CH
3
OCH
2
CH
3
Konum",E
81d96a64-e47e-5fba-8945-e907ac9585b1,TURKCE,"Yerkürede karbon, oksijen, azot gibi gazlar, su gibi maddeler bazı dönüşümlerden geçerek devrimsel bir döngü içerisinde yenilenir. Kayaçlar da bu gibi bir döngüden geçerek doğal bir yenilenme yaşar. Magmanın püskürerek katılaşmasıyla oluşan kayaçlar, bazı dış etkenler tarafından aşınır. Aşınarak parçalanan ve ufalanan küçük kayaç parçaları, çukur bölgelere birikerek çöker. Tortul kayaçlar oluşur. Püskürük veya tortul kayaçların sıcaklık ve basınç etkisiyle değişime uğramasıyla başkalaşım kayaçları oluşur. Lavların salınım hareketlerine bağlı olarak dalma-batma alanlarında yer kabuğunu oluşturan kayaçlar magmaya dönerek erir.
Bu parçada aşağıdaki olgulardan hangisine yer verilmemiştir?",Dönüşüm,Döngü,Oluşum,Reaksiyon,Aşınım,D
c502117b-60ab-5b92-bf01-a26c2f5a57bc,MATEMATIK,$-\frac{3}{7}$ rasyonel sayısı aşağıdakilerden hangisine eşittir?,$-\frac{23}{7}$,$-\frac{31}{7}$,$-\frac{32}{7}$,$-\frac{40}{7}$,$-\frac{25}{7}$,B
0dd1d8a2-4abe-5758-b532-eb3a9482afdc,TURKCE,"Aşağıdaki dizelerden hangisinde ayraç içinde belirtilen
tamlama türüne yer verilmemiştir?","Altın hızma mıydım sen Hak'tan dileyim. (Sıfat tamla-
ması)",Bir kızıl goncaya benzer dudağın. (Sıfat tamlaması),"Ada sahillerinde bekliyorum yıldızların seni, seni istiyorum.
(Belirtisiz isim tamlaması)","Aşkın için ölmüşüm senin umurunda mı? (Sıfat tamla-
ması)","Biz Çamlıca'nın üç gülüyüz / Aşk bahçesinin bülbülü-
yüz. (Zincirleme isim tamlaması)",D
d2a71c24-cea3-5a4c-a566-c1b974c64908,MATEMATIK,"Kemal Amca, uzunlukları $60 \text{ m}$ ve $84 \text{ m}$ olan dikdörtgen şeklindeki tarlasının etrafına tel örgü çekecektir. Tel örgünün sağlam olması amacıyla eşit aralıklarla ve tarlanın köşelerine de gelecek şekilde direkler dikmeyi planlıyor.
Buna göre, iki direk arasındaki mesafe en çok kaç metre olur?",2,3,4,6,12,E
4ea52e44-31f1-5618-b92e-97cb8fa96146,GEOMETRI,"Çevresi 24 cm olan bir eşkenar dörtgenin bir iç açısının ölçüsü $120^\circ$ olduğuna göre, eşkenar dörtgenin alanı kaç $cm^2$'dir?",$18\sqrt{3}$,18,$12\sqrt{3}$,12,$6\sqrt{3}$,A
2878cfc4-9e65-510f-8224-64deb7c3463e,MATEMATIK,İşleminin sonucu kaçtır? $(\sqrt{5}-2\sqrt{7})\cdot(\sqrt{5}+2\sqrt{7})$,$\sqrt{41}$,$\sqrt{42}$,$\sqrt{43}$,$2\sqrt{11}$,$3\sqrt{5}$,C
94788354-df6d-55d2-bf8c-05306053a2cb,MATEMATIK,Proje kapsamında Amerika'daki 50 eyaletin her birinden 8 üniversite belirlenerek bu üniversitelerin rektörlerine birer mail gönderilmiştir. O halde toplam kaç mail gönderilmiştir?,400,800,1600,3200,4000,B
bb1c6bda-9c5e-5cef-a1e0-6ca7bb7378cb,MATEMATIK,"Ben doğduğumda annem ile babamın yaşları toplamı $A$ idi.
Küçük kardeşim doğduğunda benim, annemin ve babamın yaşları toplamı $B$ idi.
Buna göre, aşağıdakilerden hangisi kardeşimin benim doğumundan sonraki yaşıma geldiğinde, benim olacağım yaşı ifade eder?",$\frac{B-A}{3}$,$\frac{B-A}{2}$,$\frac{3B-3A}{2}$,$\frac{2B-2A}{3}$,$B+A$,D
4ff57a42-be3a-554b-9608-2068f4deedac,MATEMATIK,"Bir tur şirketi Adana'ya düzenleyeceği bir tur için tren, otobüs ve uçak olmak üzere üç farklı ulaşım seçeneği sunmuştur. Şirketin bu tur için ulaşım araçlarına göre değişen 1 kişilik ücret bilgisi ve bu ulaşım araçlarını tercih eden kişi sayıları ile ilgili bazı bilgiler aşağıdaki tabloda verilmiştir.
Bu tura katılan kişilerden; ulaşım için otobüsü tercih edenlerin sayısı uçağı tercih edenlerin sayısının 6 katına eşittir. Ayrıca bu turda ulaşım için treni tercih edenlerin ödediği toplam ücret, uçağı tercih edenlerin ödediği toplam ücrete eşittir.
Buna göre, bu tur ile Adana'ya giden toplam kişi sayısı kaçtır?",165,171,177,183,189,E
dd55a9e7-0983-5e35-bea4-58fe657b0c85,FIZIK,"Günlük hayattaki bazı eylemler aşağıdaki gibi ifade ediliyor. I. Ayakta dururken yürümeye başlamak II. Bir kağıdı, iki parmağımızın arasında tutup yukarı kaldırmak III. Bir yarış motorunun yüksek bir hızla virajı dönmesi Buna göre, bu eylemlerden hangilerinin gerçekleşmesinde sürtünme kuvvetinin yardımı vardır?",Yalnız I,Yalnız II,I ve III,II ve III,"I, II ve III",E
d2023d2f-6052-530b-9379-bb8a59201a4e,MATEMATIK,$|x| \cdot (x-2) = 8$ denkleminin gerçek sayılardaki kökler toplamı kaçtır?,4,6,8,2,5,D
87cdc4a4-6939-576e-9853-6e227e350963,BIYOLOJI,"Tuzlu sularda yaşayan bitkiler ile göl kenarlarında yaşamaya uyum sağlamış bitki türleri arasında, en belirgin farklılık aşağıdakilerden hangisidir?",Emici tüylerdeki ozmotik basıncın oranı,Hücrelerde kullanılan $O_2$ miktarı,Köklerdeki emici tüylerin sayısı,Yapraklardaki $CO_2$ miktarı,Fotosentezle kullanılan ışık şiddeti,A
7080b459-495e-5fb4-9a2a-c4b859509ba4,MATEMATIK,"$\log_3(5x-4) = 2$ olduğuna göre, $\log_2(x-1) \cdot (4x-7)$ ifadesinin değeri kaçtır?",$\frac{1}{2}$,1,2,$\frac{5}{2}$,4,C
01b66a43-fb92-52c0-b76d-c4d372ec6896,MATEMATIK,"Bir tur şirketi düzenleyeceği bir gezi için kişi başı 140 TL ücret talep etmektedir. Kayıt yaptıranların sayısının 80'den fazla olması halinde 80'in üzerindeki her bir kişi için şirket katılımcılara ellişer kuruş geri ödeme yapacaktır.
Geziye katılan 140 kişi olduğuna göre, tur şirketinin elde edeceği gelir kaç TL'dir?",16.200,16.000,15.800,15.690,15.400,D
5296095b-9c8b-580a-8cff-9bff9d3f0ee1,MATEMATIK,"$A = \{a, b, c, 1, 2, 3\}$ kümesinin 4 elemanlı alt kümelerinin kaç tanesinde ""a"" elemanı olarak bulunur?",10,11,12,16,20,C
45df30c8-5257-5f1b-9828-571c30423271,MATEMATIK,"$\int_1^2 (\sqrt{36-x^2} - \sqrt{3-x}) \mathrm{d}x$

integralinin sonucu kaçtır?",$\frac{3\pi}{2} - \frac{2\sqrt{2}}{3}$,$\frac{3\pi}{2} - \frac{4\sqrt{2}}{3}$,$3\pi - \frac{2\sqrt{2}}{3}$,$3\pi - \frac{4\sqrt{2}}{3}$,$6\pi - \frac{2\sqrt{2}}{3}$,A
4de71ce2-8e58-50b9-9945-eea9d51f084e,TURKCE,"""Sinemaya atılım""ı sağlayan, ABD'nin doğusunda icat edilen üçüncü makineydi. Bu, ""jetonlu makine""ydi. Girişimciler tarafından icat edilmemişti. New York'ta kendini kaybolmuş hisseden ve bir sonton fazla harcayacak parası olmayan garip gençlerin talebi üzerine tesadüfen ve kendiliğinden gelişmişti. Bu insanların en azından kısa bir süreliğine de olsa gözetleme deliğinden yabancı bir dünyaya bakarak gerçek yaşamdan kaçma arzuları, film şeritlerinin oynatılabildiği jetonlu makinelerin seri üretimini teşvik etmişti.
Bu parçada aşağıdakilerin hangisine değinilmemiştir?","ABD'de sinema, jetonlu makineler aracılığıyla bir atılım göstermiştir.",Kaçma arzusu insanların gerçekleri olduğundan farklı anlamasını sağlar.,Jetonlu makine tasarımında planlı bir yol izlenmemiştir.,Jetonlu sinema makinesi belirli aralıktaki gelir düzeyine hitap etmiştir.,Jetonlu makinenin popüler olmasıyla seri üretim fikri oluşmuştur.,B
81ed6b0e-b91d-5686-91a1-c747ae3e514d,MATEMATIK,"$a$ ve $b$ pozitif gerçek sayılar; $a \neq 4$ ve $b \neq 1$ olmak üzere, $\ln(a+b) = \ln a + \ln b$ ve $a^b = \frac{4b-9}{b-1}$ eşitlikleri veriliyor. Buna göre, $\frac{b}{a}$ oranı kaçtır?",1,$\frac{3}{2}$,2,$\frac{5}{2}$,3,B
06068ecd-5079-57c0-8dca-0ccabe15179a,FIZIK,"Elektrik enerjisi ile iş yapan teknolojik aletlere al-mac denir. Evlerde kullanılan almaçlar prizlere pa-ralel bağlanır. Evde prize takılan her ilave cihaz eş-değer direncin azalması, eşdeğer direncin azalması devreden geçen akımı arttırır.
Yukarıda verilen bilgilere göre;
I. Dirençlerin birbirine paralel bağlanması eşdeğer direnci azaltır.
II. Devredeki dirençle akım ters orantılıdır.
III. Üreteçlerin birbirine paralel bağlanması toplam gerilimi değiştirmez.
yargılarından hangilerine ulaşılabilir?",Yalnız I,Yalnız II,Yalnız III,I ve II,"I, II ve III",D
4a90f113-b9f7-5d26-8a46-cf67a5dd49fb,TURKCE,"Araştırma ve incelemelerin pek çoğu okuyarak yapılır. Okuyarak öğrenmek isteyenlerin kullandığı bazı okuma teknikleri vardır. Kimi açıklayıcı notlar düşer, kimi önemli bulduğu yerin altını çizer, kimi özel işaretler koyar, kimi de düzeltmeler yapıp itiraz cümleleri düşer. Bizce en ideal ve zor olan okuma biçimi sonuncusudur. Bu sabır gerektiren okuma biçimiyle okur büyük kazanımlar elde eder. Buna ciddi okuma demek yanlış olmaz.

Bu parçadan

I. Düzeltme yapıp itiraz notları düşerek yapılan okuma tekniği, sabır gerektiren bir yöntemdir.
II. Kitap okumadan yapılan araştırma ve incelemeler eksik kalır.
III. Açıklayıcı notlar düşmek, okuyarak öğrenme yöntemlerindendir.

yargılarından hangilerine ulaşılabilir?",Yalnız I,Yalnız II,Yalnız III,I ve II,I ve III,E
67c6cb96-9bcc-525e-89e8-2475e03524ae,MATEMATIK,"$a$ bir gerçek sayı olmak üzere, $\log_{a}3 = 3$ ve $\log_{a}4 = 3$ olduğuna göre, $a$ kaçtır?",$\frac{1}{3}$,$\frac{1}{4}$,$\frac{1}{8}$,$\frac{1}{18}$,$\frac{1}{9}$,E
aafec5f9-6fa3-5a16-9813-8c5b7f238cd7,EDEBIYAT,"Yazmış dehr-i hikmet ezel safha-i güle
Bu beytiyle aşağıdaki edebî sanatlardan hangisine yer verilmiştir?",Cinas - tezat,Tenasüp - teşbih,Rücu - cinas,İstihdam - istiare,Teşbih - tariz,B
6add3998-308f-580f-b22b-9ce90881d7fb,MATEMATIK,"Bir otobüste bulunan yetişkin, çocuk ve bebek sayılarıyla ilgili olarak;
• Yetişkin ve çocuk sayılarının toplamı $24$'ten azdır.
• Çocuk sayısı, bebek sayısından fazladır.
• Yetişkin sayısının $4$ eksiği bebek sayısından fazladır.
Buna göre, bu otobüsteki kişi sayısı en çok kaçtır?",33,32,31,30,29,E
64c38c52-991b-5411-b39d-32c99726defe,MATEMATIK,"Gerçek sayılar kümesi üzerinde tanımlı $f$ ve $g$ fonksiyonu için $x=a$ apsisli noktada sürekli olan bir $f$ fonksiyonu için $lim_{x \to a} f(x) = 1$ ve $f(a) = 5$ olduğu biliniyor. Buna göre, $lim_{x \to a} (f(x) + g(x))$ ifadesinin değeri kaçtır?",1,2,3,4,5,E
11ccfe12-d73e-5677-a546-9dd235a16667,MATEMATIK,"Bir kelebek belli mesafeyi rüzgar yönünde $6$ dakikada rüzgarın tersi yönde $12$ dakikada almaktadır. Buna göre, kelebeğin hızının rüzgarın hızına oranı kaçtır?",$\frac{7}{2}$,3,$\frac{5}{2}$,2,$\frac{3}{2}$,B
ba49f599-1ad6-5c4c-985f-3afdb3f0c4a1,MATEMATIK,"$(fog)(x) = -x - 6$ ve $(f^{-1}og)(x) = -x + 8$ olduğuna göre, $(gog)(2)$ kaçtır?",24,18,16,12,9,C
e7ebc58f-0848-538f-a72e-d3bd607ea9ac,MATEMATIK,"$f(x) = \sqrt{x\sqrt{x}}$ olduğuna göre, $f'(81)$ kaçtır?",$\frac{1}{8}$,$\frac{1}{6}$,$\frac{1}{4}$,$\frac{1}{3}$,$\frac{1}{2}$,B
443ac496-3025-53e5-b362-919629a6d6f5,MATEMATIK,4 katı 72 olan sayının 12 fazlası kaçtır?,32,30,28,34,26,B
25088a70-15e2-58da-a9c0-bdb1ec5aeba3,MATEMATIK,"Bir $(a_n)$ dizisinde
• herhangi ardışık üç teriminin çarpımı $1$,
• ilk $62$ terim çarpımı $B$,
• ilk $91$ terim çarpımı $2$
olduguna göre, $a_5 + a_{13}$ toplamı kaçtır?",16,12,10,8,6,A
c14a7645-ebc4-5c26-b93a-d1b66f1eeda7,TURKCE,"(I) Tarihin mirası olmasa İstanbul'da güzeli bulmanın artık çok zor olduğunu itiraf etmeliyim. (II) Deniz ve tepelerle oluşan, kıyılarla insanın gözünü uzaklara sürükleyen mekânlar... (III) Üsküdar'la Beşiktaş ve Eminönü arasında gidip gelirken, Bebek'ten Kandilli'ye geçerken, Kadıköy'den Köprü'ye gelirken, Sarayburnu'ndan Boğaz'a bakarken, köprülerden geçerken, kıyı yollarında dolaşırken, Salacak'tan İstanbul'a bakarken hangi kültür tabakasından gelirseniz gelin bakmaya doyamayacağınız güzellikler var. (IV) Hele bunları baharın dumanla kirlenmemiş bir sabahında, güneş sizi ısıtmaya başladığı zaman, İstanbul'un bir kıyısında hafif sisler içinde bir tablo gibi algıladığınız zaman; insanın yaptığı bütün kötülükleri unutabilirsiniz. (V) Düşünceyi katmadığınız saf algı anlarında İstanbul'dan daha güzel bir kent olmadığını, dünyayı burada yaşadığınız için şanslı olduğunuzu bile düşünmeye başlayabilirsiniz.
Bu parçada numaralanmış cümlelerin hangisinden sonra ""Ancak İstanbul'un hâlâ yok edemediğimiz doğal mekânları var."" cümlesi getirilebilir?",I,II,III,IV,V,A
7c845b8c-2877-5bb8-b762-58219201eecf,MATEMATIK,"$f: A \leftrightarrow B$
ifadesi tanım ve değer kümelerinin yerlerini değiştirip sadece fonksiyon olmayan ifadeleri fonksiyon yapmaktadır.
Buna göre, aşağıdakilerden hangisi yukarıdaki tanıma uygun bir örneklemedir?","$f: \mathbb{Z} \leftrightarrow \mathbb{Z}, f(x) = |x|$","$g: \mathbb{Z} \leftrightarrow \mathbb{Z}, g(x) = 3x + 1$","$h: \mathbb{N} \leftrightarrow \mathbb{Z}, h(x) = x^2 + 1$","$k: \mathbb{Z} \leftrightarrow \mathbb{Z}, k(x) = \frac{x+1}{2}$","$n: \mathbb{Z} \leftrightarrow \mathbb{Z}, n(x) = \frac{x-3}{2}$",D
55b018cd-8fbd-5f13-9a16-e6d21e403875,KIMYA,"X, Y ve Z bileşikleri için aşağıdaki bilgiler veriliyor.
X: Hidrojen sayısı 8 olan monoalkindir.
Y: Karbon sayısı 5 olan sikloalkendir.
Z: Karbon sayısı 5 olan iki yerde çift bağ içeren alkendiz.
Buna göre,
I. Doymamış hidrokarbonlardır.
II. Yapı izomeridir.
III. Pi bağı sayıları eşittir.
yargılarından hangileri doğrudur?",Yalnız I,Yalnız II,I ve II,I ve III,"I, II ve III",C
53a02d7b-cd3f-5ef8-96c8-6a13a53cf459,MATEMATIK,"$ \frac{x^2-3x+1}{x-2}=0 $ denkleminin gerçek sayılardaki çözüm kümesi bir elemanlı olduğuna göre, b'nin alabileceği değerler çarpımı kaçtır?",6,8,9,10,12,C
8ab55ecc-59a4-5f46-a70a-452a6c6088eb,FIZIK,"Bir dalga leğeninde aynı fazlı iki noktasal kaynakla girişim deseni oluşturuluyor.
Kaynakları birleştiren doğru üzerinde ardışık iki düğüm çizgisi arasındaki uzaklık;
I. kaynaklar arasındaki uzaklığa,
II. leğendeki su derinliğine,
III. kaynakların titreşim frekansına
niceliklerinden hangilerine bağlıdır?",Yalnız I,Yalnız II,Yalnız III,I ve II,II ve III,E
ac13ff69-7440-5762-ab0d-5629f52e46f1,MATEMATIK,"Her birinin en yüksek dereceli teriminin katsayısı $1$ olan üçüncü dereceden gerçel katsayılı $P(x)$ ve $R(x)$ polinomları için $2$ ve $6$ ortak köklerdir. $P(x) - R(x)$ polinomu $x-1$ ile bölündüğünde kalan $10$ olmaktadır. Buna göre, $P(0) - R(0)$ değeri kaçtır?",24,27,30,33,36,E
a52e5ab0-36a4-5bb2-909c-5b2c24be8644,MATEMATIK,"$\bullet$ $f(x)$ fonksiyonunun grafiği orijine göre simetriktir.
$\bullet$ $g(x)$ fonksiyonunun grafiği y eksenine göre simetriktir.
$\int_{-3}^{3} g(x) dx = 10$ dur.
Buna göre, $\int_{-3}^{3} (5f(x) + 2g(x)) dx$ integralinin değeri kaçtır?",20,40,60,90,120,A
24802405-336a-59f9-89d7-e4ec9fd9c122,MATEMATIK,"$x$ ve $y$ gerçel sayılar olmak üzere,
$\frac{1}{16} < \frac{1}{x} < \frac{1}{4}$
$\frac{1}{5} < \frac{1}{y} < \frac{1}{2}$
eşitsizlikleri veriliyor.
Buna göre, $x \cdot y$ ifadesinin en geniş değer aralığı aşağıdakilerden hangisidir?","$(3, 20)$","$(5, 16)$","$(2, 9)$","$(2, 16)$","$(6, 21)$",D
73eb8e2c-86ea-50b4-b1cb-451d88753c71,MATEMATIK,"$f(x)=\begin{cases} 2x, & x\ge 2 \\ 6-x, & x<2 \end{cases}$ fonksiyonu veriliyor. Buna göre, $[0,6]$ aralığını $3$ eş alt aralığa bölen düzgün bir $P$ parçalanmasına ait Riemann alt toplamı kaç birimkaredir?",28,30,32,34,36,C
a67278e7-921f-54d3-9628-e46a55ccfc85,MATEMATIK,"Sadık Hoca, öğrencisi Sinem'den $(2,76) \cdot (a,b) + 12,72$ sorusunun cevabını ister.
Sinem, cevabın $108,56$ olduğunu söylediğinde Sadık Hoca: ""Çarpma işleminde virgülü üç basamak kaydırman gerekirken yanlışlıkla iki basamak kaydırdığından sonucun hatalı."" demiştir.
Buna göre, Sinem, işlemi doğru yaptığında cevabı kaç bulur?","22,104","23,24","23,204","22,204","21,56",D
e7b7b263-3ed2-5e5d-a294-14feb2b013af,EDEBIYAT,Aşağıdaki açıklamalardan hangisi ayraç içinde verilen sanatçıyla ilgili değildir?,"Bulgaristan Türklerinin sesi olmuş, Türkler üzerindeki baskı ve asimilasyona karşı öncü olmuştur. (Recep Küpçü)","Uzak'taki Kardeşime şiirinde, Anadolu'daki Türk halkına seslenmiş; onların Kurtuluş Savaşı'ndaki mücadelelerini desteklemiştir. (Mağcan Cumabay)","Şiirlerinde Kıbrıs sorununu ve buna bağlı olarak milliyetçi duyguları konu almış ve Kıbrıs'ın ""usta şairi"" olarak tanınmıştır. (Özker Yaşın)",Klasik ve yeni Azeri şiirinde var olan bütün unsurları şiirlerinde toplamıştır. Oldukça güçlü bir anlatım gücüne sahiptir. (Bahtiyar Vahapzade),"Ona göre şiir, vatan sevgisinin, millet aşkının kor hâlinde temsilcisi olmalıdır. Kökler ve Budaklar adıyla yayımlanan şiirlerinde bu temayı işlemiştir. (Hüseyin Şehriyar)",E
e49ce282-8b26-5e48-8c18-cf53b07eb2bb,MATEMATIK,$\frac{\sin^3x \cdot \cos x + \cos^3x \cdot \sin x}{\sin x \cdot \cos x}$ ifadesinin eşiti aşağıdakilerden hangisidir?,$4\sin x$,$2\sin x$,$\sin x$,$\frac{1}{2}\sin x$,$\frac{1}{4}\sin x$,C
e0c425b3-1faf-53ad-bba5-7f24f49d456b,MATEMATIK,"$f: \{-1, 0, 1\} \rightarrow \mathbb{Z}$, $f(x) = x+7$ ve $g: \{0, 1, 2, 3\} \rightarrow \mathbb{Z}$, $g(x) = 4-x$ fonksiyonları veriliyor. Buna göre, $(f-g)(x)$ fonksiyonu aşağıdakilerden hangisidir?","$\{(0, 3), (1, 3)\}$","$\{(-1, 3), (0, 3)\}$","$\{(0, 11), (1, 11)\}$","$\{(-1, -3), (0, -3)\}$","$\{(2, 3), (3, 3)\}$",A
50bf822e-71f1-52af-8f4a-3131ea794c55,MATEMATIK,"$x$ ve $y$ gerçel sayıları için, $x+y > 4$ eşitsizliği veriliyor. Buna göre, I. $x > y$ II. $x(x-y) > 0$ III. $x(y-3x) > 0$ ifadelerinden hangileri kesinlikle doğrudur?",Yalnız I,Yalnız II,Yalnız III,I ve II,"I, II ve III",B
57f6689f-3177-5ce5-88af-08f53117c567,GEOMETRI,"Dik koordinat düzleminde $(-1, 3)$ noktasında bulunan bir hareketlinin t. saniyede bulunduğu noktanın koordinatları $(-t+2t, 3t)$ olarak veriliyor. Bu hareketli 2. saniyede A noktasında, 4. saniyede B noktasında olduğuna göre, A ile B noktaları arasındaki uzaklık kaç birimdir?",$4\sqrt{3}$,$5\sqrt{2}$,$2\sqrt{13}$,$3\sqrt{6}$,$2\sqrt{15}$,C
5564d4dd-81ce-5141-8758-ce2367fe4fe7,MATEMATIK,$(a_n) = \frac{(n-1)}{n}$ dizisinin ilk 5 teriminin çarpımı kaçtır?,2,4,6,8,10,C
789794d6-11e3-5207-843d-715e534dcc72,KIMYA,"Eşit hacimlerde $C_2H_4$ ve $O_2$ gazları, $C_2H_{4(g)} + 3O_{2(g)} \rightarrow 2CO_{2(g)} + 2H_2O_{(g)}$ denklemine göre tepkimeye giriyor. Tepkime sonunda aynı koşullarda 30 litre $CO_2$ gazı oluştuğuna göre başlangıç karışımı kaç litredir?",100,80,50,30,20,B
a3b319d2-72c7-52f5-86f7-a878850164ab,KIMYA,4. temel enerji düzeyi ile ilgili aşağıdaki ifadelerden hangisi yanlıştır?,4s ve 4p orbitallerinin enerjileri farklıdır.,En fazla 32 elektron bulunur.,"s, p, d ve f orbital türlerini içerir.",Manyetik kuantum sayısı ($m_l$) 0 olan en fazla 2 elektron içerebilir.,Toplam orbital sayısı 16'dır.,D
7b99dc2d-3262-5092-be86-f82e8c3fce16,EDEBIYAT,Cumhuriyet Dönemi romanları konularına göre farklılık göstermektedir. Buna göre aşağıdaki romanlardan hangisinin konusu farklıdır?,Yılanların Öcü,Çalıkuşu,Yaban,Tutunamayanlar,İnce Memet,D
401382ea-20ac-5be8-8abf-2a777ffb79fe,MATEMATIK,$x^2+6x-3=0$ denkleminin pozitif kökü aşağıdakilerden hangisidir?,$-2-3\sqrt{3}$,$2-3\sqrt{3}$,$3-2\sqrt{3}$,$3+2\sqrt{3}$,$-3+2\sqrt{3}$,E
447a2277-4d3f-503a-8006-8cc5aa2828ee,MATEMATIK,"Uygun koşullarda tanımlı bir $f$ fonksiyonu ile ilgili $f\left(\frac{x-a}{x-a+1}\right) = 2x+a$ eşitliği veriliyor. $f(0) = 21$ olduğuna göre, a değeri kaçtır?",5,6,7,8,9,C
9eebac71-3a69-55af-8296-f24f2c142a80,MATEMATIK,"Bir grup çocuğa kışlık malzemeler dağıtılmak isteniyor. Bu grupta bulunan $30$ çocuğun her birine bir adet bere, bir adet eldiven çifti ve bir adet atkı düşecek kadar malzeme alınıyor. Ancak bazı çocuklar bu malzemelerin hiçbirini almak istemeyince diğer çocuklara $4$ çift eldiven, $3$ bere ve $2$ atkı veriliyor.
Dağıtım sonunda bu malzemelerden toplam $27$ adet arttığına göre, artan bere sayısı kaçtır?",6,7,8,9,10,B
6d5633e1-b8d3-5c92-b6cf-32b2ffd7e752,FIZIK,Aşağıdakilerden hangisi hem skaler hem türetilmiş bir büyüklüktür?,Zaman,Kuvvet,Kütle,Akım şiddeti,Basınç,E
d51f593f-06a2-53e6-8f45-1e02ca92998d,TURKCE,"Aşağıdaki eleştirmen yorumlarından hangisi, bu parçada anlatılmak istenenle aynı doğrultudadır?","Hayvan Çiftliği, bir çiftlikte koşullarına isyan eden ve yeni bir düzen kurmaya çalışırken yaşanan haksızlıkları başarıyla anlatan bir eser.","Semerkant, bir tarafta Ömer Hayyam ve rubaileri, bir tarafta ise yüzyıllar sonra Rubaiyat'ın peşine düşen bir adamın hikâyesinin mesaisi anlatılmalıdır.","Mevlâna'nın Mesnevi'sinden alınan bir hikâyenin, romanlaştırılmış sürümü olan Simyacı: ""Aradığın her şey senin içindedir."" cümlesinin bilgeliğini sunduğu için beni çok etkilemiş bir kitaptır.","Çalıkuşu'nda yazar, Feride aracılığıyla Cumhuriyet öncesi Anadolu koşullarını; cehaleti, geri kalmışlığı, idealist bir öğretmenin gözünden aktararak Cumhuriyet devrimlerinin ne kadar değerli olduğunu okura anlatmaya çalışmıştır.","Var mısın?, Doğan Cüceloğlu'nun en başarılı kişisel gelişim kitaplarından olup doğrudan okurunun kendi hayatının öznesi olup olmadığını sorgulatıyor.",D
b1e6980e-712d-543f-9486-cfe7df0ef5d7,FIZIK,"Fiziksel anlamda iş ile ilgili;
I. Hareket doğrultusuna dik kuvvetler iş yapmazlar.
II. Hareket yönündeki kuvvetler iş yaparlar.
III. Hareket yönüne ters kuvvetler iş yaparlar.
yargılarından hangileri doğrudur?",Yalnız I,Yalnız II,I ve II,II ve III,"I, II ve III",E
3b0dce86-a0d4-5bed-a509-0bd1fb916d25,MATEMATIK,$|x-2| \cdot |x-4| \cdot (2x-4) < 0$ eşitsizliğini sağlayan kaç farklı doğal sayı vardır?,5,4,3,2,1,E
d95c66f0-7766-564f-97f0-572b81b1d3ea,MATEMATIK,$1$. dereceden bir polinom fonksiyonu olmak üzere $(f'(x))^2=f(x)$ eşitliği veriliyor. Buna göre $f(4)-f(0)$ farkı kaçtır?,$-3$,$-2$,$1$,$2$,$3$,D
eb2d73bc-9ee8-55a2-b7e8-5b6fc7aa6862,MATEMATIK,"$y=f(x)$, $(1,0)$ ve $(5,\log 5)$ noktalarından geçen bir doğru, $y=g(x)$ ise tepe noktası $(1,0)$ olan ve $(5,\log 5)$ noktasından geçen bir paraboldür. $\int_{1}^{5} \log x \ dx = a$, $\int_{1}^{5} f(x) \ dx = b$, $\int_{1}^{5} g(x) \ dx = c$ olduğuna göre, $a, b$ ve $c$ sayılarının sıralanışı aşağıdakilerden hangisidir? (Not: Çözüm için $\log x$'in integralini bilmek gerekli değildir.)",$a<b<c$,$a<c<b$,$b<a<c$,$c<b<a$,$c<a<b$,E
ce60d1c0-c81b-5ac4-9cc7-70d97dd377b9,MATEMATIK,$\sqrt{2}\cdot\sqrt{1-\frac{1}{2}}$ işleminin sonucu kaçtır?,$2\sqrt{2}$,$\sqrt{2}$,2,1,$\frac{1}{\sqrt{2}}$,D
d900ea5d-2d81-5ccd-a1ce-07f753aac032,MATEMATIK,$$\int_1^2 (x-2)^3 \sqrt{x^2-4x+4} dx$$ integralinin değeri kaçtır?,$$\frac{45}{8}$$,$$\frac{47}{8}$$,$$\frac{49}{8}$$,$$\frac{45}{4}$$,$$\frac{47}{4}$$,E
71d33e1b-2a88-5615-910e-c5cb24436ef6,EDEBIYAT,"Yine günlerden bir gün Ay Kağan'ın gözü parladı. Doğum sancıları başladı ve bir erkek çocuğu oldu. Bu çocuğun yüzü gök, ağzı ateş gibi kızıl, gözleri ela, saçları ve kaşları kara idi. Perilerden daha güzeldi. Bu çocuk anasının göğsünden ilk sütü emdi ve bir daha emmedi. Çiğ et ve çorba istedi. Dile geldi ve konuşmaya başladı. Kırk gün sonra büyüdü, yürüdü ve oynadı. Ayağı öküz ayağı gibi, beli kurt beli gibi...
Oğuz Kağan Destanı'ndan alınan bu metinle ilgili aşağıdakilerden hangisi söylenemez?",Kahramanı ruhsal derinlikleriyle tasvir edilmiştir.,Gerçek ve hayali unsurlar bir arada verilmiştir.,Tasvirlerde tabiat unsurlarına başvurulmuştur.,Zamanla ilgili unsurlar gerçeküstüdür.,Kahramanı olağanüstü özellikler taşımaktadır.,A
85990dec-5768-5092-953b-0dcad273a5c8,TURKCE,"Aşağıdaki dizelerin hangisinin sesteşi yoktur?
A) Şakaklarıma kar mı yağdı ne var?
Benim mi Allah'ım bu çizgili yüz?
B) Yedi tepeli şehrimde bıraktım gonca gülümü
Ne ölümden korkmak ayıp ne de düşünmek ölümü
C) Hıçırıkla ağaran bu saçlar değil
Sevgisiz kalan kalp ihtiyatsızmış
D) Bu kadar letafet çünkü sende var
Beyaz gerdanında da bir ben gerek
E) Bir tatlı tebessümün bin vuslata bedeldir
Gözlerin hayat verir, aşkın ise eceldir",Şakaklarıma kar mı yağdı ne var? Benim mi Allah'ım bu çizgili yüz?,Yedi tepeli şehrimde bıraktım gonca gülümü Ne ölümden korkmak ayıp ne de düşünmek ölümü,Hıçırıkla ağaran bu saçlar değil Sevgisiz kalan kalp ihtiyatsızmış,Bu kadar letafet çünkü sende var Beyaz gerdanında da bir ben gerek,"Bir tatlı tebessümün bin vuslata bedeldir Gözlerin hayat verir, aşkın ise eceldir",C
45b22e28-fd2b-5d07-aa68-4de4b3e16d62,MATEMATIK,"$\sqrt{2x+1} - \sqrt{x-3} = 2$ denklemini çözmek isteyen Miralp aşağıdaki adımları izlemiştir.
I. Adım: $(\sqrt{2x+1})^2 = (2+\sqrt{x-3})^2$
II. Adım: $2x+1 = 4 + 4\sqrt{x-3} + x-3$
III. Adım: $(x)^2 = (4\sqrt{x-3})^2$
$x^2 = 16(x-3)$
IV. Adım: $x^2 - 16x + 48 = 0$
$(x-4)(x-12) = 0$
V. Adım: $x=4$ veya $x=12$
O hâlde Ç.K. = ${4, 12}$'dir.
Buna göre, Miralp ilk hatayı kaçıncı adımda yapmıştır?",II,III,IV,V,Hata yapmamıştır.,C
51098815-073b-55cc-9770-2a9de160648e,MATEMATIK,"$a-b=\frac{3}{2}$ olduğuna göre, $\frac{\left(a-\frac{1}{b}\right)\cdot\left(b-\frac{1}{a}\right)}{\frac{1}{a}-\frac{1}{b}}$ ifadesinin değeri kaçtır?",$\frac{1}{6}$,$\frac{1}{3}$,$\frac{1}{2}$,2,6,A
96136676-2655-568b-afb9-c200a7dd7a3b,MATEMATIK,"$f(x) = \frac{x^3 - 2x^2 - x + 2}{x-1}$ olduğuna göre, $f'(3/5)$ kaçtır?",-1,0,1,2,3,C
de36f4af-0608-5e6c-8b98-f167f5e19033,MATEMATIK,"40 metre yükseklikten bırakılan bir top yere çarptıktan sonra bir önceki düşüş yüksekliğinin $\frac{1}{2}$ si kadar yükselmektedir. Buna göre, top yere 3. kez çarptıktan sonra kaç metre yükselir?",4,5,6,7,8,B
5cbbe14f-41fa-5bb8-8463-1128758c1905,TARIH,Aşağıdakilerden hangisi Emevilerin yıkılış sürecini hızlandıran gelişmeler arasında gösterilemez?,Son dönem halifelerin kötü yönetimi ve hanedan üyeleri arasındaki taht kavgaları,Arap milliyetçiliği politikasının benimsenmesi,"Arap olmayan Müslümanlara ""mevali"" muamelesi yapılması",Mısır'da kurulan Türk İslam devletlerinin propagandaları,Önemli devlet görevlerine Emevi sülalesi üyelerinin getirilmesi,D
a59e761b-a6b8-5c08-991e-45309a66a0b1,BIYOLOJI,"Bir bireye ait karaciğer ve böbrek hücreleri aynı doku kültüründe karıştırılırsa, karaciğer hücreleri birbirini arayıp bulup birleşecek, böbrek hücreleri de diğer böbrek hücrelerini tanıyıp bulup birleşeceklerdir.
Farklı dokulara ait hücrelerin aynı doku kültüründe birbirini bulması
I. farklı dokularda, hücre zarında bulunan moleküllerin farklı dizilimlerde olması,
II. hücre çekirdeklerinde farklı özellikte kalıtsal bilgilerin olması,
III. hücre zarında bulunan glikolipit ve glikoproteinlerin farklı özelliklerde olması
faktörlerinden hangileriyle açıklanabilir?",Yalnız I,Yalnız II,Yalnız III,I ve III,"I, II ve III",D
c5618163-18ea-513d-8927-d498cfdb0426,MATEMATIK,"$$\frac{2a^2-2b^2}{2a^2-ab} = \frac{1}{3}$$ olduğuna göre, $$\frac{3a^2}{3b^2-2ab}$$ kaçtır?",3,9,27,$$\frac{1}{3}$$,$$\frac{1}{9}$$,D
a059c15b-cbcc-5355-b264-91a4538b3cd2,KIMYA,I. $_{1}^{1}\text{H}$ - $_{1}^{2}\text{D}$ II. $_{17}^{35}\text{Cl}$ - $_{17}^{37}\text{Cl}^{2-}$ III. $_{12}^{24}\text{Mg}^{2+}$ - $_{13}^{27}\text{Al}^{3+}$ Yukarıda verilen taneciklerden hangilerinin kimyasal özellikleri farklıdır?,Yalnız I,Yalnız II,I ve II,I ve III,"I, II ve III",B
4e232d83-5e2e-59ef-b7d0-7e97309f9e39,TARIH,"1876'da I. Meşrutiyet'in ilanıyla Osmanlı Devleti'nde yaşayanlar arasında ırk, din ve mezhep ayrımı gözetmeksizin ülke yönetimine katılmaları öngörülmüştür. Buna rağmen 1878 Berlin Antlaşması'yla, Sırbistan, Karadağ ve Romanya Osmanlı Devleti'nden ayrılarak bağımsızlığını ilan etmişlerdir.
Bu bilgiden hareketle XIX. yüzyılın son çeyreğinde Osmanlı Devleti'nde yaşanan gelişmeler ile ilgili olarak aşağıdakilerden hangisine ulaşılamaz?",Osmanlıcılık politikasından istenilen sonuçlara ulaşılamadığına,Devletin egemenlik ve etkinlik alanının daraldığına,Milliyetçilik akımından devletin olumsuz yönde etkilendiğine,Devletin dağılma ve parçalanma sürecinin durdurulmadığına,Osmanlı Devleti'nin Balkanlardaki topraklarının tamamen yitirildiğine,E
a39004d3-fc4b-5e18-a0e8-d2e91988e275,MATEMATIK,$\frac{10x-4}{5}+\frac{2}{3}=\frac{3x-1}{3}+\frac{11}{5}$ denklemini sağlayan $x$ değeri kaçtır?,-3,-1,2,4,5,C
99c72e0c-c2e6-5895-a198-b840933ae294,TARIH,"ABD, Avrupa'nın ekonomik yönden güçlü olduğu takdirde SSCB'nin siyasi yayılmacılığına karşı koyabileceğini düşünüyordu. Bu nedenle ABD, 1945-1946 yılları arasında Batı Avrupa ülkelerine 15 milyar dolarlık yardımda bulundu. Ancak ABD'nin yardımları Avrupa'nın ekonomik ve siyasi sorunlarını çözmeye yeterli değildi.
Bu parçada hakkında bilgi verilen yapı aşağıdakilerden hangisidir?",Truman Doktrini,Marshall Planı,Varşova Paktı,Cominform,Comecon,B
ddd45d5a-f9d6-553e-a43d-a420194326a8,MATEMATIK,"Terimleri birbirinden farklı olan bir $(a_n)$ aritmetik dizisi için
$a_9 = 3a_4$
$a_1 + a_4 + a_6 = 60$
olduğu verilmiştir.
Buna göre, $a_7$ kaçtır?",18,21,24,27,30,D
3660bba8-3887-52a0-ae04-c94df8ed6927,KIMYA,25 °C'deki bir sulu çözelti ile ilgili aşağıdakilerden hangisi yanlıştır?,$[H^+] = 10^{-3}$ M ise $pH = 3$'tür.,$[H^+] = 10^{-2}$ M ise $[OH^-] = 10^{-12}$ M'dir.,$[H^+] > [OH^-]$ ise $pH < pOH$'tır.,$[H^+] > 10^{-7}$ M ise $pOH > 7$'dir.,$[H^+] = 10^{-3}$ M ise $pOH = 11$'dir.,C
6c502cda-cb66-51e8-873d-86f44d981e8a,MATEMATIK,Sadece iki tane pozitif tam sayı böleni olan birbirinden farklı iki basamaklı iki sayının toplamı en çok kaçtır?,188,186,184,182,180,A
24774008-a32f-5b3f-ab21-033fa07b53c0,MATEMATIK,"Bir banka şubesinin $2$ katlı binasında $1$. katta bulunan kişi sayısı, $2$. katta bulunan kişi sayısının $2$ katıdır. $2$. katta bulunanlardan $10$ kişi $1$. kata inip, $1$. katta bulunanlardan $30$ kişi $2$. kata çıkarsa, son durumda her iki kattaki kişi sayısı eşit oluyor.
Buna göre, binadaki kişi sayısı kaçtır?",180,150,120,90,135,D
3f3ee57b-60a5-5238-8ab8-ea82ec2c8248,KIMYA,"Asit yağmurları oluşumunu azaltmak için, I. Kömür, benzin ve mazot kullanımı azaltılmalıdır. II. Elektrikle çalışan araçlar yaygınlaştırılmalıdır. III. Orman yangınlarını önleyici tedbirler alınarak yeşil alanlar artırılmalıdır. yukarıdaki tedbirlerden hangileri alınabilir?",Yalnız I,Yalnız II,I ve II,I ve III,"I, II ve III",E
fae7af92-042a-5a0b-8335-6b0e2541eb50,TURKCE,"Aşağıdaki cümlelerin hangisinde ""açmak, basamak, çekmek"" sözcükleri belirtilen anlamlarını karşılayacak şekilde kullanılmıştır?
• açmak: Yaymak, güzel göstermek.
• basamak: Derece, aşama, kerte, evre.
• çekmek: Güç durumlara dayanmak, katlanmak.","Başarının basamaklarını tırmanırken pek çok zorluk çeken öğrenci, kendini açtığına inandığı beyaz elbisesiyle diplomasını aldı.",Çetin kış şartlarının daha çekilebilir olması için evin basamaklarına döşenen kilimler içimizi açıyordu.,"Kilitli tahta kapıyı açıp basamaklardan ağır ağır inen kedi, çıkardığı seslerle tüm dikkatleri üzerine çekti.","Rüzgâr, buftan eteklerinden çekerek havanın açmasını ve gökyüzünde basamak basamak gökkuşağının oluşmasını sağlamıştı.","Okuldan dönen kardeşim, defterini açarak ödevini yapmaya başlamış ve sayı basamakları konusunda çektiği zorlukların üstesinden gelmişti.",A
c4b5ed3b-9ae2-51d1-aaa4-bbdd05a18121,MATEMATIK,$(x-1)^2+x^2+(x^2-9)$ toplamını çarpanlarına ayırınız.,$(x+2)(x-3)$,$(x-2)(x+3)$,$(x-2)(3x+4)$,$(x+3)(3x-4)$,$(x-3)(3x+4)$,E
b0c3ba72-8ae6-5da9-a99c-541790259ba8,MATEMATIK,Yiğit ve Yağız birlikte 4 saat çalışırsa geriye işin kaçta kaçı kalır?,$\frac{1}{3}$,$\frac{2}{5}$,$\frac{2}{3}$,$\frac{5}{7}$,$\frac{3}{7}$,A
796d41fb-d4ee-5ea1-8837-bcd0be7f25bb,MATEMATIK,"$x, y$ ve $z$ birer tam sayıdır. $\frac{x+2y}{z+1}=2$ olduğuna göre, aşağıdakilerden hangisi kesinlikle doğrudur?",$z$ tek sayıdır.,$y$ çift sayıdır.,$y-z$ çift sayıdır.,$x+y$ çift sayıdır.,$x$ çift sayıdır.,E
d9cd26a1-77bd-5e35-9129-6c097d4fe895,TURKCE,"Geçmişi aksiyon yardımıyla yorumlamadır. Tarihî romanda her insan tipi romanın kahramanı olabilir. Tarih metinlerinde durum böyle değildir. Tarihî romanlarda bilginin sunulma tarzı, kahramanların kendi aralarındaki insani ilişkiler çevresinde dile getirilir. Tarihî romancılar, tarihsel gerçeklik içerisinde yer almayan kahramanları yaratma hakkına da sahiptirler. Tarihî roman yazarlarının kahramanın statüsüne bakmadan onu başkahraman yapabilmesinin temel nedeni, tarihî gerçeklerden öte kurgusal gerçeklerdir.

Bu parçada boş bırakılan yere düşüncenin akışına göre aşağıdakilerden hangisi getirilmelidir?",Tarihî romanların en önemli özelliği aksiyon içermeleridir.,"Tarihî roman, tarihin yeniden yazılması değildir.",Roman ve tarihî roman arasında birçok farklılık göze çarpar.,Tarih kitabı ve tarihî roman birbirinin tamamlayıcısı niteliğindedir.,"Tarihî roman, tarihî bize farklı yönleriyle anlatır.",C
bba2ba36-cd14-5175-b5fe-e7a69e4b92c3,MATEMATIK,"$A$, $B$ ve $C$ pozitif tam sayıları arasında, $EKOK(A,B)=C$ bağıntısı vardır.
Buna göre;
I. $C$ sayısı çift ise $A+B$ toplamı çifttir.
II. $A^2+B^2$ sayısı $C^2$ yi tam böler.
III. $A.B$ çarpımı $C^2$ yi tam böler.
ifadelerinden hangileri kesinlikle doğrudur?",Yalnız I,Yalnız II,Yalnız III,I ve III,II ve III,C
8fbe788c-7d39-5464-9845-c125f796c25d,TURKCE,"Bir psikolog, kızların neden konuşkan olduğuna dair dikkat çekici tespitler yapıyor: Çocukken kız çocukları, erkek çocuklarına göre daha fazla konuşmak zorunda bırakılıyor, bu yüzden de kızlar büyüdükçe bu alışkanlıkları pekişiyor ve konuşkan oluyorlar. Nasıl mı? Çok basit. Erkek çocuk değerlidir ya, o elini uzatarak suyu gösteriyor, annesi hemen koşuyor, su getiriyor. Yüzünü ekşirterek televizyona bakıyor erkek çocuk, annesi hemen istediği kanalı açıyor. Böyle böyle erkekler çok konuşmak zorunda kalmadan kendini ifade etmeyi öğreniyor. Kızlar ise kendini ifade edebilmek için sürekli konuşuyorlar. İstedikleri şeyleri uzun uzun anlatmaları gerekiyor.
Bu parçaya göre kızların çok konuşmasının nedeni aşağıdakilerden hangisidir?",Konuşmayı erkeklerden daha çok sevmeleri,Anlaşılmadıkları için çok konuşmak zorunda kalmaları,Erkeklerden daha güzel ve etkili konuşmaları,Beden dilini kullanmada yetersiz kalmaları,Çok konuşarak daha çok etkili olacaklarını düşünmeleri,B
717009eb-4d06-59fc-a613-f2c6616b611c,MATEMATIK,"$a$, $x$ ve $y$ pozitif gerçek sayılar için
$x^2-y^2=3a$
$-2x^2+y^2=2a$
eşitlikleri veriliyor.
Buna göre, $\frac{x}{y}$ oranı kaçtır?",$\sqrt{2}$,$\sqrt{3}$,2,$\sqrt{5}$,3,A
d46a1765-41e2-5b39-8246-f161f4ecbf3f,MATEMATIK,"Gerçek sayılar kümesinde tanımlı $f$ ve $g$ fonksiyonları, $f(2x-1) = x^2+3x$ ve $g(x-1) = 5x+2$ eşitliklerini sağlamaktadır. Buna göre, $(gof)(1) - (fog)(-2)$ değeri aşağıdakilerden hangisidir?",20,21,24,28,29,E
dc52d34e-88bb-5b45-88a4-6432e0faa9a7,MATEMATIK,$\log (x^2 - 2x - 2) = 0$ denkleminin negatif kökü kaçtır?,$-4$,$-3$,$-2$,$-1$,"$-0,5$",D
fcbb0f1c-fd0b-5aae-8117-537c69d781e2,KIMYA,"Tepkimesinin yanma ısısını hesaplayabilmek için, $SO_{2(g)} + 1/2O_{2(g)} \rightarrow SO_{3(g)}$ tepkimelerinden hangilerinin $\Delta H$ değerlerinin bilinmesi gerekir?
I. $S_{(k)} + O_{2(g)} \rightarrow SO_{2(g)}$
II. $S_{(k)} + 3/2O_{2(g)} \rightarrow SO_{3(g)}$
III. $SO_{3(g)} \rightarrow SO_{2(g)}$",Yalnız I,Yalnız III,I ve III,I ve II,"I, II ve III",D
5ef03e53-f87e-5ba5-b2fb-3011b4508d47,MATEMATIK,"$f: \mathbb{R} - \{-2\} \to \mathbb{R} - \{3\}$ olmak üzere, $f(x) = \frac{ax - 6}{bx + 4}$ fonksiyonu bire bir ve örten olduğuna göre, $a + b$ toplamı kaçtır?",-8,-7,-6,-5,-4,A
dff0462d-d77b-5006-a482-c4412fd8a5c6,KIMYA,"200 mL $B(OH)_2$ kuvvetli bazının sulu çözeltisi 0,2 M HCl çözeltisiyle titre ediliyor. Titrasyon dönüm noktasına ulaşmak için 100 mL HCl çözeltisi harcandığına göre $B(OH)_2$'nin molar derişimi kaçtır?","0,05","0,10","0,15","0,20","0,30",A
d97beb8e-7e30-560b-9f2b-e7fdffd8e4ae,KIMYA,"0,4 mol oksijen atomu içeren $\text{SO}_2$ molekülü kaç moldür?","0,1","0,2","0,4","0,8","1,2",B
1cfa8f74-0ec0-5175-a9ad-c1e43fba7733,TURKCE,"Kişi olarak insan, kendini oluşturan parçaların toplamından daha büyüktür. Kişi olarak her insanın dokunulmaz bir onuru, bir başkasına verilmesi mümkün olmayan bir değeri vardır. Dolayısıyla her insanın varoluşu, mantıklı bir temele dayanmaktadır. Kişi olarak insan, özgürdür ve her ne kadar biyolojik ve sosyal şartlar bakımından birbirinden farklı olsa da diğer insanlarla eşittir. Sadece insan olma, hayatımızda temel kabul edilen bir duruş sağlayarak bizlere kendi potansiyelimizi gerçekleştirmemiz için yardımcı olmaktadır.
Bu parçadan yola çıkılarak aşağıdakilerden hangisine ulaşılamaz?","İnsan insanın en büyük özellik, empati yapabilmesidir.","Birey, kendine has bir değerle varlık gösterir.","Hiçbir insan, başka bir insandan üstün olduğunu iddia edemez.","İnsan varoluşunun temelinde, mantık dışı bir durum söz konusu olamaz.","İnsan, sahip olduğu insani değerlerle büyük bir potansiyele sahiptir.",A
52b0c172-b5c6-5ed6-9d77-a2b47dbe5915,MATEMATIK,"Sadece 1, 2, 3 ve 4. sınıfların olduğu bir ilkokulda her sınıfın sadece A ve B şubeleri vardır. Herhangi bir sınıfın A şubesinin öğrenci sayısı bir üst sınıfın A şubesinin öğrenci sayısından 1 eksik, herhangi bir sınıfın B şubesinin öğrenci sayısı aynı sınıfın A şubesinin öğrenci sayısından 2 fazladır. Okulda 4. sınıfa giden 48 öğrenci olduğuna göre, 4. sınıfa gitmeyen kaç öğrenci vardır?",132,134,136,138,140,C
b2ec6252-4f07-503f-a2a0-43ea90a47a27,FIZIK,"Bir iş yerinde elektrikler gittiğinde ütü yapılamıyor. Ancak elektrikler gittiği anda devreye giren dizel yakıtlı jeneratör çalıştığında ışıklar kaldığı yerden devam ediyor. Buna göre, jeneratörden ütüye kadar enerji dönüşümü aşağıdakilerden hangisinde verilmiştir? (K: Kimyasal, M: Mekanik, El: Elektrik, E: Enerji)",K.E. $\rightarrow$ M.E. $\rightarrow$ El.E $\rightarrow$ Isı E,K.E. $\rightarrow$ M.E. $\rightarrow$ Isı E,M.E. $\rightarrow$ K.E. $\rightarrow$ Isı E,Isı E $\rightarrow$ M.E. $\rightarrow$ El.E $\rightarrow$ Isı E,K.E. $\rightarrow$ Isı E $\rightarrow$ El.E $\rightarrow$ Isı E,A
2aaf077d-d030-520f-b5fe-14224d781315,MATEMATIK,"$a$ ve $b$ gerçel sayılar için $P(x) = x^2+ax+b$ polinomunun sıfırdan farklı, iki farklı kökü $P(0)$ ve $P(3)$'tür. Buna göre, I. $P(1)=0$'dır. II. $P(2)=1$'dir. III. $P(-1)=7$'dir. ifadelerinden hangileri doğrudur?",Yalnız I,Yalnız II,Yalnız III,I ve II,I ve III,E
d531e1ab-f849-57e7-ae27-0b4c0803bcaf,MATEMATIK,"Bir iş yerindeki erkek personel sayısının 1 fazlasının karesi tek sayı, kadın personel sayısının 1 eksiğinin küpü çift sayıdır.
Buna göre,
I. Bu iş yerinde çalışan kadın ve erkek personel sayılarının toplamı tek sayıdır.
II. Bu iş yerine 3 erkek personel daha alınırsa erkek personel sayısı tek sayı olur.
III. Bu iş yerinden 1 kadın personel ayrılırsa kadın personel sayısı çift sayı olur.
ifadelerinden hangileri doğrudur?",Yalnız I,Yalnız II,Yalnız III,I ve II,II ve III,A
f7eda2bd-994a-505f-9108-069d2ddeaaa4,MATEMATIK,"Bir akvaryumda sarı, gri ve siyah olmak üzere üç renk balık bulunmaktadır. Ocak ve Şubat aylarında akvaryumda bulunan balık sayıları tespit edilmiş ve renklerine göre yüzdesel oranları tabloda gösterilmiştir.
Şubat ayında, Ocak ayına göre
I. Sarı balık sayısında azalma olmuştur.
II. Gri balık sayısında artış olmuştur.
III. Siyah balık sayısında değişiklik olmamıştır.
ifadelerinden hangileri doğrudur?",Yalnız I,Yalnız II,I ve III,II ve III,"I, II ve III",B
f296e73a-5434-5b56-8353-6569714cb4cc,TURKCE,Aşağıdaki cümlelerden hangisi parantez içindeki kav-ramla örtüşmemektedir?,"Nasrullah Camii, kent merkezinde bir mimari zarafet örneği olarak çıkıyor karşımıza. (öznelik)","Pınarbaşı ilçesi yakınlarındaki doğal alan, dünyanın dör-düncü büyük kanyonu olarak anılıyor. (nesnellik)",Sonbahar renkleri eşliğinde bir yolculuk için Daday'dan yerel kıyafetleriyle ünlü Azdavay'a uzanabilirsiniz. (öne-ri),Evren'ye sonbahar ve kış sezonlarında giderseniz ya-zınki ürünleriyle harika bir ziyafet çekersiniz. (ge-rekçe),Kastamonu mutfağında Anadolu'da her yerde bulun-mayan sekiz yüzlü aşkın lezzet bulunuyor. (saptama),D
0ab08e38-da31-5084-ab75-2195b302622d,MATEMATIK,"Dikdörtgen biçimindeki bir bahçenin kenarları üzerinde toplam 42 tane ağaç vardır. Her köşede birer ağaç olup art arda gelen her iki ağaç arasındaki uzaklık 3 birimdir.
Bahçenin birbirine dik iki kenarının birim türünden uzunluklarının EKOK'u 240 olduğuna göre, bahçenin alanı kaç birimkaredir?",720,840,960,1080,1200,A
a964401d-e5a8-55b1-9150-961b53444f3e,BIYOLOJI,"Çizgili kaslarda, fermantasyon sonucunda oluşan laktik asit, kanın asitlik oranını artırarak hemoglobinin oksijenleri bırakmasını sağlar. Buna bağlı olarak da, kalp ve akciğerlerin çalışması hızlanır. Buna göre, laktik asit üretmek canlıya faydalarından hangilerini sağlayabilir?
I. sportif aktivitelerden önceki ısınma hareketleri sayesinde, vücudun gerekli hazırlıkları yapmasını sağlama.
II. çizgili kaslarda, oksijenli solunum sonucunda oluşan atık ürünlerin birikmesini engelleme.
III. kanda birikerek, beyindeki yorgunluk merkezini uyardığı için canlıyı dinlenmeye zorlama.",Yalnız I,Yalnız II,Yalnız III,I ve II,"I, II ve III",C
8e124bf7-79bf-52bf-bac1-830f379866d9,MATEMATIK,"Birinci dereceden ve başkatsayısı $1$ olan bir $P(x)$ polinomu, $P^2(x)=x\cdot P(x)+2x+4$ eşitliğini sağlamaktadır. Buna göre, $P(x)$ polinomunun sıfırı kaçtır?",-2,-1,0,1,2,A
a93f531c-a04a-5886-becb-830307b077e8,MATEMATIK,"$f$, gerçek sayılarda tanımlı bir tek fonksiyon olmak üzere, $\lim_{x \to 5} f(x) = -3$ olduğuna göre, $\lim_{x \to -5} |x^2 \cdot f(-x)|$ ifadesinin sonucu kaçtır?",$-75$,$-45$,$-15$,$45$,$75$,E
24625535-2db2-53a6-8d45-1fd26b130c5b,MATEMATIK,"$\sin x = \frac{m-1}{3}$ ve $3 \cos x = n - 2$ olduğuna göre, $m$ ile $n$ arasındaki ilişki aşağıdakilerden hangisidir?",$m^2 + n^2 = 3$,$(m-1)^2 + (n+2)^2 = 1$,$(m-1)^2 + (n-2)^2 = 3$,$(m+1)^2 + (n-2)^2 = 9$,$(m+1)^2 - (n-2)^2 = 9$,D
294ce9e2-d739-5859-8c06-5fb60fe63b69,MATEMATIK,"Bir bisikletli B'den A'ya saatte 4,5 km süratle gidip, A'dan B'ye saatte 4 km süratle dönmüştür.
Dönüşte gidiştekinden 15 dk fazla zaman harcadığına göre, $|AB|$ arası kaç km'dir?",4,6,9,10,18,E
8fb50526-583e-5c02-9fb9-c7aa85e9dcbb,MATEMATIK,"$0 < \alpha < \frac{\pi}{2}$ olmak üzere; $\frac{\cos 2\alpha}{\sqrt{1+\sin 2\alpha}} = \frac{1}{2}$ olduğuna göre, $\sin 2\alpha$'nın değeri kaçtır?",$-\frac{2}{5}$,$-\frac{1}{2}$,$-\frac{1}{4}$,$\frac{3}{4}$,$\frac{3}{5}$,D
7a2becea-b9f4-5264-83be-2e48df08236c,TURKCE,"(I) Yirminci yüzyılın başlarında bilim insanları bu konuyu çok basit bir şekilde açıklıyorlardı. (II) Bu açıklamaya göre, her ne kadar nehirlerin suları tatlı ise de içlerinde bir miktar da erimiş mineral vardır. (III) Yataklarındaki bu mineralleri ve içlerinde tuz bulunan kayaları erozyona uğratarak okyanuslara taşırlar. (IV) Vücudunda yeteri kadar tuz barındırmayanlar çeşitli hastalıklarla karşılaşırlar. (V) Bu mineraller içinde en çok olağan kimya dilinde sodyum klorür diye adlandırılan bildiğimiz sofra tuzudur ve bir daha karaya geri dönmez. Bu parçadaki numaralanmış cümlelerden hangisi düşüncenin akışını bozmaktadır?",I,II,III,IV,V,D
975227ea-efeb-5711-b106-f172f6466d2c,GEOMETRI,"Pelin, İrem'e eşkenar dörtgen ile ilgili beş soru sormuş, İrem'de yukarıdaki cevapları vermiştir. Buna göre, İrem'in verdiği cevaplardan kaç tanesi doğrudur?",1,2,3,4,5,D
6aa6e2fa-b542-5093-8e17-6aee157a3d17,MATEMATIK,"Molok ve Havva bir işi sırasıyla 16 ve 12 saatte bitirebilmektedir. Buna göre, ikisi birlikte aynı işin $\frac{5}{6}$'sını kaç saatte bitirirler?",9,8,7,6,5,D
0ab198e3-1423-5c5e-9c4c-9801bae1dfb6,MATEMATIK,"C dar açı olmak üzere; $\hat{A}$, $\hat{B}$ ve $\hat{C}$ ABC üçgeninin iç açılarıdır. Buna göre, $\cot(\pi + \hat{C}) - \sin(\hat{A} + \hat{B})$ aşağıdakilerden hangisine eşittir?",$\tan \hat{C}$,$\cos \hat{C}$,$-\sin \hat{C}$,$-\cos \hat{C}$,$\sin \hat{C}$,D
d86929a2-2eec-5ca8-b143-952f55b00720,MATEMATIK,\frac{\tan x (\text{cosec } x - 1)}{\cos x} ifadesinin en sade şekli aşağıdakilerden hangisidir?,1 - \sin x,1 + \sin x,\frac{1}{1 - \sin x},\frac{1}{1 + \sin x},1 - \sin^2 x,C
5942653b-d764-5e85-ae7c-7a532d88c054,MATEMATIK,$\tan x \cdot \text{cosec}(2x)$ ifadesi aşağıdakilerden hangisine eşittir?,$\sin(2x)$,$\cos(2x)$,$-\cot(2x)$,$-\tan x$,$\sec(2x)$,E
d6629f97-febd-5b53-aceb-dc30d487798f,KIMYA,"I. Erime ve kaynama sırasında sıcaklığın sabit kalmaması
II. Aynı tür atom içerme
III. Fiziksel yöntemlerle ayrıştırılamama
Yukarıdakilerden hangileri element ve bileşiklerin ortak özelliklerindendir?",Yalnız I,Yalnız II,I ve II,I ve III,II ve III,E
ee1b5a32-509d-5940-8dde-835e30a67cbc,FIZIK,"Fiziğin bazı alt dalları atom altı tanecikleri inceler. Buna göre, I. mekanik, II. atom fiziği, III. nükleer fizik alt dallarından hangileri atom altı tanecikleri incelemez?",Yalnız I,Yalnız II,I ve II,I ve III,II ve III,A
03fe3798-e806-50cf-b581-4e4e399943b8,GEOMETRI,"$[AB] \perp [BE]$, $[AC] \perp [CE]$, $[AE]=2|DE|$ $m(\widehat{CAE})=40^{\circ}$, $m(\widehat{CED})=10^{\circ}$ Buna göre, $m(\widehat{CDE})$ kaç derecedir?",160,155,150,145,140,E
c39efe71-60e5-570b-bf5a-09f1c5afceb1,MATEMATIK,$\int_{1}^{3} (x^2 - 4x + 6)dx + \int_{1}^{3} (x^2 - 2x + 4)dx$ toplamının değeri kaçtır?,11,13,15,17,19,B
2653a1d1-90b2-5300-a5b3-6ccbaa01dc72,TURKCE,"Geçen gün Fakir Baykurt'la bir yerde oturuyorduk. Biri geldi yanımıza, ikimize de övgü dolu sözler söyledi. Sonra Baykurt'a şöyle bir soru sordu: “İnce Memed'in üçüncü cildini de yazacak mısınız?” Önüme bakıp sustum; ne güldüm ne de bir şey söyledim. Baykurt olgun bir kişi, duruşunu bozmadan şöyle cevap verdi: “Konuştum Yaşar'la, galiba yazacakmış.” Biz, bir edebî kuşak olarak bir bütünü oluşturduğumuz için oluyor bu. Onun yazdığı benim, benim yazdığım onun olsa ne çıkar!
Bu sözler aşağıdaki sorulardan hangisine karşılık söylenmiş olabilir?",Günümüz okurları okudukları kitapların yazarlarını nasıl değerlendiriyor?,"Aynı dönemde yaşayan yazarlar, neden aynı düşünce etrafında birleşiyor?",Çok okunan bir yazarla karıştırılmak sanatçı üzerinde nasıl bir etki bırakır?,"Romanlardaki kurgusal benzerlikler, okurun yazarlara bakış açısını nasıl etkiler?",Bir yazar için aynı edebiyat anlayışına dâhil olmak ne gibi durumlar doğuruyor?,E
2ace54e6-29b6-5874-b0f3-b7e6d63646e9,MATEMATIK,"Bir bakteri çeşidinin nüfusu uygun bir ortamda her 20 dakikada bir iki katına çıkmaktadır.

Başlangıçta ortamda 80 tane bakteri vardır.

Buna göre, 3 saat sonra ortamda kaç tane bakteri olur?",10240,20480,31660,40960,50200,D
ad584fd6-feb4-58a7-99d4-f6d6c81bdcdf,MATEMATIK,"$14x = \pi$ ve $7x = \frac{\pi}{2}$ olur.
$\cot2x \cdot \sin4x + \cot(\frac{\pi}{2} - 5x) \cdot \cos(\pi + 3x)$ ifadesinin eşiti nedir?",$0$,$1$,$-1$,$2$,$-2$,A
c52cd517-f129-51e7-a6c9-e1f8d0bb8384,MATEMATIK,"$n$ bir sayma sayısı olmak üzere, $a_1 = 1$ ve $n \cdot a_{n+1} = n \cdot a_n + 1$ olduğuna göre, $a_{15}$ kaçtır?",$\frac{1}{12!}$,$\frac{1}{13!}$,$\frac{1}{14!}$,$\frac{1}{15!}$,$\frac{1}{16!}$,D
d8a7dd21-ec19-53a6-80e4-3acbccb2cb5a,MATEMATIK,$(a_n)=\left(\frac{2n^2+5n-7}{n+1}\right)$ dizisinin kaç terimi tam sayıdır?,$1$,$2$,$3$,$4$,$5$,D
8b2dd2da-98fd-5ef5-8c85-ab68330c7617,MATEMATIK,"Bir $(a_n)$ dizisinde $a_1=1$ ve $a_{n+1}=n \cdot a_n$ olduğuna göre, $a_5$ kaçtır?",7,14,18,19,21,E
0c90fd42-ce61-5705-9be9-1cb3de0608ff,EDEBIYAT,"Servetifünun'la birlikte Türk hikâyesi teknik yönden daha ileri gitmiştir. (II) Bu dönemde süs için yazılan gereksiz ve doldurma betimlemelerden uzak durulmuştur. (III) Dönemin hikâyesinde roman diline göre daha sade dil tercih edilmiştir. (IV) Koru dışı bilgilere olanın akışı kesilmemiş, yazar araya girmemiştir. (V) Yazarlar, kahramanları kendi adına konuşturmaktan ve yönlendirmekten kaçınmışlardır.
Bu parçada numaralanmış cümlelerin hangisinde bir bilgi yanlışı yapılmıştır?",I,II,III,IV,V,B
cc06e9d7-1b87-57b8-8a01-a2ba1bd86965,MATEMATIK,"$f$ ve $g$ fonksiyonları için $\lim_{x \to 1} f(x) \cdot \lim_{x \to 1} g(x)$ limitleri birer pozitif gerçek sayı ve $\lim_{x \to 1} (f(x) \cdot g(x)) = \sqrt{x-1}$ olduğuna göre, $\lim_{x \to 1} (\ln(f(x)) - \ln(g(x)))$ limitinin değeri kaçtır?",$\frac{1}{8}$,$\frac{1}{4}$,$\frac{1}{2}$,1,2,D
42ad7af7-22cc-5e6d-a2e2-0ce933603adf,TURKCE,"Her sene, zamanı gelince İstanbul'un mahallelerinden Boğaz'ın kıyılarına göçler başlardı. Eski İstanbullular; Boğaziçi'nin kenarlarına yapılmış ve eski erkân sedirleriyle, kerevet, şilte ve halılar üstünde yer minderleri gibi eski eşyalarla döşenmiş geniş odalı, gönül ferahlatıcı yalıklara taşınırlardı.
Bu parçada altı çizili sözcüklerle ilgili aşağıdakilerden hangisi yanlıştır?",I. sözcük belirtme durumu eki almıştır.,II. sözcük iyelik eki almıştır.,III. sözcük sıfat-fiil eki almıştır.,IV. sözcük çokluk eki almıştır.,V. sözcük geniş zaman eki almıştır.,E
971e640f-da5f-5b99-9ce5-c310c6abe2ac,MATEMATIK,"500 ml sütteki yağ oranı %3, 1 litre sütteki yağ oranı %x'tir. Bu iki süt bir kapta karıştırılınca karışımın yağ oranı %5 oluyor. Buna göre, x kaçtır?",7,"6,6",6,"5,6","5,4",A
34a22fe8-0336-58e6-b407-fca8ab415967,TURKCE,"(I) İster doğal isterse yapay olsun renk, ışığın bir sonucudur çünkü objelerin kendi başlarına renkleri yoktur. (II) Bir nesnenin rengini algılamamız, çeşitli etkenlerle sağlanmaktadır. (III) Gerçekte, tüm renkler ışığa bağlıdır ve hiçbir obje gerçekte renge sahip değildir. (IV) Bir nesnenin renkli görünmesi, ışığın rengine veya o nesneyi aydınlatan beyaz ışığın bileşimindeki renkli ışıkların yüzeyden aynı oranda yansımamasına bağlıdır. (V) Renk olarak algıladığımız, ışık ışınlarının yansımasıdır.
Bu parçada numaralanmış cümlelerden aynı anlama gelenler ikişerli olarak eşleştirilirse hangisi dışta kalır?",I,II,III,IV,V,B
a6980e75-0d93-5e0e-bc3a-1f51b9beb67a,MATEMATIK,$ \left(1-\frac{1}{2}\right) \cdot \left(1-\frac{1}{3}\right) \cdot \left(1-\frac{1}{4}\right) \cdot \ldots \cdot \left(1-\frac{1}{24}\right) $ işleminin sonucu kaçtır?,$ \frac{25}{48} $,$ \frac{25}{36} $,$ \frac{25}{24} $,$ \frac{25}{19} $,$ \frac{25}{23} $,A
77bd2ba3-e80f-53cd-abcc-99a0765aa0d5,MATEMATIK,"a ve b birer gerçek sayıdır.
$y=\frac{a}{2}(x^2-1)-ax$
denkleminin gerçek sayılarda çözüm kümesi boş kümedir.
Buna göre, aşağıdakilerden hangisi doğrudur?",$a^2-b^2<0$,$b^2-4a>0$,$b^2-2ab<0$,$a-b<0$,$a^2-4b<0$,A
5b1ef599-b02f-5187-a033-30f5bace6b62,TURKCE,"Stendhal'a göre roman, yol boyunca gezdirilen bir aynadır. Betimlemenin usta yazarı Yaşar Kemal'in romanlarında ise ayna kırılır, bir aynadan onlarca ayna saçılır. Her ayna hem bütünün parçasıdır hem yeni bir kurgunun yansıtıcısıdır. Bu çok katmanlı yapı her romanında kendini hissettirir. Yaşar Kemal'in içinde hiç bitmeyen, kurumayan bir anlatıcı vardır.
Bu cümlede geçen ""bir aynadaki onlarca ayna"" sözüyle Yaşar Kemal ile ilgili;
I. Romanlarındaki anlatımın yalın olduğu,
II. Romanlarının birbirinin devamı niteliğinde olduğu,
III. Romanlarında iç içe geçmiş kurgular olduğu
yargılarından hangisi anlatılmak istenmiştir?",Yalnız I,Yalnız II,Yalnız III,I ve II,II ve III,C
8522187e-b560-5bb8-acd2-a0094735da35,TURKCE,"(I) Çocuklar, gelişim sürecinde anne, baba, arkadaş ve öğretmenlerinden gibi pek çok kişiyi model alarak yeni şeyler öğrenir. (II) Gerçek hayattaki bu kişilerin yanı sıra çizgi filmlerde yer alan karakterlerin söz ve davranışları da çocuğa örnek olur. (III) Bu çizgi karakterlerin çocuktaki davranışlar, ahlaki yapı ve hayal dünyası üzerinde ciddi değişimlere sebep olduğu bir gerçektir. (IV) Zaten çizgi filmlerin bir kısmında sözü edilen bu işleve kayıtsız kalınmadığı, hedef kitleye uygun içerikler seçildiği görülmektedir. (V) Bu çevreden bakıldığında çizgi filmlerin çocuğun yaşamındaki biçimlendirici işlevine uygun yapımlar bir ihtiyaçtır.
Bu parçada numaralanmış cümlelerin anlamlı bir bütün oluşturması için hangilerinin birbiriyle yer değiştirmesi gerekir?",I ve III,II ve III,II ve IV,III ve IV,IV ve V,E
b072486e-37fd-5068-b4bb-91699cc28312,TURKCE,"Yolun karşısına geçti hızla, bürosuna koştu, sekreteri ne rahatsız edilmemesini söyledi. Telefona sarıldı. Evinin numarasını tam çevirmişti ki kararını değiştirdi. Bu parçada aşağıdakilerden hangisinin örneği yoktur?",Yazım yanlışı,Edilgen eylem,Sıralı cümle,Ek eylem,Kaynaştırma ünsüzü,A
9a8245c6-558f-5dc5-ae44-3340e90618d1,KIMYA,"25°C'de $PbCl_2$ katısının 0,1 M NaCl çözeltisi içindeki çözünürlüğü kaç $\frac{mol}{L}$'dir? ($25°C$'de $PbCl_2$ için $K_{çç} = 1,6 \cdot 10^{-5}$)",$4 \cdot 10^{-3}$,"$1,6 \cdot 10^{-3}$",$2 \cdot 10^{-3}$,$1 \cdot 10^{-2}$,"$1,6 \cdot 10^{-1}$",B
20b90018-c272-58ab-b9a7-7c5f2cad35f2,MATEMATIK,"Bir pozitif sayının 5 katının 3 eksiğinin karesi ile 2 katının 12 fazlasının karesi birbirine eşittir. Buna göre, bu sayı kaçtır?",7,6,5,4,3,E
dd87c214-8eda-5c51-aa72-b95c8b559bed,MATEMATIK,"z, z'nin eşleniği olmak üzere, $z=3+2i$ karmaşık sayısı için, $Im(z-\bar{z})+Re(z+1)$ toplamının sonucu kaçtır?",4,7,9,11,12,B
37daab63-4a0f-5936-9cb5-f527cd1c0300,MATEMATIK,"$f(x) = \begin{cases} |x+a|, & x<2 \\ 2x-a, & x \ge 2 \end{cases}$ olmak üzere, $\lim_{x \to 3} f(x) = \lim_{x \to -2} f(x)$ olduğuna göre, $a$ kaçtır?",3,4,2,-2,-3,E
5df1cc74-6bb0-56e9-8079-6eec85d71d8a,KIMYA,Aşağıdaki organik bileşiklerden hangisinin kolaylıkla katılma tepkimesi vermesi beklenmez?,CH$_3$-C$\%\equiv$C-CH$_3$,CH$_2$=CH-CH=CH$_2$,CH$_3$-C(=O)-H,Benzen halkasına bağlı CH$_3$,CH$_3$-CH$_2$-C(=O)-CH$_3$,D
26d5a64d-4059-553a-bcaa-85b6a5cfdaaf,MATEMATIK,"Annesi Nil'e,
• ""Baban benden 4 yaş büyüktür.""
• ""Sen doğduğunda ben 22 yaşındaydım, ağabeyin Mustafa doğduğunda ise baban 24 yaşındaydı.""
demiştir.
Buna göre, Nil doğduğunda Mustafa kaç yaşındaydı?",1,2,3,4,5,B
a714d576-99e1-53b8-81f3-8e2aac677ea5,MATEMATIK,$\frac{\sin(\pi - x)}{\cos(\pi - x)}$ ifadesinin eşiti aşağıdakilerden hangisidir?,$\cot x$,$-\cot x$,$\tan x$,$\csc^2 x$,$-\tan x$,E
fd8f08fd-cd3b-5cd0-9cfa-13b4266239c9,MATEMATIK,"3 günlük bir fuarda her gün bir öncekinin 2 katından 10 tane fazla kitap satan bir stand, fuar süresince 600 kitap sattığına göre, ikinci gün kaç kitap satmıştır?",110,150,120,140,170,C
9106620d-6d20-5922-835f-6270eb2b2783,MATEMATIK,"$0 < x < \frac{\pi}{2}$ olmak üzere, $\tan 4x - \cot 2x = 0$ eşitliğini sağlayan $x$ değerlerinin toplamı kaçtır?",$\frac{\pi}{3}$,$\frac{\pi}{2}$,$\frac{2\pi}{3}$,$\frac{3\pi}{4}$,$\pi$,B
d0bb2d33-e95c-5341-bf4f-d60897a7f308,MATEMATIK,"$f(x) = \begin{cases} 4, & x>0 \\ -2, & x \le 0 \end{cases}$ fonksiyonu için $\int_{-3}^{2} x \cdot f(x)dx$ integralinin değeri kaçtır?",-2,4,6,10,14,C
8cc4d407-c4cf-5921-ad23-bfe19bbbebe8,KIMYA,"Nötr bir atomun elektron sayısı artarak oktete ulaşıyor.
Buna göre,
I. Anyon iyonu oluşur.
II. Elektron içeren katman sayısı artar.
III. Çekirdek yükü artar.
IV. Çekirdeğin çekim gücü azalır.
ifadelerinden hangileri doğrudur?",Yalnız I,I ve II,I ve III,II ve IV,III ve IV,A
592227f5-b30d-5780-9165-fe69871125bc,MATEMATIK,"$n \ge 2$ olmak üzere, asal çarpanlarının kuvvetleri toplamı tek sayı olan n sayılarına tek sayı denir. Örnek: $50 = 2^1 \cdot 5^2$ olup 50 sayısının asal çarpanlarının kuvvetleri toplamı $1+2=3$ olduğundan 50 sayısı tek sayı denir. Buna göre, aşağıdakilerden hangisi tek sayı değildir?",32,44,66,89,91,B
24a0744b-108a-502f-93c6-201b74f51562,MATEMATIK,"$a, b$ birbirinden farklı birer tam sayı ve $i^2 = -1$ olmak üzere, $\frac{1+i}{1-i} + \frac{a}{b} = (1-i)^b$ eşitliği veriliyor. Buna göre, $\frac{a}{b}$ oranı kaçtır?",-1,$-\frac{1}{2}$,0,$\frac{1}{2}$,1,A
83f77142-385a-5760-ae00-c68c346394f8,MATEMATIK,$\frac{x+3}{6-x} > 0$ eşitsizliğini sağlayan tam sayı değerleri toplamı kaçtır?,10,13,12,11,8,C
f7e3d94f-2095-5652-8ef2-7e7fd903555f,BIYOLOJI,"Çok hücreli bir canlının vücudunda bulunan hücre çeşitleri;
I. Birbirinden farklı görünüşe sahip olabilir.
II. Yapı ve işlev bakımından birbirinin aynısı olabilir.
III. Farklı sayıda kromozoma sahip olamaz.
ifadelerinden hangileri doğrudur?",Yalnız I,Yalnız II,I ve II,II ve III,"I, II ve III",C
65d0eb2a-217f-5ae8-94b5-294325012bbc,MATEMATIK,"$b$ ve $c$ sıfırdan farklı birer gerçel sayı olmak üzere, $\frac{b-c}{a-2}=\frac{|c|}{|b|-a}=0$ olduğuna göre, $a$ kaçtır?",-3,-1,1,3,5,D
3dd4570e-6519-528c-ad76-1049d552cb57,TURKCE,"Vücutsuzuma, kendilerine zarar vermeksizin iğne ile mavi dövme yaptırmak Kazvinlilerin âdetidir. Kazvinli bir genç, hamamda dövme ustası bir telaşla yanına gidip ""Bana bir dövme yap fakat canımı acıtma."" dedi. Usta ""Söyle yiğidim, ne resmi döveyim?"" diye sorunca ""Bir kükremiş aslan resmi. Benim burcum aslandır, onun için aslan resmi olsun."" dedi. Usta ""Vücudunun neresine döveyim?"" dedi. Kazvinli ""İki omzumun arasına..."" dedi. Usta dövmeye başlamak üzere iğneyi batırınca genç ""Ey usta, yapma, bu ne acı!"" dedi. Usta ""Aslan yapıyorum."" dedi. Kazvinli sordu: ""Neresinden başladın?"" Usta, ""Kuyruğundan"" dedi. Kazvinli dedi ki: ""Aman iki gözüm, bırak kuyruğunu. Aslanın kuyruğu ile kuyruk sokumum sızladı, nefesim kesildi. Aslan, varsın kuyruksuz olsun."" Usta, Kazvinli'nin söylediği direktifleri, kulakları ile başka tarafları dövmek üzere markalamaksızın iğneyi batırdı. Yiğit yine bağırdı ""Burası aslanın neresi?"" Usta ""Kulağı"" dedi. Kazvinli, ""Bırak, kulaksız olsun. Orasını da yapma."" dedi. Usta bu sefer aslanın bir başka yerine başlayınca Kazvinli yine feryadı bastı: ""Bu üçüncü iğne aslanın neresini dövüyor?"" Usta, ""Azizim, karnı"" dedi. Kazvinli, ""Fena oluyor, bireyi bu kadar çok batırma, bırak karnımsız olsun!"" deyince usta çok şaşırdı, uzun süre şaşkınlıktan parmağı ağzında kaldı. İğneyi yere atıp ""Âlemde hiç kimse böyle bir hâle düştü mü ki? Kuyruksuz, başsız, kansız aslanı kim gördü? Tanrı bile böyle bir aslan yaratmamıştır."" dedi.
Mesnevi'de geçen bu hikâyede Mevlânâ'nın anlatmak istediği aşağıdakilerden hangisidir?",Bir işin ancak ustasının elinde kolay olabileceği,Kimi isteklerin insana pahalıya mal olabileceği,Lüzumsuz işlerin insana çok sıkıntı verebileceği,"İnsanın, ideali için zorluklara sabretmesi gerektiği",Başarılan bir işin ne olursa olsun bitirilmesi gerektiği,E
d9224d59-22f8-5cc7-8abc-963f7623479e,MATEMATIK,"$k$ bir gerçek sayı olmak üzere, $\sum_{n=1}^{3} (n+k+1) = 80$ eşitliği veriliyor. Buna göre, $k$ kaçtır?",2,3,4,5,6,E
996f3393-196c-5b27-97a5-f3157f8ab668,TURKCE,"Pazarlamacı: Ürünlerimiz en fazla iç piyasaya pazarlanmaktadır. Dış piyasa olarak ise inançları ve kültürümüze benzerliği nedeniyle Yunanistan'ın ön planda olduğu söylenebilir.
Editör: ----
Pazarlamacı: Kesinlikle söyleyebiliriz. Örneğin diğer soruda da belirttiğim gibi nazar inancını taşıyan milletler, Yunanistan'ı örnek verdik, daha fazla ilgi gösteriyor.
Editör: Ürünlerin birim veren ülkelerin olduğunu söyleyebilir miyiz?
Pazarlamacı: Tüketici genellikle ucuz ürün almayı tercih ediyor. Orijinal ürünlere benzer fakat ham maddesi farklı olan daha ucuz ürünlere yöneliyorlar. Söz konusu durum da tabii ki piyasayı durgunlaştırıyor.
Bu diyalogda boş bırakılan yerlere aşağıdakilerden hangisi sırasıyla getirilmelidir?","Editör: En çok iç piyasaya mı yoksa dış piyasaya mı ürün satıyorsunuz?
Editör: Ürünlere ayrı bir önem veren ülkelerin olduğunu söyleyebilir miyiz?","Editör: Ham maddesi ucuz olan ürünler daha mı çok tercih ediliyor?
Editör: Yunanistan ile ticaret yapmanızı sağlayan etkenler nedir?","Editör: Ürünlerinizi sadece nazar inancı olan ülkelere gönderdiğiniz söylenebilir mi?
Editör: Tüketicinin üründen beklentileri nelerdir?","Editör: Ürünlerinizi hangi hedef kitleye pazarlıyorsunuz?
Editör: Milliyet değişkeninin satın almada etkili olduğunu söyleyebilir miyiz?","Editör: Nazar boncuklarına olan talep fiyatı etkiliyor mu?
Editör: Nazar boncuklarını daha çok kimler alıyor?",C
7c586684-7940-540e-b517-c050bd3ce68c,MATEMATIK,$13+17+21+...+53$ toplamı aşağıdakilerden hangisi ile ifade edilebilir?,$\sum_{k=2}^{13} (4k+1)$,$\sum_{k=3}^{14} (4k-1)$,$\sum_{k=4}^{14} (4k-3)$,$\sum_{k=0}^{15} 4k+1$,$\sum_{k=6}^{16} 4k+10$,C
b61ccde5-ed87-5dbd-82e1-0313b786d543,MATEMATIK,"Gerçel sayılar kümesi üzerinde bir $f$ fonksiyonu, $f(x) = |x-4|$ biçiminde tanımlanıyor.
Buna göre, $\int_{0}^{4} f(2x) dx$ integralinin değeri kaçtır?",4,5,6,7,8,E
9a01fd06-1fbc-5059-bb71-3269d927a054,MATEMATIK,"I. $\sin^2 \alpha + \cos^2 \alpha = 1$
II. $\tan \alpha = \frac{1}{\cot \alpha}$
III. $\sqrt{1+\tan^2 \alpha} = \sec \alpha$
İfadelerinden hangileri gerçek sayılar için her zaman doğrudur?",Yalnız I,I ve II,Yalnız II,II ve III,"I, II ve III",E
f0c5ba5d-c90a-5f50-a600-bb828472f480,MATEMATIK,"$f(x) = \begin{cases} 10-x^2 & , x<0 \\ ax+b & , 0 \le x \le 3 \\ (1-x)^2 & , x>3 \end{cases}$ fonksiyonu gerçek sayılar kümesi üzerinde süreklidir. Buna göre, $a+b$ toplamı kaçtır?",16,15,12,9,8,E
09a6ddb2-245c-5d00-afd1-83bf67efdc0a,MATEMATIK,"$\theta \in \left( 0, \frac{\pi}{2} \right)$ olmak üzere $P(x) = 6x^2 - 8x + 2\sin^2 \theta - 1$ polinomunun $(x + \cos \theta)$ ile bölümünden kalan 6 olduğuna göre $\theta$ açısının radyan türünden en küçük değeri kaçtır?",$\frac{\pi}{12}$,$\frac{\pi}{6}$,$\frac{\pi}{4}$,$\frac{\pi}{3}$,$\frac{5\pi}{12}$,B
41e00fc6-2fdd-5aba-b1a5-69ddfb3988dc,MATEMATIK,"Bir kenarı duvar olan dikdörtgen şeklindeki bir tarlanın duvarla çevrili olmayan kenarları bir sıra tel ile çevrilecektir. Bu iş için $100$ metre tel kullanıldığına göre, tarlanın alanı en fazla kaç $m^2$ olur?",1000,1250,1500,1750,2000,B
6d00edb7-e5ad-55d7-aedc-65f59f5ba674,KIMYA,"$25^\circ\text{C}$'de monoprotik bir asitin $50 \text{ mL}$'si $0,1 \text{ M NaOH}$ çözeltisi ile titre edilmesine ait grafik aşağıda verilmiştir. Buna göre, I. Asitin başlangıç derişimi $0,1 \text{ M}$'dir. II. Titre edilen asit kuvvetlidir. III. $60 \text{ mL NaOH}$ ilave edildiğinde ortam pH'sı $7$'den büyük olur. ifadelerinden hangileri doğrudur?",Yalnız I,I ve II,I ve III,II ve III,"I, II ve III",C
605dfe4e-ba24-5820-b5d8-ae8cc6355b0d,MATEMATIK,"$z=-4i+6$ olduğuna göre, $Re(z)+Im(z)$ toplamı kaçtır?",-2,10,8,2,0,D
8196becb-4a5e-5835-96e0-779f2d09e576,TARIH,"Osmanlı Devleti'nde geleceğin padişahı olarak görülen şehzadeler, Çelebi Sultan unvanı ile çeşitli eyaletlere yönetici olarak gönderilmişlerdir. Basta Lala adı verilen hocaları olmak üzere deneyimli devlet adamlarının nezaretinde siyasi ve askerî alanda yetiştirilen şehzadeler devlet yönetiminde tecrübe sahibi olmuşlardır. Osmanlı Devleti'nde uygulanan Sancak Sistemi aşağıdakilerden hangisinin göstergesidir?",Devletin uzun süre ayakta kalmasının hedeflendiği,Kurumlar arası iç çatışmaların engellendiği,Veraset sisteminin belli kural ve kaidelere dayandığı,Padişahlık hakkının belli bir soya ait olduğunun kabul edildiği,Diplomatik faaliyetlerin padişah adaylarınca yürütüldüğü,A
5cdd9699-f7d7-5db2-941e-a00b314ebd2c,MATEMATIK,"$a-b=5$ ve $x-y=3$ olduğuna göre, $ax+by-ay-bx$ ifadesi kaça eşittir?",3,5,10,15,20,D
310cbad8-24bb-5bfc-a3da-15e8ecaf20c0,MATEMATIK,"$x, y, z$ pozitif tam sayılar ve $x < y < z$ olmak üzere; $x, y, y, z, z, x$ veri grubu ile ilgili olarak, 
• tepe değeri $5$'tir. 
• ortancası $7$'dir. 
• aritmetik ortalaması $9$'dur. 
bilgileri veriliyor. 
Buna göre, bu veri grubunun en büyük değeri kaçtır?",19,18,17,16,15,C
66ea1f3c-0508-58ad-aa5d-a2b5bf6e3023,MATEMATIK,"Üç basamaklı rakamları birbirinden farklı bir doğal sayının soldan ilk rakamı, soldan ilk iki rakamının oluşturduğu sayı ve soldan ilk üç rakamının oluşturduğu sayı asal bir sayı ise bu sayıya Süper Asal Sayı denir. Buna göre, üç basamaklı en küçük süper asal sayının rakamları toplamı kaçtır?",11,12,13,14,15,B
9f04c067-4b22-5b12-a598-37d70047a24e,MATEMATIK,"$0 < x < \frac{\pi}{4}$ olmak üzere, $\sqrt{1+\sin 2x} + \sqrt{1-\sin 2x}$ ifadesinin eşiti aşağıdakilerden hangisidir?",$\sin 2x$,$2\sin x$,$2\cos x$,$2\sec x$,$2\csc x$,C
2600777c-92a3-5714-b7b4-7c566269df94,MATEMATIK,"$x$ bir üçgenin iç açısı olduğuna göre, $\sin x = \frac{2a - 1}{5}$ eşitliğinde $a$ değeri, I. $\frac{1}{2}$ II. $\frac{2}{3}$ III. $3$ sayılarından hangilerine eşit olabilir?",Yalnız I,Yalnız II,Yalnız III,I ve II,II ve III,E
f48cb382-2692-5339-bf82-735fe17f295c,MATEMATIK,"Birbirinden farklı $(a_n)$ ve $(b_n)$ aritmetik dizileri için
$2(a_1)^2 + 3(b_1)^2 = 5(a_1) \cdot (b_1)$
$a_1 = 2 \cdot b_1 + 1$
$a_4 = b_3$
eşitlikleri vardır.
Buna göre, $a_6 \cdot b_6$ çarpımı kaçtır?",48,54,72,84,96,C
8a1bd549-523a-5534-9f06-475e7ab02158,KIMYA,Aşağıda verilen eşlenik asit-baz çiftlerinden hangisinin asitlik/bazlık karakteri yanlış verilmiştir?,"Konjuge asit: $HCO_3^-$, Konjuge baz: $CO_3^{2-}$","Konjuge asit: $NH_3$, Konjuge baz: $NH_4^+$","Konjuge asit: $H_2O$, Konjuge baz: $OH^-$","Konjuge asit: $CH_3COOH$, Konjuge baz: $CH_3COO^-$","Konjuge asit: $H_2PO_4^-$, Konjuge baz: $HPO_4^{2-}$",B
75f686e9-f8d9-5a61-b4a3-b6b5f5e18879,MATEMATIK,$\log_2(\log_3 x) = 1$ eşitliğini sağlayan $x$ değeri kaçtır?,$9$,$8$,$\sqrt{6}$,$\sqrt{3}$,$\sqrt{2}$,D
ce993c4a-d15c-5ce5-b9eb-8d78fc43aae7,KIMYA,"Düz zincirli bir hidrokarbonun normal koşullarda $5,6$ litresinde $0,25$ mol pi bağı vardır. Buna göre, hidrokarbon ile ilgili; I. Cis - trans izomerisi gösterir. II. Genel formülü $C_nH_{2n}$ dir. III. $0,1$ molü $0,1$ mol $H_2$ ile artansız tepkime verir. yargılarından hangileri kesinlikle doğrudur?",Yalnız I,Yalnız II,Yalnız III,II ve III,"I, II ve III",D
8c881638-291d-5d7d-8a1d-b5a0c2210aba,MATEMATIK,"Gerçel sayılarda tanımlı f fonksiyonu, $f(x) = \begin{cases} |x-a| & x < 1 \\ \frac{1}{2} & x = 1 \\ \frac{x^2-1}{x-1} & x > 1 \end{cases}$ biçiminde tanımlanıyor. f fonksiyonunun $x = \frac{1}{2}$ noktasında limiti olduğuna göre, a gerçel sayısının alabileceği değerler toplamı kaçtır?",1,2,3,4,5,D
ffa95132-c5e1-5dc7-8a88-82ad8d27c579,MATEMATIK,"$x = \log_2 15$, $y = \log_2 25$, $z = \log_2 35$ olduğuna göre, $x, y$ ve $z$ sayılarının küçükten büyüğe doğru sıralaması aşağıdakilerden hangisidir?",$z < x < y$,$y < z < x$,$x < y < z$,$x < z < y$,$y < x < z$,C
73da6175-dc5a-56a5-b440-18627748768a,MATEMATIK,$P(x) = (x-9)(x-8)...(x-1)$ $Q(x-7) = P(x) + P(x-1) + ... + P(x-9)$ polinomu veriliyor. $Q(2x+1)$ polinomunun katsayılar toplamı kaçtır?,6!,7!,9!,10!,11!,D
41423ab2-1b74-57fe-adbd-2a93c4922104,GEOMETRI,"$ABC$ üçgen, $|AE|=|EC|$, $m(\widehat{ABC})=110^\circ$, $m(\widehat{ADE})=\alpha$, $|BC|=2|DE|$, $|AD|>|DB|$. Yukarıdaki verilere göre, $\alpha$ kaç derecedir?",40,50,60,70,80,B
c748d385-a6b6-5d31-a2d4-3ef405325830,MATEMATIK,"$f$ doğrusal bir fonksiyondur. $f(x) = (a-2)x^2 + 3x - b$ olduğuna göre, $f(1)$ kaçtır?",$5$,$4$,$7$,$6$,$10$,A
c86e03e9-360f-5cd9-b79e-a590875ff44c,MATEMATIK,"2, 2, 2, 3, 3, 5 rakamlarının tümü yan yana sıralanarak, ilk ve son rakamı aynı olan birbirinden farklı 6 basamaklı kaç sayı yazılabilir?",12,14,16,18,20,B
027624ee-3181-59b8-8192-ab4cfe82f0b3,MATEMATIK,$\frac{17}{3}$ kesrinin tam sayılı kesir olarak ifadesi aşağıdakilerden hangisidir?,$6\frac{2}{3}$,$2\frac{1}{5}$,$3\frac{1}{5}$,$4\frac{2}{5}$,$2\frac{1}{3}$,A
7c1542bf-a1ec-5e88-9093-6557294e2735,MATEMATIK,"$x, y, z$ farklı pozitif tam sayılardır. $x+2y+4z$ ifadesinin alabileceği en küçük değer kaçtır?",11,8,7,9,0,A
da1ac309-7987-5fe0-bdd2-e1f530c30c02,MATEMATIK,"$x, y$ ve $z$ pozitif tam sayılardır. $A = 3x+1 = 5y+3 = 9z+7$ koşulunu sağlayan en küçük üç basamaklı $A$ sayısı kaçtır?",108,121,133,145,154,C
ad015f5d-f760-56e0-ad36-b09f4ab8bee9,KIMYA,Klor elementinin $^{35}Cl$ ve $^{37}Cl$ izotoplarının doğada bulunma yüzdeleri sırasıyla %75 ve %25 tir. Buna göre Cl elementinin ortalama atom kütlesi kaçtır?,"35,1","35,5",36,"36,5","36,75",B
8e110ca6-8a51-54dd-8848-bbdfff7584d0,KIMYA,"Nötr X atomu $X^{2-}$ iyonuna dönüşürken,
I. Kimyasal özelliği
II. Atom numarası
III. Nükleon sayısı
IV. Atom hacmi
V. Elektron başına düşen çekim kuvveti
VI. Çekirdeğin çekim gücü
nicelik ve özelliklerinden kaç tanesinde değişme ol-mamıştır?",1,2,3,4,5,C
1255e752-27f1-5e9a-8797-952669b394d2,MATEMATIK,"$9a-40$ sayısının %25'i $2a-6$ sayısına eşittir. Buna göre, a kaçtır?",14,16,18,20,22,B
ab726d37-97f6-5ba6-a961-67ec5b62b5d2,TURKCE,"(I) Deneme yazmak için geniş bir birikime ve yaşam tecrübesine sahip olmak gerekir. (II) Denemede genelde sade bir dil kullanılır. (III) Bu yazı türü hemen her konuda kaleme alınabilir. (IV) Öğretici ve bilgi verici türü olan denemelerde yazar, ileri sürdüğü görüşleri kanıtlama çabasına girmez. (V) Herhangi bir meseleye ilişkin bireysel görüş ve yorumunu ortaya koymakla yetinir.
Bu parçadaki numaralanmış cümlelerin hangisinden sonra ""Fakat felsefi denemelerde daha kavramsal ve anlaşılması güç bir dil öne çıkar."" cümlesi getirilmelidir?",I,II,III,IV,V,B
364f7b0b-7058-58e1-a6dc-7f3732ee1a44,TURKCE,"Türkiye Satranç Federasyonu satrancın yararlarından bazılarını aşağıdaki gibi sıralamaktadır:
• Dikkatli tek konu üzerinde yoğunlaştırabilme alışkanlığı kazandırır.
• Bilimselliği ön plana alarak araştırmalar yapmaya yönlendirir.
• Konulara karşı şüpheci yaklaşımı benimsetir, ezberci zihniyetten arındırır.
• Kişileri düşünen, araştıran, yargılayan varlıklar haline getirir ve yaratıcılıklarını özgür bırakan bir ortam hazırlar.
• Başarıya ancak ve ancak sistemli ve disiplinli bir çalışmayla varılabileceğini gösterir.
• Mücadeleci bir ruh yapısına sahip olmanın gerekliliğini benimsetir.
• Başarısızlıklar karşısında yılmamayı, başarı için daha da çok çalışmanın gerekli olduğunu öğretir.
Verilen bilgilerden hareketle satrancın yararları arasında aşağıdakilerden hangisine ulaşılamaz?",Odaklanma sağladığına,Branşlar için en iyi takviye olduğuna,Düşünsel anlamda yaratıcılık kazandırdığına,Kişiye bir plan ve sistem kazandırdığına,Başarı için kişileri kamçıladığına,B
3165d7a9-1b33-59d8-9d28-428a0d77d1f2,FIZIK,Aşağıdakilerden hangisi merceklerin odak uzaklığının bağlı olduğu faktörlerden birisi değildir?,Işık hızı,Işığın rengi,Merceğin eğrilik yarıçapı,Merceğin yapıldığı maddelerin kırıcılık indisi,Merceğin bulunduğu ortamın kırıcılık indisi,A
9afd102b-9e4c-55e8-8864-2a8a37153e68,KIMYA,"Oda koşullarında $[H^+] = 1 \cdot 10^{-3}$ molar olan sulu çözelti ile ilgili, I. $Na_2CO_3$ ile tepkimesinden $CO_2$ gazı açığa çıkar. II. $pOH = 11$'dir. III. Kırmızı turnusol kağıdını maviye çevirir. yargılarından hangileri doğrudur?",Yalnız I,Yalnız II,I ve II,II ve III,"I, II ve III",C
8c7536a8-b97a-5bd1-a0c4-3da82709ca2f,MATEMATIK,"Tanımadığı insanların yaşlarını tahmin etmeyi seven Hilâl,
tahminlediği bir kişinin yaşını
• $\frac{1}{2}$ olasılıkla doğru,
• $\frac{1}{3}$ olasılıkla bu kişinin yaşından 1 fazla,
• $\frac{1}{6}$ olasılıkla bu kişinin yaşından 1 eksik
olarak tahmin etmektedir.
Tanımadığı 22 ve 24 yaşlarındaki iki kişi ile karşılaşan Hilâl, bu kişilerin yaşlarını ayrı ayrı tahmin etmek isterse söyleyeceği sayıların toplamının 46 olma olasılığı kaçtır?",$\frac{1}{6}$,$\frac{5}{6}$,$\frac{5}{12}$,$\frac{13}{36}$,$\frac{17}{36}$,D
588aec1f-91a0-5f57-a4d0-b3b0a25a0aae,MATEMATIK,$\int_{-2}^{1} (x-2-|x+1|) dx$ ifadesinin değeri kaçtır?,15,9,6,-9,-15,D
df4a5b5e-c305-59cc-af00-b931b16a0c37,GEOMETRI,"ABCD dörtgen, $m(\widehat{ABE}) = m(\widehat{EBF}) = m(\widehat{FBC})$, $m(\widehat{ADE}) = m(\widehat{EDF}) = m(\widehat{FDC})$, $m(\widehat{B	ext{A}D}) = \alpha$, $m(\widehat{BFD}) = \beta$. Yukarıda verilen şekilde $\alpha + \beta = 290^	ext{o}$ olduğuna göre, $m(\widehat{B	ext{A}D}) = 2m(\widehat{BCD})$ kaç derecedir?",80,90,100,110,120,C
6646b74a-b0ff-5c3f-8134-64b633997ccc,KIMYA,"$20 \over N_A$ değeri,
I. 1 mol Ne kütlesi
II. 1 tane Ne atomunun kütlesi
III. 1 tane Ne atomunun kütlesi
niceliklerinden hangilerine eşittir?
($Ne:20$, $N_A$: Avogadro sayısı)",Yalnız II,Yalnız III,I ve II,II ve III,"I, II ve III",D
32e5fa56-cdca-53e2-9559-8488a1b6859e,MATEMATIK,"Yatırım yapmak isteyen Mete yapacağı 4 farklı yatırım için C grubundaki yatırım araçlarının hiçbirini tercih etmeye cektir. Buna göre, Mete kaç farklı biçimde yatırım yapabilir?",10,12,15,18,22,C
e7d07d72-6ac4-5b10-a529-0d4562a66257,MATEMATIK,$ 4 + \frac{1 - \frac{1}{2}}{2 + \frac{3}{6}} = ? $ işleminin sonucu aşağıdakilerden hangisidir?,$ \frac{47}{6} $,$ \frac{92}{21} $,$ \frac{13}{3} $,$ \frac{39}{28} $,$ \frac{83}{18} $,B
fc42a97e-de84-50df-b42e-d688600b9f64,EDEBIYAT,"Zehra adlı roman, yetişme tarzındaki birtakım aksaklıklardan dolayı aşırı kıskanç olan bir kadının aile içinde oluşturduğu çekişmeler sonucunda hem kendisinin hem de başkalarının hayatlarını mahvetmesini anlatmaktadır. Sıra normal ise bu çekişmeler içinde köle-cariye kimliğiyle öteki kadın rolünü üstlenir. Bu parçada söz edilen romanın yazarı aşağıdakilerin hangisidir?",Sami Paşazade Sezai,Namık Kemal,Nabizade Nazım,Ahmet Mithat Efendi,Recaizade Mahmut Ekrem,C
edeb76fa-8c2e-5fcf-bed6-696dcc55478b,MATEMATIK,"Bir çubuk eşit uzunlukta 4 parçaya bölündüğünde her bir parçanın uzunluğu $\log_2 x$ birim, eşit uzunlukta 10 parçaya bölündüğünde her bir parçanın uzunluğu $\log_x (\frac{1}{25})$ birim olmaktadır. Buna göre, çubuğun uzunluğu kaç birimdir?",5,8,10,12,15,C
81790ea9-3e0f-5ad2-b22d-64e8d47b64c7,MATEMATIK,"$P(x)$ polinomunun türevi $P'(x)$ olmak üzere, $P(x) - P'(x) = 5x + 6$ olduğuna göre, $P(x)$ polinomunun sabit terimi kaçtır?",13,12,11,9,7,C
da5fd2bf-d1ea-5328-9b2b-533d5f0d04a9,MATEMATIK,"$a, b$ ve $c$ birer pozitif gerçel sayı olmak üzere, gerçel sayılar kümesi üzerinde tanımlı bir $f$ fonksiyonu $f(x) = (x^2+x+x^c)^a$ biçiminde tanımlanıyor. $f'(1) = 3^b$ olduğuna göre, $a+b+c$ toplamı kaçtır?",3,6,9,12,15,C
1ca59e65-0788-597a-b233-de15bc4b6b9c,MATEMATIK,"Sezgin ile Kenan'ın yaşları toplamı 26'dır.
Sezgin'in bugünkü yaşının Kenan'ın yaşına oranı $\frac{1}{4}$'üne eşit olduğuna göre, yaşları farkı aşağıdakilerden hangisi olabilir?",5,6,7,8,9,D
5f661d3c-fb17-5643-a0b9-0fdb4475780e,MATEMATIK,"$y = 4 + \frac{2}{x} - \frac{1}{3x^3}$ olduğuna göre, $\frac{dy}{dx}$ aşağıdakilerden hangisidir?",$x^{-4} - 3x^{-3}$,$x^{-4} - 4x^{-3}$,$x^{-3} - x^{-4}$,$x^{-4} - x^{-3}$,$3x^{-3} - x^{-4}$,D
6553c39d-65b7-5d51-9715-bd8105173f56,MATEMATIK,$\int \frac{5}{\sqrt{2-x}} dx$ ifadesinin eşiti aşağıdakilerden hangisidir?,$2-x+c$,$2\sqrt{2-x}+c$,$-10\cdot\sqrt{2-x}+c$,$2\cdot\sqrt{2-x}+c$,$10\cdot\sqrt{2-x}+c$,C
7f4dc8d1-609f-510e-88ee-58138364ea8f,MATEMATIK,"$0 < a < \frac{\pi}{2}$ ve $0 < b < \frac{\pi}{2}$ olmak üzere, sin(a - b) = cosa . cosb eşitliği veriliyor. Buna göre, I. a > $\frac{\pi}{4}$ II. b < $\frac{\pi}{4}$ III. sina > sinb ifadelerinden hangileri kesinlikle doğrudur?",Yalnız I,Yalnız II,Yalnız III,I ve III,II ve III,A
f79d6ebf-a2ef-5acd-8199-ec752f515d5f,TURKCE,"I. Bu görkemli saray, Nasri Hanedanlığı sırasında 1238-1358 yılları arasında yapılmıştır. II. Gerek geometrik desenli seramikleri gerek küfi yazının ağırlıkta olduğu alçı bezemeleriyle İspanya'daki en görkemli yapıdır. III. İspanya ve Endülüs deyince akla ilk gelen yerlerden biri kuşkusuz Elhamra Sarayı'dır. IV. Bahçesinin güzelliği ve yapıdaki usta işçilik, sarayın Batılılar gözünde Binbir Gece Masalları'nın geçtiği yere benzetilmesini sağlamıştır. V. Üç ana yapıdan oluşan saray, birbirine geçitler ve iç bahçe niteliğindeki avlularla bağlanmıştır. Yukarıda numaralanmış cümleler anlamlı bir bütün oluşturacak biçimde sıralandığında hangisinin yeri değişmez?",I,II,III,IV,V,C
c662d726-c06c-588e-a6e0-a6be84bfebc4,MATEMATIK,"$7^{x+1} + 7^{x+2} = 56$ Buna göre, $x$ kaçtır?",-1,0,1,2,3,C
4b7d147c-98cc-516d-83d5-9327dfd3b8a8,TURKCE,"Günlük - - - biyolojik saatler ile ilgili birçok durumla karşılaşırız. Bunlardan en meşhur ikisi, gece mesaisi ve jet-lag'dır. Gece mesaisi yapan insanların biyolojik saatleri kayacağı için, o gün ve sonraki günlerde eski dengesini sağlamakla zorlanacaktır. Bunun sebebi, bazı hormonların biyolojik saate göre salgılanmalarıdır ve bu hormonlar- - - insanın doğal dengesini bozacaktır.
Bu parçada boş bırakılan yerlere sırasıyla aşağıdakilerden hangisi getirilmelidir?",işlerimizde - yerleşmeyince,yaşamımızda - dağılmayınca,hayatımızda - uyumsuzluk açık bir şekilde görülmeyince,normalimizde - yorulmayınca,koşturmada - ayrılmayınca,C
7becd4a7-8356-5a52-a33c-c2ca989adc1c,MATEMATIK,Aşağıdaki tablet ekranında kaydırma işlemi yapıldığından sorunun bir kısmı görünmemektedir. Sorunun geri kalanı ve çözümü dikkate alındığında görünmeyen diğer eşitsizlik aşağıdakilerden hangisi olabilir?,$x^2-x-6 \ge 0$,$-x^2-x+12 \ge 0$,$-x^2+x+12 \ge 0$,$x^2+x-6 \ge 0$,$x^2+x-2 \ge 0$,B
ebd6e4ba-1ddc-5a5a-9e3d-a483b0742a8f,MATEMATIK,"Serpil severek izlediği bir televizyon dizisi ile ilgili bir arkadaşına; ""Ben diziyi seyretmeye bu yıl başladım ama aslında bu dizi iki kez ben doğmadan 5 sene önce yayınlanmış. Dizideki iki başrol oyuncusunun şimdiki yaşları toplamı, dizinin yayınlanmaya başladığı yıldaki yaşları toplamından 46 fazla."" demiştir. Serpil ile arkadaşı arasındaki bu konuşma 2020 yılında gerçekleştiğine göre, Serpil hangi yılda doğmuştur?",2002,2003,2004,2005,2006,B
aca29de4-43a1-51f8-86f9-f343f989e5a3,TURKCE,Sokakta amaçsızca dolaşan insanların bile seni tanıması Türkiye çapında tanınmış biri olduğun anlamına geliyor. Bu ülkede tanınmış biri olmak kolay değil. Evinde bile rahat oturamaz insan. Bu parçada altı çizili sözcüklerden hangisi diğerlerinden farklı bir hâl eki almıştır?,I,II,III,IV,V,C
8aceeff7-3464-567e-918a-a85f604817be,TURKCE,"I. Emevi Halifesi I. Velid zamanında 711 yılın-da ünlü Emevi valisi Musa Bin Nusay, daha sonra kendisinden çok daha ünlü olacak olan Tarık Bin Ziyad'ı 7000 kişilik bir kuvvetle İber Yarımadası'na gönderdi.
II. İç karışıklıklar içerisinde yorgun düşmüş ve Rodrigo'nun zalim yönetiminden bıkmış olan halkın da sayesinde Emeviler, kısa zamanda Pirene'leri aşıp Fransa topraklarında ilerlemeye başlamışlardır.
III. Tarık, gemileri yaktırdıktan sonra veciz sözlerle askerlerine seslenmiş ve bu sözleri tarihe geç-miştir.
IV. ""Arkanızda düşman gibi deniz, önünüzde deniz gibi düşman var. Nereye kaçacaksınız?""
V. Tarık, Vizigot Kralı Rodrigo'nun elindeki İspanya'ya ayak basar basmaz askerlerine geri dönüş umudu bırakmamak için gemileri yaktır-mıştır.

Numaralanmış cümlelerle anlamlı bir bütün oluş-turmak için hangilerinin yerleri değiştirilmelidir?",I ve V,II ve V,II ve III,III ve IV,IV ve V,D
c153db7b-603e-5989-9b16-4eee6c5098a3,MATEMATIK,Esas ölçüsü kendi ölçüsüne eşit olan açılara has açı denir. Yukarıda verilen tanıma göre aşağıdaki açılardan hangisi has açıdır?,$-\frac{2\pi}{3}$,$-\frac{7\pi}{5}$,$\frac{11\pi}{8}$,$\frac{12\pi}{5}$,$\frac{27\pi}{8}$,C
90c4db4c-5cb5-5b01-bf0e-fc9f4fda814f,EDEBIYAT,"Emine karakteri üzerinden okuyan ve sorgulayan bireyi 47'ler romanıyla aktarmıştır. Parasız Yatılı'dan Benim Sinemalarım'a kadar uzanan çizgide sanatçı, edebiyat dünyasına çok yeni ve güçlü bir ses getirmiştir. Hikâye-nin tıkandığı; metin, anlatı, çeşitleme gibi yaklaşımlarla sürdürüldüğü bir dönemde eser üretmiştir. Sanatçının var olan düzeni sorgulama anlayışı, öykü ve romanları-nın temelini oluşturmuştur. Bu parçada tanıtılan sanatçı aşağıdakilerden han-gisidir?",Ayfa Kutlu,Füruzan,Rasim Özdenören,Tahsin Yücel,Oya Baydar,B
4da89b4e-0387-57eb-9770-b4da05914bfb,MATEMATIK,"Bir börekçide bulunan A ve B marka fırınların kapasiteleri ve bu fırınlarda pişen böreklerin pişirme süreleri verilmiştir.
• A marka fırın aynı anda en çok iki tepsi börek pişirebilmektedir ve iki tepsi börek $30$ dakikada pişmektedir.
• B marka fırın aynı anda en çok beş tepsi börek pişirebilmektedir ve beş tepsi börek $50$ dakikada pişmektedir.
• Tepsi sayısı ne olursa olsun her iki fırının da börekleri pişirme süreleri sabittir.
• Bir fırına konulan tepsi pişirme esnasında çıkarılıp diğer fırına konulamaz.
Buna göre, $26$ tepsi börek A ve B marka fırınlarda en az kaç dakikada pişirilebilir?",150,160,170,180,190,B
418cf5a6-87f0-52e4-b9e3-e6619e0c8b51,FIZIK,"Yarı iletkenlerin özellikleri ile ilgili, I. Normalda yalıtkan olup üzerindeki elektriksel alan değiştiğinde iletken hâle gelebilir. II. İçerisine eklenen maddeye göre özellikleri değiştirilebilir. III. Bilgisayarların elektronik devrelerinde yarı iletkenler önemli bir yere sahiptir. yargılarından hangileri doğrudur?",Yalnız I,I ve II,I ve III,II ve III,"I, II ve III",E
2920808b-6b25-57fd-8968-a642ac095ff6,MATEMATIK,"Gerçel sayılar kümesinde tanımlı $y=f(x)$ fonksiyonu için $\lim_{x \to 1^+} f(x) = 4$ ve $\lim_{x \to 1^-} f(x) = 2$ olduğuna göre, $\lim_{x \to (-1)^+} \left( \frac{1}{x-1} + \left| \frac{f(x)}{x-2} \right| \right)$ limitinin değeri kaçtır?",1,2,3,4,6,C
d1b31db9-0ad9-5dfc-acbb-fafe1b4537fe,MATEMATIK,"Aşağıdaki kutuların içine $1$'den $8$'e kadar olan sekiz tam sayı her kutuya farklı bir sayı gelecek şekilde yerleştirildiğinde verilen eşitlikler sağlanmaktadır.

$ \Box - \Box = 1 $
$ \Box \div \Box = 2 $
$ \Box \times \Box = 4 $
$ \Box + \Box = A $

Buna göre, $A$ kaçtır?",8,7,6,5,3,A
6ac65a42-6d67-5054-b52c-be2d2f530056,KIMYA,Kademeleri yukarıda verilen reaksiyonda oluşan Z maddesinin formülü aşağıdakilerden hangisinde doğru olarak verilmiştir?,$CH_4$,$C_2H_6$,$C_2H_2$,$C_6H_6$,$C_3H_4$,C
f0709e8d-fae7-5c2e-a8de-baf4fff1fd53,MATEMATIK,"Bir araştırmaya göre bir insanın vücut yüzey alanı $S(cm^2 \text{ türünden})$ aşağıdaki formülle yaklaşık olarak hesaplanabilir.

$S = 0,1 \cdot w^{\frac{1}{2}} \cdot h^{\frac{1}{2}}$

Buna göre boyu $(h)$ 125 cm ve ağırlığı $(w)$ 64 kg olan bir çocuğun vücut yüzey alanı yaklaşık olarak kaç $cm^2$ dir?",$15$,$18$,$20$,$24$,$25$,D
b7c1b8c3-1a10-5baf-a2c6-76ff05ef95f6,MATEMATIK,"$x \in (0, \frac{\pi}{2})$ olmak üzere,
$\tan 2x = \frac{5}{12}$
olduğunagöre, $\cot x$ değeri kaçtır?",3,4,5,6,8,C
d73ac9de-7d8a-557d-9b99-4957a041a9f7,MATEMATIK,"$f: \mathbb{R} - \{0\} \to \mathbb{R}$ fonksiyonu için $f(x) = 4x - 2 \cdot f\left(\frac{1}{x}\right)$ olduğuna göre, $f(2)$ kaçtır?",$\frac{3}{2}$,$\frac{4}{3}$,$\frac{5}{4}$,$\frac{6}{5}$,$-\frac{7}{6}$,D
521e29a6-3aae-55bc-9aaf-b8a63df4ddc3,MATEMATIK,"$R(x)=x \cdot (x-1) \cdot (x-2) \cdot ... \cdot (x-(n-1))$
$Q(x)=P(x)+P(x+1)+...+P(x+(n-1))$
şeklinde $R$ ve $Q$ polinomları tanımlanıyor.
$Q_2(x)=6x-9$
olduğuna göre, $R_2(x)$ polinomunun $Q_2(x)$ polinomu ile bölümünden kalan aşağıdakilerden hangisidir?",-2,-1,0,1,2,E
86add28e-1086-5be6-842a-713b0ec0e9d0,KIMYA,"$X, Y$ ve $Z$ maddeleri arasında gerçekleşen bir kimyasal tepkimenin denge bağıntısı $K_c = \frac{[Z]}{[X]^2}$ şeklinde olduğuna göre, I. $Y$ katı ya da sıvı haldedir. II. Kısmi basınçlar türünden denge sabiti $K_p = \frac{K_c}{RT}$ eşitliği ile hesaplanabilir. III. Tepkimenin denklemi $Z(g) + Y(k) \rightleftharpoons 2X(g)$ şeklinde olabilir. ifadelerinden hangileri doğrudur?",Yalnız I,Yalnız II,I ve II,II ve III,I ve III,A
c28e4f83-2002-56f9-b0e1-af7d0260a8ff,MATEMATIK,$\\int_0^4 \\frac{1-x}{1+\\sqrt{x}}dx$ integralinin değeri kaçtır?,$\\frac{1}{3}$,$\\frac{2}{3}$,$-1$,$\\frac{4}{3}$,$\\frac{5}{3}$,B
c3574e87-17a3-5e9f-b0ca-89ba22ff6d0a,TURKCE,"Prag'a akşamın altısında geldim. Hemen eşyalarımı emanetçiye götürdüm. Bir otel aramak için iki saatim vardı daha. Kollarım yükten kurtulduğu için tuhaf bir özgürlük duygusuyla hafifledim. Gardan çıkıp bahçeler boyunca yürüdüm. Birdenbire bu saatte kalabalıkla kaynayan caddenin ortasına çıktım. Çevremde o güne kadar yaşamış ama yaşamlarından bana hiçbir şey ulaşmamış bir milyon insanın içinde buldum kendimi. Bir anda afalladım, nerede bulunduğumuz bilemez oldum.
Bu parçanın anlatımında aşağıdakilerden hangisi vardır?",Gerekçelendirme,Öneri,Karşılaştırma,Koşul,Tahmin,A
c5e7e1e1-0bab-5852-803f-23c68753a870,MATEMATIK,"$x > 0$ olmak üzere, $f(x) = \sqrt[3]{x \sqrt{x}}$ olduğuna göre, $f'(4)$ değeri kaçtır?",$\frac{\sqrt{6}}{8}$,$\frac{\sqrt{3}}{12}$,$\frac{\sqrt{6}}{24}$,$\frac{\sqrt{3}}{24}$,$\frac{\sqrt{6}}{48}$,C
fd45669a-5420-5f98-9560-05e347a11a9c,TURKCE,"Doğu ve Batı Akdeniz'in birleştiği noktada yer alan Kartaca, bu iki bölge arasındaki çok büyük ekonomik düzey farkın-dan yararlanmıştır. Batı gelişmemiştir. Kartaca, oradan her şeyi ucuza elde etmektedir. Kassitoid Adalarından ve Kuzey Batı İspanya'dan kurşun, bakır ve özellikle gümüş; Kara Afrika'dan altın tozu getirir. Buna bir de köle sağlayan yerlerden alıp getirdiği köleleri eklemeliyiz. Kartacalı tüccar kendi mallarını ve başkalarından aldığı malları Batı'ya getirip satmaktadır. Bu durumda paranın ortaya çıkması gecikir.

Bu parçaya göre Kartaca'nın ticari bakımdan en önemli avantajı aşağıdakilerden hangisidir?",Her şeyi ucuza elde edebilmesi,Coğrafi konumu,Başka yerlerden maden getirmesi,Köleleri çalıştırması,Alışverişte para kullanmaması,A
09b001c1-6b2e-509b-a22d-8536242a1d1a,MATEMATIK,"$A = \{1, 2, 3, 4, 6, 12\}$ kümesinin elemanları birer kez kullanılmak şartıyla, bu elemanlar aşağıdaki kesirlerde eşitlikleri sağlayacak şekilde pay ve paydaya yerine yazılıyor. Buna göre, pay kısmına yazılacak üç sayı aşağıdakilerden hangisi olabilir?","12, 6, 3","12, 4, 2","12, 3, 1","6, 4, 2","6, 3, 1",D
f5ebd34f-3c31-5a66-ae4f-2eba8aa7f0d4,MATEMATIK,"$n>2$ olmak üzere,
$f(x) = \frac{1}{1-x^n}$
$\int f(x)+f'(x)dx$ ifadesinin eşiti aşağıdakilerden hangisidir?",$\int x^2-dx$,$\int x^3-dx$,$\int x^4-dx$,$\int x^5-dx$,$\int x^6-dx$,B
abe45484-150e-5e5d-9984-bd42c5abd4de,KIMYA,"• $XY_4$ ile $F^-$
• $CX^-$ ile $SO_4^{2-}$
iyon çiftlerinin elektron sayıları eşittir.
Buna göre, X ve Y'nin çekirdek yükleri aşağıdakilerin hangisinde doğru verilmiştir? ($C_6$)","8, 1","3, 11","7, 1","1, 8","1, 7",A
02f84709-95c3-5133-996b-b0bdb8dcfaeb,MATEMATIK,"$(x-2)^16 = a_{16}x^{16} + a_{15}x^{15} + ... + a_2x^2 + a_1x + a_0$ olduğuna göre, $a_{15} + a_{13} + ... + a_3 + a_1$ toplamı kaçtır?",$3^{16}$,$1$,$3^{16} - 2^{16}$,$2^{16} - 3^{16}$,$2^{16}$,C
66e893dd-0dcb-5b08-96cb-c95af26103d8,MATEMATIK,$(a_n)=\left(1+\frac{2n+1}{n^2}\right)$ dizisinin ilk on teriminin çarpımı kaçtır?,121,100,81,64,49,A
c45f0b88-eef5-53e2-a364-5e849c5e0cc2,MATEMATIK,"Belirli bir markaya ait şampuanın bir şişesini; Cezmi 20 günde, Hamza ise 25 günde bitirmektedir. 400 gün sürecek turneye birlikte çıkacak olan bu iki kişi yanlarına bu şampuandan yeteri kadar alacak ve turne boyunca şampuan aynı şişeden ortak kullanacaklardır.
Buna göre, Cezmi ve Hamza yanlarına toplamda en az kaç şişe şampuan almalıdır?",24,28,32,36,40,D
98af64c0-bfde-5067-a6d2-7a96c48dd9b2,KIMYA,"Bir atom elektron aldığında hacmi artar, elektron verdiğinde hacmi azalır.
Buna göre,
I. X$^{3+}$
II. Y$^{2-}$ 
III. Z$^{1-}$ 
iyonlarının nötr halden iyon haline geçerken hacimlerindeki değişim hangisinde doğru verilmiştir?",Artar Azalır Azalır,Azalır Artar Artar,Azalır Azalır Azalır,Azalır Artar Azalır,Artar Artar Artar,B
37c8a67a-7a5b-5177-978b-793bc424e58d,MATEMATIK,"$P(x)$ ve $Q(x)$ polinomlarıyla ilgili iki tane bölme işlemi aşağıda verilmiştir. Buna göre, $P(x)$ polinomunun $x^2-4$ ile bölümünden kalan aşağıdakilerden hangisidir?",11,22,$x+11$,$5x-11$,$5x+11$,E
ecbe3a69-d16f-5edd-8144-d220645240ea,MATEMATIK,"$(a_n)$ aritmetik dizisinin ilk $n$ teriminin toplamı $S_n$'dir.
$S_{12} - S_8 = 42$
olduğuna göre, $S_{20}$ kaçtır?",200,210,230,240,260,B
3ececbce-8332-57a9-86b9-8427b0846791,MATEMATIK,"Analitik düzlemde $A(1, 1)$ ve $B(a, a+1)$ noktaları veriliyor. Bu iki nokta arasındaki uzaklık en az olduğunda $a$ kaçtır?",$-\frac{1}{2}$,$-\frac{1}{4}$,$\frac{1}{4}$,$\frac{1}{2}$,$2$,A
4fa04e52-5083-5442-a4c7-6e2145d9413c,MATEMATIK,"$a,b$ şeklinde tanımlanıyor. Buna göre, ifadesinin sonucu kaçtır?",6,$\frac{16}{3}$,5,$\frac{14}{3}$,$\frac{13}{3}$,B
9e9f5405-8dbd-5e94-81d1-e250292c1d77,TURKCE,"Sürüngenlerden olan timsah, sıcak bölgelerin akarsularında yaşayan iri bir hayvandır. Vücudu ağır, bacakları kısadır. Timsahlar, karada zorlukla yürüdüklerine karşılık suda çok iyi yüzerler. Karada bazen sağa sola devrilmez, suyun içinde çok hareketli, mızrak bir çene olur. Sadece üst çenesi değil yüzleri oynayabilir, esnekliği olmadığı için ağzını istediği kadar açabilir ve timsahların çeneleri çok kuvvetlidir. Timsahların vücudu, kalın pullarla örtülüdür; sırtlarındaki pullar, zırh görevi görür. Karada bile timsahların zırhlarına zarar vermek, hiç kolay değildir. Yumurta ile çoğalan bu hayvan türü; yumurtalarını toprağa, otların arasına bırakır. Bir süre sonra patlayan yumurtalardan küçük timsah yavruları çıkar.

Bu parçadan aşağıdaki yargılardan hangisi çıkarılabilir?","Sıcak ülkelerde çok eski dönemlerden görülen timsahlar, artık çok farklı görünüşleriyle günümüzde daha nadir olarak görülmektedir.","Pek çok timsah, çok güçlü bir yapısı olmasından dolayı doğadaki birçok canlıyı yok etme yeteneğine sahiptir.","Timsahlar, genellikle doğa yaşamlarına bütünü ile bağlı kalarak yeni yaşam yerleri aramayı gerekli görmezler.","Bir timsah, yaşadığı bölgeyi değiştirme gereği gördüğü zaman yeni yerleşim alanındaki küçük canlıları çok kolay yok edebilir.","Timsahlar, hızlı hareketleri karadan ziyade suyun içindeyken yapabilmekle beraber vücutlarının bazı özellikleri onları karada da koruyabilmektedir.",E
95eac908-158d-55d7-8b00-d43f9a58a71a,TURKCE,"Film, sevdiklerini geride bırakarak yaşadığı şehri terk etmek zorunda kalan bir karaktere odaklanıyor. Bir çeşit kimsesizlik, yabancılık, en soğuk söylemleriyle göçmenlik hâli oluşturan bir terk ediş bu. Yaşadığı duyguların derinliğini anlamamız için karakter durup durup bazı anları kafasında canlandırıyor, aynı sahneler tekrar tekrar gözünün önüne geliyor, terk ettiklerinin özlemini duyuyor. Küçük yaşta ayrıldığı İstanbul, dedesi, baharatlar, kokular ve tatlardan oluşan bir hayal dünyası kuran karakterin filmin sonunda söylediği gibi, bir yerden ayrılmadan önce dönüp bakan kişi gittiği yere bir türlü gerçek anlamda tutunamıyor.
Bu parçada söz edilen filmin karakteriyle ilgili aşağıdakilerden hangisi söylenebilir?",Gittiği yeri anıların etkisiyle dönüştürdüğü,Farklı kültürleri benimsemeye direndiği,Belleğine kazınan anıları unutmaktan korktuğu,Geçmişle olan bağlarını koparmakta zorlandığı,Geçmiş ve şimdi arasında karşılaştırma yaptığı,D
788f7861-706f-5b9c-8632-f87c7c9dce37,MATEMATIK,"Başatsayısı $1$ olan üçüncü dereceden $P(x)$ polinomu ile başatsayısı $1$ olan birinci dereceden $Q(x)$ ve $R(x)$ polinomları veriliyor.
Bu polinomlar için,
• $P(x) \cdot Q(x)$ polinomu $x^2+x-6$,
• $P(x) \cdot R(x)$ polinomu $x^2+x-12$,
• $Q(x) \cdot R(x)$ polinomu $x^2-2x-3$,
ile tam bölünüyor.
Buna göre, $P(x)$ polinomunun $Q(x)+R(x)$ ile bölümünden kalan kaçtır?",12,20,24,28,36,C
9b6971bd-b4c2-508f-9ba8-6e4165714028,TURKCE,"Kaşların benziyor yavru marala
Gözlerin hükmeder yedi kırala
Seher vakti olup boynun irgala
Dokansın tellere yel yavaş yavaş
Bu dörtlükte aşağıdaki ses olaylarından hangisi yok-tur?",Ulama,Ünsüz benzeşmesi,Ünsüz yumuşaması,Ünlü daralması,Ünlü düşmesi,D
479c92d9-b325-5ec0-a96f-f0bd53cda151,GEOMETRI,"Dik koordinat düzleminde $A(a-2, b-6)$ noktasının y-eksenine göre simetriği II. bölgede olduğuna göre, $a+b$ toplamının en küçük tam sayı değeri kaçtır?",5,6,7,8,9,E
700c343d-3da7-5854-b02a-cc8ed1a672e3,MATEMATIK,"$\\int \\frac{f'(x)-\\frac{1}{x^2}}{(\\frac{1}{x}+x)^2}dx=K$ olduğuna göre, $\\int \\frac{f'(x-1)}{x^2}dx$ integralinin K türünden eşiti aşağıdakilerden hangisidir?",$K^2-1$,$K+1$,$\\frac{K}{4}$,$2K$,$K-1$,E
13937402-65d6-5dbc-84da-29134985b560,TARIH,"Osmanlı padişahları, Rumeli'de fethettikleri yerlere Türkmenleri yerleştirirken bu yerleşimden özellikle Bizans'a yakın sınırlara yapılmasına özen göstermişlerdir.

Osmanlı padişahlarının bu uygulamasının nedeni aşağıdakilerden hangisi olabilir?",Bizans'tan gelecek tehlikeleri engellemek,Bizans ile olan siyasi ilişkileri geliştirmek,Anadolu'yu bayındır hâle getirmek,Tarımsal üretimi artırmak,Bizans topraklarında Türk kültürünün yok olmasını engellemek,A
2418acf9-698e-5cfe-b91a-13f86e2c9985,MATEMATIK,"$P(x)$ ve $Q(x)$ polinomlarının tam sayı sıfırları sırasıyla 4 ve $-4$, sabit terimleri sırasıyla $-4$ ve $4$'tür. Buna göre I. $P(Q(x-4))$ II. $Q(Q(x-4))$ III. $Q(P(x-4))$ ifadelerinde verilen polinomlardan hangileri $(x-4)$ ile kesinlikle tam bölünür?",Yalnız I,Yalnız II,I ve III,II ve III,"I, II ve III",C
933f7f9f-8bc0-5c66-837c-0a1079680846,KIMYA,"0,005 mol HCl ile 500 ml çözelti hazırlanıyor. Buna göre, HCl çözeltisinin oda sıcaklığında pOH değeri kaçtır?",1,2,4,12,13,E
29b16a7a-c650-53c5-b94c-540b4c55b294,KIMYA,"0,5 mol $Ca(OH)_2$ bileşiğinin suda tamamen iyonlarına ayrılarak çözündüğü sulu çözeltiye I. 0,5 mol $H_3PO_4$ II. 1 mol $HClO_4$ III. 2 mol $HCl$ içeren sulu çözeltilerden hangileri eklenirse son durumda oluşan çözeltinin oda koşullarında pH değeri 7 olur?",Yalnız I,I ve III,II ve III,Yalnız II,"I, II ve III",C
549a00a4-7346-5824-ba5c-9f66aaa85b15,TURKCE,"Michigan Devlet Üniversitesi'nden araştırmacıların gerçekleştirdiği bir araştırmada, bitkilerin ihtiyacından daha fazla gübre kullanıldığında azotlu gübrelerin neden olduğu $N_2O$ emisyonunun hızlandığını göstermek için dünyanın farklı yerlerinden elde edilen veriler kullanıldı. Bu cümleyle ilgili aşağıdakilerden hangisi söylenemez?",Yükleminde edilgen çatılı bir fiil vardır.,Sözde özneye yer verilmiştir.,"Yüklemi, basit zamanlı bir fiildir.",Dönüşlü fiil kullanılmıştır.,Üstünlük belirtecine yer verilmiştir.,D
a0c5126c-cc0f-59ee-8652-c77a4e407287,MATEMATIK,"Maliyet fiyatı $x$ TL olan bir mal %30 kârla $y$ TL'ye satılmaktadır. $x$ ile $y$ arasında $2x-y=84$ bağıntısı olduğuna göre, bu malın satış fiyatı kaç TL'dir?",135,140,148,156,162,D
e67e2a31-e311-5db6-8798-52a5e79aa107,MATEMATIK,"$f: [5, \infty) \to A$ $f(x) = \log(x-1) + 1$ fonksiyonu örten bir fonksiyon olduğuna göre, $A$ kümesi aşağıdakilerden hangisidir?","$[3, \infty)$","$[0, \infty)$","$[5, \infty)$","$[6, \infty)$","$[2, \infty)$",A
80b6b008-e7bf-5f14-b855-c7578365f6cd,TARIH,"1931'de Mançurya'yı işgal ederek Çin'e yönelmesi
1933'te Milletler Cemiyeti'nden çekilmesi
1934'te 1922'de imzalanan ve Japon deniz kuvvetlerini sınırlandıran Washington Deniz Silahsızlanma Antlaşması'ndan çekilmesi
1934'de ""Asya Asyalılarındır."" diyerek Batılıların Çin'le olan ilişkilerini kesmelerini istemesi
Bu parçadaki verilenler aşağıdaki hangi devletin savaşa giriş nedenleri arasında yer almaktadır?",Almanya,Rusya,Japonya,İtalya,Hindistan,C
b1f3a04c-6865-54cd-b223-36a2296bf0da,MATEMATIK,"$\text{sin}x \cdot \text{sin}y = \frac{1}{5}$ ve $\text{cos}x \cdot \text{cos}y = \frac{1}{3}$ olduğuna göre, $\text{cos}(x-y)$ kaçtır?",$\frac{8}{15}$,$\frac{7}{15}$,$\frac{1}{15}$,$\frac{2}{5}$,$\frac{3}{5}$,A
16492326-1c55-5c6f-84f1-1bd61902a061,MATEMATIK,"$(a_n)$ dizisinde $a_n = n \cdot a_{n-1}$ ve $a_1 = 1$ olduğuna göre, $a_5$ kaçtır?",\frac{1}{19!},\frac{1}{18!},1,18!,19!,E
599a51d2-df02-5e1b-b43c-3b7a96437df4,MATEMATIK,"Ağırlıkça %30'u şeker olan 120 gr'lık şekerli su karışımından bir miktar su buharlaştırılınca kalan karışımın şeker oranı %40 oluyor. Buna göre, karışımdan kaç gram su buharlaştırılmıştır?",15,20,25,30,35,D
3c3ab8aa-c613-53eb-9ebe-c46d04be41a7,TURKCE,"(I) Oktay Rıfat şiirlerinde kendi eski kişiliğine aykırı bir yola sapmamış. (II) Gerçekçi bir sanatçı olduğu için hiçbir tutarsızlığa düşmemiş. (III) Gölgeleşim sahnede eski oyunlarının seyircide yarattığı güven ve saygı kontenjanından harcayan bir oyuncu gibi davranıyor. (IV) Oktay Rıfat'ın kontenjanı öylesine geniş ki ömrü boyunca tükenmez belki de. (V) Ama ondan yeni atılımlar beklemek, yapacağını bile bile beklemek bizim hakkımız değil mi?
Yukarıda numaralanmış cümlelerden hangisinde ""olumsuz eleştiri"" yapılmıştır?",I,II,III,IV,V,C
a09338a1-0edb-5f00-8da5-2bd9ddea4182,EDEBIYAT,"Kaleme gitmediği günler ise saçlarını kestirmek, terziye esvap ısmarlamak, kunduracıya koşu vermek gibi hiç eksik olmayan meşgalelerle doluydu. Bu sırada bazen vakit geçirir, cumaları, pazarları da sabahleyin hocalarıyla yarımşar saat ders müzakeresinden sonra hanesinden çıkar, akşamlarıra kadar seyir yerlerinde dolaşırdı. Vilayetlerde bulunduğu zaman en büyük zevki; simalı esvap içinde, midilli veya at üzerinde, arkasında çifte çifte uşaklarla sokak sokak gezip dolaşmaktan ibaret olan paşaların, İstanbul'a geldikten sonra bırakıp üç şeye masruf oldu: Birincisi; evrakı kullanmak, ikincisi; alafranga beylerin hepsinden daha süslü gezmek, üçüncüsü de herbeher, kunduracılar, terziler ve gazinolardaki garsonlarla Fransızca konuşmak. Bu parçada aşağıdaki roman kahramanlarından hangisinden söz edilmektedir?",Celal Bey,Mansur Bey,Ali Bey,Bihruz Bey,Talat,D
3861ef57-91bb-54ee-883d-9b521d211308,MATEMATIK,"Bir ABC üçgeninin kenar uzunlukları $a, b, c$ olmak üzere, $m(\hat{A}) = 90^\circ$ ve $a = \sqrt{2}(b-c)$ olduğuna göre, $m(\hat{C})$ kaç derecedir?",15,20,25,30,35,C
dc7fea6b-2cc2-5465-80e4-8f3b332bddc6,MATEMATIK,$a_n = (\frac{3n-15}{2n-1})$ dizisinin kaç terimi negatiftir?,$10$,$8$,$6$,$5$,$4$,E
c7b925ef-d6be-571e-b427-0cd8b7e38ecf,MATEMATIK,"Eşitsizliğini sağlayan kaç negatif tam sayı vardır?
$x^3-x^2-4x+4 \ge 0$",3,2,4,5,1,B
10932db7-57b5-50e6-b3ec-9d2302e88f72,MATEMATIK,log$_{2}x + \text{log}_{2}(x+6) = 4$ denkleminin çözüm kümesi aşağıdakilerden hangisidir?,{7},"{-7, 1}","{1, 7}",{1},"{3, 7}",D
8dab8e1f-3a7d-5be6-8061-d26d54588a60,KIMYA,"Erimiş $MgCl_2$ tuzu 0,6 Faradaylık elektrik yüküyle elektroliz edildiğinde katotta kaç mol Mg toplanır?","0,1","0,2","0,3","0,6","1,2",C
855239e0-bcd0-5684-9b29-703bb75d8b5a,MATEMATIK,"$a \in (\frac{\pi}{3}, \frac{\pi}{2})$ olmak üzere, $x = \sin(\frac{a}{2})$, $y = \cos(\frac{a}{2})$, $z = \cot(\frac{a}{2})$ eşitlikleri veriliyor. Buna göre, $x, y$ ve $z$ sayılarının doğru sıralanışı aşağıdakilerden hangisidir?",$y < x < z$,$x < y < z$,$y < z < x$,$z < y < x$,$x < z < y$,B
cc16a0b5-a6b7-5ef9-83be-f41e96ee41b7,FIZIK,"Elektromanyetik teori dört yasa temel alınarak oluşturulmuştur.
Bu yasalar;
1. Gauss Elektrik Alan Yasası
2. Gauss Manyetik Alanlar Yasası
3. Faraday İndüksiyon Yasası
4. Ampere-Maxwell Yasası
şeklinde tanımlanabilir.
Buna göre verilen yasalar dikkate alındığında aşağıdakilerden hangisi bu yasaların kapsamı dışında bir açıklamadır?",Yüklü bir cisimde başlayan veya biten elektrik alan çizgi sayısı yükün büyüklüğü ile doğru orantılıdır.,Manyetik alan çizgilerinin başladığı ve bittiği bir kutup yoktur. Manyetik alan çizgileri kapalı eğriler şeklindedir.,Manyetik alanlar değişken elektrik alanlar tarafından oluşturulur.,Değişken manyetik alanlar elektrik alan oluşturur.,Elektrik alan ve manyetik alanların kaynağı farklıdır.,E
eef34295-0232-5ab4-9c9e-08a7957d9a52,MATEMATIK,"Katsayıları sıfırdan farklı birinci dereceden $P(x)$ ve $Q(x)$ polinomları için, $P(x)$ polinomunun başkatsayısı, $Q(x)$ polinomunun sabit terimine eşittir. $P(x)$ polinomunun sabit terimi, $Q(x)$ polinomunun başkatsayısına eşittir. $P(x)-Q(x)$ polinomunun sabit terimi $4$ ve $P(x)+Q(x)$ polinomunun katsayıları toplamı $12$ olduğuna göre, $P(x)$ polinomunun $x+1$ ile bölümünden kalan kaçtır?",5,4,3,2,1,D
f1e5f0b0-1dc8-563b-a30b-e52c3c43e385,MATEMATIK,"$x-1 = 0,232323...$ ve $y-2 = 1,767676...$ olduğuna göre, $x+y$ toplamı aşağıdakilerden hangisine eşittir?","5,7",5,"$4,\overline{8}$","$4,\overline{7}$","$4,\overline{6}$",B
b2e0ca7f-5603-5042-bb0f-aadbb7307a7c,GEOMETRI,"Şekildeki ABCD ikizkenar yamuğu teğetler dörtgenidir. $|AD|= |BC|=10$ cm, $|DC|=4$ cm. Yukarıdaki verilere göre, Alan(ABCD) kaç $\text{cm}^2$ dir?",60,70,80,90,100,D
98b4d67a-c596-5a14-81a7-30d0e9aebb89,TURKCE,"(I) Güzel kokuların fiziksel ve ruhsal durumumuzu etkilediği MÖ 5000'li yıllardan beri bilinmektedir. (II) Kişi üzerinde duygu durumu kontrolü sağlamak, stres azaltmak, canlandırmak ve yatıştırmak gibi etkilere sahiptir. (III) Kokunun diğer önemli kullanım amacı, toplumda kabul görme isteğinden kaynaklanmaktadır. (IV) Toplum içinde kabul görme, kişinin yaşamsal ihtiyaçlarından sonra gelen en önemli ihtiyacı olarak sayılabilir fakat koku hissi tamamen kişisel özellikler göstermektedir. (V) Yaşam şekli, kültürel özellikler, yaş ve cinsiyet; koku beğenisini etkilemektedir. Numaralanmış cümlelerle ilgili aşağıdakilerden hangisi söylenemez?","I. cümle, girişik birleşik cümledir.","II. cümlede, birden fazla yan cümle vardır.","III. cümle, sıralı cümledir.","IV. cümle, bağlı cümledir.","V. cümle, basit cümledir.",C
ddea933d-85a3-5e1b-a5a5-afdfdf312ed7,MATEMATIK,"Bir pastaneye gelen 1., 2. ve 3. müşteriler pastaneye geliş sıraları ile ters orantılı olarak kadayıf almışlardır. Bu üç müşterinin aldığı toplam kadayıf $22$ kg olduğuna göre, 2. müşteri kaç kg kadayıf almıştır?",1,2,3,4,5,D
e2e1ebd2-6dea-5145-b3b2-a0f2809ee83f,MATEMATIK,$\\int_{4}^{9} \\frac{1 - \\sqrt{u}}{\\sqrt{u}} du$ integralinin değeri kaçtır?,-9,-8,-6,-3,-2,D
0fad18f2-30ab-5a9f-9c30-38fa210fa8d5,MATEMATIK,"$f: \mathbb{R} \to [-3, 5)$ örten fonksiyonu tanımlanıyor.
• $y=3-f(x)$ fonksiyonunun görüntü kümesi $A$
• $y=-2f(x)$ fonksiyonunun görüntü kümesi $B$
olimits olduğuna göre, $A-B$ kümesi aşağıdakilerden hangisidir?","$(-10, 9)$","$[-6, 9)$","$(-10, 6)$","$(-9, 6)$","$[6, 15)$",B
feb68e1f-629a-597c-b93f-d9b6fcbe0958,MATEMATIK,"Başkat sayıları aralarında asal olan $P(x)$ ve $Q(x)$ sırasıyla ikinci dereceden ve birinci dereceden polinomlardır.
$Q(x)$ polinomunun aynı zamanda $P(x)$ polinomunun da çarpanlarından biridir.
$\frac{P(x)}{Q(x)} = \frac{4}{x-3}$ ve $Q(x)$ polinomunun katsayıları toplamı $9$ olduğuna göre, $P(x)$ polinomunun katsayıları toplamı kaçtır?",-28,-24,-18,-16,-12,B
2540338d-0420-59e3-ae48-1ffdc6ce81a8,MATEMATIK,"$a$ ve $b$ birer gerçek sayı olmak üzere, gerçek sayılar kümesi üzerinde bir $f$ fonksiyonu
$f(x) = \begin{cases} 2^{x^2}+a, & x \le 0 \\ 2-f(x), & 0 < x \le e^2 \\ a+b-\ln x, & x > e^2 \end{cases}$
biçiminde tanımlanıyor.
$y=f(x)$ fonksiyonu gerçek sayılar kümesinde sürekli olduğuna göre, $a+b$ toplamının değeri kaçtır?",$\frac{1}{2}$,$\frac{3}{2}$,$\frac{5}{2}$,$\frac{7}{2}$,$\frac{9}{2}$,D
fa0fec07-b2a6-514e-a0b1-6f75c03639c7,MATEMATIK,"Elif doğduğunda annesi $26$, babası $29$ yaşındaydı. Anne, baba ve Elif'in bugünkü yaşları toplamı $82$ olduğuna göre, Elif'in bugünkü yaşı kaçtır?",8,9,10,11,12,C
311c8c97-8e31-5724-9a33-7f1cd218da02,FIZIK,"Yerküre, Güneş etrafında birbirleriyle uyguladıkları kütle çekim kuvveti nedeniyle belirli bir yörünge izlemektedir. Her yıl bu yörünge üzerinde Yerküre'nin Güneş'e en yakın olduğu gün 3 Ocak'tır.
Güneş dışındaki diğer gök cisimlerinin etkisinin ihmal edildiği durumda;
I. Yerküre'nin çizgisel hızı,
II. Yerküre'nin Güneş'e göre açısal momentumu,
III. Yerküre'ye Güneş tarafından uygulanan kütle çekim kuvveti
büyüklüklerinden hangileri 3 Ocak'ta, 3 Haziran'dakinden daha büyüktür?",Yalnız I,Yalnız II,I ve II,I ve III,II ve III,D
f95f6ed8-4579-5cc1-ad7c-89317d73ce48,FIZIK,Dalga boyu $7750 \mathring{A}$ olan bir kırmızı ışığın enerjisi kaç $eV$ dur? ($hc=12400 \ eV \mathring{A}$),"1,2","1,5","1,6","1,9","2,1",C
97386101-9f19-55b4-b95d-b6988e4da4e1,MATEMATIK,a ve b pozitif gerçek sayılar olmak üzere $x^2 + ax + b = 0$ ve $ax^2 + (b+3)x + a = 0$ denklemleri veriliyor. Bu denklemlerden her birinin çözüm kümesinin eleman sayısı 1 olduğuna göre $a-b$ toplamının alabileceği farklı değerlerin çarpımı kaçtır?,24,32,45,72,120,D
683e4ed4-a11a-564e-bc16-04163b60f2f1,KIMYA,"$^{11}$Na atomuyla ilgili;
I. Elektron dizilimi $2-8-1$ şeklindedir.
II. Periyodik cetvelin 3. yatay sırasının ilk elementidir.
III. 1 elektron alarak oktete ulaşır.
yargılarından hangileri doğrudur?",Yalnız I,Yalnız II,I ve II,II ve III,"I, II ve III",C
76a8e606-9b13-5fa8-ac3c-0e054c2631fd,KIMYA,Etil metil asetilen bileşiğinin IUPAC adı aşağıdakilerden hangisidir?,1-bütin,1-pentin,2-pentin,3-metil-1-bütin,3-metil-1-pentin,C
ad45c071-1e82-53dc-9308-42341d400b19,MATEMATIK,"Dik koordinat düzleminde $A(4, n-3)$ ve $B(n+2, -1)$ noktaları aynı bölgede ise $n$'nin alacağı tam sayı değerlerinin toplamı kaçtır?",$-3$,$-1$,$1$,$2$,$3$,D
deaf8d3e-1be6-50a4-b36f-d4f41ea54f2d,MATEMATIK,"Yerel ekstremum noktalarından biri $A(0, 2)$ olan $f$ fonksiyonu için, $f(x) = \int (4x^3 + 2x - a)dx$ olduğuna göre, $f(1)$ kaçtır?",1,2,4,6,8,C
ab0faba4-035e-548d-922e-f52984176363,MATEMATIK,"Uygun şartlarda tanımlı $f$ ve $g$ fonksiyonları için $f(x) = x^2+4x-1$ ve $(g \circ f)(x) = (x+2)^2$ olduğuna göre, $g(x)$ fonksiyonu aşağıdakilerden hangisine eşittir?",$(x+2)^2$,$(x-3)^2$,$(x-4)^2$,$(x+5)^2$,$(x+1)^2$,A
744ceb00-8f8c-5393-b7b4-37f3076cdf9f,GEOMETRI,"Dik koordinat düzleminde iki köşesi
$x+y+6=0$
$x-y+2=0$
doğruları üzerinde olacak şekilde çizilebilecek en küçük karenin alanı kaç birimkaredir?",8,12,16,24,32,C
5853e936-cc87-5adc-a7a3-23483b87c08a,MATEMATIK,"$-2 < x < 3$ ve $x-y+5=0$ olduğuna göre, $y$'nin değer aralığı aşağıdakilerden hangisidir?","$[3, 8]$","$(3, 8)$","$(3, 7)$","$(-8, -3)$","$[-8, -3]$",B
f26ebd5a-8354-5371-aca4-70b10b36f846,TURKCE,"Aşağıdaki cümlelerde verilen altı çizili sözcüklerden hangisi mecaz anlamda kullanılmamıştır?
A) Hayatın daha başlangıcında şanssızlıklarla karşılaşmış olmak onu yaralamıştı.
B) İkinci dönemde okula kayıt olan arkadaşlar okula yeni yeni ısınıyor.
C) Diğer sınavlarda olduğu gibi bu sınavda şans yüzüme güldü.
D) Onu kanadı altına almış her şeye karşı korumuştu.
E) Bilimin ışığı, toplumların uygarlaşmasını sağlar.",yaralamıştı,ısınıyor,güldü,kanadı,ışığı,D
b45c96c2-f72a-5c10-9b0f-7cf58d8dabcd,MATEMATIK,"$$(a_n) = \left(\frac{6n-9}{2n-1}\right)$$ $$(b_n) = \left(\frac{3k-x}{n+1}\right)$$ dizileri için $(a_n) = (b_n)$ olduğuna göre, $k$ kaçtır?",3,6,9,12,15,D
b4411a1e-bbcc-5892-92d3-b1c6ecd836e5,MATEMATIK,"$f(x) = \frac{1}{x} + \frac{1}{x^2}$ olduğuna göre, I. $f(2)$ II. $f(3)$ III. $f(4)$ sayılarından hangileri asal sayıdır?",Yalnız I,Yalnız II,Yalnız III,I ve II,II ve III,A
96289d8d-65fb-5e1a-8d86-17e5407334bd,MATEMATIK,"Bir veri grubundaki sayıların toplamının, gruptaki terim sayısına bölümü ile elde edilen sayıya o veri grubunun aritmetik ortalaması denir.
Ağırlıkları $80, 82, 84, 86, 88$ ve $90$ kg olan $6$ kişilik güreş takımı turnuvaya hazırlanmak için kampa giriyor ve bu takımın turnuvaya katılabilmesi için kamp sonunda her bir sporcunun ağırlığının $82$ kg olması gerekiyor.
Bu takım turnuvaya katıldığına göre, takımdaki güreşçilerin kamp sonundaki ağırlıklarının aritmetik ortalamasının kamp başındakine göre değişimi, aşağıdakilerin hangisinde doğru verilmiştir?",1 azalmıştır.,2 azalmıştır.,3 artmıştır.,2 artmıştır.,3 azalmıştır.,A
1ef2fb6f-ee26-5611-8d0b-4db7376f6a8a,MATEMATIK,"A = {1, 2, 3, 4, 5}
B = {3, 4, 5, 6, 7, 8, 9}
olduğuna göre, A \ B kümesinden seçilen bir elemanın A \cap B kümesinin bir elemanı olma olasılığı kaçtır?",5/9,4/9,2/3,1/3,2/9,E
9df32a64-6fec-5bcf-9fff-354949c1bb9c,MATEMATIK,"$f(x) = \frac{\sqrt{x} \cdot \sqrt[3]{x}}{\sqrt[6]{x}}$ fonksiyonları veriliyor. Buna göre, $\lim_{x \to 64} \frac{f(x) - f(64)}{x - 64}$ limitinin değeri kaçtır?",$\frac{5}{12}$,$\frac{1}{2}$,$\frac{5}{3}$,2,4,A
2e303ef6-4296-5d35-9cdb-c28da33db768,KIMYA,Aşağıdakilerden hangisi hava kirliliğine en az neden olan enerji kaynakları arasında yer alır?,Mazot,Doğal gaz,Kömür,Hidroelektrik santral (HES),LPG,D
72f218e0-ffb4-5f3d-a784-d600f6736357,MATEMATIK,"Mustafa çözdüğü 3 farklı TYT denemesinden
• Birincisinde 60 soru
• İkincisinde birinciden $x$ soru fazla
• Üçüncüsünde ikinciden 5 soru fazla
soruyu doğru cevaplamıştır.
Mustafa üç denemede toplam 215 soruyu doğru cevapladığına göre, $x$ kaçtır?",15,17,18,20,24,D
4cf3ec8e-990d-5816-a94a-9ead0d402090,FIZIK,"Fotoğraf makinelerinde fotoğraf çekerken ışık ihtiyacını bir anlık karşılamak için flaş sistemi kullanılır. Flaş sistemi bir pil, bir sığaç, bir anahtar ve özel bir ampulden oluşan bir elektrik devresidir. Anahtar kapatıldığında pil tarafından sığaçta depolanan enerji çok kısa bir sürede ampulden üzerinden geçer ve çok kısa süre şiddetli bir ışık üretir. Buna göre, I. Flaş sistemindeki pilin potansiyel farkı artırılırsa sığacın sığası azalır. II. Flaş sisteminde sığası daha büyük tam dolu bir sığaç kullanılırsa ampulde daha şiddetli bir ışık üretilir. III. Flaş ışığının parlamasıyla birlikte sığaçta depolanan yük azalmaya başlar. yargılarından hangileri doğrudur?",Yalnız I,Yalnız II,I ve II,II ve III,"I, II ve III",D
e7191ed7-fec4-5306-8aa4-cab6fde0bdee,MATEMATIK,"$x$ ve $y$ gerçel sayılar, $x-y=1$ eşitliklerini sağlıyor. Buna göre, $x^2+4y^2$ toplamı kaçtır?",10,16,18,20,24,D
1c960e6e-7233-54b9-9d65-5e41d9231c0a,FIZIK,"Yarı iletken teknolojisinin ürünü olan transistörlerin kullanım alanlarına I. araç antenlerine gelen elektrik sinyalinin güçlendirilmesi, II. barajlarda üretilen elektriğin geriliminin yükseltilmesi, III. müzik dinlemek için kullanılan elektronik devrelerde sesin yükseltilmesi örneklerinden hangileri verilebilir?",Yalnız I,Yalnız II,I ve III,II ve III,"I, II ve III",C
ae9cc285-450c-5ce2-968a-2f965aaa1df3,MATEMATIK,$x^2-5x+a-1=0$ denkleminin $x_1$ ve $x_2$ kökleri arasında $x_1^2+x_2^2=35$ bağıntısı vardır. Buna göre $a$ kaçtır?,-7,-5,-3,-2,-1,E
aab3dde0-c16f-599c-a146-3be9ab7ed152,KIMYA,"Açık zincirli doymuş bir monokarboksilik asit ile 11,5 gram etanol tepkimeye girdiğinde 29 gram ester elde ediliyor. Buna göre, tepkimede kullanılan karboksilik asitin formülü aşağıdakilerden hangisinde doğru verilmiştir? (H: 1, C: 12, O: 16)",$CH_3COOH$,$C_2H_5COOH$,$C_3H_7COOH$,$C_4H_9COOH$,$C_5H_{11}COOH$,B
8bd6a1a6-1139-5372-b4e0-51be6bce58c9,KIMYA,"Periyodik sistemin 2. periyot 17. grubunda yer alan elementin çekirdeğindeki yüksüz tanecik sayısı 10'dur. Buna göre, bu elementin kütle numarası aşağıdakilerden hangisinde doğru verilmiştir?",7,9,17,19,27,D
5a78dcf8-626f-53cd-ac4d-03e972d3fc40,MATEMATIK,"$f(x) = \frac{x+m}{x^2+5}$ fonksiyonunun $x = -1$ apsisli noktada yerel minimumu olduğuna göre, $m$ kaçtır?",-3,-2,-1,2,3,D
7aa98b4f-38fe-5a65-bf9b-a6d25f93b4f1,TURKCE,"Affetmek, affettiğiniz kişi ile görüşmek zorunda olmak değil ki. Onu sevmek zorunda olmak da değil. Ve ayrıca onun suçsuz olduğuna inanmak da değil. Birçok insan affetmenin karşısındaki insanın haklılığını kabul etmek anlamına geldiğini düşünür. Dolayısıyla affetmeyi asla kendine yedirmez. Hayır, bu çok sahte bir şey olur. Haksız olduğunu bile bile size yaşattığı acıyı bile bile onun nasıl olduğuna inanmak, çok böyle bir şey... Bu parçada aşağıdakilerden hangisinin üzerinde durulmuştur?",Affetmenin kolay olmadığı,Affetmenin yanlış anlaşıldığı,Affetmekle iç huzurun sağlanacağı,Affetmenin getirdiği psikolojik durumu,Affetmenin haksızlık yapmak olmadığı,B
e91fd152-770e-56c1-8868-2189e13b602d,MATEMATIK,"$x^2+mx-3+m=0$ denkleminin kökleri $x_1$ ve $x_2$'dir. $x_1^2-x_2^2 \le 2$ olduğuna göre, m'nin alabileceği kaç tam sayı değeri vardır?",1,4,7,6,5,C
e75e6330-eae8-5b17-a801-a32426a926a5,MATEMATIK,"Her birinin içinde eşit sayıda elma bulunan iki kasa vardır. A ve B sınıflarındaki her öğrenci bir elma alacak biçimde, kasalardan birindeki elmalar A sınıfına dağıtıldığında bu kasada 3 elma kalmıştır. Diğer kasadaki elmalar B sınıfına dağıtıldığında ise bu kasada yeterli sayıda elma olmadığından 2 öğrenciye elma verilememiştir. Buna göre; I. Her bir kasada tek sayıda elma bulunmaktadır. II. Bu iki sınıftaki öğrenci sayılarının farkı bir tek sayıdır. III. Bu iki sınıftaki öğrenci sayılarının çarpımı bir çift sayıdır. ifadelerinden hangileri kesinlikle doğrudur?",Yalnız I,Yalnız II,I ve II,II ve III,"I, II ve III",B
2ebe2fa3-499c-5d90-9099-56076b82872c,MATEMATIK,"Bir otoparkta araçların park ücretine %20 indirim yapılınca müşteri sayısında %30 artış oluyor. Buna göre, otoparkın gelirindeki değişim ne olur?",%2 artar,%5 artar,%4 artar,%4 azalır,%2 azalır,C
efad32d2-8370-51fd-a1b7-7e86cff7c2f6,MATEMATIK,"$ab,c$ ve $a,bc$ ondalık iki sayıdır. Bir satıcı %$50$ kârla $ab,c$ liraya satacağı bir malı yanlışlıkla $a,bc$ liraya satıyor. Buna göre, satıcı bu satıştan yüzde kaç zarar etmiştir?",10,20,25,75,85,E
da728d6a-4758-5809-b49c-c6ac72fefb81,KIMYA,"I. d bloku $3B$ grubu ile başlar $2B$ grubu ile biter. (D) (Y)
II. B grubu elementlerinin tamamı metaldir. (D) (Y)
III. 3. periyotta sağdan sola doğru atom çapı artar. (D) (Y)
IV. Aynı periyottaki elementlerin elektron bulunduran katman sayıları eşittir. (D) (Y)
V. Modern periyodik tabloda elementler atom numaralarına göre sıralanmıştır. (D) (Y)
Yukarıdaki ifadelerin sonunda doğru (D) yanlış (Y) sembolleri vardır.
Buna göre, ifadeleri okuyan bir öğrenci kaç tanesini doğru (D) olarak işaretler?",1,2,3,4,5,C
5fd54161-9d91-5954-a3e3-e01e80ab09e0,MATEMATIK,"Sayı doğrusu üzerinde bir sayının başlangıç noktasına uzaklığı ile aynı sayının iki katının başlangıç noktasına uzaklığının toplamı 15 birimden küçüktür. Buna göre, bu sayı aşağıdakilerden hangisi olabilir?",-5,-3,5,7,8,B
629e4990-e164-526e-ab92-5de060bd3f92,MATEMATIK,"$n$ bir tam sayı ve $1 < n < 100$ olmak üzere, $\frac{\log_n (\log_n)}{\log_n}$ ifadesinin değeri bir pozitif tam sayıya eşittir. Buna göre, $n$ sayısının alabileceği değerler toplamı kaçtır?",36,45,63,72,90,C
3b98dab4-0fce-536f-a02b-d32bc04e365a,MATEMATIK,"Aşağıda her iki tarafında da $x$ santimetrelik boşluk olan 20 santimetrelik bir cetvel verilmiştir. Elif yukarıdaki cetveli kullanarak alanı 48/40 santimetrekare olan dikdörtgen şeklindeki bir tahta parçasının uzun kenarı ile kısa kenar uzunluğunu aşağıdaki gibi ölçüyor. Ancak Elif ölçüm sırasında cetveli tamamının uzunluğunun 20 santimetre olduğunu düşünerek dikdörtgenin çevresini bu ölçüye göre hesaplıyor. Buna göre, Elif bu ölçümde dikdörtgenin çevresini kaç santimetre eksik ölçmüştür?",18,20,24,28,30,C
bbd61ac8-439d-5ce6-a857-8d931552b545,KIMYA,"$C_nH_{2n-2}$ genel formülüne sahip organik bir bileşiğin 0,5 molünün tamamen yakılması için NK'da 22,4 L $O_2$ gazı kullanılıyor. Buna göre bu bileşiğin formülü aşağıdakilerden hangisidir?",$CH_4$,$C_2H_6$,$C_3H_6$,$C_4H_{10}$,$C_2H_{12}$,C
cece956e-e34d-5033-a367-76fa216e333b,MATEMATIK,"Bir sınıftaki öğrencilerin %60'ı erkektir. Erkek öğrencilerin %20'si, kız öğrencilerin %30'u gözlüklüdür. Buna göre, bu sınıftaki öğrencilerin yüzde kaçı gözlüklüdür?",24,25,26,27,28,A
85701cf0-7649-582b-ad74-551a6bef6911,TARIH,"Ferhat Paşa Antlaşması'ndan sonra Safevilerin, ham ipeği Anadolu üzerinden geçirmeden Avrupa'ya ihraç etmeleri, Osmanlı ekonomisine zarar vermiştir. Bunun üzerine Osmanlı Devleti, karşı önlem alarak İran'la ihtiyacı olan başta gümüş olmak üzere kıymetli madenlerin İran'a ihracını engellemiştir. Ayrıca Safeviler, Osmanlıların dışta Habsburglarla mücadelesini ve içte Celâli isyanları ile uğraşmasını fırsat bilerek Şirvan, Azerbaycan ve Gürcistan'ı Osmanlı'dan geri almıştır. Anadolu'da devlet otoritesini yeniden kuran Sadrazam Kuyucu Murat Paşa'nın, Safeviler üzerine yürüyüşüyle Şah Abbas, Osmanlılardan barış istemiş ve sonunda iki devlet arasında 1612 yılında Nasuh Paşa Antlaşması imzalanmıştır.
Buna göre aşağıdakilerden hangisi söylenemez?",Osmanlı Devleti'nin birden fazla sorunla başa çıkmak zorunda kaldığı,"Safevilerin, ticari olarak Osmanlıları zor duruma düşürmek istediği",İçeride yaşanan sorunların da etkisiyle Osmanlıların toprak kaybı yaşadığı,"Safevilerin, Kafkasya'ya doğru harekete geçerek topraklarını genişlettiği","Safevilerin, Osmanlı Devleti'ne karşı Habsburglarla ittifak yaptığı",E
2fbfc972-0e9e-5939-b28e-d82e49c8dda0,TARIH,"Tarih öğretmeni Sevil Hanım, ""Liberalizm fikrine göre toplum, zümre ya da sınıflardan değil bireylerden oluşur ve bireyler önce kendi kişisel çıkarları doğrultusunda hareket eder. Özgürlüğün hiçbir engel tarafından sınırlanmaması gerekirliğini kabul eden liberalizm; devletin, ekonomik ve toplumsal yaşama kesinlikle müdahale etmemesini savunur."" demiştir. Buna göre ""liberalizm""in daha iyi anlaşılması için Sevil Hanım'ın; I. ticari faaliyetlerde siyasi otoritelerin etkisinin ortadan kaldırılması, II. temel tüketim mallarının sadece devlet tarafından üretilmesi, III. özel oranların ve para politikalarının siyasi iktidarların kontrolünde olması örneklerinden hangilerini vermesi doğru olur?",Yalnız I,Yalnız II,Yalnız III,I ve II,I ve III,A
f0f65abf-ba58-5316-9194-419db27a71a3,KIMYA,"Periyodik cetvelde 3. periyot 7A grubunda bulunan X elementinin nötron sayısı 18 olduğuna göre, X elementinin kütle numarası kaçtır?",8,15,16,31,35,E
64dc468b-da49-5996-ba82-abf14d80aa32,MATEMATIK,"Eşit güçteki üç işçi birlikte işe başladıktan 2 saat sonra I. işçi, ondan 4 saat sonra II. işçi işi bırakıyor. Toplam 12 saatin sonunda iş bitiyor.
Buna göre, işçilerin herhangi biri aynı işi tek başına kaç saatte bitirirdi?",20,18,24,16,21,C
b4855783-bc21-506b-b18d-f8e78a1c573f,KIMYA,Periyodik sistemin 13. grubunda bulunan elementlerle ilgili aşağıdaki ifadelerden hangisi yanlıştır?,Kararlı bileşiklerinde genelde $3+$ yüklüdürler.,İlk üyesi 1. periyotta yer alır.,Toprak metalleri olarak adlandırılırlar.,"İlk üyesi yarı metal, diğerleri metaldir.",Katman sayıları farklıdır.,B
e2fd978c-9d74-5473-846b-7d1049e543b9,TARIH,"I. Tımar sistemini kaldırarak muhtarlıkların kurulması
II. Demir yolu ağının ülke geneline yaygınlaştırılması
III. Teşkilat-ı Mahsusa adıyla gizli bir haber alma örgütünün kurulması
Bu faaliyetlerden hangilerinin Osmanlı Devleti'nin merkezi yapısını güçlendirmek için gerçekleştirildiği söylenebilir?",Yalnız I,Yalnız II,I ve II,II ve III,"I, II ve III",E
239abc90-5927-5aa0-8e72-4093351c39c5,MATEMATIK,"Seda, bir A kümesinin elemanlarından 4 tanesini seçerek seçtiği elemanlar birer kez kullanıp ikişer basamaklı ve toplamları 53 olan 2 doğal sayı oluşturdu. Daha sonra oluşturduğu sayılardan küçük olanın onlar basamağını 2 artırıp, büyük olanın birler basamağını 3 azalttığında elde ettiği yeni iki sayı, ardışık iki çift sayı oluyor.
Buna göre, A kümesi aşağıdakilerden hangisi olamaz?","{1, 2, 3, 8}","{1, 2, 4, 9}","{1, 3, 4, 5}","{1, 3, 5, 6}","{1, 3, 4, 8}",C
a2bae738-8caf-5c57-ae69-784bb33c015a,GEOMETRI,"Analitik düzlemde $x - 2y + 6 = 0$ ve $ax + 2y + b = 0$ doğruları x ekseni üzerinde dik kesiştiğine göre, $a + b$ toplamı kaçtır?",4,8,24,28,30,D
d773ae71-0e7d-556a-b82c-630fe4a8b569,TURKCE,"(I) Uzay çok eski dönemlerden beri insanların büyük ilgisini çekmiş, sonu olup olmadığı, varsa sınırlarının nereye kadar uzandığı bilinen ve felsefeci sorularından ilgilendirilmiştir. (II) Uzayda yer alan gök cisimlerinin incelenmesi, bunların hareketlerinin diğer gök cisimlerinin davranışlarına yaygınlaştırılması, uzay hakkında çok az da olsa kimi fikirlerin ortaya atılmasını sağlamıştır. (III) Çağlar geçtikçe insanların daha güçlü teleskoplarla uzayı incelemesi uzay hakkındaki bilgileri artırmıştır. (IV) Uzay araçlarının ortaya çıkmasıyla Dünya'yı çevreleyen yakın uzay hakkındaki bilgiler, daha da artmaya başlamıştır. (V) Nihayet, güçlü füzeler, Ay'a insanlı ya da insansız araçlar göndermesi, Güneş sistemi içinde yolculuk yapacak yapay uyduların geliştirilmesi, çok güçlü radyoteleskoplarla uzayın derinliklerine araştırılması, 20. yüzyılın ikinci yarısında insanlığın uzay hakkındaki bilgilerini önemli ölçüde genişletmiştir.
Bu parçadaki numaralanmış cümlelerden hangisi en kapsamlı yargıya sahiptir?",I,II,III,IV,V,E
2dcba215-5203-5a21-9251-255707707f93,MATEMATIK,"log2 ve log3 sayılarının yaklaşık değerini bilen bir öğrenci, I. log(1,5) II. log(4,5) III. log(15) sayılarından hangilerinin yaklaşık değerini bulabilir?","I, II ve III",II ve III,I ve III,I ve II,Yalnız III,A
b251a81b-9983-5b34-af44-b41e22126a35,FIZIK,"Bilimsel araştırmalar, kelebeklerin uçabilmeleri için vücut sıcaklıklarının $28^{\circ}C$'nin üzerinde olması gerektiğini göstermektedir. Bazı türler, Güneş'ten gelen ışığı etkin bir şekilde toplamak için kanatlarını çukur ayna biçiminde şekillendirirler. Böylece Güneş ışınlarını yansıtarak vücutlarını toplar ve ısınırlar.
Buna göre, bu ışık toplama ve ısınma mekanizması fiziğin hangi alt dalına ait ilkelerle açıklanabilir?",Mekanik,Optik,Atom fiziği,Katıhal fiziği,Termodinamik,B
cd855812-f341-552f-bfb3-7196c1acf2e1,MATEMATIK,"$a$ ve $b$ birer gerçek sayı olmak üzere, gerçek sayılar kümesi üzerinde sürekli olan $f$ ve $g$ fonksiyonları $f(x) = \begin{cases} 2x+2, & x<a \\ x-1, & x \ge a \end{cases}$ ve $g(x) = \begin{cases} ax+1, & x<1 \\ 3x-b, & x \ge 1 \end{cases}$ biçiminde tanımlanıyor. Buna göre, $a+b$ çarpımı kaçtır?",9,10,12,15,16,C
cf3690da-ee95-5003-84a0-d515e47f2a0b,MATEMATIK,73 ve 97 sayılarını böldüğünde 1 kalanını veren en büyük doğal sayının rakamları toplamı kaçtır?,3,4,5,6,7,D
5e76fba2-2ec9-571c-ad9d-43e71abeba81,MATEMATIK,"Bir markette yumurtalar 30'luk pakette satılmaktadır. Etiket fiyatı 24 TL olan bu paketlerden bir tane satın alan Asuman Hanım ödemeyi marketin müşteri kartıyla yaptığı için belli oranda indirim kazanmıştır. Asuman Hanım, yumurtaları eve götürdüğünde 6 tanesinin kırıldığını farketmiş ve ""Kalan yumurtaların her birini etiket fiyatından almış oldum."" demiştir. Buna göre, Asuman Hanım'ın müşteri kartını kullandığı için yüzde kaç indirim uygulanmıştır?",10,15,20,25,30,D
69843d50-8b58-567d-b9d0-77a908c881f9,MATEMATIK,"A ve B bitkilerinin gelişimini izleyen bir botanikçinin aldığı bazı notlar aşağıda verilmiştir.

* Başlangıçta A bitkisinin boyu $x$ cm iken B bitkisinin boyu 100 cm idi.
* A bitkisi ayda 3 cm, B bitkisi ayda 5 cm uzuyor.
* 2. yılın sonunda A ve B bitkilerinin boyları eşit oluyor.
Buna göre, $x$ kaçtır?",140,145,148,154,155,C
a0968a24-bc2e-5a65-8b78-ccea13c431e5,MATEMATIK,"$a$ ve $b$ gerçel sayılardır. $-2 < a < 4$ $-3 < b < 5$ olduğuna göre, $a+b$ toplamının en geniş aralığı aşağıdakilerden hangisidir?","$[-5, 9)$","$(-5, 9)$","$(-5, 9]$","$[5, 9]$","$[-5, 9]$",B
df5ebde1-939c-5fa1-b1b5-76d349f97978,KIMYA,Aynı tür atomlardan oluşan saf maddelere ne ad verilir?,Bileşik,Karışım,Element,Çözelti,Süspansiyon,C
f44dea2b-e6a1-52cd-a07a-e2bb5d255474,MATEMATIK,"Bir dağ yürüyüşçüsü bulunduğu A noktasından B noktasına sabit bir hızla çıkıp, B noktasına varınca hiç durmadan geri dönüp çıkış hızının iki katı olan sabit bir hızla aynı yoldan inerek A noktasına varmayı planlıyor. Dağ yürüyüşçüsü çıkacağı yolun $\frac{1}{3}$'üne gelince A noktasında unuttuğu ekipmanını almak için hızını değiştirmeden geri iniyor. A noktasına varınca hiç durmadan ekipmanını alıyor ve hızını değiştirmeden B noktasına varıyor.
Dağ yürüyüşçüsünün planladığı sürede A noktasına varması için B noktasından itibaren iniş hızını kaç kat arttırması gerekir?",2,3,4,5,6,B
7add5d33-a578-55ad-9421-e88cd5e30437,MATEMATIK,"$$0,2+0,3+0,4$$ işleminin sonucu kaçtır?",$$\frac{10}{9}$$,1,$$\frac{8}{9}$$,$$\frac{3}{4}$$,$$\frac{2}{3}$$,A
59d5c7b2-1e9d-5b75-8675-ea38fb1a606e,MATEMATIK,$(\sec^2 \alpha - 1) - (\csc^2 \alpha - 1)$ ifadesinin en sade hali aşağıdakilerden hangisidir?,-1,0,1,$\sin x$,$\cos \alpha$,B
2b179230-c301-5695-a13b-8a1eee7f9bc7,GEOMETRI,"ABCD dörtgen
ADCE deltoid
$m(\widehat{DAE}) = 30^	ext{o}$
$m(\widehat{ABC}) = 40^	ext{o}$
$|AD| = |AE|$
$|AB| = |DC| + |EB|$
olduğuna göre, $m(\widehat{EAB}) = \alpha$ kaç derecedir?",40,45,50,55,60,C
22279372-7ce7-5d5f-9d77-02633095dc86,MATEMATIK,"Nermin parasının $\frac{2}{3}$'ü ile $4$ defter ve $2$ silgi, kalan parasıyla da $1$ defter ve $3$ silgi alabiliyor.

Buna göre, bir defter parasıyla kaç silgi alınabilir?",7,6,5,4,3,A
cf4ee75c-b904-5064-9a9f-3c0f4ef7467b,TURKCE,"(I) Mozaiklerde nasıl renkli taşlar kullanılıyorsa ben de denemelerimde renkli olaylar kullanıyorum çünkü. (II) Kendi düşüncelerimi çıplak ve sevimsiz bir suratla öne süreceğime, onları seçtiğim olayları konuşturarak sunarım yani. (III) Bir başka deyişle kendimi her zaman gerilerde tutarım, asla öne çıkmaya çalışmam. (IV) Önde olan, daima seçtiğim ve çekidüzen verdiğim olaylardır olduğu için denemelerimi bir ""olaylar mozaiği"" deme yeridir. (V) Denemelerimin en önemli özelliği olayları konuşturmasıdır.
Yukarıdaki parçanın dil ve anlam akışındaki bozukluğu gidermek için aşağıdakilerden hangisi yapılmalıdır?",I. cümle ile IV. cümle yer değiştirmeli,II. cümle ile IV. cümle yer değiştirmeli,"I. cümle, V. cümleden sonra getirilmeli","III. cümle, IV. cümleyle yer değiştirmeli","V. cümle, III. cümleden sonra getirilmeli",D
4e7dfc9f-bea1-5fdc-8223-224f71406a6c,MATEMATIK,"$P(x)=x^2-1$, $Q(x)=x^3-x^2+1$, $H(x)=x^4+x^2-2$ polinom fonksiyonlarından hangilerinin grafiği y eksenine göre simetriktir?",Yalnız P(x),Yalnız Q(x),Yalnız H(x),P(x) ve Q(x),P(x) ve H(x),E
2cf5368c-7bd1-5c00-b719-76eec1953e53,TARIH,"Asya Hun Hükümdarı Mete, MÖ 176'da Çin imparatoruna gönderdiği mektupla, kendisinin Gök Tengri tarafından tahta çıkarıldığını kaydederek askerî zaferlerini önce ""Gök Tengri'nin inayeti"" ile kazandığını belirtmiştir.
Çin imparatoruna bu mektubu yazan Mete ile ilgili
I. yönetimde kut sistemini benimsediği,
II. dinini yaymak için seferler yaptığı,
III. meşrutiyetçi dine dayandığı
yargılarından hangilerine ulaşılabilir?",Yalnız I,Yalnız II,I ve II,I ve III,II ve III,A
f992a5cc-2984-5cc8-b3c8-5d1fd71c8090,TARIH,İstanbul'un Fethi öncesi Bizans'ta yaşanan bu durumun aşağıdakilerden hangisinin kanıtı olduğu söylenebilir?,Avrupa'da Haçlı ittifakının kurulduğunun,Katoliklerin İstanbul'u merkez olarak kullandığının,Osmanlı Devleti'nin farklı dinlere hoşgörülü olduğunun,Türklerin Ortodokslar üzerinde baskı kurduğunun,"Papa'nın, Katolik Ortodoks birleşmesine karşı olduğunun",C
9fa43f0d-f357-5023-ac2f-e042070db176,MATEMATIK,"$P(x)$ bir polinom fonksiyonudur. $P(x) = P(x^2)-4x+2$ olduğuna göre, $P(x)$'in katsayılar toplamı kaçtır?",1,2,3,4,5,C
fa5a49b7-033f-5aa7-8360-8d33b9befb8b,MATEMATIK,"Genel terimi, $a_n = \left(\frac{n^2-3n-20}{n+1}\right)$ olan dizinin kaç terimi tam sayıdır?",5,6,7,8,9,C
83ceda11-b532-57da-a8f8-a18207d68980,MATEMATIK,"$f$, tüm reel sayılarda sürekli bir fonksiyondur. $\int_{0}^{1} \frac{f'(x)}{f(x)(1-f(x))} dx$ integralinin değeri kaçtır?",1,2,3,4,5,B
22ebdd6f-f1c5-56cc-a46c-4c245c5f485a,GEOMETRI,"ABC ikizkenar üçgen, $[BF] \perp [AC]$, $|AB| = |AC|$, $|AK| = |AF|$, $[BF]$ ile $[CD]$ kenarortay, $m(\widehat{BDR}) = 20^	ext{o}$. Yukarıdaki verilere göre, $m(\widehat{ABF}) = \alpha$ kaç derecedir?",10,15,20,25,30,D
535acfe5-0e23-503d-9c3e-cf9bfc0db5a8,MATEMATIK,"$f(x) = \log_2(x-2)$ ve $g(x) = \log_2(|x|+1)$ fonksiyonları tanımlanıyor. $(fog)(x) = 1$ denkleminin çözüm kümesi $\{x_1\}$ olduğuna göre, $\log_{x_1}$ ifadesinin değeri aşağıdaki aralıklardan hangisindedir?","(2, 3)","(3, 4)","(4, 5)","(5, 6)","(6, 7)",B
d73f89a6-a6c5-56f7-a292-f68944ffd0e2,MATEMATIK,"$Q(x^2+2) = x^4 - 7x^2 + 4x^2 + 10$
polinomu veriliyor.
Buna göre, $Q(5)$ kaçtır?",-50,-45,-22,-38,-30,C
043dff65-f71e-59ab-b7a4-64735d218eed,MATEMATIK,"Yol yapım çalışmalarından dolayı $600$ km'lik yolun bir kısmı toprak bir kısmı asfalttır. Bu yolu gidecek bir aracın topraktaki ve asfalttaki hızları sırasıyla saatte $30$ km ve $90$ km'dir. Araç yolun tamamını $10$ saatte gidiyor. Buna göre, yolun toprak kısmının uzunluğu kaç kilometredir?",150,180,210,240,270,B
d6ccbb00-dd42-5dc9-93ed-57b15ecefcea,TURKCE,"(I) Atom hakkındaki söylemlerin başlangıcı çok eskilere kadar gider. (II) Demokritos'un (MÖ 460-370) ve hocası Leukippos'un (5. yüzyıl) maddenin temel yapı taşları olarak gördükleri ve bölünemez anlamına gelen atomlardan söz ettikleri biliniyor. (III) Bununla birlikte atom hakkındaki ilk esaslı gelişme ise elektronun keşfiyle başladı. (IV) Buna karşın atomun mahiyetine ilişkin yani ne olduğunu açığa çıkarmak amacıyla yapılan araştırmalar, aynı zamanda kimya biliminin gelişmesine de koşut olarak on dokuzuncu yüzyılda gerçekleşti. (V) Başka bir deyişle bu yüzyılda kimya, ilkeleri, kuralları, yöntem ve yasaları olan bir bilim hâline geldi.

Bu parçada numaralanmış cümlelerden hangisi, düşüncenin akışını bozmaktadır?",I,II,III,IV,V,E
478de494-a817-5d3b-b106-7e364d0deebd,FIZIK,"Her boya rengi kendi rengindeki ışığı yansıtırken diğer renkleri soğurur. Bir yüzey ışığı ne kadar soğuruyorsa o kadar ısınır demektir. Bunu ispatlamak isteyen bir öğrenci üç özdeş bardaktan 1. bardağa kırmızı renkli su, 2. bardağa şeffaf su ve 3. bardağa siyah boya katılmış su dolduruyor ve beyaz ışık ile aydınlatıp bardakların içine ilk sıcaklıkları eşit olan üç termometre koyuyor.
Bir süre sonra termometreleri sudan çıkardığında sırasıyla $t_1$, $t_2$ ve $t_3$ değerleri ölçüldüğüne göre $t_1$, $t_2$ ve $t_3$ arasındaki ilişki nedir?",$t_1 > t_2 > t_3$,$t_3 > t_2 > t_1$,$t_3 > t_1 > t_2$,$t_1 = t_2 = t_3$,$t_2 > t_1 > t_3$,C
d27729fd-0765-56b1-ae8f-11ac337166d1,MATEMATIK,"$(a_n) = (2^n)$ geometrik dizisi ve ortak farkı 3 olan $(b_n)$ aritmetik dizisi veriliyor. Bu geometrik dizinin ardışık üç terimi sırasıyla $b_1, b_2, b_3$ olduğuna göre, $a_8 b_5$ aşağıdakilerden hangisine eşittir?",$2^9$,$2^{12}$,$2^{16}$,$2^{18}$,$2^{20}$,C
69e133df-e4b6-5324-ace8-2865b69454c5,GEOMETRI,"Bir ABCD dörtgeni çiziniz. $[AC] \perp [BD]$ olacak biçimde $[AC]$ ve $[BD]$ köşegenini çiziniz. $|AB| = 1$ birim, $|BC| = 3$ birim, $|CD| = 4$ birim alınız. Buna göre, $|AD|$ kaç birimdir?",$\sqrt{3}$,$2$,$\sqrt{5}$,$\sqrt{6}$,$2\sqrt{2}$,E
a7a84ff9-bd45-5004-b912-4b44ac9a977c,MATEMATIK,"a ve b birer pozitif tam sayıdır. $\frac{a}{11}$ basit kesir ve $\frac{18}{b}$ bileşik kesir ise, $a+b$ en çok kaçtır?",28,32,40,42,50,A
f41fba4e-ed4e-5c52-aee5-730142df266a,MATEMATIK,"Analog bir saat merkezi orijin olacak şekilde dik koordinat sistemine aşağıdaki gibi yerleştiriliyor.
Saat $01.40$'ta akrebin $Ox$ ekseniyle pozitif yönde yaptığı açı $x^\circ$, yelkovanın $Ox$ ekseniyle pozitif yönde yaptığı açı $y^\circ$ dir.
Buna göre, $\sin(3x^\circ) \cdot \tan(2y^\circ)$ ifadesinin değeri kaçtır?",$-\frac{\sqrt{3}}{2}$,$\frac{\sqrt{3}-2}{2}$,$\frac{\sqrt{3}}{2}$,$\frac{\sqrt{3}}{2}-2$,$\frac{3\sqrt{3}}{2}$,A
bd6547fa-23da-5f4f-821f-909776859b89,KIMYA,"$2S_{(k)} + 3O_{2(g)} \to 2SO_{3(g)}$ Yukarıdaki tepkimede 25,6 gram S(k) ve 40 gram $O_2(g)$ tam verimle tepkimeye giriyor. Buna göre, tepkimede oluşan $SO_3$'ün kuramsal verimi kaç gramdır? (S: 32, O: 16)","66,6",64,48,32,16,B
850320f7-51d8-5bff-a3be-dd4cc3f881d2,MATEMATIK,$-7x+14 \le 0$ eşitsizliğinin en geniş çözüm aralığı aşağıdakilerden hangisidir?,"$[-\infty, -2]$","$[-\infty, 2]$","$[2, \infty)$","$[-2, \infty)$","$[0, \infty)$",C
8f4380cd-92e2-5f2e-8262-c5c11f8673f0,MATEMATIK,"Kurs merkezinde 10. sınıfların kursiyer sayısı yüzde kaç artarsa, mezunlar ile aylık kazanç eşit olur?",5,10,15,20,25,E
082ca666-b006-565e-b5ff-05e0a7866c12,MATEMATIK,"$f: (- \infty, 1] \to [-1, \infty)$ olmak üzere, $f(x) = x^2 - 2x$ fonksiyonunun tersi aşağıdakilerden hangisidir?",$ \sqrt{x-1}-1 $,$ 1-\sqrt{x+1} $,$ \sqrt{x+1} $,$ \sqrt{x-1} $,$ -1-\sqrt{x+1} $,B
bbd7b1cd-2959-5b46-919f-b9a2b6960a14,MATEMATIK,$\frac{27a^3-1}{9a^2-3a+1} \cdot \frac{9a^2-1}{9a^2-3a-1}$ ifadesinin en sade hali aşağıdakilerden hangisidir?,-3a,3a,$3a+1$,$1-3a$,1,B
6113a2d6-7b3c-54f5-89a7-a6d6dc560887,MATEMATIK,"$\int_{-2}^{3} (x^2-2x) dx$
integralinde $x=t-1$ dönüşümü yapılırsa hangi integral elde edilir?",$\int_{-1}^{4} (t^2-2t) dt$,$\int_{-1}^{4} (t^2-4t) dt$,$\int_{-1}^{4} (t^2-4t+3) dt$,$\int_{-2}^{3} (t^2-4t+3) dt$,$\int_{-1}^{4} (t^2-3) dt$,B
e147fccd-74ed-56ea-90a0-0dd4ffb9e39f,FIZIK,"Danimarkalı astronom Tycho Brahe'nin derlediği değerli astronomik gözlemlerden yararlanan Kepler, gezegenlerin hareketleriyle ilgili çalışmaları sırasında gezegenlerin yörüngelerinin incelenirken kendi adıyla anılan yasaların ilk ikisini buldu. Daha sonra ise üçüncüsünü keşfetti. Bu yasalarını da Harmonices Mundi adlı kitabında yayınladı. Kepler yasaları Kepler'in ölümünden 50 sene sonra yayınlanan Newton'un evrensel çekim yasası ile matematiksel olarak ispat edildi.
Buna göre,
I. Bilimsel çalışmalarda gözlemlerden yararlanılır.
II. Yasalar gözlemlerle doğrulanabilir.
III. Deney ve gözlemler bilimsel keşiflerin başında gelir.
yargılarından hangileri söylenebilir?",Yalnız I,Yalnız II,I ve III,II ve III,"I, II ve III",E
59438808-c23c-5af5-8f40-aab109448957,KIMYA,"$Fe + CO_2 \rightarrow Fe_2O_3 + CO$
Yukarıdaki tepkime ile ilgili;
I. $Fe$ indirgen özellik gösterir.
II. $CO_2$ yükseltgenmiştir.
III. En küçük tam sayılar ile denkleştirildiğinde tüm maddelerin katsayıları toplamı $9$ olur.
yargılarından hangileri doğrudur?",Yalnız I,Yalnız II,Yalnız III,I ve III,"I, II ve III",D
10570e86-061b-5fca-9310-aa797605ae51,MATEMATIK,"Eşitsizliğinin çözüm kümesi aşağıdakilerden hangisidir?
$[x-3] \cdot 4^x \cdot [x+1]^5 \le 0$","$(- \infty, 3]$","$(- \infty, -1]$","$[-4,-1]$","$[-1, \infty)$","$(- \infty, -1] \cup \{3\}$",E
c12e7b22-07d4-56fd-ba16-b64197439c2b,GEOMETRI,$(x-2)^2+(y-5)^2=5$ çemberinin $2x+y+1=0$ doğrusuna en yakın noktasının koordinatları toplamı kaçtır?,4,5,6,7,8,B
b10cd9f3-5192-58eb-aa0e-40c8e920c661,EDEBIYAT,"Aşağıdaki tiyatro eserlerinden hangisi yukarıdaki açıklamalardan biriyle eşleşmez?
I. Aka Gündüz'ün eseri, Kafkasya'da Kazaklara karşı dövüşen Türkler ile romantik ve tek yanlı bir aşk ilişkisini birlikte verir.
II. Yusuf Ziya'nın eserinde, düşmüş bir kadın uğruna feda edilen yiğit bir erkeğin hayatı, gizli bir atmosfer içinde ele alınır.
III. Mithat Cemal Kuntay'ın eseri, Çanakkale savunmasına ilişkin yurtseverlik duygularını verir.
IV. Halit Fahri'nin Darülbedayi'de oynanan bu ilk yerli dramı, ölüm karşısındaki çaresizliği işler.",Muhterem Katil,Baykuş,Kara Bela,Binnaz,Yirmi Sekiz Kânunuevvel,A
560a7d6a-9275-5c50-a4b6-c30fb6912984,MATEMATIK,"Polinom fonksiyonlarla ilgili, I. $x$ eksenini en az bir noktada keser. II. En az bir ekstremum noktası vardır. III. Türevlenebilir fonksiyonlardır. ifadelerinden hangileri kesinlikle doğrudur?",Yalnız I,Yalnız II,Yalnız III,I ve II,II ve III,C
8ee2490f-8a99-514c-8a6c-3b3e8e5f9aaf,TURKCE,"(I) Süper kahramanların çizgi romanlarda güçlerine kavuşmaları, genellikle bazı başlıklarda olmaktadır. (II) Dünyanın bir döneminde var olanlardan faydalanan gelen insanoğlu güçlere sahip süper kahramanlık en yaygın bilinen örneklerdendir. (III) İkinci sıradakiler radyoaktif etki sonucu güçlerine kavuşan süper kahramanlardır. (IV) Radyoaktif bir hayvan tarafından ısırılan insanlar ise süper kahramanlara dönüşüp çok sıradan hayvanın özelliklerine sahip olur. (V) Başvurulan yöntemlerden bir diğeri de deney kazaları sonucu ortaya çıkan kahramanlardır.
Bu parçada numaralanmış cümlelerle ilgili aşağıdakilerden hangisi yanlıştır?","I. cümlenin öznesi, belirtili isim tamlamasıdır.","II. cümlenin yüklemi, sıfat tamlamasıdır.","III. cümlenin yüklemi, sıfat tamlamasıdır.","IV. cümlenin öznesi, belirtisiz isim tamlamasıdır.","V. cümlenin yüklemi, sıfat tamlamasıdır.",D
1bf2bd99-c590-5689-b070-1dc3557db475,TARIH,"Tarih öncesi dönemler, farklı bölgelerde farklı zamanlarda yaşanmıştır. Örneğin, Mezopotamya'da tarih çağları başladığı sırada Anadolu'da Maden Devri'ne yeni geçilmiştir. Bu bilgilere dayanarak aşağıdaki sonuçlardan hangisine ulaşılabilir?",Tarihi olaylar arasında neden - sonuç ilişkisi olduğuna,Toplumlar arasındaki iletişimin hızlı olduğuna,Tarih öncesi devirlerde taşlardan araçların yapıldığına,Tarih çağlarının Anadolu'da Mezopotamya'dan önce başladığına,Tarih öncesi devirlerin bölgelere göre başlama ve bitiş zamanlarının farklılık gösterdiğine,E
c3b3d9e6-9267-58b1-a065-cd627df16310,KIMYA,"$\\text{CH}_3\\text{-CH}=\\text{CH}_2 + \\text{Cl}_2 \\to \\text{X}$
$\\text{CH}_3\\text{-CH}=\\text{CH}_2 + \\text{HCl} \\to \\text{Y}$
Yukarıdaki katılma tepkimeleri sonucu Markovnikov kuralına göre, oluşan X ve Y bileşiklerinin adlandırılması aşağıdakilerden hangisinde doğru verilmiştir?","1,2-dikloro propan / 2-kloro propan","1,2-dikloro propan / 1-kloro propan","1,1-dikloro propan / 1-kloro propan","1,2-dikloro propan / 1,2-dikloro propan","1,1-dikloro propan / 2-kloro propan",A
583e7748-4a7d-5eff-93f6-8199cb856863,FIZIK,"Homojen ve enerji kayıplarının önemsenmediği bir ortamda yayılan periyodik bir dalga ile ilgili,
I. Süresi artırılırsa frekansı değişmez, dalga boyu artar.
II. Frekansı artırılırsa sürati azalır, dalga boyu artar.
III. Sürati ve frekansı aynı oranda artırılırsa dalga boyu değişmez.
yargılarından hangileri doğrudur?",Yalnız I,I ve II,I ve III,II ve III,"I, II ve III",C
e3febded-7f42-5d08-a3ed-589b5b5e4680,FIZIK,"Buz ile kaplı zemin üzerinde kızağıyla duran bir kişi, bir başka kişi bir ip yardımıyla çekerek kızağı hareket ettirdiğinde kızak ile zemin arasındaki sürtünme kuvveti $F$ oluyor. Buna göre; I. kızağı arkadan iterek hareket ettirmek, II. kızağı bir kişi daha bindirip kızağı çekerek hareket ettirmek, III. kızağı tamamen boş iken iterek hareket ettirmek işlemlerinden hangileri yapılırsa sürtünme kuvveti $F$'den büyük olur? (Uygulanan kuvvetler ve zemin, yatay düzlemdedir.)",Yalnız I,Yalnız II,I ve II,II ve III,"I, II ve III",B
95d5649b-7005-51fc-ae2c-5ab7f4971af8,TARIH,"Kök Türk Devleti'nin batı kanadını yöneten Yabgu 568 tarihinde İstanbul'a bir elçilik heyeti göndermiştir. Bu heyet, tarihte Orta Asya'dan Bizans'a giden ilk Türk elçilik heyetidir. Bu parçada Türk devletlerindeki; I. ikili sistem, II. sosyal devlet, III. dış politika konularından hangileri ile ilgili bilgi verildiği söylenebilir?",Yalnız I,Yalnız II,I ve II,I ve III,II ve III,D
56780bad-b59e-54c1-b79a-e74b565fc57c,FIZIK,"Bir su ısıtıcısı, ortalama 1500 wattlık bir güçle, günde 4 saat çalıştırılmaktadır.
Elektriğin $1 \text{kW-saati } 4 \text{ TL}$ olduğuna göre, ısıtıcının bir haftalık elektrik tüketim maliyeti kaç TL olur?",120,144,168,192,210,C
ae466d93-97fd-5050-9b53-b6c4fa3f49f9,TURKCE,"(I) Sık sık duyduğumuz ""Nerede o eski İstanbul?"" cümlesini kurmayı bırakalım. (II) Aksine şimdi İstanbul'un keşfedilmemiş semtleri, işten güçten ve kalabalıktan kurtulanları bekliyor. (III) 13 Mayıs Perşembe günü, Ramazan Bayramı'nın ilk günü, (IV) Bayramın ilk günü İstanbul'un yıllar boyu bakıp da göremediğimiz yerlerini gezmek için iyi bir fırsat. (V) Kim bilir, eski semtler, sizce nicodur özlediğiniz yoğurtçuların çıngırak seslerini veyahut baloncuların musiki çağrılarını hediye eder.
Bu parçadaki numaralanmış cümleler ile ilgili olarak aşağıdakilerden hangisi söylenemez?","I. cümlede, bir ögesi cümleden oluşan isim tamlaması vardır.","II. cümlede, özneyi bir isim tamlaması oluşturmuştur.","III. cümlede, büyük harf kullanımıyla ilgili bir yazım yanlışlığı bulunmaktadır.","IV. cümlede, yüklem bir sıfat tamlamasıdır.","V. cümlede, özne sıfat tamlamasından oluşmuş bir kelime grubudur.",A
2a4f794e-0ba9-509c-a820-540126d97935,MATEMATIK,"Bir araç 420 km'lik yolu saatte 80 km hızla alıyor. Buna göre, aracın bu yolu 1 saat erken alması için saatteki hızı kaç km olmalıdır?",80,75,74,72,70,E
0f05befb-5823-5324-85be-a95e500b6d84,TURKCE,"Bana mutluluğu aradığımı, mutluluğun peşinde olduğumu, mutluluktan başka bir şey düşünmediğimi söylemiş olsaydı ben de yalan söyleyip umut vermezdim ona. Böylece o, düş kırıklığına uğramazdı; ben de yıllar sonra pek fazla pişmanlık duymuyor olsam da bu satırları yazıyor olmazdım.

Bu parçada konuşan yazar ve sözünü ettiği kişi hakkında

I. Sözü edilen kişi düşlediği şeye ulaşamamıştır.
II. Sözü edilen kişi yazarınkiyle dolu biridir.
III. Yazar, bildiği bir gerçeği, sözünü ettiği kişiden saklamıştır.
IV. Yazar, sözünü ettiği kişiyi doğru biçimde yönlendirmiştir.
V. Yazar, belli oranda bir hayal kırıklığı yaşamıştır.

yargılarından hangilerine kesin olarak varılamaz?",I ve V,II ve IV,II ve V,III ve V,IV ve V,B
dbc344a7-5d4b-5228-bfb5-34343c4075ec,MATEMATIK,"Birbirinden farklı a, b ve c pozitif tam sayılar için $\frac{4^a}{125^b}$ ve $\frac{49^b}{8^c}$ değerleri 1'den büyük birer tam sayı olduğuna göre, aşağıdaki sıralamalardan hangisi doğru olabilir?",$a<b<c$,$a<c<b$,$b<a<c$,$c<a<b$,$c<b<a$,C
7f414a66-9e76-597e-8bbf-98ef552febcf,MATEMATIK,Uygun koşullarda tanımlı $f(x) = \log_2(\frac{x+1}{x-1})$ fonksiyonunun tersi aşağıdakilerden hangisidir?,$f^{-1}(x) = \frac{2^x+1}{2^x-1}$,$f^{-1}(x) = \frac{2^x-1}{2^x}$,$f^{-1}(x) = \frac{2^{x-1}}{2^x-1}$,$f^{-1}(x) = \frac{2^{x-1}}{2^x+1}$,$f^{-1}(x) = \frac{2^x}{2^x+1}$,A
3b0c2fc3-688e-5eb9-801b-02e4e0795213,MATEMATIK,"3 kişilik bir ailenin beş yıl önceki ortalaması 12'dir.
Buna göre, ailedeki birey sayısında değişiklik olmaması koşuluyla, üç yıl sonra ailedeki bireylerin yaşları toplamı kaç olur?",51,54,57,60,63,E
e59ca3b8-dcdb-51f4-b743-417ba1e16cf5,MATEMATIK,"$x$ ve $y$ asal sayılar olmak üzere,
$x = \frac{24+y}{y}$
eşitliği veriliyor.
Buna göre, $x+y$ toplamı kaçtır?",11,15,19,23,26,D
b5f6d819-deac-56dc-82b4-96c383ae7883,FIZIK,"Deprem ile ilgili,
I. Deprem dalgaları, mekanik dalgalardır.
II. Deprem dalgaları, hem enine hem de boyuna dalgalardır.
III. Depremin şiddeti, depremin büyüklüğü hakkında kesin bilgi vermez.
yargılarından hangileri doğrudur?",Yalnız I,Yalnız II,Yalnız III,I ve II,"I, II ve III",E
4da409c0-857d-5e42-9554-c47e90dd2e89,TARIH,"Yavuz Sultan Selim hükümdarlığı süresince Doğu politikasına çerçevesinde Türk-İslam birliğini sağlamaya çalışmış ve Batı'ya sefer düzenlememiştir. Bu durumun; I. Safevi ve Memlük devletleri üzerine sefer düzenlenmesi, II. cihad politikasının etkinliğinin artması, III. İslam siyasi birliğinin sağlanması gelişmelerinden hangilerine neden olduğu söylenebilir?",Yalnız I,Yalnız II,I ve III,II ve III,"I, II ve III",C
9047a31c-b6fa-5420-a9da-d6b03a80145a,EDEBIYAT,"Bihter sakin ve kat'i bir sesle sordu:
– Nihal'i Ada'ya siz gönderdiniz değil mi? Behlül'ü de bil-ta-bi göndereceksiniz. Demek bu izdivaç... Bu öyle bir ses-le söyleniyordu ki Firdavs Hanım, asıl mânâsını tereddüd-süz anlamıştı:
– Galiba, dedi, Adnan Bey, tamamen karar vermiş görünü-yordu. Nihal ile Behlül arasındaki izdivaç...
Bihter:
– Anne, dedi, açık konuşalım, olmaz mı? Bu izdivaç olmayacak, bunun için şimdiden her şeye karar verdim.
Şekil ve içerik özellikleri dikkate alındığında bu hikâye, aşağıdaki yazarlardan hangisine aittir?",Sabahattin Ali,Ömer Seyfettin,Halit Ziya Uşaklıgil,Namık Kemal,Memduh Şevket Esendal,C
af01e3c4-1b03-5a3b-896a-2d05eaa0c8d4,MATEMATIK,"$a$ ve $b$ birer gerçek sayı olmak üzere, gerçek sayılar kümesi üzerinde tanımlı $y = f(x)$ fonksiyonu $f(x) = \begin{cases} \frac{x^2-ax-2}{x-1}, & x \ne 1 \\ b-2, & x = 1 \end{cases}$ biçiminde tanımlanıyor. $y = f(x)$ fonksiyonu gerçek sayılar kümesi üzerinde sürekli olduğuna göre, $a+b$ toplamı aşağıdakilerden hangisidir?",3,4,5,6,7,C
dc95843a-5296-50cc-b9c2-76afe8deaa29,TURKCE,"Gazeteci: Denizin renginin mavi olduğunu söyleyen genç dostumuza niçin şiir yazmayı bırakmasını salık verdiniz?
Şair: Deniz mavi olduğu için.
Gazeteci: Aynı sözleri söyleyen bir ressam olsaydı yanıtınız yine aynı mı olacaktı?
Şair: Bir ressama denizin rengini sormazdım ki. Olsa olsa dalgaların sesini betimlemesini isterdim ondan.
Aşağıdaki yargılardan hangisinin bu diyalogdaki şairin sanat anlayışıyla örtüştüğü söylenebilir?","Bireysel sanatın bir nitelik taşıdığını anlamanın en kolay yolu, onun gerçekliği olduğu gibi yansıtabilmesinden geçer.","Bence sanatın amacı, sözcükler veya görsel tablolar aracılığıyla karşısındaki kişiyi duygusal bir ruh hâline taşıyabilmek.","Sanatın işlevinin, ele aldığı gerçekliği bir başka düzleme taşıyarak onu dönüştürebilmesinde saklı olduğunu düşünüyorum.","Sanatın; işlediği herhangi bir gerçeklik veya nesneyi, onları kuşatan sınırlar içinde resmedebildiği ölçüde başarılı olacağına inanıyorum.","Şiir, resim veya sanatın diğer alanları, insani gerçeklik karşısında bir ayna olmayı başarabilirse asıl hedefine ulaşmış sayılır.",C
9172f136-da5f-5d8e-874a-59693e199ace,MATEMATIK,"Bir mağaza tüm ürünlerine önce %60 zam yapıyor, satışların aniden kesildiğini görünce %20 indirim yapmak zorunda kalıyor. Son indirime rağmen satışlarda ilk duruma göre %15'lik bir azalma oluyor.
Buna göre, mağazanın günlük cirosu ilk duruma göre nasıl değişir?",% 2 artar.,% 4 artar.,% 2 azalır.,% 4 azalır.,Değişmez.,C
b9e095a3-7a31-510f-a8ef-49b225b57daa,EDEBIYAT,Aşağıdaki kavramlardan hangisi halk edebiyatı ile ilgili bir terim değildir?,Tapşırma,Lebdeğmez,Hamse,Cönk,Menakıbname,C
67346bf2-ca72-5ec4-9f6a-f3dd27e0ed08,MATEMATIK,"Bir börekçide bulunan A ve B marka fırınların kapasiteleri ve bu fırınlarda pişen böreklerin pişirme süreleri verilmiştir.
* A marka fırın aynı anda en çok iki tepsi börek pişirebilmektedir ve iki tepsi börek $30$ dakikada pişmektedir.
* B marka fırın aynı anda en çok beş tepsi börek pişirebilmektedir ve beş tepsi börek $50$ dakikada pişmektedir.
* Tepsi sayısı ne olursa olsun her iki fırının da börekleri pişirme süreleri sabittir.
* Bir fırına konulan tepsi pişirme esnasında çıkarılıp diğer fırına konulamaz.
Buna göre, $26$ tepsi börek A ve B marka fırınlarda en az kaç dakikada pişirilebilir?",150,160,170,180,190,B
c8e517cb-6489-5faf-87b6-a2f23bdcdadc,MATEMATIK,"Bir para atma deneyinde 80 defa atış yapan bir kişi 60 kez tura, 20 kez yazı geldiğini not almıştır. Bu deneye göre, 81. atışın tura gelme olasılığı kaçtır?",$\frac{7}{8}$,$\frac{3}{4}$,$\frac{5}{8}$,$\frac{1}{2}$,$\frac{1}{4}$,B
454e44d7-f203-551f-a441-126eca490db8,TURKCE,"Birleşik zamanlı fiillerin soru şeklinde ""mi"" ek fiilden önce kullanılır.
Aşağıdaki birleşik zamanlı fiillerin hangisinde buna uymayan bir kullanım söz konusudur?",Buralarda bildiğiniz bir kiralık daire var mıydı?,Şirketin depoda duran arabası satılmış mıydı?,Tek başına yapabilecek miydi bu işlerin hepsini?,Onları şikâyet edersek mi işler düzelecekmiş?,Sınavdan çok iyi not aldığını size söylemiş miydi?,D
2bba69ec-d351-5c1f-824c-2a3256e4b863,MATEMATIK,"Gökay, Ahmet ve İhsan'ın toplam $108$ tane bilyesi vardır.

• Gökay bilyelerinin üçte birini Ahmet'e,
• Ahmet bilyelerinin dörtte birini İhsan'a,
• İhsan bilyelerinin beşte birini Gökay'a, aynı anda ve-riyor.

Son durumda herkesin bilyelerinin sayısı ilk durumdaki bilyelerinin sayısına eşit olduğuna göre, Ahmet'in kaç bilyesi vardır?",30,36,42,48,52,B
67d28cf8-983a-5c88-a06f-8713fb731d18,MATEMATIK,"$x^2-x-1=0$ denkleminin kökleri $x_1$ ve $x_2$ dir. Buna göre, $\frac{1}{x_1} + \frac{1}{x_2}$ ifadesinin değeri kaçtır?",3,1,-1,-3,5,B
397e00cf-fc00-538f-a211-13b080f48e24,TURKCE,Roman kişilerinde açıklamalarında bulunan altı çizili sözcüklerde aşağıdaki ses olaylarından hangileri yoktur?,Ünlü daralması,Ünsüz türemesi,Ünsüz benzeşmesi,Ünsüz yumuşaması,Ünlü düşmesi,A
863ebe38-0f1a-51eb-9793-57840b57acb6,KIMYA,"Birbirini takip eden $Al_4C_3 + 12H_2O \to 4Al(OH)_3 + 3CH_4$ ve $CH_4 + 2O_2 \to CO_2 + 2H_2O$ tepkimelerinde $72$ gram $Al_4C_3$ kullanıldığında açığa çıkan $CH_4$ gazını yakmak için kaç mol hava gerekir? (Havanın %20'si $O_2$'dir. $Al: 27, C: 12$)","1,5","2,5",8,10,15,E
593218d3-fe12-5188-b58c-3e645e43fe5e,KIMYA,"$128 \text{ gram N}_2$ ve $128 \text{ gram O}_2$ gazları, $N_{2(g)} + 2O_{2(g)} \rightarrow N_2O_{4(g)}$ denklemine göre tam verimle tepkimeye giriyor. Buna göre hangi elementten kaç gram artar? $(N: 14 \text{ O}: 16)$",$72 \text{ gram N}_2$,$72 \text{ gram O}_2$,$64 \text{ gram N}_2$,$64 \text{ gram O}_2$,$56 \text{ gram N}_2$,A
4f62d8ff-6342-5c17-89fd-3524e1d4baf9,MATEMATIK,"$a, b, c$ ardışık tek sayılar ve $a < b < c$ dir. Buna göre, $\frac{(a-c)^2 \cdot (b-c)^2}{b-a}$ işleminin sonucu kaçtır?",-4,-2,1,2,4,E
82494fcc-b791-53a7-a8cf-705ee4f09627,FIZIK,"Eşit bölmeli bir cisim, su içerisinde farklı konumlardayken, iplerde oluşan gerilme kuvvetleri şekildeki gibidir. Buna göre, I. Batan hacim artarsa, kaldırma kuvveti artar. II. Cismin derinliği artarsa, kaldırma kuvveti değişmez. III. Sıvının yoğunluğu artarsa, kaldırma kuvveti artar. yargılarından hangileri doğrudur?",Yalnız I,I ve II,I ve III,II ve III,"I, II ve III",B
06556e69-92e7-52fe-8a0f-713522d4a9f2,FIZIK,Aşağıdakilerden hangisi eş potansiyel çizgileri için her zaman doğru bir tanımdır?,Eş potansiyel çizgileri birbirine paralel doğrulardır.,Eş potansiyel çizgileri çembersel eğrilerdir.,Eş potansiyel çizgileri birbirlerini kesebilirler.,Eş potansiyel çizgileri elektrik alan çizgilerine paralel çizgilerdir.,Eş potansiyel çizgileri elektrik alan çizgilerine dik olan çizgilerdir.,E
d03783e7-4620-5e64-b62d-73e840539401,KIMYA,"11,2 gram saf X tuzunun 600 gram saf suda çözündüğünde suyun sıcaklığı $10 \text{ }^\circ\text{C}$ azalıyor. Buna göre saf X tuzunun molar çözünme ısısı kaç kkal/mol'dür? (X'in mol kütlesi $56 \text{ gramdır. } C_{su} = 1 \text{ kal/g } ^\circ\text{C}$)",+30,+15,-15,-30,-45,D
5680ea36-e479-5808-ac3d-8d32b7735187,EDEBIYAT,"Şiirlerinde devamlı bir arayış içinde olmuştur. Her kitabıyla yeni bir atılım peşinde olan sanatçı, sırasıyla Garipçi, bireyci ve toplumcu çizgide eserler üretmiştir. Garip akımında şehir insanının gündelik hayatını anlatmıştır. 1965'ten sonra İkinci Yeni anlayışına yönelmiştir. Şiirlerinde gündemlere yer vermiştir. İmgesel ve duygusal bir anlatımı benimsemiştir.
Bu parçada söz edilen sanatçının eserleri arasında aşağıdakilerden hangisi yoktur?",Denize Doğru Konuşma,Güzelleme,Rahatı Kaçan Ağaç,Aşık Merdiveni,Aşk ve Avarelik Üzerine Şiirler,B
ef5284b5-0394-503a-8a72-b1d9df9733f9,MATEMATIK,"$f$ fonksiyonu 5. dereceden bir polinom fonksiyonu olup her $x$ gerçek sayısı için $f(x)+f(-x)=0$ eşitliğini sağlamaktadır. $f(-1)=-7$ olmak üzere, $\int_{0}^{2}(x^3+x)f'(x^2)dx$ integralinin değeri kaçtır?",-14,-7,0,14,28,E
b2eab666-f78a-54f9-92f2-b29b2523d7f4,MATEMATIK,"$b < a < -1$ olmak üzere, $(bx-1)(x-a) > 0$ eşitsizliğinin çözüm kümesi aşağıdakilerden hangisidir?","$(\frac{1}{b}, \frac{1}{a})$","$(\frac{1}{a}, \frac{1}{b})$","$(- \infty, a) \cup (\frac{1}{b}, \infty)$","$(- \infty, b) \cup (\frac{1}{a}, \infty)$","$(b, a)$",A
b91caaf0-d9e5-5ab4-b955-8f1b30191fff,MATEMATIK,"Mine, Meral, Müge ve Merve'nin 3 yıl sonraki yaşları toplamı 168'dir.
Buna göre, Mine, Meral, Müge ve Merve'nin 4 yıl önceki yaşları toplamı kaçtır?",138,140,156,160,164,B
d2d7043d-4d88-5ba7-a0a9-8d986ae8eba5,MATEMATIK,"$x \in \mathbb{Z}^+$ olmak üzere, $A(x) = 1+2+3+...+x$ tanımlanıyor. $A(1), A(2), A(3), ..., A(102)$ sayıları hesaplanarak birer karta yazılıyor. Bu kartlar bir poşete konularak karıştırılıyor. Rastgele çekilen bir kartın üzerinde tek sayı yazıyor olma olasılığı kaçtır?",$\frac{1}{2}$,$\frac{4}{7}$,$\frac{6}{11}$,$\frac{23}{47}$,$\frac{26}{51}$,E
b3a15aa2-1ca1-5130-bfdf-11b25dba3761,MATEMATIK,"Pozitif terimli bir $(a_n)$ geometrik dizisinde, $a_5 + a_7 = 18$ ve $a_6 + a_8 = 24$ olduğuna göre, dizinin ortak çarpanı kaçtır?",$\frac{4}{3}$,$\frac{3}{2}$,3,$\frac{1}{2}$,$\frac{1}{4}$,A
54698a41-85bf-5a56-ac73-957ec88e0196,MATEMATIK,"$3,6131313...$ devirli ondalık sayısına karşılık gelen rasyonel sayı aşağıdakilerden hangisidir?",$\frac{35}{99}$,$\frac{37}{99}$,$\frac{37}{990}$,$\frac{357}{990}$,$\frac{3577}{990}$,E
a273971a-07a5-57be-a7e5-a88d131f9231,MATEMATIK,Eşitsizliğini kaç negatif tam sayı değeri sağlar? $\frac{49-x^2}{x^2-3x} \ge 0$,9,8,5,6,7,C
983c61e2-6a3f-52d6-9cee-8c6d6c076808,MATEMATIK,"Bir bahçede aynı hizada bulunan dut, erik, kayısı ve vişne ağaçları hakkında aşağıdaki bilgiler bilinmektedir.
• Ağaçlar soldan sağa doğru dut, erik, kayısı ve vişne şeklinde sıralanmıştır.
• Dut ile kayısı ağaçları arasındaki uzaklık $19$ metredir.
• Erik ile vişne ağaçları arasındaki uzaklık $23$ metredir.
• Dut ile vişne ağaçları arasındaki uzaklık $35$ metredir.
Buna göre, erik ile kayısı ağaçları arasındaki uzaklık kaç metredir?",7,8,9,10,11,A
580dc39b-5114-5d4b-bff8-2bc5a77a87cb,MATEMATIK,"Gerçel sayılar kümesi üzerinde tanımlı bir $f$ fonksiyonu için $\lim_{x \to 1^+} f(x)=4$, $\lim_{x \to -1^-} f(x)=2$ eşitlikleri veriliyor. Buna göre, $\lim_{x \to 0^+} (f(x+1) - \lim_{x \to 0^-} f(3-x))$ farkı kaçtır?",-2,0,2,4,6,C
26d9a722-79f0-564e-af39-d1c5edffc8b1,MATEMATIK,"Doğal sayılar kümesi üzerinde bir $f$ fonksiyonu $f(n) = \begin{cases} 2n+3, & 0 \le n < 6 \\ n-6, & n \ge 6 \end{cases}$ biçiminde tanımlanıyor. Buna göre, $f(AB) = 3$ eşitliğini sağlayan kaç tane AB iki basamaklı doğal sayısı vardır?",6,9,12,15,18,B
e62c8c98-b610-5dd9-957e-8aa94b4c40a1,MATEMATIK,"Betül, 240 sayfalık bir kitabın ilk sayfasından başlayarak kitabın %65'ini okumuştur.
Buna göre,
I. Kitabın 156 sayfasını okumuştur.
II. Kitabın 86 sayfası okunmamıştır.
III. 24 sayfa daha okursa kitabın %75'ini okumuş olur.
ifadelerinden hangileri doğrudur?",Yalnız I,I ve II,I ve III,II ve III,"I, II ve III",C
0435d00b-cd99-56cf-b0ff-314ef8a80c5a,MATEMATIK,"I. $3a^2+2$ sayısı çiftse $a+1$ tektir.
II. $2a+3$ sayısı tekse $a+1$ çifttir.
III. $a^2$ sayısı tekse $a^2-5$ çifttir.
İfadelerinden hangileri daima doğrudur?",Yalnız I,Yalnız II,I ve II,I ve III,II ve III,A
1462984b-35b9-59d7-a1be-06345b0679e4,EDEBIYAT,"Numaralanmış cümlelerle birlikte parantez içinde verilen sanatçılardan hangi ikisi yer değiştirirse bilgi yanlışlığı giderilmiş olur?
I. Papirüs adlı edebiyat dergisini çıkarmıştır. Tarih, mitoloji, destanlar şiirlerinin kaynağını teşkil eder. (İlhan Berk)
II. ""Mısra işlevini yitirdi."" cümlesiyle şiir anlayışını ortaya koymuştur. Varoluşçuluk akımının etkisinde kalmıştır. (Edip Cansever)
III. Edebî hareketlerine II. Yeni değil de ""sivil şiir"" denmesini istemiştir. Şiiri bir imgeler sanatı olarak görmüştür. (Ece Ayhan)
IV. Diğer İkinci Yeni şairlerinin dışında divan ve halk edebiyatından da faydalanmıştır. Divan adını verdiği bir eseri vardır. (Turgut Uyar)
V. Şiirde anlamı tamamen dışlamamış, anlamsız şiire varmıştır. ""Şiir anlam için yazılmaz."" görüşünü savunmuştur. (Cemal Süreyya)",I ve IV,I ve V,II ve IV,III ve IV,IV ve V,A
b2e725cb-e6d8-5103-8597-493cb8f72ab0,MATEMATIK,"3 kişinin yaşları toplamı 45'tir. Buna göre, 3 kişinin 5 yıl sonraki yaşları toplamı kaç olur?",50,55,60,64,57,C
e7e83df3-31cc-55f7-adaf-b1f3c44fd307,MATEMATIK,"Tek tip ürün satılan bir mağazadan;
• 2 tane ürün alındığında toplam 26 TL
• 3 tane ürün alındığında toplam 60 TL
indirim uygulanmaktadır.
Ayşe, 14B TL'nin tamamıyla tanesi AB TL olan bu ürünlerden iki tane satın almıştır.
AB iki basamaklı ve 14B üç basamaklı doğal sayılar olduğuna göre, bu ürünlerin 3 tanesi kaç TL'dir?",176,180,186,192,198,C
6c0c7d95-2005-5cb0-a7db-bc5a7caf3d62,EDEBIYAT,"Cehov tarzı durum öykücülüğünün öncüsüdür. Sıradan insanların gündelik yaşamlarını anlatır. Güçlü bir gözleme dayanarak öykülerinde konuşma dilini kullanmıştır. Bütün kişileri sevimli, Haşmet Gülkokan'ın, Sivil Müdürü Cavit Bey'in düzensizliklerini bile hoş göstermeyi başarmıştır.
Aşağıdakilerden hangisi, bu parçada sözü edilen yazara ait değildir?",Mendil Altında,Hava Parası,Havada Bulut,Otlakçı,Ev Ona Yakıştı,D
9f149a8f-0b2e-52b6-8274-67b76923211a,MATEMATIK,Bir sınıftan rastgele seçilen bir öğrencinin kız öğrenci olma olasılığı $\frac{2}{5}$'tir. Sınıfta 12 erkek öğrenci olduğuna göre sınıf mevcudu kaçtır?,12,16,18,20,24,D
18161d10-4fb8-52db-a117-53c0a76f1a32,KIMYA,"Metan ve etan gazlarından oluşan $3,5$ mol'lük bir karışımı tamamen yakmak için $10$ mol $O_2$ gazı gerekmektedir. Buna göre, karışımda kaç mol metan bulunur?",1,"1,5",2,"2,5",3,C
7ff0cc69-63f3-5bf9-846c-f493cab0f6a1,MATEMATIK,"1 GB = 1024 MB
Türkan'ın telefonunun hafızası 32 GB'tır. Türkan'ın telefon hafızasının %7,5'i doludur.
Buna göre, Türkan telefon hafızasına en fazla kaç MB'lık bir dosya ekleyebilir?","784,8","796,5","819,2","810,6","800,4",C
e465df52-1f77-537f-a0f8-f01a8a377c8f,MATEMATIK,"Öykü, Ece ve Elif'in bugünkü yaşları toplamı 33'tür. Öykü, Ece'nin bugünkü yaşındayken Elif 1 yaşındaydı. Buna göre, Öykü'nün bugünkü yaşı kaçtır?",17,16,15,14,13,D
6604de3d-5870-5cdf-81dd-4c5ff8a5c5fe,TURKCE,"(I) Ben çok küçükken, yani çocukların İtalyası veya pilot olmak istedikleri dönemde, büyüyünce bir şey icat etmek, bir şey keşfetmek isterdim. (II) Bu nedenle de idealim, makine mühendisi ya da biyolog olmaktı. (III) Bu isteğimin nedenini o zamanlar tam olarak bilemiyordum. (IV) Sanıyorum, bu isteğimin arka planında, insanlığa hizmet ederek tarihe geçmek arzusu vardı. (V) Bunu, biraz bilinçlenince daha iyi anladım. Bu parçadaki numaralanmış cümlelerin hangisinde bir yazım yanlışı vardır?",I,II,III,IV,V,C
c411f189-048f-57af-aad5-39fb17136812,MATEMATIK,"$\sin(-x) = a-1$ ve $\sec(x) = \frac{\sqrt{5}}{a}$ eşitlikleri vardır. Buna göre, $\tan x$ kaç farklı değer alabilir?",$\frac{3}{2}$,$\frac{\sqrt{5}}{2}$,$\frac{2}{\sqrt{5}}$,$\frac{\sqrt{5}}{3}$,$-\frac{2}{\sqrt{5}}$,B
965f57a1-2ccb-51e4-9ce9-40c2bf1c5768,MATEMATIK,"$x^2-3mx-n+4=0$ denkleminin kökleri $x_1$ ve $x_2$ dir. $x^2-(n+2)x+8n=0$ denkleminin kökleri $2x_1$ ve $2x_2$ dir. Buna göre, $m+n$ toplamı kaçtır?",4,3,5,6,7,C
71bf0611-e59e-577c-a93c-9495d01fa15a,TARIH,"I. Durum: 1444'te Avrupalı Devletler adına Macarlarla Osmanlı Devleti arasında Edirne - Segedin Antlaşması imzalanmıştır. Osmanlı padişahı II. Murat bu on yıllık be- riş antlaşmasından yararlanarak tahtı 12 yaşındaki oğlu II. Mehmet'e bırakmıştır.
II. Durum: Macarlar Edirne - Segedin Antlaşması'ndan kısa bir süre sonra Osmanlı Devleti'ne karşı saldırıya geçmişlerdir.
Yukarıdaki iki durum dikkate alındığında;
I. Macarlar, Edirne - Segedin Antlaşması'nı yok saymışlardır.
II. Macarlar Osmanlı yönetimindeki hükümdar değişikliğinden yararlanmak istemişlerdir.
III. Osmanlı içişlerinde yaşanan gelişmeler, Macarların harekete geçişini kolaylaştırmıştır.
yargılarından hangilerine ulaşılabilir?",Yalnız I,I ve II,I ve III,II ve III,"I, II ve III",E
384bcb1a-acbf-5285-b4a1-675f58c2f6e9,KIMYA,"$N_2O_5(g) + H_2O(s) \rightarrow 2HNO_3(suda)$ $Zn(k) + 2HCl(suda) \rightarrow ZnCl_2(suda) + H_2(g)$ Aynı koşullarda gerçekleşen yukarıdaki tepkimeler ile ilgili, I. toplam atom sayısının korunması, II. toplam gaz hacminin korunmaması, III. elektriği ileten çözelti oluşması özelliklerinden hangileri ortaktır?",Yalnız I,Yalnız III,I ve II,II ve III,"I, II ve III",A
0b66071e-6ba6-5899-997c-28eacfa3f481,MATEMATIK,"Bir ailenin ilk çocuğu doğduktan 2 ve 6 yıl sonra birer çocukları daha doğmuştur. İlk çocuğun şimdiki yaşı, diğer iki çocuğun birinin yaşının 2 katına eşittir. İkinci çocuk ilk çocuğun şimdiki yaşının 2 katı yaşa geldiğinde çocukların yaşları toplamı babanın şimdiki yaşının 2 katına eşit olmuştur. Buna göre, ilk çocuk doğduğunda baba kaç yaşındadır?",20,21,22,23,24,D
7e404c1f-c487-5067-96ad-c08bd4ce81ad,TARIH,"Osmanlı Devleti ve Rusya arasında 1774'te imzalanan Küçük Kaynarca Antlaşması'nın bazı önemli maddeleri şunlardır:
I. Kırım, Osmanlı Devleti'nden ayrılacak ve özerk bir yapıda olacak ancak halifelik makamına bağlı kalacak.
II. Azak Kalesi Ruslarda kalacak ve Ruslar Karadeniz'de gemi bulundurabilecek.
III. Ruslar Osmanlı ülkesinde elçi bulundurma, Ortodoks-ların koruyuculuğunu üstlenme ve kapitülasyonlardan yararlanma hakkına sahip olacak.
IV. Osmanlı Devleti Rusya'ya savaş tazminatı ödeyecek.
Bu maddelerden hangileri Osmanlı Devleti'nin sınırlarının daralmasına doğrudan etki etmiştir?",I ve II,I ve III,II ve III,II ve IV,III ve IV,A
f6b3b6b4-21af-5c23-b79e-dcf2a68f5ebb,BIYOLOJI,"Hücre zarında gerçekleşen madde taşınması olaylarından bazıları aşağıda verilmiştir.
K $\rightarrow$ Az yoğun ortamdan çok yoğun ortama doğru suda çözünen maddelerin geçmesidir.
L $\rightarrow$ Sıvı hâlde olan makromoleküllerin hücre içine alınmasıdır.
M $\rightarrow$ Salgı maddelerinin bir kese yardımıyla hücreden uzaklaştırılmasıdır.
N $\rightarrow$ Tatlı su ortamında yaşayan tek hücreli bir canlıda, hücre içine doğru sürekli suyun geçmesidir.
P $\rightarrow$ Yağda eriyen vitaminlerin çok yoğun olduğu ortamdan hücre içine doğru geçmesidir.
Bu madde geçişleri ve adları ile ilgili aşağıdaki eşleştirmelerden hangisi yanlıştır?",K $\rightarrow$ Aktif taşıma,L $\rightarrow$ Pinositoz,M $\rightarrow$ Ekzositoz,N $\rightarrow$ Osmoz,P $\rightarrow$ Endositoz,A
88929aa5-f153-5630-9e6b-371374eaa539,MATEMATIK,"$P(2x)$'in $(x+2)$ ile bölümünden bölüm $Q(x)$, kalan $5$'tir. $Q(x-1)$'in sabit terimi $-3$, $(m+1) \cdot P(x-3) + Q^2(x)$ polinomunun $(x+1)$ ile bölümünden kalan $29$ olduğuna göre, $m$ kaçtır?",2,-3,-2,3,4,A
881885d9-ea50-5502-86fc-20307d389f74,MATEMATIK,"$a$ ve $b$ sıfırdan farklı gerçek sayılar olmak üzere, gerçek sayılar kümesi üzerinde tanımlı bir $f$ fonksiyonu $f(a+b) = x$ ve $f(\frac{a}{b}) = \frac{b}{a}$ eşitliklerini sağlamaktadır. Buna göre, $f(0)$ değeri kaçtır?",$\frac{1}{2}$,$\frac{1}{3}$,$\frac{2}{3}$,1,2,D
301e25db-5c86-5bb6-9d9f-516d556875e1,MATEMATIK,"Çanakkale'den Ankara'ya 2 günde bir uçak, 5 günde bir otobüs ve 9 günde bir yüksek hızlı tren gelmektedir. Buna göre, bu üç taşıma aracı bir yıl içerisinde en çok kaç kez birlikte seyahat ederler?",3,4,5,6,7,C
ed1128a7-2180-55dc-97dd-8b7979923f97,TARIH,Aşağıdakilerden hangisi Rusya'nın Akdeniz'e inebilmek için izlediği politikalardan biri değildir?,Balkanlarda Panslavizm politikasıyla yayılmak,Karadeniz'de Osmanlı Devleti ile mücadele etmek,Avusturya ile birlikte Grek Projesi'ni hayata geçirmek,"Osmanlı Devleti'ne bağlı Eflak, Boğdan ve Erdel beylerini kışkırtmak",Osmanlı Devleti'nden dış politika anlamında Mısır Valisi Mehmet Ali Paşa'yı desteklemek,E
7798074c-2ccf-5c6c-8ea9-28996aeaa8a1,TURKCE,"Bir romandan hareketle roman, yazarın özel hayatı veya çevresi ile aydınlatmaya çalışmaktan daha yanlış, daha faydasız bir şey olamaz. Sanatın dünyası ile gerçekliğin dünyası başka başka şeylerdir. Eleştirici; bir sanat eserini sanatçısı hakkında hiçbir şey bilmeden, gökten düşmüş bir şeymiş gibi yalnız dış yapısına, dış örgüsüne göre incelemelidir.
Bu parçadan hareketle aşağıdaki yargıların hangisine ulaşılamaz?","Roman, romancının hayatı ile anlaşılmaya çalışılmalıdır.",Sanat dünyası ile gerçekliğin dünyasının ilkeleri birbirinden farklıdır.,"Eleştirmen, eseri incelerken eserin dışındaki unsurları göz ardı etmelidir.",Sanat eseri incelenirken ona bir yabancı gibi davranılmalıdır.,"Roman, yazarın yetiştiği çevre içinde ele alınmamalıdır.",A
e5b34ecd-c5ff-54b1-a08f-238733755811,MATEMATIK,"$\lim_{x \to \frac{\pi}{2}} \frac{\cos(2-x) + \sin x}{\sin^2 x - \sin x + \cos x}$
limitinin değeri kaçtır?",$\frac{1}{2}$,$\frac{1}{4}$,1,2,3,D
6c7da515-661c-529e-9fe2-9166aa9a4308,MATEMATIK,"Yaşları toplamı 48 olan 6 kardeşin yaşları aritmetik dizi oluşturmaktadır.
En büyük kardeş 13 yaşında olduğuna göre, en küçük kardeş kaç yaşındadır?",1,2,3,4,5,C
81a5ab00-4096-5c73-84db-bcf8963fd4c4,KIMYA,$2NH_3(g) + 7O_2(g) \rightarrow 2NO_2(g) + 3H_2O(g)$ tepkimesine göre eşit sayıda $NH_3$ ve $O_2$ gazları sabit sıcaklıkta tam verimle tepkimeye giriyor. Tepkime sonucu ortamda 65 L gaz karışımı bulunduğuna göre artan $NH_3$ gazı kaç litredir?,5,"7,5",10,"12,5",15,A
5f3f6e58-6ffd-5ae7-bcc6-8ff9fc2d1a4a,TARIH,Aşağıdakilerden hangisi Kıbrıs Adası'ndaki gelişmeler ile ilgili bir bilgi değildir?,1963'te Kıbrıslı Rumlar anayasayı değiştirerek Yunanistan'a bağlamaya çalışmıştır.,1964 yılında BM Güvenlik Konseyi Kıbrıs'a barış gücü göndermiştir.,1970 yılında Kuzey Kıbrıs Türk Cumhuriyeti kurulmuştur.,Türkiye 20 Temmuz 1974 tarihinde Adaya Barış Harekâtı düzenlenmiştir.,1975'te Kıbrıs Türk Federe Devleti kurulmuştur.,C
ea9ba6fe-dbd9-5bb1-9195-ea3eed0106f2,TURKCE,"Ben, yazar değilim; okuma insanıyım. Açıklayayım: Benim hayatta var olma şeklim okumak ve yazmak. İnanın bana başka türlüsünü bilmiyorum. Daha önce de bana çok soruldu, hep yazıyorsunuz, bıkmadınız mı diye. Ben yazmazsam ne yapabilirim bilmiyorum. Hani nasıl ki bir insanın konuşması onun diliyse benimki de yazmak. Sizin diliniz sesli, benimki harfli. Okumayı akıcı bir şekilde söktüğüm günden beri okuyorum. Öykülerim beğenildiği ortaokul yıllarımdan beriyle yazıyorum. Arada da yemek, temizlik, eş dost oturması, biraz deniz, biraz akşam yürüyüşü... Ama önceliğim yazmak ve okumak.
Bu parçanın yazarı için aşağıdakilerden hangisi söylenemez?",Okuma ve yazmadan kalan zamanlarda diğer rutinleri yaptığı,Yazmayı kendini ifade etmenin yolu olarak gördüğü,Yazarlık dışında yaptıklarından keyif almadığı,Sosyal hayatının yazma eyleminden sonra geldiği,"Kendini yazar olarak değil, okuyan olarak gördüğü",C
20e5816f-b995-579c-8b7d-cad7c19f8197,GEOMETRI,"Aşağıdaki verilere uygun olarak bir geometrik çizim yapılıyor.
1. adım: Bir kenar uzunluğu $12$ cm olan bir ABC eşkenar üçgeni çiziniz.
2. adım: $[AB]$ ve $[AC]$ kenarlarının orta noktalarını sırasıyla K ve L olarak işaretleyiniz.
3. adım: $[BC]$ üzerinde $[KL] \perp [LM]$ olacak şekilde bir M noktası işaretleyiniz.
Buna göre, $|KM|$ kaç cm'dir?",$4\sqrt{3}$,$2\sqrt{14}$,$2\sqrt{15}$,$3\sqrt{7}$,8,B
90e79ca0-17e9-53b8-bbe7-985690fa5b31,BIYOLOJI,"Kıkırdak dokuda kan damarlarının bulunmaması;
I. hücrelerin beslenmesinde,
II. hücrelere oksijen iletiminde,
III. artık maddelerin hücrelerden uzaklaştırılmasında
durumlarının hangilerinde zorluklara yol açabilir?",Yalnız I,Yalnız II,I ve III,II ve III,"I, II ve III",E
2874a170-26b9-5b09-80d9-e46ddd53a0bd,TURKCE,"(I) Su, yaşam için elzemdir ve besin öğesi olarak kabul edilir. (II) Suyun bu kadar önemli olmasında yiyeceklerin sindirimi, emilimi ve hücre taşınımı, yaşam ve sağlık için gerekli biyokimyasal tepkimelerin oluşması, metabolizmada ki zararlı maddelerin taşınması, vücut ısısının denetimi gibi görevleri etkili olmaktadır. (III) Sıcak havalarda, fazla fiziksel aktivite yapıldığında, fazla proteinli ve tuzlu yiyecekler tüketildiğinde, ateşi hastalıklarda, ishalde sıvı kaybı artar. (IV) Böyle durumlarda vücudun sıvı/su gereksiniminde artış olur. (V) Bu artışın telafisi için yani vücutta sıvı dengesini korumak için kaybolan suyun yerine konması gerekir. (VI) Kaybolan sıvının karşılanabilmesi için boyundaki susama merkezi uyarılır ve susama duygusu gelişir.

Bu parça iki paragrafa ayrılsa ikinci paragrafın baştan ikinci cümlesi aşağıdakilerden hangisi olur?",II,III,IV,V,VI,D
95052f07-5034-5022-843e-d543ceb273af,MATEMATIK,"$f(x) = x^3 - ax - 1$ fonksiyonunun $x = 1$ apsisli noktasından çizilen teğeti $x$ ekseni ile pozitif yönde $135^	ext{o}$ lik açı yaptığına göre, $a$ kaçtır?",5,4,3,2,1,A
13ccf933-ab56-51cc-828f-aec485be053d,MATEMATIK,"Eşit güçteki üç işçi birlikte işe başladıktan 2 saat sonra I. işçi, ondan 4 saat sonra II. işçi bırakıyor. Toplam 12 saatin sonunda iş bitiyor.
Buna göre, işçilerin herhangi biri aynı işi tek başına kaç saatte bitirirdi?",20,18,24,16,21,C
1729893a-e685-5c93-9dff-bc7d0feaddd7,MATEMATIK,"Gerçel sayılar kümesi üzerinde tanımlı $y = f(x)$ fonksiyonu $f(x) = \frac{\sqrt[3]{x}}{\sqrt{5x}}$ biçiminde tanımlanıyor. Buna göre, $f'(5)$ kaçtır?",$\frac{1}{5}$,$\frac{1}{8}$,$\frac{1}{12}$,$\frac{1}{24}$,$\frac{1}{25}$,E
3a9155a4-a919-50b8-ad7d-aa630a1f2518,MATEMATIK,"$f$ doğrusal bir fonksiyon olmak üzere, $f(x) - 6 = f^{-1}(x)$ olduğuna göre, $f(1)$ kaçtır?",-6,-4,-2,2,4,E
b5273674-734f-586e-96cb-6979f4ca6048,MATEMATIK,"$0 < x < \frac{\pi}{2}$ olmak üzere,
$A = \frac{1}{1 + \frac{1}{1 + \frac{1}{1 + \cot x}}}$
eşitliğini, aşağıda verilen A, B ve C değerlerinden hangisi sağlar?","$A = \tan x$, $B = \cos x$, $C = \sin x$","$A = \cot x$, $B = \sin x$, $C = \tan x$","$A = \sin x$, $B = \cos x$, $C = \tan x$","$A = \cos x$, $B = \sec x$, $C = \tan x$","$A = \sec x$, $B = \cos x$, $C = \tan x$",C
392b182d-01ed-5d21-9fec-f1b2680d72ab,EDEBIYAT,"I. Sana meyil vermek benden değildir
Gönül çüştü nedir çare sevdiğim
II. Hesap ettim on yedidir yaşını
Akıttım gözlerimin yaşını
III. Müminler işine münafık şaşa
Münkirler başını ko vursun taşa
IV. Şahin kocasa da vermez avını
Asil kurt yavrusu gene kurt olur
Bu dizelerde görülen edebî sanatlar aşağıdakilerin hangisinde sırasıyla verilmiştir?",Tecahülüarif - Cinas - Tezat - İrsalimesel,Hüsnütalil - İstiare - Teşhis - Mecazımürsel,Tecahülüarif - Cinas - Tevriye - Teşhis,Tenasüp - Cinas - Tevriye - Mecazımürsel,Hüsnütalil - Kinaye - Cinas - Teşbih,A
8294cb64-bf12-5466-adfa-38729583506f,MATEMATIK,$\frac{4a^2 - b^2}{2a^2 + ab}$ ifadesinin en sade biçimi aşağıdakilerden hangisidir?,$\frac{2a-b}{a}$,$\frac{2a+b}{a}$,$\frac{a-2b}{a}$,$\frac{a+2b}{a}$,$\frac{2a-b}{b}$,A
d9e8e9cf-e328-50b5-9ef9-2a3263db8a4a,MATEMATIK,"Bir ABCD karesi için, $E \in [AD]$, $F \in [CD]$, $[BE] \perp [FE]$ $\tan(\widehat{ABE})=\frac{2}{3}$ olarak veriliyor. Buna göre, $\frac{|DF|}{|CF|}$ oranı kaçtır?",$\frac{2}{9}$,$\frac{1}{4}$,$\frac{2}{7}$,$\frac{1}{3}$,$\frac{3}{8}$,B
fb70298a-33b6-575a-82fd-93555b48efd4,FIZIK,"Bir evde kullanılan elektrikli sobanın daha az enerji tüketmesi için,
I. Sobaya termostat takılarak ortamın belli bir sıcaklığın üzerine çıkmasını önlemek
II. Sobanın direncini artırmak
III. Sobanın gücünü artırmak
işlemlerinden hangileri yapılabilir?",Yalnız II,I ya da II,Yalnız III,II ya da III,"I, II ya da III",B
e5381933-edee-54b3-9d02-cfc1088f9feb,MATEMATIK,$\frac{n^2}{(n-2)^2} < 20$ eşitsizliğini sağlayan kaç tane $n$ tam sayısı vardır?,2,3,4,5,6,B
eabfc816-effd-5e0f-9c6c-9e499dcb9f17,KIMYA,"Bazı asit-baz tepkimelerinin denklemleri şu şekildedir:
• Sud kostik + X $\rightarrow$ Sofra tuzu + $H_2O$
• Y + Zaç yağı $\rightarrow$ $CaSO_4$ + $2H_2O$
• Amonyak + Tuz ruhu $\rightarrow$ Z
Buna göre tepkimelerde yer alan X, Y ve Z bileşiklerinin formülleri aşağıdakilerden hangisinde doğru gösterilmiştir?","HCl, $Ca(OH)_2$, $NH_4NO_3$","HCl, $Ca(OH)_2$, $NH_4Cl$","$HNO_3$, CaO, $NH_4Cl$","$HNO_3$, $Ca(OH)_2$, $NH_4Cl$","HCl, $CaCO_3$, $NH_4Cl$",B
c56b57b1-0a76-539d-a971-92494ab96eae,KIMYA,"Oda koşullarında bulunan HI sulu çözeltisine sabit sıcaklıkta bir miktar saf su ekleniyor. Buna göre çözeltinin, I. $[H^+]$ iyon derişimi II. $[OH^-]$ iyon derişimi III. pOH değeri niceliklerinden hangileri azalır?",Yalnız I,Yalnız II,I ve II,I ve III,"I, II ve III",A
1c71c666-5313-5c87-a4d2-645d29e54732,MATEMATIK,$x$ gerçel sayıları için I. $5^x$ II. $x^2+4$ III. $x^4$ ifadelerinden hangileri daima pozitiftir?,I ve III,"I, II ve III",I ve II,II ve III,Yalnız I,B
44b4cd08-5d49-572d-86a6-a310612715c6,FIZIK,"Çift yarıkla yapılan girişim deneyinde perde üzerinde aydınlık ve karanlık saçaklar oluşur. Buna göre girişim desenindeki saçak genişliğini artırmak için $\lambda$, ışığın dalga boyu, $L$, yarık düzlemi ile perde arasındaki uzaklık, $n$, girişimin gerçekleştiği ortamın kırıcılık indisi niceliklerinden hangilerinin tek başına artması yeterli olabilir?",Yalnız $\lambda$,$\lambda$ ve $L$,Yalnız $L$,$L$ ve $n$,Yalnız $n$,B
94f14dc0-1ba3-5470-b74d-458852ccd04a,TURKCE,"(I) Gülmek güzeldir; güzelliktir, sağlıktır, sevgidir. (II) Karagöz bunun için gereklidir ve sevilir. (III) Ama içine sanat, müzik, güldürü, şiir, resim ve öğüt katarak güldürür. (IV) Hiç gösteri seyretmemiş olanları Karagöz'ün ismi bile gülümsetir. (V) Üstelik yüzlerce insanı, böyle uzun süre güldürebilen bir başka gösteriyi dünyada bulabilmek herhalde mümkün değildir.
Bu parçada numaralanmış cümlelerin hangilerinde aynı ses olayına birden fazla örnek vardır?",I ve II,I ve IV,II ve III,III ve IV,IV ve V,B
01fe72c4-dd09-5a2d-82b1-210b48897d4b,TURKCE,"Cihat Burak'ın üç öykü kitabını aynı anda okumaya başladım ve kitapları üç günde okudum, çabuk okumak sportif bir alışkanlık, özümseyip okumaksa sanatsal bir aktivitedir!
Altı çizili sözün bu cümleye kattığı anlam aşağıdakilerin hangisinde vardır?",Herkesi kendi bildiği gibi için her zaman üzülüyordu.,Bağırmaktan nefesi kesilmişti ama yine de susmuyordu.,Sorunları yansıtmak amacıyla müdürün karşısına çıkmıştı.,Her sabah kahvaltıdan sonra özgür olmak için avluya çıkardı.,Okulda ve sokakta topladığı bilgileri kendine göre uyarlayıp aktardı.,E
be7099a5-58bc-58d2-bd37-6e03716a059f,MATEMATIK,"$a$ ve $b$ pozitif tam sayı olmak üzere,
$(ax^2 - bx^2) - 2ax^2 + 2bx - 3 = 0$ denkleminin çözüm kümesi sadece üç tam sayıdan oluştuğuna göre, bu üç tam sayının toplamı kaçtır?",-3,-2,0,3,4,D
74d1da90-ed5c-5dea-b2a0-4949292f788d,EDEBIYAT,"İkindüüstü candarmalar mezarlığa gidip köylülerle Mehmet'in ölüsünü mezardan çıkarttılar. Ancak yarım metre kadar toprağın altında olan ceset, şiddetle taaffün ediyordu (kokuyordu). Herkes beş on adım geri çekildi. Candarmalar Mehmet'in anasını çağırarak ""Koş bakalım kağnıyı! Oğlunu kasabaya götüreceksin... Doktor muayene edecek!"" dediler. Kadın: ""Yavrumu mezarında bile rahat komadılar!"" diye iki yanını dövüyor ve bütün Anadolu kadınları gibi ses çıkmadan ve pek az hıçkırarak ve gömelerek ağlıyordu. Mütemadiyen sallanmakta ve çatlak, kuru yumruklarını ağzına ve gözlerine götürmekte idi. Candarmanın biri ayağıyla hafifçe arkasından dokundu: ""Kok bakalım!"" dedi.
Sabahattin Ali'nin Kürk Mantolu Madonna hikâyesinden alınan bu parça için aşağıdakilerden hangisi söylenemez?",Sosyal gerçekçi bir bakış açısıyla kaleme alınmıştır.,Yazıldığı dönemin dil özelliklerini yansıtmaktadır.,Söz tekrarlarına ve yansıma sözcüklere yer verilmiştir.,"Anlatım, ilahi/tanrısal bakış açısıyla yapılmıştır.",Açık ve anlaşılır bir dil kullanılmıştır.,D
35fda750-73c8-570c-b6b9-68ea7c82697a,MATEMATIK,$\frac{\sin3x}{\sin x} - \frac{\cos3x}{\cos x}$ ifadesinin en sade hâli aşağıdakilerden hangisidir?,2,1,$\sin x$,$\cos x$,$2\sin x$,A
fd2e1e26-e346-5c89-9ee9-6d64069b632c,MATEMATIK,"$A = \{1, 2, 3, 4\}$ $B = \{2, 3, 4, 5\}$ $C = \{3, 4, 5, 6\}$ kümeleri veriliyor. Bu kümelerden rastgele iki tanesi seçiliyor ve seçilen kümelerden rastgele birer sayı seçiliyor. Buna göre, seçilen sayıların eşit olma olasılığı kaçtır?",$\frac{1}{3}$,$\frac{2}{9}$,$\frac{3}{10}$,$\frac{1}{5}$,$\frac{1}{6}$,B
049c748d-5963-5786-ab1a-3c314dfbd20f,MATEMATIK,"$(x-1)^{\log_5 (x-1)} = 8$ olduğuna göre, $x$ kaçtır?",2,3,4,5,6,E
4f7261b5-396b-5b71-b5e2-3d9b8a0e4a51,MATEMATIK,"$P(x) = x^3 + ax^2 + bx - 2$ polinomunun sadece bir tane gerçek kökü olduğu biliniyor. $P(1) = 0$ olduğuna göre, $a$ tam sayısının alabileceği en küçük değer kaçtır?",-6,-5,-4,-3,-2,B
5ca1d6fe-9061-5807-a833-06f136ca5613,TURKCE,"Ey Türk gençliği! Birinci vazifen, Türk istiklalini, Türk Cumhuriyetini, ilelebet, muhafaza ve müdafaa etmektir. Mevcudiyetinin ve istikbalinin yegâne temeli budur. Bu temel, senin, en kıymetli hazinendir. İstikbalde dahi, seni bu hazineden mahrum etmek isteyecek, dahilî ve haricî bedhahların olacaktır. Bu parça aşağıdaki anlatım türlerinden hangisiyle yazılmıştır?",Fantastik anlatım,Mizahi anlatım,Tartışmacı anlatım,Epik anlatım,Emredici anlatım,E
72fb9ca0-761e-51a7-a748-5899753eb6d5,MATEMATIK,"İşleminin sonucu kaçtır? $\frac{(0,3)^2 - 0,03}{0,2}$","0,3","0,6","1,2","2,4",6,A
84716694-fbc8-5300-98af-2ee72108e445,MATEMATIK,"Gerçel sayılarda tanımlı $f$ ve $g$ fonksiyonları $f(x) = x - \sqrt{3}$ $g(x) = x + \sqrt{3}$ şeklinde tanımlanıyor. Buna göre, I. $(f+g)(3)$ II. $(f \cdot g)(3)$ III. $(f \circ g)(3)$ IV. $f^{-1}(3) \cdot g(3)$ ifadelerinden hangilerinin sonucu eşittir?",I ve II,II ve III,"I, II ve III","II, III ve IV","I, III ve IV",A
e6bc9e01-1db7-5125-800f-7bb98b10c772,MATEMATIK,"Memduh, bir bilet kuyruğunda başından $(n-1)$. sırada, sondan $(n+1)$. sıradadır. Bu bilet kuyruğunda 53 kişi olduğuna göre, Memduh baştan kaçıncı sıradadır?",23,24,25,26,27,D
df21f2e9-95e7-5f60-aac6-20a2f612eb4e,MATEMATIK,"Bir hastanenin yeni doğan ünitesinde tedavi gören bebeklerin beslenmesi ile ilgili aşağıdakiler bilinmektedir:
Erkek bebeklere 4 saatte bir, kız bebeklere 3 saatte bir mama verilmektedir.
Erkek bebeklere 100 gramlık, kız bebeklere 75 gramlık mamalar verilmektedir.
Bu bebeklere bir günde toplam 272 kez mama verilmiş-tir.
Bu bebeklere bir günde toplam 24 kilogram mama verilmiştir.
Buna göre, bu hastanede kaç tane erkek bebek vardır?",16,18,22,24,26,A
5453ee15-2723-54bd-a788-a325b0c93038,FIZIK,"İçleri dolu X, Y ve Z cisimleri su içerisinde şekildeki gibi dengededir. Buna göre, cisimlerin özkütleleri $d_X$, $d_Y$ ve $d_Z$ arasındaki ilişki nedir?",$d_X > d_Y > d_Z$,$d_X < d_Y = d_Z$,$d_X = d_Y = d_Z$,$d_Z > d_Y > d_X$,$d_Z > d_Y = d_X$,E
42dd173d-29ba-5938-a694-f38508d3eae6,MATEMATIK,"İfadelerinden hangileri bir dizinin genel terimi olabilir?
I. $\sqrt{n^2+1}$
II. $\frac{n-2}{n-1}$
III. $\frac{n-2}{n^2+2}$",Yalnız I,I ve II,I ve III,II ve III,Yalnız III,C
79ce0446-a6e9-5f92-b991-bd8fe815d1ea,EDEBIYAT,"I. Kemal Özer - Gül Yordamı
II. Ataol Behramoğlu - Kuşatmada
III. İsmet Özel - Celladıma Gülümserken
IV. Süreyya Berfe - Erbaın
V. Ahmet Telli - Yangın Yılları
Yukarıdaki şair-eser eşleştirmelerinden hangisinde bir yanlışlık yapılmıştır?",I,II,III,IV,V,D
649ab432-2aa0-5c77-a7c3-4a95cde4b6b9,MATEMATIK,"$A, B$ ve $C$ birer sayma sayısı olmak üzere, $A, B$ ve $C$ sayılarından;
• yalnız ikisinin ardışık tam sayı,
• yalnız ikisinin ardışık çift sayı
olduğu biliniyor.
Bu sayılardan biri 12 olduğuna göre, $A+B+C$ toplamının değeri aşağıdakilerden hangisi olamaz?",31,33,35,37,41,D
4a1ae8cb-5ef5-5df0-8fe4-a24d78c24bdb,MATEMATIK,"$0 < \theta < \frac{\pi}{4}$ olmak üzere, $\sec\theta(\sin\theta + \cos\theta) = \sqrt{2}$ olduğuna göre, $\left(\frac{2\sin\theta}{\cos\theta - \sin\theta}\right)$ ifadesinin değeri kaçtır?",1,$\sqrt{2}$,$\sqrt{3}$,2,$\sqrt{5}$,D
d97f8efe-8028-5847-b933-64a7ac5b0069,KIMYA,"$Ca_{(k)} + 2H^+_{(aq)} \rightarrow Ca^{2+}_{(aq)} + H_{2(g)}$
Yukarıdaki tepkimeye göre $0,2$ molar $600$ mL HCl çözeltisinin yeterli miktarda Ca metali ile tepkimesinden $7200$ kalori ısı açığa çıkmaktadır.
Buna göre, tepkime ısısı $(\Delta H)$ kaç kkal/mol'dür?",$-120$,$-100$,$+100$,$+120$,$+180$,A
1799446b-68be-5acc-880d-5170ac7d2923,FIZIK,"Bir öğrenci yenilenebilir - yenilenemez enerji kaynakları tablosunu şekildeki gibi işaretliyor.

Buna göre, öğrenci tablodaki I, II, III, IV, V numaralı enerji kaynaklarından hangilerini doğru işaretlemiştir? ($\checkmark$: doğru)",I - II,II - III,III - V,I - IV,IV - V,C
6bfdf059-5245-5dfa-a9b0-0c6a563e8a34,MATEMATIK,"$P(x) = (x+1)(x+2)...(x+7)$ polinomu $Q(x) = (x-1)(x+1)...(x+4)$ polinomuna bölünüyor. Buna göre, bu bölümden elde edilen kalan kaçtır?",16,14,12,8,5,A
8984ba18-c0d8-5e70-9020-786824cfbf7d,MATEMATIK,"4 ile 54 arasındaki tek sayıların toplamı $a$, 3 ile 55 arasındaki çift sayıların toplamı $b$'dir. $1+2+3+...+54$ toplamının $a$ ve $b$ cinsinden değeri kaçtır?",$a+b-1$,$a+b+2$,$a+b+4$,$a+b+6$,$a+b+7$,D
40abc295-a902-5d5f-bada-ac53980ba580,MATEMATIK,"Bir havalimanında, belirlenen bir günde yapılan toplam uçuşların $\frac{2}{3}$'ü yurt dışına, diğerleri ise yurt içine gerçekleştirilmiştir. Belirlenen bu günde sabah yapılan 54 uçuşun, aynı günde yapılan toplam uçuş sayısının $\frac{3}{4}$'üne eşit olduğu hesaplanmıştır.

Buna göre bu havalimanında belirlenen bu günde yapılan yurt içi uçuş sayısı kaçtır?",42,48,50,54,60,B
217ce192-3618-59cf-941d-e63d55db057a,KIMYA,"$Al + HCl \rightarrow AlCl_3 + H_2$
Yukarıda verilen tepkime en küçük tam sayılarla denkleştirildiğinde, denklemdeki maddelerin kat sayıları toplamı kaçtır?",6,10,11,13,14,C
07c5ad40-4701-590d-bcea-0b7d7598d4af,KIMYA,"X, Y ve Z metalleri ile ilgili aşağıdaki bilgiler verilmiştir. X, $HNO_3$ ve $H_2SO_4$ ile tepkime veriyor. Y, $HCl$ ve $NaOH$ ile tepkime vermiyor. Z, $HCl$ ile tepkime veriyor, $NaOH$ ile tepkime vermiyor. Buna göre X, Y ve Z metalleri aşağıdakilerden hangisi olabilir?","Cu, Au, Pt","Na, Al, Mg","Al, Ag, Fe","Zn, Ca, K","Ag, Cu, Zn",C
4c142876-e28e-540b-883d-f906a8df8b4b,MATEMATIK,"$f(x)$ fonksiyonunun grafiği orijine göre simetriktir. $f(x) = 2x^3 + t(-x) + 2x$ olduğuna göre, $f(1)$ kaçtır?",1,2,3,4,5,B
cd6fca1f-97ff-530e-9be7-45056dff933b,KIMYA,Aşağıdaki taneciklerden hangisinin spektrumu Bohr atom modeli açıklayamaz?,$_1H$,$_3Li^+$,$_2He^+$,$_4Be^{3+}$,$_5B^{3+}$,E
6a468c34-0018-5d61-b206-3a66560e7ba6,MATEMATIK,"$x^2 - (2m-3)x + n - 4 = 0$
denkleminin kökleri $x_1$ ve $x_2$'dir. Bu denklemin kökler toplamı ile kökler çarpımı aralarında asal pozitif sayılardır.
$\frac{1}{x_1} + \frac{1}{x_2} = \frac{33}{24}$
olduğuna göre, $m+n$ toplamı kaçtır?",46,35,27,23,19,B
e1bf4cb3-f290-5996-93b7-a695add73f7b,MATEMATIK,"Gerçek sayılar kümesi üzerinde tanımlı f ve g fonksiyonları için $\lim_{x \to a} (f \cdot g)(x) = L$, $(a, L \in R)$ eşitliği veriliyor. Buna göre, I. $\lim_{x \to a} f(x) = f(a)$. II. $\lim_{x \to a} g(x)$ varsa $\lim_{x \to a} f(x)$ vardır. III. $L = 0$ için $\lim_{x \to a} f(x)$ varsa $\lim_{x \to a} g(x)$ vardır. ifadelerinden hangileri kesinlikle doğrudur?",Yalnız I,Yalnız II,Yalnız III,I ve II,II ve III,C
443d4714-227c-51aa-8d9d-aaed2a256347,TURKCE,Bu numaralanmış parçalarla ilgili olarak aşağıdakilerden hangisi söylenemez?,I. parçada tavsiye edilen davranışın sonuçları belirtilmiştir.,II. parçada iyi bir düşünme için oyun önerileri verilmiştir.,III. parçada beyne zarar veren bir durum üzerinde durulmuştur.,IV. parçada psikolojik durumların beyne etkisi vurgulanmıştır.,V. parçada kitap okumanın beyne katkısından söz edilmiştir.,C
2a834655-eccb-561c-8b52-91e770e02de2,MATEMATIK,"$f$ ve $g$ fonksiyonları sürekli ve türevlenebilir fonksiyonlardır. Her $x$ gerçel sayısı için $g(x) \ne 0$ olmak üzere, $\int \frac{f(x)}{g(x)} dx = g'(x)-c$ eşitliği sağlandığına göre, I. $f(x)=0$ olduğu noktada $g$ fonksiyonunun yerel ekstremum noktası vardır. II. $g'(3) = \frac{f(3)}{g(3)}$ tür. III. $f(3) = g'(3)$ ifadelerinden hangisi veya hangileri her zaman doğrudur?",Yalnız I,Yalnız II,I ve II,II ve III,"I, II ve III",A
e50ee136-6695-58a1-9b0d-0ed0f5f15536,MATEMATIK,"Yiğit, 12 soruluk bir sınavda 9 soruyu cevaplandıracaktır. Yiğit, bu sınavda ilk 6 sorudan en az 4 tanesini cevaplandırmıştır. Buna göre, Yiğit cevaplandıracağı 9 soruyu kaç farklı şekilde seçebilir?",120,150,180,200,210,E
c15f07f9-9c40-582d-ae63-59a76f385d2b,TURKCE,"Yaşar Kemal, Çukurova'sını her zaman içinde taşıyordu. Yaşadığı yer İstanbul, Paris veya Stockholm olduysa da Çukurova'nın sarı sıcağını, kar beyazı pamuk tarlalarını, ağasını, ırgatını, Anavarza Kalesi'ni, kuşunu kurdunu, böceğini çiçeğini yazmayı sürdürmüştü. Kendi geçmişini, geldiği yeri hiç unutmadı ve yıllarca kuşaktan kuşağa insan kitlelerini etkileyip büyülemeyi başardı. Batı dünyası, eskilerin deyişiyle ""mevşahsına münhasır"" bu yazara büyük ilgi gösterdi ve Yaşar Kemal'in kitapları kırk küsur yabancı dile çevrildi.
Bu parçada birleşik zamanlı kaç fiil vardır?",1,2,3,4,5,D
0898f7c1-7760-5509-b0c9-90f327426ed9,MATEMATIK,"Can, Cem ve Ali yan yana sıralanmış 6 sandalyeden üç tanesine oturacaktır. Buna göre, Can, Cem ve Ali'nin yan yana üç sandalyeye oturma olasılığı kaçtır?",$\frac{1}{20}$,$\frac{1}{15}$,$\frac{1}{10}$,$\frac{1}{5}$,$\frac{1}{2}$,A
935c9f47-eac8-5440-8517-6938bb70107a,MATEMATIK,"integralinin sonucu aşağıdaki aralıkların hangisinde bulunur?
$\int_{1}^{2} \sqrt[3]{x^2} dx$","$[0, 2)$","$[2, 6)$","$[7, 8)$","$[8, 9)$","$[9, 10]$",A
56961ff4-c3a7-5cef-90e6-cffe108ee48a,MATEMATIK,"$Y=N-K$ eşitliğinde N sayısı %25 artırılıp, K sayısı %x azaltıldığın- da Y sayısının değeri değişmiyor.
Buna göre, x kaçtır?",10,15,20,25,30,D
c760c7de-fd7b-5914-837e-69544761e1df,KIMYA,"Oda koşullarında 0,2 M 2 litre $HNO_3$ çözeltisi ile 0,4 M 2 litre NaOH çözeltisi karıştırılıyor. Buna göre, karışımın pH değeri kaçtır?",1,2,3,12,13,E
4b91634a-0c42-5e1e-88e7-4e6a72db34e5,MATEMATIK,"$P(x)$ polinomu, 2. dereceden sabit terimi sıfırdan farklı iki terimli bir polinomdur. Bu polinomun katsayıları polinomda $x$ yerine yazıldığında elde edilen terimler, aritmetik bir dizinin birinci ve ikinci terimini oluşturmaktadır. Buna göre, I. polinomun katsayıları farkı II. polinomun katsayıları toplamı III. polinomun katsayıları çarpımı sayılardan hangileri dizinin ortak farkını tam olarak böler?",Yalnız I,I ve II,I ve III,II ve III,"I, II ve III",E
09a66aaf-8f0b-5d0e-a2e8-44574dec17c6,FIZIK,"Aşağıdaki kitap tanıtımlarından hangisi, fizik biliminin popüler ancak bilimsel temelden uzak bir kullanımına örnektir?","Atom altı parçacıkların dünyasında proton, nötron ve elektronların gizemlerini çözün!",Kara deliklerin gizemli dünyasına adım atın ve uzayın en yoğun bölgelerini keşfedin!,Elektrik ve manyetizma dünyasına adım atın: yüklerin hareketiyle tanışın!,Evrenin kuantum enerjisi ile düşüncelerinizi gerçeğe dönüştürün!,Termodinamiğin ilkeleriyle enerji dönüşümlerini ve entropiyi keşfedin!,D
80645452-5138-5844-b799-d80b7240bc6a,MATEMATIK,"Bir yarışma programında; ünlüler takımında 3 kadın ve 2 erkek yarışmacı olmak üzere 5 kişi, gönüllüler takımında ise 3 kadın ve 4 erkek yarışmacı olmak üzere 7 kişi vardır. Bu yarışmada, ünlüler takımında yarışan 2 kişi gönüllüler takımına ve gönüllüler takımında yarışan 2 kişi ünlüler takımına aynı anda geçecek biçimde bir yer değişimi yapılacaktır. Bu değişim sonunda ünlüler takımında 4 kadın ve 1 erkek olacaktır. Buna göre, bu değişim kaç farklı şekilde yapılabilir?",6,12,18,24,30,C
a41391fb-1db6-5919-95f1-32238eba48b8,BIYOLOJI,"Hücreleri dış ortamdan ayıran dinamik, esnek, ince, seçici geçirgen olan, hücrelere şekil veren, hücreleri koruyan ve saran ayrıca hücrelerin dağılmasını engelleyen yapıdır. Bu hücresel yapı ile ilgili aşağıdakilerden hangisi yanlıştır?",Yapısındaki glikoproteinler ve glikolipitler hücre zarında uyarıları algılayan reseptör olarak görev yapar.,Yapısındaki glikolipit ve glikoproteinlerin dağılımı hücreden hücreye farklı olabilir.,Yapısındaki taşıyıcı proteinler bazı moleküllerin geçişini sağlar.,Yapısında yer alan fosfolipidler iki sıralıdır.,Yapısındaki fosfolipitlerin baş kısımları suyu sevmez özelliktedir.,E
257751ba-88e1-5dfa-8f1c-68509096acd7,MATEMATIK,$\frac{1 - \cos x}{\sin x} + \frac{\sin x}{1 + \cos x}$ ifadesinin tanımlı olduğu aralıktaki eşit kaçtır?,-1,0,1,2,3,D
fee7dbb0-0455-526f-a11f-49988775b1c7,EDEBIYAT,"Türk düşünce tarihinde önemli bir mütefekkir olarak ön plana çıkan ----; Türkleşmek, İslamlaşmak ve Muasırlaşmak temelinde bir medeniyet tasavvuru ortaya koymuştur. Türk halkının öz harsını (kültürünü) bulması Türkleşmek, Türk milletinin manevi ihtiyaçlarını önemsemesi ve koruması ise İslamlaşmak olarak nitelendirilmiştir. Bunun yanı sıra Türk, Türklük ve Türkçülük mefhumları üzerine pek çok çalışma yapmış, dönemine ve kendisinden sonraki kuşaklara ışık tutmuştur.
Bu parçada boş bırakılan yere aşağıdakilerden hangisi getirilmelidir?",Ömer Seyfettin,Mehmet Emin Yurdakul,Ziya Gökalp,Ali Canip Yöntem,Yusuf Akçura,C
393419c2-4643-5845-8db9-cc6f21e5c397,GEOMETRI,"$x^2+y^2-7x+8y+12=0$ çemberinin x eksenini kestiği noktalar A ve B, y ekseninin kestiği noktalar C ve D olduğuna göre, ABCD dörtgeninin alanı kaç birimkaredir?",6,7,8,9,10,E
0b2e8158-6241-532e-a4d0-757b62b5bbbe,MATEMATIK,"Bisikletle 4 günlük bir yolculuğa çıkan Enis ilk gün $x^2$ km yol gitmiş; diğer günlerin her birinde ise ilk gün gittiği yoldan $5x$ km eksik yol gitmiştir. Enis'in yolculuğu tamamlamasına 9 km kaldığına göre, Enis'in gideceği tüm yolun çarpanlarına ayrılmış biçimini bulunuz.",$(x+2)(x-3)$,$(x-2)(x+3)$,$(x-2)(3x+4)$,$(x+3)(3x-4)$,$(x-3)(3x+4)$,E
203bc2c1-25a7-5c50-be62-f23655bbe485,TURKCE,"I. Gerçek sevgi varsa yürekte kavuşmayla ayrılık bir imiş.
II. Bana bir kerecik söylesen yeter, ben anlarım seni.
III. Bugün bir yerlerde buluşup anılarım anlık dostları.
IV. Telli kavak, evin gelinlik kızıyla bir yaştaydı.
V. Bu zor görevi bir sen yerine getirebilirsin.
VI. O ışıklı günler bir gelse, yüzler bir gülse.
Yukarıdaki numaralanmış cümlelerde ""bir"" sözcüğü, kaç farklı anlamda kullanılmıştır?",2,3,4,5,6,C
f82493ee-6d82-5345-925e-4e87f8d9539c,MATEMATIK,"• A sayısı, B sayısının 2 katına,
• B sayısı, C sayısının 4 eksiğine
eşittir.
A, B ve C sayılarının toplamı 72 olduğuna göre, A kaçtır?",28,30,32,34,36,C
27168acd-85c8-53ad-a2ef-29ff59237541,MATEMATIK,"a ve b birer gerçek sayı olmak üzere, $\int_{0}^{1} f(x)dx = a$ olarak veriliyor. $f(x_1) - f(x_2) = b$ olduğuna göre, $f(x_1) + f(x_2)$ toplamının a ve b türünden eşiti aşağıdakilerden hangisidir?",$2a$,$\frac{a}{b}$,$2a-b$,$\frac{b}{a}$,$2a+b$,A
ce58ceff-5f10-5934-83ed-0e23d19d8cc1,MATEMATIK,"$x$ bir gerçel sayı olmak üzere, $4-x>0$ eşitsizliğinin çözüm kümesi A, $x+3>0$ eşitsizliğinin çözüm kümesi B'dir. Buna göre, aşağıdaki eşitsizliklerden hangisinin çözüm kümesi $A \cap B$ kümesidir?",$|x-3|<4$,$|x-4|<3$,$|x-\frac{1}{2}|<\frac{7}{2}$,$|x-\frac{7}{2}|<\frac{1}{2}$,$|x|<3$,C
a2cc01ad-4552-595c-a9d6-c30b24833524,TURKCE,"Küresel ısınma sonucu ortaya çıkan kuraklık ve taşkınlar, çok fazla su kaybına yol açmaktadır. Bu cümlede aşağıdaki ses olaylarından hangisine örnek yoktur?",Ünsüz benzeşmesi,Ünsüz yumuşaması,Ünsüz düşmesi,Ünlü düşmesi,Kaynaştırma,B
847fa27b-8aac-5aef-9418-13e621e59ace,MATEMATIK,"$y=f(x)$ ve $y=g(x)$, her $x$ gerçek sayısı için sürekli iki fonksiyon olsun. Buna göre, I. $f(x)+g(x)$ süreklidir. II. $\frac{f(x)}{g(x)}$ süreklidir. III. $\frac{f(x)}{g(x)-1}$ süreklidir. ifadelerinden hangileri her $x$ gerçek sayısı için daima doğrudur?",Yalnız I,Yalnız II,I ve III,II ve III,"I, II ve III",A
917b0f1f-3289-57fe-8c46-8aaf9bc9cfbf,GEOMETRI,"ABCDE düzgün beşgen, $DF \cap AF = \{F\}$, $|IBGI = |GFI$, Çevre$(BCG) = 18$ birim. Buna göre, $|AFI|$ kaç birimdir?",9,12,15,18,21,D
f990a565-f894-5fc2-b8fd-5889ed8dd872,FIZIK,"Bir sığaç, üretece bağlandıktan sonra yükü korunarak üreteçten ayrılıyor. Daha sonra sığacın levhaları arasındaki uzaklık az miktarda artırılırsa; I. Sığacın yükü değişmez. II. Sığaçta depolanan enerji korunur. III. Sığacın potansiyel farkı azalır. yargılarından hangileri doğrudur?",Yalnız I,Yalnız III,I ve II,I ve III,II ve III,A
3a032dcc-01e6-53f5-9cf9-8318b4406ed9,MATEMATIK,"$(a-b)$, $b$ ve $(a+b)$ sayıları küçükten büyüğe doğru sıralanmış ardışık üç tam sayıdır. Buna göre, I. $a-b$ tek sayıdır. II. $a.b$ tek sayıdır. III. $a^2-b^2$ tek sayıdır. ifadelerinden hangileri doğrudur?",Yalnız I,Yalnız II,Yalnız III,I ve II,I ve III,A
174377f5-9996-5537-901f-e9306a8f1932,FIZIK,"Nükleer santrallerle ilgili olarak, I. Ülkemizde Mersin-Akkuyu ve Sinop'ta yapılması planlanmaktadır. II. Nükleer enerjiyi suyu buharlaştırır, buhar türbinleri döndürür ve elektromanyetik indüksiyon ile elektrik elde edilir. III. Fisyon reaksiyonu gerçekleşir. yargılarından hangileri doğrudur?",Yalnız I,I ve II,I ve III,II ve III,"I, II ve III",E
a7314988-850e-5c48-a942-fdcc117229ad,MATEMATIK,"$f(3x-1) = x^2 - 2x + 3$ ve $g(2x+1) = x^2 + 3$ olarak veriliyor. Buna göre, $(fog)'(5)$ kaçtır?",14,12,8,6,4,D
06d22f89-fc84-580a-b218-20d53bdcba50,FIZIK,"Dalgalar, titreşim hareketi sonucunda oluşan ve titreşimin özellikleri dalgaların türünü belirler.
Buna göre, aşağıda verilen:
I. bir hoparlör diyaframının ileri geri hareketi sonucu oluşup havada yayılan dalgalar,
II. bir X-ışını tüpünde elektronların ivmelenmesiyle oluşan dalgalar,
III. bir gitar teli çekilip bırakıldığında telde ilerleyen dalgalar
durumlarından hangilerinde oluşan dalgalar enine dalga özelliği gösterir?",Yalnız I,Yalnız II,Yalnız III,I ve II,II ve III,E
de407e87-b54c-5022-981a-13e86f4fd644,FIZIK,"Sıcak bir yaz gününde otobüs durağına doğru yürümekte olan Onur, içi su dolu bir şişeyi taşımaktadır. Uzaktan otobüsün geldiğini gören Onur, durağa doğru koşmaya başlar.
Şişedeki su kütlesinin değişmediği ve hareketinin yatay doğrultuda olduğu bilindiğine göre, Onur'un hızlandığı süreçte,
I. Şişenin kinetik enerjisi artmıştır.
II. Onur'un şişeye uyguladığı kuvvet şişe üzerinde pozitif iş yapmıştır.
III. Onur'un şişeye uyguladığı kuvvetin yere dik bileşeni şişe üzerinde pozitif iş yapmıştır.
yargılarından hangileri doğrudur?",Yalnız I,Yalnız II,I ve II,II ve III,"I, II ve III",C
8d78cc8e-e571-5649-a9b9-c050c1d50752,MATEMATIK,"$\frac{1}{\sqrt{2} + 2} + \frac{1}{\sqrt{2}} = \frac{\sqrt{x}}{2}$ olduğuna göre, $x$ kaçtır?",4,5,6,7,8,C
704a7792-71ab-513d-b27b-11895e3d6f0a,MATEMATIK,"Bir mağazada satılan A, B ve C ürünleri ile ilgili olarak aşağıdaki bilgiler verilmektedir.
• B ürününün birim maliyet fiyatı, A ürününün birim maliyet fiyatının % $80$'i kadardır.
• C ürününün birim maliyet fiyatı, B ürününün birim maliyet fiyatının % $150$'si kadardır.
• A ürününün bir tanesi % $20$ kârla, B ürününün bir tanesi % $30$ zararla ve C ürününün bir tanesi % $10$ kârla satıldığında toplam $48 \text{ TL}$ kâr elde edilmektedir.
Buna göre, C ürününün birim maliyet fiyatı kaç \text{ TL}'dir?",480,600,680,720,960,B
e579c1a8-8caf-5251-88b2-d604690bbc90,MATEMATIK,"k bir gerçek sayı olmak üzere, $(a_n)$ ve $(b_n)$ dizilerinin genel terimleri $a_n = (2n-1)$ ve $b_n = (2n+k)$ biçimindedir. $a_2 = b_3$ olduğuna göre, $b_2$ kaçtır?",5,7,9,11,13,C
f7129ea5-a5fd-580e-b7db-39a31348166b,BIYOLOJI,"Sindirim kofulunun içeriği incelendiğinde içinde ribozom ve mitokondri parçalarına rastlandığı gözlenmiştir. Bu durum lizozomların; I. yaşlanmış ve yıpranmış organelleri parçalama, II. fagositoz ile hücreye alınan besinleri sindirme, III. hücreyi sindirerek otolize neden olma işlevlerinden hangilerini yerine getirebildiğini gösterir?",Yalnız I,Yalnız II,Yalnız III,I ve II,"I, II ve III",E
f7226cc1-07db-5419-8623-cbc04ef992ec,MATEMATIK,"$f$, sabit fonksiyondur.
$f(x) = (a+3)x + 3a + 1$
olduğuna göre $f(2022)$ değeri kaçtır?",-8,-6,-1,2,4,B
9c52b3cc-6db6-5278-a531-004fa9679331,GEOMETRI,"Dik koordinat düzleminde $A(a, b)$ noktasının $B(3, 0)$ noktasına göre simetriği $C$ noktası, $y$-eksenine göre simetriği ise $D$ noktasıdır. $C$ ve $D$ noktalarından geçen doğrunun denklemi $y = -x - 1$ olduğuna göre $a+b$ toplamı kaçtır?",7,13,15,19,24,D
df6c0be5-bc70-58b9-b12b-d8d7082732ce,MATEMATIK,"Genel terimi, $a_n = \frac{6n-20}{n-2}$ olan $(a_n)$ dizisinin kaç terimi tam sayıdır?",1,2,3,4,5,C
76f40180-f76f-5c2f-acc5-8c515793a5c9,MATEMATIK,"$a, b, c$ gerçek sayıları için,

$a-c < 0 < a < b-c$

olduğuna göre aşağıdaki sıralamalardan hangisi doğrudur?",$\frac{1}{b} < \frac{1}{c} < \frac{1}{a}$,$\frac{1}{b} < \frac{1}{a} < \frac{1}{c}$,$\frac{1}{a} < \frac{1}{c} < \frac{1}{b}$,$\frac{1}{a} < \frac{1}{b} < \frac{1}{c}$,$\frac{1}{c} < \frac{1}{a} < \frac{1}{b}$,E
7864b7cd-8ef2-5676-818e-2b93a74acaff,TURKCE,"Canlıların nesillerini devam ettirmek için kendilerine benzer yeni canlı ya da canlılar oluşturmalarına üreme adı verilir.
Bu cümle için aşağıdakilerden hangisi söylenemez?","Dolaylı tümleç, özne ve yüklem ögelerinden oluşmuştur.","Öznesi sözde özne, yüklemi ise edilgen çatılıdır.","Çoğul, iyelik ve hâl çekimini birlikte görmüş sözcükler vardır.",Edat ve bağlaç bulunmaktadır.,Zarf-fiil türünden fiilimsi yer almıştır.,B
623bd534-429e-5f84-a086-9cd6719ecb54,MATEMATIK,"Gerçel sayılar kümesi üzerinde tanımlı $f$ ve $g$ fonksiyonları $f(x) = \text{''sayı doğrusu üzerinde bulunan 1 noktasının x sayısına olan uzaklığı''}$ $g(x) = \text{''sayı doğrusu üzerinde bulunan -2 noktasının 2x sayısına olan uzaklığı''}$ biçiminde tanımlanıyorlar. Buna göre, $\int_{-1}^{3} (f(x)-g(x)) dx$ integralinin değeri kaçtır?",-24,-21,-16,-12,-8,B
6aed1417-c09e-5bb5-9ccb-225db1a0e9d0,KIMYA,"X: $1s^2 2s^2 2p^6 3s^2 3p^6 3d^5 4s^1$
Y: $1s^2 2s^2 2p^6 3s^2 3p^6 4s^2 3d^3$
Z: $1s^2 2s^2 2p^6 3s^2 3p^6 4s^2 3d^8$
X, Y ve Z element atomlarının elektron dağılımları yukarıda verilmiştir.
Buna göre, aşağıdaki ifadelerden hangisi yanlıştır?",Y temel halde ise elektron dizilimi Aufbau kuralına uygundur.,X bir geçiş elementidir.,Z'nin değerlik elektron sayısı 4'tür.,X izoelektroniktir.,Z bileşiklerinde birden fazla pozitif değerlik alabilir.,A
d631c057-4088-5d99-a5c7-8964b6564826,MATEMATIK,"$i$ sanal birim olmak üzere, $z^2 = 5+12i$ denkleminin kökleri $z_1$ ve $z_2$ olduğuna göre, $z_1 - z_2$ farkı aşağıdakilerden hangisi olabilir?",$6+4i$,0,$6-2i$,$3-2i$,$3+2i$,A
64c7eb4f-f019-5eec-baeb-d236388919b1,MATEMATIK,İşleminin sonucu kaçtır? $-\sqrt{(-3)^2} + \sqrt[3]{(-5)^3}$,-8,-2,2,3,8,A
ac531105-efb0-517e-9474-648b49a96de6,MATEMATIK,"$0 < x < \frac{\pi}{2}$ olmak üzere, $\tan^2 x + \cot^2 x = 3$ eşitliği veriliyor. Buna göre, $\tan^3 x + \cot^3 x$ toplamının değeri kaçtır?",\frac{\sqrt{5}}{4},\frac{\sqrt{5}}{2},\sqrt{5},2\sqrt{5},3\sqrt{5},D
11b7f196-f2ad-5f8d-97ab-b7ee5f5cb6d8,MATEMATIK,"Katsayıları sıfırdan farklı birinci dereceden $P(x)$ ve $Q(x)$ polinomları için, P(x) polinomunun sabit terimi, Q(x) polinomunun sabit terimine eşit, P(x) polinomunun başkatsayısı, Q(x) polinomunun başkatsayısına eşittir. $P(x)-Q(x)$ polinomunun sabit terimi $4$ ve $P(x)+Q(x)$ polinomunun katsayıları toplamı $12$ olduğuna göre, $P(x)$ polinomunun $x-1$ ile bölümünden kalan kaçtır?",$5$,$4$,$3$,$2$,$1$,B
b6b4efbc-23c0-589c-87ef-f17aae04ea15,MATEMATIK,"$P(x+3)$ polinomunun $x$ ile bölümünden kalan $a$, $Q(x-1)$ polinomunun $x+3$ ile bölümünden kalan $2a$ olmak üzere $Q(x-2) \cdot x^2 + P(x+6)$ polinomunun $x+2$ ile bölümünden kalan $-12$ olduğuna göre, $a$ kaçtır?",4,-2,-3,2,1,B
28afc0a9-f138-5fd4-8813-ef1e8261ea67,MATEMATIK,$2-\sin^4x-\cos^4x$ ifadesinin eşiti aşağıdakilerden hangisidir?,$\sin^2x$,$\sin^4x$,$\sin^6x$,$\sin^8x$,$\sin^{10}x$,A
4d746fa2-5ef1-5469-adca-40b2b98da95d,MATEMATIK,"$P(x) = 2x^2 - ax + 3$ polinomu veriliyor. $P(x-1)$ polinomunun $(x+1)$ ile bölümünden kalan ile $P(x+1)$ polinomunun $(x-1)$ ile bölümünden kalan birbirine eşit olduğuna göre, $a$ kaçtır?",1,4,6,8,12,D
941dad61-db49-5e99-ba17-9f1e278d146c,MATEMATIK,"$f: \left[\frac{1}{2}, \infty\right) \to \mathbb{R}, f(x) = \log_3(2x-1)$ fonksiyonu için; I. $f(x)$ bire bir fonksiyondur. II. $f(x)$ örten fonksiyondur. III. $f(x)$ artan fonksiyondur. ifadelerinden hangileri doğrudur?",Yalnız I,Yalnız II,I ve III,II ve III,"I, II ve III",C
352a03f8-6072-50f3-8ae3-dddca241a37b,GEOMETRI,"ABC dik üçgen, $AB \perp BC$, $m(\widehat{BAD}) = 45^	ext{o}$, $m(\widehat{CAD}) = 15^	ext{o}$, $|AC| = 6$ cm. Verilenlere göre, $|AD| = x$ kaç cm'dir?",$5\sqrt{3}$,$2\sqrt{3}-\sqrt{3}$,$3\sqrt{2}-3\sqrt{2}$,$4\sqrt{3}$,$5\sqrt{2}$,A
109d1bff-f317-57f3-b242-c464fc2f976c,COGRAFYA,"Haritalarla ilgili yukarıdaki bilgilerden hangilerinin doğru olduğu savunulabilir?
I. Bir ülkenin yüzey şekilleri engebeli ise iz düşüm alanı ile gerçek alanı arasındaki fark azdır.
II. Ekvatoral iklim kuşağında kalan ülkelerin haritası için silindirik projeksiyon daha uygundur.
III. Aynı yerin iki haritasından birinin diğerinden çok ayrıntılı olması, kullanılan projeksiyonun farklı olmasından kaynaklanır.
IV. Aynı ölçekle çizilen Uludağ haritasında, izohipsler Çukurova haritasından daha sıktır.",I ve II,I ve III,II ve III,II ve IV,III ve IV,D
228fb32d-4c8d-5a62-9951-c9852c180239,BIYOLOJI,"İnsanın ince bağırsak boşluğundaki işaretlenmiş bir gliserol molekülü, karaciğere gelinceye kadar, aşağıdaki yapıların hangisinden geçmeyebilir?",Kapı toplardamarı,Göğüs lenf kanalı,Bağırsak lenf kılcalı,Üst ana toplardamar,Akciğer atardamarı,E
c24ea3e0-2641-51c0-84e4-f88f80109ce8,MATEMATIK,"$x^2+mx+n=0$ denkleminin bir kökü 2, $x^2+ax+b=0$ denkleminin bir kökü 5'tir. Bu iki denklemin diğer kökleri eşit olduğuna göre, $\frac{n}{b}$ oranı kaçtır?",$\frac{5}{2}$,$\frac{2}{5}$,5,-5,$\frac{3}{5}$,B
072f252b-58e5-5647-a8e5-001527e9ad4e,MATEMATIK,"$f:\left(\frac{1}{2},\infty\right)\to\mathbb{R}$, $f(x)=\log_2(2x-1)$ fonksiyonu için
I. $f(x)$ bire bir fonksiyondur.
II. $f(x)$ örten fonksiyondur.
III. $f(x)$ artan fonksiyondur.
ifadelerinden hangileri doğrudur?",Yalnız I,Yalnız II,I ve III,II ve III,"I, II ve III",C
22cbfbbe-6415-5bc0-8cf6-9e795f321dcf,MATEMATIK,"Bir alışveriş merkezinde Burçak 4 günde bir, Nalan 3 günde bir nöbet tutmaktadır. Burçak ve Nalan, beraber ilk nöbetlerini Çarşamba günü tuttuklarına göre, beraber tutacakları 11. nöbetleri hangi güne denk gelir?",Salı,Çarşamba,Perşembe,Cuma,Cumartesi,C
0bc875a1-9567-5a4e-9b85-8dbba203fe58,TURKCE,"(I) Kırpinin Zarate'si, Fransız roman yazarı ve felsefe profesörü Muriel Barbery tarafından yazılan, büyüleyici, farklı ve değişik bir romandır. (II) Eserde, akımı ve entelektüelliğini kasten gizleyen bir apartman kapıcısı olan Rondo Michel'in bu özelliklerinin dengesiz fakat büyümüş de küçülmüş gibi görünen bir kız çocuğu olan Paloma Josse tarafından keşfedilmesi konu edilmiştir. (III) Birçok bilge karakterin yer aldığı Kırpinin Zarate'sinde müzik eserlerine, sinema filmlerine, labloblara ve edebi çalışmalara göndermeler vardır. (IV) Felsefe, sınıf bilinci ve kişisel fıkır ayrılıkları gibi temaların bir arada işlendiği romanda iki anlatıcı vardır: Renee ve Paloma. (V) Olaylar ve fikirler bu ikilinin dilinden okuyucuya başarılı bir şekilde aktarılır. Kırpinin Zarate'si adlı eserin anlatıldığı bu parçadaki numaralanmış cümlelerle ilgili olarak aşağıdakilerden hangisi söylenemez?",I. cümlede bir beğeniden söz edilmiştir.,II. cümlede eserin içeriğinden söz edilmiştir.,III. cümlede bir tespit vardır.,IV. cümlede eserin özgün yanı vurgulanmıştır.,V. cümlede bir değerlendirme yapılmıştır.,D
c0840f62-ea3b-5254-8354-4241aec5ecf5,TURKCE,"Kafa nakli denildiğinde pek çoğumuzun aklına Frankenstein romanı geliyordur. Mary Shelley'nin yazdığı ve aslında felsefi bir roman olan bu yapıt, film versiyonu nedeniyle daha çok bir korku romanı olarak bilinir. Isladığı tema bir tıp öğrencisinin ve onun kötü ruhlu asistanının ölmüş insanların vücut parçalarından oluşturdukları bir vücudu elektrik akımı ile canlandırmasıdır.
Bu parçadaki numaralanmış sözcüklerin hangisinde ünlü düşmesi yoktur?",I,II,III,IV,V,E
fbb631f9-5ad5-5164-92e6-d5e2d73e7a90,MATEMATIK,"$f: \mathbb{R} \to (-5, \infty)$, $f(x) = 2^{x+4} - 5$ fonksiyonunun tersi olan fonksiyon aşağıdakilerden hangisidir?","$f^{-1}: (-5, \infty) \to \mathbb{R}$, $f^{-1}(x) = \log_2(x-4)+5$","$f^{-1}: (-5, \infty) \to \mathbb{R}$, $f^{-1}(x) = \log_2(x+5)-4$","$f^{-1}: (-5, \infty) \to \mathbb{R}$, $f^{-1}(x) = \log_5(x+5)+4$","$f^{-1}: (-5, \infty) \to \mathbb{R}$, $f^{-1}(x) = \log_5(x+5)-4$","$f^{-1}: (-5, \infty) \to \mathbb{R}$, $f^{-1}(x) = \log_2(x+1)$",B
844feefe-567f-5257-b8cc-60201197fef4,KIMYA,"Bir molekülünde 6 tane H atomu içeren doymamış bir hidrokarbon,",Yalnız I,Yalnız II,Yalnız III,I ve II,II ve III,E
3d861c62-efaa-581f-ab7d-76be4676b508,TURKCE,"Aşağıdaki cümlelerin hangisinde bir isim tamlaması, başka bir ismi niteleme görevinde kullanılmıştır?",El işi kazaklar satan bir mağazanın önünde durduk.,Onların bazılarını lise yıllarımda okumuştum.,Babamın bana naklettiği anılarını hiçbirini hatırlamıyorum.,Öyle bir hat yazabilmek için hat tekniklerinin birçoğunu bilmek gerekir.,Dostlarımın pek çoğunu davette görememek bize şaşkınlığa yol açtı.,A
e5e94877-6a0c-5359-b762-3fee72a9519d,MATEMATIK,"Baş katsayısı $-1$ olan ikinci dereceden $P(x)$ polinom fonksiyonunun grafiğinin sadece $x$ eksenini kestiği noktalara ait bazı parçalar aşağıda verilmiştir. $P(x)$ polinomunun katsayılar toplamı $-12$ olduğuna göre, $a$ değeri kaçtır?",$-1$,$0$,$1$,$2$,$3$,A
16d1267f-dd80-573a-b2fa-4c6abca1b847,TURKCE,"""İnsan kalbi, başkalarının duygularına ancak kendi tecrübeleri nispetinde açıktır."" der yazar. Peki, insan kendi tecrübelerini yeni olanlardan ne şeyler öğrenmeye ne kadar açıktır? Kendinin farkında olduğu, kendisi üzerine düşünmeye katlandığı kadar. Aşağıdakilerden hangisi bu parçadaki düşünceyi destekler niteliktedir?","İnsanların anlama, kendini tanımak, duyumsamak ve yorumlamak geçer.",İnsanların başkalarıyla kurduğu ilişki kendine yönelmek ve farkındalık geliştirir.,"Tecrübeleriyle arasına mesafe koyan insan, yeni deneyimlere açık olur.","İnsanların başkalarıyla özdeşim kurması, aynı deneyime ortak olmasına bağlıdır.","Topluma duyarlı insan, başkalarının düşüncelerine göre davranmaya meyillidir.",A
e0b9defc-8087-5892-bf47-383933f21017,TURKCE,Aşağıdakilerden hangisinde ayraç içindeki belirleme- nin örneği yoktur?,Bir şehre yağmur yağdı ben ağladım. (ünlü düşmesi),Bir ruh gülümser gibi derinden... (ünlü daralması),Yel yapraklarını savurur yağmurlarda... (büyük ünlü uyu- muna aykırılık),Rahatsız ediyor tüm sevgiliye muhtaçları şu yağmur tanolo- rı. (küçük ünlü uyumuna aykırılık),Şimdi sevgimizi bir yağmur söylüyor camlara. (ünlü da- ralması),E
3c4c1730-0d32-52b1-be3d-9fc8d2e4abbe,MATEMATIK,"$P(x) = x^{\frac{12}{a+1}} - 2x^{a-2} + 3$ ifadesi bir polinom belirttiğine göre, a'nın alabileceği değerler toplamı kaçtır?",15,18,20,21,24,D
642f7b77-f08d-5c7a-9136-6110de0a8b7b,MATEMATIK,"$x^2 - \log_m n \cdot x - 6 \log_m n = 0$ denkleminin kökleri $x_1$ ve $x_2$ dir. Buna göre, $10^{x_1} \cdot 10^{x_2}$ ifadesi aşağıdakilerden hangisine eşittir?",$n^2 - \frac{1}{m^3}$,$2n - \frac{1}{3m}$,$n^2 + \frac{1}{m^3}$,$2n + \frac{1}{3m}$,$n^2 - m^3$,C
c22da1c5-d37d-5b85-8b02-145452be641b,MATEMATIK,"Levent, bir kitabı her gün bir önceki gün okuduğu sayfa sayısının 2 katı kadar okuyarak 5 günde bitiriyor. Levent, sadece dördüncü gün 96 sayfa okuduğuna göre, kitabın tamamı kaç sayfadır?",280,310,372,396,412,C
80ee276e-7560-500a-8c14-d79d77d246ba,EDEBIYAT,Tanzimat şiirinin dönemlerinin karşılaştırıldığı bu tabloda numaralanmış cümlelerin hangisinde bilgi yanlışlığı yapılmıştır?,I,II,III,IV,V,D
12e467c1-689c-56aa-b1e9-b806eb7ebaa1,TURKCE,"İlkbahar aylarında Kanlıca'daki Mihrabad Korusu'nda hâlâ rezene, ebegümeci, labada, balibaba toplayanların ve bu bitkilerin Boğaziçi köylerinin sakinleri için bir geçim kaynağı olduğunu biliyoruz. Kastamonuluların sattığı Çengelköy'ün salatalığı, Beylerbeyi'nin Trabzon hurması, Beykoz'un cevizi ve kestanesi yetiştiren tek kişi kalsa bile Arnavutköy'ün ve İstinye sırtlarının çileği İstanbul'un meşhur doğal lezzetleridir.
Bu parçada numaralanmış bölümlerden hangileri zincirleme ad tamlamasıdır?",I ve II,II ve III,II ve IV,III ve IV,IV ve V,C
07ba53af-3a67-57d0-8c59-ff8b77a7f8c0,TURKCE,"Bu yüzyılın sonlarında, Köprülü Fazıl Ahmet Paşa'nın sadrazamlığında ve yaklaşık 25 yıl süren savaşlar sonucunda, bu ülkeden aşama aşama alınır Girit. Bu fetih, Osmanlı Devleti'nin en büyük gurur kaynaklarından biri olmuştur. Önemi büyük fetihlerden biri olan bu gelişmeyle Akdeniz'de Türk egemenliği sağlanmıştır.
Bu parçada aşağıdakilerden hangisinin örneği yoktur?",Kurallı birleşik sıfat,Niteleme sıfatı,İşaret sıfatı,Asıl sayı sıfatı,Adlaşmış sıfat,D
75611a79-7c17-5f03-9a07-4d8bf78a9263,TURKCE,"Kendi oryantalist yani Doğu bilimci midir, değil midir; bu, yazarın kitaplarını aşan bir konu yalnız —.
Bu cümle aşağıdakilerden hangisiyle tamamlanamaz?","yazarın Doğu'yu anlama, Doğu'yla olan merakı giderme çabası göze çarpıyor",oryantalizmi kullandığı kendisinin de söylediği bir şey,eserlerinde etkilerinin açıkça görüldüğü bir gerçek,oryantalist bakış açısı tüm eserlerinde öne çıkıyor,onun oryantalist olduğunu yazın dünyasında herkes bilir,E
efb9aee9-7944-5c3e-85a1-73ee1c5363b4,GEOMETRI,"Analitik düzlemde $x^2+y^2=100$ çemberinin A ve B noktalarından geçen kirişi x-eksenini P$(6,0)$ noktasında kesmektedir. Buna göre, $|AB|$ en az kaç birimdir?",10,12,14,16,18,D
57f8a397-0635-5e71-911d-cdb9fc6968f8,FIZIK,Frekansı $6.10^{14}$ Hz olan ışığın dalgaboyu kaç m dir? (Işık hızı $3.10^8$ m/s dir),$10^{-8}$,$10^{-7}$,$5.10^{-7}$,$5.10^{-8}$,$6.10^{-8}$,C
434adf8c-efd4-5465-8dcc-5730819172c9,MATEMATIK,"Bir sayının 3 fazlasının 5 katı, bu sayının 1 fazlasının 3 katından 18 fazladır. Buna göre, bu sayı kaçtır?",7,6,5,4,3,E
efd0323a-b6f1-5205-a677-3b25d27bcf2b,MATEMATIK,"Bir sitede dairelerin %80'inin arabası olup, arabası olanların %20'sinin ikinci bir arabası daha vardır. Sitedeki daire sayısı 50'den fazla olduğuna göre, bu sitedeki araba sayısı en az kaçtır?",96,88,80,72,60,B
78d86472-85fb-5ea6-9bc9-089a9d94e5eb,MATEMATIK,"Bir ürünün fabrika çıkış fiyatına önce %10 şirket kârı eklenerek şirket satış fiyatı bulunmakta, sonra şirket satış fiyatına %20 bayi kârı eklenerek bayi satış fiyatı bulunmaktadır. Fabrikanın satış sorumlusu ürünün yapım maliyetine göre bir satış fiyatı önermektedir. Satış sorumlusu yanlışlıkla bir ürünün bayi kârını şirket satış fiyatı üzerinden değil de fabrika çıkış fiyatı üzerinden hesaplamış ve şirket satış fiyatına ekleyince ürünün etiket fiyatını 260 TL bulmuştur. Buna göre, ürünün doğru etiket fiyatı kaç TL'dir?",264,266,268,270,275,C
3c357668-cc16-54ed-9d6f-1590723436f1,MATEMATIK,Saatteki hızı 72 km olan 120 metre uzunluğundaki bir tren 900 metre uzunluğundaki tünele girdiği andan kaç saniye sonra tünelden tamamen çıkar?,53,52,51,50,49,C
f8a57059-7fa4-59a6-9f76-36677cf7819f,TURKCE,"Şirketleri İtalyanca, Rumence ve Arnavutça'da görülen şarkının en büyük tutkunlarından biri güneyimiz yazıları geçirdiği o şirin köy kasabası Akçay'daydı. 1992'den beri her yıl ağustos ayının son üç günü gerçekleşen Akçay Şairler ve Bestekârlar Festivali'ni organize eden sanatçı, maalesef yaşamının yaklaşık son bir yılını hastanede yoğun bakımda geçirmişti. Cemal Safi, 20 Nisan 2018'de aramızdan ayrıldı. Cenazesi köyü kalabalıkta. Delarca farklı ödüllere layık görülmüş usta, Ankara'dan ve Ülke'nin dört bir yanından koşup gelmiş sanatçı dostlarının ve hayranlarının omuzlarında uğurlandı son yolculuğuna. ""İçim arıyor ya evde yoksun."" diye yazmıştı şair, keşke fısıldayabilseydim kulağına, ""An be Usta, evde olmadığını bilmek de inan çok can yakıyor."" Bu parçanın anlatımıyla ilgili;
I. Niteleyici sözlere yer verilmiştir.
II. Birinci kişili anlatım kullanılmıştır.
III. Örneklemeye başvurulmuştur.
yargılarından hangisi söylenebilir?",Yalnız I,Yalnız II,Yalnız III,I ve II,"I, II ve III",A
934dcc30-2372-5d8a-bb13-c0a5612fc26d,MATEMATIK,"Başkat sayısı $2$ olan üçüncü dereceden $P(x)$ polinomu $x^2-1$, $x^2-3x+2$, $x^2-x-2$, $x^2-x$ ifadelerinden yalnızca birine kalansız bölünmektedir. $P(x)$ polinomunun sabit terimi $a$ ile katsayılar toplamı $b$ olduğuna göre, $a+b$ toplamı kaçtır?",-6,-4,0,4,10,C
ef6398ce-4923-5799-89ff-52aa0bf85cf2,MATEMATIK,"$f: (-\infty, -5] \to [-1, \infty)$ biçiminde tanımlanan bir $f$ fonksiyonu bire bir ve örtendir. $f(x) = x^2 + m \cdot x + n$ olduğuna göre, $m+n$ toplamının alabileceği en büyük değer kaçtır?",-30,31,32,33,34,D
cdf1f323-4ec9-50f1-8028-28dec8844b66,MATEMATIK,"Ebru'nun kitaplığındaki 80 romandan 15 tanesi polisiye, 33 tanesi bilimkurgu geriye kalanlar macera türündeki romanlardır. Buna göre, bu kitaplıktaki macera romanları tüm romanların yüzde kaçını oluşturmaktadır?",30,35,40,45,50,E
585d0d39-5885-5e3d-ab41-3785aa15a6b4,MATEMATIK,"İşleminin sonucu kaçtır?
$2 - \frac{4 - \frac{1}{5}}{1 - \frac{1}{4}}$",$\frac{1}{2}$,$\frac{4}{5}$,1,$\frac{5}{4}$,2,C
83723e11-30aa-5abf-a1ae-7444a6d8659c,FIZIK,"Bir odadaki çalışma masasının yüzeyinde ortalama 750 candelalık aydınlanma şiddeti, I. 75 watt'lık akkor filamanlı, II. 13 watt'lık LED, III. 40 watt'lık floresan ampullerinden herhangi biri ile tek başına sağlanabilmektedir. Bu ampuller eşit süre çalıştırıldıklarında akkor filamanlı, LED ve floresan ampullerin harcadıkları elektrik enerjileri sırasıyla $E_I$, $E_{II}$ ve $E_{III}$ ise bunlar arasındaki ilişki aşağıdakilerin hangisinde doğru- dur?",$E_I = E_{II} = E_{III}$,$E_I > E_{II} > E_{III}$,$E_I > E_{III} > E_{II}$,$E_{II} > E_I > E_{III}$,$E_{III} > E_I > E_{II}$,C
cf3127d9-90d7-5ae8-b3fc-b8119903a82d,MATEMATIK,"$a, b, c, x$ ve $y$ birer pozitif gerçek sayıdır.
$\frac{a+b}{c} = \frac{x+y}{z}$
eşitliği veriliyor.
$b=2a$, $c=3z$ ve $x+y=10$
olimitsolduğuna göre, aşağıdakilerden hangisi kesinlikle doğrudur?",$a$ sayısı 6'dan büyük bir rasyonel sayıdır.,$a-b$ çarpımı irrasyonel sayıdır.,$a$ sayısı 3'ten büyük bir irrasyonel sayıdır.,$\frac{a}{b}$ oranı rasyonel bir sayıdır.,$c \cdot z^2$ çarpımı rasyonel sayıdır.,D
bcaa9d09-90ae-539f-b1d1-60691915e62c,MATEMATIK,"A, B ve C birer işçidir. A işçisi, herhangi bir ekiple birlikte çalışacak olduğunda kendi de dahil ekipteki tüm işçilerin hızlarının aritmetik ortalaması A işçisinin hızına eşit olmaktadır. B ve C işçilerinin çalışma hızları sırasıyla 1 ve 2 ile doğru orantılıdır.
Bir işi A, B ve C işçileri birlikte 12 saatte yaptıklarına göre, aynı işi A ve D işçileri birlikte kaç saatte yapar?",6,12,18,24,27,D
bfe0953a-b3e4-5920-b100-e7a715196923,MATEMATIK,İşleminin sonucu kaçtır? $\frac{53-25:5}{14+2:1}+\frac{43+7:(-1)}{11+2:(-1)}$,-1,-2,-3,-4,-5,A
c5fbc2d5-e072-5a66-9fc8-a091d05db5c7,MATEMATIK,"A sınıfında her bir sırada iki öğrenci, B sınıfında her bir sırada üç öğrenci oturmaktadır. A sınıfındaki öğrenciler B sınıfına, B sınıfındaki öğrenciler A sınıfına gidiyor ve oradaki sıralara da iki öğrenci oturacak biçimde oturuyor. Son durumda A sınıfında 2 tane sıra boş kalıyor.
Buna göre, son durumda B sınıfında aşağıdakilerden hangisi olur?",2 sıra boş kalır.,4 sıra boş kalır.,2 öğrenci ayakta kalır.,4 öğrenci ayakta kalır.,8 öğrenci ayakta kalır.,E
bab54ca6-05e2-5852-a5fd-3d13c33cc326,GEOMETRI,"Dik koordinat düzleminde $A(2, 4)$ noktası ile $(x-5)^2 + y^2 = 169$ çemberi üzerinde bir $B$ noktası veriliyor. Buna göre, $|AB|$ en çok kaç birimdir?",13,15,16,17,18,E
e103f3a1-3704-504d-8682-210eba860b29,MATEMATIK,"Gerçel sayılarda tanımlı $f$, $g$ ve $h$ fonksiyonları ile ilgili,
$(f+g)(x) = (f-g)(x)$
$(g-h)(x) = (h-g)(x)$
eşitlikleri veriliyor.
$f(2) = 2$
olduğuna göre, $h(2)$ değeri kaçtır?",$\frac{1}{2}$,$\frac{2}{3}$,1,$\frac{3}{2}$,$\frac{4}{3}$,C
9e0c0986-12ae-564e-8d6c-c282bf842456,TURKCE,"(I) Eğer şehir hayatının gürültüsünden uzaklaşıp sessiz bir tatil geçirmek istiyorsanız Karadeniz'in yeşil doğasına sahip Trabzon, Rize, Ordu'da çadır kampı yapabilirsiniz. (II) Burada doğa ile iç içe olabileceğiniz yaylalar ve göller bulunmaktadır. (III) Bunun yanı sıra Türkiye'nin güneydoğusunda bulunan Şanlıurfa, Mardin de tarihî ve doğal güzellikleriyle sessiz sakin bir çadır kampı için ideal mekânlardır. (IV) Güneşin batışını izlemek isteyenler için ise Ege ve Akdeniz'de çam ormanlarının denizle birleştiği sakin kamp alanları, harika bir seçenek olacaktır. (V) Kamp yapacağınız alanı temiz bırakmanız, çöpleri toplamanız ve doğa yaşamını korumanız ise bir doğasever olarak size hatırlatılmasına bile gerek olmayan davranışlardır.
Bu parçada numaralanmış cümlelerin hangisinin çıkarılması anlam akışında bir daralmaya yol açmaz?",I,II,III,IV,V,E
1935ce5f-725c-54db-ba93-1d382480cb0d,TURKCE,"(I) Doğu Anadolu'da hayvan yetiştiriciliği, insanların yaşam ve beslenme kaynaklarının ana dinamiği olmuştur. (II) Doğu Anadolu'nun diğer bölgelerine göre daha önemlidir. (III) Doğu Anadolu köylerinde, koyun sayısı her zaman keçiden faz- ladır. (IV) Koyun vücudu, yağlı ve kalın yün tabakasına sa- hip olmasından dolayı kış şartlarında keçiye göre daha da- yanıklıdır. (V) Koyun eti çabuk pişmesi ve yağlı olması ne- deniyle günlük tüketim ve kavurma yapımında tercih edil- mektedir. (VI) Ayrıca koyun sütünde bulunan yüksek yağ oranı, peynir ve yoğurt yapımı için tercih sebebidir. Bu parçada numaralanmış cümlelerden hangisi düşüncenin akışını bozmaktadır?",I,II,III,IV,V,C
7235d757-09a8-56e8-a331-6faf7485be39,MATEMATIK,"A ve B sınıflarının mevcudu sırasıyla 50 ve 70 kişidir. A sınıfının mevcudunun %50'si erkek, B sınıfının mevcudunun %60'ı kız öğrencidir. Bu iki sınıfın tüm öğrencileri boş bir konferans salonuna toplandığında, öğrencilerin erkek oranı yüzde kaç olur?",43,46,51,53,57,D
5bb75c6b-736a-5ddd-88ea-07babb19832d,MATEMATIK,"Mahmut'un 6 yıl sonraki yaşı, Veysel'in 8 yıl önceki yaşına eşittir.
Mahmut 1980 yılında doğduğuna göre, Veysel hangi yılda doğmuştur?",1966,1972,1984,1994,2004,A
a6113668-84c2-5aec-815b-02d6026be754,MATEMATIK,"Sattığı ürünlerin ağırlığını eşit kollu terazi ile tartan bir manav, bunun için $400$ gramlık ve $500$ gramlık ağırlıklar kullanmaktadır.
Ali, bu manavdan $8$ kg patates sipariş etmiştir. Bu manav $500$ gramlık ağırlıkları kullandığını düşünerek bu siparişi hazırlamış ancak $400$ gramlık ağırlıkları kullanmıştır.
Bu yanlış ölçümden dolayı Ali, alması gerekenden kaç kilogram daha az patates almıştır?",1.2,1.6,2,2.2,2.4,B
64aab173-d1e3-5f7a-bf54-73704b1f99e3,MATEMATIK,"$x$ ve $y$ birer pozitif tam sayı olmak üzere, $3x-4y=21$ olduğuna göre, I. $x$ tek sayı II. $y$ tek sayı III. $x>y$ ifadelerinden hangileri her zaman doğrudur?",Yalnız I,Yalnız II,Yalnız III,I ve III,II ve III,A
5ca43913-ac04-5d06-b880-99e6c4892dcc,MATEMATIK,$x^4+4y^4$ ifadesinin çarpanlarına ayrılmış hali aşağıdakilerden hangisidir?,$(x^2+2y^2)^2$,$(x^2-2y^2) \cdot (x^2+2y^2)$,$(x^2-y^2) \cdot (x^2+4y^2)$,$(x^2-2xy+2y^2) \cdot (x^2+2xy+2y^2)$,$(x+2) \cdot (x^2+2y^2)$,D
1cafcbd1-4f37-58a7-ab7f-abae98a01517,FIZIK,Aşağıdakilerden hangisi kuvvetin birimi olan newton'a eşit değildir?,Joule,$\frac{\text{kilogram} \cdot \text{metre}}{\text{saniye}^2}$,$\frac{\text{watt} \cdot \text{saniye}}{\text{metre}}$,$\frac{\text{kilogram} \cdot \text{metre}^2}{\text{saniye}^2}$,$\text{pascal} \cdot \text{metre}^2$,D
87e2cb2e-f13e-51b8-b309-9801ad9d10a8,MATEMATIK,$3x-4 < 2x+3 < 5x$ eşitsizliğini sağlayan $x$ tam sayılarının toplamı kaçtır?,20,21,24,26,28,A
ac89438f-a63e-5c50-b51d-f905920b05cf,MATEMATIK,"$P(x)$ bir polinom olmak üzere, $(x-1) \cdot P(x) = 2x^2 + ax + 9$ olduğuna göre, $a$ kaçtır?",-15,-11,4,9,13,B
9c944966-f186-54f1-aa46-63b3a8cc4d4b,TARIH,"Cumhuriyet Halk Fırkası
• Kurucusu: Mustafa Kemal
• Cumhuriyet tarihinin ilk siyasi partisidir.
• Devletçilik ilkesini benimsemiştir.
• Cumhuriyetçilik ve Laiklik ilkelerinden taviz vermemiştir.
• Tek dereceli seçim sisteminin uygulanmıştır.
Terakkiperver Cumhuriyet Fırkası
• Kurucusu: Kazım Karabekir
• Liberalizmi savunmuştur.
• Devletçilik ve inkılapçılık ilkelerinin uygulanma şekline karşı çıkmıştır.
• Cumhuriyetçilik ilkesini savunmuştur.
• Tek dereceli seçim sisteminin uygulanmasından yanadır.
Serbest Cumhuriyet Fırkası
• Kurucusu: Fethi Okyar
• Liberalizmi savunmuştur.
• Cumhuriyetçilik ve Laiklik ilkelerinden taviz vermemiştir.
• Kadınlara siyasi hakların verilmesini savunmuştur.
• Tek dereceli seçim sisteminin uygulanmasından yanadır.
Bu bilgilere bakıldığında cumhuriyetin ilk yıllarında kurulan siyasi partilerin aşağıdaki alanların hangisinde benzer özellikleri savundukları söylenebilir?",Egemenlik anlayışı,İktisadi politikalar,Seçim sistemi,Politik görüşler,Cumhurbaşkanının konumu,A
41abf04d-a248-5ea9-91af-26089c05b2d7,MATEMATIK,Gerçel sayılar kümesinde tanımlı $f(x)$ fonksiyonu için; I. Tanımlı ve limiti ise süreklidir. II. Sürekli ise türevlidir. III. Sürekli ise limitlidir. IV. Sürekli ise tanımlı ve limitlidir. ifadelerinden hangileri daima doğrudur?,I ve II,"II, III ve IV",III ve IV,Yalnız IV,Yalnız III,C
6414625e-fc3a-5276-a136-83ad5df60e6a,MATEMATIK,"Özdeş 2 yeşil, 3 kırmızı ve 1 sarı bilye düz bir sırada sıralanacaktır. Kırmızı bilyelerin tamamı yan yana olacağına göre, bu sıralama kaç farklı şekilde yapılabilir?",10,12,14,16,18,A
e9845126-3fa3-581d-896d-4465e93fbee2,MATEMATIK,"$P(x)$ polinomunun $x^2-2x+4$ ile bölümünden bölüm $Q(x)$, kalan $(1-2x)$'dir. $Q(x)$ polinomunun $x+2$ ile bölümünden kalan 6 olduğuna göre, $P(x)$'in $x^3+8$ ile bölümünden kalan $K(x)$ olduğuna göre, $K(-3)$ kaçtır?",125,119,144,121,81,D
060ceab5-c94a-5f4a-8218-ce41cfa1c96e,MATEMATIK,"Bir $a_n$ aritmetik dizisinin 9. terimi $x$ olduğuna göre, $a_5 + a_{15}$ toplamı aşağıdakilerden hangisidir?",$\frac{x}{4}$,$\frac{x}{2}$,$x$,$2x$,$4x$,D
9adf123a-fdb4-5712-bf3f-5785b34b180a,MATEMATIK,"Bir bilinmeyenli ikinci dereceden bir denklemin birbirinden farklı ve birer reel sayı olan $x_1, x_2$ kökleri, $x_1 \cdot x_2 - (x_1 + x_2) = m + 2$ ve $2x_1 - x_2 - x_1x_2 + m = 1$ bağıntılarını sağlamaktadır. Buna göre, $m$ reel sayısı aşağıdakilerden hangisi olabilir?",-2,-1,0,1,2,B
a79d4f17-b55a-5b85-8dc7-51e97ee6dcd7,MATEMATIK,"$x, y \in \mathbb{R}$ olmak üzere, $x+y=4$ ve $\log_2 x = \log_2 y$ olduğuna göre, $x^3 + y^3$ toplamı kaçtır?",48,50,52,54,56,C
8f9a2c4c-e977-5e99-9ea8-86ec8690c472,MATEMATIK,"Funda, bir ipte bulunan aynı büyüklükteki tüm boncukları üçerli sayarsa 2 boncuk, dörderli sayarsa 3 boncuk, beşerli sayarsa 4 boncuk artıyor. İpteki boncuk sayısının 250'den az olduğu bilindiğine göre ipte en çok kaç boncuk vardır?",59,119,179,219,239,E
0d979d11-44b2-5d7f-8f90-684926996ddb,MATEMATIK,"A, B, C, D ve E harflerinden ikisi
0, 3, 6, 9 rakamlarından ikisi
kullanılarak
PNK KODUNU GİRİNİZ
****
4 haneli pin kodu kaç farklı şekilde türetilebilir?",60,2880,720,40,1440,B
fda2e9e9-317f-5a9b-af09-88cdb47dcd9b,MATEMATIK,"$x, y, z$ birer pozitif tam sayı olmak üzere, matematik öğretmeninin tahtaya $(x+y) \cdot z$ olarak yazdığı işlemi Elif defterine $(x+y) \cdot z$ biçiminde yanlış geçirmiştir. Öğretmen tahtaya yazdığı işlemi, Elif de defterine yazdığı işlemi doğru bir şekilde sonuçlandırmış ve her ikisi de $14$ sonucunu bulmuştur. Buna göre, $x$ sayısının alabileceği değerlerin toplamı kaçtır?",$7$,$9$,$14$,$18$,$21$,D
1374fd31-f4d1-5775-af76-565b5166b834,MATEMATIK,"$P_1(x)$, $P_2(x)$, ..., $P_n(x)$ birer polinomdur.
Aşağıda verilen polinomlarda $x^2$ li terimin katsayısı değiştirilmeyip diğer terimlerin katsayıları $1$ arttırılarak yazılmıştır.
$P_1(x)=x^2-x-30$
$P_2(x)=x^2-29$
...
$P_n(x)=x^2+x-28$
$P_n(x)$ polinomunun sıfırları $(-1,1)$ dir.
Buna göre, $n$ kaçtır?",14,15,16,17,19,C
4bfd3e49-260c-568b-8e6c-7c708d1e850c,EDEBIYAT,"Reşat Nuri Güntekin, Çalıkuşu romanında Yakup Kadri'nin Yaban romanında yaptığı gibi kahramanını Anadolu'ya gönderir. Romanın kahramanı ---- günlüklerinde Anadolu'nun durumunu aktarır.
Bu parçada boş bırakılan yere aşağıdakilerden hangisi getirilmelidir?",Aliye,Rabia,Ferhunde,Feride,Zehra,D
ef0cdf1d-bb9f-5208-9402-a293948accdd,FIZIK,"Bir insanın günlük besinlerden aldığı enerjiyi, harcadığı ve metabolizma hızı için gerekli enerjiden fazla olduğunda, bu insan için ne söylenir?",Güçlenir,Sağlıklı olur,Zayıflar,Dirençli olur,Şişmanlar,E
10f13466-2f02-5913-bdf6-5b958e8d4a8d,MATEMATIK,$\frac{1}{M} - \frac{1}{2} = \frac{1}{3} - \frac{2}{M}$ eşitliğini sağlayan $M$ değeri kaçtır?,"2,4","3,6",3,"2,8","2,6",A
924a924b-3fbe-5b60-a589-cc5e95d976a9,TURKCE,"(I) Beni gençliğimden, çocukluğumdan beri en çok düşündüren konulardan bir tanesi ölümdür. (II) Ben, ölümü çok düşünen bir insanım. (III) Ölümü düşünmek duyarlılık da kazandırıyor insana ama düşünce ağır basıyor ölümde. (IV) Ölüm beni çalışmaya; çok çok çalışmaya, çok iyi şeyler yapmaya özendiren güç oluyor. (V) Vazgeçilmez, önlenmez bir olay olarak ölüm var diye karamsar olmuyorum.Yukarıda numaralanmış cümlelerin hangisinde deyim kullanılmıştır?",I,II,III,IV,V,C
bf3d9f6d-7f91-5281-afbd-542dcd4a60b8,MATEMATIK,"Bir fabrika ürünlerinin $\frac{2}{5}$'ini günde 60 tane, geri kalanını günde 90 tane üreterek 13 günde üretimini tamamlıyor. Buna göre, bu fabrikada kaç ürün üretilmiştir?",1200,1100,1000,900,800,D
9dc65789-6e46-5380-abae-44905bbe38d1,TURKCE,"Google, bu ve benzer durumlar için ilginç bir özellik geliştirmiş. Cep telefonunuzun arama bölümünü açıp ""bubble level"" yazıp arattığınızda, otomatik olarak sonuçların en üstünde bir su terazisi beliriyor. Akıllı telefonunuzun pozisyonunu belirlemek için koyulan algılayıcılardan gelen veriyi temel alarak hassas ölçüm yapabilen bu küçük araç sayesinde, telefonu koyduğunuz yüzeyin yere tam olarak paralel olup olmadığını görebiliyorsunuz.
Bu parçaya göre Google'ın geliştirdiği özellik
I. Duvara çakacağınız rafın tam olarak düz durup durmadığını belirlemek
II. Evdeki bireylerin bilgisayar başında geçirdiği süreyi hesaplamak
III. Bir ayağı yere tam oturmayan masanın altına konacak cismin kalınlığını ayarlamak
durumlarından hangileri için kullanılmaz?",Yalnız I,Yalnız II,Yalnız III,I ve II,II ve III,B
6080c28f-f489-5bab-8672-62763183cf79,MATEMATIK,"$m \neq 0$ olmak üzere, $x^2-(m^2-4)x+m+1=0$ denkleminin kökleri $x_1$ ve $x_2$'dir. $x_1=-x_2$ olduğuna göre, $m$ değeri kaçtır?",2,1,4,-4,-2,E
a0f502ea-17f9-5cc7-8350-a08e5f6cf403,MATEMATIK,$n < \frac{4}{700} < n+1$ eşitsizliğini sağlayan $n$ doğal sayısı kaçtır?,4,5,6,7,8,B
5c1b05c4-3061-50f3-994a-aa806278e001,TURKCE,"I. Bilge Kağan, Kül Tigin ve Tonyukuk yazıtlarında göze çarpan bir mesele de önceki Köktürk kağanlarına yapılan eleştirilerdir.
II. Bu eleştiriler sadece kağanlarla sınırlı kalmamıştır.
III. Önceki kağanların da hanedan üyesi olduğu düşünülürse bu eleştirilerin bir öz eleştiri de denilebilir.
IV. Kağanların boyları ve yer yer bu kötü devlet adamları- na uyan ya da bilgi Bilge kağanlarının sözünü dinlemeden başına buyruk hareket eden millet (bodun) de eleştirilmiştir.
V. Çoğu Bilge Kağan'ın ağzından ifade edilen bu eleştirilerde, Köktürklerin bağımsızlığını kaybetmesi başta olmak üzere toplumun fakirleşmesinin ve devletin yıkılmasının ana nedeni, başa geçen kağanların ""bilgisiz, iradesiz, öngörüsüz"" olmalarıdır.
Yukarıda numaralanmış cümlelerden anlamlı bir bütün oluşturulduğunda doğru sıralama aşağıdakilerden hangisi olur?",I - III - II - IV - V,IV - III - V - II - I,I - III - V - II - IV,III - IV - V - II - I,V - IV - III - II - I,A
b91fcd56-870d-5794-89ec-46984a6f6545,TURKCE,"---- Fiziksel şartların ve ağır antrenmanların bu soruna yol açtığı düşünülebilir ama durum aslında böyle değildir. Mental yorgunluk, fiziksel değil zihinsel yorgunluktur ve fiziksel olarak çok iyi durumda olan sporcuların buna rağmen maç kaybetmelerinin sebebi, zihnen maçı kazanacaklarına olan inançlarını kaybetmiş olmaları ya da kazanacaklarına inanmamalarıdır.
Bu parçanın başına düşüncenin akışına göre aşağıdakilerden hangisi getirilmelidir?",Bilgi depolamaya yarayan teknolojik aletlerin kapasiteleri arttıkça bize düşen iş yükü de artar,"Tükenmişlik sendromunda ön planda olan; fiziksel yorgunluk, ağrı isteksizlik ve bıkkınlıktır",Fiziksel yorgunluk bir süre dinlenmekle geçer ancak mental yorgunluk dinlenmeyle geçmez,Mental yorgunluğun sık görüldüğü bireyler arasında en başta sporcular ve futbolcular yer alır,"Hayat, kendi içinde kendi rekabet kurallarını geliştirmektedir",D
80df38d7-99fd-5003-9ac2-65aeedda0463,KIMYA,"Erimiş $Ca(NO_3)_2$ tuzu 9650 saniye elektroliz edildiğinde katotta 0,2 mol Ca toplanıyor.
Buna göre, devreden geçen akım kaç amperdir?",1,2,4,20,40,C
cde191eb-7e53-545c-8550-94df89c30eff,GEOMETRI,$x^2+y^2+4y-32=0$ ve $(x-5)^2+(y-10)^2=16$ çemberlerine teğet olan en küçük çemberin yarıçapı kaç birimdir?,$\frac{1}{2}$,1,$\frac{3}{2}$,2,3,A
0bc61b1f-dc18-5919-9f4d-04f4b4c09b34,TURKCE,"(I) Son iki yüzyıldır hem toplumsal hem mekânsal olarak bir değişim içindeyiz. (II) Tanzimat Dönemi'nde Osmanlı'da Batılılaşma adıyla başlayan değişim, Cumhuriyet'le çağdaşlaşma olarak karşımıza çıkar. (III) Osmanlı Devleti'nin yerine kurulan Cumhuriyet, her anlamda yeni Batılı, çağdaş, yenilikçi ve hızlı olmalıydı. (IV) Özellikle 1923 ile 1960 arasındaki süreçte romanlarda ve sinemada en sık işlenen konulardan biri bu özentilik olmuştur. (V) Öyle ki Avrupa müzikleri, kıyafetleri, yaşam tarzı dışında yerel olan her şeyi küçümseyen bir yan kültürün anlatıldığı filmler öyle ilgi görmüştür ki bizim yönetmenler hızını alamayıp Türk işi kovboy filmi bile çekmişlerdir. Bu parçada numaralanmış cümlelerin hangisinden sonra ""Bu anlayış, Tanzimattan beri var olan Batı hayranlığını en üst seviyeye taşımış; özenti bir Avrupalılık payda olmuştur."" cümlesinin getirilmesi anlam akışını bozmaz?",I,II,III,IV,V,C
8f0be9dc-46a6-54f8-bc4f-010b1f56e6f4,TURKCE,"Yeni dijital reklam türleri, çocukların bilgisizliği ve saflığından faydalanarak onların kişiliklerini geliştirebilme hakkını zedelemektedir. Yeni tür reklamcılık uygulamaları, yalnız çocuklar değil yetişkinler bakımından da bireyin verilen mesajı eleştirel olarak değerlendirebilme yeteneğine zarar vermektedir. Öte yandan çocuklar şirketler için oldukça önemli bir gelir kaynağıdır ve şirketler, çocukları birer çocuk tüketici yapmak için çabalamaktadır. Çocuklar hem doğrudan büyük bir tüketici kitlesi hem de ebeveynlerini etkileyerek dolaylı tüketici kitlesi hem de gelecekteki potansiyel tüketici kitlesidir. Bu nedenle çocuk müşteriler, şirketler için oldukça stratejiktir.
Bu parçada aşağıdakilerin hangisine değinilmemiştir?","Çocukların, reklamların kötü etkisinden yaşamları boyunca etkilenebildiğine","Reklamların gerçek dışılığının, çocukların masumluğuna zarar verdiğine","Çocukları kârlı müşteri olarak gören şirketlerin, onları reklam üzerinden kazanmaya çalıştığına","Reklamların, çocukları yetişkinler aracılığıyla etkilediğine",Bazı şirketlerin reklamlar aracılığıyla çocuklara örtük mesajlar verdiğine,A
fe8307f3-79c4-5106-a4e5-4f334e9e73d0,MATEMATIK,"$x$ ve $y$ birer gerçek sayıdır. $x^2 + y^2 - 4x - 10y + 29 = 0$ olduğuna göre, $2x+y$ toplamı kaçtır?",11,10,9,7,5,A
024d5a46-929d-59e9-ae43-a9b1f98414db,MATEMATIK,"Burak bir işi 15 günde, Hasan aynı işi 10 günde bitirebilmektedir. Buna göre, ikisi birlikte aynı işi kaç günde bitirebilir?",2,3,4,5,6,E
28be83ca-0296-550c-a694-267403ccc4d8,TURKCE,"Kurum, kurul, kuruluş adları büyük harfle başlar ve gelen ek kesme işareti ile ayrılmaz. Eğer kısaltılmış şekilleri ile yazılmışlarsa gelen ek kesme işareti ile ayrılır ve kısa okunuşuna göre ek gelir.
Buna göre aşağıdaki cümlelerin hangisinde bu kurala uygun olmayan bir kullanım vardır?",Lisans eğitimini bitirdikten sonra öğretmenlik belgemi Dokuz Eylül Üniversitesinden aldım.,"Cumhurbaşkanı, bütçe tasarısını görüşmek üzere Bakanlar Kurulunu toplantıya çağırdı.",KPSS'den yüksek puan alıp kendi alanında Türkiye yirmi beşincisi oldu.,Hababam Sınıfı filminin çekimlerinin yapıldığı Çamlıca Lisesi'ne ziyarete gittik.,Büyük babam kırk beş sene önce TCDD'den emekli olduğunda annem dünyada yokmuş.,B
747833a3-2bbf-56e4-9220-289c6b192c7c,KIMYA,"$12,4 \text{ gram}$ fosfor $(P)$ ve $9,6 \text{ gram}$ oksijen $(O)$ elementinin artansız tepkimesinden oluşan bileşiğin basit formülü aşağıdakilerden hangisidir? $(P: 31 \text{ O}: 16)$",$PO$,$P_2O_3$,$P_2O_4$,$P_2O_5$,$PO_2$,B
432cc66a-8931-5715-a51a-94738e82f78f,TURKCE,"Ülkemizde ben bildim bilirim fikri ya da görüş sahibi-ideal sahibi ifadesini ilave etmiyorum o daha üst bir durum-olmayanlar hiç ara vermeksizin konuşmakta. Asıl konuşması gerekenlere de yüz muamelesi yapılmaktadır. Arada asıl konuşması gereken biri ortaya çıktığı vakit de ya magazinsel bir keşişyaptır yöntemiyle sunuluyor ya da onca gevezeliklerin ve fikir yerine yutturulan hezeyanların arasında sesi kaybolup gidiyor.
Bu parçadaki yakınmalardan aşağıdakilerden hangisi çıkarılabilir?",Gerçek fikir adamlarının konuşturulmaması,Gerçek düşünce sahibi kişilerin konuşmak istememesi,Medya organlarının gerçekliğe ve düşünceye önem vermemesi,Fikir adamlarının medyada çok yer almak istememeleri,Gerçek bilim ve fikir adamı olanların yeterince cesur olmaması,A
3d5b0d1a-c487-5125-af37-0f462772fd55,MATEMATIK,"$x - y = 1$ ve $mx + ny = 0$ denkleminin bir tek çözümü olduğuna göre, $\frac{m}{n}$ oranı kaçtır?",$\frac{5}{8}$,$\frac{1}{2}$,$\frac{3}{8}$,$\frac{1}{4}$,$\frac{1}{8}$,B
e9ccc6c6-fc98-5164-8988-1e540b38697c,KIMYA,"Eşit kütlede alınan $N_2$ ve $H_2$ gazları karışımından en fazla $3,4$ gram $NH_3$ gazı oluşmaktadır. Buna göre; a. Başlangıç karışımı kaç gramdır? b. Hangi elementin kaç gramı artar? sorularının cevabı hangi seçenekte doğru verilmiştir? (H: 1, N: 14)","2,8 g, 2,2 g $H_2$","5,6 g, 2,2 g $H_2$","5,6 g, 0,6 g $H_2$","5,6 g, 0,6 g $N_2$","2,8 g, 2,2 g $N_2$",B
a6158362-b2ad-5602-a121-c38335bbeb7c,MATEMATIK,$\int_{-2}^{2} \frac{|3x|}{x} dx$ integralinin değeri kaçtır?,-6,-4,-3,-2,-1,A
8e8f7209-dab2-5d1f-9a55-bbafe4048dbf,KIMYA,"1. $HCN(suda) + H_2O(s) \rightleftharpoons H_3O^+(suda) + CN^-(suda)$ 2. $NH_3(suda) + H_2O(s) \rightleftharpoons NH_4^+(suda) + OH^-(suda)$ tepkimeleri için, I. 1. tepkimede $H_2O$ baz özelliği göstermiştir. II. $NH_3$ ve $NH_4^+$ iyonları konjuge (eşlenik) asit baz çiftidir. III. $NH_3$, $H_2O$ dan proton ($H^+$) almıştır. yargılarından hangileri doğrudur?",Yalnız I,Yalnız II,I ve II,I ve III,"I, II ve III",E
b9b7671f-3823-59ca-afad-84f7692bb3ae,TURKCE,Aşağıdaki cümlelerin hangisinde altı çizili sözcüğün yazımı yanlıştır?,"Doktor, böbreküstü bezlerinin iyi çalışmadığını söyledi.","Keçiboynuzu, çiğ olarak da pekmez şeklinde de tüketilebilen bir bitkidir.",Defterde en çok yavruağzı elbiselerin ilgi çektiğini söyleyen bir bilim.,"Şehir dışından gelenler, dalgakıranın olduğu yerde denize giriyordu.",Akşamüzeri okul çıkışında arkadaşlarla buluşup sohbet etmeyi planlıyoruz.,A
472ae11f-0be5-5487-9117-a747b1797cbd,KIMYA,$A$ ve $B$ element atomlarından oluşan $AB_2^{n-}$ iyonu ile ilgili aşağıdaki bilgiler veriliyor. - Toplam $32$ tane elektron içerir. - $A$'nın proton sayısı $B$'nin proton sayısından $2$ eksiktir. Buna göre nötr $A$ atomunun katman elektron dağılımına göre son yörüngesinde kaç elektron vardır?,$1$,$2$,$3$,$4$,$6$,D
386edce6-760c-5376-b97f-e9ef49778fbc,MATEMATIK,"$a$ bir gerçel sayı olmak üzere, $ \frac{a}{x-1} - \frac{a}{3-x} = \frac{6}{x-1} $ denklemini sağlayan $x$ değerlerinden biri $ \{0, 1, 2, 3\} $ kümesinin elemanlarından biri olduğuna göre, $a$ kaçtır?",3,$ \frac{5}{2} $,$ \frac{5}{3} $,2,$ \frac{3}{2} $,E
9915ffd5-cc9c-5ed3-a2bf-c7684a1c8c79,TURKCE,"Beni kürsüde görüp vaaz edecek sanmayınız
Ulamadan değilim, şeklime aldanmayınız
Dinin ahkamını zaten fukahane söyler
Anlatırlar size bir müşküldünüz varsa eğer
Bana siz âlem-i İslam'ı sorun, söyleyeyim
Çünkü hiçbir yeri yok gezmediğim, görmediğim
Bu dizelerde aşağıdakilerden hangisine örnek gösterilemez?",Emir kipi,Gelecek zaman,Gereklilik kipi,İstek kipi,Ek fiilin şartı,B
c049ee38-b4d5-5503-a399-6844918c8282,EDEBIYAT,"Destandan alınmış bu parçadan yola çıkarak destanla ilgili olarak
I. Tamamı dilden dile anlatılagelen sözlü ürünlerdir.
II. Ait olduğu toplumun dinî inanış ve bakışlarını yansıtır.
III. Milletlerin var olma mücadelelerini anlatır.
IV. Konusu gerçek tarihî kişi ve olaylara dayanır.
çıkarımlarından hangisine ulaşılamaz?",Yalnız I,I ve II,I ve III,II ve III,III ve IV,A
d2f1f42e-a237-560f-8d62-43c09a6748a2,MATEMATIK,İşleminin sonucu kaçtır? $\frac{5}{12} - \frac{1}{4}$,$\frac{1}{2}$,$\frac{1}{3}$,$\frac{1}{4}$,$\frac{1}{5}$,$\frac{1}{6}$,E
41fa21fa-1d29-53e8-95c7-bf61a2283c0a,MATEMATIK,"$P(x) = 3x^2 - 5x^2 + 4x + 12$ polinomu veriliyor. Buna göre, $P(3)$ değeri kaçtır?",40,50,60,70,80,C
6a9c5953-ac68-5790-bf03-3c83fa2a2e65,MATEMATIK,"Gerçel sayılar kümesi üzerinde tanımlı ve sürekli $f$ fonksiyonu için $\int_{1}^{2} f(x)dx + \int_{1}^{2} f(1-x)dx = 6$ olduğuna göre, $\int_{1}^{2} f(2x+1)dx$ integralinin değeri kaçtır?",3,6,9,12,15,A
c0356171-78b0-5277-af22-6b87025fd4ee,MATEMATIK,$ \frac{7}{3} - \frac{16}{5} + \frac{2}{15} $ işleminin sonucu aşağıdakilerden hangisidir?,$ \frac{11}{15} $,$ -1 $,$ \frac{13}{15} $,$ -\frac{7}{3} $,$ \frac{12}{5} $,A
d335fd05-d417-5f65-8f2a-b420376a2b65,TARIH,"Osmanlı Devleti ile Avusturya arasındaki savaşlar 1791'de bitmiş ve bu tarihten sonra Avusturya ile barış dönemi başlamıştır.
Avusturya'nın politikasının değişmesinde;
I. milliyetçilik ilkesinin yaygınlaşması,
II. Rusya'nın Balkanlarda Slavları birleştirme politikası izlemesi,
III. Osmanlı Devleti'nin çok uluslu olması
durumlarından hangilerinin etkili olduğu söylenebilir?",Yalnız I,Yalnız II,I ve II,II ve III,"I, II ve III",C
20681486-8e9a-50f6-9006-4a8fe10c2a47,GEOMETRI,"ABCD dik yamuğunda $[ED] \perp [DC]$, $|AE| = 8$ cm, $|DE| = 10$ cm, $|DC| = 15$ cm

Yukarıdaki verilere göre, $|EB| = x$ kaç cm'dir?",1,2,3,4,5,B
fc7f0620-83d8-50d6-b396-44c810fc91a5,KIMYA,"I. Aynı elementin yüksüz iki atomunda proton ve elektron sayıları aynıdır.
II. Farklı iki elementin yüksüz atomlarında proton ve nötron sayıları farklıdır.
III. Aynı elementin biri yüklü diğeri yüksüz iki atomunda elektron ve nötron sayıları farklıdır.
IV. Farklı iki elementin yüklü atomlarında proton ve elektron sayıları farklıdır.
Yukarıdakilerden hangileri kesinlikle doğrudur?",Yalnız I,Yalnız III,I ve II,III ve IV,"I, II ve IV",E
ed1c79cd-1aa0-5f47-90b6-07b71b4cf346,MATEMATIK,"$f(x) = -22$ olmak üzere, $f(x+2)$ fonksiyonunun $f(x)$ türünden eşiti, $f(x-2) = f(x)+2$ olduğuna göre, $f(23)$ kaçtır?",0,1,2,3,4,C
3fb9280a-9cd9-5e0c-92b9-3d7189d30d2d,MATEMATIK,"$1, 2, 3, 4$ rakamları birer defa kullanılarak yazılan iki çift sayının çarpımı en çok kaçtır?",408,448,852,862,1248,E
90688efa-6bbb-5379-b1c4-d84e4a72871b,MATEMATIK,$\cot x + \cot 3x = 1$ denkleminin çözüm kümesi aşağıdakilerden hangisidir?,"$\left\{x: x = \frac{\pi}{8} + k\pi, k \in \mathbb{Z}\right\}$","$\left\{x: x = \frac{\pi}{4} + k\pi, k \in \mathbb{Z}\right\}$","$\left\{x: x = \frac{\pi}{8} + \frac{k\pi}{2}, k \in \mathbb{Z}\right\}$","$\left\{x: x = \frac{\pi}{8} + \frac{k\pi}{4}, k \in \mathbb{Z}\right\}$","$\left\{x: x = \frac{\pi}{4} + \frac{k\pi}{4}, k \in \mathbb{Z}\right\}$",D
2ed7d345-8408-544a-91ce-4597eae20dc3,MATEMATIK,"Bir öğrenci 1'den $n$'ye kadar olan ardışık doğal sayıları yazıp toplamak istiyor. Sayıları toplarken sadece 8 sayısının önündeki ""+"" işaretini yanlışlıkla ""-"" olarak işlemin sonucunu 174 olarak buluyor. Buna göre, $n$ kaçtır?",19,20,21,22,23,B
feb39578-7023-5b26-ae46-5d8ffa1193c2,MATEMATIK,"Berfin bir işi günde 4 saat çalışarak 6 günde, Kardelen ise aynı işi günde 6 saat çalışarak 3 günde bitirebilmektedir. Berfin ile Kardelen bu işe beraber başladıktan 1 gün sonra Kardelen işi bırakıyor ve kalan işi Berfin tek başına tamamlıyor. İşin tamamı için 8800 TL Berfin ve Kardelen'e çalıştıkları sürenin saat cinsinden değeri ile orantılı olarak dağıtıldığına göre, Berfin'in bu iş için aldığı para, Kardelen'in aldığı paradan kaç TL fazladır?",2800,3600,4000,4200,4400,C
4084d26c-178f-50dd-96fd-30da48590442,MATEMATIK,"$P(x) = (a-5)x^7 + 5x^{11-a} - a^2$ ifadesi bir polinom belirttiğine göre, başkatsayısı ile sabit teriminin toplamı kaçtır?",63,64,67,69,72,D
39c2ad8c-75bf-5565-b1f0-c3971af3a8ed,MATEMATIK,"Bir sınıftaki öğrencilerin $\frac{2}{5}$'i kızdır.
Kızların $\frac{1}{4}$'ü matematik sınavından başarısız olmuştur.
Erkeklerin yarısı aynı sınavdan başarılı olmuştur.
Bu sınıfta matematik sınavından başarısız olan öğrencilerin sayısı 14 olduğuna göre, başarılı olan öğrenci sayısı kaçtır?",22,24,26,28,30,C
7f55cf68-3077-5ad9-b465-4c8a37f0205f,TURKCE,Bu iki parçayla ilgili olarak aşağıdakilerden hangisi söylenebilir?,Farklı konuların birbirini destekleyen yönlerine yer verilmektedir.,İki farklı konu ortak bir görüş etrafında yorumlanmaktadır.,Aynı olguya ilişkin farklı görüşler vurgulanmaktadır.,Aynı konuya ilişkin alt konular ve ayrıntılar ele alınmaktadır.,Aynı görüş farklı üsluplarla açıklanmaktadır.,C
7b6be050-5f9a-5038-a04e-6560c58905c5,MATEMATIK,"Aşağıda parçalı tanımlı $f(x) = \begin{cases} x^2-1, & x<1 \\ x^2-4, & 1 \le x < 4 \\ 4x, & x \le 4 \end{cases}$ fonksiyonu verilmiştir. $-2 \le 2a-4 < 4$ olduğuna göre, $f(a)$'nın görüntü kümesi aşağıdakilerden hangisidir?","$[5, \infty)$","$[5, 20)$","$[0, 5)$","$[5, 20]$","$[0, 20]$",B
a1a9e22b-380b-5a91-92c2-2bf76ce21acb,MATEMATIK,"$f(x) = (x-1)(x+1)(x^2+1)(x^4+1)(x^8+1)$ olduğuna göre, $f'(-1)$ kaçtır?",0,-15,-16,1,8,C
4df3325c-5c2d-5775-b45a-1ca1cdb52e89,TURKCE,"(I) Cilt yüzeyi, lipid cilt katmanlar üzerindeki deri yüzeyine lipid filmi adı verilen ince bir tabaka oluşturur. (II) Lipid filmi, deriden suyun aşırı buharlaşmasını engeller ve cildin nemli ve pürüzsüz kalmasını sağlar. (III) Böylece cilt yüzeyi üzerinde bir emülsiyon hâline gelmiş film elde edilir ve cilt yüzeyine yayılır. (IV) Sebum salgılandıktan sonra ter ile karışır. (V) Lipid filminin asıl yapısını derideki yağ bezleri tarafından salgılanan sarımsı yağlı sıvı sebum oluşturmaktadır.
Bu parçada düşüncenin akışını sağlamak için numaralanmış cümlelerden hangileri yer değiştirmelidir?",I ve II,I ve V,II ve IV,II ve V,III ve V,E
d2375bef-a351-5c2a-b5d5-d258992d0489,MATEMATIK,(cos 22° - cos 68°) / (cos 64° - cos 8° + sin 64° . sin 8°) ifadesi aşağıdakilerden hangisine eşittir?,1/2,2,1,1/4,4,C
4acb275e-ba45-5b34-b0bf-f7c5191cbce9,MATEMATIK,"Uzunlukları 135 m, 165 m ve 225 m olan üç tomruk eşit uzunlukta parçalara ayrılacaktır. Her bir kesim işlemi 2 dakika sürdüğüne göre, kesim işlemi en az kaç dakika sürer?",15,32,35,64,70,D
ec617fc8-ae8e-5a3d-876d-ce3da265e3c7,MATEMATIK,$\frac{\cos^4\theta - \sin^4\theta}{\sin2\theta}$ işleminin sonucu aşağıdakilerden hangisidir?,$\cot2\theta$,$\cot\theta$,$\tan\theta$,$\tan2\theta$,$\tan4\theta$,A
a467beb8-6980-5728-9a62-8f573e01b2ba,MATEMATIK,$|x-8| - |x+5|$ ifadesinin alabileceği en büyük değer kaçtır?,-15,-13,-10,-8,-5,B
df60223c-2bc4-54d9-9359-975def804cbd,EDEBIYAT,Mektup ile ilgili tablodaki numaralanmış bilgilerden hangisinin değerlendirilmesinde yanlışlık yapılmıştır?,I,II,III,IV,V,E
25ed420b-8abb-59c8-944d-ddc3bd115ded,MATEMATIK,"Yatılı okulda okuyan Engin, bazı hafta sonlarında cumartesi günleri okuldan ayrılıp pazar günü tekrar okula dönecek şekilde hafta sonu iznine çıkmaktadır. Hafta sonu izninden mart ayının $A$. günü okula dönen Engin, döndükten sonraki üçüncü cumartesi olan mart ayının $B$. günü tekrar izne çıkıp bu izinden mart ayının $C$. günü tekrar okula dönüyor. Buna göre, I. $C - A$ II. $C - B$ III. $B - A$ ifadelerinden hangileri tek sayıdır?",Yalnız I,Yalnız II,Yalnız III,I ve II,II ve III,A
877ba67a-bf88-58b3-b18d-dc793774c833,FIZIK,"Dalgalar, taşıdıkları enerjiye göre sınıflandırılır. Buna göre, aşağıda verilen dalga çeşitlerinden hangisi taşıdığı enerjiye göre diğerlerinden ayrılır?",Mikro dalgalar,Kızıl ötesi ışınlar,Mor ötesi ışınlar,Radyo dalgaları,Su dalgaları,E
3e3da898-f861-5244-bbc9-85fb0087d9a5,MATEMATIK,$\lim_{x \to -2\sqrt{2}} \log_2(x^2+1)$ ifadesinin değeri kaçtır?,\frac{1}{2},1,2,3,-1,D
b3f5c907-30d3-51c5-9318-bb1b34c439d7,TURKCE,"(I) Fotoğrafçılık kurslarında ilk dersler şu cümleyle başlanır: Fotoğrafın çekilebilmesi için ışık şarttır. (II) Her fotoğrafçı eğitiminin ışığın açısı, renk oyunları, ışıkla olan ilişkisi üzerine hassasiyetini öğrenerek başlar. (III) Işık herhangi bir kaynaktan cisimlere gelir; cisimden yansıyan ışık bir algılayıcıya yani göze, filme ya da sensöre geldiği zaman görünür olur ve objenin renkleri konusunda bilgi verir. (IV) Cisimlerin renkleri, üzerine gelen ışığın ışık ısısı ve ne kadarını soğurup ne kadarını yansıttığına göre algılanır. (V) Örneğin beyaz renk; duvar sarı ışık ile aydınlatıldığında sarı, mavi ışık ile aydınlatıldığında ise mavi renk olarak görünür. (VI) Ancak kırmızı renkli cisim, yeşil ışık ile aydınlatıldığında siyah gözükebilir. Bu parçada hangi cümleden itibaren yeni bir parçaya geçilebilir?",II,III,IV,V,VI,C
d3be16c5-0d7b-57c5-9341-604a4da65d13,MATEMATIK,$\sin 30^\circ \cdot \cot 45^\circ + \cos 60^\circ$ işleminin sonucu kaçtır?,$\frac{\sqrt{3}}{4}$,$\frac{1}{4}$,$\frac{3}{4}$,$\frac{1}{16}$,$\frac{\sqrt{3}}{2}$,C
58a2859c-1ba5-5432-9e67-4c0fe49a9502,BIYOLOJI,"Çok hücreli bir canlı organizasyonunda bulunan, aşağıdaki yapılardan hangisi, bütün canlılar için ortaktır?",Sistem,Doku,Hücre,Vücut örtüsü,Organ,C
1ce27265-ef09-59a6-af41-fdfbc6d42b92,MATEMATIK,"Bir manav gileğin etiketine ""Yarım kilosu 10 TL"" yazacakken yanlışlıkla ""Bir kilosu 10 TL"" yazmıştır. Manav elindeki gileğin $\frac{1}{3}$'ünü bu etikete göre satınca yanlışlığı fark etmiş ve kalan gileği doğru yazan etikete göre satmıştır. Buna göre, bu yanlışlık sonucunda çilek satışından manavın kasasına giren para hangi oranda eksilmiştir?",$\frac{1}{12}$,$\frac{1}{10}$,$\frac{1}{8}$,$\frac{1}{6}$,$\frac{1}{5}$,A
8cc44947-bb61-53f8-8f3c-c4a48b9d1031,EDEBIYAT,"Sanatçıda vatan meselesi, millet ve hürriyet kavramlarıyla ele alınır. Şiirlerinde vatanın içinde bulunduğu duruma kederlenen, vatan topraklarının birer birer elden gidişine feryat eden, ağlayan, mazideki mesut günlerle teselli bulan, dönemin yönetimine öfkelenen, isyan eden insanı görürüz. Onun ilk şiirlerinde Namık Kemal'de görüldüğü gibi vatan kavramı umumi olarak ele alınmıştır. Şiirlerinde yine Namık Kemal'in tesiriyle hürriyet fikri terennüm edilmiştir. Balkan Harbi'nden sonra yazılan şiirlerde ise vatan bir bütün olarak değil, ayrı ayrı parçalar hâlinde ele alınmış ve vatanın uğradığı felaketler anlatılmıştır. Bununla ilgili en önemli örnek ise sanatçının yazdığı Gizli Figanlar eseridir.
Bu parçada tanıtılan Servetifünun şairi aşağıdakilerden hangisidir?",Faik Ali Ozansoy,Süleyman Nazif,Cenap Şehabettin,Tevfik Fikret,Süleyman Nesip,D
751480c5-8edf-53a8-aecf-ba5d7345807d,MATEMATIK,$\log_2(x-2) < 3$ eşitsizliğini sağlayan kaç tane tam sayı vardır?,3,4,5,6,7,C
db8f9153-497d-5079-b7cb-22ddb5ffbb34,KIMYA,"$CS_2(k) + 3O_2(g) \rightarrow CO_2(g) + 2SO_2(g)$ denklemine göre $0,5$ mol $CS_2$ katısı tamamen yakıldığında,
I. $1,5$ mol $O_2$ gazı harcanır.
II. NK'da $11,2$ L hacim kaplayan $CO_2$ gazı oluşur.
III. $64$ gram $SO_2$ gazı oluşur.
ifadelerinden hangileri doğru olur? (S:32, O:16)",Yalnız I,Yalnız II,I ve III,II ve III,"I, II ve III",E
fa1c18e1-62f5-51c2-af1b-1e6fa06ef490,KIMYA,"Denklemi verilen tepkimede $2,64$ gram $\text{AlCl}_3$ çöktüğüne göre standart tepkime entalpi değişimi $\Delta H^\circ$ kaç kJ'dir? (Al: $27$, Cl: $35$)

$\text{Al}_{(s)} + \frac{3}{2}\text{Cl}_{2(g)} \to \text{AlCl}_{3(k)}$

$\Delta H^\circ_f(\text{Al}_{(s)}) = 0 \text{ kJ/mol}$
$\Delta H^\circ_f(\text{Cl}_{2(g)}) = 0 \text{ kJ/mol}$
$\Delta H^\circ_f(\text{AlCl}_{3(k)}) = -700 \text{ kJ/mol}$",400,80,8,-8,-400,D
6f244c39-37f1-5eb3-ac4a-dbf34cc61022,MATEMATIK,"Bir şirketin toplantı salonunda kırmızı ve beyaz renkli koltuklar vardır. Kırmızı koltuklara yönetim kurulu üyeleri, beyaz renkli koltuklara sekreterler oturmaktadır. Toplantı günü üyeler ve sekreterler dışında kimse toplantı salonuna alınmamaktadır. Toplamda $10$ yönetim kurulu üyesi $6$ sekreter katılırsa $14$ koltuk boş kalmaktadır. Toplamda sadece $18$ yönetim kurulu üyesi katılırsa boş beyaz koltuk sayısı, boş kırmızı koltuk sayısının $2$ katı olmaktadır. Buna göre, salondaki kırmızı koltuk sayısı beyaz koltuk sayısından kaç fazladır?",8,10,14,15,18,A
f32b28d0-a114-5e76-a63b-8d2e1e2a359d,MATEMATIK,"$(a_n)$ bir gerçek sayı dizisi olmak üzere, $a_1 = 1$, $a_2 = 2$, $a_{n+1} = a_n + n - 1$ olduğuna göre, bu dizinin genel terimi aşağıdakilerden hangisidir?",$ \frac{n^2+n}{2} $,$ \frac{n^2}{2} $,$ \frac{n^2-3n}{2} $,$ \frac{n^2+3n}{2} $,$ \frac{n^2+3}{2} $,D
addd2337-fe37-5821-ba84-cd81dd34eae3,TURKCE,"Gök bilimciler, 2018'de, ilk kez atmosferi de bulunan bir gezegen keşfetti. Gezegenin adı, ""WASP - 96b"". Gezegenin atmosferi sodyumdan oluşuyor. Gezegen Güneş Sistemi dışında yer alıyor. Dünyadan 980 ışık yılı uzaklıktaki Akrep Takımyıldızı'nda bulunuyor. WASP - 96b, Jüpiter'den yaklaşık olarak %20 daha büyük.
Parçada sözü edilen gezegen ile ilgili olarak aşağıdakilerden hangisine ulaşılamaz?",Hangi takımyıldızında bulunduğuna,Atmosferinin neden oluştuğuna,Acının ne anlama geldiğine,Atmosferinde neyin olmadığına,Jüpiter'den hacimli olduğuna,C
79f185cf-74c8-55eb-9330-b4e4749db97f,GEOMETRI,"$A(3, m)$ noktasının $3x-y+2=0$ doğrusuna olan uzaklığı $2\sqrt{10}$ bir olduğuna göre, $m$ nin alabileceği değerlerin toplamı kaçtır?",21,22,23,24,25,B
88212d55-8ee0-57d3-8399-6bcc7b3e54c0,MATEMATIK,"Bir oto galeride hem kiralık hem satılık araçlar bulunmaktadır. Bu galerideki bir aracın kiralık veya satılık fiyatı sırasıyla aşağıdaki gibi belirlenmiştir.

* Aracın satış fiyatının %20 fazlası hesaplandıktan sonra bulunan değer 360'a bölünerek aracın günlük kiralama bedeli bulunur.
* Müşteri aracı satın almak isterse aracın satış fiyatı üzerinden %5 indirim uygulanır.

Yalçın, oto galeriden bu aracı bir haftalığına kiralayarak 1400 lira ödeme yapmıştır.
Buna göre, Yalçın bu aracı almak isteseydi kaç bin lira ödeme yapmalıydı?",59,62,66,69,71,E
cc4f5166-b7fe-5d4b-99dc-0124181801e5,BIYOLOJI,"Bir öğrenci izlediği bilimsel bir belgeselde, ayrıntılı mikroskobik görüntüsünün anlatıldığı bir hücreli organizmanın; prokaryot değil, ökaryot olduğu sonucuna varıyor. Öğrencinin, bu organizmada aşağıdakilerden hangisini gözlemesi bu doğru kanıya varmasını sağlamış olabilir?",Hücre duvarına sahip olması,Hücre içerisinde kofulun olması,Hücrenin hareketini sağlayan bir kamçının bulunması,Hücrenin ortasından basitçe ikiye bölünerek çoğalması,Hücrede ribozomların bulunması,B
aca2f69c-1e2b-5f8f-9131-eca92a408ee6,MATEMATIK,"$a > 0$ olmak üzere, $f(x) = x^3 - 4x + 9$ eğrisine $x = a$ apsisli noktasından çizilen teğet doğrusu orijinden geçtiğine göre, $f(a)$ kaçtır?",$2$,$3$,$4$,$5$,$6$,B
70c18ca3-61ad-55fc-9f3a-e9024d296a0e,MATEMATIK,"Elif; aşağıdaki tabloda verilen kalem, defter ve silgilerini aşağıdaki kurallara göre kullanıyor. Her liste numara sırasına göre kullanılacak ve ilk başta verilen araç kullanılmadan diğerine geçilmeyecektir. Kullanacağı araç gereçleri karışık olarak seçebilecektir. Kullandığı araç gereç bitmeden diğerine geçmeyecektir. Buna göre, Elif kırtasiye malzemelerini kaç farklı sırayla kullanabilir?",720,840,1020,1260,1440,E
0a61eb58-0ece-56d6-925c-e3bb9c9074ac,MATEMATIK,"Gerçel sayılarda tanımlı $f(x) = |x^2 - 6x + a|$ fonksiyonu her $x$ gerçel sayısı için türevli olduğuna göre, $a$ için aşağıdakilerden hangisi doğrudur?",$a = 9$,$a > 9$,$a < 9$,$a \ge 9$,$a \le 9$,B
c73a33e3-6a53-5b34-9b11-6746cac5ecce,KIMYA,"$0,2$ mol $Na_2CO_3 \cdot nH_2O$ bileşiği $36$ gram $H_2O$ içermektedir.
Buna göre,
I. $n = 10$ dur.
II. Bileşiğin adı sodyum karbonat penta hidratır.
III. Toplam $7,2 N_A$ tane atom içerir.
yargılarından hangileri doğrudur?
($N_A$: Avogadro sayısı, Mol kütleleri: H: 1, O: 16)",Yalnız I,Yalnız II,Yalnız III,I ve III,II ve III,A
a539b2c8-ec21-5663-8eb7-7cedf22f9d10,BIYOLOJI,"• Bonellia isimli hortumlu hayvanın döllenmiş yumurtaları suda serbest hareket ederek gelişirse dişi bireyleri, ana canlının hortumuna tutunarak gelişirse erkek bireyleri oluşturur.
• Arılarda diploid kromozomlu bireyler dişi, haploit kromozomlu bireyler erkektir.
• Bir böcek türünde larvalar çok segmentli olursa dişi, az segmentli olursa erkek olarak erginleşir.
Yukarıda verilen örneklere göre farklı canlılarda cinsiyetin belirlenmesinde,
I. kromozom sayısı,
II. gelişme ortamı,
III. vücut yapısı,
IV. aldığı besin çeşidi
faktörlerinden hangileri etkili olmuştur?",I ve II,I ve IV,II ve III,"I, II ve III","I, II, III ve IV",D
24d8ef3c-bb62-5414-95f3-0c4d8404970f,FIZIK,"Dünya yüzeyindeki ağırlığı $G$ kütlesi $m$ olan bir cisim Ay'a götürülüyor.
Ay'ın çekim ivmesi Dünya'nın çekim ivmesinden küçük olduğu bilindiğine göre; cisimle ilgili olarak,
I. Kütlesi azalır.
II. Ağırlığı azalır.
III. Kütlesi değişmez.
yargılarından hangileri doğrudur?",Yalnız II,Yalnız III,I ve II,I ve III,II ve III,E
f9dfbec2-b63d-57b5-9c3e-e0539301b603,MATEMATIK,$|x| \ge -2$ eşitsizliğinin en geniş çözüm kümesi aşağıdakilerden hangisidir?,$x \ge 2$,$x > 2$,$x < -2$,$-2 \le x \le 2$,R,E
49595977-b420-578f-bce7-8ff2a1df1802,MATEMATIK,"$x^2-ax+b=0$ denkleminin bir kökü 2, $x^2-(3-a)x+c=0$ denkleminin bir kökü 3'tür. Bu iki denklemin diğer kökleri eşit olduğuna göre; I. Ortak kök $-4$'tür. II. $a=b+10$'dur. III. $b-c=4$'tür. ifadelerinden hangileri doğrudur?",Yalnız I,I ve II,I ve III,II ve III,"I, II ve III",E
a94677d6-96f9-58bb-8291-b6716ab80c25,GEOMETRI,"Düzlemde O merkezli bir daire çiziliyor. Bu dairenin yayı üzerinde alınan birbirinden farklı A ve B noktaları için $[AB]$ kirişi çiziliyor. $[AB]$ üzerinde alınan bir C noktası için $|AC|=7$ birim, $|BC|=3$ birim ve $|OC|=4$ birim olduğu biliniyor. Buna göre, bu dairenin alanı kaç birimkaredir?",$36\pi$,$37\pi$,$40\pi$,$45\pi$,$49\pi$,E
406e1290-20d7-57fe-805f-335b13bd2054,MATEMATIK,"sin($4x + 60^\circ$) = cos$30^\circ$ denkleminin $[0, \pi]$ aralığında kaç farklı kökü vardır?",1,2,3,4,5,D
8e5343e1-66fe-57d0-bf65-6ca27d9ef295,TARIH,"İlk Çağ'dan XVIII. yüzyıla kadar etkili olan hikâyeci tarih yazıcılığında; olayların yeri, zamanı belirtilmekle birlikte sebep sonuç ilişkisi üzerinde pek durulmamıştır.
Bu durumun aşağıdakilerden hangisini zorlaştırdığı söylenebilir?",Olayın detaylıca incelenmesini,Olayın aktarımının sağlanmasını,Olayın zamanının bilinmesini,Tarihin yazımına önem verilmesini,Olayın geçtiği yerin araştırılmasını,A
1923bc1f-573a-5e38-b40d-e6dac55168f5,MATEMATIK,"$x$, $y$ ve $z$ birer tam sayı olmak üzere, $|5-|x||=8-y$ ve $|y-z|=6$ eşitlikleri veriliyor. Buna göre $x \cdot y \cdot z$ çarpımının en büyük değeri kaçtır?",252,320,336,400,672,D
ca220c89-89cd-5c78-8f2e-9f79251d4348,MATEMATIK,"$7^{\log_7 x^2} + 5^{\log_5 x^3} = 4 \cdot 7^{\log_7 x^5}$ olduğuna göre, $x$ kaçtır?",3,6,10,18,21,E
b5d26187-3601-55d2-9f30-8f9f91cb54d0,MATEMATIK,"$x, y$ tam sayı ve $x<0<x+y$ $|x+4y|-\sqrt{x^2-4xy+4y^2}+4x=12$ olduğuna göre, $x \cdot y$ en çok kaçtır?",-1,-3,-6,-8,-18,C
1f7f176c-2df0-5a81-aae2-13b348ea0a2b,TURKCE,"I. Kehribar, bir ağacın milyonlarca yılda oluşan reçinesidir. II. Sadece iki ülkede olduğumuzu bildiğimiz ve ileriki yıllarda artık kalmayacağını düşündüğümüz bu malzemenin yurt dışına çıkarılması yasak. III. Bu nedenle doktorların guatr hastalarına kehribar kolyesi tavsiye ettiği bilinir. IV. Bu kadar uzun sürede oluştuğu için fiyatı oldukça yüksek. Yukarıdaki numaralanmış cümlelerin anlamlı bir bütün oluşturması için aşağıdakilerden hangilerinin birbiriyle yer değiştirmesi gerekir?",I. ile III.,II. ile III.,II. ile IV.,II. ile V.,III. ile IV.,D
7c1d1be6-1c8f-58d5-bdb3-21953e1b0005,EDEBIYAT,"Aşağıdakilerden hangisi, Ahmet Haşim ile Tevfik Fikret'in ortak özelliklerinden biri değildir?",Şiiri nesre yaklaştırmaları,Aruzu kusursuz kullanmaları,Divan şiirinden uzak şair anlayışını benimsemeleri,Yeni şekillerle şiirler yazmaları,Şiirlerde Arapça ve Farsça sözcüklere yer vermeleri,A
de782b42-a937-5378-9c54-6a060095b24e,MATEMATIK,"$a$ ve $b$ gerçel sayıları ile ilgili olarak, $a$ sayısı ile $a-b$ sayısının işaretleri aynıdır. $b$ sayısı ile $\frac{a}{b}$ sayısının işaretleri farklıdır. Buna göre, I. $a$ sayısı ile $a-b$ sayısının işareti aynıdır. II. $b$ sayısı ile $a-b$ sayısının işareti aynıdır. III. $b-a$ sayısı ile $b$ sayısının işaretleri farklıdır. ifadelerinden hangileri her zaman doğrudur?",Yalnız I,Yalnız II,Yalnız III,I ve III,II ve III,A
869e11cc-9a78-5ff7-95ac-b9bc6316a742,MATEMATIK,"$x$ ve $y$ ardışık tek pozitif tam sayılar olmak üzere, EBOB(x, y) + EKOK(x, y) $= 35$ olduğuna göre, $x+y$ toplamı kaçtır?",24,18,16,12,10,D
65932b6a-18c3-574d-880b-d3b0348e0885,MATEMATIK,$\frac{35}{7}-4\cdot2+1$ işleminin sonucu kaçtır?,3,4,5,6,7,A
ece09fd2-e2fb-5e5a-9ea2-005d753790de,KIMYA,"$aX_{(g)} + bY_{(g)} \to cZ_{(g)}$ tepkimesi tek basamakta gerçekleşmektedir. - X'in derişimi sabitken Y'nin derişimi 2 katına çıkarıldığında hız 4 katına çıkıyor. - Sabit sıcaklıkta kap hacmi yarıya düşürüldüğünde hız 8 katına çıkıyor. Buna göre, tepkimenin hız denklemi aşağıdakilerden hangisidir?",$k.[X][Y]^2$,$k.[X]^2[Y]$,$k.[X][Y]$,$k.[X]^2[Y]^2$,$k.[X][Y]^3$,A
f63dd357-ac2a-5302-954f-d6a7af54edb5,FIZIK,"Elektromanyetik dalgalarla ilgili,
I. Gama ışınlarının yayılma hızı en büyüktür.
II. Işınların hepsinin dalga boyları eşittir.
III. Görünür ışık, ışık tayfının küçük bir kısmını oluşturur.
yargılarından hangileri doğrudur?",Yalnız I,Yalnız II,Yalnız III,I ve III,II ve III,C
3d25dfb6-7741-5738-9df2-d161ccfa1802,KIMYA,"Arrhenius'a göre sulu çözeltilerine $H^+$ iyonu veren maddeler asit, $OH^-$ iyonu veren maddeler bazdır.
Buna göre, Arrhenius asit - baz tanımına göre aşağıdaki maddelerden hangisinin asit ya da baz özelliği göstermesini açıklamakta yetersiz kalır?",HCl,NaOH,$NH_3$,HCOOH,$H_2SO_4$,C
74b84cb2-b494-54e4-9efc-cfdc5212bb07,BIYOLOJI,"Kraliçe arının yumurta üretimi sırasında gerçekleşen;
I. Kromozom sayısının $2n$'den $n$'e düşmesi
II. İğ ipliklerinin kinetokorlara bağlanması
III. Homolog kromozomların bağımsız ayrılması
olaylarından hangileri erkek arıların sperm üretimi sırasında da görülür?",Yalnız I,Yalnız II,I ve II,I ve III,"I, II ve III",C
e04e7d11-6f1a-5a2b-8f21-c2d4d0cdf182,MATEMATIK,"$3a$ iki basamaklı bir doğal sayıdır. Yukarıda bir kısmı verilen bölme işlemine göre, $a$'nın alabileceği kaç farklı değer vardır?",3,4,5,6,7,C
787396ec-db36-504e-83f5-8c945639c2d6,KIMYA,"X, Y ve Z halojenlerinin elektronegatiflik sıralaması $Y > Z > X$ şeklinde olduğuna göre,
I. Atom yarıçapları $X > Z > Y$'dir.
II. Birinci iyonlaşma enerjileri $Y > Z > X$'tir.
III. Ametalik aktiflikleri $Y > Z > X$'tir.
ifadelerinden hangileri doğrudur?",Yalnız I,I ve II,I ve III,II ve III,"I, II ve III",E
80c91f28-aeed-55e0-bbd6-03218c8f9ada,TURKCE,"I. Orta Çağ'dan itibaren, büyük aşk hikâyelerinin merkez şahısları için ""hero"" yani ""kahraman"" terimi kullanılırken şövalye hikâyelerinde yiğitliğin timsali olan erdemli savaşçılar için anlatım aynı anlamın kastedilmediği bir dönem başlar.
II. Mecnun, Aşık Garip, Werther yahut Anna Karenina'nın birer aşk kahramanı (hero) olması, önümüze çıkan hor kurmaca metin her bir şahsına kahraman muamelesi yapabileceğimizi gösterir.
Bu iki parçayla ilgili olarak aşağıdakilerden hangisi söylenebilir?",Farklı görüşlerin aslında birbirini desteklediğini göstermektedir.,İki farklı konuya ilişkin ortak bir görüş olduğunu vurgulamaktadır.,Aynı olguyu farklı yönleriyle değerlendirip ele almaktadırlar.,Aynı düşünceyi pekiştirmeye yönelik farklı örnekler sunmaktadır.,Farklı üsluplar kullansalar da konuyu benzer nedenlerle açıklamaktadırlar.,C
870aa9fe-b635-59a8-8873-5a731d031b73,MATEMATIK,"$A = \{x \in \mathbb{R} | x^2-4x+4=0\}$
$B = \{x \in \mathbb{R} | x^2-bx+c=0\}$
$A \cup B = \{1,2\}$
olduğuna göre, $c$'nin alabileceği değerler toplamı kaçtır?",-3,-2,-1,2,3,E
4f5a3aab-7389-5a99-9e3c-7581db5f01cf,MATEMATIK,"$P(x) = x^3 + x^2 - 2$ polinomunun $x-1$ ve $x+1$ ile bölümünden kalanlar eşit olduğuna göre, $P$ için aşağıdakilerden hangisi kesinlikle doğrudur?",Çift sayı,Çift doğal sayı,Tek sayı,Tek doğal sayı,Doğal sayı,A
a3607cf6-f840-5f17-b007-d6c9bf0c5d51,MATEMATIK,"Şeker oranı %20 olan 80 gram şekerli suyun yarısı ile şeker oranı %40 olan 120 gram şekerli suyun $\frac{1}{3}$'ü karıştırılıyor. Buna göre, elde edilen yeni karışımın şeker oranı % kaçtır?",24,28,30,32,36,B
2680fbc6-2729-5ba6-ac2d-19f5bc050c1b,MATEMATIK,"$\log_x (\sqrt{x} \cdot y) = 7$ \\ $\log_y \frac{x}{y} = -1$ \\ sistemini sağlayan $(x, y)$ ikilisi aşağıdakilerden hangisidir?","$(4, \frac{1}{4})$","$(4, 16)$","$(32, 64)$","$(4, 64)$","$(\frac{1}{16}, 32)$",D
c4f187e3-46d7-5268-9473-769be4cf92e3,MATEMATIK,"$f(x)=\frac{2}{x}$ eğrisi ile $g(x)=x^2+1$ eğrilerinin kesişme noktasından bu eğrilere çizilen teğet doğrularının eğimleri $m_1$ ve $m_2$ dir. Buna göre, I. $m_1+m_2=0$ dır. II. $m_1 \cdot m_2=-4$ tür. III. Teğetlerin arasındaki dar açının tanjant değeri $\frac{4}{5}$ tür. ifadelerinden hangileri doğrudur?",Yalnız I,Yalnız II,Yalnız III,II ve III,"I, II ve III",D
fd8fdc57-6f1b-5522-b54f-dbc98f450065,BIYOLOJI,"• X bitkisinin iletim demetleri yoktur.
• Y bitkisi, baklagiller familyasındandır.
• Z bitkisinin gerçek çiçekleri olup iletim demetleri gövdede düzensiz dağılmıştır.
• T bitkisinde, yapraklar iğne biçimindedir ve kışın yapraklar dökülmez.
X, Y, Z ve T bitkilerine ait verilen bilgilere göre, bu bitkilerin basitten gelişmişe doğru evrimsel sıralaması nasıl olmalıdır?",X-Y-Z-T,X-Z-Y-T,Y-X-T-Z,X-T-Z-Y,X-T-Y-Z,E
1c4ca8e2-8b40-5447-ac85-faefaf4548fd,MATEMATIK,"Bir okul koridorunda yan yana bulunan A, B, C ve D sınıflarından her birinin kapısı mavi, yeşil, sarı ve turuncu renklerinden biri ile boyanacaktır. Yan yana olan iki sınıfın kapısı aynı renge boyanmayacağına göre, bu boyama işlemi kaç farklı şekilde yapılabilir?",100,108,112,116,120,B
04cdf385-9729-5cd5-8266-678f833a5f44,MATEMATIK,$\sqrt{3}sinx - cosx = 0$ denkleminin köklerinden biri aşağıdakilerden hangisidir?,$\frac{\pi}{18}$,$\frac{\pi}{12}$,$\frac{\pi}{6}$,$\frac{\pi}{3}$,$\frac{\pi}{2}$,C
3fa5399a-91f2-5773-b4f6-fb6dec509c3d,MATEMATIK,"İlk terimi 5, ortak çarpanı 2 olan bir geometrik dizinin ilk 6 teriminin toplamı kaçtır?",305,310,315,320,325,C
8acb830f-d5dc-559a-bf04-2045bbe03d37,KIMYA,"Dışarıdan ısı (enerji) alarak gerçekleşen tepkimelere endotermik tepkime adı verilir.
Buna göre,
hangileri endotermik olaylara örnek olarak verilemez?",Yalnız I,Yalnız II,I ve II,II ve III,"I, II ve III",B
34c7ec3f-ded8-53d5-a080-1ff9d5cc883d,EDEBIYAT,"Anonim halk edebiyatı türleri ile ilgili;
I. Türk halk hikâyelerinin sonunda, genellikle iyiler ödül- lendirilir, kötüler ise ya kırk katır ya da kırk satır cezasına çarptırılır.
II. Çoğu ölçülü, kafiyeli, aliterasyonlu ve cinaslı olan bilmece- ler; ""Manisa'dan Tire'den, şimdi geldi buradan."" örneği gi- bi, birer söz oyunu niteliğindedir.
III. Çağdan çağa ve yöreden yöreye içerik ve şekil olarak deği- şiklikler gösteren ninni; bozlak, hoyrat, kayabaşı gibi isim- lerle de anılırlar.
IV. Ses ve kelime benzerliğinden yararlanılarak oluşturulan tekerlemeler; yarı anlamlı, yarı anlamsız, hoş söyleyişli sözlerdir.
V. Halk fıkralarının en tanınmışları arasında; ""Nasrettin Hoca, Karadeniz (Laz, Temel), İncili Çavuş, Bektaşi"" fıkraları sa- yılabilir.
yargılarından hangileri yanlıştır?",I ve III,II ve IV,II ve V,III ve IV,IV ve V,D
3f12fa90-9b6c-5c87-91f1-5805a58825e7,MATEMATIK,"$2^{a-b} = 3^a = x^b$ eşitliği veriliyor. Buna göre, $6^{a^2-b^2}$ ifadesi aşağıdakilerden hangisine eşittir?",$x^{a^2}$,$x^{b^2}$,$x^{a-2b}$,$x^{2a-2b}$,$x^{a^2-b^2}$,B
f8361f95-c4ba-51b0-a056-8eece1ae9006,GEOMETRI,"Dik koordinat düzleminde denklemi $(x+3)^2+(y-1)^2=r^2$ olan çemberin merkezinden geçen $y=mx+n$ doğrusu, çemberi $(0,-3)$ noktasında kesmektedir. Buna göre, $m \cdot n \cdot r$ kaçtır?",-20,18,24,20,-24,E
608d21ef-13ac-5385-83cd-1e875546deca,MATEMATIK,"Bir öğretmenevinin günlük konaklama ücreti belirlenirken sivillerin, öğretmenlere göre %20 zamlı ödeme yapması kararlaştırılmıştır. Bu öğretmenevinde kalan sivil vatandaş oda ücreti olarak 144 TL ödemiştir. Buna göre, bu öğretmenevinde aynı gün konaklayan bir öğretmen oda ücretine kaç TL ödemiştir?",84,85,92,96,120,E
6756fa72-03dc-5890-b026-1fe7de72b8ab,MATEMATIK,"Deniz ve Eylül, ellerindeki yumurtaları ve her birinin içinde 60 mililitre yağ bulunan şişelerdeki yağları aşağıda verilen sıra ve oran ile karıştırarak birer saç maskesi karışımı elde ediyorlar. Her birinde yalnızca iki çeşit yağın bulunduğu bu iki karışım elde edilirken Deniz 1 şişe argan yağının tamamını, Eylül ise 2 şişe zeytinyağının tamamını kullanmıştır. Buna göre, bu iki karışım için kullanılan toplam yumurta sayısı kaçtır?",4,5,6,7,8,D
0cbb40a8-49f0-54a4-a217-80752b4db489,MATEMATIK,"$(a_n) = \left(1, \frac{1}{2}, \frac{1}{3}, \frac{1}{4}, ...\right)$ dizisinin genel terimi aşağıdakilerden hangisi olabilir?",$\frac{n}{n+1}$,$\frac{n-1}{n}$,$\frac{1}{n-n+1}$,$\frac{1}{n}$,$\frac{1}{n+1}$,D
7b3f5fc1-73cd-519e-b7be-9cac6ed6a8ad,MATEMATIK,"$n$ bir doğal sayı olmak üzere,
$1 - \frac{1}{2} + 2 - \frac{2}{3} + 3 - \frac{3}{4} + ... + n - \frac{2n-1}{2}$
işleminin $n=10$ için değeri kaçtır?",$\frac{11}{2}$,5,$\frac{9}{2}$,4,$\frac{7}{2}$,B
6d26c23c-d982-5548-bd74-4bd81492f926,MATEMATIK,"$f: \mathbb{R}^+ \to \mathbb{R}$ olmak üzere, $f(x) = \log_2x$ fonksiyonu için;
I. $0 < x < 1$ aralığında $f(x) < 0$
II. $x = 37$ için $f$ fonksiyonu $(5, 6)$ aralığında değer alır.
III. $f$ fonksiyonu $(0, 100)$ aralığında $7$ tane değer için pozitif tam sayı değeri alır.
ifadelerinden hangileri daima doğrudur?",Yalnız I,I ve II,II ve III,I ve III,"I, II ve III",B
f7d79411-56bb-5e87-b0fd-562032b09cd3,MATEMATIK,"$(a_n)$ dizisinde $a_2 = 165$ ve her $n$ pozitif tam sayısı için $a_{n+1} + a_n = n^2$ olduğuna göre, $a_{20}$ kaçtır?",6,12,171,288,338,E
27fec0a8-2a93-5b3e-acc3-318ee6602384,KIMYA,"Aşağıdaki tepkime 2 L'lik bir kapta sabit sıcaklıkta 4 mol $N_2O_4$ gazı alınarak başlatılıyor.
$N_2O_4(g) \rightleftharpoons 2NO_2(g)$
Sistem dengeye geldiğinde kapta toplam 7 mol gaz karışımı bulunduğuna göre, tepkimenin aynı sıcaklıkta denge sabitinin $(K_c)$ değeri kaçtır?",9,18,27,36,42,B
8cb70f29-ae4d-5ea3-988c-f589255ef3c4,MATEMATIK,"İşleminin sonucu kaçtır? $(81)^{0,5} \cdot (16)^{\frac{1}{4}} \cdot (125)^{\frac{2}{3}}$",-8,-10,-12,-14,-16,B
68dc2d88-cc50-5eca-adb0-d6a8767f1c2a,MATEMATIK,"$a$ ve $b$ birer gerçek sayı olmak üzere,
$Q(x)=(a-2)x+a+b$
polinomu sıfır polinomu olduğuna göre, $b$ kaçtır?",2,1,0,-2,-4,D
60eae5fc-cc73-5786-ac41-ea79e1132cb5,FIZIK,"Kaldırma kuvveti ile ilgili,
I. Sıvı içindeki bir cisme etki eden kaldırma kuvvetinin büyüklüğü, cismin sıvıya girmesi sebebiyle yer değiştiren sıvının ağırlığına eşittir.
II. Sıvı içindeki bir cisme etki eden kaldırma kuvveti, yer değiştiren sıvının hacmine eşittir.
III. Tamamı sıvı içinde kalan bir cisme etki eden kaldırma kuvveti, hava ortamında iken etki eden kaldırma kuvvetinden büyüktür.
yargılarından hangileri doğrudur?",Yalnız I,Yalnız II,I ve III,II ve III,"I, II ve III",A
1ace8fb4-6e60-565d-ae77-7f051a2e051f,KIMYA,"$X$, $Y$ ve $Z$ elementlerinin elektron dağılımları aşağıdaki gibidir:
$X: 1s^2$
$Y: 1s^22s^2$
$Z: 1s^22s^22p^63s^2$
Buna göre $X$, $Y$ ve $Z$ elementleri ile ilgili;
I. Aynı gruptadırlar.
II. Değerlik elektron sayıları aynıdır.
III. Bileşiklerinde $-2$ değerliklidirler.
yargılarından hangileri doğrudur?",Yalnız II,Yalnız III,I ve II,II ve III,"I, II ve III",C
633726c5-b567-51eb-9323-0a16db4a34d0,MATEMATIK,"Aşağıda, alt kısmı birim karelere göre ölçüm yapan normal bir cetvel verilmiştir. Bu cetvelin üst kısmına, ardışık doğal sayıların karekökleri değerlerine göre yerleştirilmiştir. Alt kısımda her komşu iki sayının arası on eş parçaya, üst kısımda her komşu iki sayının arası dört eş parçaya bölünmüştür. Tunahan bu cetvelle aşağıdaki ölçümü yapmıştır. Buna göre, Tunahan kalemin boyunu kaç cm bulmuştur?",$1.5$,$\frac{3\sqrt{2}}{4}$,$\frac{\sqrt{2}+1}{4}$,$\frac{\sqrt{2}+2}{4}$,$\frac{\sqrt{2}}{4}$,D
264be127-b780-54e6-87ac-d03f2e66937e,MATEMATIK,"$\frac{\pi}{2} < x < \pi$ olmak üzere, $\frac{1 - \cos x}{1 + \sin x} + \frac{1 + \sin x}{1 - \cos x}$ ifadesi aşağıdakilerden hangisine eşittir?",$\frac{1}{\sin x} + \frac{1}{\cos x}$,$\frac{1}{\sin x} - \frac{1}{\cos x}$,$\frac{1}{\sin x \cdot \cos x}$,$2 + \frac{1}{\sin x \cdot \cos x}$,$2 - \frac{1}{\sin x \cdot \cos x}$,C
764c585f-e2af-5677-99f1-0d7172217c45,MATEMATIK,"Aşağıdaki dönme dolabın yarıçapı $10$ metre ve yerden yüksekliği $1$ metredir. Dönme dolap harekete başladıktan $t$ dakika sonra, dönme dolabın en altında bulunan işaretli siyah noktanın yerden yüksekliği metre türünden $h(t) = 11 - 10 \cdot \cos(3t)$ denklemi ile bulunuyor. Buna göre, siyah noktanın yerden $21$ metre yüksekliğe çıkması için en az kaç saniye geçmesi gerekir?",12,15,18,20,24,D
b5b918cf-3341-58b8-9ecb-7c6bc0bf1c1f,EDEBIYAT,"Gazeteci:
(I) ----?
Eleştirmen:
— Eleştirmen kimi dönemlerle özdeşleşmiş edebî eserleri inceleyecekse onlara bu özdeşleşmelerle ilgili olmayan, “yeni” taraflarıyla ilgilenmelidir. Çünkü bu örneklerde eseri değerlendiren, eleştirip birçok yeni niteliklerdir. Ancak bununla birlikte iyi bir eleştiri; eleştirilecek metnin türüne, dönemine, türe ait siyasi ve sosyal arka plana hâkim bir göz tarafından yapılmalıdır.
Gazeteci:
(II) ----?
Eleştirmen:
— Eleştiriye niyetlenen kişi sanat, din, politika, tarih ve biyografi gibi beşerî bilimlerde de yetkin olmalıdır. Eleştirinin amacı edebiyat tarihine kalacak eserlerin seçilmesine yardımcı olmak ve eleştirmen aldığı edebî zevkin teknik açıklamalarını yaparak edebiyat tarihine katkıda bulunan kişi olmalıdır.
Bu diyalogda boş bırakılan yerlere aşağıdakilerden hangisi sırayla getirilmelidir?","(I) Eleştiriye konu olacak metnin özellikle hangi temaları işlemesi gerekmektedir
(II) Bir eleştirmenin edebî zevkin teknik açıklamasını yapması lüzumlu mudur","(I) Eleştirmenin niçin yapıtın ferdi yönlerine odaklanması istenir
(II) Hangi niteliklere sahip edebî eserlerin edebiyat tarihine kalabileceği düşünülür","(I) Eleştiride sanatçının bireysel tercihleriyle eserin ait olduğu devrin etkisi ne ölçüde gözetilmelidir
(II) Edebiyat tarihi bakımından eleştirmenin yaptığı işin önem ve işlevi nedir","(I) Eleştirmenin eserdeki dil özelliklerine bakışı nasıl olmalıdır
(II) Eleştirmenin sosyal bilimlerin hangi alanında yetkin olması beklenir","(I) Hangi nitelikler edebiyat eserlerini benzerlerinden ayırmaktadır
(II) Eleştirinin beşerî bilimlerle ilişkisini belirleyen eleştiri kuramları hangileridir",C
fc273b74-a961-561b-8dd9-7ecfa9feea28,TURKCE,"Binanın etrafını özenli Osmanlı sivil mimarisinin önemli unsurlarından biri olan geniş bir saçak çepeçevre dolaşır. Binanın içine gelince giriş koridorunun sağında bir oda, banyo ve bahçeye kapısı olan bir depo, solunda ise iki oda yer alır. Girişin karşısındaki sekiz basamaklı bir merdivenle ana binanın arka tarafında yer alan ve kav kısmını oluşturan ara kata çıkılır. Buradaki koridorun sağında ve solunda birer oda vardır. Koridordan dar bir girişle daha ufak bir koridora geçilir, bunun da iki tarafında ölçüm aletlerinin bulunduğu penceresiz iki ufak oda bulunur. Bu ufak koridorlardan birinin kapısı ile tarihî sismografların bulunduğu kav kısmını oluşturan büyük salona girilir. Ara kattan ana binanın ikinci katına yine sekiz basamaklı bir merdivenle çıkılır. Bu katta sağda ve solda ikişer oda, ortada ise girişin üstünde ve cepheye nazır ufak bir oda bulutur.

Bu parçanın anlatımıyla ilgili aşağıdakilerden hangisi söylenebilir?",Kişileştirmeye yer verilmiştir.,Birinci kişili anlatım kullanılmıştır.,Betimlemeden yararlanılmıştır.,Benzetme yapılmıştır.,Örneklemeye başvurulmuştur.,C
015b7aad-f02c-5f91-88f7-f7033abe96bf,MATEMATIK,"$A = \{a, b, c\}$ ve $B = \{a, b, c, d\}$ olmak üzere, $A$'dan $B$'ye tanımlı fonksiyonlardan kaç tanesi bire bir değildir?",40,47,50,53,57,A
afa1537f-e7b5-596d-a81a-c636b87d50af,TURKCE,"Biz fark etsek de etmesek de yapay zekâ artık hayatımızın bir parçası. Bu teknoloji sayesinde kendi kendine park eden otomobillere, akıllı sensörlerin yardımıyla çekilen muhteşem fotoğraflara kavuştuk. Benzer şekilde eğitimde de yapay zekânın etkisi gün geçtikçe daha çok hissediliyor ve geleneksel yöntemler büyük ölçüde farklılaşıyor. Eğitimciler, psikologlar ve ebeveynler arasında çocuklarımız için doğru ekran süresi hakkında tartışmalar sürerken eğitimin şeklini ve geleceğini değiştiren yapay zekâ; dünyanın önde gelen ülkelerinde oyunun kurallarını belirlemeye başladı bile. Konuyla ilgili raporlara baktığımızda yapay zekânın eğitimdeki yerinin yakın gelecekte çok büyük oranlara ulaşacağı görülüyor.

Bu parçada yapay zekâyla ilgili aşağıdakilerden hangisine değinilmemiştir?",Bazı sektörlerde insana bağımlılığı azaltacağına,Eğitim alanında daha fazla gelişim gösterdiğine,Çocukların gelişimi üzerinde olumsuz etkilerinin olduğuna,Eğitimde kullanımının öğrenci başarısına katkı sağladığına,Eğitimde alışılagelmiş anlayışlarda değişikliğe yol açtığına,C
842ba61e-bd46-58bc-bcd3-9e0a1f6d3ba3,TARIH,Mısır'da Tolunoğullarından sonra kurulan ve Hicaz bölgesine hâkim olan ilk Türk devleti aşağıdakilerden hangisidir?,İhşidîler,Eyyubîler,Memlükler,Fatımîler,Büveyhoğulları,A
b503a207-153c-50c3-85ea-31b2a3d0c7e6,MATEMATIK,Bir sözcükte harflerin soldan sağa sıralanışıyla sağdan sola sıralanışı aynıysa bu sözcüğe palindrom sözcük denir. MALALAMAK kelimesindeki harflerin yerleri değiştirilerek anlamlı yada anlamsız 9 harfli kaç palindrom sözcük yazılabilir?,4,6,9,12,18,D
61528062-5b61-508d-94f4-4abe17317cdc,BIYOLOJI,"Biyoloji bilimindeki gelişmeler tıp ve ilaç endüstrisine de katkı sağlamaktadır. Biyoteknolojik uygulamalar sayesinde hastalıkların tedavisinde kullanılan aşı, serum, hormon, interferon, enzim gibi maddeler ve ilaçlar üretilmiştir.
Buna göre, biyolojinin
I. çeşitli hastalıkların tedavi edilmesi,
II. üretilmesi zor olan tıbbi maddelerin sentezlenmesi,
III. kalıtsal hastalıkların oluşmasını önlemesi
konularından hangilerine katkı sağladığı söylenebilir?",Yalnız I,Yalnız II,I ve III,II ve III,"I, II ve III",E
4480b11e-fb80-5a1a-b019-0c7be09f591d,TURKCE,"1950'lerde insanı taklit etme konusunda makineleri en çok mizah alanının zorlayacağı söyleniyordu. Neden olarak da komedinin mantıkla kolayca tanımlanamayan, mizahın kültürün muğlak ve çelişik yönlerinin bir örneği olması gösteriliyordu. Ancak günümüzde mizahi ögeler üreten yapay zekâ uygulamaları mevcut. Hatta ünlü bir komedyen gösteri içeriklerini hazırlarken yapay zekâ uygulaması kullandığını itiraf etti. Yapay zekâ uzmanlarından oluşan bir mizah grubu ise insanı yapay zekâ araçlarını kullanan bir robotla karşı karşıya getirerek mizah atışmaları sergiliyor. Tüm bunlar yapay zekânın kullanım alanının genişleyeceğini ve bugün yapay zekâ ile yapılamayacağı düşünülen işlerin yakın bir gelecekte gerçekleştirilebileceğini gösteriyor. Bu parçadan yapay zekâ ile ilgili aşağıdakilerin hangisine ulaşılabilir?",Ürettiği komedi programları ile evrensel bir mizah kültürü oluşturmaya çalışmaktadır.,Gülmece ögeleri hızlı bir şekilde kurgulayarak mizahı rekabet hâline getirmektedir.,Mizah ögeleri üreterek öngörülenin ötesinde bir kullanım alanı olabileceğini göstermektedir.,Geliştirdiği içeriklerle insanlara entelektüel bir mizah anlayışı kazandırmayı amaçlamaktadır.,"Kullanım alanı, insan robot karşılaştırmasına dair sorgulamayı beraberinde getirmektedir.",C
d94a1dc8-0d9f-5266-8996-cdc67aad3ed9,MATEMATIK,"$rac{x}{3} = rac{y}{4} = rac{z}{5}$ ve $2x+3y-4z = -20$ olduğuna göre, $x+y+z$ kaçtır?",60,20,50,30,40,E
8f11bfab-a2f2-5e5d-bd49-60f756732f52,MATEMATIK,$(x-3)^4\over x^2+6 > 0$ eşitsizliğinin çözüm kümesi aşağıdakilerden hangisidir?,$x>3$,$x<3$,$x\ge 3$,$-1<x<3$,$-3\le x<1$,A
d7fd31d6-5610-5baa-9d33-000ca0e5e794,TURKCE,Aşağıdaki altı çizili sözcüklerin hangisi türü bakımından diğerlerinden farklıdır?,"Güzel insanlar, gözle görünmeyeni kalpleriyle açık seçik görebilir.",Tencerenin dibinde bıraktıklarını küçücük bir ekmek parçasıyla topladı.,Firmamızın bu tatlısını yiyen diğer çeşitleri de tatmak isteyecektir.,"Egoist insanlar, tartışılmaz kişiler olduklarını düşünüyorlar.","Ticarette ahlaklı olmak, alanın ve satanın gönül rızasını gerektirir.",A
248c5ed6-cd0a-5de6-9ad6-f3957c107f55,MATEMATIK,"$f(x) = \int_1^x (t^2 + 1)(t^3 + 1)dt$
fonksiyonunun $x = 1$ apsisli noktasındaki teğetinin eğimi kaçtır?",1,2,4,6,8,C
a93729ed-318e-5b07-8e29-2106d191e556,MATEMATIK,"1, 2, 3, 4, 5 ve 6 sayılarının tümü altı tane beyaz kartın her birine, her kartta bir sayı olacak şekilde; 2, 3 ve 4 sayılarının tümü üç kırmızı kartın her birine, her kartta bir sayı olacak şekilde yazılarak tüm kartlar bir kutuya atılıyor.
Buna göre, kutudan rastgele seçilen bir kartın kırmızı renkli veya asal sayı numaralı olma olasılığı kaçtır?",$\frac{1}{4}$,$\frac{1}{3}$,$\frac{1}{2}$,$\frac{2}{3}$,$\frac{3}{4}$,D
70e2f80f-4191-5f73-83e0-a3159a4aada7,TURKCE,"Biraz terle
Derin düşün, derin yaşa
Portakal çiçeği seversen
Direnişin hüzünlere
Nar çiçeklerinin ışıltısına güven
Bu dizelerdeki altı çizili sözcüklerle aşağıdaki belirlemelerden hangisi arasında ilişki kurulamaz?",Köktaş sözcük,Mecaz anlamlı soyutlaşmış sözcük,Gerçek anlamlı soyut sözcük,Hem gerçek hem mecaz anlam taşıyan sözcük,Aynı türde sesteşi olan sözcük,E
445913bd-66dc-50b4-aa08-0a17214993d5,MATEMATIK,$(a_n) = \frac{n^2-n-20}{2n-1}$ dizisinin kaç terimi negatif tam sayıdır?,1,2,3,4,5,B
371a8988-2c07-51c5-9eab-8dc6b7d7addb,MATEMATIK,"Gerçel sayılarda tanımlı $y = f(x)$ fonksiyonu $f(x) = \log_5 x - \log_2$ biçiminde tanımlanıyor. $f(x)$ fonksiyonunun $y = x$ doğrusuna göre simetriği $g(x)$ fonksiyonu olduğuna göre, $g(1)$ kaçtır?",$-\log 5$,$-\log 2$,1,$\log 2$,$\log 5$,E
482ab179-43f1-5c4d-9b45-91f05abb02ae,MATEMATIK,$\frac{\sqrt[3]{2^6} \cdot \sqrt[6]{3^{10}}}{\sqrt[3]{125}}$ işleminin sonucu kaçtır?,$-2$,$-1$,$\frac{1}{2}$,$1$,$2$,D
aebffd2f-091e-53c6-8396-615ad474ba5a,TURKCE,"Tarih boyunca Ankara ve çevresinde yaşananlar, bu şehrin önemini de ortaya koymakta aslında. Ankara'nın Cumhuriyet öncesinde de güçlü bir birikimi var. Selçuklu'dan başlamak üzere Ankara bir edebî muhite dönüşüyor. Hacı Bayram-ı Veli'den itibaren güçlü bir tasavvuf edebiyatı gözlemleniyor. Pek çok divan şairi ve halk şairi yetiştiriyor Ankara. Ama şehrin edebî muhit olarak esas itibarıyla gelişimi Cumhuriyet ile gerçekleşiyor. Başkent seçilmesi, Meclisin burada bulunması, bürokratik kurumların varlığı, okullar, TDK, TTK, Halkevi, Türk Ocağı gibi kurumlar şehrin muhit yönünü besliyor. Bütün bu gelişmeler ışığında da Ankara'dan pek çok şair ve yazar gelip geçiyor. Neticede ----.
Bu parçada boş bırakılan yere düşüncenin akışına göre gelmesi gereken en uygun ifade aşağıdakilerden hangisi olamaz?","Ankara'nın yetiştirdiği, Ankara'daki okullardan mezun yüzlerce şair ve yazar var hayatımızda.","Türkiye'nin ekonomisi Ankara'dan atılan imza ve yapılan hamlelerle yönetiliyor, geliştiriliyor.","İsmi Ankara ile özdeşleşmiş şair ve yazarlardan Orhan Veli ve arkadaşları, Cahit Sıtkı, Ahmet Muhip, Sezai Karakoç, Cemal Süreya vb.leri gelir aklımıza.","Bunlar, Ankara'nın edebiyat ortamını şekillendirip şehrin edebî muhit oluşuna katkı sağlıyorlar.","Edebiyat tarihimizde ""Hisarcılar"" olarak nitelendirdiğimiz topluluk da bu mahfilde ortaya çıkıyor.",B
66479d17-8894-5359-8b74-45934a76a2ff,KIMYA,"Sülfürik asitle ilgili;
I. Suda iyi çözünen kuvvetli bir asittir.
II. Dumanlı asit olarak bilinir.
III. Son derece koroziftir.
ifadelerinden hangileri doğrudur?",Yalnız I,Yalnız III,I ve II,I ve III,"I, II ve III",E
3851a6a9-cc89-54da-8d9a-b970303f64ea,MATEMATIK,"Dizilerin hangileri sabit dizidir?
I. $(a_n) = \{\sqrt{5}\}$
II. $(b_n) = \{\sin(n\pi)\}$
III. $(c_n) = \{\cos\left(\frac{n\pi}{2}\right)\}$",Yalnız I,Yalnız II,Yalnız III,I ve II,"I, II ve III",D
324434d9-8846-5230-ab4b-c73e74fc4cdb,MATEMATIK,$(4-\sqrt{15})^x \cdot (4+\sqrt{15})^x = 8$ denkleminin kökler çarpımı kaçtır?,-16,-9,-4,-2,-1,E
5c504482-f22d-59c0-ad75-221d689d533e,MATEMATIK,"$\sqrt[4]{4 + \log_x x} + \sqrt{\log_x x} = 4$ $a^x = 2^{10}$ olduğuna göre, $a$ sayısı kaçtır?",2,3,4,9,16,E
ad4641c0-7477-53ea-8ce0-a7aaf9bef248,MATEMATIK,limitinin değeri kaçtır? $\lim_{x \to -3} \frac{|x^2 - 9|}{x + 3}$,-3,-2,-1,0,2,D
412d1efe-22ab-53cb-8580-080b52bf894d,TURKCE,"Türkçenin şiir diline akseden estetiği ve ifade kudreti; seki zinci asırda taşlara hakkedilen Orhun Kitabeleri'ndeki dilin inceliği ve kıvraklığı ile şekillenip on ikinci asırda Türkistan'ın piri Ahmet Yesevi'nin hikmetlerinde çağlamağa, on üçün cü yüzyılın gönül şairi Yunus'un ilahilerindeki aşk çilesin de nurlanmaya başlar. Akın, fikirin, tefekkürün vecdeyle yı kanmış, yüklenmiş bu ili, dünü, dilin din estetik yapısı ve ifa de kudreli, özellikle dinî-tasavvufi halk şiiri ve Dede Korkut Hikâyeleri'nde bütün haşmetiyle edebiyat tarihine mührü nü basar. Türkçe olmadan Türk-İslâm kültür ve medeniyeti, edebî dil olmadan da Türk edebiyatı düşünülemez, yaşanı lamaz, yaşatılamaz. Bu parçada asıl anlatılmak istenen aşağıdakilerden hangisidir?","İnsan topluluklarını bir yığın olmaktan kurtarıp edebiya tıyla, kültür ve medeniyetiyle şuurlu bir millet hâline ge tiren vasıta işlenmiş dildir.","Ahmet Yesevi, Türk diline hikmetleriyle estetik bir ifade kazandırarak onu edebî dil hâline getirmiştir.","Şiir dili, günlük hayattan farklı olarak anlam, çağrışım ve ses değeriyle farklı bir dildir.","Dinî-tasavvufi halk şiiri ve Dede Korkut Hikâyeleri, Türk edebiyatının temel taşıdır.","Türk dilinin estetik yapısı, manevi değerlerle birleşerek Türk edebiyatını vücuda getirmiştir.",E
c1f4b9d8-79f4-512a-959b-9488327532cc,MATEMATIK,"$f(x) = x^2 + 6x + m - 4$ parabolü her $x$ gerçek sayısı için $f(x) \ge 0$ eşitsizliğini sağlamaktadır. Buna göre, $m$'nin en küçük tam sayı değeri kaçtır?",13,12,11,10,9,A
779f1010-bbac-51d4-a4f5-698b512fffb5,TURKCE,Aşağıdakilerin hangisinde bir sözcükte çekim eki ya da yapım ekinden önce kullanılmıştır?,O yıllarda babam manavlık yapardı.,Yine toplantıya hazırlanmadan gelmişsin.,Sahnedeki başarısı yine göz kamaştırdı.,Her hafta düzenli olarak bizleri ziyaret ederdi.,Hafta sonlarını çiftlik evinde geçiriyordu.,C
0147fed4-d22b-5803-9f0e-560e9b6fdeda,EDEBIYAT,"• Faruk Nafiz Çamlıbel'in ---- adlı tiyatro eseri, Atatürk hakkında yazılmış güzel bir oyundur. Bu oyunda Atatürk, o devirde yazılmış romanlarda da görüldüğü gibi, kişileri mücadeleye iten, canlandırıcı bir güç olarak işlenir. Atatürk, bu oyunda sahneye çıkmaz, onun varlığını başka kişiler üzerindeki tesiriyle hissederiz. • Halit Fahri Ozansoy'un tiyatro eserleri olarak vermiştir. Yazar ---- eseriyle diğer türlerin yanında tiyatro eserlerinin de olduğunu göstermektedir. • Türk edebiyatının tanınmış isimlerinden Ahmet Kutsi Tecer, yazdığı oyun ve şiirleriyle tanınıyor. Tecer'in en önemli oyunlarından biri olan ---- eseri son günlerde sıkça araştırılan konular arasındadır. • Türk tiyatro tarihinde adı klasikler arasında geçen ----, 1965 yılında Cevat Fehmi Başkut tarafından kaleme alınmıştır. Ayrıca, kitap hâlinde yayımlanan bu çalışma özgün adıyla ve Deli Deli Küpeli adlarıyla sinema filmi olarak çevrildi. Aşağıdaki tiyatro eserlerinden hangisi, yukarıdaki açıklamalarla birbiriyle eşleşemez?",Kahraman,Sönen Kandiller,Gölgeler,Köşebaşı,Buzlar Çözülmeden,C
86c30743-48df-5654-88bc-aaa145d42d76,MATEMATIK,"a, b, c ve d sıfırdan farklı rakamlar olmak üzere a,c ve b,d ondalıklı sayılardır. $ \frac{a,c}{b,d} = 14 $ eşitliğini sağladığına göre, $a \cdot b$ çarpımının alabileceği en büyük tam sayı değeri kaçtır?",20,30,42,56,72,C
ad3a1c00-7d65-5fd6-a527-ca3b1ced42ee,MATEMATIK,"$n$ elemanlı bir kümenin $r$ li bütün kombinasyonlarının sayısı $C(n, r)$ ile gösterildiğine göre, $C(n, 0) + C(n, 6) = 3 \cdot C(n, n-1)$ eşitliğinde $n$ kaç olmalıdır?",4,5,6,7,8,D
78a64fdc-8641-522d-bed5-b1f8428f0452,KIMYA,"6A grubunda olduğu bilinen X elementi aşağıda- ki taneciklerden hangilerini oluşturamaz? ($H: 1A, O: 6A$)",$H_2X$,$XO$,$XO_3^{2-}$,$XO_4^{2-}$,$XO_2^{-}$,B
4e2f0d6e-f91f-56b7-8082-16830c3d0de1,BIYOLOJI,"İnsan vücudunda gametler hariç diğer hücrelerin çekirdeklerinde yer alan kromozom sayısı ve kromozomlardaki nükleotit dizilimleri aynıdır. Bir diğer ifadeyle vücudumuzdaki tüm hücrelerin kalıtsal yapısı aynıdır.
Hücrelerin kalıtsal yapısının aynı olmasına rağmen işlevlerinin ve şekillerinin farklı olmasını;
I. çekirdekteki DNA'nın mitokondrideki DNA'dan farklı olması,
II. fiziksel ortamın hücrelerin şeklini etkilemesi,
III. farklı genlerin aktif olması
faktörlerinden hangileri belirler?",Yalnız I,Yalnız III,I ve II,II ve III,"I, II ve III",B
aeee8ece-2884-52e7-9c03-62dd381119c4,MATEMATIK,"$x, y, z$ üçgeninin iç açıları ise $x+y+z=180^\circ$ dir. arccot(-3) = $x+y=180^\circ-z$ olur. arccot(-3) = $180^\circ-z$ ise $-3 = \cot(180^\circ-z)$ olur. $-3 = -\cot z$ ise $\cot z$ kaçtır?",1,2,3,4,5,C
68b512af-13cf-54b8-bfd6-4ef43d3bb6ab,MATEMATIK,"120 metre yükseklikten bırakılan bir top yere çarptıktan sonra her seferinde bir önceki yüksekliğinin yarısı kadar yükselmektedir. Buna göre, top dördüncü kez yere çarptıktan sonra kaç metre yükselir?","7,5",15,30,60,75,A
f0e2f59c-0891-50bf-bd39-5ecd9ecc0c9c,MATEMATIK,"Bir tavuk çiftliği, dikdörtgen şeklindeki bir arazinin üzerine inşa edilecektir.
Bu arazinin bir kenarı diğer kenarından 20 metre daha uzun olup bu arazinin genişliği $|x - 75| \le 5$ eşitsizliği ile belirlenmiştir.
Buna göre bu arazinin çevresinin en geniş değişim aralığı aşağıdakilerden hangisidir?","[320, 360]","[320, 380]","[300, 380]","[340, 380]","[340, 360]",C
39cb806b-eb91-5ef0-b75b-db1a654deb8e,KIMYA,Yağlı tohumların parçalanıp preslenme ve ekstraksiyon işlemlerinden sonra kalan kısmına verilen ad aşağıdakilerden hangisinde doğru olarak verilmiştir?,Pirina,Vinterize,Riviera,Rafine,Degum,A
e487912d-de29-5962-8966-ee78c1bee2a8,MATEMATIK,"$f(x)=\log_3(x-2a)$ fonksiyonu veriliyor.
$f(3)=2$ olduğuna göre, $a$ kaçtır?",-4,-3,-1,2,3,B
7274c266-df5e-546e-8167-1aadc1582b31,MATEMATIK,"a sıfırdan farklı bir gerçek sayı olmak üzere, gerçek sayılar kümesi üzerinde tanımlı f ve g fonksiyonları için, $\lim_{x \to a} \frac{f(x)}{x-a} = \lim_{x \to a} g(x) = a$ eşitliği veriliyor. Buna göre, I. $f(2) = g(1)$. II. $\lim_{x \to a} [f(3-x) + g(4-3x)] = 2a$. III. $\lim_{x \to a} \frac{f(x)}{g(x-1)+1} = a$. ifadelerinden hangileri daima doğrudur?",Yalnız I,Yalnız II,I ve II,II ve III,I ve III,B
8645a05a-d8fd-5456-adcf-309f40dc8c52,MATEMATIK,"$P(x)$ bir polinom olmak üzere, $P'(x) + P(x) = x^2 - 4$ olduğuna göre, $P'(1)$ kaçtır?",-2,-4,0,2,4,C
171f7eae-1a33-548e-b3a0-7542bba5f0eb,MATEMATIK,"$f(x) = \int_{B(x)}^{A(x)} g(t)dt$ olmak üzere $f'(x) = A'(x) \cdot g(A(x)) - B'(x) \cdot g(B(x))$ şeklinde bulunur. $f(x) = \int_{1}^{x^2-1} \frac{t-3}{t+2} dt$ olduğuna göre, I. $f$ fonksiyonunun $x=-2$ noktasında yerel minimumu vardır. II. $f$ fonksiyonu, $(0,1)$ aralığında artandır. III. $f$ fonksiyonu, $[-3,-2]$ aralığında azalandır. ifadelerinden hangileri doğrudur?",I ve II,I ve III,Yalnız III,Yalnız I,II ve III,A
8fb07172-b915-57ce-b730-1da22f4914b5,TURKCE,"Bu eser, insanın içine taş gibi oturan öykülerle dolu olmasıyla ayrı bir yere sahip. Çoğunda olaylar doğrudan anlatılmıyor, en çok da bu hikâyeler, didaktik olmaktan uzağına düşmekten kurtuluyor. Yazarın öykülerindeki bazı noktaları kendince birleştiren okur, metne dâhil olarak yine kendince anlamlar üretiyor. Anlatılan öyküler içimizden birilerinin hikâyesi olduğundan olur, günün sonunun biriye sık sık yaşattığı haksızlığa uğramışlık duygusunu okuruna hissettiriyor.
Aşağıdakilerden hangisi bu parçada söz edilen öykülerin bir özelliği değildir?",Etkileyicilik,Yoruma açıklık,Yaşanmışlık,Farklılık,Yol göstericilik,E
c98a1e56-44b5-5690-bc60-99624e18202d,MATEMATIK,"İzmir otogarında bulunan 99 yolcu beş farklı güzergâha hareket eden dolmuşlardan birine kesinlikle binecektir. Dolmuşlar ve taşıdıkları yolcu sayıları ile ilgili aşağıdakiler bilinmektedir.
• Karşıyaka yönüne giden dolmuşa 19 kişi binmiştir.
• En çok yolcu Buca yönüne giden dolmuşa binerken, en az yolcu Pınarbaşı yönüne giden dolmuşa binmiştir.
• Bornova yönüne giden dolmuşa binen yolcu sayısı, Yeşilyurt yönüne giden dolmuşa binen yolcu sayısına eşittir.
Buna göre, Buca yönüne giden dolmuşa en az kaç yolcu binmiştir?",27,25,24,23,22,D
5c8d5ddc-28c7-566c-9820-f43d6d1ceb0d,MATEMATIK,"Bir okulun A sınıfındaki öğrenciler ile ilgili,
• Silgisi olan kızların sayısı, silgisi olan erkeklerin sayısının 3 katıdır.
• Silgisi olmayan erkeklerin sayısı, silgisi olmayan kızların sayısının $\frac{1}{3}$'üdür.
• Bir erkek öğrenci silgisini, silgisi olmayan bir kız öğrenciye verince; silgisi olan kız öğrencilerin sayısı, silgisi olan erkek öğrencilerin sayısının 4 katının 2 fazlasına eşit oluyor.
Buna göre, A sınıfının mevcudu en az kaçtır?",9,10,11,12,16,C
2ce4a6cf-c4c0-566a-b737-1823eeb0cf0e,TURKCE,"Gazeteci: (I) --- Profesör: - Ahmet Hamdi Tanpınar'ın şiirleri ölçülü, uyaklı sağlam şiirler. Ne bir kelimesini çıkarabilirsiniz ne de bir kelimesini değiştirebilirsiniz. Ayrıca ilk kelimesinden son kelimesine kadar gelişen, bir bütünü oluşan şiirler. Örneğin ""Bir Gül Bu Karanlıklarda"" şiirini okuyun. Bu şiirdeki dörtlükler, halk edebiyatının dörtlükleri değildir. Bir konuyu geliştirir. Şiirin dörtlükere verdiği sıra, gerekli, bütünü geliştiren bir sıradır. Son kuşak şairlerinin şiirlerinde ise çok defa bu yok. Gazeteci: (II) --- Profesör: - Ahmet Hamdi Tanpınar'ın Ahmet Haşim'in yanında ustalaştığı daha başka şairler de olmuştur. Ayrıca Tanpınar, düzyazılarından daha açık anlaşılacağı gibi, Ahmet Haşim'den ayrı bir dünya görüşüne, bir düşünce eğitimine ulaşmıştır. Tanpınar'ın şiirdeki ustalarından ayıran taraf, düzyazılarında açıkça görülen düşünür kişiliğidir. Bu diyalogda boş bırakılan yerlere aşağıdakilerden hangisi sırasıyla getirilmelidir?",(I) Ahmet Hamdi Tanpınar'ın şiirlerinde beğendiğiniz yönler neler? (II) Etkilendiği şahsiyetlerin Tanpınar üzerinde ne gibi bir etkisi olmuştur?,(I) Ahmet Hamdi Tanpınar'ın şiirleri hakkında kısaca bilgi verir misiniz? (II) Tanpınar üzerinde Ahmet Haşim'in etkisi var mıdır?,(I) Ahmet Hamdi Tanpınar'ın en çok sevdiğiniz şiiri hangisi? (II) Ahmet Haşim'den başka Ahmet Hamdi Tanpınar'ın etkilendiği şahsiyetler var mı?,(I) Tanpınar ile son kuşak şairlerini karşılaştırdığınızda neler söylersiniz? (II) Ahmet Hamdi Tanpınar'ın etkilendiği şahsiyetler ve onlardan farkı nedir?,(I) Sizce Tanpınar'ı önemli kılan özellikler neler? (II) Ahmet Hamdi Tanpınar'ın ustaları hakkında kısaca bilgi verir misiniz?,A
ec4e5128-4adc-5430-b635-c32e10565a3a,EDEBIYAT,"I. John Steinbeck'in bu romanında George ve Lennie kişilik olarak iki zıt karakter olduğu hâlde aralarındaki imrenilecek dostlukla dikkat çeker.
II. Stendhal'a ait bu romanın başkahramanı özgürlüğüne düşkün, romantik ve sıra dışı bir soylu olan Fabrice Del Dongo'dur.
III. Balzac bu romanında, yaşlı bir adamın, kızları Delphine ve Anastasia'nın mutlulukları için gösterdiği çabalar ve bir pansiyon odasındaki hazin hayatını anlatır.
IV. Ünlü Rus sanatçı Gogol, Çiçikov'un dolaştığı bölgelerde karşılaştığı insanlar üzerinden Rus toplumunu ve bozuk düzeni eleştirir.
V. Romantizmin ünlü eseri, uzun süren pranga mahkumiyetinden sonra tahliye edilen Jean Valjean'ın toplum tarafından dışlanmasını anlatır.
Aşağıdaki eserlerden hangisi numaralanmış yerlerden herhangi biriyle eşleştirilemez?",Fareler ve İnsanlar,Parma Manastırı,Goriot Baba,Ölü Canlar,Kızıl ve Kara,E
62a27927-904a-5c48-b772-71a478cf6649,MATEMATIK,"I. İlk Dünya Kupası 1930 yılında Uruguay'da düzenlenmiştir.
II. Dünya Kupası'nın 4 yılda bir oynanması kararlaştırılmış fakat 1938'de Fransa'da düzenlenen Dünya Kupası'ndan sonra II. Dünya Savaşı nedeniyle organizasyon iptal edilmiştir.
III. II. Dünya Savaşı'nın sona ermesinden sonra 1950 yılında Brezilya'da Dünya Kupası düzenlenmiştir.
Buna göre, Dünya Kupası hangi yıllarda düzenlenmemiştir?",1940 ve 1944,1941 ve 1945,1942 ve 1946,1943 ve 1947,1944 ve 1948,C
0399b24c-11b4-528a-8324-9eaac59d456e,MATEMATIK,"$x, y \in \mathbb{R}^+$ ve $x \neq 1$ olmak üzere, ""$\Delta$"" işlemi $x \Delta y = \log_x y$ şeklinde tanımlanıyor. Buna göre, $(2 \Delta 8) \Delta (4 \Delta 64)$ işleminin sonucu kaçtır?",1,2,3,4,5,A
238b2fba-3f2c-53fe-8219-41a577dd3662,KIMYA,Fonksiyonel grubu olan bileşikler ve bileşiklerin özellikleri ile ilgili aşağıdaki ifadelerden hangisi yanlıştır?,$\square$OH bileşiği sekonder alkoldür.,Eterler polarlığı az olduğu için organik maddeler için iyi çözücüdür.,"Aldehitler, ketonlar, karboksilik asitler ve esterler karbonil grubu içerirler.",Aldehitler indirgendiğinde primer alkol oluşur.,Etanoik asit ve metil alkolün tepkimesinden etil metanoat oluşur.,D
2f5f8f84-a77b-5982-afdd-0efbf62cf9af,TURKCE,"I. Hem başkalarından hem de kendinizden daha iyi olmaya çalışın.
II. Doğru şeyleri yapmak için her zaman doğru zamanı bulunuz.
III. İdeallerimi korurum çünkü her şeye rağmen insanların yüreklerinde hâlâ iyi olduklarına inanırım.
IV. İnsanlar hayatın tek amacının sevinmek olduğunu düşünmezlerse mutlu olabilirler.
V. Başarılı olduğunuzda her zaman mutlu olursunuz.
Yukarıdaki numaralanmış cümlelerin hangisinde hem sıfat-fiil hem isim-fiil vardır?",I,II,III,IV,V,D
bb4ce489-10ca-541a-b017-b4acbb8af811,TARIH,"Çağdaş medeniyetler seviyesine çıkmak isteyen yeni Türkiye Devleti uzun süre çok partili hayata geçememiştir. Bu durumun nedeni olarak;
I. demokrasi bilincinin toplumda tam olarak yerleşmemiş olması,
II. ülkenin geleceği konusunda görüş ayrılıklarının olması,
III. etnik ve dinî taleplerin siyasallaşması
ifadelerinden hangileri gösterilebilir?",Yalnız I,Yalnız II,I ve II,I ve III,"I, II ve III",E
aa52e00c-da1a-51ef-8a83-6f7b5538df60,MATEMATIK,"$x$ ve $y$ pozitif doğal sayılar olmak üzere, EBOB($2x$, $y$) > EBOB($x$, $y$) ve EBOB($3x$, $y$) > EBOB($x$, $y$) olduğuna göre, I. $x$ sayısı $2$ ile tam bölünemez. II. $y$ sayısı $2$ ile tam bölünebilir. III. $y$ sayısı $3$ ile tam bölünebilir. önermelerinden hangileri kesinlikle doğrudur? (EBOB($a$, $b$): $a$ ve $b$ sayılarının en büyük ortak böleni)",Yalnız I,I ve II,I ve III,II ve III,Yalnız II,E
53a5a085-0cbe-5b9c-bcee-aec727be0566,EDEBIYAT,"Aşağıdakilerin hangisinde, boş bırakılan yere, ayraçta belirtilen sanatçı getirilemez?","Tevfik Fikret'in Rübâb-ı Şikeste'sini Kırık Saz adıyla sadeleştiren ----, Fahriye Abla, Kar, Olvido, Serenad şiirleriyle bilinir. (Ahmet Muhip Dıranas)","Şiirini ""zaman rüya, hayal"" üçgeninde kuran, ---- Ne İçindeyim Zamanın, Bursa'da Zaman şiirleriyle tanınır. (Ahmet Hamdi Tanpınar)","""Memleket edebiyatı""nın önemli şairlerinden ---- Bingöl Çobanları'nı, Faruk Nafiz'in Çoban Çeşmesi'nden etkilenerek yazmıştır. (Kemalettin Kamu)","Aşık Veysel'i keşfedip edebiyatımıza tanıtan ----, Ağaç şiirinin de, Anadolu halkının yalnızlık ve çaresizliğini anlatır. (Cahit Külebi)","Bu Vatan Kimin? şiiriyle bilinen ----, âşık tarzına uygun, çoğunlukla ulusal konuları işleyen lirik şiirler yazar. (Orhan Şaik Gökyay)",D
222cf1ee-c1de-5eeb-8e76-0a34fbe7259e,MATEMATIK,"$\frac{a}{b} - \frac{b}{a} = \sqrt{5}+\sqrt{6}$ eşitliği veriliyor.
Buna göre, $a^2-b^2$ kaçtır?",$3$,$9$,$18$,$27$,$36$,E
2eced9d4-68ce-50f3-a6c8-aa8eae85eca3,MATEMATIK,"$x$ dar açı olmak üzere, $\left[\frac{\sin(90^\circ-x)}{\cos(270^\circ+x)}+\frac{\sin^{-1}}{\sin(90^\circ+x)}\right]^{-1}\cdot\sec(90^\circ+x)$ ifadesinin eşit aşağıdakilerden hangisidir?",$\cos x$,$-\cos x$,$\sin x$,$-\sin x$,1,B
b5f367c1-d7b5-584a-8085-0594d2d4755f,MATEMATIK,"Arif bir tarife, yaş mısırın kurutulduğunda ağırlığının %20 oranında azaldığını, kurutulmuş mısırın patlatıldığında ağırlığının %10 oranında azaldığını okumuştur. Sonra, bu oranlara uygun olarak $720 \text{ gram}$ patlamış mısır elde etmek için yeterli miktarda yaş mısır satın almıştır.
Arif, aldığı yaş mısırın tamamını kurutup patlattıktan sonra istediği miktardan daha az patlamış mısır elde etmiş ve bu durumun tarifteki bir hatadan kaynaklandığını, %20 olarak yazılan oranın aslında %30 olması gerektiğini fark etmiştir.
Buna göre, Arif'in elde ettiği patlamış mısır miktarı kaç gramdır?",630,640,660,680,690,B
2279b65a-decb-52bb-837f-1bcfa873eb99,MATEMATIK,$(a_n) = (-n^2 + 9n - 5)$ dizisinin en büyük terimi kaçtır?,12,13,14,15,16,D
a9dcf091-6a3f-56f3-9b28-d78d86f46739,KIMYA,"$CS_{2(g)} + 4H_{2(g)} \rightleftharpoons CH_{4(g)} + 2H_{2}S_{(g)}$ Yukarıda verilen tepkimenin $T^{\circ}C$'de derişimlere bağlı denge sabiti ($K_c$) 8'dir. 1 litrelik kapta aynı sıcaklıkta 2 mol $CS_2$, 1 mol $H_2$, 2 mol $CH_4$ ve 1 mol $H_2S$ gazları bulunmaktadır. Buna göre; I. Tepkime dengeye ulaşırken kaptaki molekül sayısı artar. II. Tepkime ürünler yönüne ilerler. III. Tepkime dengeye ulaştığında kapta 2 molden fazla $CS_2$ gazı vardır. ifadelerinden hangileri doğrudur?",Yalnız I,Yalnız II,I ve II,I ve III,"I, II ve III",B
829e2539-1943-59fe-962a-ed9d56e57e35,MATEMATIK,"İçlerinde Aslı ve Ladin'in bulunduğu 7 kişi bankada işlem yaptırmak için kuyrukta beklemektedirler. Buna göre, kuyrukta Aslı'nın Ladin'den önde olup aralarında 3 kişi olma olasılığı kaçtır?",1/3,1/5,1/7,1/14,1/20,D
74823782-175f-534e-9e41-5c704bb72c8d,MATEMATIK,"Bir satıcı bir ürünü %20 kâr ile 240 TL'ye başka bir ürünü %12 zararla 264 TL'ye satıyor. Satıcı kâr ettiği üründen 2 tane, zarar ettiği üründen 3 tane sattığında toplam kâr ya da zarar durumu aşağıdakilerden hangisi gibi olur?",28 TL kâr,12 TL kâr,28 TL zarar,12 TL zarar,Kâr-zarar yoktur,D
1c30541e-104e-5a51-a824-4da0c3cfecef,TURKCE,"(I) Rüya görmemizin temel işlevlerinden birisi şuuraltımızın uyanıklık durumunda çözemediği bazı yaşamsal sorunlar üzerinde aralıksız çalışmasına izin vermektir. (II) Bu tür bir zaman olmasa, bizlerde ağır zihinsel gerilimler ortaya çıkar. (III) Zor bir zaman yaşadıktan sonra, daha fazla uykuya ihtiyaç duyduğumuzu fark etmişizdir. (IV) Bir anlamda uyku zamanlarımız sorunlardan kaçmaktan çok, şuuraltımızın o sorunu çözme zamanıdır da diyebiliriz. (V) Rüyalar, gelecekle ilgili alametler olarak da kullanılabilmektedir. Bunun en saf hâli, ilk Çağ'ın kuluçka inkübatörü yöntemine benzeyen istiare geleneğinde görülür. (VI) Kişi bu yolla, bir sorunun cevabını, bir ikilemin çözümünü öğrenmeyi ummaktadır.
Bu parça iki paragrafa ayrılmak istense ikinci paragraf numaralanmış cümlelerin hangisiyle başlar?",I,II,III,IV,V,E
7e00f9ec-7e70-53b0-a1ab-5ac4d4bb939c,TURKCE,"Modernist romanda değişime en çok uğrayan unsurların başında roman algısı gelir. Romancı; romanı bireyin iç âlemine, belleğine ya da bilinçaltına aktararak bu kavramı yeni bir boyut kazandırmıştır. Modernist romancı zamanı, insanı değil zaman; insanı, insanın bilincine taşımıştır. Burada Freud, Jung, Adler gibi psikanalistlerin ortaya koyduğu araştırma verileri, Einstein'ın görecelik ilkesi, Max Planck'ın kuantum kuramı, Bergson'un sezgicilik kuramı, 20. yüzyıl romanındaki zaman algısının değişiminde geniş oranda etkili olmuştur demek hatalı olmayacaktır. ---- Bu parçanın sonuna düşüncenin akışına göre aşağıdakilerden hangisi getirilmelidir?","Geçtiğimiz yüzyıla kadar görevi bazı araştırmacılar, Rönesans'la başlayarak 18. yüzyılın içine alan döneme ""Modernizm"" demiştir.",Somut dünyanın gerçeğine öykünmekten ve onu araştırmaktan uzak duran modernist sanatçı için hiçbir şey sanat kadar önemli değildir.,"Modernist romanın kahramanların iç dünyasına yönelmesi, toplumsal temaları yok saymasına neden olmuştur.","Bunlara bağlı olarak modernist romanın öne çıkardığı bireyin bilincinde ve bilinçaltında yeni algılar, yeni bakış açıları ortaya çıkmıştır.","Postmodern romanın öncülerinden Alain Robbe-Grillet, karmaşık yapıdaki roman kurgusuyla okurun kafasına karıştırmıştır.",D
c9f74f9a-5127-5ac0-bec0-8984e002f02b,MATEMATIK,"$n$ pozitif tam sayı olmak üzere, $f_n(x) = x^n + 3$ şeklinde tanımlanan $f_n$ fonksiyonları tanımlanıyor. Örneğin, $f_1(x) = x^1 + 3$, $f_2(x) = x^2 + 3$ dir. Buna göre, $(f_1 \circ f_2 \circ f_3 \circ ... \circ f_{n-1})(2)$ ifadesinin değeri kaçtır?",$2^n$,$2^{2n}$,$2^{3n}$,$2^{n^2}$,$2$,A
0cac064c-6e2f-5f1f-a5a5-c95e5a40c6d2,TURKCE,"Prangalarla uğraşan çingenelerin kızgın perçinleri soğuttukları su kovası önünde durdu ve kırmızı baretasını çıkarıp aylardan beri ilk kez tatlı suyla ölü yüzünü yıkamaya başladı. Kazıttığı kafasında bıraktığı bir tutam saçı büküp suyunu sıktıktan sonra gömleğini çıkarıp kurulandı. Cenk yaralarıyla dolu göğsü posteki gibi kıllıydı ve iman tahtasının üzerindeki kıllara renk renk cam boncuklarla birkaç inci özenle düğümlenmişti. Yüzünü kurularken, aşağıya sarkıp gözlerini neredeyse örten gür kaşlarını parmağıyla sıvazlayıp düzeltti. Bu parçanın anlatımında aşağıdakilerden yararlanılmıştır?",Öyküleme - tartışma,Öyküleme - betimleme,Betimleme - açıklama,Betimleme - örnekleme,Betimleme - tasarlama,B
462488a5-a7fb-5fe8-8c8f-1ee4a2645f36,MATEMATIK,İşleminin sonucu kaçtır? $\frac{\sqrt[3]{2} \cdot \sqrt[4]{2}}{\sqrt[12]{2}}$,$\sqrt[4]{2}$,$\sqrt[3]{2}$,$2$,$2\sqrt[3]{2}$,$2\sqrt[4]{2}$,C
16fa34e3-fb94-5edc-a9d6-750852735194,MATEMATIK,"$a$, $2$'den büyük bir tam sayı olmak üzere, aşağıdaki tabloda bir otobüs firmasına ait üç farklı güzergâhın haftalık sefer sayısı ve bu seferlerde seyahat eden haftalık toplam yolcu sayıları verilmiştir. Aynı güzergâha ait yapılan tüm seferlerde seyahat eden yolcu sayısı aynıdır. Buna göre,
I. En çok sefer Van - İzmir güzergâhına aittir.
II. Seyahat eden haftalık toplam yolcu sayısı en çok Van - İzmir güzergâhındadır.
III. Herhangi bir güzergâhta bir seferde seyahat eden yolcu sayısı en az Van - Ankara güzergâhındadır.
ifadelerinden hangileri her zaman doğrudur?",Yalnız I,Yalnız II,I ve III,II ve III,"I, II ve III",C
28d825c5-4095-5b0b-9494-819a5e170f28,MATEMATIK,"$a \cdot b^5 > 0$, $b^3 \cdot c < 0$, $a \cdot c < 0$ eşitsizlikleri veriliyor. Buna göre $a, b$ ve $c$ sayılarının işaretleri sırasıyla aşağıdakilerden hangisidir?","+, +, +","-, -, +","+, -, +","+, -, -","-, +, -",D
6e6c5915-f681-5366-bd9d-76abb6afc7c8,MATEMATIK,"Gerçel sayılarda tanımı $f$ fonksiyonu, $f(x) = \begin{cases} 3x-4 & x < 2 \\ 2x+b & x \ge 2 \end{cases}$ biçiminde tanımlanıyor. $\lim_{x \to 2} f(x) = 4$ olduğuna göre, $a \cdot b$ çarpımı kaçtır?",-4,-2,0,2,4,C
294996be-ef76-5be4-ae8a-0e8f2229876a,MATEMATIK,$\frac{a \cdot \sqrt{a} - b \cdot \sqrt{b}}{\sqrt{a} - \sqrt{b}} - \sqrt{ab}$ ifadesinin en sade hâli aşağıdakilerden hangisine eşittir?,$a+b$,$a-b$,$2a+b$,$a+2b$,$2ab$,A
c52e67c0-9484-5c38-b1ff-647614f00be7,MATEMATIK,"$f:\mathbb{R}\to\mathbb{R}^{+}$ olmak üzere, $f(x)=\left(\frac{3m-4}{2}\right)^{(n-2)^x}$ fonksiyonu tanımlanmıştır. $f(x)$ pozitif tanımlı artan bir fonksiyon olduğuna göre, $m+n$ toplamının alabileceği en küçük tam sayı değeri kaçtır?",1,2,3,4,5,E
a566f4e0-a912-56e9-a721-c4985b6c2bea,FIZIK,"$X$ gezegeninin yüzeyindeki kütle çekim ivmesi $4g$, $Y$ gezegeninin yüzeyindeki kütle çekim ivmesi ise $2g$'dir.
$X$ gezegeninin yüzeyindeki bir kayanın ağırlığı $100m.g$ ise, bu kayanın $Y$ gezegeninin yüzeyindeki ağırlığı ve kütlesi aşağıdakilerden hangisidir?","50m.g, 25m","50m, 50m","50m.g, 100m","25m.g, 25m","100m.g, 50m",C
303c764e-74f7-5396-8692-3ee006bb90b3,KIMYA,"10,1 gram $KNO_3$ bileşiği ile ilgili olarak aşağıdaki ifadelerden hangileri yanlıştır?
(K: 39, O: 16, N: 14, Avogadro sayısı = $6,02 \times 10^{23}$)
A) 1,4 gram N içerir.
B) $6,02 \times 10^{22}$ tane K atomu içerir.
C) 0,5 mol atom içerir.
D) 0,3 mol O atomu içerir.
E) Normal koşullarda 2,24 L hacim kaplar.","1,4 gram N içerir.","$6,02 \times 10^{22}$ tane K atomu içerir.","0,5 mol atom içerir.","0,3 mol O atomu içerir.","Normal koşullarda 2,24 L hacim kaplar.",E
fb3cfafb-7992-5a5f-b8b5-60600b8c4aaf,MATEMATIK,"Çerez tabağı hazırlayan bir garson tabağa,
• 200 gram fındık
• 100 gram kaju
• 50 gram badem
• 50 gram fıstık
• $x$ gram leblebi
koyduğunda tabaktaki leblebi miktarı tabaktaki çerezin ağırlığının %20'sini oluşturuyor.
Buna göre, $x$ kaçtır?",80,100,120,150,200,B
c2ed4591-9d0b-556c-aba3-b568a95136d6,MATEMATIK,"Bir çiftlikteki atların yaşları asal sayı olup, yaşlarının çarpımı 504'tür. Buna göre, çiftlikteki atların yaşlarının aritmetik ortalaması kaçtır?",3 yıl 2 ay,3 yıl 3 ay,3 yıl 6 ay,4 yıl 2 ay,4 yıl 4 ay,C
cb4d8c2a-5d98-5b24-b3b3-baa535ca580d,MATEMATIK,"Bir diyet programı ile kilo verenler, verdikleri her 1 kg için sabit miktarda yağ yakmaktadır. 120 kg ağırlığındaki Aysu ile ağırlıkları toplamı 120 kg olan Betül ve Cihan bu diyet programını uyguladığında üçü de aynı kiloya düşmüş olup Aysu 7 kg, Betül ve Cihan ise toplam 2 kg yağ yakmıştır.
Buna göre, bu üç kişiden herhangi birinin son durumdaki ağırlığının rakamları toplamı kaçtır?",5,6,7,8,10,D
d6b27a8e-ba88-5c39-9a51-a405d2acf146,KIMYA,"$X(k) + HNO_3(suda) \longrightarrow XNO_3(suda) + 1/2H_2(g)$ Yukarıdaki denkleme göre 51 gram X metali yeterince $HNO_3$ içeren sulu çözelti ile tepkimeye girdiğinde NK'da 6,72 L hacim kaplayan $H_2$ gazı oluşuyor. Buna göre, I. X yarı soy metal olabilir. II. X'in atom kütlesi 85 g/mol'dür. III. Tepkimede 0,3 mol $HNO_3$ harcanmıştır. yargılarından hangileri doğrudur?",Yalnız II,Yalnız III,I ve II,I ve III,"I, II ve III",A
dffd3739-8577-52df-8097-ba0d100fa927,MATEMATIK,"$(10, 10, 11, 9, 12, 8, ...)$ dizisinde tek numaralı indise sahip terimler $1$ artarken çift numaralı indise sahip terimler $1$ azalmaktadır. Buna göre, $a_{40} + a_{39}$ toplamı kaçtır?",30,22,20,12,10,C
9fe97112-c3b5-5794-afca-dc607b1fcddd,KIMYA,Kuantum sayıları ile ilgili aşağıdaki ifadelerden hangisi yanlıştır?,d orbitalleri üçüncü enerji düzeyinden itibaren başlar.,Dördüncü enerji düzeyinde en fazla 32 elektron bulunabilir.,Manyetik kuantum sayısındaki ($+$) işaretli orbitaldeki manyetik alanla dış manyatik alanın birbirini kuvvetlendirdiğini ifade eder.,3p orbitalinde bulunan elektronun açısal momentum kuantum sayısı 1'dir.,$m_l = 3$ olan bir orbitalin bulunabileceği en düşük enerji katmanda en fazla 3 farklı tür orbital bulunabilir.,E
333f0a32-a486-5a53-987f-b1ade22f4fb4,KIMYA,"$N_{2(g)} + 3H_{2(g)} \longrightarrow 2NH_{3(g)}$ tepkimesine göre, $6,8$ gram $NH_3$ oluşurken $18,4$ kJ ısı açığa çıkıyor. Buna göre, tepkimenin entalpi değişimi kaç kJ dir? ($NH_3$: $17$)",-46,+46,-92,+92,-184,C
1157cf5e-7315-597a-b63d-33695ee3adba,BIYOLOJI,"Mayoz bölünmenin profaz evresinde, eşlenmiş durumdaki homolog kromozomların bir araya gelmesiyle ""tetrat"" oluşumu gerçekleşir.

Buna göre, bir hücredeki tetrat sayısı aşağıdakilerden hangisine eşit olmalıdır?",İnterfaz evresindeki kromatin iplik sayısına,Üreme hücrelerindeki kromozom sayısının üç katına,Çekirdekteki diploid kromozom sayısına,Bölünme sonucunda oluşacak hücre sayısına,Üreme hücrelerindeki kromozom sayısına,E
eddbff68-8dba-550b-b4e4-39442b6a745f,KIMYA,"Oda koşullarında
$I^-(suda) + H_2O(s) \rightleftharpoons HI(suda) + OH^-(suda)$ tepkimesi gerçekleşmezken
$F^-(suda) + H_2O(s) \rightleftharpoons HF(suda) + OH^-(suda)$ tepkimesi gerçekleşebilir.
Buna göre,
I. $I^-$ iyonunun proton alıcısı davranamamasının sebebi HI'nın kuvvetli asit olmasından kaynaklanır.
II. $F^-$ iyonunun suya karşı baz davranmasının sebebi HF'nin zayıf asit olmasından kaynaklanır.
III. HF'nin asitlik sabiti ($K_a$) HI'nın asitlik sabitinden küçüktür.
ifadelerinden hangileri doğrudur?",Yalnız I,Yalnız II,I ve II,I ve III,"I, II ve III",C
1308b754-d491-56db-a00c-e17778202c28,TURKCE,"I. Bir yazma eserde ilk bakışta ters gelen veya yazımı yanlış görünen bir kelimenin yazım şekline elbette itiraz edilebilir.
II. Metnin tamamı incelendiğinde anlamadığımız, bilmediğimiz bir konuyla bağlantısı karşımıza çıkabilmektedir.
III. Ancak böyle bir itirazı veya yanlış yazım düşüncesini saklı tutarak öncelikle kelimenin metindeki yazım şeklinin arkasında bir hikâye, bir kıssa ya da kültür ögesi olup olmadığı irdelenmelidir.
IV. Bu nedenle de metin okumalarında öncelikle mevcut yazım şeklinin okunuş ihtimallerinin iyice araştırılması ve doğru anlaşılması gerekir.
V. Daha sonra da okumalardan hiçbirinin metne uymaması durumunda olabilecek yanlış yazım ihtimallerinin üzerinde durulması gerekiyor.
Bu cümlelerin anlamlı bir bütün oluşturabilmesi için hangi ikisi yer değiştirmelidir?",I ve II,I ve III,II ve III,III ve IV,IV ve V,D
57ea3da8-0c6c-5e90-a1cd-d49076e63f2a,FIZIK,"Bir dalga leğeninin ortasına, yüksekliği sabit bir musluktan damlalar hâlinde su akıtılıyor.
Musluktan birim zamanda düşen damla sayısı zamanla artırılırsa dalgaların,
I. Hızı,
II. Frekansı,
III. Dalga boyu
değişkenlerinden hangileri değişir?
(Su derinliğindeki artış ihmal edilecek.)",Yalnız I,Yalnız II,Yalnız III,I ve II,II ve III,E
d16dc54e-dc61-5148-8e97-dcd7a5702afe,MATEMATIK,"A, B ve C kaplarında sırasıyla 50, 10 ve $x$ lt sıvı vardır.
A ve C kaplarından bir miktar sıvı B kabına dökülerek üç kaptaki sıvı miktarının eşit olması sağlanıyor.
C kabından B kabına dökülen sıvı miktarı, A kabından B kabına dökülen sıvı miktarının iki katıdır.
Buna göre, $x$ kaçtır?",80,75,70,65,60,A
27738c1c-c36c-5792-9134-8896650f8f01,TARIH,"Anadolu'nun dinî ve iktisadi hayatında önemli yeri olan Gaziyan-ı Rum, Ahiyan-ı Rum, Abdalan-ı Rum ve Bacıyan-ı Rum gibi zümreler, Rumeli'nin fethinden sonra gönüllü olarak bölgenin İslamlaşmasını ve imarını sağlamıştır. Fethedilen bölgelerde, boş topraklar üzerinde tekke ve zaviyeler kuran dervişler sonradan kurulacak köylerin ve şehirlerin çekirdeğini oluşturmuşlar, Anadolu'dan gelen nüfus kitleleri ve iskânını organize etmişlerdir. Bu parçadaki verilen bilgiye göre aşağıdakilerden hangisi doğrudur?",Anadolu'nun yurt olarak edinilmesinde göçebelerin etkisi olmuştur.,Fethedilen şehirlerin imarı ve kalkınması konusunda yardımcı kuvvetlerin etkisi olmuştur.,İslamiyet'in Anadolu'nun büyük bir kısmına yayılması Osmanlı Beyliği'nin katkılarıyla olmuştur.,Göçebe Türkmenler ağırlıklı olarak Anadolu'nun orta kısmına yerleştirilerek tarım ile uğraşmıştır.,Osmanlı ordusunun tamamı gönüllü birliklerden oluşmuştur.,B
9c7a14e3-5351-517d-9f95-fc2738f7c50d,TURKCE,"Yazınsal gösterge bilim sistematik ve tutarlı bir okuma modeli sunmakla ve bir metnin yüzeysel ve derin yapılarının incelenmesine fırsat vermektedir. Bu tür inceleme aracılığıyla herhangi bir metinde yüzeysel yapıda görülen anlatısal, betimsel ve izleksel bileşenleri ve derin yapıda bulunan evrensel anlam kategorilerini tespit etmek mümkündür. Bir metne farklı ve değişik şekilde yaklaşılabilir ve her okunuşta aynı metinde anlamın yeni yüzleri keşfedilebilir. Buna rağmen her metinde sadece bir tek anlam bulunmaktadır. Fakat bu anlam, yüzeysinden sıyrılıp alınabilecek yalınkat bir yorum değildir. Tam tersine metnin görünmeyen, soyut katmanlarından somut, biçimsel, yazılı ve sözsel katmanlarına çıkan çok yönlü ve çok zengin bir tek anlamdır. Bu parçadan aşağıdaki yargıların hangisine ulaşılabilir?","Bir metnin anlamı, genelde yüzeysel bir yaklaşımla gözler önüne serilebilir.",Metindeki anlam tek olmakla birlikte çok boyutludur.,"Yazınsal gösterge bilim, metnin sadece yüzeysel unsurlarının ele alınmasına olanak tanır.",Bir metne tek bir bakış açısıyla yaklaşılmalıdır.,Metnin anlamı çoğunlukla bir çırpıda tespit edilebilir.,B
8ee852ec-5651-5054-ada2-5867b240b02e,MATEMATIK,"$n$ pozitif tam sayı olmak üzere,
$|x+n|+|x-n|+|x-2n|$
ifadesinin en küçük değeri 45 olduğuna göre, $n$ kaçtır?",15,13,11,9,7,A
3ad540cf-3e1d-5dea-bef5-f1dd0323c694,MATEMATIK,"$f: \mathbb{R} \to \mathbb{R}$ olmak üzere, $f(x) = \begin{cases} 1, & \sin x - \cos x > 0 \\ 0, & \sin x - \cos x = 0 \\ -1, & \sin x - \cos x < 0 \end{cases}$ şeklinde bir $f$ fonksiyonu tanımlanıyor. $x \in [0, 13\pi]$ aralığında $f$ fonksiyonunun grafiğinde, esas periyodu aynı olan kaç tane özdeş şekil oluşur?",39,26,13,6,3,C
e5d7396a-6d59-5ebf-b6e0-8ca98995665f,MATEMATIK,"$a$ ve $b$ tamsayılar olmak üzere, $Q(x) = x+b$ polinomunun kökü aynı zamanda $P(x) = x^2+ax-2-b$ polinomunun da köküdür.
$P(2) = 0$ olduğuna göre, $a+b$ toplamı kaçtır?",$-6$,$-1$,$0$,$2$,$4$,C
f07d2226-df9f-5598-80b4-a905c6ea4ff3,MATEMATIK,"$A = \{1, 2, 3, 4, 5, 6\}$ kümesindeki rakamlardan birbirinden farklı rastgele iki tanesi seçiliyor. Seçilen rakamların çarpımının çift sayı olduğu bilindiğine göre, bu rakamların toplamının da çift sayı olma olasılığı kaçtır?",1/2,1/3,1/4,1/5,1/6,D
f5f6a2cc-c89b-55ef-8458-1b363fa71295,MATEMATIK,"Gül yıkadığı eşit sayıdaki çarşaf ve yastık kılıfını doğrusal olan boş bir çamaşır ipine tek sıra hâlinde asmıştır. Elindeki yeterli sayıda mandal olmadığı için yan yana bulunan her iki çamaşırın mandallarından biri ortak olacak şekilde asan Gül, her bir çarşaf için 4 mandal, her bir yastık kılıfı için 3 mandal kullanmıştır. Gül, bu giysileri asmak için toplam 71 mandal kullandığına göre, çamaşır ipine toplam kaç çarşaf asmıştır?",10,11,12,13,14,B
0d955a88-c6a6-5663-95fd-509aa2abf185,MATEMATIK,"$a$ ve $b$ aralarında asal pozitif sayılar olmak üzere, $\frac{a+b}{a-b} = \frac{11}{5}$ eşitliği veriliyor. Buna göre, $3a-2b$ işleminin sonucu kaçtır?",18,20,22,24,26,D
3b9526c3-75de-51a1-a047-f582c64fadd7,MATEMATIK,"$f: \mathbb{Z} \to \mathbb{Z}$ fonksiyonu
$f(x) = \begin{cases} 2x - 5, & x \text{ tek ise} \\ |f(x - 1)|, & x \text{ çift ise} \end{cases}$
biçiminde tanımlanıyor.
Buna göre, $f(8) + f(9)$ toplamı kaçtır?",10,12,14,16,18,B
71f26a1f-3939-5c47-b672-01e2052a291d,MATEMATIK,"Dik koordinat düzleminde $A(a,b)$ noktasının; $B(3,0)$ noktasına göre simetriği C noktası, y-eksenine göre simetriği ise D noktasıdır. C ve D noktalarından geçen doğrunun denklemi $y = -x - 1$ olduğuna göre $a+b$ toplamı kaçtır?",7,13,15,19,24,D
f7934d7b-66c5-5326-9fdb-fc936aecfe38,MATEMATIK,$4^{12}-8^8+16^6+64^4$ işleminin sonucu aşağıdakilerden hangisidir?,$2^{18}$,$2^{20}$,$2^{22}$,$2^{24}$,$2^{26}$,B
623e8dbd-1209-5813-9eab-56a5277126c2,KIMYA,"HCN ve HF zayıf asitlerinin asitlik sabitleri ($K_a$) aşağıda verilmiştir. HCN için $K_a = 6.10^{-10}$, HF için $K_a = 6.10^{-4}$. Buna göre; I. HF, HCN'den daha kuvvetli bir asittir. II. Eşit derişimli çözeltilerinde HCN'nin pH değeri daha büyüktür. III. Eşit derişimli çözeltilerinde HF'nin iyonlaşma yüzdesi daha küçüktür. İfadelerinden hangileri yanlıştır?",Yalnız I,Yalnız III,I ve II,I ve III,"I, II ve III",B
8b831d7a-2427-5c08-a393-347914f5e6a2,MATEMATIK,"$\log_a b = \log_b a$ olduğuna göre, $\log_3 b$ ifadesinin $a$ ve $b$ türünden eşiti aşağıdakilerden hangisidir?",$\frac{a}{b}$,$\frac{b}{a}$,$\log_b a$,$2\log_b a$,$\log_b a^2$,C
089a5a86-fff4-5af7-86e5-c09bed00a3f2,KIMYA,"Maddenin iç yapısı değişerek yeni bir madde oluşmasına kimyasal değişim denir.
Buna göre;
I. betonun donması,
II. sütten tereyağı eldesi,
III. gökkuşağı oluşumu,
IV. buğdaydan un elde edilmesi,
V. ham petrolden mazot eldesi
olaylarından hangisi kimyasal değişimdir?",I,II,III,IV,V,B
9d6049be-7dc5-598a-abc2-2a4ffe103896,KIMYA,Aşağıdaki bileşiklerden hangisinin IUPAC'a göre adı yanlış verilmiştir?,$CH_3-C \equiv C-CH_2-CH_2-CH_2-Br$ 5-bromo-2-pentin,$CH_2CH_3-CH=C-CH_2-CH_3$ 4-etinil-5-hekzin,$CH_3-CH-C \equiv C-CH_2-CH-CH_3$ $CH_3$ $Br$ 6-bromo-2-metil-3-heptin,$CH \equiv C-C \equiv CH$ bütadien,$CH_3-CH-C \equiv C-CH-CH_3$ $Cl$ $CH_3$ 2-kloro-5-metil-3-hekzin,D
c5002255-d429-5f1c-8ac4-ec6212b66082,MATEMATIK,Bir işi 36 günde yapan bir işçi bu işin yarısını kaç günde yapar?,9,12,16,18,24,D
4276e638-5690-5ad7-ad23-4b3c96dcd6cb,KIMYA,"$X_2$ ve $Y_2$ elementleri arasında tam verimle gerçekleşen bileşik oluşumu ile ilgili aşağıdaki bilgiler veriliyor. Eşit molde $X_2$ ve $Y_2$ alındığında $Y_2$'den artma oluyor. Eşit kütlede $X_2$ ve $Y_2$ alındığında ise $X_2$'den artma oluyor. Buna göre, I. Bileşiğin formülü $XY_2$ olabilir. II. $Y$'nin atom kütlesi $X$'ten büyüktür. III. Bileşikteki $X$'in kütlece yüzdesi $Y$'den büyüktür. yargılarından hangileri yanlıştır?",Yalnız I,Yalnız II,Yalnız III,I ve III,II ve III,E
a3e7c342-88a5-5bb6-a2c3-1d924c6d498f,MATEMATIK,"$f(x) = \begin{cases} x^2-1, & x<1 \text{ ise} \\ -1, & x=1 \text{ ise} \\ x-n, & x>1 \text{ ise} \end{cases}$ biçiminde tanımlanan $f(x)$ fonksiyonu her $x \in \mathbb{R}$ için limitli olduğuna göre, $n$ kaçtır?",-2,-1,0,1,2,D
9f26ad98-40da-550a-ba27-2e0ba9e76e71,MATEMATIK,"$\sin x + \cos x = \frac{1}{2}$ olduğuna göre, $\tan x + \cot x$ toplamı kaçtır?",-3,-\frac{8}{3},-\frac{7}{3},-2,-\frac{5}{3},B
920bc35f-a399-541a-bf50-4038d4433987,MATEMATIK,"Aşağıdaki tabloda, bir okuldaki sınıf seviyeleri, sayıları ve bu sınıflarda bulunan toplam öğrenci sayıları cebirsel ifadelerle gösterilmiştir. Her kademe sınıflarda kendi içinde eşit sayıda öğrenci vardır. $x$, 3'ten büyük bir tam sayı olduğuna göre; A, B ve D sayılarının sıralaması aşağıdakilerden hangisidir?",B < D < C < A,D < C < A < B,A < B < C < D,B < D < A < C,D < A < B < C,D
cb999189-c281-5eaa-8105-7083440c51e6,MATEMATIK,"Selim, Pascal üçgenini yazıp $10^1$ sayısının kuvvetlerini o satırda bulunan en soldaki $1$ rakamının dışındaki rakamların hemen sonuna ""$0$"" yazarak oluşturabileceğini fark etmiş. Arada kalan iki basamaklı sayıların sonuna ""$0$"" yazılmayacaktır. Selim bu işlemi $10^5$'e kadar aşağıdaki gibi yapmıştır. Kuralı en çok $10^7$'ye kadar kullanabildiğini fark eden Selim, $10^7$'ye eşit olan sayının değerinin bu sayının tam ortasında bulunan rakama bölümünden kalanı kaç olarak bulur?",0,1,2,3,4,B
a221ad2f-dc76-56a7-8b15-d93549ba33d7,TURKCE,"Eğer cebinde akrep var diyorsanız birinin cimri olduğunu uzun uzadıya anlatmanıza gerek yoktur. Aynı biçimde görmüş geçirmiş sözü, yaşadığınız kişinin çok tecrübeli olduğunu veya iyi günler yaşadığını belirtmekte işinizi kolaylaştırır. Biri için bol keseden atmak deyimi insanların ona olan güvenini artırırken ninoğluğun elemaniz insanları ondan uzaklaştıracaktır. Paraya kıymak sözünü kullandığınızdaysa insanların gözünde savurgan bir kişilik canlanacaktır. Bu parçada numaralanmış sözlerden hangisi yanlış kullanılmıştır?",I,II,III,IV,V,E
28a1ca96-6f11-5483-8dd1-8ac01324df4a,TARIH,"Tarihçi Gibbons, ""Osman Gazi etrafına bir ırk toplamış, Orhan Gazi devlet vücuda getirmiş fakat imparatorluğu Murad Hüdavendigâr kurmuştur."" demiştir.
Buna göre aşağıdakilerden hangisinin Murad Hüdavendigâr Dönemi'ne ait gelişmelerden biri olduğu söylenemez?",Kazaskerlik makamının kurulması,Tımar sisteminin uygulamaya konulması,Rumeli Beylerbeyliği'nin kurulması,Devşirme sisteminin uygulanması,Devletin bağımsızlığını ilan ederek akçe bastırması,E
4bbe849a-3d86-5f74-b0fe-6015c7380011,GEOMETRI,"Şekilde ABC, DEC, FCG, RHG ve TGS eşkenar üçgenler. $|ADI = 8$ cm ve $|TSI = 1$ cm dir. Yukarıdaki verilere göre, $|BC|$ kaç cm dir?",15,16,18,21,25,B
fbd1cc15-ec43-5221-87ec-6b7e1b5f5086,MATEMATIK,"$(a_n)$ sabit olmayan bir aritmetik dizi ve $r$, bu dizinin ortak farkı olmak üzere, $a_1=2-r$ ve $a_5=a_3 \cdot a_1$ olduğuna göre, $a_4$ kaçtır?",4,6,8,10,12,D
5befc6ee-cfa1-58cb-bad4-056aa93f947a,KIMYA,"Aşağıdaki moleküllerden hangisi kalıcı dipollüğe sahiptir?
($_{1}$H, $_{5}$B, $_{6}$C, $_{7}$N, $_{8}$O, $_{9}$F, $_{16}$S, $_{17}$Cl)",CCl$_4$,CS$_2$,O$_2$,NH$_3$,BF$_3$,D
4878ba3b-d2ca-573b-9f4f-3e73e956951c,KIMYA,"$X^{a-}: ... 2p^6$
$Y^{b+}: ... 3p^6$
$Z^{c-}: ... 3p^6$
Yukarıda elektron dizilişleri verilen taneciklerde a, b, c değerleri sırasıyla hangisinde doğru verilmiştir?","1, 21, 6","1, 15, 6","1, 15, 18","2, 15, 6","2, 21, 6",B
34df1c26-5dfe-5226-bfb7-e0594119cf5a,MATEMATIK,"Gerçel sayıların alt kümesi üzerinde tanımlı ve türevlenebilen $f$ ve $g$ fonksiyonları için $f(x) = \frac{g(x)}{x}$ eşitliği veriliyor. $g'(1) = 2$, $g(1) = 3$ Buna göre $f'(1)$ değeri kaçtır?",4,6,8,10,12,B
85a7495b-3b8f-5e98-8265-5bf7d3d790f8,KIMYA,"6 mol HCl gazı 1 litrelik kapta, $2HCl_{(g)} \rightleftharpoons H_{2(g)} + Cl_{2(g)}$ tepkimesine göre ayrılarak dengeye ulaşıyor. Buna göre, dengedeki $H_2$ nin mol sayısı kaçtır? ($K_c = 4$)","0,6","1,2","1,8","2,4","4,8",D
18c60df3-c253-5d0c-bfb8-afb415255dc0,KIMYA,"$XO_4^{3-}$ iyonunda toplam 50 elektron vardır.
Buna göre, X elementinin periyodik sistemdeki yeri aşağıdakilerden hangisidir? ($_8$O)",2. periyot 5A,2. periyot 6A,3. periyot 5A,3. periyot 6A,4. periyot 2A,C
3e7c5d8f-ed76-5973-89b5-9ba680f388ed,KIMYA,"$Zn_{(k)} + 2Ag^+_{(suda)} \rightarrow Zn^{2+}_{(suda)} + 2Ag_{(k)}$
tepkimesi için,
I. $Zn$ yükseltgendir.
II. $Ag^+$ iyonu indirgenmiştir.
III. 1 mol $Zn$ 2 mol elektron vermiştir.
yargılarından hangileri doğrudur?",Yalnız I,Yalnız II,I ve II,I ve III,II ve III,E
8e71ef6d-04ea-5132-9525-3612bf6bfa77,MATEMATIK,"Herhangi üçü doğrusal olmayan 7 tane nokta ile;
a) Kaç farklı doğru çizilir?
b) Kaç farklı üçgen oluşturulur?",a) 21 b) 35,a) 21 b) 30,a) 28 b) 35,a) 28 b) 30,a) 35 b) 21,A
a80dd710-1750-5641-9055-1e86064b4a40,FIZIK,"Mehmet, sabit derinlikli bir dalga leğeninde özdeş $K_1$ ve $K_2$ kaynaklarını aynı anda çalıştırarak leğende girişim deseni oluşturduğunda desende n tane dalga katarı gözlemliyor.
Buna göre Mehmet;
I. kaynaklar arasındaki uzaklığı artırmak,
II. kaynakların periyotlarını eşit miktarda azaltmak,
III. leğendeki su derinliğini artırmak
eyemlerinden hangilerini yaparsa desende oluşan dalga katarı sayısını artırabilir?",Yalnız I,Yalnız II,I ve III,II ve III,"I, II ve III",E
75eded48-dc80-5bb2-8db7-32395770d04f,MATEMATIK,"$z > y > x$ ve $x=a$, $y=b-a$, $z=2a$ olmak üzere, $x, y$ ve $z$ ardışık üç çift sayıdır. Buna göre, I. $a+1$, $2a-1$, $b-1$ II. $a-1$, $a+1$, $b-3$ III. $2a+1$, $b+1$, $3a+1$ sayı gruplarından hangileri ardışık üç tek sayı grubu oluşturur?",Yalnız I,Yalnız II,I ve II,Yalnız III,"I, II ve III",A
a78e1f29-a864-57ce-b1ca-8e41e192975d,FIZIK,"Bir ince kenarlı merceğin önüne yerleştirilen farklı renkli A, B, C toplarının görüntüleri, merceğin diğer tarafında şekildeki gibi oluşmaktadır. Buna göre A, B, C toplarının renkleri hangisi olabilir?","Sarı, Mavi, Kırmızı","Sarı, Mavi, Sarı","Kırmızı, Mavi, Sarı","Mavi, Kırmızı, Sarı","Kırmızı, Sarı, Mavi",C
a21e3222-2601-5d68-b5ac-0437b0b5dcee,MATEMATIK,"$(a + 3)x + 16y + 1 = 0$
$x + (a - 3)y + 4 = 0$
denklem sisteminin çözüm kümesi bir elemanlı olduğuna göre $a$'nın alamayacağı değerler çarpımı kaçtır?",-36,-25,-16,-9,-4,B
a5ba1732-5a31-5d2f-b841-07b5e34624ae,MATEMATIK,$\frac{x^2-xy+y-x}{x^2-y^2}$ ifadesinin en sade hâli aşağıdakilerden hangisidir?,$\frac{x-1}{x-y}$,$\frac{x+1}{x-y}$,$\frac{x-1}{x+y}$,$\frac{x+1}{x+y}$,$\frac{y+x}{x-y}$,C
320b1d3a-04b0-5a48-896c-0ad78cc6b0a4,KIMYA,"$NH_3$ ile $CH_4$ tanecikleri ile ilgili,
I. Merkez atomun hibritleşme türü
II. Molekül geometrisi
III. Sigma bağları oluşturan örtüşen orbital türleri
verilenlerden hangileri aynıdır? ($_{1}H, _{6}C, _{7}N$)",Yalnız I,Yalnız II,Yalnız III,I ve III,II ve III,A
8f467cd2-4f76-5ada-9780-ca86dc6bf9b6,MATEMATIK,$$1 - \frac{2}{1 - \frac{3}{x-3}}$$ ifadesini tanımsız yapan $x$ değerlerinin toplamı kaçtır?,3,6,9,12,15,D
c6a2fd1e-53ab-5543-8456-f9f9cdc450b3,MATEMATIK,"$(x+3)^3 = x^3 + ax^2 + bx + c$ eşitliğini sağlayan a, b, c gerçek sayıları için $\frac{b+c}{a}$ ifadesinin değeri kaçtır?",1,2,3,6,8,D
13d049ce-b22d-53d0-853a-201f39513467,MATEMATIK,"$x^2 - \log^2(2^a) + \log^2 2 \cdot \log a = 0$ denkleminin kökleri $x_1$ ve $x_2$ dir. $2x_1 + x_2 = 2$ olduğuna göre, $a$'nın alabileceği değerler çarpımı kaçtır?",$125\sqrt{3}$,$125\sqrt{2}$,125,$25\sqrt{2}$,$25\sqrt{3}$,B
f3b48b6a-70a8-59e6-9bb0-06e2db4dcb89,MATEMATIK,"$f(x) = 2^{x-3}$ ve $g(x) = 2^x - 2$ fonksiyonları verilmiştir. $(fog^{-1})(a) = 128$ eşitliğine göre, $a$ değeri kaçtır?",5,4,3,2,1,E
f68dca77-50c4-51d5-a582-0c55c549a5b2,TURKCE,"Babam, tarih okumamı salık verirdi her defasında. ""Tarih okuduğunda Türk iradesinin ne demek olduğunu göreceksin."" derdi. Doğup büyüdüğümüz Çubuk Ovası'nın bile nice savaşlar gördüğünü anlatırdı. Gençlerin sadece ""an"" denilen mefhumu takip kalması boyunca çok şey görmüş bir adamın özlemleri üzerdi. Babamdan aldığım bu ders sonucu olsa gerek, tarih okumak, tarihi yerleri görmek hep en büyük meşguliyetim olmuştur.
Bu parçada ""görmek"" sözcüğü aşağıdaki anlamlardan hangisine karşılık gelecek şekilde kullanılmamıştır?","Sahne olmak, geçirmek","Bir davranışla karşılaşmak, maruz kalmak","Anlamak, kavramak, sezmek","Tanık olmak, yaşamak","Bir yere gitmek, gezmek",C
866e949a-4e84-537f-bebe-b614923538fc,MATEMATIK,"Bir çiftçinin bahçesinde $(4x+6)$ tane elma ağacı, $(3x+13)$ tane armut ağacı vardır. Elma ağaçları, armut ağaçlarından sayıca daha çoktur. Buna göre, çiftçinin bahçesindeki ağaç sayısı en az kaçtır?",61,68,75,82,89,C
cbf218d2-78c9-5a15-8f0d-7a624e4ad832,MATEMATIK,"Bir sayıyı 0,25 ile çarpmak hangi sayıya bölmek demektir?",2,3,4,6,8,C
a26b3b30-b0fd-5674-a3dc-8053e25980a9,MATEMATIK,"$x$ ve $y$ pozitif tam sayılardır. $3x+2y=36$ olduğuna göre, $y$ kaç farklı değer alır?",5,6,8,10,12,A
7dfcbcdb-5ab5-53f9-b605-f8e9547e2cee,KIMYA,"$2XY_{2(g)} + 3Z_{2(g)} \rightarrow X_2Y_{4(g)} + 6YZ_{(g)} + 540 \text{ kJ}$
Standart koşullarda gerçekleşen yukarıdaki tepkimeye göre,
I. $X_2Y_{4(g)} + 6YZ_{(g)} \rightarrow 2XY_{2(g)} + 3Z_{2(g)}$
II. $XY_{2(g)} + \frac{3}{2}Z_{2(g)} \rightarrow \frac{1}{2}X_2Y_{4(g)} + 3YZ_{(g)}$
III. $3X_2Y_{4(g)} + 18YZ_{(g)} \rightarrow 6XY_{2(g)} + 9Z_{2(g)}$
tepkimelerinden hangilerinin $\Delta H$ değeri bulunur?",Yalnız I,Yalnız II,Yalnız III,I ve II,II ve III,D
b4623a20-8c33-57df-875c-7caaec2d12c7,EDEBIYAT,"(I) Karagöz ve orta oyunu geleneksel Türk tiyatrosunun belli başlı türlerindendir. (II) Bunlar, önceden yazılmış ve ezberlenmiş metinlere dayanmaktan ziyade gösteriye dayalıdır. (III) Orta oyununda asıl konunun işlendiği bölüme ""fasıl"" adı verilirken Karagöz'de bu bölümün adı ""muhavere""dir. (IV) Zaman zaman her iki oyunda da müzik eşlik eder. (V) Kişiler açısından bir karşılaştırma yapılırsa Karagöz'deki Hacivat'ın orta oyunundaki karşılığı Pişekâr, Karagöz'ün karşılığı ise Kavuklu'dur.
Bu parçada numaralanmış cümlelerin hangisinde bir bilgi yanlışı vardır?",I,II,III,IV,V,C
b43bcbb7-43bc-5854-9099-fdcbdccad121,MATEMATIK,"a ve b birer doğal sayı $P(x) = 3x^2 + ax + b - 2$ polinomu veriliyor. $P(3x-1)$ polinomunun katsayılar toplamı 34 olduğuna göre, $(a \cdot b)$ çarpımının alabileceği en büyük değer kaçtır?",40,54,70,72,80,D
0936a325-f522-53cb-877a-46b8a5821421,MATEMATIK,"$191,9 - 18,81 - 19,23$ işleminin sonucu kaçtır?","$153,77$","$153,78$","$153,86$","$153,87$","$153,89$",C
b77da6a9-40c3-5171-8508-6ef856fb563d,MATEMATIK,"$\{1,635 - 0,365\} \cdot \{0,12 - 0,08\} : \{8,1 + 1,9\}$ çarpımının sonucu kaçtır?","0,08","0,04","0,4","0,8",8,B
5c397a9b-f953-56fb-8fc1-118126137533,TURKCE,"Geçmiş yapılanma tamamen insan ölçekliydi. İnsan ölçekli oldukları için çocuk, evinden çıktığı zaman ne yapıyor? Okuluna gidiyor. Öyleyse çocuğun okulu kesinlikle yürünebilir mesafede olmalı. Bu çok önemli. Çocuk ----. Çocuğu servise bindirmememiz lazım. Çünkü çocuk, ilk sosyalleşme aşamasında okuluna yürüyerek gittiği zaman çocukta sağlıklı bir sosyalleşme başlıyor.
Bu parçada boş bırakılan yere düşüncenin akışına göre aşağıdakilerden hangisi getirilemez?",kendi sosyal çevresini ve doğal çevresini kendisi gözlemleriyle yakalayabilme şansına sahip oluyor,yaşadığı mekânı değiştiremeyeceği gerçeği ile yüzleşiyor,"esnafı görüyor, yaşlı amcayı görüyor, engelli birini görüyor, selam alıyor, selam veriyor","giriş geliş aşamasında komşusunu görüyor, mahallede arkadaşını görüyor",çevresi ile tanışma ve kaynaşma deneyimi yaşayabiliyor,B
f39a39d8-6436-53ba-9643-009a9ad0225e,MATEMATIK,"$$(a_n) = \left(\frac{4n-5}{n-1}\right)$$ $$(b_n) = \left(\frac{k}{n+1}\right)$$ dizileri için $(a_n) = (b_n)$ olduğuna göre, $k$ kaçtır?",1,2,3,4,5,C
3da4c910-6f09-5946-85aa-217d87e7fef9,MATEMATIK,"$a, b$ birer pozitif tam sayı ve $a > b$ olmak üzere, $5,4 = a + \frac{b}{5}$ olduğuna göre, $a-b$ farkı kaçtır?",6,5,4,3,2,C
0993bfbe-2608-5d68-b5a8-bbf4e0ac46ff,MATEMATIK,"$a$ ve $b$ sıfırdan farklı birer gerçek sayı olmak üzere, gerçek sayılar kümesi üzerinde bir $f$ fonksiyonu $f(x) = x^2 - ax + b$ biçiminde tanımlanıyor. $\frac{f(0) + f(1)}{a} = b = 2$ olduğuna göre $b-a$ farkı kaçtır?",-2,-1,0,1,2,C
78d91bd0-32e3-591e-809c-f9f6b5da90e7,TURKCE,"Avrupa Birliğinin cıva düzenlemesi, insan sağlığını ve çevreyi maddenin olumsuz etkilerinden korumak amacıyla uluslararası bir anlaşma olan Minamata Sözleşmesini aktaran, temel AB araçlarından biri olarak değerlendiriliyor. 2017 yönetmeliği, birincil madencilikten atık imhasına kadar maddenin tüm yaşam döngüsünü kapsamakta olup AB'nin madde katkılı ürünlerin kullanımını, üretimini ve ihracatını zaman içinde sınırlama ve aşamalı olarak kaldırma yönündeki nihai hedefine katkıda bulunuyor.
Bu parçada numaralanmış sözlerden hangisinin yazımı yanlıştır?",I,II,III,IV,V,A
20399dcf-3745-5110-952f-1edc8d6031e8,MATEMATIK,$$\left[\left(1-\frac{1}{7}\right):\left(1+\frac{1}{7}\right)\right]:\left(2-\frac{1}{9}\right)$$ işleminin sonucu kaçtır?,-1,0,$\frac{1}{63}$,$\frac{8}{21}$,1,B
afc6f1bc-bc1e-5f57-9f71-c5f38f9d949d,TURKCE,"Milyonlarca yıllık dünya tarihinde ekolojik dengenin değişimi hem hayvanları hem de insanları değiştirmiştir. Başlangıçta beslenme, giyinme ve alet yapımı gibi amaçlarla avlanan hayvanlar, daha sonra çeşitli ihtiyaçlar için evcilleştirilmiştir. Tarım toplumundan sanayi toplumuna geçişle birlikte, insanların hayvanlarla olan ilişkisi de değişmiştir. Bu değişim, hayvanların hukuki statüsü konusunda farklı görüşleri ortaya çıkarmıştır. Modernleşmeyle birlikte hayvan hakları da gündeme gelmeye başlamıştır. Bunun sonucunda da pek çok devlet, hayvanlara karşı eziyeti önlemek amacıyla ulusal ve uluslararası pek çok düzenlemeyi kabul etmiştir.
Bu parçadan aşağıdakilerin hangisine ulaşılabilir?",Makineye dayalı sanayi toplumuna geçilince insanların hayvanlara olan ihtiyacı azalmıştır.,"Ekolojikdeki değişim, hayvanların insan hayatındaki yerini güçlendirmiştir.",Değişen koşullarla birlikte insanların hayvanlara bakışında farklılıklar yaşanmıştır.,Hayvan haklarının korunması için tüm insanlığın çözüm bulması gerekmektedir.,"Teknolojik gelişmeler, insanların doğaya bakışını olumlu yönde etkilemiştir.",C
5e3e3567-dc2b-5467-ab76-66cb3ca31bee,TARIH,"Osmanlı Devleti'nde XVII. yüzyılda başlatılan ıslahatların; I. ıslahatçıların ömürleriyle sınırlı kalması, II. tavandan tabana doğru yapılmamış olması, III. baskı ve şiddetle benimsetilmek istenmesi özelliklerinden hangilerinin devletin duraklamasına engel olamamasında etkisinin olduğu söylenebilir?",Yalnız I,I ve II,I ve III,II ve III,"I, II ve III",E
95903b34-444e-5678-b827-1e59cddefad0,GEOMETRI,"ABC eşkenar üçgen olduğuna göre, Çevre(ABC) kaç cm'dir?",27,18,$18\sqrt{3}$,$27\sqrt{3}$,$36\sqrt{3}$,B
95166e75-5b2c-59b5-a2a8-18345cb63b5d,MATEMATIK,Eşitsizliğini kaç negatif tam sayı değeri sağlar? $x \ge \frac{100}{x}$,11,10,12,9,8,B
aefbae0c-bddd-540a-afeb-753bec61226e,MATEMATIK,"$x^2-bx+4=0$ denkleminin çözüm kümesi bir elemanlı olduğuna göre, $b$ aşağıdakilerden hangisi olabilir?",-2,-4,-6,-8,-10,B
644d7a45-667b-5995-bb1e-f732747a9af0,MATEMATIK,"$$\frac{0,2\cdot 0,03}{0,5-0,04}$$ işleminin sonucu kaçtır?",$\frac{1}{4}$,$\frac{1}{12}$,$\frac{1}{2}$,1,$\frac{4}{3}$,C
23a07b05-293e-5102-9d22-98569ca36f06,MATEMATIK,"$A = \{1, 2, 3\}$ $B = \{1, 2, 3, 4, 5, 6, 7\}$ olmak üzere, $f: A \to B$ ve $f(x) = 2x - 1$ dir. Buna göre, I. $f$ fonksiyonunun tanım kümesi $A = \{1, 2, 3\}$ tür. II. $f$ fonksiyonunun değer kümesi $B = \{1, 2, 3, 4, 5, 6, 7\}$ dir. III. $f$ fonksiyonunun görüntü kümesi $f(A) = \{3, 5, 7\}$ dir. İfadelerinden hangileri doğrudur?",Yalnız I,Yalnız II,Yalnız III,I ve II,I ve III,E
ecafe197-1352-5cbd-a9e1-5b47603f5ec9,COGRAFYA,"Aşağıda verilenlerden hangisi, insanın doğal çevre şartlarından etkilendiği duruma örnek gösterilemez?",Termal turizm için yatırım yapılacak alan seçimi,Kara ve demir yollarının gelişim doğrultusunun tespiti,Bataklıkların tarım alanı hâline getirme amacıyla yapılan fizibilite çalışması,Yerleşime açılacak bir yörede jeolojik yapının uygunluğunun tespiti,Rüzgâr santrallerinin kurulması için gereken yer seçimi,C
98e8f4c9-235d-54bb-87fe-f796759c70d5,MATEMATIK,"$f(x) = \begin{cases} \frac{|x^2-1|}{x-1}, & x \neq 1 \\ 1, & x=1 \end{cases}$ fonksiyonu için I. $x=-1$'de süreklidir. II. $x=0$'da süreklidir. III. $x=1$'de süreklidir. ifadelerinden hangileri doğrudur?",Yalnız I,Yalnız II,Yalnız III,I ve II,II ve III,B
db9b0f7d-3a43-5811-ab60-8f2d5fe07e2c,MATEMATIK,"Mustafa ve Büşra'nın bir miktar parası vardır. Mustafa ve Büşra'nın elindeki paralar ile ilgili bilgiler sırasıyla aşağıda verilmiştir: Büşra parasının %50'sini Mustafa'ya veriyor. Mustafa Büşra'dan parayı alıp, tüm parasının %30'unu Büşra'ya veriyor. Son durumda Mustafa ve Büşra'nın paraları eşit oluyor. Buna göre, başlangıçta Büşra'nın parası, Mustafa'nın parasının kaç katına eşittir?",$\frac{1}{3}$,$\frac{2}{3}$,$\frac{3}{4}$,$\frac{4}{3}$,$\frac{3}{2}$,D
c35aeb0a-16ef-5cf9-81b3-d123cf8a723a,GEOMETRI,"Dik koordinat düzleminde ardışık olmayan iki köşesinin koordinatları $(6, -1)$ ve $(a, 5)$ olan dikdörtgenin alanını iki eşit parçaya bölen doğruların denklemi $y = mx + b$ olduğuna göre, $a + b$ toplamı kaçtır?",-4,-3,-2,-1,4,A
38c151fa-0766-5480-b3d4-bf811a64de6c,MATEMATIK,"Başkat sayısı $1$ olan ikinci dereceden bir $P(x)$ polinomu için $\lim_{x \to 1} \frac{P(x-1)}{x-1} + \lim_{x \to 3} \frac{P(x)}{x-3}$ ifadesinin değeri bir gerçel sayıdır. Buna göre, $\lim_{x \to 3} \frac{P(x)}{x-3}$ ifadesinin değeri kaçtır?",1,2,3,4,5,A
37c1adb4-93a0-5dd8-9abf-a7bb33cbae25,MATEMATIK,"$f(x) = 3\sqrt{x} + \sqrt[3]{x} - \sqrt[4]{x}$ olduğuna göre, $f'(1)$ kaçtır?",$\frac{4}{3}$,$\frac{1}{2}$,$2$,$\frac{3}{2}$,$\frac{5}{6}$,E
c31b8b16-77b8-5dbd-8779-39feb1026779,MATEMATIK,İşleminin sonucu kaçtır? $\frac{(6-5) \cdot (3-\frac{1}{4})}{2-\frac{3}{8}}$,5,4,3,2,1,D
311c7581-2866-5874-8627-d751f1f03ede,FIZIK,"Dalgalar ilerlerken ortam ilerlemez ancak enerji aktarımı olur. Buna göre, günlük hayatta karşılaşabileceğimiz, I. büyük tonajlı bir gemi denizde hareket ederken yakınındaki teknelerin sallanmasına neden olması, II. alçaktan helikopter geçerken evlerin pencere camlarının titreşmesi, III. Güneş'ten gelen ışınların, sera gazlarının sera etkisi ile Dünya'da küresel ısınmaya sebep olması, IV. Formula arabalarının yarış başlamadan önce bir tur atarak tekerlerin lastiklerini ısıtması V. deprem esnasında binaların sallanması durumlarından hangileri dalgaların enerji taşıdığı gerçeğine kanıt olarak gösterilemez?",I,II,III,IV,V,D
30086a57-f915-5da8-962f-b071ea6edceb,MATEMATIK,$\frac{x^3+8}{x^2-2x+4} - \frac{x^2-4}{2x-4}$ ifadesinin en sade hali aşağıdakilerden hangisidir?,-2,-1,1,$x$,$x+2$,D
3c666aae-4222-57b4-be33-ca220e52a8f6,MATEMATIK,"Tarık ile Hüseyin'in yaşları toplamı $8A$, yaşları farkı $A$ olduğuna göre, Tarık'ın yaşı aşağıdakilerden hangisi olabilir?",$3A$,$6A$,$5A$,$2A$,$A$,C
85d26b4b-b35e-5f54-8e1c-8985ceb47a7f,MATEMATIK,"Bir hastanede muayene için sıra bekleyen bir hasta sıra numarasına bakarak şu hesabı yapmıştır:

* Eğer önümdeki bir hasta muayene olmadan sıradan ayrılırsa arkamdaki kişi sayısı önümdeki kişi sayısının 4'te 1'i kadar olacak.
* Eğer şimdikinden 5 sıra ileride olsaydım sıranın tam ortasında olacaktım.

Buna göre, muayene sırasında toplam kaç kişi vardır?",11,12,16,17,18,D
e4943f14-29d5-5ac2-a63b-a108b80df322,MATEMATIK,"$x > 0$ olmak üzere, $f(x^2-2x) = x^3 + 3x^2 - 2x - 3$ olduğuna göre, $f'(3)$ değeri kaçtır?",$-\frac{11}{4}$,$-\frac{11}{2}$,$\frac{5}{2}$,$\frac{11}{4}$,$\frac{11}{3}$,D
7f5e86b7-86b9-5ec7-a454-9b703af0d523,MATEMATIK,"Celsius cinsinden sıcaklığı $C$, Kelvin cinsinden sıcaklığı $K$ olmak üzere, Celsius cinsinden ölçülen sıcaklığı Kelvin birimine çevirmek için $K = 273 + C$ formülü kullanılır. Oda sıcaklığını Celsius cinsinden ölçmek için kullanılan yukarıdaki termometre arızalı olduğundan sıcaklığı gerçek değerinden $6^{\circ}C$ farklı göstermektedir. Termometrenin yukarıda gösterdiği değere göre, odanın gerçek sıcaklığını Kelvin cinsinden belirten denklem aşağıdakilerden hangisidir?",$|x - 293| = 20$,$|x + 293| = 6$,$|x + 253| = 6$,$|x - 299| = 20$,$|x - 293| = 6$,E
756f3f29-dffe-54dc-8b9f-29b1bf5fa0c1,MATEMATIK,"tan($17^\circ$) = k olduğuna göre, cot($28^\circ$)'nin k cinsinden eşiti aşağıdakilerden hangisidir?",$\frac{k}{k-1}$,$\frac{k-1}{k+1}$,$\frac{k-1}{k}$,$\frac{k+1}{k-1}$,$\frac{1-k}{1+k}$,E
dd51f5e0-5a97-517e-a2eb-60076502393f,MATEMATIK,"Bozuk bir elektronik terazi, üzerine konulan bir ağırlığı gerçek ağırlığından 30 gram'a kadar daha fazla veya 50 gram'a kadar daha eksik tartmaktadır. Bu terazinin 170 gram tarttığı bir eşyanın gerçek ağırlığı $x$ gramdır. Buna göre, $x$'in en geniş değer aralığı aşağıdakilerden hangisidir?",$120 \le x \le 140$,$140 \le x \le 200$,$200 \le x \le 220$,$120 \le x \le 200$,$140 \le x \le 220$,D
328d8561-9d3a-5ae9-9e91-e32719232572,MATEMATIK,"Bir toplantıda 180 adet çıkartma belli sayıda çocuğa eşit olarak dağıtılacaktır. Ancak çocuklardan 4'ü çıkartmalarını almaktan vazgeçer.
Bunun üzerine çıkartmalar kalan çocuklara eşit olarak dağıtılır ve her bir çocuk başlangıçta alacağı miktardan 16 çıkartma fazla alır.
Buna göre toplantıya başlangıçta kaç çocuk katılmıştır?",9,10,12,15,18,E
6a155b72-67de-52c1-91df-e4346c395869,MATEMATIK,"Bir miktar paranın yarısı Ayşe, Bora ve Cem arasında sırasıyla $4, 5$ ve $6$ ile doğru orantılı, diğer yarısı ise Kemal, Lale ve Mine arasında sırasıyla $7, 8$ ve $9$ ile doğru orantılı olarak paylaştırılıyor. Bu $6$ kişiden payına eşit miktarda para düşen iki kişinin aldığı toplam para miktarı $400$ TL'dir. Buna göre Mine, Ayşe'den kaç TL fazla almıştır?",45,50,55,60,65,B
c7c897c3-a993-597d-9908-5c0c7c342bb6,EDEBIYAT,Aşağıdaki eserlerden hangisi Tevfik Fikret ve Ahmet Haşim'in ortak özelliklerinden biridir?,Aruz ölçüsünü kullanmaları,Şiirle ilgili görüşlerinin yer aldığı poetika yayımlamaları,"“Sanat, toplum içindir.” görüşüyle eser üretmeleri",Gezi türünde eser kaleme almaları,"Sade, anlaşılır dille şiir yazmaları",A
4680533d-4560-532b-96f6-2a076d311feb,GEOMETRI,"ABCDEF düzgün altıgen, $|FC| = |CH| = 6$ cm olduğuna göre, $|DG| = x$ kaç cm'dir?","0,5",1,"0,6","1,2","1,5",B
1faa789c-9234-5fde-bdae-6be21ccf6924,MATEMATIK,$x-3 = \frac{15}{x-2}$ denkleminin çözüm kümesi aşağıdakilerden hangisidir?,{0},{8},"{0,6}","{2,8}","{0,8}",E
d8a8972b-c759-5eea-b428-1d48a25588a6,KIMYA,"$X \xrightarrow{H_2SO_4, 170^\circ C} CH_3CH_2CH=CH_2 + H_2O$
Yukarıdaki tepkimede yer alan X bileşiğiyle ilgili;
I. Mono alkoldür.
II. İzomeri olan simetrik eter bileşiği vardır.
III. Bir derece yükseltgenmesiyle 2-pentanon oluşur.
yargılarından hangileri doğrudur?",Yalnız I,Yalnız II,I ve II,I ve III,"I, II ve III",C
3409e1fb-33d2-53ed-9dfb-20bea9e593e6,MATEMATIK,"$f, g: \mathbb{R} \to \mathbb{R}$ olmak üzere, $g(x) = -2x + 11$ ve $g(f(x)) = -2f(x) + 21$ dir. Buna göre, $(fog)(3)$ değeri kaçtır?",18,19,20,21,22,B
e191c5c8-c82b-5332-9f32-c98f7d375c4a,KIMYA,"Sert su kullanımı çamaşır makinesi ve bulaşık makinesi gibi cihazların ömrünü azaltır.
II. Sert sular sabun tüketimini azaltır.
III. Sert suların kullanımı cihazlarda elektrik tasarrufunu artırır.
IV. Musluklarda ve kalorifer peteklerinde kireçlenmelere neden olur.
V. Sert sularda yıkanan giysiler daha az yıpranır.
Sert sularla ilgili yukarıdaki ifadelerden kaç tanesi doğrudur?",1,2,3,4,5,B
e3ddca0e-bddf-52cb-82c6-428e645ecc3b,MATEMATIK,$|x+3|>3$ eşitsizliğinin çözüm kümesi aşağıdakilerden hangisidir?,"$(- \infty, -6) \cup (0, \infty)$","$(- \infty, -6) \cup (3, 6)$","$(0, -6]$","$(- \infty, 6]$","$(- \infty, 0) \cup (6, \infty)$",A
c6ca3956-affd-5bd5-bbf7-8e3938e72d30,MATEMATIK,"Tersten yazılışı kendisine eşit olan sayılara palindrom sayı denir. Üç basamaklı palindrom bir sayının rakamları toplamı 17'dir. Buna göre, yazılabilecek en büyük palindrom sayı ile en küçük palindrom sayının farkının pozitif değeri kaçtır?",81,162,243,324,415,D
d3e0e16e-6022-547e-bd56-d1ad0636d882,TURKCE,"N

Ni

Niçin edebi bir metinde kullanılan dilin çok anlamlı buluyoruz da aynı dilde yazılmış bir metnin tek ve kesin anlamlı bir ifade olduğuna inanmaktan duyduğumuzda düşüyoruz? Her ikisi için de bir inandırıcı ve kavrayıcı tarzımızın netleşmesini sağlayan, sadece yazarlarının farklı tutumu mudur? Yoksa okuduğu metne karşı farklı kavrayışlarla yaklaşan okur, ilmi metin mantığının, edebi metin ise estetiğinin sözcüğüyle karşılamaya başlayan hazırlanmaktadır? Söz gelimi, ""Suya bırakılan nesne, kaldırma kuvveti y

önceki bir ağırlıkta ise dibe batar."" ve ""Alçı, karbon türü olan maddeleri yoğurur."" cümlelerinde mantığımızın kavradığı düz anlamları bulurken Cahit Sıtkı'nın aynı bilimsel gerçeği tasvirleyen ""Su insanı boğar, ateş yakarır."" mısra'sında farklı anlam katmanları arayışımıza başka nasıl açıklanabilir?

Bu parçadan hareketle aşağıdaki yargılardan hangisine ulaşılamaz?",Bir metnin çok anlamlı kılan hem dilin kendisi hem de okurun çok yönlü algısıdır.,Bir metnin edebi mi yoksa bilimsel mi olduğuna ilişkin düşüncelerimiz ön yargılarımız daha fazla etkilemektedir.,"Metne karşı farklı kavrayışlarla yaklaşan okur, ilmi metni mantığının, edebi metin ise estetiğinin sözcüğüyle karşılamaya başlayan hazırlanmaktadır.","Bizi bir metnin edebi mi yoksa bilimsel mi olduğuna inandıran şeyler, sadece yazarlarının farklı tutumu değildir.",Bir metnin edebi mi yoksa bilimsel mi olduğuna dair düşüncemizi o metinle ilgili hazırlık kurgumuz etkiler.,C
0c879ccd-5291-58da-95bb-98a5f9e40d64,GEOMETRI,"Dik koordinat düzleminde $A(8, 5)$ noktası veriliyor. A noktası sabit kalmak şartıyla orijin $(5, 3)$ noktasına gelecek şekilde koordinat eksenleri öteleniyor.
Buna göre, elde edilen yeni koordinat düzleminde A noktasının koordinatları toplamı kaçtır?",3,5,6,10,13,D
da2b51d0-8102-5174-bb4b-515a7be4750d,GEOMETRI,"$A(3,-4)$ noktasının $Ox$ eksenine göre simetriği $B$ noktası, $Oy$ eksenine göre simetriği $C$ noktası olduğuna göre, $|BC|$ kaç birimdir?",12,10,8,6,4,B
f8f67198-ac79-5517-bf34-9c45cab99da6,TURKCE,"(I) İkinci Dünya Savaşı'ndan önce Auschwitz, eski adıyla Oscwinchim, 14.000 kişinin yaşadığı sakin bir kasabaydı. (II) Bu sebeple eğer İkinci Dünya Savaşı olmasaydı hiç kimse buranın adını sanını duymayacaktı. (III) Ancak savaşan her iki tarafın da korkunç insanlık suçları işlediği bu savaş yüzünden sonsuza dek akıllara kazındı. (IV) Savaştan sonra sayısız filme, romana, belgesele konu oldu. (V) 1979 yılında UNESCO'nun Dünya Mirası listesine eklendi ve insanlığın tekrar bu suçları işlememesi için ziyaretçi oldu.
Bu parçadaki numaralanmış cümlelerin hangisinden sonra ""Nazilerin burada kurduğu Auschwitz-Birkenau toplama kampında yaklaşık 1,1 milyon tutsak, yaşamını trajik biçimde yitirdi."" cümlesi getirilmelidir?",I,II,III,IV,V,B
cbb8d809-8e51-5317-bf96-b4e572700f46,BIYOLOJI,"Asitler, bazlar ve pH ile ilgili aşağıda verilen ifadelerden hangisi yanlıştır?",Saf suyun pH'ı nötrdür.,Asit ve bazlar temizlik ürünü olarak kullanılır.,"İnsanın oluşturduğu idrarın pH değeri sabittir, değişmez.","Bazik ortamda yaşamaya uyum sağlamış canlılar, asit yağmurlarından olumsuz etkilenir.",Sıvıların pH'ını ölçmek için turnusol kağıdı kullanılabilir.,C
7c321601-a99b-5ddd-b3a3-8e4ba359ff37,MATEMATIK,"$\cos 15^\circ = x$ olduğuna göre, $\frac{\cos 195^\circ - \sin 105^\circ}{\sin 345^\circ}$ ifadesinin $x$ cinsinden eşiti aşağıdakilerden hangisidir?",$\frac{1-x^2}{2x}$,$\frac{x}{\sqrt{1+x^2}}$,$\frac{x}{1-x^2}$,$\frac{2x}{\sqrt{1+x^2}}$,$\frac{x}{\sqrt{1-x^2}}$,C
2cba0deb-6e19-5bed-93b6-a9df8bcf1114,MATEMATIK,"Bir baba ve çocuklarının yaşları ile ilgili olarak aşağıdakiler bilinmektedir:
* Babanın üç çocuğu vardır ve çocukların iki tanesi ikizdir.
* Çocukların her birinin yaşı pozitif tam sayıdır.
* Babanın bugünkü yaşı, üç çocuğunun bugünkü yaşları toplamının 2 katıdır.
* 4 yıl sonra babanın yaşı, çocuklarının yaşları toplamının $\frac{4}{3}$ katına eşit olacaktır.
Buna göre, ikizlerden birinin bugünkü yaşı en çok kaçtır?",6,8,9,10,12,B
2ea977ce-8b2c-5698-ac46-845921df6f26,MATEMATIK,"$1 + \frac{1}{0,6 + \frac{1}{0,5}}$ işleminin sonucu kaçtır?",4,$\frac{7}{2}$,3,$\frac{5}{2}$,2,D
7b858e56-174b-5059-ae40-d14f3c154aab,TURKCE,"I. Natüralistler, ""Sanat, sanat içindir."" ilkesine karşı çıkarak sanatın bir fayda sağlaması gerektiğini ifade etmişlerdir.
II. Böylece natüralist sanatkârlar, bilim insanının fonksiyonunu yerine getirmeyi hedeflemişlerdir.
III. Söz konusu faydanın ise insanın ve toplumun gerçeklerinin bütün çirkinlikleri, zaafları ve kusurları ile ortaya konulmasında olduğunu düşünürler.
IV. Ayrıca toplumu ve insanı içinde bulunduğu zor durumlardan kurtarmayı da amaç edinirler.
V. Ama bunları gerçekleştirebilmek için gerekli olan sağlıklı bir bakış açısına veya çıkış yoluna da sahip değillerdir.
Yukarıdaki numaralanmış cümlelerin anlamlı bir bütün oluşturması için hangilerinin birbiriyle yer değiştirmesi gerekir?",I ile III,II ile III,II ile IV,III ile V,IV ile V,C
0fc27aa3-ecfb-5051-b18e-f2c4f588bfbc,KIMYA,"$X_2(g) + Y_2(g) \rightarrow 2XY(g)$ tepkimesinin belirli bir sıcaklık ve basınçta ileri aktifleşme enerjisi değeri $60 \text{ kJ}$ olarak ölçülüyor.
Tepkime sırasında $40 \text{ kJ}$ ısı açığa çıktığına göre, tepkimenin geri aktifleşme enerjisi kaç $kJ$'dir?",20,40,60,80,100,E
3d96d1d3-77aa-5932-b858-58293ec25a87,MATEMATIK,"$\lim_{x \to 2} \frac{\sqrt{x+a}-8}{x-2}$ ifadesinin bir gerçek sayı değeri olduğuna göre, $a$ kaçtır?",62,-62,66,14,-14,A
828da3d1-39b0-5aa9-ae4f-d03cf128c861,MATEMATIK,"$P(x - 2) = 2x^3 - x^2 - 5x - 1$ polinomu veriliyor. Buna göre, $P(x + 1)$ polinomunun $x + 3$ ile bölümünden kalan kaçtır?",2,1,0,-1,-2,D
72ffd97c-7805-5e38-ac9c-6ff12a5ba556,TURKCE,"Okuyucu, elinde bulunan metnin ne ölçüde değişikliğe uğradığını bilmeden, son baskıdaki düzeltilmiş kısımları, düzeltilmemiş yerlerle birlikte değerlendirecek ve bunu aynı edebî zevkin yarattığı yanılgısına kapılacaktır. Mesela, Dağlarca'nın 1950'li yıllardaki poetik tutumunu yansıtan Asu'su ile 1967'nin yeni bir dili ve estetik anlayışını ürünü olan ve eklemelerle epeyce genişletilmiş Asu'su aynı eser değildir. İkinci baskı, bir yeniden yazmadır ve Dağlarca'ya rağmen iki kullanımdan kaldırılamamıştır.
Bu parçada yazar fikrini ifade ederken aşağıdakilerden hangisinden yararlanmıştır?",Açıklama - Betimleme,Tanık gösterme - Örnekleme,Örnekleme - Karşılaştırma,Betimleme - Tartışma,Kişileştirme - Açıklama,C
9d7a545a-661c-5119-affb-fb2abcd96915,TURKCE,"I. - Kaç kişi, sevginin değerini biliyor?
- Üç kişi. (özne)
II. - Hangisi, sana bu haksızlığı yapan?
- Şu karşıdaki adam. (yüklem)
III. - Postacı, bizim kapıyı mı çaldı?
- Sizin kapıyı. (nesne)
IV. - Siz onun neyisiniz?
- Dayısıyım. (yüklem)
V. - Konuyu kiminle görüşeceğiz?
- Müdür Bey'le. (dolaylı tümleç)
Yukarıdaki diyaloglarda yanıtların hangi ögeyi belirttiği ayraç içinde belirtilmiştir.
Numaralanmış cümlelerden hangisinde yanıt cümlesiyle ilgili yanlış bir belirleme yapılmıştır?",I.,II.,III.,IV.,V.,B
7520283b-818d-5038-89b6-a8c2ce876ad7,MATEMATIK,$\frac{\cos^2 x}{1 + \sin x} + \frac{\sin^2 x}{1 + \cos x}$ ifadesinin en sade şekli aşağıdakilerden hangisidir?,$2\sin x$,$0$,$2$,$\sin x$,$\tan x$,B
80c93d0a-f2af-5f4a-a8f8-e4ac585eaef0,MATEMATIK,"Bir okul öğrencilerine sıfır rakamını kullanmadan ilk iki hanesi rakam, üçüncü hanesi harf olacak şekilde üç haneli şifreler vermektedir. Şifredeki sayılar küçükten büyüğe doğru verilmektedir. 1 ile başlayan şifreler bittiği an okulda kaç tane kayıtlı öğrenci vardır?",124,180,261,360,424,C
5bd09dd3-73bd-5179-b5c5-94755b5907aa,MATEMATIK,"$x$ gerçek sayı olmak üzere $\left(\frac{x^2+1}{x}\right)^2-8\cdot\left(x+\frac{1}{x}\right)=1$ olduğuna göre, $x^2+\frac{1}{x^2}$ ifadesinin değeri kaçtır?",62,60,58,64,66,E
b1cc5551-1fa9-59e6-8df7-8044cb57aa83,MATEMATIK,"$x^{\ln x} = e^8$ olduğuna göre, x kaçtır?",1,2,e,$e^4$,6,D
2a4ca730-ce4e-51f0-abd1-72dca530185f,MATEMATIK,$ \frac{1}{1-\log_3 2} + \frac{1}{1-\log_2 3} $ toplamının değeri kaçtır?,$ \frac{1}{3} $,$ \frac{1}{2} $,1,2,3,C
a15aeabb-402c-5a66-8749-1b3ef03cac1e,MATEMATIK,"Tuz oranı %40 olan 60 gram tuzlu su karışımının, tuz oranını %50 yapmak için bu karışımdan kaç gram su buharlaştırılmalıdır?",5,8,12,15,16,C
2907fdbf-49a1-54cb-b0d9-83b0ad29adf1,BIYOLOJI,"Bir hücreye enzim inhibitörü verilirse;
I. basit difüzyon,
II. aktif taşıma,
III. ozmoz
olaylarından hangilerinin doğrudan etkilenmesi beklenir?",Yalnız I,Yalnız II,Yalnız III,I ve II,"I, II ve III",B
7ea03d2c-27cb-5b78-81e9-7d844a2f0146,FIZIK,"Kırsal yolların enerji ihtiyacını karşılamak üzere geliştirilen ""HibritYol"" sisteminde, direklerin tepe kısmındaki özel paneller çevreden gelen ışınımı soğurarak elektrik üretir ve bu enerjiyi depolar. Direk gövdelerine yerleştirilen hareketli kanatlar, hava akımlarından faydalanarak ek enerji sağlar. Ayrıca yol boyunca belirli noktalarda, organik atıkların yer altındaki özel bölmelerde kontrollü olarak ayrışmasıyla oluşan gazlardan yararlanan jeneratörler, enerji üretimine katkı sağlar. Bu sayede yol aydınlatması ve güvenlik sistemleri kesintisiz çalışabilir.
Buna göre, HibritYol sisteminde;
I. güneş enerjisi,
II. rüzgar enerjisi,
III. jeotermal enerji
kaynaklarından hangilerinden yararlanılmaktadır?",Yalnız I,Yalnız II,Yalnız III,I ve II,"I, II ve III",D
73750acb-6ffc-59eb-bc92-de57fc6367f0,FIZIK,"Tabloda bazı ülkelerin 2006 yılı için enerji tüketim değerleri verilmiştir.
Tabloya göre 2006 yılında ülkelerin enerji tüketimleri ile ilgili olarak,
I. K ülkesinin yenilenebilir enerji kullanım oranının M ülkesinin yenilenemeyen enerji kullanım oranından fazladır.
II. L ülkesinin yenilenemeyen enerji kullanım oranı M ülkesinin yenilenemeyen enerji kullanım oranından fazladır.
III. M ülkesinde güneş paneli kullanımı çok yaygındır.
yargılarından hangileri yanlıştır?",Yalnız I,Yalnız II,I ve II,II ve III,"I, II ve III",D
c0c8492b-2c59-5825-b260-946b978a1dc0,KIMYA,"Sabit basınçlı bir kapta 4 litre $N_2$ gazı ve 15 litre $O_2$ gazının tepkimesi sonucu 5 litre $O_2$ gazı artıyor ve aynı şartlarda 4 litre X gazı oluşuyor. Buna göre, tepkime sonucu oluşan X gazının formülü aşağıdakilerden hangisinde doğru verilmiştir?",$N_2O$,$NO$,$NO_2$,$N_2O_3$,$N_2O_5$,A
938d13be-5832-5d22-bb6b-313ad43d9ecd,KIMYA,"$CH_{4(g)} + 2O_{2(g)} \rightarrow CO_{2(g)} + 2H_2O_{(g)}$
tepkimesinin entalpi değişimini $(\Delta H)$ bulabilmek için aşağıdaki bağ türlerinden hangisinin bilinmesine gerek yoktur?",C-H,O-O,C-O,H-O,C-C,E
b96bacac-215c-58f0-ad2f-4569af813a33,MATEMATIK,"$u > b$ ve $a! \le 5!$ şartını sağlayan kaç tane $(a, b)$ ikilisi vardır?",8,3,6,4,5,C
9b561863-253a-50a5-a04a-77089adccb5e,GEOMETRI,"Şekil 1'deki ABCD deltoidi, A köşesi etrafında saat yönünde $30^\circ$ döndürülerek şekil 2'deki AB'C'D' deltoidi elde edilmiştir. Yukarıda verilen şekillerde $|AD|=|AB|$, $m(\widehat{BAD})=80^\circ$ ve C, D, D' noktaları doğrusaldır. Yukarıdaki verilere göre, $m(\widehat{D'KB})=\alpha$ kaç derecedir?",95,100,105,110,115,C
1322ed10-d33c-5a2c-b5e3-98218bf9519e,TURKCE,"Doğa, bitki örtüsünü ve tüm canlıları nasıl biçimlendiriyorsa benim şiirlerimi de etkilemiş; bir ses, bir renk, bir koku, bir titreşim olarak şiirlerime girmiştir.
Bu cümleyle ilgili olarak aşağıdakilerden hangisi yanlıştır?",Ek almamış sözcükler vardır.,"Bağımlı, sıralı bir cümledir.","Yüklem, çatısı bakımından etkendir.",İyelik eki almış sözcükler yoktur.,Belgisiz sıfat kullanılmıştır.,D
18c30a26-e6a5-58f7-9f82-cd419c5c6a4a,MATEMATIK,Dik koordinat düzleminde $f(x)$ fonksiyonunun grafiği ve bu grafiğe $x=1$ apsisli noktada teğet olan doğru verilmiştir. Buna göre $f(1) - f'(1)$ değeri kaçtır?,2,1,0,-1,-2,B
dc93182f-6d49-5f91-a5bf-28b00c508a36,FIZIK,"Eşik dalga boyu $2\lambda$, olan metal ile yapılmış bir fotosel lambada akım oluşması için fotosel'e aşağıda dalga boyu verilen hangi ışık düşürülebilir?",$\lambda$,$2\lambda$,$3\lambda$,$4\lambda$,$5\lambda$,A
b9bc20e7-e0e1-5dcc-875f-1da7f1c108a2,MATEMATIK,"$x-y=8$
$x=-2$
olduguna gore,
$x \cdot y - \frac{2x-y}{x+y}$
ifadesinin değeri kaçtır?",-2,-1,1,3,5,C
8bab0815-4658-5e6d-958a-c6e8223b8496,TURKCE,"(I) TDK, bakmayı “bakışı bir şey üzerine çevirmek” olarak yorumluyor yani bakmak, genel tabirle bir göz gezdirmektir. (II) Görmeyi ise “göz yardımıyla bir şeyin varlığını algılamak, seçmek” olarak açıklamıştır. (III) Yani bakmak, ağaç fark etmeksizin görmekse ağacın hangi tür olduğunu fark etmek, (IV) Görmek; bakmakla yetinmemek, farkına varmak demektir. (V) Görmek için biraz hayatın düzlüğü ve monotonuna değil detaylarına bakmak gerekmekte; detaylara inip araştırmak, sorgulamak, ilerisini düşünmek lazım gelmektedir.
Bu parçadaki numaralanmış cümlelerin hangisinden sonra “Örneğin camdan bakınca her şeye odaklanabiliriz fakat görmek, dışarıdaki ağacı fark edebilmektir.” cümlesi getirilebilir?",I,II,III,IV,V,C
d2cf8de3-35ee-5495-9bc4-fe277afd0df3,GEOMETRI,$[AB]$ doğru parçasını $\frac{|AC|}{|BC|}=\frac{1}{2}$ oranında içten bölen C noktasının koordinatı nedir?,"(10, -2)","(-2, 10)","(-10, 8)","(12, -\frac{7}{2})","(6, -3)",A
c040e4f7-56bb-5473-bfdb-a8578d617e5b,TURKCE,"Aynı uçağa bilet alan iki kişi, şehir merkezinden havaalanına trafik nedeniyle yarım saat geç gider. Birinci kişiye uçağın yarım saat önce kalktığı, ikinci kişiye ise uçağın yirmi beş dakika gecikme yaşadığı ve boş dakika önce kalktığı söylenir. Sizce bu durumda kişilerin tepkisi ne olmuştur? Elbette ikinci kişinin engellenmişlik hissi, üzüntü veya öfkesi birinciye göre daha fazladır. Bu tepki, “Bir soru daha yapsaydım, bir dakika daha erken çıksaydım, bir gün daha bekleseydim...” gibi cümlelerle başlayan kıl payı kaçırılmış durumlarda hissedilenlerle benzerlik gösterir.
Bu parçada anlatılmak istenen aşağıdakilerden hangisidir?","Az farkla kaçırmanın yarattığı psikoloji, kişilerin kaybettikleri için daha fazla pişmanlık duymasına neden olur.","Kaçırılan fırsatın ne kadar önemli ve büyük olduğu, yaşanılan üzüntü derecesinin doğrudan birbiriyle ilişkisidir.","Bireylerin aynı durum karşısında vermiş oldukları tepkilerin farklılaşması, bu duruma yükledikleri anlamla ilgilidir.","Kişilerin bir durumdan psikolojik olarak farklı şekilde etkilenmeleri, sonuçtan çok süreye odaklanmalarına bağlıdır.",Kişiler öngöremedikleri bir durumla karşılaştıklarında yeni duruma uyum sağlamakta zorluk yaşar.,A
98bfed21-1bac-5eba-8688-0072f40c0296,BIYOLOJI,"Aşağıda bitkisel bir hormonun özellikleri verilmiştir.
• Gövdenin uzamasını sağlar.
• Tohumun çimlenmesini başlatır.
• Çiçek açmada ve meyve gelişiminde etkilidir.
Bu bitkisel hormon, aşağıdakilerden hangisidir?",Oksin,Giberellin,Etilen,Absisik asit,Sitokinin,B
1e9d516d-4afd-548e-875e-5ae7ca004ccc,MATEMATIK,"İki işçi bitirme süresi 28 gün olan aynı işte çalışmışlardır. Bu işçilerden biri bu süre boyunca 7 gün, diğer işçi ise 5 gün çalışmıştır.
Buna göre, bu iki işçinin birlikte çalıştığı gün sayısı en az kaçtır?",16,17,18,19,20,C
b364dca1-c4ce-5dfa-a455-012827a3b3c7,MATEMATIK,"$f(x) = x^2$ fonksiyonunun grafiğine $x = a$ apsisli noktasında teğet olan doğru, grafiği başka bir $x = b$ apsisli noktada kesmektedir. $a+b=2$ olduğuna göre, $b$ kaçtır?",1,2,3,4,5,D
9b56c7d9-c161-599e-b772-1c3edc622a9b,MATEMATIK,"$0 < x \le \pi$ olmak üzere, $\cos x \cdot \operatorname{cosec} x = \sqrt{3} - 1 + \sqrt{3} \cdot \cot x$ denklemini sağlayan $x$ değeri kaçtır?",$\frac{\pi}{6}$,$\frac{\pi}{4}$,$\frac{\pi}{3}$,$\frac{3\pi}{4}$,$\frac{5\pi}{6}$,A
4d10803b-c00c-5ff5-a3fb-4d88c385136d,KIMYA,$25 \text{ }^\circ\text{C}$'de $\frac{[\text{H}_3\text{O}^+]}{[\text{OH}^-]}=10^{-2}$ olan sulu çözeltinin pOH değeri kaçtır?,10,9,8,7,6,C
8b31de3c-6704-53f5-8372-8f37cdb90eee,MATEMATIK,"Arif bir tarifte, yaş mısırın kurutulduğunda ağırlığının % 20 oranında azaldığını, kurutulmuş mısırın ise patlatıldığında ağırlığının % 10 oranında azaldığını okumuştur. Sonra, bu oranlara uygun olarak 720 gram patlamış mısır elde etmek için yeterli miktarda yaş mısır satın almıştır. Arif, aldığı yaş mısırın tamamını kurutup patlattıktan sonra istediği miktardan daha az patlamış mısır elde etmiş ve bu durumun tarifteki bir hatadan kaynaklandığını, % 20 olarak yazılan oranın aslında % 30 olması gerektiğini fark etmiştir. Buna göre, Arif'in elde ettiği patlamış mısır miktarı kaç gramdır?",630,640,660,680,690,B
f7038cfd-d2ee-5c3f-8897-821f99ead1ea,BIYOLOJI,"Hücreler yaşlandıkça, sitoplazmalarında bulunan kofullar büyür. Bitki hücrelerinde bu büyüme daha hızlı gerçekleşir ve yaşlı bir hücrede sitoplazmanın çoğunu büyük bir koful işgal eder. Bitki hücrelerindeki bu durum I. bitkilerin ototrof olarak beslenmesi, II. bitkilerde, böbrekler gibi tuzları ve iyonları atan boşaltım organlarının bulunmaması, III. bitki dokularında bir süre sonra mitoz bölünmenin durması faktörlerinden hangileriyle açıklanabilir?",I ve II,II ve III,Yalnız I,Yalnız II,Yalnız III,B
6477c560-c7e8-5b4b-b193-793531455c77,MATEMATIK,"$x-\frac{1}{x}=1$ olduğuna göre, $4x^2+\frac{4}{x^2}$ ifadesinin değeri aşağıdakilerden hangisidir?",5,6,7,8,10,E
d6c38a77-6070-5188-a865-a17957a36b14,KIMYA,"CO$_3^{2-}$ ve HCO$_3^{-}$ iyonları ile ilgili, I. toplam proton sayıları, II. toplam elektron sayıları, III. toplam nötron sayıları niceliklerinden hangileri aynıdır? ($_{6}^{12}$C, $_{8}^{16}$O)",Yalnız I,Yalnız II,I ve II,II ve III,"I, II ve III",A
b84c7a23-64f6-5e4d-b8a8-fc8fa1492ca5,MATEMATIK,$6+12:6+3\cdot2-5-4$ Yukarıdaki eşitliğin doğru olabilmesi için hangi işlem parantez içine alınmalıdır?,$6+12$,$12:6$,$6-3$,$3\cdot2$,$2-5$,D
eaa26663-6e81-5a8c-a795-891fbfd4210a,TARIH,"İstanbul Hükûmeti başlangıçta Millî Mücadele'ye karşı çıkarken, Amasya'ya Salih Paşa'yı göndererek Millî Mücadelecilerle ile görüşmüştür. Bu durum, I. Millî Mücadele'yi tamamen tanımıştır. II. Millî Mücadele'yi İstanbul Hükûmeti yok saymıştır. III. Anadolu'daki tüm gücün İstanbul Hükûmeti olduğu kanıtlanmıştır. yargılarından hangilerini kanıtlar nitelikte değildir?",Yalnız I,Yalnız II,Yalnız III,I ve II,II ve III,E
7706158a-b1e2-5416-8847-e2706c02f099,KIMYA,"$0 \text{ }^\circ\text{C}$ de $1$ litrelik kapta,$2\text{A}_{(\text{g})} + \text{B}_{(\text{g})} \rightleftharpoons 2\text{C}_{(\text{g})}$ tepkimesine göre $2$ mol A, $2$ mol B ve $4$ mol C gazla-rı dengededir. Buna göre, tepkimenin kısmi basınçlar türünden denge sabiti $K_p$ kaçtır?","$\frac{1}{44,8}$","$\frac{1}{22,4}$","$11,2$","$22,4$","$44,8$",D
dd06f380-4b08-52bf-aa65-f8bf02d4cacc,KIMYA,"Sera gazlarının miktarındaki artış, olaylarından hangilerine neden olur?",Yalnız I,Yalnız II,I ve II,I ve III,"I, II ve III",E
004bcd4d-1276-5d68-8020-87dcc5fa732a,MATEMATIK,"$0 < x < \pi$ olmak üzere, $2 - \sin x - \tan x - \sec x = 1$ eşitliğini sağlayan $x$ değeri için $\sin x$ kaçtır?",$\frac{1}{2}$,$\frac{\sqrt{3}}{2}$,$\frac{3}{4}$,$\frac{\sqrt{5}}{2}$,$\frac{\sqrt{7}}{5}$,A
6bc4000e-0776-50dd-94b0-e53602e1471e,MATEMATIK,$x<0<y$ olduğuna göre $\sqrt{y+\sqrt{x^2-x\sqrt{x^2+y^2}}}$ ifadesi aşağıdakilerden hangisine daima eşittir?,-3xy,-2xy,-xy,xy,3xy,C
ffc6542f-4ecf-5536-bae1-88204ad574f9,EDEBIYAT,"Numaralanmış sanatçı-eser eşleştirmelerinin hangisinde bir yanlışlık yapılmıştır?
I. Suut Kemal Yetkin - Günlerin Getirdiği
II. Vedat Günyol - Orman Işığı
III. Enis Batur - Aciz Çağ
IV. Nurullah Ataç - Karalama Defteri
V. Cemil Meriç - Kültürden İrfana",I,II,III,IV,V,C
6a096024-d440-5563-a6c4-c1d69b3fcbfe,MATEMATIK,$\log_2 (2x+1) \le 1$ eşitsizliğinin çözüm kümesi aşağıdakilerden hangisidir?,"$(- \infty, 1)$","$(- \infty, 1]$","$(- \frac{1}{2}, 1]$","$[\frac{1}{2}, 1]$","$[- \frac{1}{2}, 1]$",C
9337a6e9-5e5a-54a3-bc72-5404e5dcc359,MATEMATIK,$\lim_{x \to a} \frac{x^3 - a^3 - 2ab^2 + 2b^3}{x^2 - a^2}$ ifadesinin eşiti aşağıdakilerden hangisidir?,-4a,-4b,$a+b$,$4a$,$4b$,B
86186de3-8b07-5101-9b2b-749ef18dea00,MATEMATIK,"Bir mağazada satılan iki üründen birinin satış fiyatına %20, diğerinin satış fiyatına ise %30 indirim yapılmaktadır.
Bu mağazadan alışveriş yapan bir kişi her iki üründen birer tane alıp kasada ödeme yapacaktır.
Kasiyer ile müşteri arasında aşağıdaki konuşma geçmiştir.
Kasiyer: Hangi ürüne hangi indirimin yapıldığını bilmiyorum.
Müşteri: Her iki ürün durumda da fiyatları hesaplayıp söyleyebilir misiniz?
Kasiyer: Birinci durumda 660 TL, ikinci durumda ise 690 TL ödemeniz gerekmektedir.
Buna göre, mağazada satılan bu iki ürünün indirimsiz fiyatlarının toplamı kaç TL'dir?",600,700,800,900,1200,D
1a708d86-d6ac-521c-9451-f16da62ef49a,MATEMATIK,"Bir bisikletin gidonuna takılan A, B ve C markalarına ait hız göstergeleri hakkında aşağıdakiler bilinmektedir:
• A ve B markalarında hız göstergesi panelinde yazan hızlar farkının saatte 4 kilometre olduğu,
• B ve C markalarında hız göstergesi panelinde yazan hızlar farkının saatte 5 kilometre olduğu gözlemlenmiştir.
C marka hız göstergesi panelinde yazan hız saatte 15 kilometre olduğuna göre, A marka hız göstergesi panelinde yazan hızın km/sa cinsinden değeri aşağıdakilerden hangisi olamaz?",6,14,16,18,24,E
21d35d6a-3794-5bf5-8171-8442158116d0,TURKCE,"Bir hangi dönemdeyim artık şehirde hayat. Şimdi ""şehir""ler ""kurt""uldu, ""ov""larımız ""rezidans""... Sokaklarında insanlar mevcut değil. Her yer sahipsiz münzevi. Akasya ağaçları kesildi, kavak, söğüt dallarından yaptığımız düşlüğümüz yok. Çeşmemizin yerinde yeller esiyor artık. Çelik çomak oynadığımız sokaklarımız özledik. Çocuk parkları arıyoruz, çocuklarımızın gelişimi mi sağlayacak spor tesislerini arıyoruz. Toz yığınlarından güneşimiz, neredeyse kaybettiğimiz, rüzgârı eli eli esmeyen evleri biz ne yapalım? Kimse birbirine iltifat etmiyor; her yer arsız, hırsız dolu... Tanpınar'ın dediği gibi, ""Bir terbiyenin ve zevkin etrafında oluşmuş bir hayatı, şehri kaybediyoruz."" Bu parçada yazarın asıl özlemini duyduğu aşağıdakilerden hangisidir?",Çocukların çocukluklarını doyasıya yaşayacağı yoğun alanlar,Güven duygusunun fazla olduğu bir dünya,Karmaşanın hüküm sürmediği huzurlu bir şehir hayatı,"Betonlaşmanın az olduğu, geçmiş zaman",Temiz havanın ciğerlere dolduğu bir yaşam alanı,D
36facf9a-373f-5517-8d92-5f1ce0311c61,MATEMATIK,$\int_{0}^{3} |x^2+2x-3| dx$ integralinin değeri kaçtır?,0,1,2,3,4,E
fd18ab56-4789-5058-a288-24de4189513f,MATEMATIK,$|1-\log_2(x-3)|<2$ eşitsizliğini sağlayan kaç tane farklı $x$ tam sayı değeri vardır?,1,2,3,4,5,A
f3c86e00-2431-5709-916f-51b72f9c16f8,MATEMATIK,"İmza günü için yayınevinden mesaj yoluyla belirli sayıda kitap istemeyi planlayan bir yazar, mesajında kitap sayısını yazarken yanlışlıkla birler basamağını yazmayı unutuyor. Yayınevi yazarın bu mesajında yazdığı sayıda kitabı yazara gönderiyor ve yazar gelen kitap sayısının istediğinden $194$ adet eksik olduğunu görüyor.
Buna göre, yazarın imza günü için başlangıçta istemeyi planladığı kitap sayısının basamaklarındaki rakamların toplamı kaçtır?",7,8,9,10,11,D
ba4c368a-604c-57c2-a736-68bb1a3f586e,MATEMATIK,"A, B, x ve y doğal sayılardır. $A = 2^x \cdot 3^4 \cdot 5$, $B = 2^y \cdot 3^x$ olmak üzere, $\text{EBOB}(A, B) = 72$ olduğuna göre, $x + y$ toplamı kaçtır?",5,6,7,8,9,C
63ff2cd1-e79c-5cd3-9b90-faad2aa8d594,MATEMATIK,"$f(x) = \begin{cases} x-1 & x>1 \\ -x-1 & x \le 1 \end{cases}$ olduğuna göre, $lim_{x \to 1^-} (f'(x))$ limitinin değeri kaçtır?",-2,-1,0,1,2,B
ce64d5d8-4669-58b1-8497-05bf4ac1b659,MATEMATIK,"$f: \mathbb{C} \to \mathbb{C}$ fonksiyonu $f(x) = x^2 - 3x + 3i$ biçiminde tanımlanıyor. Buna göre, $(fof)(1 + i)$ aşağıdakilerden hangisidir?",$1 - i$,$1 + i$,$-1 - i$,$-1 + i$,$i$,B
f2cd0726-eca5-52a9-a6ff-5a492a8fca53,TARIH,XVII. yüzyılda imzalanan Karlofça Antlaşması'nın aşağıdaki özelliklerinden hangisi Osmanlı Devleti'nin dış siyasetteki üstünlüğünü kaybettiğinin kanıtı olarak gösterilebilir?,Padişah değişikliğinin yaşanması,Orduda Avrupa'lı subayların yer almaya başlaması,Antlaşmanın 25 yıl süreyle Avusturya'nın garantörlüğünde olmasının kabul edilmesi,İlk defa toprak kaybının yaşanması,Hollanda ve İngiltere'nin Osmanlı'nın topraklarında imtiyazlar elde etmesi,C
5ace1b1f-026a-58ae-8691-314d95661a5f,MATEMATIK,"$f: [-3, 0] \to \mathbb{R}$ olmak üzere, $f(x) = \frac{x^3}{3} - x^2 - 8x - 1$ fonksiyonu veriliyor. Buna göre, $f$ fonksiyonunun alabileceği en küçük değer kaçtır?",-3,-2,-1,0,1,A
92df2500-d167-5e53-b5b7-1f544428ac89,BIYOLOJI,"Bir tarım zararlısı veya paraziti bir popülasyonun başka canlı sayesinde, sayısının belirli oranlarda tutulmasına biyolojik mücadele denir. Buna göre farklı canlılar için uygulanan
I. ekonomik değeri olan bitkilere zarar veren böcekleri öldürmek için DDT gibi zehirli ilaçların kullanılması,
II. bir besin piramidindeki I. dereceden tüketici zararlılarının olumsuz etkisini azaltmak için II. dereceden tüketici olan canlıların sayısını artırma,
III. sivrisineklerin zararlarından korunmak için, ekosistemlerde sivrisinek yavrularıyla beslenen canlıların sayısını artırma
yöntemlerinden hangileri, biyolojik mücadeleye örnek verilebilir?",I ve II,II ve III,Yalnız I,Yalnız III,Yalnız II,B
e3e732a7-9b59-5d7f-b511-036362f85090,MATEMATIK,"$a$ bir gerçel sayı olmak üzere, $f(x) = \begin{cases} x^2 - ax & , x < 1 \\ x^2 + a & , x \ge 1 \end{cases}$ biçiminde tanımlanan $f(x)$ fonksiyonunun yalnız bir noktada limiti yoktur. Buna göre, $a$'nın alamayacağı değerler toplamı kaçtır?",2,1,0,-1,-2,C
cbd25a20-5322-5e9e-a094-65cbb21f7af4,MATEMATIK,"Aşağıda dik koordinat düzleminde birim çember ve bir köşesi yarım çember üzerinde olan OKLM dikdörtgeni verilmiştir. $m(\widehat{MLN}) = \alpha$, $|ONI| + |NLI| = \frac{3}{2}$ birim. Buna göre, boyalı bölgenin alanı kaç birimkaredir?",$\frac{1}{4}$,$\frac{3}{7}$,$\frac{5}{8}$,$\frac{3}{2}$,$4$,C
a689f9f8-97e4-55ac-acbf-41a5d16adadd,TURKCE,"(I) Doğada hiçbir yerde dikdörtgene rastlanmaz ama şehirlerde her yerdedir. (II) Dikdörtgen; yatay ve dikey hatları ve dik açılarıyla sağlamlığın ve dörtgenin sembolüdür. (III) Dikdörtgen aynı zamanda bir çerçevedir ve etrafımızdaki nesneleri ve dünyayı çerçeveleyerek algılama sağlar. (IV) Çocuk resimlerini dikdörtgen çerçevelere konmaması, dış hatlarının belirsiz bırakılması bu yüzden tavsiye edilmektedir. (V) Dikdörtgen uygarlığın sembolüdür. Bu parçada numaralanmış cümlelerin hangisinden sonra ""Pencereler, kapılar, futbol sahaları, binalar, eşyalar hep dikdörtgen biçimindedir."" cümlesi getirilebilir?",I,II,III,IV,V,A
ccbab002-784d-52ef-9d1d-db3a8099c13f,TURKCE,"Bir cümlede yer alan bilgilere dayanarak cümle ile ilgili çeşitli yorumlar yapılabilir. Bu yorumlar bir şekilde ana fikirle ilgilidir. ""Çıkarılabilecek kesin yargı"" sorusunda bu yorumların ayırt edilmesi ve ayıklanması istenir. ""Bir cümleden çıkarılacak kesin yargı""yı bulmamız istendiğinde seçeneklerde çoğunlukla cümle ile ilgili yorumlar yer alır. Yorumun yer almadığı, genellikle nesnel- yargı kesin çıkarılabilen yargıdır. Aşağıdaki cümleyi ""çıkarılabilecek kesin yargı"" yönüyle inceleyelim:
1967 yılının son aylarında 73 yaşında iken ölen ve ilk filmini 1919'da yapan Julien Duvivier, ölümünden birkaç gün öncesine kadar ""Şeytan Ruhlu Kadın"" filmi üzerinde çalışıyordu.
Bu cümleden Duvivier ile ilgili ""kesin olarak"" çıkarılabilecek yargıyı arayalım:
• Duvivier çok sayıda film yapmıştır.
Bu yargı çıkarılamaz, çünkü cümlede ""sayı"" ile ilgili bilgi yok. ""Çok sayıda"" sözü bir yorumdur.
• Duvivier'in ilk filmi kadınlar üstünedir.
İlk filminin tarihi cümlede var ama konusu yok. Böyle bir yargı çıkarılamaz.
• Duvivier ilk filminden sonra film çekmemiştir.
Bu bilgiye ulaşabileceğimiz bir ifade cümlede yer almıyor.
• Duvivier, ölümünden kısa bir süre öncesine kadar film çalışmalarına devam etmiştir.
Bu yargı cümleden kesin olarak çıkarılabilir. Çünkü cümlede ""ölümünden birkaç gün öncesine"" sözü ""kısa bir süreye"" götürür bizi. Üzerinde çalıştığı filmin adı da cümlede yer alıyor.
Yapılan bazı araştırmalara göre yaşamdan tatmin olma ve mutlu olma hissi, 65-79 yaşları arasında en üst noktaya çıkıyor ve kendine güvenen yaşlı insanlar, yaşamlarından daha önce hiç olmadığı kadar keyif alıyor.
Bu cümleden kesin olarak çıkarılabilecek yargı aşağıdakilerden hangisidir?","65-79 yaş aralığındaki insanlar, birçok çalışmaya ve araştırmaya konu olmuştur.","İnsanlar, 65 yaşından sonra mutlu olmaya başlamış ve kendine güveni artmıştır.","79 yaşından önce birçok insan, yaşamdan nasıl zevk alacağını bilmeden yaşamıştır.",65-79 yaş aralığı dışında kalan insanlarda kendine güven ve mutluluk duygusu eksiktir.,"Birtakım verilere göre insanların kendini en mutlu hissettiği dönem, 65-79 yaş aralığıdır.",E
81b212ef-699b-5fd8-9e7f-7dc31dc572ae,MATEMATIK,$x$ gerçel sayısı için $|x-8|=6x+22$ eşitliğine ait çözüm kümesi aşağıdakilerden hangisidir?,$\{-6\}$,$\{-2\}$,$\{- \frac{11}{3}\}$,"$(-6, -2)$",$\emptyset$,B
5b99db06-0113-5e3b-bc92-34df7aed0e2f,MATEMATIK,$|x-5| + |x+2| + |x-2|$ ifadesinin alabileceği en küçük değer kaçtır?,7,10,11,12,13,A
07dfc4bd-1202-5c5c-b594-4403c3034f25,FIZIK,"Dünyadan gözleyebildiğimiz birçok galaksiden gelen ışık tayflı kırmızıya kayarken, X galaksisinden gelen ışık tayfı maviye kaymaktadır. Buna göre, I. X galaksisi Dünya'ya yaklaşmaktadır. II. X galaksisinden gelen ışınların sürati, diğer galaksilerden gelen ışınların süratinden küçüktür. III. Işığı kırmızıya kayan galaksiler Dünya'dan uzaklaşmaktadır. yargılarından hangileri doğrudur?",Yalnız I,I ve II,I ve III,II ve III,"I, II ve III",C
2367211f-be2d-5ecf-8033-8ce4f0857a53,KIMYA,"I. 0,1 mol $H_2SO_4$
II. 0,1 mol $Ba(OH)_2$
III. 0,2 mol LiOH
Verilen bazılardan hangileri artansız tepkime verir?",Yalnız I,Yalnız II,Yalnız III,I ve II,I ve III,E
6d671e52-c019-588d-9c6f-3c82f79f69b0,EDEBIYAT,"“Çamlıca'daki Eniştemiz” romanında sahip olduğu bütün gösterişli eşyalara, tattığı çeşitli çeşit yemeklere, yaşa-dığı eğlencelere rağmen Hacı Vamık Bey, “rahatını hiç-bir zaman bulmuş” değildir. Yıllar yılı hayaliyle avunduğu Çamlıca Köşkü, daha tamir görmeden, bozonip öldüğü kı-vamına gelmeden önce bile Hacı Vamık Bey, rahatı daima başka bir yerde bulacağını ummuştur. Ömrünün son za-manlarında ise daha ufak, daha yumuşak ve daha sıcak bir başka yuva hayaliyle mutluluğu aramıştır.
Bu parçada tanıtılan romanın yazarı aşağıdakilerden hangisidir?",Peyami Safa,Tarık Buğra,Samim Kocagöz,Ahmet Hamdi Tanpınar,Abdülhak Şinasi Hisar,E
120d1371-d5e1-591b-8672-5e4574800ff1,MATEMATIK,"$0 < x < \frac{\pi}{2}$ olmak üzere, $\sec x \cdot \tan x \cdot (1 - \sin x) = \frac{1}{4}$ olduğuna göre, $\csc x$ değeri kaçtır?",$\frac{3}{2}$,$\frac{5}{2}$,$\frac{7}{2}$,2,3,D
bf46fce5-0f23-5962-abb8-40dccb3b4df4,BIYOLOJI,Ökaryot bir hücrede bulunan aşağıdaki yapılardan hangisi koful oluşumuna katılmaz?,Lizozom,Hücre zarı,Golgi aygıtı,Sentrozom,Çekirdek zarı,D
466588b3-42b3-5101-ad47-5a60f41d1186,MATEMATIK,"Şeker oranı %20 olan 40 kilogram şekerli suya, 30 kilogram şeker ve 30 kilogram su katılıyor. Son durumda oluşan karışımın şeker oranı % kaç olur?",35,38,40,42,45,B
af1cf480-fc79-5685-9ee5-c60d0f28687a,MATEMATIK,"$n$ bir pozitif tam sayı ve $a$ sıfırdan farklı bir gerçel sayı olmak üzere derecesi $n$, baş katsayısı $a$ olan bir $f$ polinom fonksiyonu için $[(f(x))^2]'' = (f'(x))^4$ eşitliği sağlanıyor. Buna göre $a \cdot n$ çarpımı kaçtır?",$\frac{1}{4}$,$\frac{1}{3}$,$\frac{1}{2}$,$1$,$2$,C
c53ebc6e-7a30-5339-bd21-58ee107b450e,KIMYA,"1 litrelik sabit hacimli kapta $1^{\circ}C$'de 3 mol X gazı ile başlatılan tepkime
$2X_{(g)} + Y_{(g)} \rightleftharpoons Z_{(g)}$
denklemine göre dengeye ulaşıyor.
Tepkimenin derişimler cinsinden denge sabiti $(K_c)$ $\frac{1}{16}$ olduğuna göre, dengedeki X gazının mol sayısının Z gazının mol sayısına oranı kaçtır?",$\frac{1}{4}$,$\frac{1}{2}$,1,2,4,D
c4eb832f-2a93-5762-843e-55e14e61e536,MATEMATIK,$y = x^2 - 4x - 5$ eğrisi üzerinde $y = 2x - 10$ doğrusuna en yakın olan noktanın koordinatları aşağıdakilerden hangisidir?,"$(1, 0)$","$(-1, -8)$","$(2, 7)$","$(3, 16)$","$(-2, -9)$",A
f345b6b0-ee4d-5c2a-b119-af97327c80a0,MATEMATIK,"İçinde belli miktarda su bulunan A ve B kapları ile ilgili olarak aşağıdakiler bilinmektedir:
• A kabının %30'u, B kabının %80'i su ile doludur.
• B kabında bulunan suyun %40'ı A kabına aktarılırsa her iki kaptaki su miktarları eşit olmaktadır.
Buna göre, A kabının hacminin B kabının hacmine oranı kaçtır?",$\frac{7}{15}$,$\frac{8}{15}$,$\frac{3}{5}$,$\frac{2}{3}$,$\frac{11}{15}$,B
e22059b9-cd78-55d1-9b1b-f5f12ee41eb2,MATEMATIK,"$x$ ve $y$ ardışık çift doğal sayılardır. $(x-y) \cdot (x+y) = 84$ olduğuna göre, $x \cdot y$ çarpımı kaçtır?",180,224,288,360,440,E
5780bd5e-7767-5a83-8f2e-c599e28bccd2,MATEMATIK,Tabanı 4 olan iki sayının kuvvetleri ardışık iki tek sayıdır. Bu sayıların farkı 960 olduğuna göre büyük sayı kaçtır?,64,256,1024,2048,4096,C
698f33de-1075-57f3-9eb6-3b6161934d2d,MATEMATIK,"$f: \mathbb{R} \to \mathbb{R}$ olmak üzere, $f(x) = \begin{cases} x^2-4x & x \le 5 \\ 10-x & x > 5 \end{cases}$ olduğuna göre, bu fonksiyonun var olan yerel ekstremum değerleri toplamı kaçtır?",1,3,2,4,5,B
fa0b8286-5975-5a99-abc9-9b766cd00a56,KIMYA,"I. N$_{2(g)}$ + O$_{2(g)}$ $\rightarrow$ 2NO$_{(g)}$ $\Delta H^{\circ}$ = +180 kJ
II. CO$_{(g)}$ + $\frac{1}{2}$O$_{2(g)}$ $\rightarrow$ CO$_{2(g)}$ $\Delta H^{\circ}$ = -280 kJ
Verilen tepkimelerle ilgili aşağıdaki açıklamalardan hangisi yanlıştır?","I. tepkime ısı alan, II. tepkime ısı verendir.",NO gazının standart oluşum entalpisi 90 kJmol$^{-1}$'dür.,CO$_{2(g)}$ gazının standart oluşum entalpisi -280 kJmol$^{-1}$'dür.,N$_2$ gazının molar yanma ısısı 180 kJ'dür.,CO gazının molar yanma ısısı -280 kJ'dür.,D
824f4579-5fd3-5db6-b10e-55de020096da,MATEMATIK,"$f^{-1}(g(x))=x+1$ ve $g^{-1}(f(x))=x-a-2$ olduğuna göre, $a$ kaçtır?",-1,0,2,1,-2,C
7d2e8bf2-eaf9-540f-9a5e-cd38ff0a40a1,KIMYA,"$CaSO_4 \cdot nH_2O$ bileşiğindeki n'in sayısal değerini bulmak için;
I. $H_2O$ nun mol kütlesi
II. $CaSO_4$ ün mol kütlesi
III. $CaSO_4$ ün bileşikteki kütlece yüzdesi
niceliklerinden hangilerinin bilinmesi gereklidir?",Yalnız II,I ve II,I ve III,II ve III,"I, II ve III",E
bfdb67c4-a981-5d62-b5a9-4f6c93cad762,MATEMATIK,"$\frac{\sin 3x}{\sin x} = a$ olduğuna göre, $\frac{\cos 3x}{\cos x}$ ifadesinin $a$ türünden eşitliği aşağıdakilerden hangisidir?",$a+1$,$a-1$,$a$,$a-2$,$a+2$,D
dcc3de8b-f731-5d96-abf4-eda24932b5f4,TARIH,Eski Türk devletlerinde hapis cezalarının kısa süreli olmasının nedeni aşağıdakilerden hangisi olabilir?,Yerleşik yaşam tarzının benimsenmemesi,Gök Tanrı dinine inanılması,Farklı kültürlerle etkileşim içerisine girilmesi,Savaşçı toplum yapısının gelişmesi,Veraset sisteminin uygulanması,A
e6f38c8c-0510-5264-9748-1a369a6a9dba,TURKCE,"Tiyatro ve sinemada, izleyicinin bütün dikkatini sahneye ve perdeye yönelmesini sağlayacak bir yerleşim ve ışık düzeni kurulur. Dikkat dağılmaması için, geç gelenler salona alınmaz. Buna rağmen, en iyi koşullarda bile, bir filmin ancak %60'ının görülebildiği, %40 ayrıntının dikkatten kaçtığı saptanmıştır. Bu oranın, radyo ve televizyon yayınlarında daha da düştüğü kabul edilebilir. Çünkü radyo ve televizyon, genel olarak, günlük hayatın akışı içinde takip edildiği için kişi yayından zaman zaman kopar. ----
Bu parçanın sonuna düşüncenin akışına göre aşağıdakilerden hangisi getirilmelidir?","Yetişkinlerin düz bir konuşmayı dikkatle dinleme süresi, genel olarak radyoda beş dakika, televizyonda on dakikada olduğu saptanmıştır.",Ancak bunda senaryonun özgün veya çeviri olmasının yanında ses ve görüntü efektlerinin de etkisi vardır.,Radyo ve televizyon dizilerinde bir sinema tekniği olan geriye dönüşlerle ayrıntıların pekiştirilmesindeki ana neden budur.,"Uzun süreli bir program, oyunu veya filmi dikkatle izleme süresi yaş ve ilgiyle ilişkilendirilebilir.",Kimi zaman çizgi filmler ve radyo oyunları gibi çocuklar için hazırlanmış programları yetişkinler de aynı ilgi ve dikkatle izleyebilir.,C
86eb5350-ff28-5849-bc0e-7e272cb638b2,EDEBIYAT,I. Divan edebiyatının en uzun nazım biçimidir. II. Aruz ölçüsü ile oluşturulur. III. Her beyit kendi arasında uyaklıdır. IV. Uzun olayların şiirleştirilmesinde kullanılır. V. Kısa aruz kalıpları kullanılır. Yukarıdaki numaralanmış cümlelerde özellikleri verilen nazım biçimi aşağıdaki eserlerden hangisiyle ilgili olamaz?,Harname,Hayrabat,Cengname,Keşfü'z Zünun,Vesiletü'n-Necat,D
cee3ffd9-12c5-53bf-a454-a5778367a713,GEOMETRI,"ABCD eşkenar dörtgeninde, [DB] köşegeni ile [AE] doğru parçası çizilip bu iki doğru parçasının kesişme noktası F olarak isimlendiriliyor. $m(\widehat{AFD}) = 45^\circ$ ve $|FB| = 4$ cm olduğuna göre, $A(ABCD)$ kaç $cm^2$dir?",24,36,48,60,72,C
a89f089b-c898-54fe-8dcd-22f514589ee2,MATEMATIK,Kasaplık yapan Hasan'ın iş yerindeki tartı bozuk olduğu için tartılan ürünlerin ağırlığı %10 oranında eksik tartılmaktadır. Hasan bir kilogramının maliyet fiyatı 600 TL olan etin kilogramını 900 TL'den satmaktadır. Hasan'ın bir günde bu tartıyla tartmış olduğu et miktarının hatalı sonucu 81 kg olduğuna göre etin tamamının satışından elde edilen bir günlük toplam kârı kaç TL olur?,17400,17800,18200,18900,21200,D
1101f53e-78de-5357-82a2-5a695eef5de0,MATEMATIK,$\int \frac{4d(\sqrt{x})}{x}$ ifadesinin eşiti aşağıdakilerden hangisidir?,$\frac{1}{\sqrt{x}}+c$,$\frac{4}{\sqrt{x}}+c$,$4\sqrt{x}+c$,$4\ln x+c$,$4\sqrt{x}$,B
9fb96275-e34f-5bf5-8349-b0ee64593f3d,MATEMATIK,"$0 < x < 1$ olmak üzere, aşağıdaki kutuların içerisine çarpma ($\times$), toplama ($+$) ve bölme ($\div$) sembollerinden biri yazıldığında, a, b ve c sayıları elde ediliyor.
$x^2 \square x^8 = a$
$x^3 \square x^4 = b$
$x^5 \square x^6 = c$
$a < b < c$ olduğuna göre, kutuların içerisine yazılan semboller yukarıdan aşağıya doğru sırasıyla aşağıdakilerden hangisinde verilenler olabilir?","$\times, +, \div$","$\div, \times, +$","$+, \div, \times$","$\div, +, \times$","$+, \times, \div$",D
87742130-cbad-58df-9711-c9198f872d2b,KIMYA,"Merkez atomun hibrit orbitalleri, $1s^2 2s^2 2p^1 (sp^3)^1 2p^1 2p^1$ şeklinde olan bir molekül, I. $CH_3OH$ II. $HCOOH$ III. $HCN$ yukarıdakilerden hangileri olamaz? ($_1H, _6C, _7N, _8O$)",Yalnız I,Yalnız II,Yalnız III,I ve III,II ve III,E
507e6d29-4ba4-5ea9-8c11-31c13f291117,MATEMATIK,"$g(x) = \sqrt{f(2x)}$ fonksiyonu veriliyor. Buna göre, $g'(x)$ aşağıdakilerden hangisine eşittir?",\frac{f'(2x)}{\sqrt{f(2x)}},\frac{2f'(2x)}{\sqrt{f(2x)}},\frac{f'(2x)}{2\sqrt{f(2x)}},$2f'(2x)$,$f'(2x) \cdot \sqrt{f(2x)}$,A
4f8388e4-15cd-5e93-8ab8-bf07e4e1a102,EDEBIYAT,"I. Savaş, kavga gibi saldırgan hareketlerden dolayı sanatçılar yapıtlarında iç dünyalarına yönelmişlerdir.
II. Evrenin hareket ve canlılığı, resimde dinamik bir duruma hâlinde verilmelidir.
III. Kurucusu Rus şair Mayakovski'dir. Türk edebiyatında en önemli temsilcisi Nazım Hikmet'tir.
IV. Hızın, süratin güzelliği vurgulanarak uçaklara, arabalara, trenlere övgüler yağdırılır.
Bu numaralanmış cümlelerin hangisinde fütürizm akımıyla ilgili bilgi yanlışı yapılmıştır?",Yalnız I,Yalnız II,Yalnız III,I ve IV,III ve IV,A
6a7c3ba2-938c-5e96-9333-cf824e3be6e5,FIZIK,"Aydınlatma teknolojisinde çığır açan mavi led, aşağıdakilerin hangisinde kullanılamamaktadır?",Ev ve araba aydınlatmaları,HD görüntülü televizyonlar,Sokak ve trafik ışıkları,Cep telefonları,Göz ameliyatı,E
49d108f9-7350-5032-aab5-c9160b313412,MATEMATIK,"$rac{a}{2b} + rac{b}{2c} = rac{1}{12}$ ve $rac{1}{a} + rac{1}{b} + rac{1}{c} = 12$ olduğuna göre, $a$ kaçtır?",24,12,4,2,$rac{1}{12}$,A
511f831a-b0df-51a7-bc2f-eec44f19b3cc,MATEMATIK,"$f(x)=x^3-3x+2$ fonksiyonunun
• $A(a,b)$ noktasındaki teğeti $y=x$ doğrusuna paralel,
• $B(c,d)$ noktasındaki teğeti ise $y=\frac{x}{5}$ doğrusuna diktir.
Buna göre, $a+c$ toplamı kaçtır?",0,1,2,3,4,A
752a06a0-3aa4-5c62-86b3-11c846828cc3,EDEBIYAT,"Yazar: Orhan Kemal'in romanlarında otobiyografik ögeler bulmak hiç de zor değil. Gençlik yıllarını anlattığı romanının yanı sıra eşinin yaşamına da yer verdiği romanı vardır. Eleştirmen: — Sadece anılarını anlattığı roman değil Çukurova'ya ça-lışmaya gelen İflahsızın Yusuf, Pehlivan Ali ve Köse Hasan'ın yaşadıklarını da ben çok önemsiyorum. Fakat benim ön-de gelen eser, Güllü'nün yaşadığı süreci ve değişimi anlattığı eseridir. Yazar: — Sen Güllü deyince benim aklıma da bekçi geldi. Onun kural-lara olan aşırı bağlılığı ve çocuklarına yaşattığı trajedi de kayda değerdir. Eleştirmen: — Senin Orhan Kemal'in romanlarında yaşam gerçekliğinden süzülüp gelen bir şeyler var. Bu da toplumcu bakış açısının ya-zardaki hassasiyetin esere yansımasıdır, diyebiliriz. Benim acı-dığım karakterlerden biri de Ahmet Kaptan'dır. Bu diyalogdan hareketle aşağıdakilerden hangisine ulaşılamaz?","Yazar, Cemile adlı romanı okumuştur.","Eleştirmen, Bereketli Topraklar Üzerinde romanını önemse-mektedir.",Eleştirmen EkmeK Kavgası'ndaki kişilerin etkisinde kalmıştır.,"Eleştirmenin en beğendiği eser, Hanımın Çiftliği'dir.","Yazar, Murtaza romanındaki olaylardan etkilenmiştir.",A
35c69ec6-e5ae-5f1c-974b-39caac582dd8,KIMYA,"$_{15}P^{3-}$, $_{18}Ar$ ve $_{20}Ca^{2+}$ taneciklerinin yarıçaplarının karşılaştırılması aşağıdakilerden hangisinde doğru verilmiştir?",$P^{3-} = Ar = Ca^{2+}$,$P^{3-} > Ar > Ca^{2+}$,$Ca^{2+} > Ar > P^{3-}$,$P^{3-} > Ca^{2+} > Ar$,$Ca^{2+} > P^{3-} > Ar$,D
24f59975-8d06-5ce5-a342-6856decc764f,MATEMATIK,"$f(x)=x^2$ ve $g(x)=3x$ olduğuna göre, I. $(f+g)'(x)=2x+3$ II. $(f-g)'(x)=2x-3$ III. $(f+2g)'(x)=2x+6$ ifadelerinden hangileri doğrudur?",Yalnız I,I ve II,Yalnız III,I ve III,"I, II ve III",E
a0f984ac-81f0-5064-aa0b-aeef7a65ca42,MATEMATIK,"$f: \mathbb{R} \to \mathbb{R}$
$f$ birim fonksiyondur.
$f(x+g(x)) = 3x - g(x)$ eşitliği veriliyor.
Buna göre, ifadelerinden hangileri doğrudur?
I. $g$ birim fonksiyondur.
II. $f(7) = 7$
III. $g^{-1}(\frac{1}{2}) > \frac{1}{3}$",Yalnız I,Yalnız II,I ve II,I ve III,"I, II ve III",E
b4fc42e9-bc33-5f46-8c04-5031b102c6bb,EDEBIYAT,"Yaratıcı âşıklarca yazılan şiirlerdir. Daha çok Alevi-Bektaşi ozanlarınca kullanılmıştır. Allah'ın cemal sıfatı ön plana çıkarılmıştır. Yaratıcının cezalandırıcı özelliği ön plana çıksa da asıl kastedilen onun bağışlayıcı özelliğidir. Kaygusuz Abdal, bu türün önemli şairlerindendir.
Bu parçada sözü edilen şiirin nazım türü aşağıdakilerden hangisidir?",Nutuk,deme,Şathiye,Devriye,Nefes,E
7e7cabab-1b96-5f02-8e53-e62f35c6c3f9,MATEMATIK,"Yalnızca fındık ve şekerden oluşan bir fındık ezmesi tarifinde fındık ve şeker belirli bir oranda karıştırılmaktadır. Bu tarife göre; 21 kilogram şeker ve 42 kilogram fındığın bulunduğu birinci imalathanede fındık ezmesi üretildiğinde yalnızca 9 kilogram şekerin arttığı, 16 kilogram şeker ve 64 kilogram fındığın bulunduğu ikinci imalathanede fındık ezmesi üretildiğinde yalnızca belirli miktarda fındığın arttığı görülmüştür. Buna göre, ikinci imalathanede artan fındık miktarı kaç kilogramdır?",6,8,9,10,12,B
717e6ae1-4fe5-5c25-b47c-4f3d279bebb8,FIZIK,Compton olayında gelen foton ile saçılan foton arasındaki dalga boyu farkı aşağıdakilerden hangisine bağlıdır?,Gelen fotonun frekansına,Gelen ve saçılan foton arasındaki açıya,Elektronun saçılma enerjisine,Gelen fotonun dalga boyuna,Elektronun yüküne,B
94436158-d244-5c5c-b7df-f8caf3f614b9,TARIH,"Toplumlar belli bir yılı takvimlerine başlangıç olarak esas almışlardır. Örneğin Mısırlılar ve Babiller her saltanat dönemini, Yahudiler yaradılış gününü, Yunanlar ilk olimpiyatları, Romalılar Roma'nın kuruluşunu, Müslümanlar hicreti takvimlerine başlangıç olarak almışlardır. Bu bilgilere göre takvimlerin başlangıç yıllarının belirlenmesinde aşağıdakilerden hangisinin esas alındığı savunulabilir?",İnsanların karşılaştığı büyük doğal afetler,Devletlerin kuruluş tarihleri,Takvimlerin ilk kullanıldığı yıllar,Toplumların yaşamlarındaki önemli olaylar,Önemli icatların yapıldığı dönemler,D
af62bb4c-58da-55a1-b81e-14ecacefc33b,MATEMATIK,"$i^2=-1$ olmak üzere, $\sqrt{-63}+\sqrt{-67}+i^{108}$ işleminin sonucu kaçtır?",$i$,$1$,$-i$,$-1$,$0$,D
c09f21dd-9cfe-5a3a-8c8f-d34a32ad83ad,TARIH,Osmanlı Devleti sanayileşme anlamında Avrupa'nın gerisinde kalmamak için fabrikalar kurmasına rağmen istediği verimi alamamasının nedeni aşağıdakilerden hangisidir?,Nitelikli personelin olmaması,Ham maddenin dışarıdan alınması,Sendikaların kurulmaması,İşçi-patron rekabetinin başlaması,Devülasyon yaşanması,A
0903afee-d052-530b-8c40-2cb93fa640cb,KIMYA,"$Ti^{2+}$ iyonunun 1 yarı dolu 9 tam dolu orbitali vardır.
Buna göre, nötr $Ti$ atomu için;
I. Metaldir.
II. 11 tam dolu orbitali vardır.
III. Boş $d$ orbitalleri vardır.
yargılarından hangileri doğrudur?",Yalnız I,Yalnız II,Yalnız III,I ve II,"I, II ve III",D
1b67ef3c-ae89-5ab3-bb14-329a7a4e5bad,TURKCE,"Günlük hayatta çocuğunuz, evden okula gider ve okuldan sonra tekrar eve gelir. Bu arada varsa sosyal faaliyetlere verilen getirir. Bu durumda çocuğunuzun çok daha tehlikeli bir yaşaması yoktur ve çocuğunuz hem sizin sağladığınız hem de okulun sağladığı güvenli ortamda bulunur. Ancak çocuğunuz, sanal ortamlara girdiğinde bu kadar güvende değildir. Çünkü sosyal medya mecralarında çocukların güvenle dolaşabileceği sayfaların yanında şiddet ve kötü alışkanlıklar içeren sayfalar da bulunmaktadır. Çocukları günlük hayatta bu tür tehlikelerden uzak tutmak mümkündür ama sosyal medyada bu tür tehlikeli içeriklerden uzak tutmak, çok kolay değildir.
Bu parçanın anlatımında aşağıdakilerin hangisinden yararlanılmıştır?",Tanımlama,Öyküleme,Sayısal verilerden yararlanma,Karşılaştırma,Tanık gösterme,D
4ff15d94-06d6-5217-ae29-7d05c32d52b6,TURKCE,"(I) Türkiye'nin bazı yörelerinde geleneksel etkinliklerin sayısı giderek azalıyor. (II) Edirne'nin Keşan ilçesine bağlı Çamlıca beldesi hor yıl ilgi çekici, geleneksel bir etkinliğe ev sahipliği yapıyor. (III) Bocuk Gecesi denilen bu özel gecede kabak tatlıları yeniyor, insanlar birbirini korkutuyor; şenlik, tılsım, bolluk ve bereket iç içe geçiyor. (IV) Bocuk, kışın en soğuk gecesini temsil ediyor. (V) Bu yüzden bu eski âdetin insanın kimi zaman anlaşılmaz ve ürkütücü olan doğa olaylarından kaçma, doğayla barışık olma arzusundan kaynaklandığı düşünülüyor. Bu parçada numaralanmış cümlelerden hangisi düşüncenin akışını bozmaktadır?",I,II,III,IV,V,A
e1e8d905-e823-5856-a908-be6de166e6a1,TURKCE,"(I) Hem bir doğaya dönüş öyküsü hem de bir doğal aşk övgüsü kabul edilen Paul ve Virginie, Hint Okyanusu'ndaki Mauritius Adası'nda geçer. (II) Roman, başlarına gelen felaketler yüzünden adaya sığınan iki kadının çocukları arasındaki tutkulu aşkı anlatır. (III) Türkçeye 1870'li yılların çevirmenleri hemen ardından Paul ve Virginie, toplumsal romanlardaki genç kızların baş ucu kitabı olur. (IV) Avrupa'daki okurların yanı sıra Zeynep, Sezgineşekteki Dilber okurlarıdır bu romanın. (V) Sevda Peşinde'de sevmediği adamla evlendirilen, kendi yaşamını Virginie'ninkine benzetip iç geçiren Aynur Hanım'ın da okumuştur o ilgi anıtını. (VI) Doğallık üzerine kurulu bu roman, Tanzimat edebiyatı kararları için kendini gerçekleştirmekten başkası olma arzusuyla ilişkisini gösteren bir anlatıya dönüşür. Bu parça iki paragrafa ayrılmak istense ikinci paragraf numaralanmış cümlelerin hangisiyle başlar?",II,III,IV,V,VI,C
fe5a42c9-099e-5728-9fb2-7d23a3a07e57,MATEMATIK,"Bir dizinin ilk $n$ teriminin çarpımı $P_n=\frac{n+3}{n-2}$ olduğuna göre, I. Bu dizinin ilk terimi $\frac{4}{10}$'tür. II. Bu dizinin 10. terimi $\frac{13}{12}$'dir. III. Bu dizinin genel terimi $a_n=\frac{n-3}{n-1}$'dir. ifadelerinden hangileri doğrudur?",Yalnız I,I ve II,I ve III,II ve III,"I, II ve III",B
e3928cb5-9e8d-596d-befa-f310860c181d,FIZIK,"Bir ışık demetinin metal bir yüzeyden elektron koparılabilmesi; I. yüzeye düşürülen ışığın şiddeti, II. metalin bağlanma enerjisi, III. yüzeye düşürülen fotonların frekansı niceliklerinden hangilerine bağlıdır?",Yalnız I,Yalnız II,II ve III,I ve II,"I, II ve III",C
44722224-25f5-5704-987c-4bce28e9cf26,BIYOLOJI,"Bitkilerde buhar halinde su atılmasına terleme, sıvı halde su atılmasına ise damlama denir. Terleme ile sadece su atılırken, damlama ile su ile birlikte mineral atımı da olur. Bitkilerdeki bu durum, insanlarda da gözlenmektedir. Nem oranı azaldığında veya rüzgârlı havada terleme; nem oranı arttığında veya rüzgâr azaldığında damlama artar.

Bu bilgilere göre;
I. İstanbul gibi nem oranı yüksek olan yerlerde, yazın sıcak günlerinde terleme vücut sıcaklığını düşürmekte yetersiz kalır.
II. Sıcak ve nemli ortamlarda insanların elbiselerinde oluşan beyaz lekeler mineral izidir.
III. Rüzgâr, havadaki nemi dağıtarak terlemeyi kolaylaştırınca damlama daha az gerçekleşir.

ifadelerinden hangileri doğrudur?",Yalnız I,Yalnız II,Yalnız III,I ve II,"I, II ve III",B
9d0318c9-140b-564d-963a-8fa4b369e0b7,TURKCE,Aşağıdakilerin hangisinde parça ile başlık arasında tutarsızlık vardır?,"Alzaymırdan Korunmanın Yolu: Hareket
Günlük hayatta durağanlıktan kurtulmak; zihinsel, fiziksel ve psikolojik olarak metabolizma sağlığını ve işlevselliğini geliştirir. Belirli aralıklar ile egzersiz yapmak alzayırma karşı da etkilidir.","Mutluluk İçin Önce Başarı
Mutlu hissetmek için başarının peşinden gitmemiz gerektiği fikri, pek çok toplumda artık peşinen kabul edilmiş durumda. Bu yüzden çoğu insan başarıyı bir çubuğa asılmış havuç gibi kovalıyor. Sorun şu ki denklem geriye doğru olabilir.","Kök Hücre Tedavisi Görme Yetisini Geri Kazandırıyor
Sıra dışı bir kök hücre nakli, komealarındaki ciddi hasar nedeniyle bulanık gören üç kişinin görmesini önemli ölçüde iyileştirdi. Operasyondan iki yıl sonra ciddi bir sorun ortaya çıkmadığı ve dışarıdan bakıldığında her üç korneanın da eskisinden çok daha şeffaf göründüğü belirtiliyor.","Çocuklar Yetişkinler Kadar Kolay Üşümez
Bebeklik, çocukluk ve ergenlik çağlarında vücudu doğrudan ısıtabilmek için yeterli miktarda bulunan kahverengi yağ doku, yaş aldıkça azalma eğilimindedir. Bu durum, yetişkinlerin çocuklardan neden daha kolay üşüdüğü konusunda bize önemli bir ipucu verir.","Ağaçlar Kalp Sağlığına İyi Geliyor
Karaciğer tarafından üretilen bir protein olan CRP değeri-rinin sağlıkla ilişkilerde düşük olması beklenir. Yüksek olması ise kalp krizi ve diğer kardiyovasküler hastalıkların yanı sıra kanser gibi sağlık sorunlarıyla ilgilidir. Ağaç yoğunluğunun artmasıyla düşen CRP miktarının, kalp krizi ve kanser gibi hastalıklardan ölüm riskinde %10 ila 15 oranında azalma meydana getireceği ifade ediliyor.",D
c06eb021-4a3d-5aee-8e95-49748b5277e6,MATEMATIK,"Gerçek sayılar kümesi üzerinde sürekli olan bir $f$ fonksiyonu $f(x)=\begin{cases} 2x+1, & x<0 \ ax^2+b, & x \ge 0 \end{cases}$ biçiminde tanımlanıyor. Buna göre, I. $g(0)=2$ II. $\lim_{x \to 0^-} g(x)=1$ III. $f'(0)=0$ ifadelerinden hangileri doğrudur?",Yalnız I,Yalnız II,Yalnız III,I ve II,II ve III,B
4b7e34dd-2c37-52d0-941f-b67aa0b10ed3,TARIH,"I. Şıhne: Türk - İslam devletlerinde eyaletleri yöneten askerî vali II. Hacip: Türk - İslam devletlerinde divan üyeleri ile sultan arasındaki yazışmaları, görüşmeleri düzenleyen görevli III. Kadıü'l-kudat: Ele geçirilen toprakların kaydını tutan divan üyesi IV. Muhtesip: Esnafları, fiyatları denetleyen ve çarşı pazarda düzeni sağlayan görevli V. Tigin: İlk Türk devletlerinde kağanın çocuklarına verilen unvan Türk kültürüne ait yukarıdaki eşleştirmelerden hangisi yanlıştır?",I,II,III,IV,V,C
5b493112-f76d-58c1-a585-f2177d64c4f3,BIYOLOJI,"Bitkilerin ihtiyacı olan molekülleri alması ile ilgili, aşağıdaki ifadelerden hangisi doğrudur?",Topraktaki minerallerin miktarı en fazla olan bitki gelişimini belirleyici role sahiptir.,Bitkilerin makro elementlere olan ihtiyacı mikroelementlerden daha fazladır.,Mikoriza ve nodül oluşumu gibi birliktelikler bitki gelişimini olumsuz etkiler.,Topraktaki oksijen miktarının minerallerin kök hücrelerine geçmesinde etkisi yoktur.,Toprağa alınan gübre miktarının sürekli artırılması bitki gelişimini de sürekli artırır.,B
aae7d518-74ae-583e-ae4c-5107d7552b48,MATEMATIK,"$[a_n]$ geometrik bir dizidir. $a_{20}=15$ ve $a_{21}=45$ olduğuna göre, $a_{16}$ kaçtır?",5,9,10,3,6,B
3461cd80-8702-5bdd-8640-6e7f5eeb6d74,MATEMATIK,"Birinci dereceden gerçel katsayılı bir $P(x)$ polinomuyla ilgili
$P(x) \cdot P(x+1) = P^2(x) + 3 \cdot P(x)$
eşitliği verilmiştir.
Buna göre, $P(x)$ polinomunun başkatsayısı kaçtır?",1,2,3,4,5,C
89ef8575-fd11-525c-b57b-0a5b11f49b9f,MATEMATIK,"Belinay, dik koordinat düzleminde verilen $3x - 4y = 10$ ve $4y - 3x = 15$ doğruları arasındaki uzaklığı hesaplamak istiyor ancak kuralı hatırlamayınca arkadaşı Aybegüm'den yardım istiyor. Aybegüm Belinay'a ""Mutlak değer içerisinde sabit sayıları birbirinden çıkar daha sonra elde ettiğin sonucu doğrulardan birinin $x$ ve $y$ değişkenlerinin katsayılarının kareleri toplamının kareköküne böl."" diyor. Belinay hatasız işlem yapmasına rağmen cevabı yanlış buluyor. Buna göre Belinay'ın bulduğu cevap ile doğru cevabın toplamı kaçtır?",$\frac{28}{5}$,6,7,8,$\frac{41}{5}$,B
48338b9b-e575-56b1-afa6-a4b15528fafa,MATEMATIK,"Bir dağıtım merkezi A noktasına servis noktaları ise B ve C noktalarına konumlandırılmıştır.
Merkezden B noktasına olan uzaklık, merkezden C noktasına olan uzaklığın 4 katından fazladır.
Buna göre personele aktarılan bu bilginin matematiksel ifadesi aşağıdakilerden hangisidir?",$4 \cdot |B - A| > |C - A|$,$|B - A| < 4 \cdot |C - A|$,$|B - A| > 4 \cdot |C - A|$,$|A - B| \ge 4 \cdot |A - C|$,$|C - A| > 4 \cdot |B - A|$,C
4c73eb15-520f-5ece-978c-dd8bcb0233c4,KIMYA,"Oda sıcaklığında 2 molar XOH bazının % 0,1 iyonlaşıyor.
Buna göre, XOH çözeltisindeki $\mathrm{OH}^{-}$ iyonları derişimi kaç molardır?","0,001","0,002","0,01","0,02","0,1",B
15e0b75c-d2f3-5104-b751-c42e74b772a7,MATEMATIK,"Dikdörtgen veya kare olduğu bilinen bir kartonun kenar uzunlukları metre birimine göre, $x^2-55x-125=0$ denkleminin kökleridir. Buna göre, I. Kartonun çevresi 110 metredir. II. Kartonun alanı 125 metrekaredir. III. Karton kare şeklindedir. ifadelerinden hangileri doğrudur?",Yalnız I,Yalnız II,I ve II,II ve III,I ve III,C
a7055652-a687-589c-9c9c-b956f76912c8,MATEMATIK,$|x-10|=|12-x|$ denkleminin çözüm kümesi aşağıdakilerden hangisidir?,"$\{2, 11\}$","$\{22, 11\}$",$\{22\}$,$\{11\}$,$\{\emptyset\}$,D
6bc854d8-02c3-53cb-a151-80c90236123b,KIMYA,"Nötr X, Y ve Z atomlarının elektron dağılımları yukarıdaki gibidir. Buna göre, X, Y ve Z elementlerinin proton sayıları arasındaki ilişki hangisinde doğru verilmiştir?
X: $2)8)7$
Y: $2)8)8)1$
Z: $2)6$",$X>Y>Z$,$Y>X>Z$,$Z>Y>X$,$Y>Z>X$,$Z>X>Y$,B
125a0cf7-9979-52b7-bbac-ba31822f2bd2,KIMYA,$(-)$ yüklü iyonlara ................... denir. Boş bırakılan yere aşağıdakilerden hangisi yazılmalıdır?,Proton,Elektron,Anyon,Katyon,Nötr,C
2a356fbb-4338-51cc-a9d2-020ad0e40940,MATEMATIK,$\frac{x}{x-5} - \frac{x}{5} = \frac{1}{5}$ olduğuna göre $x$ değeri kaçtır?,2,$\frac{1}{2}$,$\frac{5}{3}$,$\frac{5}{11}$,3,D
58bec965-fb7e-50bd-9a50-87177cef41f4,MATEMATIK,36 ve 54 ile bölünebilen 300'den büyük en küçük tam sayının rakamları toplamı kaçtır?,12,11,10,9,8,C
61c79378-bc48-5caa-ab33-c21f144cd0a7,MATEMATIK,"Pozitif gerçek sayılar kümesinde $\boxed{A}\;\boxed{B}=\sqrt{A}+\sqrt{B}$ ve $\boxed{A}\;\boxed{B}=\sqrt{A}-\sqrt{B}$ biçiminde tanımlanmaktadır. Buna göre, $\frac{\boxed{\frac{1}{15}}\;\boxed{\frac{1}{12}}}{\boxed{\frac{1}{3}}\;\boxed{\frac{1}{5}}}$ işleminin sonucu kaçtır?",$3$,$\frac{5}{2}$,$2$,$\frac{3}{2}$,$1$,E
31f5e9cf-1f35-5387-95f4-a5588d026fcd,FIZIK,Konser salonunda önde oturan bir dinleyici ile arkada oturan bir dinleyici için sesin hangi özelliği farklıdır?,Hız,Frekans,Şiddet,Tını,Yükseklik,C
3175e2e3-e006-5739-a8d4-5c331e28f2ae,TURKCE,"Onun eserinde kahramanlar âdeta soluk bir gölge gibi dururlar ve yazar olaylara müdahale eder.
Cümledeki ""soluk bir gölge gibi durmak"" sözüyle anlatılmak istenen aşağıdakilerden hangisidir?",Açık ve anlaşılır olmak,Okuyucunun anlayamayacağı biçimde anlatmak,Alışılagelmiş biçimlerin dışına çıkmak,Yalın biçimde yansıtılmak,Çok belirgin olmamak,E
f8557911-c228-5fb5-bcb4-ec3728926ec2,MATEMATIK,Bir pastacı hazırladığı yaş pasta için 2 paket margarin kullandığında yağ oranı %10 olmaktadır. Pastacı 2 paket yerine 7 paket margarin kullansaydı pastanın yağ oranı yüzde kaç olurdu?,20,25,28,30,35,E
6baa4e53-2a06-5e9b-a40a-f464c92324d9,KIMYA,"Bir ton taş kömürünün yanması sonucu 460 gram $NO_2$ gazı oluşmaktadır. Oluşan $NO_2$ gazı havadaki su buharı ile birleşerek, $3NO_2(g) + H_2O(s) \rightarrow 2HNO_3(suda) + NO(g)$ denklemine göre asit yağmuruna neden olur. Buna göre, kış ayı boyunca 3 ton taş kömürü yakan bir aile on fazla kaç gram nitrik asit ($HNO_3$) oluşmasına neden olur? (H:1, N:14, O:16)",315,630,1260,1890,2520,C
8179d024-810e-5126-9bdf-62e9e44cfee5,KIMYA,"I. Periyodik tablonun 2. periyodunun 3. elementi metaldir. (D) (Y) II. 2B grubu elementleri periyodik tabloda d blokunda bulunur. (D) (Y) III. Değerlik orbitalleri ns ve np olan elementlerin tamamı ametaldir. (D) (Y) IV. Periyodik tablonun ilk iki elementinin değerlik orbital türü s aynıdır. (D) (Y) Yukarıdaki ifadeler I, II, III ve IV sırasına göre doğru (D) ve yanlış (Y) olarak hatasız işaretlendiğinde aşağıdaki- lerden hangisi doğru olur? (n: Baş kuantum sayısı)","D, Y, D, D","Y, D, D, Y","Y, Y, D, D","D, Y, D, Y","Y, Y, D, Y",E
b5e367b2-e06b-51fd-9ad5-589fd607dd1b,MATEMATIK,"K noktasındaki yuvalarından çıkan 3 köstebekten birincisi L, ikincisi M, üçüncüsü N noktasındaki yiyecekleri alıp hemen yuvalarına geri dönüyorlar. Köstebeklerin hızları eşit olup yuvaya dönme süreleri $t_L$, $t_M$ ve $t_N$ dir. Buna göre, aşağıdakilerden hangisi doğrudur? (Şekil birim karelerden oluşmuştur.)",$t_N < t_L < t_M$,$t_M < t_L < t_N$,$t_M < t_N < t_L$,$t_L < t_N < t_M$,$t_L < t_M < t_N$,D
f59bf61c-8f10-5884-8dff-6401060a67a7,MATEMATIK,"Bir ileti gönderildiğinde ilk $30$ saniye sunucularda beklemektedir. İstenirse bu süre içinde iletinin gönderimi iptal edilebilir. Asya ile Beyza birbirlerine gönderdiği birer iletiyi, Asya $a$ saniye sonra, Beyza ise $b$ saniye sonra iptal etmek istemiştir ancak sadece Asya iletisini iptal edebilmiştir. $|a - b| = 30$ olduğuna göre, Asya iletisini tam sayı olarak en az kaç saniye sonra iptal etmiştir?",1,3,6,8,29,A
bf6e10d6-2ace-53a3-8a9f-d0d7647541ff,MATEMATIK,"Gerçel sayılar kümesi üzerinde bir $f$ fonksiyonu, $f(x) = x^2 \cdot (x+1)^2$ biçiminde tanımlanıyor. Buna göre, $f'(1)$ değeri kaçtır?",12,16,20,24,28,E
039db145-4fdb-5605-9cc5-41d8b250cfae,MATEMATIK,3 pantolon ve 2 tişörtü olan bir kişi 1 pantolon ve 1 tişörtü kaç farklı şekilde giyebilir?,4,6,8,10,12,B
9d3342be-1bdf-564a-a5c2-75f98b612dc4,MATEMATIK,"Bir fabrikada üretilen 20.000 adetlik ürünün toplam maliyetinin ancak o ürünün 16.000 adet satılarak karşılanacağı hesaplanmıştır.
Buna göre, belirlenen birim satış fiyatı yüzde kaç kâr ile hesaplanmıştır?",20,25,30,35,40,B
1c6912c0-5f41-5a3a-b38f-daa0530d49e0,TARIH,Yukarıdaki etkinliği doğru olarak dolduran öğrencinin etkinlik kâğıdı aşağıdaki seçeneklerden hangisidir?,D Y Y Y Y,D Y D Y Y,D Y Y D Y,D D Y Y Y,D Y Y Y D,A
422be41f-5fa0-5c7c-929f-2174469718e1,MATEMATIK,"84 konuğun bulunduğu bir davette, konukların %25'i erkektir. Buna göre, davetten kaç kadın konuk ayrılırsa kadın ve erkek sayısı eşitlenir?",12,24,36,42,54,C
c4760dad-be5e-5839-855e-e509d4e556fe,MATEMATIK,"$x^2-2x-7=0$ denkleminin kökleri $x_1$ ve $x_2$ dir. Buna göre, $P = x_1-x_2$ ve $8-(x_1+x_2)P > 0$ eşitsizliğini sağlayan kaç farklı $P$ tam sayısı vardır?",9,10,11,12,14,E
cae721c7-2567-51e3-8545-127f3cdc1271,EDEBIYAT,"Divan edebiyatında şiir her konuda yazılmaktaydı. Bu sadece aşk, şarap, kadın özelinde indirgenmemeli. Bazen sevinç, bazen üzüntü bazen kahramanlık konuları öne çıkmaktaydı.
Buna göre aşağıdaki şiirlerden hangisinde kahramanlık teması hakimdir?","Du'â-yı devletinde olduğum itibâr içün her dem
N'ola tebrik-nâme kılşam inşâ ben de şükrana","Bu bir tevhit yine germ ola vasât-ı sîm-sâzım
Ede bir tenhiyet nâmeyle böyle medhe ağzı","Tâ ki manzûmâ-yı eğlence-i cüz'î ola
Nazmı nazm etmekle şâyed sikleti hilfet bula","Didi Behrâm-ı düşmen-kâm gürd-darb-ı şemşîrin
Koluna kuvvet ey rûz-ı yoğunun şân-ı Merdânî","Maksadım vallahi zatından değildir câze
İltifâtındır bana maksat ey sadr-ı güzînîmîzdir.",D
5350794c-4350-58a3-a60b-60fbd8383bf9,FIZIK,"Güneşli bir havada yüzme havuzunda yüzen bir kişi, havuz tabanında aydınlık ve karanlık bölgeler oluştuğunu görüyor.
Bu durum:
I. Havuzun rüzgârlı olması ya da havuzda yüzen diğer kişilerden dolayı suyun dalgalanması
II. Sudaki dalga çukurlarının kalın kenarlı mercek gibi davranarak havuz tabanında karanlık bölgeler oluşturması
III. Sudaki dalga tepelerinin ince kenarlı mercek gibi davranarak havuz tabanında aydınlık bölgeler oluşturması
yargılarından hangilerinin sonucu olabilir?",Yalnız I,I ve II,I ve III,II ve III,"I, II ve III",E
b56d47ec-995a-5b6a-affc-fb9e9b7da9e5,MATEMATIK,$f(x) = \frac{7x+3}{x^2+x-6}$ fonksiyonunun sürekli olduğu en geniş aralık aşağıdakilerden hangisidir?,"$[-2, 3]$","$[-2, -3]$",$\mathbb{R}$,"$\mathbb{R} \setminus \{2, 3\}$","$\mathbb{R} \setminus \{-3, 2\}$",E
982901e1-1dba-52ce-9c61-ffaf2a0d4d5a,MATEMATIK,"$a = \sin(-200^\circ) \tan(260^\circ)$ $b = \cos(240^\circ) \cot(-40^\circ)$ $c = \sec(110^\circ) \csc(330^\circ)$ olduğuna göre a, b ve c'nin işareti sırasıyla aşağıdakilerden hangisidir?","$+$, $+$, $+$","$-$, $+$, $-$","$-$, $+$, $+$","$+$, $-$, +","$-$, $-$, $+$",A
0d4764d9-9ecb-5033-b8f4-3d5fdf2acb28,MATEMATIK,"$f(x) = \int \frac{f(x)}{x} dx + \int 2dx$ $f$ fonksiyonunun $(2, f(2))$ noktasında yerel ekstremumu olduğuna göre, $f(2)$ kaçtır?",-8,-6,-4,-2,0,C
8d9915fc-4552-5bba-99da-7c7135c0225c,BIYOLOJI,"Bir hayvan hücresindeki glikoliz, Krebs döngüsü ve elektron taşıma sistemi olayları hücrenin hangi kısımlarında gerçekleşir?","Çekirdek, Mitokondri, Hücre zarı","Çekirdek, Sitoplazma, Endoplazmik retikulum","Sitoplazma, Çekirdek, Mitokondri","Sitoplazma, Mitokondri, Mitokondri","Hücre zarı, Endoplazmik retikulum, Mitokondri",D
87149203-d7a4-5423-8fe6-cbc7bca9179a,MATEMATIK,"A boş kümeden farklı bir küme olmak üzere, $f: A \to Z$, $f(x) = \frac{2x}{3} - \frac{216}{x}$ şeklinde bir fonksiyon tanımlanıyor. Buna göre, A kümesi aşağıdakilerden hangisi olamaz?","$[3, 6, 9, 18, 36]$","$[3, 6, 9, 18, 24]$","$[3, 6, 9, 18, 36, 72]$","$[3, 6, 9, 162]$","$[24, 36, 72]$",D
7861e1b2-11fc-5cd2-a589-7ef0456da0d1,MATEMATIK,"Bir hava durumu sunucusu, bir hafta boyunca aynı mevsimin yaşandığı yerleşim yerinin hava durumuyla ilgili aşağıdaki açıklamayı yapıyor:
""Mevsim normallerinin yarısına düşen hava sıcaklığı önümüzdeki üç günün her birinde $2 \text{ °C}$ artarak mevsim normallerinin üzerine çıkacak.
Daha sonra güneyden gelen sıcak hava dalgasıyla hava sıcaklığı mevsim normallerinin $2$ katına çıktıktan sonra iki gün içinde $7 \text{ °C}$ düşecek. Ancak sıcaklıklar mevsim normallerinin üzerinde seyretmeye devam edecek.""
Buna göre, hava tahmininin yapıldığı haftada bu yerleşim yerinin hava sıcaklığı kaç derece olursa mevsim normallerinin dışında bir hava sıcaklığı yaşanmış olur?",8,9,10,11,12,C
dfd7ba3b-1ab7-59c2-b9f7-c113a3d2a474,MATEMATIK,İşleminin sonucu kaçtır? $\frac{\sqrt{16}-\sqrt{49}+\sqrt[3]{8}}{\sqrt[4]{16}-\sqrt[3]{27}}$,13,11,7,-7,-13,E
37f6b9b9-f4ee-546d-ad3b-c8e98de4e2bb,TURKCE,"Yazmak, bence bir yalnızlıktan bir yalnızlığa yolculuk. Okuru hesaba katsan da böyle bu, katmasan da. Başka bir deyişle, bir öyküye, bir şiire, bir romana başlarken yalnızsın; bitirdiğinde daha da yalnızsın. Metinlerindeki marifeti ka-labalıktan da bol yalnızlıktan başka bir biçimi olarak görü-yorum. İçinde bulundukları metin vazgeçilmez bir malzeme ya da kurgunun temel bir parçası gibi gözükseler de “-ki öyledirler, öyle kılınmışlardır-, bu mahşeri kalabalıkla-rın, ruhsal yapısından kaynaklanan, benim bile farkına var-madığım çok daha başka nedenleri de olabilir tabii. Çocuk-luğumdan bu yana bir türlü yenemediğim kalabalık fobim olabilir söz gelimi.""

Bu parçanın yazarının aşağıdakilerden hangisini söyle-mesi beklenemez?","Benim kalabalık korkumun, yazmamda belirleyici bir etken olduğunu söyleyebilirim.","Yazma eylemi, yalnızlık duygusunu pekiştiren bir süreçtir.","Yazma sürecinde, yazarın iç dünyasındaki yalnızlık duygusu önemli bir yer tutar.","Yazma eylemi, yazarın iç dünyasındaki yalnızlık duygusunu önemli bir yer tutar.","Yazmak, yalnızlığıma ortak aramaktı belki de kalabalık-larda.",A
d9fb0ef2-f3ce-5210-9758-f776cbbacb58,MATEMATIK,"$m$ ve $n$ sıfırdan farklı birer gerçek sayı olmak üzere, $x^2 + (2m+3)x + 2n = 0$ denkleminin kökleri $m$ ve $n$ dir. Buna göre $m-n$ farkı kaçtır?",7,-7,9,11,12,B
c5218819-32dd-549b-ac60-4312853828c0,MATEMATIK,"$f(x) = 1 + (x+1) + (x+1)^2 + (x+1)^3 + ... + (x+1)^{10}$ olduğuna göre, $f'(0)$ ifadesinin değeri kaçtır?",36,45,66,55,48,D
2719fc8e-186d-5f71-984d-674e8b47e8f1,MATEMATIK,"$P(x)$ polinomunun sabit terimi 3, katsayıları toplamı 5'tir. Buna göre, $P(x)$ polinomunun $x^2-x$ ile bölümünden kalan aşağıdakilerden hangisidir?",$2x-3$,$2x-1$,$2x+1$,$2x+3$,$2x+5$,D
9aa3bb2c-466c-5d8e-ac09-3a58f777fe90,MATEMATIK,"Doruk'un kitaplığında 4 farklı hikaye, 3 farklı şiir ve 5 farklı eleştiri kitabı vardır. Doruk okuldaki kitap okuma saatine giderken yanına her türden bir kitap alarak gitmiştir. Buna göre, Doruk o gün okuyacağı kitapları yanına kaç farklı şekilde almıştır?",60,32,20,12,9,A
711c9e72-5ae0-56e1-9adf-4aa9a2efb147,MATEMATIK,$y=x^2$ eğrisi ile $y=x+6$ doğrusunun arasında kalan kapalı bölgenin alanı kaç birimkaredir?,$\frac{118}{3}$,$\frac{125}{6}$,$\frac{121}{3}$,$\frac{134}{6}$,$\frac{140}{6}$,B
4f3c7255-a695-5908-875d-52cd6fb3df25,KIMYA,"$C + HNO_3 \rightarrow CO_2 + NO_2 + H_2O$
redoks tepkimesinde 0,1 mol C katsayısının yeterince $HNO_3$ ile tepkimesinden kaç mol $NO_2$ oluşur?","0,1","0,2","0,3","0,4","0,6",D
5a2ed9a1-b0b7-51d2-8d30-3e7e43095c45,KIMYA,Aşağıdaki özelliklerden hangisi bir elementin toprak alkali metal olduğunu tek başına kanıtlar?,Isıyı ve elektriği iletmesi,Bileşiklerinde $+2$ değerlik alması,3A grubundaki bir elementten 1 eksik proton içermesi,Atom numarasının bir soygazdan 2 fazla olması,Suda çözündüğünde bazik ortam oluşturması,B
0f6b94b9-7902-5ce1-b3f7-5f793d7e61f7,MATEMATIK,$110$ TL fiyatı olan bir ürüne %8 KDV eklenince etiket fiyatı kaç TL olur?,"118,8",118,"119,9",120,"120,1",A
6f9d6c78-0282-5488-b887-6b5d74acd73d,FIZIK,"I. $_{6}^{14}C$ (karbon) elementi ile yaş tayini
II. I-123 (iyot) elementiyle tiroid bezlerinin gözlemlenmesi
III. X ışınlarıyla kristal kusurların tespiti
Olaylardan hangileri radyoaktifliğin uygulama alanlarındandır?",Yalnız I,Yalnız II,I ve III,I ve II,"I, II ve III",D
d8077979-9773-502c-b09e-fd253c5693a7,MATEMATIK,"Gerçek sayılar kümesinde $f: \mathbb{R} - \{a\} \to \mathbb{R} - \{b\}$ fonksiyonu tanımlanıyor. $f(x) = \frac{2x+4}{x-3}$ olduğuna göre, $a+b$ değeri kaçtır?",\frac{5}{6},2,3,5,6,D
cd2c59ef-d820-54aa-a2f8-bbbc93e70b6f,MATEMATIK,$f(x)=(x^2-x^3)^3$ eğrisinin kaç tane ekstremum noktası vardır?,0,1,2,3,4,B
5e45e77d-559f-5714-814f-51847e186cd1,KIMYA,"Aynı periyotta aynı şartlarda bulunan bazı baş grup metallerin erime noktaları tabloda verilmiştir.
Tablodaki verilere göre;
I. Y atomlarını bir arada tutan metalik bağların kuvveti Z'dekine göre daha fazladır.
II. Z'nin değerlik elektron sayısı X'inkinden daha azdır.
III. X'in atom yarıçapı Y'ninkinden daha küçüktür.
yargılarından hangileri doğrudur?",Yalnız I,I ve II,I ve III,II ve III,"I, II ve III",A
1841fece-3a37-5c6b-a5dc-42dce144af82,MATEMATIK,$\sqrt[4]{(1-\sqrt{3})^2} + \sqrt[3]{(1-\sqrt{3})^3}$ işleminin sonucu kaçtır?,-2\sqrt{2},-1,0,1,2\sqrt{2},C
2c8fcf43-248d-5fd4-8eeb-b8d95660fc5b,GEOMETRI,"34 cm uzunluğundaki iki ayrı telin tamamı kullanılarak bir telden düzgün beşgen, diğer telden düzgün altıgen yapılıyor. Buna göre, düzgün beşgenin bir kenar uzunluğunun, düzgün altıgenin bir kenar uzunluğuna oranı kaçtır?",$\frac{3}{5}$,$\frac{5}{6}$,1,$\frac{6}{5}$,$\frac{5}{3}$,D
0d8da662-ffa0-5003-ad69-8c377684fe61,MATEMATIK,"Bir $f$ doğrusal fonksiyonu için
$f(x) = f^{-1}(x) + n$
eşitliği veriliyor.
$f(1) = 5$
olduğuna göre, $n$ gerçek sayısının alabileceği değerler toplamı kaçtır?",2,4,6,8,10,D
7dffce4b-ec4f-51fe-adb3-9f0e4b8369ea,KIMYA,"Simyanın bilim olmamasının nedeni;
I. Deneme - yanılma içermesi
II. Sistematik bilgi birikiminin olmaması
III. Teorik temellere dayanmaması
yukarıdakilerden hangileridir?",Yalnız I,I ve II,I ve III,II ve III,"I, II ve III",E
56b150a8-fa07-55e5-83e4-d2c0b37d8ec5,MATEMATIK,$rac{x^2-16}{|x-3|} < 0$ eşitsizliğini sağlayan tam sayı değerlerinin toplamı kaçtır?,-6,-5,-4,-3,-2,B
f714c9c0-1672-522d-8e63-09186b5d38de,FIZIK,"Üç öğrenci, mıknatıs ve manyetik özellikleri ile ilgili bildiklerini aşağıdaki gibi ifade etmiştir.
Buse: Bir mıknatısı demir tozları içine bırakırsak, manyetik özelliğini kaybeder.
Cansu: Bir çubuk mıknatısın N ve S kutuplarının kutup şiddetleri aynıdır.
Kazım: Bir mıknatıs, içinde su bulunan kaba atılırsa manyetik özelliğini kaybeder.
Buna göre, hangi öğrencilerin ifadeleri yanlıştır?",Yalnız Buse,Yalnız Cansu,Yalnız Kazım,Buse ve Cansu,Buse ve Kazım,E
61c112d0-461e-5795-9db9-a5ee3d64cccb,MATEMATIK,"I. $(-5)^3=-125$
II. $(-3)^4=-81$
III. $(-2)^5=-32$
IV. $4^3=12$
V. $2^3=6$
İfadelerinden kaç tanesi doğrudur?",1,2,3,4,5,B
7062d7ec-587b-5724-b4c1-c731856508d8,MATEMATIK,"6 yıl önce 21 yaşında olan biri, bugün kaç yaşındadır?",15,19,23,27,31,D
ee9fbde6-b75d-5cfa-ab32-d7f460b7c845,MATEMATIK,"$f: \mathbb{R} \to \mathbb{R}$ olmak üzere,
$f(x)=2x+1$
olarak veriliyor.
Buna göre, $f(x-1)$ ifadesinin $f(x)$ türünden eşiti aşağıdakilerden hangisidir?",$f(x)+2$,$f(x)+1$,$f(x)-1$,$f(x)-2$,$f(x)-3$,D
35677a5a-8136-53d4-9840-57937dba3f1c,GEOMETRI,"B köşesi koordinat düzleminin 1. bölgesinde olan bir ABCD karesi için,
[AB] kenarının $d_1: x-y+1=0$
[AD] kenarının $d_2: x+y-1=0$
doğruları üzerinde olduğu biliniyor.
Bu karenin A köşesinin [BD] doğrusuna olan uzaklığı 7 br olduğuna göre, B köşesinin koordinatları aşağıdakilerden hangisidir?","(3,4)","(4,5)","(5,6)","(6,7)","(7,8)",B
62bd6e29-8dd9-5605-9bad-62c64f947ecf,MATEMATIK,"$x$ ve $y$ farklı pozitif tam sayılar olmak üzere, $x = \text{EBOB}(34, y)$ olduğuna göre, I. $x$ tek sayı ise $y$ asal sayıdır II. $x$ asal sayı ise $y$ tektir III. $x$ çift sayı ise $y$ sayısı asal olamaz ifadelerinden hangileri kesinlikle doğrudur?",Yalnız I,Yalnız III,II ve III,Yalnız II,"I, II ve III",B
9dbcbe58-91e1-5f61-89b3-ec5eb9ec30de,KIMYA,Dengedeki HCN sulu çözeltisine bir miktar NaCN katısı ilave edilirse aşağıdakilerden hangisi yanlış olur?,Tampon çözelti oluşur.,Çözeltinin pH değeri artar.,HCN'nin iyonlaşma yüzdesi artar.,CN- iyonu derişimi artar.,HCN'nin asitlik sabiti ($K_a$) değişmez.,C
a1ee5d2f-4d0b-5b06-bd92-1926895380b6,FIZIK,"Atmosfere girip yere doğru ilerleyen bir meteorun sıcaklığı, taşa etki eden sürtünme kuvvetinin etkisiyle artmaktadır.
Buna göre, hareket sırasında;
I. Meteorun mekanik enerjisi azalır.
II. Sürtünme kuvvetinin yaptığı iş ısı enerjisine dönüşür.
III. Meteorun kinetik enerjisi azalır.
yargılarından hangileri kesinlikle doğrudur?",Yalnız I,Yalnız II,I ve II,I ve III,II ve III,C
9459b022-6d35-56c4-93db-ef1768c8c1c4,MATEMATIK,"$\log_2 (\log_2 x) + \log_2 (\log_4 x) = 2$ eşitliği veriliyor. Buna göre, $\log_2 x$ kaçtır?",$\frac{1}{4}$,$\frac{1}{2}$,1,2,4,E
925bab95-db52-5529-a796-cd8482c8d491,TURKCE,"Bu zamana kadar en çok gerçekçi hayali anlatan hikâyeleri ve romanları okumayı tercih ettim ve bu eserlerle ilgili yazılan denemeleri ve eleştirileri okudum. Bir romanda veya bir hikâyede anlatılanların gerçek hayattakilere benzememesi, bazı okuyucular için olumsuz bir yöndür. Benim için de öyle çünkü ben masalları, efsaneleri hiç sevmedim. Olmayacak şeyleri, benzerleri görülmeyecek varlıkları anlatan hikâyeler arasında boğulmayı hiçbir zaman olmamıştır. Bu tarz eserleri okumak zorunda kaldıysam bile bir gerçeklik arayışımdır yine de onlarda.
Aşağıdakilerden hangisi bu parçadaki sözlerin sahibi kişiye ait olabilir?",Hikâye ve romanlar gerçekçi ifadeler içermeli ve hayatın içinden olaylar anlatmalıdır.,"Hikâyeler; masal ve efsaneler gibi, fantastik ögeleri de ele almalıdır.",Romanlardaki kahramanlarda ve olaylarda örneği görülmemiş unsurlar kullanılmalıdır.,Bir hikâye ya da romana bakıldığında olağanüstü ögeler de kendini hissettirmelidir.,"Bir romanı ele aldığımızda olay, bakış açımızı değiştirmeli ve hayal gücümüzü zorlamalıdır.",A
16ceb8f5-4330-50c7-8e3a-288fab1d47be,MATEMATIK,"$P(x)=(a-5)x^3+(b+3)x+c-7$ polinomu sıfır polinomu olduğuna göre, $a+b+c$ toplamı kaçtır?",5,6,7,8,9,A
240e06df-2035-52d5-b5bc-30795e254972,FIZIK,"Elektriksel direnç, akım şiddeti ve potansiyel farkı ile ilgili olarak:
I. Akım şiddeti iletkenin birim kesitinden birim zamanda geçen yük miktarıdır.
II. İletkenin uçları arasındaki potansiyel farkı, birim yükü iletkenin bir ucundan diğerine aktarmak için harcanan enerjidir.
III. Direnç, iletkenin yapıldığı maddenin cinsine, uzunluğuna ve kesit alanına bağlıdır.
Yargılarından hangileri doğrudur?",Yalnız I,I ve II,I ve III,II ve III,"I, II ve III",E
49e60913-284b-5422-9ceb-7daa94d4a389,TURKCE,"Kuyruklarda bulunan kas ve iskelet dokusu ile nörovasküler dokulardan dolayı kuyruk, genellikle hareketli bir organdır. Kuyruklu ve omurgalı hayvanlarda (""kaudal"" veya ""kaudar"" hayvanlarda) kuyruk içerisinde omurlar, kuyruk ucuna kadar devam etmektedir. Bu yapılardaki varyasyonlar dolayısıyla hayvanlar âleminde çok çeşitli kuyruklar bulmak mümkündür.
Bu parçadaki altı çizili sözcüğü anlamca karşılayabilecek bir kullanım aşağıdakilerin hangisinde vardır?",Her insanın hayatında bir hayat felsefesi olmalı ki mutlu olabilsin.,Irklar arasındaki değişimin olup olmadığı bilimsel çevrelerce uzun süredir tartışılmakta.,Uluslararası ilişkilerde en önemli konu karşılıklı diyaloglar.,Zaferi kazanmak kadar sürdürmek de devletlerin birincil önceliği olmalıdır.,Eğitim konusundaki yeni sistemler gelecek nesillere iyi armağan olacaktır.,B
428ad342-cd12-5576-9704-4f4408a4ceac,MATEMATIK,"$P(x)$ polinomu için
$P(x) + P(3) = P(2) + x^2 + x - 6$
eşitliği sağlanıyor.
Buna göre,
I. $P(x)$ polinomunun $x$ ile bölümünden kalan $-6$'dır.
II. $P(x)$ polinomunun bir çarpanı $x+4$'tür.
III. $P(x-1)$ polinomu $x-2$ ile tam bölünür.
ifadelerinden hangileri doğrudur?",Yalnız I,Yalnız II,Yalnız III,I ve II,II ve III,E
fec2b4e5-2fe9-5ddb-9616-1a1d5d4a628b,MATEMATIK,"p, aşağıda verilen ikinci dereceden denklemin diskriminantıdır.
$px^2 - (2p+1)x + p = 0$
olduğunu göre,
I. Denklemin iki farklı gerçek kökü vardır.
II. Denklemin kökler çarpımı pozitiftir.
III. Denklemini sağlayan kökler $x_1$ ve $x_2$ olmak üzere, $x_1 - x_2 = \frac{1}{p}$'dir.
ifadelerinden hangileri daima doğrudur?",Yalnız I,Yalnız II,I ve II,II ve III,"I, II ve III",B
57abf972-bd74-5c68-aac2-1cdee4be5739,KIMYA,"Periyodik sistemin aynı yatay sırasında bulunan Z, Y, N elementleri ile ilgili şu bilgiler veriliyor:
• İyonlaşma enerjisi en büyük olan Z'dir.
• Değerlik elektron sayısı en büyük olan Y'dir.
• Elektron verme eğilimi en fazla olan N'dir.
Buna göre; Z, Y, N elementlerinin periyodik sistemdeki grupları aşağıdakilerden hangisi gibi olabilir?","Z: 7A, Y: 6A, N: 1A","Z: 6A, Y: 5A, N: 2A","Z: 5A, Y: 6A, N: 3A","Z: 8A, Y: 7A, N: 1A","Z: 5A, Y: 6A, N: 7A",D
a09a63ce-4bcb-5bc0-b622-009d496fa858,MATEMATIK,3300011 sayısının rakamlarının yerleri değiştirilerek 7 basamaklı birbirinden farklı kaç sayı yazılabilir?,36,48,64,90,120,D
ab0e9fc4-4605-5b98-b398-e4b675cb637a,MATEMATIK,"O merkezli $[AB]$ çaplı çemberde $|AC| = 3|BC|$ ve $m(\text{CÔB}) = \alpha$. Buna göre, $\tan\alpha$ değeri kaçtır?",$\frac{1}{4}$,$\frac{1}{2}$,$\frac{3}{4}$,$\frac{4}{3}$,$\frac{5}{3}$,D
b2d75594-09f3-5a69-af94-618bd90f06d7,MATEMATIK,"$Q(x)$ polinomunda her $x$ gerçel sayısı için $Q(x) = Q(-x)$'tir. $P(x)$ polinomu, $Q(x)$ polinomunun karesine eşit ve $P(x) = 4x^4 + (2a-b)x^3 - ax^2 + 4$ olduğuna göre, $b$'nin alabileceği değerler çarpımı kaçtır?",16,8,-256,-64,-8,D
625bd030-0752-5ca5-9de6-ed4772a754a0,MATEMATIK,"Dilek, elindeki parayla meyve almak için manava gitmiştir. Bu alışverişte tezgahtar ile Dilek arasında geçen konuşma aşağıda verilmiştir. Tezgahtar: ""- İstediğin meyvelerden elma, armut, portakal, mandalina, muz ve nar var. Her birinin kilogram fiyatı aynı ama elindeki paran sadece üç türden birer kilogram almaya yeter."" Dilek: ""- 1 kilogram elma kesin alacağım zaten, yanına elma haricinde iki farklı meyveden birer kilogram daha alayım."" Buna göre, Dilek'in manavdan elma, portakal ve muz meyvelerinden birer kilogram almış olma olasılığı kaçtır?",1/15,1/10,1/6,1/5,2/5,B
94c092ee-439d-58bc-b989-fc033e51c07a,MATEMATIK,"$P(x) + P[2x] = 12x - 2$ olduğuna göre, $P(1)$ kaçtır?",7,1,-1,-2,3,E
7b1959c2-36ca-5e6f-abbf-fff6a783a5fc,MATEMATIK,"Bir okulda;
öğrencilerin $\frac{1}{12}$'si kadar öğretmen,
öğretmenlerin $\frac{1}{4}$'ü kadar memur vardır.Bu okuldaki öğretmen, öğrenci ve memurların toplam sayısı 318 olduğuna göre, bu okulda kaç tane öğretmen vardır?",24,20,18,16,15,A
22397fbe-4bee-5368-b6b7-85e189e72c1c,MATEMATIK,"$f(x) = \begin{cases} x^2+1 & , x < 1 \\ 2x & , x \ge 1 \end{cases}$ fonksiyonunun $[-1, 3]$ aralığında Rolle teoremine uygun $A(x, y)$ noktasının koordinatlar toplamı kaçtır?",0,1,2,3,4,B
ced7abd4-588b-54a9-be41-ef652b1ba559,TURKCE,"Pastacılık, Roma İmparatorluğu'nun çöküşüyle büyük bir darbe almış olsa da Amerika'nın keşfinden sonra kakaonun yaygınlaşmasıyla tekrar canlanmıştır. ---- Ardından 19. yy.da ünlü Fransız pastacı Caramel'in karamelli pastacılığın bünyesine katmasıyla pastacılık, giderek daha çok gelişmiş ve Paris, pastacılığın ve şahane pastaların başkenti olmuştur. 19. yy.da Sanayi Devrimi'nin katkısı ve 20. yy.da makineleşmenin artmasıyla pastalar için malzemeler çeşitlenmiş ve katkı maddeleri bu sektöre dâhil olup pasta yapımında çeşitli formüller oluşturmuşlardır.
Bu parçada boş bırakılan yere düşüncenin akışına göre aşağıdakilerden hangisi getirilmelidir?",İlk doğum günü pastasının Antik Yunan'da Ay tanrıçası Artemis'e sunulmak için yapıldığına dair bir inanış vardır.,Pastacılık tarihindeki en büyük dönüşüm ise 18. yy.da pasta kalıplarının kullanılması ve Vatel'in bir devrim yaratan kremşantiyi bulmasıyla yaşanmıştır.,"Pastanın üstüne konulan mumları üflemek, dilek tutmak ve hediye merasimi gibi ritüeller, günümüze kadar neredeyse değişmeden gelmiştir.",Kraliyet mutfaklarında ve soyluların evlerinde sadece pasta yapmak için özel olarak görev alan usta pastacılar bulunuyordu.,"Bu dönemde işlerini kaybeden usta pastacılar, Fransa'nın çeşitli bölgelerinde pasta imalathaneleri açarak pastacılığın yaygınlaşmasını sağlamıştır.",B
6333bad8-059e-5f43-b8a3-663461da1848,MATEMATIK,"Gerçek sayılar kümesi üzerinde bir f fonksiyonu
$f(x) = |2x-5|+1$
biçiminde tanımlanıyor.
Buna göre $f'(2) + f'(3)$ toplamının değeri kaçtır?",-2,-1,0,1,2,C
97021b72-1ffb-5825-95ae-a53bef1047af,MATEMATIK,"$5$ ve $x$ doğal sayısının EKOK'u $15$'tir. Buna göre, $x$'in alabileceği farklı değerlerin toplamı kaçtır?",3,8,15,18,21,D
15d6f609-d216-5dd4-8e9f-314405547ad8,GEOMETRI,"Dik koordinat düzleminde $A(3, 2)$ noktasının $B(4, -1)$ noktasına göre simetriği $C(a, b)$ noktasıdır. Buna göre, $a+b$ toplamı kaçtır?",-2,0,1,2,3,D
88a41770-8ae3-5dba-bf93-52c8bfa81e87,TURKCE,"• yol: Çare, yöntem.
• düşmek: Vurmak, değmek, rastlamak.
• tam: O sırada, o anda.
Aşağıdaki cümlelerin hangisinde ""yol"", ""düşmek"", ""tam"" sözcükleri belirtilen anlamlarını karşılayacak şekilde kullanılmıştır?","İnsan laftan anlamayan, yola gelmeyen insanların peşine düştüğünde karakterinden ödün vermemek için tam zamanında yanından ayrılmalıdır.","Felsefeye düşen en önemli görev, insanlara tam olarak düşünme yolunu gösterecek tutum ve davranışlar kazandırmaktır olmalıdır.",Bu vatanın düşmemesi için Kurtuluş Savaşı'nda vatanın evlatları tam olarak şehitlik yolunda durmadan duraksamadan yürüdüler.,İnsan bazı anlarda birçok sorunu yola düşer ve bu durumdan tam zamanında çıkmak için bir yol bulamaz çünkü panikle düşünme yetisi zayıflar.,Hannibal Barca; Trasimene Gölü Muharebesi sırasında esir düşen İtalyan askerlere tam olarak şöyle söylemişti: Ya bir yol bulacağız ya da bir yol açacağız.,D
73c96940-c30d-57bd-8a10-02b186604cb5,MATEMATIK,"$(3x^2+2x) \cdot (3x^2-10x) < 0$
eşitsizliğini sağlayan kaç farklı $x$ tam sayısı vardır?",2,3,4,5,6,D
14695cc8-e8a8-5f83-80c5-2158e43153d7,MATEMATIK,"A, B ve C iki basamaklı birbirinden farklı doğal sayılardır. $\text{EBOB}(A, B, C) = 21$ olduğuna göre, $A + B + C$ toplamı en çok kaçtır?",63,84,105,126,189,E
dbfb9bb6-6ed2-5992-ad65-6478c605d468,MATEMATIK,"$a \ne 0$ olmak üzere, $x^2-(2-a)x+a=0$ denkleminin kökleri $x_1$ ve $x_2$'dir. $\frac{x_1}{a} = x_2$ olduğuna göre, $a$ değeri kaçtır?",$\frac{1}{2}$,1,$-\frac{1}{2}$,2,-2,A
7ae7b3a3-f541-5b6b-8b5c-f30e1a374d4e,MATEMATIK,"$f(0)=4$ ve $\lim_{x \to 0} \frac{f(x)-4}{x}=4$ olmak üzere $g(x) = \sqrt{f(x)}$ fonksiyonu veriliyor. Buna göre, $g(x)$ fonksiyonunun $x=0$ noktasındaki türevinin değeri kaçtır?",$\frac{1}{4}$,$\frac{1}{2}$,1,2,4,C
0a9f4ca2-15f0-505e-a45a-a9f1a9a95287,MATEMATIK,"$f(x) = \int (x^2 - ax + 6)dx$ veriliyor. $f''(x)$ fonksiyonunun ekstremum noktasının apsisi $3$ olduğuna göre, $a$ kaçtır?",-12,-8,-6,-4,-2,C
6fa849d9-59ed-56ff-acb7-9b32c0e52ad0,KIMYA,Aşağıdaki bileşiklerden hangisi hidrolize uğrayıp karboksilik asit ve alkol oluşturur?,CH$_3$-C(=O)-OH,CH$_3$-CH$_2$-OH,C$_6$H$_5$-COOH,H-C(=O)-OCH$_3$,CH$_3$-COOH,D
92978866-b125-5280-be5f-135789609d09,MATEMATIK,"$\frac{12}{1} - \frac{12}{2} + \frac{12}{3} - \frac{12}{4} + \frac{12}{6} - \frac{12}{12}$
işleminin sonucu kaçtır?",6,7,8,9,10,C
f84e8012-9a07-505e-9083-f394b5a43376,MATEMATIK,"Yaş ortalaması 25 olan bir aileye en küçük çocuk ile aynı yaştaki bir arkadaş, misafir olunca evdekilerin yaş ortalaması 22, bunun yerine evin en büyüğü olan baba ile aynı yaştaki bir arkadaş misafir olunca evdekilerin yaş ortalaması 30 oluyor.
Bu ailedeki en küçük çocukla babasının yaş ortalaması 32 olduğuna göre, bu ailede kaç kişi vardır?",3,4,5,6,7,D
ad9fadd6-5636-5936-a6bf-5a6670aadbb9,TARIH,"""Osmanlı Devleti'nde Mısır Meselesi ve Mehmet Ali Paşa İsyanı"" konusunu araştıracak bir grup öğrenci kendi aralarında; Emre: Hünkâr İskelesi Antlaşması, Deniz: Mora İsyanı, Okan: Islahat Fermanı, Ece: Kütahya Antlaşması, Aysun: Sened-i İttifak konularını araştırmak için bir iş bölümü yapmış ancak bazı öğrenciler ödevle doğrudan ilgili olmayan konular seçmiştir. Buna göre öğrencilerden hangilerinin yanlış konu seçimi yapıldığı söylenebilir?",Emre - Deniz,Deniz - Okan,Okan - Aysun,Ece - Okan,Deniz - Aysun,C
fdfc7277-3f4c-5ffc-a244-4a4b3d30e970,MATEMATIK,"Faruk Öğretmen, 14 öğrencisine hediye etmek üzere 33 adet kalem alıyor. Bu kalemleri bazı öğrencilerine 2 kalem bazı öğrencilerine 3 kalem düşecek şekilde tamamını dağıtıyor.
Buna göre, 2 kalem alan öğrenci sayısı kaçtır?",6,7,8,9,10,D
258f385f-3358-5791-bfa3-0a587ffe8ce0,GEOMETRI,"$A(3, m)$ noktasının $3x - y + 2 = 0$ doğrusuna olan uzaklığı $2\sqrt{10}$ br olduğuna göre, $m$ nin alabileceği değerlerin toplamı kaçtır?",21,22,23,24,25,D
1b0023ae-ac78-59f6-8371-a823481030e7,MATEMATIK,"$P(x)$ polinomunun baş katsayısı negatif gerçek sayı olmak üzere $P(2+P(x-3))=9+8x$ olduğuna göre, $P(x)+P(x-2)$ aşağıdakilerden hangisidir?",-4x+6,-2x-1,-2x+4,-4x+2,-4x-1,D
27fa4dcf-1b99-506a-af88-c2e938dd463a,FIZIK,"Tıpta görüntülemede kullanılan ultrason cihazının çalışma prensibi ile ilgili, I. Yüksek frekanslı ses dalgaları kullanılır. II. Yüksek frekanslı elektromanyetik dalgalar kullanılır. III. Dalgaların doppler etkisinden yararlanılır. yargılarından hangileri doğrudur?",Yalnız I,Yalnız II,Yalnız III,I ve III,II ve III,D
2b4ea77e-477a-5a05-8868-82678546ce2c,FIZIK,"Bir kaynak tarafından üretilen dalgalar, ulaştıkları noktalara enerji taşımaktadır. Buna göre dalgaların enerji taşımasına; I. okyanus veya denizlerde meydana gelen su dalgalarının kıyılardaki kayaları aşındırması, II. bir müzik çaların çaldığı müziğin bir kişi tarafından işitilmesi, III. gece yolculuk esnasında karşımızdan gelen araçların ışığının gözümüzü rahatsız etmesi örneklerinden hangileri verilebilir?",Yalnız I,Yalnız II,I ve II,I ve III,"I, II ve III",E
d7a243e2-f3e2-54e5-8605-927f138c8e0f,MATEMATIK,$\sqrt{5^3} \cdot \sqrt[3]{5^3}$ ifadesinin eşiti aşağıdakilerden hangisidir?,27,9,3,1,$\frac{1}{3}$,A
2eadc2bd-0f41-5b44-bf9d-4f170d91ba87,MATEMATIK,"$(10, 10, 11, 9, 12, 8, ...)$ dizisinde tek numaralı indise sahip terimler 1 artarken çift numaralı indise sahip terimler 1 azalmaktadır. Buna göre, $a_{40} + a_{39}$ toplamı kaçtır?",30,22,20,12,10,C
a6f9318c-92db-5a83-b7f3-9e8a6d9750ec,EDEBIYAT,Aşağıdakilerin hangisinde verilen açıklama ayraç içindekiyle ilgili değildir?,"16. yy.ın önemli şairi olan sanatçı, sadece kendi döneminde yaşayan divan şairlerine yer verdiği Gülşen-i Şuara eseri ile tanınır. (Ahdî)",16. yy.da yaşayan divan sanatçısı ağdalı dille kaleme aldığı Tezkiretü'ş Şuara tezkiresiyle tanınmıştır. (Kınalızâde Hasan Çelebi),"16. yy.ın önemli şairi; samimi ve sade üslubu, rindane edası, zengin kelime hazinesi, çeşitli deyimler kullanması, mahallî tasvirlere ve görünen unsurlara yer verişiyle dikkati çeken, Belgrad Şehrengizi ile bilinen bir divan şairidir. (Hayretî)",16. yy.da çokça şiir yazan ve edebî sanatların hemen hepsine örnek vermek maksadıyla en basit ve en yaygın mazmunları sık sık tekrarlayan şairin şairânelik yönü oldukça zayıftır. Pend-i Attar Tercümesi adlı eseri bulunmaktadır. (Edirneli Nazmî),"17. yy.da yaşayan ve ""Hayyam-ı Rum"" olarak anılan sanatçı, divan şiirinde en çok rubai yazan şair olarak tanınmıştır. (Nâbî)",E
3751da78-dbdc-533c-b000-c322db3e0ebc,MATEMATIK,"%16'sı portakal olan M litre portakal suyu karışımı ile %28'i portakal olan K litre portakal/suyu karıştırılarak portakal oranı %x olan yeni bir karışım elde ediliyor.
M > K olduğuna göre, x'in alabileceği değerlerin en geniş aralığı aşağıdakilerden hangisidir?",$21 < x < 25$,$16 < x < 21$,$16 < x < 26$,$16 < x < 20$,$21 < x < 26$,A
02e26d9d-f4b2-5beb-97e7-756ea5a5840f,MATEMATIK,"$x$ ve $y$ gerçek sayı olmak üzere, $-5 \le x < 3$ ve $-1 < y < 4$ olduğuna göre $2x+3y$ toplamının alabileceği en küçük tam sayı değeri kaçtır?",-9,-10,-11,-12,-13,E
9058a207-c0cc-5a78-a0dd-edf223a30672,BIYOLOJI,"Bir bitki hücresinde plazmoliz gerçekleşirken I. hücre zarının çeperden uzaklaşması, II. kofulların ve hücrenin genişlemesi, III. ozmotik basıncın azalması durumlarından hangileri gözlenebilir?",Yalnız I,Yalnız II,I ve II,I ve III,II ve III,A
41750172-68f2-50a3-8e86-071dd8975a25,KIMYA,"Aşağıdaki tabloda bazı bileşikler verilmiştir.
Buna göre tabloda verilen moleküllerle ilgili aşağıdaki verilen ifadelerden hangisi yanlıştır? ($_{1}H, _{6}C, _{7}N, _{8}O, _{9}F, _{17}Cl, _{19}K$)",Aynı koşullarda kaynama sıcaklığı en yüksek olan $H_2O$'dur.,$NaCl$'nin $H_2O$'da çözünmesiyle iyon-dipol etkileşimi oluşur.,$CO_2$ molekülleri arasındaki etkin etkileşim türü London kuvvetleridir.,"$CO_2$, $N_2$ ve $H_2$ apolar moleküllerdir.",$H_2O$ ile $HCl$ arasında dipol-dipol etkileşimi görülür.,A
2459a840-05a8-591a-b3ec-20021c914f2d,MATEMATIK,$ \int_{1}^{2} (|x-2|+|x-3|) dx $ integralinin değeri kaçtır?,$ \frac{3}{4} $,1,$ -\frac{3}{2} $,2,3,D
c0f8f32b-fae8-5bd0-8503-589011f3146e,MATEMATIK,"$\frac{A}{2} = \frac{B}{3} = \frac{C}{4}$ olmak üzere $3A+5B+4D = 144$ olduğuna göre, $A+D$ kaçtır?",23,20,33,8,27,E
955cc365-a30c-598c-8759-ac243ec0b40d,MATEMATIK,"Bir taşıma şirketine gelen özdeş 5 kolinin her birinin içerisinde 36 kutu, her kutuda 45 makara ve her bir makarada sarılı 100 metre iplik vardır.
Buna göre, bu kolilerde toplam kaç metre iplik vardır?",$60^2$,$30^4$,$60^4$,$120^2$,$150^2$,C
2ac362af-aef6-5cf0-b7e7-88e8fc8a65b5,MATEMATIK,$\frac{\sqrt{x}}{x-2} = \frac{3}{11}$ denklemini sağlayan x değerlerinden biri aşağıdakilerden hangisidir?,3,2,$\frac{2}{3}$,9,$\frac{9}{16}$,E
0262a389-7115-56b8-9878-d0979e0261c9,BIYOLOJI,"Tüm organizmalarda, canlılığın devam etmesi için;
I. hücre sayısının artırılmasıyla büyümenin gerçekleştirilmesi,
II. vücudun yapım, onarım ve büyümesi için gerekli besinlerin elde edilmesi,
III. ATP enerjisinin üretilmesi
olaylarından hangilerinin gerçekleştirilmesi zorunlu değildir?",Yalnız I,Yalnız II,Yalnız III,I ve II,I ve III,A
1beaa3bf-5e43-54e4-b698-b6a1ffa059a8,KIMYA,"I. DipoI - dipol kuvvetleri
II. İyonik bağ
III. London kuvvetleri
IV. Metalik bağ
V. Hidrojen bağlan
Yukarıda verilen etkileşimlerin zayıf ve güçlü olarak sınıflandırılması hangi seçenekte doğru olarak verilmiştir?","I, III, V","II, III","I, III, IV","II, III, V","I, II, IV",A
ed5f363f-5737-501b-8fca-be58bfe55096,KIMYA,"$C_nH_{2n-2}$ genel formülüne sahip bileşiğin 13 gramı 1,25 mol $O_2$ gazı ile artansız olarak tepkimeye giriyor.
Buna göre, $C_nH_{2n-2}$ molekülünün molar yanma ısısı kaç kJ/mol'dür?
(Mol kütleleri: H = 1 g/mol, C = 12 g/mol, Standart oluşum entalpileri (kJ/mol): $CO_{2(g)} = -393$, $H_2O_{(s)} = -286$, $C_nH_{2n-2(g)} = 226$)","-973,5",-1126,-1298,-1398,-1716,C
02770126-310b-5f2d-b32d-5abdc0d3c0ae,MATEMATIK,"Bir nesneye uygulanan kuvvet $F(x)$ ve yapılan iş $W$ olmak üzere, $W = \int_{a}^{b} F(x)dx$ olarak bulunur. Başlangıç noktasından $x$ metre uzaklıktaki bir nesnenin üzerine $(3x^2+6x)$ N'lik bir kuvvet uygulanıyor. Bu nesne $x=1$ noktasından $x=3$ noktasına hareket ettirildiğinde yapılan iş kaç joule'dür?",38,42,46,50,54,E
0583b022-f56c-5fd3-bbd7-c32ac6e85083,MATEMATIK,$ \frac{\frac{17}{39}}{\frac{25}{13}} = ? $ işleminin sonucu aşağıdakilerden hangisidir?,$ \frac{42}{13} $,$ \frac{25}{39} $,$ -\frac{17}{75} $,$ \frac{425}{507} $,$ \frac{1}{31} $,C
ec06c90d-54d4-5457-aef6-6029e31a107f,MATEMATIK,"Bir hastaya sol kolundaki damardan bir ilaç enjekte ediliyor. $t$ saat sonra hastanın sol kolundaki damarda ilaç konsantrasyonu yaklaşık olarak $H(t)=\frac{0,04t}{t^2+1}$ $(0<t<12)$ fonksiyonu ile bulunuyor. İlacın konsantrasyonunun arttığı en geniş aralık aşağıdakilerden hangisidir?","$(0,1]$","$(2,3]$","$(1,12)$","$[2,12)$","$[1,12)$",A
2400b8f1-8bf9-5caa-af26-db9384ff335a,BIYOLOJI,İnsan vücudunda sindirilmediği halde lifli yapısıyla bağırsakların çalışmasını kolaylaştırdığı için diyetisyenler tarafından bolca yenilmesi tavsiye edilen besin aşağıdakilerden hangisidir?,Selüloz,Nişasta,Glikojen,Laktoz,Maltoz,A
012ad768-cbd3-575e-9e8c-6559e7a9bfb0,MATEMATIK,"$\frac{\tan \left(x + \frac{\pi}{4}\right)}{\tan \left(\frac{\pi}{4} - x\right)} = 9$ olduğuna göre, $\tan x$ kaç olabilir?",3,$\frac{1}{4}$,2,$\frac{1}{3}$,4,B
58e1cbd6-30bf-58b0-a38c-9e6d55902d43,MATEMATIK,"a ve b birer pozitif tam sayı olmak üzere, $a^2-b^2=13$ olduğuna göre, $a \cdot b$ çarpımı kaçtır?",42,48,52,58,65,B
fbae1832-df94-57d3-8688-e2bf062c42c7,MATEMATIK,$f(x)=\frac{x^3}{3}-\frac{3x^2}{2}-(a-1)x+1$ fonksiyonunun ekstremum noktası olmadığına göre $a$'nın en büyük tam sayı değeri kaçtır?,-7,-6,-5,-4,-3,A
c966e271-f866-5176-832b-56b247509e53,MATEMATIK,"Faruk, $2020$ yılında ziyaret ettiği bir müzede gördüğü bir vazoya ait bilgileri okurken vazonun bulunduğu yıl ile kendi doğduğu yılın aynı olduğunu ve vazonun, bulunduğunda $300$ yaşında olduğunu öğrenmiştir.
Ayrıca bu ziyareti sırasında kendi yaşının $39$ katının vazonun yapıldığı yıla eşit olduğunu hesaplamıştır.
Buna göre, $2020$ yılında Faruk kaç yaşındadır?",41,42,43,44,45,E
8dc01cb5-a822-5091-855e-503f2008d081,BIYOLOJI,"Mayoz bölünme ile ilgili olarak, aşağıdakilerden hangisi yanlıştır?","Krossing over, genin yapısını değiştirmez.","Mayoz-I'de homolog kromozomlar, Mayoz-II'de kardeş kromatitler zıt kutuplara çekilir.",Kromozomların niteliğini ve niceliğini değiştirir.,Metafaz-I evresindeki kromozom sayısı Metafaz-II evresindeki kromozom sayısının iki katıdır.,"Anafaz-I evresindeki kromozom sayısı, Anafaz-II evresindeki kromozom sayısının iki katıdır.",D
3cd941c1-791e-57ae-8bed-06f832c5d745,MATEMATIK,"a bir gerçek sayı olmak üzere, $x^2-a \cdot x-8=0$ denkleminin çözüm kümesi $\{1, b\}$ dir. Buna göre, $b-a$ farkı kaçtır?",2,1,0,-1,-2,D
2354759c-21fc-54e9-8157-2dc53e440247,MATEMATIK,"Gerçek sayılar kümesinin bir alt kümesi üzerinde tanımlı f(x) = a $\cdot 2^{x+1}$ + 5 ve f'(2) = 2 olduğuna göre, a gerçek sayısı kaçtır?",1,2,3,4,5,A
796542d7-69b1-50e1-bdd1-629b22d9c750,MATEMATIK,$\frac{5}{4-x} \ge \frac{4}{x-5}$ eşitsizliğinin çözüm kümesi aşağıdakilerden hangisidir?,"$[1,9]$","$(- \infty,1) \cup (9, \infty)$","$R - (1,9)$","$(1,9)$","$[9, \infty)$",D
03f252f2-9271-5064-9ce0-1ebd622918ff,KIMYA,"Afyon'da bir fabrikada çalışan kimyager, maden suyunun analizinde içerdiği minerallerin cinsi ve miktarının belirlenmesi ile ilgili bir görevdedir. Buna göre, bu kimyager kimyanın hangi disiplininde uzmanlaşmış olmalıdır?",Çevre kimyası,Anorganik kimya,Termokimya,Analitik kimya,Elektrokimya,D
3964c8e7-0bc4-5dea-9bbe-0ef3f8cfaa7f,MATEMATIK,"Arda, Berke'ye: ""Berke; aklından bir sayı tut, 4 ile çarp, 32 ekle, 4'e böl. Bulduğun sonuçtan, tuttuğun sayıyı çıkar."" diyor. Berke işlemler yapıldıktan sonra Arda, Berke'nin işlemlerden sonra bulduğu sayıyı doğru olarak söylüyor. Buna göre, Berke'nin işlemlerden sonra bulduğu sayı kaçtır?",4,8,16,24,32,B
352e62a6-c5e2-5604-805e-05e04952a54e,MATEMATIK,"Gerçek sayılar kümesinin bir alt aralığında tanımlı bir $f$ fonksiyonu için,
$f(x-1) \le 0$
eşitsizliğinin çözüm kümesi $[-2, 8]$ dir.
Buna göre,
$f(2x+1) < 0$
eşitsizliğinin çözüm kümesi aşağıdakilerden hangisidir?","$(-2, 3)$","$(-2, 4)$","$(-3, 3)$","$(-1, 4)$","$(-3, 1)$",D
c712825b-24ff-5fe2-88c2-82b45f4cd6a8,EDEBIYAT,Aşağıdakilerden hangisi numaralanmış şiirlerin ortak özelliği olarak söylenebilir?,"Açık, anlaşılır bir kullanma",Divan şiiri mazmunlarına yer verme,Kaside nazım biçimiyle yazılma,Toplumcu şiir görüşüyle oluşturulma,Dize kırılmalarıyla şiiri düzyazıya yaklaştırma,E
fa6ba406-519f-5ac5-a678-8e43e16915cf,MATEMATIK,$\lim_{x \to 2} \frac{2x-4}{x^2-|x^2-4|}$ ifadesinin değeri kaçtır?,-2,2,$\frac{1}{2}$,$-\frac{1}{2}$,Yoktur,D
44ac172e-cfa3-50d0-8ac7-d069967ffaa7,TURKCE,"2008 yılı itibarıyla 500 milyon dolar ve daha fazla ihracat yaptığımız 48 ülkeden 19'una yaptığımız ihracatın büyüme oranı, Türkiye'nin ortalama ihracat büyüme oranından düşük kalmıştır. Diğer taraftan 29 ülkeye yaptığımız ihracatın büyüme oranı ise Türkiye toplam ihracat büyüme oranından daha büyük gerçekleşmiştir.

Bu parçadan hareketle,
I. Bazı ülkelerin toplam ihracatımızdaki payı düşmüştür.
II. Kimi ülkelerin toplam ihracatımızdaki payı artmıştır.
III. Türkiye'nin toplam ihracatı beklenen oranda büyümüştür.
IV. Kimi ülkelere yaptığımız ihracatın miktarı aynı kalmıştır.

yargılarından hangilerine kesin olarak ulaşılabilir?",Yalnız I,Yalnız II,Yalnız III,I ve IV,II ve IV,B
31f35f54-1ae3-5011-96a0-53ce2d039720,EDEBIYAT,"Ahmet Vefik Paşa'nın Moliere'den tercüme ve uyarlamaları,
I
Şinasi ve Recaizâde Mahmut Ekrem'in La Fontaine'den
II
III
tercümeleri ayrıca Reşit Bey'in Racine'den yaptığı tercümeler realizmin edebiyatımızdaki ilk yankıları kabul edilir.
IV
V
Bu parçada numaralanmış bölümlerin hangisinde bir yanlışlık vardır?",I,II,III,IV,V,E
44678c75-30d9-57dd-940c-ee3f401df745,FIZIK,"Mekanik dalgalar ile ilgili olarak;
I. Dalgalar madde taşır.
II. Dalgalar enerji taşır.
III. Boşlukta ve maddesel ortamlarda yayılabilir.
söylenenlerden hangileri doğrudur?",Yalnız I,Yalnız II,Yalnız III,I ve II,II ve III,B
185f23ca-98cd-5748-ac80-a00fa4db532b,TARIH,"Coğrafi Keşiflerin sonucundan ekonomik anlamda en çok olumsuz etkilenen devlet Osmanlı olmuştur.
Osmanlı Devleti'nin bu olumsuzlukları gidermek için;
I. Avrupa'da ortaya çıkan mezhepleri desteklemiştir.
II. Don-Volga Kanal projesini hazırlamıştır.
III. Fransa'ya kapitülasyonlar vermiştir.
girişimlerden hangilerini hayata geçirmeye çalıştığı söylenebilir?",Yalnız I,Yalnız II,I ve II,II ve III,"I, II ve III",D
b5bfbf9c-63bb-5fa8-b94b-e887405f19a8,MATEMATIK,"$a$ ve $b$ gerçek sayılar olmak üzere, $-5 \le a < 6$ ve $-4 < b < 4$ olduğuna göre, $a \cdot b$ çarpımının alabileceği en büyük ve en küçük tam sayı değerlerinin toplamı kaçtır?",-4,0,4,20,44,E
37b7be48-108e-5883-91b4-6f34c39547b4,MATEMATIK,$f$ ve $g$ fonksiyonları $f(x)=\log_2(\log_3(x))$ ve $g(x)=5^x$ şeklinde tanımlanmıştır. $(gof)(k)=\log_2\left(\frac{1}{3}\right)$ eşitliğini sağlayan $k$ tam sayısı aşağıdakilerden hangisidir?,2,3,4,6,9,E
b475c0e0-2ee9-5f6c-a50c-64eff66972e5,KIMYA,$4p$ orbitallerinin manyetik kuantum sayısı ($m_l$) aşağıdakilerden hangisi olabilir?,1,2,-2,3,+3,A
3d8c5fe2-1eaa-5069-ac12-25a5cad9a436,TARIH,"Ahşap İşlemeciliği
(I) Ağaç ve yan ürünlerinin işlemeye elverişli yapısından dolayı ahşap işlemeciliği, kapı ve pencere kapaklarında, bilhassa minberlerde yaygın bir kullanım alanı bulmuştur.
(II) Ahşap işçiliğiyle uğraşan sanatkârlara kehhal denilmiştir.
(III) Sedir, ceviz, kestane, elma, armut, abanoz, şimşir, gül, kiraz ağaçları ahşap işçiliğinde en çok kullanılan malzemelerdir.
(IV) Ağaç, neme karşı dayanıklı hâle getirilmesi için bezir yağı vb. yağlarla doyurularak işlendikten sonra sandal yağı gibi koruyucularla beslenip cilalanmıştır.
(V) Ağaç üzerinde veya diğer ahşap bir malzemede, mobilyada belirlenmiş desen ve çizimlere göre oyulmuş yuvalara gümüş sedef vb. süs maddeleri yerleştirilerek yapılan süsleme sanatına ise kakmacılık denilmiştir.
Ahşap işlemeciliği ile ilgili çeşitli bilgilerin verildiği yukarıdaki metinde kaç numaralı alanda yanlışlık yapılmıştır?",I,II,III,IV,V,B
c85f9ec2-3454-5e05-9d45-d8b0810eda81,TURKCE,"Gazeteci: “İdeolojisiz şiire şiir demem.” sözünüz fazla iddialı olmadı mı?
Şair: Asla. Şair, şiirini bir ideolojinin emrine vermelidir.
Gazeteci: Ahengi önemsememeli mi yani şair?
Şair: O, şairin tercihi. İdeoloji olduktan sonra gerisi benim için önemsiz.

Aşağıdaki yargılardan hangisinin bu diyalogdaki şairin sanat anlayışıyla örtüştüğü söylenebilir?","Şiir, belirli bir çevre ve sınıfı karakterize eden düşüncelerle yansıtmazsa istediği kadar ahenkli olsun sanat içinde değerlenemez.","Şair, şiirde dize bütünlüğünü esas almalı; kendine özgü özel bir imge düzeni oluşturmalıdır ki adını duyurabilsin.","Estetik haz peşinde koşan şair, okuyucu tarafından el üstünde tutulur ve adını her dönem andırmayı başarır.","Disiplinli çalışan sanatçı, şiirlerinde zekâ ve bilinçaltını ön planda tutmalı ama bunu sessiz bir düzenle yapmalıdır.","Sanatın bir form sorunu olduğuna inanan sanatçılar, iyi ve güzel şiir yazmadıkça var olduklarını hissedemezler.",A
4e3137df-937d-5cc3-81e7-683aa0221878,MATEMATIK,%40'ı tuz olan 30 gram tuzlu su karışımının tuz yüzdesini %50 yapmak için karışıma kaç gram tuz ilave edilmelidir?,4,5,6,7,8,C
cb2d72aa-20f9-5fbb-8d68-5d850dd42a52,MATEMATIK,"I. Her tam sayı bir gerçek sayıdır.
II. Bazı rasyonel sayılar bir tam sayıdır.
III. İrrasyonel sayılar kümesi rasyonel sayılar kümesinin bir alt kümesidir.
Yukarıda verilen ifadelerden hangileri doğrudur?",Yalnız I,Yalnız II,Yalnız III,I ve II,II ve III,D
c9bbf022-56d6-560b-a948-c787defe11d9,KIMYA,"Aşağıdaki iyonlardan hangisinde toplam elektron sayısı en fazladır? ($_{1}$H, $_{6}$C, $_{7}$N, $_{8}$O, $_{16}$P)",OH$^{-}$,CN$^{-}$,NO$_{3}^{-}$,HCOO$^{-}$,PO$_{4}^{3-}$,E
e2c3a828-0e68-58a6-b004-2f27b1276a3c,MATEMATIK,$x^2-3x-4 \le 0$ eşitsizliğini sağlayan $x$ tam sayılarının toplamı kaçtır?,4,5,10,8,9,E
e8c674c4-4cb6-5e65-8719-bd725bd43033,MATEMATIK,"Gerçek sayılarda tanımlı $y=f(x)$ fonksiyonunun $x$ eksenine göre simetriği $y=g(x)$ fonksiyonudur.
• $y=f(x-1)-k$ fonksiyonunun en küçük değeri $2k-1$ dir.
• $y=g(x+3)$ fonksiyonunun en büyük değeri $5k-1$ dir.
Buna göre, $k$ kaçtır?",4,2,-2,-4,-5,E
1ea43ed7-df73-54e6-8c8a-9b8461d369a2,BIYOLOJI,"Lizozom organelinin küçük, yuvarlak, asidik bir yapısı vardır. Lizozomda bulunan enzimler ribozom organelinde sentezlenir ve bu enzimlerin etrafı golgi cisimciği, endoplazmik retikulum gibi organeller tarafından zarlarla çevrilerek lizozom organeli haline dönüştürülür.
Lizozom organeliyle ilgili yukarıdaki parçada,
I. Lizozom organelinin görevi nedir?
II. Lizozom organelinin sentezinde hangi yapılar görev alır?
III. Lizozom organelinin yapısı nasıldır?
sorularının hangilerine cevap bulunabilir?",Yalnız I,I ve II,I ve III,II ve III,"I, II ve III",D
decb2261-cffc-5344-aef6-86513a04aecd,MATEMATIK,"$k$ bir pozitif gerçek sayı olmak üzere, $\sin x - 2\sqrt{6} \cos x = k$ denkleminin $[0, 2\pi]$ kapalı aralığındaki çözüm kümesi bir elemanlı olduğuna göre, $k$ kaçtır?",$2\sqrt{5}$,$\sqrt{22}$,5,$2\sqrt{7}$,6,C
bfebb753-afd7-5008-bfba-116e169bfb1f,MATEMATIK,"$0^\circ < \alpha < 90^\circ$ olmak üzere, I. $\sin(-\alpha) = \sin(2\pi - \alpha)$ II. $\cos(-\alpha) = \cos(2\pi - \alpha)$ III. $\tan(-\alpha) = \tan(\pi - \alpha)$ ifadelerinden hangileri doğrudur?",Yalnız I,Yalnız II,Yalnız III,I ve II,"I, II ve III",E
2d2a8c6f-3514-5b1d-9fa8-764a6cb13801,MATEMATIK,"$f(x) = x^3 - 2x^2 + a \cdot x + 1$ fonksiyonunun $(1, 2)$ aralığında sadece bir tane ekstremum noktası olduğuna göre, $a$'nın alabileceği tam sayı değerlerinin toplamı kaçtır?",-6,-5,-4,-3,-2,B
05a08078-ead8-5f36-97f8-dec861e35865,MATEMATIK,"$\log_2 (5+\log_3 (\log_5 1)) = 1$ olduğuna göre, $x$ kaçtır?",$9$,$2\sqrt{3}$,$\sqrt{3}$,$3$,$3\sqrt{3}$,D
3233f603-24c6-5638-bf33-e3ad55ccd99e,MATEMATIK,"$P(x) = (a-5)x^3 - 7x + c$ ve $Q(x) = (b+2)x^3 + dx + 8$ polinomları veriliyor. $P(x) = Q(x)$ olduğuna göre, $\frac{a+c}{b-d}$ oranı kaçtır?",-2,-1,0,1,2,E
4f8f247c-dbe6-580c-bc8a-79413424d6e1,MATEMATIK,$(2x^3-5x^2+4x+1) \cdot (x^3-2x^2+5x-4)$ çarpımının sonucunda oluşan ifadede $x^3$ lü terimin katsayısı kaçtır?,12,16,18,20,24,C
c9861616-38a2-5fc7-abde-4b7786834cfa,MATEMATIK,Kesrini tanımsız yapan kaç farklı $x$ değeri vardır? $\frac{1}{1 - \frac{2}{1 - \frac{3}{x-2}}}$,1,2,3,4,5,C
c8ddeb6e-675e-59c4-a31f-523b9bdcee38,BIYOLOJI,"İnsanın kemik sağlığının korunması için, aşağıdakilerden hangisini yapması gerekmez?",Besinlerle yeterli oranda amino asit alması,Yaşına uygun spor yapması,Yeterli D vitamini sentezleyebilmek için ışın tedavisi yaptırması,Besinlerle yeterli oranda kalsiyum ve fosfat tuzu alması,Şekil bozukluğuna neden olabilecek hareketleri alışkanlık haline getirmemesi,C
6ae9cc76-4635-52ec-b858-22eee4070a08,KIMYA,"HF asidi camla etkileştiğinde $6HF + SiO_2 \rightarrow H_2SiF_6 + 2H_2O$ tepkimesi gerçekleşir.
Yukarıdaki ifadelerden hangileri doğrudur?
I. Kireç higroskopik bir maddedir.
II. Kostikler yağ çözücü özelliğe sahiptir.
III. Çamaşır suyu ve tuz ruhunun karıştırılması zehirli $Cl_2$ gazı oluşumuna neden olur.",Yalnız I,Yalnız III,I ve II,"I, II ve IV","I, II, III ve IV",B
d0837ad7-40fa-5d7c-8d57-e975d3e418d7,MATEMATIK,"Gerçel katsayılı ve başkatsayısı 1 olan ikinci dereceden bir $P(x)$ polinom fonksiyonu veriliyor. $a, b, c$ pozitif gerçel sayılar olmak üzere, $P(x) - a$ polinom fonksiyonunun eşit iki kökü varken $P(x) - a - 9$ polinom fonksiyonunun kökleri $-b$ ve $b$ olmaktadır. $\lim_{x \to b} \frac{P(x) - 18}{x - b} = c$ olduğuna göre, $a + b + c$ toplamı kaçtır?",12,15,18,21,24,D
c3dd7e9f-f242-50da-be62-02d6e816477a,TARIH,Aşağıdakilerden hangisi İslamiyet öncesi Türk devletlerinde geçerli olan egemenlik sembol ve göstergelerinden biri değildir?,Hutbe okutmak,Siyasi antlaşmalar yapmak,Para bastırmak,Kurultaya başkanlık yapmak,Yabancı elçileri kabul etmek,A
8a4a4050-6b62-52aa-beaa-3500fa1b414a,MATEMATIK,"Her gün sabit hızla çalışan Sezen, $2 \text{ m}^2$ lik halıyı 24 günde dokuyor. Buna göre, Sezen bu halının $2 \text{ m}^2$ lik kısmını kaç günde dokur?",4,6,9,12,16,C
8f4de72d-c57f-5bdf-898c-0f2973568d2c,TARIH,"Türklerin İslamiyet'i benimsemesinde; I. temizlik anlayışlarının İslami esaslarla örtüşmesi, II. hırsızlık, yalancılık ve adaletsizliğin iki inançta da yasak olması, III. kurban ibadetinin İslamiyet'te de olması unsurlarından hangilerinin etkisinin olduğu savunulabilir?",Yalnız I,Yalnız II,Yalnız III,I ve II,"I, II ve III",E
789b5a26-61c8-55bf-98ef-0f311fc54451,TURKCE,"Bir şeyi denemenin risk olduğunu düşünmek büyük bir yanılgıdır. Hâlbuki denememek, risk almaktır. Çünkü Pascal'ın dediği gibi çabalarınız sonucunda ""Kazanırsanız her şeyi kazanacak, kaybederseniz de hiçbir şey kaybetmeyeceksinizdir."" Başka bir deyişle deneyerek her durumda kazanacaksınız. Zaten cebinizde olmayan bir bilgi, bir duygu veya bir şansın en fazla nasıl olmayacağını görmüş olacaksınız. Edison'un her başarısız deney sonrasında dediği gibi ""Nasıl yapacağınızı bulamamış ama nasıl yapamayacağınızı görmüş olacaksınız.""
Bu parçada Edison'dan söz edilmesinin nedeni aşağıdakilerden hangisidir?","Aktarılan düşünceleri, farklı bir bakış açısı sunarak kabul ettirmek",Ortaya konan düşünceyle çelişen durumların da bulunduğunu göstermek,Tartışmacı bir içerik oluşturup okurların metne olan ilgisini canlı tutmak,Anlatılanlara somut bir örnek vererek anlatımı güçlendirmek,Farklı düşünceleri karşılaştırarak okurları anlatılanlara ikna etmek,D
2997e8e4-b76c-5f9a-a346-44a58d50de33,MATEMATIK,"Bir okul öğrencilerine sıfır rakamını kullanmadan ilk iki hanesi rakam, üçüncü hanesi harf olacak şekilde üç haneli şifreler vermektedir. Şifredeki sayılar küçükten büyüğe doğru verilmektedir. $1$ ile başlayan şifreler bittiği an okulda kaç tane kayıtlı öğrenci vardır? ($29$ harf alfabetik sıra ile kullanılacak.)",124,180,261,360,424,C
7294b64d-c65a-528e-8cc8-87b82aa3f1d8,MATEMATIK,"$x$ gerçel sayı olmak üzere, $-2 \le x \le 2$ olduğuna göre $x^3$ ün alabileceği tam sayı değerlerinin toplamı kaçtır?",0,4,6,8,10,D
1aaf5def-a070-5bfb-b06f-ea187c431f64,GEOMETRI,"Şekilde, bir düzgün çokgenin altı farklı kenarı siyah renkte ve iki farklı köşegeni mavi renkte gösterilmiştir. Köşegenler arasında kalan dar açının ölçüsü $24^\circ$ olduğuna göre, bu düzgün çokgenin bir iç açısının ölçüsü $x$ kaç derecedir?",168,162,156,152,144,B
16b4158f-506b-5f63-bd23-6e5a8b1ef177,TARIH,"İngiltere ve Fransa ile 1939 yılında Karşılıklı Yardım Antlaşması imzalayan Türkiye, aşağıdaki devletlerin hangisiyle silahlı bir çatışmaya girmeme konusunun antlaşmada yer almasını sağlamıştır?",Sovyetler Birliği,Almanya,İran,İtalya,Yunanistan,A
48da7d0e-95bf-598c-b3ef-cb9e1c40cd4b,MATEMATIK,"Grafikleri verilen fonksiyonlardan hangileri $[1, 2]$ aralığında Rolle teoremini sağlar?",I ve II,I ve III,II ve III,II ve IV,III ve IV,D
afe49ef7-4d46-5a44-8ef3-e564b47dfdf4,TARIH,"Saraylarda görkemli bir yaşam sürmeye başlayan ruhban sınıfı, bu yaşantının giderlerini karşılamak için Hristiyan halktan para toplamış ve kilise topraklarından belirli oranlarda vergi almıştır. Avrupa'da yaşanılan bu durum, I. Ruhban sınıfı zenginleşmiştir. II. Skolastik düşünce zayıflamıştır. III. İncil her dile çevrilmiştir. gelişmelerinden hangilerine neden olduğu söylenebilir?",Yalnız I,Yalnız II,I ve II,II ve III,"I, II ve III",A
743cf7ea-a182-586f-b3a9-1dec5d624115,MATEMATIK,"$$\int_{-1}^{4} f(x) dx = 5$$, $$\int_{5}^{4} f(x) dx = 8$$ ve $$\int_{-1}^{5} f(x) dx = 10$$ olduğuna göre, $$\int_{4}^{5} f(x) dx$$ integralinin değeri kaçtır?",1,2,3,4,5,B
b88babed-6a19-519a-b9dc-f439332145c9,MATEMATIK,"20 terimli bir aritmetik dizinin ilk 10 terim toplamı son 10 terim toplamına eşit olduğuna göre,
I. Sabit dizidir.
II. İlk 5 terim toplamı, geriye kalan 15 terim toplamının $\frac{1}{3}$'ü kadardır.
III. Geometrik dizidir.
ifadelerinden hangileri daima doğrudur?",Yalnız I,Yalnız II,I ve II,II ve III,"I, II ve III",A
1465c596-ff0e-5800-81e0-5bc75ffd1401,MATEMATIK,"$x, y \in \mathbb{R}$ olmak üzere, Analitik düzlemde $|x-1| < 2$ ve $|y+1| < 4$ eşitsizliklerinin sınırladığı bölge boyanıyor. Boyalı bölgeden rastgele bir $(x, y)$ noktası alınıyor. Alınan bu noktanın analitik düzlemin birinci bölgesinde olma olasılığı kaçtır?",$\frac{9}{32}$,$\frac{5}{16}$,$\frac{3}{8}$,$\frac{1}{3}$,$\frac{1}{4}$,A
5dde7f09-d682-5f0c-82e4-16cca5f70e6d,MATEMATIK,"$a, b$ ve $c$ gerçel sayıları için \begin{itemize} \item $a$, negatif! \item $a \cdot b$, negatif değil \item $b \cdot c$, pozitif değil \end{itemize} bilgileri veriliyor. Buna göre, aşağıdakilerden hangisi kesinlikle yanlıştır?",$a \cdot c < 0$,$a < b \le 0 < c$,$a+b-c \ge 0$,$b < a < 0 < c$,$a < 0 < b \le c$,E
a99a6ee5-68e4-5add-a485-392d3e53dc46,TURKCE,"1940'larda Hindistan, İngilizlerin kontrolündeyken ülkede yılan zehirlenmesi çok fazla görülüyordu. Bundan rahatsız olan İngiliz hükûmeti de bir ödül programı başlatıyor. Ölü kobra yılanı getiren herkese belli miktarda para verilecek. Ödül uygulaması başlayınca gerçekten kobra sayısı azalmaya başlıyor. Ama sonra beklenmedik bir durum gelişiyor, getirilen ölü kobra sayısı her geçen gün artıyor. Araştırılınca fark ediliyor ki girişimci Hintliler kobra çiftlikleri kurmuş, kobra yetiştirip devlete satıyor! Görüldüğü gibi...
Düşüncenin akışına göre bu parçanın sonuna aşağıdakilerden hangisi getirilmelidir?","ödüllendirme, kısa vadede bir sorunu çözse de uzun vadede daha büyük sorunlar da yaratabilir",insanoğlunun suistimal edemeyeceği bir uygulama söz konusu değildir,"her ödüllendirme, beraberinde insanın otokontrol yöntemine zarar veriyor",ödüllendirme ile insanoğlunun bazen yetinmediği görülüyor,"insana balık vermek gerekmez, ona balık tutmayı öğretmek önemlidir",A
db901f21-6c5c-5437-bad6-c33bd14594bf,TURKCE,"(I) Zonguldak'ta 2016 yılında keşfedilen ağaç, tam 4.112 yaşında çıktı ve dünyanın bilinen en yaşlı porsuk ağacı oldu. (II) Bronz Çağı'na ait olduğu düşünülen porsuk ağacının (Taxus baccata), Anadolu'nun bilinen en yaşlı ağacı olduğu ortaya çıktı. (III) Ağaç aynı zamanda dünyanın en yaşlı ağaçları arasına girdi. (IV) Yapılan incelemelerde ortaya çıkan sevindirici sonuçlardan biri de ağacın oldukça sağlıklı olması. (V) Ağacın insanlar tarafından zarar görmediği sürece en az 4.000 yıl daha yaşayabileceği düşünülüyor.
Bu parçada numaralanmış cümlelerle ilgili olarak aşağıdakilerden hangisi yanlıştır?",I. cümlede karşılaştırma yapılmıştır.,II. cümlede bir bilgi verilmiştir.,III. cümlede özelliklerinden biri söylenmiştir.,IV. cümlede olumlu bir durum belirtilmiştir.,V. cümlede varsayım belirtilmiştir.,C
9423bce0-0b9b-5262-bb78-6b6946a90026,MATEMATIK,"Mustafa, bir kitabın önce $\frac{1}{5}$ ünü sonra da $\frac{1}{4}$ ünü okuyor. Daha sonra kalan sayfaların $\frac{2}{5}$ ini okuduğunda kitabın bitmesine 60 sayfa kalıyor. Buna göre, bu kitap kaç sayfadır?",150,180,200,240,300,C
e55db583-74b8-57e2-847e-b2dc3b13e1f1,MATEMATIK,"$a, b$ ve $c$ birer asal sayı olmak üzere, $7 \cdot a - b = 3 \cdot c - 210$ olduğuna göre, $a+b+c$ toplamı kaçtır?",25,23,21,19,17,B
b4b35349-bfab-5f99-8ec8-c519f8af7623,MATEMATIK,"$5x-7=28$ olduğuna göre, $x$ değeri kaçtır?",9,8,7,6,5,C
06022e82-299a-5924-a6d1-cd9850211d10,MATEMATIK,"$\sin(2x) - 2\sqrt{3} \sin x = \cos x - \sqrt{3}$ denkleminin $[0, 2\pi]$ aralığında kaç farklı kökü vardır?",2,3,4,5,6,C
0672ee29-605e-5a30-a5ab-975cbb42e6f1,KIMYA,I. $H_{2(g)} + \frac{1}{2}O_{2(g)} \rightarrow H_2O_{(g)}$ $\Delta H_1 = -a$ kJ II. $H_{2(g)} + \frac{1}{2}O_{2(g)} \rightarrow H_2O_{(s)}$ $\Delta H_2 = -b$ kJ III. $H_{2(g)} + \frac{1}{2}O_{2(g)} \rightarrow H_2O_{(k)}$ $\Delta H_3 = -c$ kJ Verilen tepkimelerin tepkime ısısı ($\Delta H$) ilişkisi ile açığa çıkan ısı ilişkisi hangi seçenekte doğru verilmiştir?,$\Delta H_1 > \Delta H_2 > \Delta H_3$ I > II > III,$\Delta H_1 = \Delta H_2 = \Delta H_3$ I = II = III,$\Delta H_3 > \Delta H_2 > \Delta H_1$ III > II > I,$\Delta H_3 > \Delta H_1 > \Delta H_2$ III > I > II,$\Delta H_1 > \Delta H_3 > \Delta H_2$ III > I > II,A
f21a846f-e5c5-5487-be66-29d574466451,MATEMATIK,"sin20° = $\frac{1}{n}$ olduğuna göre, $\frac{\cos55°}{\sin10°} - \frac{\cos55°}{\cos10°}$ işleminin sonucu aşağıdakilerden hangisidir?",n,n/2,n\sqrt{2},n\sqrt{3},2n,A
358c85d3-dad8-5ddb-9285-d2666cb65f5d,MATEMATIK,$4x^2 - 2mx + 16$ ifadesinin bir tam kare olması için $m$ kaç olabilir?,$4$,$-16$,$-12$,$14$,$-8$,B
b8e54687-d3f0-5903-856c-847a856301de,MATEMATIK,"$\tan x = \sqrt{3}+3$ ve $\cot x = \sqrt{3}-3$ olduğuna göre, $x$ kaçtır?",2,4,6,8,10,C
106c424f-da51-5f80-88b8-aa22ba098c1b,MATEMATIK,"$a$ ve $b$ birer gerçel sayı olmak üzere, gerçel sayılar kümesi üzerinde sürekli olan bir $f$ fonksiyonu $f(x)=\begin{cases} x^2-4 & , x \le a \\ 5x-8 & , a < x \le b \\ 7 & , x > b \end{cases}$ biçiminde tanımlanıyor. Buna göre, $a+b$ toplamı kaçtır?",4,5,6,7,8,C
d900fa23-0736-51c2-83bc-d95929014c27,MATEMATIK,"$ \pi < \alpha < \frac{3\pi}{2} $ olmak üzere, $ \tan\alpha = \cot\alpha $ dır. Buna göre, $ \cos\left( \alpha + \frac{\pi}{12} \right) $ ifadesinin değeri kaçtır?",$ -\frac{\sqrt{3}}{2} $,$ -\frac{1}{2} $,$ \frac{1}{2} $,$ \frac{\sqrt{3}}{2} $,$ 1 $,C
4bb1f274-4584-54f7-955e-f11f9a8591b5,FIZIK,"Şekildeki K, L, M noktalarının elektrik potansiyelleri sırasıyla $-2V$, $V$, $3V$'dir. Elektrikle yüklü bir cisim K'den L'ye, L'den M'ye getirilirken elektrik kuvvetleri, K-L arasında $W_{KL}$, L-M arasında $W_{LM}$ kadar iş yapıyor. Buna göre $\frac{W_{KL}}{W_{LM}}$ oranı kaçtır?",1,$\frac{1}{2}$,$\frac{1}{3}$,2,3,B
12882f00-b41c-5c1a-bd51-077a593ccab6,MATEMATIK,"$y=x$ doğrusunun $f(x)=x^2+1$ parabolüne en yakın noktası $A(x_0, y_0)$ olduğuna göre, $x_0$ kaçtır?",$\frac{7}{8}$,$\frac{1}{2}$,0,$\frac{1}{8}$,$\frac{7}{6}$,B
03d1c804-49ad-5960-bceb-08e490661491,MATEMATIK,"$x$ ve $y$ birer tam sayıdır. $0 < x \le 9$ ve $1 < y < 10$ olduğuna göre, kaç farklı $(x,y)$ sıralı ikilisi için $x+y$ toplamı iki basamaklı bir sayıdır?",40,42,45,50,55,C
72e61889-beaf-59b4-9a66-9ff501d10171,MATEMATIK,"Bir mağazada 10 ve üzeri sayıda tişört alana 2 tane tişört bedava, 5 ve üzeri sayıda gömlek alana 1 tane gömlek bedava veriliyor. Tanesi 36 TL olan tişörtler ile tanesi 48 TL olan gömleklerden satın alan Ali'nin tişörtlere verdiği para, gömleklere verdiği paranın iki katıdır. Ali'nin aldığı gömlek ve tişörtlerin toplam sayısı 25 olduğuna göre, Ali'nin aldığı gömlek sayısı kaçtır?",5,6,7,8,9,E
38269b1c-bbbd-58d8-a779-aada25e12b0f,MATEMATIK,"$2x^2+mx+n=0$ ve $x^2+3x+1=0$ denklemlerinin çözüm kümeleri aynı olduğuna göre, $m-n$ çarpımı kaçtır?",2,3,6,12,24,D
8572cd87-32ac-5c64-8b0e-af8281b431ab,MATEMATIK,"a sıfırdan farklı bir gerçek sayıdır. $ax^2-4ax+9=0$ denkleminin kökleri $x_1$ ve $x_2$ dir. $|x_1-x_2|=2$ olduğuna göre, a değeri kaçtır?",-3,-2,-1,2,3,E
08cc4cd6-1d1b-5760-b7de-24704e73ad30,EDEBIYAT,Aşağıdakilerin hangisinde Servetifünun Dönemi romanıyla ilgili bilgi yanlışı vardır?,Mekân İstanbul'dur ve kişiler aydın kesimden seçilmiştir.,"Dil, dönemin dil anlayışını yansıtmaktadır.",Realizmin etkisiyle doğa betimlemeleri yoğun kullanılmıştır.,Halit Ziya Uşaklıgil ve Mehmet Rauf dönemin öne çıkan roman yazarlarıdır.,Eserler genellikle karamsarlık taşır ve kötü sonla biter.,C
7c4d5fcf-578a-5f3a-8f64-fe0e11a77a5f,BIYOLOJI,"I. Merkezi koful
II. Granüllü endoplazmik retikulum
III. Hücre zarı
IV. Hücre duvarı
V. Hücre iskeleti elemanları
Yukarıdaki hücresel yapılardan hangileri, hem hayvan hem de bitki hücresinde bulunabilir?",I ve II,I ve III,"I, II ve III","II, III ve V","II, IV ve V",D
7583e68a-4734-5dc5-845a-45ec0f4d6877,GEOMETRI,"ABC eşkenar üçgen olduğuna göre, Çevre(ABC) kaç cm'dir?
[PD] $\perp$ [AB]
[PE] $\perp$ [AC]
[PF] $\perp$ [BC]
$|PF| = 2$ cm
$|PE| = 3$ cm
$|PD| = 4$ cm",27,18,$18\sqrt{3}$,$27\sqrt{3}$,$36\sqrt{3}$,D
5f9cac7e-b4c6-510d-9ec0-a51b526d7847,MATEMATIK,"Üçüncü dereceden $f(x)$ polinom fonksiyonu için,
$\lim_{x \to -3} \frac{f(x)}{x^2-9}$
$\lim_{x \to -2} \frac{f(x)}{(x+2)^2}$
$\lim_{x \to 1} \frac{f(x)}{x-1} = 12$
birer gerçek sayı olduğuna göre,
$\lim_{x \to -1} \frac{f(x)}{x+1}$
limitinin değeri kaçtır?",-12,-8,-6,-4,-2,B
71a16639-87ac-54d1-b600-6f26202b5e83,MATEMATIK,"Yalın, pozitif tam sayılar arasında aşağıdaki gibi bir eşitlik olduğunu farketmiştir.
$1 = 2-3$
$4+5+6 = 7+8$
$9+10+11+12 = 13+14+15$
$16+17+18+19+20+21 = 22+23+24$

Yalın eşitlikleri yazmaya devam ettiğine göre, 10. eşitliğin en sağındaki sayı kaç olacaktır?",116,118,120,122,124,E
b7642bf3-dcc7-5734-9a8e-a52112a16503,MATEMATIK,"A pozitif bir gerçek sayı olmak üzere,
Bir kırtasiyeci her birine A TL ödeyerek satın aldığı kalemlerden birer tanesini Aslı ve Begüm'e kâr ederek Ceren'e zarar ederek sattığında kırtasiyecinin bu üç kalemden satışından kârı veya zararı olmuyor.
Bu kalemlerden birini en yüksek ücreti ödeyerek satın alan Aslı, Ceren'den 13 TL fazla para ödediğine göre, bu kalemlerden Aslı 2 tane, Begüm 1 tane kalemi kendi aldıkları fiyatla satın alırlarsa bu kırtasiyeci kaç TL kâr eder?",13,14,15,16,17,D
252e8111-5a3c-53c6-ae0e-e53962305a09,EDEBIYAT,"""Aşk bir zevktir, onun da başka bir dili var, aşk bir şevktir, onun da ayrı ehli var, aşk bir coştur, onun da şeydaları var, aşk bir huruştur onun da deryaları var.""
Divan edebiyatının düzyazılarında bu metindeki altı çizili sözlerde görülen sanata ve ahenk unsuruna verilen ad aşağıdakilerden hangisidir?",Kafiye,Kat,Seci,Asonans,Aliterasyon,C
cc2ad592-929d-5aaf-9c7a-d51d724dabb5,KIMYA,"Kartlarda yan açık formülü verilen bileşikler ile ilgili aşağıdaki ifadelerden hangisi yanlıştır?
I. bileşik: CH$_3$-CH$_2$-C(=O)-OH
II. bileşik: CH$_3$-C(=O)-O-CH$_3$",Birbirlerinin fonksiyonel grup izomerleridir.,1. bileşik propanik asittir.,2. bileşik metil etanoat olarak adlandırılır.,Kapalı formülleri C$_3$H$_6$O$_2$ dir.,1. bileşiğin metil alkolle tepkimesi sonucu 2. bileşik oluşur.,E
135136bc-8bfe-5f1d-91c2-a32af95ff2b7,MATEMATIK,"35 kişinin bulunduğu bir sınıfta Ayşe, Burak ve Cem isimli üç arkadaş vardır. Sınıf listesinde Ayşe ve Burak sıra numaralarını biliyor fakat Cem bilmiyor. Ayşe: ""Ben baştan 13. kişiyim."" Burak: ""Ben ise sondan 25. kişiyim ve senin ismin Ayşe ile benim isimlerimin arasında."" Cem: ""Tamam kaçıncı sırada olduğumu buldum."" Yukarıdaki diyaloglara göre, Cem baştan kaçıncı sıradadır?",11,12,14,15,16,C
97ca08a6-5b91-5839-a6b5-a04fa9804d24,MATEMATIK,"Kenar uzunlukları $2 \cdot 10^{50}$ cm, $10^{100} - 1$ cm ve $10^{100} + 1$ cm olan ABC üçgeni için aşağıdakilerden hangisi doğrudur?",İkizkenar üçgendir.,Alanı $10^{150} - 1$ $cm^2$ dir.,Çevresi $4 \cdot 10^{50}$ cm dir.,Dik üçgendir.,Dar açılı üçgendir.,D
4445e201-f25a-54ba-91c3-c94ca9b9309e,MATEMATIK,"Aşağıda her biri erkek ve kız öğrencilerden oluşan beş sınıfın öğrenci sayıları verilmiştir.
Bu sınıflardan sadece dördüne ait tüm öğrencilerin gittiği bir piknikte, erkek öğrenci sayısının kız öğrenci sayısına oranı $\frac{7}{2}$'dir.
Buna göre, pikniğe giden sınıflar aşağıdaki seçeneklerin hangisinde doğru olarak verilmiştir?","A, B, C, D","A, B, C, E","A, B, D, E","A, C, D, E",Sınıflardaki kız ve erkek öğrenci sayıları verilmeden bilinemez.,C
ac67ecc5-290a-571d-b984-a20b681333c8,MATEMATIK,"Bir akü fabrikası; işçilerinin sağlıkları için, kanlarındaki kurşun miktarının ölçümlerini düzenli olarak yaptırmaktadır. Kandaki kurşun yüzdesi $P$ ve hastaya verilecek ilacın gramı $x$ olmak üzere, $P = \frac{x^2 - 5x + 6}{x^2 + x + 1}$ eşitliği geçerlidir. Buna göre, çalışanların kanındaki kurşun yüzdesinin %2'den az olması için verilmesi gereken ilaç gramı olarak aşağıdakilerden hangisi olabilir?","1,8","2,5","3,1","3,8","4,1",E
40660a0b-6fae-50f5-92a9-fc3afb14bc5b,MATEMATIK,"Bir ailedeki üç kardeşten ortancası olan Kübra'ya annesi şöyle diyor:
""Evlendiğimizde aldığımız buzdolabı 5 yıl sonra bozulduğunda ablan 3 yaşındaydı ve sen yeni doğmuştun. Bir süre dolabı tamir ettirerek idare ettik ancak kardeşin 2 yaşına gelince yenisini alabildik. Aldığımız buzdolabı çok iyi çıktı, senden 6 yaş küçük olmasına rağmen 18 yıldır hiç durmadan ilk günkü gibi çalışıyor.""
Buna göre, Kübra'nın ablası ile kardeşinin bugünkü yaşlarının toplamı kaçtır?",47,48,49,50,51,C
b06342eb-c3e4-52d4-aeb3-547b5f95aace,MATEMATIK,"$f: \mathbb{Z} \to \mathbb{Z}$ fonksiyonu

$f(x) = \begin{cases} 2x, & x \text{ tek ise} \\ f(x-1), & x \text{ çift ise} \end{cases}$

biçiminde tanımlanıyor.

Buna göre, $f(8)+f(6)$ toplamı kaçtır?",10,12,14,16,18,B
593d8884-9a9d-5276-b482-31141e2af7bd,MATEMATIK,"$P(x)$ birinci dereceden bir polinom olmak üzere,
$P(x)+P(2-x)$ polinomunun $x-1$ ile bölümünden kalan $6$'dır.
$(5x-1) \cdot P(x)$ polinomunun $x^2-3x+2$ ile bölümünden kalan $K(x)$ olduğuna göre, $K(1)$ kaçtır?",-18,-16,-12,-8,-6,C
eb1e9b96-6853-5feb-8665-07e924a627e6,TURKCE,"Birden çok sözcükten oluşan özel adların kısaltmalarına ek getirilirken kısaltmadan sonra kesme işareti konur, ekler kısaltmanın okunuşuna göre yazılır. Buna göre aşağıdaki cümlelerin hangisinde kısaltmaların yazımı ile ilgili bir yanlışlık vardır?",Mahallemizdeki su kesintisi için DSİ'ye ihbarda bulundum.,Taner TÜBİTAK'ın projelerinde yer almak için çabalıyor.,Televizyon kanallarındaki bazı programları RTÜK'e şikayet ettim.,İTÜ'nün konferans salonunda sempozyum düzenleniyor.,ÖSYM'nin yerleştirme sonuçlarını açıklaması bekleniyor.,B
c1524112-a7e7-599e-b157-7a262ef4303d,MATEMATIK,"$i^2=-1$ olmak üzere, $z_1=-3-4i$ ve $z_2=3+6i$ karmaşık sayıları veriliyor. Buna göre, $Im(|z_1+z_2|)$ ifadesinin değeri kaçtır?",2,-2,1,10,-10,B
7c6dbd26-8130-5687-b35a-57eb07e2ed23,KIMYA,"Na$_{2}$O bileşiğiyle ilgili aşağıdaki ifadelerden hangisi yanlıştır? ($_{8}$O, $_{11}$Na)",Lewis yapısı $2Na^{+}:\ddot{O}:^{2-}$ şeklindedir.,Na$^{+}$ ve O$^{2-}$ iyonları aynı soy gaz elektron dizilimine sahiptir.,Oda koşullarında katı hâldedir.,Na atomları O atomundan birer tane elektron alarak bileşiği oluşturur.,Suda çözünmüş hâli elektrik akımını iletir.,D
ad3f54a3-9ed0-5e77-b57e-9dbb284daf15,MATEMATIK,$-10 \cdot 4+6-(-1)+8 \cdot 3$ işleminin sonucu kaçtır?,-14,-16,-18,-20,-22,B
2a1d0e79-e376-5785-ad12-1419357e9511,KIMYA,"$CH_3Cl_{(g)} + Cl_2_{(g)} \xrightarrow{UV} X_{(g)} + HCl_{(g)}$ tepkimesi ile ilgili aşağıdaki tablo hazırlanmıştır.
I. Yer değiştirme tepkimesidir. (D) (Y)
II. Tepkime güneş ışığı (UV) veya yüksek sıcaklıkta gerçekleşir. (D) (Y)
III. X'in adı triklorometandır. (D) (Y)
IV. X maddesi tıpta anestezik madde olarak kullanılır. (D) (Y)
Yukarıdaki ifadeler doğru (D) veya yanlış (Y) olarak I, II, III ve IV sırasına göre hatasız işaretlendiğinde aşağıdakilerden hangisi doğru olur?","D, Y, D, D","D, Y, D, Y","D, D, D, D","Y, D, D, D","D, D, Y, Y",C
26376699-ca1c-578f-8a15-e5cfb1bd1a4a,MATEMATIK,"$f(x) = 2x + 1$ ve $g(x) = 3x - 2$ olduğuna göre, $(fog)(x)$ fonksiyonu aşağıdakilerden hangisidir?",$6x - 3$,$6x - 1$,$6x + 1$,$6x - 5$,$6x + 5$,B
c0799c4b-c55f-5883-b3c2-065b9f4c1501,MATEMATIK,"$\frac{24}{a} < 0$
eşitsizliğini sağlayan a tam sayılarının toplamı kaçtır?",-15,-12,-10,-6,-3,A
bc1bea4a-2228-5238-966f-6e2c680c8703,TARIH,"XIX. yüzyılda Osmanlı Devleti'nde;
I. Sened-i İttifak'ın imzalanması,
II. Islahat Fermanı'nın ilan edilmesi,
III. Meşruti yönetime geçilmesi
gelişmelerinden hangilerinde dış baskılar etkili olmuştur?",Yalnız I,Yalnız II,Yalnız III,I ve II,II ve III,E
a490d2be-4ba8-559d-bcd5-5bbaf54daad9,MATEMATIK,"Nazan, birbirinden farklı okul kitaplarını çantasına yerleştirirken
* Kitapları sırayla yerleştiriyor.
* Çanta yeterli büyüklükte olup kitaplar aynı düzende çantaya yerleştiriliyor.
Buna göre, Nazan 5 kitabını çantasına kaç farklı şekilde yerleştirebilir?",1,5,20,60,120,E
3ba179fe-d2a7-59bc-8d77-01dd5e99e714,GEOMETRI,"Şekilde O noktasında bulunan bir radarın çembersel şekilde yaydığı sinyal dalgaları görülmektedir. Her dalga arası uzaklık 4 km olup A noktası ile $[OB]$ üzerindeki C noktası arası uzaklık $16\sqrt{3}$ km'dir. Yukarıdaki verilere göre, A noktasının B noktasına olan uzaklığı kaç km dir?",$2\sqrt{61}$,$3\sqrt{60}$,$4\sqrt{60}$,$4\sqrt{61}$,30,D
c2fdcd74-3519-5d33-97b4-ed85b18192a7,KIMYA,"Oda koşullarında 0,3 molar 4 litre HCl çözeltisi ile 0,7 molar 1 litre KOH çözeltisi karıştırılıyor. Buna göre, karışımın pH değeri kaçtır?",1,2,3,12,13,A
8940701b-bbfe-5ee4-9b31-1c1e12dfa627,EDEBIYAT,"(I) Edebî sanat adı verilen, şiire renk ve güzellik katan unsurlara Karacaoğlan'ın şiirlerinde de rastlanılır.
(II) Sıradan benzetmelerin yanında yer alan farklı güzellikteki söyleyişleri âşığın ne dereceye kadar anlamı bire sanatsal söyleyiş olduğunu bilerek dili ve dile dökmüştür, bilinmemektedir.
(III) Dönem padişahına övgüler yazmaz, cüzzî nesilden nemi etkilenmiştir.
(IV) O, şiiriyle Türk âşık edebiyatının tek başına temsil edecek güçlü bir sanatkârdır.
(V) Bu noktaya gelmesinde, belki de aruzlu türlere eğilecek bilgisinin olmamasının da rolü aranmalıdır.
Bu parçada numaralanmış cümlelerin hangisinde bir bilgi yanlışı yapılmıştır?",I,II,III,IV,V,D
04687066-7796-537a-963d-877f42adfe98,MATEMATIK,"$n \ge 1$ olmak üzere, $F_1=1$, $F_2=1$, $F_n=F_{n-1}+F_{n-2}$ sayı dizisine Fibonacci sayı dizisi denir. Buna göre, I. $F_1+F_2+...+F_n = F_{n+2}-1$ II. $F_n^2 = F_{n-1}F_{n+1} + (-1)^{n-1}$ III. $F_{n+1}F_{n-1}-F_n^2 = (-1)^n$ ifadelerinden hangileri daima doğrudur?",Yalnız I,Yalnız II,I ve II,II ve III,"I, II ve III",E
d0414035-68f2-518f-b433-40b68717f78e,MATEMATIK,"Bir teknoloji mağazasında bir ay boyunca satılan cep telefonu ve tablet sayısı ile bunların iade sayılarıyla ilgili,
• satış sayılarının sırasıyla 5 ve 7 ile orantılı,
• iade sayılarının sırasıyla 1 ve 3 ile orantılı
olduğu biliniyor.
Bu mağazada iade edilmeyen cep telefonu ve iade edilmeyen tablet sayısının birbirine eşit olduğuna göre, iade edilen cep telefonu sayısının iade edilmeyen tablet sayısına oranı kaçtır?",1,$\frac{1}{2}$,$\frac{1}{3}$,$\frac{1}{4}$,$\frac{1}{5}$,C
5bd6c494-3496-514b-9824-55aa5d4c9831,MATEMATIK,"$a, b \in \mathbb{R}$ olmak üzere, $x^2 + ax + b = 0$ denkleminin çözüm kümesi $\{\tan20^{\circ}, \tan25^{\circ}\}$ olarak verilmiştir. Buna göre, $a$ ile $b$ arasındaki bağıntı aşağıdakilerden hangisidir?",$a=b$,$a-b=1$,$a+b=1$,$b-a=1$,$a+b=-1$,B
1986dfec-e704-5c0f-807a-965a6b41405a,MATEMATIK,"Bir kitaplıkta bulunan eşit uzunluktaki iki raftan birine özdeş 15 adet matematik kitabı ya da özdeş 6 adet kimya kitabı hiç boşluk kalmayacak şekilde yan yana dizilebiliyor.
Bu kitaplara özdeş olan kitaplardan 1. rafa yan yana 9 kitap, 2. rafa yan yana 12 kitap yerleştirildiğinde raflarda boşluk kalmadığına göre, raflarda bulunan toplam kimya kitabı kaç adettir?",4,5,6,7,8,A
1a8169d1-4400-5f8c-950f-31546948e16c,MATEMATIK,"Et ve süt ürünleri satan bir şarküteri, et ürünlerinin birim fiyatını %80 arttırıp, süt ürünlerinin birim fiyatını ise %10 azalttığında geliri %50 artmaktadır.
Buna göre şarküteri sahibi et ürünlerinin fiyatını %10 azaltıp, süt ürünlerinin birim fiyatını %80 arttırsaydı şarküterinin geliri yüzde kaç artardı?",20,25,30,35,40,D
4995b6ee-5b23-58cb-9a8e-5481624dd599,TURKCE,"I. Roket kullanmadan uzay deneyimi yaşamak isteyen Eustace, basınçlı bir uzay kıyafeti giymiş ve ince bir polietilen balonun altına asılıydı.
II. İlkin gevşek bir dörtgen hâlinde göğe doğru yükseldi sonra pürüzsüz ve şişkin bir damla biçimi aldı.
III. Eustace hedefine yani gezegen yüzeyinden 25 mil yüksekliğe ulaştığında ise balon; futbol stadı büyüklüğünde, ışıl ışıl parlayan, kusursuz bir küreye dönüştü.
IV. Balon göğe sorunsuzca yükselirken içindeki helyum gazı genişlemeye başladı ve kat ettiği her mesafede balonun şekli değişti.
V. Geçtiğimiz ay 57 yaşındaki Alan Eustace, kayış gıcırtısı dışında hiçbir ses çıkarmadan New Mexico Çölü'nden gökyüzüne doğru hareket etti.
Yukarıda numaralanmış cümleler anlamlı bir bütün oluşturacak biçimde sıralandığında hangisi baştan üçüncü olur?",I,II,III,IV,V,D
0f6a3917-6865-5453-b6a1-6435874a90cb,TARIH,I. Dünya Savaşı başlamadan önce Osmanlı Devleti İtilaf grubuna girmek için İngiltere'ye başvurmuş fakat Rusya'nın engellemeleri sonucunda bu gruba girememiştir. Rusya'nın engellemesi aşağıdakilerden hangisi ile açıklanabilir?,Osmanlı toprakları üzerinde emelleri olması,Osmanlı askeri gücünden çekinmesi,Osmanlı Devleti'nin dostluğuna güvenmemesi,Boğazlar'ın kendisine kapatılmasını istememesi,Balkan milletlerinin Rusya'yı desteklememesi,A
f1a1743e-89fb-5f5a-b847-72d860d95025,KIMYA,"Kapalı bir kapta eşit mollerde NO ve O
2 gazlarının tepkimesinden 4 mol N
2O
5 gazı oluşurken sadece O
2 gazından artış gözlenmiştir.
Buna göre tepkimeyle ilgili,
I. Tepkime sonunda ortamda 10 mol gaz vardır.
II. Sınırlayıcı madde O
2 gazıdır.
III. Başlangıçtaki gaz karışımı 16 moldür.
yargılarından hangileri doğrudur?",Yalnız I,I ve II,I ve III,II ve III,"I, II ve III",C
937bee3e-e98f-5cc1-8b53-c4400707976d,MATEMATIK,"$\frac{P(8,8) + P(10,9)}{P(10,10) + P(9,8)}$ işleminin sonucu kaçtır?",$\frac{81}{71}$,$\frac{92}{87}$,$\frac{95}{83}$,$\frac{83}{71}$,$\frac{91}{81}$,A
4365b6ac-b16f-5b39-89eb-bf33d7020a3b,MATEMATIK,"$a, b$ ve $c$ gerçek sayılardır. $a<b<0<c$ olduğuna göre, aşağıdakilerden hangisi daima doğrudur?",$a-c>0$,$a \cdot b < 0$,$\frac{a^2 \cdot b}{c} > 0$,$a-b<0$,$a^b-c>0$,D
01a86e1e-1d04-537e-99d7-b72679d836bd,KIMYA,Aşağıda verilen alkil gruplarından hangisinin adı yanlış yazılmıştır?,$CH_3-CH-CH_3$ İzopropil,$CH_3-CH_2-CH-CH_3$ Sec-bütil,$CH_3-C(CH_3)_2-CH_3$ Ter-bütil,$CH_3-CH(CH_3)-CH_2-$ İzobütil,$CH_3-C(CH_3)_2-CH_2-CH_3$ Ter-pentil,C
57e05e07-376e-5b96-8eff-56565271972e,MATEMATIK,$\frac{\vert x-3 \vert}{4} = \frac{2}{6 - \vert x-3 \vert}$ denklemini sağlayan x değerleri toplamı kaçtır?,16,14,12,10,8,C
622691c1-76c3-59d2-a4c6-dd7b39a56a45,MATEMATIK,"$a$ ve $b$ gerçek sayılardır. $(2a-6)x^2 + x^{b-2} - 12 = 0$ denklemi, $x$ değişkenine bağlı, birinci dereceden bir bilinmeyenli denklem olduğuna göre, $a+b$ toplamı kaçtır?",4,5,6,7,8,D
e5fa790c-c254-5771-9b8d-fa1e49a2fe77,MATEMATIK,"Bir saat mekanizmasında birbirini çeviren üç çarktan; toplam diş sayısı 260'tır. Aynı süre içerisinde birinci çark 2 devir yaptığında ikinci çark 3 devir, üçüncü çark 4 devir yapmaktadır.
Buna göre, ikinci çarktaki diş sayısı kaçtır?",40,60,80,100,120,C
2287bac1-22ec-5a62-b4cd-b77f8ead30e4,TARIH,"1960 - 1980 yılları arasında Türkiye'nin sosyoekonomik yapısında köklü değişiklikler yaşandı.
Aşağıdakilerden hangisi bu süreçte yaşanan değişimlerden biri değildir?",Köylüden kente göçün artması,Sendikal faaliyetlerin yoğunlaşması,Çarpık kentleşmenin ortaya çıkması,Okullaşma oranının artması,İnternet kullanımının yaygınlaşması,E
9a00ac79-7b40-5e5f-b263-218311df3069,MATEMATIK,"Bir pastaneden miktarları sırasıyla 2 ve 3 ile orantılı olacak biçimde aynı cins kurabiyelerden alan Ercan ve Sercan aldıkları kurabiyelerin ücretini öderken Ercan kendi ödemesi gereken tutara ek olarak Sercan'ın eksik kalan 4 TL ücretini de ödediğinde, Ercan ile Sercan'ın ödediği tutarlar sırasıyla 4 ve 5 ile orantılı oluyor.
Buna göre, Ercan pastaneye kaç TL para ödemiştir?",36,38,40,42,44,C
e16776e7-ad12-5dd8-b179-63cbf583350a,MATEMATIK,limiti $x \to 0^+$ için $\lim_{x \to 0^+} \frac{x^2-x}{|x^2-x|}$ limitinin değeri kaçtır?,-2,-1,0,1,2,B
5a2c2f36-36f5-5bf7-81ac-f8ab4a7e71f5,GEOMETRI,"Dik koordinat düzleminde köşe koordinatlarından ikisi $A(-18,0)$ ve $B(18,0)$ olan bir $ABC$ üçgeninin iç açıortaylarının kesim noktası $K(0,9)$ noktasıdır. Buna göre, $ABC$ üçgeninin ağırlık merkezinin koordinatları toplamı kaçtır?",7,8,9,10,11,B
4945c86f-1172-59e4-bc8a-ae808f23773a,TURKCE,"(I) Surname-i Hümayun, 1582'de Padişah III. Murat'ın oğlu Şehzade Mehmet'in sünnet düğünü nedeniyle düzenlenmiş elli iki gün süren şenlikleri anlatan Türkçe bir eserdir. (II) Şenlikleri 250 çift sayfa minyatür ile resimsel bir öyküye dönüştüren eser, 14 Mart 1588 tarihinde tamamlanarak huzura sunulmuştur. (III) Tek nüshası Topkapı Sarayı Müzesi Kütüphanesi, Hazine Nr. 1344'te kayıtlıdır. (IV) Metni, ""İntizamî"" mahlaslı yazar tarafından kaleme alınan Surname, Nakkaş Osman ve ekibi tarafından resimlenmiştir. (V) Metnin orijinallinin Şahnameci Seyyid Lokman'a (yoksa İntizamî mahlasını kullanan Rumelili bir başka müellife mi ait olduğu ise kesinlik kazanmamıştır).
Bu parçada numaralanmış cümlelerin hangilerinde eserin biçim ya da içeriğiyle ilgili bilgiye ulaşılabilir?",I ile II,I ile III,I ile IV,III ile V,IV ile V,A
1eb5b19b-eefb-57b0-9e7e-fc46c101dd4c,MATEMATIK,"$f(x) = \frac{x^2-3}{2x-1}$ olduğuna göre, $f'(1)$ kaçtır?",-6,-3,0,3,6,A
36d4f8ce-0cff-5a79-b5bd-a4efff6ad711,MATEMATIK,"Genel terimi, $a_n = \frac{(n+1)!}{(n+2)!}$ olan dizisinin ilk beş teriminin çarpımı kaçtır?",$\frac{2}{3}$,$\frac{3}{4}$,$\frac{4}{5}$,$\frac{5}{6}$,$\frac{2}{7}$,E
110a9cb1-d5de-58f2-ba3f-ea9308479eef,MATEMATIK,"Bir kuru yemişçide badem, ceviz, fındık ve fıstık kullanılarak A ve B karışımları oluşturuluyor. Bu kuru yemiş çeşitlerinin kilogram satış fiyatları ve bu iki karışımdaki oranlarıyla ilgili bazı bilgiler aşağıdaki tabloda verilmiştir.
B karışımının kilogram fiyatı 133 TL olduğuna göre,
I. A karışımının kilogram fiyatı 133 TL'dir.
II. B karışımının 1 kilogramında 300 gram ceviz vardır.
III. B karışımının 1 kilogramında 24 TL'lik fındık vardır.
ifadelerinden hangileri doğrudur?",Yalnız I,Yalnız II,I ve II,II ve III,"I, II ve III",D
96121cb7-d17f-511a-b299-065cb534a9a0,MATEMATIK,"Filesunda 400 tane otomobil olan bir araç kiralama şirketi otomobillerine motor yağ değişimi için bir ekiple anlaşıyor. Salı günü işe otomobillerin motor yağ değişimine başlayan ekip, herhangi bir gün motor yağ değişimi yapılan otomobil sayısı, hemen önceki gün motor yağ değişimi yapılan otomobil sayısının 3 katına eşit olacak şekilde çalışıyor. Her otomobilin motor yağı bir kez değiştiriliyor. Araç kiralama şirketindeki tüm otomobillerin motor yağ değişimi ilk cuma günü bittiğine göre, ekip perşembe günü kaç otomobilin motor yağını değiştirmiştir?",60,72,80,90,100,D
2d3d13e3-55e8-5450-a590-9ae56bd0c33f,MATEMATIK,$\frac{\sec x - \tan x - \cos x}{\sec x}$ ifadesinin sadeleştirilmiş biçimi aşağıdakilerden hangisidir?,$\sin x$,$\sin^2 x$,$\cos x$,$\cos^2 x$,$\operatorname{cosec}^2 x$,B
8dea63a2-2cc6-570e-9e58-46eab5edfedd,MATEMATIK,"En yüksek dereceli teriminin katsayısı $1$ olan ikinci dereceden gerçel katsayılı bir $P(x)$ polinomunun sıfırdan farklı iki kökü $P(0)$ ve $P(2)$ değerleridir.
Buna göre, $P(1)$ kaçtır?",$0$,$1$,$2$,$3$,$5$,A
8834387a-af32-54d4-9de5-c7fa7279ba88,TARIH,"Selçuklu'da meliklerin Atabeyler tarafından yetiştirilmeleri üzerine gittikleri yerlerde bir süre sonra bağımsızlıklarını ilan ederken Osmanlı Devleti'nde buna benzer yapı bulunmasına rağmen şehzade ayaklanmasının olmamasında;
I. merkezi yapının güçlü olması,
II. şehzade yetkilerinin sınırlı tutulması,
III. devletin teokratik niteliğinin olması
uygulamalarından hangilerinin etkisinin olduğu söylenebilir?",Yalnız I,Yalnız II,I ve II,II ve III,"I, II ve III",C
6f5e3219-5002-529f-a248-ea2df872ac46,KIMYA,"$CH_3CH_2CH_2-OH$ ($a$)
$CH_3-CH-CH_3$ ($b$)
$|$
$OH$
Yukarıdaki bileşiklerle ilgili,
I. Aynı ortamdaki kaynama noktaları
II. Birer formüllerindeki sigma bağ sayısı
III. Mol kütleleri
niceliklerinden hangileri aynıdır?",Yalnız III,I ve II,I ve III,II ve III,"I, II ve III",D
366a30e0-665f-5df8-a65d-8c27edda6a8f,KIMYA,"18,5 gram $X(OH)_2$ katısının üzerine arı su ilave edilerek 5L çözelti hazırlanıyor. Oluşan çözeltinin 25 $^\circ$C'de pH değeri 13 olduğuna göre, X elementinin mol kütlesi kaç g/mol'dür? (H: 1 g/mol, O: 16 g/mol)",7,24,40,56,85,B
0abd6f6c-07bc-51a3-97bd-3a052325119a,MATEMATIK,$f(x) = x^3 - x^2 - 6x + 2 + 1$ fonksiyonunun grafiğine herhangi bir noktada teğet olan doğrunun eğimi en az kaç olabilir?,$-14$,$-12$,$-10$,$-8$,$-6$,C
63c1ba8b-9aca-5c51-988e-45215af6f3fb,MATEMATIK,"Ortak çarpanı $\sqrt{2}$ olan $(a_n)$ geometrik dizisinde, $a_5=4$ olduğuna göre, $a_{11}$ kaçtır?",24,28,32,36,40,C
b5aa8e19-7658-5f96-98b8-a9c8f6e5b918,MATEMATIK,$3-|x-1|=1$ denklemini sağlayan $x$ değerleri toplamı kaçtır?,8,6,4,2,-2,D
2ad5249f-a050-5aee-9724-942e4c469a94,MATEMATIK,$x^2-8x-10=|5-x|$ denkleminin kökler toplamı kaçtır?,10,9,8,7,6,C
eaf5c5ab-a398-5905-8ac6-66cdf34e80f5,KIMYA,"$X^+$ ve $Y^-$ iyonları aynı soygaz elektron düzenine sahiptir. Buna göre,
I. Nötr X atomunun 1. iyonlaşma enerjisi Y atomununkinden büyüktür.
II. $Y^-$ iyonundan elektron koparmak $X^+$ iyonundan koparmaktan daha zordur.
III. X ve Y elementleri periyodik sistemin aynı periyodunda bulunur.
ifadelerinden hangileri yanlıştır?","I, II ve III",II ve III,Yalnız III,I ve III,Yalnız II,A
a3b19eb5-6e6b-5dc5-9d7d-20a4efbbc271,MATEMATIK,"$\log_2(\log_3(2x-3)+5)=3$ olduğuna göre, $x$ kaçtır?",8,10,12,15,18,D
ffb841e3-23f3-5a14-acce-d856901c14d1,MATEMATIK,"$f(x) = \frac{2x+a}{x+1}$ ve $(fof)(x) = \frac{x-9}{3x-2}$ olduğuna göre, $a$ kaçtır?",-1,-2,-3,-4,-5,E
83142203-a7e2-572a-a03b-5685a41f9ca5,FIZIK,"Eşik enerjisi ($E_e$) $= 5$ eV olan bir metale $4$ eV enerjili fotonlar gönderildiğinde, metalden elektron kopmadığı gözleniyor.
Buna göre metalden elektron koparabilmek için;
I. Metale düşürülen foton sayısı arttırılmalı
II. Gelen fotonun dalga boyu azaltılmalı
III. Metalin eşik enerjisi azaltılmalı
verilenlerden hangileri yapılabilir?",Yalnız I,Yalnız II,Yalnız III,II ve III,"I, II ve III",D
4aaf0c28-5846-54c6-978c-f4db02c1d6a2,MATEMATIK,"$e$ sayısı yaklaşık olarak $2,71$, $\pi$ sayısı ise yaklaşık $3,14$ olan irrasyonel sayılardır. $|2e-\pi| + |\pi-e| + |e-\sqrt{5}|$ ifadesinin eşiti aşağıdakilerden hangisidir?",$2e-\pi-\sqrt{5}$,$e+\pi-\sqrt{5}$,$2e-\sqrt{5}$,$e-\sqrt{5}$,$\sqrt{5}-2e$,C
210a43f0-bb8d-5273-a3a0-73f34ca602f7,MATEMATIK,"log_2 9, log_x (x-1), log_2 8 terimleri aritmetik bir dizinin ardışık 3 terimi olduğuna göre, x kaçtır?",4,6,8,10,12,C
367716e2-5007-502b-9821-efdb779be256,KIMYA,"8. $_{11}Na$ ve $_{16}S$ arasında oluşan kararlı birleşik ile ilgili, I. Elektron alışverişi sonucu oluşur. II. $Na_2S$ formülüne sahiptir. III. Lewis yapısı $Na^+[2:\underset{\cdot\cdot}{S}:]^{2-}$ şeklindedir. yargılarından hangileri doğrudur?","I, II ve III",I ve II,II ve III,I ve III,Yalnız II,B
bf4ca5a3-65d0-55b7-aa84-2bfb5cd14cab,EDEBIYAT,"Tanzimat'la başlayan medeniyet değişimi süreci, bireyleri dış ve iç dünyalarında ikiye bölünmüş bir yaşama sürükler. Bu yaşam tarzı edebî eserlere bireyin toplumla ve kendisiyle çatışması, yalnızlaşması ve yozlaşmış insan tiplerinin silsilesine katılması şeklinde yansır. ----'nın ""Huzur"" başlıklı romanı, Hayri İrdal'ın Tanzimat, Meşrutiyet ve Cumhuriyet'in ilk yıllarına tanık olmuş birisi olarak söz konusu parçalanmalardan derinden yaşar. İçinde bulunduğu devrin ""nasıl olursa olsun"" değişim anlayışının hâkimiyetinden kaçmaya çalışır. O, kültürün bütünleyiciliğinden hareketle şimdiyi geçmişle zenginleştirerek geleceğe yönelik bir zaman kurma nın peşindedir. İdealize ettiği, vaktiyle yaşanmış hayatların peşinde koşarken yapayalnızdır. İrdal, hayallerinin, ihtiyaçlarının ve korkularının yarattığı dünyanın kurbanı olur.

Bu parçaya göre Hayri İrdal ile ilgili aşağıdakilerden hangisi söylenemez?",Medeniyet değişikliği kurbanlarından biri olduğu,Toplumsal değişim ve dönüşümleri benimsemediği,Geçmişin değerlerinden kuvvet alan bir gelecek tasarladığı,İdealleri için bütün zenginliğini kaybetmeyi göze aldığı,Hayalleri ve hayatın gerçekleri arasında yalnızlaştığı,D
436777e6-2388-56bd-9b5f-410d7e02c3de,MATEMATIK,"$P(x) = ax^2 + bx + 3$ ikinci dereceden polinomu tam kare bir ifadedir. $P(x)$ polinomunun sıfırları $x_1$ ve $x_2$ olmak üzere, $4x_1^{-1} + x_2^{-1} - x_1^{-2} = 0$ olduğuna göre, $a$ değeri kaçtır?",3,1,$\frac{1}{3}$,$\frac{1}{9}$,$\frac{1}{27}$,D
5d7a09be-660b-5608-b580-3896b98ab1d8,MATEMATIK,"$a, b, c$ birer pozitif tam sayıdır. $3a + b + c = 62$ eşitliğinde $a$ değeri, en çok kaç olabilir?",20,24,22,21,23,A
513489a2-bd75-5fec-acb6-a11440914595,MATEMATIK,"$n! = 1 \cdot 2 \cdot 3 \cdot ... \cdot n$ olmak üzere, $10!$ sayısının asal çarpanlara ayrılmış biçimi aşağıdakilerden hangisidir?",$2^7 \cdot 3^3 \cdot 5^2 \cdot 7$,$2^8 \cdot 3^4 \cdot 5^2 \cdot 7$,$2^7 \cdot 3^4 \cdot 5^2 \cdot 7$,$2^9 \cdot 3^4 \cdot 5^2 \cdot 7$,$2^9 \cdot 3^5 \cdot 5^2 \cdot 7$,A
7d5b340c-8a24-57e7-88e1-7f16cac6bbf5,MATEMATIK,$x-5<2x+1\le x-2$ olduğuna göre $x$'in alabileceği en küçük iki tam sayı değerinin çarpımı kaçtır?,10,20,30,40,50,B
229c17ed-8dce-554c-be60-83b4ef308bf3,MATEMATIK,"$\frac{x^2-y^2}{1}-\frac{1}{x+y}=\frac{4}{9}$ olduğuna göre, $x$ kaçtır?",24,18,16,12,8,E
7218a965-1129-5160-9d48-66631d28e804,GEOMETRI,"ABCD dörtgen, $[AE]=[ED]$, $[BF]=[FC]$, $|AB|=6$ br, $|DC|=10$ br, $m(\widehat{ABC})+m(\widehat{BCD})=120^\circ$. Yukarıda verilenlere göre, $|EF|$ kaç br'dir?",7,$5\sqrt{2}$,$2\sqrt{15}$,8,$2\sqrt{17}$,E
017432f5-14ab-507a-b2ab-53fcf9e585c4,EDEBIYAT,"I. Modern gelenekçi bir anlayışın temsilcisi olan sanatçı ""Sezgi Şairi"" olarak bilinir. II. Gazel, rubai ve serbest nazımlı egzotik şiirleriyle tanınır. III. ""He, Lamelli"" önemli şiir kitaplarıdır. Numaralanmış cümlelerle tanıtılan sanatçı aşağıdakilerden hangisidir?",Cahit Zarifoğlu,Bekir Sıtkı Erdoğan,Ferit Edgü,Asaf Halet Çelebi,Yahya Akengin,D
4c7857e2-6bb1-5b3f-a852-037ab73e02bb,MATEMATIK,"Tülay Hanım, kirli çamaşırlarının ağırlıkça önce $\frac{1}{5}$'ini, sonra geriye kalanın $\frac{7}{8}$'ini yıkıyor.
Yıkanan çamaşırların ağırlığı 72 kg olduğuna göre, yıkanmayan çamaşırların ağırlığı kaç kg'dır?",6,7,8,9,10,D
42d00de9-aff6-5c31-a033-7738dd873432,MATEMATIK,"Pozitif gerçel sayılar kümesi üzerinde tanımlı $f$ fonksiyonu için $f(x+1) - x \cdot f(x) = f(13) - 13!$ olduğuna göre, $f(1)$ kaçtır?",10,11,12,13,14,D
9390583e-6694-5c1c-8030-b19ace96d676,BIYOLOJI,Aşağıda bazı kofulun görevleri verilmiştir. 1. Fagositoz sırasında oluşan koful 2. Ekzositoz yapabilmek için oluşan koful 3. Kaktüs gibi bitkilerde su bulunduran koful 4. Topladığı suyu dışarı pompalayan koful Bu görevleri yerine getiren kofulların isimleri hangi seçenekte doğru verilmiştir?,"Besin, Depo, Kontraktil, Boşaltım","Kontraktil, Besin, Sindirim, Boşaltım","Besin, Salgı, Depo, Kontraktil","Salgı, Sindirim, Boşaltım, Depo","Depo, Kontraktil, Boşaltım, Salgı",C
5cce9a40-703d-547c-986d-cda8d786f3c9,TURKCE,Küçük Ağa adlı romandaki hangi kahramanın açıklamasında ünsüz türemesi vardır?,Salih,Küçük Ağa,Çerkez Ethem,Doktor Haydar Bey,Ali Emmi,D
16becd26-4386-544f-b475-0864f90467f3,MATEMATIK,"$a$ ve $b$ tam sayılardır. $3 < a < 7$ ve $-5 < b < 2$ olduğuna göre, $3a-2b$ ifadesinin en büyük değeri kaçtır?",25,26,27,28,29,D
e8924f9a-9f25-5881-9a9d-485cbacf144c,MATEMATIK,"Farklı 3 matematik, 2 fizik, 3 kimya kitabı bir rafa yan yana diziliyor. Matematik kitaplarının yan yana gelme olasılığı kaçtır?",$\frac{25}{28}$,$\frac{2}{21}$,$\frac{3}{28}$,$\frac{1}{7}$,$\frac{1}{14}$,D
aded38b4-16ad-5033-9f1f-7dbacbc8a1fc,MATEMATIK,"Arda, Beren ve Canan otomobilleri ile sırasıyla saat 12.00, 14.00 ve 15.00'te A şehrinden yola çıkıp sırasıyla saat 20.00, 19.00 ve 21.00'de B şehrine varmışlardır.
Hiç mola vermeden aynı yolu hep sabit süratle kullanan bu üç kişiden Arda'nın sabit sürati saatte 30 km fazla olsaydı Canan'la eşit sürede yolculuğu tamamlayacaktı.
Buna göre, Canan'ın sabit sürati saatte kaç km fazla olsaydı yolculuğu Beren ile eşit sürede tamamlarlardı?",15,20,24,18,10,C
7a95c9f7-2d1f-5067-bb2f-a86a854d5f37,MATEMATIK,"İlknur'un 3 yıl önceki yaşı, Begüm'ün 4 yıl sonraki yaşına eşittir. İlknur ve Begüm'ün 5 yıl sonraki yaşları toplamı 39 olduğuna göre, İlknur'un şimdiki yaşı kaçtır?",11,14,15,17,18,D
638b42e1-fe4e-5878-8873-25e600c174af,MATEMATIK,"$a = \frac{\sqrt{2}}{2}$, $b = \frac{6}{3}$, $c = \frac{5}{\sqrt{5}}$ sayıları arasındaki sıralama aşağıdakilerden hangisidir?",$a > b > c$,$c > b > a$,$a > c > b$,$c > a > b$,$b > c > a$,E
47d98625-4cff-5c2e-9337-01b2d55e6841,EDEBIYAT,"Babam beni aldı, birlikte vagon evimize geldik. Bahçayı açtık. İçinden annemin soluk pembe mantosu, başörtüsü, yıpranmış kunduraları, aynası ve tarağı, yüzüğü ve küpeleri çıktı. Babam bir süre bunlara baktı. Parmaklarının ucuyla dokundu. Sonra kapadı boncayı. Uzarıp elimden mızıkalı aldı. (...) Sonra mızıkasıyla bir şeyler çalmaya başladı. Ne güzel, ne acıklı, ne tatlı çalıyordu. Birlikte ağladık. Babamı ilk kez ağlarken görmüştüm.
Bu parçayla ilgili aşağıdakilerden hangisi söylenemez?","Amaç, okuyucuda estetik zevk uyandırmaktır.",Betimleyici ve öyküleyici anlatım ağır basmaktadır.,Acılı bir aileyi anlatan haber metninden alınmıştır.,Kurmaca bir metnin özelliklerini taşımaktadır.,Öznel bir bakış açısıyla kaleme alınmıştır.,C
50c96437-0d00-5210-8e5c-f208010a29d7,MATEMATIK,$\frac{6}{\sqrt{x}}+\sqrt{x}=5$ denkleminin kökler çarpımı kaçtır?,36,24,48,30,12,A
a4632ebb-04d4-50ab-b157-02568c9b51ef,TARIH,"II. Dünya Savaşı sırasında Fransa'nın, Alman işgali dayanamayıp ateşkes ilan etmesiyle barış müzakereleri başlamıştır. Bu kararlar Almanya'nın Fransa'ya, I. siyasal, II. kültürel, III. ekonomik alanlardan hangilerinde üstünlük sağladığının doğru- dan kanıtıdır?",Yalnız I,Yalnız II,I ve II,II ve III,I ve III,E
58acfabe-9d50-5bef-8700-f836ab3645a3,MATEMATIK,"Üçüncü dereceden başkatsayısı $1$ olan gerçek katsayılı $P(x)$ polinomu için $6-P(1)=5-P(2)=2-P(3)=12$ eşitlikleri sağlanıyor. Buna göre, $P(0)$ değeri kaçtır?",8,10,12,14,16,E
6326b67f-4504-5aa5-8093-dff3f3ea1a57,MATEMATIK,"Gerçek sayılar kümesi üzerinde tanımlı $f$ fonksiyonu
$f(x) = \sin^2(\frac{\pi}{2}-x) - \cos(x - \frac{3\pi}{2})$
biçiminde tanımlanıyor.
Buna göre,
$\frac{f(\frac{\pi}{6})}{f(\frac{3\pi}{4})}$
ifadesinin değeri kaçtır?",$-\sqrt{2}$,$-\frac{1}{\sqrt{2}}$,$\frac{2}{\sqrt{3}}$,$\frac{1}{2}$,$\frac{\sqrt{3}}{2}$,D
c7261931-9e00-56d2-8b54-3bb034f8b3f6,EDEBIYAT,Biçim ve içerik özellikleri dikkate alındığında aşağıdakilerden hangisinin bir varsağıdan alınmış olduğu söylenebilir?,"Sol salınıp giden dilber
Boyuna kurban olduğum
Eğlen burda tanışalım
Diline kurban olduğum","Dağlarda gezer oldum
Okuyup yazar oldum
Ben bir güzel uğruna
Kuruyup gazel oldum","Yürü bre yalan dünya
Sana konan göçer bir gün
İnsan bir ekine misal
Seni eken biçer bir gün","Kimsenin ayıbına sen olma nazır
Cümlenin Halık'ı her yerde hazır
Belki meclisinde bulunur Hızır
Kalp gözüyle dört yanına iyice bak","Düşman geldi tabur dizildi
Alnımıza kara yazıldı
Tüfek icad oldu mertlik bozuldu
Eğri kılıç kında paslanmalıdır",C
951c17c3-1549-537c-9640-24fae8c4cd5f,KIMYA,Açısal kuantum sayısı $(l)$ 2 olan bir orbitalde manyetik spin kuantum sayısı $m_s=-\frac{1}{2}$ olan en fazla kaç elektron bulunur?,1,3,4,5,10,D
5e3b0c8f-cf54-580a-ab87-274de20aac1e,FIZIK,"Şekildeki ortak merkezli K, L iletken halkalarından geçen akımlar sırasıyla $2I$, $I$, yarıçapları $2r$, $r$ dir. Buna göre, merkezdeki bileşke manyetik alan şiddeti kaç $K\frac{I}{r}$ dir?",6,5,4,3,2,B
43c78071-e476-5b4d-a059-6f39048a0641,MATEMATIK,"$f^{-1}(x)=g(x+1)$ ve $(f \circ g)(3)=A$ olduğuna göre, $A$ kaçtır?",1,-1,2,3,4,E
e7fc7640-1d80-56b4-8a68-73dccbab115c,MATEMATIK,$lnx - 6 \cdot log_x e = 5$ denkleminin çözüm kümesi aşağıdakilerden hangisidir?,"$\left\{e^1, e^2\right\}$","$\left\{e^{-1}, e^6\right\}$",$\left\{e^6\right\}$,"$\left\{e^{-1}, e^2\right\}$","$\left\{e^6, e^5\right\}$",B
921caea2-5221-5e06-a0d0-9f6690986c28,TURKCE,Aşağıdaki cümlelerin hangisindeki ikilemeyi oluşturan sözcükler tek başlarına kullanılamaz?,Yalan yanlış bilgilerle doğru bir karar veremezsin.,"Karşıdan, güpgüzeldi görünüyorlardı.",Mırın kırın etme de olanları anlat.,Aradan aşağı yukarı on yıl geçti.,İngilizceyi şöyle böyle bilir.,C
7c277493-3c45-5ab1-a78b-7c5f820f79ff,MATEMATIK,$x^2 - 5x + 6 \ge 0$ ve $x^2 - 5x - 6 \le 0$ eşitsizlik sistemini sağlayan tam sayı değerleri toplamı kaçtır?,20,24,19,15,14,D
8ff53125-9733-5c58-9e50-3688bc61fc63,MATEMATIK,"$m$, bir gerçel sayı olmak üzere, $(47x-19)^2=7m^2-84m+3$ denkleminin sadece bir tane gerçel kökü olduğuna göre m'nin alabileceği değerler toplamı kaçtır?",-6,-4,2,8,12,E
f986259c-39c0-5e1d-880b-5b4255b642e8,KIMYA,"$_7A, _8L, _9Y$ elementleri ile ilgili; a) Atom çaplarını karşılaştırınız. b) Birinci iyonlaşma enerjilerini karşılaştırınız. sorularının cevapları aşağıdakilerin hangisinde doğru verilmiştir?","A > L > Y, A > L > Y","Y > L > A, Y > L > A","Y > L > A, A > L > Y","A > L > Y, Y > A > L","A > L > Y, Y > L > A",E
1a182e31-8aaa-5413-9337-6a897cdfd5bc,TURKCE,"Numaralanmış cümlelerden bir parça oluşturulmak istense hangi cümle bu parçanın dışında kalır?
I. Bu balık, aynı zamanda diğer balıkların koruyucusu olarak görülüyordu.
II. Elektrikli yayın balığının en büyük düşmanı, yeryüzünde doğal düşmanı olmayan ve her canlının tek düşmanı olan insandır.
III. İnsanlar, elektriğin var oluşu ile ilgili en ufak bir bilgi sahibi değilken bile elektrikli yayın balığının şok etkisinin farkındaydılar.
IV. Antik Mısır'da MÖ 2750'de yazılmış bir yazı, bu balığı Nil'in fırtınası olarak tanımlamıştı.
V. Pliny ve Scribonius Largus gibi bazı eski yazarlar, elektrikli yayın balığının yaptığı elektrik çarpmasının uyuşturucu etkisinden söz etmişlerdir.",I,II,III,IV,V,B
c7b31935-039a-5dd8-ac18-2844e9e22147,KIMYA,"$XCO_{3(k)} \to XO_{(k)} + CO_{2(g)}$ tepkimesinde $50$ gram $XCO_3$ katısı ağzı açık kapta ısıtıldığında kütlesinde $22$ gramlık azalma oluyor. Buna göre X elementinin atom kütlesi kaçtır? $(C: 12, O: 16)$",100,80,50,40,20,E
6deba731-4e14-57d0-a6ab-f6d6379bd052,MATEMATIK,$x^2+7x \le 0$ eşitsizliğini sağlayan en büyük ve en küçük $x$ tam sayılarının toplamı kaçtır?,-7,7,8,14,6,A
175b8261-19bd-5c55-b980-45146859eda2,MATEMATIK,$f(x) = \frac{x^4}{4} - \frac{x^3}{3} - x^2 + 5$ olmak üzere $f'(x)$ fonksiyonunun hangi apsisli noktada yerel maksimum değeri olur?,0,1,-1,2,-2,C
ca00250a-2e10-5428-b9cc-489744653fda,MATEMATIK,"Bir işçi grubu 2600 saatlik bir işi hafta içi günde 8 saat, hafta sonu ise günde 10 saat çalışarak bir işi bitirmek istiyorlar. İşçiler çalışmaya Pazartesi günü başlayıp hiç ara vermeden çalıştıklarına göre, bu iş hangi gün biter?",Salı,Çarşamba,Perşembe,Cuma,Pazar,B
9450d7bd-910c-5f0f-a1ea-9bc9332d8ec8,MATEMATIK,"$x^2 - (k+1)x + 9 = 0$ denkleminin gerçek kökü olmadığına göre, $k$ nın alabileceği birbirinden farklı tam sayı değerlerinin toplamı kaçtır?",13,11,9,-7,-11,E
afc31f74-3d5a-5be2-b463-c97f8eabe77d,MATEMATIK,"$x^2-6x+4=0$ denkleminin kökleri $x_1$ ve $x_2$'dir. Buna göre, $\sqrt{x_1}+\sqrt{x_2}$ toplamı kaçtır?",$\sqrt{10}$,$2\sqrt{3}$,4,$2\sqrt{5}$,6,A
69a976f2-82f2-5062-b850-311a5eca9b70,TARIH,"I. Cumhuriyet Halk Fırkası
II. Terakkiperver Cumhuriyet Fırkası
III. Serbest Cumhuriyet Fırkası
Yukarıdaki fırkalardan hangileri ekonomide ""liberalizm"" anlayışını benimsemiştir?",Yalnız I,Yalnız II,Yalnız III,I ve II,II ve III,E
0fb1e24d-f21f-51b6-8854-fbae7c4b4077,TARIH,"Bir tarihçi Vestfalya Barışı'nın önemi hakkında ""Uluslararası alanda modern devletler hukukunun temelleri atılmış, Avrupa, kalıcı olarak Katolik ya da Protestan mezhebini benimseyen devletlere bölünmüştür. Evrensel imparatorluklar yerine ulus devletler kurulmaya başlamıştır."" demiştir.
Tarihçi bu ifadelerinde Vestfalya Barışı'nın aşağıdakilerin hangisine yol açtığını belirtmemiştir?",Kilisenin güç kaybetmesine,Merkezîyetçiliğin güçlenmesine,Siyasi düzenin değişmesine,Demokratik yönetimlerin kurulmasına,Milliyetçilik fikrinin güçlenmesine,D
0fb3fc87-1bf5-55e1-aeee-a11883e8a807,KIMYA,"Bir tepkimenin hacmi yarıya düşürüldüğünde tepkime hızı 16 katına çıkıyor. Buna göre, tepkimenin derecesi kaçtır?",1,2,3,4,5,D
92b67470-0ccd-5000-a0d5-0718cd19c55f,MATEMATIK,"$f(x \cdot y) = f(x) \cdot f(y)$ $f(2) = 3$ olduğuna göre, $f(8)$ değeri kaçtır?",6,9,27,36,81,C
77239822-70cc-5007-b2de-d3c5a89c29f2,MATEMATIK,"$f(x)=1-x^2$ fonksiyonunun grafiğine $(0,2)$ noktasından çizilen teğetler $f(x)$ fonksiyonunun grafiğine A ve B noktalarında teğettir. Buna göre, $|AB|$ kaç birimdir?",1,$\sqrt{2}$,$\sqrt{3}$,2,$\sqrt{5}$,D
2abe3dfc-d6dc-53f4-9564-e8dfd622bf39,EDEBIYAT,"""Yakup Kadri romanlarının konuları"" ile ilgili, I. Ayçin-köylü ilişkisini, başkahraman Ahmet Celal'in şahsında, Yaban'da anlattığı II. Bektaşi şeyhi ile evli bir kadın arasındaki tutkulu aşkın Nur Baba'ya konu edildiği III. Hep O Şarkı'da, ""Ahmet Kerim, Ahmet Samim"" tipleriyle, İttihat-Terakki kavgalarını verdiği IV. Sodom ve Gomore'de Leyla-Necdet tipleriyle, İstanbul'da ki bozguncuğu ele aldığı V. Bir Sürgün'de, kuşaklar arası çatışmaların (Naim Efendi-Sa- nihan) birey ve toplum üzerindeki etkisini anlattığı bilgilerden hangileri yanlıştır?",I ve II,II ve III,III ve IV,III ve V,IV ve V,D
c8ffb9f0-16db-5788-b75f-4e862cb5bc59,MATEMATIK,"Her $n \geq 1$ için $a_n = \frac{1}{n \cdot (n+1)} + \frac{1}{(n+1) \cdot (n+2)} + ... + \frac{1}{(n+k) \cdot (n+k+1)}$ olan $(a_n)$ dizisi veriliyor. Buna göre, $(a_n)$ dizisinin ilk 5 teriminin toplamı kaçtır?",4/5,5/6,6/7,7/8,8/9,B
2f2558b7-f979-556e-a92b-f16d327822d9,GEOMETRI,"Dik koordinat sisteminin 2. bölgesinde koordinatları tam sayı olan bir nokta işaretleyen öğrenci, bu noktanın x-eksenine göre simetriğini alarak ikinci bir nokta işaretliyor. Sonra ikinci noktanın orijine göre simetriğini alarak üçüncü bir nokta işaretliyor. Daha sonra bu üç noktayı köşe kabul eden üçgenin alanını hesapladığında $30 \text{ br}^2$ olduğunu buluyor.
Buna göre, bu öğrencinin işaretlediği ilk noktanın koordinatları farkı en çok kaçtır?",8,12,16,20,24,E
fe3400fc-acb4-50ad-899f-3754a1e5b601,GEOMETRI,"Dik koordinat düzleminde $2x+3y-4=0$ doğrusu üzerindeki $K(a, -2a)$ ve $L(-2b, b)$ noktalarının arasındaki uzaklık kaç birimdir?",$4\sqrt{5}$,$2\sqrt{10}$,$2\sqrt{13}$,$3\sqrt{13}$,$6\sqrt{3}$,D
0d52255a-28e0-598e-b8cb-3c4fff7dfa33,TURKCE,"""Aksaray'ın İki Asırlık Taş Evleri Hayata Dönüyor"" başlıklı haber yazısında Aksaray'ın taş evleri ile ilgili bilgiler aşağıdaki gibi aktarılmıştır:
I. Aksaray Valiliği ile Güzelyurt Kaymakamlığı, tarihî taş evleri gelecek nesillere aktarabilmek için restorasyon çalışmaları başlatmış. Aslına uygun tarihî dokusu korunarak hummalı çalışmalar sonucu restore edilen yapıların; pansiyon, ev, müze, konak ve yöresel ürünlerin satıldığı mekânlar olarak hizmet vereceğini söylüyorlar.
II. Aksaray; dar sokakları, yüksek duvarlı taş evleri ve tarihî yapıları ile dikkat çeken bir ilçedir. Kapadokya Bölgesi'ne gelen turistleri, âdeta tarihle yolculuğa çıkarabilecek güzellikteki. Ayrıca geçmişte Rumlara ev sahipliği yaptığı da bilinmektedir.
III. Aksaray'da Rumların iki asır önce kayadan oyma evlerde oturduğu bilinmektedir. 1924 yılına kadar bu coğrafyada Rumlar ve Türkler, barış içinde birlikte yaşamıştır. Bunun en güzel örneği olarak Ihlara Vadisi'nde kiliselerde görülen kaftan ve sarık giymiş Türk tasvirleri gösterilebilir.
IV. Restorasyon çalışmalarıyla geçen yıl kasımdan bugüne kadar yirmi evin restorasyonunu tamamladıklarını bildiriyor yetkililer, tamamen harabe ve yıkık durumdaki diğer taş evlerin de ilerleyen süreçte restorasyonuna başlayacaklarını dile getiriyorlar.
V. Ayrıca bu evler, özel mülkiyet kapsamında sahipleri olan evlerdir. Burada taş evlerde oturan kişiler, taş evlerin çok rahat olduğunu dile getirirken üç saat uykuyla dinlenebildiklerini, yüz günün dışarısı çok sıcak iken burada serin bir şekilde durabildiklerini dile getiriyorlar. Ayrıca turistlere evlere girip fotoğraf çekmek istediklerini de dile getiriyorlar.
Numaralanmış paragraflarla ilgili olarak aşağıdakilerden hangisi söylenebilir?","I. paragrafta, gerekçe belirtilmiştir.","II. paragrafta, parçada nesnel anlatım söz konusudur.","III. paragrafta, tanık göstermeye başvurulmuştur.","IV. paragrafta, öneri bildiren cümlelere yer verilmiştir.","V. paragrafta, somut kavramlar soyutlaştırılmıştır.",B
b66be437-0bb2-5bed-add5-989ddf76e273,MATEMATIK,"$x \in \mathbb{Z}^+$ olmak üzere, $\sqrt{x+m} = \sqrt{x} - a$ olarak tanımlanıyor. \n\na, bu şartları sağlayan en küçük sayıdır. \n\nÖrneğin: $\sqrt{21-4} = \sqrt{25} = 5$ dir. \n\nBuna göre, $\sqrt{40+M} - 12$ eşitliğinde M sayısının iki basamaklı en büyük değeri için rakamları toplamı kaçtır?",13,14,15,16,17,D
f40e4ac8-c2ad-54ff-a53d-df6a07e3a31f,COGRAFYA,Aşağıdaki doğal kaynaklar ve yararlanma biçimlerinden hangisi yanlıştır?,"Toprak: Tarımda kullanılır. Seramik, çimento ve tuğla endüstrisine ham madde sağlar.","Jeotermal enerji: Isıtma, sağlık turizmi (kaplıca ve ılıca) ve elektrik enerjisi üretiminde kullanılır.","Orman: Isınma, enerji üretimi, mobilya, ilaç, kozmetik ve kağıt üretimi gibi alanlarda kullanılır.",Uranyum: Nükleer santrallerde enerji üretiminde kullanılır.,"Kömür: Petrokimya (plastik, boya, deterjan, elyaf vb.) sanayisinde ham madde ve enerji kaynağı olarak kullanılır.",E
12c83df7-96a0-52a3-bdbe-9d45497e45b2,BIYOLOJI,"Canlıların yedikleri besinlerle aldıkları bazı zehirli maddeler, vücutta parçalanmaz ve değişik dokularda birikir. Alt trofik basamaklarda biriken bu maddeler besin zinciri yoluyla üst basamaklara aktarılır ve üst trofik basamaklarda daha yoğun hâle gelir. Bu olaya biyolojik birikim denir. Buna göre, bir göl ekosistemine karışan bir zehirli maddenin aynı besin zincirinde yer alan aşağıdaki canlılardan hangisinin dokusunda biyolojik birikim daha fazla olur?",Fitoplankton,Zooplankton,Herbivor balık,Omnivor balık,Balık kartalı,E
566fa99d-8061-5ade-8db0-7dece52335bf,MATEMATIK,"$P(x^2 - x + 3) = 3x^2 - 3x + 5$ polinomu veriliyor. Buna göre, $P(12)$ değeri kaçtır?",28,31,32,45,54,C
d637377e-16d6-5da4-bcf5-486fbfea5ca2,MATEMATIK,"$\frac{1}{x-y} - \frac{2}{x-y} = 5$
$\frac{1}{x-y} - \frac{3}{x-y} = 2$
olimits
 olduğuna göre, $x$ kaçtır?",$\frac{1}{4}$,$\frac{1}{3}$,$\frac{1}{2}$,$\frac{1}{6}$,$\frac{1}{12}$,E
6bc7e76e-3e43-5604-9c1c-c1fec9bf2cb3,MATEMATIK,"Terimleri küçükten büyüğe doğru sıralanmış bir veri grubunda, tek sayıda terim varsa ortadaki terime, çift sayıda terim varsa ortadaki iki terimin aritmetik ortalamasına o veri grubunun medyanı (ortanca) denir. Veri grubunda en çok tekrar eden sayıya da sayılara veri grubunun modu denir. Çağrı bir hafta boyunca kursa servisle gitmiştir. Bu servise binme saatini sadece saat ve dakikayı gösteren saatine bakarak her gün not etmiştir. Not ettiği sürelerin en erken olanı 17.16'dır. Bu sürelerden oluşan veri grubunun bir tane modu olup 17.16'dır. Bu veri grubunun medyanı 17.21 olduğuna göre, Çağrı'nın not ettiği sürelerin dakika kısımlarının aritmetik ortalaması en az kaçtır?",18,20,22,24,25,B
6a20d0a9-5ab8-5451-9d80-7ac98673e0fe,MATEMATIK,"Uzunluğu $470$ km olan bir yolun bir kısmı toprak, diğer kısmı asfalttır. Bu yola giren bir aracın topraktaki hızı saatte $40$ km, asfalttaki hızı saatte $130$ km'dir. Araç bu yolu toplamda $5$ saatte aldığına göre, araç toprak yolu kaç saatte almıştır?",1,"1,5",2,"2,5",3,E
caf4263a-fa75-5eed-8b5a-678a9012e951,MATEMATIK,"Bir okulda bulunan 32 öğretmeninden 20'si erkektir. Buna göre, okuldaki kadın öğretmenlerin sayısının, erkek öğretmenlerin sayısına oranı kaçtır?",$\frac{2}{5}$,$\frac{3}{5}$,$\frac{4}{5}$,$\frac{2}{3}$,$\frac{3}{4}$,B
fab6c8cc-47cc-58b2-ab7e-63305174f4b9,MATEMATIK,$(a_n) = ((-1)^{n+1} \cdot 2n)$ dizisinin ilk yüz teriminin toplamı kaçtır?,-98,-100,-102,-104,-106,B
907a6d16-0c25-510b-9c77-2812f531f71f,FIZIK,"Aynı ortamda bulunan üç öğrenciden Nuray, Erhan ve Ecem'in vücut sıcaklıkları sırasıyla $36,5 \text{ \textdegree C}$, $37 \text{ \textdegree C}$ ve $37,2 \text{ \textdegree C}$'dir.
Buna göre, öğrencilerin vücutlarından yayılan elektromanyetik dalgalar için,
I. Nuray'dan yayılan elektromanyetik dalgaların maksimum ışıma yapanının dalga boyu, Erhan'ınkine göre daha büyüktür.
II. Erhan'dan yayılan elektromanyetik dalgaların maksimum ışıma yapanının frekansı, Ecem'inkine göre daha büyüktür.
III. Ecem'den yayılan elektromanyetik dalgaların maksimum ışıma yapanının enerjisi, Nuray'ınkine göre daha büyüktür.
yargılarından hangileri doğrudur?",Yalnız I,I ve II,I ve III,II ve III,"I, II ve III",C
cad2e99d-4803-5024-afe0-ba6a4979189f,MATEMATIK,"a bir gerçel sayı olmak üzere,
Gerçel sayılarda tanımlı $f$ fonksiyonu
$f(x) = x^2 - ax + 6$
şeklinde verilmiştir.
$\lim_{x \to 2} f(x) = 9$
olimits
olduğuna göre, $\lim_{x \to a} f(x)$ kaçtır?",13,14,15,16,17,C
93da3cb1-bb8e-5d2b-94f7-bad71cf85f5d,TURKCE,"Bu dizelerde numaralanmış sözcüklerle ilgili aşağıdakilerden hangisi söylenemez?
I. kapıları kapattığımız
II. üstümüzde
III. bize bir öğün bile özgürlük tattırmadınız
IV. bir pas içinde yattık
V. uyanmak ihtimal dışıydı",I. sözcük iyelik ve hâl eki almıştır.,II. sözcük yapıca birleşiktir.,III. sözcükte birden fazla çekim eki vardır.,IV. sözcük yapıca türemiştir.,V. sözcükte hem yapım hem çekim eki bulunmaktadır.,B
d17f074a-7ff0-5023-ba89-9b3401d66766,MATEMATIK,"Ali, Barış, Cem, Doğan, Emre ve Fatih isimli altı kişi aralarında ikişer ikişer eşleşerek masa tenisi maçı yapacaklardır. Bu eşleşmede Ali ve Barış'ın eşleşmediği bilindiğine göre, Cem ve Doğan'ın eşleşme olasılığı kaçtır?",$\frac{1}{2}$,$\frac{1}{3}$,$\frac{1}{4}$,$\frac{1}{6}$,$\frac{1}{12}$,C
f9f5b65e-b0a1-50ac-abd2-787bcf56df87,KIMYA,"Denklemi verilen tepkimelere göre, I. X'in formülü CaO'dur. II. Y bileşiğinin yaygın adı sönmemiş kireçtir. III. Y yağ çözücü olarak kullanılır. yargılarından hangileri doğrudur?",Yalnız I,Yalnız II,I ve III,II ve III,"I, II ve III",A
5899d7e8-32dc-57c7-9439-0f9d78919ce9,MATEMATIK,"$P(x)$ ve $Q(x)$ polinomları ile ilgili aşağıdaki bilgiler verilmiştir. $P(x) \cdot Q(x)$ polinomunun $(2x-4)$ ile bölümünden kalan $12$'dir. $P(x)-(x+1) \cdot Q(x)$ polinomunun bir çarpanı $(6x-12)$'dir. Buna göre, $P(x)+Q(x)$ polinomunun $(x-2)$ ile bölümünden kalan aşağıdakilerden hangisi olabilir?",-13,-8,-7,-4,-2,C
c22c6e4c-4a2b-53d1-87c2-a3fc711bb570,MATEMATIK,"$\lim_{x \to 1} (f(x) \cdot g(x)) = \sqrt{e}$ ve $\lim_{x \to 1} (f(x) \cdot \ln(x)) = \frac{1}{2}$ olduğuna göre, $\lim_{x \to 1} (\ln f(x) - \ln g(x))$ limitinin değeri kaçtır?",$\frac{1}{8}$,$\frac{1}{4}$,$\frac{1}{2}$,1,2,C
44b19db5-3415-53dc-9002-6ea2b12f1025,MATEMATIK,$\frac{56\pi}{3}$ radyanlık açının esas ölçüsü hangisidir?,$\frac{\pi}{3}$,$\frac{2\pi}{3}$,$\frac{4\pi}{3}$,$\frac{\pi}{6}$,$\frac{5\pi}{6}$,B
