id,subject_area,q,oa,ob,oc,od,oe,key
bcab6d87-8edd-53b2-b1b3-7c8216b0c8c2,FIZIK,Aşağıda su dalgaları ile verilen bilgilerden hangisi yanlıştır?,Sadece enine dalgalardır.,Derin ortamda sığ ortama göre daha hızlı ilerler.,Bir engele çarptığında yansımaya uğrar.,Ortam değiştirdiğinde kırılmaya uğrayabilir.,Yayılma sürati kaynağın frekansına bağlı değildir.,A
dd7a1a8e-93a7-5713-9123-898e5178a0d4,MATEMATIK,"Aşağıda verilen, I. $\sqrt{x}$ II. $\sqrt[3]{x^2}$ III. $\frac{1}{x^2+1}$ fonksiyonlarından hangileri tüm reel sayılarda türevlenebilir?",Yalnız III,I ve II,I ve III,II ve III,"I, II ve III",A
f4f1821e-ce08-5719-a9b4-e11a4857d017,KIMYA,"Kapalı bir kapta $CH_4$ ve $C_2H_4$ gazlarından oluşan bir karışım yeterince $O_2$ ile tamamen yakılıyor. Son durumda kapta toplam 1,8 mol $CO_2$ ve 2 mol $H_2O$ bulunduğuna göre karışımdaki $CH_4$ gazının molce yüzdesi kaçtır?",20,40,50,60,80,B
31b9f25f-f1fb-5bb9-aef8-1405d3952e7f,MATEMATIK,"Yusuf ve Emre'nin ikisinde de birer tane aynı uzunlukta ip vardır.
• Yusuf, ipinin bir ucundan $64 \text{ cm}$ kesip kalanını $8$ er cm'lik parçalara ayırıyor.
• Emre, ipinin bir ucundan $212 \text{ cm}$ kesip kalanını $7$ şer cm'lik parçalara ayırıyor.
Bu durumda Yusuf'un elindeki eşit parça sayısı, Emre'nin elindeki eşit parça sayısından $6$ fazla oluyor.
Buna göre, iplerden birinin uzunluğu kaç cm'dir?",912,872,812,972,842,B
96aefd8c-ab30-58c2-8c12-ad2ceab8173c,MATEMATIK,"Erzurum'dan diğer kentlere uçuşları olan iki hava yolu firması bulunmaktadır. Bu firmalardan; • biri İstanbul'a günde 5 uçuş, İzmir'e günde 1 uçuş • diğeri İstanbul'a günde 4 uçuş, Ankara'ya günde 2 uçuş düzenlemektedir. Bir günde, Erzurum'dan hareket eden bu iki firmadan rastgele birer uçuş seçiliyor. Buna göre seçilen bu uçuşların farklı kentlere gitme olasılığı kaçtır?",$\frac{1}{2}$,$\frac{2}{3}$,$\frac{4}{9}$,$\frac{5}{12}$,$\frac{5}{18}$,E
cfabb60d-95db-525f-b76d-fdc24a5b864b,MATEMATIK,$A = 6+15+24+...+105$ eşitliği veriliyor. A sayısının her bir terimi 5 artırılırsa A sayısı ne kadar artar?,80,60,65,40,20,B
2375f19f-844c-5395-be94-a643436b603e,MATEMATIK,"Saatte $500$ km sabit hızla giden bir uçak kendisinden $9000$ km uzaklıkta bulunan hedefe sabit hızla giden bir roket yolluyor. Roket hedefe ulaştıktan $2$ saat sonra uçak da hedefe ulaştığına göre, bu roket durgun hâlde bulunan uçaktan atılmış olsaydı saatteki hızı kaç km olurdu?",250,350,550,650,750,E
8eca6301-34a7-525d-9e84-3327444de882,MATEMATIK,"$(a_n) = \{1^2, 2^2, 3^2, ..., n^2, ...\}$ dizisinin ilk $n$ terim toplamı $S_n$ olmak üzere, $\log(S_{100} - S_{99})$ ifadesinin sonucu kaçtır?",1,2,4,10,100,C
ff08d4e6-9232-598b-b867-4f51ac101bd1,MATEMATIK,"Gerçel sayılar kümesi üzerinde bir $f$ fonksiyonu,
$f(x) = \begin{cases} 2x^2 + \boldsymbol{\Delta} & , x < 2 \\ \boldsymbol{\square} & , x = 2 \\ x + \boldsymbol{\bullet} & , x > 2 \end{cases}$
biçiminde tanımlanıyor.
$y = f(x)$ fonksiyonu gerçel sayılar kümesinde sürekli olduğuna göre $\boldsymbol{\Delta}$, $\boldsymbol{\square}$, $\boldsymbol{\bullet}$ sembolleri sırasıyla
I. $1, 9, 1$
II. $0, 4, -4$
III. $2, 6, 7$
hangileri olabilir?",Yalnız I,Yalnız II,I ve III,I ve II,II ve III,A
83a299a5-12ea-5731-a186-168236bb192d,TURKCE,"(I) Günümüzde bireyler, doğdukları andan itibaren kendilerini teknolojinin içinde bulmaktadır ve dolayısıyla bireyin yaşamının her alanında teknoloji yer almaktadır. (II) İçinde bulunduğumuz çağda küresel rekabette ön plana çıkabilmek ve başarılı olabilmek için teknolojik beceriler önemli hâle gelmiştir. (III) 21. yy. becerileri diyebileceğimiz bu beceriler; bilgi, medya ve teknoloji becerileri, bilgi ve iletişim teknolojileri okuryazarlığı, dijital çağ okuryazarlığı gibi kavramları barındırır. (IV) Tüm bu durumlar göz önüne alınarak var olan insan gücünün doğru bir biçimde kullanılabilmesi için öğrenme ortamında teknoloji kullanımı tercih değil, zorunluluk hâline gelmiştir. (V) Bundan dolayı var olan teknolojilerin öğrenme süreçleriyle olabildiğince bütünleşmesi gerekmektedir.
Bu parçada numaralanmış cümlelerden hangisi yanlıştır?","I. cümlede, bireyin teknolojiyle yaşamının ilk yıllarında tanıştığı ve teknolojiyle iç içe olduğu vurgulanmıştır.","II. cümlede, ülkeler arası yarışta söz sahibi olabilmenin yolunun teknoloji kullanmaktan geçtiği belirtilmiştir.","III. cümlede, içinde bulunulan yüzyılın teknolojiyi kullanma ve teknoloji okuryazarlığı içerdiği ifade edilmiştir.","IV. cümlede, günümüzde teknoloji kullanımının bir seçenek değil mecburiyet olduğu açıklanmıştır.","V. cümlede, teknolojinin eğitime uyumunun zorunluluğu dile getirilmiştir.",A
fe7defc0-522e-534b-b509-9a1cce257de9,MATEMATIK,"$x, y$ ve $z$ pozitif tam sayılardır. $\frac{x-2}{y} = \frac{y}{z} = \frac{4}{5}$ olduğuna göre, $x+y+z$ toplamı en az kaçtır?",28,30,33,35,36,D
d9ae7731-09e7-5f89-94d3-ce1460142eed,KIMYA,Aşağıdaki gıda katkı maddeleri için verilen kullanım amaçlarından hangisi yanlıştır?,Antioksidanlar: Oksitlenmeyi engelleyerek bozulmasını önler.,Renklendiriciler: Gıdanın görünümünü daha çekici hâle getirmek için kullanılır.,Emülgatörler: Besinlerin özelliğini veya bazılarını istenilen düzeyde tutmak için kullanılır.,Tatlandırıcılar: Gıdanın lezzetini ve aromasını daha çekici hâle getirmek için kullanılır.,Stabilizatör: Ayrışmaya eğilimli maddelerin ayrışmasını engelleyerek istenilen kıvamda kalmasını sağlar.,D
7e9e5acf-6f94-55b0-a790-b3fb56a1f33b,KIMYA,"Aşağıdaki tepkimeler aynı koşullarda tek basamakta gerçekleştiriliyor.
1. $Ag^+(suda) + Cl^-(suda) \to AgCl(k)$
2. $Fe^{2+}(suda) + MnO_4^-(suda) \to Fe^{3+}(suda) + Mn^{2+}(suda)$
3. $N_2(g) + 2O_2(g) \to 2NO_2(g)$
Bu tepkimelerle ilgili,
I. 1. tepkimenin derecesi $2$'dir.
II. 2. tepkimede, $Fe^{2+}$ derişimi artırılırsa tepkime hızı artar.
III. 3. tepkimenin hızı, sabit sıcaklık ve hacimde basınçtaki azalma ile takip edilebilir.
ifadelerinden hangileri yanlıştır?",Yalnız I,Yalnız II,Yalnız III,I ve II,II ve III,C
532c907e-a7b9-57a9-b0ca-d84a8f8ce40f,TURKCE,"(I) Metal kapı dedektörleri, elektromanyetik alan prensibi ile çalışırlar. (II) Bu indüklenen akım, dedektördeki bobine tesir ederek birtakım küçük sinyal değişmelerine sebep olur. (III) Biraz daha ayrıntılı ifade edecek olursak gönderilen elektromanyetik dalga, herhangi metal cisim üzerinde ""Faraday akımları"" denen bir akım indükler. (IV) Kapı şeklinde belirlenen alanda bir elektromanyetik alan oluşturmakta ve oluşturulan bu alan içerisinden geçen metal nesneyi metal yoğunluğuna göre tespit etmektedir. (V) Bu küçük sinyaller, elektronik devrelere kuvvetlendirilerek ses ve ışıklı olarak uyarı vermesini sağlar.
Bu parçada numaralanmış cümlelerin anlamlı bir bütün oluşturması için numaralanmış cümlelerden hangilerinin yer değiştirmesi gerekir?",I ve III,I ve IV,II ve III,II ve IV,III ve IV,E
6ce9c470-628c-5cf7-a7ef-59d1b0c1de51,EDEBIYAT,"Edebî değerlendirmelerinde genellikle büyük isabet kaydeden Behçet Necatigil; Garip akımı, bu akımın mensuplarınca şiirin ayağa düşürülmesi ve Nurullah Ataç'ın rolü hakkında çok hükmü vermiştir. 'Orhan Veli ve kuşağı, şiiri gündelik hayatın gürültüsünde ayağa düşürdü. 'Umurumda mı dünya' buna örnektir. Banal nüktelerle şiir yazılacağı sansı, uzun bir süre genç şairlerin harcanmasına yol açtı. Bunda suç yüzde seksen Ataç'tadır.'
Bu parçadan hareketle aşağıdakilerden hangisi söylenemez?","Garip akımı, şiiri bayağılaştırmıştır.","Necatigil, eleştirilerinde ölçüyü kaçırmıştır.","Orhan Veli, bu akımın temsilcilerindendir.","Ataç, şiirin sıradanlaştırılmasında en etkin kişidir.",Bayağılıkla şiir yazılabileceği sanısı doğru değildir.,B
08313733-60c4-5ea5-a372-85f53423f1b5,FIZIK,"Klasik fizikte kuvvetler, uygulandığı nesne ile kuvvetin kaynağı arasında temas olup olmamasına göre temas gerektiren ve temas gerektirmeyen kuvvetler olarak ikiye ayrılmaktadır.
Buna göre;
I. Yeryüzü'nün Güneş'in etrafında dolanması,
II. gergin bir yaydan okun fırlatılması,
III. hafif rüzgarlı bir havada, bir uçurtmanın yükselmesi
eyemlerinden hangileri temas gerektirmeyen bir kuvvet tarafından sağlanabilir?",Yalnız I,Yalnız II,Yalnız III,I ve II,"I, II ve III",A
f5f72a90-ae80-5821-b32c-e060913043f1,MATEMATIK,"Berçem, Necla'dan 36 yaş büyüktür ve Berçem'in yaşının Necla'nın yaşına oranı bir tam sayıdır. Buna göre, Necla'nın yaşı aşağıdakilerden hangisi olamaz?",4,6,8,9,12,C
80d2780c-bd47-5355-bcb1-e2f23dbf0700,MATEMATIK,$9^a-2^b-3^a-4^b$ ifadesinin çarpanlarına ayrılmış hali aşağıdakilerden hangisidir?,$(3^a-2^b)(3^a+2^b)$,$(3^a-2^b)(3^a-2^b)$,$(3^a-4^b)(3^a+2^b)$,$(3^a+4^b)(3^a-4^b)$,$(3^a+4^b)(4^a-3^b)$,A
41c9ca9f-5212-5b3c-bc07-5d3c614ab4de,MATEMATIK,"Sadece erkek öğrencilerin bulunduğu bir sınıftaki gözlüksüz erkek öğrencilerin sayısının gözlüklü erkek öğrencilerin sayısına oranı $\frac{2}{3}$'tür.
Bu sınıfta bulunan Anıl'ın erkek arkadaşlarının sınıf mevcuduna oranı aşağıdakilerden hangisi olabilir?",$\frac{4}{5}$,$\frac{7}{9}$,$\frac{11}{12}$,$\frac{31}{32}$,$\frac{44}{45}$,E
f93d33bc-ff98-51df-87a8-ac5754d890ea,MATEMATIK,"$f: \mathbb{R}^+ \to \mathbb{R}$ $f(r): ""r$ birim yarıçaplı dairenin alanı"" biçiminde bir $f$ fonksiyonu tanımlanıyor. Buna göre, yarıçapı $r$ olan bir çemberin çevre uzunluğu aşağıdakilerden hangisine eşittir?",$f(\frac{r}{2})$,$f(2r)$,$f'(\frac{r}{3})$,$f'(2r)$,$f'(r)$,E
242f18cb-87fb-509f-9c8b-87128774ec3c,MATEMATIK,"$P(x+2) = x \cdot Q(x-1) + 13x - x^2$ eşitliği veriliyor. $P(x-5)$ polinomunun katsayılar toplamı 18 olduğuna göre, $Q(-7+x^2)$ polinomunun sabit terimi kaçtır?",-30,-26,-22,-18,-14,C
f6974f9c-de2b-5fe4-bb19-54826887618c,MATEMATIK,"$f(x) = \frac{mx-1}{x+2}$ ve $f'(0)=3$ olduğuna göre, $m$ kaçtır?",\frac{11}{2},2,4,\frac{13}{2},3,A
400d0614-1864-5768-9657-39b6b5f5dff1,MATEMATIK,"Aşağıdaki tabloda Mina ve Yiğit'in hangi yılda kaç yaşında oldukları ile ilgili bilgiler verilmiştir.
Buna göre, $x+y$ toplamı kaçtır?",2,4,6,8,12,C
0ab36551-2625-52cf-8f6f-f9b4fc0033d2,FIZIK,İdeal bir kara cisim ile ilgili olarak aşağıda verilenlerden hangisi yanlıştır?,Üzerine düşen tüm ışınımı soğurur.,Farklı dalga boylarında yaptığı ışımaların şiddetleri eşit olabilir.,Termal ışıma yapar.,Sadece görünür ışık bölgesinde ışıma yapar.,Yaptığı ışımadaki fotonların sürati dalga boyundan bağımsızdır.,D
60616a7c-a8e2-54b8-9620-79ba62cf9604,KIMYA,"25 $^\circ$C'de asitlik denge sabiti ($K_a$) değeri $2 \cdot 10^{-10}$ olan HY asidinin 0,5 molarlık sulu çözeltisinin pOH değeri kaçtır?",5,6,8,10,11,D
a2a1be26-e178-59ab-9cdb-dd1850d64861,MATEMATIK,"O merkezli birim çember üzerindeki iki nokta A ve B dir. $|AB| = \sqrt{2}$ birim olduğuna göre, I. $m(\widehat{AOB}) = 90^\circ$ dir. II. $A(\widehat{AOB}) = \frac{\pi}{2}$ birimkare III. A noktası x ekseni üzerindedir. ifadelerinden hangileri daima doğrudur?",Yalnız I,Yalnız II,Yalnız III,I ve II,"I, II ve III",A
b680afd9-39a5-5cbf-bd80-5fed8a90b1de,MATEMATIK,"a ve b gerçek sayıları için,
$a \cdot b^2 < a^2 \cdot b < 0$
eşitsizlikleri veriliyor.
Buna göre,
I. $a + b$
II. $a - b$
III. $b^3 + a - a^3 \cdot b$
ifadelerinden hangileri pozitiftir?",Yalnız I,Yalnız II,I ve II,I ve III,II ve III,E
131edcb0-4fc4-5715-8444-21384ebc660d,TURKCE,"Dadaloğlu'm al yanağın gülünden
Mis kokuyor saçlarının telinden
İnce belli nazlı yârin elinden
Üç beş sene bekleyelim Hacı'nı
Bu dörtlük için aşağıdakilerden hangisi söylenemez?","""al ve mis"" sözcükleri niteleme sıfatıdır.","""nazlı"" sözcüğü yapısına göre türemiş sıfattır.","""üç beş"" sözcükleri belirsizlik anlamındadır.","""ince belli"" sözcükleri birleşik sıfattır.",Tamlayanı birden fazla olan sıfat tamlaması vardır.,A
50d323de-6de3-5050-ab48-3e2dea51cfca,KIMYA,"Plastik; asit ve bazlara karşı asaldır, tepkime vermez.
Buna göre plastiğin asit ve bazların zararlı etkilerini önleme amacı ile kullanımına,
I. laboratuvarda plastik eldiven kullanımı,
II. asitlerin plastik şişelerde saklanması,
III. plastiğin cam malzemelere göre ekonomik olması
verilenlerden hangileri örnek gösterilebilir?",Yalnız I,Yalnız II,I ve II,I ve III,"I, II ve III",C
ae967e51-4e38-5db1-9d3e-ee6f7e73b7a8,MATEMATIK,"Dik koordinat düzleminde $f$ fonksiyonunun türevi olan $f'$ fonksiyonunun grafiği verilmiştir. Buna göre, I. $f$ fonksiyonu artandır. II. $f(2) - f(0) = 0$ dır. III. $f(3) > 0$ ifadelerinin hangilerinin kesinlikle doğru olduğunu bulunuz.",Yalnız I,Yalnız II,Yalnız III,I ve II,II ve III,B
6dd8f237-4ef4-55fd-a0e6-0011660be8d2,MATEMATIK,"$a$ ve $b$ doğal sayılar, $EBOB(a, b) = 5$ ve $a^2 - b^2 = 175$ olarak veriliyor. Buna göre, $a \cdot b$ kaçtır?",150,180,210,240,300,B
9da39f39-bacf-56f4-b6a1-b549a351b8a8,FIZIK,"Fotoğraf makinelerinde fotoğraf çekerken ışık ihtiyacını bir anlık karşılamak için flaş sistemi kullanılır. Flaş sistemi pil, bir sığaç, bir anahtar ve özel bir ampulden oluşan bir elektrik devresidir. Anahtar kapatıldığında pil tarafından sığaçta depolanmış enerji çok kısa bir sürede ampulün üzerinden geçer ve çok kısa süre şiddetli bir ışık üretir.
Buna göre,
I. Flaş sistemindeki pilin potansiyel farkı artırılırsa sığacın sığası azalır.
II. Flaş sisteminde sığası daha büyük tam dolu bir sığaç kullanılırsa ampulde daha şiddetli ışık üretilir.
III. Flaş sığacının patlamasıyla birlikte sığaçta depolanan yük azalmaya başlar.
yargılarından hangileri doğrudur?",Yalnız I,Yalnız II,I ve II,I ve III,II ve III,B
13ab7843-b374-56d9-891a-194544f309a6,EDEBIYAT,1960 Sonrası Toplumcu Gerçekçi Şiir anlayışı ile ilgili aşağıdakilerden hangisi söylenemez?,"İkinci Yeni'yi, ""bireyci, toplumdan uzak bir burjuva şiiri"" olarak suçlarlar.","Şiirlerinde hece ölçüsü, kafiye ve redif gibi ahenk unsurlarına önem vermişlerdir.","Arif Damar, Halkın Dostları, Gelecek, Yansıma gibi dergilerde şiirlerini yayımlamışlardır.","Halkın ve işçi sınıfının sorunlarını, güncel olayları şiirlerine yansıtmışlardır.","Ataol Behramoğlu, İsmet Özel, Süreyya Berfe, Refik Durbaş, Nihat Behram, Kemal Özer, Gülten Akın gibi şairler önemli temsilcileridir.",B
d58b063c-a5cf-5217-a794-c78b579af521,MATEMATIK,"$f: [0, \pi] \to [-1, 1]$ olmak üzere, $f(x) = \cos x$ fonksiyonu veriliyor. Buna göre, I. $f(x)$ fonksiyonu tanımlı olduğu aralıkta bire birdir. II. $f(x)$ fonksiyonu tanımlı olduğu aralıkta örtendir. III. $f(x)$ fonksiyonunun $y=x$ doğrusuna göre simetriği olan fonksiyon $g(x) = \operatorname{Arccos} x$'tir. ifadelerinden hangileri doğrudur?",Yalnız I,I ve II,I ve III,II ve III,"I, II ve III",D
cbd5d959-0b49-5dcb-86d6-287cd0dde201,MATEMATIK,"$f(x,y)=x^2y-xy^2$ olduğuna göre, $f(-1,1)$ kaçtır?",0,4,-1,2,-2,E
406aa2cb-c61a-5f66-b23a-49a451716efe,MATEMATIK,"Osman, gittiği kırtasiyede tanesi $(x-4)$ TL olan kalemlerden $(x+1)$ tane aldığında 14 TL ödüyor. Orhan ise aynı kırtasiyede tanesi $(y-2)$ TL olan defterlerden $(y-2)$ tane aldığında 24 TL ödüyor.
Buna göre, bu kırtasiyeden Osman'ın aldığı kalemler-den $(x+y)$ tane alan bir kişi kaç TL ödeme yapar?",18,20,22,24,26,C
dd698f86-a65b-5b19-989f-b06b1c2ffdf1,MATEMATIK,"$P(x) = x^4 - ax^2 + bx + 6$ polinomu $x + 1$ ile tam bölünebildiğine göre, $a + b$ toplamı kaçtır?",4,5,6,7,8,C
f71a0b68-b96d-562a-9a69-369a7c02eb41,MATEMATIK,"$a \in \left(\frac{\pi}{4}, \frac{\pi}{3}\right)$ olmak üzere, $x = \cos(2a) \cdot \cot(2a)$, $y = \cos(4a) \cdot \cot(4a)$, $z = \cos(6a) \cdot \cot(6a)$ olduğuna göre; $x, y$ ve $z$ değerlerinin işaretleri sırasıyla aşağıdakilerden hangisidir?","+, +, -","+, -, +","+, -, -","-, +, -","-, -, -",C
62f86e1b-2b52-5cfb-9ee1-071a27867a3e,TURKCE,"Kurabiyeler, kekler, çörekler, poğaçalar... Yapması zahmetli (yorucu), yemesiyle bir hayli keyifli olan hamur işleri hiçbir zaman fırından çıktıktan sonraki (vakitteki) lezzeti olmuyor maalesef (ne yazık ki). Bu besinleri uzun süre taze tutmanız için size bir tavsiyemiz (önerimiz) var. Hamur işlerinizi hava almayan ve içine bir dilim ekmek ya da birkaç dilim elma konulmuş kaplarda saklayabilirsiniz. Elma ve ekmek, kaplardaki nem dengesini (sistemini) düzenleyerek hamur işlerinizin bayatlamasını önleyecektir.
Bu parçada numaralanmış sözlerden hangisinin anlamı parantez () içinde verilen açıklamayla uyuşmamaktadır?",I,II,III,IV,V,E
77f17fc6-716a-5430-bc6d-06edac829a41,MATEMATIK,$i^2 = -1$ olmak üzere $(i^2+2) + (4-i^2) - (i^4-i) \cdot 3i$ ifadesinin eşit aşağıdakilerden hangisidir?,0,$i$,$1+2i$,$-i$,$1-2i$,D
3a5db6a0-1a87-5657-ad50-1a79021fed54,MATEMATIK,"$\cot 3x = \sqrt{3}$ denkleminin $[0, 2\pi]$ aralığında kaç farklı kökü vardır?",2,4,5,6,7,D
041fd907-f10a-513b-b3cd-9cf58613e112,MATEMATIK,"$z$ karmaşık sayısının eşleniği $\bar{z}$ olmak üzere, $\frac{6}{z} = \frac{2i}{2-i} - \bar{z}$ eşitliğini sağlayan $z$ karmaşık sayılarının toplamı kaçtır?",$1-3i$,$2+i$,$3+2i$,$4+i$,$4+4i$,E
ce2b1a4d-c700-5615-97c8-ab6fce7ab996,MATEMATIK,"Alkol oranı %50 olan 12 litre alkollü su karışımından x litre alkol buharlaştırıldığında alkol oranı %25 olmaktadır. Buna göre, x kaçtır?",7,6,5,4,3,D
bb1cb221-c7c9-5285-a08d-7fa829363630,MATEMATIK,$|3x-4| = 2x-3$ eşitliğini sağlayan $x$ değerlerinin toplamı kaçtır?,-4,-2,0,2,4,D
2476683e-4f7b-58ab-8a0c-d79ffe0212b3,FIZIK,"Bazı enerji kaynaklarından hem elektrik hem de ısı enerjisi elde edilir. Buna göre, I. Güneş II. Biyokütle III. Rüzgâr enerjilerinden hangileri bu amaçla kullanılabilir?",Yalnız II,Yalnız III,I ve II,II ve III,I ve III,C
ecb43a10-226c-564e-adf1-3fe2e5a16509,MATEMATIK,"İlk $n$ teriminin toplamı, $S_n = n(n-4)$ olan aritmetik dizinin genel terimi aşağıdakilerden hangisidir?",$2n-1$,$2n-2$,$2n-3$,$2n-4$,$2n-5$,E
1927f6b8-700e-5527-8af5-e7f08c7a3cb6,BIYOLOJI,"Bir bitkinin üremesi ve bir omurgasız hayvanın rejenerasyonla üremesi sırasında;
I. kardeş kromatitlerin zıt kutuplara çekilmesi,
II. DNA eşlenmesinin gerçekleşmesi,
III. sitokinez sırasında boğumlanmanın gerçekleşmesi,
IV. homolog kromozomların zıt kutuplara çekilmesi
olaylarından hangileri ortak olarak gerçekleşir?",I ve II,III ve IV,I ve III,"I, II ve IV","I, II, III ve IV",A
784b0bd6-ddcb-5f30-bde2-3a5c4a82a323,MATEMATIK,"$\tan \frac{11\pi}{36} = x$ olduğuna göre, $\tan \frac{3\pi}{18}$ in $x$ türünden eşiti aşağıdakilerden hangisidir?",$\frac{x-1}{x+1}$,$\frac{x+1}{x-1}$,$\frac{2x-1}{2x+1}$,$\frac{2x+1}{2x-1}$,$x^2-1$,B
277f438a-c65c-5ddb-beb1-0777c45723ca,MATEMATIK,"$x$ ve $y$ pozitif tam sayılar olmak üzere, $5x-6y=10 \cdot x \cdot y$ ifadesi veriliyor.
Buna göre,
I. $x$ çift sayıdır.
II. $y$ tek sayıdır.
III. $x$ çift sayı ise $y$ tek sayıdır.
ifadelerinden hangileri her zaman doğrudur?",Yalnız I,Yalnız II,Yalnız III,I ve II,II ve III,A
e8a8e949-c180-5507-8859-9facb51e66ea,MATEMATIK,"Bozuk bir tartı aletinin göstergesi bir insanı olduğundan %20 daha ağır tartmaktadır. Buna göre, bu tartıda $90 \text{ kg}$ gelen bir kişinin gerçek ağırlığı kaç kilodur?",60,70,72,75,80,D
e96182ce-1010-5d13-9bbf-090ff79a7036,MATEMATIK,"$f(x) = \begin{cases} x^2 - ax & , x < 1 \\ x^2 + a & , x \ge 1 \end{cases}$ biçiminde tanımlanan $f(x)$ fonksiyonunun yalnız bir noktada limiti yoktur.
Buna göre, $a$'nın alamayacağı değerler toplamı kaçtır?",-2,-1,0,1,2,C
d73cf63b-c5de-5974-bf59-47f19313cee1,MATEMATIK,$x-3<0$ ve $\frac{1}{x^2-4}<0$ eşitsizlik sisteminin çözüm kümesi aşağıdakilerden hangisidir?,"$(0, 2)$","$(0, 4)$","$(-2, 0)$","$(- \infty, 2)$","$(-2, 2)$",C
e5cd8d44-a801-516e-9e83-f8fc660f07aa,KIMYA,"Sembolik gösterilişi,
I. $H_2(g) + Cl_2(g) \to 2HCl(g)$
II. $CO_2(k) \to CO_2(g)$
III. $2NaN_3(k) \to 3N_2(g) + 2Na(k)$
olan değişimlerden hangileri kimyasal değişim olarak sınıflandırılır?",Yalnız I,Yalnız II,I ve III,II ve III,"I, II ve III",C
06effa5b-e6a7-5dcd-b721-b33e939b79ec,MATEMATIK,"$x^2-(2k-3)x+k-0$ denkleminin kökleri $x_1$ ve $x_2$'dir. $\frac{1}{x_1+x_2} + \frac{1}{x_1x_2} > 0$ olduğuna göre, k aşağıdakilerden hangisi olabilir?",5,1,4,3,0,C
2fd3091b-2047-54ce-a4ad-2db04bef0bff,MATEMATIK,$|-x|+|3x|-|-4x|=32$ denklemini sağlayan $x$ değerlerinin çarpımı kaçtır?,-4,-8,-12,-16,-20,D
2dd3ecde-7a2b-5f5c-98a0-6e0d94c72e62,TARIH,"İnsan ve hayvan gücüne dayalı üretim tarzından, makine gücüne dayalı üretim tarzına geçişi ifade eden Sanayi Devrimi'nin; I. sömürgecilik, II. kapitalizm, III. sosyalizm fikirlerinden hangilerinin önem kazanmasında etkili olduğu söylenebilir?",Yalnız I,Yalnız II,I ve II,II ve III,"I, II ve III",C
b70e5205-8cf6-59cb-8fc4-27f973574450,BIYOLOJI,İnsanın vücudunda salgı üreten bütün endokrin bezler için aşağıdaki özelliklerden hangisi ortaktır?,Bir çeşit hormon üretme,Kandaki glikoz miktarını düzenleme,Salgısını kana verme,Birden fazla çeşit hormon üretme,Hem enzim hem hormon salgılayabilme,C
94ff99ca-c99a-5995-b4a9-14220687bf82,TURKCE,"Bu çalışma, yeni bir metot. ""Üç çocuğunuzu nasıl muma çevirirsiniz?"" türünden bir ebeveynlik yöntemi. Bu ---- yöntemlerin dışında her çocuğun ve ebeveynin özel olduğunu ve bu herkesin kendi metodunu kendisinin belirlemesi gerektiğini ortaya koyuyor bu konuda rehber oluyor.
Bu parçada boş bırakılan yerlere sırasıyla aşağıdakilerden hangisi getirilmelidir?",yaratmıyor - doğru,tavsiye etmiyor - didaktik,önermiyor - özgün,sunmuyor - kişiselleşmiş,oluşturmuyor - ayrıntılarla dolu,B
a0bab3bc-c94f-567a-819d-55729bf83731,MATEMATIK,$(\cos 50^\circ + \cos 20^\circ)^2 - (\sin 50^\circ + \sin 20^\circ)^2$ toplamının sonucu kaçtır?,0,1,$1+\sqrt{3}$,$2+\sqrt{3}$,8,A
c762b60e-7c91-5d54-bc61-bebc013e0022,FIZIK,"Küresel aynaların günlük yaşamdaki kullanım alanlarıyla ilgili çeşitli örnekler aşağıda verilmiştir.
I. Görüntüyü büyüterek ayrıntılı inceleme imkanı sağlayan, güzellik salonlarındaki makyaj aynaları.
II. Depo ve marketlerde geniş alanları görebilmek için kullanılan güvenlik aynaları.
III. Gök cisimlerinden gelen ışığı toplamak için teleskoplarda kullanılan aynalar.
Buna göre, bu kullanım alanları ile küresel ayna türü eşleştirmesi aşağıdaki seçeneklerden hangisinde doğru verilmiştir?","Çukur
Çukur
Çukur","Çukur
Tümsek
Çukur","Çukur
Tümsek
Tümsek","Tümsek
Çukur
Tümsek","Tümsek
Çukur
Çukur",B
02128c16-4293-5ee2-abef-c485c91db1ca,MATEMATIK,"Sırasıyla, $(m-1)$, $m$ ve $(m+2)$ bir geometrik dizinin ilk üç terimi, $(m-2)$, $m$ ve $(m+2)$ bir aritmetik dizinin ilk üç terimi olduğuna göre, aritmetik dizinin 10. terimi kaçtır?",18,15,20,22,16,D
2035fb96-d9c0-58e6-93dd-d8eb41157d81,MATEMATIK,"$y=f(x)$ fonksiyonuna apsisi $3$ olan noktasından çizilen teğet doğrusunun denklemi $x=6y+5$ tir. Buna göre, $\lim_{x \to 3} \frac{f(x)-f(3)}{x-3}$ ifadesinin değeri kaçtır?",$\frac{1}{6}$,$\frac{1}{3}$,$\frac{1}{2}$,$1$,$2$,A
050795d1-b8c3-55e7-b0f4-6df14ed06966,MATEMATIK,$ \frac{(x^a)^{bc} \cdot (x^b)^{ac} \cdot (x^c)^{ab}}{(x^{3a}x^{3b}x^{3c})^{\frac{1}{3}}} $ ve $x \neq 0$ olduğuna göre yukarıda verilen işlemin sonucu kaçtır?,1,2,3,5,8,A
5b6c3333-2eff-5b89-bdf0-4e75eb8ebce9,MATEMATIK,"Dik koordinat düzleminde $a < b < 0 < c < d$ olmak üzere $f(x) = ax^2$, $g(x) = bx^2$, $h(x) = cx^2$ ve $k(x) = dx^2$ fonksiyonlarının grafikleri verilmiştir. Buna göre, I. $f(-1) > h(-2)$ II. $f(1) ullet g(2) < f(1)$ III. $(k(-2) - h(-2)) > h(1)$ ifadelerinden hangileri doğrudur?",Yalnız I,Yalnız II,Yalnız III,II ve III,"I, II ve III",B
6561a6ea-63f0-5058-a5aa-2ee127fc6d4c,MATEMATIK,"Uygun koşullarda tanımlı $f$ fonksiyonu için, $f(x) = \frac{3x + 1}{x + 2}$ olduğuna göre, $f^{-1}(2)$ kaçtır?",-3,-1,0,1,3,E
31199555-e98f-5b9a-a3a6-a10acbf33b95,MATEMATIK,"Her birinin en yüksek dereceli teriminin katsayısı 1 olan ikinci dereceden $P(x)$ ve $R(x)$ polinomları için $P(3)=R(3)=0$ olduğu veriliyor. $P(x)+R(x)$ polinomunun $(x-5)$ ile bölümünden kalan 22 olduğuna göre, $P(1)+R(1)$ toplamı kaçtır?",-12,-6,-4,-3,-2,E
b2992ead-1e13-502b-9e7c-3f11998b0152,MATEMATIK,"$a, b$ ve $c$ tam sayılardır. $\frac{7ac-1}{b}=4$ olduğuna göre $a, b$ ve $c$'nin teklik ya da çiftlik durumu aşağıdakilerden hangisi olabilir?","a: Tek, b: Tek, c: Çift","a: Tek, b: Çift, c: Tek","a: Çift, b: Tek, c: Tek","a: Çift, b: Çift, c: Tek","a: Tek, b: Tek, c: Tek",E
6023bfb8-1939-585f-97aa-545007e66776,MATEMATIK,$3^{\log_3 16 \cdot \log_2 4}$ ifadesinin sonucu kaçtır?,16,9,8,4,$\sqrt{2}$,B
5016bc52-28a9-5876-9fbe-0f241e4d4429,MATEMATIK,$a$ ile $b$ gerçel sayılardır. $b > a$ olmak üzere; I. $-3b < -3a$ II. $\frac{b}{-2} > \frac{a}{-2}$ III. $b+4 > a+4$ ifadelerinden hangileri doğrudur?,Yalnız I,Yalnız II,I ve II,I ve III,"I, II ve III",D
c7e95211-28e4-51eb-bb16-65f52600c079,TURKCE,"İstanbul'da metro hattı için yapılan kazı çalışmalarında yüzeyin hemen 1 metre altında kalıntılar ortaya çıkmaya başlamış. 19. yüzyılın sonlarında yapılan Avrupa'nın ilk konserve fabrikası kalıntılarının bulunduğu alanda bir de podyuma döşemeli mozaiklere rastlanmış. Pocima mozaiklerinin hemen ortasında bir süs havuzunun olduğu söyleniyor. Yani sosyal bir alan ortaya çıkartılmış bulunuyor. Deniz seviyesinin 4 metre altında ise MÖ 6. yüzyıla ait Klasik Dönem küçük buluntular ortaya çıkarılmış. Çalışmaların devam eden arkeologlar, daha derinde antik liman olduğuna ulaşmayı şimdiden öngördüklerini söylüyorlar.
Bu parçada söz edilen kazı çalışmaları ile ilgili aşağıdakilerden hangisi söylenebilir?",Tarihi eser bulmak amacı ile yapılmaktadır.,Ortaya çıkan ve daha ulaşılması beklenen kalıntılar vardır.,Antik liman dolgusuna bile ulaşılmıştır.,Klasik Dönem'e ait her türlü mozaiğe rastlanmıştır.,Toprağın en derininde yer alan bütün kalıntılara ulaşılmıştır.,B
2574dc61-7e4f-58c8-8449-ea30ff5820c1,MATEMATIK,$(\frac{3}{2})^{x^2-15} > (\frac{2}{3})^{x^2-2x}$ eşitsizliğini sağlayan kaç tane doğal sayı vardır?,1,2,3,4,5,D
0b33dce0-7085-587c-ba34-fc27082647ce,MATEMATIK,"$a$ pozitif ondalık sayı olmak üzere, $a+\frac{1}{5}$ işleminin sonucu pozitif bir tam sayıya eşit olduğuna göre, $a$'nın alabileceği en küçük değer aşağıdakilerden hangisidir?","$11,8$","$7,8$","$3,18$","$1,2$","$0,8$",E
cfc3512a-cf85-56d2-933a-9dd190d95dc0,MATEMATIK,"Bir ofiste çalışan 4 kadın ve 6 erkek işçinin her biri, temmuz veya ağustos aylarından birinde olmak üzere, bir aylık izin kullanacaktır. Bu ofisteki yönetici, bu aylardan her birinde tüm işçi çalışanlarının yarısı izinli olacak biçimde bir planlama yapmak istiyor.
Hem temmuz ayında hem de ağustos ayında ofiste en az bir kadın işçi bulunması gerektiğine göre, kaç farklı planlama yapılabilir?",240,250,260,270,280,D
c359170b-0597-5e64-b81e-8ada5634ae7a,MATEMATIK,"$x-y=-1$ ve $\frac{3}{x}-\frac{10}{y}=-2$ eşitlikleri veriliyor. Buna göre, $y$ değeri kaçtır?",3,2,1,-1,-2,B
e5b0d585-3c1a-51e4-b94f-85381e67fa6c,MATEMATIK,İşleminin sonucu kaçtır? $\frac{2}{14} \cdot \frac{36}{36}$,1,2,3,4,5,D
c9129580-98cc-5f99-89e6-b14f8793263c,TURKCE,"(I) Demir eksikliği anemisi, kanda yeterli sayıda alyuvar hüc- resinin bulunmaması durumudur. (II) Uzmanlar çocuklarda görülen demir eksikliğinin anne ve babalar tarafından dikka- te alınması gerektiğini söylüyor. (III) Demir eksikliği çocuk- ların zihinsel gelişimini olumsuz yönde etkiliyor. (IV) Bu ek- siklik, okul çağında da devam ederse zihin ve fiziki eksiklik ile çocuğun başarı düzeyi etkileniyor. (V) Doktorlar günde ya- rım litreden fazla süt içmenin demir eksikliğine neden oldu- ğunu söylüyor. (VI) Özellikle demir eksikliklerinin gelişmiş ül- kelerde yaygın hâle geldiği görülür.
Bu parçada numaralanmış cümlelerden hangisi kendin- den önceki yargının gerekçesi durumundadır?",II,III,IV,V,VI,B
ce2c6861-9cf5-5d1b-bf98-deb50aa4df75,EDEBIYAT,"----, Uygurlar Dönemi'nin en tanınmış masallarından biridir. Kan- su vilayetindeki Bin Buda mabedinde bulunan bu eserde, iyi yürekli bir şehzadenin bütün canlara yardım etmek ve canlıla- rın birbirini öldürmelerini engellemek amacıyla çok değerli bir mücevheri ele geçirmek için çıktığı maceralı yolculuk anlatılır.
Buna göre parçada boş bırakılan yere aşağıdakilerden han- gisi getirilmelidir?",Binbir Gece Masalları,Binbir Gündüz Masalları,Pancatantra,Kalyanamkara ve Papamkara,Kelile ve Dimne,D
eb6d4cd4-34d2-5c49-a7bb-deb71b407756,MATEMATIK,$[\frac{1}{1-\frac{1}{x^2}} \cdot \frac{x^3+1}{x^2-x}] : \frac{x^2-2x+1}{x^2}$ ifadesinin en sade hali aşağıdakilerden hangisidir?,-1,1,x,$x+1$,$x-1$,E
6e3682b9-70ca-5abb-8d8e-0facc060b6b3,KIMYA,"Su sertliğine neden olan $Ca^{+2}$ ve $Mg^{+2}$ iyonları, sudaki karbonat $(CO_3^{-2})$ iyonu ile birleşerek $CaCO_3$ ve $MgCO_3$ tortularını oluşturur. Günlük hayatımızda bu değişim ""kireçlenme"" olarak nitelendirilir.
Buna göre, kireçlenmeyi gidermek için aşağıda- ki çözeltilerden hangisinin kullanılması doğru olmaz?",Sirkeli su,Tuz ruhu,Şekerli su,Kezzap,Limon tuzunun sulu çözeltisi,C
fa15a46d-be0e-52c6-a478-9fd29aa4972b,MATEMATIK,"$A$ ve $B$ birer pozitif doğal sayıdır. $EKOK(A, B) = 60$ ve $A + B = 22$ olduğuna göre, $A \cdot B$ çarpımı kaçtır?",60,80,100,120,140,D
90e92c68-5236-508e-81ce-1f604aeb248c,MATEMATIK,"$f$ doğrusal fonksiyon olmak üzere, $f^{-1}(5) = 1$ ve $f(2) = 3$ eşitlikleri veriliyor. Buna göre, $f(0)$ değeri kaçtır?",-2,-3,3,5,7,B
ad4b6a2c-f509-5976-bde4-2f097bb2e85e,KIMYA,"$2NO_{2(g)} + Cl_{2(g)} \to 2NOCl_{(g)}$ tepkimesinde $NOCl$ gazının ortalama oluşma hızı $0,4 \frac{mol}{L \cdot dk}$'dır. Buna göre 30 saniyede harcanan $Cl_{2(g)}$ normal şartlar altında kaç litre hacim kaplar?","1,12","2,24","3,36","4,48","6,72",C
7d06ca89-5141-5fab-b33e-1c4eabfa86f5,BIYOLOJI,"Canlıların, vücutlarının dengeli ve düzenli çalışması için yaptıkları düzenlemelerin genel adı aşağıdakilerden hangisidir?",Fotosentez,Solunum,Üreme,Büyüme,Homeostazi,E
e2b80d59-6b28-5997-b253-d18aa570fa58,MATEMATIK,"Gerçek sayılar kümesi üzerinde tanımlı ve sürekli bir $f$ fonksiyonun grafiği 2 birim sağa doğru ötelendiğinde tek fonksiyon grafiği elde ediliyor. Buna göre, I. $\int_{-4}^{0} f(x) dx = 0$ II. $\int_{1}^{3} f(x) dx = 2 \int_{1}^{2} f(x) dx$ III. $\int_{2}^{3} f(x) dx = \int_{1}^{2} f(x) dx$ eşitliklerinden hangileri kesinlikle doğrudur?",Yalnız I,Yalnız II,I ve II,I ve III,"I, II ve III",C
1f98a97e-dd59-5f8d-993d-24985d2d2cf2,MATEMATIK,"Nüket hergün iş yerine arabasıyla gitmektedir. Nüket'in 1 depo yakıtı; sadece otobanı kullanırsa 15 gün, sadece şehir içini kullanırsa 10 gün yetmektedir. Buna göre, Nüket iş yerine gittiği günlerden otobanı kaç gün kullanırsa 1,5 depo yakıt 20 gün yeter?",5,"7,5",10,"12,5",15,E
b479bdae-8a90-533c-9753-2adb32c1b988,MATEMATIK,"$A = \{ \triangle, \square, \star \}$ kümesinde tanımlı $f$ fonksiyonu ve ters fonksiyonu $f^{-1}$ aşağıdaki gibi tanımlanmış- tır. $f = \{ (\triangle, \square), (\star, \triangle), (\square, \star) \}$ $f^{-1} = \{ (\star, \square), (\triangle, \star), (\square, \triangle) \}$ Buna göre, sırasıyla $a, b, c$ aşağıdakilerden hangisidir?","$ \triangle, \star, \square $","$ \star, \triangle, \square $","$ \triangle, \square, \star $","$ \star, \square, \triangle $","$ \square, \triangle, \star $",A
3856144e-888b-5ea5-bad0-58e12d269e9a,KIMYA,"Periyodik tablonun 2. periyodunda yer alan X, Y ve Z element atomları ile ilgili aşağıdaki bilgiler veriliyor.
- X, toprak alkali metalidir.
- Y, kalkojendir.
- Z, toprak metalidir.
Buna göre X, Y ve Z atomlarının değerlik elektron sayıları arasındaki ilişki aşağıdakilerden hangisinde doğru olarak verilmiştir?",$Y > X > Z$,$Y > Z > X$,$X > Y > Z$,$X > Z > Y$,$Z > X > Y$,A
de95ca8c-5423-56aa-be2b-b060a1e4b4bd,EDEBIYAT,"Aşağıdakilerden hangisinde yer alan mani örnekleri ayraçtaki açıklama ile uyuşmamaktadır?
A) Kahve yemenden gelir / Bülbül çimenden gelir / Ak topuz beyaz gerdan / Her gün hamamdan gelir (Düz mani örneği)
B) Mani benim ezberim / Kan ağlıyor gözlerim / Ben yârimin yolunu / Akşam sabah gözlerim (Deyiş mani örneği)
C) Yara sızlar / Ok değmiş yara sızlar / Yaralının hâlinden / Ne bilsin yarasızlar (Kesik mani örneği)
D) Ağlarım çağlar gibi / Derdim var dağlar gibi / Ciğerden yaralıyım / Gülerim çağlar gibi / Her gelen bir gül ister / Sahipsiz bağlar gibi (Yedekli mani örneği)
E) Ah o beni o beni / Kâkül örmüş o beni / Ben yârimi unutmam / Unutsa da o beni (Cinaslı mani örneği)",Kahve yemenden gelir / Bülbül çimenden gelir / Ak topuz beyaz gerdan / Her gün hamamdan gelir (Düz mani örneği),Mani benim ezberim / Kan ağlıyor gözlerim / Ben yârimin yolunu / Akşam sabah gözlerim (Deyiş mani örneği),Yara sızlar / Ok değmiş yara sızlar / Yaralının hâlinden / Ne bilsin yarasızlar (Kesik mani örneği),Ağlarım çağlar gibi / Derdim var dağlar gibi / Ciğerden yaralıyım / Gülerim çağlar gibi / Her gelen bir gül ister / Sahipsiz bağlar gibi (Yedekli mani örneği),Ah o beni o beni / Kâkül örmüş o beni / Ben yârimi unutmam / Unutsa da o beni (Cinaslı mani örneği),D
3d564796-7801-5227-95ec-678a5ae76218,MATEMATIK,"A bir gerçel sayı ve türevi $f'(x) = 4x + a$ olan $f(x)$ fonksiyonunun $A(1, 5)$ noktasında bir yerel minimumu olduğuna göre, $f(2)$ kaçtır?",2,4,6,8,10,D
5007b911-33ff-5384-ab50-6d40c1ee3eab,MATEMATIK,"$a - b = 2$ ve $b + c = 3$ olduğuna göre, $ab - bc + ac - b^2$ ifadesinin değeri kaçtır?",-12,-6,3,6,12,D
2308552a-4ff3-5c5d-91a5-b8f62f0c1864,MATEMATIK,$x^2-x+7=0$ denkleminin çözüm kümesi aşağıdakilerden hangisidir?,"$\{1-3i, 1+3i\}$","$\{1-3\sqrt{3}i, 1+3\sqrt{3}i\}$","$\{1-2i, 1+i\}$","$\{\frac{1-i\sqrt{11}}{2}, \frac{1+i\sqrt{11}}{2}\}$","$\{\frac{1-3\sqrt{3}i}{2}, \frac{1+3\sqrt{3}i}{2}\}$",D
3aafb08f-dd59-5f79-ad64-82a18c371f18,KIMYA,"1 litrelik kapta 8 mol $PCl_5$ gazının %75'i, $PCl_{5(g)} \rightleftharpoons PCl_{3(g)} + Cl_{2(g)}$ tepkimesine göre ayrışıyor. Buna göre, aynı sıcaklıkta denge sabiti $K_c$ kaçtır?",6,9,18,36,72,D
ae3d6f7d-6f90-508b-bf29-70f57a933bf6,MATEMATIK,"Terimleri birbirinden farklı ve ortak farkı $r$ olan bir $(a_n)$ aritmetik dizisi için
$a_1=\frac{r}{2}$
$a_3+a_5=a_2+a_6$
eşitlikleri veriliyor.
Buna göre, $a_n$'in alabileceği değerler toplamı kaçtır?",21,17,13,9,7,D
41db3723-5039-5993-a8bc-e36e8f9062c5,MATEMATIK,"Güç değerleri üzerlerinde yazılı olan iki şarj aleti şekilde gösterilmiştir. Şarj aletinin gücü arttıkça telefonu şarj etme süresi orantılı olarak kısalmaktadır. Boş olan telefon bataryası düşük güçteki şarj aletiyle 100 dakikada tam dolduğuna göre, boş telefon bataryası yüksek güçteki şarj aletiyle kaç dakikada tam dolar?",90,80,70,60,50,E
e499b99d-5be6-5bc2-8395-6783a4fd607f,MATEMATIK,"$(a_n)$ pozitif terimli bir geometrik dizi ve $k$ bir gerçel sayı olmak üzere, $a_1 = \frac{12m}{k}$, $a_2 = \frac{4n-7}{k}$ eşitliği veriliyor. Buna göre, $a_1 \cdot a_2 \cdot a_3 \cdot ... \cdot a_9$ çarpımı kaçtır?",$4^9$,$3^9$,$3^6$,$9^2$,$2^9$,A
e1fb6c9d-c695-5702-9ca7-c0ee90509e94,MATEMATIK,Şeker oranı %30 olan 120 litre şeker-su karışımının $\frac{1}{4}$'ü dökülüyor. Yerine dökülen miktarın iki katı kadar şeker ekleniyor. Son durumda oluşan karışımın şeker oranı % kaç olur?,58,56,52,50,48,B
a6bce9df-a531-5fce-82fc-d17bfb5d05c1,MATEMATIK,İşleminin sonucu kaçtır? $\frac{\sqrt[3]{(-8)^2}-\sqrt[4]{(-2)^4}}{\sqrt[3]{(-7)^3}-\sqrt{(-5)^2}}$,3,2,-1,-2,-3,C
4966bcea-0d14-5ca4-a301-b4c542808909,MATEMATIK,"Tuz oranı %46 olan 50 litre tuzlu su karışımına x litre tuz eklendiğinde tuz %50 olmaktadır. Buna göre, x kaçtır?",12,10,8,5,4,E
5e8f5ae8-99ab-5aa6-b927-9c90cc310eed,MATEMATIK,$\sqrt{2x+1} = |x-2|$ denkleminin kökler toplamı kaçtır?,6,5,4,3,2,A
1c858eab-4727-51fc-a31b-8ef6d5cb7739,MATEMATIK,"Bir konuşmacının konuşma esnasında mikrofona olan uzaklığı $x$ cm olmak üzere, konuşmacının dinleyici kitleye hoparlör aracılığıyla iletilen sesinin netlik düzeyi $N(x) = \frac{3x}{x^2+225}$ fonksiyonu ile hesaplanabiliyor. Buna göre, sesin netlik düzeyinin en yüksek olabilmesi için konuşmacının mikrofona olan uzaklığı kaç santimetre olmalıdır?",12,13,14,15,16,D
c841feff-3aa5-5300-8cce-b0c3be4bd5e0,KIMYA,"Dünyanın en genç profesörü olma unvanını kazanmış ve Nobel Kimya Ödülü'nü iki kez aday gösterilmiş ünlü bilim adamımız Oktay Sinanoğlu, canlılara biyolojik kimliğini veren DNA'ların şifresini çözerek, bilinmeyen türden canlılar üretmenin teorisini kurmuştur.

Buna göre, Oktay Sinanoğlu'nun DNA üzerine yaptığı çalışmalar kimyanın hangi disiplini ile ilgilidir?",Biyokimya,Analitik kimya,Anorganik kimya,Polimer kimyası,Fizikokimya,A
4fbf6a69-787b-5fe7-8025-aa3c29f9c004,MATEMATIK,"Bir pozitif tam sayı ile 2 katı arasında eşit sayıda çift ve tek sayı var ise bu pozitif tam sayıya adil sayı denir. Örneğin; 3 adil sayıdır çünkü 3 ile 6 arasındaki tam sayılar 4 ve 5 olup bu sayıların 1'i tek, 1'i çifttir. Buna göre, iki basamaklı kaç tane adil sayı vardır?",44,45,46,47,48,B
a729ecfa-d0f7-50be-8fcb-f8bc49c5562d,FIZIK,"Bir ucu duvara bağlı sarmal bir yay gerilerek, yayın diğer ucu yayı sıkıştıracak yönde ileri geri hareket tekrarlanıyor.
Bu şekilde elde edilen dalga,
I. Periyodiktir.
II. Boyuna dalgadır.
III. Mekaniktir.
yargılarından hangileri doğrudur?",Yalnız II,Yalnız III,I ve III,II ve III,"I, II ve III",E
6985cd29-f1e5-5072-9170-19041e5845f8,MATEMATIK,"$a$ ve $b$ birer tam sayı olmak üzere, $|a-b|<7$ ve $|b|<9$ eşitsizlikleri veriliyor. Buna göre, $a-b$ toplamının en küçük değeri kaçtır?",-23,-22,-21,-20,-19,C
98f05d8f-dc06-5a3c-b049-e99aaa6fa738,MATEMATIK,"$P(x)$ bir polinom olmak üzere, $2x \cdot P(x) + 3x - 2 = 10x^2 - x - 2$ olduğuna göre, $P(x)$ polinomu aşağıdakilerden hangisidir?",$3x - 2$,$5x + 1$,$5x - 2$,$5x - 10$,$5x - 41$,C
afcf5836-22a0-5ff6-87cb-7d6dc4f937d4,MATEMATIK,"Faruk Öğretmen, 14 öğrencisine hediye etmek üzere 33 adet kalem alıyor. Bu kalemleri bazı öğrencilerine 2'şer kalem bazı öğrencilerine 3'er kalem düşecek şekilde tamamını dağıtıyor. Buna göre, 2 kalem alan öğrenci sayısı kaçtır?",6,7,8,9,10,D
8c79fe2e-447e-5295-a3fa-76ab6f187212,MATEMATIK,"a, b ve c birbirinden farklı reel sayılar olmak üzere, $g(f(x)) = b$, $f(x) = 0$, $c(x) < 0$ biçiminde bir g fonksiyonu tanımlanıyor. Buna göre, I. $\lim_{x \to a} g(x-2)$ limiti yoktur. II. $\lim_{x \to b} g(x^2-x) = a$. III. $\lim_{x \to 0} \frac{g(x^2-x)}{x-a} = a$. ifadelerinden hangileri daima doğrudur?",Yalnız I,Yalnız II,Yalnız III,I ve II,II ve III,A
488b85aa-0bb1-50e5-bb43-02105f50e7f0,MATEMATIK,"Uygun koşullarda tanımlı $f$ ve $g$ fonksiyonları $(f \circ g)(x)=x-4$ ve $g^{-1}(x)=1-x$ biçimindedir. Buna göre, $f(4)$ kaçtır?",-4,5,-5,7,-7,E
0cd3fb1d-dc6c-5f82-bff5-bf382a3de435,MATEMATIK,"Hakan ile kardeşi bayramda topladıkları çikolataları aşağıdaki biçimde paylaşmıştır:
• Hakan önce kardeşine 1 tane çikolata verdikten sonra 2 tane çikolatayı kendisi alıyor.
• Hakan aynı paylaşımı sıra ile yapmaya devam ettiğinde son çikolatayı kendisi alıyor.
Bu paylaşımın sonunda Hakan'ın aldığı çikolata sayısının kardeşinin aldığı çikolata sayısına oranı $\frac{7}{4}$ olduğuna göre, iki kardeş bayramda toplam kaç çikolata toplamıştır?",11,22,33,44,55,C
ca2644dd-1b7d-5668-9c8c-6d2e139d1bca,EDEBIYAT,Aşağıdakilerden hangisi sade bir dil ve hece ölçüsüyle yazan şairlerden biri değildir?,Faruk Nafiz Çamlıbel,Mehmet Akif Ersoy,Mehmet Emin Yurdakul,Halide Nusret Zorlutuna,Ziya Gökalp,B
e2936d95-fa4d-5ca3-965f-c95a9e7d76e0,MATEMATIK,"Gerçek sayılarda tanımlı ve türevli $y=f(x)$ fonksiyonu için $\lim_{h \to 0} \frac{f(1+h)-f(1)+x+h-f(1)}{h}$ olduğuna göre, $f'(1)$ değeri kaçtır?",1,2,3,4,5,B
0871f19e-eea7-5937-b6e3-3ca5bf3fa045,TARIH,"İran Rehine Krizi, 4 Kasım 1979'da Tahran'daki öğrencilerin ABD Büyükelçiliğini işgal etmesi ve 90 elçilik görevlisini rehin almasıyla başlamış ve 444 gün sonra elçilikte rehin tutulan 52 kişinin salıverilmesi ile sona ermiştir. Bu olay esnasında ABD, bir uçak ve helikopterin kurtarma operasyonu girişiminde bulunmuş ancak başarısız olmuştur. Tüm bu yaşananlar ABD Başkanı Carter'ın başkanlık seçimlerini kaybetmesinde etkili olmuştur.
Bu bilgilere göre İran Rehine Krizi'nin ABD üzerindeki etkileri ile ilgili,
I. Dış politikadaki gelişmeler iç politikadaki olayları etkilemiştir.
II. Soğuk Savaş politikalarında köklü değişimlere neden olmuştur.
III. Uluslararası prestij kaybı yaşanmıştır.
yargılarından hangilerine ulaşılabilir?",Yalnız I,Yalnız II,I ve III,II ve III,"I, II ve III",C
76c48ad6-a921-560f-a898-da25e835d11c,MATEMATIK,$\frac{1-\operatorname{cosec} x}{\cot x} + \frac{\cot x}{1-\operatorname{cosec} x}$ ifadesi aşağıdakilerden hangisine eşittir?,$2\sec x$,$2\operatorname{cosec} x$,$-\sec x$,$-2\operatorname{cosec} x$,$-2\sec x$,D
b6c64332-f69d-5783-9192-881900091b6c,KIMYA,"$X^{2-}$ iyonunun elektron dağılımı $3p^6$ ile bitmektedir.
Buna göre X elementinin atom numarası kaçtır?",12,14,16,18,20,C
2cc71469-4048-5720-b761-1f7420d1f2e0,MATEMATIK,"a ve b gerçel sayılar olmak üzere gerçel sayılar kümesi üzerinde $f(x) = \begin{cases} x^2-ax+6 & , x \le a \\ -2x+a & , a < x < b \\ 11-2x & , x \ge b \end{cases}$ biçiminde tanımlanan $f$ fonksiyonunun, tanım kümesi üzerinde sürekli olduğu biliniyor. Buna göre a-b çarpımı kaçtır?",4,6,8,10,12,D
761aff4f-54de-5fd9-b5f1-033da18fbe9b,MATEMATIK,"Bir $x$ doğal sayısı $60$ ile bölündüğünde bölüm $24$ ve kalan $15$'tir. Buna göre, $x$ dakikalık açı aşağıdakilerden hangisine eşittir?",$24^	ext{o} 15'$,$15^	ext{o} 24'$,$15^	ext{o} 15'$,$24^	ext{o} 15''$,$15^	ext{o} 24''$,A
c5c585ae-51c3-5dda-a765-7d9ac0a099a0,TARIH,Osmanlı Devleti'nin Timur ile yaptığı Ankara Savaşı'nı kaybetmesinde aşağıdakilerden hangisi etkili olmamıştır?,Timur'un asker sayısının fazla olması,Karatatarlar'ın Osmanlı ordusundan ayrılmaları,Anadolu Türk beyliklerinden bazılarının Timur'un tarafına geçmesi,Timur'un ordusunda fillorin ve zırhlı süvarilerin bulunması,Kara Yusuf ve Ahmet Celayir'in Timur'un saflarına katılması,E
debbb7bf-97f9-5bce-928f-fd18e0b09f46,TURKCE,"En olayları anlatan bir yazar değilim. Durumları anlatırım. Çok daha zordur. Olayı anlatmak kolaydır ama durumları anlatmak zordur çünkü durumu öyle kuracaksınız ki o durumun içindeki dinamizmi de vereceksiniz. Olay zaten bir devinimdir. Olur. Öbürü daha farklıdır ve ben onu seçtim, devamlı onu anlatmak istedim. Benim çalışma biçimim de şu: Ben günlerce hiçbir şey yazmayabilirim. Hatta bir sene, iki sene fakat o zamanlar yazmadığım hep kafamda olay kendi içinde yüzünü bulur. Hareketini, yerini bulur. Biçim değiştirir. Ben oturduğum zaman da bitiririm. Ben yoğun çalışan bir yazarım. O benim dönem için öyle yaşanır. Mesela her gün yazmak için masasına oturan insanlar var. Ben onları gerçekten takdir ederim.

Bu parçanın yazarıyla ilgili aşağıdakilerden hangisi söylenemez?",Durum yazarı olmanın daha zor olduğunu bilmektedir.,Durumun içerisindeki devinimi vermenin zor olduğunu düşünmektedir.,Yazmama döneminde hep kafasında bir karakterin hayat bulmaya çalıştığını açıklamaktadır.,Her gün düzenli olarak çalışanlara saygı duymaktadır.,Her eserinde özgün olmaya çalışmaktadır.,C
d22cf3fc-89f4-53ee-b2e6-5582c8665483,TURKCE,"(I) Kâğıt darlığı, kâğıt zammı, ölü mevsim denir. (II) Yayınevlerinin ""güç"" durumda kaldığı, kimi gazetelerin batacak hâle geldiği söylentileri yayılır. (III) Dağıtımcılar, kitapçılarla dergilerin artık hiç satmadığından, bu bunalımın öncekilere benzemeyen boyutlara vardığından yakınırlar hep... (IV) Yine de eylül geldi mi piyasa canlanır, yakınmalar ikinci plana asılır. (V) ""İşin içinde"" olanlar bile akıl erdiremezler ama ne olursa olur ve yeni dergiler yine birbirini izlemeye başlar. (VI) Yazarlar her zaman taze, ön yargısız bir edebiyat beğenisiyle yönlendirilecek, her ""tanınmış imza""ya sayfalarını açmaya hazır bir dergi çıkarmayı düşünür; bu dergide sizin de yer almanızı istediklerini, belirtirler.

Bu parça iki paragrafa ayrılmak istense ikinci paragraf numaralanmış cümlelerin hangisiyle başlar?",II,III,IV,V,VI,E
de2d80ab-6897-57a1-bc3c-75908e8c7399,FIZIK,"Compton olayında;
I. Çizgisel momentum korunur.
II. Açısal momentum korunur.
III. Enerji korunur.
yargılarından hangileri doğrudur?",Yalnız I,Yalnız II,Yalnız III,I ve III,"I, II ve III",D
0fd65b66-db47-59d8-8c4e-f5496ba47341,MATEMATIK,"$0 < x < \frac{\pi}{2}$ olmak üzere, $\frac{1}{\sin x} - \frac{1}{\cos x} = \text{cosec}(2x)$ eşitliği sağlanmaktadır. Buna göre, $\sin(2x)$ değeri kaçtır?",$\frac{1}{3}$,$\frac{2}{3}$,$\frac{1}{2}$,$\frac{3}{4}$,$\frac{5}{6}$,B
9d2950c6-b503-55f6-b18c-2463b170859e,MATEMATIK,$2^{2x-1} = 4^{2x-1} - 4^{2x-1}$ Yukarıda verilen eşitliğe göre $x$ değeri kaçtır?,$\frac{1}{3}$,$\frac{3}{2}$,$\frac{2}{3}$,$\frac{5}{2}$,$\frac{4}{3}$,C
ef9ccead-d618-5904-b56f-e255c6fa86b9,COGRAFYA,"Bir grup bilim insanı; küresel iklim değişikliğinin Grönland, Kanada ve Alaska'da deniz seviyesi, buzullar ve canlı yaşamı üzerindeki etkileriyle ilgili araştırma yapmıştır. Çalışma sonunda doğadaki değişimleri saptayarak çalışma alanının haritasını en az hatayla çizmek istemişlerdir.
Bu çalışmada çizilecek harita için;
I. konik,
II. düzlem,
III. silindirik
projeksiyonlarından hangileri tercih edilmelidir?",Yalnız I,Yalnız II,I ve II,I ve III,II ve III,A
a1a3df06-b2b3-5cdd-b125-14735a095e55,FIZIK,"Bir tamirci, servise gittiği evde prizle çalışırken elektrik çarpılmasına uğramamak için bazı güvenlik önlemleri almalıdır.
Buna göre;
I. prizi tuzlu suyla silme,
II. ayakta çalışırken yalıtkan tabanlı ayakkabı giyme,
III. prizdeki topraklama hattını iptal ederek cihaz bağlantılarını yapma
işlemlerinden hangileri bu tür bir güvenlik önlemine yönelik doğru bir uygulamadır?",Yalnız I,Yalnız II,I ve II,II ve III,"I, II ve III",B
2b6bf943-2845-5076-b6c3-c499d7b08721,KIMYA,"$A_{(g)} \rightleftharpoons B_{(g)} + 2C_{(g)}$
$K_c = 12$
Tepkimesinin ileri yöndeki sabiti ($k_i$) 24 ise geri yöndeki tepkimenin hız sabiti ($k_g$) kaçtır?",$\frac{1}{4}$,$\frac{1}{2}$,2,12,48,C
7eec94b4-31b4-5fcb-8beb-63e4593db3a2,MATEMATIK,"$P(x)$ sabit bir polinomdur. $4P(3x+1)-7P(x-1)=6$ olduğuna göre, $P^3(-20)$ kaçtır?",-27,-8,0,1,8,B
27fd38a7-e00d-5a86-ae4d-6e4f1f502ee7,MATEMATIK,"$P(x) = ax^2 + bx + c$ polinomu $3x-2$ ile bölündüğünde bölüm $x+2$ ve kalan $-1$ olmaktadır. Buna göre, $a-b-c$ çarpımı kaçtır?",-60,-54,-40,-36,-24,B
412efd6b-d53b-5eb8-97b7-b6c272783a97,MATEMATIK,"$\{a_n\} = \left( (-1)^{n-1} \cdot (a-2) + n^2(b+1) + \frac{20-b}{n+2} \right)$ olmak üzere, $\{a_n\}$ dizisi sabit dizi olduğuna göre, $a_{2023}$ kaçtır?",1,2,3,4,5,E
32296cd5-dc55-55a0-b1e6-2d0ddf55a40c,GEOMETRI,"Merkezi $P$ noktası olan dönme dolabın denklemi $(x-10)^2+(y-13)^2=100$ dür.
$A$ noktasında bulunan Zehra, dönme dolap saat yönünde $120^\circ$ dönme hareketi yaptığında şekildeki gibi $A'$ konumuna gelir.
Buna göre, son durumda $A'$ noktasının yerden yüksekliği kaç birimdir?",15,16,17,18,19,D
c7fd503b-eb48-5b5b-8c61-b1da48e612a7,MATEMATIK,"Pozitif $a, b$ ve $c$ gerçek sayıları için, $a < b < c$ olduğu biliniyor. $\frac{1}{a} \frac{1}{b} \frac{1}{c}$ Buna göre, I. $c$'nin alabileceği en küçük tam sayı değeri $19$ dur. II. $a$'nın alabileceği en büyük tam sayı değeri $17$ dir. III. $b$'nin değeri $18$ dir. yargılarından hangileri her zaman doğrudur?",Yalnız I,Yalnız II,I ve II,I ve III,"I, II ve III",C
4401ccf8-7593-5b0c-b438-7d5fc28bc054,MATEMATIK,"Toplam 94 adet avize bulunan bir mağazaya verilen sipariş ve gelen ürün sevkiyat sayıları aşağıda verilmiştir. Mağaza, siparişleri göndermiş ve gelen sevkiyatları dükkânına yerleştirmiştir. Buna göre son durumda mağazada bulunan toplam avize sayısı kaçtır?",117,112,108,101,98,E
8622b9e0-daa9-5cbf-947f-ce327554bcd2,MATEMATIK,"$\sin(x-y) = 3\cos x \sin y$ ve $\tan x = 6$ olduğuna göre, $\tan y$ kaçtır?",$\frac{3}{2}$,1,$\frac{1}{2}$,2,$\frac{2}{3}$,A
7aaabdf5-2920-5db0-b39b-a7e457392cad,MATEMATIK,"Doğal sayılar kümesinde tanımlı bir $f$ fonksiyonu $f(x) = \begin{cases} 2x+1 & , x < 5 \\ f(x-5) & , 5 \le x \end{cases}$ biçiminde tanımlanıyor. Buna göre, $f(2023)$ değeri kaçtır?",1,3,5,7,9,E
e531f156-66c5-5345-83d9-a1fd3fb539bf,FIZIK,"Gerilimi sabit bir üretece bağlı akkor telli K, L, M ve N lambaları ışık vermekteyken K lambasının teli koptuğunda diğer üç lamba ışık vermeye devam ederken L lambasının teli koptuğunda ise yalnız M lambası sönüyor. Buna göre, lambalar ile ilgili; I. K ve N lambaları birbirine paralel bağlanmıştır. II. L ve M lambaları birbirine seri bağlanmıştır. III. K ve M lambaları birbirine seri bağlanmıştır. yargılarından hangileri doğru olabilir?",Yalnız I,Yalnız II,I ve II,I ve III,"I, II ve III",C
680a7693-c7b6-52ca-bbd4-0d1ecd11adff,TARIH,"Türkler, I. Kök Türk Devleti'nin yıkılışından sonra 50 yılı aşkın bir süre Çin esaretinde yaşamak zorunda kalmış, bu süre içerisinde tekrar bağımsızlıklarını kazanmak için birçok kez ayaklanmışlardır. Bu ayaklanmalar, Çinliler tarafından kanlı bir biçimde bastırılmıştır. Bu ayaklanmaların biri de Çin sarayını basarak imparatoru ele geçirmek amacıyla yapılan Kürşad Ayaklanması'dır. Bu bilgiye bakılarak Türkler için aşağıdakilerden hangisi söylenebilir?",Orta Asya'da yayılmacı bir politika izledikleri,Çin egemenliğinde asimile oldukları,Özgürlükleri için mücadele ettikleri,Merkezi otoritesi güçlü devletler kurdukları,Kültürel ve askerî alanda Çin'i etkiledikleri,C
9f7c409a-0dd2-5914-8d75-772910040e40,MATEMATIK,"Gerçek sayılar kümesi üzerinde tanımlı bir $f$ fonksiyonu için
• $\lim_{x \to 1} f(x) = 1$
• $\lim_{x \to 2} f(x) = 2$
olup
olupolduğuna göre, $\lim_{x \to 2} \frac{f(2x-1) + f(5-x)}{f(x^2-1) + f(x^3-1)}$ limitinin değeri kaçtır?",$\frac{3}{2}$,$\frac{1}{2}$,1,3,4,C
ff7901bf-fe9f-5642-b116-4cf2f058f500,TURKCE,"Su kaynaklarına yönelik talepler arttıkça suyun değerine dair bir kamuoyu da kendiliğinden oluşmuştur. Bu da su kaynaklarıyla ilgili tüm faaliyetlerin gözden geçirilmesi ve iyileştirilmesine yönelik yaklaşımların önem kazanmasını sağlamıştır. Bugün pek çok ülkede su kıtlığı yaşanmaktadır. Bu kıtlığın nedeni doğal koşullardan kaynaklanmakla beraber bir neden de su kullanımının artması ve suyun kirlenmesidir. Bu bakımdan ülkemizde, düzensiz bir akış rejimine sahip olan nehirlerimizde, inşa edilecek barajlarla sulamada suyun kontrollü bir şekilde kullanılması, tarımsal üretimin artırılması bakımından büyük önem taşımaktadır. Bu parçada aşağıdakilerin hangisinden söz edilmemiştir?",Baraj yapımının tarımsal üretim üzerinde etkili olduğundan,Su kaynaklarının kullanımında insanların duyarlı davrandıklarından,Günümüzde dünyanın pek çok yerinde su kıtlığı yaşandığından,Su kıtlığının ülkeler arasında farklı sıkıntılara neden olduğundan,"Ülkemizde, nehirlerin düzensiz akışının barajlarla kontrol altına alınması gerektiğinden",D
5ebf6b44-78ff-55f7-a14b-8862f8425765,MATEMATIK,"$a_n$ dizisinde

$n>1$ için $a_n = a_{n-1} + n$ ve $a_1 = 1$

olduğuna göre, $a_n$ aşağıdakilerden hangisidir?",$\frac{n^2-2}{2}$,$\frac{n^2+n}{2}$,$n^2-n$,$n^2+n-1$,$n^2-n+1$,B
2aeeb7e3-e383-539b-9dff-1669100cbf7e,TURKCE,Aşağıdaki seçeneklerde verilen dizelerin hangisinde çekimli fiil yoktur?,"Deniz engin bir sudur, tuzlu, yeşil, dalgalı
Kenarlarını süsler bazen küçük bir yalı","Bu güler yüzlü adam ben değilim
Yalandır kaygısız olduğum yalan","Bir cümbüştür kopsa da gece yakamozlarda
Münzevi balıklarınız aynı kavanozlarda","Şakaklarıma kar mı yağdı ne var
Benim mi Allah'ım bu çizgili yüz","Bir göz gibi süzüyor beni camdan gece
Dönüyor etrafımda bir sürü kömür cüce",A
1c60a93f-49f7-5c95-8b34-6845a236fcdb,MATEMATIK,Gerçel sayılarda tanımlı $f$ fonksiyonunun $f(x) = |x-5| - |x-7|$ fonksiyonunun görüntü kümesi aşağıdakilerden hangisidir?,"$[2, 7]$","$[5, 7]$","$[2, 5]$","$[0, 12]$","$[-2, 2]$",E
91c8ede7-6385-5d52-98ef-a1abc612e8c3,MATEMATIK,$\frac{x}{3} + \frac{x}{4} - \frac{x}{6} = \frac{5}{12}$ denkleminin çözüm kümesi aşağıdakilerden hangisidir?,$\{5\}$,$\{2\}$,$\{1\}$,$\{-1\}$,$\{-5\}$,C
4cfcbbba-fcdc-5982-b39c-648976fe6dbc,MATEMATIK,İki basamaklı ardışık üç çift doğal sayının toplamının alabileceği kaç farklı değer vardır?,41,42,43,44,45,C
56fe3f28-6f7f-54c6-900f-3c9045c32962,MATEMATIK,"a ve b doğal sayılardır. $2a - 3b = 24$ olduğuna göre, I. Eşitliği sağlayan 5 farklı (a,b) sıralı ikilisi vardır. II. a.b çarpımının en büyük değeri 24 tür. III. a + b toplamının en büyük değeri 11 dir. yargılarından hangileri doğrudur?",Yalnız I,Yalnız II,I ve II,I ve III,"I, II ve III",A
c9cc2a9a-df80-5fc7-8094-3b6237a8750e,MATEMATIK,"$f(x) = x^3 - 1$ ve $g(2x - 3) = 11 - 3x$ olduğuna göre, $(fog)(2)$ kaçtır?",-126,-65,-28,-9,-1,B
f4f3392d-9235-5805-a48d-7b44b3f050aa,TURKCE,"Üretilmiş gerçekliğin normlarına uygun hareket ederek düşünme yetisini sivritme uğraşısına dalan entelektüel kişiliğin alanı zamanla birlikte daralmıştır. Bununla birlikte yaşam koşulları da entelektüel veya entelektüel olmaya aday dimağı bu arzusundan, emeğinden basit şekilde vazgeçirebilmektedir. Unutmamak gerek ki özgünlüğü yakalayamayanların entelektüel olabilme aşamasında yolları daha çetin ve çoğunlukla istikametlerinden sapmaktadırlar. Hayalleri liberalizmin kavramları tarafından kurulan enstrümanlarca esir alınabilmektedirler. Üreticileriyle karnını doyuramayan yazma sevdalısı da bir yere kadar mücadele edebilmekte, beyaz bayrağı öfkeli bir onurla dalgalandırabilmektedir. Eski filozofları incelediğimizde ya halk ya da devlet tarafından finanse edildikleri anlaşılmaktadır. Yaşam mücadelesi bir yana, düşünsel aktivitelerin dahi günümüzde bölümlere ayrıldığını, bir ticari faaliyet gibi ele alındığını kim inkâr edebilir.
Bu parça iki paragrafa ayrılmak istense ikinci paragrafın ilk cümlesi aşağıdakilerden hangisi olur?","Bununla birlikte yaşam koşulları da entelektüel veya entelektüel olmaya aday dimağı bu arzusundan, emeğinden basit şekilde vazgeçirebilmektedir.",Unutmamak gerek ki özgünlüğü yakalayamayanların entelektüel olabilme yolları daha çetin ve çoğunlukla istikametlerinden sapmaktadırlar.,Hayalleri liberalizmin kavramları tarafından kurulan enstrümanlarca esir alınabilmektedirler.,"Üreticileriyle karnını doyuramayan yazma sevdalısı da bir yere kadar mücadele edebilmekte, beyaz bayrağı öfkeli bir onurla dalgalandırabilmektedir.",Eski filozofları incelediğimizde ya halk ya da devlet tarafından finanse edildikleri anlaşılmaktadır.,B
13679696-dd59-5897-a9b1-5f9928552051,MATEMATIK,"$\log_2 (\log_4 x) = k$ olduğuna göre, $\log_4 (\log_2 x)$ ifadesinin $k$ türünden değeri aşağıdakilerden hangisidir?",$k$,$k+1$,$\frac{k+1}{2}$,$2k$,$\frac{k+2}{2}$,C
f39969d4-c75e-5aff-a8f6-c2812baca746,MATEMATIK,$x^8+4$ ifadesinin çarpanlarına ayrılmış hali aşağıdakilerden hangisidir?,$(x^4-2)^2$,$(x^4+2)^2$,$(x^4-2x^2+2)(x^4+2x^2+2)$,$(x^4-2x^2+2)(x^4+2x^2-2)$,$(x^4-2)(x^4+2)$,D
a1ebc09d-a5e5-5219-a3c2-bc1f261da49b,MATEMATIK,"Muhsin Öğretmen matematik dersinde yazdığı özdeşlikten sonra öğrencilerine bir soru sormuştur.

İki Kare Farkı
$a^2 - b^2 = (a-b) \cdot (a+b)$

SORU
$x=2$ olmak üzere,
$\frac{x^4 - 4}{x^2 - 2}$ ifadesinin en sade halini bulunuz.

Buna göre, bu sorunun doğru cevabı aşağıdakilerden hangisidir?",$x+2$,$x-2$,$x-4$,$x+4$,$x^2-2$,A
3358c349-1d25-53c8-85bf-0e054aab22dc,MATEMATIK,$\cos 71^\circ \cdot \cos 11^\circ + \sin 71^\circ \cdot \sin 11^\circ$ ifadesinin eşiti aşağıdakilerden hangisidir?,$\frac{1}{2}$,$\frac{\sqrt{3}}{2}$,1,0,$\frac{1}{\sqrt{2}}$,A
f1b73dd6-219a-55a7-8b29-4d6e2c265adc,EDEBIYAT,"Cihando yok iken asla günhım
Bir bîtt ü ihsana uğradım geldim
Bir kandil içinde dururken ruhum
Cennetü'l-me'vâya uğradım geldim
Bu dörtlükle ilgili aşağıdakilerden hangisi söylenemez?",Yarım kafiye kullanılmıştır.,Karacaoğlan'ın şiir özelliklerini yansıtmaz.,Güzelleme türünde yazılmıştır.,Divan şiirinin etkisi görülür.,Gevheri şiirini örnekler.,C
371368e4-9983-5e2e-b804-eda02a289538,KIMYA,"$C_xH_y$ genel formülüne uyan bir bileşiğin 0,1 molü yeterince $O_2$ gazı ile yakıldığında toplam 20,4 gram ürün elde ediliyor.
Buna göre, bu bileşiğin formülü aşağıdakilerden hangisinde doğru verilmiştir? (H:1, C:12, O:16)",$CH_4$,$C_2H_6$,$C_2H_4$,$C_3H_8$,$C_3H_6$,B
ad37505a-bac3-544b-8cae-dbaa1d633378,MATEMATIK,$(x^2 - 3x)^2 - 2(x^2 - 3x) - 8 = 0$ denkleminin çözüm kümesi aşağıdakilerden hangisidir?,"$\{-2, -1, 1, 2\}$","$\{-2, -1, 1, 4\}$","$\{-4, -1, 1, 4\}$",$\{\emptyset\}$,"$\{-1, 1, 2, 4\}$",B
031cb591-1891-5e46-8148-a6420d04ce81,TURKCE,"Bir çiçeğe ait tohumlar, farklı içeriklere sahip toprak türlerinde yetiştirilmiş ve yeni filizlerin yetiştikleri yöreye göre çeşitlendikleri görülmüştür. Halk anlatıları da böyledir. Bir anlatı kültürden kültüre gezdikçe çeşitlenir, değişir. Bir kültürde efsane olarak yaşayan anlatı, başka bir kültürün masal repertuvarından veya bir başkasının mitolojik metinlerinden olabilir. Bu nedenle halk anlatılarını sınıflandırırken sabit unsurlar olarak düşünmememiz gereken tohumlar kadar bunların yetiştiği iklimin anlatılarda yarattığı dönüşümler de önemsenmelidir.

Bu parçaya göre halk anlatılarıyla ilgili aşağıdakilerden hangisi söylenebilir?",Farklı kültürel ortamlarda kimliğinden bağımsız yorumlanır.,Altı olduğu metin türüne göre içeriğinde değişimler meydana gelir.,Anlatıcıların kendi deneyimleriyle zenginleşir.,Var olduğu kültüre göre şekillenerek değişiklik gösterir.,Kaynaklarını mitolojik metinler oluşturur.,D
b553e134-8c55-5465-b6a0-bd709d0311eb,MATEMATIK,"İki basamaklı A doğal sayısının pozitif tam sayı bölenlerinin sayısı 4'tür.
A sayısının alabileceği en büyük değer $x$'tir.
A sayısının alabileceği en küçük değer $y$'dir.
Buna göre, $x-y$ farkı kaçtır?",77,79,81,83,85,E
0cf67f03-4be2-5181-9b00-cf20cefdd195,MATEMATIK,"$P(x) = 3x^2 - \frac{2x^3}{3} - 3x + 3$
$Q(x) = 37$
$R(x) = -5x^2 - 7x + \sqrt{2x} + 11$
$S(x) = 17x^3 - 5x^2 + \frac{3}{x} - 2$
Yukarıdaki ifadelerden kaç tanesi bir polinom belirtir?",0,1,2,3,4,B
0bd46274-6574-51ab-b522-e2a43e46e701,MATEMATIK,$x^2-7x+12=0$ ve $x^2-3x-4=0$ denklemlerinin gerçek sayılardaki çözüm kümeleri aşağıdakilerden hangisidir?,{3},{4},"{3, 4}",{-1},"{-1, 3}",B
1dc628f7-d2ce-586d-83ec-9980d067c49f,MATEMATIK,"$A$ ile $B$ doğal sayılarının $1$ sayısından başka ortak böleni yoktur. $EKOK(A, B) - EBOB(A, B) = 142$ olduğuna göre, $A + B$ toplamı kaçtır?",22,24,26,28,30,E
00fb2a19-1f99-551a-9ec5-220040819255,TURKCE,"(I) Bir toplumun dilinin, o toplumun dünya görüşünden ayrılamayacağı su götürmez bir gerçektir. (II) Toplumun dünya görüşü, dilin gelişiminde etkilidir. (III) Toplumlardaki kültürel değişiklikleri inceleyen insan bilimciler bu bağlantıyı uzun uzun araştırmışlardır. (IV) Nitekim Eskimo sözcükleri üzerinde yapılan bir araştırmada savaşla ilgili tek bir sözcüğe rastlanmazken karın ve buzun envai çeşidiyle ilgili kelimelere rastlanmıştır. (V) Buradan şöyle bir yargıya varmışlar: ""Eskimolar, savaşçı bir toplum değildir.""
Bu parçadaki numaralanmış cümlelerin hangisinden sonra düşüncenin akışına göre ""Dünya görüşünün belirlenmesinde dil bir etkendir."" cümlesi getirilebilir?",I,II,III,IV,V,B
022293e1-d35b-5ce1-81f1-8e0892294ea6,EDEBIYAT,"Mizah dergileri, basit bir eğlencelik ya da basmakalıp bir düşünce sahası olmanın ötesinde, nitelikli olsun ya da ol- masın, birer kültür üretim ve dağıtım araçlarıdır. Karikatür- ler üzerinden verilen mesajlar da gündelik yaşamın yalnız- ca sıradan bir yansıması değil, kamuoyu oluşturulabilen ideolojik kurgu sahalarıdır. Mizah dergileri çatışmalı ilişki ve olaylardan sızan bir nevi gayri resmi not defteridir.
Teodor Kasap'ın kurduğu Diyojen'le başlayan Osmanlı'da mizah yayıncılığı, bugüne ulaşan özgürlük ve sansür ikileminin de başladığı noktayı ifade etmektedir. 183 sayıya ulaşmış olan ve yayın hayatı boyunca üç kez kapatılan Di- yojen dergisi, ilk sayısından itibaren kendisini var eden Ba- tı tarzı mizah kültürüne uyan politik bir misyona sahip oldu- ğunu hiçbir zaman gizlememiştir.
Bu iki parçayla ilgili olarak aşağıdakilerden hangisi söylenebilir?",Farklı görüşlerin aslında birbirini desteklediği gösterilmek- tedir.,İki farklı konuya ilişkin ortak bir görüş olduğu vurgulanmak- tadır.,Aynı olguyu farklı yönleriyle değerlendirip ele almaktadırlar.,Aynı düşünce farklı biçimde ve örneklerle tekrar edilmektedir.,Farklı üsluplar kullansalar da konuyu benzer nedenlerle açık- lamaktadırlar.,C
c9dc9cf6-cdaa-56db-8a89-fa0a87260789,TURKCE,"Sonbahar geldi; takvimin değil içinde yaşadığımız, ruhumuzla bir parçası olduğumuz şehrin ve manzaranın sonbaharı... Havada da üzüntüye, bir nevi bekleyişe benzeyen bir hâl, güneş de çok belirsiz, hafif bir akik rengi var. Ağaçlar bu değişmiş aydınlıkta daha başka şekilde ve daha çok renkli görünüyor. Saatler büsbütün başka bir lezzet kazandı. Bu parçada numaralanmış 'da, de'lerin hangisinde yazım yanlışı yapılmıştır?",I,II,III,IV,V,C
8f553812-cbbc-59d4-aaf4-91a790a5b60c,MATEMATIK,"$x$ gerçek sayısı için $\frac{\sqrt{x+2}}{\sqrt{x-2}}=\sqrt{x-2}$ olduğuna göre, $x$ kaçtır?",3,4,5,6,7,D
0e4ecd99-9df6-551d-aecb-33e43f9bf626,MATEMATIK,"Belirli sayıda koltuğun bulunduğu bir konser salonunda, başlangıçta bazı koltukların boş olduğu ve ayakta duran seyirci sayısının koltuklarda oturan seyirci sayısının 2 katı olduğu biliniyor. Ayakta duran seyircilerden 30'u boş koltuklara oturursa salondaki tüm koltukların $\frac{4}{5}$'ü dolu oluyor. Bunun yerine koltukta oturan seyircilerden 60'ı ayağa kalkarsa salondaki tüm koltukların $\frac{2}{5}$'si boş oluyor.
Buna göre başlangıçta ayakta duran seyirci sayısı kaçtır?",360,390,420,450,480,A
5217666d-4884-5899-b231-5dbe7bce8c96,MATEMATIK,"Bir ilacın ham maddesi en az $-1^{\circ}C$, en çok $1^{\circ}C$ ısısı olan bir ortamda saklanacaktır. Bunun için $t$. saniyedeki ısı değeri $f(t) = \cos t$ olan özel bir kabin tasarlanmıştır. Örneğin, bu kabinin $t = \frac{\pi}{3}$ saniyedeki ısısı $f\left(\frac{\pi}{3}\right) = \cos \frac{\pi}{3} = \frac{1}{2}^{\circ}C$ dir. Buna göre bu kabinin, I. $t = 2$. saniyedeki II. $t = \left|\arccos \left(-\frac{1}{3}\right)\right|$. saniyedeki III. $t = \left|\arcsin \left(-\frac{1}{4}\right)\right|$. saniyedeki ısı değerlerinden hangileri rafının altındadır?",Yalnız I,I ve II,Yalnız III,II ve III,I ve III,A
c48c3f82-237e-5ea3-be18-d09e082ebd66,MATEMATIK,$\frac{x-3}{x+2} - \frac{x-2}{3x} = 0$ denkleminin kökler toplamı kaçtır?,$\frac{5}{2}$,$\frac{7}{2}$,$\frac{9}{2}$,-4,-5,A
c7b8dc44-835f-50f8-8977-cb2ecbb94443,MATEMATIK,"$f(x) = 4x^4$ ve $g(x) = x$ olduğuna göre, I. $(f \circ g)(x)$ II. $(f+g)(x)$ III. $(\frac{f}{g})(x)$ fonksiyonlarından hangileri çift fonksiyondur?",I ve II,I ve III,II ve III,Yalnız I,Yalnız II,B
1e5db519-3f14-5abb-bcbc-29f2d34cbed7,MATEMATIK,"$a$ sayısı $2$'den farklı bir gerçek sayı olmak üzere, $\frac{2a-4}{4a-8}+\frac{3a-6}{9a-18}+\frac{5a-10}{60-30a}$ ifadesinin değeri kaçtır?",$\frac{1}{3}$,$\frac{1}{2}$,1,$\frac{3}{2}$,$\frac{4}{3}$,C
e3749407-22af-5320-bac1-9210dfe2f233,MATEMATIK,"$y=x$ doğrusunun $f(x)=x^2+1$ parabolüne en yakın noktası $A(x_0, y_0)$ olduğuna göre, $x_0$ kaçtır?",$-\frac{7}{8}$,$-\frac{1}{2}$,$0$,$ \frac{1}{2}$,$ \frac{7}{8}$,D
5ba4c66b-7664-5805-8db3-4f7998b5dca5,TURKCE,"Çocuklar, küçük yaşlarda dürtülerini denetleyemez ve düzenleyemez; bu yüzden belli bir yaşa kadar dürtüsel davranır ve her istediği olsun ister. Çünkü çocuklukta düzenleme ve planlama gibi bilişsel özellikler yöneten beynin ön lobu henüz gelişmemiştir. Çocuk bu durumda ailesinin denetleme ve düzenleme mekanizmasını ödünç alır, küçük yaşlarda çocuğun davranışlarını ailesi onun için düzenler. Ancak bu süreçte ailenin çok önemli bir görevi vardır: Düzenleme işini yavaş yavaş çocuğa devretmek. Çünkü ----.
I. aile, hayali boyunca çocuğuyla beraber olamaz ve onun davranışlarını onun için düzenleyemez; kontrol edemez
II. hayat, ebeveyninden ibaret değildir ve çocuk elbette kendi kararlarını vermek zorunda kalacaktır
III. bu çocuklar, aileleri sürekli onları kontrol ettiği için kendi davranışlarını denetlemeyi öğrenemez
Bu parçanın sonuna düşüncenin akışına göre yukarıdakilerden hangileri getirilebilir?",Yalnız I,Yalnız II,Yalnız III,I ve II,II ve III,E
ba1cf1e6-3a9d-51e8-a4e3-a2920c2adfca,MATEMATIK,"Gerçek sayılarda tanımlı $f(x)=x^2-10x+2025$ fonksiyonu veriliyor. Buna göre, $y=f(x)$ fonksiyonunun ortalama değişim hızı aşağıdaki aralıkların hangisinde sıfırdır?","$[95, 115]$","$[105, 100]$","$[100, 90]$","$[-85, 95]$","$[-75, 100]$",D
32e29ff9-7369-50f5-838e-5a89f3e497f4,TURKCE,"(I) İç mimarlık; fiziksel ve psikolojik gereksinimler doğrultusunda işlevsel, estetik ve nitelikli mekân tasarlayan meslek alanıdır. (II) Mekânları daha nitelikli hâle dönüştürmeyi amaçlayan bu meslek dalı için vazgeçilmez ögelerden biri renktir. (III) Sadece iç mekân tasarımı için değil, tüm mekânlar için renk önemli bir unsurdur. (IV) Renkler, tasarımların duygusal etkilerini, mesajlarını ve anlamlarını belirler. (V) Renklerin seçimi, tasarımcının tasarım amacına ve hedef kitlesinin beklentilerine uygun şekilde olmalıdır. (VI) Bunun yanında tasarımcının bir kontrast sağlaması ve tasarımı oluşturan parçaların tamamını estetik bir kaygıyla birleştirmesi gerekir.
Bu parça iki paragrafa ayrılmak istense ikinci paragraf numaralanmış cümlelerin hangisiyle başlar?",II,III,IV,V,VI,B
e5db0609-dcf8-5d44-9935-4025c3bb2f5e,GEOMETRI,"Analitik düzlemde $2x^2 + 2y^2 - 12x + 8y - 4k = 0$ denklemi çember belirttiğine göre, $k$'nın alabileceği en küçük tam sayı değeri kaçtır?",-6,-5,-4,-3,-2,C
04fc270a-ae77-5e77-a085-ed76459e03b6,KIMYA,"$0,6$ mol oksijen atomu içeren $AgNO_3$ katısı kaç moldür?","$0,2$","$0,3$","$0,9$","$1,8$",$3$,A
0e55deb6-9878-5f91-ac6c-d9d9a5059eea,MATEMATIK,İşleminin sonucu kaçtır? $1-\frac{1}{1+\frac{2}{7}}$,$\frac{19}{60}$,$\frac{21}{61}$,$\frac{22}{63}$,$\frac{37}{65}$,$\frac{41}{60}$,E
48e07263-d1c2-545a-9eee-b027a50d4498,MATEMATIK,"limitinin sonucu kaçtır?
$\lim_{x \to 3^-} \frac{|x^2-4x+3|}{12x-6|-x+3}$",$\frac{1}{3}$,$\frac{5}{3}$,$\frac{4}{3}$,$\frac{2}{3}$,1,C
b99957e5-f307-5834-9082-7b7d353d09fe,MATEMATIK,"Alper, cep telefonunun dört basamaklı pin kodunun sadece ilk rakamının $1$ olduğunu hatırlamaktadır. Abonesi olduğu GSM operatörünün çağrı merkezini arayarak pin kodunu öğrenmek isteyen Alper'e müşteri temsilcisi aşağıdaki bilgileri vermiştir.

* Pin kodunun rakamlarından biri sıfırdır.
* Pin kodunuz $11$ ile tam bölünebilmektedir.
* Pin kodunun $10$ ile bölümünden kalan $3$ tür.

Yukarıdaki verilere göre, Alper en az kaçıncı denemede kesinlikle pin kodunu doğru tahmin eder?",2,3,4,5,6,B
7b3f1b72-c37c-51c4-8754-af9e6c0a3f1b,MATEMATIK,"$\sqrt{18} - \sqrt{224} = A$ olduğuna göre, $A^2 - 4A$ ifadesinin değeri kaçtır?",11,10,9,8,7,E
507eb608-4c40-56c7-902f-d230f6b4c3e3,MATEMATIK,$(1 - \sqrt[4]{2}) \cdot (1 + \sqrt[4]{2}) \cdot (1 + \sqrt{2}) \cdot (1 + \sqrt{8})$ çarpımının sonucu kaçtır?,-2,-1,1,$\sqrt{2}$,2,A
2eef470d-1ca3-541c-9b19-b24a81e766f2,MATEMATIK,denklemini sağlayan en küçük pozitif $x$ değeri kaçtır?,$\frac{\pi}{12}$,$\frac{\pi}{10}$,$\frac{\pi}{8}$,$\frac{\pi}{6}$,$\frac{\pi}{4}$,D
69ac4333-4e77-5fe4-bf24-986cc9b4bc55,MATEMATIK,"Bir evin doğal gaz tesisatı;
* hava sıcaklığı termostatın ayarlandığı derecenin altında ise saatte $\frac{3}{2} \text{ m}^3$
* hava sıcaklığı termostatın ayarlandığı dereceye eşit veya üzerinde ise saatte $\frac{1}{5} \text{ m}^3$
doğal gaz tüketmektedir.
Termostatı 25 dereceye ayarlanmış bir tesisat, 22 saat çalıştığında 6 $\text{m}^3$ doğal gaz tükettiğine göre; tesisatın çalıştığı süre içerisinde hava sıcaklığı kaç saat boyunca 25 derecenin altında kalmıştır?",12,8,9,10,11,D
894dd2c9-a9e0-5735-b6e2-d60e614a4813,MATEMATIK,$\lim_{x \to 1} \frac{\sqrt{x+8}-3}{x-1}$ limitinin değeri kaçtır?,$\frac{1}{18}$,$\frac{1}{15}$,$\frac{1}{12}$,$\frac{1}{9}$,$\frac{1}{6}$,E
ef7b482a-e26a-53fd-8e1d-7852bce4ec89,MATEMATIK,"$y=a \cdot x+b$ doğrusu, $y=3x^2$ parabolüne $x=\frac{1}{2}$ apsisli noktasında teğettir. Aynı doğru $y=kx^2+x$ parabolüne $x=-2$ apsisli noktasında teğet olduğuna göre, $k$ kaçtır?",$ \frac{15}{2}$,$ \frac{15}{4}$,$ \frac{15}{8}$,$ \frac{3}{4}$,$ \frac{5}{2}$,B
67f15d8c-fcb5-5aa2-9771-ba68437a4bb1,EDEBIYAT,"• ""Yeraltı deyişleri"" ve ""şiirsel anlatımı"" ustaca kullanır ve eserlerinde kendine özgü bir sözcük evreni oluşturur.
• Öykü, roman, röportaj ve makale gibi türlerde eser üretir. Romanları kadar röportajlarını da önemser.
• Röportajlarının bir kısmını Bu Diyar Baştan Başa adıyla kitaplaştırmıştır.
• Romanlarında Çukurova insanının acı yaşamını, Cumhuriyet Dönemi'nde yaşanan sorunları, eşkıya ve ağaların yaptıklarını, halkın sömürülüşünü, kan davalarını, bozuk toprak düzenini ruhsal çözümlemelerle dile getirir.
• Eserlerindeki kişilerin çoğu; öğrenim görmemiş, topraksız, geçim sıkıntısı çeken köylülerdir.
Yukarıda özellikleri verilen sanatçı aşağıdakilerden hangisidir?",Yaşar Kemal,Kemal Tahir,Fakir Baykurt,Orhan Kemal,Cevat Şakir Kabaağaçlı,A
34322e57-43cc-5259-8b65-6948cab1cfc6,MATEMATIK,"$n$ pozitif sayı olmak üzere, $\sqrt{1}, \sqrt{2}, \sqrt{3}, ..., \sqrt{n}$ sayı dizisinin 20 elemanı tam sayıdır. Buna göre, $n$'nin alabileceği en küçük değerin rakamları toplamı kaçtır?",1,3,4,10,12,B
71875ee8-d9e0-5418-936d-c4ad15342409,MATEMATIK,$f(x) = \frac{x+1}{2-x}$ fonksiyonunun artan olduğu en geniş aralık aşağıdakilerden hangisidir?,$R - \{2\}$,$R$,"$[2, \infty)$","$[-\infty, 2)$","$(-1, 2]$",A
f32f0db8-c9c2-5152-bd80-7d1664b8af29,GEOMETRI,"Aşağıdaki adımlara göre bir çizim yapılacaktır.

* $m(\widehat{ABC}) > m(\widehat{BCD})$ olacak şekilde bir ABCD eşkenar dörtgeni çiziniz.
* A ile C noktalarını birleştiriniz.
* $|DE| = 5$ br olacak şekilde dıştan bölen E $\in$ $[CD]$ noktasını belirleyiniz.
* $[AC] \perp [EF]$ olacak şekilde F $\in$ $[AC]$ noktasını belirleyiniz.
* $[EF] \cap [AD] = \{K\}$ olarak belirleyiniz.

Bu çizimde $|AF| = 16$ br ve $|FK| = 12$ br olduğuna göre, $|KE|$ kaç br'dir?",5,6,7,8,9,B
315be039-b7c1-53ba-b4d7-213ff6c8106c,MATEMATIK,$P(x)=4x^5-x^{2m-2}+x^{\frac{n}{3}}+5x-1$ ifadesinin polinom olmasını sağlayan en büyük $m$ tam sayı değeri için $P(2)$ kaçtır?,11,13,14,21,29,D
49477f24-9ea5-5ae3-92d4-b5687b6b99fb,MATEMATIK,"5 tane 1 TL'lik madeni paradan üç tanesinin üst yüzü yazı, diğer ikisinin turadır. Bu madeni paralar kaç farklı biçimde yan yana dizilebilir?",12,10,8,6,5,B
6993951b-57b2-5204-8541-c8fc99d17fb9,GEOMETRI,"Dik koordinat düzleminde, $x^2+y^2-6x+4y+9=0$ çemberinin $x+2y+5=0$ doğrusuna dik olan simetri ekseninin denklemi aşağıdakilerden hangisidir?",$2x+y=0$,$2x-y+8=0$,$2x+y-4=0$,$2x-y-8=0$,$2x-y-4=0$,E
02d91507-d2a0-56c0-8aab-cfb1201f794a,EDEBIYAT,"Romanlarında Doğu-Batı, madde-ruh ve insan psikolojisi konularını ele alan Ahmet Hamdi Tanpınar, edebî değeri düşük yapıtlarını Server Bedi takma adıyla yayımlamıştır. Bu cümledeki bilgi yanlışının giderilmesi için aşağıdaki değişikliklerden hangisi yapılmalıdır?","I'e ""Denemelerinde"" getirilmelidir.","II'ye ""aşk, kadın ve ölüm"" getirilmelidir.","III'e ""Peyami Safa"" getirilmelidir.","IV'e ""yudum eserlerini"" getirilmelidir.","V'e ""Agâh Kemal"" getirilmelidir.",C
1e976095-af70-5793-8a1c-22198e791458,KIMYA,"Kozmetik maddelerin içerisinde yer alan,
I. Raf ömrünü uzatmak ve mikroorganizmaların çoğalmasını önlemek için kullanılan paraben ve formaldehit gibi maddeler
II. Boyar maddelerdeki kurşun, kadmiyum, civa gibi ağır metaller
III. Hoş olmayan kokuları maskelemek için kullanılan koku maddeleri
yukarıdaki kimyasallardan hangileri insan sağlığı açısından zararlı etkilere sahiptir?",Yalnız I,I ve II,I ve III,II ve III,"I, II ve III",B
f07c0ea7-a1ff-5c03-bd9f-285b0774a4b5,TURKCE,Aşağıdaki cümlelerin hangisinde diğerlerinden daha çok yazım yanlışı vardır?,İnsan bazen bir düşüncenin üzerinde o kadar dururki onun tutsağı olduğunu his eder.,"Yapılan iyiliğin karşılığını beklemek, onun değerini kayıp ettirir.",İnsan birşeyi bilincinde bildiğinde ısrar etmelidir.,Bir fikir kalpten gelse bile kafadan çıkmalıdır.,Büyük işlerden hiç biri tutkusuz başlanamamıştır.,A
74e4967c-fdc1-5b91-b391-26d68e9917a6,MATEMATIK,"$-3 < x < 3$
$1 \le y \le 3$
eşitsizlikleri veriliyor.
$(x+y)^2 - 2xy$ ifadesinin alabileceği en büyük tam sayı değeri kaçtır?",7,9,11,13,17,E
279d9725-e007-5938-b9d6-326215c7939a,TURKCE,"(I) Bir yazarımızın derlediği Kediler Kitabı'nda edebiyatımızdaki kedi hikâyeleri bir araya getirilmiş. (II) Kitapta aynı zamanda Osmanlıdan bu yana ""evlerimizin sultanı"" olan kedilerden de söz edilmiş. (III) Ayrıca kedi düşkünü, ünlü isimlerin yaşamlarından ilginç notlar da yer alıyor. (IV) Ki- tap ""kedisever bir toplum"" olarak herkesin ilgisini çekecek cinsten. (V) Çünkü kedilerin diğer hayvanlara göre çok farklı bir yeri vardır bu topraklarda. Bu parçada numaralanmış cümlelerle ilgili olarak aşağıdakilerden hangisi yanlıştır?",I. cümlede kitabın türünden söz edilmektedir.,II. cümlede kitabın içeriği hakkında bilgi verilmiştir.,III. cümlede nesnel bir değerlendirme yapılmıştır.,IV. cümle bir ön yargı belirtmektedir.,V. cümlede bir genelleme yapılmıştır.,C
174844c3-5e76-5714-a3cf-840990ef16aa,MATEMATIK,"$[a_n]$ dizisinde $u_{n+2} + u_{n+1} = 2 + u_n$, $a_4 = 6$ ve $a_6 = 8$ olduğuna göre, $a_3$ kaçtır?",$5$,$4$,$3$,$8$,$\frac{7}{2}$,A
08a3e745-2988-5d39-bd5f-51af59b2a0dc,MATEMATIK,$|4x-5y|$ ifadesinin alacağı en küçük değer için $|4x+3| + |5y+3| = 26$ eşitliği verilmiştir. Buna göre $y$'nin alabileceği pozitif değer kaçtır?,1,2,3,4,5,B
51cd7c21-324e-5d95-9b1e-089ec6642a35,MATEMATIK,"$P(x)$ bir polinom olmak üzere, $P^2(x)$ polinomunun $x^2 - 1$ ile bölümünden kalan $6x + 10$'dur. Buna göre, $P(x)$ polinomunun $x^2 - 1$ ile bölümünden kalan aşağıdakilerden hangisi olamaz?",$x+3$,$x-3$,$3x+1$,$3x-1$,$-3x-1$,E
d077d41f-356c-54f7-92d5-5edc2c2fd2b0,MATEMATIK,"Başkatsayıları aralarında asal olan $P(x)$ ve $Q(x)$ polinomlarının dereceleri sırasıyla 2 ve 1'dir. $Q(x)$ polinomunun sıfırı aynı zamanda $P(x)$ polinomunun da sıfırlarından biri olup $\frac{P(x)}{Q(x)} = \frac{4}{3}(x-3)$ eşitliği sağlanıyor. $Q(x)$ polinomunun katsayıları toplamı 9 olduğuna göre, $P(x)$ polinomunun katsayıları toplamı kaçtır?",-28,-24,-18,-16,-12,D
e1b332cc-128a-5fbe-a071-5ad0830ae3de,EDEBIYAT,"Çıkrıklar Durunca ve Yer Demir Gök Bakır romanlarından alınan metinlerle ilgili olarak;
I. Toplumcu roman
II. Köy gerçekliği
III. Tahlil romanı
IV. İdeolojik yaklaşım
V. Mizahi anlatım
kavramlarından hangileri ortak özellik sayılamaz?",Yalnız II,I ve II,II ve IV,III ve V,IV ve V,D
35b8d300-a217-58d5-ad83-c7cad8547264,MATEMATIK,"$(a_n)$ aritmetik bir dizi olmak üzere $a_3+a_4+a_5=2\cdot(a_5-a_3)$ ve $a_2=14$ olduğuna göre, dizinin 4. terimi kaçtır?",21,28,7,-14,-28,C
a24c284d-193b-521d-a8ad-156a4eb7596c,KIMYA,"Saf su için $[H_3O^+][OH^-]$ grafiği aşağıda verilmiştir. Buna göre, I. 1 numaralı grafik $25^\circ C$'den daha yüksek sıcaklıkta çizilmiştir. II. Taralı alan $25^\circ C$'deki $K_w$ değerine eşittir. III. Saf suyun pH değeri 7'den küçük olabilir. İfadelerinden hangileri doğrudur?",Yalnız II,I ve II,I ve III,II ve III,"I, II ve III",E
fc511fec-8a7f-5e9b-9f61-2bec2cec1263,MATEMATIK,"Katsayıları doğal sayı olan dördüncü dereceden $P(x)$ polinomu; $x+1, x+2, x+3$ polinomlarının her biri ile tam bölünüyor. $x-2$ ile bölündüğünde $180$ kalanını veriyor. Buna göre, $P(-4)$ kaçtır?",14,18,28,42,45,D
65aa4c30-1b8d-5c84-908f-9e2b60a8eefb,MATEMATIK,"Analitik düzlemde apsisi ve ordinatı asal sayı olan noktalara ""asal çift noktası"" denir. Buna göre, analitik düzlemde $x+y \le 7$, $x \ge 0$, $y \ge 0$ eşitsizliklerinin oluşturduğu bölgede kaç tane ""asal çift noktası"" vardır?",4,5,6,7,8,E
0af1c8a0-ab49-5ef7-a89b-e5a412aab16b,MATEMATIK,"Gerçel sayılar kümesi üzerinde bir $f$ fonksiyonu, $f(x) = x^3 - 3x^2 - 9x + 1$ biçiminde tanımlanıyor. Buna göre, $f$ fonksiyonunun $x$ eksenine paralel olan teğetlerinin $f$ fonksiyonu grafiğine değme noktalarının apsisleri toplamı kaçtır?",-1,0,1,2,3,D
f6d575e9-6d8d-5d42-aea4-151214dc9a5f,FIZIK,"Aşağıda bazı dalga çeşitlerine örnek verilmiştir. 1. Güneş'ten çıkıp Dünya'ya gelen görünür ışık dalgaları 2. Radyo verici istasyonundan çıkıp alıcı antene ulaşan dalgalar 3. Termal kameralarda görüntü elde etmek için kullanılan dalgalar Buna göre, 1, 2 ve 3 ile verilen örneklerde kullanılan dalgaların, elektromanyetik spektrumundaki yerlerine göre düşünüldüğünde, sahip oldukları dalga boyları, $\lambda_1$, $\lambda_2$, $\lambda_3$ arasındaki sıralama aşağıdakilerden hangisi gibi olabilir?",$\lambda_1 = \lambda_2 = \lambda_3$,$\lambda_2 > \lambda_1 > \lambda_3$,$\lambda_3 > \lambda_2 > \lambda_1$,$\lambda_1 > \lambda_3 > \lambda_2$,$\lambda_2 > \lambda_3 > \lambda_1$,E
a9b1b70b-29ea-5fbf-b496-24362cb6c869,MATEMATIK,$\lim_{x \to \frac{\pi}{2}} \frac{\sin 2x - \sin(\frac{\pi}{2} - x)}{\cos(2x - \pi)}$ limitinin değeri kaçtır?,-2,-1,0,1,2,D
60e01032-c769-5e67-b51e-cd4c39d631ed,MATEMATIK,"Bir düzgün altıgenin köşegenleri tümü çiziliyor. Altıgenin köşe noktaları sarıya, köşegenlerin diğer kesim noktaları da laciverte boyanıyor. Sarı veya lacivert boyalı noktalardan bir tanesi rastgele seçiliyor. Bu noktanın lacivert renkte olma olasılığı kaçtır?",6/10,8/19,11/19,12/19,13/19,E
6b719111-b5ff-5435-b15d-7e3b2d685f4c,MATEMATIK,"$f(x) = \frac{d}{dx}(x^3 - 4x^2 - 6x - 1)$ olduğuna göre, $f'(2)$ kaçtır?",6,4,2,0,-2,C
a1290a99-50b2-51ae-b03e-a6b3536eada7,MATEMATIK,$\frac{2x^3(x^2-20x^2)}{(x^2+1)x^{2018}} < 0$ eşitsizliğinin çözüm kümesinde kaç tane tam sayı vardır?,2,3,4,5,6,B
e63f3e5f-95c4-5be5-8942-1feb00e90b37,MATEMATIK,"Dar açılı bir ABC üçgeninin çevrel çemberinin yarıçapı $R=12$ birimdir. Üçgenin A köşesinin karşısındaki kenarın uzunluğu $12\sqrt{3}$ birim olduğuna göre, $m(\hat{A})$ kaç derecedir?",15,30,45,60,75,B
d21b47e4-13c6-5fa4-9af2-80033eea9c1f,KIMYA,"X ve Y elementleri arasında gerçekleşen kimyasal bir tepkimede X ve Y elementlerinin kütle değişimi yanda verilmiştir. Buna göre, bileşikteki elementlerin kütlece birleşme oranı $\frac{m_X}{m_Y}$ kaçtır?",1,\frac{1}{2},\frac{2}{3},3,\frac{1}{3},E
a40ff1bb-a07a-5ccb-844e-fd65bc990abe,KIMYA,"$\text{H} - \text{C} - \text{OH}$
   $\text{||}$
   $\text{O}$
bileşiği ile ilgili
I. Yaygın adı formik asittir.
II. Karınca ve ısırgan otunun yapısında bulunur.
III. Fonksiyonel grup izomerisi yoktur.
ifadelerinden hangileri doğrudur?",Yalnız I,Yalnız II,Yalnız III,I ve II,"I, II ve III",E
70639a57-4818-5dfb-86e3-9ff072453f90,FIZIK,"Süper iletkenlikle ilgili olarak,
I. Süper iletkenlik maddenin cinsine bağlıdır.
II. Belli sıcaklığın altında tüm maddeler süper iletken olabilir.
III. Süper iletken maddelerde direnç sıfıra yakındır.
yargılarından hangileri doğrudur?",Yalnız I,Yalnız II,Yalnız III,I ve II,I ve III,A
1768060d-f01d-5940-9488-875b94372218,MATEMATIK,"$f(x) = \begin{cases} x^3+ax+b & x>1 \\ x^2+1 & x \le 1 \end{cases}$ fonksiyonu $x=1$ apsisli noktada türevlenebildiğine göre, $b$ kaçtır?",3,2,1,-1,-2,B
1e67d0b2-fc17-5436-8544-a4585f5e7eaf,FIZIK,"$M$ kütleli gezegen, $m$ kütleli uyduya $G\frac{M.m}{R^2}$ kadar çekim kuvveti uyguluyor. Buna göre, uydunun kinetik enerjisi kaç $G\frac{M.m}{R}$ dir? (Uydunun düzgün çembersel hareket yaptığı düşünülecek)",4,2,1,$\frac{1}{2}$,$\frac{1}{4}$,D
e79380ed-65c4-52a5-8894-30146bebe740,MATEMATIK,"$f$ ve $g$ gerçel sayılarda tanımlı fonksiyonlardır. $f(x) = 2^{x^2}+1$ $g(x) = x^3-1$ olduğuna göre, $(f \cdot g)(3)$ ifadesinin değeri kaçtır?",$3^{18}$,$3^{18}+1$,$3^{18}-1$,$3^{19}$,$3^{19}+1$,C
70271999-e887-5a42-adbf-50d36a6dfff9,MATEMATIK,"$f(x) = 2x^2 - x + 1$ ve $g(x) = x^2 + x + 1$ fonksiyonları veriliyor. Buna göre, $(\frac{f}{g})(1)$ değeri kaçtır?",$\frac{5}{3}$,1,$\frac{2}{3}$,$\frac{1}{3}$,$\frac{1}{4}$,A
0977fa8c-1100-565d-9379-39af140d579d,MATEMATIK,"A, B ve C birer tam sayı olmak üzere,
$\frac{A \cdot C-B}{C}$
ifadesi bir çift tam sayıdır.
A çift tam sayı olduğuna göre,
I. $A+B-C$
II. $A-B-C$
III. $A \cdot B+C$
ifadelerinden hangileri her zaman çift sayıdır?",Yalnız I,Yalnız II,Yalnız III,I ve II,II ve III,B
5a9040f6-9b7a-5a0d-8819-212fe6cb0cd3,GEOMETRI,"A, B ve C noktaları ile oluşturulan AB, AC ve BC doğrularının eğimleri sırasıyla $m_{AB}$, $m_{AC}$ ve $m_{BC}$ olmak üzere, $m_{AB} + m_{AC} = 0$, $m_{AB} + m_{BC} = 4$, $m_{AC} - m_{AB} = -2$ eşitlikleri verilmiştir. Buna göre, I. AB doğrusunun denklemi $y = x$ tir. II. AC doğrusu ile AB doğrusu birbirine diktir. III. BC doğrusunun x ekseni ile pozitif yönde yaptığı açı, dar açıdır. ifadelerinden hangileri daima doğrudur?",Yalnız I,Yalnız II,Yalnız III,I ve III,"I, II ve III",D
6d962da1-f702-5131-a94c-45f2fc5db08d,MATEMATIK,"A, B, x ve y pozitif gerçek sayılar olmak üzere, $\log_2 A = x$, $\log_2 B = y$, $\log_B = \log_2 A = 2$ olduğuna göre, $\frac{x}{y}$ kaçtır?",$\frac{1}{2}$,1,$\frac{3}{2}$,2,$\frac{7}{2}$,B
7aca2d50-7a48-51d3-888b-2a37a551091f,MATEMATIK,"$f(x)$ çift fonksiyon ve $f(x)=(a-2)x^4+ax^2+(b-2)x+b+2$ olduğuna göre, $\lim_{x\to 2} (f(x)+2f(-x))$ limitinin değeri kaçtır?",24,32,36,40,48,C
c087ec6c-d4f4-5058-99fc-e57036294554,GEOMETRI,Dik koordinat düzleminde $3x-4y+8=0$ ve $x=2$ doğrularına eşit uzaklıktaki doğrulardan birinin denklemi aşağıdakilerden hangisidir?,$4x-2y-8=0$,$x+2y-8=0$,$x-2y-9=0$,$4x-2y-1=0$,$4x+2y+1=0$,D
6f3ba6ce-8ea2-5d64-8841-be062230d4a0,MATEMATIK,"$AB$ ve $BA$ iki basamaklı doğal sayılardır. $AB + BA = 88$ olduğuna göre, iki basamaklı en küçük $AB$ sayısı kaçtır?",13,17,31,38,64,A
c5ff88ea-982e-5358-91a1-c61f9b17931a,TURKCE,"(I) Batı etkisindeki çağdaş Türk şiiri çok eski sayarak, eskiden gelen her şeyi silip atarak gelişmedi. (II) Kısa sürse de eskiye bağlı görüşü yadsımadığı, geçmişle bağını koparmadığı dönemler olmadı değil. (III) Ama çağdaş şiirimiz, edebiyatımızın çok daha eski dönemlerinin güzel ürünlerinden, güçlü ustalarından zaman zaman etkilendi. (IV) Sanatçılar, divan edebiyatı ve halk edebiyatının kimi unsurlarını eserlerine bazen örtülü olarak bazen de açıkça taşıdı. (V) Hatta bunların arasında çağdaşımızdan hiçbir şey yitirmeden divan şiiri tarzında yazmayı deneyenler de oldu.
Bu parçada numaralanmış cümlelerin hangisinden sonra ""Eski şiire özgü üslubun çağdaş şiirde kullanılıp kullanılamayacağı konusunda tartışmaların olduğu"" cümlesi getirilebilir?",I,II,III,IV,V,E
a20d9270-be0e-5181-ac0b-ac95f5feafe9,KIMYA,"Açısal (Kırık doğru) molekül geometrisine sahip bir bileşik ile ilgili, I. VSEPR gösterimi $AX_{2}E_{2}$ şeklindedir. II. Hibritleşmiş merkez atomunun elektron dizilişi $1s^{2} 2s^{2}(sp^{3})^{2} 2p^{1}(sp^{3})^{1} 2p^{1}(sp^{3})^{1}$ şeklindedir. III. Moleküldeki bağlar arasındaki açı değeri yaklaşık $104,5^{\circ}$'dir. IV. Polar bir moleküldür. yargılarından hangileri doğrudur?",I ve III,II ve IV,"I, II ve III","I, II ve IV","I, III ve IV",E
fc7d5829-4c55-5646-b45d-66a05d3ff4bb,BIYOLOJI,Mitokondri ve kloroplastlar ile ilgili aşağıda verilen açıklamalardan hangisi yanlıştır?,Mitokondri ve kloroplastların kendine özgü DNA ve RNA'ları vardır.,Her iki organel de çift zar ile çevrili durumdadır.,Mitokondride oksijenli solunum ile ATP üretimi yapılır.,Her iki organel de matriks adı verilen ara madde ile doludur.,Kloroplastta fotosentez ile besin üretimi yapılır.,D
1852a73a-ef77-5833-9353-450bdf91210d,KIMYA,"Aşağıda $XO_2$ ve $YO$ oksitlerinin suda çözünme denklemleri verilmiştir.
$XO_2 + H_2O \rightarrow 2H^+ + XO_3^{2-}$
$YO + H_2O \rightarrow Y^{2+} + 2OH^-$
Buna göre, bu oksitlerin türleri aşağıdakilerden hangisinde doğru verilmiştir?","Asidik, Bazik","Bazik, Nötr","Asidik, Nötr","Bazik, Asidik","Nötr, Bazik",A
780c452b-371f-51a1-9fe2-ba91f8e4b749,KIMYA,"Sabit basınçlı sistemlerde ve standart koşullarda gerçekleşen bazı tepkimeler verilmiştir. 1. tepkime: $C_2H_5OH_{(s)} \rightarrow C_2H_5OH_{(g)}$ 2. tepkime: $C_2H_4(g) + 3O_2(g) \rightarrow 2CO_2(g) + 3H_2O_{(s)}$ Tepkimelerde kullanılan $C_2H_5OH$ miktarları eşit olduğuna göre, aşağıdaki yargılardan hangisi yanlıştır?","1. tepkimede fiziksel değişim, 2. tepkimede kimyasal değişim gerçekleşmiştir.",2. tepkimede meydana gelen ısı değişimi miktarı daha fazladır.,"1. tepkime endotermik, 2. tepkime ekzotermiktir.","1. tepkimede girenlerin ısı kapsamı, 2. tepkimede ise ürünlerin ısı kapsamı daha fazladır.","1. tepkimede moleküller arası bağlar, 2. tepkimede atomlar arası bağlar kopmuştur.",D
5f9d88c6-18ce-586f-9a96-056e83598e56,MATEMATIK,"a bir gerçek sayı olmak üzere, $x^2 - ax - 2 < 0$ ve $(ax)^2 - 6x + a > 0$ eşitsizlikleri veriliyor. $x=1$ değeri, birinci eşitsizliği sağlamakta fakat ikinci eşitsizliği sağlamamaktadır. Buna göre, a'nın alabileceği kaç farklı tam sayı değeri vardır?",5,4,3,2,1,D
d5e26bee-ac2f-5b85-9ff5-cfac29b8e9c8,MATEMATIK,"$A = \{0, 1, 2, 3, 4, 5\}$ kümesinin elemanları kullanılarak üç basamaklı kaç farklı tek doğal sayı yazılabilir?",50,60,70,80,90,C
1572d0bc-3936-5e99-8ce9-ccb39e89c605,KIMYA,"Ba(OH)$_2$ katısının oda koşullarında saf suda çözünme denklemi aşağıda verilmiştir.
Ba(OH)$_2$(k) $\rightleftharpoons$ Ba$^{2+}$(suda) + 2OH$^-$(suda)
Yukarıdaki tepkimede katısı ile dengede bulunan sulu çözeltideki Ba$^{2+}$ iyonu derişimini artırmak için;
I. Çözeltiyi ısıtmak
II. Çözeltiye HBr katısı ilave etmek
III. Çözeltiye NH$_3$ gazı ilave etmek
işlemlerinden hangileri tek başına yapılmalıdır? (Buharlaşma ihmal edilecektir.)",Yalnız I,Yalnız II,Yalnız III,I ve II,II ve III,B
ea0ab9de-6c7a-5ee6-8383-879c68bf569f,KIMYA,"Mol sayıları eşit olan $CO_2$, $Cl_2$ ve $COCl_2$ gazları 5 litrelik sabit hacimli kapalı bir kapta;
$CO_{(g)} + Cl_{2(g)} \rightleftharpoons COCl_{2(g)} \quad K_c = 10$
denklemine göre dengededir.
Buna göre, sabit sıcaklıkta kabın hacmi kaç litre yapılırsa dengede $COCl_{2(g)}$ gazının mol sayısı 0,6 olur?
($K_c$: Derişimlere bağlı denge sabiti)","1,5",2,3,4,"4,2",C
ea0f273a-9f69-513b-9adb-031d46924c77,KIMYA,"$A_{2(g)} + 2B_{2(g)} \rightleftharpoons 2AB_{2(g)}$ tepkimesi için belirli bir sıcaklıkta denge sabitinin değeri $K_c = 2$'dir. Aynı sıcaklıkta 2 litrelik kaba 0,2 mol $A_2$, 0,2 mol $B_2$ ve 0,4 mol $AB_2$ gazları konuluyor. Buna göre, I. Tepkime dengede değildir. II. Dengede $AB_2$'nin mol sayısı 0,4'ten küçüktür. III. Tepkime girenler yönüne ilerler. yargılarından hangileri doğrudur?",Yalnız I,Yalnız II,I ve III,II ve III,"I, II ve III",C
e3eddc2b-fb40-5909-8a18-9c78a6fac6e6,MATEMATIK,"$A = \{x | 12 \le x \le 72, x = 3k, k \in N\}$ ve $B = \{x | 23 < x < 141, x = 4k, k \in N\}$ kümeleri yukarıdaki gibi tanımlanıyor. Bu kümelerden seçilen bir elemanın A kümesinin elemanı olduğu bilindiğine göre, $A \cap B$ kümesinin elemanı olma olasılığı kaçtır?",$\frac{1}{6}$,$\frac{1}{5}$,$\frac{1}{4}$,$\frac{1}{3}$,$\frac{1}{2}$,D
5e639985-8860-5421-932e-9bacd08b6fbc,MATEMATIK,"$a$ ve $b$ gerçek sayılar ve $i^2=-1$ olmak üzere, $(3+bi) \cdot (1-i) = (1-i) \cdot a+b$ eşitliği veriliyor. Buna göre $b$ değeri kaçtır?",$ -2 $,$ -\frac{3}{2} $,$ -1 $,$ 0 $,$ \frac{1}{2} $,D
a3054b28-0738-5678-a543-fb95ac42f6bd,MATEMATIK,"Tost, çay ve kurabiye satışı yapılan bir kafede her bir tost siparişine sadece bir çay ve her bir çay siparişine bir kurabiye ücretsiz verilmektedir. Bu kafede bir gün boyunca müşterilere verilen toplam tost, çay ve kurabiye sayıları sırasıyla 35, 72 ve 63 olmuştur. Müşterilerin her biri ücretsiz verilen tüm ikramları aldığına göre, gün boyunca satılan kurabiye sayısı kaçtır?",9,18,26,35,37,C
cbddf63d-1e46-51ee-892f-3a313d05937d,MATEMATIK,$51 \cdot 21 + 51 \cdot 16 + 49 \cdot 37$ işleminin sonucu kaçtır?,2041,2601,3700,4900,5100,C
42565797-3c74-5069-96d8-8f1a4ce28e9f,MATEMATIK,"$P(x)$ polinomunun $Q(x)$ polinomuna bölümünden elde edilen bölüm $x^2$ kalan $(3-7x)$ tir. Buna göre, I. $\text{der}(P(x)) - \text{der}(Q(x)) = 3$ tür. II. $\text{der}(P(x))$ en az $5$ tir. III. $P(x)$ polinomunun çift dereceli terimlerinin katsayılarının toplamı $Q(x)$ polinomunun tek dereceli terimlerinin katsayılarının toplamından $3$ fazladır. ifadelerinden hangileri doğrudur?",Yalnız I,Yalnız II,I ve II,II ve III,"I, II ve III",B
eca364ee-fea8-5787-9adf-d98285d99f2e,KIMYA,"$PbO_2 + HCl \rightarrow PbCl_2 + Cl_2 + H_2O$ tepkimesi ile ilgili, I. Redoks tepkimesidir. II. $HCl$ yükseltgendir. III. En küçük tam sayılarla denkleştirildiğinde $H_2O$'nun kat-sayısı 4 olur. yargılarından hangileri doğrudur?",Yalnız I,Yalnız II,I ve II,I ve III,"I, II ve III",D
91f7da20-d99a-59f7-967c-a740911a2c30,GEOMETRI,a ve b pozitif gerçek sayılar olmak üzere dik koordinat düzleminde $y = \sqrt{3}x$ ve $y = -ax + b$ doğruları ile x-ekseni arasında kalan eşkenar üçgen biçimindeki bölgenin alanı $9\sqrt{3}$ birimkaredir. Buna göre $a \cdot b$ çarpımı kaçtır?,18,24,27,30,36,E
fc515688-643a-52f1-a762-d578839c5c8a,EDEBIYAT,"Divan edebiyatında öyküleyici niteliğe sahip eserler üzerine çalışmalar yaparken şairlerin özellikle bir nazım şekline ağırlık verdiğini fark ettim. Bu nazım söz konusu olunca hamse sahibi eserler veren şairlere odaklandım. Araştırmama öncelikle bu nazım şekliyle kaleme alınan ve Türk edebiyatındaki ilk siyasetname örneği olan eserle başladım. Sonrasında ise Anadolu sahasındaki Türk edebiyatına yönelik olarak Âşık Paşa, Nâbî ve Şeyh Galip'in bu nazım şekliyle kaleme aldığı eserlerini inceledim. Bununla birlikte hamse sahibi şairlerden bahsetmeyi de ihmal etmedim. Araştırmamın devamında olası bir Türk edebiyatındaki birçok şairin etkilendiği farklı eserleri de araştırmama kattım. Bu araştırmayla ilgili aşağıdaki bilgilerden hangisi söylenemez?",Odaklanılan nazım şekli: Türk edebiyatına İran edebiyatından geçmiştir.,Araştırmada Lâmiî Çelebi ve Ali Şîr Nevâî gibi hamse sahibi şairlerden söz edilmiştir.,Araştırmanın başında incelenen eser Yusuf Has Hâcip tarafından kaleme alınmıştır.,Anadolu sahası Türk şairleri arasında İskendernâme'yi yazan şaire yer verilmiştir.,Şehname ve Manbû'u't Tayr gibi klasikler araştırmaya dâhil edilmiştir.,C
bf131047-819e-5fa9-a856-4c0c11c68192,BIYOLOJI,"I. Hatalı etken mikroorganizmalar
II. Temas edilen kimyasallar
III. Tüketilen yiyecekler
IV. Solunan gazlar
Yukarıda verilenlerden hangileri kanserojen olarak etki edebilen çevresel faktörlerdendir?",I ve II,II ve III,II ve IV,"I, II ve III","I, II, III ve IV",E
77347751-4431-5c22-9997-eb6c393dc92f,EDEBIYAT,"Güneyde Çin milleti düşman imiş. Kuzeyde Baz Kağan, Dokuz Oğuz kavmi düşman imiş. Kırgız, Kurıkan, Otuz Tatar, Kıtay, Tatabı hep düşman imiş. Babam Kağan kırk yedi defa ordu sevk etmiş, yirmi savaş yapmış. Tanrı lütfettiği için iliği ilisizletmiş, kağanlığı kağansızlatmış, düşmanı tâbi kılmış, dizliye diz çöktürmüş, başlıya baş eğdirmiş. Babam Kağan öylece ili, töreyi kazanıp, uçup gitmiş.
Bu parça içerik ve biçim özellikleri dikkate alındığında edebiyatımızın hangi döneminde yazılmış olabilir?",İslamiyet öncesi,Divan edebiyatı,Tanzimat,Servetifünun,Millî Edebiyat,A
93ad260b-dfd1-50b0-8603-fe7dc8cf9f28,MATEMATIK,"Üçüncü dereceden baş katsayısı $1$ olan gerçel katsayılı $P(x)$ polinomu için $P(1)=2$, $P(2)=4$, $P(3)=6$ eşitlikleri sağlanıyor. Buna göre, $P(4)$ değeri kaçtır?",8,10,12,14,16,D
0bae220a-4a21-5ad9-9e10-ae8cfe9e46a1,MATEMATIK,"$0<x<\frac{\pi}{2}$ olmak üzere $\tan x=\frac{24}{7}$ olduğuna göre, $\cos\frac{x}{2}$ kaçtır?",$\frac{1}{5}$,$\frac{3}{5}$,$\frac{4}{5}$,$\frac{3}{4}$,$\frac{1}{2}$,C
edbe1653-8b13-5342-b5ce-da46127c0e64,MATEMATIK,"İkinci dereceden $f(x)$ fonksiyonu her $x$ gerçek sayısı için $x^2 - 2x + 2 \le f(x) \le 2x^2 - 4x + 3$ eşitsizliğini sağlamaktadır.
$f(11) = 181$ olduğuna göre, $f(-4)$ değeri kaçtır?",6,16,26,36,46,D
895bf50a-c2d4-5643-befd-e7ac8f0927de,MATEMATIK,"Şehirlerarası yolcu taşıyan iki otobüsten birinin hızı saatte 80 km, diğer otobüsün saatteki hızı 100 km'dir.
Aynı anda aynı yöne doğru aynı noktadan yola çıkan bu iki otobüsten hızlı olanı her 3 saatte bir, yavaş olanı ise her 5 saatte bir mola vermiştir.
Her iki otobüsün bir mola süresi yarım saat olduğuna göre, 7 saat sonra bu otobüsler arasındaki uzaklık kaç km'dir?",40,50,60,70,80,A
d53f5c2d-f5bb-56ea-9b86-7af8ed3f0dbb,MATEMATIK,"$f(x) = \begin{cases} 2x+1, & x<2 \\ x^2-ax+b, & x \ge 2 \end{cases}$ $g(x) = |x-2|$ fonksiyonları veriliyor. $f(x)+g(x)$ fonksiyonunun $x=2$ noktasında türevi olduğuna göre, $a+b$ toplamı kaçtır?",4,7,9,13,15,D
3f30f1d9-8cfc-5ad6-9ab0-79654b2b166b,MATEMATIK,"a ve b birer gerçek sayı olmak üzere; $\int_{1}^{3} \frac{3x}{3x-a}dx = a$ ve $\int_{1}^{3} \frac{b}{3x-a}dx = b$ olduğuna göre, a'nın b türünden eşiti aşağıdakilerden hangisidir?",$b-1$,$1-2b$,$1+b$,$2-b$,$2b$,C
4c90150d-523a-5217-b7c5-08b289ddd9fc,GEOMETRI,"Dik koordinat düzleminde eksenlere teğet olan çemberin merkezi IV. bölgede olup merkezin orijine uzaklığı $3\sqrt{2}$ birimdir.
Bu çemberin standart denklemi $(x-a)^2+(y-b)^2=r^2$ olduğuna göre, $a+b+r$ kaçtır?",3,0,6,$3\sqrt{2}$,$6\sqrt{2}$,A
b512b58a-c752-58d2-a913-72d2db813dcf,GEOMETRI,"Dik koordinat düzleminde bir köşesi orijinde olan bir üçgenin, ağırlık merkezi $(0, 6)$ noktası; diklik merkezi ise $(0, 8)$ noktasıdır.
Buna göre, bu üçgenin alanı kaç birimkaredir?",18,21,24,27,30,D
5677f5d0-a125-5069-ac20-fae13c7a44d0,MATEMATIK,"$f: (-\infty, 3] \to [-5, \infty)$ fonksiyonu
$f(x) = x^2-6x+4$
biçiminde tanımlanıyor.
Buna göre, $f^{-1}(-1)$ kaçtır?",-5,-4,-3,-1,1,C
6b329fd4-9724-578d-8a28-951bc664844a,MATEMATIK,"$P(x)$ bir polinom olmak üzere,
$P(P(a)) = 0$
eşitliğini sağlayan $a$ değerlerine bu polinomun katlı sıfırları denir. Örneğin, $P(x) = 2x-12$ polinomunda
$P(P(9)) = 0$
olduğu için $P(x)$ polinomunun katlı sıfırı 9'dur.
Başkat sayısı 1 olan 1. dereceden bir $P(x)$ polinomunun katlı sıfırı 2'dir.
Buna göre, $P(x)$ polinomunun katsayılar toplamı kaçtır?",-1,0,1,2,3,C
edf22be9-e416-5f4a-9d5e-940333bad9a4,MATEMATIK,"1'den farklı pozitif tam sayı olmak üzere, uzunluğu 6 km olan yürüyüş parkurunda yürümeye başlayan Emre $t$ dakika sonra $\log_2(t+1)$ km ilerlemiştir. Emre başlangıçtan itibaren 7 dakika yürüyünce parkurun yarısını bitirmiş olabildiğine göre, Emre başlangıçtan itibaren hiç durmadan parkurun tamamını kaç dakikada bitirebilir?",15,31,63,127,255,C
f83de8f4-fae7-5e7d-9940-69077961a125,MATEMATIK,$f(x) = 2x^3 - 3x^2 - 12x + 1$ fonksiyonu için aşağıdakilerden hangisi doğrudur?,Yerel minimum değeri 2'dir.,$x > 2$ için fonksiyon azalandır.,"$(2, 10)$ noktası yerel minimum noktasıdır.",$-3 < x < 2$ aralığında fonksiyon artandır.,Yerel maksimum değeri 8'dir.,E
c8fb686b-c9e3-5d35-99a6-0c2d97690b51,MATEMATIK,"$x, y$ gerçek sayılar ve $x < y < 0$ olduğuna göre $\frac{y+|y-x|}{|x|}$ ifadesi aşağıdakilerden hangisine eşittir?",-x,-1,1,x,y,B
a176f5ab-fd41-5b34-9e05-fbffdd41aa6b,FIZIK,Elektrik alanı yüklü bir cisimden $d$ kadar uzaklıkta bulunan pozitif test yüküne etki eden elektriksel kuvvettir. Buna göre aşağıdakilerden hangisi bir noktadaki elektrik alanı ile ilgili kesinlikle doğrudur?,Noktada bulunan bir elektrona etki eden elektriksel kuvvettir.,Yönü noktadan yüke doğrudur.,Yönü noktadan dışarı doğrudur.,Yüklü cisim ile nokta arasındaki uzaklığın karesi ile ters orantılıdır.,Yükün kendisinden $d$ kadar uzaklıkta bulunan $+1$ Coulomb'luk yüke etki eden elektriksel kuvvettir.,E
56d7bf38-4bad-5e7c-8659-0d2b3949d372,MATEMATIK,$\log_3 2 \cdot \log_2 25$ çarpımının sonucu kaçtır?,2,4,$\log_3 5$,$\log_3 2$,6,B
e490323e-0518-52d8-9252-241109339697,MATEMATIK,$(a_n) = (\frac{n-5}{3n+9})$ dizisinin kaç terimi $\frac{1}{8}$ den küçüktür?,14,15,16,17,18,C
a4eafde3-4b8d-5bcc-9814-0c69e1fd7e2f,TURKCE,"(I) Zamanın nasıl geçtiğini anlamak istemiyorsanız kesinlikle buraya gelmelisiniz. (II) Zaman âdeta avuçlarınızın içinden kayıp gider burada. (III) Çünkü burası tüm uygarlıkların o sayfa yapılmış bir yerdir. (IV) Heyecan ve neşe içinde günün nasıl geçtiğini anlamazsınız bile. (V) Denizim mis gibi kokusu, dağlardan gelen rüzgârlar size doğanın tüm coşkusunu yaşatır. (VI) İnsan buradayken her şeyin kendisi için var olduğu düşüncesine kapılır.

Bu parçada numaralanmış cümlelerin hangisi anlatımın akışını bozmaktadır?",I,II,III,IV,V,C
80149039-2116-5d06-8e22-e585e151578e,MATEMATIK,"$\log_3(16^{x-1}) = \log_9(27^{x+2})$ olduğuna göre, x kaçtır?",$\frac{6}{7}$,$\frac{5}{8}$,$\frac{4}{9}$,$\frac{3}{10}$,$\frac{2}{11}$,E
dd218511-41eb-5ce7-b80d-246a51f5afcf,TURKCE,"İnsanlarla olan ilişkilerimizde bizi sıkıntıya sokan şey, kendi hayat görüşümüzü başkasında aramızdır.
Bu cümlede anlatılmak istenen aşağıdakilerden hangisidir?","Küçük detaylara takılmamak, dostluğa giden yolun taşlarını döşer.","İnsanları sevmek, hayattaki en önemli başarıdır.","Başkalarının farklılığını kabul etmek, ilişkilerimizi kolaylaştırır.",Kendi hayat görüşümüzü başkalarına göre değiştirmemeliyiz.,"İnsan, ilişkilerini sıkıntılı durumlarda gözden geçirmelidir.",C
1f193794-59e2-51a9-aefc-45cb5b5613b2,MATEMATIK,"$P(x) = x^3 - 7x + c$ olmak üzere
• $P(x)$ polinomunun $x-a$ ve $x-b$ ile tam bölünmektedir.
• $P(x)$ polinomunun $x-a-b$ ifadesi ile bölümünden kalan $12$'dir.
Buna göre, $c$ kaçtır?",-6,-8,12,16,49,C
fb642bf1-b2be-509b-aa7f-ae967979abfe,MATEMATIK,"$[0,1]$ aralığında tanımlı bir $f$ fonksiyonu için, $f(x) + 2f(1-x) = 3x$ olduğuna göre, $\int_{0}^{1} f(x) dx$ integralinin değeri kaçtır?",\frac{1}{6},\frac{1}{2},1,2,\frac{3}{2},B
d5d8d7ea-478c-54c7-82fa-c47aa473b657,TURKCE,"Spiker: (I) ---- Antrenör: — Oyuncuları gözlem altında tutarak oyuncular dışarıda gösterdiği antrenman metotlarını değiştiriyoruz ya da bazen fiziksel antrenmanlar dahi yapmadan oyuncuları sahadan uzak tutarak sosyal çalışmalara katılmaları için onların farklı ortamlarda bulunmalarına dikkat ediyoruz. Spiker: (II) ---- Antrenör: — Avrupa, bu konuda bizden 10 yıl önde. Biz onları kaç yılda yakalarız veya onlar bu sürede arayı ne kadar açar, bunu bilemem ama dünya futbolu hızla gelişiyor ve ilerliyor. Avrupa şampiyonalarında Türk takımları alt-yapı kategorilerinde sürekli başarılı oluyor ama oyuncuların yaşları 16'yı geçince işler tam tersine dönüyor. Bu diyalogda boş bırakılan yerlere aşağıdakilerden hangisi sırasıyla getirilmelidir?","I. Oyuncularınızı önemli bir karşılaşmaya nasıl hazırlıyorsunuz?
II. Avrupa takımlarının altyapı başarısında yaş unsurunun etkili olduğunu düşünüyor musunuz?","I. Oyuncularınızın oyun dışında hangi aktiviteleri yapmalarını destekliyorsunuz?
II. Ülkemizdeki altyapı çalışmalarındaki başarısızlığın sebebi nedir?","I. Oyuncuların bir karşılaşmadan sonra en çok ihtiyaç duydukları şey nedir?
II. Dünya futbolundaki çağdaş altyapı standartlarını biz de yakalayabilir miyiz?","I. Oyuncularınızın oyun hazırlıkları üzerinde çok durduğunuz bir taktik var mı?
II. Ülkemiz futbolu, altyapı çalışmalarına gereken önemi vermesi için nelere dikkat etmelidir?","I. Oyuncularınızın konsantrasyonunu artırmak için ne tür çalışmalar yapıyorsunuz?
II. Avrupa futboluyla karşılaştırdığımızda ülkemizin futbol altyapı çalışmalarını nasıl buluyorsunuz?",B
f71d38a9-cf3e-5f3a-a70a-0a334edfff30,MATEMATIK,"$a^2 - 3a + 1 = 0$ olmak üzere, $a^8 + a^4 + 1 = 0$ denkleminde $k$ reel sayısı kaçtır?",23,29,37,47,53,D
f5b52c33-348c-5a36-8909-083551b9466e,MATEMATIK,"$f(x) = x|x|$ olduğuna göre, $f''(1)$ kaçtır?",0,1,2,3,4,C
841f98ef-d910-5e95-95a1-2aaede221dd2,KIMYA,"$X_n Y_m$ tuzunun saf suda çözünmesi ile elde edilen çözeltideki iyonların derişiminin zamanla değişim grafiği gibidir. Buna göre, $X_n Y_m$ tuzunun çözünürlük çarpımı ($K_{çç}$) kaçtır?",$8 \cdot 10^{-12}$,$4 \cdot 10^{-12}$,$16 \cdot 10^{-12}$,$32 \cdot 10^{-12}$,$32 \cdot 10^{-10}$,D
b1d2de3f-cc2f-5ef8-8109-81a35116ea77,MATEMATIK,"KLMN bir kare olmak üzere, $3 \cdot |TK| = |NT|$ ve $[MT] \perp [TP]$ Buna göre, $\cot x$ değeri kaçtır?",$\frac{3}{4}$,$\frac{4}{3}$,$\frac{3}{5}$,$\frac{4}{5}$,$\frac{5}{4}$,A
7073e16f-5354-5d9a-a4c9-dc1f10eb093d,TURKCE,"I. Çoklu baro sistemi; savunmaya ne getirecek, ne götürecek?
II. Hüseyin Rahmi, 1919'da yazdığı Hakka Sığındık romanında İspanyol gribi üzerinden bir dönemi ele alıyor.
III. Bu yalnızlıklar diyarında ne bir kişiye ne bir yere bağlanamadım.
IV. Annem, babamın anlattıklarını olduğu gibi aynen anlattı bana.
V. Olgular aynı olsa da açılar farklı olabiliyor çünkü algıyı yönlendiren kişisel nitelikler çeşit çeşittir.
Bu cümlelerin hangisinde anlatım bozukluğu yoktur?",I,II,III,IV,V,E
727db5ac-754e-5f2e-b281-8bacaece9950,EDEBIYAT,"I. Köroğlu adı, hem Türk boylarının yayıldığı coğrafi alan içerisinde bilinen bir destan kahramanının adı hem de 16-17. yüzyıllarda yaşadığı tahmin edilen Anadolu sahası bir âşığın mahlasıdır.
II. Asıl adı ve doğum tarihi tam olarak bilinmeyen Köroğlu mahlaslı âşığın 16-17. yüzyıllarda yaşadığı tahmin edilmektedir.
III. Âşık Köroğlu, Bolu Bey'ine karşı mücadelesini dile getirdiği koçaklama şiirleri ile ünlüdür.
Bu numaralanmış cümlelerde verilen bilgilerden hangisi Köroğlu'nun özelliklerinden biri değildir?",Yalnız I,Yalnız II,Yalnız III,I ve III,II ve IV,B
9da37dc1-f526-59a5-b931-cf13026a4c88,TURKCE,"Hayatınızdaki karışıklığı gidermenin bir yolu da işleri (I) bir süre olana bırakmaktır. Küçük bir havuzu (II) küçücük (III) bir hareketle bulanıklaştığında, sizin müdahaleniz değil (IV) ona hiç dokunmamanız sayesinde yeniden durulur. (V)
Bu parçada numaralanmış sözcüklerin hangilerinde ünsüz sertleşmesi vardır?",I ve II,II ve III,III ve V,IV ve VI,V,B
77e02831-53df-5cf1-a58b-1795b53fcd6d,TARIH,Osmanlı Devletinde aşağıdakilerden hangisi kalemiye sınıfının üyeleri arasında yer almaz?,Defterdar,Kazasker,Nişancı,Reisülküttap,Divan kâtibi,B
0e66e2a3-2729-571a-bb5c-e77f410bd01f,MATEMATIK,"$2^x=5$ olduğuna göre, $8^x-3.2^{x+2}$ işleminin sonucu kaçtır?",60,65,70,75,80,A
e21c5869-b027-5f06-b049-b30fb97fc326,MATEMATIK,"$f(x) = \begin{cases} x-3, & x>2 \\ 3x+5, & x \le 2 \end{cases}$ olduğuna göre, $f(f(3))$ değeri kaçtır?",8,7,6,5,4,A
a46db363-c7b9-58f2-a255-917b705c59bc,MATEMATIK,"Kökleri $a, b$ ve $c$ sayıları olan $x^3+2x-3=0$ denklemi için $a-b=c$ olduğuna göre, $a^2+b^2+c^2$ toplamı kaçtır?",-3,-6,-9,-12,-15,B
34c05834-23a4-53d4-9cb5-34ea72e99f1c,MATEMATIK,$f(x) = \frac{x^2-2}{x^3-9x-1}$ fonksiyonunun türevinin olmadığı $x$ değerlerinin toplamı kaçtır?,-4,-3,-1,1,3,B
a85987d4-be3d-52a3-9109-56d2a1e5bee0,MATEMATIK,$(a-x) \cdot (b-y) - x \cdot (y-b) - y \cdot (x+a) - b - 2y$ ifadesinin en sade hali aşağıdakilerden hangisidir?,$a$,$b$,$x$,$y$,$xy$,A
8ab83625-b730-52f5-a84d-27cb0d709cf3,GEOMETRI,"Dik koordinat düzleminde $A(1, 2)$ noktasında dik kesişen doğrulardan birinin $x$-eksenini kestiği noktanın apsisi $5$'tir. Buna göre, diğer doğrunun $y$-eksenini kestiği noktanın ordinatı kaçtır?",-4,-2,-1,0,1,E
c83fb498-ec04-590f-addb-a254bee3ae50,MATEMATIK,$i^2 = -1$ olmak üzere $(i^2+2) \cdot (4-i^2) - (i^3-i) \cdot 3i$ ifadesinin eşit aşağıdakilerden hangisidir?,0,$i$,$1+2i$,$-i$,$1-2i$,C
fccf3887-bf98-5297-8179-2faae9c1e2bf,TARIH,"Selçuklu yönetimi fethedilen yerlerdeki tarıma uygun boş toprakları din ve ırk ayrımı yapmadan, çalışmak isteyen insanlara vermiştir. Bu durumun; I. Vergi gelirlerini artırmak, II. Üretimi teşvik etmek, III. Boş toprakları değerlendirmek hedeflerinden hangilerini gerçekleştirmeye yönelik olduğu savunulabilir?",Yalnız I,Yalnız II,I ve II,I ve III,"I, II ve III",E
75f8ebf8-b2fd-5e50-9bec-6a39633530bf,MATEMATIK,"$(a_n)=(0, 3, 8, 15, 24, 35, ...)$ dizisinin genel terimi aşağıdakilerden hangisi olabilir?",$2n-2$,$n^2+1$,$n^2-1$,$n^3-1$,$\frac{n-1}{3}$,C
dd874f9c-dccc-53d6-b08e-0a709b4cba80,MATEMATIK,"$(a_n) = (3n+7)$ ve $(b_n) = \begin{cases} (a_n), & n<5 \\ \frac{n}{2}, & n \ge 5 \end{cases}$ dizileri veriliyor. Buna göre, $b_7$ kaçtır?",44,46,48,50,60,A
decf84c2-5aa4-570d-a9cc-1cb62ca34383,KIMYA,"I. Mikrop öldürücü olma
II. Ağartıcı etki gösterme
III. Hipoklorit iyonu ($OCl^-$) içerme
Hangileri kireç kaymağı ve çamaşır suyunun ortak özelliklerindendir?",Yalnız I,Yalnız II,I ve II,I ve III,"I, II ve III",C
875473e6-f13e-50ce-a326-6b5365fc19c9,MATEMATIK,"Hızları saatte 15 km ve 18 km olan iki araç dairesel bir parkur üzerinde aynı noktadan farklı yönlere doğru harekete başlıyor. Yavaş olan araç 3. turu tamamladığında hızlı olan aracın 4. turu tamamlamasına 8 km kalıyor. Buna göre, parkurun uzunluğu kaç km'dir?",16,18,20,22,24,E
f8904283-67f8-5f00-81d9-eebf5294d57d,TURKCE,"(I) Ray Bradbury'nin 1951'de yazdığı ve ilk bilim kurgu eseri olan Fahrenheit 451, distopik roman kategorisinde neredeyse kült olmuş yapıtlardan birisidir. (II) Distopya kavramı, otoriter, totaliter veya baskıcı bir devlet anlayışı ile yönetilen toplumlar için kullanılır. (III) Kitapta bir itfaiyeci olan ve mesleğini seven Guy Montag, yangınları söndüren bir itfaiyeci değil tersine devletin izni ile kitapları yakan bir itfaiyecidir. (IV) Bay Montag, hiç sorgulamadan, düşünmeden işini yapar ve hatta işini yapmaktan mutludur da. (V) Ancak bir gün tanıştığı bir genç kız sayesinde doğru bildiği her şeyin bir yalan olduğunu anlar ve hayatını, dünyasını sorgulamaya başlar.
Bu parçadaki numaralanmış cümlelerden hangisi düşüncenin akışını bozmaktadır?",I,II,III,IV,V,B
2a1dba5d-43c9-57a3-9c5d-5ae85ba4a8e9,MATEMATIK,$\sin x = 2-a$ ve $\cos x = 3-a$ eşitliğini sağlayan $a$ gerçel sayı değerlerinin çarpımı kaçtır?,2,4,6,8,10,B
8ccd725b-a0d3-5cd7-a0d9-ab818e803ab9,MATEMATIK,$\frac{1}{x+3} + \frac{3}{x-a} = 7$ ifadesinin kökü $x=-2$ olduğuna göre $a$ sayısı aşağıdakilerden hangisidir?,$\frac{5}{2}$,-2,$\frac{3}{2}$,-1,0,A
9376e339-c0ce-51c5-aa3f-b70f5cfa6a34,EDEBIYAT,"Genellikle ölümden kaynaklanan acı veya üzüntüyü anlatmak için söylenen şiirlerdir. Doğal afetler, hastalıklar ve benzeri durumlar karşısında hissedilen çaresizlik, korku, isyan gibi duygular ifade edilir; ezgiyle söylenir. Aşağıdakilerden hangisi bu parçada söz edilen şiir türüne örnek verilebilir?","Şafak söktü tan yerleri atıyor, Tren gelmiş acı ötüyor, Kardeşim şehit olmuş yerde yatıyor, Ak elleri kızıl kana banıyor",Olsaydı dünyada iblisim yaver El etse sevdiğim acep el na'der Bilmem tecelli mi yoksa ki kader Beni bir vefasız yare yazmışlar,Bahçede hanımeli Derdinden oldum deli Âlemde hüner odur Sevmeli sevilmeli,Neyleyim ol yâre varamaz oldum Duman çöktü yolum kış oldu şimdi Mübarek cemâlin göremez oldum Derdim iki iken beş oldu şimdi,Yeşil kurbağalar öter göllerde Kırıldı kanadım kaldım çöllerde Anasız babasız gurbet ellerde Ya ben ağlamayım kimler ağlasın Şu mahzun gönlümü kimler eğlesin,A
378b8d4c-2585-592c-ba2d-1e738861c5dc,MATEMATIK,"Bir aritmetik diziyi oluşturan terimlerden en küçüğü 12 ve en büyüğü 60'tır. Bu aritmetik dizide bu iki terim dışındaki terimlerden 12 tanesi silinince kalan terimlerle, ortak farkı ilk aritmetik dizinin ortak farkının 3 katı olan yeni bir aritmetik dizi oluşturulmuştur. Buna göre, başlangıçtaki aritmetik dizinin baştan 10. terimi kaçtır?",33,36,39,42,45,C
f609facc-5589-520b-926e-5a2150c133e5,MATEMATIK,"$a$ ve $b$ pozitif gerçek sayılar için, $(a, b)$ noktası birim çember üzerinde olup $a+b=\frac{\sqrt{3}+1}{2}$ olduğuna göre, $a \cdot b$ çarpımı kaçtır?",$\frac{\sqrt{3}}{2}$,$\frac{\sqrt{3}}{3}$,$\frac{\sqrt{3}}{4}$,$\frac{\sqrt{3}}{6}$,$\frac{\sqrt{3}}{8}$,C
c670691d-dd54-572d-a2ec-153c03686a1d,MATEMATIK,"$y = f(x)$, katsayıları tam sayı olan ikinci dereceden bir polinom fonksiyondur. $\lim_{x \to 2} \frac{f(x+3)}{x-2} = K$ ve $\lim_{x \to -5} \frac{f(x+2)}{x+5} = L$. K ve L birer gerçek sayı olduğuna göre, $\lim_{x \to -1} \frac{f(x-1)}{x-1}$ ifadesinin değeri aşağıdakilerden hangisi olabilir?",30,24,18,16,14,B
a9f6604f-ccdb-5956-bf1c-a6c0f7fc11ca,MATEMATIK,"14 kişilik bir sınıfta erkek öğrencilerden oluşturulabilecek ikili grupların sayısı, bu sınıftaki kız öğrencilerin sayısının üç katına eşittir. Buna göre, sınıfta kaç erkek öğrenci vardır?",4,5,7,9,10,C
2bf9c6f8-cf9e-5c26-8e48-a134df9afbca,MATEMATIK,$\tan(\arcsin \frac{1}{\sqrt{3}})$ ifadesinin değeri kaçtır?,$\frac{1}{\sqrt{3}}$,$-\frac{1}{\sqrt{3}}$,1,$-\sqrt{3}$,$\sqrt{3}$,A
0e51ffc2-2227-52b3-8099-f6dcbebb7712,MATEMATIK,"$P(x)$ sabit polinomdur. $P(x) = (a+P(2))x^2 + 12 + 3a$ olduğuna göre, $P(5)$ kaçtır?",-3,-2,1,2,3,E
dd56404f-715a-5bfb-87d1-f4f5edeed33c,MATEMATIK,"$\frac{x-5}{x-1} = 4$ olduğuna göre, $\frac{3x+1}{2x}$ kaçtır?",$\frac{10}{3}$,$\frac{2}{5}$,1,$\frac{4}{5}$,$\frac{5}{3}$,A
6c71d873-f819-5366-a56f-5ce8413cf8b1,MATEMATIK,"Aynı tür ürünlerin fiyatları aynı olan A ve B kırtasiyelerindeki kampanyalar aşağıdaki gibidir.

* A kırtasiyesinde bir sırt çantası alana bir kalem kutusu yarı fiyatına satılmaktadır.
* B kırtasiyesinde aynı tür 2 ürün alana 2. üründe %40 indirim uygulanmaktadır.

Ege ve Deniz, A kırtasiyesinin kampanyasından yararlanarak tanesi 300 TL olan aynı tür sırt çantası ve tanesi 120 TL olan aynı tür kalem kutusundan birer tane almışlardır.
Ege ve Deniz aynı tür sırt çantaları ve kalem kutularını birlikte B kırtasiyesinden birer tane alsalardı ödeyecekleri toplam tutar, A kırtasiyesine ödedikleri toplam tutardan kaç TL daha az olurdu?",30,36,42,48,54,C
e694e735-7ccb-5142-97de-4cefa91bc8d8,TARIH,"Malatya yakınlarındaki Arslantepe kazı bölgesinde bir prens mezarının içinde MÖ 3300 yıllarına ait üzerleri işlemeli kılıçlar bulunmuştur. Böylece Alacahöyük'teki kılıcın en eski kılıç olma bilgisi geçerliliğini yitirmiştir.
Buna göre
I. Tarih bilimi kendini yenileyen bir dinamizme sahiptir.
II. Tarih değişebilirlik özelliğine sahip bir bilim dalıdır.
III. Tarihî olaylar incelendiği dönemin şartlarına göre değerlendirilmelidir.
yargılarından hangilerine ulaşılabilir?",Yalnız I,I ve II,I ve III,II ve III,"I, II ve III",B
07923af8-b5f1-5c14-9024-4699052ff983,MATEMATIK,"Dik koordinat düzleminde $f(x) = mx^2 + 6x$ fonksiyonunun grafiğine $(1, f(1))$ noktasında çizilen teğet doğrusu $f(x+2)+4$ fonksiyonunun grafiğine teğettir. Buna göre, $m$ kaçtır?",-4,-3,-2,1,4,A
0a5e9087-e880-542d-9f0f-e65c467e37a4,MATEMATIK,"$f$ ve $g$ gerçek sayılarda türevlenebilir fonksiyonlar olmak üzere, $f(x+2)=\frac{3x-3}{g^2(x)+1}$ $f'(1)=2$ $g(2)-g'(2)=5$ olduğuna göre, $g'(2)$ kaçtır?",-16,8,16,-8,-10,A
8da22104-168b-57f1-90d2-4c592d49a07d,MATEMATIK,"Herhangi ardışık 3 teriminin toplamı birbirine eşit olan bir $a_n$ dizisi için $a_2 - a_3 - a_4 = 2$ eşitliği sağlanmaktadır. Buna göre, $a_1 + a_2 + \dots + a_{75}$ toplamının sonucu kaçtır?",34,35,36,37,38,E
de4ed374-ba24-5908-b237-c342d4b7051e,MATEMATIK,"İki basamaklı $AB$ doğal sayısı $B$ rakamının 19 katına eşittir. Buna göre, $A \cdot B$ çarpımı kaçtır?",35,36,40,45,54,E
95f41d16-0e56-5a6e-b7bd-87b603fe9d45,KIMYA,"$4NH_3 + 5O_2 \to 4NO + 6H_2O$ $2NO + O_2 \to 2NO_2$ $3NO_2 + H_2O \to 2HNO_3 + NO$ $0,6$ mol $NH_3$'ün yukarıdaki zincirleme tepkimeleri sonucu en fazla kaç mol $HNO_3$ oluşur?","$0,2$","$0,4$","$0,6$","$0,8$",$1$,A
a5548f6e-56b1-59b3-8281-7e84fc7536e9,MATEMATIK,"a ve b birer gerçek sayı ve $P(x)$ polinom olmak üzere, $x^2 \cdot P(x) = ax^3 - (2b-4)x^2 + (b-1)x + 2a - 6$ eşitliği veriliyor. Buna göre, $P(x+2)$ polinomunun katsayıları toplamı kaçtır?",1,3,5,7,9,D
e58bc63f-38b0-530d-92b3-d02d4e5fe379,MATEMATIK,9 soruluk bir sınavda ilk 5 sorunun en az 3'ünü cevaplamak zorunda olan bir öğrenci toplamda 7 soruyu kaç farklı biçimde cevaplar?,24,28,32,36,42,D
6ad14f1a-74c2-5bdd-9130-1e4b98a32757,MATEMATIK,"Kadir'in 256 GB'lık hafıza kartının bir kısmı doludur.
Kadir, bu hafıza kartına 40 GB'lık bir dosya yüklediğinde hafıza kartında boş kalan kısmın kapasitesi, dolu olan kısmın kapasitesinin $\frac{1}{3}$'ü kadar oluyor.
Buna göre, Kadir 40 GB'lık dosyayı yüklemeden önce bu hafıza kartının kaç GB'ı doluydu?",14,16,24,28,34,B
0fcc4e9c-3727-5210-8e21-b9ca730b2606,MATEMATIK,"$x$ ve $y$ birer gerçek sayı olmak üzere,
$y = x+2$
$x^2+y^2=8$
denklem sisteminin çözüm kümesi aşağıdakilerden hangisidir?","${(-3,-1), (2,1)}$","${(-3,-1), (2,4)}$","$({3,5), (2,0)}$","${(-3,0), (2,-1)}$","${(-3,2)}$",A
be23e1c2-68a1-5459-9dfb-a7725e56ad7f,GEOMETRI,"Çember üzerindeki birbirine en uzak iki noktasının koordinatları $A(3, 2)$ ve $B(1, -6)$ olan çemberin denklemi aşağıdakilerden hangisidir?",$(x+2)^2 + (y+2)^2 = 41$,$(x-2)^2 + (y+2)^2 = 17$,$(x-2)^2 + (y+2)^2 = 25$,$(x-2)^2 + (y+2)^2 = 65$,$(x-2)^2 + (y-2)^2 = 36$,B
9ca6bf4c-a280-563c-bd16-18662f74d79a,MATEMATIK,"$n$ kenarlı bir düzgün çokgenin içine yazılan $a$ doğal sayısının oluşturduğu sembol ile $n(2a)^1-1$ sayısı gösterilmektedir. Örneğin, $3$ sembolü ile $4 \cdot (2 \cdot 3)^1-1$ sayısı gösterilmektedir. Buna göre, $x+y$ işleminin sonucu kaçtır?",60,61,165,172,90,D
84b59a04-c42e-505e-b3d0-dcd518887d6d,TURKCE,"Sanal dünyanın ortaya çıkmasıyla birlikte yabancı kökenli sözcükler, özellikle dilin asıl sahibi gençlerin bu sözcükleri yaygın bir biçimde kullanmaya başlaması, İngilizcenin ağırlığını açık bir şekilde göze çarpmakta. Tamamen yerine ""okey"", güle güle yerine ""bye"" sıklıkla kullanılmakta. Sanal dünyada kullanılan bu dil ne yazık ki gerçek hayatı da etkilemektedir. Duyguların ya da bir dilde ifade edilmesini nispeten daha da kolaylaştıran emojiler ise sanal dünyanın ""gösterge bilimsel dili"" olarak ifade edilmektedir. Türkiye'de gerekse de dünyada her beş bireyden dördü sanal ortamda emojilere yer veriyor. Yüzde 80'lik bu kullanım oranı oldukça dikkat çekici. Emojilerle hislerimiz, duygularımız, düşüncelerimiz, ruh hâlimiz yansıtılırken kelimelerin yerini almadığı durumlarda kullanıcılara bu simgelere başvurulabilir. Jest ve mimiklerin yerine de kullanılabilen emojiler, soğuk olan yazınsal sanal dili daha sıcak bir hâle getiriyor. Kimi zaman meydana gelebilecek yanlış anlamaların önüne geçebiliyor. Ancak sürekli emojilerin kullanılması da millî dilin öz niteliklerine zarar vererek dili zedeleyebilir.
Bu parçadan hareketle aşağıdaki hangisine ulaşılamaz?","Emojiler, yazıyla yanlış anlaşılabilecek iletilerin anlamını netleştirebilmektedir.",Sanal ortamla beraber dildeki yozlaşma hızı artmıştır.,Emoji kullanımının dünya genelinde oldukça fazla olduğu görülmektedir.,Dildeki yabancı dil etkisi sadece sanal dünyada kendini göstermektedir.,"Emojiler, sanal dünyada hislerin aktarımında kolaylık sağlayabilmektedir.",D
f0985770-9589-5dea-b2e7-7f24bbc7ad88,MATEMATIK,$\frac{(x-1)^2}{|x+2|-3} \le 0$ eşitsizliğini sağlayan kaç farklı tam sayı değeri vardır?,7,4,6,3,5,E
65198925-1604-571c-b037-51dc0ad43cbc,TURKCE,"Dil ve anlatımı sade ama o kadar da derindir. Dilin anlatım yapısını bozarak dile yeni anlamlar kazandırmıştır. Onun dili, kendine özgüdür. Atilla Özkırımlı onun için şu cümleleri kullanmıştır: ""Alışılmış öykü anlayışı dışında yeni anlatım olanakları denediği ve soyutlamalara başvurduğu öykülerinde insanın iç gerçekliğini, dilin içe yansımasını vermek istedi. Yayımladığı iki kitabı oldukça geniş bir ilgiyle karşılanmakla birlikte çalışmaları sürmedi."" Buradan da anladığımız gibi Tomris Uyar ya da Didem Madak gibi düzensiz -düzensiz sürekli eser veren bir öykücü ile karşılaşmıyoruz.

Bu parça sözü edilen sanatçı ile ilgili olarak aşağıdakilerden hangisi söylenemez?",Yayımladığı eserleri çok beğenilmiştir.,Çok az eser yayımlamıştır.,Üzerine epeyce eleştiri yapılmıştır.,Özgün bir anlatımı vardır.,Yoğun bir anlatıma sahiptir.,C
40fc9b51-ee67-519e-b5cc-504e4139f24d,MATEMATIK,$(x-3)(x^2-3x-4)=0$ denklemini sağlayan $x$ değerlerinin toplamı kaçtır?,-4,2,0,-2,-1,B
fc68dcde-4839-50d9-b8c6-fd077b8a1bda,KIMYA,"Nötr hâlde $10$ tane tam dolu $5$ tane yarı dolu orbital içeren bir element atomu ile ilgili,
I. En yüksek enerjili orbitalin baş kuantum sayısı $3$'tür.
II. En büyük baş kuantum sayısı $4$'tür.
III. Küresel simetri özelliği gösterir.
IV. Manyetik kuantum sayısı ($m_l$) $0$ olan $13$ elektronu vardır.
yargılarından hangileri doğrudur?",Yalnız I,I ve II,I ve III,"I, II ve IV","II, III ve IV",E
607805df-b283-5542-b072-19418083983c,MATEMATIK,Denkleminin çözüm kümesi aşağıdakilerden hangisidir? $\sqrt{x-2}-3\sqrt[4]{x-2}-2=0$,"{1, 2}","{1, 4}","{2, 5}","{1, 18}","{3, 18}",D
22e5a5b0-84d6-5951-8d99-f9df7de269c1,MATEMATIK,"Pozitif gerçek sayılarda tanımlı $f$ ve $g$ fonksiyonları için
$(fog)(x) = \frac{f(x)-g(x)+4}{(f-g)(x)}$
$f(x) = 3x-1$
olduğuna göre, $g(2)$ kaçtır?",$\frac{2}{5}$,$\frac{3}{5}$,$\frac{1}{4}$,$\frac{1}{2}$,$\frac{3}{7}$,D
e65046ea-a0de-52c3-a119-f6b9a77feb5c,KIMYA,"$_{22}\text{Ti}$ atomunun temel hal elektron diziliminde en dış yörüngesinde bulunan herhangi bir elektron için n, $\ell$ ve $\text{m}_\ell$ kuantum sayılarının alabileceği değerler aşağıdakilerden hangisinde doğru verilmiştir?","n: 3, $\ell$: 2, $\text{m}_\ell$: 1","n: 3, $\ell$: 1, $\text{m}_\ell$: 0","n: 4, $\ell$: 0, $\text{m}_\ell$: 1","n: 4, $\ell$: 1, $\text{m}_\ell$: -1","n: 4, $\ell$: 0, $\text{m}_\ell$: 0",E
284ab82c-0b14-52f1-93fb-bff51b6e5d3b,GEOMETRI,"Birim karelere ayrılmış zeminde A noktasında bulunan bir hareketli sırasıyla 6 birim sağa, 7 birim aşağı, 4 birim sağa ve 4 birim aşağı giderek bir B noktasına varıyor. Bir süre sonra bu hareketli B noktasından A noktasına en kısa yoldan geri dönüyor.
Bu hareketlinin gidişte toplamda yürüdüğü yol dönüşte yürüdüğü yoldan 6 birim fazla olduğuna göre, a kaçtır?",1,3,5,6,7,C
35ab6ba3-6476-5204-9782-073a4efc9848,MATEMATIK,"$f(x)$ eğrisi üzerinde $A(2, 19)$ noktasından çizilen teğetin eğimi $1$'dir. $f''(x) = 6x$ olduğuna göre, $f(x)$ eğrisi $y$ eksenini hangi noktada keser?","$(0, 1)$","$(0, 2)$","$(0, 6)$","$(0, 19)$","$(0, 33)$",A
4b61d0f5-f5f5-5ddd-96d6-fc892f0da1ab,MATEMATIK,"A ve B bağımsız iki olay olmak üzere, $P(A)=\frac{1}{5}$ ve $P(B)=\frac{2}{15}$ olduğuna göre, $P(A \cup B)$ kaçtır?",\frac{11}{15},\frac{2}{3},\frac{11}{20},\frac{8}{15},\frac{23}{75},E
169ddfd9-64bc-55e8-ba6b-3307866359b0,KIMYA,"Çok elektronlu temel hâldeki bir atomun 4. katmanında bulunan $p$ orbitalleri ile ilgili,
I. Açısal momentum kuantum sayısı ($l$) 1'dir.
II. Enerjisi, $5s$ orbitallerinin enerjisinden düşüktür.
III. Çekirdeğin iki tarafına zıt olarak yönelmiş iki ayrı lobdan oluşan elektron bulutudur.
yargılarından hangileri doğrudur?",Yalnız I,Yalnız II,I ve III,I ve II,II ve III,C
7262c258-6690-5a6b-8f58-8eba2fbe1717,KIMYA,"C, H ve O'dan oluşan bir bileşikte $3,6 \text{ gram C}$, $0,6 \text{ gram H}$ ve $4,8 \text{ gram O}$ elementi bulunmaktadır. Bileşiğin mol kütlesi $90 \text{ g/mol}$ olduğuna göre molekül (gerçek) formülü aşağıdakilerden hangisidir? (C: 12 H: 1 O: 16)",$CH_2O$,$C_2H_4O_2$,$C_3H_6O_3$,$C_4H_8O_4$,$C_5H_{10}O_5$,C
70387a97-ca78-5f46-b07f-b9e5b9072134,MATEMATIK,$$\frac{x^2-9}{\sqrt{x}} \le 0$$ eşitsizliğinin en geniş çözüm aralığı aşağıdakilerden hangisidir?,"$$[1, 3)$$","$$(-3, 1)$$","$$[1, 3]$$","$$[1, \infty)$$","$$(-3, 3) - \{1\}$$",C
7e4dee92-6681-54b0-9c14-5c3c141ae2f2,TURKCE,"--- Ebeveynlerimiz ya da büyük kardeşlerimiz, bir şey yaptığımızda ya da çizgiği aştığımızda bunu bize göstermek için bir yüzlerini takınırlar. Gayet kayıtsız biri olduğunu söyleyebileceğim babamın saat gibi işleyen bir ""bakışı"" vardı, ne zaman bu bakışını yöneltse bu benim için yeterli olurdu. Bu, arkadaşlarımın bile korkmasına neden olan bir bakıştı. Bizi hiçbir zaman sözlü olarak uyarmasına ya da azarlamasına gerek kalmamıştı. Bu bakışın takındığı anda, konu kapanırdı. Belli belirsiz ortaya konulan zamanlar da dâhil olmak üzere onaylamamaya yönelik işaretleri algılama ve anlamlandırma da büyük oranda usta olduğumuzu söyleyebilirim.

Bu parçada boş bırakılan yere başına düşüncenin akışına göre aşağıdakilerden hangisi getirilmelidir?",Bir yerin kurallarını anlamanın yolu bölge insanının davranışlarını tanımaktır.,İşaretler sayesinde nörodo kabalık ya da görgüsüzlük yaptığımızı anlayabiliriz.,Uyarıya dönük işaretler farklı şekillerde ortaya konur ve sosyal normları yansıtır.,"İnsanın süsü yüz; yüzün süsü, göz; aklın süsü, dil; dilin süsü de sözdür.",Onaylamamaya yönelik işaretlerin büyük kısmı yüz mimaracılığıyla dışa vurulur.,E
b2ff5a13-1551-5c1c-92f6-bf4ba16e2a43,MATEMATIK,"Katsayıları $\{-1, 2, 3\}$ kümesinin elemanlarından seçilerek $ax^2 + bx + c = 0$ biçiminde ikinci dereceden denklemler yazılacaktır. Buna göre, iki gerçek kökü olan kaç farklı ikinci dereceden denklem yazılabilir?",10,13,14,17,27,B
543fe1e9-696d-5117-982e-df4a6050a2d4,TURKCE,"Kimi okur, yazarı anlattığını kurarken, ""ben"" dediği kişiyle yazar arasında dolaysızca, kaba bir deyişle kurşun yazarla özdeş bir bağ kurar. Oysa yazarın ""ben""i, anlattığı kahramanlarda gizlidir. Bu parçada asıl anlatılmak istenen aşağıdakilerden hangisidir?",Yazarın yaşamından izler taşımayan yapıt düşünülemez.,Bir yapıtta yazarın aksettirdiği kişilik özelliklerini ancak iyi okurlar çözebilir.,"Yazar, çoğu zaman yarattığı kahramanlarla kendi özelliklerini yansıtır.","Bir yazıda anlatıcı, vermek istediği düşünceyi açıkça belirtmelidir.",Bir okuyucunun bir metni tam olarak yorumlaması olanak dışıdır.,B
fef3760c-4e56-5f3b-b5d6-e70fd910930e,MATEMATIK,$[\sin (\frac{7\pi}{18}) - \cos (\frac{4\pi}{9})]^2 - [\sin (\frac{4\pi}{9}) - \cos (\frac{7\pi}{18})]^2$ işleminin sonucu kaçtır?,$2$,$2 - \sqrt{2}$,$2 - \sqrt{3}$,$3$,$3 - \sqrt{3}$,A
ff3c16f3-fe0e-575e-aeeb-f36406beb336,TURKCE,"Birçok sözcük bağlam içinde farklı anlamlar kazandırdığı, bunların çağrıştırdığı duygu ve düşünceler de değişiklik gösterebilir. Söz gelimi ""disiplin"" kavramı; çoğunlukla kural ve yönetmeliklere uygun düzen, eğitimle elde edilen davranışı ifade eder. Disiplin sözcüğü tek başına kullanıldığında herkes ondan yanadır ancak bu sözcük ""disiplin altına almak"" şeklinde kullanıldığı zaman işler değişir. Disiplin altına almak; eğitim vermek veya denetim altında tutarak boyun eğdirmek, cezalandırmak ve düzene sokmak anlamındadır. Kısacası disiplin kavramı, akla olumlu çağrışımlar getirirken disiplin altına almak sözü kişilerin kan basınçlarını artırır, seslerini yükseltir.
Bu parçanın anlatımında aşağıdakilerden hangisine yer verilmemiştir?",Örneklemeye,Karşılaştırmaya,Tanımlamaya,Benzetmeye,Neden-sonuç ilişkisine,D
b16dcf10-f6cb-530e-a63e-57dd2174b66f,TURKCE,"Atatürk'ün Büyük Taarruz öncesi bir tarafta savaş planları yaparken diğer tarafta geceleri kitap okuduğu ortaya çıkıyor. Savaş alanında Çalıkuşu'nu okuduğu, ondan çok etkilendiği ve arkadaşlarına da okumalarını önerdiği bilinmektedir. Hayatının tamamı dolu ve yoğun geçen Atatürk'ün 27 yıllık yaşamında çoğu işaretlenmiş ve not alınmış 4 bin kitap olduğu arşivler tarafından tespit edilmiştir. Kitaplara verdiği önemi şu sözlerle dile getiriyor Atatürk: ""Çocukluğumda elime geçen iki kuruştan birini kitaplara vermeseydim, işlerin hiçbirini yapamazdım."" Atatürk, ""Cumhuriyet'in temeli kültürdür."" ifadesi ile de okula, okumaya ve kültüre verdiği önemi ortaya koymaktadır.
Bu parçadan hareketle aşağıdaki çıkarımlardan hangisi yapılamaz?",Türkiye Cumhuriyeti'nin kurulmasında kitapların etkisi vardır.,"Toplumsal birikime sahip çıkan ve okuyan bir millet, güçlü bir devletin varlığının teminatıdır.","Kitap almak için para harcamak, diğer temel ihtiyaçlar için para harcamak kadar önemlidir.","Kitap okumak; boş vakitleri değerlendirecek bir hobi değil, bir yaşam şekli olmalıdır.","Kitap okurken önemli yerlerin altını çizmek ve notlar almak, diğer okuma şekillerinden etkilidir.",E
a1bdf20b-e885-5790-a853-c0f924916f23,MATEMATIK,$(x-5)^{10-x}=1$ denklemini sağlayan $x$ değerlerinin toplamı kaçtır?,4,6,10,16,20,E
ae625430-3f75-5550-a699-65820dc2e400,MATEMATIK,"$4x^2-bx+25=0$ ifadesi tam kare olduğuna göre, $b$ aşağıdakilerden hangisi olabilir?",24,20,16,12,10,B
925246fb-5816-59a8-b623-73b08d662f23,MATEMATIK,İşleminin sonucu kaçtır? $\frac{(3^{-1}+3^0)\cdot2^{-2}}{3^{-1}}$,$\frac{9}{2}$,$\frac{9}{4}$,$\frac{2}{9}$,$\frac{4}{9}$,$\frac{8}{9}$,B
9fd6f615-bf48-5a88-afcf-a55929aadf34,FIZIK,"Bir fotoelektrik olayda metal yüzeye gönderilen bir foton, yüzeyden bir fotoelektron sökülmesini sağlamıştır.
Buna göre daha yüksek frekanslı bir foton aynı metale, metalin yüzeyindeki atomla etkileşecek şekilde gönderilirse
I. Yüzeyden birden fazla elektron sökebilir.
II. Sökülen fotoelektronun kinetik enerjisi artabilir.
III. Yüzeyden elektron sökemeyebilir.
yargılarından hangileri doğrudur?",Yalnız I,Yalnız II,Yalnız III,I ve II,II ve III,B
b74db5b7-7f45-5e7f-ad1f-0379f4f0e6e9,MATEMATIK,$m^{m}=\frac{9^2+2^{10}-(3^2)^2}{4^4}$ ve $4^n-2^{2n-1}-0$ eşitliklerine göre aşağıdaki seçeneklerden hangisi doğrudur?,$n=m-3$,$m=n-3$,$|m|<|n|$,$n<m$,$m+n=2$,D
21f0a7cc-f12f-554e-bbca-dd70ada3b90b,TARIH,"Köprülü Mehmet Paşa, sadrazamlığı şu şartları öne sürerek kabul etmiştir:
I. Saray görevlilerinin padişahın kabul edilmesi,
II. Devlet memuriyetlerine istediği kişileri getirebilecek olması,
III. Sarayın devlet işlerine müdahale etmemesi
Bunlardan hangileri, Köprülü Mehmet Paşa'nın uyum içerisinde çalışabileceği bir kadro oluşturma amacına yöneliktir?",Yalnız I,Yalnız II,Yalnız III,I ve II,II ve III,D
d220913b-7d85-575f-a7cd-160b50c881e9,MATEMATIK,"$f$ çift fonksiyon olmak üzere, $y=2f(x)$ fonksiyonunun grafiğinin orijine göre simetriği alındığında $y=3f(x)+2x^3-3$ fonksiyonunun grafiği elde edilmektedir. Buna göre, $f(3)$ kaçtır?",-15,-5,-3,3,15,B
91446b78-eeb6-5525-adb9-2c519e3945d1,EDEBIYAT,"Aşağıdaki numaralanmış cümlelerin hangisinde bilgi yanlışı vardır?
I. Asıl adı Mehmet Raşit Öğütçü olan Orhan Kemal, toplumsal gerçekçiliğin öykü ve roman yazarlarındandır.
II. Adını Göl İnsanları ve Devlet Ana adlı eserleriyle duyurdu.
III. Baba Evi, Murtaza, Cemile, Hanımın Çiftliği, Gurbet Kuşları gibi romanları; Ekmek Kavgası, Çamaşırcının Kızı gibi öykü kitapları vardır.",I,II,III,IV,V,B
1a629639-84f2-56d4-9732-54c90f814231,KIMYA,"$NH_4^+$ molekülü ile ilgili, I. Bağ açısı $109,5^o$'dir. II. Geometrik şekli düzgün dörtyüzlüdür. III. VSEPR gösterimi $AX_4$'tür. IV. Merkez atomun hibritleşme türü $sp^3$'tür. yargılarından hangileri doğrudur? ($_1H, _7N$)",Yalnız I,I ve II,"I, II ve III","II, III ve IV","I, II, III ve IV",E
b02f44c2-9246-5ad0-bdb1-e532b4c42ce7,KIMYA,"Al$_2$S$_3$ bileşiğinin 50 gramında 18 gram Al bulunmaktadır. Buna göre, Al$_2$S$_3$ bileşiği ile ilgili; I. Kütlece % 36 Al içerir. II. 200 gram Al$_2$S$_3$ bileşiğinde 72 gram Al bulunur. III. Kütlece birleşme oranı $\frac{m_{Al}}{m_S} = \frac{9}{16}$ dır. yargılarından hangileri doğrudur?",Yalnız I,Yalnız III,I ve II,II ve III,"I, II ve III",E
5342bc2e-6071-58ab-b405-2269c2a1028f,MATEMATIK,"Bir antrenör, ekibindeki sekiz kişi arasından dört kişi seçerek bir takım oluşturacaktır. Antrenör, takımını oluştururken daha fazla seçeneğinin olması için ekibine dokuzuncu bir kişiyi dâhil etmiştir. Dokuzuncu kişi, ekipteki iki kişiyle aynı takımda olmak istemediğini ve bu kişilerden birinin veya her ikisinin oluşturulacak takımda yer alması durumunda kendisinin takımda yer almayacağını antrenöre söylemiştir. Buna göre, antrenörün seçeneklerinin sayısında ekibe yeni katılan sporcu sayesinde ne kadarlık artış olmuştur?",$\binom{8}{3}$,$\binom{7}{3}$,$\binom{6}{3}$,$\binom{8}{4}$,$\binom{6}{4}$,A
4253f0a6-3332-527b-b69b-88b64d450dc9,KIMYA,"H ve X, Y, Z halojenlerinin elektronegatifliklerinin karşılaştırılması $X > Y > Z > H$ şeklindedir. Buna göre; I. Suda iyonlaşma yüzdesi en büyük olan HZ'dir. II. Oda koşullarında eşit derişimli sulu çözeltilerinden pH değeri en büyük olan HX'tir. III. $HYO_3$ asidi, $HYO_3$ asidinden kuvvetlidir. yargılarından hangileri doğrudur?",Yalnız I,Yalnız II,Yalnız III,I ve II,II ve III,E
c87d1dc9-0aca-5af8-bac2-ce6ee6c34927,MATEMATIK,"Gerçel katsayılı ve dördüncü dereceden olan bir $P(x)$ polinomu, her $x$ gerçel sayısı için $P(x) \ge 2x$ eşitsizliğini sağlıyor. $P(1) = 2$, $P(2) = 4$, $P(3) = 14$ olduğuna göre, $P(4)$ kaçtır?",90,84,82,80,78,D
0e8fdacf-3da7-598f-8c6c-a6a68769e4e5,BIYOLOJI,"Belirli bir ortamda yaşayan aynı tür organizmalardan oluşan topluluğa ""popülasyon"" denir.
Buna göre aşağıdakilerden hangisi bir popülasyon örneği olamaz?",Bir akvaryumda yaşayan balıklar,Bir ormandaki kızılçam ağaçları,Ankara'daki tiftik keçileri,Karadeniz'de yaşayan hamsiler,Kapadokya'da yaşayan Yılkı atları,A
66f3e32b-ae69-5807-bf35-a822a6cf87ce,COGRAFYA,Aşağıda birlikte verilen bölgelerden hangilerinin bölge sınırları çakışır?,"2, a","3, c","1, c","3, b","2, b",C
e7068bee-553b-5491-89f4-132a525c7c7f,KIMYA,Elektrokimyasal piller ile ilgili aşağıdaki ifadelerden hangisi yanlıştır?,Yükseltgenmenin olduğu elektrot anottur.,İndirgenmenin olduğu elektrot katottur.,Ekzotermiktir.,Pil çalışırken elektrolitli çözeltiler arasında yük dengesini sağlamak için tuz köprüsü kullanılır.,Dış devrede elektronlar katottan anota doğru gider.,E
5374c23f-485c-57ea-bd02-e16a6df2d8e5,KIMYA,"Mol kütlesi $60 \text{ g}$ olan esterin karboksilli asit izomeri ile ilgili;
I. Propanik asittir.
II. $KMnO_4$ ile yükseltgenebilir.
III. Suda iyi çözünür.
ifadelerinden hangileri doğrudur?
($\text{H}=1 \text{ g/mol}$, $\text{C}=12 \text{ g/mol}$, $\text{O}=16 \text{ g/mol}$)",Yalnız I,Yalnız II,Yalnız III,I ve II,II ve III,A
b7229a17-39a0-5c34-abce-471cbd49aea2,TURKCE,"(I) Yazılım, elektronik aygıtların belirli bir işi yapmasını sağlayan programların tamamına verilen addır. (II) Yani elektronik cihazın donanımlarını kontrol eden, kullanıcı ile etkileşim kuran, farklı değişkenleri kullanarak bağımsız komutlar topluluğudur. (III) 1960'lardan itibaren yazılım ürünlerine yönelik talepler artmıştır. (IV) Yazılım alanında birkaç farklı çözüm uygulansa da yeterli üretim kapasitesine ulaşılamamış ve ""yazılım dengesi"" kurulamamıştır. (V) Yetersizlik, yazılımın tüm yönleriyle dünya literatüründe yerini almıştır. (VI) Söz konusu krizin çeşitli sebeplerinden bahsedilebilir; bununla birlikte yazılım krizinin temel sebebi, üstel olarak artan talebe karşılık doğrusal hızla artış gösteren üretim kapasitesidir. (VII) Öte yandan yazılım programlamadaki başarı oranı da şaşırtıcı derecede yüksek olup bu krizi beslemektedir.

Bu parça iki paragrafa ayrılmak istense ikinci paragraf numaralanmış cümlelerin hangisiyle başlar?",II,III,IV,V,VI,E
6b46582c-9200-527b-9b51-1c005082027f,KIMYA,"$N_2O_{4(g)} \rightarrow 2NO_{2(g)}$ Denklemi verilen tepkimede 4 mol $N_2O_4$ gazının yüzde kaçı ayrıştığında oluşan $NO_2$ gazının mol sayısı, kalan $N_2O_4$ gazının mol sayısının iki katına eşit olur?",20,25,40,50,75,D
66b1ea86-bb00-5490-b56c-bc3ea0c9ce20,MATEMATIK,"Hüseyin, öğretmeninin tahtaya yazdığı $4^x - 3 \cdot 2^{x+1} + 8 = 0$ denkleminin çözüm kümesini aşağıdaki gibi 5 adımda buluyor.
I. Adım: $2^x = t$ olsun.
II. Adım: $t^2 - 6t + 8 = 0$ olur.
III. Adım: $(t - 2)(t - 4) = 0$ olur.
IV. Adım: $t = 2$ veya $t = 4$
V. Adım: Ç.K. = $\{2, 4\}$
Buna göre, Hüseyin kaçıncı adımda hata yapmıştır?",I,II,III,IV,V,E
2e623a8b-6813-5d16-b99c-b02b961117e3,MATEMATIK,"$0 < x < \frac{\pi}{2}$ olmak üzere, $\sec x - \tan x \cdot (1 - \sin x) = \frac{1}{4}$ olduğuna göre, $\csc x$ değeri kaçtır?",$\frac{3}{2}$,$\frac{5}{2}$,$\frac{7}{2}$,2,3,B
93bc25e3-d47b-5fd9-9ff6-3dbece70cb34,EDEBIYAT,"Necati Cumalı'nın ""Kaynana Ciğeri"" oyununun konusu, kedinin ciğeri alması üzerine kuruludur. Gelin bir sabah erkenden kalkar, eşine kahvesini yapmak için mutfağa girer, o anda bir kedinin mutfak penceresinden içeri girdiğini ve tel dolabın açık olduğunu görür. Gelin, tel dolaba bakar ve kedinin önceki gün eşinin getirdiği ciğeri yediğini anlar. Evin gelini efendisinin (kocasının) bu yüzden kendisini boşayacağından korkar. Kaynata ve kaynana gelinin hâline üzülürken görücü ve efendi onu hoş karşılamaz. Böylece gelinin korktuğu başına gelir. Efendi, gelini boşayıp boşamayacağını anlamak üzere imamı çağırır. İmam gelir ve gerçek anlaşılır. Kaynatanın gece yarısı baklava yemek için tel dolabın kapağını açık bıraktığı, asıl suçlunun kaynata olduğu anlaşılır. Gelin de ""boş düşmek""ten kurtulur. Bu parçadan hareketle, sözü edilen eserin tiyatro türü aşağıdakilerden hangisidir?",Trajedi,Karakter komedisi,Töre komedisi,Entrika komedisi,Dram,D
64ac92ec-c756-5801-b6a8-874238407035,MATEMATIK,"Oşinografiye göre bir sahilin eğimi $m$, sahilde bulunan kum taneciklerinin ortalama çapı $r$ (mm) olmak üzere,
$m = 0,159 + 0,118 \cdot \log r$
bağıntısı vardır.
Buna göre, eğimi 0,277 olan bir sahildeki kum taneciklerinin ortalama çapı kaç mm olur?",$10^{-2}$,$10^{-1}$,$1$,$10$,$20$,D
74ed6655-fb88-5d13-8156-85efcc3d7a32,MATEMATIK,"Aralarında asal iki sayının çarpımının sonucunda elde edilen sayının rakamları toplamı, çarpılan sayılardan birine eşit ise bu iki sayıya kozmik ikili denir. Örneğin: $9$ ve $8$ aralarında asal olup $9 \cdot 8 = 72$ dir. $72$ sayısının rakamları toplamı $7+2=9$ olduğundan $9$ ve $8$ sayıları kozmik ikilidir. Buna göre, I. $3$ ve $7$ kozmik ikilidir. II. $5$ ve $10$ kozmik ikilidir. III. $13$ ve $8$ kozmik ikilidir. ifadelerinden hangileri doğrudur?",Yalnız I,I ve II,I ve III,II ve III,"I, II ve III",C
3ce0f675-0cc4-502d-ba67-21c045837e52,MATEMATIK,"Ela ve Eda akıllarından ikinci dereceden denklem yazma oyunu oynuyorlar. Ela: Benim aklımdan tuttuğum ikinci dereceden denklemin bir kökü $\sqrt{7}-\sqrt{48}$ dir. Eda: Benim aklımdan tuttuğum ikinci dereceden denklemin bir kökü $2-i$ dir. Buna göre, Eda'nın aklından tuttuğu denklemin katsayılar toplamı, Ela'nın aklından tuttuğu denklemin katsayılar toplamından kaç fazladır?",2,3,5,4,6,D
093cfa39-8e60-54a1-868e-f6359c5ba1f8,MATEMATIK,"Bir özel eğitim kurumunun; A şubesinde 3 matematik öğretmeni, B şubesinde 4 matematik öğretmeni ve C şubesinde 5 matematik öğretmeni görev yapmaktadır. Bu 3 şubeden sadece 1 tanesi kendi öğretmenlerinden 2 tanesini diğer 2 şubeye birer tane olacak şekilde görevlendirecektir. Buna göre, bu işlem kaç farklı şekilde yapılabilir?",19,21,42,26,38,E
e8d28a03-ffde-56b5-885d-6c85b094f7fa,EDEBIYAT,"Bu dönemde Batı edebiyatını tanıma, ondan etkilenme ve bu etkilenim boyutunu aşarak Türk edebiyatına özgün eserler kazandırma, bir süreç olarak karşımıza çıkar. Bu konuda atılacak ilk önemli adım, Batının öne çıkan eserlerini Türkçeye çevirmektir. Bu sayede Batı'nın eserleri tanınmaya başlanacaktır. Diğer bir adım, dönem edebiyatçılarının dergilerde, başta edebiyat sohbetleri ve araştırmaları sütunları olmak üzere yazdıkları yazılarla Batılı yazarlara, eserlerine ve Batılı akımlara dair bilgiler vermeleridir. Hem dönemin siyasal koşulları hem de Batı'nınedebiyat sanat anlayışı, sanatçıların içino kapalı, bireyci bir sanat anlayışına yönelmelerine yol açmıştır. Aşağıdakilerin hangisi bu parçada söz edilen edebî dönemin ilişkilendirililemez?",Tevfik Fikret,Halit Ziya,Cenap Şehabettin,Mehmet Rauf,Abdülhak Hamit,E
24bbbab8-1c68-55fe-b160-382645b84075,MATEMATIK,"$y=f(x)$ ve $y=g(x)$ fonksiyonları tüm gerçek sayılarda tanımlı olmak üzere;
I. $\int (f'(x)g(x)+f(x)g'(x))dx = f(x)g(x)+c$
II. $\int 3f'(x)f(x)dx = f^3(x)+c$
III. $\int 2f(x)df(x) = f^2(x)-c$
ifadelerinden hangileri doğrudur?",Yalnız I,Yalnız II,Yalnız III,I ve II,"I, II ve III",D
785e1d65-b9f2-51d9-8a4e-d37bb7be98b0,MATEMATIK,"$x^2 + 2y^2 = 17$ ve $3x^2 - y^2 = 23$ olduğuna göre, $x$'in alabileceği değerler çarpımı kaçtır?",-25,-16,-9,-4,-1,B
41471d1a-06e4-5f07-8faa-b63b27482d9e,FIZIK,"Bilgi: Bazı atom altı parçacıklar bir araya geldiklerinde birbirlerini yok ederek tamamen enerjiye dönüşürler. Bu olaya ""çift yok olması"" denir.
Buna göre,
I. Elektron - pozitron
II. Proton - karşıt proton
III. Aşağı kuark - yukarı kuark
IV. Müon - proton
ile verilen parçacık çiftlerinden hangileri bu duruma örnek olarak gösterilebilir?",I ve II,I ve III,III ve IV,II ve III,II ve IV,A
bf845af8-c6e2-5eb4-b201-961b2c70a0be,MATEMATIK,4 erkek ve 3 kız öğrenci yan yana düz bir sıra halinde dizilecektir. Kız öğrenciler soldan sağa doğru boy sırasına uymak üzere kaç farklı sıralama oluşur?,210,420,600,720,840,E
5e43cd5e-8e61-53f0-84f1-3b0ff6d682a5,MATEMATIK,"$g(x) = (hof)(x)$, $f(3)=5$, $f'(3)=2$ ve $h'(5)=-3$ olduğuna göre, $g'(3)$ kaçtır?",-12,-6,10,6,12,B
50142dde-d993-50e7-a4f8-be60afb8d240,MATEMATIK,"Gerçek sayılardan gerçek sayıların bir $K$ alt kümesine tanımlı $f(x) = \begin{cases} -x+3, & x<1 \\ x+1, & x \ge 1 \end{cases}$ fonksiyonu örten olduğuna göre, $K$ kümesinde bulunan en küçük tam sayı kaçtır?",1,2,3,4,5,B
404c25d8-0379-5fac-8910-f70ba3c1b14d,EDEBIYAT,"I) Tanzimat Dönemi'nde tiyatro alanında atılan ilk adımlar Batı edebiyatlarında yer alan oyunların birer Türkçeye çevrilmesi ya da bizim kültürümüze uyarlanmasıyla olmuştur.
II) Abdülhak Hamit Tarhan, geleneksel tiyatro anlayışını yıkmış ve oynanmak için eserler yazmıştır.
III) Bu dönemde başta Ahmet Vefik Paşa olmak üzere sanatçılar özellikle Fransız yazar Moliere'den yaptıkları çevirilerle bu alanda önemli adımlar atmıştır.
IV) Yine Ahmet Vefik Paşa, Bursa valisi iken burada ilk tiyatro binasını yaptırmış, (V) Türk edebiyatında yazılan ilk Türk tiyatrosu eseri, Şinasi tarafından 1860 yılında yazılan Şair Evlenmesi adlı oyundur.
Bu numaralanmış ifadelerin hangisinde bilgi yanlışı yapılmıştır?",I,II,III,IV,V,B
c98eb6f5-2da0-589e-bc2e-f61aaf674b49,MATEMATIK,"$\cos^2 x + 3\sin x + 3 = 0$ denkleminin $[0, 2\pi]$ aralığındaki kökler toplamı kaç radyandır?",\frac{\pi}{2},\pi,\frac{3\pi}{2},2\pi,\frac{5\pi}{2},B
4f3b6b35-af43-56f8-9aad-b23955bc2a78,FIZIK,"Süper iletkenler, elektriksel iletkenlikleri bakımından akıma karşı sıfır direnç gösterir.
Bazı element ve alaşımlar belirli bir sıcaklık seviyesine veya daha altına doğru soğutulduklarında süper iletkenlik özelliği kazanır. Elektrik akımı, dirençle karşılaşmadan süper iletken maddelerin üzerinden geçebilir.
Bu tanımlamaya göre, süper iletkenin elde edilmesinde fiziğin,
I. termodinamik
II. nükleer fizik
III. katıhal fiziği
alt dallarından hangilerinden yararlanılmıştır?",Yalnız I,Yalnız II,Yalnız III,I ve II,I ve III,E
568f0bd7-5afc-5c63-baf8-71bcc335dd85,MATEMATIK,"İkinci dereceden $P(x)$ polinomu kat sayıları sıfırdan farklı birinci dereceden $Q(x)$ polinomu ve $Q(x)+2$ polinomlarından her birine bölündüğünde kalan 1 olmaktadır. $P(0) = 1$ olduğuna göre, $Q(0)$ kaçtır?",-4,-3,-2,-1,0,C
56c5a9de-617f-5117-a916-ee04624924af,TURKCE,"Gazeteci: ""Elektrogitar olmayan müzik, kulağa hoş gelmiyor."" İddialı bir cümle değil mi sizce? Müzisyen: İddialı olur mu? Bazı kökenli bir müzikte elektrogitar, müziğin merkezindedir. Gazeteci: Elektrogitarla her konu müziğe yansıtılabilir mi? Müzisyen: Romantik bir aşk da politik durumlar da elektrogitarla güzelleşir. Aşağıdaki yargılardan hangisinin bu diyalogdaki müzisyenin sanat anlayışıyla örtüştüğü söylenemez?",1950'li ve 1960'lı yıllarda yani müzik arayışları ve teknolojinin müzik aletlerine yön vermesi ile elektrogitarlar vazgeçilmez ürünler olmaya başlamıştır.,Elektrogitarlar üzerinde bulunan manyetikler sayesinde telde olan hareketi elektrik akımına dönüştürüp yüksekteç yani amplifikatör aracılığı ile ses çevreye yayılır. Tamamı elektrik başta olmak üzere elektronik ürünlere bağımlı olan bu enstrüman türü günümüzde her müzik alanında icra edilmektedir.,"Bir elektrogitarist için enstrümanından elde ettiği ton çok önemlidir. Yanlış bir ton seçimi, çalınan türün gerekliliğini yerine getiremeyeceği için müzikten keyif alınmaz. Kaldı ki elektrogitarın kullanılacağı müzik türü de seçilmelidir.","Elektrogitarda elde edilen sesler oldukça parlak olmakla birlikte en ufak tel temasına cevap verebilecek düzeydedir. Şık ve dikkat çekici bu enstrüman, müziği dövüşmektedir.","Elektrogitar, diğer müzik enstrümanları ile kullanıldığında bile ayırt edici ve güçlü sesi ile öne çıkmaktadır. Bu gitarın zengin tınısında, hızla değişen ve gelişen bir müzik akımı tüm ihtişamıyla yatmaktadır.",C
b0ca294c-000d-5357-9803-da8282c55f33,MATEMATIK,"$a_n=\begin{cases} n+\sqrt{n}, & n \ge 2 \\ 3n, & n<2 \end{cases}$ bağıntısı veriliyor. Buna göre, $a_8$ kaçtır?",11,13,12,15,10,E
eea3c6eb-f3ff-522a-9b21-b98945e186bb,MATEMATIK,8 ortaklı bir şirketin ilk yılının sonunda elde edilen kâr ortaklar arasında eşit olarak paylaşılmıştır. Bir sonraki yıl ise bu şirkete 2 ortak daha eklenip şirketin yıl sonu kârı bir önceki yıldaki toplam kârın iki katı kadar olmuştur. Şirketin ilk ortaklarından olan Selim'in 2. yıl aldığı kâr payı bir önceki yıl aldığı kâr payından 450 bin TL fazla olduğuna göre şirketin ilk yıldaki toplam kâr miktarı kaç milyon TL'dir?,4,"4,5","5,5",6,"6,5",D
1718b2bd-12de-526d-a5e0-68ad8f60a838,KIMYA,"$C_2H_6$ bileşiği ile ilgili,
I. Yandığında eşit sayıda $CO_2$ ve $H_2O$ bileşikleri oluşur.
II. Bir molekülünde 11 tane sigma ($\sigma$) bağı bulunur.
III. $sp^2$ ve $sp^3$ hibritleşmesi yapmış karbon atomu sayısı birbirine eşittir.
yargılarından hangileri kesinlikle doğrudur?",Yalnız I,Yalnız II,I ve III,II ve III,"I, II ve III",B
98c87a93-cfff-5490-bf79-f789c2776c89,MATEMATIK,$(\frac{\tan x - 1}{\cot x}) \cdot (\frac{\cot x + 2}{\tan x})$ ifadesinin eşiti aşağıdakilerden hangisidir?,4,9,16,25,36,B
bb4d2906-531b-5d12-935a-701428f6c181,MATEMATIK,"$a$ ve $b$ sıfırdan farklı birer tam sayı olmak üzere, gerçek sayılar kümesi üzerinde bir $f$ fonksiyonu $f(x) = ax+b$ biçiminde tanımlanıyor. $(f \circ f)(x) = f(x+2)+f(x)$ olduğuna göre, $f(3)$ değeri kaçtır?",7,8,9,10,11,E
d0176f9c-bba2-556c-99b0-36ed6eb90024,MATEMATIK,İşleminin sonucu kaçtır? $\frac{\frac{12}{13} - \frac{8}{13}}{\frac{7}{17} + \frac{4}{17}}$,4,3,2,1,$\frac{1}{2}$,E
852dd478-6f95-5b9d-87ef-1bd275d82c22,MATEMATIK,"$(a_n)$ ve $(b_n)$ geometrik iki dizidir. $a_n=2^{x-1}$, $b_n=2^{100}$ ve $b_2=2^{95}$'dir. Bu dizilerin ilk $n$ teriminden oluşan bir tabloya sırasıyla aşağıdaki gibi yazılıyor. Bu tabloda $x=y$ olduğuna göre, $n$ kaçtır?",15,16,17,18,19,C
88f46569-0cb9-5114-a58e-22cd9da3b7c4,MATEMATIK,"3 ile 96 terimleri arasına geometrik bir dizinin ardışık terimleri olacak şekilde 4 terim yerleştiriliyor. Bu sayılarla birlikte oluşan bu 6 terimli artan geometrik dizi için
I. Ortak çarpanı 2'dir.
II. Bu dizinin ilk 3 teriminin toplamı 18'dir.
III. Bu dizinin 4. terimi 24'tür.
ifadelerinden hangileri doğrudur?",Yalnız I,Yalnız II,I ve II,I ve III,II ve III,D
5db05f2e-af0e-5f92-aaae-3bc326f4c904,FIZIK,"Nanoteknoloji ve nano malzemelerin temel özellikleri ile ilgili,
I. Normalde kırılgan olan malzeme nano boyutlarda rahatlıkla şekillendirilebilir.
II. Nanoteknoloji ile kırınmayan kumaşlar üretilebilir.
III. Nanoteknoloji ile katlanabilen ekranlar üretilebilir.
yargılarından hangileri doğrudur?",Yalnız I,Yalnız II,I ve III,II ve III,"I, II ve III",E
a3c83789-fe53-57de-99cb-e11e28215f70,MATEMATIK,"$A = \{-3, -2, -1, 1, 2, 3\}$ kümesinde tanımlı $f$ ve $g$ fonksiyonları ile ilgili
• $f(x) = f(-x)$
• $g(x) = x^2 + f(x)$
eşitlikleri veriliyor.
Buna göre,
$\frac{g(1) + g(-1)}{g(-2) + g(2)}$
işleminin sonucu kaçtır?",$\frac{1}{4}$,$\frac{1}{5}$,$\frac{2}{3}$,$\frac{4}{5}$,1,A
7aa28d1e-00e9-5b48-a484-aeb4b6b37541,MATEMATIK,"Necla, bir kitabın $x+27$ sayfasını okuduğunda, kitabın bitmesine $x+18$ sayfa kalıyor.
Buna göre, Necla bu kitabın $2x+9$ sayfasını okuduğunda kitabın bitmesine kaç sayfa kalır?",9,18,27,36,45,D
a46f65a7-e12e-5203-a447-e79034052111,TARIH,"Osmanlı Devleti'nde şehzadelerin yönetici olarak gönderildiği sancakta, Divanhümayunu andıran küçük bir divan ve şehzadenin belirlediği kimselerden oluşan bir divan heyeti bulunmaktaydı. Bu bilgiler ışığında sancak sistemi ile ilgili; I. Yönetim deneyimi kazanıldığı yerdir. II. Devlet merkezi örnek alınarak yapılanmıştır. III. Halk yönetime ortak olmuştur. gibi yargılardan hangilerine ulaşılabilir?",Yalnız I,Yalnız II,I ve II,II ve III,"I, II ve III",C
65fa244b-72a3-5a30-86da-db3034331cc0,MATEMATIK,"Otomobillerin mevcut şarjları ile gidebilecekleri maksimum yol miktarına menzil denir. Elektrikli otomobillerin menzilleri ortalama hızları ile ters, batarya doluluk oranları ile doğru orantılıdır. Nilüfer şarjı tam dolu elektrikli otomobilinin şarj oranı %x oranında kullanıldıktan sonra V km/sa hız ile yoluna devam ettiğinde aracının gidebileceği menzillerinin alabileceği değerler aşağıdaki tabloda verilmiştir.

Buna göre y değeri kaçtır?",240,300,320,350,360,C
e5877407-e4bc-5e6c-8913-28cede385943,FIZIK,"Doğu-batı doğrultusunda hareket eden özdeş K ve L cisimlerinin hızları sırasıyla batıya doğru $\vec{v}$ ve doğuya doğru $-\vec{v}$'dir. Cisimlerin kinetik enerjileri eşit olduğuna göre, I. Cisimlerin kinetik enerjisi, sürati ile doğru orantılıdır. II. Kinetik enerji, skaler büyüklüktür. III. Cisimlerin kinetik enerjisi, hareket yönüne bağlı değildir. sonuçlarından hangilerine ulaşılabilir?",Yalnız I,Yalnız II,Yalnız III,I ve II,II ve III,E
9a4e75c6-a171-58db-88e8-e6e0f713e835,MATEMATIK,"$\log_x 4 = 2 \log_x 5 + \frac{2}{x}$ olduğuna göre, $x$ kaçtır?",100,$10\sqrt{10}$,$\sqrt{10}$,$\frac{1}{10}$,$\frac{1}{100}$,C
2eb01d19-bd3e-5761-83cf-efd240b015c0,TURKCE,"(I) İskenderiye Feneri, gemicilerin güvenliğini sağlamak ve onları yönlendirmek için MÖ 290'lı yıllarda Büyük İskender tarafından yaptırılmış bir fenerdir. (II) 166 metre yüksekliğindeki fener, Mısır'ın İskenderiye kenti kıyısındaki Faros (Pharos) adasında beyaz mermerden yapılmıştır. (III) Bugüne kadar yapılan en yüksek fenerdir. (IV) Yunanlı tüccar Sostratus tarafından finanse edilmiş olup on büyük özelliği gündüzleri dahi gün ışığını denize yansıtma bilmesidir. (V) Gece vakti de cilalı bronz aynaların önünde yakılan ateş yansıtılarak 50 km mesafeden görülmektedir. İskenderiye Feneri ile ilgili bu parçada numaralanmış cümlelerle ilgili aşağıdaki yargılardan hangisi yanlıştır?",I. cümlede hangi nedenle yapıldığından söz edilmiştir.,II. cümlede hangi maddeden yapıldığı ve yüksekliği ile ilgili bilgi verilmiştir.,III. cümlede diğer fenerlerden farklı yönü üzerinde durulmuştur.,IV. cümlede fiziksel özelliği üzerinde durulmuştur.,V. cümlede karanlık zamanlarda görülebilmesi için yapılan eylemden söz edilmiştir.,C
a8cc1dce-84c6-5028-bf63-eab95de7e58a,BIYOLOJI,Canlıları oluşturan ve canlılık özelliği veren en küçük birim aşağıdakilerden hangisidir?,Atom,Molekül,Hücre,Doku,Organ,C
6c5b059b-d6d2-5332-b6e2-355fd5705b03,KIMYA,"Kimya alanı ile ilgilenen bir kişinin özellikleri aşağıda verilmiştir:
• Çevre ve endüstriyel problemlere yönelik çalışma yapan, kimya, fizik, matematik, mühendislik, biyoloji bilgilerini birleştirerek kullanıyor.
• Farklı sanayi dallarındaki kimyasal maddelerin üretilip, geliştirilmesini sağlıyor.
Buna göre, bu kişinin mesleği aşağıdakilerden hangisidir?",Kimya öğretmeni,Kimya mühendisi,Metalurji mühendisi,Eczacı,Biyokimyacı,B
a4d1bb2a-99d9-590d-b389-61db420f08f7,FIZIK,I. Atom içinde hareket eden elektronların doğru konumlarından söz etmek mümkün değildir. II. Elektronların bulunma ihtimali yüksek olan bölgeler vardır. III. Elektron çekirdekten itibaren sonsuz uzaklıkta bulunabilir. Yargılarından hangileri Schrödinger dalga denklemleri sonucunda ortaya çıkan ifadelerdir?,"I, II ve III",I ve II,I ve III,Yalnız II,Yalnız I,A
f0c8ee8f-b408-54ea-ae24-c90b3b2fb916,MATEMATIK,Küpü karesinden küçük olan sayıların değer aralığı aşağıdakilerden hangisidir?,$R$,"$(1,\infty)$","$(1,\infty) \cup \{0\}$","$(- \infty, 0) \cup (0,1)$","$(- \infty, 0)$",D
d7fee9ea-a1d1-5caf-896f-ed6883587502,MATEMATIK,"$A = 3+7+11+...+43$
$B = 5+8+11+...+41$
olduğuna göre, $B-A$ farkı kaçtır?",92,69,46,23,11,E
679b2c41-7431-5f06-92ba-ea2bd26fcb26,MATEMATIK,"$\cot x = 2$ ve $\frac{\tan x + \cot y}{\cot y - \tan x} = 3$ olduğuna göre, $\tan y$ kaçtır?",$-\frac{7}{2}$,$-\frac{2}{7}$,0,$\frac{2}{7}$,$\frac{7}{2}$,B
1db4f9bd-a616-56d8-b651-e37e036080d3,MATEMATIK,$x^2-4x+1=0$ denkleminin çözüm kümesi aşağıdakilerden hangisidir?,"$ \{1-\sqrt{3}, 1+\sqrt{3}\} $","$ \{1-\sqrt{5}, 1+\sqrt{5}\} $","$ \{2-\sqrt{3}, 2+\sqrt{3}\} $","$ \{2-\sqrt{5}, 2+\sqrt{5}\} $","$ \{3-\sqrt{2}, 3+\sqrt{2}\} $",C
d7a55373-ba63-5036-bd18-03faf26e37aa,MATEMATIK,$\arccos(-\frac{\sqrt{3}}{2}) + \arctan(-1)$ toplamının sonucu kaçtır?,$\frac{\pi}{3}$,$\frac{5\pi}{12}$,$\frac{\pi}{2}$,$\frac{7\pi}{12}$,$\frac{2\pi}{3}$,D
878a9da0-e389-53f5-8f71-9c3dc000262a,TURKCE,"Felsefe terapisi, insanın sadece antropolojik ve etik anlamda değerlendirilmesi olarak ele alınmamalıdır. Antropolojide insanı beşerî özellikleri dikkate alınarak ""Nasıl yaşa-malıyım?"" sorusuna cevap aranır. Ancak felsefe terapisinin tam olarak uygulanabilmesi için diyalog prensibi, diyalektik, fenomenoloji ve hermeneutik gibi özellikler de dikkate alınmalıdır. Tüm eğitim programlarında insan, sadece sosyal ve biyolojik olarak değil aynı zamanda felsefi bir bakış açısıyla ele alınmaktadır.
Bu parçada felsefe terapisiyle ilgili aşağıdakilerden hangisine değinilmemiştir?",İnsanların sosyal alanda var olma çabalarını olumlu etkilediğine,İnsanların nasıl yaşaması gerektiği gibi bir konuyla sınırlandırılamayacağına,Uygulanmasında pek çok unsurun da önemli olduğuna,İnsanların yalnızca antropolojik özellikleriyle ilgili olmadığına,Uygulamasında diyalog prensibinin de yer aldığına,A
a9762a9e-d7a6-53ad-9b49-eb0bff268ef1,MATEMATIK,"a ile b birer pozitif doğal sayıdır. $EBOB(a, b) = 5$ ve $\frac{a}{b} = \frac{3}{7}$ olduğuna göre, $a+b$ toplamı kaçtır?",50,75,100,150,200,A
5e50ed95-5864-5c37-aff7-0de0926a3de6,GEOMETRI,"Dik koordinat düzleminde her $m$ gerçel sayısı için $(m-1)x + (m+1)y + 6 = 0$ doğrularının kesim noktası K noktasıdır. Buna göre, K ve M(-1, 1) noktalarından geçen doğrunun denklemi aşağıdakilerden hangisidir?",$2x+y+1=0$,$x+y=0$,$x+2y+2=0$,$2x+y=0$,$x+2y-1=0$,A
23db8768-17ea-5a50-83c7-4a04055f675b,KIMYA,I. $Ce^{4+} + Mn^{2+} \rightarrow Ce^{3+} + Mn^{3+}$ II. $Cu^{2+} + S^{2-} \rightarrow CuS$ III. $2NO_2 + O_2 \rightarrow N_2O_5$ Yukarıdaki tepkimelerin hızları arasındaki ilişki aşağıdakilerden hangisinde doğru olarak karşılaştırılmıştır?,I > II > III,I > III > II,II > I > III,II > III > I,III > I > II,A
b1ba7286-555c-51bf-8fe2-93753e437531,FIZIK,"Serbest hâldeki boyu $20 \text{ cm}$ olan bir yaya kuvvet uygulanarak yayın boyu $18 \text{ cm}$, $22 \text{ cm}$ ve $24 \text{ cm}$ yapıldığında yayda depolanan enerjiler sırasıyla $E_1$, $E_2$ ve $E_3$ oluyor. Buna göre, yayda depolanan $E_1$, $E_2$ ve $E_3$ enerjileri arasındaki ilişki nedir?",$E_3 > E_2 > E_1$,$E_1 > E_2 = E_3$,$E_3 > E_1 > E_2$,$E_1 = E_2 = E_3$,$E_1 = E_2 > E_3$,B
5ff04c91-16ab-5b62-a6fd-bfeee4588f7c,MATEMATIK,"$x$ ve $y$ pozitif tam sayılar olmak üzere, $s(x,y) = \begin{cases} x \cdot y & ; x \text{ tek ise} \\ x+y & ; x \text{ çift ise} \end{cases}$ veriliyor. Buna göre, $s(10,a)+s(9,b)=49$ eşitliğini sağlayan en küçük $a$ ve $b$ pozitif tam sayıları için $s(a,b)$ değeri kaçtır?",3,4,5,40,50,C
7c25715b-df87-5223-92c5-98a9201ae7f8,MATEMATIK,"$(a_n)$ ve $(b_n)$ aritmetik dizilerinin birbirine eşit olan terimleri aşağıdaki şekilde oklarla gösterilmiştir.
$a_n = (2, a_2, a_3, a_4, a_5, ..., ?,...)$
$b_n = (4, b_2, b_3, b_4, ..., b_n, ...)$
Buna göre, ""?"" ile gösterilen terim aşağıdakilerden hangisidir?",$a_1$,$a_14$,$a_15$,$a_16$,$a_17$,E
2f52991b-1781-5fd9-9fc4-9423863927c2,MATEMATIK,"$P(x)$ ve $Q(x)$ birer polinomdur. $\text{der}[P^2(x) \cdot Q(3x+1)] = 21$ $\text{der}\left[\frac{P(x)}{Q(x)}\right] = 6$ olduğuna göre, $\text{der}[P(x) + x^2 \cdot Q(x)]$ kaçtır?",3,6,9,12,5,D
54bd7338-0f5a-5c43-ba46-33e1296be5bf,MATEMATIK,"$a$ ve $b$ birer gerçel sayı olmak üzere, ikinci dereceden bir bilinmeyenli ve rasyonel katsayılı bir denklemin kökleri $x_1 = a + (a+b)i$ ve $x_2 = (a-b) - 2i$ karmaşık sayılarıdır. Buna göre, $a \cdot b$ çarpımı kaçtır?",$-2$,$-1$,0,1,2,D
ffc60448-09cc-53ef-b037-a9b5f1933338,MATEMATIK,"$a$ ve $b$ birer gerçek sayı olmak üzere, gerçek sayılarda $y=f(x)$ fonksiyonu $f(x)=b-x-a$ biçiminde tanımlanıyor. $f$ fonksiyonunun tersi kendisine eşit olup $f(1)=4$ olduğuna göre, $f(a+b)$ kaçtır?",-12,-1,1,11,12,A
b148bd65-e873-573e-b38f-edf600bd027c,EDEBIYAT,"Bu numaralanmış cümlelerde verilen bilgilerden hangisinde yanlışlık yapılmıştır?
I. Manilerde halkın düşüncesinden, duygusundan, yaşamından ve kültüründen derin izler görülmektedir.
II. Anonim halk edebiyatına ait şiirler, sadece ""aaab cccb dddd"" ya da ""aaab cccb dddb"" şeklinde kafiyelenirler.
III. Anonim halk edebiyatına ait şiirler, şekillerinin ve bazı özelliklerine göre çeşitli isimler alır.",Yalnız I,Yalnız II,Yalnız III,I ve II,II ve III,B
8b036daf-827c-53a4-ae54-0c6de14cf833,MATEMATIK,"$g$ bir polinom olmak üzere, gerçel sayılarda türevlenebilir $f$ fonksiyonu
$f(x) = \begin{cases} g(x) + 4x & , x < 1 \\ g(x^2) - x^4 & , x \ge 1 \end{cases}$
şeklinde tanımlanmıştır.
$g(1) = 3$
olduğunu göre, $g''(1)$ kaçtır?",4,5,6,7,8,C
5794b9d0-c10c-5842-a370-2ebc5c27b605,MATEMATIK,"$0 < x < \frac{\pi}{2}$ olmak üzere, $\frac{1 - \sin x}{\cos x} = 2$ eşitliği $x=a$ için sağlanıyor. Buna göre, $\tan a$ kaçtır?",$\frac{5}{12}$,$\frac{3}{4}$,$\frac{4}{3}$,$\frac{15}{8}$,$\frac{12}{5}$,B
ef71d765-fd5f-5ec7-b181-1252ae5eea5e,TURKCE,"Aşağıdaki cümlelerin hangisinde altı çizili sözcük, işlevi bakımından diğerlerinden farklı bir ek almıştır?","Benim için ""Düşümüz dal gibi sessiz."" der, İsmet Özel gibi.",Söyleyeceklerimi içimden düşünmeden önce söylemem.,Gördüğüm köy o kadar güzel ki âdeta bir içim su.,Kapalı havaları sevmediğim gibi bu havalar içimi sıkıyor.,Ne yaparsam yapayım içimdeki bu histen kurtulamıyorum.,A
2053dc24-eaea-5244-b79a-cce10a9c3251,TURKCE,"Ahmet Kutsi Tecer, Karacaoğlan'dan Nazım Hikmet'e kadar değişik portrelerin yaşamları, kişilikleri ve eserleri üzerine çalışmalarında bulunmuştur. Tekrar tekrar ve titizlikle taradığı eski kaynaklardan ilginç belgelerle bizlere sunmasının yanında, çalışmalarıyla orta oyununa, köyü temsillerine, halk oyunlarına kadar bütün folklorumuzu içine almıştır. Ve zaman gelmiş bu hummalı çalışmalar birçok şiirinin çıkış noktasını oluşturmuştur. Yine de şiirlerinde halk edebiyatımızın şen şakrak, iyimser havasından çok aşırı duyarlılıklı ifade ve duygularını görmekteyiz.
Aşağıdakilerden hangisi bu parçada sözü edilen Ahmet Kutsi Tecer ile ilişkilendirilemez?",Şiirlerini halk kültürüyle beslemek,Pek çok sanatçının ünlenmesini istemek,Halk edebiyatına yönelmek,"Hassas, duyarlı bir tabiata sahip olmak",Eski kaynaklar üzerine araştırmalar yapmak,B
5f1e2c04-fafd-583d-85dc-fc80debbabb6,MATEMATIK,"$\int x^3 \sqrt{x^2-1} \, dx$ integralinin eşiti aşağıdakilerden hangisidir?",$\frac{\sqrt{(x^2-1)^3}}{3} + \frac{\sqrt{x^2-1}}{2} + c$,$\frac{\sqrt{(x^2-1)^5}}{5} + \frac{\sqrt{(x^2-1)^3}}{3} + c$,$\frac{\sqrt{(x^2-1)^5}}{5} + \frac{\sqrt{x^2-1}}{2} + c$,$\frac{\sqrt{(x^2-1)^3}}{3} + \frac{\sqrt{x^2-1}}{5} + c$,$\frac{\sqrt{(x^2-1)^5}}{5} + c$,B
a3a59157-4576-5970-b894-855bb03d47d6,TURKCE,"Eğitimli, öğrenimli insanlar; kitapların içindekileri okuyanlardır. Düşünürler, dâhiler ve dünyayı aydınlatıp insan soyunun ilerlemesine katkıda bulunmuş olanlar ise doğrudan tabiat kanunları yaratmışlardır. Çünkü ancak onlar, kendilerine özgü kişisel özellikleriyle yeni şeyler keşfedip insanlığın medeniyet duvarına yeni bir tuğla koyabilir. Bu parçadan çıkarılabilecek sonuçlar arasında aşağıdakilerden hangisi yoktur?","Düşünürler ve dâhiler, eğitim ve öğrenim yoluyla edinilen bilgilerle yetinmezler.","İnsanoğlu, bugünkü uygarlık seviyesine yetenekli insanların buluşlarıyla gelmişlerdir.",Eğitim ve öğrenim yoluyla yalnızca var olan bilgilere ulaşılabilir.,"Bilgi, bilim ve deneyim bir araya gelirse ilerlemenin kapı- sı aralanmış olur.","Doğanın sırlarını kendi doğal yetenekleriyle keşfeden- ler, ilerlemenin mimarıdır.",D
626b0fbd-c19b-5995-afaf-33cfc54db126,MATEMATIK,"İşleminin sonucu kaçtır? $\frac{0,9-0,4}{0,3+0,2}$",3,$\frac{5}{2}$,2,$\frac{3}{2}$,1,E
79eb71af-071e-56c4-a7f9-421148b5cc2c,EDEBIYAT,"Ahmet Haşim ve Orhan Veli'nin şiir anlayışlarına dair çalışma yapan bir öğrenci, iki şair arasında kurgusal bir tartışma tasarlar. Bu karşılaşmada iki şair, şiir üzerine hayali bir tartışmaya girişir.
Aşağıdakilerden hangisi bu tartışmada geçebilecek bir diyalogdan alınmıştır?","A. Haşim: Azizim nazımdan ritim ve şekil atarsanız geriye bir şey kalmaz!
O. Veli: Anlarım kalır, doğal bir söyleyiş kalır ki mısra, gerçek şiir de budur!","O. Veli: Mana kadar müzikaliteye önem verseydiniz şiiriniz daha iyi olurdu!
A. Haşim: Şiirde yalınlık aracımdır ben; süs ve gösteriş değil efendim!","O. Veli: Divan nazmının şekillerini, serbest müstezatla kurban edemezsiniz!
A. Haşim: Halk şiirinin imkânları ve hece iyi bir şiir yaratmak için yeterlidir!","O. Veli: Şiirimi parnasyen biçimciliği değil sembollerle ördüm bendeniz!
A. Haşim: Saf şiirin peşinde koşarken şiir kuşunu öldürdünüz siz!","A. Haşim: Muhterem, nazmı belirsizliğe ve anlaşılmazlığa hapsettiniz!
O. Veli: Hayır efendim, söz dizimini değiştirirken şiiri yeniden icat ettik!",A
05d6a2a6-86dd-502b-a6ea-242fd4ec8f35,MATEMATIK,"Bir $ABC$ üçgeninde $D \in [BC]$ olmak üzere, $|BD|=|DC|$, $m(\widehat{DAC})=90^\circ$ eşitlikleri veriliyor. $|BC|=a$ birim, $|AC|=b$ birim, $|AB|=c$ birim olduğuna göre, aşağıdakilerden hangisi doğrudur?",$a^2=2b^2+c^2$,$a^2=b^2+c^2$,$a^2-b^2+2c^2$,$a^2-b^2-3c^2$,$a^2=2(b^2-c^2)$,B
33fdfde8-de04-5d90-80e1-ebf239059a8c,MATEMATIK,"Bir lokantanın lavabosunda bulunan kâğıt havlu makinesi her çalışmasında bir adet kâğıt havlu vermektedir.
100 tane kâğıt havlu konulan bu makine belirli miktarda kâğıt havlu verdikten sonra bozulmuş ve bozulduğu andan itibaren 2 kâğıt havlu verdikten sonra 1 kâğıt havlu, 1 kâğıt havlu verdikten sonra 2 kâğıt havlu verecek şekilde çalışmaya devam etmiştir.
Bu makine bu şekilde içindeki tüm kâğıt havlular bitene kadar toplam 84 defa çalışmıştır.
Buna göre, makine en az kaçıncı çalışmasından sonra bozulmuştur?",50,51,52,53,54,B
3ac49f40-eb10-525b-bb4d-dffe5b2e16dc,MATEMATIK,"Ayrıt uzunlukları $x, y \text{ ve } z$ birim olan 4 tane küp şekilde kutu birer köşeleri ve ikişer ayrıtları çakışacak biçimde üst üste konulduklarında aşağıdaki gibi görünüyorlar. Şekil 1 ve Şekil 2 kutulara üstten bakıldığında Şekil 1'de görünen mavi bölgenin alanı Şekil 2'de görünen kırmızı bölgenin alanına eşit ve $32 \text{ birimkaredir}$. Mavi ve yeşil küplerin birer ayrıtlarının uzunlukları toplamı $16 \text{ birim}$ olduğuna göre, kırmızı küpün bir ayrıtının uzunluğu kaç birimdir?",$7$,$2\sqrt{15}$,$2\sqrt{17}$,$8$,$4\sqrt{5}$,C
c5449518-afa4-53ce-8b33-ff38bb31d2df,KIMYA,"Temel hal elektron dağılımına sahip bir atomun enerjisi en yüksek olan orbitali ile ilgili şu bilgiler veriliyor:
• Baş kuantum sayısı $3$'tür.
• Açısal momentum kuantum sayısı $2$'dir.
• Spin kuantum sayısı $-\frac{1}{2}$'dir.
Buna göre, bu element atomu ile ilgili aşağıdakilerden hangisi yanlıştır?",En dıştaki orbitali için baş kuantum sayısı $n=4$'tür.,Periyodik sistemin B gruplarında yer alır.,$m_l=0$ değerine sahip en az $12$ elektronu vardır.,$l=0$ değerine sahip en az $7$ elektronu vardır.,$m_s=+\frac{1}{2}$ değerine sahip en fazla $16$ elektronu vardır.,E
713f12a3-e160-5735-aa8f-2413be5c3d97,MATEMATIK,"x ve y pozitif gerçek sayılar için log$_3$(x - y) = 2 ve log$_3$(x - y) = 1 olduğuna göre, x . y çarpımı kaçtır?",3/8,3/4,1,9/8,3/2,D
ae13d79d-f5ed-55a6-a7fc-4084892021e8,MATEMATIK,"$A, B, C$ iki basamaklı doğal sayılardır.
I. $A+B+C$ toplamının en küçük değeri $33$'tür.
II. $A+B-C$ toplamının en büyük değeri $188$'dir.
III. $A \cdot B \cdot C$ çarpımının en küçük değeri $1000$'dir.
ifadelerinden hangisi ya da hangileri kesinlikle doğrudur?",Yalnız I,I ve II,I ve III,II ve III,"I, II ve III",D
f52620fe-314a-5895-9169-2bad7d651aae,TURKCE,"(I) 2005 yılında kurulan YouTube farklı formatta video paylaşımına izin veren bir video paylaşım sitesi olarak sosyal medyada yerini almıştır. (II) Diğer video paylaşım sitelerinde olduğu gibi hem bilgisayar hem de mobil cihazlardan ulaşılabilen YouTube, kişisel videoların yayınlanmasına olanak vermesi ile ön plana çıkmıştır. (III) YouTube işleyiş sisteminde, kullanıcıların kendi çektikleri görüntüleri veya başkalarına ait görüntüleri, oluşturdukları bir profil yardımıyla siteye yükleyebilmektedir. (IV) Ayrıca burada yükledikleri görüntülerle ilgili yorumlar da alabilmektedir. (V) YouTube kişisel videoları sosyal amaçlı yükleyen kullanıcılardan dışında girişimcilere ve şirketlere ekonomik fırsatlar sunmaktadır. (VI) Video ile oluşturulan duygu, güç ve eğlence unsurları kullanılarak markalarını güçlendirebileceği fikriyle internet sitesine “YouTube iş anlamına gelmektedir.” ifadesini de eklemiştir.
Bu parça iki paragrafa ayrılmak istense birinci paragraf numaralanmış cümlelerden hangisiyle biter?",II,III,IV,V,VI,C
66d9b7e8-82ce-5bf6-88a6-d0a9856321fe,FIZIK,"Bir fotosel lambanın metal yüzeyine düşürülen ışınlar metalden elektron sökebiliyor.
Eşik frekansı daha küçük metal kullanılırsa fotoelektronların enerjisi ($E$), kesme potansiyeli ($V_K$) maksimum ışık şiddeti ($I$) nasıl değişir?","Artar, Artar, Artar","Artar, Artar, Değişmez","Azalır, Azalır, Değişmez","Değişmez, Artar, Değişmez","Değişmez, Değişmez, Artar",A
7ac4b1d0-5eb8-5ba8-abce-32df55e068a3,FIZIK,"Ahsen, tamamen su dolu bir taşırma kabına suda çözünmeyen K ve L katı cisimlerini ayrı ayrı yavaşça bıraktığında; her ikisinin eşit hacimde su taşırdığını gözlemliyor. Ahsen'in bu gözlemine göre; I. K ve L cisimlerine suyun uyguladığı kaldırma kuvvetleri eşittir. II. K ve L cisimlerinin hacimleri eşittir. III. K ve L cisimlerinin özkütleleri eşittir. yargılarından hangileri kesinlikle doğrudur?",Yalnız I,Yalnız II,Yalnız III,I ve II,"I, II ve III",A
42bc87d7-7c69-510f-ad6e-3f7fbdad7cb8,FIZIK,"Fotonlar ile ilgili;
I. Yüksüzdürler.
II. Yüklü parçacıklar ile etkileşime girerler.
III. Kütleleri sıfırdır.
IV. Momentuma sahiptirler.
yargılarından hangileri doğrudur?",I ve III,II ve III,Yalnız II,"I, II ve III","I, II, III ve IV",E
92017a3b-3251-561c-a193-99efb0eabbd4,MATEMATIK,$\frac{x^2 \cdot x^{-4}}{x^7}$ ifadesinin eşiti aşağıdakilerden hangisidir?,$x^0$,$x^5$,$x^4$,$x^3$,$x^2$,B
827cb7c9-0cef-5d93-a64d-6cca5bc0d0e7,MATEMATIK,"Üç terimli $\ln3, \ln9, \ln81$ geometrik dizisinin ortak çarpanı kaçtır?",2,3,9,$\frac{1}{3}$,$\frac{1}{2}$,A
cdc1f355-5439-5059-be5a-dd093bf0257e,TURKCE,"(I) Beethoven, müzik çevrelerinde filozof besteci diye tanınan bir kişidir. (II) İnsanları çok yönlü hâlde her zaman on-lardan kaçmak eğiliminde olan bir kişiyle aşık olmuştur. (III) Hiç kimsenin etkisinde kalmadan kendine özgü bir felsefe oluşturmuştur. (IV) Başlangıçta kaderin insanı her zaman yene-bileceğine inanmış ve bir dostuna da ""Ben istersem kaderi yakasından yakalar ve yere sererim."" ifadesini kullanmıştır. (V) Beethoven, bu eserini 1880 yılında tamamlayabilmiştir.

Bu parçada numaralanmış cümlelerin hangisinden sonra ""Kader Senfonisi adını taşıyan 5. Senfonisi'ni yazmaya başladığı sırada bu inancı hâlâ değişmemişti."" cümlesi getirilebilir?",I,II,III,IV,V,D
9bff4638-e2f4-5a80-b04a-a7825e83e872,MATEMATIK,"$m$ ve $n$ sıfırdan farklı birer gerçek sayılar olmak üzere, gerçek sayılar kümesinde tanımlı $f$ fonksiyonunda $f(x) = 3x - m$ ve $f^{-1}(n) = f(n)$ olduğuna göre, $m$ ile $n$ arasındaki bağıntı aşağıdakilerden hangisidir?",$m - n = 0$,$m - 2n$,$m + 2n - 0$,$n - 2m$,$n + 2m - 0$,C
40ae8740-d3ba-5d37-bd8b-d3e4a763a5cc,MATEMATIK,"ACK üçgeninde pisagordan $|AK| = \sqrt{24}$ cm, HEA üçgeninde pisagordan $|HA| = \sqrt{20}$ cm, HGK üçgeninde pisagordan $|HK| = \sqrt{20}$ cm bulunur. HAK üçgeninde kosinüs teoremini uygulayarak $\cos\alpha$ yı bulalım. $(\sqrt{24})^2 = (\sqrt{20})^2 + (\sqrt{20})^2 - 2.\sqrt{20}.\sqrt{20}.\cos\alpha$. $24 = 20 + 20 - 2.20.\cos\alpha$. $-16 = -40\cos\alpha$ ise $\cos\alpha = \frac{2}{5}$ bulunur.",$\frac{1}{5}$,$\frac{2}{5}$,$\frac{3}{5}$,$\frac{4}{5}$,$\frac{1}{2}$,B
0da2de96-4cbd-50b5-8301-494aa3a7090e,MATEMATIK,"Bir minibüsün içerisinde her sırada 3 tane olmak üzere 5 sıra koltuk vardır. Tüm koltukların boş olduğu bir durumda minibüse binen iki kişiden;
• Emel en ön veya en arka sıradaki koltuklardan birine oturmak istemektedir.
• Esin, Emel'den farklı sıradaki bir koltuğa oturmak istemektedir.
Buna göre, bu iki kişi minibüsteki koltuklara kaç farklı biçimde oturabilir?",72,80,96,108,112,D
b3a9026a-1ba1-585d-9096-9e67f33620e3,MATEMATIK,"Gerçel sayılar kümesi üzerinde bir $f$ fonksiyonu, $f(x^3-1) = x^2+2x-1$ biçiminde tanımlanıyor. Buna göre, $f'(0)$ değeri kaçtır?",$\frac{1}{3}$,$\frac{2}{3}$,1,$\frac{4}{3}$,$\frac{5}{3}$,B
f68dca77-50c4-51d5-a582-0c55c549a5b2,TURKCE,"Babam, tarih okumamı salık verirdi her defasında. ""Tarih okuduğunda Türk iradesinin ne demek olduğunu göreceksin."" derdi. Doğup büyüdüğümüz Çubuk Ovası'nın bile nice savaşlar gördüğünü anlatırdı. Gençlerin sadece ""an"" denilen mefhumu takip kalması boyunca çok şey görmüş bir adamın özlemleri üzerdi. Babamdan aldığım bu ders sonucu olsa gerek, tarih okumak, tarihi yerleri görmek hep en büyük meşguliyetim olmuştur.
Bu parçada ""görmek"" sözcüğü aşağıdaki anlamlardan hangisine karşılık gelecek şekilde kullanılmamıştır?","Sahne olmak, geçirmek","Bir davranışla karşılaşmak, maruz kalmak","Anlamak, kavramak, sezmek","Tanık olmak, yaşamak","Bir yere gitmek, gezmek",C
b3361e99-1005-5ae9-9078-df8bd123b392,MATEMATIK,"Esra'nın evinin numarası, evinin bulunduğu sokağın numarasının $\frac{2}{5}$'i kadardır. Esra'nın evinin ve evinin bulunduğu sokağın numarasının toplamı 63 olduğuna göre, Esra'nın adresi aşağıdakilerden hangisidir?","33, sokak ev no: 30","36, sokak ev no: 27","45, sokak ev no: 18","48, sokak ev no: 15","51, sokak ev no: 13",C
c275b259-cdee-55ff-864f-56d99de5e0e9,MATEMATIK,"$f(x) = \begin{cases} x-m & , x>2 \\ mnx-1 & , x<2 \\ n^2x & , x=2 \end{cases}$ fonksiyonunun $x=2$ noktasında limiti olup fonksiyon bu noktada süreksizdir. Buna göre, aşağıdakilerden hangisi doğrudur?",$m=1 \\ n \ne 1$,$m=1 \\ n=1$,$m=1 \\ n \ne 2$,$m=2 \\ n \ne 2$,$m=2 \\ n=1$,A
87ce2cdb-2a77-56f6-ad06-f891ad53054f,TURKCE,"(I) Osmanlıda su yapıları arasında en değer verdiklerimizden olan çeşmeler, halkın içme suyu ihtiyacını karşılamak için yapılmıştır. (II) Camilerin avlusunda gösterişli sebiller ve şadırvanlar bulunmaktadır. (III) 18. yüzyılda yapılan III. Ahmet Çeşmesi, çeşme mimarisinin önemli örneklerindendir; kare şeklinde olan yapının her cephesinde çeşme, dört köşesinde ise sebil vardır. (IV) Çeşmelerin yanında mihrap nişine benzer oturma girintileri bulunmaktadır. (V) Çeşmeler, geniş saçaklı bir yapı olup beş küçük kubbeli, kesik piramitli bir benzeri bir çatı ile örtülmüştür. (VI) Selçuklular, çeşmeleri daha çok cami ve medreselerin cephelerine yapmışlardır.
Bu parçadaki numaralanmış cümlelerden hangisi düşüncenin akışını bozmaktadır?",II,III,IV,V,VI,E
7ae93a46-f13b-556c-b75c-38db2ec44b66,MATEMATIK,"Bir otobüs şirketi şoförlerine araçlarını otobanda kullanırken hızlarını $60 \text{ km/saat}$ten az, $120 \text{ km/saat}$ten fazla kullanmamaları talimatı vermiştir. Bu talimata uyan bir şoförün otobandaki hızı $v \text{ km/saat}$tir. Buna göre, $v$'nin değer aralığını ifade eden eşitsizlik aşağıdakilerden hangisidir?",$|v-80| \le 40$,$|v+10| \le 130$,$|v-100| \le 20$,$|v-90| \le 30$,$|v-75| \le 45$,D
0956afb4-91b1-5309-9d37-df67ed452d60,MATEMATIK,"$x, y$ ve $z$ birbirinden farklı iki basamaklı doğal sayılardır. $x-y+z=142$ olduğuna göre, $y$'nin en büyük değeri kaçtır?",43,49,55,57,60,C
e01546a3-8579-5af9-b903-ea809961df0b,MATEMATIK,$\tan 205^\circ \cdot \sec^2 115^\circ - 1$ işleminin sonucu aşağıdakilerden hangisidir?,$-1$,$1$,$\tan 25^\circ$,$\cot 25^\circ$,$-\cot 25^\circ$,C
99f1f998-6ef8-52a0-b7b7-d54af567c299,MATEMATIK,$x+y=5$ ve $x+2y=9$ denklemlerinin çözüm kümesi aşağıdakilerden hangisidir?,"$\{1, 4\}$","$\{-3, 2\}$","$\{7, 0\}$","$\{-4, -2\}$","$\{6, 5\}$",A
3674ff9c-2a93-5d31-bf05-d5621731cf65,MATEMATIK,"$\alpha$ dördüncü bölgede bir açı olmak üzere, I. $\sin\alpha - \cos\alpha < 0$ II. $\tan\alpha - \sin\alpha > 0$ III. $\sin\frac{3\pi}{2} + \cot\alpha > 0$ ifadelerinden hangileri doğrudur?",Yalnız I,Yalnız II,Yalnız III,I ve II,I ve III,E
0612d790-0f93-5d7c-aa30-4ff9ab3fff1d,MATEMATIK,"$x>2$ olmak üzere, $f$ ve $g$ fonksiyonları için, $f(x)=\ln(x-2)$ ve $g(f(x))=2x-1$ eşitlikleri vardır. Buna göre, $g(x)$ fonksiyonu aşağıdakilerden hangisidir?",$2\cdot e^x-1$,$2\cdot e^x+1$,$2\cdot e^x+2$,$2\cdot e^x+5$,$e^{2x}+1+2$,D
669d1842-399a-5997-abfd-6eda39993862,MATEMATIK,"$a$ ve $b$ birer tam sayı olmak üzere,
$5a+7b$, $2a+b$ ve $a+b$
sayılarından ikisinin tek sayı, birinin ise çift sayı olduğu bilinmektedir.
Buna göre,
I. $a+2b$
II. $b+4a$
III. $a^2 \cdot b^2$
ifadelerinden hangileri bir tek sayıdır?",Yalnız I,Yalnız II,I ve II,I ve III,II ve III,E
700f1eb8-8f7e-58e8-ace5-557402d0b9a0,MATEMATIK,"$x$ ve $y$ tam sayıları için, $5^{2x+y-11}=7^{2y-x-2}$ olduğuna göre, $x \cdot y$ çarpımı kaçtır?",24,20,15,12,9,B
000a4432-f007-50f5-a782-847e731ce81d,FIZIK,"Işık bazı olaylarda tanecik gibi davranırken bazı olaylarda dalga gibi davranabilmektedir.
Buna göre;
I. ışığın kırılması,
II. çift yarıkta girişim,
III. siyah cisim ışıması
olaylarından hangileri ışığın hem tanecik hem de dalga doğası ile açıklanabilir?",Yalnız I,Yalnız II,Yalnız III,I ve II,II ve III,C
a59ddb85-350a-530b-a18a-c0c12f4c841d,FIZIK,"Meltem, evlerdeki elektrik devrelerinde sigortaların güvenlik amaçlı kullanıldığını ifade ediyor. Ayrıca sigortaların elektrik akımını iletmeyen erime sıcaklığı düşük maddelerden yapıldığını iddia ediyor.
Meltem'in değerlendirmelerine göre;
I. Meltem, sigortaların hangi amaçla kullanıldığını bilmiyor.
II. Meltem, sigortaların elektriği ileten maddelerden yapıldığını bilmiyor.
III. Meltem, sigortaların erime sıcaklığı yüksek maddelerden yapıldığını düşünüyor.
İfadelerinden hangileri söylenebilir?",Yalnız I,Yalnız II,Yalnız III,I ve II,"I, II ve III",E
1d32d7a7-c3bb-5cf3-8dd8-65d87f29f9c7,MATEMATIK,"$P(x)$ bir polinom olmak üzere, $2P(x) + P(-x) = 2x^2 - 8x + 6$ eşitliği veriliyor. Buna göre, $P(x+1)$ polinomunun sabit terimi kaçtır?",$-\frac{16}{3}$,$-5$,$-\frac{13}{3}$,$-4$,$-\frac{8}{3}$,C
14e86f1d-f252-500d-a5fc-51f4c4942594,MATEMATIK,"Tuz oranı % 20 olan bir miktar tuz-su karışımından 10 litre su buharlaştırıldığı zaman yeni karışımın su oranı % 70 olduğuna göre, başlangıçtaki karışım kaç litredir?",30,35,40,45,50,C
e92c0eaf-87cb-51db-b5c0-d38e21ab85d0,MATEMATIK,"Aşağıda özdeş pembe renkli legolar ile özdeş mavi renkli legolar yanyana yerleştirilerek cetvel ile uzunlukları ölçülmüştür. Buna göre, bir adet pembe renkli legonun uzunluğu kaç birimdir?","1,8",2,"2,2","2,4","2,6",A
c3d2d708-a8a1-5b3a-b979-c00a960a8663,MATEMATIK,"Sercan'ın muhabbet kuşları ya sarı ya da mavi renklidir. Mavi renkli dişi kuşların sayısı, sarı renkli erkek kuşların sayısının 3 katına eşittir. Sarı renkli dişi kuşların sayısı ise mavi renkli erkek kuşların sayısından 24 fazladır. Sercan'ın sarı ve mavi renkli muhabbet kuşlarının sayısı eşit olduğuna göre, mavi renkli dişi muhabbet kuşlarının sayısı kaçtır?",12,24,36,48,60,C
ab6ba0f6-1f0b-51dd-ad84-161b84a4fd05,MATEMATIK,"$0 < x < \pi$ olmak üzere, $\frac{\sin x + \cos x}{\sin x + \cos x} - \frac{\sin x - \cos x}{\sin x + \cos x} = 2$ eşitliğini sağlayan $x$ değerlerinin toplamı kaçtır?",\frac{\pi}{2},\frac{5\pi}{4},\frac{7\pi}{4},\pi,$2\pi$,B
4175fd90-1c6d-57d7-b11b-d86fae311fda,TARIH,"Bizans İmparatorluğu'nun aşağıdaki durumlarından hangisi, bu coğrafyada Osmanlı Devleti'nin güçlenmesini sağlamıştır?",Siyasi otoritesinin zayıflamış olması,Avrupalılardan yardım alabilecek konumda olması,Bünyesinde farklı mezhepten insanları barındırması,Hanedanlıkta yönetilmesi,Bin yılı aşkın bir süreli siyasi geçmişe sahip olması,A
1626f2d7-020e-523a-9ddd-c324a6d6272f,MATEMATIK,"$P(x)$ sabit ve $Q(x)$ sıfır polinom olmak üzere, $2P(5)-Q(x)=13=P(x)+33$ eşitliği sağlandığına göre, $P(2024)$ kaçtır?",13,20,25,30,33,B
b0b264fe-0128-50c9-ab0f-bf2cb5ba92a8,MATEMATIK,"$ \frac{1}{x} - \frac{1}{x-1} \div \frac{1}{x^2-x} - \frac{1}{x+1} $ işleminin sonucu $x^m - y^n$ olduğuna göre, $m-n$ farkı kaçtır?",-3,-1,1,3,9,D
9aca42c1-eeab-52c9-b72c-8ffae412f9f0,TURKCE,"Öğretmen, her şeyden önce bizzat düşünen ve öğrencilerini düşündüren insandır. Peki, düşünme nedir? Düşüncenin ne olduğunu tarif etmek güçtür. Fakat onun objektif, herkes tarafından kullanılan bir vasıtası vardır: Kitap. Kitap bir düşünce makinesidir. İnsanlar kitap vasıtasıyla düşüncelerini geliştirirler. Kitapların dışında hiçbir vasıta ve alet halis düşünceye istenilen şekil ve kıvamı veremez. En düşkünleri konumunda bile halis düşünceden birçok şey kaybolur. Bazıları televizyonu bir düşünce vasıtası sanır. Televizyon, düşüncenin mahiyetine aykırıdır. Zira düşünce soyut, televizyon ise somuttur.

Mehmet Kaplan'a ait bu parçadan aşağıdakilerden hangisi çıkarılamaz?","Katışıksız, öz bir düşünceye kitap haricinde hiçbir şey gereken katkıyı vermemiştir.","Teknolojik araçlar, düşüncenin gelişimine katkı sağlamıştır.","Düşüncenin herkes tarafından kabul gören aracı, kitaplardır.","Öğretmenlikte en önemli ölçüt, düşünmek ve düşündürtmektir.",Düşünce gelişiminde kitaplar büyük öneme sahiptir.,B
5e85dc1a-f757-51a9-aa3b-3f71bdcacf8e,MATEMATIK,"$f(x) = \begin{cases} 1, & x>0 \\ 0, & x=0 \\ -1, & x<0 \end{cases}$ fonksiyonu tanımlanmıştır. Buna göre, $f(x^2 - 2x - 24) < 1$ eşitsizliğini sağlayan $x$ tam sayılarının toplamı kaçtır?",7,8,9,10,11,D
fbeeb980-ab7c-535c-90f6-3e645864a437,MATEMATIK,I. $f(x) = \frac{x^2-16}{x-4}$ II. $g(x) = \frac{|x-4|}{x-4}$ III. $h(x) = \frac{\sqrt{x}-2}{x-4}$ fonksiyonlarından hangilerinin $x=4$ noktasında limiti vardır?,Hiçbiri,I ve II,"I, II ve III",Yalnız I,I ve III,E
c996e2e6-d89e-5aa4-aed1-e9e6f7c24cf9,TURKCE,Aşağıdaki cümlelerin hangisinde “yakın” sözcüğü “aralarında sıkı ilişki olan” anlamında kullanılmıştır?,Sahile yakın sayılabilecek bir semtten ev tutmuş.,Yanlış otobüse bindiği için en yakın durakta indi.,Üniversiteye yakın bir pastanede buluştular.,"Metin, en yakın arkadaşlarına bile güvenmezdi.",Senin araban yakına bir yere park edip geldim.,D
0eb45531-6c96-541b-9d3a-9b292a496364,EDEBIYAT,"Keman: Sevgilinin kaşını anlatır.
Kuyu: Sevgilinin çenesini anlatır.
Ok: Sevgilinin kirpiğini anlatır.
Ay: Sevgilinin yüzünün güzelliğini anlatır.
Açıklaması yapılan sözleri divan şiirinde karşılayan kavram aşağıdakilerden hangisidir?",Telmih,İktibas,Mazmun,Terdi,Berceşte,C
e0bef436-5c52-5fe5-9821-ddb699136ae1,TURKCE,"Ağır, ağır çıkacaksın bu merdivenlerden
Eteklerinde güneş rengi bir yığın yaprak,
Ve bir zaman bakacaksın semaya ağlayarak...
Sular sarardı... Yüzün perde perde solmakta
Kızıl havaları seyret ki akşam olmakta
Bu dizelerle ilgili aşağıdakilerden hangisi yanlıştır?",Bir adet emir kipinde çekim vardır.,Üç adet iyelik eki kullanılmıştır.,Ayırma hâli eki ve bulunma hâli eki birer adottur.,Sözcüklerin sadece birinde yönelme hâli eki vardır.,Bir sözcükte ilgi eki vardır.,E
80e835be-6c3e-5fda-9569-483c28e7e111,MATEMATIK,"Bir ürünün etiket fiyatı üzerinden %20 indirim yapıldığında 10 TL zarar edilmekte veya etiket fiyatı üzerinden %10 zam yapıldığında 20 TL kâr elde edilmektedir. Buna göre, bu ürünün etiket fiyatı kaç liradır?",75,8,90,100,120,D
007a64b2-03c0-5397-8ec9-f6972989a3df,KIMYA,"1 litrelik kapalı sabit hacimli bir kaba beşer mol $CS_2$ ve $H_2$ gazları konuyor. Bir süre sonra; $CS_{2(g)} + 4H_{2(g)} \rightleftharpoons CH_{4(g)} + 2H_{2}S_{(g)}$ denklemine göre, denge kurulduğunda kapta 1 mol $CH_4$ gazı bulunmaktadır. Buna göre, reaksiyonun derişimlere bağlı denge sabiti $(K_c)$ aşağıdakilerden hangisinde doğru olarak verilmiştir?",$\frac{1}{4}$,1,$\frac{1}{5}$,2,5,B
f925069c-2e4f-5bc3-acc5-7cde606c233b,MATEMATIK,"Akif, Berk ve Cemal'in yaşları sırasıyla A, B ve C olmak üzere,
$A - 2 = B = C + 3$
eşitliği vardır.
Buna göre,
I. Akif en büyüktür.
II. Berk en küçüktür.
III. Akif, Cemal'den 5 yaş büyüktür.
ifadelerinden hangileri doğrudur?",Yalnız I,I ve II,I ve III,II ve III,"I, II ve III",C
74f36d45-ad93-525e-aaf5-ecd3d00f792e,MATEMATIK,$|3x-4| < 13$ eşitsizliğini sağlayan kaç farklı tam sayı değeri vardır?,6,7,8,9,10,E
0de0625a-c6ea-531a-8dfb-a590acf615d3,BIYOLOJI,"Alyuvarlar, kanda en fazla sayıda bulunan, ortası çukur ve çekirdeksiz hücrelerdir. Alyuvarların sayısı bir insanda bile zamanla farklılık gösterebilir.
Bu kişisel farklılığa
I. insanın yaptığı iş,
II. atmosfer basıncı,
III. insanın yaşı
faktörlerinden hangileri etki edebilir?",I ve II,I ve III,Yalnız I,II ve III,"I, II ve III",E
6985162a-e4fa-535b-8ba3-811f2123a8eb,MATEMATIK,"$a, b \in \mathbb{Z}$ olmak üzere, $f(x) = x^3$ ve $g(x) = (a-2)x^2 + (b-3)x + 2$ fonksiyonları veriliyor. $f(x)$ ve $g(x)$ fonksiyonlarının ortak özelliği her ikisinin de artan olmasıdır. Buna göre, $a+b$ toplamı en az kaçtır?",4,5,6,7,8,D
202cb1a9-2070-52b3-8aab-046ac0affbaf,MATEMATIK,"Aşağıda 2023 yılında Mehmet'in telefonuna bir GSM operatöründen gelen mesaj görseli verilmiştir. Bu mesajı alan Mehmet: ""Keşke şimdikinden 6 yıl daha önce bu operatöre üye olsaydım kazandığım internetin GB türünden miktarı bugün kazandığım miktarın 2 katından 6 GB eksik olacaktı."" demiştir. Buna göre, Mehmet bu GSM operatörüne kaç yılında abone olmuştur?",2015,2016,2017,2018,2019,A
455ad3e4-5740-5642-9fe9-cd22dc4873e5,FIZIK,"Zafer Öğretmen, fizik dersinde bir piyanistin klasik bir piyanoyu çalarken, piyano üzerinde fiziksel anlamda iş yapıp yapmadığını sorar. Öğrencilerden bazıları aşağıdaki yorumları yapar:
Ayşe: Müzik sesi duyduğumuza ve sesin bir enerjisi olduğuna göre, piyanist iş yapıyor olmalıdır.
Mehmet: Piyanist tuşlara basarken onlara bir kuvvet uygular ve kuvveti uyguladığı nokta kuvvet doğrultusunda hareket eder, bu nedenle iş yapmaktadır.
Elif: Piyanist piyano çalarken nefes alıp verir ve bu enerji harcamak demektir; dolayısıyla iş yapıyor olmalıdır.
Kayra: Piyanonun içindeki çekiçler tellere vuruyor ve titreşim oluşturuyor; bu hareketler, piyanistin iş yaparak enerji aktardığını gösterir.
Bu bilgilere göre, hangi öğrencilerin yorumları doğrudur?",Yalnız Mehmet,Ayşe ve Mehmet,Ayşe ve Kayra,"Mehmet, Elif ve Kayra","Ayşe, Mehmet, Elif ve Kayra",C
f276279b-9ec0-5b55-835c-877aa25a15f9,MATEMATIK,"$|x+y|=5$ ve $|x|=3$ olduğuna göre,
I. $-8$
II. $-1$
III. $1$
IV. $2$
V. $8$
değerlerinden kaç tanesi y değeri olabilir?",5,3,1,2,4,E
bc9fc000-091a-5251-8e56-21dbb7692670,KIMYA,"$X_{(g)} + 2Y_{(g)} \rightarrow 2Z_{(g)} + T_{(g)}$ Tek kademede sabit sıcaklıkta kapalı bir kapta gerçekleşen yukarıdaki tepkimenin hız sabiti $(k) = 4 \cdot 10^{-3}$. Tepkime için $0,5 \text{ mol}$ X ve Y gazları alındığında tepkime hızı $5 \cdot 10^{-4} \text{ M/s}$'dir. Buna göre, reaksiyon kabının hacmi kaç litredir?","0,5",1,5,10,100,D
b332b0b9-32d6-5d62-9ebd-46f00c0342a6,EDEBIYAT,"Romancılığında derin sosyal yaraları dile getiren ----, köy sorunlarını ve köy gerçeklerini olanca burukluğu ve çıplaklığı ile eserlerine aktaran bir yazar olarak göze çarpar. Yılanların Öcü başta olmak üzere onun eserleri, Anadolu'nun köy yaşamında yüzyıllardır egemenliğini sürdürmüş olan ağa ile köylü çatışma ve kavgasının sergilendiği eserlerdir. Bu parçada boş bırakılan yere aşağıdaki sanatçıların hangisi getirilmelidir?",Sabahattin Ali,Kemal Tahir,Fakir Baykurt,Yaşar Kemal,Orhan Kemal,C
d7056c71-79d0-51b9-a089-18c3aeeeb9f7,MATEMATIK,"Eşit üretim kapasitesine sahip 4 makine birlikte çalıştığında bir işi 24 saatte bitirebiliyor.
Bu makinelerden sadece bir tanesi tek başına çalıştırılırsa aynı işi kaç saatte bitirebilir?",48,60,64,72,96,E
c5253220-cdc4-5bb2-9c99-64036e813d1c,FIZIK,"Periyodik dalgalara bir stroboskop arkasından bakıldığında, dalgalar duruyor olarak göründüğünde, $f_d = n \cdot f_s$ bağıntısı ile dalgaların frekansı bulunabilir. Burada, $f_d = $ dalga frekansı, $n = $ stroboskoptaki yarık sayısı, $f_s = $ stroboskobun frekansıdır. Bir leğende oluşturulan periyodik su dalgalarına bir stroboskop arkasından bakıldığında, dalgalar duruyor gibi gözleniyor. Buna göre, I. Dalgaların frekansı, stroboskobun frekansından küçük olabilir. II. Dalgaların frekansı, stroboskobun frekansına eşit olabilir. III. Ölçüm sırasında stroboskobun frekansını azaltılmaya başlanırsa, dalgalar ileri gidiyor görünmeye başlar. yargılarından hangileri doğrudur?",Yalnız I,Yalnız II,Yalnız III,I ve II,"I, II ve III",E
ab77c3b7-ba43-5bca-8a37-f29775566549,GEOMETRI,"DBC üçgen, AEB dik üçgen, $[AE] \perp [BC]$.
$m(\widehat{BAE}) = 60^{\circ}$, $m(\widehat{DCB}) = 15^{\circ}$, $|BE| = |EC|$
Yukarıdaki verilere göre, $m(\widehat{EDC}) = \alpha$ kaç derecedir?",10,15,20,25,30,B
240c36cc-a916-55e0-b8f9-bf390a3462f6,FIZIK,İki yüklü cisim arasındaki elektriksel kuvvetin büyüklüğü; I. cisimlerin yük miktarı II. cisimler arasındaki ortamın elektriksel geçirgenliği III. cisimlerin kütlesi niceliklerinden hangilerine bağlı değildir?,Yalnız I,Yalnız II,Yalnız III,I ve II,"I, II ve III",C
13e26b76-a940-556c-9476-72982c9ae53e,MATEMATIK,$12^{12} \cdot 18^6$ işleminin sonucu aşağıdakilerden hangisidir?,$2^{30} \cdot 3^{18}$,$2^{30} \cdot 3^{30}$,$2^{18} \cdot 3^{30}$,$2^{18} \cdot 3^{18}$,$2^{30} \cdot 3^{24}$,D
ed1d56d6-be0e-5d6e-8b00-e18cf19775a3,MATEMATIK,"$f$ parçalı fonksiyonu, $f(x) = \begin{cases} |x|-1, & x>0 \\ \frac{|x|-1}{|x|}, & x<0 \end{cases}$ şeklindedir. Buna göre, I. Tanım kümesi tam sayılardan oluşuyorsa görüntü kümesinde negatif sayı yoktur. II. Tanım kümesi $-1$'den büyük negatif sayılardan oluşuyorsa görüntü kümesinde pozitif sayı olabilir. III. $f: \mathbb{R} \to \mathbb{R}$ ise $f$ fonksiyonu birebirdir. ifadelerinden hangileri doğrudur?",Yalnız I,I ve III,II ve III,I ve II,"I, II ve III",D
fe8abd64-ca7e-525e-a8de-1777c09a8331,MATEMATIK,$\frac{\sin^3 x - \sin x}{\cos^3 x}$ ifadesinin sadeleştirilmiş biçimi aşağıdakilerden hangisidir?,$\tan x$,$\cot x$,$-\sin x$,$-\tan x$,$-\cot x$,D
f9fc820a-10ce-57bf-8ce0-ffa0436acd53,MATEMATIK,$\lim_{a \to b} \frac{\sqrt{a} - \sqrt{b}}{a - b}$ işleminin sonucu aşağıdakilerden hangisidir?,-3b,-b,0,b,3b,C
23de7862-51bb-5146-a6e6-f91b2fde9e01,MATEMATIK,"Reel sayılarda tanımı ve türevli $y = f(x)$ fonksiyonu için $\lim_{h \to 0} \frac{f(x+h) - f(x-h)}{h} = 1$ ve $f(x) = x^2+x+b$ olduğuna göre, $f'(1)$ değeri kaçtır?",1,2,3,4,5,C
f340030d-5b99-56fe-9190-fa3009a765c0,KIMYA,"Karboksilik asitlerin alkollerle tepkimesi yukarıda verildiğine göre, aşağıdaki ifadelerden hangisi yanlıştır?
$R_1-C(=O)-OH + R_2-OH \rightleftharpoons R_1-C(=O)-O-R_2 + H_2O$",Oluşan X molekülü esterdir.,"1 yönündeki tepkime esterleşme, 2 yönündeki tepkime hidroliz tepkimesidir.",1 yönündeki tepkime kondenzasyon tepkimesidir.,"Tepkimede asit $H$, alkol $OH$ grubu vermiştir.","X bileşiğindeki açil grubu asitten, alkoksi grubu alkolden gelir.",D
a82e228a-d844-5939-9730-4daca1942804,MATEMATIK,"Dik koordinat düzleminde, $x^2+y^2+8x-10y+k=0$ denklemi çember belirttiğine göre, $k$'nin en büyük tam sayı değeri kaçtır?",19,18,17,16,12,D
e958c75b-a449-57b9-8491-dbb0cfef9452,EDEBIYAT,"I. Haristan ve Gülistan - Ahmet Hikmet Müftüoğlu
II. Hayat-ı Hakikiye Sahneleri - Hüseyin Cahit Yalçın
III. Vuslat - Süleyman Nazif
IV. Bir Aşkın Tarihi - Mehmet Rauf
V. Kıssadan Hisse - Ahmet Mithat Efendi
Yukarıdaki eser-yazar eşleştirmelerden hangisi yanlış verilmiştir?",I,II,III,IV,V,C
75d356d1-d85e-565e-8a44-fed674b42394,FIZIK,"Modern fiziğe büyük katkıları bulunan dalga denklemi, Belirsizlik ilkesi, olasılık dalgası, kuantum sayıları gibi konuları ifade etmiş bilim insanları klasik fizik dışında bir alan açmışlardır.
Aşağıda adı verilen bilim insanlarından hangisi yukarıdaki konularda çalışması olmayan bir fizikçidir?",Louis de Broglie,Werner Heisenberg,Erwin Schrödinger,Max Planck,Johannes Kepler,E
ff062beb-fbb8-5d75-8736-e83038a476d2,FIZIK,"Fizik bilimi ile ilgili,
I. Gözlem ve deneylere dayanır.
II. Yüksek enerji ve plazma fiziği, fiziğin alt alanlarındandır.
III. Elektronların atom çekirdeği etrafındaki hareketlerini inceler.
yargılarından hangileri doğrudur?",Yalnız I,I ve II,I ve III,II ve III,"I, II ve III",B
5b075b6c-6d1d-5a2c-b478-48759fabbbcd,MATEMATIK,"$f(x) = x^2 + 3x + 1$ olmak üzere, $\sum_{k=0}^{1} f'(k)$ toplamının sonucu kaçtır?",12,16,18,20,24,E
80c897af-34d6-5a5f-a009-797fb7aa4960,EDEBIYAT,"Çocuğun uyumasını sağlaması ya da ağlamasının durması için, sade bir dille ve hece ölçüsüne göre ezgili olarak söylenen ürünlerdir. Söyleyeni belli olmayan bu ürünler, dörtlüklerden ve nakarat bölümlerinden oluşur. Bu parçada tanıtılan edebî tür aşağıdakilerden hangisidir?",Mani,Ninni,Türkü,Ağıt,Varsağı,B
c9973c86-df5a-5448-b9ac-e2afafdb9100,MATEMATIK,$P(x) = ax^2+2ax+1$ polinomu veriliyor. $P(2x+1)$ polinomunun çarpanlarından biri $x$ olduğuna göre $a$ kaçtır?,$-\frac{1}{2}$,$-\frac{1}{4}$,$\frac{1}{2}$,1,2,D
e2cd51b3-dcbf-5515-9191-a348485a5891,TURKCE,"(I) Avustralya'da yaşayan Tetragonula carbonaria türü arılar, balı üzüm tanesine benzeyen çanaklarda depoluyor, yavruları ise sarmal şekilli kuluçka peteklerinde yetiştiriyor. (II) Bir mühendislik harikası olan bu kuluçka petekleri, birbirine bağlı yüzlerce gözden oluşan bir merdiveni andırıyor. (III) Zaman içinde gözlere, dışa ve yukarıya doğru sarmal yapı oluşturacak şekilde yenileri ekleniyor. (IV) Arıların petekleri oluştururken kullandıkları ana malzeme, bitki reçineleri ve bal mumu karışımından oluşuyor. (V) Kraliçe arı gözlere birer yumurta bırakıyor, işçi arılar da hemen gelip bu gözlerin üzerini kapatıyor.

Bu parçada yer alan numaralanmış cümlelerde Tetragonula carbonarialar hakkında aşağıdakilerden hangisi söylenemez?","I. cümlede, yaşadıkları yer ve üretim biçimlerinden söz edilmiştir.","II. cümlede, ürettikleri kuluçka peteklerine ilişkin öznel yargı kullanılmıştır.","III. cümlede, kuluçka peteklerine nasıl şekil verdiklerinden bahsedilmiştir.","IV. cümlede, kuluçka peteklerini hangi maddeden ürettiklerine işaret edilmiştir.","V. cümlede, aralarındaki iş bölümünün bal üretimi üzerindeki olumlu etkisine değinilmiştir.",E
aa07995b-f1ac-588c-95d0-2c41362af028,MATEMATIK,"$A = \{-1, 0, 1, 2\}$ ve $B = \{3, 4, 5, 6, 7, 8, 9\}$ olmak üzere, $f: A \to B$ fonksiyonu, her $x_1, x_2 \in A$ için $x_1 < x_2$ iken $f(x_1) < f(x_2)$ eşitsizliğini sağlamaktadır. Buna göre, bu koşulu sağlayan kaç farklı $f$ fonksiyonu vardır?",10,15,20,21,35,E
4aae864b-95dd-55cc-a0ea-cd2df0a87047,FIZIK,"I. Compton Olayı
II. Atomun iyonlaştırılması
III. Fotoelektrik olay
Yukarıdakilerden hangilerinde kullanılan foton soğrulur?",Yalnız I,Yalnız II,I ve II,II ve III,"I, II ve III",D
3b0c468d-1a44-5eee-bd84-f7ee941d46b7,MATEMATIK,"$P(x)$ ve $Q(x)$ başkatsayıları pozitif gerçek sayı olan polinomlar olmak üzere, $P(x)-Q^2(x)=8x-12$ $P(Q(x))=4x-10$ eşitlikleri veriliyor. Buna göre, $P(x)$ polinomunun $Q(x)$ polinomuna bölümünden kalan aşağıdakilerden hangisi olabilir?",0,1,2,3,4,C
c87a69fa-9e00-5ad5-b758-ca96e125fe8d,EDEBIYAT,"Ders esnasında öğretmen akıllı tahtaya aşağıdaki bilgileri şu şekilde yansıtmıştır:
• Türk edebiyatında Çehov tarzı öykünün ilk temsilcisidir.
• Kişilerin günlük yaşamında dikkat çekmeyen yönlerini anlattığı öyküleri ile tanınır.
• Durum öyküsünün ilk temsilcisi olan yazarın son derece güçlü bir gözlem yeteneği vardır.
• Kendi ifadesiyle ""topluma ayna tutan"" bir sanatçıdır.
• Öyküyü gereksiz süslemelerden kurtarmıştır. Dili, konuşma dilidir.
• Hayatı ve olayları nesnel bir şekilde yansıtmıştır. Edebiyatsız edebiyat yapmaktan yanadır.
• Kişilerini daha çok İstanbul Aksaray'daki orta tabakadan seçmiştir.
• Otlakçı, Mendil Altında, Hava Parası, Temiz Sevgililer, Veysel Çavuş, Kelepir, Ev Ona Yakıştı, İhtiyar Çilingir, gibi öyküleri vardır.
Bu bilgiler ışığında öğretmenin öğrencilere sezdirmek istediği sanatçı, aşağıdakilerden hangisidir?",Sait Faik Abasıyanık,Ömer Seyfettin,Refik Halit Karay,Memduh Şevket Esendal,Cevat Şakir Kabaağaçlı,C
c32e4ab2-5953-5182-a0fd-b4741849bb2f,KIMYA,"$X^{2+}$ iyonu $Y^{2-}$ iyonuna $1$ elektron verdiğinde iki taneciğin elektron sayıları eşit oluyor.
Buna göre $X^{2+}$ iyonunun atom numarası kaçtır?",$13$,$12$,$11$,$10$,$9$,C
49988d3e-85cd-536e-8dc7-ca04ac7b7f5a,MATEMATIK,$(\frac{4}{25})^{1-x} \cdot (\frac{5}{2})^{2-x} = \frac{8}{125}$ olduğuna göre $x$ kaçtır?,-3,-2,-1,1,3,A
c950642f-b329-5d40-af1a-e99f0750bc64,MATEMATIK,"$A = \{1, 2, 3, 4, 5, 6\}$ kümesinden $B = \{7, 8, 9, 10\}$ kümesine tanımlı örten bir $f$ fonksiyonu ile ilgili, $f(1) + f(6) = 20$ $f(2) + f(5) = 14$ eşitlikleri veriliyor. Buna göre, $f(3) + f(4)$ toplamının değeri kaçtır?",16,17,18,19,20,C
2a1913a9-5c13-5864-ae7f-c9223144865a,MATEMATIK,"Gerçek sayılar kümesinde tanımlanan $f$ fonksiyonu artan ve $g$ fonksiyonu azalan fonksiyonlardır. Buna göre, I. $\frac{f(-2) - f(3)}{g(4) - g(2)} > 0$ II. $\frac{f(1) - f(5)}{g(-2) - g(1)} < 0$ III. $\frac{g(0) - g(4)}{f(3) - f(2)} > 0$ ifadelerinden hangileri doğrudur?",Yalnız I,Yalnız II,I ve III,II ve III,"I, II ve III",E
293e1008-1c7a-50ea-bfe1-20eafb99c087,MATEMATIK,"$P(x)$ ve $Q(x)$ dördüncü dereceden birer polinom olmak üzere, $K = \{1, 2, 3, 4\}$ kümesinin bütün elemanları için $P(x) - Q(x) = H(x)$ $H(x) = a \cdot (x-1) \cdot (x-2) \cdot (x-3) \cdot (x-4)$ eşitlikleri sağlanmaktadır. $P(5) = Q(5) = 5$ olduğuna göre $P(6) - Q(6)$ farkı kaçtır?",6,20,25,120,125,D
6f655923-63ae-5bb1-ab9c-e83bdcdccb6f,BIYOLOJI,Canlılığını kaybetmiş bir hücrede aşağıdaki olaylar- dan hangisi devam edebilir?,Osmoz,Endositoz,Ekzositoz,Fagositoz,Pinositoz,A
74398b9a-d721-50ea-a4df-8f18ae55e2ef,MATEMATIK,"$x$ TL'ye alınan bir ürün %30 kârla $y$ TL'ye satılmaktadır. $x$ ile $y$ arasında, $3x-y=34$ bağıntısı bulunduğuna göre, bu ürünün satışından elde edilen kâr kaç TL'dir?",6,9,10,12,15,D
b4ac9680-16f7-5bd1-aaf0-4cab645e0e1e,MATEMATIK,"Fatma, para bulunan kumbarasına her gün $50$ TL para atıyor. Dilek de aynı gün başlayarak boş kumbarasına her gün $70$ TL para atıyor. $20$. gün sonunda kumbaralarındaki paraları eşit olduğuna göre, Fatma'nın kaçıncı gün sonunda kumbarasındaki parası başlangıçtaki parasının iki katı olmuştur?",6,8,10,15,16,E
ffffd800-3ad7-5bc5-9564-168d5aac4901,MATEMATIK,10 kişilik bir grupta 6 kişi 12 ve diğer 4 kişi 13 yaşındadır. Bu gruptan seçilecek iki kişinin yaşlarının farklı olmadığı durumların sayısı kaçtır?,21,20,19,18,17,A
fa2f7595-f5c8-5774-bd4d-f1df2e39d372,MATEMATIK,"Alper ve Zeynep isimli iki kardeş, evlerinden farklı zamanlarda yola çıkıp aynı yolu kullanarak sabit hızlarla yürüyerek okula gitmişlerdir. Alper evden $08.30$'da çıkıp $09.00$'da okula ulaşmış, Zeynep ise evden $08.32$'de çıkmasına rağmen $08.56$'da okula ulaşmıştır.
Buna göre, Zeynep Alper'e saat kaçta yetişmiştir?",$08.40$,$08.42$,$08.44$,$08.46$,$08.48$,C
bf862974-b28f-57ae-8e9c-cadda8f3d666,MATEMATIK,"$a, b$ ve $c$ 3'ün katı olan ardışık tam sayılardır. $a < b < c$ olmak üzere, $\frac{4a-b-5c}{a+b-2c}$ işleminin sonucu kaçtır?",1,3,5,7,9,B
16bd3f89-8162-50eb-b28d-902399d54a24,MATEMATIK,"$\\int \\frac{f(x-\\frac{1}{x})\\cdot (x^2+1)}{x^2}dx=K$ olduğuna göre, $\\int \\frac{f(x-\\frac{1}{x})}{x^2}dx$ integralinin K türünden eşiti aşağıdakilerden hangisidir?",$K^2-1$,$K+1$,$\\frac{K}{4}$,$2K$,$K-1$,E
28530bc2-43e5-5ba5-bf61-0a17a7cba267,COGRAFYA,Aşağıdakilerden hangisi haritaların özellikleriyle ilgili doğru bir bilgi değildir?,Haritaların çizimiyle kartografya bilimi ilgilenir.,Ölçek ile ölçek paydası ters orantılıdır.,Ölçek paydası büyüdükçe geniş alanlar çizilebilir.,Paydanın küçük olması ayrıntıyı artırır.,Türkiye için en uygun projeksiyon düzlem projeksiyondur.,E
ffd2063d-5bb2-56fb-8ec3-a5cec254355b,MATEMATIK,"$a=\frac{13}{15}$, $b=\frac{17}{19}$, $c=\frac{7}{9}$ olduğuna göre, aşağıdakilerden hangisi doğrudur?",$a<b<c$,$b<a<c$,$b<c<a$,$c<b<a$,$c<a<b$,E
d25af319-2a97-5cd1-8675-161575f1ee92,MATEMATIK,"$s(A) = m$, $s(B) = n$ olmak üzere A'dan B'ye tanımlanan I. fonksiyon sayısı, $n^m$'dir. II. birebir fonksiyon sayısı, $P(n, m) = \frac{n!}{(n-m)!}$'dir. III. sabit fonksiyon sayısı, $n$'dir. IV. birebir ve örten fonksiyon sayısı, $n!(m=n$ ise)'dir. bilgilerden kaç tanesi doğrudur?",0,1,2,3,4,E
05d4a16a-e919-5b56-95d5-53d1732e194c,MATEMATIK,"$[a_n]$ geometrik dizisinin ortak çarpanı $2$'dir. Buna göre, $\frac{a_6-a_4}{a_4-a_2}$ kaçtır?",8,4,6,2,1,B
2529d016-0204-50ab-884b-e85dbe64f136,MATEMATIK,"$P(x) = x(x-2)$ ve $Q(x) = 2(3x^2-2)$ polinomları veriliyor. $3P(x) - Q(x) = (mx+n)^2$ olduğuna göre, $m-n$ farkı en fazla kaç olur?",1,2,3,4,5,E
4daebb62-9a35-5709-9b49-9b40ff6d393e,MATEMATIK,"İlk iki terimi $b_1 = 4$ ve $b_2 = 2$ olan $(b_n)$ geometrik dizisi ile ortak farkı bu geometrik dizinin ortak çarpanı olan $(a_n)$ aritmetik dizisi veriliyor. $b_7 = a_{11}$ olduğuna göre, $a_1$ kaçtır?",$\frac{1}{4}$,$\frac{1}{8}$,$\frac{3}{8}$,$\frac{3}{16}$,$\frac{5}{16}$,D
ed7b2e64-0e38-5ec1-b207-799c34ecca26,EDEBIYAT,"Eğitim sorununa ironik bir üslupla yaklaşan (I) Rıfat Ilgaz; haylaz öğrencilere ait hissiyatını (II) Hababam Sınıfı'nda, mizahi roman formu içinde ölümsüzleştirir. (III) Karartma Geceleri'nde, Cide kasabasındaki toplumsal yapıyla insanı ilişkileri; (IV) Yüz Yüz Karayel'de, İstanbul sokaklarına sığınan gazeteci Mustafa Ural'ın sorunları dolu yaşamını işler. (V) Karadenizli Kıyıcoğlu'nda: öğretmenlik yaptığı Akçakoca'yı ve Batı Karadeniz insanının yaşam savaşını anlatır.
Bu parçada numaralanmış ifadelerden hangileri birbiriyle yer değiştirilirse, bilgi yanlışlığı giderilmiş olur?",I ile II,I ile III,II ile III,II ile IV,IV ile V,B
a89f71a3-c5ea-533a-bc99-f7d5fe555468,MATEMATIK,"Özlem, babasından harçlık aldığı günlerde günlük 50 TL alıyor ve harçlık aldığı gün para harcamıyor. Özlem, harçlık almadığı günlerde ise günde 30 TL harcıyor.
30 günün sonunda Özlem toplam 460 TL biriktirdiğine göre, Özlem babasından kaç gün harçlık almıştır?",16,17,18,19,20,B
80b00bad-028b-5d8a-9bde-66962cc036d3,MATEMATIK,İşleminin sonucu kaçtır? $\sqrt{3\cdot\sqrt[3]{4}\cdot\sqrt[4]{\frac{1}{3}}}$,$\sqrt[6]{3^7}$,$\sqrt[12]{3^5}$,$\sqrt[16]{3^5}$,$\sqrt[4]{3}$,$\sqrt[16]{3^3}$,B
a742fdfe-dd60-5b11-be6f-4388ffbca0d8,MATEMATIK,İşleminin sonucu kaçtır? $\frac{2^{-2}+3^{-1}}{5^{-1}+2^{-1}}$,$\frac{5}{4}$,$\frac{4}{5}$,$\frac{5}{6}$,$\frac{6}{5}$,$\frac{7}{5}$,D
c80542d4-05cd-5808-8bcc-6b23f0d8e6fc,MATEMATIK,$\int_{-2}^{-1} (5x+8) \cdot (x+4)^2 dx$ integralinin değeri kaçtır?,-1,-4,-8,-12,-15,A
c1fa7f36-b623-502a-b7f3-9aab48e4fe7a,MATEMATIK,"$a$ bir gerçek sayı olmak üzere, $P(x)$ polinomu ile ilgili $P(x+2) = (a^2-x+a)^2$ eşitliği verilmiştir. $P(x)$ polinomunun katsayılar toplamı $81$ olduğuna göre, $a$ sayısının alabileceği değerler toplamı kaçtır?",7,6,5,4,3,A
390910de-b27b-542c-8e80-dedf0457ad12,BIYOLOJI,"Bilim dünyasında, hücrenin keşfi aşağıdaki icatlardan hangisine bağlı olarak gerçekleşmiştir?",Büyüteç,Mikroskop,Teleskop,X ışınları,Röntgen,B
1f01eaa1-abfa-597d-b4de-9207a50fae49,MATEMATIK,"216 tane matematik, 144 tane geometri ve 126 tane analitik geometri sorusunun tamamı kullanılarak aşağıdaki koşullara göre bir soru kitabı hazırlanacaktır.
• Soru kitapları, her biri eşit sayıda soru içeren testlerden oluşacaktır.
• Her testte sadece aynı branşın soruları yer alacaktır.
Buna göre, bu kitap hazırlandığında, kitapta bulunan test sayısı en az kaç olabilir?",26,27,28,29,30,D
d193b35f-7c55-5c21-935b-bf7dffd16284,TURKCE,"“Özgün resimler, yeniden canlandırmanın hiçbir zaman olamayacağı ölçüde sessiz ve dinginir. Bu bakımdan yeniden canlandırmayla karşılaştırılamaz. Çünkü özgün resimde sessizlik ve dinginlik bir mükemmeliyettir; oysa yine sessizlik, aynı fotoğrafın passatını resme yaptığı andaki hareketsizliktir. Üstelik sessizlik, bunun, resmin boyanmasıyla insanın ona bakması arasındaki zamanın kapalılığını kapatmak gibi bir etkisi vardır. Bu özel anlamda tüm resimler çağdaştır. Resimlerin çağının-ki zamanın-aklına özgü bir buradan gelir. İçinde yaşadıkları tarihsel an orada, gözümüzün önündedir.”
Bu parçadan hareketle özgün resimlerle ilgili aşağıdakilerden hangisine ulaşılamaz?",Kendine has bir yapıya sahip olduğuna.,Sonradan üretilenlerden ayrıldığına.,Zamanı tamamen aşan bir gücü olduğuna.,Dönüştürücü dönemin ürünleri olduğuna.,Yaratıcısı için ışıklandırılabildiğine.,C
e5103b4b-62a6-549d-93c7-2e813e0fda5b,MATEMATIK,"$8$ öğrencinin boy uzunlukları $140$ cm, $140$ cm, $142$ cm, $144$ cm, $146$ cm, $148$ cm ve $150$ cm şeklindedir.
Bu sekiz öğrenci yan yana yatay bir sıraya kısadan uzuna ya da uzundan kısaya kaç farklı şekilde boy sıralaması yapabilirler?",12,24,56,72,120,B
70dd3d7d-b955-51fe-a214-efe60d0f9664,MATEMATIK,"$P(x)$ bir polinomdur. $P(x+2) - 2P(x-1) = x^2 - 3x + 1$ ve $P(1) = 5$ olduğuna göre, $P(4)$ kaçtır?",7,8,9,10,11,D
d6e03d5d-d5d9-5610-80ad-9f8cc2f39e31,MATEMATIK,"Baş katsayısı $3$ olan ikinci dereceden bir $P(x)$ polinomu için $P(1)-P(0)=2$ olduğuna göre, $P(2)-P(1)$ değeri kaçtır?",4,5,6,7,8,E
04fe3f7b-6236-51f6-9dcf-e3fa75ab223c,MATEMATIK,"Yeterli sayıda öğrencisi bulunan bir okulda her öğrenci kendi okul numarasını aşağıdaki koşullara göre belirlemektedir.
* Rakamları farklı üç basamaklı bir sayı olmalıdır.
* Her öğrencinin numarası farklı olmalıdır.
* Öğrenciler okul numaralarını kendilerine sıra gelince belirleyebilmektedir.
Buna göre, 11. sıradaki öğrencinin okul numarasını belirlemek için kaç farklı tercihi vardır?",900,890,600,648,504,D
244d36c3-45b3-5d7f-b7ee-e6259098181a,MATEMATIK,"$a$ bir pozitif tam sayı olmak üzere, $f(x) = \log_{(x-a)}(a-4-x^2)$ fonksiyonu kaç adet $x$ tam sayı değeri için tanımlıdır?",5,4,3,2,1,D
bd73c0c7-0769-59c6-b7ed-789e78747266,MATEMATIK,"cos18° 
cos32° - sin18° 
sin32°
sin73° 
cos33° - sin33° 
cos73°
İfadesinin eşiti aşağıdakilerden hangisidir?",tan40°,1,tan50°,2,cot10°,B
58ea0df0-e525-594d-9c33-a05bb35ece20,MATEMATIK,"$m$ ve $n$ birer gerçel sayı olmak üzere, \begin{itemize} \item $x^2-4x+n=0$ denkleminin kökleri $x_1$ ve $x_2$'dir. \item $x^2-mx+n=0$ denkleminin kökleri $x_1^2$ ve $x_2^2$'dir. \end{itemize} olduğuna göre, $m+n$ toplamının değeri kaçtır?",42,43,44,45,46,C
a0fdb266-d3ef-525c-9d7e-b0c244d49a24,MATEMATIK,"Sonlu bir $(a_n)$ aritmetik dizisinin terimleri bir tabloya sırasıyla aşağıdaki gibi yerleştiriliyor.

Buna göre, $x$ kaçtır?",1,2,3,4,6,C
edbf5d00-64e8-5bb2-bec6-0f79a8cbb87e,KIMYA,"$t$ $^\circ$C de CaF$_2$ tuzunun sudaki doymuş çözeltisinde Ca$^{2+}$ iyonu derişimi $2 \cdot 10^{-4}$ molardır.
Aynı sıcaklıkta $X$ molar NaF çözeltisinde CaF$_2$ tuzunun çözünürlüğü $3,2 \cdot 10^{-10}$ molar olduğuna göre, NaF çözeltisinin derişimi ($X$) kaç molardır?",1,"0,1","0,01","0,001","0,0001",B
4b4348ba-0624-5406-8ec6-ac439bb2c3a9,MATEMATIK,"$P(x)$ ve $Q(x)$ polinomları için $\text{der}[P^2(2x) \cdot Q^3(x)] = 14$ ve $\text{der}[P^2(x) \cdot Q(3x+1)] = 16$ olduğuna göre, $\text{der}[P(x)] + \text{der}[Q(x)]$ kaçtır?",4,6,10,12,15,C
6ccb1cf3-cecf-51a2-8f7a-a90b5d9cf85c,MATEMATIK,"A kentinden B kentine seyahat etmek isteyen Bahar aşağıdaki üç firmaya ait otobüs seferlerinden rastgele birini seçerek bilet almıştır.Otobüs terminaline saat 13.30'da gelen Bahar bilet aldığı otobüsü kaçırdığına göre, Bahar'ın K firmasından bilet almış olma olasılığı kaçtır?",$\frac{1}{5}$,$\frac{1}{4}$,$\frac{1}{3}$,$\frac{2}{5}$,$\frac{1}{2}$,B
a65b47a5-1698-5aee-b594-1ee1b6a23e30,KIMYA,"Sabit hacimli kapta,$X_{2(\text{g})} + 2\text{Y}_{2(\text{g})} \rightleftharpoons 2\text{XY}_{2(\text{g})}$ tepkimesi dengede iken $2$ mol $X_2$, $2$ mol $Y_2$ ve $4$ mol $XY_2$ gazları dengededir. Denge halinde toplam basınç $4$ atm ise $K_p$ kaçtır?",$\frac{1}{4}$,$\frac{1}{2}$,$1$,$2$,$8$,D
ed1b9ea9-2608-573c-99e6-6ee1ab116fe1,BIYOLOJI,"Popülasyonu oluşturan bireyler, yaşam alanlarında değişik modellerde dağılım gösterir. Dağılımın popülasyon artışı üzerine etkileri vardır. Popülasyon büyüklüğünün tahmin edilebilmesi için dağılım modellerinin bilinmesi gerekir.
Popülasyon dağılım şekilleriyle ilgili
I. Kümeli dağılım, en yaygın dağılım modelidir.
II. Düzenli dağılımda bireyler arasında etkileşim en azdır.
III. Üreme döneminde karada alan savunması yapan kral penguenler rastgele dağılım sergiler.
ifadelerinden hangileri doğrudur?",Yalnız I,Yalnız III,I ve II,II ve III,"I, II ve III",A
33ec8415-e68c-5349-9a25-75d75287a856,TURKCE,Aşağıdaki cümlelerden hangisinde isim tamlamalarının ögeleri (tamlayan / tamlanan) yanlış ayrılmıştır?,Kimi insanın öz yaşamı bir ders kitabı gibi yazılır. (insanın / öz yaşamı),Su sesinin nağmesini duymayan kaldı mı? (Su sesinin / nağmesi),Eski köy konağının onarımını muhtarlık üstlendi. (köy konağının / onarımı),Yaşamından herkesin ders alabileceği pek çok insan vardır. (herkesin / ders alabileceği),Kır kahvesinin köşesinde küçücük bir masa duruyordu. (Kır / kahvesinin köşesinde),E
7e89e03a-c583-55d2-ac6b-3af9462812e8,KIMYA,"I. 1A ve 2A grubu elementleri s blokundadır.
II. d blok elementlerinin tamamı metaldir.
III. Geçiş elementleri 6. ve 7. periyotta yer alır.
Yukarıda verilen yargılardan hangileri doğrudur?",Yalnız I,Yalnız II,I ve II,II ve III,"I, II ve III",C
5aa4dca9-2ac7-5123-b819-82b7eacc4e73,TURKCE,"Bulanık görme, gözlerde yanma ve kuruluk hissi, sulanma, kızarıklık, odaklanma zorluğu, çift görme ve ışık hassasiyeti gibi şikâyetlerin gün geçtikçe artması da bu yüzden. Gözleri korumak için çalışma düzenini tamamen değiştirmeye gerek yok. Günlük rutinin içinde birkaç ufak değişiklik yaparak göz sağlığını korumak mümkün. Düzenli göz kontrolü sağlıklı gözler için ilk adım.

Bu cümlede altı çizili sözü anlamca karşılayabilecek bir kullanım aşağıdakilerin hangisinde vardır?",Belli bir zaman aralığında sürekli tekrar ederek bu zor işin üstesinden gelmiştik.,Alışkanlığımız her zararlıya karşı savaş vermeme zamanının geldiğini düşünüyoruz.,Günden güne değişen ve gelişen dünyanın içinde çaresizce kalakalmak insanı sarsıyor.,Ara ara gittiğim kitap evinde yeni baskısı yapılmış eski kitapları bulmak güzel şey.,"Acı ile örülmüş bir hayatın tatlı kurbanı olan ben, sabırla zaferlere ulaşacağım.",A
3d42522f-3790-56f0-80dc-45396d85c6d0,MATEMATIK,"$f$ bire bir ve sürekli bir fonksiyon olmak üzere, $\lim_{x \to 2} \frac{f(x)-2}{x+5} = 1$ olduğuna göre, $\lim_{x \to 2} [x^2 f(x)]$ ifadesinin değeri kaçtır?",20,25,50,62,64,C
570a76ac-5f83-5471-869a-d7870646411a,MATEMATIK,"$(x^2-x^4)^4=a_0+a_1x+a_2x^2+...+a_{16}x^{16}$ olduğuna göre, tek indisli katsayıların toplamı olan $a_1+a_3+a_5+...+a_{15}$ toplamı kaçtır?",-8,-4,0,4,8,C
56208c33-42de-5e9e-9ff6-c7915783fe18,MATEMATIK,"$x$ bir gerçek sayı olmak üzere, $\sqrt[3]{x^4-1} = \sqrt[4]{x^4-1}$ olduğuna göre, $x$ kaçtır?",4,5,6,7,8,A
a6a3a6b7-b665-5d3b-98fb-422afbbeeda3,GEOMETRI,"Düzlemde verilen bir yamuğun köşegenlerinin K noktasında kesiştiği biliniyor. K noktasından yan kenarlardan birine paralel çizilen doğru parçası, yamuğun bir tabanını 4 cm ve 8 cm uzunluklarına ayırmaktadır. Buna göre, yamuğun diğer tabanının uzunluğu
I. 8 cm
II. 12 cm
III. 24 cm
değerlerinden hangileri olabilir?",Yalnız I,Yalnız II,Yalnız III,I ve II,I ve III,E
64042b28-632c-5a0c-bf35-755b99d2080d,MATEMATIK,"Tanım: Asal çarpanlarının kuvvetleri toplamına tam bölünebilen doğal sayılara ""Bölümlü Sayılar"" denir. Örneğin; 12 sayısı için $12 = 2^2 \cdot 3^1$ ve 12 sayısı $2+1=3$'e tam bölündüğünden 12 bölümlü bir sayıdır. $x$ pozitif tam sayı olmak üzere, $P = 3^x \cdot 2^4$ sayısı üç basamaklı bir bölümlü sayıdır. Buna göre, $P$'nin alabileceği en küçük değerin rakamları toplamı kaçtır?",16,15,14,13,12,B
90f871dd-e0e8-5c96-b22b-1ce0a2d63ec9,MATEMATIK,"Aşağıdaki şekilde A satırında bulunan sayılar bir aritmetik dizinin soldan sağa doğru küçükten büyüğe sıralanmış ardışık terimleri ve B sütununda bulunan sayılar ise başka bir aritmetik dizinin yukarıdan aşağıya doğru küçükten büyüğe sıralanmış ardışık terimleridir. Buna göre, $x+y+z$ toplamı kaçtır?",58,60,62,64,66,C
7cac9dad-00ca-5279-b5cb-10114f35b34b,MATEMATIK,"$x, y \in \mathbb{R}$ gerçel sayılar olmak üzere,
$|cotx| = 4 + cotx$
$|coty| = 6 + coty$
eşitlikleri veriliyor.
Buna göre,
$tan^2(x+y) - 2tan(x+y) + m = 0$
denklemini sağlayan $m$ değeri kaçtır?",-3,-1,1,3,4,C
123fcf9c-ecf5-559f-a75d-8a032b33c9d7,MATEMATIK,$f(x) = x^3-3x-1$ fonksiyonları veriliyor. $\frac{d(f(x))}{dx} = \frac{d(f(x))}{dx} = 0$ denklemini sağlayan $x$ pozitif gerçel sayısı kaçtır?,$\frac{1}{2}$,1,2,3,4,B
9de5f762-cc28-50d7-acdd-3494c8edc970,KIMYA,$CO_{2(g)} + 2H_{2(g)} \xrightarrow{ZnO/Cr_2O_3} CH_3OH_{(g)}$ Yukarıda verilen tepkimeyle ilgili; I. $ZnO$ ve $Cr_2O_3$ katalizördür. II. Redoks tepkimesidir. III. Oda koşullarında gerçekleşir. yargılarından hangileri yanlıştır?,Yalnız I,Yalnız II,I ve III,"I, II ve III",Yalnız III,E
81db8d40-6112-502a-b97d-79231bb08926,KIMYA,Baş kuantum sayısı ($n$) $3$ olan bir orbitalin manyetik kuantum değeri aşağıdakilerden hangisi olamaz?,0,-1,+1,-2,+3,E
60be7a4f-3fc6-50b9-a067-15ad358faf09,MATEMATIK,"$y=f(x)$ fonksiyonu tek, $y=g(x)$ fonksiyonu sabit fonksiyon olmayan çift polinom fonksiyon olmak üzere, $f''(-5) = 2$, $f'(2) = g'(6)$ olduğuna göre, $f''(5) - f'(-2)$ ifadesinin değeri kaçtır?",-2,-1,1,2,3,D
67a10280-09bb-5add-8025-4da72f7e385d,MATEMATIK,"$a$ ve $x$ pozitif gerçel sayılar olmak üzere,
$a^{x+1} = 4$
$a^{x^2+x+1} = 4$
eşitlikleri veriliyor.
Buna göre, $\log_2(3a+2)$ ifadesinin değeri kaçtır?",$3$,$4$,$5$,$6$,$8$,B
90fab9e8-0499-5567-ad63-0fa420fcb058,TURKCE,"(I) Eskiden her erkek silah taşırmış. (II) Birbirlerini gören iki dost, sağ ellerinin boş olduğunu yani ellerinde silah olmadığını, zarar vermeyeceklerini göstermek amacıyla sağ ellerini uzatırmış. (III) Bu süre içinde herhangi bir alet varsa düşürülür diye de el sıkışarak sallanırmış. (IV) İki taraf bir süre el sıkışarak bekler, herhangi bir tehdit durumu yok ise el sıkışmayı bırakırmış. (V) Zamanla bu işlem, dostluğun ve selamın bir işareti olarak günümüze kadar gelmiş.
Bu parçanın anlam akışındaki bozukluğu gidermek için aşağıdaki değişikliklerden hangisi yapılmalıdır?",IV. cümle II. cümleden önce gelmelidir.,V. cümle I. cümleden sonra gelmelidir.,III. cümleyle IV. cümle yer değiştirmelidir.,II. cümle V. cümleden önce gelmelidir.,III. cümle I. cümleden önce gelmelidir.,C
7c0b41c5-d2ec-5cde-9d47-a0a7ad1a0467,TARIH,"Millî Mücadele'ye ait yukarıdaki sıralamada neden - sonuç ilişkisini bozan gelişme, kaç numaralı alanda gösterilmiştir?
I. Düzenli ordunun kurulması
II. I. İnönü Muharebesi'nin yapılması
III. Fransa'nın işgalleri sona erdirme kararı alması
IV. TBMM'nin hakkı davalara dünyaya duyurma isteği
V. TBMM'nin Londra Konferansı'na katılması",I,II,III,IV,V,C
c98fb94f-4c81-5d2a-b1a2-cc3641e50879,TURKCE,"(I) Aynı zamanda halk şiirinin sosyal hayatla yakın bir ilişki içinde olduğunu gösterir. (II) Türklerin tamamına olmasa da büyük bir kısmı sosyal hayatıyla yaşamış olaylarla ilgilidir. (III) Ancak bundan daha önemlisi, Türk halkının değer verdiği veya önemi gördüğü olayları, durumları ve kişileri sözel hafızaya aktarmış olmasıdır. (IV) Türk halkı, yaşamı içinde bazı olayları ve durumları sıradan olanlardan ayırmış ve bunların sözlü kültürü de kalıcı olmasını istemiştir. (V) Kalıcılığı ise bazı olayları şiirleştirerek, anonim halk şiirindeki adıyla türküleştirerek sağlamıştır.
Bu parçanın anlamsal akışının sağlanması için numaralanmış cümlelerden hangileri yer değiştirmelidir?",I ile II,I ile V,II ile III,III ile V,IV ile IV,A
f358cf90-2235-5f46-9dd2-35ee4f0a5aa9,MATEMATIK,"a ve b sıfırdan farklı gerçek sayılar olmak üzere, $2a = 3b$ olduğuna göre, $\frac{a+b}{a}$ oranı kaçtır?",$\frac{5}{2}$,$\frac{5}{3}$,2,3,$\frac{9}{2}$,B
a51f30e1-62fc-54ca-bdbe-8ed4b47bc54f,GEOMETRI,"ABCD dörtgen
• E ve G köşegenlerin
• F, $[AB]$'nın orta noktasıdır.
$|AD|=4\sqrt{5}$ cm, $|BC|=10$ cm
olduğuna göre, $|EG|=x$ kaç cm'dir?",8,6,5,7,9,C
8377c4e1-1c08-590c-8151-76123efc9501,FIZIK,"Fiziğin alt dalları ve inceledikleri bazı konular aşağıdaki gibi karşılıklı eşleştirilmiştir.
Buna göre, bu eşleşmelerden hangisi yanlıştır?",1,2,3,4,5,D
2b6a326f-9cbc-5bcc-8d42-1c8f580f9279,MATEMATIK,"$y=x^3-1$ ve $u=\sqrt{x}-1$ olduğuna göre, $\frac{dy}{du}$ değeri kaçtır?",192,180,164,140,136,A
b19b6627-fe09-5343-bc97-03ecf4030104,MATEMATIK,Integralin değeri kaçtır? $\int_{1}^{2} \frac{\sqrt{x+1}}{\sqrt{x+1}} dx$,0,1,$\sqrt{2}$,2,$2\sqrt{2}$,B
56bb6763-4dc1-529b-9ae2-03cb86377cae,TURKCE,"Yeni nesil, maaş değil unvan peşinde!
Bir araştırma şirketi, maaşı çalışan 18-25 yaş aralığındaki 830 kişiyle yaptığı görüşmede kişilerin unvan tercihine yönelik sorular sormuştur. Araştırma sonucunda katılımcıların %80'inin ""Çalıştığım yerdeki önceliğim unvan değil, maaşım."" cevabını verdiği, %18'inin ""Unvanın yükselirse maaşımın aynı kalması önemli değil."" görüşünü belirttiği, %2'sinin de ""Unvanın yükselirse maaşımın düşmesi benim için önemli olmaz."" dediği tespit edilmiştir. Araştırma sonuçları, son dönemde popüler hâle gelen unvan pazarlamasının nasıl yapılacağı konusunda da şirketlere önemli geri bildirimler sunmuştur.
Bu köşe yazısıyla ilgili aşağıdakilerden hangisi söylenebilir?",Kanıtlanamayan varsayımlar üzerinde yorum yapılmaktadır.,Kendi içerisinde tutarsızlıklar ve yanlışlıkları bulun- maktadır.,İstatistiki verilerin gerçeği yansıtmadığı ortaya koyul- maktadır.,Güncel bir konunun ekonomik etkilerine değinilmektedir.,Toplumun farklı kesimlerinin bakış açıları karşılaştırı- maktadır.,B
58b5eee8-f208-55ec-9708-2e762b731955,MATEMATIK,"Ayşe, Beyza ve Cemre'nin toplamda $x$ tane bilyesi vardır. Ayşe bilyelerinin yarısını Beyza'ya Beyza bilyelerinin üçte birini Cemre'ye Cemre bilyelerinin dörtte birini Ayşe'ye vermek üzere ayırmış ve ayırdıkları bu bilyeleri aynı anda birbirlerine veriyorlar. Son durumda hiç kimsenin bilye sayısı değişmediğine göre, I. Cemre'nin bilye sayısı Ayşe'nin bilye sayısının iki katıdır. II. Ayşe ve Beyza'nın bilye sayılarının toplamı 45 olabilir. III. $x=90$ olabilir. ifadelerinden hangileri doğrudur?",Yalnız I,Yalnız II,Yalnız III,I ve II,"I, II ve III",A
e7d5cb04-a578-594d-a7b6-89915f280954,MATEMATIK,"$f(x) = \begin{cases} 4x-2 & , x > 1 \\ x^2+x & , x \le 1 \end{cases}$ fonksiyonu veriliyor. Buna göre, $f'(1)$ varsa değeri kaçtır?",Yoktur,-4,-2,2,4,D
b8020fc4-cba4-55dc-88a5-2ec18331efad,MATEMATIK,"Bir avcının hedefi vurma olasılığı $x$'tir. Bu avcı bir hedefe art arda iki atış yapıyor.
Avcının iki atışta hedefi vuramama olasılığı, iki atışta da hedefi vurma olasılığının %25'inden azdır.
Buna göre, $x$ aşağıdakilerden hangisi olamaz?",$\frac{2}{3}$,$\frac{3}{4}$,$\frac{4}{5}$,$\frac{5}{6}$,$\frac{6}{7}$,A
2c228a2e-62a8-5ad4-a553-7adf1fad44d8,EDEBIYAT,"O sıralarda Ebuzziya'nın Ecel-i Kaza'sı, Namık Kemal'in Vatan yahut Silistre'si çıkmıştı. Bir tiyatro da ben yazayım, dedim. Macera-yı Aşk'ı ne derin bir heyecan içinde yazdığımı size anlatamam. Dedim ya, çok genç ve ateşliydim o zamanlar. İlk eserimde ve onu takip eden birkaç kitabımda Namık Kemal'i taklit etmiştim. Zaten edebiyat, daima taklit ile başlar. Değil mi efendim? Sonra insan, ne ise o olur. Bu parçada eserinden söz eden yazar aşağıdakilerden hangisidir?",Şemsettin Sami,Nabizade Nazım,Abdülhak Hamit Tarhan,Teodor Kasap,Recaizade Mahmut Ekrem,E
25d18387-d54f-5d04-b961-35e1fb99cbc5,MATEMATIK,"$x$ ve $y$ sıfırdan büyük gerçek sayılardır. $\log_3 x = \log_2 y = \log_{10} (x+y)$ olduğuna göre, $\frac{x}{y}$ oranı kaçtır?",$\frac{9}{16}$,$\frac{16}{9}$,$\frac{3}{4}$,$\frac{4}{3}$,$\frac{1}{2}$,A
b7dd83d9-e3ad-5585-8e3f-a81730a0d6a8,MATEMATIK,"Hızlı okuma kursuna giden Songül dakikada 160 kelime okumaktadır. Songül 160 kelimenin $\frac{17}{32}$'sini ilk yarım dakikada okumaktadır. Buna göre, Songül son yarım dakikada kaç kelime okumuştur?",70,75,80,85,90,B
b75e01dc-7cad-5833-96ba-acff78185528,MATEMATIK,$$\frac{4}{x}<x$$ $$\frac{x-1}{x-1}>0$$ eşitsizlik sisteminin çözüm kümesi aşağıdakilerden hangisidir?,"$$(-2, -1) \cup (1, \infty)$$","$$(-2, 1) \cup (2, \infty)$$","$$(-2, -1) \cup (2, \infty)$$","$$(-2, 0) \cup (2, \infty)$$","$$(2, \infty)$$",D
e6a23070-e225-5405-afa2-e3fcd146ecc9,TURKCE,"Belli bir beyin hasarı yaşamış insanlar, duyguları hissetme yeteneğini yitirirler. Akıl yürütme yetenekleri yerinde durmasına rağmen duygularından elden gelmez. Bu durum, Iowa Üniversitesi Tıp Fakültesi'nden nörolog Dr. Antonio Damasio'yu, bu tür beyin hasarlarına sahip insanlar, incelenmiş ve bunların ""Biliyor fakat hissetmiyor."" göründükleri sonucuna ulaşmıştır. Dr. Damasio'ya göre bu insanlar, onları yönlendirecek duygular olmaksızın o seçenekle bu seçenek arasına da bitip tükenmez bir düşünme sürecine girerler. Dr. Damasio'nun hastalarından biri, bir sonraki randevunun tarihini belirlemek için yarım saat harcamıştır.

Bu parçadan duygularla ilgili aşağıdakilerin hangisine ulaşılabilir?",Beynin işleyiş hızını eskiye oranla değiştirmektedir.,Kişinin karar verme sürecini kolaylaştırmaktadır.,İnsanların karar verme eğilimlerini azaltmaktadır.,"Kişinin, kendini ifade etmesini gereksiz kılmaktadır.",Zihnin bilgi kapasitesini genişletmektedir.,B
d0325531-e50a-503c-9b8e-6fb0983812ef,TURKCE,"Teknolojik gelişmeler paralelinde ortaya çıkan sinema sanatı, zamanla bireylere haz satan kültür endüstrisinin bir kolu hâline gelmiştir. Standartlaşmış kültür endüst-risi ürünleri olarak karşımıza çıkan sinema, bireylerin var olan durumlarını sorgulamalarına imkân vermeyen, gündelik sıkıntılardan kaçtıkları bir alana dönüşmüştür. Sinemanın, bireylerin boş vakit geçirmesine imkân ver-diği, sinema ve ideoloji bağlamında göz ardı edilme-mesi gereken bir noktadır.
Bu parçanın sonuna düşüncenin akışına göre aşağıdaki-lerden hangisi getirilmelidir?","Bu bağlamda, sinemanın eğlence işlevinin öne çıkarıl-ması ideolojik alt yapının saklanmasına yol açmaktadır.","Diğer yandan, sinema sanatı var olan toplumsal prob-lemlerin sorgulandığı bir alan olarak karşımıza çık-maktadır.",Bu nedenle sinema her zaman eğlence sektörünün en önemli alanı olmuştur.,"Ancak sinemada eleştirel filmler, egemen değerlere hizmet eden filmlere oranla daha az mekânda göste-rilmektedir.","Dolayısıyla sinema, hâkim ideolojileri yeniden ürete-cek söylemlerin toplumun tüm kesimlerine yayılma-sında rol oynar.",A
d3a3d584-7510-5bc3-b688-53cfcfe93b19,MATEMATIK,$\frac{2}{|x-3|} \le 0$ eşitsizliğini sağlayan çözüm kümesi aşağıdakilerden hangisidir?,R,R - \{3\},"(3, \infty)",\{\},"(-\infty, 3)",D
b382dbef-8afa-5948-96df-fcae623a6fb5,KIMYA,"$_{11}$Na$^{+}$ ve $_{8}$O$^{2-}$ tanecikleri ile ilgili,
I. $_{11}$Na$^{+}$ taneciğinde çekirdeğin çekim gücü daha fazladır.
II. $_{8}$O$^{2-}$ taneciğinde elektron başına düşen çekim gücü daha azdır.
III. $_{11}$Na$^{+}$ taneciğinden elektron kopartmak daha kolaydır.
ifadelerinden hangileri doğrudur?",Yalnız I,Yalnız III,I ve II,I ve III,"I, II ve III",C
9033b4e0-04ef-58da-a28c-c732038c2709,KIMYA,"Kapalı bir kapta gerçekleşen yukarıdaki tepkime için, I. toplam kütle, II. atom sayısı ve cinsi, III. toplam molekül sayısı niceliklerinden hangileri korunur?",Yalnız I,Yalnız III,I ve II,II ve III,"I, II ve III",C
89bbeec4-285f-5706-84c1-c14b409f0c76,MATEMATIK,"Her $n$ sayma sayısı için, $2.(a_{n+2}) = (a_{n+1}) + (a_n)$ olduğuna göre, $(a_n)$ dizisinin genel terimi I. $\sqrt{5n}+7$ II. $3n+2$ III. $2n^2+1$ ifadelerinden hangileri olabilir?",Yalnız III,I ve II,I ve III,II ve III,"I, II ve III",B
e20dacd5-2dab-54bd-b884-c35e3b5dbb94,MATEMATIK,"$f(x) = x^3 - 3x^2$ ve $g(x) = 2x^2 - 6x$ olduğuna göre, $(\frac{f}{g})'(10)$ değeri kaçtır?",$\frac{1}{2}$,$\frac{1}{4}$,$\frac{1}{8}$,$\frac{1}{16}$,$\frac{1}{32}$,A
b0a57abb-8b8f-5770-a154-e92b8e300e1a,MATEMATIK,"Bir geometrik dizinin ilk 8 teriminin çarpımı $3^{20}$ olduğuna göre, dizinin üçüncü terimi ile altıncı teriminin çarpımı kaçtır?",$3^2$,$3^3$,$3^4$,$3^5$,$3^6$,D
f7472765-fed9-5460-9a35-95d304194357,MATEMATIK,"20 öğrencinin bulunduğu bir sınıftan rastgele seçilen bir öğrencinin erkek olma olasılığı $\frac{2}{5}$'tir. Buna göre, sınıfa kaç erkek öğrenci daha alınırsa rastgele seçilen bir öğrencinin erkek olma olasılığı $\frac{2}{3}$ olur?",14,15,16,17,18,C
3810f379-f189-54ed-8b4f-1887754b8fe4,TARIH,"Osmanlı Devleti topraklarının işlenmesini reayaya bırakarak geçimlerini sağlamalarına özen göstermiştir. Tımar sistemi içerisinde dağıtılan bu topraklara çift, uygulamaya çifthane sistemi denirdi. Toprak mülkiyeti devlete ait olup kullanma hakkı reayanındı. Reaya toprağın kullanma hakkını çocuklarına miras olarak bırakabilirdi.
Osmanlı Devleti'nin çifthane sistemiyle aşağıdakilerden hangisini amaçladığı söylenemez?",Miri toprakların miktarını azaltmak,Üretimin sürekliliğini sağlamak,Büyük hanedanların çıkmasını önlemek,Köle sınıfının meydana gelmesine engel olmak,Ekonomik hayatı düzenlemek,A
09ecc21e-7a23-5a07-8aa9-ac6e1fe638a4,TURKCE,"Ay ve gün adlarının yazımıyla ilgili yukarıdaki cümlelerin doğru olanına D, yanlış olanına Y verilecek olursa sıralama hangisi olur?",D-D-D-Y,D-Y-Y-D,D-Y-D-Y,Y-D-D-Y,Y-D-D-D,C
7e92b566-9fed-5729-bd47-0364a40558ac,MATEMATIK,"$0 < \theta < \frac{\pi}{2}$ olmak üzere, $x = \log_{\sin\theta}$ ve $y = \log_{\cos\theta}$ eşitlikleri veriliyor. Buna göre, $\log_{x \cdot y}(4^x + 9^y)$ ifadesinin değeri kaçtır?",0,$\frac{1}{2}$,$\frac{1}{\sqrt{2}}$,1,$\sqrt{2}$,D
05831b37-5087-55f9-81f1-79665b3b61a5,MATEMATIK,Tatil için Antalya ve Muğla'ya gönderilmek üzere 5 kişi seçilmiştir. Seçilen 5 kişiden Adil ve Kaan farklı illere gitmek şartıyla kaç değişik gruplama ile gönderilebilir?,16,18,20,22,24,C
8b3bbdb1-5f36-5504-b918-c5928ff3feab,MATEMATIK,Integralin değeri aşağıdakilerden hangisidir? $\int_{0}^{\frac{\pi}{2}} (\cos^2 x - \sin^2 x) dx$,$\frac{\pi}{20}$,$\frac{3\pi}{40}$,$\frac{\pi}{8}$,0,$\frac{1}{2}$,E
e665124a-6e09-5f1b-b790-0783f68e5cfa,MATEMATIK,"BARIŞ kelimesindeki harflerin yerleri değiştirilerek anlamlı veya anlamsız 5 harfli kelimeler yazılıyor.
Yazılan bu kelimelerden rastgele biri seçildiğinde, seçilen bu kelimenin A harfiyle başlıyor olma veya Ş harfiyle bitiyor olma olasılığı kaçtır?",\frac{7}{20},\frac{5}{12},\frac{3}{10},\frac{2}{7},\frac{1}{3},B
cb897ad8-9f2d-5aa6-9379-392f42959794,MATEMATIK,"$f(x) = x^3 - 4x^2 + 2x - 1$ $g(x) = x^2 + 10x - 2$ olarak veriliyor. $f'(x_0) < g'(x_0)$ olduğuna göre, $x_0$'ın alabileceği kaç farklı tam sayı değeri vardır?",5,4,3,2,1,C
20c8363d-2c48-5780-8597-5c3cb2740fb8,MATEMATIK,"$2m+n=12$ olduğuna göre, $m \cdot n$ en çok kaçtır?",36,24,12,18,15,D
8258ae07-fd41-5c90-a262-7034d154d45b,MATEMATIK,"$x$ pozitif doğal sayı olmak üzere, $EBOB(21 \cdot x, 35 \cdot x) = 42$ olduğuna göre, $EKOK(21 \cdot x, 35 \cdot x)$ ifadesinin değeri kaçtır?",126,210,630,840,1260,C
3677affc-9b2e-5faa-ba38-2ddbb85fdbcb,MATEMATIK,$\frac{\sec^2x - \tan^2x - \cos(2x)}{\tan x}$ ifadesinin sadeleştirilmiş biçimi aşağıdakilerden hangisidir?,sin(2x),cos(2x),tan(2x),cot(2x),csc(2x),D
0ed4f849-6b32-51a1-87da-073fa6ffb2a6,MATEMATIK,"$a+b=\\frac{3\\pi}{2}$ $\\cos b = \\frac{3}{4}$ olduğuna göre, $\\cos (2a-3b)$ ifadesinin sonucu kaçtır?",$-\\frac{3}{5}$,$-\\frac{3}{4}$,$-\\frac{1}{3}$,$-\\frac{2}{5}$,$\\frac{3}{5}$,B
c300aa2e-762b-576c-8889-6013ff272eed,MATEMATIK,"$f(x) = 2x-1$, $x_1=1$ ve $x_2=2$ olduğuna göre; $\sum_{i=1}^{2} x_i \cdot f(x_i)$ işleminin sonucu kaçtır?",7,9,11,13,15,B
a83d1437-f6b1-55af-8f78-e01de522c6b7,MATEMATIK,"$2P(x) - 3Q(x-1) = 4x^2 - 3x$ eşitliği veriliyor. $P(x)$ polinomunun katsayılar toplamı $26$ olduğuna göre, $Q(x)$ polinomunun sabit terimi kaçtır?",12,14,17,20,23,C
9b97bd05-880b-592d-9020-804221188fb2,MATEMATIK,"$\log_2(79! + 80!) = a$ olduğuna göre, $\log_279!$ sayısının $a$ cinsinden değeri aşağıdakilerden hangisidir?",$a-2$,$\frac{a-3}{5}$,$\frac{a-4}{3}$,$\frac{a-5}{3}$,$a-6$,A
0095e0f6-72e6-5fc2-a91e-805b5fa9838e,MATEMATIK,"a, b ve c sıfırdan farklı gerçel sayılar olmak üzere, $c \cdot a^2 \cdot b^3$, $a^3 \cdot \frac{a}{b}$, $\frac{a^2 \cdot b^4}{c^2}$ sayılarından ikisi pozitif, biri negatiftir. Buna göre, I. $a < 0$ II. $b \cdot c < 0$ III. $a + b > 0$ ifadelerinden hangileri kesinlikle doğrudur?",Yalnız I,Yalnız II,I ve II,I ve III,II ve III,B
6d21bec1-ddda-5a86-93cb-8fdd34892b1e,TURKCE,"Antik Yunan ve Mezopotamya arasında sıkça yaşanan savaşlar pek çok destana konu olmuştur. Antik Yunan'ın modern insana daha çekici gelmesinin önemli bir nedeni, Mezopotamya'nın aksine, bir yurttaşlar devleti modeli ortaya koymasıdır. Belki bunun etkisiyle Antik Yunan, modern insanın gözünde Mezopotamya'yı geri plana itmiştir.
Bu parçadaki numaralanmış sözcüklerin hangisinde ünsüz benzeşmesi yoktur?",I,II,III,IV,V,B
55550522-1f92-560a-bf95-38323055343d,MATEMATIK,"Her birinin en yüksek dereceli teriminin katsayısı $1$ olan üçüncü dereceden gerçel katsayılı $P(x)$ ve $R(x)$ polinomları için $2$ ve $6$ ortak köklerdir. $P(x)-R(x)$ polinomu $x-1$ ile bölündüğünde kalan $10$ olmaktadır. Buna göre, $P(0)-R(0)$ değeri kaçtır?",24,27,30,33,36,E
acdf97be-f049-5a53-986b-ab130ef0ad71,MATEMATIK,"Bir manav kilogramı 36 TL olan 20 kilogram muz ile kilogramı 18 TL olan 40 kilogram muzu karıştırıp satmak istiyor. Manavın ilk durumda elde edeceği parayı kazanabilmesi için, karışımın 1 kilogramını kaç TL'den satması gerekir?",19.2,21.6,24,25.2,27.6,C
f148e143-572b-5559-94b0-757aa9cf5da4,MATEMATIK,$|3x-15| + |2y-8| = 0$ denklemini sağlayan $x$ ve $y$ sayılarının toplamı kaçtır?,5,6,7,8,9,E
56c40837-80d3-504f-a991-1598396eb631,MATEMATIK,"$P(x)$ üçüncü dereceden bir polinomdur. $P(2)=0$, $P(-3)=0$, $P(-1)=0$ ve $P(x+2)$ polinomunun katsayılar toplamı 48 olduğuna göre, $P(5)$ kaçtır?",274,288,292,300,304,B
be3be17d-f3e6-5f6d-9e76-45e4893a87d2,GEOMETRI,"Kenar uzunlukları $|AB| = 10$ cm, $|AC| = 9$ cm ve $|BC| = 7$ cm olan ABC üçgeni ile bu üçgenin iç teğet çemberi çiziliyor. Bu çember ABC üçgeninin [AB], [AC] ve [BC] kenarlarına sırasıyla D, E ve F noktalarında teğettir.
Buna göre, $|BF| + |CE| - |AD|$ işleminin sonucu kaç cm'dir?",1,2,3,4,5,B
bbfceb55-e5f9-5abd-9b46-0ebead86ee9b,BIYOLOJI,"Kofulların çeşitli hücrelerdeki işlevleriyle ilgili,
I. Besin kofulları, içerdikleri besinlerin sindiriminde işlev gören enzimleri kendileri üretir.
II. Tatlı sularda yaşayan protistlerdeki kontraktil kofullar, fazla suyun hücreden uzaklaştırılmasında işlev görür.
III. Bitki hücrelerinde bulunan merkezi kofullar, küçük kofulların kaynaşmasıyla oluşur.
ifadelerinden hangileri doğrudur?",Yalnız I,Yalnız III,I ve II,II ve III,"I, II ve III",D
ab33022d-7447-5063-affa-5b64838aa274,KIMYA,"1 litrelik sabit hacimli kapalı bir kapta bulunan 4 mol $PCl_{5(g)}$ gazının, $273 \text{ }^\circ C$'de % 50 si parçalandığında sistem dengeye geliyor.
$PCl_{5(g)} \rightleftharpoons PCl_{3(g)} + Cl_{2(g)}$
tepkimesine göre sistem dengeye geliyor.
Aynı sıcaklıkta tepkimenin kısmi basınçlar cinsinden denge sabiti ($K_p$) aşağıdakilerden hangisinde doğru olarak verilmiştir?","5,6","8,96","11,2","44,8","89,6",E
fed96b25-9919-534f-bcd4-14ca2bfa5073,TARIH,"Tarihi olayların zamanının kesin olarak belirlenebilmesi için olayla ilgili yazılı belgeler olması gereklidir. Buna göre tarihe yardımcı bilimlerden kronoloji; I. Fenikellilerin alfabeyi kullanması, II. Sümerlerin yazılı kanunları hazırlaması, III. Avcılık ve toplayıcılığın başlaması, IV. Tarımsal üretime geçilmesi gelişmelerinden hangilerinin oluş zamanını kesin olarak belirleyebilir?",I ve II,I ve III,II ve III,II ve IV,III ve IV,A
88b66733-eb4c-5616-ae06-5a92c30be41b,FIZIK,"Elektromanyetik tayfta kızılötesi dalgalardan X ışınlarına doğru giderken, I. Dalgaların hızı değişmez. II. Dalgaların dalga boyu azalır. III. Morötesi dalgalara rastlanır. yargılarından hangileri doğrudur?",Yalnız I,Yalnız II,I ve II,II ve III,"I, II ve III",E
32e4cbb0-6841-5138-8986-8c466376b443,KIMYA,"Bronsted - Lowry asit - baz tanımına göre,
I. $F^- + H_2O \rightleftharpoons HF + OH^-$ 
II. $HF + CN^- \rightleftharpoons HCN + F^-$ 
III. $HSO_4^- + H_2O \rightleftharpoons SO_4^{2-} + H_3O^+$
yukarıdaki tepkimelerden hangilerinde altı çizili tanecik asit olarak davranmıştır?",Yalnız I,Yalnız II,I ve II,II ve III,"I, II ve III",D
21530029-a945-5bea-8856-10efb98add99,MATEMATIK,"$x$ ve $y$ birer gerçek sayıdır. $1 < x < 7$ ve $-4 < y < -1$ olduğuna göre, $x \cdot y$ çarpımının en büyük tam sayı değeri kaçtır?",-1,-2,-4,-26,-27,B
2d595137-2257-5944-80b9-6f2cb26e158c,KIMYA,"$Mg_2CrO_4$ ve $PO_4^{n-}$ taneciklerinde altı çizili atomların yükseltgenme basamakları aynı olduğuna göre n değeri kaçtır?
($_{12}Mg, _{15}P$)",3+,1+,1-,2-,3-,E
815087ff-c9f6-5a33-a3db-8285f880df7a,TARIH,"Boyluktan devlete geçiş sürecinde gerçekleştirilen örgütlenme çalışmalarının ilgili olduğu padişah dönemlerinin doğru bir sıralamayla verilmesi gerekmektedir.
Bu sıralama aşağıdakilerden hangisinde doğru olarak verilmiştir?",Orhan Bey I. Murad II. Murad I. Bayezid,I. Mehmed I. Murad II. Murad Orhan Bey,I. Murad I. Mehmed I. Bayezid Orhan Bey,I. Murad II. Murad I. Mehmed I. Bayezid,Orhan Bey I. Murad I. Mehmed I. Bayezid,A
f73c79f4-3334-5030-ad8a-38f756430043,MATEMATIK,"$f:[-1,1]\to\mathbb{R}$, $f(x)=x^3$ fonksiyonu tanımlanıyor. I. $f(0)$ tanımı değildir ancak $f'(x)$ fonksiyonunun $(0,0)$ noktasında yerel minimum değeri vardır. II. $f:\mathbb{R}\to\mathbb{R}$, $f(x)=x^3$ fonksiyonu için $f''(0)=0$ dır. Ancak $(0,0)$ noktası $f(x)$ fonksiyonu için ekstremum nokta değildir. III. $f:[-1,9]\to\mathbb{R}$, $f(x)=x^2-2x$ fonksiyonunun alabileceği 5 farklı tam sayı değeri vardır. Yukarıda verilen ifadelerden hangileri doğrudur?",Yalnız I,Yalnız II,Yalnız III,I ve II,"I, II ve III",B
fdab648d-6cc7-57ed-ac9a-a7de4da7dd5e,MATEMATIK,$f(x) = 2x^3 + 3x^2 - 12x - 7$ fonksiyonunun yerel minimum değeri kaçtır?,0,-27,-12,27,12,B
cd5afec9-5a4a-5c3c-8012-41b0ee6cab60,MATEMATIK,"$f(x) = \frac{x^7 \cdot x^5}{x^8}$ olduğuna göre, $f'(1)$ kaçtır?",-5,-4,-3,2,5,B
844d2c4e-a99b-5ea5-aa3f-f6815a5c2f47,FIZIK,"I. Şimşek çaktığında önce ışığın görülüp, daha sonra sesin işitilmesi
II. Elmanın çürümesi
III. Yağmur damlalarının yere düşme süresinin ölçülmesi
Yukarıda verilen olaylardan hangileri doğrudan fizik bilimiyle açıklanamaz?",Yalnız I,Yalnız II,Yalnız III,I ve II,II ve III,B
a5114bff-2573-500b-b227-69afa03aad1b,MATEMATIK,"$f(\frac{\cos x}{1-\sin x}) = x$ olduğuna göre, $f(\frac{\sin x+1}{\cos x})$ ifadesinin $x$ türünden eşiti aşağıdakilerden hangisidir?",$x$,$\frac{1}{x}$,$2x$,$x-1$,$\frac{1}{x}-1$,A
eb07feee-d1b7-514c-b6df-0400e263b278,MATEMATIK,3 ile 48 terimleri arasına aritmetik artan bir dizinin terimleri olacak şekilde 8 terim yerleştiriliyor. Bu sayılarla birlikte oluşan 10 terimli aritmetik dizinin 5. terimi kaçtır?,23,24,25,26,27,B
21811d6f-8dcd-5a71-9e36-e48acaf0c2ec,KIMYA,Periyodik sistemde aynı periyotta bulunan elementler için; I. İyonlaşma enerjisi en büyük olanın elektron ilgisi de en büyüktür. II. Elektron verme isteği en büyük olanın atom çapı en büyüktür. III. Elektron ilgisi en büyük olanın elektron alma isteği de en büyüktür. yargılarından hangileri doğrudur?,Yalnız I,Yalnız II,I ve II,II ve III,"I, II ve III",D
afc88452-53aa-5285-bda1-ba02acc4d5a7,FIZIK,Sarmal bir yay üzerinde oluşturulan sinüs eğrisi şeklindeki enine bir periyodik dalganın genliği hangi seçenekte doğru tanımlanmıştır?,Atmanın başlangıcı ile sonu arasındaki mesafedir.,Tepe noktası ile çukur noktası arasındaki mesafedir.,Denge konumu ile çukur noktası arasındaki mesafedir.,Denge konumu ile tepe noktası arasındaki mesafenin yarısıdır.,Atma üzerindeki herhangi bir noktanın denge konumuna uzaklığıdır.,C
a047397b-668b-5742-8c72-8f41313fcf72,MATEMATIK,"$a$ bir gerçel sayı olmak üzere, $x^2-a=0$ denkleminin iki farklı reel kökü vardır. Bu denklemin diskriminantı ""$\Delta$"" olmak üzere, $\Delta^2-a=0$ eşitliği veriliyor. Buna göre, $a$ sayısının değeri kaçtır?",$\frac{1}{16}$,$\frac{1}{12}$,$\frac{1}{8}$,$\frac{1}{4}$,$\frac{1}{2}$,A
da4fa690-ad9f-5002-92fe-b0f7f95da0d8,TURKCE,"(I) Magna Carta, Kral Jhon tarafından İngiltere'nin özgür adamlarına verilen bazı haklardır. (II) Bu haklar, 1215 yılında imzalanan Magna Carta anlaşması ile resmîleşmiştir. (III) Bu belge ile kral ilk kez hukukun kendi istek ve arzularından daha üstün olduğunu kabul etmiş ve derebeylerinin bazı haklar tanınmıştır. (IV) Magna Carta, günümüzdeki anayasal düzene ulaşana kadar yaşanan tarihsel sürecin en önemli basamaklarından biridir. (V) Kralın yetkilerini önceden kısıtlayan hükümler yer alan belge, aslen III. Papa ve Kral Jhon ile baronlar arasında, kralın yetkileri konusunu karara bağlamak amacıyla imzalanmıştır. (VI) Böylece Papa ve 25 baronun, kralın hükmetme karşıtlığı geleceği anayasada yer almıştır. Bu parça iki paragrafa ayrılmak istense ikinci paragraf numaralanmış cümlelerin hangisiyle başlar?",II,III,IV,V,VI,D
ea921e39-b107-508d-b98e-4736e44f2b95,MATEMATIK,$0 < \alpha < \frac{\pi}{2}$ olmak üzere $\cos^2 \alpha - \cos(2\alpha) = \sin(2\alpha)$ eşitsizliğini sağlayan $\alpha$ değeri için aşağıdakilerden hangisi doğrudur?,$\tan \alpha = \frac{1}{5}$,$\cot \alpha = \frac{1}{2}$,$\cos \alpha = \frac{1}{\sqrt{5}}$,$\csc \alpha = \sqrt{5}$,$\sin(2\alpha) = \frac{3}{5}$,C
fbbf44fe-71ba-5647-8b59-f5fec6fc9feb,MATEMATIK,$\sqrt{49^2-48^2}$ işleminin sonucu kaçtır?,1,7,$4/3$,48,49,B
feece902-3d88-5ef2-8254-51ffa008941f,KIMYA,"$P + HNO_3 + H_2O \rightarrow H_3PO_4 + NO$ Yukarıdaki tepkimeyle ilgili, I. En küçük tam sayılarla denkleştirildiğinde $H_2O$'nun katsayısı 2 olur. II. $HNO_3$ yükseltgendir. III. P indirgenir. ifadelerinden hangileri doğrudur?",Yalnız I,Yalnız II,I ve II,II ve III,"I, II ve III",C
f08e5ed6-eb7a-5230-ba29-339381861841,TURKCE,"İftira eşek arısına benzer, onu ilk vuruşta öldüremezseniz ona hiç dokunmamak daha iyidir.
Bu cümlede aşağıdakilerin hangisinde verilen ses olayları görülmektedir?",Kaynaştırma - ünsüz yumuşaması - ünlü düşmesi,Kaynaştırma - ünsüz benzeşmesi - ünlü düşmesi,Kaynaştırma - ünsüz benzeşmesi - ünsüz düşmesi,Kaynaştırma - ünsüz benzeşmesi - ünlü daralması,Göçüşme - ünsüz benzeşmesi - ünlü değişimi,B
07509622-2c9a-52cf-beeb-1855092d04d5,MATEMATIK,"A ve B bağımsız iki olay olmak üzere, $P(A)=\frac{2}{5}$ ve $P(B)=\frac{1}{4}$ olduğuna göre, $P(A \cup B)$ kaçtır?",\frac{7}{20},\frac{7}{10},\frac{3}{8},\frac{1}{2},\frac{2}{5},D
935d09c0-0f03-51e7-b1a1-59684648af3c,MATEMATIK,"$A = \{5, 6, 9\}$, $B = \{3, 4, 5, 6, 7\}$ ve $C = \{0, 1, 5, 7\}$ kümeleri veriliyor. $f(x) = \frac{1}{x-3}$, $g(x) = \sqrt{x-5}$, $h(x) = \frac{2x-1}{x}$ fonksiyonlarının birbirinden farklı tanım kümeleri yukarıda verilen A, B ve C kümeleridir. Buna göre, $h(x)$ fonksiyonunun görüntü kümesindeki en büyük eleman kaçtır?",2,\frac{7}{3},\frac{9}{4},3,\frac{15}{7},E
5d17e8f7-9d09-59c8-84c5-0dbd7e0ff64b,MATEMATIK,"Her biri ağırlıkça farklı tam sayı değerli olan $x$ tane karpuzun en ağır iki tanesinin ağırlıkları çarpımının %40'ı, diğer tüm karpuzların ağırlıklarının toplamından küçüktür. Buna göre en ağır iki karpuzun ağırlıkları toplamı en az kaçtır?",6,7,13,21,25,D
a2ee76fd-fb29-5934-8044-800891ec0da7,MATEMATIK,"Bir matematik öğretmeni 240 sayfalık bir kitabı sabit hızla 8 saatte okumaktadır. 60 sayfa okuduktan sonra okuma hızını 3 kat artırıp 90 sayfa daha okuyor.
Buna göre, kitabın tamamını 5 saatte okuması için kalan kısmını ilk okuma hızına göre kaç kat arttırmalıdır?",$\frac{1}{3}$,$\frac{2}{3}$,1,2,$\frac{3}{2}$,D
22d80584-cd25-5a63-a9f0-60296500282d,GEOMETRI,"Dik koordinat düzleminde, $(x - 1)^2 + y^2 = 12$ çemberinin $y = 2x + 3$ doğrusuna paralel kirişlerinin orta noktalarının geometrik yerinin denklemi aşağıdakilerden hangisidir?",$x + 2y - 1 = 0$,$2x - y - 2 = 0$,$2x + y - 2 = 0$,$x + 2y - 2 = 0$,$x + y - 1 = 0$,B
059e24ca-abe6-517a-b4c3-d91db886fadb,MATEMATIK,$(x+1)^2-3(x+1)+1$ ifadesinin çarpanlarına ayrılmış hali aşağıdakilerden hangisidir?,$(x+1)^2$,$(x+1)^3-1$,$x^2$,$x^2-1$,$(x-1)^2+1$,C
048c0e60-d023-59ef-9ede-d00081f3cc56,MATEMATIK,"Her birinin ikişer asistanı olan üç profesör ve asistanları bir sempozyuma katılmıştır. Sempozyum sonunda fotoğraf çektirecek olan bu 9 kişi, her bir profesör kendi asistanı arasında ve yan yana olacak şekilde kaç farklı fotoğraf çekimi gerçekleştirebilir?",72,60,54,48,36,A
1b866497-2fe9-5f99-a986-d98d7991d7b0,TARIH,"Sınıf içi etkinlik çalışmasında şu diyalog yaşanmıştır:
Ayhan: Bilge Kül Kadir Han tarafından Balasagun merkezli olarak kurulmuştur.
Melisa: 920 yılında İslamiyet'i resmî din olarak kabul etmişlerdir.
Cüneyt: Türk İslam tarihinde ilk posta teşkilatını ve askerî Gulam sistemini kurmuşlardır.
Melek: Hâkimiyet anlayışı, saray ve merkez teşkilatı ile askerî teşkilatta eski Türk geleneklerini korumuşlardır.
Öğrencilerin çeşitli bilgiler verdiği bu devlet aşağıdakilerden hangisidir?",Karahanlılar,İtil Bulgar Devleti,Gazneliler,Memluklar,Büyük Selçuklu Devleti,A
f7f48dd4-08ff-5705-a2b9-159a68f14eb7,MATEMATIK,"$i^2 = -1$ olmak üzere, $\frac{x+i}{x-i} + \frac{x-i}{x+i}$ sayılarının yalnızca ikisi gerçek sayı olduğuna göre, $x$'in alabileceği değerler toplamı kaçtır?",$3i$,$1+2i$,$1-2i$,$2-i$,$3-i$,D
567db09d-fea3-5b10-9df2-6cd70e801fe0,MATEMATIK,"Sayı doğrusu üzerinde $-5$ noktasına uzaklığı, sıfır sayısına uzaklığından daha küçük olan gerçek sayılar kümesini ifade eden eşitsizlik aşağıdakilerden hangisidir?",$|x-5|\le |x|$,$|x+5|\le |x|$,$|x+5|<|x-5|$,$|x-5|>|x|$,$|x+5|<|x|$,E
c34c2425-57c7-5d71-824c-1cb3974921b0,MATEMATIK,"$f: \mathbb{R} \to \mathbb{R}$ olmak üzere, $f(x) = \begin{cases} |x+1| & x < 3 \ |x-2| & x \ge 3 \end{cases}$ fonksiyonu veriliyor. Buna göre, $f(x) = 3$ denklemini sağlayan $x$ değerleri çarpımı kaçtır?",-12,-10,10,12,16,A
18c793f5-09ba-5b8c-9f8a-c891ede7b3dc,BIYOLOJI,"Bir öğrenci, soğanın kök ucu büyüme bölgesinden hazırladığı preparatı mikroskopta incelerken aşağıdakilerden hangisi ile karşılaşma ihtimali yoktur?",Kutuplara çekilen kromatitler,İki çekirdeği bulunan hücreler,Sitoplazmayı ayıran ara lamel,Kromatin halinde DNA,Tetrat halinde kromozomlar,E
a5a5ada7-b8fa-52cd-8bda-bf5cab4be0c3,MATEMATIK,"$f(-1) = -2$ ve $f'(-1) = 1$ olmak üzere, $g(x^2+2f(x)) = f(x) + x^2$ fonksiyonu veriliyor. Buna göre, $g'(5)$ kaçtır?",-2,-1,0,1,2,E
2b86d4a0-4469-59df-adcb-16c6b43fed35,MATEMATIK,"$f(x) = \begin{cases} x^2+a & , x>2 \\ x-b & , 0 \le x \le 2 \\ (x+b)^2-a^2 & , x<0 \end{cases}$ fonksiyonu gerçel sayılar kümesinde sürekli olduğuna göre, $\frac{a}{b}$ kaçtır?",2,1,$-\frac{1}{2}$,$-\frac{3}{2}$,$-\frac{2}{3}$,C
75205b66-87c8-535c-806c-a5123d4becb9,MATEMATIK,"$f(x) = \frac{\sqrt{x-m}}{\sqrt{x}-m}$ fonksiyonu veriliyor. $f'(4) = -\frac{1}{2}$ olduğuna göre, m'nin alabileceği değerlerin toplamı kaçtır?",1,3,4,5,6,E
fe217cf1-88d8-5922-ab73-c927b72397d1,MATEMATIK,$x-\frac{3}{4}$ tam sayılı kesrinin değeri aşağıdakilerden hangisidir?,$x+\frac{3}{4}$,$\frac{4x+3}{4}$,$\frac{3x}{4}$,$\frac{4x-3}{4}$,$\frac{x-3}{4}$,D
8e6a8022-af13-543b-ba72-6280b0ed9975,KIMYA,"0,4 mol basit eterin tamamen yanması sırasında 2,4 mol oksijen gazı harcanıyor.
Buna göre, bu eterin adı aşağıdakilerin hangisinde doğru verilmiştir?",Metoksi metan,Etoksi etan,Dipropil eter,1-Metoksipropan,Metoksi etan,E
57eee973-fa47-5c9a-972c-ca50ca888258,MATEMATIK,"$f$ ve $g$ gerçel sayılar kümesi üzerinde tanımlı fonksiyonlar olmak üzere, $\lim_{x \to 0} f(x) = 12 - 3f(0)$ eşitliği veriliyor. $g(x) = 2^{f(x)}$ fonksiyonu $x=0$ noktasında sürekli olduğuna göre, $g(0)$ kaçtır?",4,8,16,32,64,E
f3fc45c7-977e-5b2c-98b7-484cdc335963,MATEMATIK,"Yukarıda tepe noktası $T$ olan $y = f(x)$ parabolü ile $y = g(x)$ doğrusu verilmiştir. Buna göre, $g(x) \ge f(x)$ eşitsizliğini sağlayan $x$ tam sayıları hangi aralıktadır?","$[-1, 3]$","$[-1, 4]$","$[0, 3]$","$[0, 4]$","$[1, 3]$",A
551b7d90-9971-5b04-aeb7-28e0bf1589df,GEOMETRI,"Dik koordinat düzleminde $A(4, -3)$ ve $B(3, 4)$ noktaları veriliyor. A noktası; B noktası etrafında pozitif yönde $90^\circ$ döndürüldüğünde C noktası, C noktası etrafında pozitif yönde $120^\circ$ döndürüldüğünde ise D noktası elde ediliyor. Buna göre, $|AD|$ kaç birimdir?",$10$,$5\sqrt{5}$,$10\sqrt{2}$,$10\sqrt{3}$,$8\sqrt{5}$,D
bc4e7199-ebb5-5093-bb89-5a0d8d15dcea,MATEMATIK,"$n$ pozitif bir gerçek sayı olmak üzere, $x^2-2x+1-n=0$ denkleminin diskriminantı $x^2-4nx+3k-15=0$ denkleminin bir köküdür. Buna göre, $k$ değeri kaçtır?",2,3,5,7,8,C
2b0b63b9-c7ec-53db-8c3f-f7dcd97cd87a,MATEMATIK,$-2 \cdot (x-1)^2 \cdot (x^2-8x+16) > 0$ eşitsizliğini sağlayan kaç farklı $x$ tam sayısı vardır?,2,3,4,5,1,A
19a416b2-5b22-558a-a3c0-a178cd4c7d0e,MATEMATIK,"$\bullet$ $a$ sayısının $b$ sayısına oranı $\frac{3}{4}$'tür. \n$\bullet$ $b$ sayısının $c$ sayısına oranı $\frac{1}{2}$'dir. \nBuna göre, $\frac{a}{c}$ oranı kaçtır?",$\frac{3}{2}$,$\frac{3}{8}$,$\frac{1}{8}$,$\frac{1}{4}$,$\frac{2}{3}$,B
ae1d2fcf-dd1e-556b-ab72-39c0058fb346,MATEMATIK,"$P(x)$ ve $Q(x)$ birer polinom olmak üzere, $\text{der}[P(x)] = 5$, $\text{der}[Q(x)] = 3$ olduğuna göre $\text{der}[P(4x+1) - Q^2(x^2)]$ ifadesinin değeri kaçtır?",5,6,8,10,12,B
9b3bd0f3-26da-5044-858f-7b80645a6eac,GEOMETRI,Yarıçap uzunluğu $6$ birim olan bir çemberin çevresi kaç $\pi$ birimdir?,$6\pi$,$8\pi$,$9\pi$,$12\pi$,$15\pi$,D
18ed1c55-e399-5277-aa15-8b377d013b56,TURKCE,"İnsan beyninin yapısının daha iyi anlaşılması için sinir bilimciler, klasik matematikten yararlanmaktaydı. Ancak yapılan son çalışmalar ile beynin çok boyutlu geometrik yapılara sahip olduğunu ve 11 boyutlu kadar yapılar olabildiğini keşfettiler. Bizler dünyayı 3 boyutlu algılamaya alışık olduğumuzdan bu çalışma bize biraz garip gelebilir fakat elde edilen yeni sonuçlar, beynin karmaşık yapısının anlaşılmasında belki de çok büyük bir adım olacak. Bu veriler ışığında oluşturulan Mavi Beyin Projesi'nde, süper bilgisayarlar ile insan beyninin yapılandırılması hedeflenmişti. Bu parçanın sonuna düşüncenin akışına göre aşağıdakilerden hangisi getirilmelidir?",Yapılan çalışmalar da beyin ve akıl gücünün eş değer olduğu fikrinin yanlışlığını gösterdi,"Neokorteks, bilindiği üzere beynimizin en üst düzey bilişsel becerilerini yöneten kısmıdır",Üretilen son beyin modeli de bu çalışma kapsamında meydana getirilmişti,"İnsan beyninde, birbirleriyle birden fazla bağlantı oluşturan 86 milyar nöron bulunmakta",Düşünce ve bilinç yapımızın oluşması bu ağlar sayesinde mümkün olmaktadır,E
297d6d35-2715-543b-b869-3d1cf505b2c8,MATEMATIK,"Gerçek sayılarda tanımlı $f(x)$ fonksiyonu için
$\lim_{x \to 3^-} \frac{f(x-1)-4}{x-3} = 0$
olimits

olimitsolduğuna göre,
$\lim_{x \to -1^+} \left( \frac{f(3-x)-x}{x^2-1} \right)$
olimits

ifadesinin değeri kaçtır?",5,2,0,-2,-5,E
1307af39-0632-524b-9668-fb68f8482093,KIMYA,"X ve $Y^{-2}$ iyonlarının her birinin $18$ elektronu ve $20$ nötronu vardır.
Buna göre, aşağıdaki yargılardan hangisi yanlıştır?",X ve Y izotondur.,X ve Y'nin kimyasal özellikleri farklıdır.,X ve Y'nin kütle numaraları eşittir.,Y'nin çekirdeğinde $20$ proton bulunur.,X'in nükleon sayısı $37$'dir.,D
a78e1f29-a864-57ce-b1ca-8e41e192975d,FIZIK,"Bir ince kenarlı merceğin önüne yerleştirilen farklı renkli A, B, C toplarının görüntüleri, merceğin diğer tarafında şekildeki gibi oluşmaktadır. Buna göre A, B, C toplarının renkleri hangisi olabilir?","Sarı, Mavi, Kırmızı","Sarı, Mavi, Sarı","Kırmızı, Mavi, Sarı","Mavi, Kırmızı, Sarı","Kırmızı, Sarı, Mavi",C
41c2ca21-d77d-502e-a8ea-612e371ae98f,MATEMATIK,"Yapılan bir deneyde bir bakteri popülasyonunda her saatin sonunda bakteri sayısının $\frac{1}{4}$ oranında arttığı gözlemleniyor.
Bu popülasyonda 3. saatin sonunda 125 bakteri bulunduğuna göre, deneye kaç bakteri ile başlanmıştır?",4,8,16,32,64,E
0a397abc-9b42-53bf-b0af-c24f0489e159,KIMYA,"XY katısının farklı sıcaklıklardaki çözünürlük çarpımı ($K_{cc}$) değerleri aşağıda verilmiştir. $t_1^{\circ}C$'de $K_{cc} = 1 \cdot 10^{-6}$, $t_2^{\circ}C$'de $K_{cc} = 1 \cdot 10^{-8}$. Buna göre, I. $t_1 > t_2$ ise XY'nin çözünürlüğü endotermiktir. II. $t_1 > t_2$ ise XY'nin çözünürlüğü ekzotermiktir. III. $t_1$ sıcaklığında XY'nin molar çözünürlüğü daha fazladır. yargılarından hangileri doğrudur?",Yalnız I,Yalnız II,Yalnız III,I ve III,II ve III,E
979b6855-ab1d-5693-aa31-660841cd3659,MATEMATIK,"$k$ pozitif bir gerçel sayı olmak üzere, $y=kx$ doğrusu ile $y=x^2$ parabolü arasında kalan sınırlı bölgenin alanı $\frac{1}{6}$ birimkaredir. Buna göre, $k$ kaçtır?",$\frac{5}{3}$,$\frac{4}{3}$,1,2,$\frac{7}{3}$,C
5e4e1457-bd29-5fb8-bfdc-3717f4913e99,TURKCE,"Bir milletin içinde hem tarihsel bir kalıt ve çizgiler boyunca oluşmuş bir ürün hem de sürekli değişen ve devinen bir düzen olan dil, bildirişimi gerçekleştiren karmaşık bir sistemdir. Dil çok katmanlı bir özellik gösterir ve düşünceyle, toplumla, kültürle, sanatla, edebiyatla vb. birçok kavramla sıkı bir ilişki içindedir. Kuşkusuz, bu kavramlar dilin konumu ve durumu konusunda oldukça önemli unsurlardır. Buna karşın dil de bu kavramların gelişmesindeki, günümüzdeki ve gelecekteki içeriklerinin belirleyici öğesidir. Dil tarihe, günümüze ve geleceğe ışık tutma, insanlar arasında iletişimi gerçekleştirme gibi yönleri, dilin gelenekle geleceğin ara kesit noktasında yer alıp bir geçiş noktası olması sonucunu doğurmuştur. Bu parçadan hareketle ""dil"" ile ilgili aşağıdakilerden hangisi çıkarılamaz?",Bir milletin uzun süreli ortak birikiminin ürünüdür.,Sürekli değişim içinde olan karmaşık bir sistemdir.,"Birçok kavramla sıkı ilişkili, çok katmanlı özelliktedir.",Geçmişle gelecek arasında köprü niteliğindedir.,Kültürün içinde bağımsız bir yapıya sahiptir.,E
f62b4d82-db8a-5927-beb1-ad1e69ed9a50,MATEMATIK,"Fırına konulma aşamasına gelmiş bir kek pişirildiğinde kütlesinin %$10$ unu kaybetmektedir. Kek piştiğinde içindeki şeker miktarı değişmemektedir. Kekin fırına konulduğu andaki ve fırından alındığı andaki kütleleri toplamı $760$ gramdır. Kekin fırından alındığı andaki şeker yüzdesi, fırına konulduğu andaki şeker yüzdesinden $2,5$ fazladır. Buna göre, fırına konulduğu anda kekte bulunan şeker dışındaki malzemelerin toplam kütlesi kaç gramdır?",288,295,300,310,320,A
2caa8f74-32d4-5fa7-b87f-010bca3a6480,TURKCE,"(I) O; yaşama karşı savaşan yürekli, yalnız bir adamdır. (II) O, yalnızlığını yazdığı roman ve öykülerinde çoğaltır aslında. (III) Yaşadıklarını, doğasını, arkadaşlarını unutmaz; vefalıdır. (IV) Kendince değerli bulduklarını öyküleştirir. (V) Kendi yaşamından önemli bir kesittir öyküleri.
Bu parçada numaralanmış cümlelerin hangisinde bir yargı gerekçesiyle birlikte verilmiştir?",I,II,III,IV,V,B
beb45baf-03f8-54d9-a470-b98cb6cdc6bb,FIZIK,"Fotoelektrik olayda karşılaşılan; I. bir fotonun, enerjisi ne kadar yüksek olursa olsun ancak bir elektron sökebilmesi, II. metalden sökülen elektronların elektrik akımı oluşturabilmesi, III. metalin eşik frekansından daha küçük frekansa sahip fotonlardan oluşan ışık demetinin, ışığın şiddetine ve gönderilme süresine bakılmaksızın metalden elektron sökememesi durumlarından hangileri ışığın yalnız tanecik doğası ile açıklanabilir?",Yalnız I,Yalnız II,I ve III,I ve II,II ve III,C
53e7c8b9-3338-5413-ac46-8e3e5bf8b4c3,FIZIK,"Derinliği her yerinde aynı olan bir dalga leğeninde, özdeş ve aynı fazlı noktasal iki kaynak tarafından periyodik su dalgaları üretilerek girişim deseni oluşturuluyor. Buna göre, dalga leğenine bir miktar su eklenirse girişim deseninde aşağıdaki değişimlerden hangisi gözlenebilir?","Su dalgalarının frekansı artar, dalga boyu azalır; bu nedenle düğüm çizgilerinin sayısı artar.","Su dalgalarının yayılma sürati artar, dalga boyu artar; bu nedenle düğüm çizgilerinin sayısı artar.","Su dalgalarının yayılma sürati azalır, dalga boyu azalır; bu nedenle düğüm çizgilerinin sayısı artar.","Su dalgalarının frekansı azalır, dalga boyu artar; bu nedenle düğüm çizgilerinin sayısı azalır.","Su dalgalarının frekansı azalır, dalga boyu artar; bu nedenle düğüm çizgilerinin sayısı artar.",B
71116745-fd6d-5616-bde2-64da42b74cb5,TURKCE,"(I) ""Dede Korkut Hikâyeleri""nin kahramanları ve yaşanılan hayat sahnelerinin betimlemeleri, karakterler arasında düzenli karşılıklı konuşmalar bakımından bu eserin dramatik eser senaryosunu andıran özellikleri vardır. (II) Oğuzların unutulmuş tarihini yansıtması, bir çeşit masal havasını da andırmaktadır. (III) Eserin temaları, dinleyiciye ya da okura Oğuz'un kutsal ülkelerini aktarmaktadır. (IV) Hikâyelerin Dresden Kütüphanesi nüshası ve Vatikan Kütüphanesi nüshası olmak üzere iki nüshası olduğu bilinmekteydi. (V) Fakat yakın zamanda Prof. Dr. Metin Ekici yeni bir nüshasının bulunduğunu açıklamış, böylece nüsha sayısı üçe çıkmıştır. (VI) ""Dede Korkut Hikâyeleri"" konusundaki gelişmelerin ardı arkası kesilmemiş, Türk dili için ümit veren çalışmalar ortaya çıkmıştır. Bu parça iki paragrafa ayrılmak istense ikinci paragraf numaralanmış cümlelerin hangisiyle başlar?",II,III,IV,V,VI,C
e00c811e-6887-5e25-9c7a-e2fffd8fb0c4,EDEBIYAT,"Divan şairinin gayesi kişiyi bilgilendirmek değildir. Ancak ilim ve marifet, şiirin önemli malzemelerindendir. Şiir için divanlar- da nasihat, hikmet, atasözü, mesel gibi konulara da yer veril- miştir. Şiir yazmak için bilgi veya ilim gerektiği düşüncesi, di- van şairleri tarafından birçok defa dillendirilmiştir. Bu bağlam- da Fuzuli'nin, ""İlimsiz şiirin esası olmaz."" sözü meşhurdur. Bu sözle kastedilen, şiirin bir makale gibi ilmi konuları dile getir- mesi gerektiği değildir. Bu sözle kastedilen, mana ve söyleyiş bakımından güzel şiirler yazabilmek için şairin bilgili ve kültür- lü olması gerektiğidir.
Buna göre aşağıdaki şiirlerden hangisi bu parçada sözü edilen ilmî ve hikmetli şiirlerden değildir?","Bağ-ı dehrin hem hazanın hem baharın görmüşüz
Biz neşatın da gamın da rüzgarın görmüşüz","Vermezdi kimse kimseye nan minnet olmasa
Bir maslahat görülmez idi rüşvet olmasa","Göz yaşına gönül zülf-i perişanlar içinde
Kaldım karanu gecede baranlar içinde","Dost-i aşkın müşkilin Yahya nice halloylesin
Söyleyenler kendini bilmez bilenler söylemez","Ademe âdem gerektir âdem etsin âdemi
Âdem âdem olmayınca âdem noksan âdemi",C
8e7ede61-9e1f-528d-9c46-1a6991b6e0f4,TARIH,"İngiltere Fransa arasında imzalanan Sykes-Picot Antlaşması'na göre Musul ve Ürdün'ü kapsayan ""Büyük Arap Krallığı"" kurulması kararlaştırılmıştır. Bu bilgiye göre; I. Orta Doğu'da İngiltere ve Fransa aktif rol oynamıştır. II. Arapları Osmanlı Devletine karşı kışkırtmışlardır. III. Osmanlı toprak bütünlüğünü savunmuşlardır. yargılarından hangilerine ulaşılabilir?",Yalnız I,Yalnız II,I ve II,I ve III,II ve III,C
4ebf7707-f07b-53ad-a734-4ba80e396dda,EDEBIYAT,"I. Amaçları yeni bir edebiyat kurmak, Batı edebiyatını özellikle de Fransız edebiyatını takip etmek, özgün şiir oluşturmak idi. Edebiyatımızın üçüncü beyannamesinde ilkelerini, ""sanatçılık, içtenlik, canlılık ve devamlı yenilik"" olarak açıkladılar. Kişilerin iç dünyalarına, eşyaya ve olaylara; ekspresyonist (dışa vurumcu) bir anlayışla bir ressam gibi bakıp ustalıkla yapılmış tablo gibi şiirler yazmışlardır. ""Geleneksel temalar yerine yeni temalar bulunmalıdır."" düşüncesini ortaya atmışlardır.
II. Kurtuluş Savaşı'nın etkilerinin sürdüğü dönemde ortaya çıkmış bir şiir anlayışı. Anadolu insanını ve coğrafyasını millî duyarlılıkla ifade etme amacı gütmüştür. Kaynağı halk şiiri olup genellikle yalın ve millî bir söyleyişi işleyen bu şiirler, Ziya Gökalp ve Mehmet Emin Yurdakul'un açtığı millî edebiyatın özünü devam ettirmiştir. Duygusallıktan uzak, didaktik özellikler taşıyan şiirlerde, sade ve duru bir dil kullanılmış; mahallî söyleyişlere yer verilmiştir. Memleket ve yurt sevgisi konularının yoğun biçimde işlendiği bu şiirler, hece ölçüsü ve halk şiiri nazım şekilleriyle oluşturulmuştur.
I ve II. parça ile ilgili verilen özelliklere göre sırasıyla hangi dönemlere ait olduğu söylenir?",Garip akımı - Millî Edebiyat,Yedi Meşaleciler - Millî Edebiyat,Millî Edebiyat - Garip akımı,Millî Edebiyat - Yedi Meşaleciler,Beş Hececiler - Millî Edebiyat,B
f8017c02-acf0-509a-be77-5e5f6a902144,TURKCE,"Aşırı fedakârlık bir tür, çevresindekilerin her dilediğini ve isteğini yerine getirme amacında olur. Her türlü durumda, herkesi memnun etmeye çalışır ve bu kişileri memnun ettikçe kendisinin de mutlu olduğunu düşünür. Peki, aşırı fedakârlık gerçekten bu şekilde mi işler? Uzun vadeli baktığımızda aslında bunun tam tersi olduğunu görebiliyoruz. Tüm varlığımızı ve enerjimizi sürekli etrafımızdaki kişilere verdiğimizde düşündüğümüz sonuçları tahmin etmek çok da zor olmaz. Gittikçe artan mutsuzluk ve tükenmişlik, ileri boyutundayken yoğun depresif duygularla karşılaşmakta. Sağlıklı olan ise aradaki dengeyi koruyabilmektir. Depomuzda kendimize de ayıracağımız enerji ve iyilikler mutlaka olmalıdır.
Bu parçanın yazarının aşağıdakilerden hangisini söylemesi beklenir?","Fedakârlık yapmak, dostlukların kalıcılığı açısından önemli bir davranış şeklidir.","Aşırı fedakârlık yapan insanlar, yüreklerinde derin merhamet duygusunu yaşatan insanlardır.",Bazı durumlarda fedakârlığa yanaşmayan insanların o durum sonucunda mutsuz olması kaçınılmazdır.,"Bir insan, karşısındaki insan için sürekli çabalar ve ödün verirse zamanla kendini tüketir.","Aşırı fedakâr insanların ortak noktası, paylaşım yapmayı oldukça fazla sevmiyorlardır.",D
a59acf11-2e51-51f3-92c6-6ba19182cab9,MATEMATIK,"$m$ bir gerçek sayı olmak üzere,
$P(x)=x^3-mx^2+2x+2$
polinomunun,
• $[-1,0]$ aralığında bir kökü,
• $(0,4)$ aralığında iki farklı kökü,
bulunmaktadır.
Buna göre, $m$ değeri aşağıdakilerden hangisi olabilir?",4,5,6,7,8,C
1b1e4e89-1c91-5d6f-9b45-e6c71e460096,MATEMATIK,"$f(x) = \begin{cases} 4x, & x > 1 \\ 3x^2, & x \le 1 \end{cases}$ olmak üzere, $\int_{-1}^{2} f(-x) dx$ integralinin değeri kaçtır?",12,6,0,-6,-12,D
601ededc-2f0f-5b57-99ee-51e76145a99d,MATEMATIK,"Benzinli bir araca LPG sistemi takıldığında %30 yakıt tasarrufu sağlanmaktadır. LPG sistemi montaj maliyeti ve sistemin araç ruhsatına işletilme maliyeti aşağıdaki tabloda verilmiştir. Kilometrede ortalama 40 kuruş değerinde benzin harcayan bir araca LPG sistemi takılıyor. LPG sistemi takılan araç hiç benzin harcamamaktadır. Bu araç LPG sistemi ile ayda ortalama 2000 km yol yaptığına göre, kaçıncı ayın sonunda LPG sistemi için yapılan toplam harcama, yakıt ücretinden elde edilen tasarrufa eşit olur?",12,14,15,18,20,C
25fb5d0a-3df4-5746-b8b1-0c9a515de8f4,MATEMATIK,"$(a_n)$ aritmetik dizi olmak üzere, $a_1 + a_4 = 3$ ve $a_2 + a_8 = 41$ olduğuna göre, $a_1$ değeri kaçtır?",4,5,6,7,8,B
18d68d35-16fd-5a1f-9961-0b056b274770,MATEMATIK,$ \frac{1}{20} < \frac{1}{x} < \frac{1}{5} $ eşitsizliği veriliyor. Buna göre $2x-3$ ifadesinin alabileceği en küçük tam sayı değeri kaçtır?,6,7,8,9,10,B
4184d00a-0a48-5f04-acee-73c396e9fbc5,FIZIK,"Bir radyo istasyonundan yapılan bir yayın, vericiden yayılan radyo dalgaları ile alıcı antene gelir. Radyo vericisinden yayılan ve alıcı antene kadar gelen bu dalgalar ile ilgili, I. Ses dalgasıdır. II. Enine bir dalgadır. III. Yayılması için maddesel ortam gerekir. yargılarından hangileri doğrudur?",Yalnız I,Yalnız II,I ve II,I ve III,II ve III,B
231bb454-105d-5594-a634-3afaf184f38f,MATEMATIK,"Aynı anda iki şarj aleti ile şarj edilebilen bir telefonda iki şarj aleti de eşit kapasite de şarj edebilmektedir.
İki şarj aleti, bataryası boş olan A marka telefona aynı anda takılıyor ve 18 dakika sonra telefonun %30 şarjı olduğu biliniyor.
Bu iki şarj aleti, bataryası boş olan bu A marka telefona aynı anda takıldıktan 24 dakika sonra şarj aletlerinin bir tanesi çıkarılıyor.
Buna göre, bu telefon toplam kaç dakikada tamamen şarj olur?",72,84,96,100,120,E
ba51f79f-01ec-5158-bec4-ef07a9b283a0,KIMYA,"Oda koşullarında $1.2.10^{-4}$ molar $CaCl_2$ çözeltisi ile X molar $Na_2SO_4$ çözeltisi eşit hacimde tamamen karıştırılıyor.
Tepkime sonunda $CaSO_4$ katısının oluşabilmesi için $Na_2SO_4$ çözeltisinin başlangıç derişimi (X) en az kaç molar olmalıdır?
(Oda koşullarında $CaSO_4$ için $K_{çç} = 4.8.10^{-5}$)",$0.4.10^{-4}$,$1.8.10^{-4}$,$1.6.10^{-4}$,$3.2.10^{-4}$,$2.4.10^{-4}$,B
7ea6dc94-b673-5396-b5b6-a1887833cc32,EDEBIYAT,"I. Zamandışı öykülemenin tümüyle geride bırakıldığı, montaj/kolaj tekniğinin ağırlıklı olarak kullanıldığı bir metindir —. Gazete yazıları, ""şehzadenin öyküleri"", Hıfzı'lık üzerine ansiklopedik bilgilerin yer aldığı, tasavvuf metinlerine göndermelerle dokunmuş bir romandır.
II. ""Kurgunun serüveni"" olarak tanımlanan —, yazarda eskiden beri var olan tarih merakının bir ürünüdür. İkisi de bilim adamı olan İtalyan köle ile Osmanlı sahibinin öyküsünü içerir.
III. Yüzyıl dönümü İstanbul'da başlayan —. Türk toplumunun ilk burjuva ailelerinden birinin üç kuşak süren uzun öyküsünü içerir. Geleneksel-gerçekçi özellikler taşıyan, olayları, akan bir zamanın art ardalığı içinde anlatan ve kimi yerde gerçekle bire bir örtüşen bir dünya betimlemelerinin yer aldığı bir romandır.
IV. Yazarın — adlı eseri ise gizemli bir kitap çevresinde ve okuyan gençlerin ekseninde, yol, yolculuk, hayat, ölüm, şiir gibi sorgulamaların yapıldığı, postmodern tekniklerin oldukça yoğun olarak kullanıldığı ""irik"" öğelerle bezenmiş poetik bir roman"" olarak nitelenebilir.
Aşağıda verilen Orhan Pamuk romanlarından hangisi numaralanmış parçalardaki boşluklardan herhangi birine getirilemez?",Kara Kitap,Cevdet Bey ve Oğulları,Beyaz Kale,Kar,Yeni Hayat,D
ce7f53cf-df97-5e20-875c-fa65bfca3c31,KIMYA,"25 °C'deki bir sulu çözeltideki $H^+$ iyonları derişimi $10^{-4}$ mol/L'dir. Buna göre, bu çözelti ile ilgili, I. Asidiktir. II. pH değeri 4'tür. III. $OH^-$ iyonu derişimi $10^{-10}$ mol/L'dir. ifadelerinden hangileri doğrudur?",Yalnız I,Yalnız II,I ve II,I ve III,"I, II ve III",E
e78db82b-d40f-57b5-b2db-6c1cad8dc1fb,MATEMATIK,"$4\sqrt{2}-2\sqrt{7}$ toplamının sonucunda elde edilen sayı, en küçük hangi pozitif tam sayı ile çarpılırsa sonuç bir tam sayı olur?",3,5,10,30,90,E
54cd3822-17b7-5cdd-a7c0-fcf716c88bea,MATEMATIK,"İşleminin sonucu kaçtır? $\sqrt{0,49} + \sqrt{0,09} - 1$",-1,0,1,2,3,B
361e50cb-3dcf-57da-8d3b-c528717a1846,KIMYA,"Belirli bir sıcaklıkta $CaF_2$ katısının 0,1 M KF çözeltisindeki çözünürlüğü $4 \cdot 10^{-10}$ $\frac{mol}{L}$ olduğuna göre aynı sıcaklıkta saf sudaki çözünürlüğü kaç $\frac{mol}{L}$'dir?",$4 \cdot 10^{-10}$,$4 \cdot 10^{-8}$,$2 \cdot 10^{-4}$,$2 \cdot 10^{-6}$,$1 \cdot 10^{-4}$,C
d9ae5b1d-a3d4-5b06-b4e1-adc819a65f21,MATEMATIK,"$f(x) = \frac{x^3-x^2-x+1}{1+x^2}$ olduğuna göre, $f'(1)$ kaçtır?",$\frac{11}{7}$,$\frac{9}{7}$,1,$\frac{5}{7}$,$\frac{3}{7}$,C
72d3e58a-1d66-5c2f-929d-c4b205a82b76,MATEMATIK,"$a>0$ ve $a \in \mathbb{R}$ olmak üzere $2x^2+ax=1$ denkleminin köklerinin farkı $2$'dir. $f(x)=x^2+a^2+x$ olduğuna göre, $f(10)$ kaçtır?",170,180,160,190,200,B
931b2646-c4e4-576e-b5fc-c52b0d9d2678,MATEMATIK,$\int_{-5}^1 (x-2)-|x-1|dx$ integralinin değeri kaçtır?,6,9,12,15,18,B
bfd62378-d1d8-5384-8649-cd06a826e6cc,BIYOLOJI,Aşağıdakilerden hangi ikisi atmosferdeki serbest azotun toprağa bağlanmasını sağlar?,Denitrifikasyon bakterileri-Nitrifikasyon bakterileri,Baklagillerin kökündeki Rhizobium bakterileri-Şimşek,Denitrifikasyon bakterileri-Yıldırım,Ayrıştırıcı mantarlar-Nitrifikasyon bakterileri,Kemoototrof bakteriler-Ayrıştırıcı bakteriler,B
cee22085-2bb0-57a4-879b-248d8376b035,MATEMATIK,$(m-1)x-4m-7x=-10$ denkleminin kökü $x=2$ olduğuna göre $m$ değeri kaçtır?,$-6$,$-5$,$-4$,$-3$,$-2$,D
80e9c34e-f766-5d6f-bd14-b4199266194a,FIZIK,"Tek yarıkta yapılan girişim deneyinde $\lambda$ dalga boylu ışık kullanıldığında perde üzerindeki bir P noktasında n. karanlık saçak oluşuyor.
Buna göre;
I. ışığın periyodunu artırma,
II. yarık genişliğini artırma,
III. yarık düzlemi ile perde arasındaki uzaklığı azaltma
işlemlerinden hangileri tek başına yapılırsa P noktasında n. aydınlık saçak oluşabilir?",Yalnız I,Yalnız II,Yalnız III,I ve II,II ve III,A
6081bd33-844a-5a49-bdbd-0d486da6bb5c,MATEMATIK,"$abb$ ve $baa$ üç basamaklı sayılar ve $a$ ile $b$ ardışık iki doğal sayıdır. $a > b$ olduğuna göre, $abb - baa$ farkı kaçtır?",89,178,267,356,445,A
640e66c9-7e7a-51f4-912c-2c1a879b0342,TURKCE,"Kuşaklar arası çatışmanın en önemli sebebi her yaşın kendi özelliklerine göre, hayata ve olaylara bakmasıdır. Kuşaklar arası çatışma bir anlamda değer yargılarının çatışmasıdır. Değer yargıları, bireyin yaş ve psikolojisine göre değişmektedir. Örneğin elli yaşındaki bir yetişkinle, on beş yaşındaki genç, olaylara aynı gözle bakamaz. Genç insan, idealisttir, dünyayı düzeltecek, henüz hayatın gerçekleriyle karşı karşıya kalmamıştır. Elli yaşındaki insan, hayatta geçirdiği kötü deneyimlerle birçok tecrübeler kazanmış, bu arada yaptığı mücadelelerle yorulmuştur. Elbette enerji dolu bir gençle yani delikanlıyla aynı fikirde olamaz. Bütün bunlar, her yüzyılda geçerli psikolojik gerçekliklerdir.
Bu parçanın anlatımıyla ilgili aşağıdaki bilgilerden hangisi söylenemez?",Öznel değerlendirmelere yer verilmiştir.,Birinci kişili anlatım kullanılmıştır.,Karşılaştırmadan yararlanılmıştır.,Benzetme yapılmıştır.,Örneklemeye başvurulmuştur.,B
b5aa530a-bef1-5162-b21a-51352194ae83,TURKCE,"Geçen gün Fakir Baykurt'la bir yerde oturuyorduk. Biri geldi yanımıza, kimse de övgü dolu sözler söyledi. Sonra Baykurt'a şöyle bir soru sordu: ""Onu Mehmetçiğin biçimini alarak da yazacak mısınız?"" Onunla bakıştık, sustum, ne dedim ne de bir şey söylemedim. Baykurt olgun bir kişi, duruşunu bozmadan şöyle cevap verdi: ""Konuşurum Yaşar'la, galiba yazacakmış."" Biz, bir edebî kuşak olarak da bütünlük oluşturduğumuz için duygu bu. Onun yazdığı benim, benim yazdığım da onun eseri sayılır.
Bu sözler aşağıdaki sorulardan hangisine karşılık söylenmiş olabilir?",Günümüz okurları okudukları kitapların yazarlarını nasıl değerlendiriyor?,"Aynı dönemde yaşayan yazarlar, neden aynı düşünce etrafında birleşiyor?",Çok okunan bir yazarla tanışmak sanatçı üzerinde nasıl bir etki bırakır?,"Roman-edebiyat kurgusal benzerlikleri, okurun yazarları bakış açısını nasıl etkiler?",Bir yazar için edebiyat anlayışına dâhil olmak ne gibi durumlar doğuruyor?,B
88d03140-0678-54ea-a9b0-7d8038137626,KIMYA,Aşağıdakilerden hangisi tatlı su kaynaklarının kirlenmesine neden olmaz?,Çarpık kentleşme,Bilinçsiz gübre kullanımı,Kar suyu,Asit yağmurları,Deterjanlar,C
d7341f75-89c7-5ec6-a9c5-29d65b75bdf2,MATEMATIK,"Kuruluş yılı $1949$ olan bir restorana gelen Ali Dede, torununa aşağıdaki cümleyi söylemiştir.
""Bu restoranın kurulduğu yılda ben $11$ yaşındaydım, senin doğduğun yıl ise burası $40$ yıldır hizmetteydi.""
Buna göre, $2022$ yılında Ali Dede ile torununun yaşları toplamı kaçtır?",101,105,109,113,117,D
3ea364e1-c6f4-5686-96ba-4e8a10c4ef61,MATEMATIK,"Başkat sayısı $1$ olan ikinci dereceden bir $P(x)$ polinomunun kökleri $-1$ ve $2$'dir. Buna göre, $P(3)$ kaçtır?",3,4,5,6,7,B
023ccc78-8656-5446-91e2-2700be522b61,TARIH,"1930'lu yıllarda Almanya'da Nasyonal Sosyalist Parti'sinin iktidara gelmesiyle Almanya'da çalışmalarına izin verilmeyen 40 bilim adamı adına Mustafa Kemal Atatürk'e bir mektup gönderen Einstein, bu bilim adamlarının Türkiye'de çalışmasına izin verilmesini istemiş, bu istek Mustafa Kemal tarafından kabul edilmiştir. Bu duruma bakılarak:
I. Türkiye'deki ortamın bilimin ve kültürün gelişmesine uygun olduğuna,
II. Türkiye ile Almanya arasında diplomatik ilişkilerin bozulduğuna,
III. Almanya'da antidemokratik bir ortamın bulunduğuna
yargılarından hangilerine ulaşılabilir?",Yalnız I,Yalnız II,Yalnız III,I ve III,II ve III,D
2a767ab0-8fe2-54a4-9195-f69b38d65881,KIMYA,"Alken + $H_2O \rightarrow X$
Alken + $Cl_2 \rightarrow Y$
Yukarıdaki tepkimeler ve tepkimelerde oluşan X ve Y bileşikleri ile ilgili,
I. X alkoldür.
II. Y doymuş hidrokarbondur.
III. Her iki tepkime de katılma tepkimesidir.
yargılarından hangileri doğrudur?",Yalnız I,Yalnız II,I ve II,I ve III,"I, II ve III",D
977cf920-6601-5828-af68-e09a5536365e,KIMYA,$Na_{(k)} + 2HBr_{(suda)} \rightarrow NaBr_{(suda)} + \frac{1}{2}H_{2(g)}$ tepkimesine diğer değişkenler sabit kalmak koşulu ile aşağıdaki işlemler ayrı ayrı uygulandığında hangisinde tepkime hızındaki değişim yanlış verilmiştir?,Saf su ilave etmek - Azalır,$Na$ kütlesinin temas yüzeyini artırmak - Artar,Sıcaklığı artırmak - Artar,Daha derişik $HBr$ çözeltisi ilave etmek - Artar,$KOH$ katısı ilave etmek - Artar,E
0d4bf5f1-de0c-558c-a882-552d7850cbfe,MATEMATIK,"$(a-1)(b-2)=7$
$a+b=2$
olduğuna göre, $(a-1)^2+(b-2)^2$ işleminin sonucu kaçtır?",14,13,12,11,9,B
f1846f18-f403-5fe8-9083-48c3038c37ae,MATEMATIK,"Her $x$ ve $y$ gerçel sayıları için işlemi $x \boxtimes y = 2x+y$ olarak tanımlanıyor. $3 \boxtimes x = 5$ ve $y \boxtimes 2 = 2$ eşitlikleri veriliyor. Buna göre, $x \boxtimes y$ işleminin değeri kaçtır?",-3,-2,2,3,5,D
26572eb9-1e8c-5395-87a0-083387843c94,MATEMATIK,"Evde kendi çikolatasını yapmak isteyen Pınar, 400 gramlık çikolata için aşağıda verilen oranlarda malzemeleri hazırlıyor.
Fındık: %15
Fıstık: %10
Süt: %25
Şeker: %20
Kakao: %12
Vanilya: %5
Sıvıyağ: %13
Evinde 20 gram fıstık bulabilen, vanilya ise bulamayan Pınar çikolatayı vanilyasız ve bulabildiği kadar fıstık ile yapmak istiyor. Çikolatanın yine 400 gram olması için Pınar tarifteki fındık ve süt miktarlarını artırmaya karar veriyor.
Son durumda bu çikolatadaki fındık yüzdesi ağırlıkça %22 olduğuna göre, süt yüzdesi aşağıdakilerden hangisi olur?",26,27,"27,5",28,"28,5",D
479c92d9-b325-5ec0-a96f-f0bd53cda151,GEOMETRI,"Dik koordinat düzleminde $A(a-2, b-6)$ noktasının y-eksenine göre simetriği II. bölgede olduğuna göre, $a+b$ toplamının en küçük tam sayı değeri kaçtır?",5,6,7,8,9,E
d855f3c8-7ab9-5cab-8c4c-95ff0259df74,MATEMATIK,"Gerçel sayılarda tanımlı $f$ fonksiyonu
$f(x) = |3x - 6| - 1 - 2x + x^2$
olduğunu göre, $f'(1) + f'(1)$ toplamı kaçtır?",-6,-3,0,3,6,B
4e48fefe-f5e0-5e9f-8a61-6adf90fc0f1c,KIMYA,"I. Eczacı, ilaç ham maddelerinin üretilmesi, ilaçların kimyasal, fiziksel ve biyolojik özelliklerinin incelenmesi konularında eğitim almıştır.
II. Kimyager, maddelerin fiziksel ve kimyasal tüm özelliklerini inceleyerek yeni maddelerin oluşumunu, farklı maddelerin birbiriyle etkileşimlerini inceler.
III. Metalurji mühendisi, bileşiminde metal bulunan madenlerden, alaşımlardan metal elde edilmesi ve bunların geliştirilmesi ile ilgilenir.
Meslek gruplarıyla ilgili yukarıdaki yargılardan hangileri doğrudur?",Yalnız I,I ve II,I ve III,II ve III,"I, II ve III",E
99824bb4-1947-5c47-8c3f-9674709cef3d,MATEMATIK,$\sqrt{x-4}+\sqrt{10-x}$ toplamının bir reel sayı belirtmesi için $x$ yerine yazılabilecek tam sayıların toplamı kaçtır?,49,45,42,38,36,A
bd1b196e-b05a-540a-9af6-bfacbe46b177,KIMYA,"Periyodik sistemin A gruplarında olduğu bilinen X, Y ve Z elementlerinin ilk dört iyonlaşma enerjileri $kJ/mol$ cinsinden aşağıdaki tabloda verilmiştir.

Element $IE_1$ $IE_2$ $IE_3$ $IE_4$
X 520 7300 11815 -
Y 176 348 1847 2519
Z 336 683 1094 1784

Buna göre, bu elementlerle ilgili,
I. X'in atom numarası 11 olabilir.
II. Y 2A, Z 3A grubundadır.
III. Değerlik elektron sayıları arasındaki ilişki $Z > Y > X$ şeklindedir.
yargılarından hangileri doğrudur?",Yalnız I,Yalnız II,I ve III,II ve III,"I, II ve III",A
daf60e8d-7d32-52bf-b9a4-eec59f20d7a9,MATEMATIK,"Yukarıda verilen $A, B, C$ kutuları için $\frac{B \cdot C}{A}$ ifadesi $\frac{B}{A} \cdot C$ şeklinde tanımlanmıştır. Buna göre, verilen eşitliği sağlayan $x$ değeri kaçtır?",1,2,3,4,5,A
3a5ef7c5-05dc-545d-9573-5a3da474478f,MATEMATIK,"Batuhan bir işi 18 saatte, Devran aynı işi $t$ saatte bitiriyor. Batuhan ve Devran bu işi birlikte 12 saatte bitiriyorlar.
Buna göre,
I. $t$'nin değeri 36'dır.
II. Devran'ın çalışma hızı, Batuhan'ın çalışma hızının iki katıdır.
III. Batuhan çalışma hızını iki katına çıkarırsa, Devran çalışma hızını yarıya düşürürse aynı işi birlikte 8 saatte bitirirler.
ifadelerinden hangileri doğrudur?",Yalnız I,Yalnız II,I ve II,II ve III,"I, II ve III",C
090a6c37-f167-5693-8d1a-bd2d10d1d0d6,KIMYA,"""Simya ile uğraşan kişilere simyacı denir.""
Buna göre aşağıdakilerden hangisi simyacı değildir?",Cabir Bin Hayyan,Dalton,Aristo,İbn-i Sina,Empedokles,B
f928efd3-59dd-52be-8616-4c3cf11a18ac,KIMYA,"$2.10^{-4}$ molar $Pb(NO_3)_2$ çözeltisi ile $KF$ çözeltisi eşit hacimde karıştırılıyor. Buna göre, çökelme olmaması için $KF$ çözeltisinin derişimi en fazla kaç molar olmalıdır? ($PbF_2$ için çözünürlük çarpımı $(K_{cc}) = 4.10^{-8}$)",$4.10^{-1}$,$2.10^{-1}$,$4.10^{-3}$,$2.10^{-2}$,$10^{-5}$,D
d47707ad-0593-5bab-94a8-7287de4b69e5,TURKCE,"Dünya değişiyor dostlarım. Günün birinde gökyüzünde, güz mevsiminde artık esmer lekeler göremeyeceksiniz. Günün birinde yol kenarlarında toprak anamızın koyu yeşil saçlarını göremeyeceksiniz. Bizim için değil ama çocuklar, sizin için kötü olacak. Bir kuşları ve yeşillikleri çok gördük. Sizin için kötü olacak. Benden hikâyesi. Bu parçadaki ""koyu yeşil saç"" ifadesi, benzerlik ilgisiyle ""çimen""lerin yerine kullanılmıştır. Benzer bir kullanım aşağıdakilerin hangisinde vardır?",Bu yazımızın hem şiirler hem de romanlar yazdığı bilinmektedir.,Kitap okumanın insana tarifsiz bir mutluluk verdiğini biliyordum.,"Son yıllarda nice elmas, edebiyat dergilerinde öykü yazmaya başladı.",Edebiyatın pek çok türünde eser yazmış ünlü bir sanatçımızdı.,Şiirde felsefi düşünceler ile ilgili bir makale yazmayı düşünüyor.,C
9f274656-5ccf-51a2-a70a-98839582fe5b,MATEMATIK,"$a$ ve $b$, 3 ile tam bölünebilen ardışık iki doğal sayıdır. EBOB$(a, b) + \text{EKOK}(a, b) = 93$ olduğuna göre, $a+b$ toplamı kaçtır?",27,30,33,38,39,E
b6cc0449-a49a-503a-8e3f-74f229503cf3,GEOMETRI,"$A(-2m+2, -m+6)$ noktası dik koordinat düzleminin II. bölgesinde olduğuna göre, $m$'nin tam sayı değerleri toplamı kaçtır?",20,19,14,12,7,E
60daae67-f1ed-567f-a73a-ff3ad235a58f,MATEMATIK,"a bir tam sayı olmak üzere, gerçek sayılar kümesi üzerinde $f(x) = \begin{cases} x^2, & x \ge a \\ 2^x, & x < a \end{cases}$ fonksiyonu tanımlanıyor. $f(\sqrt{2}) \cdot f(2\sqrt{2}) \cdot f(3\sqrt{2}) \cdot \dots \cdot f(12\sqrt{2}) = 2^{15}$ eşitliği sağlandığına göre, $a$ değeri kaçtır?",3,4,5,6,7,C
eb571583-50ad-5b35-9d99-241db73171a0,TURKCE,"I. Burdur Gölü, Burdur ve Isparta illeri arasında yer alan tektonik bir göldür.
II. ""Yakıtsız elektrik üreten motor"" kamuoyuna asrın icadı olarak lanse edilmişti.
III. Yakemozun görüntüsü herkesi kendisine bağlamaya yetti.
IV. Hüzün, gözlerin buğulu bakmasına neden olan bir duygudur.
V. Hayat devam ettiği sürece senin hemen yanında olacağım.
Numaralanmış dizelerden hangilerinde tamlayanı ile tamlananı arasına sözcük girmiş isim tamlaması vardır?",I ve II,II ve IV,III ve IV,III ve V,IV ve V,C
cfb0ba15-de73-522b-8601-cd490c4ba770,FIZIK,"Çok uzak mesafelere dağılmadan yayılabilen uyarılmış emisyon yoluyla oluşan, iletişimde bilgi işlemede, savunma sanayisinde, tıpta ve sanayide kullanılan ışının adı aşağıdakilerden hangisidir?",Lazer,Kırmızı ışık,Katot ışını,Kozmik ışın,Morötesi ışın,A
098839a7-579f-55e9-ae30-8720bf01fd68,MATEMATIK,$\int_1^3 (2x-4)^3 dx$ integralinde $u = x-2$ dönüşümü yapılırsa aşağıdaki integrallerden hangisi elde edilir?,$\int_{-1}^1 8u^3 du$,$\int_{-1}^1 u^3 du$,$\int_1^3 u^3 dx$,$\int_{-2}^2 8u^3 du$,$\int_{-2}^2 u^3 du$,A
c092f551-1d98-58d6-87c5-d0d58398a88e,KIMYA,"32 gram $CH_4$ ve 64 gram $O_2$ gazları arasında tam verimle; $CH_4(g) + 2O_2(g) \to CO_2(g) + 2H_2O(g)$ tepkimesi gerçekleşiyor. Buna göre, tepkime sonunda tepkimeye girmeden kalan madde ve miktarı aşağıdakilerin hangisinde doğru verilmiştir? (H: 1 g/mol, C: 12 g/mol, O: 16 g/mol)",$CH_4$: 8 gr,$O_2$: 16 gr,$CH_4$: 16 gr,$O_2$: 32 gr,$O_2$: 8 gr,D
bc15518c-060b-5607-88ce-ecf5aafad04e,MATEMATIK,"$k$ pozitif bir gerçek sayı ve $f(x) = \log_4(x-k)$ fonksiyonu için $f^{-1}(\frac{1}{2}) = 3k$ olduğuna göre, $k$ kaçtır?",1,$\frac{9}{8}$,$\frac{5}{4}$,$\frac{11}{8}$,$\frac{3}{2}$,B
56823106-9349-54f7-a7cb-9507c1b301fd,FIZIK,"(1) Sabah saat 8.00'de telefonunun alarmı çalan Ahmet Öğretmen uykusundan uyanarak kıyafetlerini değiştirdi. (2) Ahmet Öğretmen dişlerini pırıl pırıl fırçaladıktan sonra yüzünü yıkadı ve kahvaltı için mutfağa geçti. (3) Elektrikli çaydanlıkta çay demleyen Ahmet Öğretmen kahvaltısını hazırlamaya başladı. (4) Ahmet Öğretmen kahvaltı masasına getirdiği peynirin küflendiğini fark edince peyniri yemekten vazgeçti. (5) Peynir yemek yerine tost makinesinde yaptığı tostu yemeyi tercih eden Ahmet Öğretmen, okula gitmek üzere evden ayrıldı.
Verilen paragrafta hangi cümlede geçen olay fizik biliminin doğrudan ilgi alanına girmemektedir?",1,2,3,4,5,D
d1fb1310-a432-5405-87f0-472bcdd0e95d,MATEMATIK,"Kendinden önce gelen iki terimin toplamına eşit olan sayılara ""Fibonacci Sayı Dizisi"" denir. Aşağıda Fibonacci sayı dizisinin ilk 8 terimi verilmiştir.
$1, 1, 2, 3, 5, 8, 13, 21, ...$
Buna göre, aşağıdaki asal sayılardan hangisi bu dizinin bir terimidir?",31,53,67,79,89,B
541b7845-88f7-53d4-aeb4-92a4a6288238,MATEMATIK,"$A$ ve $B$ üç basamaklı birer doğal sayı olmak üzere, $\sqrt{A} + \sqrt{B} = \sqrt{578}$ olduğuna göre, $|A-B|$ farkı kaçtır?",12,18,24,30,36,A
aa1c9636-1c10-59b9-ae74-1c96f77d62d8,MATEMATIK,"1'den n'ye kadar olan tam sayıların toplamı x, 20'den n'ye kadar olan tam sayıların toplamı y olmak üzere, $x+y=1450$'dir.
Buna göre, n kaçtır?",41,40,39,38,37,B
0a0e917f-44ad-52c9-a38d-d4caa8e01b08,MATEMATIK,"A ve B kümeleri için $s(A \times B) = 4$ olduğuna göre, A'dan B'ye tanımlanabilecek fonksiyon sayısı sayılarından hangileri olabilir?
I. 1
II. 2
III. 4",Yalnız I,Yalnız II,Yalnız III,I ve II,II ve III,D
e8caa3f4-6e9d-5e4f-b00c-eb9bad01c272,MATEMATIK,"$P(x) = -2x^3 + \frac{3}{x} + \sqrt{x}$, $Q(x) = 3x^2 - x + 1$, $R(x) = 14$, $S(x) = \frac{5x + 2x - 4}{x}$ Yukarıdaki ifadelerden kaç tanesi polinom belirtir?",0,1,2,3,4,C
98b8beeb-8149-5e52-a5a6-2b9e98d95bdb,TARIH,"Millî Mücadele sürecinde Sakarya Savaşı'ndan sonra İngiltere ile esir değişimi, Fransa ile Ankara Antlaşması imzalanmıştır. Millî Mücadele Dönemi'nde yaşanılan gelişmelere göre, I. Halkın tüm kaynakları Millî Mücadele'ye aktarılmıştır. II. Türk askeri terhis edilmiştir. III. Askerî başarılar siyasi başarıların kapısını açmıştır. yargılarından hangilerinin doğru olduğu söylenebilir?",Yalnız I,Yalnız III,I ve II,II ve III,I ve III,E
5fdded58-db0b-5c1b-a918-f4145b6e2d9c,GEOMETRI,"ABC eşkenar üçgen, $|\text{AD}| = 4$ cm, $|\text{CD}| = 6$ cm olduğuna göre, $|\text{BD}| = x$ kaç cm'dir?",9,$5\sqrt{3}$,$2\sqrt{19}$,$2\sqrt{21}$,$2\sqrt{20}$,C
dac7a868-5682-5c77-9f55-cafb6360682b,MATEMATIK,"$\log_4 (\log_2 x) + \log_2 (\log_4 x) = 2$ eşitliği veriliyor. Buna göre, $\log_2 x$ kaçtır?",$\frac{1}{4}$,$\frac{1}{2}$,$1$,$2$,$4$,E
132037f8-5365-56f2-9886-3a528870c1a5,KIMYA,"$Al_2(SO_4)_3$ çözeltisinin 300 mililitresinde 0,6 mol $SO_4^{2-}$ iyonu bulunduğuna göre, çözeltide kaç mol $Al_2(SO_4)_3$ çözünmüştür?","0,06","0,12","0,3","0,6","1,2",A
f4224bd8-2a2e-552c-92c3-7ad6bd346534,EDEBIYAT,"Adnan, karısı Belkıs'ın adını, rengini bilmediği hediyeler alıyordu. Muharebe bitince karısıyla Avrupa'da nerelere gideceklerini şimdiden biliyorlardı. Adnan'da zenginlerin coğrafyası, milyoner koleksiyoncuların arkeolojisi; Belkıs'ta zengin sahne artistlerinin tuvalet masalarındaki kimya vardı. Bir damlası elli şişe ilaç fiyatında lavantalar, bir ponponluğu beş çuval un fiyatında pudralar... Kimsenin doğrusunu bilmediği kadar zengindi. Hükümetin içinde değildi, hükümetti, altı seneden beri her lakırdısı doğruydu. 10 Temmuz'dan beri ona kimse itiraz etmiyordu. Açlara sanki bir locadan bakıyordu, bir piyes seyrediyor gibi. Aylar geçtikçe servetine alıştı.
Bu parçanın alındığı roman ve yazarı aşağıdakilerden hangisidir?",Dikmen Yıldızı - Aka Gündüz,Üç İstanbul - Mithat Cemal Kuntay,Küçük Dünya - Emine Işınsu,Sokakta - Bahaeddin Özkişi,Kilit - Mustafa Necati Sepetçioğlu,B
6b06ca67-3bdb-5c68-a6a9-7a592000ebc7,MATEMATIK,"Bir babanın, oğlu doğduğundaki yaşı, oğlunun doğum yılının rakamları toplamına eşittir.
2000 yılında babanın yaşı oğlunun yaşının 10 katından 1 eksiktir.
Buna göre, hangi yıl babanın yaşı oğlunun yaşının 2 katı olur?",2024,2023,2022,2021,2020,B
100b54dc-08fa-5fec-8587-f55c9f77e5b9,MATEMATIK,"$a$ ve $b$ birer gerçek sayı olmak üzere, $\log_2 3 = a$, $\log_3 5 = b$, $8^x = 9$ olduğuna göre, $x$'in $a$ ve $b$ türünden eşiti aşağıdakilerden hangisidir?",$\frac{a}{b}$,$\frac{3b}{2a}$,$\frac{b}{a}$,$\frac{2a}{3b}$,$\frac{2b}{3a}$,E
3aa0c098-22eb-57e3-84ef-b1f062b09998,MATEMATIK,"$4x + 2a - bx = 5x - 3(x - 4)$ denkleminin çözüm kümesi sonsuz elemanlı olduğuna göre, $a - b$ farkı kaçtır?",1,2,3,4,5,D
3e318245-7538-547d-8e38-5f9b155c77a5,KIMYA,"Buna göre, kütlece % 80 saflıkta 120 gram $CH_3OH$ sıvısının yanmasından kaç kkal ısı açığa çıkar? (Atom kütleleri: H: 1, C: 12, O: 16)",-459,-306,306,459,565,D
ee78ad4b-7802-5598-bd20-4b842dffdff7,MATEMATIK,"$P(x)$ polinomu için $(x-1) \cdot P(x) = x^3 - x^2 + ax - 2$ olduğuna göre, $P(x)$ polinomunun katsayıları toplamı kaçtır?",1,2,3,4,5,D
5f8b7c5d-4158-5f30-aaca-cdcf39099730,TARIH,"I. Abbasilerin ve Çin'in Türkistan'ı ele geçirmek istemesi.
II. İpek Yolu'na hâkim olma isteği.
III. Bölge Türklerinin siyasi birliğinin olmaması.
Yukarıdaki verilen maddelerin hangileri Talas Savaşı'nın ekonomik nedenleri arasında yer almaktadır?",Yalnız I,Yalnız II,I ve II,I ve III,II ve III,B
27be6c48-b8b6-591d-8dc7-04c5ef130bde,MATEMATIK,YOZGAT kelimesinin harfleri ile $6$ harfli anlamlı ya da anlamsız kelimeler yazılıyor. Buna göre bu kelimelerin kaç tanesi sesli harfle başlayıp sessiz harfle biter?,360,192,120,96,48,D
163c13eb-0c72-558c-a5b3-bc33a6ef2e1a,EDEBIYAT,"Tercüman-ı Ahvâl'in birinci sayısındaki ""Mukaddime""sinde; gazetenin sosyal ve edebî hayatta ne denli gerekli olduğunu vurgulamıştır. Bununla birlikte halka seslenen ve ona ulaşma yolunda önemli bir vasıta olarak gördüğü gazetenin halkın anlayabileceği bir dile sahip olması gerektiğini savunmuştur. 1862'de çıkardığı Tasvir-i Efkâr gazetesi de hem bu fikirlerin gelişmesine hizmet etmiş hem de birçok başarılı sanatçının yetişmesine vesile olmuştur.
Bu parçada söz edilen sanatçı aşağıdakilerden hangisidir?",İbrahim Şinasi,Ahmet Mithat Efendi,Ziya Paşa,Namık Kemal,Şemsettin Sami,A
6e6e0eb5-c9fe-512a-893d-01e17f92a514,FIZIK,Aşağıdakilerden hangisi ses ve elektromanyetik dalgaların ortak özelliğidir?,Boşlukta hızları ışık hızıdır.,Mekanik dalgalardır.,Enerji taşırlar.,Havadan suya geçerken hızları azalır.,Boşlukta yayılabilirler.,C
f41cf720-396a-57b8-ae5c-27b37e68ef4f,MATEMATIK,"$x = 2y - 4$ ve $x = y + 7$ eşitlikleri veriliyor. Buna göre, $y$ kaçtır?",-11,-3,3,7,11,E
6661c60f-e67d-5027-a84d-b4787ebb2b8b,MATEMATIK,"$a, b, c$ birer rakamdır. $a-b=2$ ve $a+c=24$ olduğuna göre, $a+b+c$ ifadesinin alabileceği en büyük değer kaçtır?",10,24,18,12,26,E
fbc9ff76-99d5-5f03-9ecd-998b668723a6,TURKCE,"----, Kurmaca anlatıdan farklı olarak gerçekleşmiş bir olay hakkında bilgiler içermesi, bu yapılırken olayların zamanında oluş sırasına göre belli bir biçemle anlatılması ve son olarak bu iki davranışın da sanatsal kaygılarla değil, yararcı kaygılarla ve bilgilendirme amacıyla yapılıyor olması sosyal bilimler alanına özgü metinlerin olduğu kadar tarih söyleminin de üç belirleyici özelliği olarak belirlenebilir. Bu son özelliği nedeniyle tarih söyleminin teknik söylem olarak sınıflandırılmasında, çevirisinin de teknik çeviri olarak belirlenmesinde sakınca olmayacağı değerlendirilmektedir.
Bu parçanın başına düşüncenin akışına göre aşağıdakilerden hangisi getirilmelidir?",Tarih söyleminin türünü anlatı olarak belirlemek mümkünmüş gibi gözükse de bilimsel metinlere özgü kurallara bağlı olması nedeniyle böyle değerlendirilemez.,"Tarih söylemi bu açıdan bilgi verici işlevin, diğer bir deyişle gönderge işlevinin ağırlıklı olduğu bir söylem türü olarak değerlendirilebilir.","Üreticisinin, açık veya örtük bir biçimde okurların belli bir tarafta konumlanmasını amaçlaması mümkündür.","Yazar, anlatısını ilginç ve çekici kılmak adına şiirsel bir üslubu benimseyebilir.","Tarihî metinlerde nesnel ifadelere sıklıkla yer verilmesinin başlıca sebebi, bu metinlerde asıl amacın öğreticilik olmasıdır.",B
0221b5ec-c355-5849-aac7-82d03402e362,MATEMATIK,"a ve b birer gerçek sayı olmak üzere,

karmaşık sayılar kümesinde,

$\frac{a+2+3bi}{2+i} = 2+ia$

eşitliği veriliyor.

Buna göre, $a-b$ çarpımının değeri kaçtır?",-3,-2,1,2,3,B
25101a47-3b97-5cb8-9d1c-f7262380fde5,MATEMATIK,"$P(x) = 2x^3 + ax + b$ polinomu $x^2-4x+3$ ile tam bölünebildiğine göre, $b$ kaçtır?",-26,-24,-2,24,26,B
f89b0a6c-7e20-5316-abc9-36220f52ea16,MATEMATIK,"$f(x) = x^2 + 1$ fonksiyonu veriliyor. $\left( \frac{d(f(x))}{dx} \right)^2 = 16 \cdot \frac{d^2(f(x))}{dx^2}$ olduğuna göre, $x$'in alacağı değerler çarpımı kaçtır?",-36,-25,-16,-9,-4,C
341b224e-6c89-5ca4-9055-8d59ff29f77b,TURKCE,"Bu yüzyılın sonlarında, Köprülü Fazıl Ahmet Paşa'nın sadrazamlığında ve yaklaşık 25 yıl süren savaşlar sonucunda, bu ülkeden aşama aşama alındı Girit. Bu fetih, Osmanlı Devleti'nin en büyük gurur kaynaklarından biri olmuştur. Önemi büyük fetihlerden biri olan bu gelişmeyle Akdeniz'de Türk egemenliği sağlanmıştır. Bu parçada aşağıdakilerden hangisinin örneği yoktur?",Kurallı birleşik sıfat,Niteleme sıfatı,İşaret sıfatı,Asıl sayı sıfatı,Adlaşmış sıfat,D
830f8830-e435-5d20-9706-d36f7ca23b70,MATEMATIK,"a sıfırdan farklı bir gerçek sayı olmak üzere, gerçek sayılar kümesi üzerinde tanımlı f ve g fonksiyonları için, $\lim_{x \to a} f(x) = \lim_{x \to a} g(x) = a$ eşitliği veriliyor. Buna göre, I. $f(2)=g(1)$ II. $\lim_{x \to a} [f(3-x)+g(4-3x)]=2a$ III. $\lim_{x \to a} \frac{f(x)}{g(x-1)+1}=a$ ifadelerinden hangileri daima doğrudur?",Yalnız I,Yalnız II,I ve II,II ve III,I ve III,B
3ec947c8-61fc-5cfb-af45-f9974b56b89d,MATEMATIK,"Her $n$ pozitif tam sayısı için $P_n(x) = x^n$ polinomları tanımlanıyor. Buna göre, $[P_2(x)]^2$ polinomunun $(x-P_2(1))$ ile bölümünden kalan kaçtır?",36,34,30,28,22,A
dfb676a5-b676-5f1b-864d-ab2c3f1468a0,MATEMATIK,"Aşağıda beş kardeşin kendi aralarında geçen bir konuşma verilmiştir.
Emre: ""Yaşlarımızın ortalaması benim yaşıma eşittir.""
Yunus: ""Ben gruptaki en büyük kişiyim.""
Zehra: ""Gruptakilerin yaşları ardışık çift sayılardan oluşuyor.""
Serkan: ""Ben gruptaki en küçük kişiyim.""
Ebru: ""Ablam Zehra 20 yaşındadır.""
Buna göre, Serkan ile Emre'nin yaşları toplamı kaçtır?",26,28,30,32,34,C
2709c9c3-a033-5eea-b652-32490b627641,MATEMATIK,"$P(x) = x^{20} - x^{19} + x^{18} - ... + x^4 - x^3 + x^2 - x$ polinomu veriliyor. Buna göre, $P(-1)$ kaçtır?",0,10,19,20,21,D
576f5453-0cf7-5607-8f2c-0576305107a3,TURKCE,"Öğretmen, mezun olmak üzere olan öğrencilerine okulun son günü son bir ders daha vermek için tahtaya geçer. Tah- taya kocaman bir (1) rakamı çizer. -Bu rakam sizin kişiliğinizdir. Uzun emekleriniz, çalışmala- rınız sonunda bugün mezun olmayı başardınız. Sonra birin yanına bir sıfır (0) koyar: -Bu başarıdır. Başarılı bir kişilik bir (1) on (10) yapar. Bir sı- fır (0) daha koyar: -Bu sıfır da okul sonrasında yıllar içinde oluşacak tecrübe- dir. On (10) iken yüz (100) olursunuz. Hayatın akışında ye- tenek, disiplin, sevgi, saygı... Sıfırlar eklenip böyle uzayıp gider. Eklenen her yeni sıfır (0) kişiliğinizi on (10) kat zen- ginleştirir. Öğretmen sona eline silgiyi alıp en baştaki bir (1) siler. Geriye bir sürü sıfır kalır ve öğretmen dersin son sözünü söyler: Bu parçada boş bırakılan yere düşüncenin akışına göre aşağıdakilerden hangisi getirilebilir?",Gördüğünüz gibi çocuklar rakamlar arasında en önem- lisi bir (1) rakamıdır,Bir insanın karakterine önem verirseniz onun başarıları- na da katkıda bulunursunuz,Kişiliğiniz yoksa veya kişiliğinizden ödün vermişseniz sa- hip olduğunuz özelliklerin hiçbir anlamı kalmaz,Hayat akarken zorluklarla karşılaştığınızda hayatınızın olumlu yönlerini düşünerek zorlukları aşabilirsiniz,"Çocuklar, hayatta her şeyin bir matematiği vardır ve bu matematiği çözen kazanır",C
10554278-3187-5dc3-b329-8e4e07eb87db,MATEMATIK,"$x^2-8x+2m-6=0$ denkleminin gerçek sayılarda çözüm kümesi boş küme olduğuna göre, $m$'nin tanım aralığı aşağıdakilerden hangisidir?","$(- \infty, 11)$","$(0,11)$","$(- \infty, 0)$","$(11, \infty)$","$(1,8)$",D
7f09462b-11ba-5935-982d-fe50b32eeef2,TURKCE,"I. Aletli dalış için ülkemizde oldukça fazla seçenek var ve bu spor en çok Akdeniz Bölgesi'nde yapılıyor.
II. Aletli dalış yapanlar için önemli başka dalış noktaları da var, buralarda çok sayıda deniz canlısı rahatlıkla gözlemlenebiliyor.
III. Örneğin Antalya limanı girişinde 30 m derinlikte yatan Fransız Societo savaş gemisi, Kemer marinası açıklarındaki Paris batığı bunlardan birkaçıdır.
IV. Bunun nedeni bu bölgede su altı zenginliklerinin yanı sıra önemli tarihî batıkların da bulunmasıdır.
V. Bu noktalardan, Ayvalık'ta Kız Adası'nın açıkları ile Gökçeada'daki Mavi Koy açıkları, deniz canlıları açısından son derece zengindir.
Yukarıdaki numaralanmış cümlelerin anlamlı bir bütün oluşturması için hangilerinin birbiriyle yer değiştirmesi gerekir?",I ve II,I ve III,II ve III,II ve IV,III ve V,D
55d1d635-b4b9-5bbb-98d5-04b96c23792f,FIZIK,"Yeşil ışık kullanılarak yapılan çift yarıkta girişim deneyi yapılıyor ve ekran üzerinde girişim deseni elde ediliyor.
Bu deney düzeneğinde sadece ışığın rengi kırmızı olacak şekilde değişiklik yapıldığında,
I. Saçak genişlikleri artar.
II. Merkezi aydınlık saçığın yeri değişir.
III. Aydınlık ve karanlık saçaklar yer değiştirir.
yargılarından hangileri doğrudur?",Yalnız I,Yalnız II,I ve III,II ve III,"I, II ve III",A
7370e319-d7ae-52c0-9fcc-e84bd6876759,KIMYA,Aşağıdaki aldehitlerden hangisinin izomeri olan bir keton yoktur?,$CH_3-CH_2-C-H$ (O çift bağ),$CH_3-C-H$ (O çift bağ),$CH_3-CH_2-CH_2-C-H$ (O çift bağ),$CH_3-C-CH_2-CH_3$ (O çift bağ),Benzen halkasına bağlı $CH_2-C-H$ (O çift bağ),B
d8512b5a-c95e-57a3-8972-523ec5c16e1b,MATEMATIK,"Sinan şekilde görüldüğü gibi doğrusal bir yolda başlangıç noktasından sağ tarafa (İnx) bir ilerleyerek A noktasına gelmiştir. Sinan A noktasından sağ tarafa (lny) bir ilerlerse başlangıç noktasından 3 birim uzaklaşmış oluyor. Buna göre, $\log_x y^2$ ifadesinin alabileceği değerler çarpımı kaçtır?",12,15,16,18,20,D
9e1caa2d-9a17-526a-939c-422a38cc746d,GEOMETRI,"Dik koordinat düzleminde bir köşesi orijin olan üçgenin; ağırlık merkezi $(0, 12)$ noktası ve çevrel çember merkezi $(0, 10)$ noktasıdır. Buna göre, bu üçgenin alanı kaç birimkaredir?",72,90,96,108,120,D
67a4341a-3a3d-50f4-946e-550be7f52eb2,TURKCE,"Gerçek eleştirinin amacı; bir sanat görüşünü örneklen-
dirmek, bir sanat yapıtının sanat değerini belirlemek, bir
örnekten kalkarak çözümlemeler ve incelemeler yapmak
ve bir görüşü temellendirmek olmalıdır. Böyle bir eleştiri
anlayışıyla kaleme alınmış yazıların amacı; yalancıyı yü-
celtmek, onurlandırmak veya filancayı ezmek, yerin dibine
batırmak olamaz. Edebiyat çevrelerindeki güncel kıpırda-
nışlara değil, felsefi bir temelden hareketle edebiyat olay-
larına eğilir bu tür eleştiriler.
Bu parçadaki altı çizili sözle anlatılmak istenen aşağı-
dakilerden hangisidir?",Sanatçıların bir sanat görüşüne ağırlık vermesi,Sanatçılar arasında rekabet ortamının oluşması,Sanat dünyasındaki kısa süreli yönelimler,Eleştiri yazılarının artış göstermesi ve sevilmesi,Eleştirmen yorumlarının tartışmaya açıklığı,C
e0840d04-0feb-53d1-aeba-bd142ff65738,FIZIK,"Günlük hayatta karşılaştığımız hareket olaylarından bazıları dengelenmiş kuvvetler, bazıları ise dengelenmemiş kuvvetler etkisinde gerçekleşir.
Buna göre,
I. Oyun parkında, kaydıraktan sabit bir hızla kayan çocuk
II. Dalında sabit bir şekilde duran erik tanesi
III. Okul servisini kaçırmamak için hızlanarak koşan çocuk
örneklerinden hangilerinde yapılan eylem, dengelenmiş kuvvetler etkisinde gerçekleşmiştir?",Yalnız I,Yalnız II,I ve II,I ve III,II ve III,C
a40ff672-51e1-5e0e-8946-3c0b7c847730,MATEMATIK,"$n! = 1 \cdot 2 \cdot 3 \cdot ... \cdot n$ dir.
$a, b$ ve $c$ birer tam sayı olmak üzere,
$\frac{a \cdot b - 3^c}{17!} = c - 1$
olimits
olduğuna göre, aşağıdakilerden hangisi daima doğrudur?",$a$ tek ise $b$ çifttir,$c$ tektir,$a+b$ çifttir,$c$ çifttir,$a$ çift ise $b$ çifttir,C
6974c273-8a0b-5865-b59e-c762dc070e42,MATEMATIK,"Uygun koşullarda tanımlı $f$ ve $g$ fonksiyonları için
$(gof)(x) = x^2 - (log)(2x+1) + f(x) + 2$
$f(x) = x+6$
olduğunu göre, $g(8) - g(5)$ farkı kaçtır?",12,11,10,9,8,D
abdf85ae-ff7d-5269-98b7-f9ae24c9edab,MATEMATIK,"${\left(x+\frac{1}{x}\right)^2+4\left(x+\frac{1}{x}\right)+4=0}$ denkleminin bir kökü $m$'dir. Buna göre, $m^2+\frac{1}{m^2}$ değeri kaçtır?",-2,4,6,2,-4,D
e698cb37-48de-5aab-8d98-fd8a2f11029a,MATEMATIK,$\frac{3(x-2)}{2} - \frac{2(2x-1)}{3} = x$ denklemini sağlayan $x$ değeri kaçtır?,$2$,$3$,$4$,$5$,$6$,A
5f3b22b8-e1f3-574a-8b02-50eb045a66d3,TARIH,"1402 tarihinde Çubuk Ovası'nda gerçekleşen Ankara Savaşı'nın;
I. II. Mehmet'in tahta çıkması,
II. Fetret Devri'nin yaşanması,
III. Bizans'ın Anadolu siyasi birliğini kurması
gelişmelerinden hangilerinin ortaya çıkmasında etkili olduğu söylenemez?",Yalnız I,Yalnız II,Yalnız III,I ve II,I ve III,E
185efe56-6e51-524f-aeda-446030bd84b9,MATEMATIK,"$i^2=-1$ olmak üzere, $(4-i)(1+i)+(1-i)(4+i)$ işleminin sonucu kaçtır?",17,21,24,29,34,E
5b916af5-7c4d-53fe-8512-9f1999fe7257,KIMYA,"Alkan, alken ve alkin olduğu bilinen açık zincirli X, Y ve Z bileşikleri ile ilgili aşağıdaki bilgiler veriliyor. - X ve Y bromlu suyun rengini gideriyor. - Y Tollens ayracı ($NH_3$'lü $AgNO_3$) ile çökelti oluşturuyor. Buna göre X, Y ve Z hidrokarbonlarının sınıflandırılması aşağıdakilerden hangisinde doğru verilmiştir?","Alkan, Alken, Alkin","Alken, Alkin, Alkan","Alken, Alkan, Alkin","Alkin, Alken, Alkan","Alkin, Alkan, Alken",B
c3fa6f17-48b1-5f6a-b325-fcd802602617,MATEMATIK,"$(a_n)$ aritmetik dizisinde $a_4+a_5=24$ ve $a_7+a_8+a_9=48$ olduğuna göre, $a_1$ kaçtır?",6,12,18,24,30,A
dc71cfda-6bac-5c07-a6e0-e35789156320,TARIH,"Osmanlı Devleti'nde ilk zamanlar mukataalar iltizama üç yıllığına verilirken daha sonra bu mukataalar ömürlük olarak verilmeye başlanmıştır. Mukataaların ilk zamanlardan farklı olarak ilerleyen süreçte daha uzun süreli olarak iltizama verilmesi; I. devletin nakit ihtiyacını karşılamak, II. ordunun asker ihtiyacını karşılamak, III. merkezi otoriteyi güçlendirmek nedenlerinden hangileri olduğu söylenemez?",Yalnız I,Yalnız II,I ve II,II ve III,"I, II ve III",B
f7f9ebfe-d40a-563a-99f8-609cee3170fb,TURKCE,"(I) İnsanın, kayıt düşme, her türden insanlık hâlini kendinden sonrakilere bırakma macerasının bir ürünü olan kitap; beyaz sayfalara yazılıp şık kapaklarla günümüze gelene kadar çok uzun bir yolculuktan geçmiştir. (II) Bilinen ilk kitap, bir mağara duvarıdır. (III) Mağara duvarlarına çizilmiş resimlerden dev taş anıtlara, toprak tabletlere işlenmiş şekillerden metrolarce uzunluktaki parşömen rulolarına, insanın kitap yaratma hevesi hiç azalmadan bugüne gelmeyi başarmıştır. (IV) Bugün kahve fincanları, plaj şemsiyeleri ve boşluğa uzatılmış ayakların yanında güzel bir fotoğraf objesi olan kitabın, o kadrajda sığabilmesi on binlerce yıl sürmüştür (V) Anlatma isteğinin bir sonucu olan kitap, geçmişi günümüze taşımıştır. Bu parçada anlatılanı en iyi özetleyen cümle numaralanmış cümlelerin hangisidir?",I,II,III,IV,V,A
2997629d-204e-50a6-98b2-d651fecf2d18,MATEMATIK,$a^x=64$ ve $a^y=4$ olduğuna göre $\frac{x}{y}$ değeri kaçtır?,3,5,6,7,8,A
c9b5d4e6-e48e-5b03-b36a-c43a21a9fb12,MATEMATIK,"Aşağıdaki ABC dik üçgeninde B ve C açılarının dış açılarının ölçüleri sırasıyla $\alpha$ ve $\beta$'dır. $\sin\alpha = 0,6$ olduğuna göre, $\tan\beta$ kaçtır?",$\frac{7}{3}$,$\frac{4}{3}$,$-1$,$-2$,$-3$,B
c4d8431f-1955-5ff0-82c6-b74f352dc191,MATEMATIK,"Gerçel sayılarda tanımlı $f(x) = 3x + 4$ ve $g(x) = x^2 - x$ fonksiyonları veriliyor. Buna göre, $(f+g)(1) - 3 \cdot \frac{f}{g}(4)$ ifadesinin değeri kaçtır?",3,4,5,6,7,B
5a02929b-fa6e-5bff-a2b9-c5b47a79b6cc,MATEMATIK,"$x$ ve $y$ gerçel sayılardır. $x-\frac{1}{y}=5$ olduğuna göre, $\frac{x}{y}$ en fazla kaç olur?",5,\frac{11}{2},\frac{23}{4},6,\frac{25}{4},E
31360cfc-cc9a-52e8-8fae-c15686302511,MATEMATIK,$e^{x^2-4} = x^2$ denklemini sağlayan kaç farklı $x$ değeri vardır?,1,2,3,4,5,B
e7b0876c-530a-5a57-8d42-ccc89056e62f,FIZIK,"X bobini ve Y, Z cisimlerinden kurulu Şekil-I'deki düzenek K anahtarı kapatıldığında Şekil-II'deki gibi dengeye geliyor.
Buna göre,
I. Y cismi mıknatıstır.
II. Z cismi mıknatıstır.
III. Y cismi demir çubuktur.
yargılarından hangileri kesinlikle doğrudur?",Yalnız I,Yalnız II,Yalnız III,I ve II,II ve III,B
f4ff5110-fa3f-5c0c-9843-407a79614901,KIMYA,Aşağıda verilen bilim insanlarının kimya bilimine olan katkısı hangisinde yanlış verilmiştir?,Berzelius - Element sembolleri,Lavoisier - Kütlenin korunumu kanunu,Robert Boyle - Modern element tanımı,J.J. Becher - Flogiston teorisi,Cabir Bin Hayyan - Damıtıcılardan formik asit eldesi,E
2a6afff1-7270-5f79-8020-5d293f69530f,MATEMATIK,$ \frac{2^{16} + 35 \cdot 8^3}{15^4 \cdot 30^2} $ işleminin sonucu kaçtır?,$ \frac{1}{4} $,$ \frac{1}{2} $,1,2,4,C
382cc102-24f6-5b04-b762-74058ac27568,GEOMETRI,"Dik koordinat düzleminde; bir köşesi orijinde, diğer köşeleri ise $y = x$ ve $y = -x$ doğruları üzerinde olan bir üçgenin kenarortayları $(2, 4)$ noktasında kesişmektedir. Buna göre, bu üçgenin alanı kaç birimkaredir?",18,24,27,9/2,18/2,C
9d27fa09-3561-5fed-9512-1adb00dc34c9,MATEMATIK,"Başkat sayısı 2 olan ikinci dereceden bir $P(x)$ polinomu için $P(x) = P(2-x)$ eşitliği veriliyor. $P(x)$ polinomunun bir kökü sıfırdan farklı olan sabit terimidir. Buna göre, $P(x)$ polinomunun $(2x+1)$ ile bölümünden kalan kaçtır?",1,2,3,4,5,E
e5b36b5b-42ad-5027-918e-ba03f959cc56,MATEMATIK,"$f(x) = f(x+1)+3$ ve $f(1)=11$ olduğuna göre, $f(3)$ kaçtır?",$17$,$13$,$11$,$7$,$5$,D
0c4fe159-a6c9-573b-83c6-c25be21a1a20,TURKCE,"Yandı yüreğim, tutuştu bağrım, ciğerim kebap olur.
I II III
Aşkların şerbetleri bu derdime sebep olur.
IV
Bu dizelerde numaralanmış sözcüklerin hangilerinde aynı ses olayı vardır?",I ve II,I ve IV,II ve III,III ve IV,"I, II ve IV",B
cfd1ca99-3aaf-5cce-ac95-244471636e27,TURKCE,"Kasım 1853'te başlayan Kırım Savaşı, Fransa ve Britanya Krallığı'nın Osmanlı'nın yanında yer almasıyla ilginç bir hâl aldı.
Bu cümlede aşağıdakilerden hangisinin örneği vardır?",Ek fiil,Dilek kipi,İsim-fiil,Zarf-fiil,Adlaşmış ortaç,D
bf5d4cdd-9987-58c6-8852-d8d1c8bf4752,MATEMATIK,$\frac{2xy - 4x + 6y - 12}{6 + 2x - 3y - xy}$ ifadesinin en sade hali aşağıdakilerden hangisidir?,$-2$,$-1$,$1$,$x+3$,$2-y$,A
8ff68485-a6f4-5a82-a2b5-bab37c1ba06d,FIZIK,"Doğada dört adet temel kuvvet vardır. Bunlar; güçlü nükleer kuvvet, zayıf nükleer kuvvet, elektromanyetik kuvvet ve kütle çekimi kuvvettir. Çekirdek etrafında belirli yörüngelerde dönen elektronlara; I. Güçlü nükleer kuvvet II. Elektromanyetik kuvvet III. Kütle çekimi kuvveti ile verilen kuvvetlerden hangileri etki eder?",Yalnız I,Yalnız II,I ve II,I ve III,II ve III,E
4639563e-52b5-5eb0-934d-415b5a86db45,EDEBIYAT,"(I) Tiyatroda on birlik kuralına uyulmuştur. (II) Bu kurala göre eserde ""olay - yer - zaman"" birliği olmalıdır. (III) Eserlerde sıradan insanlar işlenmiş; (IV) Kişiler seçkin tabakadan seçildiği gibi yer yer sıradan insanlara da yer verilir. (V) Halkın kullandığı kaba sözler, düello, ölüm sahneleri, estetiğe uymayan hiçbir şey eserlerde yer almaz.
Bu parçada numaralanmış cümlelerin hangisinde ""Klasisizm"" akımının özelliklerine yer verilmemiştir?",I,II,III,IV,V,D
ff0533a4-05c5-5c09-85ba-93c7e8ba5bc5,KIMYA,"I. $CH_3 - C - CH_3 + NH_3 + AgNO_3 \to$
II. $CH_3 - CH - CH_3 \xrightarrow{[O]} \atop OH$
III. $CH_3 - CH_2 - C - H + 2Cu^{2+} + 4OH^- \to$
Yukarıda verilen tepkimelerden hangileri gerçekleşir?",Yalnız II,I ve II,I ve III,II ve III,"I, II ve III",D
5d116621-3ce2-5793-b0bf-3ae9e401420a,MATEMATIK,"Dik koordinat düzleminde $y=f(x)$ fonksiyonunun grafiği verilmiştir. $g(x)=\int_1^x \frac{t}{\sqrt{x-1}}dt$ ve $g(1)=3$ olduğuna göre, $g(4)$ değeri kaçtır?",11,13,15,17,19,C
c6f17634-007c-5715-8100-b483972589d3,MATEMATIK,"$(a_n)$ bir aritmetik dizi,
$a_1 - a_2 + a_3 - a_4 + \dots + a_9 = p^2$
$a_1 - a_2 + a_3 - a_4 + \dots - a_{10} = q^2$
eşitliği veriliyor.

Buna göre, $\frac{a_6}{a_{21}}$ oranı kaçtır?",$\frac{9}{10}$,$\frac{10}{11}$,$\frac{11}{41}$,$\frac{12}{35}$,$\frac{13}{100}$,A
77dc5b2b-66ff-5642-897c-4367538fa17a,MATEMATIK,"$\\int_a^b x^2 dx = 36$ ve $\\int_b^a dx = 3$ olduğuna göre, $\\int_a^b (x^2 - x) dx$ integralinin değeri kaçtır?",-27,-24,-18,-12,-6,A
ebcb2fcd-507e-5b62-94b1-d6d0867ca053,TURKCE,"Hortlak, Haiti halk kültüründen gelen ve Batı kaynaklı edebiyat ve sinema eserlerinde sıkça işlenen zombi ile benzer özellikler taşır. Korku edebiyatı ve sinemasında, ceset; başka varlık, bir güç tarafından kontrol altına alınınca hortlağa dönüşür. Söz konusu varlık, bedenin eski sahibi olabileceği gibi, bir başkası da olabilir. Hortlak kültürümüzde de masal, hikâye ve romanlarda yer etmiş bir kavram; zombi ise Amerikan üretimi hızlı tüketim ürünü bir tip ve kültürümüze yeni giriyor ama gelin görün ki bizim çocuklarımız hortlağı değil zombiyi tanıyarak büyüyorlar.
Bu parçanın konusu aşağıdakilerin hangisidir?",Batı kültürünün Doğu korku anlatıları karşısındaki üstünlüğü,Hortlak kavramının günümüzde benimsenmemesinin nedenleri,"Kültürümüze yabancı zombinin, hortlaktan daha çok tanınması",Gençlerimizin kendi kültürlerinden uzak yaşamaları,Amerikan sinema ve edebiyatının tüm dünyaya hâkim olması,C
a0fccfc9-3c29-5e32-aca6-16b3448d5c56,MATEMATIK,"a bir gerçel sayı olmak üzere gerçel sayılar kümesinde tanımlı bir f fonksiyonu $$f(x) = \begin{cases} ax^2-6, & x \ge 0 \\ x+a, & x < 0 \end{cases}$$ biçiminde tanımlanıyor. $$\int_{-2}^{2} f(x)dx = \int_{0}^{2} f(x)dx$$ olduğuna göre, a kaçtır?",15,16,17,18,19,E
5af57874-cd13-59dc-9020-0efa6f134285,EDEBIYAT,"Tahmin ettiğim gibi, benim sokağa girmeye cesaret edemediler; o pis zayıf köpek, arkamdan bir iki adım geliyormuş gibi yaptı, boynunu uzatarak son defa havladı; sonra hep birlikte dönüp gittiler. Üç evli sokağımı düşüncelerle geçtim, birden kapının önünde buldum kendimi. Demek ki düşünmüşüm de. Çünkü düşününce hep böyle olurdu. Anahtarlarımı çıkarıp hazırlamaya fırsat bulamadan kapımı gördüm birdenbire. Sonra, salondaki sallanır koltuğuma ulaşıncaya kadar, düşünecek bir şeyler çıkardı: Hırsız kilidini açmalı, asıl kilidi iki kere çevirmeli, vazonun içinden oda anahtarını çıkarmalı. Köpekler meselesi hareketlerimi yavaşlattı: vazonun önünde biraz fazla durdum. Korkuyorsun, neden bu kadar uzakta yaşıyorsun şehirden? Neden üç evli sokağın en ucundaki evde oturuyorsun? Son kaldırımların taşından bile belli başı adımın önde ne işin var? Garip kaderime gülümsedim; aynaya bakarak tabii. Tatlı bir gülümseme. Eski neşemi kaybetmediğimi göstermek için. Sonra durgunlaştım. Neden? Unuttum. Dur, hayır, unutmadım. Yalnız kaldıkça, yalnız kalmaktan korktukça... Aynadan uzaklaştım fakat bilmiyordum. Böyle bir düşünceyi köpeklerimi bilirdi, ben de kendimi bilirdim. Buldum: Yalnız kalmaktan korktukça yalnızlığım artıyor. Bu sefer gerçekten gülümsedim. İster görün, ister görmeyin; gülümsedim işte. Her şeyimi kaybetmedim daha: çıkmayan camdan ümit kesilmez, Havlayan köpek ısırmaz. Hay Allah kahretsin! Bu parçadan hareketle postmodern öyküyle ilgili aşağıdaki yargılardan hangisine ulaşılamaz?",Öykünün kurmaca olduğu okura yansıtılır.,"Anlatıcı, metnin bir parçası hâline getirilir.",Metinler arasılık etkin şekilde kullanılır.,Bilinç akışı tekniğinden yararlanılır.,Okurun aktif olduğu düşünülerek iletişim kurulur.,C
113aed41-9d4d-5e08-b8e9-ab663fb0859f,MATEMATIK,$\int_{1}^{2} (x^2-1)x dx$ integralinin değeri aşağıdakilerden hangisidir?,\frac{125}{3},\frac{126}{5},57,\frac{16}{15},\frac{172}{3},D
cca8d1d7-5930-5dd0-9c12-ca7ff94b8eb3,BIYOLOJI,"Damarlı çiçekli bitkilerde su taşınması ile ilgili,
I. Ksilemde suyun taşınması tek yönlü olarak gerçekleşir.
II. Ksilemdeki su yukarı doğru çekildikçe kökte ozmotik basınç artar.
III. Su, ksilemde kökten yukarıya doğru aktif taşıma ile taşınır.
ifadelerinden hangileri doğrudur?",Yalnız I,Yalnız II,I ve II,II ve III,"I, II ve III",C
c551e9db-6bc6-51a7-a4fd-0f0820f8f174,MATEMATIK,"$f(x) = 6x\sqrt{x} + m$ ve $g(x) = 3 - \frac{18}{\sqrt{x}}$ fonksiyonları veriliyor. Buna göre, $f'(m) = g'(m)$ eşitliğini sağlayan $m$ değeri kaçtır?",1,2,3,6,9,A
e343dd10-9568-5c6c-83e1-1063371ce2c4,MATEMATIK,"I. $8 \cdot 7 = 54$
II. $9 \cdot 6 = 56$
III. $4 \cdot 13 = 52$
işlemlerinden hangileri doğrudur?",Yalnız I,Yalnız II,Yalnız III,I ve III,II ve III,C
c2a4fe03-10e0-5b83-998d-4f90864c63da,FIZIK,Piezoelektrik olay ile elektrik üretimi I. Mikrofon II. Hoparlör III. Baskül cihazlarının hangilerinde kullanılır?,Yalnız I,Yalnız II,I ve II,I ve III,II ve III,D
f515d79d-6360-5e95-b742-d351e4b08cbe,KIMYA,"Pirinç alaşımı bakır ($Cu$) ve çinko ($Zn$) metallerinden oluşmaktadır. Kütlece %40'ı çinko metalinden oluşan pirinç toz hâline getirilip yeterli miktarda sulu $HCl$ çözeltisine atılıyor. Çözeltinin içerisinde, çinko metalinin tamamı $Zn(k) + 2HCl(suda) \to ZnCl_2(suda) + H_2(g)$ tepkimesini verirken, bakır metali tepkime vermemektedir. Tepkime sırasında elde edilen $H_2$ gazı normal koşullarda 8,96 litre hacme sahiptir. Buna göre, $HCl$ çözeltisine bırakılan alaşımın toplamı kütlesi kaç gramdır? ($Zn=65\ g/mol$)",65,56,32,26,13,B
ee85add8-00f4-5158-99b7-def09db7bce5,MATEMATIK,"Analitik düzlemde bulunan bir A noktası, orijin (O) etrafında saatin dönme yönünün tersi yönünde $\alpha$ açısı kadar döndürülerek B noktası elde ediliyor.
$|OA| = 5$ birim
$C \in [OB]$ ve $|OC| = 3$ birim
$|AC| = 7$ birim
olduğuna göre, $\alpha$ kaç derecedir?",30,60,90,120,150,D
d7737ac2-542e-5c5a-940c-fd28afada61f,MATEMATIK,"A, B ve x pozitif tam sayılar olmak üzere, $\log A = \log 3 + \log 6 + \log 9 + ... + \log 300$ eşitliği veriliyor. $A = 3^B \cdot x$ eşitliğini sağlayan x'in alabileceği en büyük değer kaçtır?",144,145,146,147,148,C
1f500d11-2754-5179-8543-2372c51729aa,MATEMATIK,"Bir ipin ucundan $\frac{1}{5}$ i kesilirse orta noktası 15 cm kayıyor. Buna göre, başlangıçta ipin uzunluğu kaç santimetredir?",120,130,140,145,150,E
95f964c3-26c1-51db-b435-e4f331ed79d8,TURKCE,"Kentsel ve sosyal sorunları çözmeye yönelik olarak 20. yy.ın başlarında güzel şehir ve rekreasyon hareketleri gibi çözüm ler üretilse de ekonomik büyümenin, bu sorunların kendiliğinden çözülmesini sağlayacağına olan inanç -ki bence de öyle- 1960'lı yıllardaki sosyal göstergeler hareketine kadar devam etmiştir. Çok çeşitli boyutlara sahip kent yaşantısının yalnızca ekonomik büyüme ile iyi edilemeyeceği'nin anlaşılması ile yaşam kalitesi kavramı gelişmiştir. Kentin; konut, çalışma alanları, ulaşım - erişilebilirlik, sosyal donatılar, kamu hizmetleri, ekonomi gibi çeşitli bileşenlerdeki kaliteler bütünü olarak somutlanan kentsel yaşam kalitesi içinde boş zaman önemli bir yer tutmaktadır.
Bu sözlerin sahibi ile ilgili aşağıdakilerden hangisi söylenemez?","Kent yaşantısının iyileştirilmesi, ilgi alanına girmektedir.",Kent yaşantısının sadece ekonomik büyümeyle düzeltileceğini düşünmemektedir.,Yaşam kalitesi içerisinde neyin önemli olduğunu tespit etmiştir.,Kentsel ve sosyal sorunların psikolojik destekle atlatılacağına inanmaktadır.,Kentin bileşenleri üzerinden yaşam kalitesi üzerine bilgi sunmuştur.,D
6e3d608a-85cb-538e-966d-f97d041204e3,TARIH,"Osmanlı Devleti'nde görülen;
I. şehzadelerin lalaları gözetiminde sancağa çıkarılması,
II. hanedanın erkek üyelerinin tahta çıkma hakkı olması,
III. en büyük hanedan üyesinin tahta çıkma kuralının getirilmesi
uygulamalarından hangilerinin taht kavgalarını önlemeyi amaçladığı söylenebilir?",Yalnız I,Yalnız II,Yalnız III,I ve II,II ve III,C
daaad5c2-f2f4-53b6-be9c-c2ab98c53ca0,MATEMATIK,"a bir doğal sayı, $\frac{a}{9}$ bileşik kesir, $\frac{a}{4}$ basit kesir ise a'nın alabileceği değerler toplamı kaçtır?",28,30,31,32,33,E
1df804e4-0009-5ec3-b069-8d110d167bd7,MATEMATIK,"Bir veri grubundaki sayılar küçükten büyüğe doğru sıralandığında gruptaki terim sayısı tek ise ortadaki sayıya, çift ise ortadaki iki sayının aritmetik ortalamasına o veri grubunun medyanı (ortanca) denir. 9 kişilik bir voleybol takımının oyuncularının yaşları ve boyları, iki bileşenli yaşlarını birinci bileşen, boylarını ikinci bileşen olmak üzere boylarına göre sıralı veri grubu $(18; 1,76)$, $(17; 1,79)$, $(18; 1,82)$, $(19; 1,84)$, $(20; 1,84)$, $(21; 1,86)$, $(17; 1,90)$, $(20; 1,92)$, $(19; 1,96)$ olarak verilmiştir. Bu 9 kişilik takımdan bir oyuncu ayrılmış ancak kalan oyuncuların hem yaşlarının hem de boylarının medyanı değişmemiştir. Buna göre, bu takımdan ayrılan oyuncunun yaşı ve boyu aşağıdakilerin hangisinde doğru olarak verilmiştir?","$(17; 1,79)$","$(17; 1,90)$","$(19; 1,84)$","$(19; 1,96)$","$(21; 1,88)$",C
4c533834-cce3-5050-a809-8d01e67ba715,MATEMATIK,"$\frac{A}{2} = \frac{B}{3} = \frac{D}{4} = \frac{4}{5}$ olmak üzere, $3A + 5B + 4D = 144$ olduğuna göre, $A+D$ kaçtır?",23,20,33,8,27,E
2d31a8a4-bac1-504e-9453-17ffaaf0d731,MATEMATIK,"En fazla 400 öğrenci kaydı yapabilen bir sürücü kursu aylık ücretini 300 TL olarak belirlediğinde bu sayıya ulaşabilmektedir. Bu kurs aylık ücretinde yaptığı her 60 TL'lik artış sonrasında öğrenci sayısında 20 azalma olduğunu gözlemlemiştir. Bu sürücü kursunun öğrenci sayısı $x$ olmak üzere, elde edilen geliri ifade eden fonksiyonu $f(x)$ olarak modelleniyor. Buna göre, $f(x)$ fonksiyonu aşağıdakilerden hangisidir?",$x \cdot (1500 - 3x)$,$x \cdot (1200 - x)$,$x \cdot (500 - x)$,$3x \cdot (400 - x)$,$x \cdot (300 - (x-400))$,A
e1f3e474-b411-51bf-8fb3-0c8af85f1a14,KIMYA,"Bohr atom modeli ile ilgili, aşağıdakilerden hangisi yanlıştır?","Her yörünge K, L, M... gibi bir harf ya da 1, 2, 3... gibi bir n değeri ile gösterilir.",Atomdaki elektron çekirdeğe en yakın olan yörüngede ($n=1$) bulunur. Bu yörünge en düşük enerji düzeyi yani temel haldir.,"Temel hal, elektronun bulunabileceği en kararlı haldir.",Yüksek enerji düzeyinde bulunan bir elektron düşük enerji düzeyine inerse aradaki enerji farkına eşit miktarda ışık (foton) yayar.,Bu model sayesinde çok elektronlu taneciklerin çizgi spektrumları açıklanmıştır.,E
301b1fee-1ae1-5c46-b9c4-35370d98b258,MATEMATIK,"Aşağıdaki görselde kol uzunlukları $10$ ve $12$ birim olan bir pergelin farklı açıklıktaki görselleri verilmiştir. Pergelin kolları $\alpha$ açıldığında kollarının uç noktaları arası uzaklık $x$ birim, $\beta$ açıldığında $y$ birim olmaktadır. Buna göre, $\frac{x}{y}$ oranı kaçtır?",$\frac{\sqrt{13}}{5}$,$\frac{\sqrt{13}}{4}$,$\frac{\sqrt{13}}{3}$,$\frac{\sqrt{13}}{2}$,$\sqrt{13}$,B
bd9b7c4e-7458-5e76-bf5a-4a5df4c9f1f8,MATEMATIK,"$f(x)=|2x-4|+x^2-x-1$ olduğuna göre, $f'(1)+f'(3)$ toplamı kaçtır?",-2,-1,8,11,14,C
1ee3e342-57c9-5f8e-ba2f-869880f8790b,MATEMATIK,"$a$ ve $b$ pozitif tam sayılar olmak üzere, $3a = 5b$ olduğuna göre, $a+b$ toplamının en küçük değeri kaçtır?",7,8,9,10,11,B
f8a8d7a5-2ee6-5249-b0ae-68bb5ef9f386,MATEMATIK,"$P(x+2) = x^3 - 4x^2 + 7x - 10$ polinomu veriliyor. Buna göre, $P(x)$ polinomunun $(x-5)$ ile bölümünden kalan kaçtır?",17,22,32,37,41,E
98cc7ef0-6e98-5804-a515-96422206722e,KIMYA,$CH_2=CH-Br$ molekülü ile ilgili aşağıdaki açıklamalardan hangisi yanlıştır?,Bromo eten olarak adlandırılabilir.,Vinil bromür olarak adlandırılabilir.,Yapısında 6 tane sigma bağı bulundurur.,Doymamış bir organik bileşiktir.,1 tane pi bağı bulundurur.,C
df773ee0-829a-5be0-aeec-274d2908e781,KIMYA,Aşağıda verilen konjuge (eşlenik) asit baz çiftlerinden hangisi yanlıştır?,$H_2O$,$CH_3NH_3^+$,$H_3PO_4$,$NH_4^+$,$HCOOH$,B
26b7eb2a-2b83-5db2-863c-e317f0d6dc2d,MATEMATIK,"$P(x) = x^2 - 5x - 14$
olduğuna göre,
$(x-4) \cdot P(x) + 2x \cdot P(x-4)$
polinomunun katsayılar toplamı kaçtır?",18,33,51,74,82,C
36e51aa7-d88d-5fd0-a276-3d62ea0682bf,MATEMATIK,"Saatteki ortalama hızları sırasıyla $80$ km ve $40$ km olan bir otomobil ile bir kamyon A ve B şehirlerinden aynı anda birbirlerine doğru hareketle başlıyorlar. Hareketlerinden $2$ saat sonra otomobil yarım saat mola veriyor. Moladan sonra, otomobil tekrar harekete başlıyor ve $1$ saat sonra iki araç karşılaşıyor.
Buna göre, A ve B şehirleri arası kaç km dir?",340,360,380,400,420,B
43ecc5f9-4a58-5bdd-b948-ff5ed4ca1553,KIMYA,Aşağıdaki tepkimelerden hangisinde ürünleri entalpisi girenlerin entalpisinden daha büyüktür?,$Ag_{(s)} \to Cu_{(k)}$,$2Cl_{(g)} \to Cl_{2(g)}$,$H_{2(g)} + \frac{1}{2}O_{2(g)} \to H_2O_{(s)}$,$NaCl_{(s)} + \frac{1}{2}O_{2(g)}$,$HNO_{3(suda)} + KOH_{(suda)} \to KNO_{3(suda)} + H_2O_{(s)}$,D
0e5faf6a-96b6-55f1-a117-e51189b02c71,KIMYA,"Aşağıda XY ve $ZY_2$ bileşiklerinin oluşumunun Lewis gösterimi verilmiştir.
$X \cdot + \cdot Y: \rightarrow X^+[:\ddot{Y}:]^-$
$Z \cdot + \cdot \ddot{Y}: \rightarrow \ddot{Z}:Y:$
Buna göre, aşağıdaki değerlendirmelerden hangisinin doğru olması beklenmez?","X metal, Y ve Z ametaldir.","XY iyonik, $ZY_2$ kovalent bağlıdır.","X ve Z 1A grubu, Y 7A grubu elementidir.",Aynı koşullarda XY'nin erime noktası $ZY_2$'den düşüktür.,"XY elektron alışverişi ile, $ZY_2$ elektron ortaklaşması ile oluşur.",D
25430efa-9022-52d5-813a-8b87aac844dd,TURKCE,En güzel şiirler biçiminde söylenen sözlerdir ve gök kubbenin altında en uzun yaşayan sözler de ----. Bu cümle aşağıdakilerden hangisiyle tamamlanırsa anlam bütünlüğü sağlanır?,şairler zamana damgasını vuran şiirlerdir,özgün olan ve vecize niteliğindeki sözlerdir,şiir kalıbına giren sözlerdir,atasözü ve deyim özelliği kazanmış sözlerdir,duygu yoğunluğu olan sözlerdir,D
593f28e7-6550-5160-8a71-91116f669bfa,MATEMATIK,"Bir usta 4 günde 7 sandalye, bir çırak 5 günde 9 sandalye yapabilmektedir. Buna göre, ikisi birlikte 142 tane sandalyeyi kaç günde yapabilir?",40,35,30,25,20,E
6dfc1d6d-1c79-567f-9d1e-82b2efbfb606,MATEMATIK,"$a < b \le 2$ olmak üzere, $\int_{a}^{b} (x-2)^2 - (x+1)dx$ integrali en büyük değerini aldığında $a+b$ toplamı kaç olur?",-2,-1,0,1,2,D
b1e3bfb5-7295-5a1b-9669-52c74f2b5b09,KIMYA,"$Al_4C_3 + 12H_2O \rightarrow 4Al(OH)_3 + 3CH_4$ denklemine göre $0,5$ mol $Al_4C_3$ bileşiğini tamamen tepkimeye sokmak için kaç gram $H_2O$ gereklidir? ($H:1, O:16$)",9,36,90,108,216,D
958547c6-de93-5a37-8bf1-fd6b6898c5fe,MATEMATIK,"$P(x) = 3x^{n-4} + 5x^{6-n} + 4$ ifadesi bir polinom olduğuna göre, n'nin alabileceği en büyük ve en küçük değerler toplamı kaçtır?",10,11,9,8,12,A
da9e0138-ddfd-527d-8405-71c6870f4f3b,KIMYA,"Bazı özellikleri verilen 2 - hidroksi bütandioik asit bileşiği aşağıdakilerin hangisinde doğru gösterilmiştir?
• Gıda endüstrisinde kullanılır.
• Elmanın yapısında bulunur.
• Özel adı Malik asittir.","$CH_3-COOH$
$HO-CH-COOH$","$CH_3-CH_2-CH-COOH$
$OH-OH$","$HO-CH-COOH$
$HO-CH-COOH$","$COOH$
$(CH_2)_2$
$CHOH$
$COOH$","$CH_3-COOH$
$CH-OH$
$CH_2$
$CH_2-COOH$",C
e35092de-3d72-5c9e-abb0-e911d2d39e59,MATEMATIK,"Dik koordinat düzleminde $[-3, 4]$ kapalı aralığında tanımlı $y = (f+g)(x)$ ve $y = (f-g)(x)$ fonksiyonlarının grafiği verilmiştir. Buna göre, $f(-3) - g(4)$ işleminin sonucu kaçtır?",-1,0,1,2,3,A
ecb78eb8-60ef-562b-9d49-5d91e01d1ba0,MATEMATIK,"$P(x) = x^2-6x-2$ polinomu veriliyor. Buna göre, $P(x+3)$ polinomunun $x+1$ ile bölümünden kalan kaçtır?",12,14,16,18,20,D
4fd10851-434e-58e7-bfef-3963274de4cf,MATEMATIK,"Kütleleri yukarıda verilmiş cisimler bir teraziye yerleştirildiğinde terazinin kefelerinin konumu aşağıdaki gibi olmuştur. Terazinin kefeleri şekildeki konumdayken sol kefesine kütleleri $5$ gr olan cisimlerden belirli sayıda konulduğunda sol kefedeki toplam kütle sağ kefedeki toplam kütleden fazla olmaktadır. Buna göre, terazinin sol kefesine kütleleri $5$ gr olan cisimlerden en az kaç tane konulmalıdır?",1,2,3,4,5,B
947530b0-d13f-54ea-a6bf-6b6b16be353c,GEOMETRI,"Dik koordinat düzleminde, $y=x+2$ doğrusu üzerinde bulunan A ve B noktaları arasındaki uzaklık 3 birimdir. [AB] doğru parçasının orta noktasının koordinatları $(-1, 1)$ olduğuna göre, A ve B noktaları analitik düzlemin hangi bölgelerindedir?",Her ikisi de II. bölgede,Her ikisi de III. bölgede,"Biri I. bölgede, diğeri II. bölgede","Biri I. bölgede, diğeri III. bölgede","Biri II. bölgede, diğeri III. bölgede",E
f18bed33-9ff1-5e95-8b4a-3496156a8c52,KIMYA,"$X^{2-}$ iyonu ile ilgili bazı bilgiler aşağıda verilmiştir.
• Soy gaz elektron dizilimine sahiptir.
• Elektron dizilimindeki en büyük baş kuantum sayısı $(n)$ 3'tür.
Buna göre X atomuyla ilgili aşağıdaki ifadelerden hangisi doğrudur?",Açısal momentum kuantum sayısı $(l)$ 0 olan orbitallerde toplam 10 elektron vardır.,Değerlik elektronlarının baş kuantum sayısı $(n)$ 3'tür.,Manyetik kuantum sayısı $(m_l)$ 0 olan 12 elektron vardır.,Açısal momentum kuantum sayısı $(l)$ 1 olan toplam 10 elektron vardır.,Spin kuantum sayısı $(m_s)$ $\frac{1}{2}$ olan toplam 12 elektron vardır.,C
e93ea6b7-426f-52bb-8e6e-60ddfe10cc20,FIZIK,"Derinliği değişmeyen bir dalga leğeninde kaynak tarafından üretilen doğrusal su dalgaları, $w$ genişlikli yarıktan geçmektedir. Engelden geçen dalgaların görünümleri çizilmiştir. Buna göre, dalgalar engelleri geçtiğinde verilen görünümlerden hangisi gibi olabilir?",Yalnız I,Yalnız II,Yalnız III,I ve II,"I, II ve III",E
f39e5237-25dc-545d-8537-3ec7abfd6ab8,MATEMATIK,"log2 = 0,301 ve log3 = 0,477 yaklaşık değerlerini bilen bir öğrenci bu bilgilerle aşağıdaki tabloyu dolduracaktır. Buna göre, bu öğrenci A, B, C, D ve E değerlerinin kaç tanesini doğru tahmin edebilir?",1,2,3,4,5,C
0d9a01dc-f2c3-55b1-996b-e7389125a804,MATEMATIK,"Ardışık altı tek sayının çarpımı negatiftir. Buna göre, bu sayılardan en büyüğünün alabileceği değerler toplamı kaçtır?",15,14,13,12,10,A
e2a6ad76-0fac-538a-98c1-2ad4e7acdcb2,MATEMATIK,$\frac{d}{dx} \int (x^3 + x^2)dx$ ifadesinin eşiti aşağıdakilerden hangisidir?,$3x^2 + 2x$,$(x^3 + x^2)dx$,$(x^3 + x^2)$,$(3x^2 + 2x)dx$,$\frac{x^4}{4} + \frac{x^3}{3} + c$,C
116c7545-a72f-5958-8bd3-fa63ac825972,BIYOLOJI,"Çevre direnciyle ilgili I. Popülasyonu olumsuz etkileyen çevresel etkilerdir. II. Artışı, popülasyon büyüklüğünde artışa neden olur. III. Popülasyon büyüklüğündeki artış, azalmasına neden olur. ifadelerinden hangileri doğrudur?",Yalnız II,I ve III,Yalnız I,I ve II,II ve III,B
c9cc58ac-d7c3-5337-8025-e7bb7c9d864f,MATEMATIK,"$A = \{1, 2, 3\}$ ve $B = \{1, 2, 3, 4, 5, 6, 7\}$ olmak üzere, $f: A \to B$ ve $f(x) = 2x+1$ dir.

Buna göre,

I. $f$ fonksiyonunun tanım kümesi $A = \{1, 2, 3\}$ tür.
II. $f$ fonksiyonunun değer kümesi $B = \{1, 2, 3, 4, 5, 6, 7\}$ dir.
III. $f$ fonksiyonunun görüntü kümesi $f(A) = \{3, 5, 7\}$ dir.

ifadelerinden hangileri doğrudur?",Yalnız I,Yalnız II,Yalnız III,I ve II,I ve III,E
fa7d3bdd-8ed6-587e-bf26-359a95e864b9,MATEMATIK,"$\frac{\tan 15^\circ - \cot 15^\circ}{2}$
ifadesinin değeri kaçtır?",1,$\sqrt{3}$,2,$2\sqrt{3}$,4,A
c1375e44-175a-5c97-b54f-df358b1ed36d,KIMYA,"$N_2(g) + 3H_2(g) \rightarrow 2NH_3(g)$ denklemine göre, eşit mollerde $N_2$ ve $H_2$ gazları alınarak tam verimle tepkimeye sokuluyor. Tepkime sonunda $10$ mol $NH_3$ gazı oluştuğuna göre, hangi gazdan kaç mol artmıştır?",$5$ mol $N_2$,$5$ mol $H_2$,$10$ mol $N_2$,$10$ mol $H_2$,$15$ mol $N_2$,C
97e10e5e-665d-582d-8aa2-16efe6d8a18a,MATEMATIK,"$\frac{\ln 2}{\ln 3} = m$ olduğuna göre, $\log_6 12$ ifadesinin $m$ türünden eşiti aşağıdakilerden hangisidir?",$\frac{2m-1}{m}$,$\frac{m-1}{m}$,$\frac{3m}{m+1}$,$\frac{2m+1}{m+1}$,$\frac{3m+1}{m-1}$,D
6fff864a-22e7-5b39-a975-9d5f1c1e8d29,BIYOLOJI,"Hipotalamus hipofiz bezini uyarır. Hipofiz bezi de ürettiği uyarıcı bezler, salgılarını kontrol eder. Hipofizin uyardığı bezler, salgılarıyla hipofize geri bildirim sağlayabilir.
Buna göre
I. Hipotalamus, hipofiz bezini adrenalin salgılaması için uyarır.
II. Hipofiz bezi ACTH üreterek böbrek üstü bezinin kabuk bölümünü uyarır.
III. Tiroit bezinin salgısındaki artış hipofiz bezi üzerinde negatif geri bildirim etkisi meydana getirebilir.
ifadelerinden hangileri doğrudur?",Yalnız I,Yalnız II,Yalnız III,II ve III,"I, II ve III",D
c64ae1b4-1886-5611-8c5b-fcc79d0e8055,KIMYA,"500 mL HCl çözeltisi yeterli miktardaki NaOH çözeltisi ile tamamen nötralleştiğinde 1360 kalori ısı açığa çıkmaktadır.
Bu reaksiyona ait molar nötrleşme ısısı $-13,6 \text{ kkal}$ olduğuna göre, HCl çözeltisinin başlangıçtaki derişimi kaç molardır?","0,5","0,4","0,3","0,2","0,1",D
ab891937-ee19-5d9f-8603-ff7001af46cb,MATEMATIK,"Aslı, saklama kapasitesi tamamen dolu olan telefonuna $4$ GB büyüklüğünde bir uygulama indirmek istemektedir. Aslı'nın telefonunda;
* her biri $1$ GB büyüklüğünde olan $5$ tane,
* her biri $2$ GB büyüklüğünde olan $4$ tane,
* her biri $3$ GB büyüklüğünde olan $3$ tane
olmak üzere, toplam $12$ farklı uygulama bulunmaktadır.
Aslı, bu $12$ uygulamadan yalnızca $2$ tanesini silerek telefonunda en az $4$ GB büyüklüğünde yer açacaktır. Buna göre Aslı, sileceği $2$ uygulamayı kaç farklı şekilde seçebilir?",36,40,42,48,50,D
d51ebbbb-6653-5412-ab41-98a24faea3f3,MATEMATIK,"$(2x+3y)^{1/2} - (x-y)^{1/2} = 0$ olduğuna göre, $\frac{x}{y}$'nin alabileceği değerler çarpımı kaçtır?",$\frac{16}{3}$,$5$,$4$,$\frac{8}{3}$,$2$,A
1dd85e5b-6278-5189-bf91-16d1a44f3044,TARIH,"Osmanlı Devleti'nde şeyhülislamın kontrolündeki eğitim iş-
leri, 1846 yılında Meclis-i Maarif-i Umûmiyenin kurulmasıyla
birlikte hükûmetin denetimine girmiştir. 1847 tarihli Tapu
Nizamnamesiyle kadın ve erkeğe mirasta eşit hak tanın-
mıştır. 1864'te uygulamaya konulan Vilayet Nizamnamesi
ile taşra teşkilatı düzenlenmiş ve aynı yıl Matbuat Nizam-
namesi yayınlanmıştır.
Bu bilgilere göre Osmanlı Devleti'nde;
I. laik eğitim,
II. insan hakları,
III. basın-yayın
alanlarının hangilerinde gelişmeler yaşandığı söylene-
bilir?",Yalnız I,Yalnız II,Yalnız III,I ve II,"I, II ve III",E
ac3d79fe-c9eb-56f1-91a6-b1f366b24e92,MATEMATIK,"$x^2 < x$ olduğuna göre, $\frac{5x-1}{2}$ ifadesinin alabileceği kaç farklı tam sayı değeri vardır?",1,2,3,4,5,B
f8d6b6e7-5783-5164-916e-a83ec846293d,MATEMATIK,"45, 63 ve 36 litrelik üç farklı cins süt birbirine karıştırılmadan eşit hacimli şişelere doldurulacaktır. Bu iş için en az kaç şişe gerekir?",16,15,14,13,12,C
f91e9595-8697-5083-a5f1-07bd04ad223a,KIMYA,"I. Açısal momentum kuantum sayısı orbitalin çekirdeğe olan uzaklığını ifade eder. II. Manyetik kuantum sayısı orbitalin şeklini belirler. III. Baş kuantum sayısı, orbitalin uzaydaki yönlenmelerini belirler. yargılarından hangileri yanlıştır?",Yalnız I,I ve II,I ve III,II ve III,"I, II ve III",C
4f7bfded-16ab-5b95-bb4a-5fe30789abe9,MATEMATIK,"Üç kişinin yaşları ile ilgili olarak aşağıdakiler bilinmektedir.
• Üçünün yaşları birbirinden farklı asal sayılardır.
• Belirli iki kişinin yaşları farkının $13$ katı, üçüncünün yaşına eşittir.
Buna göre, bu üç kişinin yaşlarının toplamı kaçtır?",18,19,20,21,22,B
5a2695d8-b698-5950-99f8-b42282670b8f,MATEMATIK,"Aşağıdakilerden hangisi $[-1, 1]$ aralığında tanımlanırsa sabit fonksiyon olur?",$f(x) = \frac{x-2}{x+2}$,$f(x) = |x|$,$f(x) = x^2-1$,$f(x) = |x-2|+|x|$,$f(x) = -x$,D
4e2beb2d-6f2a-5223-8069-225a356d52c9,MATEMATIK,"a bir gerçek sayı olmak üzere, gerçek sayılar kümesi üzerinde tanımlı ve daima azalan $f$ fonksiyonu için,
$f(a^2+a)<f(2a^2-3a-5)$
eşitsizliğini sağlayan $a$'nın en geniş değer aralığı aşağıdakilerden hangisidir?","$(0,3)$","$(-1,5)$","$(0,6)$","$(1,7)$","$(-4,7)$",B
174e727d-d4f2-559d-901b-d4964366ae5b,FIZIK,"X ve Y cisimleri birbirlerine karışmayan K ve L sıvılarında şekildeki gibi dengede iken iptel gerilme kuvvetinin büyüklüğü sıfırdan farklıdır. X ve Y cisimlerine etkiyen kaldırma kuvvetlerinin büyüklükleri sırasıyla $F_X$ ve $F_Y$'dir. Buna göre, ağırlıksız ve hacmi önemsiz ip kesilip denge yeniden sağlandıktan sonra $F_X$ ve $F_Y$ niceliklerinin değişimleri için aşağıdakilerden hangisi doğru olur?","Artar, Azalır","Artar, Değişmez","Azalır, Artar","Azalır, Azalır","Azalır, Değişmez",E
6f2caf06-7176-5cf5-a233-dd3dfd5782a9,TARIH,Hazarlarda hakan ailesinin Aşina soyundan geldiği kabul edilirdi. Bu ailelere mensup kişiler çoğu zaman bağlı oldukları uruşların ve boyların da başkanlarıydı. Bu durum aşağıdakilerden hangisini göstergesidir?,Soy dayanışmasının,Dinsel birlikteliğin,Merkeziyetçi anlayışın,Demokratik yönetimin,Ordu-millet anlayışının,A
fe0c5aae-4afa-56fe-99e4-c49220e29bdf,FIZIK,"Aynı ortamda bulunan üç öğrenciden Nuray, Erhan ve Ecem'in vücut sıcaklıkları sırasıyla $36,5 \text{ °C}$, $37 \text{ °C}$ ve $37,2 \text{ °C}$'dir.
Buna göre, öğrencilerin vücutlarından yayılan elektromanyetik dalgalar için,
I. Nuray'dan yayılan elektromanyetik dalgaların maksimum ışıma yapanının dalga boyu, Erhan'ınkine göre daha büyüktür.
II. Erhan'dan yayılan elektromanyetik dalgaların maksimum ışıma yapanının frekansı, Ecem'inkine göre daha büyüktür.
III. Ecem'den yayılan elektromanyetik dalgaların maksimum ışıma yapanının enerjisi, Nuray'ınkine göre daha büyüktür.
yargılarından hangileri doğrudur?",Yalnız I,I ve II,I ve III,II ve III,"I, II ve III",C
0910f5db-1ec3-5e96-bc74-c1ed75937b3a,MATEMATIK,"$f(x) = x^3 - 3x^2$ fonksiyonu için I. $(-\infty, 0)$ aralığında artandır. II. 2 tane ekstremumu vardır. III. 3 tane $x$ gerçek sayısı için türevi yoktur. ifadelerinden hangileri kesinlikle doğrudur?",Yalnız II,I ve II,Yalnız III,II ve III,"I, II ve III",A
7e8817c4-1791-5f5b-895b-2d0426026b53,MATEMATIK,$|x-2|\cdot(-x+2)<0$ eşitsizliğini sağlayan en büyük tam sayı kaçtır?,3,2,1,-3,-2,A
94c99cc3-ade3-5bbd-9d8e-7f295ddfeed8,MATEMATIK,log$_{3}4$ + log$_{3}27$ işleminin sonucu kaçtır?,6,5,4,7,10,B
f607ab7e-9008-5c54-a7ea-44aaae06f5fe,MATEMATIK,$\sin^2(\arctan(\frac{1}{3}))$ ifadesinin değeri kaçtır?,$\frac{1}{3}$,$\frac{1}{9}$,$\frac{1}{10}$,$\frac{4}{9}$,$\frac{9}{16}$,C
b008456e-a32a-509c-9a35-7542daed70c9,MATEMATIK,"Aşağıdaki abaküsün eşit uzunluktaki çubuklarına kendi aralarında özdeş olan sarı, mavi ve yeşil boncuklar, çubukların sol tarafında ve boncukların arasında boşluk kalmayacak biçimde dizildiğinde çubukların sağ tarafında sırasıyla 1 birim, 2 birim ve a birim uzunluğunda boşluklar kalmıştır.
Sarı, mavi ve yeşil renkli boncukların her birinin uzunluğu 3'ten büyük bir $x$ tam sayısı için sırasıyla $x-2$ birim, $x-3$ birim ve $x^2-5x+6$ birim olduğuna göre a uzunluğu aşağıdakilerden hangisi ile ifade edilebilir?",$x-1$,$x-3$,$2x-1$,$2x-3$,$3x-2$,C
21e93b0c-89f6-565e-a2e7-f8f4ec396239,FIZIK,"İstasyona yaklaşan tren yavaşlarken raylardan ses ve kıvılcım çıktığı gözlenmektedir. Buna göre trenin kinetik enerjisi, I. Isı enerjisi II. Işık enerjisi III. Ses enerjisi türlerinden hangilerine dönüşmüş olabilir?",Yalnız I,Yalnız II,I ve II,I ve III,"I, II ve III",E
f0d7221e-995e-5e65-b88b-f8fb58d92021,KIMYA,"Sabit hacimli kapalı bir kaptaki madde derişimlerinin zamanla değişimi tabloda verilmiştir. Buna göre, aşağıdakilerden hangisi yanlıştır?",Başlangıçta kapta sadece X vardır.,45 saniye sonra tepkime dengeye ulaşmıştır.,"Y'nin denge derişimi $0,6 \text{ M}$'dir.",Zamanla ileri yöndeki tepkimenin hızı azalmıştır.,Aynı sıcaklıkta $K_c = \frac{6}{5}$'dir.,E
c0e5871a-199d-586a-b0db-ed1309f53eda,MATEMATIK,$(\frac{2}{3})^{x-2} < (\frac{1}{4})^{9-2x}$ eşitsizliğini sağlayan en küçük x tam sayısı kaçtır?,0,1,2,3,4,B
ec33435f-f938-5bac-b639-6b036c555568,KIMYA,"I. Fe
II. $CH_4$
III. $CH_3COOH$
Yukarıdaki maddelerin aynı basınçta kaynama noktalarının karşılaştırılması aşağıdakilerden hangisinde doğru olarak verilmiştir? ($_{1}H, _{6}C, _{8}O, _{26}Fe$)",I > II > III,I > III > II,II > III > I,II > I > III,III > I > II,B
43c1a368-5255-5f17-babb-49e2f79d0fff,MATEMATIK,"$(a_n)$ gerçel sayı dizisinin genel terimi, $(a_n) = (n'den büyük veya eşit en küçük asal sayı)$ olarak veriliyor. Buna göre, dizinin ilk 10 teriminin toplamı kaçtır?",62,64,66,68,70,B
dbcdf37f-2550-520a-9ef4-68310d0e19de,MATEMATIK,"Integralinin değeri aşağıdakilerden hangisine eşittir? ($c$ keyfi bir sabittir.)
$$\int \frac{(3\sqrt{x}+2)^2}{\sqrt{x}} dx$$",$$\frac{1}{18}(3\sqrt{x}+2)^3+c$$,$$\frac{2}{9}(3\sqrt{x}+2)^3+c$$,$$\frac{1}{9}(3\sqrt{x}+2)^3+c$$,$$\frac{1}{3}(3\sqrt{x}+2)^3+c$$,$$\frac{2}{3}(3\sqrt{x}+2)^3+c$$,B
ecb14f46-9d21-5d0c-ab87-944204cc6bf4,FIZIK,"Günlük hayatta kullanılan taşıt türlerinden,
I. Uçak
II. Denizaltı
III. Gezi balonu
ile verilenlerden hangilerinin çalışması, Archimedes ve Bernoulli yasalarının birlikte uygulanmasıyla gerçekleşir?",Yalnız I,Yalnız II,Yalnız III,I ve II,I ve III,A
06238edb-4cef-5c78-8fed-3bf14654c5a6,MATEMATIK,"$x + 2y - 3z = 0$ olduğuna göre, $\frac{dy}{dx} + \frac{dz}{dx}$ ifadesinin değeri kaçtır?",2,$\frac{3}{2}$,$\frac{4}{3}$,$\frac{6}{5}$,$\frac{7}{6}$,B
478af0be-cc2f-5f47-8dfd-5a43b6541fa8,MATEMATIK,"Aşağıda beş kardeşin kendi aralarında geçen bir konuşma verilmiştir.
Emre:
— Yaşlarımızın ortalaması benim yaşıma eşittir.
Yunus:
— Ben gruptaki en büyük kişiyim.
Zehra:
— Gruptakilerin yaşları ardışık çift sayılardan oluşuyor.
Serkan:
— Ben gruptaki en küçük kişiyim.
Ebru:
— Ablam Zehra 20 yaşındadır.
Buna göre, Serkan ile Emre'nin yaşları toplamı kaçtır?",26,28,30,32,34,C
8c8849f2-12b6-58e5-909c-3623ba59f507,TARIH,"Osmanlı Devleti'nin I. Dünya Savaşı'nda 'savunma, saldırı ve sınırdışı' cepheleri olmuştur.
Osmanlı Devleti'nin 'Saldırı (taarruz) Cepheleri' aşağıdakilerden hangisinde doğru verilmiştir?",Kanal - Kafkas,Hicaz - Yemen,Çanakkale - Kafkas,Kanal - Galiçya,Irak - Filistin,A
616e72fc-c7e0-5024-a18f-24624afd0c52,KIMYA,"$2SO_2(g) + O_2(g) \to 2SO_3(g)$ tepkimesine göre N.Ş.A. 5,6 litre $O_2$ gazının yeterince $SO_2$ ile tepkimesinden en fazla kaç gram $SO_3$ gazı elde edilir? (S: 32 O: 80)",10,20,40,80,160,D
65202616-f1d4-5313-a479-3183ac3d779a,MATEMATIK,"$x = \log_3 \frac{1}{9}$ ve $2 = \log_3 (y-1)$ olduğuna göre, $x+y$ toplamı kaçtır?",6,8,10,12,14,D
bf746daf-7c7e-5695-8ced-b9a7fc0ea977,EDEBIYAT,Aşağıdakilerin hangisinde Tanzimat Edebiyatı I. Dönem şiiri ile ilgili bir bilgi yanlışlığı yapılmıştır?,Düşünceden ziyade lirizm göze çarpar.,Toplum için sanat anlayışı görülür.,"Biçim eski, içerik yenidir.",Şiirde beyit nazım birimi kullanılmıştır.,Tam ve zengin uyak tercih edilmiştir.,A
9c469550-e4ad-52aa-b7e2-53506edc4ab4,KIMYA,Aşağıda verilen bileşiklerden hangisinin basit formülü CH şeklindedir?,Siklopropen,1-propin,"1,5-heksadien",1-büten-3-in,n-propil asetilen,D
4e8f3d66-b5b0-5f6c-8e0d-e39d97f353f1,KIMYA,Atom veya iyonlara ait aşağıdaki katman elektron dizilimlerinden hangisi yanlıştır?,$_{3}B = \Big)2\Big)1$,$_{8}O^{2-} = \Big)2\Big)8$,$_{15}P^{3-} = \Big)2\Big)8\Big)8$,$_{17}Cl = \Big)2\Big)8\Big)7$,$_{20}Ca = \Big)2\Big)8\Big)8\Big)2$,B
5e4fecc7-64dc-5a09-b9cd-edc063949cb8,TURKCE,"İhsan Geçer; dostları arasında şiire tutku derecesinde bağlılığı, güler yüzü, nezaketi, yumuşak başlılığı, alçakgönüllülüğü, boyun eğiciliği, iddiasız ve ihtirassız oluşuyla tanınır ve anılır. Çınarlı'nın tanıklığıyla sağlığına düşkünlüğü, ikinci eşi Sabriye Hanım'a aşırı bağlılığı ve tabiatında azıcık tombulluk ve üşengeçlik Geçer'in ayırıcı vasıflarındandır.
Bu parçada numaralanmış bölümlerin hangisinde yazım yanlışı yapılmıştır?",I,II,III,IV,V,C
c6d718af-b743-5bcd-83d6-6d87dee303a6,GEOMETRI,"ABCD dörtgen, $[AD] \parallel [BC]$, $|AD|=3$ cm, $|BD|=6$ cm, $|AB|=4$ cm ve $|BC|=12$ cm dir. Yukarıdaki verilere göre, $|DC|=x$ kaç cm dir?",8,9,10,12,16,C
a60f411d-3d86-5d85-ad73-781658579eee,MATEMATIK,"Pozitif terimli $(a_n)$ geometrik dizisinde $(a_1)^5=32$ olduğuna göre, $\frac{a_1+a_2}{a_1^2-a_2^2}$ ifadesinin değeri kaçtır?",$\frac{1}{15}$,$\frac{3}{25}$,$\frac{5}{36}$,1,$\frac{3}{2}$,A
a48cdf90-b4bc-5f30-9f1f-b6ac6c68446a,MATEMATIK,$\frac{4^{2x-10}}{8^{x-8}}$ ifadesinin üslü biçimde gösterimi aşağıdakilerden hangisidir?,$2^2$,$2^3$,$2^4$,$2^5$,$2^6$,A
54d6ab1d-f873-58cf-92df-6f6b51bf7e45,MATEMATIK,$f(x) = \int (2^x + x^2 - 3) dx$ fonksiyonunun grafiğine $x=1$ noktasında teğet olan doğrunun eğimi kaçtır?,0,1,2,3,4,C
194aea08-5801-5f7f-bc5c-069b64b2ba2a,MATEMATIK,"Bir çiftçinin tarlasına ektiği buğday için yaptığı masraflar:
* Kilosu 1 liradan 1 ton buğday tohumu
* Kilosu 2 liradan 2 ton gübre
* Litresi 4 liradan 750 litre mazot şeklindedir.
Bu mahsulden 5 ton buğday alan bir çiftçi, buğdayın kilosunu 1,5 liradan satmıştır.
Buna göre, çiftçinin kârı yüzde kaçtır?",5,10,15,20,25,D
93e40f89-305f-56b7-a85a-88248d440483,MATEMATIK,İşleminin sonucu kaçtır? $\frac{2-\frac{5}{3}}{1+\frac{2}{5}}$,$\frac{51}{21}$,$\frac{53}{21}$,$\frac{56}{21}$,$\frac{55}{21}$,$\frac{57}{21}$,D
6738336f-25b2-535b-b7a1-71aa92590f67,TURKCE,"İstanbul alındıktan sonra her yıl lale mevsimi geldiğinde, vaktiyle Fatih'in karadan gemilerini yürüttüğü Haliç yamaçlarında lalelerden rengârenk fener alayları düzenlemeleri de sonradan Sadabad (kutlulukla mamur olan yer) adını verdikleri sahillerde eğlenceler yaparak fethin sevincini lalenin albenisine katmaları da biraz bundandı. Çünkü bu sayede İstanbul'u her yıl bir kez daha sevip tarihsel birikimini bir kez daha sahiplenmiş oluyordu. Dahası, gelecekleri coğrafyanın çiçeklerini de kabulleniyor, seviyor; onların da güzelliğine değer verip lale ile aynı tınılar içinde yetiştiriyorlardı. Bu parçada aşağıdakilerden hangisi yoktur?",Yönelme durumu eki,Bulunma durumu eki,Sahiplik bildiren ek,Eşitlik eki,Vasıta hâli eki,D
120f494b-44a3-57d0-a001-567aa05f87f0,MATEMATIK,"Bir kuşbaz, aynı cins güvercinleri aynı fiyattan satmaktadır. Bu kuşbaz 2 atlas, 7 makaracı cinsi güvercin için 7600 TL, 5 atlas 6 makaracı güvercin için 7850 TL satış fiyatı belirlemiştir. Buna göre, kuşbaz atlas cinsi güvercinlerden birinin satış fiyatını kaç TL olarak belirlemiştir?",600,650,700,800,850,E
ec8719b3-cdf4-5664-92cc-20f1abb8027f,MATEMATIK,$\lim_{x \to 0} \left( \frac{1}{12} + \frac{1}{20} + \frac{1}{30} + \dots + \frac{1}{x^2+x} \right)$ limitinin değeri kaçtır?,$\frac{1}{3}$,$\frac{1}{6}$,$\frac{1}{9}$,$\frac{1}{12}$,$\frac{1}{20}$,A
18b122ce-354c-54c3-a8cd-0632ec1f83a3,KIMYA,$_{23}V$ elementinin elektron dağılımında en son terimin baş kuantum sayısı ve açısal momentum kuantum sayısı sırasıyla hangisinde doğru verilmiştir?,"$1,2$","$2,3$","$3,2$","$3,3$","$4,2$",C
e4d241f0-7c82-500d-aa7d-34c04d1c611c,EDEBIYAT,"Cahit Sıtkı'ya göre sanat eseridir, her şeyden önce bir tanıtım'dır. O, bu 'tanıtım'ı bir estetikçi veya felsefeci gibi ontolojik olarak değil, eğlendiği ve üzerinde çalışmaktan zevk duyduğu bir nesne olarak ele almış ve kendisine göre başarılı bulduğu güzel şiirlerin özelliklerini anlatmıştır. Bu özellikler, aynı zamanda şairin şiir anlayışını ortaya koymaktadır. Ayrıca Cahit Sıtkı'ya göre samimiyet, estetik bir değerdir, şiirde anılanları duygu, düşünce, inanç ve daha başka duyguların samimi olması bir şaire, sanat eseri kıymet kazandıran unsurlardan biridir.
Bu parçadan hareketle Cahit Sıtkı ile ilgili aşağıdakilerden hangisine ulaşılamaz?",Şiir içerisinde somut anlatımcı yönünün güçlü olduğuna,Şiirde içtenliği önceliyen bir anlayışa sahip olduğuna,Şiire kıymet kazandıran şeyin içten olması gerektiğine inandığına,Şiirle uğraşmaktan ve şiir yazmaktan zevk aldığına,Şiiri her şeyin önünde tutan bir kişilik olarak karşımıza çıktığına,A
0545bea9-0318-53c4-9e1f-1e9432b1de1b,KIMYA,"Baş kuantum sayısı 4, açısal kuantum sayısı 3 olan aşağıdakilerden hangisidir?",$4p$,$3d$,$4d$,$4f$,$5s$,D
9d027194-3dac-54a7-ab4d-b2b46cc90db3,MATEMATIK,"$a$ ve $b$ birer gerçek sayı olmak üzere, gerçek sayılar kümesi üzerinde $f$ ve $g$ fonksiyonları
$f(x) = ax+2$
$g(x) = 3x-b$
biçiminde tanımlanıyor.
$(fog)(x) = 6x+4$
olduğuna göre, $(gof)(-3)$ kaçtır?",-11,-9,-7,-5,-3,A
940397df-b8ac-5196-96ac-61e9e7d9c70e,MATEMATIK,"$y=f(x)$ ve $y=g(x)$ fonksiyonlarının grafikleri $y=x$ doğrusuna göre simetriktir. Buna göre, I. $(gof)(a)=a$ dır. II. $(fog)(b)=b$ dir. III. $f(x)-g^{-1}(x)=2f(x)$ dir. ifadelerinden hangileri doğrudur?",Yalnız I,Yalnız II,Yalnız III,I ve II,"I, II ve III",D
fb2ce983-9b1a-541a-a788-91b9021f63fd,MATEMATIK,"ABC bir dik üçgen ve DEFK bir karedir. $|AC|=8$ birim ve karenin bir kenarı 2 birimdir. $m(\widehat{ACB})=\alpha$ olduğuna göre, $\tan\alpha + \cot\alpha$ toplamının değeri kaçtır?",$\frac{7}{2}$,$\frac{5}{2}$,$\frac{4}{3}$,0,1,B
d61c5611-f8a6-5198-a67e-73b948dbe58d,MATEMATIK,$3(x-2)-(1-x) \le 4 \cdot \left(\frac{x+1}{2}\right)-3$ eşitsizliğini sağlayan kaç tane $x$ doğal sayısı vardır?,1,2,3,4,5,D
ef696850-3c86-543e-ae82-8d456c99f55b,GEOMETRI,"$A = \{(x, y) \in \mathbb{Z}^2 : x, y < 0\}$
$B = \{(x, y) \in \mathbb{Z}^2 : (a-3)x + (a+1)y + (b-2) = 0, a, b \in \mathbb{Z}\}$
kümeleri veriliyor.
$A \cap B = \emptyset$
olimits
olimitsolduğuna göre, $a+b$ toplamının en büyük tam sayı değeri kaçtır?",0,1,2,4,5,C
9f7fb132-8ca6-537a-935b-dd8870efa6e9,FIZIK,"Enerji ve güç ile ilgili aşağıdaki tabloda verilen bazı bilgiler doğru veya yanlış olma durumuna göre ""$\/$"" işareti ile belirtilmiştir. Buna göre, hangilerinde ""$\/$"" işareti uygun yerde kullanılmıştır?",Yalnız I,Yalnız II,Yalnız III,I ve III,I ve II,D
2df31b67-4202-5742-bc0c-b43448f511d8,MATEMATIK,"$x^2 - 2x - 4 = 0$ denkleminin kökleri $x_1$ ve $x_2$'dir. Buna göre, $x_1^2 + x_2^2$ toplamı kaçtır?",2,4,6,8,12,E
33ccad1b-373b-5040-84a6-71ade7e5d759,MATEMATIK,"$x$ ve $y$ gerçek sayıları için, $\frac{|x|-x}{|y|-y}$ ifadesinin pozitif bir gerçek sayı olduğu bilinmektedir.
Buna göre,
I. $x.y>0$
II. $x-y<0$
III. $x+y>0$
ifadelerinden hangileri her zaman doğrudur?",Yalnız I,Yalnız II,I ve II,II ve III,"I, II ve III",B
79f0298e-b628-59b5-8c8c-e6d5c931453d,MATEMATIK,"Bir kova boyanın %70'i ile $490 \text{ m}^2$ lik duvar boyanıyor. Buna göre, kovada kalan boya ile kaç $m^2$ lik duvar boyanır?",140,160,190,210,240,D
a634e914-44d3-5fda-8969-b813f99d192b,TURKCE,"I. Ana bölümde; iletmek istediğiniz mesajı, duygularınızı veya bilgilendirmek istediğiniz konuları detaylı bir şekilde anlatın.
II. Son olarak mektubu uygun bir selamla kapatarak imzanızı ekleyin, böylece kişisel bir dokunuşla mektubunuzu tamamlamış olursunuz.
III. Mektubun son kısmında, yazdıklarınızı özetleyin, alıcıya iyi dileklerinizi iletip gelecek iletişim için açık kapı bırakın.
IV. İlk olarak mektubun giriş kısmında alıcıya hitap edin ve mektubun niçin yazıldığını kısaca belirtin.
V. Mektup yazmaya başlamadan önce mektubun kimin için yazıldığını ve hangi amaca hizmet edeceğini belirlemek önemlidir.
Yukarıdaki numaralanmış cümlelerle anlamlı bir bütün oluşturulduğunda baştan üçüncü olur?",I,II,III,IV,V,A
ee3ee877-eff0-50c9-be6e-75dd6c8a8a81,MATEMATIK,"Bir manav 60 kilo elmayı %20 kâr ile satmayı düşünüyor. Ancak elmaların bir kısmı çürük çıkıyor. Manav çürük elmaları %10 zarar ile sağlam elmaları %30 kâr ile satarak düşündüğü kârı elde ediyor. Buna göre, kaç kilo çürük elma vardır?",15,18,20,23,25,A
c319651f-6903-5b0e-a05a-37c4fbf9d6d1,MATEMATIK,"log
2
80 - log
2
5 ifadesinin eşit aşağıdakilerden hangisidir?",1,2,4,"log
2
75",8,C
a5a1027e-9a8a-5709-bb37-9dd1f8910542,TURKCE,"(I) Gaziantep'in tarihini anlayabilmek için gezilecek pek çok turistik ve kültürel mekân vardır. (II) Zeugma Mozaik Müzesi, şehri tanıyabilmek için mutlaka ziyaret edilmesi gereken durakların başında gelir. (III) 2011 yılında açılan yapı; mimari, teknolojik ve kültürel açıdan sadece şehrin değil dünyanın önde gelen müzelerindendir. (IV) Zeugma şehrinden kalan eserlerin sergilendiği müzedeki buluntularla iki bin yıllık geçmişe tanıklık edilebilir. (V) MÖ 300'de Büyük İskender'in ""Selevkia Euphrates"" adıyla kurduğu yerleşim yeri, Kommagene Krallığı'nın dört büyük şehrinden biridir. (VI) Yaklaşık iki yüz elli yıl sonra Roma İmparatorluğu'na bağlanan şehir, ""köprü, geçit"" anlamlarına gelen ve bugün müzeye de adını veren Zeugma olarak anılmaya başlanmıştır. Bu parça iki paragrafa ayrılmak istense ikinci paragraf numaralanmış cümlelerin hangisiyle başlar?",II,III,IV,V,VI,D
5a72f024-79e1-5cea-938a-8aed3241472b,FIZIK,"Hava ortamında düşey hızla aşağı fırlatılan bir cismin,
I. Kinetik enerjisi artar.
II. Potansiyel enerjisi azalır.
III. Mekanik enerjisi azalır.
yargılarından hangileri kesinlikle doğrudur?",Yalnız I,Yalnız II,Yalnız III,I ve II,II ve III,E
062ac73b-eb61-56da-9af1-41044b208b30,MATEMATIK,İşleminin sonucu kaçtır? $\frac{2}{\sqrt{5} - \sqrt{3}} + \frac{2}{\sqrt{5} + \sqrt{3}}$,0,$2\sqrt{3}$,$2\sqrt{5}$,$\sqrt{5} + \sqrt{3}$,$\sqrt{5} - \sqrt{3}$,C
f21b8370-990e-5272-95d5-e239248c5b40,MATEMATIK,"$a<b<c<d<e$ olmak üzere, $a \cdot c < 0$ ve $a \cdot b \cdot c \cdot d \cdot e = 0$ olduğuna göre, aşağıdakilerden hangisi sıfırdır?",$a$,$b$,$c$,$d$,$e$,A
4ddb7267-5416-5a0d-ac9c-2cd97e571d0d,KIMYA,"Modern atom modeli ile ilgili,
I. Elektronlar çekirdeğin etrafında dairesel yörüngelerde bulunur.
II. Çok elektronlu atomların yapısını açıklar.
III. Elektronların bulunduğu hacim çekirdeğin kapladığı hacimden küçüktür.
ifadelerinden hangileri doğrudur?",Yalnız I,Yalnız II,Yalnız III,I ve II,II ve III,B
012799a5-c416-551b-949c-78bce217192f,MATEMATIK,5 elemanlı bir kümenin en az 4 elemanlı alt kümelerinin sayısı kaçtır?,20,22,24,26,28,D
18444068-62d6-5e04-88a1-198858170428,MATEMATIK,"$P(x) = 2x+4$ polinomu veriliyor. Buna göre, $P(P(x))$ polinomunun, $P(\frac{x}{2})$ polinomu ile bölümünden elde edilen kalan kaçtır?",-32,-28,-24,-20,-16,D
3a6da73d-d618-5194-b59a-d1b586bf65e2,EDEBIYAT,"On üç öyküden oluşan ilk kitabı ""Hallaç""ta kendi ifadesiyle ""içinden çıktığı toplumun insanlarıyla bir denge kuramamış, tüm yargılara başkaldırmış bilinci olarak bir seçmeye gitmeyen insanı"" anlatmak istedi. Hallaç'taki öykülerde bırakılmışlık, yalnızlık, bunaltı, yabancılaşma, seçme, özgürlük, suç işleme, intihar gibi varoluşçuluğa özgü temaları işledi.
Bu parçada yapıtı tanıtılan sanatçı aşağıdakilerden hangisidir?",Nezihe Meriç,Sevgi Soysal,Leyla Erbil,Buket Uzuner,Tomris Uyar,C
b9416fe7-3f02-5dc7-997e-fbb21d6de38d,MATEMATIK,"$P(x)$ ve $Q(x)$ birer polinom olup, $Q(x)$ polinomunun derecesi, katsayıları pozitif tam sayı olan $P(x)$ polinomunun derecesinden $4$ fazladır. $P^3(x) = 16P(x) \cdot Q(x)$ ve $Q(1) = 0$ eşitlikleri sağlanmaktadır. Buna göre, kaç farklı $P(x)$ polinomu yazılabilir?",8,10,15,21,36,D
594e8e33-bc5f-5611-b925-86792f5d3570,MATEMATIK,"Bir üçgende aralarındaki açı $60^\circ$ olan iki kenarının uzunluğu, birim cinsinden $4x^2 - 2\sqrt{6}x + 1 = 0$ denkleminin kökleridir. Buna göre, üçgenin üçüncü kenarının uzunluğu kaç birimdir?",$\frac{\sqrt{3}}{2}$,$\frac{\sqrt{3}}{3}$,$\frac{2}{\sqrt{3}}$,1,$\sqrt{3}$,A
3c73f7cd-8044-56c0-a2d8-92e6ea81ea2b,MATEMATIK,"$|b| = b$ ve $b|a| > 0$ olmak üzere, eşitsizliğinin çözüm aralığı aşağıdakilerden hangisidir?","$[b, \frac{a}{b}]$","$(\frac{b}{a}, b)$","$(-b, \frac{a}{b}]$","$[-b, \frac{a}{b})$","$(\frac{a}{b}, b]$",E
8b9792d8-7872-59bf-8749-c799ea76e99b,COGRAFYA,"Aşağıda Türkiye iklimi ile ilgili bazı bilgiler verilmiştir.
I. Kışın kutupsal hava kütlelerinin etkisi altında kalır.
II. Yazın tropikal hava kütlelerinin etkisi altında kalır.
III. Kışın kuzeydoğudan sokulan hava kütleleri Anadolu'da sıcaklıkların düşmesine neden olur.
IV. Yazın güneydoğudan gelen sıcak ve kuru hava kütlelerinin etkisinde kalır.
V. Türkiye'de kış mevsiminde kuzeybatıdan gelen hava kütleleri kışların çok soğuk ve kurak geçmesine neden olur.
Bu bilgilerden hangisinin doğru olduğu söylenemez?",I,II,III,IV,V,E
9efc3d0f-5b7e-56e7-b9cb-1f1d456fb675,MATEMATIK,"$f(x) = x^2 + m$ ve $g(x) = 2x + 3$ fonksiyonları veriliyor. $(f+g)(2) = 16$ olduğuna göre, $(f \cdot g)(2)$ kaçtır?",15,20,25,30,35,E
e3b4ad94-e36e-5600-a0ce-5defc47b4776,KIMYA,"$X_{(g)} + Y_{(g)} \rightleftharpoons Z_{(g)} + T_{(g)}$
Tepkimesinin $273 \text{ }^\circ C$'de derişimler türünden denge sabiti ($K_c$) 22,4 olduğuna göre kısmi basınçlar türünden denge sabiti ($K_p$) kaçtır?",$\frac{1}{4}$,$\frac{1}{2}$,1,2,4,C
f206a114-1a04-5464-bafe-d5a478647840,MATEMATIK,"$\log_{10} 2 = a$
$\log_{10} 3 = b$
olimits
 olduğuna göre, $\log_{30} 45$ sayısının $a$ ve $b$ türünden eşiti aşağıdakilerden hangisidir?",$\frac{a+b+1}{a-b+1}$,$\frac{a+b-1}{a-b}$,$\frac{a+b-2}{a-b+1}$,$\frac{2 \cdot a+b-1}{a-b}$,$\frac{2b-a+1}{a+b+1}$,E
50a0d7e5-9c27-59e5-abd8-4d86c637e5f7,TURKCE,"I. Fakat bu keyfiyet ve mantık; sıradan, hayatta birebir karşılıklı ilişkisi bulunan bir hesap mantığı da değildir.
II. Saf Şiir başlıklı yazısında Asaf Halet, bilim insanının pozitivist çalışmayla evreni açımlama, anlamaya ve anlatmaya çalışmasının karşısına, sanatçının kendinden yola çıkarak ideal bir evrenin varlığını duyurmaya ve anlamını açmaya çalışmasını koyar.
III. Belki yüksek hesap ilmi ile bir noktaya varış mantığı olabilir.
IV. Böyle yüksek ve soyut bir bağıntıdan çıkan şiirden, bir unsuru çıkarmak veya şiiri unsurlara ayırmak, bütünlüğün parçalanması ve bu bütünlüğü tutan şirazenin kopması anlamına gelir.
V. Bu yapılırken ortaya çıkan hayal ve ahenk tamamen keyfi ve mantıksız değildir.
Yukarıda numaralanmış cümleler anlamlı bir bütün oluşturacak biçimde sıralandığında hangisi baştan üçüncü olur?",I,II,III,IV,V,C
518165ca-f416-5e6c-8c6a-27daca75c72a,MATEMATIK,$(5-x)^4 \cdot (x+4)^3 \le 0$ eşitsizliğinin çözüm kümesi aşağıdakilerden hangisidir?,"$(- \infty, -4)$","$(- \infty, -4]$",$\mathbb{R}$,"$(- \infty, -4] \cup \{5\}$","$[-4,5]$",D
4ce2aeae-1a4d-5c37-b445-68cb2b26c714,KIMYA,"Aşağıdaki bileşik ya da köklerde altı çizili atomlardan hangisinin yükseltgenme basamağı yanlış olarak verilmiştir? $(_1H, _8O)$",$NH_4^+$,$HSO_4^-$,$S_2O_3^{2-}$,$H_2O_2$,$H_2PO_4^-$,A
e90a25a2-2af7-55bb-8d4e-790b76b95e99,TURKCE,"Kurmaca okurunun öğrenileninden hikâye yazmaları isten-nir, kahramanın yaşadığı korkuyu ve çaresizliği konu alan bir öyküye Murathan şu cümlelerle başlar:

""Kadın çok korkmuştu, gözleri fal taşı gibi açılmıştı, benzi sapsarıydı ve titriyordu. Bu dakikalar gabucak geçsin, jan-darmalar bir an önce gitsin istiyordu. Sabırsızdı. Alt dudak-larını kanatacak derecede ısırıyordu. İki tarafına çaresizlik içinde bakındı. Dört duvardan ve iki jandarmadan başka bir şey yoktu.""

Öğrenciye verilen tavsiye: ""...""

Öykü yazarının tavsiyesinden sonra Murathan aynı cümle-leri aşağıdaki gibi yeniden yazar:

""Kadın titriyordu, gözleri fal taşı gibi açılmıştı, geriye doğru bir adım çekildi, dizlerinin bağı çözülmüş gibiydi, jandar-malar saatlerce burada kalacaklarmış gibi rahat, acelesiz davranıyorlardı. İki tarafına bakındı, dört duvar ve iki jan-darmadan ibaretti her şey.""

Bu parçadan hareketle öğrenciye verilen tavsiye aşa-ğıdakilerden hangisi olabilir?","Eylemler ve betimlemeler, kahramanın duygularını yan-sıtmaya yeterlidir; duyguların adlandırılmasına gerek yoktur.","Tek bir olay etrafında şekillenen olaylar dizisinden oluşan öykünün dokusu sıkıdır; paralel anlatılar, farklı olaylar devre dışı kalmalıdır.","Merak ögesini canlı tutmak istiyorsan olayların krono-lojik anlatımını bozmalı, zamansal geçişler oluşturma-lısın.","Kahramanın yaşadığı duyguları abartılı anlatımlarla ve benzetmelerle vermen, özenli bir anlatıcı olduğuna değil özenli bir anlatıcı olduğuna işarettir.","Kahramanın ruhsal durumunun okuyucu tarafından anlaşılması esastır, bunun için de labirentler değil açık ve düz yollar tavsiye etmelisin.",A
9dd28ec5-5522-55b9-9999-daf187c708b6,MATEMATIK,"Kütleleri $30 \text{ kg}$, $40 \text{ kg}$, $50 \text{ kg}$, $60 \text{ kg}$ ve $70 \text{ kg}$ olan $5$ kişi arasından rastgele $2$ kişi seçiliyor. Seçilen kişilerin kütlelerinin aritmetik ortalamasının, bu beş kişinin kütle ortalamasından küçük olma olasılığı kaçtır?",$\frac{1}{10}$,$\frac{1}{5}$,$\frac{2}{5}$,$\frac{3}{5}$,$\frac{1}{2}$,B
0196cbe4-aa8d-52ca-aceb-8d544685e5bc,MATEMATIK,"Sayı doğrusu üzerinde $\log_2 x$ ve $\log_2 \frac{1}{x}$ sayıları arasındaki uzaklık $\frac{1}{12}$ olduğuna göre, $\log_2(x+6)$ ifadesinin değeri kaçtır?",$\frac{3}{2}$,2,$\frac{5}{2}$,3,$\frac{7}{2}$,D
e828fcf0-1842-5083-85f6-ef7af9614cd0,KIMYA,$2 \text{ mol } H_2SO_4$ içeren sulu çözelti ile $4 \text{ mol } NaOH$ içeren sulu çözelti karıştırılarak tepkime gerçekleştiriliyor. Bu tepkimeyle ilgili aşağıdaki ifadelerden hangisi doğrudur?,Tepkime sonucunda $H_2$ gazı açığa çıkar.,Nötralleşme tepkimesidir.,Tepkime sonunda $2 \text{ mol } H_2O$ oluşur.,Tepkime sonunda sadece $H_2O$ oluşur.,Tepkime sonunda $4 \text{ mol } tuz$ oluşur.,B
44d2b3c6-b768-52cd-8071-0dce9da19539,TURKCE,"(I) Türk sineması son yıllarda altın çağını yaşıyor. (II) Ancak karşımızdaki tablo her yönüyle olumlu bir sürece işaret etmiyor. (III) Yerli yapımlar, geçmiş dönemlerin aksine, her yıl en çok izlenen filmler listesinde ilk on içerisinde yer alıyor. (IV) Bunun tek sebebi uluslararası saygın festivallerde alınan ödüller değil kuşkusuz. (V) Uluslararası alanda beğeni toplayan yerli yapımlar, en çok izlenen ilk on film arasında hiçbir zaman yer almıyor.
Bu parçanın anlamlı bir bütün oluşturabilmesi için aşağıdakilerden hangisinin birbiriyle yer değiştirmesi gerekir?",I ve III,I ve IV,II ve IV,II ve V,III ve IV,D
3e42139c-d4f4-50d8-b803-1397bb888bf1,TURKCE,"Numaralandırılmış cümlelerdeki altı çizili sözcüklerin hangisi ""üçüncü çoğul kişi iyelik eki"" almıştır?
I. Sizin kendinize bile söyleyemeyeceğiniz düşüncelerinizi varsa yazınların mayınlı tarlasında dolaşıyorsunuzdur.
II. Diranas'ın ""Olvido"" şiirinin dizelerinde anlatılanları değil dize aralarında sezdirilenleri güzel kılıyor şiiri.
III. Bugün her romanı bir kültür hazinesi gibi didik didik edilen Tanpınar'ın eserlerine karşı okuyucuların o dönemden mesafeli durduklarını anlamak ve anlatmak istiyorum.
IV. Cemil Meriç'in, sağ ve sol cenahlara kabul gören fikir ve tenkitleri günümüz münevverlerine yol göstermektedir.
V. Kaynağını o milletin tarihinden, dil, din, ahlak ve geleneklerinden alan millî kültür; millî dayanışma, birlik ve beraberliğin temelidir.",I,II,III,IV,V,C
f938ef9e-19c1-5c30-8a9e-ef61e581bdc4,MATEMATIK,"$a<b<c$ olmak üzere, $\int_{a}^{c} |x-b| dx$ integralinin eşiti aşağıdakilerden hangisidir?",$\int_{a}^{b} (x-b) dx + \int_{b}^{c} (x-b) dx$,$-\int_{a}^{b} (x-b) dx + \int_{b}^{c} (x-b) dx$,$2 \int_{b}^{c} (x-b) dx$,$-\int_{a}^{b} (x-b) dx - \int_{b}^{c} (x-b) dx$,$2 \int_{b}^{c} (x-c) dx$,B
49b615fb-72bf-5ec5-b0ee-f16ff308aeff,MATEMATIK,"$a, b$ ve $c$ gerçel sayıları için $\frac{a+1}{6} = \frac{b-2}{3} = \frac{c-4}{5}$ olduğuna göre, $a+3b-3c$ ifadesinin değeri kaçtır?",-12,-9,-7,-5,3,B
8727aa69-1454-5328-be70-8a7e9fd6e904,MATEMATIK,$\frac{1-3x}{2} \le 1$ eşitsizliğinin çözüm kümesi aşağıdakilerden hangisidir?,"$[\frac{1}{3}, \infty)$","$[-3, 1]$","$[-1, \frac{1}{3}]$","$(- \infty, -1]$","$[- \frac{1}{3}, \infty)$",E
2c57a3ef-528a-521f-a5cc-cf08915e8eb3,MATEMATIK,"Dik koordinat düzleminde, $y = \frac{1}{x}$ eğrisinin $x=1$ apsisli noktasındaki teğeti aynı zamanda $(8, 0)$ merkezli $r$ yarıçaplı çembere de teğettir. Buna göre, $r$ kaç birimdir?",1,$\sqrt{2}$,$\sqrt{3}$,2,$\sqrt{5}$,B
4ddf4567-c261-59e9-9123-f7ca805d819d,MATEMATIK,"Bir geometrik dizinin dördüncü terimi $x$, yedinci terimi $y$ olduğuna göre, bu dizinin on üçüncü terimi aşağıdakilerden hangisidir?",$\frac{y^2}{x}$,$\frac{x^2}{y}$,$\frac{x}{y}$,$xy^2$,$x^2y^3$,A
2693d4b2-3909-5c4e-8728-3896211366e4,MATEMATIK,"$x^2-5x-1=0$ denkleminin kökleri $x_1$ ve $x_2$ dir. Buna göre, $\frac{x_1^2-1}{x_1}-\frac{x_2^2-1}{x_2}$ ifadesinin değeri kaçtır?",4,5,6,7,8,B
8af7af59-888a-5d89-83b8-9b10ff72bf6a,TURKCE,"18 - 20. sorularda, numaralanmış cümlelerin anlamlı bir bütün oluşturacak biçimde sıralanması için hangilerinin birbiriyle yer değiştirmesi gerektiğini bulunuz.
I. Selçuklu yaşamına tanıklık eden Kubad Abad Sarayı Külliyesi, 1235'te Sultan Alaaddin tarafından tasarlanıp yaptırılmıştır.
II. Amanos Dağları'nın eteğinde yer alan küçük ovadaki Beyşehir Gölü'nün kıyısına inşa edilen bu külliye, kalıntılarıyla Selçuklu yaşamı hakkında eşsiz bilgiler sunmaktadır.
III. Göldeki adalara ve çevredeki yaylalara dağılmış olan çeşitli köşk kalıntıları da Kubad Abad'la bağlantılı olup külliyenin uzantılarıdır.
IV. Külliyenin bu kalıntılarından üçünün kimliği kolayca anlaşılabilmektedir: Büyük Saray, Küçük Saray ve su seviyesinde bulunan Kayıkhane.
V. Bunlardan Kız Kalesi Adası'ndaki Su Şatosu ile Malanda Yaylası'ndaki köşk, çinileri ve yapısal düzeniyle ana külliyeyle birlikteliği en belirgin olanlardır.",I ile II,II ile IV,III ile IV,III ile V,IV ile V,E
bc1f45d3-3738-5c9f-804a-4576b925d6b3,FIZIK,"Çift yarıkta girişim deneyinde, perde üzerinde oluşan ardışık iki aydınlık saçak arasındaki uzaklık $\Delta x$ oluyor.
$\Delta x$'in artması için,
I. Kullanılan ışığın şiddetini artırmak
II. Kullanılan ışığın frekansını azaltmak
III. Yarıklar arası uzaklığı azaltmak
işlemlerinden hangileri tek başına yapılabilir?",Yalnız I,Yalnız II,I ve III,II ve III,"I, II ve III",D
9ff2e9ad-7ae7-5bed-bee8-304fb5a69d6f,COGRAFYA,"İnsanların daha iyi yaşamak için çevresel koşullara müdahale etmesi, yaşanılan ortama ve kullanılan teknolojiye bağlı olarak değişkenlik gösterir. Aşağıda verilenlerden hangisi, bu duruma örnek olarak gösterilemez?",Hollanda'da taşkınlara karşı kıyı savunma yapısının oluşturulması,Osaka Körfezi'ndeki yapay dolgu bir ada üzerinde havaalanı inşa edilmesi,Libya'daki çöl sahalarında enerji kaynağı olan petrolün çıkarılması,"İtalya'da yerleşmelerde daha çok güney, Şili'de kuzey yamaçların tercih edilmesi",Nil'in Mısır sınırları içindeki taşkınlarını engellemek amacıyla Asvan Barajı'nın yapılması,D
62f9f697-b809-52f0-98be-2ee82300539b,MATEMATIK,"$k$ bir gerçel sayı olmak üzere, gerçel sayılarda tanımlı $f$ fonksiyonu $f(x) = \begin{cases} x^2+x+1, & x \ge 0 \\ 2x+k, & x < 0 \end{cases}$ şeklinde verilmiştir. $f(-2)+f(2)=2f(0)$ olduğuna göre, $k$ kaçtır?",-3,-2,-1,0,1,E
609b11ad-51c1-5744-a94b-0db1b4cae3c5,KIMYA,"I. $C_2H_5OH$
II. $C_2H_6$
III. HCOOH
Bileşiklerinin sudaki çözünürlüklerinin karşılaştırması aşağıdakilerden hangisinde doğru verilmiştir?",$I > II > III$,$II > I > III$,$III > I > II$,$III > II > I$,$II > III > I$,C
8d99aca5-4cc5-5dfe-a255-6c893d53d75d,KIMYA,"Eşit hacimde $CO$ ve $O_2$ gazlarının sabit basınçlı bir sistemde tam verimli tepkimesi sonucu $30 \text{ litre } CO_2$ gazı elde edilmiştir. $2CO_{(g)} + O_{2(g)} \longrightarrow 2CO_{2(g)}$ Buna göre, aynı şartlarda başlangıçta alınan gaz karışımı kaç litredir?",$60$,$50$,$40$,$30$,$20$,C
9c1b170d-0a18-587a-b5a4-9504f4bf6e92,MATEMATIK,"Dar açılı bir ABC üçgeninin iç açılarının ölçüleri derece türünden $a, b$ ve $c$ olmak üzere, $a < b < c$ olduğu biliniyor.
Buna göre,
$K = \cos(a+b)$
$L = \cos(a+c)$
$M = \cos(b+c)$
sayılarının doğru sıralanışı aşağıdakilerden hangisidir?",$K < L < M$,$K < M < L$,$L < M < K$,$L < K < M$,$M < L < K$,A
344332b2-0a77-5311-9d99-9ccc52095f64,KIMYA,"$CH_3-C\equiv C-H$ bileşiği ile ilgili, I. Bromlu suyun rengini giderir. II. Su ile tepkime vererek keton oluşturur. III. Tollens ayracı ile beyaz renkli çökelek oluşturur. yargılarından hangileri doğrudur?",Yalnız I,Yalnız II,I ve III,II ve III,"I, II ve III",C
13bbe716-3795-525b-b200-fce1f273be52,MATEMATIK,"Naci Öğretmen fonksiyon konusunu anlattıktan sonra öğrencisi Emir'e ""Bir doğal sayının karesinin sayının kendisinin $4$ katının $6$ eksiğine götüren $f(x)$ fonksiyonu yazabilir misin?"" demiştir. Emir, öğretmeninin istediği fonksiyonu doğru alarak yazmıştır. Naci Öğretmen daha sonra öğrencisi Yaman'dan Emir'in yazdığı fonksiyonun görüntü kümesindeki en küçük $3$ tam sayısının toplamının bulmasını istemiştir. Buna göre, Yaman'ın doğru olarak vermesi gereken cevap aşağıdakilerden hangisidir?",-8,-6,-4,-2,0,B
3f6d464a-84c6-5ef4-b950-a3acda2cd6c3,MATEMATIK,"Bir sayı doğrusu üzerinde birbirinden farklı iki basamaklı dört tane doğal sayı işaretleniyor. Bu sayılardan, • En küçük üç tanesinin ayrı ayrı sıfıra olan uzaklıkları toplamı, en büyük sayının sıfıra olan uzaklığından küçüktür. • En küçük sayının sıfıra olan uzaklığı, diğer üç sayıdan seçilen herhangi iki tanesinin birbirine olan uzaklığından küçüktür. Buna göre, bu dört sayının toplamı en az kaçtır?",65,72,76,87,93,D
70203b89-d1e6-50db-9869-906801624f0b,MATEMATIK,"Taban yarıçapı $3$ cm, yüksekliği $6$ cm olan bir dik koninin içerisine dik silindir yerleştiriliyor. Bu silindirin hacminin en fazla olabilmesi için yüksekliği kaç cm olmalıdır?",$\frac{3}{2}$,$2$,$3$,$\frac{7}{2}$,$\frac{9}{2}$,B
16c3b19b-6714-5c40-9844-8f4e58f025d8,MATEMATIK,"$m<0<n$ olmak üzere, $f(x)=x^3-nx^2-mx$ fonksiyonu veriliyor. Buna göre $f$ fonksiyonu ile ilgili, I. Her $x$ gerçek sayısı için artandır. II. Bire birdir. III. 1 tane gerçek kökü vardır. ifadelerinden hangileri kesinlikle doğrudur?",Yalnız I,I ve II,I ve III,II ve III,"I, II ve III",E
821de83d-6724-5edb-a415-17b399f78b73,BIYOLOJI,"İnsan böbreğinde idrar oluşumu sırasında meydana gelen
I. henle kulbundan $H_2O$ ve $Na^+$ ile $Cl^-$ iyonlarının geri emilmesi.
II. $K^+$ ve $H^+$ iyonlarının salgılama ile distal tüpe verilmesi.
III. glikoz ve amino asitlerin proksimal tüpten emilerek nefron kılcallarına geçmesi.
IV. toplama kanalında bir kısım su ve ürenin geri emilerek idrara son şeklinin verilmesi
olayları, aşağıdakilerin hangisinde verilen sıraya göre gerçekleşir?",I - II - III - IV,II - IV - III - I,III - I - II - IV,III - II - I - IV,I - IV - III - II,C
7f970f3b-4a91-5f0a-ba04-a2d31714b5cf,KIMYA,"2019 Nobel Kimya Ödülleri, günümüzde cep telefonlarından dizüstü bilgisayarlara kadar çok sayıda elektronik araçta kullanılan lityum iyon pilleri üzerine yaptıkları çalışmalardan dolayı B. Goodenough, M. Stanley ve Akira Yoshino isimli bilim insanlarına verilmiştir.
Buna göre, 2019 Nobel Kimya Ödüllerini kazandıran çalışmalar kimyanın hangi alt disiplini ile ilgilidir?",Analitik kimya,Fizikokimya,Anorganik kimya,Polimer kimyası,Organik kimya,B
7c2fabb2-0f36-55bc-b673-69d130001e26,MATEMATIK,"Ahu, Banu, Cansu, İremşu ve Tansu'nun yaşları $1$'den $5$'e kadar değerler olup aynı yaşta olanlar yoktur.
• Ahu ve İremşu'nun yaşları çarpımı tek sayıdır.
• Banu ile Cansu'nun ve Tansu ile Cansu'nun yaşları toplamı tek sayıdır.
• Tansu'nun yaşının Banu'nun yaşına oranı tam sayıdır.
Buna göre, Tansu kaç yaşındadır?",1,2,3,4,5,D
14849971-7904-5716-9e9a-4caed63fcbd2,KIMYA,"$NO_2$ ve $N_2O_4$ gazlarından oluşan 10 mollük bir karışımdaki $N_2O_4$'ün tamamı $NO_2$'ye dönüştüğünde kapta toplam 14 mol $NO_2$ olduğu tespit ediliyor.
Buna göre, başlangıç karışımında $NO_2$'nin mol sayısının $N_2O_4$'ün mol sayısına oranı kaçtır?",$\frac{3}{2}$,$\frac{2}{3}$,$\frac{3}{4}$,$\frac{4}{3}$,$\frac{1}{4}$,A
5ebf474d-555b-5472-abc4-af8d2985860a,BIYOLOJI,"Hücre zarında bulunan reseptör proteinler
I. ATP sentezi,
II. hücreye alınacak maddelerin seçilmesi,
III. hücrelerin birbirini tanıması,
IV. embriyonik gelişmede benzer hücrelerin bir araya toplanması
görevlerinden hangilerini yerine getirir?",Yalnız I,I ve II,II ve III,III ve IV,"II, III ve IV",E
ec002ae9-e75d-5f90-891f-95af1c85b8f1,BIYOLOJI,"Bir adada yaşayan deniz kuşu popülasyonunda besin kıtlığı olan dönemlerde sadece bazı çiftlerin üremeye katıldıkları gözlenmiştir. Diğer kuşlar ise çiftleşen kuşlardan ölen veya kaybolanların yerini almıştır.
Buna göre, belirtilen popülasyonla ilgili
I. Popülasyon, çevre şartlarındaki olumsuzluklara, üreme sayısını azaltarak tepki göstermiştir.
II. Çiftleşmeye katılmayan bireyler, zaman içinde üreme yeteneklerini kaybetmiştir.
III. Popülasyonun büyümesi, ortamdaki besin miktarından etkilenmiştir.
ifadelerinden hangileri doğrudur?",I ve III,II ve III,Yalnız I,Yalnız II,I ve II,A
7ba36ffe-09ff-5707-a93f-2c66a0050595,KIMYA,"4,6 gram organik birleşik bir miktar $O_2$ ile tam yakıldığında NŞA'da 4,48 L $CO_2$ gazı ile 5,4 gram $H_2O$ oluşmaktadır. Buna göre, bu organik bileşiğin basit formülü nedir? (H: 1, C: 12, O: 16)",$C_2H_4$,$C_2H_6$,$C_3H_6O$,$C_2H_6O$,$C_2H_4O_2$,D
55e825d9-0c23-5729-b9aa-7102ee92cc2b,MATEMATIK,Hipotenüs uzunluğu 8 birim olan bir dik üçgenin alanının en büyük değeri kaç birimkaredir?,4,8,12,16,$16\sqrt{2}$,D
ffd71e22-b5be-5562-9ba1-7b752be42517,FIZIK,"Esnek ortamda moleküllerin sabit bir eksene göre tekrarlanan hareketine ---- denir. Bu hareket esnasında potansiyel enerjinin kinetik enerjiye, kinetik enerjinin potansiyel enerjiye dönüştüğü süreç boyunca devam eder. Bu süreçte ---- ortamda aktarılan enerjinin bir noktadan başka noktaya iletilmesi sonucunda oluşturduğu şekil değişikliğine ----, bunların yayılmasına ise ---- denir. Aşağıdakilerden hangisi bu cümledeki boş bırakılan yerlere getirilebilecek kavramlar arasında yer almaz?",titreşim hareketi,esnek,dalga,dalga hareketi,enerji,B
9fc1cb12-691c-51d8-a499-02506fac360b,TURKCE,"I. Kısa sürede, böylesine büyük bir öykücüye kitlesine ulaşmasının sırrını da yaşattığı bu aitlik duygusunda aramak gerekir.
II. Öykülerinde biçimsel zorlamaya girmeden kolay anlaşılır, sade bir anlatımı tercih eder.
III. Diğer bir deyişle, edebiyat yapmayı sevmez; ne söyleyecekse doğrudan söyleyiverir.
IV. Kimi zaman bu kolaylık okurlarda şu hissi uyandırır: “Ben bu öyküde dışarıda değilim, bu eseri yazarla birlikte oluşturuyoruz.”
V. Çünkü okur, bir öyküyü dâhil olmayı bunun da ötesinde öyküyü yazanın kaleminin bir ucundan tutmayı; hiçbir şeye değişmez.
Yukarıdaki numaralanmış cümlelerden oluşturulacak anlamlı bir paragrafın baştan dördüncü cümlesi hangisi olur?",V,IV,I,III,II,B
aae0df15-f425-5cbd-bb93-9e10bfd0cb54,MATEMATIK,"Bir kenarı a olan karenin alanı $a^2$ dir. Bir çim biçme makinesi 3 $m^2$ lik yeşil alanı 4 dakikada biçiyor. Buna göre, bu çim makinesi aynı kapasite ile çalıştırıldığında bir kenarı 12 m olan kare şeklindeki yeşil alanı kaç dakikada biçer?",192,188,180,176,172,A
07c924de-c3e1-598d-ab80-b7f2196ca900,MATEMATIK,"$A$ ve $B$ aralarında asal olmak üzere, $EKOK(A, B) = 120$ $A + \frac{24}{B} = 18$ olduğuna göre, $B$ kaçtır?",10,12,6,9,8,E
e78c69c4-192a-5cc7-93bc-8b71273eed9f,MATEMATIK,"Bir market sahibinin satmak için aldığı pirinç ile ilgili olarak aşağıdakiler bilinmektedir.
• Kilogramı $36 \text{ TL}$'den bir miktar pirinç almıştır.
• Pirinçleri $2 \text{ kg}$'lık paketler hâlinde satacaktır.
• $1$ paket pirincin paketleme maliyeti $8 \text{ TL}$'dir.
• Market sahibi tüm pirinçleri paketleyip, sattığında % $20$ kâr elde etmek istemektedir.
Buna göre, bu market sahibi $1$ paket pirinci kaç TL'den satmalıdır?",84,92,96,100,104,B
34e9001e-3cff-594f-828b-6ac86f859dfd,KIMYA,Aşağıdaki bileşiklerden hangisinde karbonun (C) kütlece %'si en büyüktür?,$CH_4$,$C_2H_6$,$C_3H_4$,$C_2H_{10}$,$C_2H_2$,C
9e3b5ddf-f567-548d-b7ce-f341317b745b,GEOMETRI,"Buna göre, Şekil-I'deki E noktasının, Şekil-II'deki C' noktasına olan uzaklığı kaç cm'dir?",$3\sqrt{6}$,$2\sqrt{15}$,8,$\sqrt{67}$,$6\sqrt{2}$,D
28e11b97-82ce-502b-99de-846e62d12aa8,TURKCE,"(I) Çevre, bize geçmişten kalan bir miras değil; korunması, geliştirilmesi ve gelecek nesillere en güzel şekilde devredilmesi gereken bir emanettir. (II) Çevre kirliliği çeşitleri genel olarak; hava kirliliği, su kirliliği, toprak kirliliği, gürültü kirliliği ve görüntü kirliliği olarak sınıflandırılır. (III) Çevre kirliliklerinin tümü doğaya zarar vererek doğrudan veya dolaylı olarak doğada yaşamını sürdüren tüm canlıların zarar görmesine neden olmaktadır. (IV) Günümüzde ışık kirliliği de bir görüntü kirliliği olarak karşımıza çıkmakta ve bu da yine insanlar tarafından oluşturularak insanların ve diğer canlıların zarar görmesine neden olmaktadır. (V) Çevrenin kirlenmesi, ekosistemin dengelerini bozarak iklimsel değişikliklere sebep olmaktadır.
Bu parça iki paragrafa ayrılmak istense ikinci paragraf numaralanmış cümlelerin hangisiyle başlar?",I,II,III,IV,V,B
1d29e2c2-cf87-5f20-8bcf-574740f6e865,MATEMATIK,"Mehmet, $160 \text{ m}^2$ lik duvarı günde 4 saat çalışarak 4 günde boyamaktadır. Buna göre, Mehmet aynı hızla $240 \text{ m}^2$ lik bir duvarı günde 8 saat çalışarak kaç günde boyar?",2,3,4,6,8,B
5da1216b-fd4a-5de0-89cc-733eee867b41,MATEMATIK,"$a$ ve $b$ birer pozitif tam sayıdır. $a+\frac{b}{c}=7,8$ olduğuna göre, $a+b$ toplamı en az kaçtır?",9,10,11,12,13,C
38a8f432-36ac-5c7c-a761-0f4093789e3f,MATEMATIK,"$P(x) + Q(x-1) = x^2 + 8x - 3$ eşitliği veriliyor. $P(x+5)$ polinomunun sabit terimi $7$ olduğuna göre, $Q(x+1)$ polinomunun katsayılar toplamı kaçtır?",22,23,24,25,26,E
fe0f3370-4484-540a-9cbd-13d09252a0f5,MATEMATIK,"$$\frac{2m+3n-2}{4m^2-9n^2}=28$$ olduğuna göre, $n$ kaçtır?",$$-5$$,$$-4$$,$$-3$$,$$-2$$,$$-1$$,D
13b96589-67ae-5e46-8496-7ad97d1a6e39,MATEMATIK,"$f(x) = \begin{cases} x^2-1, & x<1 \text{ ise} \\ -1, & x=1 \text{ ise} \\ nx+m, & x>1 \text{ ise} \end{cases}$ biçiminde tanımlanan $f(x)$ fonksiyonu her $x$ gerçek sayısı için limitli olduğuna göre, $n$ kaçtır?",-2,-1,0,1,2,C
e59fc54d-4ce6-5826-a991-3c0a39b3e52a,MATEMATIK,$$\int_{1}^{3} x^2 dx + \int_{1}^{3} (3 - x^2 + x) dx + \int_{1}^{3} dx$$ toplamının değeri kaçtır?,8,16,32,64,128,B
5424b0ee-732f-52cb-989e-cfb6168de126,TURKCE,"(I) Arkeolojik kazılarda ortaya çıkarılan resimler; güzellik duygusunun insanlıkta beraber oluştuğunu, insanın doğada bulunan güzelle yetinmediğini ve güzeli sanat yoluyla aradığını göstermektedir. (II) Milletlerin ortak bir güzellik arayışı sonucunda oluşan sanat anlayışlarının kültür ve medeniyet tarihinin oluşumundaki katkısı reddedilemez. (III) Güzelliğin sanat vasıtasıyla arandığı Çin, Hint, Mezopotamya, Yunan ve Güney Amerika medeniyetlerinde görmek mümkündür. (IV) Ancak bir duygu olarak güzelliğin kitlesel bir problem olarak ele alınışı, sonraki dönemlerde başlamıştır. (V) Bilindiği üzere sistematik anlamda felsefenin ilk Çağ'a kadar uzanan bir geçmişi bulunmaktadır. (VI) En yeni şekilde bir problem olarak güzel kavramı ve bu kavramın kaynaklık eden güzellik duygusunun da yine Antik Çağ'da ele alındığı bilinmekte. Bu parçadaki numaralanmış cümlelerden hangisi düşüncenin akışını bozmaktadır?",II,III,IV,V,VI,C
36d9feae-c355-565e-9edd-153986ff32d0,MATEMATIK,"$A = \Delta$ doğal sayısının $3$ ile bölümünden kalan olmak üzere, $f(x) = |x-1|^{\Delta}$ şeklinde tanımlıdır. I. $f: \mathbb{Z} \to \mathbb{Z}$ birebirdir. II. $f: \mathbb{Z}^+ \to \mathbb{N}$ örtendir. III. $f: \mathbb{Z}^- \to \mathbb{Z}^+$ örtendir. ifadelerinden hangileri doğrudur?",Yalnız I,Yalnız II,Yalnız III,I ve II,II ve III,B
b4c8de34-e13c-533b-9d64-e23cfe2503ab,FIZIK,"Zemin kattaki 50 kg kütleli bir çocuk, elindeki 6 kg kütleli bir cismi 8 metre yukarıdaki üçüncü kata çı- karıyor. Buna göre, çocuğun bu eylemde yaptığı en az iş kaç joule'dür? (Yer çekimi ivmesi $10 \text{ m/s}^2$ dir)",4480,2240,4248,2280,8420,A
e0c1cb87-d94d-5ee5-aa60-072341d1246d,MATEMATIK,"$\frac{\pi}{2} < a < b < \pi$ olduğuna göre, aşağıdakilerden hangisi yanlıştır?",$\sin a - \cos b < 0$,$\tan a - \cot b > 0$,$\tan a - \cos b > 0$,$\tan a < \tan b$,$\cot a < \cot b$,D
327756ad-0fb7-5368-b86a-78167d7370a3,EDEBIYAT,"Aşağıdakilerden hangisi özellikleri verilen anlayış, eser veren şairlerden biri değildir?",Rıfat Ilgaz,Nazım Hikmet,Ahmet Kutsi Tecer,Ercüment Behzat Lav,Hasan İzzettin Dinamo,C
a806fbc2-843e-5822-be29-5f2b7278a89d,MATEMATIK,"Gerçek sayılar kümesi üzerinde tanımlı sabit olmayan f polinom fonksiyonu her x gerçek sayısı için, $f(x) - f'(-x) = 0$ eşitliğini sağlamaktadır. Buna göre, I. f tek fonksiyondur. II. $(0, f(0))$ noktası f fonksiyonunun ekstremum noktasıdır. III. $y = f(x)$ fonksiyonu gerçek sayılar kümesinde süreklidir. ifadelerinden hangileri kesinlikle doğrudur?",Yalnız I,Yalnız II,II ve III,I ve III,I ve II,C
c91c1678-32da-5b6c-aa77-6738575a7677,MATEMATIK,"Bir karışımdaki $a$, $b$ ve $c$ maddeleri sırasıyla $3$, $4$ ve $5$ ile orantılıdır. Bu bilgiye ek olarak sadece bir bilgi daha verilerek bu üç maddenin miktarı bulunmak isteniyor. Buna göre, I. Herhangi iki maddenin miktarları farkı II. Madde miktarlarının birbirine oranı III. Karışımın toplam miktarı ifadelerinden hangileri tek başına istenen için yeterlidir?",Yalnız I,Yalnız II,Yalnız III,I ve III,II ve III,C
5e92453d-99fc-5938-ab3c-f972c8835ed9,MATEMATIK,"$a_n$ pozitif terimli bir aritmetik dizi olmak üzere,
I. $b_n = 2^{(a_n)}$
II. $c_n = \log_2(a_n)$
III. $d_n = \sin(a_n)$
dizilerinden hangileri bir geometrik dizi belirtir?",Yalnız I,I ve II,II ve III,Yalnız III,I ve III,A
0643013a-200c-58cb-a06a-a50e5b24b5d6,MATEMATIK,"Bir hesap makinesinde işlem yapıldığında makine; işlemin sonucu tam sayı ise o sayıyı, ondalıklı sayı ise bu sayının tam kısmı ile birlikte virgülden sonraki ilk basamağını göstermektedir. Nevzat, bu hesap makinesine $\ln(9,6)$ işlemini yaptırdığında ekranda $2,26$ değerini, $\ln(0,3)$ işlemini yaptırdığında ise ekranda $-1,20$ değerini görüyor. Nevzat, bu hesap makinesine $\ln(0,5)$ işlemini yaptırdığında ekranda hangi değeri görür?","$-0,61$","$-0,65$","$-0,69$","$-0,73$","$-0,77$",C
8ecb1d89-6df3-5212-8ce3-4cd4666a6989,BIYOLOJI,"Eşeyli üreyen hayvanların yaşam döngülerinde;
I. Döllenme
II. Mitoz bölünme
III. Mayoz bölünme
olayları hangi sıra ile gerçekleşir?",I - II - III,I - III - II,II - I - III,II - III - I,III - II - I,C
61143119-3fad-5347-983d-5be351a90838,MATEMATIK,Gerçek sayılar kümesi üzerinde $f$ ve $g$ fonksiyonları $f(x-1) = \frac{x^2-4x-3}{2}$ ve $g(x+1) = \frac{x^2}{3}$ biçiminde tanımlanıyor. $f(x) - |g(x)| = 1$ eşitliğini sağlayan $x$ değerlerinin toplamı kaçtır?,12,14,16,18,20,C
dfc1eca1-ac63-5d77-b093-0b114db404a1,MATEMATIK,"$5x-3y=1$ ve $2x+y=-4$ eşitlikleri veriliyor. Buna göre, $y$ değeri kaçtır?",-2,-1,1,2,3,B
ecb91715-30c0-5952-b3d7-9977263693f0,TARIH,"Avrupa'da XVII. yüzyılın başlarından itibaren askerî alanda önemli yenilikler yaşandı. Bu yeniliklerin en önemlisi de ateşli silahların etkin bir şekilde kullanılması oldu. Özellikle ""kontra-marş"" (ateş eden birliklerin en arkaya geçerek yeni ateş için hazırlanmaları ve sürekli bir devridaim içerisinde olmaları) taktiği savaşların kaderini belirledi. Osmanlı Devleti, 1593-1606 yılları arasında Avusturya ile yapılan savaşlarda ilk defa Avrupa savaş teknolojisini ve taktiklerini görerek bu konuda eksiklikleri olduğunu anladı. Bir süre sonra da ateşli silah kullanan ve paralı askerler olan sekban ve sarıca birlikleri kurdu.
Bu bilgilerin aşağıdaki sorulardan hangisine cevap olamaz?",Osmanlı Devleti'nin gerçekleştirdiği ıslahatlarda hangi devlet adamları etkin rol oynamıştır?,Osmanlı Devleti'nin askerî alanda yenilikler yapmasında Avrupa'nın etkisi nasıl olmuştur?,Osmanlı ıslahat hareketlerinin başarısız olmasının temel sebepleri nelerdir?,Avrupalı devletlerin bilim ve teknolojide yaşadığı gelişmeler nelerdir?,Osmanlı yenilik hareketleri ilk olarak hangi alanda başlamıştır?,A
300182e1-a231-5e2d-945f-dd1b280a999b,FIZIK,"Bir dalga loğenindeki kaynak, frekansı sürekli artırılarak belirli bir süre çalıştırılmış; buna rağmen, belirli bir anda leğende ilerleyen ardışık dalga tepeleri arasındaki mesafenin leğenin her yerinde aynı olduğu gözlenmiştir. Sürtünmeler önemsiz olduğuna göre, bu durumun nedeni; I. kaynağın genliğinin artırılması, II. leğenden yavaşça su boşaltılması, III. leğenin tabanının yatay olmaması verilenlerden hangileri olabilir?",Yalnız I,Yalnız II,Yalnız III,I ve III,II ve III,C
8f50bd1e-f401-5a94-b91e-a793322c188c,FIZIK,"$^{235}_{92}U$ çekirdeği düşük enerjili bir nötron yakaladığında bölünerek biri K, diğeri ise L ile gösterilen iki tane ürün çekirdeğinin yanı sıra birkaç tane de nötron oluşmaktadır. Nükleer fisyon olarak adlandırılan bu olayda farklı K ve farklı L çekirdeklerinden oluşan çok sayıda ikili ürün kombinasyonu bulunmaktadır. Bu kombinasyonların herhangi bir tanesindeki K ve L ürün çekirdeklerinin I. Atom numaralarının toplamı $^{235}U$ atom numarasına eşittir. II. Kütle numaralarının toplamı $^{235}U$'nun kütle numarasına eşittir. III. Nötron sayılarının toplamı $^{235}U$'nun nötron sayısına eşittir. yargılarından hangileri kesinlikle doğrudur?",Yalnız I,Yalnız II,I ve II,I ve III,II ve III,C
9fe3a471-96ab-50a6-92bf-27d52dd0c1a2,KIMYA,I. $F_{(g)} + e^{-} \rightarrow F^{-}_{(g)}$ II. $Na_{(g)}^{+} + e^{-} \rightarrow Na_{(g)}$ III. $O_{(g)}^{-} + e^{-} \rightarrow O^{2-}_{(g)}$ Yukarıdaki olaylardan hangileri ekzotermiktir?,Yalnız I,Yalnız II,Yalnız III,I ve II,"I, II ve III",A
1cb203ee-71cb-5f18-b600-68e632a528af,TURKCE,"(I) Her toplumda kuşaklar arasında yinelemeler ve bunun karşısındaki değişimlerden oluşan bir karşılıklı örüntü. (II) Eskiler ile bugünküler kavgası şu veya bu biçimde, açıkça ya da sessizce tekrarlanır. (III) Ne kadar tarihsel çağ varsa o kadar modern dönem olduğu söylenir. (IV) Yine de birkaçı dışında hiçbir toplum gerçekte kendini modern olarak adlandırmamıştır. (V) Modernlik yalnızca zamanın geçişinin bir sonucuysa kendini modern olarak adlandırmak, modernliği çok çabuk yitirmeye razı olmak demektir. (VI) Her şeyin izini silip yok eden kaçınılmaz kültürel erozyonlar, bugün modern toplum dediğimiz bizlerin adını da bir gün yok edecektir. Bu parça iki paragrafa ayrılmak istense ikinci paragraf numaralanmış cümlelerin hangisiyle başlar?",II,III,IV,V,VI,B
62166d54-5a0c-54f8-aaa9-ed1bef4d8805,MATEMATIK,$A=\frac{5^{x+4}-5^{x-2}}{5^x}$ ve $B=\frac{3^{y+5}-3^{y-3}}{3^y}$ Yukarıda verilen eşitliklere göre $\frac{36A}{B}$ ifadesinin değeri kaçtır?,10,100,\frac{100}{36},216,600,B
56109dcd-51f9-5dc6-b66f-f314b50723ae,TURKCE,"(I) Tıpkı insanlar gibi şehirlerin de bir yazgısı, bir ömrü, doğumu ve ölümü vardır. (II) Zamanın karanlık katmanları arasından günümüze ulaşan antik şehirler; farklı dönemlerin, kültürlerin, inançların ve yaşama biçimlerinin tanıklığını yaparlar. (III) Bu nedenle şehirler, uygarlıkların kanlı öykülerini yazdıkları bir kitap gibidir. (IV) Onların sayfaları arasında, mazinin acı tatlı anları görülür; ve bunların pek azı tarihin açık sayfalarına yansımıştır. (V) Herhangi bir antik kentin sokaklarını dolaştığınızda, bu kentin broşürlerinde yazılandan çok daha fazlasını göreceksiniz.
Bu parçada numaralanmış cümlelerin hangilerinde fiilimsi yoktur?",I ve III,I ve IV,II ve III,II ve V,IV ve V,A
922e6a27-78ab-5209-8118-f8976ff38a99,MATEMATIK,"$P(x)$ polinomunun $x^2-x+1$ ile bölümünden bölüm $Q(x)$, kalan $(1-2x)$'dir. $Q(x)$ polinomunun $x+2$ ile bölümünden kalan 6 olduğuna göre, $P(x)$'in $x^3+8$ ile bölümünden kalan $K(x)$ olduğuna göre, $K(-3)$ kaçtır?",125,119,144,121,81,D
1df992e1-cabc-533f-a096-9a75c6b66e5a,MATEMATIK,"$\frac{1}{1-\cos x} + \frac{1}{1+\cos x} = 4$
Denklemini sağlayan $x$ dar açısı kaç derecedir?","22,5",30,45,60,75,D
878ed599-ce8c-57b3-844e-f7a1a1aa40f4,KIMYA,"Belirli bir sıcaklıkta $CaF_2$ katısının 0,1 M KF çözeltisindeki çözünürlüğü $4 \cdot 10^{-10}$ $\frac{mol}{L}$ olduğuna göre aynı sıcaklıkta saf sudaki çözünürlüğü kaç $\frac{mol}{L}$'dir?",$4 \cdot 10^{-13}$,$4 \cdot 10^{-8}$,$2 \cdot 10^{-4}$,$2 \cdot 10^{-5}$,$1 \cdot 10^{-4}$,C
f74a5c59-e7f3-5d48-8359-92688ea39ad4,MATEMATIK,"$0 < x < \frac{\pi}{2}$ olmak üzere; $\frac{3-\cos^2 x}{2 \cdot \sin x} = \frac{7}{2}$ olduğuna göre, $\tan x$ değeri kaçtır?",$\sqrt{2}$,$\frac{1}{\sqrt{2}}$,$2/\sqrt{3}$,$\sqrt{3}$,$1/2\sqrt{2}$,B
c6128630-fb45-5d4b-a8fb-9673a488091a,TURKCE,"I. Tramvay, Galata Köprüsü üzerinden tarihî yarımadaya geçerek Sultanahmet'e vardığında sırasıyla iki farklı şehrin çehresine şahit olan yolcu, burada bir müddet beklemek zorunda kalacak. Roma hipodromu olan II. At Meydanı çevresindeki yapıların ışıltısı karşısında büyülenerek üç devrin mabedi bin beş yüz yıllık Ayasofya Camisi, etrafı süsleyen Alman çeşmesi gibi IV. anıtlar geçidinin ortasında başı dönecektir.
Bu parçada numaralanmış sözlerin hangisinin yazımı yanlıştır?",I,II,III,IV,V,C
e2326974-f7e0-553d-9174-944710e63ccc,MATEMATIK,"$2^x=5$ olduğuna göre, $|x-2|+|3-x|$ ifadesinin değeri kaçtır?",-5,-1,$2x-1$,$2x-5$,1,E
a08a4a37-809f-5bee-b4ea-d55b8eff6e99,MATEMATIK,log$_2$8 - log$_3$9 - log$_5$$\frac{1}{5}$ ifadesinin değeri kaçtır?,-2,-1,0,1,2,E
64649ef5-4a51-503a-a1bd-94bb5dd6ac76,MATEMATIK,$(a_n) = \left(\frac{n!}{2^n}\right)$ dizisinin baştan itibaren ilk olarak kaçıncı terimi tam sayıdır?,5,9,10,25,50,C
6c5017f4-fd4d-581d-b8bb-ecbeccd7baf3,MATEMATIK,"Gökçen Öğretmen, matematik dersinde şöyle bir tanım yapmıştır: ""Gerçek sayılar kümesi üzerinde tanımlı bir $f$ fonksiyonu, her $x$ gerçek sayısı için $f(f(x))=x$ eşitliğini sağlıyorsa bu fonksiyona çetin fonksiyon denir."" Buna göre, gerçek sayılar kümesi üzerinde tanımlı \begin{enumerate} \item $f(x)=1-x$ \item $f(x)=-x$ \item $f(x)=x$ \end{enumerate} fonksiyonlarından hangileri bir çetin fonksiyondur?",Yalnız I,Yalnız II,Yalnız III,I ve II,"I, II ve III",E
0ed6a9cb-6359-5297-9352-d821c35060cc,MATEMATIK,"a ve b birer doğal sayıdır. $a^2-b^2=23$ olduğuna göre, $2a+b$ toplamı kaçtır?",17,21,26,30,35,E
2518e4b8-1a2d-5c50-80d8-6cd5fbcb8c1f,TARIH,"Klasik Dönem Osmanlı medreselerinde; tefsir, hadis, kelam ve fıkıh gibi ilimlerin yanında matematik, astronomi, fizik, mantık gibi ilimler de ders olarak okutulmuştur. Osmanlı Devleti'nde müderris, kadı ve müftü olmak için de medrese eğitimi almak şarttır.",Ordunun asker ihtiyacının giderilmesini sağlamışlardır.,Hem nakli hem de akli bilimler ile ilgili eğitim verilmiştir.,Başkent dışında faaliyet göstermemişlerdir.,Osmanlı son dönemlerinde önemini kaybetmişlerdir.,Ticari faaliyetlerin geliştirilmesine katkı sağlamışlardır.,B
907a75a1-8ca9-52de-b510-39f05d6c43d5,TURKCE,"Öykülerinde sözlü anlatı geleneğinden yararlanmıştır. Ülkesinin günlük siyasal olaylarını, toplumsal bozukluklarını eleştirel bir yaklaşımla etkileyici bir biçimde yansıtmıştır. Öykülerinde “soyutlama” ve “genelleme”ye yöneliş görülmektedir. Bir yanda halk hikâyeciliğinin, özellikle meddah geleneğinin anlatım olanaklarından yararlanarak çağdaş anlamda bir gülmece öyküsü tekniği geliştirmiştir. Bu bileşim onun, çağdaşları arasında bu türün etkileyici, öncü bir kişiliği yapmıştır.
Bu parçada söz edilen sanatçıyla ilgili aşağıdakilerden hangisi söylenemez?",Toplumsal içerikli öyküler yazmıştır.,Anlatımıyla çağdaşları arasında kılavuz olmuştur.,Öykülerinde kendi geliştirdiği teknik anlatım söz konusudur.,Eski halk hikâyelerini çağdaş bir anlatımla günümüze taşımıştır.,Eserinde eleştirel bir bakış açısı vardır.,D
ced33bad-183d-5502-8d3c-3a036f4cc5f9,MATEMATIK,"$1, 1, 2, 3, 5, 8, 13, 21, 34, 55, ...$ Yukarıda verilen fibonacci sayı dizisinde ilk iki terim $1$ ve üçüncü terimden itibaren her terim kendinden önce gelen iki terimin toplamına eşittir. Buna göre, fibonacci sayı dizisinin üç basamaklı en büyük teriminin rakamları toplamı kaçtır?",23,24,25,26,27,B
8a8c8d2e-aae2-5a0f-a899-b757ac0d429d,MATEMATIK,"$4x^2 - 28x + k = 0$ denkleminin kökleri rasyonel sayıdır. Buna göre, $k$'nin alabileceği kaç farklı doğal sayı değeri vardır?",4,5,6,7,8,D
7e12c54f-b19b-5470-8929-dad5233f94c5,MATEMATIK,"İki çocuğunun şimdiki yaşları farkının 9 katı yaşta olan bir anne, 4 yıl sonra çocuklarının yaşları farkının 10 katı yaşta olacaktır. Buna göre, annenin bugünkü yaşı kaçtır?",27,30,33,36,42,D
d576aff2-06a3-5e55-b612-6ec6ffa58f6a,TURKCE,"(I) 1930'lu yıllardan bu yana dil bilimi terimleri gündemdedir. (II) Bir kavrama farklı adlar verilmesi, alan uzmanlarını değişik uygulamalara yönlendirdi. (III) Mesela F. Heppçingirgiriş, seçtiği terimle ilgili bilgileri işlerken ayraç içinde kullanımda olan öteki karşılıkları da gösterdi: Yaklaşma (yönelme) durumu, bulunma (kalma) durumu, ayrılma (uzaklaşma) durumu vb. (IV) Amaç terim çeşitliliğinden kaynaklanan olumsuzlukları, anlamsızlıkları gidermek. (V) Öteden beri yapılan bir başka uygulama ise yazıda geçen terimin önüne Batılı dillerindeki karşılığının konmasıdır. Bu parçada numaralanmış cümlelerden hangisi düşüncenin akışını bozmaktadır?",I,II,III,IV,V,E
e85c022f-5d36-5867-807d-ad1066142892,KIMYA,"$X^{2+}$ ve $Y^{3-}$ iyonlarının elektron dağılımı, periyodik sistemde 3. periyotta bulunan soy gazın elektron dağılımı ile aynıdır.
Buna göre, X ve Y elementleri ile ilgili;
I. X'in atom numarası 20, Y'nin atom numarası 15'tir.
II. X ve Y periyodik sistemde aynı periyotta bulunur.
III. Periyodik sistemde X 2A grubunda, Y ise 5A grubunda bulunur.
yargılarından hangileri doğrudur?",Yalnız I,Yalnız II,I ve II,I ve III,"I, II ve III",D
20f752bb-dd87-581c-8954-e7f22100b726,MATEMATIK,$\frac{\cot38° - \cos52°}{\sin14° \cdot \sin52°}$ ifadesinin eşiti aşağıdakilerden hangisidir?,$2 \cdot \tan28°$,$2 \cdot \cos52°$,$4 \cdot \sin52°$,$4 \cdot \sin38°$,$4 \cdot \sec38°$,C
9f178a9e-26d4-595d-b99f-d476c4bee583,BIYOLOJI,"Bitkilerde, I. Çiçeklenme, meyve yapma, yaprak dökme gibi olaylar hormonlar tarafından düzenlenir. II. Mevsimlere göre, üretilen hormonlar değişir. III. Hedef dokuya, iletim borularıyla taşınır. ifadelerinden hangileri doğrudur?",Yalnız I,Yalnız II,I ve II,II ve III,"I, II ve III",E
a330d905-1f94-5df6-b717-b281d3047065,MATEMATIK,"Eşit kapasiteli 6 işçinin günde 10 saat çalışarak 4 günde bitirebildiği bir iş, işçi sayısı artırılarak günde 5 saat çalışılarak 2 günde bitirilmektedi. Buna göre, son durumdaki işçi sayısı kaçtır?",18,20,22,24,26,D
8302b97b-1309-546a-86fe-9d66de9ce499,MATEMATIK,"Yan yana dizili 4 kavanoza;
• Her birinde bir tane sayı olan birer mavi etiket yapıştırılınca kavanozlara yapıştırılan mavi etiketlerdeki sayıların soldan sağa doğru artan ardışık çift tam sayı,
• Veli her birinde bir tane sayı olan birer kırmızı etiket yapıştırınca kavanozlara yapıştırılan kırmızı etiketlerdeki sayıların soldan sağa doğru artan ardışık tek tam sayı
olduğu görülüyor. En soldaki kavanozda yazan iki sayının farkı 3 ve en sağdaki kavanozda yazan iki sayının toplamı 27 olduğuna göre, Ali'nin yapıştırdığı etiketlerdeki sayıların toplamı kaçtır?",32,36,40,44,48,C
ea022f56-a4e2-510d-a2c3-edc15335b0ad,MATEMATIK,"Gerçel sayılar kümesinin bir alt kümesi üzerinde $f$ fonksiyonu $f(x) = \frac{x^2-4}{|x-2|}$ biçiminde tanımlanıyor. Buna göre, $\lim_{x \to 2} f(x)$ limitinin değeri kaçtır?",-4,-2,0,6,8,A
157509c1-8314-5cca-aec8-922abaca20bd,MATEMATIK,"Genel terimleri $(a_n)$ ve $(b_n)$ olan aritmetik dizilerin ilk $n$ terimlerinin toplamları sırasıyla $A_n$ ve $B_n$'dir. $\frac{A_n}{B_n} = \frac{5n+3}{n+3}$ olduğuna göre, $\frac{a_5}{b_5}$ oranı kaçtır?",2,3,4,5,6,A
261fdc7c-a97d-534d-a323-2671d3dcbfaa,MATEMATIK,"Sayı doğrusu üzerinde, $x$ sayısının $2$ sayısına olan uzaklığı $y$ birimdir. $y$ sayısının $5$ sayısına olan uzaklığı $3$ birimdir. Buna göre, $x$'in alabileceği değerlerin kaç tanesi pozitiftir?",0,1,2,3,4,C
6ac00d72-be69-500c-b140-f9c703caa6e0,MATEMATIK,"Bir peyzaj mimarı bir bahçeye aynı hizada dikilecek gül fideleri hakkında aşağıdaki notları hazırlamıştır:
* Fidelerin dikileceği uzaklık sabittir.
* Ardışık iki fide arasındaki uzaklık 1,5 m olursa 61 tane fide dikilebilir.
* Ardışık iki fide arasındaki uzaklık 1,8 m olursa x tane fide dikilebilir.
* Her iki durumda da fide dikilecek yerin hem başında hem sonunda fide bulunmaktadır.
Buna göre, x kaçtır?",41,45,49,50,51,E
ddf75c09-8565-5b94-9098-261109a33ce8,MATEMATIK,"Bir deney laboratuvarında deney yapacak öğrenciler A ve B maddelerini aşağıda verilen oranlarda karıştırarak C ve D maddelerini, C ve D maddelerini de verilen oranlarda karıştırarak E maddesini elde edip bir tüpe koyacaklardır.
• 30 ml A + 15 ml B = C
• 45 ml A + 10 ml B = D
• C + 2D = E
Buna göre, laboratuvarda 650 ml A ve 300 ml B maddesi varsa deney sonunda E maddesinden en fazla kaç tüp oluşur?",8,7,6,5,4,D
b872109b-4182-574c-bb6e-537a8b8cdee2,GEOMETRI,"Bir düzgün çokgenin bir iç açısının ölçüsü bir dış açısının ölçüsünden $140^	ext{o}$ fazladır. Buna göre, bu çokgenin kenar sayısı kaçtır?",12,14,16,18,20,D
e425be33-7f09-5444-be8c-9378cd365c41,FIZIK,"Görünür ışığın dalga boyu $7500 \mathring{A}$ ile $4000 \mathring{A}$ arasında olduğuna göre, enerjisi aşağıda verilen fotonlardan hangisi Balmer serisine aittir? ($hc = 12400 \text{ eV} \cdot \mathring{A}$)","$1,5 \text{ eV}$","$1,6 \text{ eV}$","$2,0 \text{ eV}$","$3,2 \text{ eV}$","$4,0 \text{ eV}$",C
8642a9d1-f761-5b3a-8f2a-e998a3f1463c,KIMYA,"Değerlik elektronunun kuantum sayıları $n=3$, $l=0$ olan bir atomun elektron sayısı en fazla kaç olabilir?
(Baş kuantum sayısı: $n$, Açısal momentum kuantum sayısı: $l$)",8,10,12,13,15,C
61e2901f-04f8-55fe-9163-f7eeb361482f,EDEBIYAT,"(I) ""Türk"" adının geçtiği ilk metinler Orhun Abideleri'dir.
(II) Eserler, II. Göktürk Devleti'nin hükümdarı olan Bilge Kağan zamanında Yolluğ Tigin tarafından yazılmıştır.
(III) İlk dikit olan Köl Tigin Abidesi'ni Bilge Kağan 732'de diktirmiş ve dikitin batı yüzünde uzunca Çince bir yazıt vardır.
(IV) İkinci dikit olan Bilge Kağan Abidesi'ni ise Bilge Kağan'ın küçük oğlu Tenri Kağan 735'te diktirmiş ve dikitlerde otuz sekiz harfli özgün bir alfabe kullanılmıştır.
(V) Eserle ilgili Çin kaynaklarında bilgiye ulaşılsa da ilk olarak Kaşgarlı Mahmut, Divanü Lügati't-Türk adlı eserinde dikitlerden söz etmiştir.

Bu parçada numaralı cümlelerin hangisinde bir bilgi yanlışlığı yapılmıştır?",I,II,III,IV,V,D
56e7f009-6909-5db4-8d27-f8f50d6cabd3,MATEMATIK,"İşleminin sonucu kaçtır?
$(\frac{1}{3})^{-2} \cdot (\frac{1}{3})^{-1} \cdot (\frac{1}{3})^4$",$3^{-2}$,$3^{-1}$,$3^1$,$3^2$,$3^3$,C
b1893af3-c361-532d-a31b-c52db8ff545c,TARIH,"Divan-ı Hümayun üç temel sınıftan oluşuyordu. Bunlar: Seyfiye, İlmiye ve Kalemiye sınıflarıdır. Aşağıda verilenlerden hangisi dış ilişkilerin artması, diplomatik faaliyetlerin hızlanması ile önemi artan kalemiye sınıfına mensup görevlidir?",Sadrazam,Reisülküttap,Kazasker,Nişancı,Kaptan-ı Derya,B
b901715c-b308-525a-83cf-51bb02f31205,KIMYA,"Aşağıda bazı tepkime denklemleri verilmiştir. Bu tepkimelerde baz olarak davranan taneciklerin altını çizmek isteyen bir öğrenci hata yapmıştır.
Bu öğrencinin yaptığı hata aşağıdakilerin hangisinde verilmiştir?",$NH_3 + H_2O \rightleftharpoons NH_4^+ + OH^-$,$SO_4^{2-} + H_2O \rightleftharpoons HSO_4^- + OH^-$,$HS^- + H_2O \rightleftharpoons H_2O^+ + S^{2-}$,$CN^- + H_2O \rightleftharpoons HCN + OH^-$,$HPO_4^{2-} + HF \rightleftharpoons F^- + H_2PO_4^-$,C
5fb87e49-f251-5cba-a3c3-96d6c81319a1,KIMYA,"Metallerin,
I. Tel ve levha haline gelebilme
II. Yüzeylerinin parlak olması
III. Isı ve elektriği iletme
özelliklerinden hangileri metalik bağın sonucudur?",Yalnız I,Yalnız II,I ve III,I ve II,"I, II ve III",E
df894f29-d85d-5baa-8b1a-e243a4908aa1,BIYOLOJI,"I. Oksidatif fosforilasyon
II. Substrat düzeyinde fosforilasyon
III. Fotofosforilasyon
Bu fosforilasyon çeşitlerinden hangileri bir bitkinin sitoplazmasında gerçekleşebilir?",Yalnız II,I ve II,I ve III,II ve III,"I, II ve III",A
d5ef3d4b-e42e-552d-af77-fb2d955e1355,MATEMATIK,"$P(x)$ ikinci dereceden başkatsayısı $2$ olan bir polinom olmak üzere, $P(x)$ ve $P(P(x))$ polinomları $(x-2)$ ile tam bölünebilmektedir. Buna göre, $P(3x+1)$ polinomunun katsayıları toplamı kaçtır?",24,16,8,4,2,B
0763a00e-1e72-5c7d-a64d-4fb0c1b74312,KIMYA,"$_{a}^{2a+1}X$, $_{a+2}^{2a+2}Y$ ve $_{a+1}^{2a+2}Z$ tanecikleri ile ilgili, I. X ve Z'nin nötron sayıları aynıdır. II. X ve Y aynı elementin izotop atomlarıdır. III. Y'nin nötron sayısı ile Z'nin elektron sayısı aynıdır. IV. Y ve Z'nin kütle numaraları aynıdır. yargılarından hangileri doğrudur?",I ve II,I ve III,"I, III ve IV",II ve III,"I, II, III ve IV",C
cb7a51b2-412b-52c3-b903-625d14f7167a,TURKCE,"Oidipus, Don Kişot, Madame Bovary, İnce Memed, Zebercet ve diğerleri, çoğu yaşamımızı etkilemiş. Edebiyatın bu ölümsüz kahramanlarına derinden bakarsak kendimizi görürüz. Edebiyatın bu karakterlerinin üzerini örten sözcükleri birazcık kazırsanız altından insanlık çıkar. Geçmişten günümüze, bugünden geleceğe akan büyük insanlık... Kahraman, alçak, saldırgan, pinti, dürüst, ahlaksız, zengin, zeki, deli, aptal, erkek, kadın, çocuk, her türlü hâliyle insanlık... Romancı; işte bu insanlık durumunu, belki de kendini anlatmaya, anlamlandırmaya, açıklamaya çalışan kişidir. Soğuk karanlıkta dönmeye başlayan mavi gezegenimizde -bilmem kaç bin yıldır- sözcüklerden oluşan kendi imgesel insanını yaşatan kişidir.
Bu parçanın anlatım biçimiyle ilgili aşağıdakilerden hangisi söylenemez?",Örneklemeye yer verilmiştir.,Saygı dökmelerden yararlanılmıştır.,Tanımlamaya yer verilmiştir.,Açıklama yapılmıştır.,Gerekçeli yargılar bulunmaktadır.,E
6d1e528e-3c52-57b1-8612-4afa9c921934,MATEMATIK,$\frac{80}{33}$ sayısının devirli ondalık gösterimi aşağıdakilerden hangisidir?,"$2,\bar{4}$","$2,\overline{24}$","$2,\overline{42}$","$2,\bar{6}$","$2,\overline{62}$",C
23df5be8-468e-58bc-8df0-a3ffe3e86ed6,FIZIK,"Elektrik yüklü iletken X, Y, Z metal kürelerinden X önce Y'ye, sonra Z'ye dokundurulup ayrılıyor. Buna göre, son durumda X, Y ve Z'nin yükleri için, işaretlerinden hangileri doğru olabilir?",Yalnız I,Yalnız II,Yalnız III,II ve III,"I, II ve III",E
0c527f3a-35a0-56c1-b6ab-97cdf1d7f266,MATEMATIK,"Zehra'nın elinde 2, 3, 4, 6 ve 9 kilogramlık birer ağırlık ile 1 kilogramlık bir miktar ağırlık bulunmaktadır. Zehra bu ağırlıkların tamamını, eşit kollu bir terazinin başlangıçta boş olan kefelerine, her bir kefede bulunan ağırlıkların çarpımı birbirine eşit olacak şekilde yerleştirdiğinde terazi dengeye gelmiştir.
Buna göre, Zehra'nın elindeki 1 kilogramlık ağırlıkların sayısı en az kaçtır?",1,2,3,4,5,A
99a621a6-3afe-5d52-aa5f-db8086995abe,TURKCE,"Orhan Veli Kanık kendisiyle yapılan ve öykülerini topladığı Hoşgör Köftesi'nde yer alan söyleşide sanatla edebiyatı birbirinden ayırdığını söyler. Şiiri sanatla sokar, öyküyü ise roman ve tiyatroyla birlikte edebiyata. Orhan Veli, ""Fikir sanatla yer almamaya ama edebiyatı üveye dayanıyor."" diye açıklıyor. Edebiyatı sanat saymıyorum. Ne şöyle de demem edebiyatla tiyatro gibi edebiyatın halk kesimine hitap etmesini istiyorum. Okur ve yazarları halka doğru götüren bir edebiyat isterim. Yani edebiyatın çoğunluğa hitap etmesini istiyorum. Çoğunluk okuyup anlamalıdır.""
Bu parçanın anlatımıyla ilgili olarak aşağıdakilerden hangisi söylenemez?",Alıntıya yer verilmiştir.,Tanık gösterilmiştir.,Nesnel anlatımdan yararlanılmıştır.,Karşılaştırma yapılmıştır.,Tahminde bulunulmuştur.,E
c9f70231-9150-5efa-8239-11edffc024e2,KIMYA,"$40$ gram $CaCO_3$ katısı ısıtılınca
$CaCO_{3(k)} \to CaO_{(k)} + CO_{2(g)}$
tepkimesine göre parçalanmaktadır.
Tepkime sonunda normal koşullarda $5,6$ litre $CO_2$ gazı oluştuğuna göre başlangıçtaki $CaCO_3$ kütlesinin % kaçı ayrışmıştır?
(Mol kütleleri: C: $12$, O: $16$, Ca: $40$)","82,5","77,5","62,5","31,5","17,5",C
7c28df5d-1cee-5b8c-879d-ebea20770a3b,MATEMATIK,"C ve D şubelerinde okuyan öğrencilerin bulunduğu bir grupta
• kız öğrencilerin sayısı, C sınıfında okuyan erkek öğrenci sayısına
• D sınıfında okuyan erkek öğrenci sayısı, C sınıfındaki öğrenci sayısına
eşittir.
D sınıfında okuyan 30 öğrenci olduğuna göre, C sınıfında okuyan erkek öğrenci sayısı kaçtır?",24,6,15,12,10,E
645426f7-03fb-5cc4-af15-2fb33b5e2537,MATEMATIK,$\frac{1}{1+\log_a bc} + \frac{1}{1+\log_b ca} + \frac{1}{1+\log_c ab}$ işleminin sonucu aşağıdakilerden hangisidir?,1,$a^2+b^2+c^2$,$(abc)^2$,$a+b+c$,$abc$,A
3c7c4ad7-80fe-5475-88bd-8a5de7779344,TURKCE,"(I) Aynı zamanda zengin bir müzik kültürüne sahip olan, klasik Türk musikisinin hem de Batı musikisini bilerek ve severek dinleyen Orhan Okay'ın müzisyenliğinden bin de memnun olmamak mümkün. (II) Kitaplar, kasetler, dökümanlar ve sahifeler Çarşısı'nı ortaokul yıllarında keşfetmiş, lise yıllarımca ise tam bir bibliyofil olmuştu. (III) Zengin kültürü ve dikkati, onun yazdıklarını farklı kılardı, ilgi alanı çok genişti; felsefe ve estetikle ilgilenmişti. (IV) İlgisini çeken kitapları sonuna kadar okumadan bırakmaz, dergileri bile satır satır okurdu. (V) Kendisine imzalayıp takdim edilen kitapları büyük bir dikkatle okuyup tespit ettiği hulaları ve eksiklikleri küçük kâğıtlara not ederek yazarlarının ulaştırdığına çok şahit olmuşuzdur. Bu parçadaki numaralanmış cümlelerden hangisi düşüncenin akışını bozmaktadır?",I,II,III,IV,V,A
98a47c1b-89d3-582b-9d58-f66f31d12955,MATEMATIK,"$f(x) = (x^2+m)(x^2-n)$ ve $2f'(1)=8$ olduğuna göre, $m+n$ kaçtır?",-1,-2,-3,2,1,E
9882f4d6-127b-59d2-93b2-4eaf695f56b9,GEOMETRI,"Tepe noktası A olan bir ABC ikizkenar üçgeninde $|D| = |BC|$ olacak biçimde bir D noktasının $|AB|$ ve $|AC|$'ye göre simetrileri alınarak sırasıyla D' ve D'' noktaları elde ediliyor.
$m(\widehat{D'AD''}) = 132^{\circ}$
olduğuna göre, $m(\widehat{ABC})$ kaç derecedir?",57,54,61,58,56,B
7343fc51-d9b8-5455-840d-0ff3eca43a31,MATEMATIK,"Bir teknoloji mağazasında satılan X ve Y model iki akıllı telefonun satış fiyatları ile ilgili aşağıdakiler bilinmektedir.

• X model telefon peşin alımlarda etiket fiyatı üzerinden %15 indirim yapılarak 3400 TL'den satılmaktadır.
• Y model telefon etiket fiyatı üzerinden %2 zam yapılarak aylık 612 TL'lik ödemelerle 6 ay taksitle satılmaktadır.

Buna göre, X model telefonun etiket fiyatı Y model telefonun etiket fiyatından kaç TL fazladır?",880,940,1000,1060,1120,D
0671f9bf-98ee-5b1a-9c8e-f3d66d110b75,TURKCE,"(I) Günümüzde doğal güzelliği ile insanları büyüleyen Safranbolu, en eski yerleşim bölgelerinden biridir. (II) Yapılan araştırmalar bizi, bölgede Paleolitik Çağ'a kadar götürür. (III) Öyle ki MÖ 3000 yıllarına kadar giden Safranbolu tarihinde pek çok farklı uygarlığın izlerini bulmak mümkündür. (IV) Bölgedeki en eski uygarlıklardan biri de Gasgaslara aittir. (V) Daha sonra Hititler, Dorlar, Lidyalılar, Persler, Romalılar, Selçuklular ve Osmanlılar gelmektedir. (VI) Anadolu'ya 11. yüzyılda başlayan Türk akınları, pek çok kentte olduğu gibi Safranbolu'nun kaderini değiştirmiştir.

Bu parça iki paragrafa ayrılmak istense ikinci paragraf numaralanmış cümlelerin hangisiyle başlar?",II,III,IV,V,VI,E
a6f41ab5-d3bd-5f4f-8287-5a90a375b256,TARIH,"1913 tarihinde gerçekleşen Bâb-ı Âli Baskını, Talat Paşa'nın, Enver Paşa'nın, Ömer Naci'nin ve diğer İttihatçıların kendi cemiyetlerini iktidara getirmek istedikleri için yapılmış ve Kâmil Paşa Hükûmeti devrilmiştir. Sultan V. Mehmet Reşad, İttihatçıların teklif ettiği Mahmud Şevket Paşa'yı sadrazam tayin etmiştir. İttihat Terakki Cemiyeti, Kâmil Paşa hükûmetinin Edirne ve Adaları düşmana bırakmaya karar verdiğini iddia etmiş ve bu şekilde hükûmetin millî bir harekât sonunda devrildiğini göstermek istemiştir.
Buna göre Bâb-ı Âli Baskını ile ilgili aşağıdakilerden hangisi söylenemez?",Bir hükûmet darbesi niteliğine sahiptir.,Demokratik uygulamaların başladığının göstergesidir.,"İttihatçılar, baskın meşru kılmak istemişlerdir.",Mevcut yönetimde değişiklik yaşanmasına neden olmuştur.,"Padişah, İttihatçıların talebine göre hareket etmiştir.",B
1c35d8cc-7425-5f64-a379-b1845bd50115,MATEMATIK,"$f(x)=(x^3+x+1)^3$ olduğuna göre, $f'(-1)$ kaçtır?",-12,-24,24,48,12,B
29d9e53d-f0f2-5685-93e0-8d9d2f5ae151,MATEMATIK,arcsin$2x = arccos x$ denklemini sağlayan $x$ değeri kaçtır?,$2$,$1$,$\sqrt{5}$,$\frac{1}{\sqrt{5}}$,$\frac{2}{\sqrt{5}}$,D
c7207424-3930-5dcd-867c-02fbd4a918f1,MATEMATIK,"$P(x+2) = (x^2+2x+1)^3$ polinomu veriliyor. Buna göre, $P(x+1)$ polinomunun tek dereceli terimlerinin katsayıları toplamı kaçtır?",-2,-1,0,1,2,C
288cb35d-7206-5564-9042-f9be757332b1,FIZIK,"Bir cep telefonu bataryası üzerinde $2700 \text{ mAh}$ yazıyor. Boş olan bu bataryayı şarj eden adaptörden $300 \text{ mA}$ akım geçtiğine göre, batarya kaç saatte dolar?",12,9,8,6,3,B
23241ecc-8bba-53b8-bf24-25e9f5948d48,MATEMATIK,"$\frac{3}{|x-4|} > \frac{1}{4}$
eşitsizliğini sağlayan kaç tane $x$ tam sayısı vardır?",$25$,$24$,$23$,$22$,$21$,C
2677cc8c-76b9-5e11-85a4-daa7bcce867e,MATEMATIK,"Genel terimi $a_n$ olan bir $(a_n)$ gerçek sayı dizisi ile ilgili olarak aşağıdakiler bilinmektedir.
• $a_1 = 5$
• $a_{n+1} - a_n = 2n$
Buna göre, $(a_n)$ dizisinin genel terimi aşağıdakilerden hangisidir?",$n^2 + 4n$,$n^2 - 4n + 8$,$n^2 + 3n + 1$,$n^2 + 2n + 2$,$n^2 - 5n + 9$,C
85540d1f-6da9-5871-ac14-e0bd64244781,TARIH,"Mondros Ateşkes Antlaşması'ndan sonra İstanbul Hükûmeti, İtilaf Devletleri'nin başlattığı işgallere karşı vere- memiş, bu durum Türk milletinin tepkisine yol açmıştır. Türk milleti bu tepkisini; I. Kuvay-ı Milliye'yi oluşturma, II. ABD mandasını kabul etme, III. Mitingler ve kongreler düzenleme faaliyetlerinden hangileri ile göstermiştir?",Yalnız II,Yalnız III,I ve III,II ve III,"I, II ve III",C
dc906bc7-b951-53f8-9d29-d17afa81918a,BIYOLOJI,Doğadaki karbon döngüsünde etkili olan aşağıdaki faktörlerden hangisi atmosferdeki $CO_2$ miktarının değişiminde diğerlerinden farklı yönde etki yapar?,Yeşil bitkilerin solunumla enerji üretmesi,Isınmak için fosil yakıtların kullanılması,Çürükçüllerin organik maddeleri ayrıştırması,Hayvanların organik yapı taşlarını solunumda kullanması,Klorofilli bakterilerin organik besin sentezlemesi,E
513b8b25-79a5-5e87-9f2a-47a9468ce8e2,BIYOLOJI,Bitkilerde şekerin kaynak ile havuz arasında taşınmasıyla ilgili aşağıdakilerden hangisi yanlıştır?,"Kaynaktaki şeker, arkadaş hücreleri aracılığıyla kalburlu borulara aktarılır.","Kaynağa komşu olan kalburlu borularda şeker derişiminin artması, ksilemden su almasına neden olur.",Kalburlu borularda maddelerin kütlesel akışında pozitif basınç etkilidir.,"Kalburlu borularda şeker, sadece yukarıdan aşağıya doğru tek yönlü taşınır.","Bitkinin havuz olan bir organı, gerektiğinde kaynak olarak işlev görebilir.",D
3519261d-dcb6-5876-b7bb-be497ee1811d,KIMYA,Atomun çekirdeğinde bulunan pozitif yüklü taneciklere ne ad verilir?,Proton,Nötron,Elektron,İyon,Katyon,A
4cdb5eb1-831c-5033-bf7f-2983c8a46a52,BIYOLOJI,50 tane glikoz ile 20 tane galaktoz molekülünden laktoz sentezi yapıldığında aşağıdaki sayılar kaç tane olur?,"Üretilen laktoz: 50, Kurulan bağ: 50, Açığa çıkan su: 50","Üretilen laktoz: 50, Kurulan bağ: 20, Açığa çıkan su: 10","Üretilen laktoz: 20, Kurulan bağ: 20, Açığa çıkan su: 20","Üretilen laktoz: 20, Kurulan bağ: 19, Açığa çıkan su: 19","Üretilen laktoz: 30, Kurulan bağ: 20, Açığa çıkan su: 10",C
d028aa68-3e3a-5b7d-8cac-370dc6e29df9,GEOMETRI,"Aşağıda verilen birbirine eklenmiş A, B ve C eşkenar üçgenlerinin alanları sırasıyla $3\sqrt{3}\text{ cm}^2$, $4\sqrt{3}\text{ cm}^2$ ve $4\sqrt{3}\text{ cm}^2$ dir. Buna göre, şeklin çevresi kaç cm'dir?",117,120,133,137,141,C
3f6f5a2d-f7c6-5bc5-98b6-b9069e86b4fd,MATEMATIK,"$k$ pozitif tam sayı olmak üzere, $(a_n)$ üçgensel sayı dizisi ve $(b_n)$ karesel sayı dizisi, $a_k + a_{k+1} = b_k$ eşitliğini sağlamaktadır. Buna göre, $k$ kaçtır?",5,6,11,25,36,B
fd90dd05-5233-5089-8d7b-30ad282248be,KIMYA,"Aşağıdaki tepkimelerde X ile gösterilen ve normal koşullarda 8,96 L hacim kaplayan gaz, %75 verimle HCl gazı ile tepkimeye girmektedir. Oluşan bileşik ise II numaralı tepkimede yeterince KOH ile artansız tepkime vermektedir.
I. $X + HCl \rightarrow CH_3CH_2Cl$
II. $CH_3CH_2Cl + KOH \rightarrow Y + KCl$
Buna göre aşağıdaki ifadelerden hangisi yanlıştır?
($H=1 \text{ g/mol}$, $C=12 \text{ g/mol}$, $O=16 \text{ g/mol}$)
A) I. tepkime katılma, II. tepkime ise yer değiştirme tepkimesidir.
B) X bileşiği etilen, Y bileşiği etil alkoldür.
C) II numaralı tepkime asit-baz tepkimesidir.
D) I numaralı tepkimede oluşan ürün 0,3 molüdür.
E) Oluşan Y bileşiğinin kütlesi 13,8 gramdır.","I. tepkime katılma, II. tepkime ise yer değiştirme tepkimesidir.","X bileşiği etilen, Y bileşiği etil alkoldür.",II numaralı tepkime asit-baz tepkimesidir.,"I numaralı tepkimede oluşan ürün 0,3 molüdür.","Oluşan Y bileşiğinin kütlesi 13,8 gramdır.",A
0172d300-39c2-595e-b57f-8ba792364b58,MATEMATIK,"Gerçek sayılarda tanımlı ikinci dereceden bir $P(x)$ polinomu her $x$ gerçek sayısı için $P(x) \ge 2x+4$ eşitsizliğini sağlamaktadır.

* $P(3)=10$
* $P(0)=13$

olduğuna göre, $P(x)$ polinomunun katsayılar toplamı kaçtır?",4,6,10,12,16,E
cd73f080-7bb1-5251-a38b-a6c17a472099,MATEMATIK,"Bir $(a_n)$ karesel sayı dizisinde, $a_{n+1} - 2a_n = 33$ olduğuna göre, $n$ kaçtır?",11,12,13,14,15,E
9b358fdb-e5d2-59dc-b597-6ab5d40e3f60,MATEMATIK,"Şarjı bitmiş bir tablete şarj kablosu takılır ve tablet kullanılmazsa 5 saat sonra şarjı %100 dolmaktadır. Tabletin şarjı %100 ve şarjı dolu tabletin takılı değilken bu tablette 6 saat video izlenirse şarjı bitmektedir. Tabletin şarjı bitmiş iken şarj kablosu tablete takılıyor ve 2 saat boyunca tablet kullanılıyor. Bu 2 saatlik süre dolduğu anda Ali şarj kablosunu çıkarmadan tabletten video izlemeye başlıyor. Şarjı %100 dolduğu anda Ali video izleme işlemini sonlandırdığına göre, Ali kaç saat video izlemiştir?",12,14,16,18,20,D
f6c8c669-bb88-5293-ade0-87e95481bd86,KIMYA,"$Cu + HNO_3 \rightarrow Cu(NO_3)_2 + NO + H_2O$
Yukarıdaki tepkime ile ilgili;
I. $N^{5+}$ tamamen indirgenmiştir.
II. $Cu$ yükseltgen maddedir.
III. Tepkime en küçük tam sayılar ile denkleştirildiğinde indirgen maddeden katsayısı $8$ olur.
yargılarından hangileri doğrudur? ($H_2O$ hariç)",Yalnız I,Yalnız II,Yalnız III,I ve II,"I, II ve III",C
554e4f3f-1559-5cfd-9731-c55e23c767a4,EDEBIYAT,"Avrupa'daki edebî topluluklara özenen, edebiyata meraklı gençlerin oluşturduğu fecriati topluluğuna ka- tılmıştır. Beyannameye imza attıysa da daha sonra Servetifünun'un devamı olarak gördüğü bu hareket- ten ayrılmıştır. ""Beni onlardan ayıran esas sebep lisan farklılığıdır."" diyeceği fecriati toplantılarından tek ka- zancı, sonraki yıllarda sanatı üzerinde etkili olan Ya- kup Kadri'yi tanıması olmuştur. Onun genç yaşta tanın- ması; Kalem, Cem ve Şehrah isimli mizah dergilerinde ""Kırpıl"" mahlasıyla yazdığı mizah yazıları sayesinde ol- muştur. Daha sonra hikâye ve romana yönelen sanat- çı; Tete, Yezidin Kızı, Dişi Örümcek adlı romanlarında Orta Doğu, Doğu Akdeniz'de geçen olayları anlatmıştır. Bu parçada tanıtılan sanatçı aşağıdakilerden han- gisidir?",Refik Halit Karay,Reşat Nuri Güntekin,Halide Edip Adıvar,Ahmet Hikmet Müftüoğlu,Halide Nusret Zorlutuna,A
dd31d64d-cc54-581c-a7e9-f2897352a49c,TURKCE,"Numaralanmış cümlelerin hangisinde yazım yanlışı yapıl- mıştır?
I. Bu çocuk, tıpatıp babasına benziyor.
II. Omuz omuza verip işi erkenden bitirmiştik.
III. Onunla bugün göz göze gelmek istemiyorum.",Yalnız I,Yalnız II,I ve II,I ve III,II ve III,D
cbf3a417-8261-5556-b2cd-881d30a6b2a8,MATEMATIK,"$m$ ve $n$ birer pozitif tam sayı olmak üzere, $A$ noktasından aynı anda yola çıkan Can ve Ege bir süre mola vermek için durduklarında birinin $2^m$ birim diğerinin $5^n$ birim yol aldığı görülüyor. $A$ ile $B$ arası $\sqrt{1050}$ birim olduğuna göre, $2^m \cdot 5^n$ çarpımı en çok kaçtır?",600,625,650,675,700,A
e9c8a539-df6f-591d-a903-821475425f9f,MATEMATIK,"İşlemini yapacak olan Gülsüm, işlemedeki + işaretini - işareti olarak görmüş ve gördüğü şekliyle işlemi doğru sonuçlandırmıştır. Buna göre, Gülsüm'ün bulduğu cevap asıl bulması gereken cevaptan kaç eksiktir?",$\sqrt{6}$,$2+\sqrt{6}$,$4+\sqrt{6}$,$4+2\sqrt{6}$,$5+2\sqrt{6}$,D
634e8609-7f93-5d2f-9446-9a4cd69bd198,MATEMATIK,"$f: \mathbb{R} \to \mathbb{R}^+$ $g: \mathbb{R} \to \mathbb{R}$ $f(x) = 2^{x-1}$ $g(x) = 3x-2$ Buna göre, $f(g(2))$ değeri kaçtır?",4,8,16,32,128,C
ea7ed25c-0cf4-5426-812e-3495445387f5,MATEMATIK,"Gerçel sayılarda tanımlı birbirinden farklı $f(x)$ ve $g(x)$ fonksiyonları için
$A = \int (2f(x)+3g(x))d(4x)$
$B = \int (4g(x)-2f(x))d(2-3x)$
eşitlikleri veriliyor.
Buna göre, $A+B$ toplamı aşağıdakilerden hangisine eşittir?",$\int 8f(x)dx$,$\int 7f(x)d(2x)$,$\int 3g(x)d(5x)$,$\int (f(x)+g(x))d(7x)$,$\int (f'(x)-g'(x))dx$,C
c08e7236-9cde-50e1-bcc1-d67c0b23f1ae,MATEMATIK,"$a \in (\frac{\pi}{4}, \frac{\pi}{3})$ olmak üzere, $x = \cos a$, $y = \cos(2a)$, $z = \cos(3a)$ eşitlikleri veriliyor. Buna göre, $x, y$ ve $z$ sayılarının doğru sıralanışı aşağıdakilerden hangisidir?",$x < y < z$,$y < x < z$,$z < y < x$,$z < x < y$,$y < z < x$,C
c9fe3d5b-5d86-58ce-a219-c432fa6c8eef,MATEMATIK,"Bir kuru yemişçinin hazırladığı iki çeşit karışık çerez eşit ağırlıktaki poşetlerde satılmaktadır. Bu iki çeşit karışık çerez poşetlerinden birinin ağırlığının %10'u, diğerinin ağırlığının ise %20'si fındıktır. Bu kuru yemişçide birinci gün sadece ağırlığının %20'si fındık olan poşetlerden satılmıştır. İkinci gün ise bu iki çeşit fındık içeren poşetlerden eşit sayılarda satılmıştır. Birinci gün satılan karışık çerez poşetlerindeki toplam fındık miktarı, ikinci gün satılan karışık çerez poşetlerindeki toplam fındık miktarının yarısıdır. İki gün boyunca bu iki karışımdan toplam $132$ poşet karışık çerez satıldığına göre ilk gün kaç poşet karışık çerez satılmıştır?",24,30,36,40,48,C
52ef7d6f-7306-5f00-94a9-37826f94ce62,MATEMATIK,"Fonksiyonu tanım kümesinde bulunan her $x$ gerçek sayısı için $f(x) + f\left(\frac{1}{1-x}\right) = x$ eşitliğini sağlamaktadır. Buna göre, $f(0) + f(1) + f\left(-\frac{2}{3}\right)$ toplamı kaçtır?",$\frac{1}{4}$,$\frac{1}{2}$,$\frac{3}{2}$,$\frac{5}{2}$,2,E
c81516ae-7314-5999-b71c-ccf0022645c1,MATEMATIK,"Gerçek sayılar kümesi üzerinde $f$ ve $g$ fonksiyonları $f(x) = \frac{x-2}{x+1}$ ve $g(x) = 3x - 3$ biçiminde tanımlanıyor. $f(2a) + g(1 - a) = 7$ olduğuna göre, $g(a)$ kaçtır?",-2,-1,0,1,2,C
f327b966-4101-57de-ad0b-6b31aa3c17cb,KIMYA,"$_{15}X$, $_{19}Y$ ve $_{23}Z$ elementleri ile ilgili;
I. X ve Y'nin kimyasal özellikleri benzerdir.
II. Değerlik elektron sayıları $X=Y=Z$'dir.
III. Periyot numaraları farklıdır.
yargılarından hangileri doğrudur?",Yalnız I,Yalnız II,I ve II,II ve III,"I, II ve III",E
b63bc070-e6f6-51c1-b613-299f9175c240,MATEMATIK,$\sum_{k=1}^{10} \frac{1}{k(k+1)}$ toplamının sonucu kaçtır?,$\frac{5}{6}$,$\frac{7}{8}$,$\frac{10}{11}$,$\frac{13}{14}$,$\frac{17}{18}$,C
681ea1b0-d106-5de2-9bf6-1a4a47054fbf,MATEMATIK,"1 Ocak 2015'te yapılan nüfus sayımında nüfusu $810 \ 000$ olan bir şehrin, 2016'dan 2023'e kadar her sene 1 Ocak'ta nüfus sayımı yapılmıştır. 2015'ten sonra yapılan ilk dört yıldaki nüfus sayımlarının her birinde nüfus bir önceki yıla göre $\frac{1}{10}$ oranında, sonraki dört yılın her birinde ise nüfus bir önceki yıla göre $\frac{1}{11}$ oranında artmıştır. Buna göre, bu şehrin 1 Ocak 2023'te yapılan nüfus sayımında nüfusu kaç olmuştur?",$2^{20}$,$6^8$,$3^{13}$,$5^8$,$10^8$,C
fca9de59-6de8-5212-b47a-799220a740cd,MATEMATIK,"$f(x-1)=\frac{2x+1}{3}$ ve $f^{-1}(a+2)=1$ olduğuna göre, $a$ kaçtır?",$-\frac{1}{3}$,$-1$,$0$,$-\frac{2}{3}$,$2$,E
00f43e42-4b58-5f79-8ecb-20ebf46e3561,TARIH,"Rusya ile yapılan bu antlaşma sonrası Karadeniz Türk gölü olma özelliğini kaybetmiş. Azak kalesi ve çevresi Ruslara bırakılmıştır.
Bu parçada hakkında bilgi verilen antlaşma aşağıdakilerden hangisidir?",Forhat Paşa Antlaşması-1595,Hotin Antlaşması-1621,İstanbul Antlaşması-1700,Bahçesaray Antlaşması-1681,Zitvatorok Antlaşması-1606,C
068d5b19-d39b-51b9-ab61-c753332c55bc,MATEMATIK,"Bir mağazada babalar gününde satılan ilk 20 tişörtün %30'u polo yakadır. Aynı gün satılan diğer tişörtlerde ise her iki satışın biri polo yakadır.

Mağazada babalar günü boyunca satılan tişörtlerin sayısı çift ve bu tişörtlerin %45'i polo yaka olduğuna göre, bu mağazada babalar gününde kaç tişört satışı gerçekleşmiştir?",72,80,84,92,96,B
730eee3d-7ada-5c66-af6d-75705e76679d,MATEMATIK,"$f(x)=\frac{1}{\sqrt[3]{x^3+1}}$ olduğuna göre, $f'(x)$ aşağıdakilerden hangisidir?",$\frac{x^2}{\sqrt[3]{x^3+1}}$,$\frac{x^2}{3\sqrt[3]{(x^3+1)^2}}$,$\frac{-1}{3\sqrt[3]{x^3+1}}$,$\frac{-x^2}{\sqrt[3]{(x^3+1)^2}}$,$\frac{-x^2}{3\sqrt[3]{(x^3+1)^4}}$,E
13ad0b93-b0e0-592f-94af-fc79d241686d,MATEMATIK,Genel terimi $a_n=\sin\left(\frac{\pi}{3}n\right)$ olan dizinin alabileceği en büyük değer en küçük değerden kaç fazladır?,-2,-\sqrt{3},0,\sqrt{3},2,E
3006fe7e-53bd-5cce-97de-bd93f9de231b,MATEMATIK,"$|x-y|=5$ ve $y^2+x-y=4$ olduğuna göre, $x$'in alacağı gerçek sayı değerleri toplamı kaçtır?",-6,-10,-2,6,2,C
1e00a385-03d4-52c0-8d4b-126c71d2ada1,MATEMATIK,"$f(x)$ doğrusal bir fonksiyon olmak üzere

$\lim_{x \to 1} [x^2 + f(x)] = 19$
$\lim_{x \to -1} [x^2 - f(x)] = 0$

eşitlikleri veriliyor.

Buna göre, $\lim_{x \to -2} f(x)$ ifadesinin değeri kaçtır?",-2,-1,0,1,2,A
37c99f5b-af1f-5944-9e83-1e3b96a07231,MATEMATIK,"$a, b$ ve $c$ birer reel sayı olmak üzere,
$a-b=0$
$b+c<0$
$a-c>0$
ifadeleri veriliyor.
Buna göre,
I. $a$ pozitif bir reel sayıdır.
II. $b$ negatif bir reel sayıdır.
III. $c$ sayısı $0$ dır.
çıkarımlarından hangileri doğrudur?",Yalnız I,Yalnız II,Yalnız III,"I, II ve III",Hiçbiri,E
06a036a8-9067-5330-bebd-ea1e5f0e4cb9,MATEMATIK,"a reel sayı olmak üzere, $\int_{1}^{2} (2x-1)dx$ ifadesinin en küçük değerini alabilmesi için a kaç olmalıdır?",$\frac{1}{6}$,$\frac{1}{5}$,$\frac{1}{4}$,$\frac{1}{3}$,$\frac{1}{2}$,C
a7bfd14e-f4ea-5c3b-9dd8-afac4cc4acfd,MATEMATIK,"$(a_n)$ dizisinde her $n \ge 2$ tam sayısı için $a_n = \left\{ \begin{array}{ll} a_{n-1} + a_{n-2} & n \text{ tek ise} \\ \frac{a_{n-1}}{2n-3} & n \text{ çift ise} \end{array} \right.$ eşitliği sağlanıyor. $a_7 = 21$ olduğuna göre, $a_3$ kaçtır?",13,11,9,7,5,D
84643a36-3b6e-560b-9259-0d150a031747,MATEMATIK,"$a > 1$ olmak üzere, $\log_b 9 = \log_a x$, $\log_a 81 = \log_b x$ olduğuna göre, $x$ kaçtır?",3,$3^{-2}$,$\sqrt{3}$,$2\sqrt{3}$,9,A
78057db0-6d1c-595f-b586-2d9effa9f271,MATEMATIK,$2x+6=3+\left(2-\frac{2x}{3}\right)$ denkleminin çözüm kümesi aşağıdakilerden hangisidir?,{},{2},{0},{\frac{3}{2}},R,E
c1fa6349-542c-502c-97df-55ac86946792,MATEMATIK,"tanx - cotx = 5 olduğuna göre, tan$^2$x + cot$^2$x ifadesinin değeri kaçtır?",21,23,25,27,29,D
9b6912d9-b04b-5e22-825f-5259f0706fbc,GEOMETRI,"Dik koordinat düzleminde $2x + y = 12$ doğrusu ile bir $d$ doğrusu $A(4, 4)$ noktasında kesişmektedir. Bu iki doğru, merkezi $A(4, 4)$ noktası olan her daireyi eşit alanlı dört bölgeye ayırmaktadır. Buna göre, $d$ doğrusunun denklemi aşağıdakilerden hangisidir?",$-2x + y = 4$,$x - 3y = -8$,$3x + y = 16$,$2x + y = 12$,$x - 2y = -4$,D
56bf8665-78ce-5edf-a15d-2c6c4b7b61d5,MATEMATIK,"$f: \mathbb{R} \to \mathbb{R}$ birim fonksiyonunda $f(x + g(x)) = 3x - g(x)$ eşitliği sağlanıyor. Buna göre, I. $g$ birim fonksiyondur. II. $f(7) = 7$ III. $g\left(\frac{1}{2}\right) > f\left(\frac{1}{3}\right)$ ifadelerinden hangileri doğrudur?",Yalnız I,I ve II,I ve III,II ve III,"I, II ve III",E
52e62935-f0e9-5480-8890-d43b1665606d,MATEMATIK,$\frac{2x-4}{3} - \frac{3x-2}{6} = \frac{5x-14}{2}$ denkleminin çözüm kümesi aşağıdakilerden hangisidir?,$\{-1\}$,$\{-2\}$,$\{-3\}$,$\{-4\}$,$\{-5\}$,B
f01e8212-78c3-59a1-b82c-c17f6b3a9b5f,MATEMATIK,$\log_2(x+4) - \log_2(x+2) = 2 \cdot \log_2 3 - 1$ denklemini sağlayan $x$ kaçtır?,5,6,7,8,9,D
098b1601-cab1-5de6-8e4d-a53b1f4e3e51,TURKCE,Aşağıdaki cümlelerin hangisinde altı çizili sözcüğün türü yanlış açıklanmıştır?,"Sabah, mutsuz insanlar için yeniden yapılan bir başlangıçtır. (zaman zarfı)","Kitabın en iyi bölümü, kahramanın iç hesaplaşmasının anlatıldığı bölümdü. (üstünlük zarfı)",Bu yolu ne zaman ve nasıl girdiğini anlatmak zorundasın. (soru zarfı),Sahneden içeri girip mimikleriyle bizi motive etti. (yer-yön zarfı),Her şey birbirine bağlı ve çok zor şekilde çözülecek. (durum zarfı),D
1044bf1a-3a4c-54e1-ac67-80c334d325dd,MATEMATIK,"$P(x)$ polinomunun $x+1$ ile bölümünden kalan $-20$ ve katsayıları toplamı $42$'dir. Buna göre, $P(x)$ polinomunun tek dereceli terimlerinin katsayıları toplamı kaçtır?",31,28,22,11,6,A
721229dd-dada-5b0e-a5c3-5e935724ab79,MATEMATIK,"$a, b, c \in \mathbb{R}$ olmak üzere, $(a-b)x^4 + (b+2)x^3 + x^2 + (a+b)x + c = 0$ denklemi x'e bağlı ikinci dereceden bir bilinmeyenli denklem olduğuna göre, $\frac{a-b}{c}$ oranı kaçtır?",-3,4,-4,3,6,C
6218c736-cda1-5468-a4b2-7565265e71da,FIZIK,"Düzgün E elektrik alanına v hızıyla giren $q_1$, $q_2$, $q_3$ yüklerinin izlediği yörüngeler şekilde verilmiştir. Sürtünme kuvveti ve yer çekimi etkisi önemsenmediğine göre yörüngelere bakılarak $q_1$, $q_2$, $q_3$ yüklerinden hangilerinin negatif olduğu kesinlikle söylenebilir?",Yalnız $q_1$,Yalnız $q_2$,Yalnız $q_3$,$q_1$ ve $q_2$,$q_2$ ve $q_3$,A
1e6ea126-2c92-5455-b0d1-4dea52492ae0,MATEMATIK,"A ve B şehirlerinden karşılıklı süratleri oranı $\frac{2}{3}$ olan iki hareketli aynı anda yola çıkıyorlar.
Bu anda bir kuş, A şehrinden B'ye doğru uçmaya başlıyor.
Kuş, A'dan B'ye 3 kez gidip B'den A'ya 3 kez döndüğünde bu iki hareketli daha yeni karşılaştığına göre; kuşun süratinin, hızlı olan hareketlinin süratine oranı kaçtır?",10,12,18,6,9,B
e0fb2a9b-577e-5a6f-9c14-d40eda2273d8,FIZIK,"Üç öğrenci, günlük hayatta karşılaştıkları olayları aşağıdaki gibi ifade ediyor.
Selin: Mikrodalga fırına koyduğum simidin kısa sürede ısındığını farkettim.
Caner: Bir yolculuğum sırasında, bir yüksek gerilim hattının altından geçerken, aracımda çalan radyasyon cızırtı yaptığını gözlemledim.
Berna: Evimin hemen dışında çalan bir davulun sesinin, evimin pencerelerini titreştirdiğini farkettim.
Buna göre, hangi öğrencilerin yaşadığı olaylar elektromanyetik dalganın varlığı ile açıklanabilir?",Yalnız Berna,Yalnız Selin,Selin ve Caner,Yalnız Caner,"Selin, Caner ve Berna",C
906a2388-0099-570e-bd75-fab9d1493e53,MATEMATIK,"İkinci dereceden bir bilinmeyenli denklemler aşağıdaki gibi gruplandırılmıştır. 1. grup: Diskriminantı pozitif olanlar 2. grup: Diskriminantı negatif olanlar 3. grup: Diskriminantı sıfır olanlar Buna göre, ikinci dereceden denklemlerle ilgili aşağıdakilerden hangisi yanlıştır?",Baş katsayı ve sabit terimi farklı işaretli olanlar 1. gruptadır.,"İki reel kökü olanların bir kısmı 1. grup, bir kısmı 3. gruptadır.",Kökleri eşit olanların tümü 3. gruptadır.,2. gruptakilerden hiçbirinin reel kökü yoktur.,Kökleri toplamı 6 ve kökleri çarpımı 10 olan denklem 1. gruptadır.,C
4668bc84-3405-585e-9870-c0efcaaba6b3,MATEMATIK,"$a$ ve $b$ ardışık iki tam sayıdır.
$a < \log_2 200 < b$
olduğunagöre, $a \cdot b$ çarpımı kaçtır?",6,12,20,30,42,E
b1fcaefa-b60a-5ad2-9a1c-20b8b23534c2,KIMYA,"X ve Y maddelerinin tanecikleri arasındaki etkileşimler ile ilgili aşağıdaki bilgiler veriliyor.
• X'in molekülleri arasında sadece London kuvvetleri bulunur.
• Y'nin $H_2O$ ile oluşturduğu karışımda iyon - dipol etkileşimleri bulunur.
Buna göre X ve Y maddeleri aşağıdakilerin hangisindeki gibi olabilir? ($_1H, _6C, _7N, _8O, _{11}Na, _{17}Cl$)","X: HCl, Y: $CO_2$","X: $CH_4$, Y: $NaCl$","X: $H_2O$, Y: HCl","X: $CO_2$, Y: $CH_4$","X: $NH_3$, Y: $NaCl$",B
02f4bfbd-c22f-5bd2-9810-e2f340ef45ce,MATEMATIK,"$x$ ve $y$ birer tam sayıdır. $-5 < x < 7$ ve $0 < y < 11$ olduğuna göre, $x+y$ toplamının en büyük ve en küçük değerlerinin toplamı kaçtır?",13,14,15,16,17,D
67e14b44-6edc-5726-bb45-66e67ab49545,MATEMATIK,"$P(x)$ baş katsayısı pozitif olan birinci dereceden bir polinom olmak üzere, $P(P(x)) = 9x + 24$ olduğuna göre, $P(2)$ değeri kaçtır?",8,10,12,14,16,B
65e5f2fe-36ba-5080-9738-11ad9ac65a5d,MATEMATIK,$\frac{\sqrt{60}+\sqrt{16}}{\sqrt{39}-\sqrt{9}}$ işleminin sonucu kaçtır?,$\frac{1}{3}$,0,1,$\frac{4}{3}$,2,D
cdb6cbce-4b8e-57e8-ba2b-4e9b4be1ff57,FIZIK,"Çift yarık deneyinde, perdede birim uzunluğa düşen saçak sayısı niceliklerinden hangilerine bağlıdır? I. Işığın rengi II. Işığın parlaklığı III. Yarıklar arası uzaklık",Yalnız I,Yalnız II,I ve II,I ve III,II ve III,D
af846ece-a2df-569e-bb5c-c6fe8a974303,MATEMATIK,"$f(x) = x^3 - ax + 1$ fonksiyonunun $x$ eksenini kestiği noktalardan çizilen teğetleri birbirine diktir. Buna göre, $a^2$ kaçtır?",1,2,3,4,5,C
6a5a1140-73f6-5adc-beda-35d4d2ea173d,MATEMATIK,"Birinci dereceden bir $P(x)$ polinomunun $(x-2)$ ile bölümünden kalan, $(x-P(1))$ ile bölümünden kalana eşittir. Buna göre, $P(x)$ polinomunun $(x-1)$ ile bölümünden kalan kaçtır?",$2$,$1$,$-1$,$-2$,$-3$,E
02ef719e-c8b9-5aba-85cb-e196826ba28b,MATEMATIK,"Gerçek sayılarda tanımlı ve sürekli olan $f$ fonksiyonunun her noktasında birinci ve ikinci türevi tanımlıdır. $f''(x) = 4x^3-2x$ $f'(0)=0$ olduğuna göre, $y=f(x)$ fonksiyonunun yerel maksimum noktasının apsisi kaçtır?",-2,-1,0,1,2,B
2ce33c18-3bfa-5125-a97a-21ab75ef7b27,TURKCE,"Konu, en iyi nasıl anlatılacaksa, okura en iyi nasıl sunulacaksa bir yazar bunu bulmalı, yaratmalıdır. Bu cümleye anlamca en yakın cümle aşağıdakilerden hangisidir?","Her yazar, eserini oluştururken okurun kültür düzeyini hesaba katmalıdır.",Her yazarın kendine özgü bir okur kitlesi vardır.,Yazarın eserinde anlattıkları okura hitap etmelidir.,"Yazar, içeriğe en uygun anlatım biçimini oluşturmak zorundadır.",Aynı konuyu ele alan yazarlar benzer sonuçlara ulaşabilirler.,D
38f4425e-c718-593e-b28c-5ddaed6617b8,GEOMETRI,"Dik koordinat düzleminde denklemi $x^2 + y^2 + (a+7)x + (a-3)y + a+1 = 0$ olan çember, orijinden geçmektedir. Buna göre, bu çemberin merkezinin koordinatları aşağıdakilerden hangisidir?","$(2, 3)$","$(2, -3)$","$(3, -2)$","$(-3, 2)$","$(3, 2)$",D
234a5222-5d9f-5edb-a5dc-c5a889364d77,KIMYA,"Baş kuantum sayısı ile ilgili,
I. $0, 1, 2, 3, 4,...$ tam sayı değerlerini alır.
II. ""n"" ile gösterilir.
III. Sayısal değeri arttıkça elektronun potansiyel enerjisi artar.
İfadelerinden hangileri yanlıştır?",Yalnız I,I ve II,I ve III,II ve III,"I, II ve III",A
86c030b8-eca6-5e4e-8a76-638019069ef5,MATEMATIK,"$a$ ve $b$ pozitif tam sayı, $c$ bir asal sayı olmak üzere, $\frac{a}{b} = \frac{c}{b+1}$ eşitliği veriliyor. Buna göre, I. $a$ tek sayı ise $b$ çift sayıdır. II. $a$ çift sayı ise $b$ tek sayıdır. III. $b$ tek sayı ise $c=2$ dir. hangileri kesinlikle doğrudur?",Yalnız I,I ve II,I ve III,II ve III,"I, II ve III",C
9700fed1-726e-5fa0-9b82-3b9c8b1c2adc,TARIH,"XIX. yüzyıl sonlarında siyasi birliğini kurmuş olan İtalya, Trablusgarp'ın sömürgesi haline getirmek istemektedir. Bu amacına ulaşma yolunda Fransa ile 1900 yılında bir an- laşma yapmış, Fransa'nın Fas'taki nüfuzuna karşılık ken- disinin de Trablusgarp üzerindeki nüfuzunu tanımıştır. 1901 yılında İngiltere, 1902'de Avusturya, 1909'da da Rusya, İtalya'nın Trablusgarp üzerindeki çıkarlarını tanımıştır.
Bu gelişmelerin aşağıdakilerden hangisine zemin ha- zırladığı söylenebilir?",Osmanlı Devleti'nin denge politikasını uygulama şansı- nın kalmaması,Trablusgarp'taki yerli halkın İtalyanlara karşı direnişe geçmesi,Osmanlı Devleti'nin İtilaf Bloku'nda yer alması,Kanal Cephesi'nin açılması,Rusya'ya Boğazlardan geçiş konusunda ayrıcalık veril- mesi,A
ed6c2972-c593-57cb-b3c5-789d4bad60b8,TARIH,"6 Ağustos 1945'te Enola Gay isimli savaş uçağı ile Hiroşima'ya, üzerinde Little Boy (Küçük Çocuk) yazan, ilk atom bombası atılmış ve ilk anda 70.000 kişi hayatını kaybetmiştir. 3 gün sonra da Nagasaki'ye, Fat Boy (Şişman Çocuk) adını verdikleri bir atom bombası daha atıldı. Bombaların ortaya çıkardığı radyasyonun da etkisiyle kısa süre içinde iki kentte ölenlerin sayısının 500.001 geçtiği tahmin edilmektedir. Atom bombaları ile ilgili verilen bilgiye göre aşağıdakilerden hangisi doğrudur?",Atılan bombalar savaşın süresini uzatmıştır.,II. Dünya Savaşı Japonya'da kalıcı etkiler bırakmıştır.,Japonya topraklarını güvenceye almıştır.,Çok sayıda insan savaşa gönüllü olarak katılmıştır.,Savaşın olumsuz etkileri Avrupa kıtasını ekonomik bunalıma sokmuştur.,B
6a8f6016-834c-5059-9058-1f7e360313f2,MATEMATIK,"$a, b$ ve $c$ gerçel sayıları için $ax^2+bx+c=0$ ikinci dereceden denkleminin kökleri $x_1$ ve $x_2$, diskriminantı $\Delta = b^2-4ac$ olmak üzere, $x_1 = \frac{-b+\sqrt{\Delta}}{2a}$ ve $x_2 = \frac{-b-\sqrt{\Delta}}{2a}$ dir. Aslı'nın girdiği matematik sınavında $ax^2+bx+c=0$ ikinci dereceden denkleminde $a=3, b=-5$ ve $c=-2$ için $x_1$ ve $x_2$ değerlerini bulması isteniyor. Ancak Aslı, kullandığı formüllerde $b$ ve $c$ sayılarını yanlış anlayarak, $a=3, b=-2$ ve $c=-5$ için denklemin köklerini $m_1$ ve $m_2$ olarak buluyor. Buna göre, $x_1+m_1$ toplamının en büyük değeri kaçtır?",$-\frac{4}{3}$,$1$,$\frac{5}{3}$,$3$,$\frac{11}{3}$,E
8b03eade-339d-5645-aed2-cb9dc3e98693,TURKCE,"I. Canlı türleri arasında özelik aktarımı yoluyla bitkilerin direncini artırmak
II. Bitkilerin tat ve kokusunu istenen kıvama getirecek pişirme tekniklerini kullanmak
III. Klasik tohum kullanımıyla bitkilerdeki değişimi önlemek
Bu parçaya göre, yukarıdakilerden hangileri “ilaçsız tarım” kapsamında nitelendirilebilir?",Yalnız I,Yalnız II,I ve II,II ve III,"I, II ve III",A
2a6d0ff2-f3ed-56bb-935b-e17e3c2236ad,MATEMATIK,"Bir araba fabrikasında bir makine 40 dakikada 1 adet araba boyamaktadır. Aynı kapasiteye sahip üç makine 4 saatte bu arabalardan $x$ tanesini boyamıştır. Buna göre, $x$ kaçtır?",6,12,15,18,24,D
cae61f7f-5bec-5a8a-9be0-8ab90cded64f,GEOMETRI,"Dik koordinat düzleminde $y = mx$ doğrusu, $x^2 - 28x - y^2 - 144 = 0$ çemberini iki farklı noktada kesmektedir. Buna göre, $m$ sayısının alabileceği tüm değerleri gösteren aralık aşağıdakilerden hangisidir?","$\left(-\frac{3}{4}, \frac{3}{4}\right)$","$\left(-\frac{3}{8}, \frac{3}{8}\right)$","$\left(-\frac{4}{9}, \frac{4}{9}\right)$","$\left(-\frac{5}{12}, \frac{5}{12}\right)$","$\left(-\frac{7}{24}, \frac{7}{24}\right)$",E
8ec2ce63-1016-50f1-8660-e5083c8c3572,TURKCE,Bu üç metinden çıkarılabilecek ortak yargı aşağıdakilerden hangisinde belirtilmiştir?,Büyük insanlar çocuklukları incelendiğinde gelecek adına başarılı bir birey olacaklarını örnek davranışlar ve ürünlerle göstermişlerdir.,Başarılı çocuk yetiştirmek ve onu geleceğe hazırlamak için önce ebeveynlerin ciddi anlamda fedakârlık yaptıklarına şahit olunmuştur.,Geçmişi şekillendiren büyük insanların hayatları incelendiğinde onların da hayatlarında inişlere ve çıkışlara şahit olunmaktadır.,Tarihe bakıldığında bütün büyük insanların aynı duygu ve düşüncelere sahip olmalarından kaynaklı aynı sonuçlarla karşılaşmışlardır.,Büyük insan olmanın en önemli tarafının fedakâr olmak gerektiğini bilen bu insanlar fedakârlıklarıyla örnek bir kişiliğe sahip olmuşlardır.,E
eac72d0b-cba0-595e-afad-6fb144dc4f09,MATEMATIK,"A ve B şehirlerinden iki araç aynı anda birbirlerine doğru harekete başlamışlardır.

* A şehrinden yola çıkan aracın diğer araçla ilk karşılaşması gerçekleşmeden hareketinden 6 saat sonra diğer araca olan uzaklığı, ilk 3 saatte aldığı mesafe kadardır.
* B şehrinden yola çıkan aracın diğer araçla ilk karşılaşması gerçekleşmeden hareketinden 4 saat sonra diğer araca olan uzaklığı, ilk 3 saatte aldığı mesafe kadardır.

Buna göre A şehrinden hareket eden araç B şehrine kaç saatte ulaşır?",28,32,35,39,43,B
880948e2-e1d9-5aa4-998f-d15aa5cfd55a,BIYOLOJI,"İnsan vücudunda mikroplara karşı savunma ve bağışıklığın kazanılmasında kullanılan moleküllerin özelliklerinden bazıları şunlardır:
I. Tedavi edici olarak kullanılma
II. Koruyucu olarak kullanılma
III. Aktif bağışıklık sağlama
IV. Antikor bulundurma
V. Uzun süreli bağışıklık kazandırma
Bu özelliklerden aşı ve seruma ait olanlar, aşağıdakilerin hangisinde doğru olarak verilmiştir?","Aşı: II, III ve V, Serum: I ve IV","Aşı: I, III ve V, Serum: II ve IV","Aşı: I ve III, Serum: II, IV ve V","Aşı: I, II ve V, Serum: III ve V","Aşı: I, IV ve V, Serum: II ve III",A
75976337-ae10-54d2-99ac-ecc8bb72b222,EDEBIYAT,"I. Dilberün işi tâb u nâz olur
Çeşm-i cadû gamzesi gammâz olur
Ey gönül sabr et tahammül kıl ona
Yâra irişmek işi az az olur (Tuyuğ)
II. Dilberde her şeb eyler iken uys u işreti
Şîrîn-sâz-ı kâmı iken şohd-ı sohbeti
Sahbâ-yı vasla sonra katıp zehr-i firkatı
Aşk olsun ana kim çeke câm-ı melâmeti
Hem-reng-i lâ'l-i yâr bile hûn-ı hasreti (Muhammes)
III. Geçti cânânın firâkı canıma
Tîr-i cevi gibi girdi kanıma
Nâleden bir kimse gelmez yanıma
Söyle ey bâd-ı sabâ cânânıma (Şarkı)
IV. Bakıp ahvâl-i perîşânına âr eyle gönül
Terki-i yâr eyle veya terk-i diyâr eyle gönül
Beni dinlersen eğer durma firar eyle gönül
Terki-i yâr eyle veya terk-i diyâr eyle gönül (Murabba)
V. İçin lemsiz olmadıktan sonra
Hacı hoca olmuşsun, kaç para
Hıfza, tespih, post, seccade güzel
Ama Tanrı kanar mı bunlara (Rubai)
Numaralanmış dizelerin sonunda yay ayraç içinde verilen nazım biçimlerinden hangilerinin yerleri değiştirilirse yanlışlık giderilir?",I ve II,II ve III,II ve IV,III ve V,I ve V,C
88164cda-2662-51a1-a4d6-d300db974afa,MATEMATIK,"Küçükten büyüğe doğru sıralanmış $(a+5)$, $(a+b)$ ve $(b+c)$ ardışık tek sayıların toplamı $129$'dur. Buna göre, $c$ kaçtır?",38,40,42,44,46,A
6041c904-a8b1-5ef9-9e57-7cfb064e996b,MATEMATIK,"Köylüler, sahip oldukları davarları bir araya getirip ve belli bir sırayla otlatmaya götürerek zamandan tasarruf ederler. Bir köyde 14 keçisi ve 21 koyunu olan bir hane ile 18 keçisi ve 27 koyunu olan bir hane hayvanlarını bir araya getirerek otlatmaya götürüyor. Buna göre, bu davar sürüsünde bulunan keçiler sürünün yüzde kaçını oluşturur?",25,32,36,40,45,D
ee8bc14b-ef3d-54db-8784-11802ea2cdf4,MATEMATIK,"Ece, Eda ve Ela'nın yaşları sırasıyla $2, 3$ ve $4$ sayılarıyla doğru orantılıdır. Ece ile Ela arasındaki yaş farkı $12$'dir. Buna göre, Eda kaç yaşındadır?",9,12,16,18,20,C
29b465e5-d195-5a10-8cf8-590074c0b2b9,TURKCE,"Aşağıdaki parçalardan hangisi ""Bir insan, doğuştan yeteneği düşük olduğu bir alanda başarılı olabilir mi?"" sorusuna cevap vermektedir?","Zekâ, sahibini şımartan hoş bir aroma gibidir. Zekâsına güvenerek çalışmaya gerek duymadan ömrünü geçiren insanlar tanıyorum. Bu kişiler, kalıtsal özellikleri sayesinde bir alanda başarılı olmakla yetinirken çok daha başarılı olabilecekleri alanları gözden kaçırıyor.","Beynin kendini değiştirebilmesiyle ilgili çalışmalar, onun bir alana yoğunlaştığında başarılı olmasını sağlayan beceriler kazanabildiğini gösteriyor. Sporcuların zamanla kaslarını güçlendirmesi gibi beynin de yeni nöral bağlantılar kurarak kendini geliştirebiliyor.","Zekâ testleri aklın sınırlı bir göstergesi olmaktan ziyade belli bir tür testi çözme becerisini ölçen araçlardır. Testte başarılı olan kişilerin yeteneklerinin yüksek olduğu doğal, sorulara cevap verme konusunda diğerlerinden daha iyi eğitim aldığı söylenebilir.","Bireysel farklılıklar üzerine yapılan çalışmalar, daha önce göz önüne alınmamış olguların araştırılmasına öncülük ediyor. Hepimizin günlük hayatta ""Babası ve annesi yetenekli, elbette yetenekli olacak çocuk"" demesi, bu araştırmalarla bilimsel olarak kanıtlanıyor.",Herkes kendi bolluğunu geliştirmeyi öğrenebilir ama hor şeyin hatırlar diye bir kural yok. İnsan beyni kendinden beklenen davranışları yerine getirmeye odaklanır ama tersi de olabilir. Örneğin hatırlamak istediği bir olayı unuturken unutmak istediklerini hatırlayabilir.,B
8a8ba9d0-e6da-5ac1-9ab5-2b213560d265,MATEMATIK,"Binary sayı sistemi sadece 1 ve 0 rakamlarının kullanımı ile temsil edilen sayı sistemidir. Bu sistemin bilgisayarda kulla- nımı ile ilgili aşağıdaki bilgiler verilmektedir.
• 1 rakamı bilgisayara sinyal vermek için kullanılır.
• 0 rakamı bilgisayara giden sinyali kesmek için kullanılır.
• Bilgisayar ekranına bir karakteri yazmak için klavyede bu rakamların yan yana dizilişleri kullanılarak atamalar yapılır.
Buna göre, 4 adet 1 rakamı ve 3 adet 0 rakamı kullanı- larak hazırlanacak bir klavye kaç karakterden oluşur?",58,46,42,38,35,E
d6335149-ff20-5be1-9195-2da9e6274505,MATEMATIK,"$n$ bir sayma sayısı olmak üzere, $P(x)$ polinomu $P(x) = \left(\frac{x+3}{2}\right)^n - \frac{x-1}{2}$ şeklinde verilmiştir. $P(x)$ polinomunun çift dereceli terimlerinin katsayıları toplamı $64$ olduğuna göre, $n$ kaçtır?",5,6,7,8,9,C
045ac804-c5b4-5160-90c2-c7eb07e10580,MATEMATIK,"a ve b birer pozitif tam sayı olmak üzere,
$(x-a)(x+2a)<0$
$(x-b)(x+2b)>0$
eşitsizlik sistemi veriliyor.
$a+b=8$ olmak üzere bu eşitsizlik sisteminin çözüm kümesinde $16$ tane tam sayı olduğuna göre, $a \cdot b$ çarpımı kaçtır?",7,10,12,15,16,D
19846f40-cf41-5575-bc0f-bd0b701026f8,MATEMATIK,"$(a_n)$ dizisinin ilk $n$ terim toplamı $S_n = (2n^2+n)$ dir. Buna göre, bu dizi ile ilgili, I. $a_1+a_2+a_3 = 36$ II. Genel terimi $(4n-1)$ dir. III. $a_4+a_5 = 42$ ifadelerinden hangileri daima doğrudur?",Yalnız II,I ve II,II ve III,I ve III,"I, II ve III",B
c100b540-8785-5e1f-bc47-de594d8649ad,MATEMATIK,"Bir hareketli gideceği yolun yarısını gittikten sonra kalan yolu hızını 2 katına çıkararak tamamlıyor. Hareketli geri dönerken yolu tamamını gidişteki ortalama hızına eşit bir hızla geri dönüyor. Buna göre, hareketlinin giderken aldığı süre dönerken aldığı sürenin kaç katıdır?",$\frac{1}{2}$,$\frac{1}{3}$,1,$\frac{3}{2}$,$\frac{2}{3}$,D
5a0c3d1a-dee2-51bf-a960-4654cdfe7cb4,MATEMATIK,$41^2 - 19^2 = 110 \cdot A$ eşitliğini sağlayan $A$ sayısı kaçtır?,10,11,12,15,16,C
b6dd7061-81df-5e73-9842-9116948ec90d,KIMYA,"$2NH_3(g) + H_2S(g) \to (NH_4)_2S(k)$ tepkimesine göre 3,4 gram $NH_3$ ile en fazla kaç mol $H_2S$ tepkimeye girer? (N: 14 H: 1)","0,1","0,2","0,3","0,4","0,5",A
ecdf95be-fbb8-5756-8d4c-72ba70728395,MATEMATIK,"Yuvarlama işlemi aşağıda örnekte gösterildiği gibi yapılmaktadır. $ab \ge 50 \to 14$, $ab < 50 \to 14$, $ab \ge 50 \to 14$, $ab < 50 \to 14$. Ömeğin: $12.36 = 12$, $12.63 = 13$. Aşağıda bir bilgisayar programının ardışık beş basamağı gösterilmiştir. 1. basamak: Girilen sayıyı oku. 2. basamak: Sayının karekökünü al. 3. basamak: Sonuç tam sayı ise 5. basamağa git, değilse 4. basamaktan devam et. 4. basamak: Sonucu yuvarla ve 2. basamağa tekrar git. 5. basamak: Sonucu çıktı olarak ver. Bu programa $18 \le AB \le 50$ olmak üzere $AB$ iki basamaklı sayıları giren bir öğrenci çıktı olarak kaç farklı değer elde eder?",8,7,6,5,4,D
1a088896-b8d3-5e31-998a-3796a194ca9e,KIMYA,"$A_{2(g)} + B_{2(g)} \rightleftharpoons 2AB_{(g)}$ tepkimesi için $K_p = 4$'tür. Kapalı ve sabit hacimli bir kapta sabit sıcaklıkta kısmi basınçları sırasıyla $0,1$ atm, $0,1$ atm ve $0,3$ atm olan $A_2$, $B_2$ ve $AB$ gazları konulmuştur. Buna göre, bu sistem için aşağıdakilerden hangisi doğru olur?",Tepkime dengededir.,Tepkime reaktifler yönüne kayar.,$A_2$ ve $B_2$ gazlarının kısmi basıncı azalır.,$AB$ gazının kısmi basıncı artar.,Kısmi basınçlar değişmez.,B
dd28bf07-a53c-5239-854e-e5df2be15527,MATEMATIK,"Genel terimi, $a_n=\begin{cases} \frac{(-1)^n}{2^n} & , n \text{ tek ise} \\ \log_2(n+3) & , n \text{ çift ise} \end{cases}$ olan $(a_n)$ dizisi veriliyor. Buna göre, $a_3+a_{22}$ toplamı kaçtır?",$\frac{11}{8}$,$\frac{3}{2}$,$\frac{13}{8}$,$\frac{7}{4}$,$\frac{15}{8}$,E
306e88f0-a267-56ff-b8a1-48c4c432f578,MATEMATIK,"Boş bir kaba 150 gr buz ve 250 gr su konulmuştur. Buz ve su arasındaki ısı alışverişinden bir süre sonra kapta bulunan su miktarı, buz miktarının 4 katı oluyor. Buna göre, son durumda kapta bulunan buz-su karışımındaki buz miktarı karışımın yüzde kaçını oluşturmaktadır?",15,20,25,30,35,B
fe70d5bd-9f07-5f3b-9b65-1aad77e975bd,KIMYA,"$4p$ orbitali ile ilgili, I. Çekirdeğe olan uzaklığını ifade eden baş kuantum sayısı $4$'tür. II. Orbital türünü ifade eden kuantum sayısı $1$'dir. III. Manyetik alanda yönelimini gösteren kuantum sayısı $-1, 0, +1$ değerini alabilir. yargılarından hangileri doğrudur?",Yalnız I,Yalnız II,I ve II,I ve III,"I, II ve III",E
88138936-b548-5320-83ac-6af1fd6bf939,MATEMATIK,"$x$ ve $y$ birer doğal sayıdır. $x+y=36$ olduğuna göre, $x \cdot y$ toplamının alabileceği en büyük ve en küçük değerlerin toplamı kaçtır?",10,12,25,37,49,E
8649aa36-db03-5274-bb77-afca301511b5,BIYOLOJI,"""Bir hayvansal parazit çeşidi olan bağırsak solucanı ve tenya gibi iç parazitlerin sindirim sistemi gelişmemiştir."" Bu parazitlere ait aşağıdaki özelliklerden hangisi yukarıdaki hipotezi desteklemek için kullanılabilir?",Sindirme yardımcı olan karaciğer ve pankreas gibi bezlerin bulunması,Hücrelerinde kendilerine uygun proteinleri sentezleyebilmeleri,Eşeyli olarak çoğalan hayvanlar olmaları,Konak canlıdan sindirilmiş besinleri hazır olarak almaları,Konak canlıların iç organlarında yaşamaları,D
110679c4-fe2d-57c1-81a1-de168a755ff2,KIMYA,"1 mol $H_2SO_4$ içeren sulu çözeltiyi tam nötrleştirmek için, I. 1 mol NaOH, II. 1 mol $Mg(OH)_2$, III. 2 mol HCOOH içeren sulu çözeltilerden hangileri kullanılabilir?",Yalnız I,Yalnız II,I ve II,I ve III,II ve III,E
aa5dd65d-70b0-5fd1-9cf2-a2cc751eaa1f,TURKCE,Bu iki parça ile ilgili söylenebilecek ortak yargı aşağıdakilerden hangisidir?,Bir konunun insan üzerindeki olumsuz etkileri ele alınmıştır.,Aynı konunun insanlar üzerindeki etkilerinden söz edilmiştir.,Bir konunun tutarsız yönleri gözler önüne serilmiştir.,Güncel bir konu ile ilgili değerlendirmeler özetlenerek verilmiştir.,Kanıtlanamayan bir varsayım üzerinde aynı anlatım biçimiyle durulmuştur.,B
5691d001-9a35-52a4-abbb-9e87475b005b,FIZIK,"Yerde duran K ve L mantarlarının kütleleri eşittir. K mantarı yerden h kadar yükseklere v yatay hızıyla uçmaya başlamasını t sürede gerçekleştiriyor. L mantarı ise yerden h kadar yükseklere v yatay hızıyla uçmaya başlamasını $2t$ sürede gerçekleştiriyor. Hava sürtünmesi önemsiz olduğuna göre, I. K mantısı L mantısından daha çok enerji harcamıştır. II. K mantarının gücü, L ninkinden büyüktür. III. h kadar yükseklikte K mantısının yere göre potansiyel enerjisi L ninkinden büyüktür. yargılarından hangileri doğrudur?",Yalnız I,Yalnız II,I ve II,II ve III,"I, II ve III",C
2229c858-4a8f-5eb9-9ba5-ddc113bf4023,MATEMATIK,$\sqrt{3} < \frac{m}{3} < 2\sqrt{2}$ eşitsizliğini sağlayan m tam sayılarının toplamı kaçtır?,13,17,21,24,26,C
45679801-4b3a-53ca-941a-f5f5feac8b99,TURKCE,"(I) Çağımızda gelişimin ölçütü de halkın bilgi ve kültür düzeyidir. (II) İleri ülkelerde, bu düzeyi yükseltmek amacıyla basın yayın organlarıyla yaygıncılığın en ele verdiğini görmekteyiz. (III) Bilimsel konuları geniş yığınlara tanıtma, sevdirme ve onları aydınlatmakta başta TV olmak üzere kitle haberleşme araçları etkin bir rol oynamaktadır. (IV) Çünkü TV dizilerinin program süresiyle sınırlı aksi içinde aktarılan bilimsel konuların algılanması, derinlemesine kavranması güçlüğü söz konusudur. (V) İşte diziyle birlikte oluşturulan kitaplar, anlaşılması dikkat isteyen konulara yeniden eğilme olanağı vererek halkın bilgi ve kültür düzeyi yükseltilmektedir. Bu parçada numaralanmış cümlelerle ilgili olarak aşağıdakilerden hangisi söylenemez?","I. cümlede, gelişmişlik düzeyini gösteren tek bir ölçütünün olacağından bahsedilmektedir.","II. cümlede, gelişmişlik düzeyinin yükselmesi için yapılan çalışmalardan bahsedilmiştir.","III. cümlede, çalışmaların geniş kitlelere yayılmasını sağlayan araçlardan söz edilmiştir.","IV. cümlede, bilimsel konuların TV dizileriyle aktarılma sürecindeki sınırlılıklara değinilmiştir.","V. cümlede, TV dizileri yerine diziyle birlikte oluşturulan kitaplar aracılığıyla verilmesi gerekliliği vurgulanmıştır.",A
c659be85-e968-51a0-b877-4baf058d6620,TURKCE,"(I) Yirminci yüzyıl, dünya kaynaklarını paylaşmak için çıkmış savaşlarla ve bu savaşların birbirinden uzaklaştırdığı toplumlarla tarihteki yerini alıyor. (II) Yirmi birinci yüzyıl ise değişen sanatsal gelişim olanakları sayesinde artık diller, biçimler, dünyalar, imgeler farklı bireyler tahmin edilemeyen ortamlarda karşılaşıyor. (III) Bu imkânlar, insanlara farklı mekânlarda sanat aracılığıyla ""öteki""ni tanıma fırsatı sunuyor. (IV) Yönetmen Isabel Coixet, bu buluşma ortamlarını iyi kullanan yönetmenlerden. (V) Kredilerini sanatın diye diliyle ödüyor. (VI) Böylelikle insanlar arasındaki mekânsal ve düşünsel ayrım, sinema aracılığıyla bulanık hâle gelmiş oluyor.
Bu parçada numaralanmış cümlelerden hangisi düşüncenin akışını bozmaktadır?",I,II,III,IV,V,A
cacb2646-4270-5203-a11a-4026fd4259f8,MATEMATIK,"a ve b aralarında asal sayı olmak üzere; $a \cdot (b+2) = 2a + 90$ olduğuna göre, EKOK(a, b) kaçtır?",84,90,108,100,120,B
daa3e518-aefe-52cc-8917-f7573f46f60f,FIZIK,"Cep telefonu ile görüşme gerçekleştiren Hamdi Bey, evinin arka odalarında sağlıklı bir görüşme gerçekleştiremiyor. Görüşmenin daha sağlıklı ve kesintisiz olması için evinin balkonuna çıkan Hamdi Bey sağlıklı ve kesintisiz bir görüşme gerçekleştiriyor. Buna göre Hamdi Bey'in cep telefonuna ulaşan elektromanyetik dalganın hangi niceliği değiştiği için görüşme daha sağlıklı gerçekleşmiştir?",Enerji,Frekans,Periyot,Dalga boyu,Hız,A
ca89e605-78f3-5574-ac81-ee2302d8b3fb,MATEMATIK,"$3^{x-6} - 3^{x+1} = \frac{18}{27}$ olduğuna göre, $x$ kaçtır?",-4,-3,0,1,4,B
e84e0a63-b01d-5444-8c70-6b4680e08d55,MATEMATIK,"Miras hukukunda eşlerden biri vefat ettiğinde mirasın %25'i sağ kalan eşe verilir. Kalan miras ise çocuklar arasında eşit olarak paylaştırılır. Anne, baba ve 4 çocuktan oluşan bir ailede babanın vefatından sonra miras paylaştırıldığında, bir çocuğun payı annenin payının yüzde kaçı olur?",45,50,60,75,80,B
bef59be0-af25-5d23-b0ce-6501d9cd94ed,MATEMATIK,"Bir araç bir yolun $\frac{1}{3}$'ünü $60 \text{ km/s}$ hızla, sonra kalan yolun yarısını $40 \text{ km/s}$ hızla, geriye kalan yolu $30 \text{ km/s}$ hızla alıyor. Buna göre, aracın yol boyunca ortalama hızı saatte kaç kilometredir?",36,40,45,48,52,C
e37dccd4-1a61-5f7b-bbd5-c148746b454a,EDEBIYAT,"1950'den sonra Mehmet Çınarlı'nın çıkardığı dergi etrafında toplanan sanatçıların oluşturduğu bir topluluktur. Gelenekçidir, geleneğe bağlıdır. Yeniliğe, Batıya karşı değildirler ama Türk şiir geleneğinin yıkılmasına karşıdırlar. Garipçilere ve İkinci Yenicilere tepki göstermişler ve Millî duyguları manevi değerleri öne çıkaran bir edebiyatları yana olmuşlardır. Ölçü, uyak gibi klasik edebiyat ögelerini kullanarak, aşk, doğa ve vatan sevgisi gibi konuları işlemişlerdir. Sanatçının hiçbir ideolojinin sözcülüğünü yapmaması ve bağımsız olması gerektiğini savunmuşlardır. Şiir güzelliğini korumak koşuluyla; aruzu, heceyi, serbest şiiri kullanmayı, şiiri nesre yaklaştırmayı uygun görmüşlerdir. Bu parçada sözü edilen topluluk aşağıdakilerden hangisidir?",Beş Hececiler,Hisarcılar,Maviciler,Yedi Meşaleciler,Millî Edebiyatçılar,B
b1f5d3b0-4275-5594-8a31-e78b21841c1b,TURKCE,"(I) Süper kahramanların çizgi romanlarda güçlerine kavuşmaları, genellikle belli başlı şekillerde olmaktadır. (II) Bilinmeyen bir dünyadan ya da doğrudan uzaydan gelen insanüstü güçlere sahip süper kahramanlar, en yaygın bilinen örneklerdendir. (III) İkinci sıradakiler radyoaktif etki sonucu güçlerine kavuşan süper kahramanlardır. (IV) Radyoaktif bir hayvan tarafından ısırılan karakter, bir süper kahramana dönüşüp onu ısıran hayvanın özelliklerine sahip olur. (V) Başvurulan yöntemlerden bir diğeri de deney kazaları sonucu ortaya çıkan kahramanlardır.
Bu parçada numaralanmış cümlelerle ilgili aşağıdakilerden hangisi yanlıştır?","I. cümlenin öznesi, belirtili isim tamlamasıdır.","II. cümlenin öznesi, sıfat tamlamasıdır.","III. cümlenin yüklemi, sıfat tamlamasıdır.","IV. cümlenin öznesi, belirtisiz isim tamlamasıdır.","V. cümlenin yüklemi, sıfat tamlamasıdır.",D
a81a79a2-d43d-5317-9b2f-08bece15f427,BIYOLOJI,Bitkilerde aşağıda verilen yapı-görev eşleştirmelerinden hangisi yanlıştır?,Palizat ve sünger parankiması: İnorganik maddelerden organik madde üretimi,Emici tüyler: Topraktan su ve mineral alımı,Kalburlu borular: Organik maddelerin çift yönlü taşınması,Lentisel: Açılıp kapanarak kontrollü gaz alışverişi,Hidatot: Su kaybı ile su dengesini sağlama,D
bd1b89c6-b6c9-5d90-a05a-4a1c37a329d3,MATEMATIK,"Aşağıda isimleri verilen iki öğrenciden her biri, isminin karşısındaki sayıları defterine yazmıştır. Vildan: $1, 2, 3, ..., 8$ Nalan: $\log_2 1, \log_2 2, \log_2 3, ..., \log_2 200$ Vildan'ın yazdığı sayıların toplamı $\log_2 x$, Nalan'ın yazdığı sayılarda ise logaritması alınan sayılar birer birer artmaktadır. Buna göre, I. Vildan'ın yazdığı her sayı Nalan'ın da yazmıştır. II. Nalan'ın yazdığı sayılardan 8 tanesi tam sayıdır. III. Nalan'ın yazdığı sayıların toplamı $\log_2 (200!)$'dir. ifadelerinden hangileri doğrudur?",Yalnız I,Yalnız II,Yalnız III,II ve III,"I, II ve III",C
702781fa-4769-5b5f-9d2b-9d070985af5b,KIMYA,"$C_2H_4$ (etilen) bileşiği ile ilgili, I. Olefinlerin en küçük üyesidir. II. Karbon atomları $sp^2$ hibritleşmesi yapmıştır. III. Sigma bağı sayısı 5'tir. yargılarından hangileri doğrudur?",Yalnız I,Yalnız II,I ve II,I ve III,"I, II ve III",C
83dc1d7e-d1d6-5b91-9fc4-e33bfabb5514,GEOMETRI,"Analitik düzlemde verilen $A(k^2 - 5k + 4, k - 1)$ noktası II. bölgede olduğuna göre, k nin alabileceği kaç farklı tam sayı değeri vardır?",1,2,3,4,5,B
17468f74-79f9-5cc0-a50a-a3a3b85ee95a,MATEMATIK,Bir usta bir işi 20 günde yapmaktadır. Usta çalışma hızını 4 katına çıkarırsa aynı işi kaç günde bitirir?,4,5,6,8,10,B
abee7486-14a0-5557-9678-ff05999e5bab,MATEMATIK,Gerçek sayılarda tanımlı olan aşağıdaki fonksiyonlardan hangisinin görüntü kümesi gerçek sayılardır?,$f(x) = x^2 + x$,$f(x) = x^2 - x$,$f(x) = |x| + x^2$,$f(x) = x^3 - 1$,$f(x) = 7$,B
7a960b4a-4b9b-53b0-b956-8a397a6e750a,FIZIK,"Sürtünmeli ve kinetik sürtünme katsayısı $k$ olan yatay bir düzlemde duran $m$ kütleli cisme yatay $F$ kuvveti $x$ kadar yol aldırdığında cisme $W$ kadar net iş yapılıyor.
Buna göre, aşağıdakilerden hangisi daha büyük olsaydı $W$ daha büyük olurdu? ($g$: yer çekimi ivmesi)",k,m,g,x,k ve m,D
2139cebe-41c1-5f21-bee1-fd90c8a71a96,MATEMATIK,"Erdem'in sahip olduğu iki adet 3 boyutlu yazıcıdan birincisi günde $x$ tane ikincisi günde $y$ tane ürün basmaktadır.
Yazıcıların bastığı günlük toplam parça sayısını $x$ katına çıkarmak isteyen Erdem birinci yazıcısının günlük üretim adedini $y$ katına çıkardığına göre, ikinci yazıcısının günlük üretim adedini kaç katına çıkarmalıdır?",$\frac{x}{y}$,$\frac{x^2}{y}$,$x \cdot y$,$\frac{y}{x}$,$y$,B
71426d82-b675-5d10-b452-f7704f498764,KIMYA,"Bir tepkimede maksimum düzensizlik ve minimum enerjiye eğilimleri zıt yönlü ise o tepkimeye denge tepkimesi denir.
Yukarıdaki bilgiye göre;
I. $2N_2O_{5(g)} \rightleftharpoons 4NO_{2(g)} + 3O_{2(g)} \quad \Delta H < 0$
II. $N_{2(g)} + 3H_{2(g)} \rightleftharpoons 2NH_{3(g)} \quad \Delta H < 0$
III. $MgCO_{3(k)} + \text{ısı} \rightleftharpoons MgO_{(k)} + CO_{2(g)}$
tepkimelerinden hangileri denge tepkimesidir?",Yalnız I,I ve II,I ve III,II ve III,"I, II ve III",E
35e7e8fe-7393-513f-ba96-7302ae5b8699,MATEMATIK,"Bilgi: $2 \cdot \sin x \cdot \cos x = \sin 2x$
$\log_4(2 \cdot \sin 15^\circ) + \log_4(\cos 15^\circ) = \log_x 5$ olduğuna göre, $x$ kaçtır?",25,5,1,$\frac{1}{5}$,$\frac{1}{25}$,A
b78b8945-d38e-589d-b1ac-ad83b3acdaa2,FIZIK,"Günlük hayatta karşılaştığımız bazı olaylar aşağıdaki gibi verilmiştir.
I. Sürtünmesiz yatay bir düzlemde, bir kuvvetle belli bir hıza kadar hızlandırılan bir cismin, kuvvet kaldırıldıktan sonra, sabit hızla hareketine devam etmesi
II. Bir halk otobüsünün ani fren yapması sonucu, otobüs içindeki yolcunun dengelerini kaybetmeleri
III. Bir masa üzerinde duran bir bardağın altındaki masa örtüsü hızlıca çekildiğinde, bardağın devrilmeden masa üstünde kalabilmesi
Buna göre, bu olaylardan hangileri eylemsizlik yasası ile ilgilidir?",Yalnız II,I ve II,I ve III,II ve III,"I, II ve III",E
10ddf0ad-7192-5cf3-9c56-e18262938637,MATEMATIK,"A ve B şehirlerinden aynı anda yola çıkan iki araç için aşağıdakiler bilinmektedir:
• A şehrinden hareket eden aracın ilk hızı $40$ km/saat olup bu araç hızını her saatin sonunda $2$ km artırmak-tadır.
• B şehrinden hareket eden aracın ilk hızı $20$ km/saat olup bu araç hızını her saatin sonunda $4$ km artırmak-tadır.
A ve B arası $870$ km olduğuna göre, bu araçlar hareketle-rinden kaç saat sonra karşılaşırlar?",6,8,10,12,14,C
82148111-3305-5cba-8e8d-c2a353ae9305,KIMYA,"Suda çözünme denklemi, $AgBr_{(k)} + ısı \rightleftharpoons Ag^+_{(suda)} + Br^-_{(suda)}$ şeklinde olan $AgBr$ tuzunun dengedeki doygun çözeltisine, I. $AgNO_3$ katısı ekleme II. Saf su ekleme III. Sıcaklığı artırma işlemlerinden hangileri uygulandığında çözünürlük artar?",Yalnız I,Yalnız II,I ve II,I ve III,II ve III,E
ece8870c-245a-5d0e-a287-954b75e0e5bb,MATEMATIK,"Belirli bir bölgede ev ve arsa alım satım işlemi yapan Ali Bey'in bu işlemlerde kullandığı birim fiyatlar tabloda verilmiştir. Ali Bey, 450 000 TL'ye aldığı bir evin satışından elde ettiği paranın tamamı ile bir arsa almış ve sonra bu arsayı da satmıştır. Buna göre, Ali Bey'in bu arsa satışından elde ettiği kâr kaç TL'dir?",90 000,105 000,110 000,120 000,125 000,E
ea2bc767-1aec-5180-857d-52f62b1ad4a3,KIMYA,"Aşağıda bazı bileşik çiftleri verilmiştir.
I. $NH_3 - NH_4Cl$
II. $N_2O_3 - HNO_3$
III. $HNO_3 - N_2O_5$
IV. $Mg_3N_2 - N_2O$
Buna göre, bileşik çiftlerinin hangilerinde, iki bileşikteki azotun yükseltgenme basamağı aynıdır?
($_1H, _7N, _8O, _{12}Mg, _{17}Cl$)",I ve II,I ve III,"I, II ve III","II, III ve IV","I, II, III ve IV",B
69b53423-4804-5716-a726-b1c1261aa6f5,MATEMATIK,"$f(x) = \sqrt{x \cdot \sqrt{x \cdot \sqrt{x}}}$ fonksiyonu veriliyor. Buna göre, $f(64)$ kaçtır?",$\frac{5}{12}$,6,$\frac{5}{3}$,$\frac{5}{2}$,5,B
59914245-e73d-5d8f-b532-a146ff418b6c,MATEMATIK,"$a$ ve $b$ gerçek sayılar için, $|a-b| - |3a-2b| = 6$ ve $|a|-|b|=0$ eşitlikleri sağlanıyor. Buna göre, $a \cdot b$ çarpımı kaçtır?",-1,-4,-9,-16,-36,E
40ade184-fda4-5d5b-9256-c7d23bd8db9e,MATEMATIK,$|\frac{3}{x-4}| > \frac{1}{4}$ eşitsizliğini sağlayan kaç tane $x$ tam sayısı vardır?,25,24,23,22,21,D
11d0a8bc-6f45-555a-83fb-55672e388afc,EDEBIYAT,"Dönemin sanatçılarından ----, ""Hikâye"" adlı bir çalışmasında ""Hikâye bir vakanın tasviri imiş! Hayır değil... Şimdi hikâye bir vakanın tasviri olmaktan ziyade bir hissiyat levhası addolunuyor."" diyerek modern öykü ve romanın kurallarını ortaya koymuştur. Bu çalışma edebiyatımızda öykü ve roman kuramı üzerine hazırlanmış ilk derli toplu kitaptır.
Bu parçada boş bırakılan yere aşağıdaki sanatçılardan hangisi getirilmelidir?",Halit Ziya Uşaklıgil,Mehmet Rauf,Ahmet Mithat Efendi,Muallim Naci,Recaizade Mahmut Ekrem,E
b952abd2-216d-55bf-8b2a-cf052861f3c5,MATEMATIK,"Sıfırdan farklı $x$ ve $y$ gerçek sayıları için,
I. $|x+y|=|x|$ ise $x$ ile $y$ aynı işaretli sayılardır.
II. $|x-y|=|y|$ ise $y$ sayısı $x$ sayısından büyüktür.
III. $|x|+|y|$ ise $x$ negatif gerçek sayıdır.
yargılarından hangileri daima doğrudur?",Yalnız I,Yalnız II,I ve II,I ve III,"I, II ve III",A
5dc03a5f-8ec6-5149-b149-89fdac8256a9,MATEMATIK,"Bir şirketin A departmanında çalışanlar $6000 \text{ TL}$'lik satışta $1200 \text{ TL}$ prim, B departmanında çalışanlar $12000 \text{ TL}$'lik satışta $2000 \text{ TL}$ prim kazanmaktadır. İki departmanda da çalışanlara satış tutarı ile orantılı prim verilmektedir. Bu şirkette bir süre A departmanında çalıştıktan sonra B departmanına geçen Ali ise iki departmanda toplam $3900 \text{ TL}$'lik prim yapmıştır. Ali bu satış sonunda toplam $1850 \text{ TL}$ prim kazandığına göre, Ali'nin A departmanında iken yaptığı satış, B departmanında yaptığı satıştan kaç TL fazladır?",1800,1900,2000,2100,2200,D
e3e2f980-f41c-5795-9fba-519ac414563d,MATEMATIK,"$f(x) = \int (x^2 + ax + 6) dx$ veriliyor. $f'(x)$ fonksiyonunun ekstremum noktasının apsisi $3$ olduğuna göre, $a$ kaçtır?",-12,-8,-6,-4,-2,C
b201370c-1d19-5add-bd26-56b7aa5c1a95,MATEMATIK,"Belirli sayıda koltuğun bulunduğu bir konser salonunda, başlangıçta bazı koltukların boş olduğu ve ayakta duran seyirci sayısının koltuklarda oturan seyirci sayısının 2 katı olduğu biliniyor.
Ayakta duran seyircilerden $30$ 'u boş koltuklara oturursa salondaki tüm koltukların $\frac{4}{5}$ 'i dolu oluyor. Bunun yerine koltukta oturan seyircilerden $60$ 'ı ayağa kalkarsa salondaki tüm koltukların $\frac{1}{3}$ 'ü boş oluyor.
Buna göre, başlangıçta ayakta duran seyirci sayısı kaçtır?",360,390,420,450,480,E
81a4b24b-7938-5cda-8e03-2f9440fc22f6,TARIH,"• Mesnevi türünde yazılmış ilk Türkçe eserdir.
• İlk Türkçe siyasetname olarak kabul edilir.
• İslami dönem ilk Türkçe eseridir.
Hakkında bilgi verilen edebî eser aşağıdakilerden hangisidir?",Şehname,Divânü Lügati't - Türk,Atabetü'l Hakayık,Divan-ı Hikmet,Kutadgu Bilig,E
b900f30f-9ca8-53e0-8867-c7a5e970ae20,MATEMATIK,"$x = (\sqrt{2}-1)^2$ eşitliği veriliyor. Buna göre, $x - \sqrt{8}$ ifadesinin değeri kaçtır?",$3-2\sqrt{2}$,$\sqrt{2}$,3,2,1,E
adbbdc70-79e5-5250-8988-7a9e26cb5c4b,KIMYA,Oda koşullarındaki sulu çözeltiler için aşağıda verilenlerden hangisi yanlıştır?,$[\text{H}^+] > [\text{OH}^-]$,$[\text{OH}^-] > 10^{-7}$,pH > pOH,pOH > 7,$[\text{H}^+] > 10^{-7}$,E
711a4dc2-a66d-5e91-a265-2a4b7ba1b8d1,FIZIK,"Günlük hayatta kullanılan I. transistör, II. kondansatör, III. direnç devre elemanlarından hangilerinin yapısında P ve N tipi yarı iletkenler birlikte kullanılır?",Yalnız I,Yalnız II,Yalnız III,I ve II,I ve III,A
8ebf82c1-cf2f-5ff0-b664-68585d3241db,MATEMATIK,"$A = \{1, 2, 3, 4, 5\}$ kümesinin 2 elemanlı bir alt kümesini Ayşe, 1 elemanlı bir alt kümesini ise Zeynep rastgele seçiyor. Buna göre, Ayşe ve Zeynep'in seçtiği alt kümelerin birleşiminin 2 elemanlı olma olasılığı kaçtır?",$\frac{1}{5}$,$\frac{2}{5}$,$\frac{3}{5}$,$\frac{4}{5}$,$\frac{1}{6}$,A
8dd6c6a6-b51a-5388-bc4e-4c14adb809fd,MATEMATIK,"$P(x)$, başkatsayısı 1 olan ikinci dereceden gerçel katsayılı bir polinom olmak üzere,
• Her $x$ gerçel sayısı için $P(x) + 5 > 0$
• $P(0) = 11$
olimits

olimitsolduğuna göre $P(x)$ polinomunun katsayılar toplamının alabileceği kaç farklı tam sayı değeri vardır?",11,17,20,24,41,E
e1910cd3-87ff-538f-8fe0-fb141379e2e9,MATEMATIK,"$\frac{3x}{4} - \frac{x}{2} = \frac{7}{2}$ olduğuna göre, $x$ kaçtır?",$\frac{7}{2}$,14,$\frac{21}{2}$,7,21,B
6243bb14-f5f6-5b88-9017-4dfe116d0b8a,MATEMATIK,"$f(x) = \sin(\pi+x) + \cos(\frac{7\pi}{2}-x)$ olduğuna göre, $f(\pi-x)$ aşağıdakilerden hangisine eşittir?",$-2\sin x$,$- \sin x$,0,\sin x$,$2\sin x$,C
702c0d3f-649c-58d4-b726-9dd805d7bd53,KIMYA,"Sabit hacimli kapalı bir kaba belirli sıcaklıkta 1 mol $CO(g)$ ve 1 mol $H_2O(g)$ konuluyor ve başlangıçtaki toplam basınç 2 atm olarak ölçülüyor. Daha sonra $CO$ ve $H_2O$ arasında aşağıdaki denge tepkimesi gerçekleşiyor.
$CO(g) + H_2O(g) \rightleftharpoons CO_2(g) + H_2(g) \quad K_c = 1,00$
Çalışılan sıcaklıkta bu denge tepkimesiyle ilgili aşağıdakilerden hangisi doğrudur?
(Gazların ideal gaz olarak davrandığı varsayılacaktır.)",Denge anında toplam basınç 2 atm'dir.,Denge anında $H_2$'nin kısmi basıncı $CO$'nunkinden küçüktür.,Basınç cinsinden denge sabitinin ($K_p$) değeri 1'dir.,Denge anında $H_2O$'nun kısmi basıncı $CO$'nunkinin iki katıdır.,Ortama inert gaz ilave edildiğinde $CO_2$ gazının kısmi basıncı artar.,C
81ce6cf3-7d7c-5e3b-977f-7b4509cb29c4,KIMYA,"$1$ mol sülfürik asit ($H_2SO_4$) içeren sulu çözeltiye aşağıdaki maddelerden hangisi ilave edilirse, sülfürik asidin ($H_2SO_4$) ün tamamı nötralleşir?",$2$ mol $KOH(k)$,$1$ mol $NaOH(k)$,"$0,5$ mol $Ca(OH)_2(k)$",$1$ mol $NH_3(gaz)$,$1$ mol $HCOOH(suda)$,A
2037ea21-5e78-5137-b724-fca354d534f0,MATEMATIK,"$x^2-2x+m=0$ ve $x^2-7x+15=0$ denklemlerinin birer kökü ortak olduğuna göre, $m$ kaçtır?",-8,6,1,4,-3,A
ec8b3b46-7298-5b04-81ee-ff3ff42ff008,EDEBIYAT,"Tanzimat Edebiyatı öyküsünde olaylar çoğunlukla günlük yaşamdan veya tarihten alınmıştır. İlk öykülerde topluluk önünde anlatılan meddah öykülerinin etkisi görülür. Tanzimat Edebiyatı'nın ilk döneminde yetişen ve romantizm akımının etkisi altında kalan yazarların eserlerinde anlatılan her şeyin olağanüstülük izlerini bırakmasına dikkat edilmiştir.
Bu parçadaki numaralanmış bölümlerin hangisinde bilgi yanlışı vardır?",I,II,III,IV,V,E
9362f029-996d-5c84-b87f-4674b6cfa5b6,MATEMATIK,"$f$ ve $g$ gerçek sayılarda tanımlı fonksiyonlardır. $f(x)=x^2+16$, $(f+g)(x)=4x+4$ olduğuna göre, $(\frac{f}{g})(x)$ fonksiyonunda hangi elemanın görüntüsü bulunamaz?",-4,-3,2,3,4,E
7b7f9fa6-97eb-5937-9c29-2b14a7e3714d,MATEMATIK,"a, b ve c birer tam sayı olmak üzere, $a \cdot (a-b)$ ifadesi tek sayı, $(c+b)$ ifadesi çift sayıdır. Buna göre, I. $a+b+c$ II. $a \cdot (b+c)$ III. $a \cdot b+c$ ifadelerinden hangileri tek sayıdır?",Yalnız I,Yalnız II,I ve II,II ve III,"I, II ve III",A
84a14244-78e3-5b33-98ca-28ab39958063,BIYOLOJI,Yeşil bir bitkide bulunan parankima hücreleri aşağıdaki olaylardan hangisini gerçekleştiremez?,DNA sentezi,Fotosentez,Besin depolama,Madde iletimi,Hücrelere oksijen sağlanması,A
0aae0289-db88-5b60-8544-895c830acd2a,MATEMATIK,"$2x-3y=6$ ve $z^2+3xy=6$ olduğuna göre, $x^2+\frac{9}{4}y^2+z^2$ ifadesinin değeri kaçtır?",19,18,17,16,15,B
0037d91d-bacb-5776-8825-712beb24730e,MATEMATIK,$$\int_0^9 \frac{x-1}{\sqrt{x}+1} dx$$ ifadesinin değeri kaçtır?,3,1,9,12,6,D
40b963ea-6e36-5944-8afa-877f817261d5,TURKCE,"Destanlar, milletlerin kültürlerini yansıtan manzum hikâyelerdir. Ait oldukları milletin kahramanlıklarını anlatarak o insanların kendilerine güven duymalarını ve millî benliklerini koruyarak sonraki nesillere aktarmalarını sağlayan önemli eserlerdir.

Bu parçanın konusu aşağıdakilerden hangisidir?",Destanın millî güvenlikle ilişkisi,Toplumsal kültürel yaşamanın önemi,Destanların temel işlevi,Destanın millî kültürle ilişkisi,Kültürün nesilden nesile aktarılması,C
29e312cf-78b2-5cfd-847a-122ac32548ce,MATEMATIK,"$m \neq 0$ olmak üzere, $\frac{x}{m} + \frac{m}{x} - 2 = 0$ denklemi için aşağıdakilerden hangisi doğrudur?",Köklerinden en az biri rasyoneldir.,Her iki kökü de irrasyoneldir.,Her iki kökü de pozitiftir.,Kökler çarpımı negatiftir.,Gerçek kökü yoktur.,C
96900f0b-bb72-55d2-9409-1ca6784a55a8,GEOMETRI,"Kudret Öğretmen, matematik dersinde öğrencilerine adım adım aşağıdaki etkinliği yaptırıyor: I. $[AB] \perp [AC]$ olacak şekilde bir $ABC$ dik üçgeni çiziniz. II. $ABC$ üçgeninin ağırlık merkezinden geçecek şekilde A merkezli bir çember çiziniz. III. Çemberin $[AB]$ ve $[AC]$ kenarlarını kestiği noktaları E ve F olarak işaretleyiniz. Buna göre, $|BC| = 12$ cm olduğuna göre, $|EF|$ kaç cm'dir? sorusuna öğrencilerin vermesi gereken doğru cevap aşağıdakilerden hangisidir?",6,$3\sqrt{2}$,$3\sqrt{3}$,$2\sqrt{5}$,8,D
9b40ea34-f3d2-5ded-8da5-1a97f4464412,MATEMATIK,Başkatsayısı $1$ olan üçüncü dereceden bir $P(x)$ polinomu $P(-1) = P(1) = P(2) = m$ eşitliklerini sağlamaktadır. Buna göre $P(3)$ kaçtır?,4,8,16,20,24,E
95b40c1c-0b07-54b1-86de-830b09a4fc95,MATEMATIK,"$x^2 - 4x + m - n = 0$ denkleminin diskriminantı $D$ ve köklerinin çarpımı $A$ olduğuna göre, $D+4A$ toplamı kaçtır?",4,8,12,16,24,D
90521af3-16b9-51ce-b64d-4396d7df5b79,MATEMATIK,"İçlerinde 30'ar gram alkollü su olan A, B ve C kaplarının alkol oranları sırasıyla %20, %15 ve %13'tür. Buna göre, bu üç kap tek bir kaba boşaltılırsa oluşan karışımın yüzde kaçı alkol olur?",12,14,15,16,18,D
6431e504-486e-57b0-95fc-f70db0a9f629,MATEMATIK,$\sec\left(\frac{3\pi}{2} + x\right) - \sec(x-\pi) = 2\sqrt{2}$ denklemini sağlayan dar açının ölçüsü kaç radyandır?,$\frac{\pi}{12}$,$\frac{\pi}{8}$,$\frac{\pi}{6}$,$\frac{\pi}{4}$,$\frac{\pi}{3}$,D
6012573f-761a-54b9-8f97-c40581ded71a,MATEMATIK,"$a$ ve $b$ sıfırdan farklı birer tam sayı ve $n$ tek bir tam sayı olmak üzere, tanımlı olduğu aralıkta,
$f(x) = (ax+b)^n$
fonksiyonu veriliyor.
$f$ fonksiyonu daima artan olduğuna göre,
I. $a \cdot n + b > 0$
II. $b \cdot n - a < 0$
III. $a^2 \cdot n^2 + b^2 > 0$
ifadelerinden hangileri her zaman doğrudur?",Yalnız I,Yalnız II,Yalnız III,I ve II,II ve III,C
7baa6513-18ea-55b4-b2e1-d7c23f6a5671,TURKCE,"Mark Twain, ""Bağışlamak, menekşelerin onu ezen topuklarda bıraktığı hoş kokudur."" der. Bağışlamak, ruhun ve kişisel çevrenin yüzeysel bir göstergesidir. Bu, aynı zamanda yaşam kalitesinin yükseltilmesinin en iyi yollarından da biridir. Size kötülük yapan birini düşünmeyin; affettiğiniz her defasında kalbinizin çok değerli bir arayışınızdan çalınan zaman olduğunu keşfedin.
Bu parçadan aşağıdaki yargılardan hangisi çıkarılamaz?","Bağışlamak, korkakların yapabileceği bir iş değildir.","Bağışlamak, bağışlayana iyi bir yaşam için katkıda bulunur.","Bağışlamak, bağışlanmayı hak eden için bir ödül görevidir.","Bağışlamak, bağışlayan için zaman israfından kurtuluş anlamına gelir.","Bağışlamak; insana yakışan, hoş bir davranıştır.",C
ca79dd46-390d-5de6-831f-75180ded397d,MATEMATIK,"$x+4y=-1$ ve $2x-3y=-13$ eşitlikleri veriliyor. Buna göre, $y$ değeri kaçtır?",-5,-1,1,3,5,C
9ec70310-4f8d-56ad-84f8-7ce99102e231,KIMYA,"Toprak - ? - Hava - Ateş
Aristo'nun dört temel element düşüncesinde ""?"" işareti ile gösterilen elementin özellikleri aşağıdakilerden hangisinde doğru verilmiştir?",Islak - Sıcak,Soğuk - Islak,Sıcak - Kuru,Soğuk - Kuru,Islak - Kuru,B
a5eee50c-48a1-5c8a-8d24-6ca908d26805,TURKCE,"Sanatçı olmak, hesap kitaptan anlamak ve sayı saymayı bilmek değildir. Öz suyunu dallarına yollamakta acele etmeyen, ardından yaz gelmeyecek diye kuşkuya kapılmaksızın bahar mevsiminin fırtınalarına gönül rahatlığıyla göğüs gerebilen bir ağaç gibi olgunlaşmaktır. Nasıl olsa çıkıp gelecektir yaz ama önlerinde sonsuz bir zaman varmış gibi, hiç tasa etmeksizin bir sessizlik ve iç genişliğiyle bekleyenler için gelecektir.
Bu parçadan aşağıdaki yargıların hangisine ulaşılabilir?","Sanatçı, maddi çıkarlarını yanı sıra sanatsal itibarı da hedefleyen kimsedir.",Sanatçı yapıtlarıyla çevresini besleyip eklediği ölçüde başarılı kabul edilir.,Sanatta başarılı olmak için telaştan uzak durup sabır göstermek gerekir.,"Sanat, zor olana göğüs gerip kimsenin üretemediğini ortaya koyabilmektir.",Sanatta kalıcılığa ulaşmanın şartı iş birliği ve dayanışma içinde çalışmaktır.,C
b20209c9-9917-55db-88b9-f33c5b2c1756,MATEMATIK,$\int_{0}^{\pi} (\sin^2(x)+1) dx + \int_{0}^{\pi} (\cos^2(x)-1) dx$ ifadesinin değeri kaçtır?,0,1,$\pi$,$2\pi$,$\frac{3\pi}{2}$,A
3f95fbbb-da84-5b74-ad2c-168cd4f0c2eb,TURKCE,"Kimi yazarlar romanın toplum hayatındaki aksaklıkların ortadan kalkmasına yardım etmesini, ---- isterken kimileri ise romanın bir toplum bilimi kitabı değil bir sanat eseri olduğunu, ondan ancak ---- beklenebileceğini ileri sürer.
Bu cümlede boş bırakılan yerlere sırasıyla aşağıdakilerden hangisi getirilmelidir?",doğru yolu göstermesini - edebî güzelliğin,gerçekleri yansıtmasını - kılavuzluk yapmasının,güzellikleri anlatmasını - kusursuz dil kullanımının,ironiyi öne çıkarmasını - iyi bir anlatımın,geleneği aktarmasını - mantıksal bir akışın,A
441fc0e8-d98e-597c-895a-f1eca24d13dc,MATEMATIK,"$x \in (0, \frac{\pi}{2})$ olmak üzere, aşağıda bulunan doğru parçalarının üzerinde santimetre cinsinden uzunlukları verilmiştir.
Yukarıdaki öncüllerde bulunan doğru parçaları yardımıyla üçgen oluşturulacaktır.
Buna göre, hangi öncüllerde bulunan doğru parçalarıyla bir üçgen oluşturulabilir?",Yalnız I,Yalnız II,Yalnız III,I ve III,II ve III,C
09c19bcc-c135-5541-bf3c-5de8aeb2006a,KIMYA,"1 litrelik sabit hacimli kapalı bir kaba sabit sıcaklıkta bir miktar $N_2H_{4(g)}$ konularak başlatılan
$N_2H_{4(g)} \rightleftharpoons N_{2(g)} + H_{2(g)}$
tepkimesiyle ilgili aşağıdaki ifadelerden hangisi yanlıştır? ($K_c$: Derişimlere bağlı denge sabiti)",Zamanla 1 yönündeki tepkimenin hızı azalır.,27. saniyede 1 ve 2 yönlü tepkimeler durmuştur.,5. saniyede 1 yönündeki tepkimenin hızı 2 yönündeki tepkimenin hızından fazladır.,$K_c = \frac{25}{3}$.,18. saniyede tepkime dengededir.,B
a9252e0f-1de1-5308-80ab-dd5af9e88646,KIMYA,"Bir kimya laboratuvarında asit ve bazlarla ilgili deney yapılırken üç öğrencide sıkıntı çıkmıştır.

Öğrenci Sıkıntı
Fahrettin Elleri ve gözlerine asit çözeltisi bulaşmıştır.
Merve Yanlışlıkla baz çözeltisi yutmuştur.
Tarkan Yanlışlıkla asit çözeltisi yutmuştur.

Buna göre, bu sıkıntıları gidermek için,

I. Fahrettin: Asit çözeltisi bulaşan yeri bol su ile yıkayıp sirke ile pansuman yapılmalıdır.
II. Merve: Limon suyundan sonra bir kaşık sıvı yağ içirilmelidir.
III. Tarkan: Ağzı bol su ile çalkalandıktan sonra yumurta akı ile karıştırılmış süt içirilmelidir.

yukarıdakilerden hangilerinin ilk müdahalede yapılması uygun olur?",Yalnız I,Yalnız II,Yalnız III,I ve III,II ve III,C
e9eff23d-6810-5898-a8e0-ea8212488f3f,EDEBIYAT,"Ona göre şiir, hayatın içinden olanı, gerçeği anlatmalı. Bu nedenle sanatçı, toplumun gelenek göreneklerine, gerçeklerine sırt çevirdiğini düşündüğü İkinci Yeni'yi eleştirir. İkinci Yeni şiirinin zayıf yönlerini ortaya koyan bir mücadelenin içerisinde olur. İkinci Yeni şiirinin soyut, kendi içine dönük, değişen ve gelişen hayatın ihtiyaçlarına cevap veremediği düşüncesi de İkinci Yeni şiirine karşı mücadelesini destekleyen diğer nedenlerdir.
Bu parçada söz edilen sanatçı aşağıdakilerden hangisidir?",Behçet Necatigil,Ataol Behramoğlu,Ece Ayhan,Tevfik Fikret,Ahmed Arif,B
54caaa24-6fff-561e-88ce-7c10add89e3c,FIZIK,"İçinden geçen ışınları düzgün bir biçimde birbirine yaklaştıran ya da birbirinden uzaklaştıran, camdan ya da ışık kırıcı herhangi bir maddeden yapılmış, genellikle küresel yüzeylerle sınıflanmış saydam cisimlere mercek denir. Günlük yaşamda kullandığımız ya da gördüğümüz birçok cisim mercek gibi davranır. Buna göre, I. İçi su dolu bardak, II. Yüzeyleri birbirine paralel cam, III. Kaşığın iç yüzeyi cisimlerinden hangileri mercek gibi davranan cisimlere örnek olarak verilebilir?",Yalnız I,Yalnız II,I ve II,I ve III,II ve III,A
4c44f119-8588-50eb-895f-fc874d33df59,MATEMATIK,"Herhangi ardışık 3 teriminin toplamı birbirine eşit olan bir $(a_n)$ dizisi için $a_1+a_2+a_3=3$ eşitliği sağlanmaktadır. Buna göre, $a_1+a_2+...+a_9$ toplamının sonucu kaçtır?",9,12,15,18,27,A
1847f669-77a1-595a-9db9-c44351f15f6f,MATEMATIK,"$x, y, z$ birer pozitif tam sayı olmak üzere, matematik öğretmeninin tahtaya $(x \cdot y) \cdot z$ olarak yazdığı işlemi Elif defterine $(x - y) + z$ biçiminde yanlış geçirmiştir. Öğretmen tahtaya yazdığı işlemi, Elif de defterine yazdığı işlemi doğru bir şekilde sonuçlandırmış ve her ikisi de $14$ sonucunu bulmuştur. Buna göre, $x$ sayısının alabileceği değerlerin toplamı kaçtır?",7,9,14,18,21,D
6561d140-ce13-5c3d-85a8-cde9c0c262a5,TARIH,"Mustafa Kemal Paşa, Mondros Mütarekesi sonrasında kurulan cemiyetler için, ""Bağımsızlığı için ölümü göze alan millet, insanlık haysiyet ve şerefinin icabı olan bütün fedakarlığı yapmakla teselli bulur ve hiç kuşkusuz esaret zincirini kendi eliyle boynuna geçiren miskin, haysiyetsiz bir millete göre dost ve düşman gözündeki yeri farklı olur."" demiştir.
Mustafa Kemal'in sözünü ettiği bu cemiyetler arasında aşağıdakilerden hangisi yoktur?",İslam Teali Cemiyeti,Kilikyalılar Cemiyeti,Milli Kongre Cemiyeti,Anadolu Kadınları Müdafaa-i Vatan Cemiyeti,Kars İslam Şurası,A
263461db-281e-50a7-a704-a056f4a8bad2,MATEMATIK,"$a$ bir tam sayı olmak üzere, $\sqrt{4x-x^2}-a=0$ denkleminin gerçek sayılardaki çözüm kümesi iki elemanlı olduğuna göre, $a$ sayısı kaç farklı değer alabilir?",1,2,3,4,5,B
afb1dae5-a4cc-5a13-8010-88f063718ab0,MATEMATIK,"$n$ pozitif tam sayı olmak üzere $P_n(x)$ polinomları
$P_n(x) = x^2 + 2x^2 + 3x^3 + \dots + nx^n$
şeklinde tanımlanıyor.
$P_9$ polinomunun katsayılar toplamı $P_5$ polinomunun katsayılar toplamının kaç katıdır?",3,2,$\frac{3}{2}$,$\frac{5}{2}$,$\frac{1}{5}$,B
c58b4531-d45f-5ed5-93b0-1b39dc0efc0b,GEOMETRI,"$k$ bir gerçek sayı olmak üzere, $x^2+y^2-4x+ky+5=0$ denklemi veriliyor. Buna göre, I. $k=2$ ise denklem, dik koordinat sisteminde bir nokta belirtir. II. $k=1$ ise denklemin $\mathbb{R}^2$ deki çözüm kümesi boş kümedir. III. $k=-3$ ise denklem, dik koordinat sisteminde bir gerçek çember belirtir. ifadelerinden hangileri doğrudur?",Yalnız I,Yalnız II,I ve II,II ve III,"I, II ve III",E
1725bc93-fb08-5b3b-8708-7d34e11a5222,MATEMATIK,$\frac{x^2+5x+4}{|x-4|+5} < 0$ eşitsizliğini sağlayan kaç farklı tam sayı sayısı vardır?,3,4,5,6,7,B
253e35bc-023f-519d-9695-6142e7d7f64e,KIMYA,"X: Toprak metali
Y: Halojen
Z: Geçiş metali
Yukarıda periyodik cetvelin aynı periyodunda yer alan elementlerin atom numaraları arasındaki ilişki aşağıdakilerden hangisinde doğru verilmiştir?",$X > Y > Z$,$Y > X > Z$,$Z > Y > X$,$Z > X > Y$,$Y > Z > X$,B
4207cb05-efcc-522e-b954-a870e54b5509,MATEMATIK,"$f(x) = \int d(x^3 - x + 4)$ fonksiyonu veriliyor. $f(0) = 8$ olduğuna göre, $f(2)$ değeri kaçtır?",18,16,14,13,10,C
db962ab9-1a0c-51ca-a083-56f98c0aa2ae,MATEMATIK,"Genel terimi, $a_n = \log_{n+1}(n+4)$ olan dizinin ilk 12 teriminin çarpımı kaçtır?",1,2,3,4,5,D
864bd1c2-cc71-58ce-a529-6bf254a1aed7,MATEMATIK,"$a$ ve $b$ aralarında asal pozitif tam sayılar olduğuna göre, I. $Ekok(a, b) = a \cdot b$ dir. II. $a+b$ toplamı bir çift sayıdır. III. $Ebob(a, b) = 1$ dir. ifadelerinden hangileri daima doğrudur?",Yalnız I,Yalnız II,I ve II,I ve III,"I, II ve III",D
b3d0c177-707d-5fae-9786-d5537d90fc22,MATEMATIK,"$A = [-4, 5]$ ve $B = [-3, 7]$ olmak üzere, $f: A \to \mathbb{R}$, $f(x) = x^2$ $g: B \to \mathbb{R}$, $g(x) = 2x + 1$ fonksiyonları tanımlanıyor. Buna göre, $(f+g)(x)$ fonksiyonunun görüntü kümesinde kaç farklı tam sayı değeri vardır?",29,31,33,35,37,C
da9e676b-20e3-5846-b963-d3a7418d2633,MATEMATIK,$\lim_{x \to \frac{\pi}{4}} \frac{\sin x - \cos x}{\tan x - 1}$ ifadesinin değeri kaçtır?,$\frac{\sqrt{2}}{4}$,$-\frac{\sqrt{2}}{2}$,$\sqrt{2}$,$2\sqrt{2}$,$\frac{1}{2}$,B
64453fd2-bff8-5130-a3bc-a78822d37bdb,MATEMATIK,"$f:R \to R$ her noktada türevi olan bir fonksiyon ve $f'(2)=1$ dir. Buna göre, $\lim_{h \to 0} \frac{f(h-2)-f(2)}{h}$ limitinin değeri kaçtır?",1,2,3,4,5,A
8ee45f0f-696a-516a-9650-d371689bf2f6,KIMYA,"$$\frac{1}{2}N_{2(g)} + \frac{1}{2}O_{2(g)} \rightleftharpoons NO_{(g)} \quad K_c = \frac{1}{4}$$ Tepkimesi ve $K_c$ değeri verilmiştir. Buna göre, $$2NO_{(g)} \rightleftharpoons N_{2(g)} + O_{2(g)}$$ tepkimesinin aynı sıcaklıktaki $K_c$ değeri kaçtır?",$$\frac{1}{16}$$,$$\frac{1}{8}$$,4,8,16,E
3e7c5bba-3edd-5f1e-b0ef-8589e687ce41,COGRAFYA,Aşağıdakilerden hangisi Türkiye'nin mutlak konum özellik- leri ile açıklanamaz?,Öğle vakitlerinde Hatay'daki gölge boylarının Samsun'da- kinden kısa olması,Akdeniz'in Karadeniz'den daha tuzlu olması,İstanbul'un yerel saatinin Paris'ten ileri olması,Erzurum'un ortalama yükseltisinin Ankara'dan daha fazla olması,Toros Dağları'nın güney yamaçlarının kuzey yamaçlarına göre daha fazla ısınması,D
402800cf-a659-5d67-8d4d-995c44d615b2,FIZIK,"Elektromanyetik dalgayı oluşturan elektrik alan maksimum olduğunda, manyetik alan maksimum, minimum olduğunda da minimum oluyor. Bu durum, elektrik ve manyetik alanın hangi özelliğidir?",Işık hızı ile yayılmaları,Aynı doğrultuda olmaları,Aynı fazda olmaları,Aynı yönde olmaları,Birbirlerinin aynı olması,C
8f514f03-3c9d-5471-81b5-52cdf6f4713f,TURKCE,"Aşağıdaki cümlelerin hangisinde altı çizili sözcük, cümleye ayraç içinde verilen anlam özelliğini katmamıştır?",Günlerdir devam eden yoğun yağmur sabaha karşı dindi. (Zaman),Hiçbir denizi o kadar büyük bir balık avlamamıştır. (Karşılaştırma),Gençler arasında en başarılısı bana göre püre sınıf arkadaşımdı. (Görecelik),"Sanatçı, konser vereceği yerlere uçak ile gidiyor. (Araç, vasıta)","Genç oyuncu sakatlığından dolayı maça çıkamadı. (Yönelme, amaç)",E
af7d6cdf-7a93-5181-b2da-a0caf033cc21,MATEMATIK,$\frac{\tan x \cdot \cot x}{\sin x} - \operatorname{cosec} x \cdot (\sin x + 1)$ ifadesinin sade hali aşağıdakilerden hangisidir?,1,$\sec x$,$\sin x$,-1,0,D
8bff8a5d-a70c-5b66-82b4-d12c833b4f0d,MATEMATIK,"$x^2 + 6x - k = 0$ denkleminin kökleri birer rasyonel sayıdır. Buna göre, $k$'nin alabileceği kaç farklı doğal sayı değeri vardır?",1,2,3,4,5,E
d071912c-3093-510c-9960-f5283efa7010,KIMYA,"Fonksiyonel grup olan bileşikler ve bileşiklerin özellikleri ile ilgili aşağıdaki ifadelerden hangisi yanlıştır?
A) $\square$-OH bileşiği sekonder alkoldür.
B) Eterler polarlığı az olduğu için organik maddeler için iyi çözücüdür.
C) Aldehitler, ketonlar, karboksilik asitler ve esterler karbonil grubu içerirler.
D) Aldehitler indirgendiğinde primer alkol oluşur.
E) Etanoik asit ve metil alkolün tepkimesinden etil metanoat oluşur.",$\square$-OH bileşiği sekonder alkoldür.,Eterler polarlığı az olduğu için organik maddeler için iyi çözücüdür.,"Aldehitler, ketonlar, karboksilik asitler ve esterler karbonil grubu içerirler.",Aldehitler indirgendiğinde primer alkol oluşur.,Etanoik asit ve metil alkolün tepkimesinden etil metanoat oluşur.,E
d3d9b3b2-c525-5c22-8e6d-46fdf231234b,TARIH,"Türkiye Cumhuriyeti'nde 3 Mart 1924 tarihinde kabul edilen bir kanunla Başbakanlığa bağlı olarak çalışacak ve halkın ihtiyaçlarını karşılayacak Diyanet İşleri Başkanlığı kurulmuş, başkanlığına Ankara Müftüsü Rıfat (Börekçi) Bey getirilmiştir. Vakıflarla ilgili işler için de yine Başbakanlığa bağlı Vakıflar Genel Müdürlüğü kurulmuştur. Bu durum aşağıdakilerden hangisinin bir sonucudur?",Tevhid-i Tedrisat Kanunu'nun kabul edilmesinin,Saltanat makamının varlığına son verilmesinin,Türk Medeni Kanunu'nun kabul edilmesinin,Atatürk ilkelerinin anayasaya girmesinin,Şeriye ve Evkaf Vekâletinin kaldırılmasının,E
df90a43f-f5d1-5cad-b9ae-d3bd7274d896,MATEMATIK,"İşleminin sonucu kaçtır? $\frac{0,62}{0,15} + \frac{0,2}{0,4}$",2,$\frac{5}{2}$,3,$\frac{9}{2}$,$\frac{11}{2}$,D
cdeb9f69-d96f-59cf-be6d-dcff3796a5ef,KIMYA,"25 °C'de asitlik sabiti ($K_a$) $10^{-10}$ olan HX asidinin 0,01 molarlık sulu çözeltisi hazırlanıyor.
Buna göre asitin iyonlaşma derecesi ve iyonlaşma yüzdesi aşağıdakilerden hangisinde doğru olarak verilmiştir?","$10^{-4}$, 0,1","$10^{-4}$, 0,01","0,04, $10^{-4}$","0,1, $10^{-2}$","$10^{-3}$, 0,01",A
cd6369a6-cf36-5a77-b563-e6ffc7294016,GEOMETRI,"Bir çokgenin bir köşesinden çizilen tüm köşegenler çokgeni 5 tane üçgene ayırmaktadır. Buna göre, bu çokgenin iç açılarının ölçüleri toplamı kaç derecedir?",900,1280,1440,1620,1800,A
10e52675-0cb9-5cd2-8f0d-8d48528e92c1,MATEMATIK,$\frac{d}{dx} \int_1^4 (6x^3 - 5x^4 + 1) dx$ integralinin değeri kaçtır?,516,318,221,108,0,E
aa430d0b-cc17-5a48-99de-776623502cf0,GEOMETRI,"Analitik düzlemde $A(3, 4)$ noktasının $B(8, 16)$ noktasına olan uzaklığı kaç birimdir?",5,8,10,12,13,E
713f3372-fa5a-5269-b474-158e42fdb8a9,MATEMATIK,"Yükseklik: $h$ (metre) Zaman: $t$ (dakika) olmak üzere, lunaparkta bulunan bir kişinin dönme dolapta iken yerden yüksekliğinin zamana bağlı fonksiyonu, $h(t) = 12 + 10 \cdot \sin \left( \frac{\pi}{6} (t-15) \right)$ şeklinde tanımlanmıştır. Buna göre, dönme dolap harekete başladıktan $2$ dakika sonra yerden kaç metre yükseklikte bulunur?",$7$,$12$,$15.5$,$17$,$22$,D
06dc178c-f928-5efc-a99b-3b89b39daa5c,MATEMATIK,"$(f-g)$ fonksiyonu $x=a$ noktasında süreklidir. $lim_{x \to a^-} f(x) = 1$, $lim_{x \to a^+} g(x) = 2$ olduğuna göre, $lim_{x \to a^-} g(x) + lim_{x \to a^+} f(x)$ toplamının sonucu kaçtır?",1,2,3,4,5,C
f4cd3a3d-abc5-529b-8680-aae74ea2fb7c,MATEMATIK,"$a = -\frac{3}{4}$
$b = -\frac{1}{2}$
$c = -\frac{2}{3}$
olduğuna göre, aşağıdaki sıralamalardan hangisi doğrudur?",$c < b < a$,$b < a < c$,$b < c < a$,$c < a < b$,$a < c < b$,D
c070e7d6-2f93-5776-be1d-e17e8458d4c8,MATEMATIK,"$f(x) = x^3 - \frac{3}{x} + a$ fonksiyonunun x eksenine paralel olan teğetlerinin değme noktalarının apsisleri toplamı $8$ olduğuna göre, a kaçtır?",$1$,$2$,$3$,$4$,$5$,E
3e8bb58b-0eb1-5f93-8ae6-bf033ef49794,KIMYA,"$6,02.10^{22}$ tane $N_2O_{(g)}$ molekülü ile ilgili aşağıdaki ifadelerden hangisi yanlıştır?
($N:14, O:16$, Avogadro sayısı $= 6,02.10^{23}$)","0,3 mol atom içerir.","Kütlesi 4,4 gramdır.","0,1 molekül içerir.","Normal koşullarda 2,24 litre hacim kaplar.","0,1 mol dür.",A
f954e83c-d3e1-52b7-8bf0-cb54751ec6af,MATEMATIK,"$c \in \mathbb{R}$ olmak üzere, $\int f(x)dx = x^3+3x^2+c$ olduğuna göre, $f(x)$ fonksiyonunun $x=0$ noktasındaki teğetinin eğimi kaçtır?",10,9,8,7,6,E
19457c97-7849-5d9f-95f7-7c8a482ba555,MATEMATIK,"Bir şarküteride satılan iki farklı süt paketinden 500 ml sütü %3,8 yağ oranı ve 750 ml sütü %2,4 yağ oranı içermektedir. Buna göre, bu paketlerdeki yağ miktarlarının farkının pozitif değeri kaçtır?",1,2,3,4,5,A
a7b3f56f-96f5-593e-bb1d-f47aaa60e8bc,FIZIK,"Elektrik alan çizgilerinin şekildeki gibi modellendiği bir bölgede yük miktarları eşit K, L, M noktasal cisimleri şekildeki konumlarda tutuluyor.
K, L, M cisimlerine etki eden elektriksel kuvvet büyüklükleri sırasıyla $F_K$, $F_L$, $F_M$ olduğuna göre bunlar arasındaki ilişki nasıldır?",$F_K > F_L > F_M$,$F_L > F_K > F_M$,$F_K = F_L = F_M$,$F_L > F_M > F_K$,$F_M > F_L > F_K$,A
532b3ad8-662d-5893-ae05-f31b0d407f02,MATEMATIK,"Uygun koşullarda tanımlı, $f(x) = x^3$, $g(x) = x^{-3}$ fonksiyonları verilmiştir. Buna göre, $f'(1) + g'(1)$ işleminin sonucu kaçtır?",-1,0,1,2,3,B
9b3ca82b-b3c7-52ab-9e24-ddf9a26bd188,MATEMATIK,"$f$ türevlenebilir bir fonksiyon olmak üzere, $\lim_{h \to 0} \frac{f(x+3h)-f(x)}{h}$ ifadesinin eşiti aşağıdakilerden hangisidir?",$f'(x)$,$3 \cdot f'(x)$,$f'(3x)$,$\frac{f'(x)}{3}$,$f'(\frac{x}{3})$,B
3f6bc693-58cb-5114-9152-ec8ce71474d7,MATEMATIK,"$19000$ saniyelik açının derece, dakika ve saniye türünden yazımı aşağıdakilerden hangisidir?",$5^\circ 16'20''$,$5^\circ 16'30''$,$5^\circ 16'40''$,$6^\circ 15'40''$,$6^\circ 15'50''$,C
30c5a226-da1a-5369-a911-d26fbb4efd1f,EDEBIYAT,"Kaklar kamug külerdi (Kuru yerler hep gülerdi)
Taglar başı ilerdi (Dağ başları göründü)
Ajun tını yılınçı (Dünyanın soluğu alındı)
Tütü çeçek çerkeşür (Türlü çiçekler sıralandı)
Bu parçanın nazım şekli aşağıdakilerden hangisidir?",Sav,Koşma,Sagu,Koşuk,Türkü,D
f4c56b65-ffd5-522f-9b12-aa7b466e7624,MATEMATIK,"$x^2-5x+m=0$ ve $x^2+5x+m-10=0$ denklemlerinin birer kökü ortaktır. Buna göre, denklemlerin ortak olmayan köklerinin toplamı kaçtır?",-5,-4,-3,-2,-1,D
c6f63c7e-f64e-54e3-9c37-4bcb8ef825b4,MATEMATIK,"Katsayıları $A = \{1, 5\}$ kümesinin elemanlarından seçilen $P(x) = ax^2 + bx + c$ polinomu için $P(x) = 0$ denkleminin kökleri reel sayı olmayan birer karmaşık sayıdır. Buna göre, kaç farklı $P(x)$ polinomu yazılabilir?",4,5,6,7,8,C
347b5abe-f9cf-5ef2-ad5e-e94b0500fe05,MATEMATIK,"$y=f(x)$ fonksiyonu tüm gerçek sayılarda türevlenebilir bir fonksiyondur.
Buna göre,
I. $\int f'(x)dx = f(x)+c$
II. $\frac{d}{dx}(\int f(x)dx) = f(x)$
III. $\int (f(x)-f'(x))dx = xf(x)+c$
ifadelerinden hangileri doğrudur?",Yalnız I,Yalnız II,Yalnız III,I ve II,"I, II ve III",D
4c5e8ea4-0a07-5f37-ad1b-758491735343,MATEMATIK,$x^2 - 2x = 3 - |x-2|$ denkleminin farklı gerçek köklerinin çarpımı kaçtır?,-24,-18,-12,-6,-4,C
a477b87e-edb8-58ed-b36e-0199c7446268,MATEMATIK,"$A + 2B = 4A - 2(3 - B - A)$ olduğuna göre, $A^2 - A$ kaçtır?",42,24,32,36,30,A
94196883-8a2c-554c-bbf1-e3d687ea17d0,MATEMATIK,Tam sayıların karesi alınarak oluşturulan sayı dizisine karesel sayı dizisi denir. Buna göre $(a_n)$ karesel sayı dizisi için $a_{17}-a_{15}$ farkı aşağıdakilerden hangisidir?,$a_5$,$a_6$,$a_7$,$a_8$,$a_9$,D
d373f4ac-643f-5483-aaca-0352184198fd,TURKCE,"Devletin idari sistemini kurma fikri, kültür ürünlerinin hepsinde; destanlarda, tarihî rivayetlerde, mezar taşlarında, hükümdar şecerelerinde ısrarla yer almıştır. Bu nedenle de Türk kültüründe devlet; halkı koruyan, temsil eden bir anlayıştır. Çünkü devletin kurulması, milletin yüksek seviye teşkilatlanması dönemine denk düşer. Bu parçada aşağıdaki ses olaylarından hangisi yoktur?",Ünsüz yumuşaması,Ünlü düşmesi,Ünsüz düşmesi,Ünsüz benzeşmesi,Kaynaştırma ünsüzü,C
207688b9-6acd-5cfd-a777-4924689b76e1,MATEMATIK,"$A$ ve $B$ birer asal rakam olmak üzere, iki basamaklı $AB$ ve $BA$ sayıları aralarında asal olup bu sayılardan hiçbirinin asal sayı değildir.
Buna göre, iki basamaklı $AB$ sayısı aşağıdakilerden hangisi olabilir?",32,35,52,57,72,D
e04b1b2c-a8c2-5c34-ad12-bfa3913bf155,GEOMETRI,"$A(2,2)$, $B(-4,10)$ ve $C(5,8)$ olmak üzere, koordinat düzleminde $A$ noktasının $[BC]$'na göre simetriği $D$ noktasıdır. Buna göre, $|BD|+|CD|$ toplamı kaç birimdir?",12,13,14,15,16,E
438f1351-c9ab-539a-be52-2ccd4a17b342,MATEMATIK,"Bir fabrikada çalışan işçilerle ilgili aşağıdaki bilgiler veri-liyor.

* İşçilerin $\frac{5}{8}$'i erkektir ve erkek işçilerin yarısı evlidir.
* Evli kadın işçilerin sayısı, bekâr erkek işçilerin sayısının $\frac{2}{3}$'ü kadardır.

Bu fabrikadaki toplam bekâr işçi sayısı $115$ olduğu-na göre, toplam işçi sayısı kaçtır?",240,260,300,320,360,D
fa653940-9ca9-5925-84ea-b41eb8d7cf1b,MATEMATIK,"Sıvı kakao ve sütten eşit miktarlarda kullanılarak oluşturulan homojen bir karışım bir şişeyi tam olarak doldurmuştur. İbrahim bu karışımın $\frac{4}{15}$'ini içtikten sonra şişeye bir miktar süt ilave edip son durumda şişedeki karışımın süt oranının %56 olduğunu görmüştür. Buna göre, son durumda şişenin kaçta kaçı boştur?",$\frac{1}{6}$,$\frac{1}{3}$,$\frac{1}{2}$,$\frac{2}{3}$,$\frac{5}{6}$,A
ee7835b1-4d9e-5d52-879f-4c3cda6c005a,BIYOLOJI,"Maddelerin çok yoğun oldukları yerden az yoğun oldukları yere doğru geçişlerine difüzyon adı verilir.
Aşağıdakilerden hangisi bu geçişin hızına etki etmez?",Geçiş yapan maddelerin nötr veya iyonik yapıda olması,Çeperin bulunup bulunmaması,İki ortam arasındaki yoğunluk farkı,Ortamın sıcaklığı,Molekülün yağda ya da suda çözünme özelliği,B
18e5f730-8417-59fa-9fe1-018e81e8bd2e,GEOMETRI,"Aşağıdaki adımlara göre bir çizim yapınız.

* Dik koordinat düzleminde $d_1: 4y - 3x = 0$ ve $d_2: 5y - 2x = 0$ doğrularını çiziniz.
* [AB] kenarı x ekseni, C ve D noktaları ise sırasıyla $d_2$ ve $d_1$ doğruları üzerinde olan ABCD dikdörtgenini çiziniz.

Bu çizimde B(15,0) olduğuna göre, ABCD dikdörtgeninin alanı kaç $br^2$ dir?",30,36,42,48,54,D
1ebe2f70-a395-565c-a906-e75de70247cf,TURKCE,"(I) Yanıltıcı reklamlar, yanlış veya abartılı iddialarda bulunan, açıklayıcı cümleler içeren ya da eksik bilgi veren, gerçek olmayan karşılaştırmalar yapan reklam biçiminde tanımlanmaktadır. (II) Aldatıcı reklam uygulamaları genel olarak reklam ve- ron işletmelerin satış çabalarından, çağdaş reklamcılık kavramının tam ve doğru olarak anlaşılamamasından ve bu konudaki yasal eksikliklerden kaynaklanmaktadır. (III) Reklam kampanyalarında kullanılan fotoğrafların önceden tasarlanarak oluşturulması, tüketicinin reklamın amaç ve hedefleri doğrultusunda ikna edilebilmesi için yapılan müdahaleler çoğunlukla doğal karşılanmaktadır. (IV) Reklamın dikkat çekebilmesi için yapılan her türlü manipülatif uygulama, hedef kitle tarafından da bilmekte ve doğal kabul edilmektedir. (V) 2001 yılında Kanada'da NCC isimli resmî bir kuruluşun Ottawa ile ilgili hazırlamış olduğu bir tanıtım broşürünün kapağında “dünyanın en uzun doğal paten pisti” olarak lanse ettiği fotoğrafta, bir kaç fotoğraf birleştirilmiş, ayrıca pistin daha simetrik görünmesi için seçilen bazı bölgeler lers yüz edilerek genişletilmiştir.
Bu parça iki paragrafa ayrılmak istense ikinci paragraf numaralanmış cümlelerin hangisiyle başlar?",I,II,III,IV,V,E
695a5a41-6b2b-5bc5-84d8-4aa4dafb0be1,MATEMATIK,"$A=35 \cdot 65+65^2$ $B=35 \cdot 65-35^2$ olduğuna göre, $\frac{A}{B}$ oranı kaçtır?","0,9","0,6","0,5","0,3","0,2",C
71cbfd94-0286-5977-9fac-eb5163da4d82,COGRAFYA,"Türkiye'de yerleşmelerin kırsal ve kentsel yerleşmeler olarak sınıflandırılmasında;
I. ekonomik faaliyetlerin niteliği,
II. doğurganlık hızları,
III. yüzey şekilleri,
IV. iklim özellikleri
niceliklerinden hangileri ayırt edici özelliktedir?",Yalnız I,Yalnız II,I ve II,II ve IV,III ve IV,C
15ccafce-efeb-541f-a605-0b90427ad467,BIYOLOJI,"Bir hayvan hücresinde, hidroliz enzimlerinin üretilmesi ve görev yapacağı yere ulaşması sürecinde aşağıdaki organellerden hangileri, hangi sırayla görev yapar?",Çekirdek $\rightarrow$ Çekirdekçik $\rightarrow$ Ribozom,Granüllü ER $\rightarrow$ Düz ER $\rightarrow$ Koful,Mitokondri $\rightarrow$ Golgi $\rightarrow$ Lizozom,ER $\rightarrow$ Golgi $\rightarrow$ Lizozom,Peroksizom $\rightarrow$ Sentrozom $\rightarrow$ Ribozom,D
86030961-5c7a-5a1e-b9b6-3fa56811ebba,GEOMETRI,"Merkezi $M(-2, 3)$ ve yarıçapı $4$ birim olan çemberin denklemi aşağıdakilerden hangisidir?",$(x-2)^2 + (y-3)^2 = 4$,$(x+2)^2 + (y+3)^2 = 16$,$(x+2)^2 + (y-3)^2 = 4$,$(x-2)^2 + (y-3)^2 = 16$,$(x+2)^2 + (y-3)^2 = 16$,E
3567b776-7611-527b-b59c-577912aeb766,MATEMATIK,$\sqrt{x-1} = \sqrt[3]{3\sqrt{3}}$ eşitliğini sağlayan $x$ değeri kaçtır?,90,60,45,30,25,B
4da1805d-d18d-5f06-aa3a-ef79646385e6,MATEMATIK,"$x+y=4$ ve $xy=2$ olduğuna göre, $x^3+y^3$ kaçtır?",28,35,40,48,52,C
9a4baa4d-ab26-509b-aeba-91bf7d25890b,MATEMATIK,"$c$ asal sayı, $a$ ve $b$ pozitif tam sayıdır.
$(a-3) \cdot (b+1) = c$
olimits
olduğuna göre, $\frac{a+b-3}{c}$ oranı kaçtır?",1,$\frac{3}{2}$,2,$\frac{5}{2}$,3,A
bd2e26d9-34d2-5ed6-8a44-afbf7b70650e,MATEMATIK,"Bir mağaza yaptığı bir kampanyayı çıkarmasına asmıştır. Tüm ürünlerde %20 indirim, bu ürüne indirimli fiyat üzerinden tekrar indirim yapılıyor.
Buna göre, etiket fiyatı 125 TL olan bir ürünün bu indirimler sonucunda fiyatı kaç TL olur?",100,95,90,85,80,D
42352193-ea47-522a-9892-21bb30c995fc,MATEMATIK,"Bir binada satılığa çıkarılan 10 daire için 10 kişi başvuruda bulununca dairelerin kura yoluyla satılmasına karar verilmiştir. Kura için,
* Herkesin adının yazılı olduğu kartlar kuranın çekileceği torbaya konmuştur.
* Daireler 1'den başlanarak sırasıyla kurada adı çıkan kişiye verilecektir.
* Kurayı kazanan kişi kuraya tekrar katılamaz.
* Tüm daireler satılacaktır.
şartları sağlandığına göre, kura işlemi hangi fonksiyon türüne örnektir? (Katılımcıların adları farklıdır.)",Bire bir ve örten,Birim,Doğrusal,İçine,Sabit,A
aaba2140-47ab-507d-9087-1bef7a7438be,MATEMATIK,"$P(x)$ ve $Q(x)$ polinomları için $\text{der}[x^7 + P(x)] = 8$, $\text{der}[P(x) + Q(x)] = 8$ ve $\text{der}[x^3 + Q(x)] = \text{der}[Q(x)]$ olduğuna göre, $\text{der}[Q(x)]$ polinomunun alabileceği kaç farklı değer vardır?",4,5,6,7,8,D
2f4b845b-c704-51b4-aa89-503fd8eaee12,FIZIK,"Nükleer santrallerle ilgili
I. Ülkemizde Mersin-Akkuyu ve Sinop'ta yapılması planlanmaktadır.
II. Nükleer enerjisi suyu buharlaştırır, buhar türbinleri döndürür ve elektromanyetik indüksiyon ile elektrik elde edilir.
III. Fisyon reaksiyonu gerçekleşir.
yargılarından hangileri doğrudur?",Yalnız I,I ve II,I ve III,II ve III,"I, II ve III",E
e68821ff-4f79-5a0e-9524-0b3a26987415,COGRAFYA,Aşağıdaki ülkelerin hangisinde tan ve gurup süresi daha uzundur?,İtalya,Nijerya,Norveç,Türkiye,Hindistan,C
26c34102-46f6-5822-8a8a-15f7dd71dc52,FIZIK,"Aşağıdaki tabloda şehir gerilimi ile çalışan bazı elektrikli ev aletlerinin güçleri ve günlük ortalama çalıştırılma süreleri verilmiştir.
Buna göre, bu ev aletlerinden hangisinin bir günde harcadığı elektrik enerjisi en fazladır?",Buzdolabı,Çamaşır makinesi,Fırın,Televizyon,Su ısıtıcısı,A
818a00bd-3bfe-583f-9ed7-7b709b53e5ae,KIMYA,"Alkan, alken ve alkinlerden birer tane hidrojen (H) ayrılmasıyla oluşan grupların genel adları aşağıdakilerden hangisinde doğru verilmiştir?","Alkil, Alkinil, Alkenil","Alkil, Alkenil, Alkinil","Alkenil, Alkil, Alkinil","Alkenil, Alkinil, Alkil","Alkinil, Alkenil, Alkil",B
b2b24b61-396c-5083-9603-ee683fc08935,KIMYA,"$CH_3-CH-CH_2-C-X$
			$CH_3$
			$O$
molekülünde X yerine aşağıdaki atom ya da grup getirildiğinde hangisinin adı yanlış verilmiştir?

X			Sistematik adı
A) H			3-metil bütanal
B) -OH			3-metil bütanoik asit
C) -$OCH_3$		3-metil bütanoat
D) -$CH_3$		4-metil-2-pentanon
E) -Cl			1-kloro-3-metilbütanon",H			3-metil bütanal,-OH			3-metil bütanoik asit,-$OCH_3$		3-metil bütanoat,-$CH_3$		4-metil-2-pentanon,-Cl			1-kloro-3-metilbütanon,C
a0e08800-d488-5235-a76f-4ebb482b5cc7,MATEMATIK,"Matematik öğretmeni Kerem, hazırladığı 20 soruluk bir testte bazı soruları yıldızlı sorular olarak belirlemiştir. Bu testin puanlama kısmına, Kerem Öğretmen ""Yıldızlı sorular hariç diğer soruların doğru cevapları için 2 puan verilmekte, yanlış cevaplar için 1 puan silinmekte ve yıldızlı soruların doğru cevabı için ise 3 puan verilmektedir."" notunu eklemiştir. Testin tamamını cevaplandıran öğrencilerden biri; bu testteki yıldızlı soruların hepsine doğru cevap vermiş, yanlış cevap verdiği soru sayısı ise yıldızlı soru sayısı kadar olmuştur. Bu öğrencinin testten 30 puan aldığı bilindiğine göre testteki yıldızlı soru sayısı kaçtır?",9,7,8,6,5,D
50a05745-47c8-518c-9da2-1ec51b7ab237,MATEMATIK,"$a, b$ ve $c$ farklı gerçek sayılar olmak üzere, 
• $x^2 + (a + b)x + 2b + 3c = 0$
• $x^2 + (a + c)x + b + 4c = 0$
denklemleminin ortak bir kökü bulunmaktadır. Buna göre, $3c + b - a$ ifadesinin değeri kaçtır?",-2,-1,0,1,2,D
8fbd3358-3cf3-5e46-83e0-117f4ae65941,MATEMATIK,"$A$ ve $B$ boş kümeden farklı kümeler olmak üzere $s(A)=m$ ve $s(B)=n$'dir. Buna göre, $A$'dan $B$'ye tanımlanabilecek sabit fonksiyon sayısı en çok kaç kaçtır?",$m$,$n$,$m \cdot n$,$m-n$,$n!$,B
0f75b679-bc35-5aaa-b106-9818ae346ebe,MATEMATIK,20 kişilik bir sınıftan bir başkan ve bir başkan yardımcısı kaç farklı şekilde seçilebilir?,380,200,100,40,19,A
5cbd2089-7212-5b5e-a7ea-7eed8076aaf0,MATEMATIK,"Limon ve tütün kolonisi şişelerinin bulunduğu bir kutuda limon kolonisi sayısı, tütün kolonisi sayısının 6 katıdır. Kutudan limon kolonisi şişelerinin $\frac{1}{3}$'ü çıkarıldığında ilk duruma göre kutudaki tütün kolonisi sayısı yarısı düşmüş, limon kolonisi sayısı ise 74 tane azalmıştır. Buna göre, ilk durumda kutuda toplam kaç kolonya vardır?",170,150,140,135,120,D
ac618d2c-a6fd-5a86-8847-8c8c2f57f0c1,EDEBIYAT,"Kemal Tahir'in Osmanlı'nın beylik dönemiyle büyük bir devlet olmaya geçiş dönemini tema olarak işleyen ""Devlet Ana"" romanından alınan bu metindeki içerik ile aşağıdakilerden hangisi arasında bir ilgi bulunmaktadır?",Seyahatname,Fütüvvetname,Surname,Menakıpname,Tezkire,B
adfc0f62-322e-58ea-9a87-f0883274d0c8,MATEMATIK,"$x$ reel sayıdır. $0 < x < 3$ olduğuna göre, $3^{3x-4}$ ifadesinin alabileceği en büyük tam sayı değeri kaçtır?",8,80,81,242,243,B
bebb680d-98ff-5c28-a97b-c81558dbd071,MATEMATIK,"Eşitsizliğinin çözüm kümesi aşağıdakilerden hangisidir?
$[x+5] \cdot [x-3] \div [x+5] \cdot [x-1]$","$[-3,1]$","$[-5,1]$","$(-5, \infty)$","$[-5, \infty)$","$[-5,3]$",D
d51ffedb-c029-5c56-8a5f-b26c0e03520c,MATEMATIK,"200a, 20a0 ve 20aa dört basamaklı birer doğal sayı olmak üzere, Ali'nin;
• 200a yılındaki yaşı, yılın rakamları toplamına eşit.
• 20a0 yılındaki yaşı, a'nın 11 katına eşit
olduğuna göre, Ali'nin 20aa yılındaki yaşının rakamları toplamı kaçtır?",5,6,7,8,9,B
5166b004-5197-5334-937e-acbe99f6ae3f,BIYOLOJI,"İnsanın çizgili kaslarında hem oksijenli, hem de fermantasyonla enerji (ATP) üretilebilir.
Bir kasta gerçekleşen bu iki olay ile ilgili
I. $O_2$'li solunumda üretilen ATP, fermantasyonda harcanan ATP'den fazladır.
II. $O_2$'li solunumda harcanan ATP, fermantasyonda harcanan ATP'den fazladır.
III. Kasın $O_2$'li solunumu gerçekleştirme süresi, kasın fermantasyonu gerçekleştirme süresinden fazladır.
karşılaştırmalarından hangileri doğrudur?",I ve III,II ve III,Yalnız I,Yalnız III,I ve II,C
d6e7ceca-216f-55d9-b2ba-38fa628749ba,MATEMATIK,"Kübra: ""Kumbaramdaki 5 TL'lik madeni paraların sayısı ile 1 TL'lik madeni paraların sayısı eşittir."" demiştir. Büşra ise ""Kübra'nın kumbarasındaki 5 TL'lik madeni paraların adet sayısının 30 fazlası; 1 TL'lik madeni paraların adet sayısının 2 katından 60 eksiktir."" demiştir. Kübra ve Büşra'nın verdiği bilgiler doğru olduğuna göre, Kübra'nın kumbarasında kaç lira vardır?",650,640,600,610,500,D
2fca38a6-3909-56ff-9f82-e7690111a672,MATEMATIK,$\frac{d}{dx} \int e^{2x-1} dx$ ifadesi aşağıdakilerden hangisine eşittir?,$e^{2x-1}+c$,$e^{2x-1}$,$2e^{2x-1}+c$,$2 \cdot e^{2x-1}$,$\frac{e^{2x-1}}{2}$,B
377cc620-f85b-54c9-a600-f1e1a7d099c9,KIMYA,"Periyodik sistemde 3. periyotta yer alan X, Y ve Z elementleri ile ilgili bilgiler şu şekildedir:
• X: Toprak alkali metal
• Y: Toprak metali
• Z: Halojen
Buna göre, bu elementlerin birinci iyonlaşma enerjileri-nin karşılaştırılması aşağıdakilerden hangisinde doğru gösterilmiştir?",$X > Y > Z$,$Z > Y > X$,$Z > X > Y$,$Y > X > Z$,$X > Z > Y$,C
9e443764-1bac-53fe-b209-4a09710d3acc,TARIH,"Kavimler Göçü sonucunda Avrupa'da yaşanan gelişmelerden bazıları şunlardır:
• Günümüz Avrupa milletlerinin temelleri atılmıştır.
• Avrupa'da feodalite güç kazanmış ve skolastik düşünce gelişmiştir.
• Roma İmparatorluğu, Doğu ve Batı olmak üzere ikiye ayrılmıştır.
Bu gelişmelere göre Avrupa'nın sözü edilen dönemle ilgili aşağıdakilerden hangisine ulaşılamaz?",Sınırlarda değişmeler yaşandığına,Ruhban sınıfının güçlendiğine,Merkezi yönetimin zayıfladığına,Demografik yapının değiştiğine,Hristiyan dünyasının zayıfladığına,E
39c9fa99-0437-5745-9529-c0747cf2467f,MATEMATIK,"1'den 42'ye kadar olan ardışık doğal sayılar boş bir kağıda yazılıyor. Sonra bu kağıtlarda yazan 2 rakamlarının tamamı siliniyor.
Örneğin; 32'nin '2'si siliniyor.
Buna göre, silme işlemi bittikten sonra silinen rakam sayısı, ilk durumda tüm kağıtta bulunan rakam sayısının yüzde kaçıdır?",5,10,15,20,25,D
d389f8ae-eb5e-5483-9729-002996f16f97,GEOMETRI,"Üç iç açısının ölçüsü $145^\circ$, $165^\circ$, $170^\circ$ ve diğer iç açılarının ölçüleri $150^\circ$ olan konveks çokgenin kenar sayısı kaçtır?",11,12,13,14,15,B
a90733e5-2d98-5483-a2a0-66d6b4ba26dd,MATEMATIK,"$g(a) = a^{\log_b a} + (a+2)^{\log_b b}$ ve $g^{-1}(56) = 2$ olduğuna göre, $b$ kaçtır?",7,16,2,14,8,E
066a0d8c-308f-5065-a5a9-1011f4064a5d,KIMYA,"X, Y ve Z metallerinin elektron verme eğilimleri arasındaki ilişki $X > Y > Z$'dir. Buna göre, I. $X_{(k)} + Y^{2+}_{(suda)} \longrightarrow X^{2+}_{(suda)} + Y_{(k)}$ II. $Z_{(k)} + X^{2+}_{(suda)} \longrightarrow Z^{2+}_{(suda)} + X_{(k)}$ III. $Y_{(k)} + Z^{2+}_{(suda)} \longrightarrow Y^{2+}_{(suda)} + Z_{(k)}$ tepkimelerinden hangileri kendiliğinden gerçekleşir?",Yalnız I,Yalnız II,I ve II,I ve III,"I, II ve III",D
7f627e3e-c69d-5164-bc7e-8d380a1c13d2,BIYOLOJI,"ATP'nin yapısında bulunan; I. riboz, II. fosforik asit, III. adenin moleküllerinden hangileri organik yapıdadır?",I ve III,"I, II ve III",Yalnız I,Yalnız II,Yalnız III,A
00b5595a-60ff-555a-906c-5cb3967428a7,TURKCE,"1930-1940'lı yıllarda Balat, İstanbul'un kendi kendine yeten; hastanesi, eczaneleri, sinemaları, okulları, camileri, kiliseleri ve hemen her çeşit esnaf ve zanaatkârı bulunan minyatür bir metropoldü.

Bu cümlede Balat ile ilgili anlatılmak istenen aşağıdakilerden hangisidir?","Semt sakinlerinin istek ve beklentilerine göre şekillenebilen, canlı bir mekân olması","Farklı insan gruplarının türlü ihtiyaçlarına cevap veren, çok kültürlü bir yapıya sahip olması",Büyük şehrin kültür atmosferini toplumun her tabakasına yayan bir yapı göstermesi,Farklı meslek sahiplerini bir araya getiren renkli ve üretken bir ortam yaratması,"Toplumsal hiyerarşiyi ortadan kaldıran, modern ve bütünleştirici yapılar barındırması",B
15ccab3d-5e41-5095-af7f-8c31d0fa4752,MATEMATIK,"$f$: ikinci dereceden bir polinom fonksiyonu olmak üzere,
• Her $x$ gerçek sayısı için $f(-x) = f(x)$
• $f'(1) = 1$, $f(1) = 2$
bilgileri veriliyor.
Buna göre, $f(3)$ değeri kaçtır?",6,7,8,9,10,E
2f3552fe-57fb-5a2b-b3ef-325e2600b68e,TURKCE,"(I) Onun en çok sevdiği şekerlemeyle dolu kese kâğıdının ağzı hiç açılmamıştı. (II) Tronların saatlerini gösteren bölümü kesilmiş günlük bir gazete açık olarak yerde seriliydi. (III) Odada bulunan her şeyde bir yitiklik, bir öz kaybı, ruh ve hayatın ayrılmışlığı okunuyordu. (IV) John Perkins, kalbinde garip bir ayrılmışlık hissiyle bu ölü kalınların arasında ayakta duruyordu. (V) Buna rağmen benliğinin yitik duygularında savruldu.
Bu parçada numaralanmış cümlelerle ilgili aşağıdakilerden hangisi söylenemez?","I. cümlede, tamlayanı ile tamlananı arasına sözcük girmiş isim tamlaması kullanılmıştır.","II. cümlede, belirtili isim tamlamasına yer verilmiştir.","C) III. cümlede, tamlayanı ortak isim tamlaması kullanılmıştır.","D) IV. cümlede, sıfat tarafından nitelenmiş bir isim tamlaması vardır.","E) V. cümlede, tamlayanı ile tamlananı arasına sözcük girmiştir.",E
9c6a56bb-f7b1-5945-9a5b-24de9c58a967,MATEMATIK,$x$ ve $y$ birer gerçel sayıdır. $x < y$ $ax-ay > x^2-y^2$ eşitsizlikleri veriliyor. Buna göre aşağıdakilerden hangisi kesinlikle doğrudur?,$a > x+y$,$a < x-y$,$a < x+y$,$a < x^2-y^2$,$a > x^2+y^2$,A
8ae7fb22-465d-54ac-ae7b-d8dbc190eab5,MATEMATIK,"limiti aşağıdakilerden hangisidir?
$\lim_{x \to 1} \frac{2x^2-xy-x+4y-3}{(x-y+1)}$",$3y+2$,$y-1$,$0$,$y+1$,$3y-5$,D
e8ca0ab1-0b42-5da3-83ba-fc0499744f96,MATEMATIK,"İstanbul'da toplu ulaşım kara yolu, raylı sistem ve deniz yolu ile sağlanmaktadır. Aşağıdaki tabloda İstanbul'da bir günde toplu ulaşım araçlarını kullanan kişilerin sayısı verilmiştir.

ULAŞIM TÜRÜ KİŞİ SAYISI (BİN)
Kara Yolu 11680
Raylı Sistem 2822
Deniz Yolu 644

Kara yolunda ortalama bilet fiyatı 1,5 lira, raylı sistemde ortalama bilet fiyatı 2 lira ve deniz yolunda ortalama bilet fiyatı 4 liradır.

Buna göre, İstanbul'da yukarıda bahsedilen günün sonunda toplu taşıma araçlarına toplam kaç bin lira ödenmiştir?",24096,24996,25096,25740,26004,E
a5030d0a-9003-56e2-ab2b-2237fdfe7274,MATEMATIK,"$P(x)$ bir polinom olmak üzere, $\text{der}[x \cdot P(x)] = 10$ olduğuna göre, $\text{der}[x^2 + x \cdot P^3(x)]$ kaçtır?",28,29,30,31,32,D
50951ce1-1f03-5818-9b38-6ca17f945997,KIMYA,Aşağıdaki atom modelleri ile ilgili verilen bilgilerden hangisi yanlıştır?,Dalton: Atomlar içi dolu parçalanamayan kürelerdir.,"Thomson: Atom, içinde gömülmüş hâlde elektronlar bulunan $(+)$ yüklü bir küre şeklindedir.",Rutherford: Atomdaki elektronların tamamı çekirdek adı verilen çok küçük bir hacimde toplanmıştır.,Bohr: Bir atomdaki elektron çekirdekten belirli uzaklıklardaki dairesel yörüngelerde hareket eder.,Modern: Elektronların çekirdek etrafında bulunmaları elektron bulutu modeli ile açıklanır.,C
119c2ab7-cf13-5535-9565-e129dde0d7de,MATEMATIK,"AB iki basamaklı rakamları farklı en büyük tek sayıdır. Buna göre, A + B toplamı kaçtır?",18,17,16,15,14,C
91a1b930-7c03-5ae1-bc78-c5a4b8a3f6be,MATEMATIK,"$y, 4, z, \frac{1}{8}$ terimleri pozitif terimli bir geometrik dizinin sırasıyla ardışık dört terimidir. Buna göre, $y+z$ toplamı kaçtır?",$\frac{29}{\sqrt{2}}$,$\frac{31}{\sqrt{2}}$,$\frac{33}{\sqrt{2}}$,$\frac{35}{\sqrt{2}}$,$\frac{37}{\sqrt{2}}$,C
8ea7d694-0779-5213-8cfd-7414128770e0,MATEMATIK,"$P(x)$ ve $Q(x)$ gerçel katsayılı polinomlar olmak üzere, $P(x) + Q(x)$ toplamının ikinci dereceden bir polinom olduğu ve $P(x) - Q(x) = -4 \cdot (x-1)^2 \cdot (x-2)^2$ eşitliklerinin sağlandığı bilinmektedir. $P(3) = -16$ olduğuna göre, $Q(4)$ değeri kaçtır?",12,24,36,48,54,E
7757c86b-ba0f-58f0-9aa6-c54ca2980a97,KIMYA,"$N_2(g) + 3H_2(g) \rightarrow 2NH_3(g)$ denklemine göre $3,4$ gram $NH_3$ gazı elde etmek için toplam kaç mol gaz harcanır? ($N:14, H:1$)","0,4","0,5","0,6","0,7","0,8",A
0da914da-7974-5ba3-948e-0f5b609aad27,MATEMATIK,"Bir otomobil firması yeni ürettiği aracın donanım sürüşünde aracın saatte ortalama 320 km hızla 90 saniyede aldığı yolun, aracın saatte ortalama 360 km hızla t saniyede aldığı yola eşit olduğunu gözlemliyor. Buna göre, t kaçtır?",63,70,72,75,80,E
7da9301a-6cc9-597a-acec-d5acb14143d7,FIZIK,Havuzda deniz yatağının üzerinde yatmakta olan bir öğrenci yataktan atlayarak havuzda yüzmeye başlıyor. Buna göre; I. Deniz yatağının batan hacmi azalır. II. Havuzdaki su düzeyi artar. III. Deniz yatağına etki eden kaldırma kuvveti değişmez. ifadelerden hangileri doğrudur?,Yalnız I,I ve II,I ve III,II ve III,"I, II ve III",A
158977ea-b263-5748-afd8-33dd1511ebd2,GEOMETRI,"Dik koordinat düzleminde genel denklemi $x^2+y^2+Dx+Ey+F=0$ olan çember için; I. $D=E=0$ için çemberin merkezi orijindedir. II. $D=0$ ise çemberin merkezi y-ekseni üzerindedir. III. $E=0$ ise çemberin merkezi x-ekseni üzerindedir. IV. Merkezin koordinatları $M(-\frac{D}{2}, -\frac{E}{2})$'dir. V. Çemberin yarıçapı $r=\frac{1}{2}\sqrt{D^2+E^2-4F}$'dir. İfadelerinden kaç tanesi doğrudur?",$1$,$2$,$3$,$4$,$5$,E
65369199-90b1-54ac-b59b-149218906036,MATEMATIK,"I. $ \Box \ 2 \ \Box \ 4 = A $
II. $ \Box \ 2 \ \Box \ 4 = A $

İfadelerinin her birindeki bir kutuya toplama $(+)$, diğer kutuya çarpma $( \times )$ sembolü yerleştirildiğinde işlem önceliğine göre yapılan işlemlerin sonucu $A$ tam sayısına eşit oluyor.

Buna göre, $A$ kaçtır?",10,14,18,22,26,C
7fb41434-34c5-5cd3-aeec-d82562eafcf6,MATEMATIK,"$\tan 2x + \tan 3x = 0$ denkleminin $[0, \pi]$ aralığındaki en büyük kökü aşağıdakilerden hangisidir?",$\frac{3\pi}{5}$,$\frac{4\pi}{5}$,$\frac{5\pi}{6}$,$\frac{7\pi}{8}$,$\frac{9\pi}{10}$,B
2801d359-d889-5637-bc1c-40168b9574c6,MATEMATIK,"$\frac{\pi}{2} < x < \pi$ ve $\cos x = -\frac{2}{3}$ olduğuna göre, $\sin x + \tan x$ değeri kaçtır?",$-\frac{\sqrt{5}}{6}$,$-\frac{1}{6}$,$\frac{5\sqrt{5}}{6}$,$\frac{\sqrt{5}}{3}$,$\frac{\sqrt{5}}{6}$,A
5d2427ce-8bbd-50de-b505-390128201c48,TURKCE,"(I) Her yazarın bir kişiliği vardır. (II) Yazar, kişiliğiyle başkalarından ayrılır. (III) Durmadan yeni teknikler bulmaya çalışır. (IV) Başka yazarların beğenilerini göz ardı edemez. (V) Bu arayışı yazarın toplumun değer yargılarına kulak asmadığını, gözünün hep ileride olduğunu, kalıplaşmış beğenilere değer vermediğini gösterir bize. (VI) Bu durumda sanat, hazır konulara ve taklit edenlere değil de sanat dünyasına yeni yeni anlayışlar getirebilenlere açıyor kendini. Bu parçada numaralanmış cümlelerden hangisi düşüncenin akışını bozmaktadır?",II,III,IV,V,VI,C
c05d56d0-12fc-5905-bac2-2012488aa1f6,TURKCE,"Ernest Hemingway, Paris'te geçen yıllarını anlattığı kitabında şehir için şöyle der: ""Gençliğinizde Paris'te yaşama şansına erişmişseniz ömrünüzün geri kalan bölümünde nereye giderseniz gidin artık orası sizinledir, çünkü Paris bir şenliktir."" Bu parçada aşağıdaki ses olaylarından hangisi yoktur?",Ünsüz yumuşaması,Ünsüz benzeşmesi,Ünlü türemesi,Ünlü daralması,Ünsüz türemesi,C
f008c1a2-70cc-55a9-bcd8-27bfc6e7a01f,BIYOLOJI,"Bir insanda krebs çemberinde üretilen, I. $CO_2$, II. NADH, III. $FADH_2$ moleküllerinden hangileri ETS'ye aktarılarak ATP sentezinde kullanılabilir?",Yalnız II,I ve II,I ve III,II ve III,"I, II ve III",D
b73bede2-72f5-57ad-8f24-b08618423203,MATEMATIK,"x cm yükseklikten bırakılan bir top, yere her çarptığında düştüğü yüksekliğin $\frac{2}{3}$'ü kadar dikey olarak yükseliyor. Bu top 5. defa yere çarptıktan sonra 32 cm yüksekliğe çıkmıştır. Buna göre, x kaçtır?",160,162,180,216,243,E
66c0590c-72f7-5582-88f7-7f2f1150b494,MATEMATIK,"$f(x)$ ve $g(x)$ birer polinom fonksiyondur. $\text{der}[f^2(x) \cdot \int g(x)dx] = 12$ ve $\text{der}[g'(x) \cdot \int f'(x)dx] = 4$ olduğuna göre, $\text{der}[f(x)+g(x)]$ polinomunun derecesi kaçtır?",6,5,4,3,2,B
772a657c-769f-5c1b-8cd3-b0e568e000fd,MATEMATIK,"$x$ ile $y$ birer pozitif doğal sayıdır. $\text{EBOB}(x, y) = 16$ ve $\frac{x-5}{y} = \frac{3}{3}$ olduğuna göre, $x-y$ farkı kaçtır?",12,16,24,32,40,C
45772152-68e4-561f-9c77-268bd6bdb980,MATEMATIK,"Kızının 5 katı yaşında olan anne ile kızının yaşları toplamı 36'dır. Buna göre, anne kızından kaç yaş büyüktür?",28,30,32,34,36,B
e2fecd65-baaa-50ba-ac49-a454d397e300,KIMYA,"Aynı koşullarda gerçekleşen yukarıdaki tepkime için aşağıdaki niceliklerden hangisi korunmaz?
$CH_4(g) + 2O_2(g) \rightarrow CO_2(g) + 2H_2O(s)$",Toplam kütle,Toplam molekül sayısı,Toplam gaz hacmi,Toplam atom sayısı,Atom cinsi,C
54257835-ed28-56a2-80ee-fae346a07298,MATEMATIK,"$P(x) = x^{a-1} - \frac{12}{x^{a-2}} - 2x^{a-3} + 3$ ifadesi bir polinom belirttiğine göre, $a$'nın alabileceği kaç tam sayı değeri vardır?",3,4,5,6,7,A
d9ff010d-60a7-5734-bd77-d4b9ac9c31ab,GEOMETRI,"Dik koordinat düzleminde çizilen bir çemberin
$\bullet \ d_1: y - \frac{4x}{3} = 0$ doğrusu ile bir ortak noktası olduğu,
$\bullet \ d_2: y - \frac{4x}{3} - 6 = 0$ doğrusu ile iki ortak noktası olduğu,
$\bullet \ d_3: y - \frac{4x}{3} - 1 = 0$ doğrusu ile ortak noktası olmadığı
biliniyor.
Buna göre bu çemberin yarıçapı birim türünden aşağıdakilerden hangisi olabilir?",11,13,15,17,19,B
b8eaaab2-a587-5eb2-982c-157d11c8c4c6,MATEMATIK,"Engin, kitaplarının önce $\frac{1}{5}$'ini, sonra geriye kalanların $\frac{1}{4}$'ünü, sonra da geriye kalanların $\frac{1}{3}$'ünü arkadaşlarına dağıtınca elinde $8$ kitap kalıyor. Buna göre, Engin'in dağıtmadan önce kaç kitabı vardır?",20,30,40,50,60,C
78b6ba12-8f3e-576e-a600-71658ca7064a,MATEMATIK,"$A > 1$ olmak üzere, $A^{x^2-2x} < A^{x-28}$ eşitsizliğini sağlayan kaç farklı $x$ tam sayısı vardır?",10,11,8,12,9,A
247d7c1f-21d4-5e47-9f4a-cf355a2fdcde,MATEMATIK,"Uygun koşullarda tanımlı $f$ fonksiyonu için, $f(x) = \frac{3x+1}{x-2}$ olduğuna göre, $f^{-1}(2)$ kaçtır?",-3,-1,0,1,3,E
8ef584cf-7477-5bf4-8c8e-623a182eb8d7,MATEMATIK,"Kemal, bir sayının $\frac{3}{5}$'inin $\frac{1}{6}$'sına 12 eklediğinde 21 sayısını buluyor. Buna göre, bu sayının $\frac{1}{3}$'ünün 2 fazlası kaçtır?",18,16,14,12,10,C
f469673a-932d-5a8c-8076-3b173370b274,KIMYA,Aşağıda verilen organik bileşiklerden hangisinin izomer türü karşısında yanlış verilmiştir?,CH_3CH_2CH_2OH ile CH_3-CH(OH)-CH_3 Konum,CH_3CH_2CHCH_3 ile CH_3-CH(CH_3)-CH_2-CH_3 Dallanma - zincir,CH_2=CH-CH_2-CH_3 ile CH_3-CH=CH-CH_3 Halka - zincir,CH_3OCH_3 ile CH_3CH_2OH Fonksiyonel grup,CH_3CH_2CHO ile CH_3COCH_3 Konum,E
b51554f3-6fbe-5187-aeee-642c78c9d0f8,TURKCE,"Zaman bir akrepti kucağımda saplanan
Akıyordu içime sonsuzlukta salınan
Rüyada geçer diyor vaktin sultanı
Benim her zulme, her acıya katlanan
Bu dizelerde ek-fiil almış kaç sözcük vardır?",3,4,5,6,7,C
ea4a81f3-2b4b-566d-a879-58cf56bf0277,KIMYA,"$H_2(g) + Cl_2(g) \rightleftharpoons 2HCl(g)$ tepkimesi 1 L'lik sabit hacimli kapta 1 mol $H_2$, 1 mol $Cl_2$ ve 3 mol $HCl$ gazları ile dengededir. Sabit sıcaklıkta kaba 2 mol $HCl$ gazı ilave edilirse yeni kurulan dengedeki $Cl_2$ gazının derişimi kaç mol/L olur?","1,2","1,4","1,6","1,8",2,C
af381b8a-dfdf-5b52-8b34-ac1eaa4a1b6e,FIZIK,"Günümüzde kullanılan radarlar ile ilgili,
I. Mikrodalga frekansındaki elektromanyetik dalgalar kullanılır.
II. Hedeften yansıyan elektromanyetik dalgalar dedektörde edilerek görüntü oluşturulur.
III. Hareket hâlindeki bir uçağın hızının ve hareket yönünün tespitinde kullanılır.
yargılarından hangileri doğrudur?",Yalnız I,I ve II,I ve III,II ve III,"I, II ve III",E
5dd2911e-6f51-547f-b436-e989bd99513a,MATEMATIK,"$\sin(4x + 60^\circ) = \cos 30^\circ$ denkleminin $[0, \pi]$ aralığında kaç farklı kökü vardır?",1,2,3,4,5,D
6473bf36-5501-5cf7-9d57-b7553ba38a65,MATEMATIK,"$f$ ve $g$ fonksiyonları gerçek sayılarda tanımlı fonksiyonlardır.
$y = f(x)$ fonksiyonunun grafiği y eksenine göre,
$y = g(x)$ fonksiyonunun grafiği ise orijine göre simetriktir.
$\lim_{x \to 1} (f-g)(x) = 11$ ve $\lim_{x \to 1} (f-2g)(x) = 5$
olduğuna göre, $\lim_{x \to -1} (f \cdot g)(x)$ limitinin değeri kaçtır?",6,9,12,15,18,E
df2b48b0-2803-54ef-9dcd-ad6e754e7580,MATEMATIK,$7 \cdot 10^4 + 3 \cdot 10^4 - 6 \cdot 10^4$ işleminin sonucunu bulunuz.,$14 \cdot 5^2$,$2 \cdot 2^4$,$4 \cdot 4^3$,$4 \cdot 10^4$,$6 \cdot 5^2$,D
0da16595-203d-52e9-b35a-5302063e507a,MATEMATIK,$\frac{2}{|x-3|} \leq 0$ eşitsizliğini sağlayan çözüm kümesi aşağıdakilerden hangisidir?,R,R - {3},"(3, \infty)",{},"(-\infty, 3)",D
b47596e2-756c-53da-b792-dbea464d17cf,FIZIK,"Bir öğrenci yatay ve sürtünmesiz düzlemde durmakta olan 4 kg kütleli boş bir kutuyu sabit 40 N büyüklüğündeki yatay bir kuvvetle bir miktar itip bıraktığında kutunun kazandığı enerji 120 Joule oluyor. Kutu yalnızca aynı yönde öteleme hareketi yaptığına göre, I. Öğrenci kutuyu 3 metre boyunca itmiştir. II. Öğrenci kutunun içini eşya ile doldurup yine aynı şekilde iteseydi kutunun kazanacağı kinetik enerji daha az olurdu. III. Öğrenci kutunun içini eşya ile doldurup yine aynı şekilde iteseydi kutunun kazanacağı hız daha küçük olurdu. yargılarından hangileri doğrudur?",Yalnız I,I ve II,I ve III,II ve III,"I, II ve III",C
ec8168ce-342f-5bf5-8473-0054be31cf79,MATEMATIK,"$\frac{\cos x - \sin x}{\cos x + \sin x} = \frac{1}{\sqrt{2}}$ olduğuna göre, $\sin 2x$ değeri kaçtır?",$\frac{1}{4}$,$\frac{1}{3}$,$\frac{1}{2}$,$\frac{2}{3}$,$1$,C
0a5f5761-f39a-5fa2-aefb-a07f7220c365,KIMYA,Kuantum sayıları ile ilgili aşağıdaki ifadelerden hangisi yanlıştır?,d orbitalleri üçüncü enerji düzeyinden itibaren başlar.,Dördüncü enerji düzeyinde en fazla 32 elektron bulunabilir.,Manyetik kuantum sayısındaki $(+)$ işareti orbitaldeki manyetik alanla dış manyetik alanın birbirini kuvvetlendirdiğini ifade eder.,$3p$ orbitalinde bulunan elektronun açısal momentum kuantum sayısı 1'dir.,$m_l = 3$ olan bir orbitalin bulunabileceği en düşük enerji katmanda en fazla 3 farklı tür orbital bulunabilir.,C
b401da03-6f2c-57db-8645-ab2f241a145b,MATEMATIK,$ (a^4)^5 \cdot (a^2)^{-4} \cdot (-a^3)^{-2} \cdot (-a^4)^7 $ ifadesinin eşiti aşağıdakilerden hangisidir?,$a^{-20}$,$a^{-16}$,$a^{-18}$,$-a^{-18}$,$-a^{-20}$,D
624f3024-4d85-5649-b20a-3fd451857b68,KIMYA,"Bir tane $X_2O_7^{n-}$ iyonunda toplam $106$ tane elektron vardır. Buna göre $X$ atomu ile ilgili, I. Proton sayısı $24$'tür. II. Metaldir. III. Nükleon sayısı $52$ ise nötron sayısı $28$'dir. IV. Katman elektron dağılımı $2) 8) 13) 1)$ şeklindedir. yargılarından hangileri doğrudur? ($_8O$)",Yalnız I,I ve II,II ve III,III ve IV,"I, II, III ve IV",C
e1d04011-ea21-56cf-90bb-ae280be50659,MATEMATIK,"$A = \{2, m, n\}$ olmak üzere, $f: A \to A$ tanımlı bir fonksiyondur. Buna göre, $f(-1) + f(3)$ toplamının alabileceği en büyük değer kaçtır?",4,5,6,7,8,C
2bb4f7b7-64d7-5f21-8d0a-bd4e1213642e,TURKCE,"Tarihçiler, MÖ 3200’lü yıllarda Sümer şehir devletlerinde yazının bulunmasını tarihin başlangıcı olarak kabul etmişlerdir. Yazının bulunmasından sonraki döneme “tarihî çağlar”, yazının bulunuşuna kadar geçen döneme de “tarih öncesi çağlar” adı verilmiştir. Tarih öncesi çağlar; Paleolitik, Mezolitik, Neolitik ve Kalkolitik olarak adlandırılmaktadır. Bu çağlar, farklı yüzyılları kapsamaktadır. Tarih öncesi devirlerin başlamasına ve bitiş zamanları bu isimlerle ifade edilmesine rağmen bu devirler bütün toplumlarda aynı zamanda diliminde yaşanmamıştır. Toplumların yaşadıkları devirlerin farklı olmasında coğrafi çevre ve iklim şartları yanında, göçler sonucunda uygarlık alanında ileri gelen toplumların diğer toplumları etkilemesi, bölgelerin yer altı zenginlikleri, insanların temel ihtiyaçları etkili olmuştur.

Bu parçaya göre aşağıdaki önermelerden hangisi tarihî çağların bakışı ile örtüşür?",Tarih çağları ile genel yargılar dile getirmekten kaçınırlar.,Bütün tarihî çağları aynı coğrafi koşullar içinde değerlendirirler.,Araştırmalarını zaman dilimini öne çıkararak yaparlar.,"Sözlü dönemden yazıya geçilmesini, tarih çağlarının şekillenmesinde dikkate alırlar.",Çağ öncesi ve sonrası devirleri şekillendirirken belirli yöntemler seçerler.,D
405ed351-7f09-52fd-8d30-956d8fbb6436,MATEMATIK,"Bir izci kampında her izcinin günlük yediği yemek sabit olmak üzere, 18 izciye 5 gün yetecek kadar yiyecek vardır. Buna göre, bu yiyecek kamptaki 10 izciye kaç gün yeter?",6,7,8,9,10,D
ef3ca295-3605-57ab-8211-1b11ada460ce,KIMYA,Aşağıdakilerden hangisi çamaşır suyunun etken maddesi sodyum hipokloritin formülüdür?,$NaCl$,$NaClO$,$C_{12}H_{25}SO_3Na$,$C_{17}H_{35}COOK$,$Ca(ClO)_2$,B
e975a6a7-b690-54ac-bf26-789645da931c,MATEMATIK,"Bir kıyma makinesine aynı anda 270 gram dana eti ve $x$ gram kuzu eti atılıp kıyma yapılıyor. Elde edilen kıymanın ağırlıkça %55'ini kuzu eti oluşturduğuna göre, $x$ kaçtır?",330,340,350,360,370,A
85175371-096c-5da0-a6b6-f8e0ebbbe0bb,MATEMATIK,"Belli bir personel sayısı ile çalışma hayatına başlayan bir şirkette her bir çalışma yılı tamamlandığında 10 yeni personel işe alınmıştır. Şirket sahibi, şirketi 5. çalışma yılını tamamladığında, personellerden her birine çalıştığı yıl sayısınca o kadar maaş ikramiye ödemiştir. Örneğin şirkette 3 yıl çalışan bir personele 3 maaş ikramiye ödenmiştir. Tüm personelin eşit maaşla çalıştığı bu işyerinde ödenen toplam ikramiye bir personelin maaşının 135 katına eşit olduğuna göre, ikramiye ödenen personel sayısı kaçtır?",42,44,47,49,51,D
8175ffef-e184-5d50-bfd6-95736f8b53f0,MATEMATIK,"Ayşe'nin dedesini ziyaret etme olasılığı hafta içi günlerde $\frac{1}{3}$, hafta sonu günlerde ise $\frac{1}{2}$'tür. Buna göre, bir hafta boyunca her gün Ayşe'nin dedesini ziyaret etmeme olasılığı kaçtır?",$\frac{1}{49}$,$\frac{1}{56}$,$\frac{1}{63}$,$\frac{1}{72}$,$\frac{1}{81}$,E
84f507a4-0148-5ff2-8a8f-e727cd9754e3,MATEMATIK,"$(x-a)^2 \cdot (x-b) \cdot x \le 0$ eşitsizliğinin çözüm kümesi $[-7,0] \cup \{3\}$ şeklindedir. $a$ ve $b$ birbirinden farklı tam sayılar olduğuna göre $2a+b$ toplamı kaçtır?",-4,-11,-1,11,1,E
1c465de6-7959-5623-afd8-8c339e45c15f,KIMYA,"1 litrelik bir kaba 8 mol HF ve 2 mol $H_2$ gazı alınarak gerçekleştirilen tepkime
$2HF(g) \rightleftharpoons H_2(g) + F_2(g)$
dengeye ulaştığında kapta 1 mol $F_2$ gazının oluştuğu görülüyor.
Buna göre derişimler türünden denge sabitinin sayısal değeri ($K_c$) kaçtır?",12,24,36,$\frac{1}{12}$,$\frac{3}{10}$,D
5397ecfd-35c4-5b2a-8458-a7a717c6c739,MATEMATIK,"5 farklı kişiden 3'üne A, 2'sine B dergisi verilecektir. Bu dergiler, üzerinde bu 5 kişinin isimlerinin yazılı olduğu beş farklı kutuya rastgele konuluyor. Bu kutulardaki dergilerin doğru kişilere ait olma olasılığı kaçtır?",$\frac{1}{10}$,$\frac{1}{5}$,$\frac{3}{10}$,$\frac{2}{5}$,$\frac{1}{2}$,A
e2b9a3c8-3d0e-5b4c-afc2-ac3380dc2c19,MATEMATIK,"Bir ressam, ilk sergisinde elindeki tüm tabloları sergilemiş ve bu tabloların bir kısmını satmıştır. Bu ressam daha sonraki tüm sergilerinde ise bir önceki sergide satılmayan tabloları ve yaptığı yeni tabloları birlikte sergilemiştir. Ressam her sergisinde, sergilediği tabloların $\frac{3}{5}$'ini satmıştır. Ayrıca ilk sergiden sonraki her sergisi için bir önceki sergiden kalan tablo sayısı kadar yeni tablo yapmıştır. Ressam 3. sergisinde 96 adet tablo sattığına göre, ilk sergisinde kaç adet tablo sergilemiştir?",100,150,200,250,300,C
fc41b824-87c9-5020-910e-4cbad116db44,BIYOLOJI,"Glikoz molekülünün oksijenli solunumda yıkılarak enerji elde edildiği bilinmektedir. Bu süreç genel bir denklemle aşağıdaki gibi özetlenmektedir:
$C_6H_{12}O_6 + 6O_2 \to 6CO_2 + 6H_2O + ATP$
Oksijenli solunum yapan bir canlıya işaretli oksijen molekülleri verilecek olursa hücresel solunum sırasında bu işaretli oksijene;
I. pirüvik asitten asetil CoA oluşumu sırasında açığa çıkan $CO_2$,
II. Krebs döngüsünde açığa çıkan $CO_2$,
III. elektron taşıma sisteminde oluşan $H_2O$
moleküllerinin hangilerinde rastlanması beklenir?",Yalnız I,Yalnız II,Yalnız III,I ve II,"I, II ve III",C
d0299554-1c27-5114-8dd8-6513d1eb2f25,MATEMATIK,"$[a_n]$ ve $[b_n]$ aritmetik dizileri için $a_1 = b_1$, $a_5 = b_7$, $a_{11} = b_k$ eşitlikleri veriliyor. Buna göre, $k$ kaçtır?",$20$,$19$,$18$,$17$,$16$,B
6340f546-3873-523a-8b5d-3cf9b97abe4c,MATEMATIK,"Arda, Berk ve Cem bir restoranda yemek yemişlerdir. Arda, işi çıktığı için kendi hesabını ödemiş ve restorandan erken ayrılmıştır. Berk ve Cem, Arda ayrıldıktan sonra biraz daha oturup kalkmış ve yerlerindeki hesabı Arda'nın ödediği Berk, Arda ayrıldıktan sonra kalan hesabın %40'ını ödemiştir. Restorandan üçü birlikte aynı anda ayrılsalardı ve Berk yine kendi hesabını ödeseydi toplam hesabın %25'ini ödemiş olacaktı.
Berk'in ödediği hesap tutarı $36 \text{ TL}$ olduğuna göre, Arda'nın ödediği hesap tutarı kaç TL'dir?",46,48,50,52,54,B
aca06868-3ecf-5bad-8b11-f217bbcedfab,FIZIK,"Bir cismin yere göre mekanik enerjisi, cismin;
I. Öteleme kinetik enerjisi
II. Yere göre potansiyel enerjisi
III. Öteleme kinetik enerjisi ile yere göre potansiyel enerjilerinin toplamı
niceliklerinin hangilerine eşit olabilir?",Yalnız III,I ve II,I ve III,II ve III,"I, II ve III",A
91d6d150-5928-5220-8c8a-5005335f0698,FIZIK,"Bir öğretmen, kütlesi 1 kg olan kitabı sınıfta, yatay bir masa üzerine hareketsiz duracak şekilde bırakmıştır. Öğrencilerine kitap, masa ve Yerküre'nin birbirlerine uyguladıkları kuvvetler hakkında düşüncelerini sormuştur.
Kitaba veya masaya başka bir kuvvet etki etmediğine göre aşağıdaki ifadelerden hangisi yukarıda verilen bilgilerden çıkarılamaz?
(Yer çekimi ivmesini $g=10 \ m/s^2$ alınız.)",Kitabın Yerküre'ye uyguladığı kuvvet 10 N'dir.,Yerküre'nin kitaba uyguladığı kuvvet 10 N'dir.,Kitabın masaya uyguladığı kuvvet 10 N'dir.,Masanın kitaba uyguladığı kuvvet 10 N'dir.,Yerküre'nin masaya uyguladığı kuvvet 10 N'dir.,E
a26a439d-cff0-5cbc-b78b-5e04799adc9c,MATEMATIK,"$\sin2x = \frac{3}{5}$ denkleminin $[0, 2\pi]$ aralığında kaç farklı kökü vardır?",1,2,3,4,5,D
3332b315-4460-5c8f-a952-d3c1a8dfa655,MATEMATIK,"$x$ bir tam sayı olduğuna göre, aşağıdakilerden hangisi daima çift sayıdır?",$x+6$,$5x+1$,$x^2-2x+1$,$2^x+6$,$x^2-x$,E
fc4a911b-cb64-58f8-ab07-8ca86df2fa41,COGRAFYA,"Aşağıda, atmosferin bazı katmanlarına ait özellikler verilmiştir.
I. Güneş'ten gelen zararlı ışınların süzüldüğü ozon tabakası bu katmanda yer alır.
II. Göktaşlarının yanmasını sağlayarak yeryüzüne ulaşmasını engelleyen katmandır.
III. Atmosferi oluşturan gazların büyük bir kısmının bulunduğu katmandır.
Bu katmanların adları aşağıdakilerin hangisinde sırasıyla verilmiştir?","Troposfer, Termosfer, Stratosfer","Stratosfer, Mezosfer, Troposfer","Mezosfer, Stratosfer, Troposfer","Stratosfer, Ekzosfer, Termosfer","Ekzosfer, Mezosfer, Termosfer",B
9913d09e-42f4-5dfa-bf0b-d28afa18cc7f,MATEMATIK,"$P(x)$ polinomunun $x-2$ ile bölümünden kalan $-1$, $P(2x+1)$ polinomunun katsayıları toplamı $1$'dir. Buna göre, $P(x)$ polinomunun $x^2-5x+6$ ile bölümünden kalan aşağıdakilerden hangisidir?",$2x-7$,$2x-5$,$2x-1$,$2x+1$,$2x-3$,A
0015c7f3-3877-5158-a021-35f37a5cf04c,MATEMATIK,"$x$ pozitif gerçel bir sayı olmak üzere, $\log_x(x^2) = \log_5(x^3) - \log_x x = 9$ eşitliği veriliyor. Buna göre, $x$ kaçtır?",150,125,75,25,5,B
6c43a6fd-632f-5406-badb-5ce83e538980,EDEBIYAT,"Gazeteci: —Sizi tanıyabilir miyim efendim? Sanatçı: —Ben, sanata, köyümde ilkokul öğrencisiyken hece ölçüsüyle şiirler yazarak başladım. 15-16 yaşımdan beri hayata hep yazma açısından bakıyorum. İlk şiirim 1946'da Eskişehir'de yayımlanan Türkçe Doğru dergisinde çıktı. Adı Fesleğen Kokuluma idi. Ama ilk şiirim bu değildir. İlk şiirim, ölen öküzümüzün yeni ne aldığımızı bir tosuniye edinmeyi, sanırım: “Yüz kırk liradır değerin / seni her yerde överim...” Köy Enstitüsü kişiliğimi bulmama, yazmada ilerlememe çok yardım etti. Köy yaşamını anlattığım ve bütünüyle köylüyü yazıya yazdığım Yılanların Öcü romanımdan sonra roman yazmaya yöneldim ve birçok roman yazdım. Roman ve öykülerim toplumu gerçekçi bir anlayışla kaleme aldım. Bu parçada kendinden söz eden sanatçı aşağıdakilerden hangisidir?",Fakir Baykurt,Orhan Kemal,Kemal Tahir,Sadri Ertem,Abbas Sayar,A
37991a1a-fbc0-5267-ae3a-7c0c0caf3989,TURKCE,"Aşağıdaki cümlelerin hangisinde ""kendi"" sözcüğü kişi zamirini pekiştirme görevinde kullanılmıştır?",Kaza yapan kadın bir anda kendinden geçti.,Sana kendinden daha büyük düşman olamaz.,Güzel değildir ama kendini sevdirmeyi iyi bilir.,Bu soruların hepsini ben kendim hazırladım.,Kendi sorunlarını çözmeyi öğrenmelisin.,D
2fe7dcf4-381c-5d7e-a8f9-c1c784138623,MATEMATIK,"A bir pozitif gerçel sayı olmak üzere, $\frac{x^2-6x}{x^2-A}=0$ denkleminin çözüm kümesi bir elemanlı olduğuna göre, A sayısı kaçtır?",6,12,24,30,36,E
a8a02984-d0cc-5725-b32e-8b4bf6bbc546,GEOMETRI,"Dik koordinat düzleminde $A(2, -3)$ noktası orijin etrafında pozitif yönde $90^	ext{o}$ döndürüldükten sonra $x$-ekseni boyunca 1 birim sağa ve $y$-ekseni boyunca 1 birim aşağı öteleniyor. Buna göre, dönüşümler sonucunda oluşan noktanın koordinatları toplamı kaçtır?",-3,2,5,6,8,C
9f8c4266-2f2d-52d5-886e-073a2e3ee27b,MATEMATIK,"$f(x) = \frac{4x-1}{x-4}$ fonksiyonu veriliyor. Buna göre, $(f \circ f \circ f \circ f)(2)$ ifadesinin değeri kaçtır?",1,2,3,4,5,B
b6ec1a34-0754-5c91-a66a-1ab10866b248,MATEMATIK,"$a = \cos350^\circ$
$b = \sin140^\circ$
$c = \sin50^\circ$
eşitlikleri veriliyor.
Buna göre, $a, b$ ve $c$ arasındaki ilişki aşağıdakilerden hangisinde doğru verilmiştir?",$a = b + c$,$b = a + c$,$a^2 = b^2 + c^2$,$a^2 = b \cdot c$,$a = 2 - b \cdot c$,B
19cc8179-6e91-5641-9ed5-1d4fbaa7d9dd,MATEMATIK,"$f:R-\{m\}\to R-\{n\}$ $f(x)=\frac{2x-n}{x-3}$ olduğuna göre, $m+n$ kaçtır?",-1,3,4,1,2,C
5c549ca4-fce5-52d1-ac41-bf9d5cf923ce,KIMYA,"$X^{2-}: 1s^2 2s^2 2p^6 3s^2 3p^6$
$Y^{2+}: 1s^2 2s^2 2p^6 3s^2 3p^6$
$Z^-: 1s^2 2s^2 2p^6$
Yukarıda elektron dağılımları verilen $X^{2-}$, $Y^{2+}$ ve $Z^-$ tanecikleriyle ilgili;
I. $Y^{2-}$ bir elektron alırsa enerji açığa çıkar.
II. Bir elektron koparmak için gerekli olan enerjilerin karşılaştırılması $Y^{2+} > X^{2-}$ dir.
III. Z bir elektron alırsa enerji açığa çıkar.
yargılarından hangileri doğrudur?",Yalnız I,Yalnız II,I ve II,II ve III,"I, II ve III",B
0e71c75a-a67f-57e6-ac55-0e0294ebabd1,MATEMATIK,$x^2-3x=20$ denkleminin kökleri $x_1$ ve $x_2$'dir. Kökleri $(x_1-2)$ ve $(x_2-2)$ olan 2. dereceden denklem aşağıdakilerden hangisidir?,$x^2-x-11=0$,$x^2+x-11=0$,$x^2-x-22=0$,$x^2+x-22=0$,$x^2+2x-13=0$,B
a659bc35-c475-5a04-b62b-ec41c5017e0c,MATEMATIK,$|4-3\sqrt{2}|+|2\sqrt{2}-3|$ işleminin sonucu kaçtır?,$-1+\sqrt{2}$,$-1$,$\sqrt{2}$,$-\sqrt{2}$,$6\sqrt{2}-7$,E
f5639579-fdcb-5b8b-b3fb-27d372444963,MATEMATIK,"Aşağıda verilen, birim karelerden oluşan kare şeklindeki tablonun her hücresine, tabanı hücrenin satır numarasına, üssü ise hücrenin sütun numarasına eşit olan birer üslü sayı yazılacaktır. Örneğin pembe renkli hücre 2. satır ve 3. sütunda bulunduğundan bu hücreye yazılacak üslü sayı $2^3$ tür. Tablonun dördüncü satırındaki tüm sayıların çarpımı $8^{24}$ tür. Tablonun üçüncü satırındaki tüm sayıların çarpımı $9^a$ dır. Buna göre, a kaçtır?",18,20,22,24,26,A
ea778023-d82c-5dad-a714-3905f505a902,KIMYA,Aşağıdakilerden hangisi oda koşullarındaki zayıf asit ve zayıf bazların sulu çözeltileri için ortaktır?,Kırmızı turnusol kağıdını maviye çevirir,Suda tamamen iyonlaşır.,Elektrik akımını çok iyi iletir.,$[H^+][OH^-] = 10^{-14}$ tür.,Tadı acıdır.,D
cb1f4a44-1cde-5648-ace6-4a3b9f83a4ee,MATEMATIK,"$a00b$ dört basamaklı ve $a0b$ üç basamaklı sayılar olmak üzere, $a00b + a0b = 9914$ olduğuna göre, $a-b$ kaçtır?",4,5,3,2,1,B
a40aa872-8ffa-564f-984d-01b1dccaa632,KIMYA,"3-metil 1-pentin bileşiği ile ilgili, I. İki tane pi bağı bulunur. II. Karbon atomu sayısı 6'dır. III. Uç alkindir. yargılarından hangileri doğrudur?",Yalnız I,Yalnız III,I ve II,I ve III,"I, II ve III",C
b36dd194-c83c-514a-a8e0-21f9c9a15051,KIMYA,"Oda sıcaklığında 0,1 molar 100 mL KOH çözeltisine x molar 100 mL $HNO_3$ çözeltisi eklendiğinde oluşan çözeltinin pH değeri 2 oluyor. Buna göre, $HNO_3$ çözeltisinin derişimi kaç molardır?","0,02","0,06","0,10","0,12","0,20",D
9b350d96-1e18-58af-889f-7e6aa3f2f8d5,KIMYA,"$H_2CO$ molekülü ile ilgili aşağıdaki ifadelerden hangisi yanlıştır? ($_1H, _6C, _8O$)",C atomu $sp^2$ hibritleşmesi yapmıştır.,Düzlem üçgen yapıdadır.,Bağ açısı $120^\circ$ dir.,VSEPR gösterimi $AX_2E_2$ dir.,Sigma bağ sayısı 3 tür.,D
01e71d8b-5206-5f56-82d1-14b40a9e0ec6,MATEMATIK,"Yarısı çizgili, diğer yarısı kareli olan defterinin çizgili kısmını Türkçe defteri olarak, kareli kısmını matematik defteri olarak kullanan Ayşen, yıl sonunda;
• tüm defterdeki sayfaların $\frac{1}{8}$'ini matematik dersi için,
• tüm defterdeki sayfaların $\frac{1}{6}$'sını Türkçe dersi için kullandığını görüyor.
Ayşen, kullanılan sayfaları defterinden atarak yeni bir defter yaptığında bu defterdeki kareli sayfa sayısı, çizgili sayfa sayısından $6$ sayfa fazla oluyor.
Buna göre, Ayşen kullanılan sayfaları attıktan sonra defter kaç sayfa kalmıştır?",96,98,100,102,104,D
769f7379-d2c4-5349-a17d-f9e43df323c4,TURKCE,"I. Öyle şairler tanıdım ki her daim taze ve anlamlı dizeler kaleme alıyorlardı.
II. Genç bir yazarken bir cümle üzerinde kimi kez yarım saat düşünürdüm.
III. Ferdi konuları ele alan ozanın şiirlerinde sosyal temalar belli belirsizdi.
IV. Yoğun iş temposuna rağmen zaman zaman tiyatro izlemeye gidiyordu.
V. Yazarın bu romanı bence olsa olsa iki yüz sayfa ve on bölüm olmalıydı.
Yukarıda numaralanmış cümlelerin hangilerinde geçen altı çizili sözler, anlamına birbirine en yakındır?",I ve II,I ve III,II ve IV,III ve IV,IV ve V,C
d8a3aa89-18f8-56cb-941a-cd17025b4b68,BIYOLOJI,"Ökaryot hücrelerde bulunan organellerden bazıları bir başka organelden meydana gelebilir.
Buna göre görevleri veya özellikleri
I. Hücre dışına gönderilecek salgıların oluşturulmasını ve salgılanmasını sağlar.
II. Hücre bölünmesi sırasında, kromozomların kutuplara çekilmesini sağlar.
III. Hücre içine alınan büyük yapılı besinlerin sindirilmesini sağlar.
IV. Hücre metabolizması için gerekli enerjiyi üreten, çift katlı zarlı çevrili organeldir.
şeklindo olan organellerden hangisi, diğerinden meydana gelir? (oluşturan $\rightarrow$ oluşan)",I $\rightarrow$ IV,II $\rightarrow$ I,III $\rightarrow$ I,IV $\rightarrow$ III,I $\rightarrow$ III,E
7b5be680-6547-5faf-8819-600d6c32db4a,MATEMATIK,$i=\sqrt{-1}$ olmak üzere $(1+i)^{12}+(1-i)^{12}$ ifadesinin eşiti aşağıdakilerden hangisidir?,256,128,64,-64,-128,E
a05bc01f-11c0-5c99-a56d-b136ab8eaacf,MATEMATIK,Gerçel sayılar kümesinde $-2$ sayısına uzaklığı $5$ sayısına uzaklığının yarısının $1$ fazlasından büyük olmayan sayıların ifade edildiği eşitsizlik aşağıdakilerden hangisidir?,$|x-2| \le \frac{|x+5|}{2}+1$,$|x| \le \frac{|x-2|}{2}+1$,$|x+2| \le \frac{|x-5|}{2}+1$,$|x-2| \le \frac{|x+5|+1}{2}$,$|x+2| < \frac{|x-5|-1}{2}$,C
0467ea6f-a907-5dac-a40c-c0e560d89a69,KIMYA,"Burçin laboratuvarda giderek X ve Y indikatörleri ile ilgili şu deneyleri yapıyor:

* HCl sulu çözeltisine X indikatörü damlatıldığında çözeltinin rengi sarı, NaOH sulu çözeltisine X indikatörü damlatıldığında ise çözeltinin rengi mor oluyor.
* Amonyak çözeltisine Y indikatörü damlatıldığında çözeltinin rengi mor, sirkeye Y indikatörü damlatıldığında ise sirkenin rengi yeşil oluyor.

Buna göre, Burçin yaptığı bu deneylerden,

I. X indikatörü asidik ortamda sarı, bazik ortamda mor rengini alır.
II. Y indikatörü asidik ortamda mor, bazik ortamda yeşil rengini alır.
III. Her indikatörün asidik veya bazik ortamda aldığı renk farklıdır.

yukarıdaki sonuçlardan hangilerini çıkaramaz?",Yalnız I,Yalnız II,Yalnız III,I ve III,II ve III,B
fbc9e3e4-f1a0-5003-9a50-3582a0728789,MATEMATIK,"$x, y$ ve $z$ birer rakam olmak üzere, $\frac{1}{x+y+z} = 0,xyz$ olduğuna göre, $z$ kaçtır?",1,3,5,8,9,C
c2134b7f-0e88-56f7-8ce4-d20b2ee7f6b4,KIMYA,"Düz zincirli $C_n H_{2n}$ bileşiğindeki bazı C atomlarının elektron dağılımı, $1s^2 2(sp^3)^1 2(sp^3)^1 2(sp^3)^1 2p^1$ şeklindedir. Buna göre, $C_n H_{2n}$ molekülü ile ilgili, I. Genel formülü $C_n H_{2n}$'dir. II. $sp^3$ hibritleşmesi yapmış C atomu içerir. III. Yoğun fazlarda $H_2 O$ ile hidrojen bağı oluşturur. yargılarından hangileri yanlıştır? ($n$: Tam sayı, $H, _6 C, _8 O$)",Yalnız I,Yalnız II,Yalnız III,I ve II,"I, II ve III",C
1f013976-67f3-5a65-8e9e-9eb4317aa4ee,MATEMATIK,$\log_{\sin x} \sin x + \log_{\cos x} \cos x = 2$ denkleminde x açısı kaç derecedir?,15,30,45,60,75,C
d9f1dba3-f270-5052-a4c8-3d60ddfddc7a,MATEMATIK,"Maliyet fiyatı $3x+50$ TL olan bir ürün $7x-70$ TL'ye satılmıştır.
Bu satıştan zarar edilmediğine göre, $x$'in alabileceği en küçük tam sayı değeri kaçtır?",30,31,32,35,40,C
b5b0aab1-fb26-5939-b2c4-a41390391b53,MATEMATIK,"Başkat sayısı $1$ olan ikinci dereceden bir $P(x)$ polinomu için $\lim_{x \to 1} \left[ \frac{P(x-1)}{x-1} + \lim_{x \to 1} \frac{P(x)}{x-3} \right]$ ifadesinin değeri bir gerçek sayıdır. Buna göre, $\lim_{x \to 3} \frac{P(x)}{x-3}$ ifadesinin değeri kaçtır?",1,2,3,4,5,A
f2b2bf76-e95a-5b5a-8e2c-1257a77c7c39,KIMYA,"Aşağıdaki taneciklerden hangileri elektron alan, hangileri elektron veren olarak sınıflandırılmıştır? I. $Cl$ iyonu $Cl$ atomuna II. $Pb^{2+}$ iyonu $Pb^{4+}$ iyonuna III. $Mg^{2+}$ iyonu $Mg$ atomuna IV. $Al$ atomu $Al^{3+}$ iyonuna","I ve III, II ve IV","I, II ve III, Yalnız IV","Yalnız II, I, III ve IV","Yalnız III, I, II ve IV","Yalnız IV, I, II ve III",A
31cc0ba4-251e-518d-b3b8-ddadbf53ba0b,BIYOLOJI,"Bir organizmanın iç çevresinin belirli sınırlar içinde tutulması olayına homeostasi denir. Sağlıklı bir insan vücudunda görülen; I. kanın ozmotik basıncı artan insanlarda ADH etkisiyle böbreklerde daha fazla suyun geri emilmesi, II. kandaki karbondioksitin akciğerlerle uzaklaştırılması, III. protein metabolizması sonucu açığa çıkan amonyağın karaciğerde üreye dönüştürülmesi, IV. böbreklerden bikarbonat iyonlarının emiliminin artırılıp azaltılmasıyla kan pH'ının dengelenmesi durumlarından hangileri homeostasinin sağlanmasına yöneliktir?","I, II ve IV","II, III ve IV","I, II ve III","I, III ve IV","I, II, III ve IV",E
216b9d7a-cf65-503d-b943-c2b420414556,MATEMATIK,"Burak, telefon almak için biriktirdiği paranın $\frac{5}{8}$'ini harcıyor. Geriye kalan paranın üstüne 1000 TL eklediğinde biriktirdiği paranın yarısına eşit olmaktadır. Buna göre, Burak kaç lira biriktirmiştir?",8000,7500,6000,5000,4500,A
a73ed2f5-e004-5104-8529-199a4ad16f19,FIZIK,"Tedavileri sırasında kullanılan tıbbi görüntüleme teknikleri hakkında konuşan üç arkadaşın arasında aşağıdaki konuşma geçmiştir.
Zeynep: Doktorum bana, görüntüleme işlemi esnasında üzerimde ve cihaza yakın yerlerde hiçbir metal eşya bulundurmamam gerektiğini söyledi.
Ömer: Muayenemde kullanılan yöntemde, canlılar için tehlikeli olabilecek bir ışık türü kullanılmaktaymış.
Şule: Doktorumun kullanacağı cihaz, görüntüleme için vücudumda hiçbir elektromanyetik dalga kullanmıyormuş.
Buna göre,
I. Zeynep, MR (manyetik rezonans) cihazına girecektir.
II. Ömer, ultrason çektirecektir.
III. Şule, bilgisayarlı tomografi çektirecektir.
yargılarından hangileri doğru olabilir?",Yalnız I,Yalnız II,Yalnız III,I ve II,II ve III,A
3ec5f279-f64f-5c27-af4a-49607059c079,MATEMATIK,"$(a-b)$ sayısının %80'i, $(a+b)$ sayısının %20'sine eşittir. Buna göre, $b$ sayısı $a$ sayısının % kaçına eşittir?",80,60,50,40,20,B
bfcd1f49-0d55-5726-b4f0-9ba5306b38b1,KIMYA,$X_2Y_3$ ve $XY_n$ bileşiklerinde eşit kütlelerde X ile birleşen $X_2Y_3$ bileşiğindeki Y kütlesinin $XY_n$ bileşiğindeki Y kütlesine oranı $\frac{4}{3}$ ise n kaçtır?,1,2,3,4,5,B
4f865ceb-8ea3-5cfc-bebe-03d6044f0ae8,MATEMATIK,"$g: \mathbb{R} \setminus \left\{ -\frac{1}{5} \right\} \to \mathbb{R} \setminus \{0\}$ olmak üzere, $g(x) = \frac{2}{5x+1}$ olduğuna göre, $g^{-1}(x)$ aşağıdakilerden hangisine eşittir?",\frac{x-1}{5x},\frac{x-2}{5x},\frac{x+4}{5x},\frac{5x+1}{2x},\frac{x+2}{5x},A
1c132021-bc9d-5df3-8b3a-5f325eef34f1,MATEMATIK,"Bir çağrı merkezi yöneticisi, kullanıcılar tarafından belirli bir anda yapılan çağrı sayısının şu ifadeye göre belirlendiği tespit edilmiştir. $N = 500 \cdot t^{\frac{1}{2}}$
• $t$, çağrının yapıldığı saat ($0 \le t < 24$)
• $N$, o anda alınan çağrı sayısıdır.
Buna göre saat 16.00'da alınan çağrı sayısı kaçtır?",500,750,1000,1500,2000,E
219130cb-9961-5e73-aefc-189267b343d2,MATEMATIK,"Defne'nin 72 lirası, Esra'nın x lirası vardır. Defne ve Esra'nın paraları oranı $\frac{2}{3}$ olduğuna göre, x'in alabileceği farklı değerlerin toplamı kaçtır?",48,80,108,146,156,C
e90916a5-5f1f-5e45-946b-c30eecb24c80,KIMYA,"Bir element atomunun temel hâl elektron dizilimi yazıldığında, açısal momentum kuantum sayısı ($l$) = 1 değerine sahip 17 elektron bulunmaktadır.
Buna göre, bu element ile ilgili;
I. Değerlik elektron sayısı 7'dir.
II. Bileşiklerinde yalnızca 1- değerlik alır.
III. Doğada diatomik yapıda bulunur.
ifadelerinden hangileri doğrudur?",Yalnız I,Yalnız II,I ve II,I ve III,"I, II ve III",D
aa3d8c73-f002-551a-912a-7c70a9a0259a,MATEMATIK,"$a$ bir tam sayı olmak üzere, $f(x) = \begin{cases} |ax-4| & , x \ge 2 \\ |3x-a| & , x < 2 \end{cases}$ fonksiyonu veriliyor. $f(x)$ fonksiyonunun $x=2$ noktasında limiti olduğuna göre, $\lim_{x \to a^-} \frac{x^2-4}{x^2-x-2}$ limitinin değeri kaçtır?",-3,-1,1,3,6,B
aac8cfe3-193b-5ae5-8153-baf306c0e135,MATEMATIK,"$x, y$ ve $z$ gerçel sayıları için
$(|x-y| \cdot |y-z|) < 0$
$(|x-z| \cdot |z-x|) > 0$
$|y+z| < 0$
olduğuna göre,
$x+y$, $x+y+z$, $y+z$
ifadelerinin işaretleri sırasıyla aşağıdakilerden hangisidir?","+, -, -","+, +, -","+, -, +","-, -, -","-, +, -",A
2dabb0c5-fbfa-5025-b9ab-d1e693330175,MATEMATIK,"6 haneli para kasasının şifresini unutan Meryem, şifreyi oluşturan rakamların 3 tanesinin 7 ve 3 tanesinin de 1 olduğunu biliyor. Buna göre, Meryem'in bu bilgilerle rastgele oluşturduğu 6 haneli bir sayının bu kasanın şifresi olan sayı olma olasılığı kaçtır?",$\frac{1}{4}$,$\frac{1}{8}$,$\frac{1}{10}$,$\frac{1}{16}$,$\frac{1}{20}$,E
4dc77908-ea62-5518-8fc7-6a0e571b16ae,MATEMATIK,"$P(x)$ ve $Q(x)$ polinomları için $P(x) = 3x - k$ ve $Q(x) = P(x^2) + 2x - 3$ eşitlikleri veriliyor. $P(x)$ polinomunun $x-2$ ile bölümünden kalan $1$ olduğuna göre, $Q(x)$ polinomunun $x-1$ ile bölümünden kalan kaçtır?",5,6,7,8,9,E
adadb56b-0256-53c1-999c-be1bea36a302,EDEBIYAT,"Hatıra, hayatın dokusu olduğu gibi, sanatın da dokusudur. Şair veya romancı, eserini malzemesini gördüklerinden, işittiklerinden, okuduklarından, yaşadıklarından, hatıralarından çıkarır. Yalnız şu var ki hatıralar, görülen veya işitilenlerin değiştirilip işlenmesiyle esere girer. Görülen şeylerin hatıralarla zenginleşerek, değişerek esere katıldığı gibi şair veya romancı bu değiştirmeleri, zenginleştirmeleri farkında olmadan yapar. Kendisini yalnız gerçeğe bağlı sanırken geçmişleri süzülen hatıralarını gerçekle olup bitenlerle kaynaştırarak eserini dokur.
Bu parçada hatıra ile ilgili aşağıdakilerden hangisine değinilmemiştir?",Şiire ve romana ciddi anlamda kaynaklık ettiğine,Bire bir olarak eserlere girmeyip değiştirildiğine,Şair ve romancının hatırayla ilgili bazı şeyleri fark etmeden değiştirdiğine,Şair ve romancının biricik ve tek kaynağının hatıralar olduğuna,Şair ve romancının hatıralarla gerçeği harmanladığına,D
4c3188cb-1382-5d75-80a2-6e8c957d2091,MATEMATIK,$|x| - \frac{4}{|x|} = 12$ denkleminin kökler toplamı kaçtır?,-2,-1,0,1,2,C
3ee88fcb-d418-509b-85db-4bfec17a9c41,TURKCE,"Kitap ve film, aslında bölünmez bir bütünün parçaları gibidir. Eğer çok beğendiğiniz bir kitap sinemaya uyarlanmışsa o filmi mutlaka izlemek istersiniz. Ya da tam tersi durumda, izlemek istediğiniz filmin senaryosunun dostluğuna kendini atma dürtüsüyle kitabını da okursunuz. Kitaplarla arası iyi olan biri olarak söylemeliyim ki film ne kadar güzel ve başarılı olursa olsun, kitaptaki kadar ayrıntı veremiyor. Muhakkak eksik kalan detaylar oluyor. Bu yüzden sinema severlere tavsiyem; -----
Bu parçanın sonuna düşüncesinin akışına göre aşağıdakilerden hangisi getirilmelidir?","sinemaya uyarlanmış bir eserin önce kitabını okuyun, sonra filmini izleyin",filmden tat almak istiyorsanız kitabın içeriği ile ilgili araştırma yapın,filmin kitaba bağlı kalıp kalmadığına dikkat edin,kitapta anlatılanlara bağlı kalmadan filmi öylece izleyin,filmi izledikten sonra uyarlandığı kitabı hiç okumayın,A
d76e2851-6bf1-5053-a6fa-7604269386f5,TURKCE,"Plastik atık, ilk olarak yabancı maddelerden ayıklanır. Kâğıt ise temizlenir ve kurutulur. Daha sonra türlerine göre ayrıştırılır ve kırma makinelerinde parçalanır. Kepek denilen bu süreçler, bu işlemden sonra bir yan mamul hâlini alır; daha sonra bu kepekler havuzlarda yıkanır. Endüstriyel kurutucularda nemi alınır ve sıkma makinesinde gönderilir. Bu işlemlerden geçenler, plastik otomotiv yedek parçası, elyaf ve dolgu malzemesi olarak seracılık, tekstilde ya da yakıt olarak kullanılır.
Bu sözler aşağıdaki sorulardan hangisine karşılık söylenmiş olabilir?",Bütün plastik geçişleri geri dönüştürülebilir mi?,Kırma makineleri ne işe yarar?,Plastik nasıl geri dönüştürülür?,Plastiklerin geri dönüşümü niçin gereklidir?,Plastiklerin geri dönüştürülebilmesi için belirli sınırlar var mı?,C
98714cc3-b570-5c2f-88ee-77d33bb38406,TURKCE,Aşağıdaki cümlelerde altı çizili birleşik kelimelerden hangisinin yazımı yanlıştır?,Arkadaşların başıboş evimizdeki odanın köşesinde hamamböceği görünce ürktü.,Kardeşim sabah uyandığında gözünde itdirseği çıkmıştı.,"Dikkat edelim, bu işin altında bir çapanoğlu çıkmasın.",Annem eşyalarını toplamadan ablamın arkasından voryansın ediyordu.,Dolaptan kadınhanı aşırırken yakalanmanın mahcubiyetini yaşıyorum.,E
11776323-4bbf-5c70-be31-2a20e8cec94d,TURKCE,İlk yağmur damlası düştü Kuru yapraklara gözün Bu ikili dize için aşağıdakilerden hangisi doğru değildir?,"""İlk"" sözcüğü belirtisiz isim tamlamasını belirten bir sıfattır.","Cümle, özne-yüklem ve dolaylı tümleçten oluşmuştur.",Zincirleme isim tamlaması özne görevindedir.,Tamlayanla tamlananı arasına sıfat girmiş belirtili isim tamlaması vardır.,Bu iki dize basit yapılı eylem cümlesi oluşturmuştur.,C
10381540-3308-58a3-a307-5acd811d89f1,MATEMATIK,"$\frac{1}{3} + \frac{1}{4} + \frac{1}{3} + \frac{1}{4} + ... + \frac{1}{3}$
(49 tane kesir)
İşleminin sonucu kaçtır?",2,$\frac{13}{6}$,$\frac{7}{3}$,$\frac{5}{2}$,$\frac{8}{3}$,D
450d14e0-72b7-50d1-b569-f2f9946dde4d,MATEMATIK,"$f(x) = x^2 - 8x + 7$ fonksiyonu üzerinde bir $A(x_1, y_1)$ noktası seçiliyor. Buna göre, $x_1$'in hangi değeri için $x_1^2 - 3y_1$ ifadesi maksimum olur?",3,5,6,8,9,C
d90b500b-f931-5f64-8c08-72ec328f9a84,GEOMETRI,"ABCD dörtgen, $[AE] \perp [BC]$, $|AB|=|AD|$, $|BE|=|EC|$, $m(\widehat{BAE})=20^{\circ}$, $m(\widehat{BCD})=135^{\circ}$. Yukarıdaki verilere göre, $m(\widehat{ADC})=\alpha$ kaç derecedir?",45,50,55,60,65,E
6a5f334c-4382-5777-9fb8-732132eb4b9a,EDEBIYAT,"Değirmen, Kağnı, Ses hikâye üçlemesinde, Anadolu halkının yaşamını ve toplumsal eşitsizlikleri anlatır.
150'yi aşan öykülerinin konusu, Burjuazda da gördüğü kişisel olaylar olduğundan, öykülerinde klasik giriş-gelişme-sonuç bölümleri bulunmaz.
Bahar Hikâyeleri'nde, şiirsel düzyazıyı anımsatan üslupla, insanlardaki doğallık duyguları yansıtır.
Ege ve Akdeniz balıkçılarının denizcilik, deniz sevgisinin üstünlüğü, deniz insanlarının varlıkla onlarca sömürülüşü gibi konuları işler.
Otlakçı, İhtiyar Çilingir, Hava Parası, Kelepir öykülerinin tekniğiyle, Sait Faik'le birlikte, gelecek yazarlar üzerinde etkili olmuştur.
Aşağıdaki sanatçılardan hangisi, bu açıklamalardan hiçbiriyle eşleştirilemez?",Sabahattin Ali,Halikarnas Balıkçısı,Sadri Ertem,Sait Faik Abasıyanık,Memduh Şevket Esendal,D
d1c392e1-d431-5dfb-978c-66df7093c944,TURKCE,"Büyük Rus yazarı Turgenyev, soğuk bir akşamüstü evine doğru yola çıkmış. Yolda bir dilenci kendisinden para istemiş. Bütün ceplerini kurcalayan Turgenyev ne yazık ki hiç para bulamamış. Bunun üzerine kendisine uzatılan soğuk elleri kendi elleriyle ısıtarak ""Kusura bakma kardeşim sana verecek bir şeyim yok."" demiş. Dilenci ""Verdiniz ya efendim, benim gibi bir dilencinin elini tutup bana kardeşim dediniz."" demiş.
Bu parçada asıl anlatılmak istenen aşağıdakilerden hangisidir?",Para bütün sorunların çözümü değildir.,Sevgi tüm kalpleri açan bir anahtardır.,"Dil ve davranışlarımız, düşüncelerimizi yansıtır.",Paranın açamayacağı kapıları sevgi açar.,Sevginin karşısında eğilmeyecek baş yoktur.,D
61d2de93-7d38-50b9-ae1f-60bf11700758,KIMYA,"Yaygın adı nişadır olarak bilinen $NH_4Cl$ tuzu, $HCl$ asidi ile $NH_3$ bazının tepkimesinden oluşmaktadır. $NH_3$ zayıf baz, $HCl$ kuvvetli asit olduğuna göre, $NH_4Cl$'nin sulu çözeltisi ile ilgili,
I. Asidiktir.
II. pH > 7'dir.
III. Mavi turnusol kağıdını kırmızıya çevirir.
yargılarından hangileri doğrudur?",Yalnız I,Yalnız III,I ve II,I ve III,"I, II ve III",D
0ef24f54-6a23-5293-9f39-8a5121825f36,MATEMATIK,"$a+b-c = \frac{3}{4}$, $a-c = \frac{2}{3}$, $b+c = \frac{3}{5}$ olduğuna göre, $a, b$ ve $c$ sayılarının sıralaması ile ilgili olarak I. $a$ en büyüktür. II. $c$ en küçüktür. III. Bu üç sayı arasındaki sıralama bilinemez. ifadelerinden hangileri doğrudur?",Yalnız I,Yalnız II,Yalnız III,I ve II,"I, II ve III",D
fc447ee1-d4b0-55c6-8794-27c75beb55cd,MATEMATIK,"Gerçel sayılar kümesi üzerinde tanımlı bir $y = f(x)$ fonksiyonu
• Her $x \in [-10, 10]$ için $f(x) = x^2+1$
• Her $x \in \mathbb{R}$ için $f(x) = f(x+20)$ eşitliklerini sağladığına göre, $f(1816)$ değeri kaçtır?",2,10,17,26,27,E
95cb9eb7-8b0c-531d-9fb9-1823b3217ac4,TURKCE,Birleşme sırasında kelimelerinden hiçbiri veya ikinci kelimesi anlam değişikliğine uğramayan birleşik kelimeler ayrı yazılır. Bu açıklamaya göre aşağıdakilerden hangisinin yazımı yanlıştır?,Şehrin en önemli kavşağındaki üst geçit yapımı yaz aylarında tamamlanacak.,S veya U biçiminde boruya devboynu adı verilmektedir.,"Eskişehir, lüle taşı işlemeciliğiyle önemli sayıda turisti şehre çekmektedir.",Temizlik amacıyla da olsa rastgele tuz ruhu kullanımı ciddi tehlikeler barındırır.,Yüksekokulun kan dolaşımını yavaşlattığı iddia ediliyor.,B
65bfeb13-9bea-582e-85a5-792365567306,MATEMATIK,$\frac{2\pi}{5}$ in derece türünden eşiti aşağıdakilerden hangisidir?,$18^\circ$,$36^\circ$,$54^\circ$,$72^\circ$,$90^\circ$,D
eef16a9f-e3ed-5303-b49b-d3bda52ede10,GEOMETRI,"Bir bilgisayar oyununda,
* Ertuğrul $3x+2y-3=0$ doğrultusunda hareket ediyor.
* Mirali $(2a-1)x-3y+1=0$ doğrultusunda hareket ediyor.
Ertuğrul ve Mirali kesişmeyen iki doğrultuda hareket ettiğine göre, $a$ kaçtır?",$\frac{1}{3}$,$\frac{3}{5}$,$\frac{1}{13}$,$\frac{2}{13}$,1,E
6b4cf738-c451-5efa-969f-7196a8e252d6,MATEMATIK,$\frac{|x^2-1|-3}{\sqrt{x^2-4}} \le 0$ eşitsizliğinin çözüm kümesi aşağıdakilerden hangisidir?,R,"(2, \infty)","(-2, 2)","(-2, 3]",{ },E
913fecf0-11b0-52a3-968c-30230ea1910a,KIMYA,"Aynı tür atomların farklı sayıda ve dizilişte bir araya gelmesiyle oluşan yapılara allotrop denir. Karbon atomunun allotropları X, Y ve Z ile ilgili bilgiler aşağıda verilmiştir. X: Bir C atomunun 4 karbon atomuna bağlandığı allotroptur. Y: Karbon atomunun iki boyutlu iletken ve sağlam özellikleri bulunan yapay allotropudur. Z: $sp^3$ hibritleşmesi yapan C atomu içerir. Buna göre X, Y ve Z aşağıdakilerden hangisidir?","Grafit, Elmas, Fulleren","Elmas, Fulleren, Grafit","Elmas, Grafit, Fulleren","Elmas, Fulleren, Elmas","Grafit, Fulleren, Elmas",C
0e7a35c6-3f2a-58de-bc6e-bdd2fb70ed1f,MATEMATIK,"$\tan x - \cot x = 3$ olduğuna göre, $\tan^3x - \cot^3x$ ifadesinin değeri kaçtır?",$27$,$30$,$36$,$42$,$45$,C
9eb4f5c7-d118-5b82-a823-6534670da70a,MATEMATIK,"a ve b birer gerçek sayı olmak üzere, $x^2+ax+b=0$ denkleminin diskriminantı $\Delta$, kökleri $(\Delta-1)$ ve $(\Delta-1)$ dir. Buna göre, $\Delta$ kaçtır?",1,4,8,15,16,E
fea6b9ed-0f19-5737-b39b-69259d11b39f,MATEMATIK,Kökleri $-\frac{1}{2}$ ve $3$ olan ikinci dereceden bir bilinmeyenli denklem aşağıdakilerden hangisidir?,$x^2-5x+7=0$,$x^2-3x-2=0$,$2x^2-5x-3=0$,$3x^2-4x+2=0$,$3x^2-6x-5=0$,C
c9340d18-822f-55f9-8762-4b4951ca03c7,MATEMATIK,"Aşağıdaki tabloda I ve II nolu karışımların içinde bulunan M ve N maddelerinin karışım içindeki oranları gösterilmiştir.

I nolu karışımın miktarı, II nolu karışımın %75'idir.

Bu iki karışım karıştırılırsa oluşan yeni karışımın yüzde kaçı M maddesi olur?",21,22,23,24,25,C
9a0b51f6-7e63-522a-b636-ec8404846a0a,MATEMATIK,"$12^{x-1} = 16$ olduğuna göre, $x$ kaçtır?",11,12,13,14,15,C
b97f408f-4248-5efd-8093-bb3cd6b0efb7,MATEMATIK,"$x^2 + (m-2)x + 9 = 0$ denkleminin eşit iki kökü olduğuna göre, $m$'nin alabileceği değerlerin toplamı kaçtır?",1,2,3,4,5,D
360b8779-cacb-5d69-9157-48accdc7bd43,TURKCE,"(I) Prag için en güvenilir, en şaşırtıcı kentlerden biri diyebiliriz. (II) Görüldüğü kadarıyla Nazım Hikmet ve Franz Kafka hayranları da mutluydu. 500 yıllık mekânlarda bir şeyler yiyip içenler de. (III) Ayrıca her yerinden tarih fışkırıyor ve tarihsel olanın eski olanın yanında yenilikler de boy veriyor. (IV) Hem bir Avrupa kenti hem de sıradan bir Doğu Bloku ülkelerinden birini andırıyor. (V) Mutfağında çok çeşit yok ama ördeği ve Becherovkası yetiyor da artıyor bile.

Bu parçadaki numaralanmış cümlelerin hangisinden önce ""Çünkü bu şehirde herkes için bir şeyler vardı."" cümlesinin getirilmesi düşüncenin akışına uygundur?",III,V,IV,II,I,D
c0e448e5-a3ce-5bb2-aa48-a9514fc2047b,KIMYA,"Elementleri, ""Bilinen hiçbir yöntemle kendiliğinden daha basit maddelere ayrıştırılamayan saf maddeler"" olarak tanımlayan bilim insanı aşağıdakilerden hangisidir?",Robert Boyle,Antoine Lavoisier,J.J. Becher,Van Helmont,Gay Lussac,A
2491d8e2-9137-5e5f-91a7-12cf1b460999,MATEMATIK,"Birbirinden farklı iki pozitif doğal sayının EBOB'u 60'dır. Buna göre, bu sayıların toplamı en az kaçtır?",120,150,180,240,300,C
ea52b1dc-9615-58fe-a5ea-7b75c2d36060,MATEMATIK,"$\ln(1 + \log x) = 0$
olduguna göre, $x$ kaçtır?",10,5,1,$\frac{1}{e}$,$\frac{1}{10}$,C
e5224af9-dd06-59f3-b770-4f27514adb3c,FIZIK,Taneciklerle dalgaların birbirinden bağımsız olmadığını ortaya atan bilim insanı kimdir?,Bohr,Heisenberg,Compton,De Broglie,Rutherford,D
417f26b8-3fac-5b9d-a790-5ce29514ad55,KIMYA,"Kimya laboratuvarında yapılan deneyler ve bu deneylere ait gözlemler verilmiştir.

Deney I: Yeni kesilmiş Na(sodyum) metali ağzı açık kaplı su dolu suya atılıyor.
Deney II: Taze demlenmiş sıcak çay içerisine küp şeker atılıyor.

Gözlem I: Patlama olayı gerçekleşiyor. Tepkime kabı ısınıyor. Açığa çıkan gaz alev ile temas ettiğinde alevin şiddeti artıyor.
Gözlem II: Çay ile temas eden şeker gözle görülmeyecek kadar küçük yapılara ayrılıyor. Çay şeker gibi tatlılaşmıştır. Çay soğumuştur.

Bu deneylere ve gözlemlere göre aşağıdakilerden hangisi yanlıştır?",I. deneyde açığa çıkan gaz yanıcı özelliktedir.,II. deneyde şekerin suda çözünmesi fiziksel olaydır.,I. deneyde sodyumun suya atılması kimyasal olaydır.,Şekerin suda çözünmesi ısı alan olaydır.,I. deney sonucunda kaptaki toplam kütle korunmuştur.,D
4090f6cc-bfd1-5ec8-97e7-4af6114dcdb8,MATEMATIK,"$x^2$ çift bir tam sayı olduğuna göre,
I. $x+2$
II. $x^3+x^2$
III. $x^4+x^2+2$
IV. $x^{10}+2$
V. $x^4+x^2+x$
ifadelerinden kaç tanesi kesinlikle çift sayıdır?",1,2,3,4,5,B
0471ea6f-0a5d-5af9-bdf6-9e6f3ac320fc,MATEMATIK,"Gerçel sayılarda türevlenebilir $y=f(x)$ fonksiyonu $0 < x < a$ aralığında azalan olduğuna göre, aşağıdakilerden hangisi aynı aralıkta daima azalandır?",$f(x) + 3x$,$4 - f(x)$,$f(x^2)$,$2x - f(x)$,$f(x^3)$,E
e3bbb566-d138-5b4e-bbd8-4ea386987480,MATEMATIK,"$a, b$ birer çift sayı ve $c$ tek sayıdır. Buna göre, I. $\frac{a+b}{2}+c$ işleminin sonucu tek sayıdır. II. $\frac{a \cdot b}{2c}$ işleminin sonucu çift sayıdır. III. $\frac{a+b+c}{2}$ işleminin sonucu çift sayıdır. ifadelerinden hangileri her zaman doğrudur?",Yalnız I,Yalnız II,I ve III,II ve III,"I, II ve III",A
ea62fd37-c067-5408-a058-7432a9dbac0f,MATEMATIK,"$f(x) = x^3 - 3x^2 + 4x + 5$ fonksiyonu veriliyor.
Buna göre, $f'(x)$ fonksiyonunun azalan olduğu en geniş aralık aşağıdakilerden hangisidir?","$[-\infty, -1)$","$(-\infty, -1]$","$[-1, 1]$","$[-1, 2]$","$[-6, 6]$",C
b370679f-e710-5258-abbe-6039c88b9146,BIYOLOJI,"İnsan iskeletinin sahip olduğu özelliklerden bazıları şunlardır:
• Kırmızı kemik iliği bulundurma
• Kalsiyum depo etme
• Kan hücreleri üretme
• Sarı kemik iliği bulundurma
Bu özelliklerin tamamı
I. kısa,
II. yassı,
III. uzun
kemik çeşitlerinin hangilerinde görülür?",Yalnız II,"I, II ve III",Yalnız III,I ve II,I ve III,C
6f2e8c5d-0511-5784-b450-21de3ae210a3,MATEMATIK,"$i^2=-1$ olmak üzere, $z=\frac{4-\sqrt{-2}i}{5}$ karmaşık sayısı veriliyor. Buna göre, $Im(z)$ değeri kaçtır?",\frac{\sqrt{2}}{5},-\frac{\sqrt{2}}{5},\frac{4}{5},\frac{2}{5},-\frac{2}{5},B
cf2e871b-ee8a-501e-ab32-d985d24fdf3d,MATEMATIK,"Deniz, Engin ve Funda'nın kendi aralarında yapmış oldukları satranç maçlarıyla ilgili aşağıdakiler bilinmektedir: En az maç yapan Funda'dır ve $13$ maç yapmıştır. En çok maç yapan Engin'dir ve $16$ maç yapmıştır. Buna göre, Deniz ve Funda kendi aralarında kaç maç yapmışlardır?",5,6,8,9,10,D
29e72734-46e6-5b06-a4a7-ada244d0fe50,FIZIK,"O noktasından birbirine eklenmiş kendi içinde homojen, sabit kalınlıklı X ve Y yayları sabit K ve L noktaları arasına gerilmiştir. X yayında oluşturulup O'ya doğru ilerleyen ve genliği $r$ olan bir atmanın O ek yerinde bir kısmı iletilirken bir kısmı yansıyor. Atmanın Y yayına iletilen kısmı ile X yayındaki yansıyan kısmı şekildeki gibidir. Yansıyan ve iletilen atmaların genlikleri sırasıyla $r_y$ ve $r_i$ olduğuna göre $r$, $r_y$ ve $r_i$ arasındaki ilişki aşağıdakilerden hangisi gibi olabilir? (Enerji kayıpları önemsizdir.)",$r_i < r < r_y$,$r < r_i < r_y$,$r_y < r_i < r$,$r_i < r_y < r$,$r_y < r < r_i$,C
177ab74c-b945-5d8a-9072-62f076bc613e,MATEMATIK,"$a$ ve $b$, $1$'den farklı pozitif reel sayılardır. $3^{x^2} = a^3$ olmak üzere, $\log_{\sqrt{b}} a$ ifadesinin sonucu kaçtır?",$\frac{1}{60}$,$\frac{1}{45}$,$\frac{1}{40}$,$\frac{1}{30}$,$\frac{1}{15}$,E
0e3978fd-c953-5b31-836f-5041144dd455,FIZIK,"Muğla'dan Akkaya'ya giden bir aile tepe noktasında mola verip aşağıda bulunmakta olan Akdeniz'in güzel kıyılarına baktığında bazı bölgeleri koyu mavi bazı bölgeleri ise koyu yeşil renkte görüyorlar.
Bunun nedeni ile ilgili olarak;
I. deniz suyunun mavi renkleri daha çok yansıtması,
II. bazı bölgelerin yeşil renkte görülmesi o bölgedeki yosunların ışığı daha fazla yansıtması,
III. deniz suyunun sadece kırmızı renkli ışığı yansıtması
yargılarından hangileri söylenebilir?",Yalnız I,Yalnız II,Yalnız III,I ve II,II ve III,D
6f207295-710e-52d2-8d31-33d8c8058f7b,MATEMATIK,"$a, b$ ve $c$ birbirinden farklı tam sayılar olmak üzere $ax^2 + bx + c = 0$ denkleminin kökler çarpımı $bx^2 + (a+1)x + c+2 = 0$ denkleminin kökler toplamının beş katına eşittir. Bu iki denklemin katsayıları $A = \{-6, 2, 1, 2, 5, 7\}$ kümesinin farklı elemanlarından oluştuğuna göre $a+b+c$ toplamının değeri kaçtır?",-2,-1,1,4,7,C
9350fc2d-7381-57e9-9550-ada726ea2384,MATEMATIK,"Aşağıdaki tabloda her meyve çeşidini taneyle satan bir manavın fiyat listesi verilmiştir. Bu manavdan, tablodaki her meyvenin her birinden en az birer adet olmak üzere toplam 10 adet meyve alan biri en az kaç TL öder?",6,"5,5",5,"4,5",4,D
d613b979-2a10-597a-aa51-174e01e80722,MATEMATIK,"$4x - 2a - bx = 5x - 3(x - 4)$ denkleminin çözüm kümesi sonsuz elemanlı olduğuna göre, $a - b$ farkı kaçtır?",1,2,3,4,5,B
c39b9d5e-514b-586d-9631-00066b79c98c,FIZIK,"Üç arkadaş bir telin titreştirilmesi ile oluşan ses dalgaları ile ilgili ölçümler yapmaktadır.
Ali, Alin ve Ahmet yaptıkları deneyler sonucunda aşağıdaki yorumları yapmaktadır.
Ali: Aynı maddeden yapılmış, uzunlukları ve gerginlikleri aynı, kalınlıkları farklı tellerden çıkan sesin frekansı telin kalınlığı arttıkça azalır.
Alin: Aynı maddeden yapılmış, kalınlıkları ve uzunlukları aynı olan teller, farklı kuvvetler ile gerildiğinde teli geren kuvvet arttıkça çıkan sesin frekansı da artar.
Ahmet: Aynı maddeden yapılmış, kalınlıkları ve gerginlikleri aynı olan uzunlukları farklı tellerden çıkan sesin frekansı, telin uzunluğu arttıkça azalır.
Buna göre Ali, Alin ve Ahmet'in yaptığı yorumlardan hangileri doğrudur?",Yalnız Ali,Yalnız Alin,Ali ve Alin,Alin ve Ahmet,"Ali, Alin ve Ahmet",E
7a0c5aaa-197a-5ce8-9cea-14fe668e7bc1,MATEMATIK,$\sin(\pi+x) + \cos(2\pi-x) - \sin(\pi-x)$ ifadesinin eşiti aşağıdakilerden hangisidir?,$\sin x$,$2\sin x - \cos x$,$\cos x$,$-\sin x$,$-\cos x$,E
ed6f7e6f-31a1-5d8b-b893-a54f4f50fe90,TURKCE,"Bir işçi arının ortalama ömrü 45 gün kadardır ve bir işçi arı yaşamı boyunca bir gram yani gay kaşığının ucu kadar bal üretmek için günde beş, yılda 240 kilometre yol kat eder.
Bu parçada numaralanmış yerlerden hangisiyle ilgili yapılan saptama yanlıştır?","I.si, tamlayanı ve tamlananı sıfat almış belirtili isim tamlamasıdır.","II.si, belirtme sıfatlarından belgisiz sıfat örneğidir.","III.sü, belirtme sıfatlarından sayı sıfatı örneğidir.","IV.sü, tamlayanı sıfat almış belirtili isim tamlamasıdır.","V.si, yazım yanlışı yapılmış birleşik yapılı bir fiildir.",D
29b16a7a-c650-53c5-b94c-540b4c55b294,KIMYA,"0,5 mol $Ca(OH)_2$ bileşiğinin suda tamamen iyonlarına ayrılarak çözündüğü sulu çözeltiye I. 0,5 mol $H_3PO_4$ II. 1 mol $HClO_4$ III. 2 mol $HCl$ içeren sulu çözeltilerden hangileri eklenirse son durumda oluşan çözeltinin oda koşullarında pH değeri 7 olur?",Yalnız I,I ve III,II ve III,Yalnız II,"I, II ve III",C
6e55483c-5473-5791-bd2f-b7d0c30a0468,MATEMATIK,"$P(x)$ polinomu ikinci dereceden, $Q(x)$ polinomu birinci dereceden olmak üzere, $P(x)$ polinomunun derecesi $Q(x)$ polinomunun sabit terimine eşittir. $P(x)$ polinomunun çift dereceli terimlerinin katsayılar toplamı, $Q(x)$ polinomunun başkatsayısına eşittir. $Q(2)=11$ olduğuna göre, $Q(8)$ değeri kaçtır?",11,14,18,26,30,E
52aedb75-ad47-509e-927f-a07f89ab2ac4,TURKCE,"""Yazdıklarım kime hitap ediyor?"" sorusuna verilmiş net bir cevabım yok. Bir üyelik ekiyle ""okurlarım"" demeyi de doğrusu beni hiç okumamış olanlara bir saygısızlık olarak değerlendiriyorum. Ancak yine de boşluğa yazdığımı söyleyemiyorum.
Bu parçanın yazarı, altı çizili sözle hangi özelliğine vurgu yapmaktadır?",Eserlerini zihinde tasarladığı bir kitleye yönelik olarak ürettiğine,Eserleriyle her düzeyde okur kitlesine seslenmeyi öncelediğine,Seçtiği temalarla mevcut ve potansiyel okurlarını ayrıştırdığına,Sahiplendiği okurların duyarlılığını eserleriyle geliştirmeye çalıştığına,Yazılarıyla bütün okurların beğenisini kazanmayı amaçladığına,A
a8c903e9-9b03-5841-8bc0-b537ef700809,KIMYA,"Rutherford'un alfa ($\alpha$) ışınları ile yaptığı deneyinden,
I. Atomdaki pozitif yüklerin tamamı çekirdek adı verilen yoğun ve çok küçük bir hacimde toplanmıştır.
II. Pozitif yüklerin toplam kütlesi atomun kütlesinin yaklaşık yarısına eşittir.
III. Nötr bir atomda proton sayısı nötron sayısına eşittir.
yukarıdaki sonuçlardan hangileri çıkarılamaz?",Yalnız I,Yalnız II,Yalnız III,I ve II,II ve III,E
5a49d665-4396-5a6e-9bef-1cc5ad268f86,MATEMATIK,"$a, b$ ve $c$ sayıları sırasıyla $2, 3$ ve $5$ ile doğru orantılıdır. $2a+3b-c=40$ olduğuna göre, $a-b$ toplamı kaçtır?",30,27,25,20,18,D
3b3cf4b4-d70e-5cdb-94f1-8d8b37b33fb6,EDEBIYAT,Aşağıdaki eserlerden hangisi I. metinde verilen sanatçının eserleri arasındadır?,Aylin,Sevdalinka,Füreya,Sırtlan Payı,Köprü,A
62812ab2-6d21-544f-b39d-4c57dd501b80,MATEMATIK,"$\log_2(2x+3) - \log_2(3x+1) = 0$ olduğuna göre, $x$ kaçtır?",1,2,3,4,5,B
aa06ffc4-34f1-555a-91d5-e83ad7950fa1,KIMYA,"Metaller ile ilgili olarak, I. Tamamı oda koşullarında katı hâldedir. II. Periyodik tablonun sadece s ve d blokunda yer alırlar. III. Tamamı bazik grup elementidir. yargılarından hangileri kesinlikle yanlıştır?",Yalnız I,Yalnız II,Yalnız III,I ve II,II ve III,E
57199f28-afd9-598d-9e2c-64d59617a9fe,MATEMATIK,"$f$ fonksiyonu $[0,1]$ aralığında tanımlı ve sürekli bir fonksiyondur. $f$ nin grafiği $x$-ekseninin pozitif yönünde 4 birim ve $y$ ekseninin pozitif yönünde 3 birim ötelenerek $[4,5]$ aralığında tanımlı bir $g$ fonksiyonu elde ediliyor. $\int_{4}^{5}g(x)dx=4$ olduğuna göre, $\int_{0}^{1}f(x)dx$ integralinin değeri kaçtır?",$\frac{3}{2}$,2,$\frac{5}{2}$,3,4,A
d393f9c6-0527-55d0-a987-825346c349d9,KIMYA,$2CO_{(g)} + O_{2(g)} \rightleftharpoons 2CO_{2(g)}$ tepkimesinin denge sabitinin birimi aşağıdakilerden hangisidir?,$M^3$,$M^2$,$M$,$\frac{1}{M}$,$\frac{1}{M^2}$,D
6bf00d2c-ed81-5d60-afcd-10535d67d1bb,KIMYA,"Kozmetik ürünlerle ilgili,
I. Doğal ya da sentetik kimyasallar içerebilir.
II. Bilinçsiz kullanımı ile vücutta alerjik reaksiyonlar olabilir.
III. İçinde zararlı kimyasallar bulunmaz.
yargılarından hangileri doğrudur?",Yalnız I,Yalnız II,I ve II,I ve III,II ve III,C
4f0e63ec-b6c3-5d75-ae3f-bf98271a2eff,MATEMATIK,Saatteki hızı $72 \text{ km}$ olan $120 \text{ metre}$ uzunluğundaki bir tren $900 \text{ metre}$ uzunluğundaki tünele girdiği andan kaç saniye sonra tünelden tamamen çıkar?,53,52,51,50,49,C
0ab8c226-be5e-59e0-b475-e16116c14473,KIMYA,"Bohr atom modeli ile ilgili, aşağıdakilerden hangisi yanlıştır?","Her yörünge K, L, M... gibi bir harf ya da 1, 2, 3... gibi bir $n$ değeri ile gösterilir.",Atomdaki elektron çekirdeğe en yakın olan yörüngede ($n=1$) bulunur. Bu yörünge en düşük enerji düzeyi yani temel haldir.,"Temel hal, elektronun bulunabileceği en kararlı haldir.",Yüksek enerji düzeyinde bulunan bir elektron düşük enerji düzeyine inerse aradaki enerji farkına eşit miktarda ışık (foton) yayar.,Bu model sayesinde çok elektronlu taneciklerin çizgi spektrumları açıklanmıştır.,E
eca67403-ac67-56df-9563-bee574e32658,MATEMATIK,"$0 < x < \frac{3\pi}{2}$ olmak üzere, $\cos(4x) = \sin(50^\circ)$ denklemini sağlayan kaç tane $x$ gerçek sayısı vardır?",6,5,4,3,2,C
3a8f703a-bf28-5298-8d36-9c965beeb984,MATEMATIK,"$P(x+1)$ polinomunun $P(x)-1$ polinomu ile bölümünden elde edilen bölüm $a \cdot x+b$ ve kalan $4x+c$'dir.
$P(x-1)$ polinomunun $P(x+1)$ polinomu ile bölümünden elde edilen bölüm $d \cdot x+e$ ve kalan $f \cdot x+2$'dir.

Buna göre, $a+b+c+d+e+f$ toplamı kaçtır?",-6,-4,0,4,6,C
208c5725-878d-5c1d-92b7-01e8faa9b236,MATEMATIK,"Bir diyet programı ile kilo verenler, verdikleri her 1 kg için sabit miktarda yağ yakmaktadır. 120 kg ağırlığındaki Aysu ile ağırlıkları toplamı 120 kg olan Bora ve Cihan bu diyet programını uyguladığında üçü de aynı kiloya düşmüş olup Aysu 7 kg, Bora ve Cihan ise toplam 2 kg yağ yakmıştır.
Buna göre, bu üç kişiden herhangi birinin son durumdaki ağırlığının rakamları toplamı kaçtır?",5,6,7,8,10,B
2d25de39-9f32-5cbe-b61f-f1cd640dfe29,MATEMATIK,"$f(x) = |x+1| - |x-2|$ fonksiyonu için, I. $(-1, 2)$ II. $(-3, 0)$ III. $(1, 0)$ noktalarından hangileri ekstremum noktadır?",Yalnız I,Yalnız II,Yalnız III,I ve II,II ve III,A
19f12e6e-d2f5-5b97-9f80-385ae007b719,MATEMATIK,"$f: \mathbb{R} \to \mathbb{R}$ her noktada türevi olan bir fonksiyon ve $f'(2)=1$ dir. Buna göre, $\lim_{h \to 0} \frac{f(h+2)-f(2)}{h}$ limitinin değeri kaçtır?",1,2,3,4,5,A
4bf259f7-f0fe-5282-a396-687f8161a634,MATEMATIK,$\sqrt{\ln x} - \ln x + 4 = 0$ denkleminin çözüm kümesi aşağıdakilerden hangisidir?,$e^{16}$,$e^{12}$,$e^8$,$e^4$,$e^2$,A
5b31dfd8-37e1-5a74-9eb6-59a6fb4131bf,MATEMATIK,"$A=\{x||x^2|<9, x\in\mathbb{Z}\}$ olmak üzere, $f:A\to A$, $f(x)=2x-a$ biçiminde veriliyor.
$f$ fonksiyonu bire bir ve örten olduğuna göre, $f(a)$ kaçtır?",-2,-1,0,1,2,E
9c100538-4a95-5ad7-b554-f1135118cc9a,MATEMATIK,"$a$ ve $b$ birer gerçek sayı olmak üzere $f(x) = \frac{x+1}{x^2-ax-12}$ ifadesinin fonksiyon belirttiği en geniş değer aralığı $R - \{b, 3\}$ olduğuna göre, $f(b-a)$ değeri kaçtır?",$\frac{1}{6}$,$\frac{1}{5}$,$\frac{1}{3}$,$\frac{1}{2}$,1,D
cbf39d94-ed09-5f8f-ada1-53c7e8f8d002,KIMYA,"Oda koşullarında $0,1 \text{ M}$ $1$ değerli kuvvetli baz çözeltisi titrant, hacmi $60 \text{ mL}$ olan $1$ değerli kuvvetli asit çözeltisi analit olarak kullanılarak bir titrasyon işlemi gerçekleştirilmiştir. Kuvvetli baz çözeltisinden $0,6$ litre kullanıldığında çözeltinin pH değeri $7$ olmaktadır.
Buna göre,
I. Bürette kuvvetli baz bulunur.
II. Kuvvetli asit çözeltisinin derişimi $1 \text{ M}$'dir.
III. İndikatör olarak fenolftalein kullanılması uygundur.
(Bazı indikatörlerin renk değiştirme pH aralıkları:
Metil kırmızısı $= 4,2 - 6,3$
Fenolftalein $= 8,2 - 10$
Bromtimol mavisi $= 6 - 7,6$)
ifadelerinden hangileri doğrudur?",Yalnız I,Yalnız II,Yalnız III,I ve III,"I, II ve III",D
f6ef7d8f-6567-530a-b6bf-c770ce2c1bf8,TURKCE,"Batı'da uzun bir dönem edebiyat ve sinema ilişkisinde edebî eser önceliği taşımış, eserin beyaz perdeye uyarlanmış hâli ikincil görülmüş, asıl metnin bir gölgesi sayılmıştır. Günümüzde bu yaklaşımın yansımaları hâlâ görülse de özellikle 70'lerden itibaren Batı'da postyapısalcı düşüncenin gelişimiyle sinemanın da edebiyat eseri gibi bir ""metin"" olduğu fikri ağırlık kazanmış; dolayısıyla edebî eserin bir gölgesi olmadığı, kendi örgüsünü taşıyan özerk bir metin olduğu düşüncesi ilgi görmüştür. Ancak edebiyat eserleri ile sinema ilişkisi üzerine çalışan Thomas Leitch'in yakın tarihli bir makalesinde ifade ettiği gibi uyarlama konusunda hâlâ yanlış anlamalar söz konusu olmaya devam etmekte, edebiyat eserine veya filme önem verilse dahi bu sefer eserin uyarlanmış hâli olan senaryo gözden kaçırılmaktadır.

Bu parçadan hareketle,
I. Edebî eserler sinemaya özensizce uyarlanmaktadır.
II. Uyarlamalarda edebî eserin senaryonun gölgesinde kalması anlayışı terk edilmemiştir.
III. Senaryonun edebî bir eser olarak kabul görmesini savunanlar olmuştur.

yargılarından hangilerine ulaşılabilir?",Yalnız I,Yalnız II,Yalnız III,I ve II,II ve III,E
9c26dd2b-7a16-5d85-af60-b53d78ad006e,KIMYA,"0,3 mol $XY_4$ gazı 4,8 gramdır.
0,2 mol $X_2Y_3$ gazı 5,6 gramdır.
Buna göre X elementinin mol kütlesi kaç gramdır?",1,12,14,16,28,B
99c2c095-78d9-55f9-8cd9-88b5ba1db3d2,KIMYA,"CO ve CH
$_4$ bileşikleri için,
I. yanıcı olmaları,
II. organik bileşik olmaları,
III. kovalent bağlı olmaları
özelliklerinden hangileri ortaktır?",Yalnız III,I ve II,I ve III,II ve III,"I, II ve III",C
523cadf3-5a49-5bf3-ab12-ea79c26fefac,MATEMATIK,$\frac{1}{x} < \frac{1}{x^2}$ eşitsizliğinin çözüm kümesi aşağıdakilerden hangisidir?,"$(- \infty, 1)$","$(1, \infty)$","$(- \infty, 1) - \{0\}$","$(- \infty, 0) \cup (1, \infty)$","$(0,1)$",D
316fb1fc-463b-5572-8f56-c25263c22b79,MATEMATIK,"$x, y$ ve $z$ birer tam sayı olmak üzere, $(x+1) \cdot (y-2) \cdot (z-x)$ işleminin sonucu bir tek sayıya eşit olduğuna göre, I. $x-y-z$ işleminin sonucu çift sayıdır. II. $(x-y) \cdot (y-z)$ çarpımının sonucu tek sayıdır. III. $(x-1) \cdot y \cdot z$ çarpımının sonucu çift sayıdır. ifadelerinden hangileri doğrudur?",Yalnız I,I ve II,Yalnız III,II ve III,"I, II ve III",D
0f531015-3aba-5772-ba5e-f3197c13b422,TURKCE,"(I) İlk baskısı 1999 yılında yapılan Kıvrım İncelikleri'nin Şahin Ben-cer Nocagil adlı kitabın yeni baskısı, geçtiğimiz aralık ayında Everest Yayınları'ndan çıktı. (II) Kitabın yazarı, kendine has bir tarzı olduğundan söz ettiğimiz Selim İleri. (III) Kendine has bir tarzının yanı sıra edebiyattan farklı alanlarda çok verimli sayılabilecek bir kalem olduğundan bahsedebiliriz Selim İleri'nin. (IV) Bir gazetede haftada iki gün edebiyat ve kültür meseleleri etrafında yazılar da yazıyor. (V) Haftalık yazılarının bir kısmında yemek tarifleri yazıyor hatta yemek tarifleri bile yapıyor devamlı okurları için. Bu parçada düşüncenin akışına göre numaralanmış yerlerden hangisine ""Çünkü başta hikâye, roman olmak üzere yemek yazıları, hatırat, Yeşilçam sineması için film senaryoları da yazıyor Selim İleri."" cümlesi getirilebilir?",I,II,III,IV,V,C
d7faf50f-6619-5d79-90e9-96595b9588ae,KIMYA,"Pil şeması, $Mg_{(k)} | Mg^{2+}_{(suda)} (1M) || Cu^{2+}_{(suda)} (1M) | Cu_{(k)}$ şeklinde olan elektrokimyasal hücreye;
I. Cu elektrodun bulunduğu kaba aynı sıcaklıkta saf su ekleme
II. Mg elektrodun bulunduğu kaba aynı sıcaklıkta $H_2S$ gazı ekleme
III. Mg elektrodun bulunduğu kaptan aynı sıcaklıkta bir miktar su buharlaştırma
işlemlerinden hangileri ayrı ayrı uygulanırsa pil gerilimi azalır? ($MgS$ suda az çözünür.)",Yalnız I,Yalnız II,I ve II,I ve III,"I, II ve III",C
ed051174-8036-5d5d-b97f-35187e785f9d,MATEMATIK,"Gerçek katsayılı ve başkatsayısı $1$ olan ikinci dereceden bir $P(x)$ polinomu veriliyor. $a$ ve $b$ pozitif gerçek sayılar olmak üzere,
$P(x) = a$
polinomunun yalnızca bir kökü varken
$P(x) = b$
polinomunun kökleri $-b$ ve $b$ olmaktadır.
$P(0) = 9$
olduğuna göre, $a+b$ toplamı kaçtır?",6,7,8,9,10,B
69416eff-64d8-50de-b2cc-2549c7002b97,MATEMATIK,"$ax^2-5x+2=0$ denkleminin kökleri oranı 4 olduğuna göre, $a$ kaçtır?",$\frac{1}{2}$,$\frac{1}{8}$,-2,2,$\frac{3}{2}$,B
3f638c58-81f0-5500-bfe1-bf570cee9679,MATEMATIK,"515 km'lik bir yol ve bu yolun tamamını giden bir araçla ilgili aşağıdakiler bilinmektedir. Yolun bir kısmı tek şeritli bir kısmı iki şeritli ve bir kısmı da dört şeritlidir. Araç tek şeritli yolda saatte ortalama 40 km hızla, iki şeritli yolda saatte ortalama 90 km hızla ve dört şeritli yolda saatte ortalama 120 km hızla gitmektedir. Tamamını toplam 6 saatte aldığı bu yolun iki şeritli kısmında 135 km yol gitmiştir. Buna göre, yolun dört şeritli kısmı kaç km'dir?",280,300,320,340,380,B
0ec06e5a-1c04-549f-9af1-42acaa79d99d,MATEMATIK,"Yukarıda verilen soruyu bir öğrenci aşağıdaki gibi beş adımda çözmüştür.

$(x^2 - x)^2 - 2(x^2 - x) - 8 = 0$

denkleminin çözüm kümesi nedir?

1. Adım: $x^2 - x = t$ olsun.
2. Adım: $t^2 - 2t - 8 = 0$
3. Adım: $(t-4)(t+2) = 0$
4. Adım: $t=4$ veya $t=-2$
5. Adım: Ç.K = {4, -2}

Buna göre, bu öğrenci hangi adımda hata yapmıştır?",1,2,3,4,5,E
0c448ea5-7ae9-5b19-8ad2-fb6b900ae479,BIYOLOJI,"Bir bitki hücresinde bulunan I. golgi aygıtı, II. mitokondri, III. ribozom, IV. lökoplast yapılarından hangilerinin faaliyeti sonucu hücrenin su miktarı artabilir?",I ve II,II ve III,II ve IV,"I, III ve IV","I, II, III ve IV",C
a6192d92-65b0-5eb2-a68f-6bf5e7898d9a,MATEMATIK,"$A = \{1, 2, 3, 4, 5, 6\}$ kümesinin üçlü permütasyonlarının kaçında 1 ya da 2 bulunmaz?",80,72,64,56,48,E
423a61cf-5e91-565e-b33a-3ab82b126003,MATEMATIK,|log$_2(x+2)| < 3$ eşitsizliğini sağlayan en büyük ve en küçük $x$ tam sayılarının toplamı kaçtır?,22,23,24,25,26,B
b0cf5348-3492-5a7f-9f1e-55778eb1f8ab,TARIH,"Mustafa Kemal İstanbul'un güvenli olmadığını söyleyerek Osmanlı Mebuslar Meclisi'nin İstanbul dışında Anadolu'da güvenli bir yerde toplanmasını istemiş ancak İstanbul Hükûmeti bu öneriyi reddetmiştir. Buna göre; I. İstanbul'un resmen işgali, II. Sevr Antlaşması'nın imzalanması, III. Misak-ı Millî'nin ilanı gelişmelerinden hangileri Mustafa Kemal'in endişelerinde haklı olduğuna kanıt gösterebilir?",Yalnız I,Yalnız II,Yalnız III,I ve II,II ve III,A
45439e6c-2734-53c4-b1fc-a3b8a96ec42a,MATEMATIK,"$(x+4) \cdot (x^2+ax-36)=0$ denkleminin iki farklı gerçek kökü olduğuna göre, $a$ nın alabileceği değerler toplamı kaçtır?",-9,-6,0,5,13,C
85a0df5b-d96e-5a8b-a963-25ed62ee6a43,MATEMATIK,"Pozitif terimli bir geometrik dizide üçüncü terim 4, altıncı terim 108 olduğuna göre, bu dizinin ortak çarpanı kaçtır?",$\frac{\sqrt{3}}{3}$,$\frac{\sqrt{3}}{2}$,$\sqrt{3}$,3,$2\sqrt{3}$,C
7c9ca9fe-4f5d-5b90-8e7c-c241aad2b621,MATEMATIK,"$(2a-b+4)x^{n-2}+bx-2a+b+1=0$ denklemi ikinci dereceden bir bilinmeyenli denklem olduğuna göre, $a$ aşağıdakilerden hangisi olamaz?",4,-2,2,0,-4,E
24072b86-3733-51ba-9d75-81162a62dc0d,MATEMATIK,$mx^2 + nx - 2x^2 + 3x + 5 = 0$ denklemini 1. dereceden bir bilinmeyenli denklem belirtmesi için $m+n$ toplamı aşağıdakilerden hangisi olamaz?,-1,-2,-3,-4,-5,A
c003445f-1f8a-5ca7-a1b6-73971560c4d8,MATEMATIK,Başar'ın bir hedefi vurma olasılığı $\frac{2}{3}$'tür. Başar hedefe üç kez ateş ettiğinde iki kez hedefi vurma olasılığı kaçtır?,$\frac{4}{9}$,$\frac{1}{3}$,$\frac{2}{9}$,$\frac{1}{9}$,$\frac{1}{6}$,A
91aa377d-1730-5e21-8359-bc1ecb2d28fe,MATEMATIK,"Bir yumurta üreticisi yumurta fiyatını aşağıdaki gibi belirlemiştir:
• Bir seferde en fazla 300 koli yumurta satın alınabilir.
• İlk 100 koli için her koli 45 liradır.
• 100 koliden fazla alanlara 100 koliyi geçen her koli için koli başına 0,1 lira indirim yapıyor.
$x$ koli sayısını göstermek üzere, bu üreticiden yumurta alan bir firmanın üreticiye ödeyeceği para miktarını gösteren $f$ fonksiyonu aşağıdakilerden hangisidir?","$f(x) = \begin{cases} 45x & , x < 100 \\ 450x - x^2 & , x \ge 100 \end{cases}$","$f(x) = \begin{cases} 45x & , x < 100 \\ 550x - x^2 & , x \ge 100 \end{cases}$","$f(x) = \begin{cases} 45x & , x < 100 \\ 350x + x^2 & , x \ge 100 \end{cases}$","$f(x) = \begin{cases} 45x & , x \le 100 \\ 45x - 55x & , x > 100 \end{cases}$",$f(x) = 45x + 10x^2$,B
0a8a18be-e12f-57db-b3c6-49f8e3481e20,MATEMATIK,"$m, n, p \in \mathbb{R}$, $m$ ve $n$ sıfırdan farklı sayılardır. $|m-n| = |m| + |n|$ olduğuna göre, $mx^2 + px + n = 0$ denklemi ile ilgili olarak aşağıdakilerden hangisi kesinlikle doğrudur?",Denklemin iki reel kökü vardır.,$m+n=0$,$p^2 = 4mn$,Denklemin iki pozitif kökü vardır.,Denklemin kökler toplamı negatiftir.,A
18c4fa9c-01b3-5707-9ece-b77196d0457e,MATEMATIK,"$f(x) = \begin{cases} 2x-1 & x \ge 0 \\ \frac{x^2+x}{x^2+m} & x<0 \end{cases}$ fonksiyonu $\forall x \in \mathbb{R}$ için türevli olduğuna göre, $m$ kaçtır?",2,-1,1,-2,3,C
33302707-8ffd-5cea-b30f-bb69a07fdd9b,MATEMATIK,"$(m-5)x + (2m-3)y + 7 = 0$ denklemini sağlayan $(x, y)$ sıralı ikililerden biri $(-2, 3)$ olduğuna göre $m$ sayısı aşağıdakilerden hangisidir?",4,3,1,-2,-5,D
00dc7a34-7659-5f1e-a230-61ae5b2a66ff,MATEMATIK,Bir işi 36 günde yapan bir işçi aynı işin yarısını kaç günde yapar?,9,12,16,18,24,D
79fb194d-efb6-56c4-b7fb-95db1597b37d,MATEMATIK,"$a, b$ ve $c$ pozitif tam sayılar olmak üzere, $4a+1=b-c$ $b+c=3a$ eşitlikleri veriliyor. Buna göre, aşağıdakilerden hangisi kesinlikle doğrudur?",$a-b$ tektir.,$b+c$ tektir.,$a-c$ tektir.,$b-c$ çifttir.,$a+b+c$ çifttir.,A
31a16a8c-cf4f-5dd4-a647-560c9b6c6342,FIZIK,Bir dalga leğeninde oluşturulan su dalgalarının dalga boyu; I. kaynağın frekansı II. kaynağın titreşim genliği III. leğendeki su derinliği niceliklerinden hangilerine bağlıdır?,Yalnız I,Yalnız II,I ve III,II ve III,"I, II ve III",C
93d1fee8-85b9-5d6e-8498-254488fb0ddb,KIMYA,"Bir sulu çözeltinin asidik veya bazik özellik gösterdiği bilinmektedir.
Bu çözeltinin asit çözeltisi mi yoksa baz çözeltisi mi olduğuna karar vermek için;
I. çözeltinin elektrik iletkenliğinin ölçülmesi,
II. çözeltiye daldırılan turnusol kâğıdında renk değişiminin gözlenmesi,
III. çözeltinin pH değerinin ölçülmesi
işlemlerinden hangilerinin yapılması uygundur?",Yalnız I,Yalnız II,I ve II,II ve III,"I, II ve III",D
ebe3e9a1-0194-5137-be54-45985084a123,MATEMATIK,"$[x]^n = n \cdot x^{n-1}$ olarak tanımlanıyor.
Örnek: $[x]^3 = 3 \cdot x^2$.
Örnek: $[x]^1 = 1 \cdot x^0 = 1$.
Buna göre, $[x^4] \cdot [x^6]$ çarpımının eşiti aşağıdakilerden hangisidir?",$24 \cdot x^{10}$,$24 \cdot x^9$,$24 \cdot x^{24}$,$6 \cdot x^{24}$,$4 \cdot x^{24}$,B
381fcce5-81f0-58cc-8c76-40e2305198ef,GEOMETRI,Dik koordinat düzleminde denklemi $3x - 2y + 1 = 0$ olan doğru $x$-ekseni boyunca negatif yönde 1 birim ve $y$-ekseni boyunca pozitif yönde 2 birim ötelendiğinde elde edilen doğrunun denklemi aşağıdakilerden hangisi olur?,$3x - 2y - 1 = 0$,$3x - 2y + 8 = 0$,$3x - 2y + 4 = 0$,$3x - 2y + 2 = 0$,$3x - 2y - 2 = 0$,B
f8d9e79c-6c6a-51f5-aa4a-ed466db34db9,MATEMATIK,"Aşağıda bazı hayvanların ağırlıklarına bağlı olarak taşıyabildikleri kütleler verilmiştir. Bir goril ağırlığının $\frac{1}{10}$'u kadar, bir öküz ağırlığının $\frac{2}{3}$'ü kadar taşıyabilir. Buna göre, ağırlığı 90 kg olan bir gorilin taşıyabileceği kütleyi taşıyabilecek öküzün ağırlığı kaç kg'dır?",600,900,1200,1350,1500,D
e4543702-46e2-5084-8804-149fa6de2131,TURKCE,"(I) 'Demir'in, O Sevdanın Özlemi adlı şiirini okuduk ve inceledik. (II) Şiirin dize örgüsü alabildiğine güzel. (III) Kelimelerin seçiminde gerekli titizlik gösterilmemiş ve öylesine kelimelere yer verilmiş. (IV) Buna karşılık çok iyi bir uyak şeması oluşturulmuş ve kelimeler bu şemaya özenle oturtulmuş. (V) Anlam ise uyağa kurban edilmiş ve kelimeler boşlukta asılı kalmış.
Bu parçadaki numaralanmış cümlelerin hangilerinde ""beğeni"" söz konusudur?",I ve II,I ve III,II ve IV,III ve IV,III ve V,C
27971597-8d4a-5c91-9931-049b67f7bd64,MATEMATIK,"Saatte $V$ kilometre hızla hareket eden bir roketin 1 saatte tükettiği yakıt miktarı, birim türünden $f(V) = \frac{V^3}{20} - 7V^2 + 265V$ fonksiyonu ile hesaplanmaktadır. Buna göre, bu roketin sabit bir hızla gideceği 100 kilometre yol için tüketmesi gereken yakıt miktarı en az kaç birimdir?",1000,2000,3000,4000,5000,A
3023b7dc-1765-5d07-98d9-a982d8fd39d3,MATEMATIK,"$(a_n)$ ve $(b_n)$ sabit olmayan ve ilk terimleri aynı olan birer aritmetik dizidir. $(b_n)$ dizisinin ortak farkı $(a_n)$ dizisinin ortak farkının 2 katına eşittir. Buna göre, $(a_n)$ dizisinin 9. terimi $(b_n)$ dizisinin kaçıncı terimine eşittir?",4,5,7,11,13,B
f24c867c-1eb7-5a51-924d-584bae32e497,GEOMETRI,"Dik koordinat düzleminde birinin merkezi $(12,0)$ noktası, diğerinin merkezi ise $(0,9)$ noktası olan iki çember sadece $(4,6)$ noktasında kesişmektedir. Bu çemberlerin orijine en yakın olan noktaları arasındaki uzaklık kaç birimdir?",$\sqrt{5}$,$\sqrt{10}$,$\sqrt{13}$,$2\sqrt{5}$,$2\sqrt{10}$,B
23a585a1-6e97-51b3-836a-5589eb0b22e8,FIZIK,"Compton olayında saçılan fotonun gelen fotona göre,

I. Frekansı küçülür.
II. Hızı artar.
III. Dalga boyu azalır.
IV. Momemtum artar.

yargılarından hangileri doğrudur?",Yalnız I,I ve II,III ve IV,Yalnız III,Yalnız IV,A
fa134d53-15ef-5530-9c25-639c6c7f1287,COGRAFYA,"Türkiye'de aşağıdakilerden hangisinin üretiminin, ülke ihtiyacını karşılama oranı daha yüksektir?",Pirinç,Buğday,Fosfat,Doğal gaz,Petrol,B
e591b04f-8d79-5aa8-9f4e-213b751ca122,EDEBIYAT,"""Millî Edebiyat"" romanı ile ilgili aşağıdakilerden hangisi söylenebilir?","Millî Edebiyat eserleri, Cumhuriyet Dönemi romanının temelini oluşturur.","Konularda mekân olarak genellikle İstanbul seçilmiş, Anadolu göz önünde bulundurulmamıştır.",Toplumsal ve bireysel konulara yer verilmemiş sadece millî konular işlenmiştir.,İnsanın sosyal hayattaki varlığı ve önemi dikkate alınmamıştır.,"Millî bilinci uyandırma çabası, eserleri teknik açıdan kusurlu hâle getirmiştir.",A
694f6548-aeb7-580e-a36d-327b8f1f4480,MATEMATIK,"Bir $f(x)$ fonksiyonu için;
• Tanım kümesi $\mathbb{R}$'dir.
• Görüntü kümesi $\mathbb{R}^+$'dır.
• Tanımlı olduğu her noktada türevlenebilirdir.
• Azalandır.
olduğu bilinmektedir.
Buna göre,
I. $x.f(x)$ fonksiyonu $\mathbb{R}^+$'de artandır.
II. $f^2(x)$ fonksiyonu $\mathbb{R}$'de azalandır.
III. $f^3(x)$ fonksiyonu $\mathbb{R}^+$'de azalandır.
ifadelerinden hangileri doğrudur?",Yalnız I,Yalnız II,I ve II,II ve III,"I, II ve III",B
a99937e8-8d3a-5ff9-9c7e-27fc26a824fc,MATEMATIK,Rakamları toplamının $3$ katına eşit olan iki basamaklı doğal sayının rakamları çarpımı kaçtır?,12,14,21,35,56,B
0b50f4ea-8b76-5f8c-83ba-8a47c7eac145,MATEMATIK,"$f(x)$ daima artan bir fonksiyon olmak üzere $f(x+f(x))=6x-6$ olduğuna göre, $f^{-1}(-2)$ değeri kaçtır?",0,1,2,3,7,B
be23965b-ac7a-5a13-a394-ae235d8b5dd5,MATEMATIK,"Bilal, Göksel ve Yücel girdikleri dükkânda her biri tavuk döner ve içe kola siparişi vermiştir.

Yücel'in parası verdiği sipariş tutarı kadar iken, Göksel'in $23$ lirası ve Bilal'in $32$ lirası vardır.

Döner paralarını Bilal, kola paralarını Göksel verirse son durumda üçününde paraları eşit oluyor.

Buna göre, Yücel'in kaç lirası vardır?",11,12,13,14,15,C
7ccfcb00-4b9b-593a-b60f-7c545e5d8604,TURKCE,"İbn-i Sina demiş ki: ""Bir ülkede bilim ve sanat iltifat görmezse ülkeyi terk eder."" Bizde resme, müziğe ve beden eğitimine toplum yeterince iltifat göstermiyor. Bunda eğitim sisteminin suçu yok. Okul, bu derslerin hepsini programa almış. Fakat toplum bunlara iltifat etmemiş. Yok, öğrencinin ders durumu öğrenmek için matematik, fen, yabancı dil ve biraz da Türkçe sınıfının önünde kuyruk oluşturuyor. Ama beden eğitiminin, resim veya müzik sınıfının önünde hiç kuyruk görmüyoruz. Çünkü toplum buna iltifat etmez. Ondan sonra sporda ülke başarıları bekleriz. Sanatın değeri var da sanata ilgi yok! Sonuç olarak anne ve babalar, ne zaman resim, beden eğitimi ve müzik sınıfının kapısında kuyruk olacak, o zaman, ----.
Düşüncenin akışına göre bu parçanın sonuna aşağıdakilerden hangisi getirilmelidir?",çocuklarımızın bu derslerdeki durumlarını öğreneceğiz,okul-aile iş birliğinin eğitimdeki önemini kavrayacağız,bu ülkenin de dünya çapında sanatçı ve sporcular yetiştirdiğini göreceğiz,bu derslere ilgi duyulmayışının nedenlerini anlayacağız,anne-baba olarak sorumluluklarımızın farkına varacağız,C
d162c60e-0aa0-55eb-a798-33adb0c187e6,MATEMATIK,"$y = x^3 - 2x^2 - 3x + 5$ olduğuna göre, $\frac{dy}{dx}|_{x=1}$ ifadesinin değeri kaçtır?",1,2,3,4,6,B
ded8d009-0be5-59f7-8386-1b11c2dad97c,MATEMATIK,"$2\sqrt{5}$ sayısı, hangi sayı ile çarpılırsa sonuç rasyonel sayı olur?",$5\sqrt{2}$,$5$,$\sqrt{2}$,$3\sqrt{5}$,1,D
72a54010-adc8-5ed3-b9f0-e7ef75b7a7f4,MATEMATIK,"Gerçel sayılar kümesinde tanımlı ve türevlenebilir bir $f$ fonksiyonu veriliyor. Gerçel sayılar kümesinde tanımlı $g(x)=\begin{cases} \frac{f(x)-f(2)}{x-2} & x\neq 2 \\ f'(2) & x=2 \end{cases}$ fonksiyonu için $g(3)=0$ olduğuna göre, I. $y=g(x)$ fonksiyonu $x=2$ noktasında süreklidir. II. $f(2)=f(3)$ III. $g'(3)=f''(3)$ ifadelerinden hangileri doğrudur?",Yalnız I,II ve III,Yalnız II,I ve II,"I, II ve III",E
2e396d50-5330-501e-a131-f20fd8748daf,MATEMATIK,"$f(x) = \begin{cases} |x^2-4| & , x>2 \\ 2-x & , x=2 \\ 6-x & , x<2 \end{cases}$ fonksiyonları için $(f-g)(x)$ fonksiyonu $x=2$ noktasında sürekli olduğuna göre, I. $g$ fonksiyonu $x=2$ noktasında süreklidir. II. $g$ fonksiyonu $x=2$ noktasında sürekli değildir. III. $\lim_{x \to 2^-} (f(5-x)+g(x)) = 4$ ifadelerinden hangileri doğru olabilir?",Yalnız I,Yalnız II,I ve II,I ve III,II ve III,D
04692aa9-463b-5aa5-9987-ed7adb82fdcc,KIMYA,"Bir elementin kütle numarası 31, nötron sayısı 16 ise atom numarası kaçtır?",46,31,16,15,10,D
ec8eeb3e-ef0a-5333-a8e2-d02b792fd710,MATEMATIK,"Bir $(a_n)$ dizisinde $a_1=3$ ve $a_{n+1}=\frac{1+2a_n}{2}$ olduğuna göre, $a_3$ kaçtır?",12,15,16,18,20,E
4d5e65d6-c609-51a5-a682-e35add6aec53,TURKCE,"Televizyona düşkün çocuklarda sosyal beceriler zayıflamaya ve içe dönük bir kişilik gelişmeye başlar. Bu çocuklar ailesiyle, arkadaşlarıyla ve diğer insanlarla sosyal ilişki kurmada isteksiz davranırlar. Televizyon izleyen bir çocuk, kendisi bir şey üretmekte, sadece başkaları tarafından üretilen şeyleri izlemektedir. Hazırı kullanmaya alışmış bu çocuklarda el becerileri ve motor hareketler gelişmez, büyüklerin yardımı olmadan kendi başlarına bir iş beceremezler. Zihinsel ve duygusal gelişimleri de normal değildir. Olaylar arasında sebep-sonuç ilişkisi kuramaz, bilgiyi yorumlayamazlar. Kitap okumak ve ders çalışmak gibi zihinsel çaba gerektiren işlerden hoşlanmazlar. Televizyon karşısında daima alıcı durumda oldukları için konuşmaya ihtiyaç duymazlar, dolayısıyla dil becerileri gelişmez. Dil becerileri zayıf olduğu için başkalarıyla diyalog kuramaz, duygularını ve düşüncelerini doğru ifade edemezler.
Bu parçaya göre aşağıdakilerden hangisi televizyonun çocuk üzerindeki olumsuz etkilerinden biri değildir?",İletişim kurma becerisinin zayıflaması,Duygusal gelişiminin tamamlanmaması,Zihinsel faaliyetleri gerçekleştirmede zorlanması,Zekâ geriliğinin yaşanması,Bireysel hareket etme becerisinin yeterince gelişmemesi,D
dd4ab3dc-28dc-58b3-8580-04815f6be901,MATEMATIK,"İşleminin sonucu kaçtır? $(25)^{3,5} \cdot (125)^{-4}$",$\frac{1}{25}$,$\frac{1}{5}$,1,5,25,A
d29eec11-6911-5287-b347-e70e682dbcae,KIMYA,Nem çekici özellik taşıyan sülfürik asit ($H_2SO_4$) ve fosforik asit ($H_3PO_4$) suda her oranda çözünür. Çözünmeler sırasında çok yüksek ısı açığa çıkar. Bu nedenle bu asitlerin üstüne su dökmek çok tehlikelidir. Buna göre bu asitlerin derişik çözeltileri ile ilgili; I. Nemli olan $CaO$ katısının kurutulması için kullanılabilir. II. Tahriş edici oldukları için cilde temas ettirilmemelidir. III. Üzerlerine su ekleyerek çözeltileri hazırlanabilir. yargılarından hangileri doğrudur?,Yalnız I,Yalnız II,Yalnız III,I ve II,II ve III,D
353cb3b0-3248-5ae9-9211-5a60a75549d6,TARIH,"Dede Korkut Hikâyeleri'nde geçen ""Aç görsem doyurdum, yalıncak görsem donattım, tepe gibi et yığdırdım; göl gibi kımız sağdırdım."" ifadesinden hareketle Türk-İslam devletleriyle ilgili aşağıdakilerden hangisine ulaşılabilir?",Kut anlayışına önem verdiklerine,Sosyal devlet anlayışına sahip olduklarına,Ticarete önem verdiklerine,Tanrısal faaliyetlerle uğraştıklarına,Dinî amaçlı savaş yaptıklarına,B
876c32ee-f341-5673-a753-383c640c8eb1,MATEMATIK,$(x^2-2x-3) \cdot (x^2-x-2) \le 0$ eşitsizliğinin çözüm kümesi aşağıdakilerden hangisidir?,"$(-1) \cup [2,3]$","$\mathbb{R} - [2,3]$","$[-1,2] \cup [3, \infty)$","$[-1,2,3]$","$(- \infty, -1] \cup [2,3]$",A
81dd8624-1b38-52b0-92e1-0f46be5271fa,MATEMATIK,"$x-y=3$ ve $x+y=7$ olduğuna göre, $y$ sayısı $x$ sayısının yüzde kaçına eşittir?",20,25,30,40,45,B
d8a56cfa-c59a-502c-90f8-93a2bb9e78e2,TURKCE,"İlk topluluklardan bu yana insanlık tarihinin her döneminde yaratılış ile ilgili araştırmalar yapılmıştır. Evrenin ve insanın yaratılışını araştıran insanlar, yaşamlarını anlamlandırmaya çalışmışlardır. İnsan kendi yaratılışı ile ilgili sorulara cevap buldukça içinde bulunduğu toplumdaki rolüne sahip çıkmış ve yaşamını bu şekilde yönlendirmiştir. Tüm dinlerde ve bilinen dört din kitabında Türk, Sümer, Babil, Yunan, Mısır mitolojilerinde yaratılışla ilgili birbirine benzer özellikte birçok kurgusal anlatıya rastlanmaktadır. Mitoloji ve dinler tarihî disiplinlerinden yararlanılarak yapılan araştırma sonuçlarına göre yaratılış, tüm toplumların ilgi gösterdiği bir alandır.
Bu parçadan hareketle aşağıdakilerden hangisine ulaşılabilir?",Tüm dinler ve mitolojiler insanın varoluşunu sorgulamıştır.,"İnsanlık, nasıl var olduğunu araştırmalara dayalı verilerle ispatlamıştır.",Tüm insanlık aslında tek bir noktadan çoğalmış ve dağılmıştır.,"Dinlerde ve mitolojilerde anlatılanlar, tamamen hayal ürünü değildir.","İnsanlığın varoluş hikâyesi, günümüz insanının en önemli araştırma konusudur.",A
04ee58c9-2c6d-53cc-a9aa-7e1b3838db88,TURKCE,"Sokağa çıkmayı bırakın, sabah kalktığınız anda aynaya bakınca bile ne ile karşılaşacağınızı kestiremiyorsunuz. Ne düşünür, ne görürsünüz yüzünüzde? Kapalı bir gökyüzü, hafiften esen bir rüzgar... Şu solan papatyalar kaç yaşında acaba? Ruhun kaç yaşında hiç düşündünüz mü? İşte şiir, önce bu sorular ile oluşur.
Bu sözler aşağıdaki sorulardan hangisine karşılık söylenmiş olabilir?",Şiirin önemiyle insan ve doğa kavramlarına yaklaşımınız nasıldır?,Şiirin temelini sizce ne oluşturmaktadır?,"Şiiriniz, sokağa çıktığınız zaman yaptığınız gözlemlerle mi yazarsınız?",Sizin şiirinizde sokaktaki insanlar kendine nasıl yer bulur?,"Sokak, şiirlerinizin en önemli temasıdır diye düşünen görüşlere katılıyor musunuz?",B
f8e9b4ea-a77e-510f-92bd-adda646b76d9,MATEMATIK,"$m$ sıfırdan farklı bir gerçek sayı olmak üzere, gerçek sayılarda tanımlı $f(x) = mx^2 + m$ fonksiyonunun $[-2, 2]$ aralığındaki ortalama değişim hızı kaçtır?",-2,0,2,4,6,B
1bf4ef20-1c69-513d-a8f1-179fda433fca,MATEMATIK,"$y = f(x)$ ikinci dereceden bir polinom fonksiyon olmak üzere,
$g(x) = f(x-2)$ fonksiyonu tanımlanıyor.
$f'(5) = 0$
$g'(5) < 0$
olduğuna göre,
I. $f'(7) < 0$
II. $g'(8) < 0$
III. $f'(3) < g'(8)$
ifadelerinden hangileri doğrudur?",Yalnız I,Yalnız II,I ve II,II ve III,"I, II ve III",B
a49571f4-e9ad-5a7e-b7b1-43dc68554278,BIYOLOJI,"Bitkiler aleminde yer alan bütün canlılar,
I. Ökaryot hücrelidir.
II. Çok hücrelidir.
III. Tohumla üreme gerçekleştirir.
özelliklerinden hangilerine sahiptir?",Yalnız I,Yalnız II,I ve II,II ve III,"I, II ve III",A
9a539b14-3085-58fb-8546-33a2d725ecc0,KIMYA,Periyodik sistemde aynı grupta yukarıdan aşağı doğru inildikçe aşağıda verilen açıklamalardan hangisi doğru olur?,Elektronegatiflik genellikle artar.,Birinci iyonlaşma enerjisi genellikle artar.,Değerlik elektron sayısı artar.,Metalik karakter azalır.,Elektron ilgisi genellikle azalır.,E
ddd5cb8e-a2a6-5729-b850-279d5f2e31b4,MATEMATIK,"$f: \mathbb{R} \to (1,2)$
$g: \mathbb{R} \to (3,4)$
biçiminde tanımlanan f ve g fonksiyonları için aşağıdakiler bilinmektedir.
I. f ve g fonksiyonları örtendir.
II. Her $x \in \mathbb{R}$ için $f'(x) < 0$'dır.
III. Her $x \in \mathbb{R}$ için $g'(x) > 0$'dır.
Buna göre,
I. $\lim_{x \to \infty} (f(x) - g(x)) = -3$'tür.
II. $\lim_{x \to \infty} (f(x) + g(x)) = 5$'tir.
III. Her $x \in \mathbb{R}$ için $f(x) - g(x)$ artandır.
ifadelerinden hangileri daima doğrudur?",Yalnız I,Yalnız II,Yalnız III,I ve II,"I, II ve III",A
cdb548fb-d5f2-59aa-9927-6ef0e7e3c5f5,MATEMATIK,"$f(x) = (x-2)^3$ olduğuna göre, $f'(5)$ kaçtır?",3,$3^2$,$3^3$,$3^4$,$3^5$,C
b77f42aa-4171-5219-9637-2ed09e06c5bb,KIMYA,"I. $_{24}Cr$ atomunun temel hâlde yarı dolu orbitalleri yoktur.
II. $_{18}Ar$ atomu küresel simetri özelliğine sahiptir.
III. $_{23}V^{3+}$ ve $_{20}Ca$ tanecikleri izoelektroniktir.
Yukarıdaki ifadelerden hangileri doğrudur?",Yalnız II,I ve II,I ve III,II ve III,"I, II ve III",A
679e935f-b650-5333-a10d-f3190aae7e83,KIMYA,$_{13}\text{Al}$ ve $_{17}\text{Cl}$ elementlerinin periyodik sistemdeki yerleri ve sınıflandırılmalarıyla ilgili aşağıdaki ifadelerden hangisi doğrudur?,Al ve B elementleri aynı grupta bulunur.,B elementi 3. periyotta bulunur.,Al ve Cl elementleri aynı grupta bulunur.,Al elementi ametal olarak sınıflandırılır.,Cl elementi metal olarak sınıflandırılır.,A
53ac6dd2-f621-569b-92df-bc5466785d36,MATEMATIK,"Dik koordinat düzleminde $A(11,9)$ noktası, $y=x$ doğrusunun $B(7,7)$ noktasında teğet olan bir çemberin iç bölgesinde yer almaktadır. Buna göre bu çemberin yarıçapının birim türünden alabileceği en küçük tam sayı değeri kaçtır?",6,8,10,12,14,C
cac7c395-54a8-5b94-9b1f-ac0d22245fa4,MATEMATIK,"${\binom{n}{0}} + {\binom{n}{1}} + {\binom{n}{2}} = 8$ olduğuna göre, ${\binom{n}{2}}$ işleminin sonucu kaçtır?",24,21,18,15,12,D
7e26da74-e85c-5e0b-b148-7c02e3720ec4,MATEMATIK,"Aysun 28 yaşında iken Ebru $x$ yaşındadır. Ebru 16 yaşında iken Aysun $x$ yaşındadır. Buna göre, $x$ kaçtır?",18,20,22,24,26,C
3410bbf7-d6bd-5b10-990f-9a3cd4abfc00,TURKCE,"Dudaklarını kesip çıkararak ağır ağır oynamaktaydı. Gözlerini kitaplardan hiç ayırmamış bir dilenci eksikme kaydırıyordu bakışlarını. Yalnız başarı zaman zaman hızla çevirip bir başka yöne bakıyordu. Gecenin o öbür yanında, bir saatçi dükkânının üstünde koskoca bir saat asılıydı. O sırada henüz sekizi yirmi vardı. Çocuk, önemli bir şeyin zamanının geçmekten ürkmeyen bir ürkekliğiyle bakıyordu. Arkasında duran adama ise dikkat ettiği yoktu. Belki kendisini okumaya alıştırıyordu. Ya da başlıktan ezberliyordu. Hepsinin üstünde aynı önemseyişle duruyordu. Bir an durakladığında bakışlarını hangi kitaba yönelttiğini rahatça anlayabiliyordunuz.
Bu parçanın anlatımında aşağıdakilerden hangileri ağır basmaktadır?",Tartışma - Tanımlama,Açıklama - Alıntı yapma,Öyküleme - Örnek gösterme,Betimleme - Öyküleme,Karşılaştırma - Açıklama,D
0b4c4c80-13c1-5485-8875-b10fec236dc7,FIZIK,"Taşma düzeyine kadar sıvı dolu bir kaba bırakılmış, yüzen bir cisme etki eden kaldırma kuvveti aşağıdakilerden hangisine eşit olur?",Yer değiştiren sıvı ağırlığı,Cismin batan kısmının hacmi,Cismin hacmi,Yer değiştiren sıvı hacmi,Cismin sıvı dışında kalan hacmi,A
4001d62d-1471-530b-9fb1-bb464a1fea5e,MATEMATIK,$\frac{x-a}{b} - \frac{x-b}{a} = 0$ olduğuna göre $x$'in $a$ ve $b$ türünden değeri aşağıdakilerden hangisidir?,$\frac{a^2}{b}$,$a+b$,$a-b$,$\frac{b^2}{a}$,$ab$,B
7415cd1b-d9c8-5a42-bb6a-d528b9a5dee7,BIYOLOJI,"Soymuk borularında, maddelerin taşınabilmesi için boruları oluşturan hücrelerin canlı olması gerekir. Buna göre, soymuk borularında gerçekleşen aşağıdaki olaylardan hangisi, besin iletimini etkilemez?","Ortam sıcaklığının, enzimlerin çalışmasını engelleyecek kadar düşük olması","Boruları oluşturan hücrelerin, hücre zarlarının parçalanması","Floem hücrelerinin, bölünme yeteneklerini kaybetmiş olması","Soymuk borusuna ait hücrelere, oksijenli solunumu engelleyecek inhibitörlerin eklenmesi","Ağaç gövdesindeki, kabuk bölgesinin kaynar suda bekletilmesi",C
326a6168-bf5d-56cf-bd0e-80a1c09d61bb,MATEMATIK,"$a \cdot b = -\frac{1}{2}$ olduğuna göre, $\left( \frac{1}{a} + \frac{1}{b} \right) \cdot \left( b + \frac{1}{a} \right)$ çarpımının sonucu kaçtır?",\frac{1}{2},\frac{1}{4},-\frac{1}{4},-1,-\frac{1}{2},E
d2de14d1-ba2d-5182-910e-55cfa0f02762,TURKCE,"(I) İnsanoğlu, yeryüzünde var olduğu ilk günden beri bitkilerle iç içe bir hayat sürmüş ve zamanla bu yaşam tarzına bağımlı olmuştur. (II) İnsanlık ilk çağlarda avcı-toplayıcı usulüyle beslenirken bu usul yerini zamanla nüfus artışı ve ihtiyaç artımından kaynaklı olarak tarıma bırakmıştır. (III) Tarım ile yalnız bitkiler değil hayvanlar da ıslah edilip yetiştirilse de ana kaynak her zaman bitkilere bağlı tarım olmuştur. (IV) Öyle ki yetiştirilen hayvanlar da bu sebepten çoğunlukla otçul hayvanlar olmuşlardır. (V) Dolayısıyla bitkiler, insanlığa ve tarıma bir devrim yol açıcısı olmuşlardır.

Bu parçada numaralanmış cümlelerin hangisinden sonra düşüncenin akışına göre ""İnsanlık tarihinde tarıma başlangıç bir devrim niteliğinde dönüm noktasıdır çünkü aynı zamanda yerleşik düzene geçilmiştir."" cümlesi getirilebilir?",I,II,III,IV,V,B
c779f376-0ee4-51f8-9b82-f866d7c6c932,MATEMATIK,"I. $-4x^2$
II. $\sqrt{3}-x$
III. $2 \cdot 0$
IV. $\sqrt[3]{x}$
V. $\frac{1}{x}$
Yukarıda verilen terimlerden en fazla kaç tanesi bir polinoma ait olabilir?",1,2,3,4,5,C
60e7eef4-e1c2-5585-beb0-a1f6f149b092,MATEMATIK,"$$\int_{m}^{2} (2x - 7) \, dx = -6$$ olduğuna göre, $m$'nin alabileceği değerler toplamı kaçtır?",4,5,6,7,8,D
58a2304e-25c1-5326-85f7-74c41146a28f,KIMYA,"I. $N_2O_5(g) + H_2O(s) \rightarrow 2HNO_3(suda)$
II. $Zn(k) + 2HCl(suda) \rightarrow ZnCl_2(suda) + H_2(g)$
Aynı koşullarda gerçekleşen yukarıdaki tepkimeler ile ilgili,
I. toplam atom sayısının korunması,
II. toplam gaz hacminin korunmaması,
III. elektriği ileten çözelti oluşması
özelliklerinden hangileri ortaktır?",Yalnız I,Yalnız III,I ve II,II ve III,"I, II ve III",A
bebdadeb-6416-5a43-9db3-ffab86753e22,MATEMATIK,"$m$ tam sayıdır. Buna göre, $\frac{8 - \frac{12}{m}}{m}$ ifadesini doğal sayı yapan kaç farklı $m$ değeri vardır?",6,8,9,11,12,C
2bc6b6e8-0661-56c1-8f45-c39ed6a000cc,MATEMATIK,"Tarık ile Hasan'ın 2 yıl önceki yaşları farkı 3'tür. Buna göre, bu iki kişinin 5 yıl sonraki yaşları farkı kaç olur?",1,2,3,5,8,C
33e65046-aaa9-51d4-937b-48e337f9ae70,MATEMATIK,"$m$ ve $n$ birer tam sayı olmak üzere, $m^n = 81$ eşitliği sağlandığına göre
I. $m+n$ toplamı en az $-7$'dir.
II. $m+n$ toplamı $6$ farklı değer alır.
III. $m \cdot n$ çarpımının alacağı değerler toplamı sıfırdır.
yargılarından hangileri doğrudur?",Yalnız I,Yalnız II,Yalnız III,I ve II,I ve III,D
9e276f18-37c5-589d-8e97-a16d18697b69,TURKCE,"----Hâlbuki durumun öyle olmadığını, belirli bir yaştan sonra almadan da verebilmenin erdem olduğunu öğreniyorsunuz. Sevgiye önem vermek gerektiğini, paylaştıkça olgunlaştığını ve büyüdüğünü, zamanı geldiğinde elde sadece sevginin kalacağını öğrenmiş oluyorsunuz.
Bu parçada boş bırakılan yere düşüncenin akışına göre aşağıdakilerin hangisi getirilmelidir?","Çoğunuz, sevginin alınıp verilen bir şey olduğunu düşünebilir.",İnsan almadan vermeyi yaşamının ileriki safhalarında öğrenir.,"Yaşamda sürekli ödün vermek, fedakârlık yapmak insanı yorar.",Birey ne kadar çabalarsa çabalasın yaşamının sonunda yalnızlaşır.,"İnsan, sevgi duygusunu aşk kavramıyla karıştırmamalıdır.",A
71aef1dc-8dba-5b81-a041-bcbd6a381fd7,MATEMATIK,$ \frac{\sqrt[3]{x^2 \cdot \sqrt{x}} \cdot \sqrt{x}}{x^{-1}} $ ifadesinin eşiti aşağıdakilerden hangisidir?,$ x^{\frac{13}{12}} $,$ x^{\frac{11}{12}} $,$ x^{\frac{5}{6}} $,$ x^{\frac{1}{3}} $,1,D
aa659527-7b0e-5450-9bdc-c2606acd8e35,MATEMATIK,"Bir otelin birbirinden bağımsız olan çocuk havuzu ve yetişkin havuzu; deniz suyu veya tatlı su ile doldurulacaktır.
Bir metreküplük hacmin dolması için gerekli deniz suyunun maliyeti $7$ TL, tatlı suyun maliyeti ise $18$ TL'dir.
Havuzların tamamının doldurulması için gerekli olan suların toplam maliyeti ile ilgili aşağıdakiler bilinmektedir:
* Boş durumdaki çocuk havuzu tatlı su ile boş durumdaki yetişkin havuzu deniz suyu ile doldurulursa maliyet $206$ TL olmaktadır.
* Boş durumdaki çocuk havuzu deniz suyu ile boş durumdaki yetişkin havuzu tatlı su ile doldurulursa maliyet $294$ TL olmaktadır.
Buna göre, yetişkin havuzunun hacmi çocuk havuzunun hacminden kaç metreküp fazladır?",8,9,10,11,12,A
07b4b230-1cdf-5a00-865b-8ba6b794a095,BIYOLOJI,"Çevre kirliliğine neden olan sorunları çözmek ve canlı yaşamını olumsuz etkileyen kirlilik etkenlerini en aza indirmek için biyoloji biliminden yararlanılır. Bu yöntemlerden biri, bazı canlıları kullanmaktır. Bu canlılar kirliliğe sebep olan maddelerin ayrıştırılmasında görev alabilir. Bu yönteme ""biyoremediasyon"" denir.
Bu bilgilere dayanarak, biyoremediasyon ile ilgili,
I. Amaç kirliliği en aza indirmektir.
II. Bazı canlıların ayrıştırıcı özelliğinden yararlanılır.
III. Ekosistemin tür çeşitliliğini en aza indirir.
ifadelerinden hangileri doğrudur?",Yalnız I,Yalnız II,Yalnız III,I ve II,"I, II ve III",D
4bdaf03e-393c-5397-b149-7e5dda96b59e,TURKCE,"(I) Vücudumuzdaki organların çalışması ve hareketlerimiz için gereken enerji, yediğimiz gıdalardan sağlanır. (II) Gıda- ların enerji miktarı, kalori terimiyle ifade edilir. (III) Gıdaların kalori değeri genelde bellidir ve gıda paketlerinde de için- dekinin kalori değeri yazar. (IV) Fakat aynı gıdadan eşit mik- tarda yiyen kişiler, vücut yapıları farklı olduğu için aynı mik- tarda enerji almayabilir. (V) Kaynatma, pişirme, terbiye gibi işlemler, yiyeceklerin kimyasına, dolayısıyla kalorisine etki ettiğinden bu işlemler dikkatli yapılmalıdır.
Yukarıdaki numaralanmış cümlelerden hangilerinde ne- den - sonuç ilişkisi söz konusudur?",I ve II,I ve IV,II ve III,IV ve V,I ve V,D
f830804e-d021-5b77-9b81-98b5250e8904,MATEMATIK,"$x$ pozitif bir gerçel sayı olmak üzere, $x^{\ln x} = x$ eşitliğini sağlayan $x$ değerleri çarpımı aşağıdakilerden hangisidir?",1,$e$,$e^2$,$e^3$,$ \frac{1}{e} $,D
86569950-ec93-5c6b-a4d0-a5e349099a0c,MATEMATIK,"Doğum günü partisinde ikram edilecek soğuk ve sıcak içecekler için bir organizasyon firması ile anlaşan Seda, davetlilerin % 52'si ile % 60'ı arasındaki bir kısmının soğuk, % 67'si ile % 72'si arasındaki bir kısmının sıcak içecek almayacağını tahmin ettiğini belirterek firmaya gerekli hazırlıklarını yapmalarını söyler. Seda'nın tahminine göre, hem soğuk bir içecek hem de sıcak bir içecek alacak olan davetlilerin sayısının toplam davetli sayısına oranı hangi iki yüzdelik değer arasındadır?",% 15 - % 24,% 16 - % 33,% 19 - % 36,% 22 - % 30,% 24 - % 29,C
c9bac7e4-1769-5cc6-8f2c-513185b170dc,MATEMATIK,"Onur, ""Doğduğum yılda, doğduğum günden önceki günlerin sayısı, doğduğum günden sonraki günlerin sayısının 3 katıdır."" demiştir. Onur 365 günlük bir yılda doğduğuna göre, yılın kaçıncı gününde doğmuştur?",272,273,274,275,276,C
dea2b735-59af-575a-b58d-70d442d7eb18,MATEMATIK,"Akın ile Gökay, 1'den 10'a kadar olan doğal sayılarla numaralandırılmış 10 topu bulunduğu bir torbadan top çekerek bir oyun oynamaktadır. Torbadan iki top çeken Akın, çektiği topların numaraları çarpımını Gökay'a söyledikten sonra aralarında şöyle bir konuşma geçmiştir:
Akın: Çektiğim topların numaralarını bulabilir misin?
Gökay: Verdiğin bilgi yetersiz. Birden fazla çözüm var.
Akın: Çektiğim topların numaraları toplamı 11 desem?
Gökay: Tamam, şimdi kesin olarak buldum.
Buna göre Akın'ın çektiği topların numaraları farkı aşağıdakilerden hangisi olamaz?",1,3,5,7,9,D
063ca196-e99f-5085-bead-c08c10d617fc,MATEMATIK,"$m>0>n$ olmak üzere $x$ gerçel sayıları için
I. $x^2+x+m$
II. $x^2-n$
III. $mx^2+1$
ifadelerinden hangileri daima pozitiftir?",II ve III,Yalnız I,I ve III,"I, II ve III",I ve II,A
20a91282-fa93-5039-b697-476ce6401496,KIMYA,"300 K'de 1 L'lik sabit hacimli bir kaba 1 mol X gazı konuyor. X gazının %20'si aşağıdaki denklemine göre ayrıştığında sistem dengeye geliyor.
$X(g) \rightleftharpoons Y(g) + Z(g)$
Sıcaklık 600 K'e çıkarılıp sistem yeniden dengeye geldiğinde X gazının kısmi basıncı değişmediğine göre, 600 K'de tepkimenin denge sabiti $(K_p)$ kaçtır?","0,05","0,25","0,50","0,90","1,00",B
8d8fd72e-db9d-56bd-92df-8dc6fe7fa00a,MATEMATIK,"• $P(x) \cdot Q(x)$ polinomunun derecesi $17$
• $\frac{P(x)}{Q(x)}$ polinomunun derecesi $9$
olimits olduğuna göre, $Q(x)$ polinomunun derecesi kaçtır?",3,6,4,5,2,C
67dce205-4004-5c88-9b2a-c6050dfc2ab4,MATEMATIK,"$a, b$ ve $c$ birbirinden farklı pozitif tam sayılar olmak üzere, $0 < \log_b a < 1$, $1 < \log_c b < 2$, $2 < \log_a c < 3$ eşitsizlikleri sağlanmaktadır. Buna göre, $a+b+c$ toplamı en az kaçtır?",12,13,14,15,16,E
ebfce975-0bde-5c74-853c-40fea3153b47,MATEMATIK,"$x$ ve $y$ tam sayılar için $2x+5y=12$ olduğuna göre, I. $x+y$ toplamı pozitiftir. II. $y$ çifttir. III. $x$'in alabileceği en küçük değer $1$'dir. ifadelerinden hangileri kesinlikle doğrudur?",Yalnız I,Yalnız II,Yalnız III,I ve II,II ve III,B
97e53cd9-464a-5bbd-ab15-e0724677904a,TURKCE,"""Hayat monoton ve ben mutsuzum."" durumundan çıkıp mutsuzluğumuzu gerçek ve objektif sebeplerini bilmek, kendi hayatımız üstündeki egemenlik hissimizi artıracaktır. Günün, hayatın, olayların getirdiği ni yaşamaktansa kendi hayatımıza egemen olmak, bu geminin kaptan koltuğuna oturmak ve ""Rotamız neresi?"" diye sormak, değişim ya da gelişim için çok güzel bir başlangıçtır.
Bu parçanın başına düşüncenin akışına göre aşağıdakilerden hangisi getirilmelidir?",Kendisiyle barışık olmayan bir kimsenin çevresiyle ve hayatıyla barışık olması da oldukça zordur,Duygusal durumumuzun farkında olmak ve ne yaşadığını bilmek bir yola bir başlangıç; değişim için bir adımdır,"Mutluluğu içinizde hissetmediğiniz sürece, onun yüzünüze ve hayatınıza yansıması mümkün değildir",Mutsuz insanların psikolojik yardım almadan bakış açılarını değiştirmeleri oldukça zordur,Tüm bu hedeflerimizin peşinde koşarken aslında hayatı ıskalıyoruz,B
a344b623-2307-584c-a809-288475d95ebd,MATEMATIK,"$14^x = 7^{x+1}$ eşitliği veriliyor.
Buna göre, $2^x$ ifadesinin değeri kaçtır?",2,4,7,14,49,C
543e8542-5ff5-5078-abcf-4a9c7c2b18c5,KIMYA,Bileşikteki elementlerin atom kütleleri ve basit formülü bilinen bir bileşiğin molekül formülünü bulmak için; I. Mol kütlesi II. 1 molündeki atom sayısı III. Elementlerin kütlece birleşme oranı hangileri tek başına yeterlidir?,Yalnız I,Yalnız II,I ve II,I ve III,II ve III,C
6ff96bf7-d393-54e8-b65a-92c691446e5c,MATEMATIK,"$k$ ve $m$ gerçel sayılar olmak üzere gerçel sayılar kümesi üzerinde $f$ ve $g$ fonksiyonları
$f(x) = 2x^3 - 9x^2 - mx - k$
$g(x) = x^2 - f(x)$
biçiminde tanımlanmaktadır.
$f$ ve $g$ fonksiyonlarının $x = -1$ noktasında yerel ekstremumu vardır.
Buna göre $k+m$ toplamı kaçtır?",31,33,35,37,39,E
ebb820be-6ae0-5060-9374-c554b9709745,MATEMATIK,İki zar atılması deneyinde üst yüzlere gelen sayıların her ikisinin de çift olmayan asal sayı olma olasılığı kaçtır?,$\frac{1}{12}$,$\frac{1}{10}$,$\frac{1}{9}$,$\frac{1}{6}$,$\frac{1}{5}$,C
097850ed-d999-503c-a100-641e324b9b23,MATEMATIK,"Dik koordinat düzleminde $f$, $g$ ve $h$ fonksiyonlarının grafikleri aşağıda gösterilmiştir. Şekilde gösterilen boyalı $A_1$, $A_2$ ve $A_3$ bölgelerinin alanları sırasıyla 1, 3 ve 9 birimkaredir. Buna göre, $\int_{a}^{b} [h(x)-g(x)] dx + \int_{b}^{c} [f(x)-h(x)] dx$ integralinin değeri kaçtır?",5,8,12,13,17,D
cd73f0dd-4876-54cc-980f-14eaa9bb802a,MATEMATIK,"$a \neq 5$ olmak üzere, $x^2 - ax + 5 = 0$ ve $x^2 - 5x + a = 0$ denklemlerinin birer kökü ortaktır. Buna göre, ortak olan bu kök kaçtır?",-2,-1,0,1,2,B
4bdeb11d-dcff-5e5f-8797-257f1f8e1b64,MATEMATIK,"$y=t^2+2t+1$ ve $t=x^2-x$ olduğuna göre, $\frac{dy}{du}$ türevinin $u=-1$ için değeri kaçtır?",-9,-6,-4,0,2,D
95e5e2f1-da5b-55e1-9be7-18791f1ab549,KIMYA,"$CO_{(g)} + H_2O_{(g)} \rightleftharpoons H_2_{(g)} + CO_2_{(g)}$
Tepkimesine göre $K_p = K_c(RT)^{\Delta n}$ eşitliğinde $\Delta n$ değeri kaçtır?",-2,-1,0,1,2,C
411f29cc-c459-50d5-9475-4466a3790c8e,MATEMATIK,"Gerçek sayılar kümesi üzerinde tanımlı $g$ fonksiyonu ve bire bir $f$ fonksiyonları $f(g(x)-1) = x^2+1$ ve $f(5)-g(2)=7$ eşitliklerini sağladığına göre, $g(3)$ kaçtır?",3,4,6,7,8,D
83bb471a-dfb1-5c31-b339-243a35a3fcd0,MATEMATIK,$f(x) = 4x+1$ fonksiyonunun tersi aşağıdakilerden hangisidir?,$4x-1$,$ \frac{x+1}{4} $,$ \frac{x-1}{4} $,$4x+1$,$ -4x+1 $,C
9299a0b8-990c-5e6f-8872-2c3b9b702a6e,EDEBIYAT,"Aşık tarzı halk edebiyatında özel bir ezgiyle söylenen şiirlerdir. 8'li hece ölçüsüyle söylenir. Bu şiirlere ""behey, bre, hey gidi"" gibi ünlemlerle başlanır. Bu tarz şiirleri en çok söyleyen ve bu türün en güzel örneğini veren saz şairi, Karacaoğlan'dır. Bu parçada söz edilen nazım biçimi aşağıdakilerden hangisidir?",Varsağı,Mani,Koşma,Semai,Destan,A
98a4df1f-8993-5405-9db6-a7a1d29a15c4,MATEMATIK,"Aynı cinsten 4 sarı, 3 lacivert, 2 beyaz bayrak bir ipe dizilecektir. Sarıların bir arada olması koşulu ile kaç farklı şekilde dizilirler?",60,120,180,210,240,B
e6cfc04f-6c24-5d1d-93e5-1f04c9797539,MATEMATIK,$\int_{2}^{4} (3x^2+2x) dx + \int_{4}^{2} (3x^2+2x) dx$ ifadesinin değeri kaçtır?,72,65,80,96,56,C
b33fca47-3ad0-50e9-b84d-14695dcc68e6,KIMYA,"1 litrelik sabit hacimli kapalı bir kapta bulunan $4 \text{ mol}$ $PCl_5$ gazının, $273 \text{ }^\circ\text{C}$'de $%50$'si parçalandığında, $PCl_{5(g)} \rightleftharpoons PCl_{3(g)} + Cl_{2(g)}$ tepkimesine göre sistem dengeye geliyor. Aynı sıcaklıkta tepkimenin kısmi basınçlar cinsinden denge sabiti $(K_p)$ kaçtır?","5,6","8,96","11,2","44,8","89,6",E
4d9d4a0c-e7f6-52d9-b1fb-02490f561588,FIZIK,"Bir X metalinin öz ısısını ölçmek için aşağıdaki işlemler yapılıyor.
Kütlesi $200 \text{ g}$ olan X metalinin sıcaklığı $100 \text{ }^\circ\text{C}$'ye çıkarılıp, kütlesi $100 \text{ g}$ ve sıcaklığı $10 \text{ }^\circ\text{C}$ olan suya atılıyor, suyun denge sıcaklığı $25 \text{ }^\circ\text{C}$ olarak ölçülüyor.
Buna göre, X metalinin öz ısısı kaç $\text{cal/g }^\circ\text{C}$ olarak bulunur? ($c_{\text{su}} = 1 \text{ cal/g }^\circ\text{C}$ ve ısı kaybı yoktur.)","$0,8$","$0,6$","$0,5$","$0,2$","$0,1$",E
4045bdc9-6189-5292-bac4-6008232ee5de,MATEMATIK,"$f(x) = \begin{cases} 2x+4 & x<1 \\ x^2-1 & x \ge 1 \end{cases}$ fonksiyonu veriliyor. Buna göre, $f'(0) + f'(3)$ kaçtır?",8,10,6,4,12,C
bebc8fcb-685a-5472-8abc-0d895ab95414,TURKCE,"Bahçede yan yana dikilen iki armut ağacı vardı. (I) Haziran sonunda açan armut çiçekleri bir anda bahçenin havasını değiştirir ve yazın geldiğini müjdelerdi. (II) Armut ağaçlarından biri diğerinden zayıf ve şekilsizdi. (III) Bu yüzden büyük ağaç, her fırsatta onu küçümser ve ona tepeden bakardı. (IV) Ev sahibi, küçük boylu armut ağacından ümidi kesmişti. (V) Bir gün kuvvetli bir rüzgâr esti ve büyük ağaç rüzgârın etkisiyle kırıldı. (VI) Bir daha toparlanamayan armut ağacının yerini bol bol armut veren cılız armut ağacı aldı. Bu parçada, numaralanmış cümlelerden hangisinden sonra düşüncenin akışı değişmiştir?",II,III,IV,V,VI,D
24f54c9c-ca63-5ea0-bfa2-2b7d87efd311,MATEMATIK,$f(x)=\frac{x}{2}$ olmak üzere $f^{-1}(x)$ in $f(x)$ cinsinden ifadesi hangisidir?,\frac{f^2(x)}{16},16f^2(x),4f(x),2f(x),\frac{f(x)}{4},C
d9a17584-caca-50c2-8bba-bb0b20c20e4a,FIZIK,"İletken bir halkadaki manyetik akı,
I. Halka içinden geçen manyetik alan şiddeti
II. Halkanın yapıldığı maddenin cinsi
III. Halkanın yarıçapı
niceliklerinden hangilerine bağlıdır?",Yalnız I,Yalnız II,Yalnız III,I ve III,"I, II ve III",D
e1740400-af56-55bf-b46b-557bde5e78bd,MATEMATIK,"$\cos(x-y) = \cos x \cos y + \sin x \sin y$ olmak üzere,
$\frac{\sin(x+y) - \sin(x-y)}{\cos(x-y) - \cos(x+y)}$
ifadesi aşağıdakilerden hangisine eşittir?",$1$,$\cot y$,$\tan x$,$\tan y$,$\cot x$,E
71192ae8-bae7-5f3e-8539-dffb306653be,MATEMATIK,"$P(x)$ polinomunun $(x-2)$ ile bölümünden kalan 5 ve $(x^2-25)$ ile bölümünden kalan $(3x+2)$ olduğuna göre, $P(x)$ polinomunun $(x^2-7x+10)$ ile bölümünden kalan hangisidir?",$4x-3$,$2x+10$,$5-3x$,$x+3$,$3x-4$,E
714ef637-57d4-55e2-8d65-6b7344fbcbcf,EDEBIYAT,"Herhangi bir edebiyatın ne kadar soyut olursa olsun ortaya çıktığı devrin hayatını yansıtmaması düşünülemez. Divan şiiri de zannedilenin aksine ortaya çıktığı devrin aynası olmaktan uzak değildir. Bu konuda Nedim'in şiirleri önemli örneklerdir. Nedim, divan şiirleri içinde eserlerinde günlük hayata en fazla yer veren şairdir. Nedim'in bu konuda tek örnek olmadığını söyleyemeyiz.
Bu parçaya göre aşağıdaki beyitlerden hangisi Osmanlı'da günlük hayat ve yaşama kültürünü temsil eden bir örnek olamaz?","Giyüp bir al eteklik hâleden meydana azmetti
Semada mevlevî âyinini tasvir eder mehtâb","İşte üç çifte kayık iskelede âmâde
Gidelim serv-i revanım yürü sa'dâbâda","İzn alup cum'a namazına deyu mademden
Bir gün uğurlayalım câmi-i sitompverden","Ey gözüm nûn beni yakma fırâk-ı ateşine
Âlemi zulmet ider dûd-ı siyâhım hazer it","Bezme bir dahi dönüp gelmek değildi niyyetin
Gittiğin vakit anladım azm-i şitâbundan senin",D
939075af-d776-5cea-a208-e940346fc4b1,KIMYA,"Kahve ve çayda da bulunan kafein bileşiğinin $0,05$ molü $4,8$ gram C, $0,5$ g H, $2,8$ g N ve $1,6$ g O içermektedir. Buna göre kafeinin molekül formülü aşağıdakilerden hangisidir? (H: 1, C: 12, N: 14, O: 16)","C
4
H
5
N O","C
8
H
5
N
2
O","C
8
H
10
N
4
O
2","C
12
H
16
N
4
O
2","C
10
H
14
N
4
O
2",C
d0840a3f-dca7-5178-9033-495e8b48d293,MATEMATIK,"Ahmet Bey'in arabasının boş deposu geçen ay 700 liralık benzin ile dolmakta iken aynı depo şimdi 875 liralık benzin ile dolmaktadır. Buna göre, bu bir aylık zamanda benzine yüzde kaç zam gelmiştir?",20,24,25,30,40,C
a12617bd-a50b-5502-906b-81a1ca1125b5,MATEMATIK,"AB iki basamaklı doğal sayısının sağına 3 rakamı yazıldığında oluşan sayı, AB sayısından 372 fazladır. Buna göre, AB iki basamaklı sayısı kaçtır?",21,37,41,49,53,C
db187e15-e76d-5edb-910a-e7fd7876d117,MATEMATIK,"$\frac{3\pi}{2} < x < 2\pi$ ve $\cos x = \frac{3}{5}$ olduğuna göre, $\tan x$ değeri kaçtır?",$\frac{4}{3}$,$\frac{3}{4}$,-1,$-\frac{4}{3}$,$-\frac{3}{4}$,D
30dc39df-924b-5e64-93d7-c91a8ae112d0,MATEMATIK,"Gerçek sayılarda tanımlı $f(x) = \frac{x^3}{3} + 4x^2 - mx - 4$ fonksiyonunun grafiği üzerindeki her noktasından çizilen teğetin eğimi 2'den büyük olduğuna göre, $m$'nin alabileceği en küçük tam sayı değeri kaçtır?",19,18,17,16,15,A
fb3aec9c-b09c-52ef-b0ea-333f0d08ef69,MATEMATIK,$2\sqrt{2} \cdot \cos 765^\circ - \sqrt{3} \cdot \tan 1500^\circ$ işleminin sonucu kaçtır?,8,7,6,5,4,D
0ce63a07-993b-53ae-a2c0-9875959d1532,EDEBIYAT,"--- ve ---, 1950 ve 1960 yılları içerisinde kendi içine dönük, soyut, kapalı, şekilci, değişen ve gelişen hayatın ihtiyaçlarına cevap veremeyen şiir anlayışına karşı çıkarlar. İkinci Yeni şiirini hedef alarak bu şiire savaş açarlar. Adeta bir devrim hareketi içerisine girerler. Bu devrimi edebiyat üzerinde yapmaya çalışırlar. Bu devrim hareketini gerçekleştirebilmek için de dönemin yayın organı olan ""Ant"" dergisini kullanırlar.
Bu parçada boş bırakılan yerlere aşağıdakilerden hangisi getirilmelidir?",Ataol Behramoğlu - İsmet Özel,Hilmi Yavuz - Behçet Necatigil,Kemal Özer - Fazıl Hüsnü Dağlarca,Attilâ İlhan - Cahit Zarifoğlu,Salah Birsel - Haydar Ergülen,A
020c0b25-f0a3-529c-bcec-e0b3dc1e5744,MATEMATIK,"1 Ocak 2015'te yapılan nüfus sayımında nüfusu $810 \ 000$ olan bir şehrin, 2016'dan 2023'e kadar her sene 1 Ocak'ta nüfus sayımı yapılmıştır. 2015'ten sonra yapılan ilk dört yıldaki nüfus sayımlarının her birinde nüfus bir önceki yıla göre $\frac{1}{10}$ oranında, sonraki dört yılın her birinde ise nüfus bir önceki yıla göre $\frac{1}{11}$ oranında artmıştır. Buna göre, bu şehrin 1 Ocak 2023'te yapılan nüfus sayımında nüfusu kaç olmuştur?",$2^{20}$,$3^{13}$,$5^9$,$6^8$,$10^8$,E
6dd06d22-2fac-5983-9145-93b2f10d8db0,FIZIK,"Bir serbest hedefe, X-ışını fotonları gönderilerek serbest kabul edilen elektronlardan saçılan fotonların incelendiği Compton olayında, saçılan fotonların gelen fotonlara göre; I. hızı, II. momentum, III. dalga boyu niceliklerinden hangilerinin büyüklüğü azalır?",Yalnız I,Yalnız II,I ve III,II ve III,"I, II ve III",B
20c015bb-3498-57c0-bce7-1e425be27062,KIMYA,"$Ag_2CrO_4$ katısının suda çözünmesine ait tepkime aşağıda verilmiştir. $Ag_2CrO_4(k) \rightleftharpoons 2Ag^+(suda) + CrO_4^{2-}(suda)$ Buna göre $Ag_2CrO_4$ katısının aynı sıcaklıkta I. 1L 1M $AgNO_3$ çözeltisi, II. 1L 1M $Na_2CrO_4$ çözeltisi, III. 1L saf su içindeki çözünürlüğünün doğru sıralanışı aşağıdakilerden hangisidir?",I = II < III,I < II < III,I < III < II,II < I < III,III < II < I,B
33ac1314-8844-5fb3-9c7a-26240686baa1,MATEMATIK,"$n$ pozitif doğal sayı olmak üzere $\frac{1}{(n-1)(n+2)} = \frac{1}{n-1} - \frac{1}{n+2}$ eşitliğine göre, $\lim_{x \to 1} \sum_{k=1}^{x} \frac{1}{k^2 - 7k - 12}$ limitinin değeri kaçtır?",0,$\frac{1}{15}$,$\frac{2}{15}$,$\frac{1}{5}$,$\frac{1}{3}$,B
26ef7caa-8081-50e6-a90e-ef28b602ff5f,MATEMATIK,"f ve g fonksiyonları $\mathbb{Z} - \{0\}$ kümesi üzerinde tanımlı iki fonksiyon olmak üzere,

* $f(x) = x^m + 2$ fonksiyonu daima artandır.
* $g(x) = x^n - 3$ fonksiyonu daima azalandır.

bilgileri veriliyor.
m ve n tam sayı olduğuna göre
I. m çift sayı
II. $m - n < 0$
III. $m < n$

ifadelerinden hangileri her zaman doğrudur?",Yalnız I,Yalnız II,I ve II,II ve III,"I, II ve III",A
c3ad8d17-eb55-5495-9bcb-9d1555d43349,TURKCE,"Askerî amaçlarla kullanılan ilk denizaltı, ABD'li David Bushnell tarafından inşa edilen Turtle yani Kaplumbağa isimli denizaltı oldu. 1776 yılında su altına dalan 2 metre yüksekliğindeki Turtle, meşe odunundan yapıldı. Hindistan cevizi benzeri yuvarlak bir şekle dikkat çeken bu tek kişilik denizaltı, elle çalıştırılan pervaneler ile çalışıyordu. Turtle, üst kapağındaki uzun vida mekanizması sayesinde zamanlı bir bombayı düşman gemisine yerleştirebilecek donanıma sahipti ancak herhangi bir gemiyi batırmayı başaramadı. Denizaltılarının ilgi görmesi için elle çevrilen pervane dışında bir enerji kaynağına ve gemilere karşı kullanmak için etkili bir silaha ihtiyacı vardı. Bu unsurları bir araya getiren kişi ise İrlandalı asıllı ABD'li mühendis John Holland oldu.
Bu parçada askerî denizaltı ele alınırken aşağıdakilerin hangisinden söz edilmemiştir?",İsim olarak ne şekilde bilindiğinden,İlk kim tarafından inşa edildiğinden,Savaşlarda kullanıldığında büyük zaferler getirdiğinden,İlk özelliklerinin ne olduğundan,Gemilere karşı kullanılan hâle nasıl getirildiğinden,C
e5bfb35e-682b-504d-be10-cf89f0ce6f76,MATEMATIK,"Musude hanım çilek reçeli yapmak için, Şeker $\frac{1}{2}$ ve Su $\frac{1}{5}$ Çilek $\frac{1}{2}$ Çilek $\frac{1}{5}$ olacak şekilde bir karışım hazırlayıp karışımı kaynatmaya başlamıştır. Suyun yarısı buharlaştıktan sonra karışıma ilk çilek miktarının %40'ı kadar daha çilek eklenmiştir. Buna göre, son durumda karışımdaki çilek oranı yüzde kaçtır?",76,75,72,70,60,C
c094af57-c869-5c39-ae65-6317dade6476,MATEMATIK,"$d(f(x)) = (x^2 + 3x) dx$ olduğuna göre, $f'(2)$ kaçtır?",5,6,7,8,9,C
609aefa4-68f0-5750-8013-fd0ab11470c0,KIMYA,"$OH^{-}$ iyonunda proton sayısı 9 olduğuna göre, $OH^{-}$ iyonundaki elektron sayısı kaçtır?",7,8,9,10,11,D
16151a80-453f-5ca1-9928-52f59526cd74,TURKCE,"Bir çocuğun temel güven duygusu ailede gelişir; çünkü aile bireyleri çocuğu koşulsuz sever; bu sevgi, anne, baba, kardeşten başlayıp dede, amca, dayı, kuzen gibi akrabalara doğru genişler.
Aşağıdaki cümlelerin hangisinde altı çizili sözcüğün bu cümledeki anlamını karşılayan söz kullanılmıştır?","Duygularımızı denetim altına almalı; sevgide, nefrette ölçülü olmalıyız.",Sevgilerimizi yaşamayı ertelersek o sevgiyi yaşayamadan ölürüz; çünkü daima bir ertelenme gerekçesi vardır.,Hiçbir karşılık beklenmeden her durumda sevdiğimiz insanların sayısı ne kadar da azdır.,"Vazgeçilmez bir sevgiyle sevdiğimiz, tutkunu olduğumuz dostlarımızı çoğaltmalıyız.","Yaşamı keyifli kılan, açısız ve sorunsuz olmamızı değil; onları birlikte göğüsleyebileceğimiz dostlarımızın olmasıdır.",C
11a281c9-1905-5a2d-87c9-6fb3bd87ebfa,MATEMATIK,"Gerçel sayılar kümesi üzerinde tanımlı ve türevlenebilen $f$ fonksiyonu her $x$ gerçel sayısı için, $f(2x+1) + f(3x) = f(4x-1) + 2x + 4$ eşitliğini sağlamaktadır. Buna göre, $f'(3) + f'(3)$ toplamı kaçtır?",-4,-2,0,6,8,E
acd31a2b-1699-5092-abd4-f35059f3116a,KIMYA,"Oda koşullarında bulunan $1 \text{ molarlık HX}$ asit çözeltisinin pH değeri $4$'tür. Buna göre, çözeltinin hacmi saf su ilavesiyle $4$ katına çıkarılırsa çözeltinin pH değeri kaç olur? ($\log 5 = 0,7$)","$6,3$","$5,3$","$4,7$","$4,3$","$3,3$",C
d3d3c0c5-2dc3-50ea-b41e-34a34b5a68b4,MATEMATIK,$|\frac{x}{3}| \le 2$ eşitsizliğini sağlayan $x$ gerçek sayılarının en geniş aralığı aşağıdakilerden hangisidir?,"$[-6, 6]$","$[-2, 2]$","$[-3, 3]$","$[-\frac{2}{3}, \frac{2}{3}]$","$[-4, 4]$",A
41fc40e0-1d83-5ba5-9401-7a55d38b7fd8,MATEMATIK,"$m, n$ ve $k$ gerçek sayılar için,
$k<m<n^2<0<m-n$
olduğuna göre; $m, n$ ve $k$ sayılarının işaretleri sırasıyla aşağıdakilerden hangisidir?","-, -, -","-, +, -","-, -, +","+, -, +","+, +, -",B
e99f7073-6228-541f-9438-fb7955d75b6d,EDEBIYAT,"Şehitler tepesi boş değil
Bir var bekliyor
Ve bir göğüs, nefes almak için
Rüzgâr bekliyor
Türbesi yakışmış bu kutlu tepeye
Yattığı toprak belli
Tuttuğu bayrak belli
Kim demiş meçhul asker diye
Bu dizelerle ilgili aşağıdakilerden hangisi söylenemez?",Kafiyeden faydalanılmıştır.,Memleketi anlatma kaygısı görülür.,Yeni nazım birimine yer verilmiştir.,Sanatsal anlatım kaygısı ön plandadır.,Bazı dizeler 9'lu heceyle yazılmıştır.,E
ef25f4d3-6346-56aa-8daf-3f04782cdaf9,MATEMATIK,"$a$ ve $b$ birer pozitif tam sayı olmak üzere, $a+b$ tek sayıdır, $a \cdot b$ tek sayıdır, $a-b$ tek sayıdır. İfadelerinden iki tanesinin doğru, bir tanesinin yanlış olduğu biliniyor. Buna göre, I. $b^2+a$, II. $a-b^2$, III. $b^3-a^2$ ifadelerinden hangileri her zaman bir çift sayı belirtir?",Yalnız I,Yalnız II,I ve II,I ve III,II ve III,D
fff7895d-f094-5bcc-8a37-bea5a1fb8283,TURKCE,Aşağıdaki cümlelerin hangisinde bir isim tamlaması ek fiil alarak yüklem olmuştur?,Senin buna karşı yaptığın çok ağırdı.,Bir insanın ölümü insanlığın ölümüdür.,"Dedem, yetmiş yaşında olmasına rağmen dinçti.",Bu haber karşısında yıkıldı genç borsacı.,Bir lambanın ışığı aydınlatıyordu her yeri.,B
e7358c4b-f1f5-5d2f-9649-6281c413a78b,MATEMATIK,"$(a_n) = (1 + \frac{1}{2} + \frac{1}{4} + \dots + \frac{1}{2^{n-1}})$ dizisi veriliyor. Buna göre, I. $a_1 = 1$ II. $a_2 = a_1 + \frac{1}{2}$ III. $a_3 = \frac{7}{8}$ ifadelerinden hangileri doğrudur?",Yalnız I,Yalnız II,Yalnız III,I ve II,"I, II ve III",D
5a926fde-7fa9-5258-b00e-3856932531c9,MATEMATIK,"$a, b$ ve $c$ pozitif tam sayılar için, $P(x) = (x+a) \cdot (x+b) \cdot (x+c)$ polinomunun katsayılar toplamı 72 ve sabit terimi 30 olduğuna göre, $a+b+c$ toplamı kaçtır?",4,6,8,10,12,D
101b9d21-4879-59a8-8d40-39bfbdc4231f,MATEMATIK,"$a, b, c, d, e$ ve $f$ sayıları $\{2, 1, 0, 1, 2, 3\}$ kümesinin farklı bir elemanı olmak üzere, en küçük dereceli
$P(x)=a\cdot x^b+c\cdot x^d+e\cdot x^f$
polinomu oluşturulmuştur.
Buna göre, bu polinomla ilgili aşağıdakilerden hangisi kesinlikle yanlıştır?",Sabit terimi $1$'dir.,Katsayıları toplamı $-3$'tür.,İki farklı sıfırı vardır.,Derecesi $2$'dir.,Baş katsayısı $3$'tür.,A
04b67205-22b0-5a1a-b952-b25ce731e2c5,EDEBIYAT,"Aşağıdaki dizelerin hangisinde parantez () içinde verilen sanat yoktur?
A) Affetme suçumu ey sevgi seli,
Beşerim, şaşarım, insanlık hâli.
(İrsalimesel)
B) Ateşe su dedim göz göre göre
Aktım zavallıydı duyguya göre.
(Cinas)
C) Son varsan mutluluk yoksan elemsin
Son varsan neşemsin yoksan çilemsin.
(Leffüneşir)
D) Hesaba vurulsa kulda güzellik,
Rakam eklenir mi senin üstüne?
(Teşhis)
E) Hey gözü aşk renkli, sesi ahenkli
Hey ceylan bilekli şiir yürekli.
(Nida)","Affetme suçumu ey sevgi seli,
Beşerim, şaşarım, insanlık hâli.
(İrsalimesel)","Ateşe su dedim göz göre göre
Aktım zavallıydı duyguya göre.
(Cinas)","Son varsan mutluluk yoksan elemsin
Son varsan neşemsin yoksan çilemsin.
(Leffüneşir)","Hesaba vurulsa kulda güzellik,
Rakam eklenir mi senin üstüne?
(Teşhis)","Hey gözü aşk renkli, sesi ahenkli
Hey ceylan bilekli şiir yürekli.
(Nida)",D
57a398c0-ea12-52a2-944d-b86018ba3173,TURKCE,"(I) Felsefenin tarih içinde kendisinden etkilenip kendi payına da en fazla etkilediği kültürel-insani faaliyet, bilim olmuştur. (II) Felsefe, her şeyden önce insanın kendisini çevreleyen evreni, toplumu, insanın bizzat kendisini tanımak ve bilmek amacına yöneliktir. (III) Bu nedenle çeşitli bilimlerin bütün bu konulardaki çalışmalarının sonuçlarından haberdar olmama lüksüne sahip değildir. (IV) Öte yandan bilimin amacı da doğru bilgi olduğuna göre felsefe doğru bilginin imkânı, kaynakları, ölçütleri konusunda yol gösterici olabilir. (V) Bununla birlikte felsefe, bilim değildir ve felsefede bilimde olduğundan daha büyük ölçüde yaratıcı zekâya, bilgi birikimine ihtiyaç olduğundan söz edilebilir.
Bu parçada numaralanmış cümlelerle söz edilen felsefe ile ilgili aşağıdakilerden hangisi söylenemez?","I. cümlede, en fazla bilimle etkileşimde olduğundan söz edilmiştir.","II. cümlede, temel amacının ne olduğuna işaret edilmiştir.","III. cümlede, bilimsel gelişmeleri takip etmek zorunda olduğu belirtilmiştir.","IV. cümlede, doğru bilgiye ulaşmada etkili olduğundan bahsedilmiştir.","V. cümlede, bilimi de içine alacak kadar kapsamlı bir alan olduğuna değinilmiştir.",E
6c242a88-6be6-505c-a49b-06bd13ea56c0,FIZIK,"Üç adet dalga leğeni kullanarak dalgaların dalga boyunun su derinliğine bağlı olup olmadığını araştırmak amacıyla bir deney yapılıyor. Deneyde kullanılan şekildeki leğenlerden 1. nin derinliği sabit 2. nin derinliği kaynaktan uzaklaştıkça artıyor, 3. nün derinliği kaynaktan uzaklaştıkça azalıyor.
Leğenler içerisinde titreşim oluşturan dalga kaynaklarının frekansları sabit olduğuna göre oluşan dalgaların dalga boyu kaynaktan uzaklaştıkça aşağıdakilerden hangisi gibi değişir?","Artar, Değişmez, Azalır","Değişmez, Artar, Azalır","Azalır, Artar, Değişmez","Değişmez, Azalır, Artar","Değişmez, Değişmez, Değişmez",B
3bdf1a87-8e58-57ab-b2d3-98959fc02ff1,MATEMATIK,Gerçek sayılar kümesi üzerinde tanımlı $f$ fonksiyonu $f(x) = |x-2| \cdot |x-2| \cdot (x+1)^2 \cdot (x+4)$ biçiminde tanımlanıyor. $f$ fonksiyonunun türevli olmadığı noktaların apsisleri toplamı kaçtır?,-6,-5,-4,-3,-2,B
3f06955f-d8d4-575b-9771-851a4058483f,TURKCE,"I. Arabayı kapının önüne bırakma, demiştim ona.
II. Sana verdiğim kitapları alabilir miyim?
III. Bu yazar hakkında bugüne kadar birçok yazı yazıldı.
IV. Her şeye rağmen köyünü terk etmedi yaşlı adam.
V. Kamyondaki eşyaları taşıma biz de yardım ettik.
Numaralanmış cümleler için aşağıdakilerden hangisi söylenemez?",I. de farklı sözcüklerde kaynaştırma vardır.,II. de ünlü değişimi ve ünsüz yumuşaması vardır.,III. de ünsüz türemesi vardır.,IV. de ulamaya örnek vardır.,V. de ünsüz türemesi vardır.,E
17794e67-c699-5859-a57f-bf942f74e474,MATEMATIK,"Eski bir uygarlıkta sayı sistemi günümüzdekine göre şu şekilde oluşturulmuştur:
• Onluk sistemdeki tek rakamlar $\bullet$ sembolü yardımıyla
$\bullet$, $\bullet\bullet$, $\bullet\bullet\bullet$, $\dots$ biçiminde
1 3 5
• Onluk sistemdeki çift rakamlar $\circ$ sembolü yardımıyla
$\circ$, $\circ\circ$, $\circ\circ\circ$, $\dots$ biçiminde
2 4 6
• İki veya daha fazla basamaklı sayılar $\bullet$ ve $\circ$ sembolleri üst üste her iki rakam arasına $-$ getirilerek yazılıyor ve alttan yukarı doğru okunuyor.
Örneğin; 21 sayısı $\begin{smallmatrix} \circ \\ \bullet \end{smallmatrix}$ 22 sayısı $\begin{smallmatrix} \circ\circ \\ \circ\circ \end{smallmatrix}$ 324 sayısı $\begin{smallmatrix} \circ\circ\circ \\ \circ\circ \\ \bullet\bullet\bullet\bullet \end{smallmatrix}$ şeklinde şeklinde şeklinde
Sıfır rakamının bulunmadığı bu sistemde iki tane $\circ$ sembolü, iki tane $\bullet$ sembolü kullanılarak kaç farklı sayı elde edilebilir?",6,9,12,14,20,D
5ee30596-2c01-55a5-b1f6-d8a6c5524f07,TURKCE,Yön adları eğer özel ismin önünde kullanılırsa büyük harfle başlar. Özel isimden sonra gelen yön adları küçük harfle başlamalıdır. Aşağıdaki cümlelerin hangisinde bu kurala uymayan bir sözcük vardır?,Ülkemizde maden bakımından en zengin bölge Doğu Anadolu'dur.,"Türklerin ana yurdu olan Orta Asya, geniş bozkırlara ve sert karasal bir iklime sahiptir.","Coğrafi olarak Doğu Avrupa, bizim ülkemize diğer kıtalardan daha yakın konumdadır.","Utanç Duvarı olarak bilinen beton sınır, Berlin'in Batı'sını yıllarca abluka altına almıştı.",Dünya'nın en varlıklı eyaletlerinden biri Kuzey Amerika'daki Kaliforniya'dır.,C
80c5b37b-fa31-5969-a6b4-fb8827cc11c4,EDEBIYAT,"Divan edebiyatımızın Leyla ile Mecnun, Hüsrev ile Şirin, Yusuf ile Züleyha gibi ----; halk edebiyatımızın Kerem ile Aslı, Arzu ile Kanber, Battal Gazi, Hayber Kalesi gibi aşk, din ve tarih konulu ---- bir kenara bırakırsak Avrupa'daki anlamıyla öykü türü edebiyatımıza ---- edebiyatı ile girmiştir. Bu parçada boş bırakılan yerlere sırasıyla aşağıdaki lerden hangisi getirilmelidir?",mesnevilerini - halk hikayelerini - Tanzimat,hikayelerini - mesnevilerini - Servetifünun,kasidelerini - destanlarını - Tanzimat,şiirlerini - masallarını - Tanzimat,gazellerini - efsanelerini - Servetifünun,A
6e07d3ac-0f44-58ba-b341-cb47f5113f20,MATEMATIK,"$m$ bir gerçek sayı olmak üzere, gerçek sayılar kümesi üzerinde tanımlı bir $f$ fonksiyonu $f(x) = \begin{cases} x^2-mx, & x \le 3 \\ nx-6, & x > 3 \end{cases}$ biçiminde tanımlanıyor. $y=f(x)$ fonksiyonu gerçek sayılar kümesi üzerinde sürekli olduğuna göre, $m+n$ toplamı kaçtır?",6,7,8,9,11,D
d61d1236-d601-55be-9be7-cee0af3151e3,BIYOLOJI,"Böbrek üstü bezinin kabuk ve öz bölgesinden salgılanan bazı hormonların, kan şekerini yükseltici etkisi vardır. Böbrek üstü bezi çıkanları bir insanda; I. adrenalin, II. insülin, III. glukagon, IV. kortizol hormonlarından hangilerinin salgılanması kan şekerinin artmasını sağlayabilir?",Yalnız II,Yalnız III,I ve IV,II ve IV,"I, III ve IV",C
9a445924-5afe-5988-8982-c7b80c77f610,BIYOLOJI,Mayoz geçiren bir hayvan hücresinde bölünme süre-cinde aşağıdakilerden hangisi görülmez?,Eşlenmiş sentrozomların zıt kutuplara çekilmesi,Tetrat oluşumu,Hücre plağı oluşumu,Homolog kromozomların zıt kutuplara çekilmesi,Homolog kromozomlar arasında kiyazma oluşumu,C
b1f94d58-4394-50cc-8785-1566aa56682b,GEOMETRI,"Dik koordinat düzleminde $A(a - 2, b - 6)$ noktasının y-eksenine göre simetriği II. bölgede olduğuna göre, $a + b$ toplamının en küçük tam sayı değeri kaçtır?",$5$,$6$,$7$,$8$,$9$,E
