id,subject_area,q,oa,ob,oc,od,oe,key
8e66718f-519b-5c99-bd43-7a81e0ad6797,MATEMATIK,"$a$, $b$ ve $c$ birer tam sayı olmak üzere, $a + a \cdot b - (b + c)$ sayılarından birinin tek sayı, diğerinin çift sayı olduğu biliniyor. Buna göre, I. $a$ tek sayıdır. II. $b$ çift sayıdır. III. $c$ çift sayıdır. ifadelerinden hangileri her zaman doğrudur?",Yalnız I,Yalnız II,I ve III,I ve II,II ve III,C
657b5a0e-d69f-5872-bf7c-087fb55b9cd5,FIZIK,"$+0,8$ diyoptri gözlük camının odak uzaklığı kaç m dir?","$0,4$ m","$0,8$ m",$1$ m,"$1,25$ m","$2,5$ m",D
9d9c1612-ca05-539c-90c1-3a77097712c8,MATEMATIK,Alkol oranı %25 olan alkol-su karışımının içerisinde 48 litre su bulunmaktadır. Buna göre karışımın içerisine 8 litre alkol ve 8 litre su eklendiğinde oluşan yeni karışımın su yüzdesi kaç olur?,60,64,70,72,80,B
ac47d1a5-b391-5fc0-8ea9-837ee937d2de,MATEMATIK,"a, b gerçel sayılar olmak üzere, $-a^2 \cdot b$, $a^2 + b^2$, $a^3 \cdot b^2$, $a^3 \cdot b$ ifadelerinden en fazla kaç tanesi aynı anda negatif bir sayıya eşit olabilir?",1,2,3,4,5,D
5037c0b8-2e87-56e7-9659-2cd13b3d1699,MATEMATIK,"Fidan ve Murat'ın birlikte yapacakları iş ile ilgili aşağıdaki bilgiler verilmiştir.
* Fidan normalde çalışması gereken hızın 3 katı, Murat ise normalde çalışması gereken hızın $\frac{2}{3}$ katı hızla çalışırsa iş 6 saatte,
* Fidan normalde çalışması gereken hızın $\frac{1}{2}$ katı, Murat ise normalde çalışması gereken hızın $\frac{3}{2}$ katı hızla çalışırsa iş 18 saatte bitmektedir.
Fidan bu işe başlayıp her saat sonunda hızını bir önceki hızının 2 katına çıkararak 4 saat çalışmış ve işi bırakmıştır.
Kalan işi Murat tamamladığına göre, bu iş toplam kaç saatte bitmiştir?",12 saat 40 dakika,13 saat,13 saat 20 dakika,13 saat 40 dakika,14 saat,C
97201e86-d755-54bf-b6d1-428edb139746,MATEMATIK,"$x$ ve $y$ birer tam sayı. $x+y-2$ ve $x-y+1$ aralarında asal. $(x-y+1)(x+y-2) = 36$ olduğuna göre, $x$ en çok kaç olabilir?",21,7,10,19,11,D
f3909a27-4b6e-5019-95ca-c8d64a11171d,MATEMATIK,"Gerçek sayılar kümesi üzerinde tanımlı ve limitli bir $f$ fonksiyonu,
$f(x) = \begin{cases} 3x+1, & x<a \\ 3-2x^2, & x=a \\ x^2-9, & x>a \end{cases}$
şeklinde tanımlıdır.
$\lim_{x \to a} f(x) / f(a)$
olduğuna göre, $a$ kaçtır?",-2,-1,\frac{1}{2},2,5,A
5114c705-b45b-5f92-9ec7-d9a1404fa980,MATEMATIK,$f(x) = \frac{x}{\sqrt{x}+\sqrt{x}}$ fonksiyonu için $f'(1)$ değeri kaçtır?,$\frac{3}{4\sqrt{2}}$,$\frac{1}{2\sqrt{2}}$,$\frac{1}{\sqrt{2}}$,$\frac{3}{\sqrt{2}}$,$\frac{1}{3\sqrt{2}}$,B
fcec2ae8-468a-5ab5-9f3f-68072159f339,TARIH,"Uygurlar, Moyen Çur'un ölümünden sonra Maniheizm dinini benimsemişlerdir.
Verilen bilgiden hareketle Uygur hangi yöneticileri zamanında Maniheizm dinini benimsemişlerdir?",Bögü Kağan,Bağa Tarkan,Bilge Kağan,Tapu Kağan,İstemî Kağan,A
e3246c7e-c6cd-5ef6-86bc-7f2fd105231e,MATEMATIK,$\frac{x-2}{x^2-2x} \ge 0$ eşitsizliğinin çözüm kümesi aşağıdakilerden hangisidir?,R,$\emptyset$,"$(2,\infty)$","$[2,\infty)$","$(- \infty, 2]$",C
7b465f5b-aa94-57bf-a671-849a5349fb2f,TURKCE,"Bir tohumun ne zaman ekileceğini (I) belirleyen temel etken sıcaklıktır (II). Bitkiler çoğunlukla düşük sıcaklıklara karşı duyarlı (III) olduğundan, tohumlar çoğunlukla (IV) ilkbaharda ekilir. Ancak soğuğa ve donmaya karşı dirençli bazı bitki (V) tohumları (örneğin pancar, lahana, brokoli) sonbahar aylarında ekilebilir.

Bu parçadaki numaralanmış sözcüklerin hangisinde herhangi bir ses olayı yoktur?",I,II,III,IV,V,D
1b4e77e9-575b-5980-85fb-d52231037ddf,MATEMATIK,"$P(x) = x^2+4x+5$ ve $Q(x) = x^3-2$ olduğuna göre, $\text{der}(P(x^2) \cdot Q^2(x-1))$ kaçtır?",7,9,10,13,15,C
5d4521a1-1001-5e84-9388-376574cf684b,MATEMATIK,"$f(x) = \begin{cases} 4x-3, & x < 2 \\ 2x+5, & x \ge 2 \end{cases}$ olduğuna göre, $\int_{1}^{3} f(x-1) dx$ integralinin değeri kaçtır?",9,10,11,12,13,C
6088dd0d-ad5a-5aeb-8fe8-c624bf13a609,MATEMATIK,"Şekilde $y=f(x)$ fonksiyonunun grafiği gösterilmiştir. Buna göre, $\frac{x^2-25}{f(x)} \le 0$ eşitsizliğini sağlamayan tam sayı değerleri çarpımı kaçtır?",60,90,54,48,36,A
1d207bb9-e9d7-5acf-beaa-840599bc8451,FIZIK,"Elektriğin oluşturabileceği tehlikelere karşı alınacak güvenlik önlemleri ile ilgili aşağıda verilen;
I. Islak elle elektrik prizlerine fiş takılmamalıdır.
II. Elektrik tesisatındaki arızaları gidermek için kullanılan tornavida ve pense gibi aletlerin elle tutulan yerleri yalıtkan madde olan plastikten yapılmalıdır.
III. Binalarda, toprak hattı olmayan prizler kullanılmamalıdır.
tavsiyelerinden hangileri doğrudur?",Yalnız I,I ve II,I ve III,II ve III,"I, II ve III",E
4a96e49a-d779-5779-ba20-9541659c61e9,TURKCE,"(I) Yeme alışkanlığı; insanların hangi yiyecekleri nasıl ve niçin yediklerini, kiminle, nerede, hangi sıklıkla, ne şekilde yediklerini içeren bir terimdir. (II) Yemek alışkanlıkları, psikolojik çatışmalar ve kültürel değerlerden etkilenen, kişinin yiyeceklerle kurduğu tüketim düzenini, alışkanlıklarını ifade eder. (III) Örneğin ergenlik çağındaki çocuklar, psikolojik çatışma ve gelişme döneminde olduklarından yemek yeme ile fiziksel görünümün kalıpları arasındaki çeşitli baskılardan kaynaklanan sorunlara daha açıktır. (IV) Yine estetik tercihler, bölgesel tabular, sağlığa ilişkin inanışlar ve benzeri durumlar besinsel değeri olan yiyeceklerin diyetten çıkarılmasına neden olabilir. (V) Mesela bazı Hinduların ve Budistlerin sığır etini yememeleri, bazı Afrika topluluklarının tavuk eti ve yumurta yemekten sakınmaları, Çin'in bazı bölgelerinde süt ve süt ürünlerinin diyette olmaması bölgesel tabular ve inançlar gereği bazı besinlerden kaçınmasına birer örnektir. Bu parçada numaralanmış cümlelerin hangisinin çıkarılması anlamı akışını bozmaz?",I,II,III,IV,V,C
416ebfc7-7873-5b10-95b5-c64d9d71bdfe,MATEMATIK,"$ABCD$ rakamları farklı dört basamaklı sayı olmak üzere, $ABCD$ sembolü ile $A, B, C$ ve $D$ rakamlarının soldan sağa ve küçükten büyüğe doğru sıralaması ile elde edilen dört basamaklı sayı, $ABCD$ sembolü ile $A, B, C$ ve $D$ rakamlarının soldan sağa ve büyükten küçüğe doğru sıralaması ile elde edilen dört basamaklı sayı gösterilmektedir. Örneğin; $5214 - 1245 = 4235 - 5432$ dir. $A435$ ve $6A82$ dört basamaklı sayıları için, ifadesinin en büyük değeri kaçtır?",10221,11312,12232,13132,14156,D
ec15a655-474b-55ef-85f4-9df06c7406a3,MATEMATIK,limittin değeri kaçtır? $\lim_{x \to 3} \frac{|x^2-9|-|3x-9|}{4x-12}$,$\frac{5}{2}$,2,$\frac{11}{4}$,$\frac{7}{4}$,$\frac{7}{2}$,C
5ae367ea-d972-5a83-99a7-3bcaeaffe5d7,MATEMATIK,"$n$ bir doğal sayı olmak üzere, $18^n$ sayısı $m$ doğal sayısına tam olarak bölünebiliyor. $m$'nin alacağı 28 farklı değer olduğuna göre, $n$ kaçtır?",2,3,4,5,6,C
15e46ca9-9c91-52c6-851d-d2ad010120cb,FIZIK,"Dört temel kuvvetin etkili olduğu olaylar arasından çizilen tabloda eşleşmeler için;
I. I ve II yer değiştirmelidir.
II. II ve IV yer değiştirmelidir.
III. I ve III yer değiştirmelidir.
yargılarından hangileri doğrudur?",Yalnız I,Yalnız II,Yalnız III,I ya da II,III ya da IV,B
c9e44850-340e-55cf-9a95-5324e2caf6d7,MATEMATIK,I. $f(x) = |x-1|$ \n II. $g(x) = x-1$ \n III. $h(x) = \sqrt[3]{(x-1)^2}$ \n fonksiyonlarından hangilerinin $x=1$ noktasında türevi yoktur?,Yalnız I,Yalnız II,I ve II,II ve III,I ve III,E
9c1f1aef-3c03-5550-9ff3-dd0f9b98006d,MATEMATIK,"Integrali aşağıdakilerden hangisine eşittir?
$\int \frac{-1}{\sqrt{x-2}} dx$",$\frac{1}{\sqrt{x-2}} + c$,$\frac{2}{\sqrt{x-2}} + c$,$\sqrt{x-2} + c$,$2\sqrt{x-2} + c$,$(x-2)^2 + c$,D
969ea4a1-0112-5ad7-8049-f08b739f0392,FIZIK,"Sürtünmeli ve kinetik sürtünme katsayısı sabit ve k olan yatay düzlemde m kütleli bir cisim v hızıyla fırlatıldığında x kadar yol alarak duruyor ve sürtünmeye harcanan ısı enerjisi E oluyor.
Olayın başlangıcında yalnız k niceliği daha küçük olursa, x ve E nasıl değişir?","Değişmez, Azalır","Azalır, Azalır","Artar, Artar","Değişmez, Değişmez","Azalır, Değişmez",B
a078d85c-1354-52df-b5ac-f02e79a55285,MATEMATIK,"$(fog)(x) = 5^{2x} + 5^{x} + 1$ ve $g(x) = 5^x$ olduğuna göre, $f(3)$ kaçtır?",22,24,26,27,28,D
6682a919-7987-5182-ab4d-640433adf3b6,MATEMATIK,"Başatsayısı 1, kökleri birbirinden farklı $x_1$ ve $x_2$ gerçek sayıları ve diskriminantı $\Delta$ olan ikinci dereceden bir denklemin kökleri ve diskriminantı $x_1+x_2 = \Delta$ ve $x_1 \cdot x_2 = 7\Delta$ eşitliklerini sağladığı bilinmektedir. Buna göre, denklemin diskriminantı kaçtır?",24,12,15,36,29,D
5e30415a-b505-5791-aca2-209612869b4a,FIZIK,"Standart modele (SM) göre;
I. Hadronlar, baryonlar ve mezonlar olmak üzere iki gruba ayrılır.
II. Proton ve nötronlar çekirdeğin içinde bulunur.
III. Leptonların iç yapısında kuark yoktur.
yargılarından hangileri doğrudur?",Yalnız III,I ve II,I ve III,II ve III,"I, II ve III",E
560fd1c1-4fc3-5e25-8a94-d9745c626724,MATEMATIK,"$c$ bir gerçel sayı olmak üzere, $2x^2 + 3x + c = 0$ denkleminin diskriminantı $0$'dır. Buna göre, bu denklemin kökler çarpımı kaçtır?",$-\frac{3}{2}$,$-\frac{1}{2}$,$\frac{1}{2}$,1,$\frac{3}{2}$,B
8ac58d7e-a4eb-594c-9e0e-dfe5fd3a45fa,MATEMATIK,"İlk 50 yolcunun her biri için uçak bilet fiyatının 200 TL olduğu bir havayolu şirketinde 50 üzerine eklenen her yolcu için bilet fiyatı 2 TL düşmektedir. Örneğin, uçağa 52 yolcu binerse her yolcu 196 TL bilet parası ödüyor. Buna göre, havayolu şirketinin kazancının en çok olması için uçağa kaç yolcu binmesi gerekir?",85,80,75,70,65,C
f5589694-cf83-5e89-a2b5-73f5220f027b,KIMYA,"Yandaki elektroliz kabında, katotta ilk önce aşağıdakilerden hangisinin açığa çıkması beklenir? (Elektron verme eğilimleri: $K > Na > H > Br > Cl$ şeklinde sıralanmalıdır.)",K,Na,$Br_2$,$Cl_2$,$H_2$,B
7c2ea150-caae-5e16-ae4f-278f474600ec,MATEMATIK,"$a$ ve $b$ gerçek sayı ve $a < b$ olmak üzere, $\int_a^b f(x) dx = 5$ olduğuna göre, I. Her $x \in (a, b)$ için $f(x)$ fonksiyonu tanımlıdır. II. Her $x \in (a, b)$ için $f(x)$ fonksiyonu azalandır. III. Her $x \in (a, b)$ için $f(x)$ fonksiyonunun limiti vardır. IV. Her $x \in (a, b)$ için $f(x)$ fonksiyonu türevlidir. V. Her $x \in (a, b)$ için $f(x)$ fonksiyonu pozitif değerlidir. verilen ifadelerden kaç tanesi her zaman doğrudur?",0,1,2,3,4,B
5bff6c25-3256-570a-a754-5d00cc0b0ca7,MATEMATIK,"Beden eğitimi dersinde öğrencilerin maçlarda kullanmaları için 180 tane topu sınıftaki her bir öğrenciye eşit olarak dağıtılıyor. Derse geç kalan Ziya, derse katıldığında dersteki öğrencilerin her birini, elindeki ikişer topu Ziya'ya veriyor. Böylece sınıftaki bütün öğrencilerdeki top sayıları birbirine eşit oluyor. Buna göre, Ziya derse katılmadan önce bu sınıfta kaç öğrenci vardı?",8,9,10,11,12,B
e9a7e408-ccfc-51af-9527-9c226553c2eb,MATEMATIK,"Gerçel sayılar kümesi üzerinde tanımlı $f$ fonksiyonunun türev fonksiyonu $f'$ olmak üzere,
$f'(x) = 2x + 1$
eşitliği veriliyor.
Buna göre,
I. $d(f(x)) = (2x + 1) \cdot dx$
II. $d(f(x)) = 2 \cdot dx$
III. $f(x) = x^2 + 1$
ifadelerinden hangileri doğrudur?",Yalnız I,Yalnız II,Yalnız III,I ve II,II ve III,D
8545e8fe-c8f7-53de-aa79-df37a657af29,MATEMATIK,"a, b, c ve d birer gerçek sayıdır. $P(x)=ax^3+bx^2+cx+d$ şeklindeki 3. dereceden $P(x)$ polinomu tanımlanıyor. $P(x)$ polinomunun grafiğinin x eksenini kestiği nokta sayısı en az m, en fazla n tane olduğuna göre, (m,n) sıralı ikilisi aşağıdakilerden hangisidir?","(0,3)","(0,2)","(1,3)","(2,3)","(1,2)",C
1b76a11c-375d-5b53-b30c-de03430ec2ca,FIZIK,"Günlük hayatta gerçekleşen, I. Güneşten gelen ışığın durgun su yüzeyinde yansıması, II. Bir lazer makinesinden çıkan ışığın doğrusal olarak yayılması, III. Işığa duyarlı bir fotoselin akşam saatlerinde sokak lambalarının çalışmasını sağlaması olaylarından hangileri ışığın hem tanecik hem de dalga doğası ile açıklanabilir?",Yalnız I,Yalnız II,Yalnız III,I ve II,I ve III,E
7cfa30ed-90bd-5b5a-8a1e-cc1a55d21b04,MATEMATIK,"$x$ dar açıdır. $\frac{1-\tan x}{1+\tan x} = \frac{\sqrt{3}-\tan x}{1+\sqrt{3}\tan x}$ olduğuna göre, $4\sin x + \cos 2x$ işleminin sonucu kaçtır?",1,$\frac{1}{2}$,$\frac{\sqrt{3}}{2}$,$\frac{\sqrt{3}}{3}$,$\frac{3}{4}$,A
13c70d21-b9a2-53d9-8efc-40a1369e326c,MATEMATIK,$\frac{84}{60}$ kesrinin en sade hâli aşağıdakilerden hangisidir?,$\frac{5}{7}$,$\frac{7}{5}$,$\frac{3}{5}$,$\frac{2}{5}$,$\frac{1}{5}$,B
545f301e-04d4-5f75-93fe-7ab5e6b7c910,MATEMATIK,"Bir işin;
* yarısını Mehmet 5 saatte,
* $\frac{2}{3}$'ünü Enes 10 saatte,
* $\frac{1}{5}$'ini Erdem 4 saatte
bitirebilmektedir.
Buna göre, bu işin iki katı bir işte Mehmet 3 saat, Enes 4 saat, Erdem 7 saat çalışırsa işin kaçta kaçı biter?",$\frac{11}{12}$,$\frac{11}{24}$,$\frac{11}{30}$,$\frac{7}{30}$,$\frac{7}{60}$,C
46e5a913-7643-5853-bc22-d3dfaf908e20,FIZIK,Aşağıdakilerden hangisi deprem ve deprem dalgaları ile ilgili yanlış bir bilgidir?,Depremin olduğu noktanın yeryüzüne en yakın noktasına merkez üssü denir.,"Depremde Richter ölçeğine göre, $6$ büyüklüğündeki bir deprem, $3$ büyüklüğündeki yıkım etkisinden $2$ kat fazladır.",Büyük tek parça olarak magma üzerinde yüzen kara parçalarına levha denir.,Deprem için alınacak önlemlerden biri de büyük ev oyuklarını duvarlara sabitlemektir.,Deprem dalgaları mekanik dalgalardır.,B
0d7f7ead-bb6d-5f98-91af-2e5e247832c2,MATEMATIK,"$k$ bir gerçek sayı olmak üzere, $|x-5| \le 2$ $|x+1|<k$ eşitsizlik sisteminin çözüm kümesinde sadece 1 tane $x$ tam sayı değeri vardır. Buna göre, $k$ kaçtır?",8,7,6,5,4,D
3e9baccd-1b2a-5564-bdb9-897fb6138815,TARIH,"Selçuklularda sarayda Türkçe kullanılırken resmî yazışmalarda Farsça, bilim ve edebiyatta Arapça-Farsça kullandığı görülmüştür. Buna göre Selçuklular ile ilgili, I. Farklı kültürlerin etkisinde kalınmıştır. II. Devlet çok uluslu bir yapıya sahiptir. III. Türk dili ve millî kültürünün gerekleri yerine getirilmiştir. yargılarından hangilerine ulaşılabilir?",Yalnız I,Yalnız II,I ve II,II ve III,"I, II ve III",C
f783a765-fce3-5bf4-910c-1878929b6461,MATEMATIK,"$2x - ky = 6$ ve $x + 4y = 2$ denklem sisteminin çözüm kümesi boş kümedir. Buna göre, $k$ kaçtır?",-8,-4,-2,4,8,A
f8412bdf-4e86-5e24-9e58-d8ff1693f43e,MATEMATIK,"$a$ ve $b$ gerçel sayılar olmak üzere, dik koordinat düzleminde $y = 3x + a$ doğrusu
$f(x) = x^3 - x^2 + bx + 4$
fonksiyonunun grafiğine $(1, f(1))$ noktasında teğettir.
Buna göre, $a+b$ toplamı kaçtır?",4,5,6,7,8,B
e064434c-22c7-5542-b908-d0768f585a5a,MATEMATIK,"$f: \mathbb{R} - \{3\} \to \mathbb{R} - \{2\}$ olmak üzere, $f(x) = \frac{2x+1}{x-3}$ olduğuna göre, $f'(2)$ kaçtır?",-7,-6,1,6,7,A
20963a71-0efc-59b5-8e7e-6eb281070b93,MATEMATIK,"$P(x)$ bir polinom, $Q(x)$ üçüncü dereceden bir polinom olmak üzere, $Q(x) = \int P^2(x) dx$ olduğuna göre, $\text{der}(P(x))$ kaçtır?",3,4,5,6,7,A
8ef6ce59-eef6-560a-bce2-3a808eff1c05,GEOMETRI,"Analitik düzlemde, $A(-5,6)$ ve $B(5,1)$ noktaları arasında $C(m,n)$ noktası bulunmaktadır. $\frac{|AB|}{|AC|} = \frac{5}{3}$ olduğuna göre, $C$ noktasının $y=-x$ doğrusuna göre simetriği olan nokta aşağıdakilerden hangisidir?","$(-3,1)$","$(3,1)$","$(3,-1)$","$(1,-3)$","$(-3,-1)$",A
bd692328-c7bd-5b93-989b-bb13e57350ef,MATEMATIK,$\frac{25}{45} + \frac{30}{54} - \frac{56}{63}$ işleminin sonucu kaçtır?,$\frac{5}{3}$,$\frac{7}{3}$,2,3,$\frac{10}{3}$,C
5cad4ba1-2f79-56c9-8938-1c4669ae086e,MATEMATIK,"Gerçel sayılar kümesi üzerinde tanımlı $f$ fonksiyonu $f(x) = \begin{cases} \lceil x^2 \rceil & , x \in \mathbb{Z} \\ \lfloor x \rfloor & , x \notin \mathbb{Z} \end{cases}$ biçiminde tanımlanıyor. $\lceil x \rceil$: $x$'ten büyük, en küçük tam sayı. Örneğin: $\lceil 1,2 \rceil = 2$, $\lceil -1,2 \rceil = -1$. Buna göre, $\lim_{x \to -1^-} f(x) + \lim_{x \to 1^+} f(x)$ toplamının değeri kaçtır?",-2,-1,0,1,2,C
0bf517f5-4491-5152-a492-7222841da7bf,KIMYA,"0,2 mol $NO_2$ bileşiğinin kütlesi 9,2 gram ise $NO_2$ nin mol kütlesi kaçtır?",184,92,46,44,23,C
33c2f006-ecd6-5386-b52a-c00049a349ac,MATEMATIK,"A kümesinden A kümesine tanımlı $f(x)=x-1$ fonksiyonunun örten olduğu bilinmektedir. Buna göre, A kümesi I. gerçel sayılar, II. pozitif gerçel sayılar, III. rasyonel sayılar kümelerinden hangileri olabilir?",Yalnız I,I ve II,I ve III,II ve III,"I, II ve III",C
c9a75a33-47da-59b7-8d85-621c27d2be9b,GEOMETRI,"Aşağıdaki adımlara göre bir çizim yapılacaktır.

* $m(\widehat{ABC}) < m(\widehat{BCD})$ olacak şekilde bir ABCD eşkenar dörtgeni çiziniz.
* B ile D noktalarını birleştiriniz.
* $[AC] \cap [BD] = \{E\}$ olacak şekilde E $\in$ $[BD]$ belirleyip B ve E noktalarını birleştiriniz.
* $[AC] \cap [BE] = \{F\}$ ve $[AC] \cap [BD] = \{K\}$ olacak şekilde A ve C noktalarını birleştiriniz.

Bu çizimde $[FK] = 4$ br, $[BK] = 9$ br olduğuna göre, ABCD eşkenar dörtgeninin çevresi kaç br'dir?",52,54,56,58,60,E
a6e4e2d4-4a96-5a96-8ad1-761dbc79e214,TURKCE,"Dünyamız, gerçekten büyük dönüşümlerin yaşanacağı bir değişim çağına giriyor. Öyle ki yaşanacak gelişmeleri hiç öngöremediğimiz gibi bu gelişmelerin hızı ve büyüklüğü bizi hayrete düşürecek. Üstel (üsler hâlinde katlanarak) ilerleyen teknoloji, bir yandan muazzam bir potansiyel sunarken diğer yandan oluşan bu imkânlar, çok büyük ve yeni sorumluluklar üstlenmemizi de gerektirecek.
Bu parçadan hareketle aşağıdakilerin hangisi çıkarılabilir?","Her teknolojik gelişme, toplumu olumsuz yönde değiştirir.","Büyük teknolojik hamleler, toplumda her zaman karşılık bulmaz.","Günümüzde değişimler, tarihtekinden daha yavaş olmaktadır.","Değişim ve dönüşüm çağı, insana birtakım görev ve işler yükler.","İnsan, teknolojik geleceği öngörmediğinde panik ve kuşku başlar.",D
6db112bc-9b48-5536-9a1c-06afa2817893,MATEMATIK,$\sqrt[3]{3^{2x+1}} = 3$ olduğuna göre $x$ değeri kaçtır?,-2,-1,1,2,3,C
ba75b0d0-5186-575f-9ced-153db4a9455e,KIMYA,"Yanda 2. periyot elementlerinin iyonlaşma enerjisi atom numarası grafiği verilmiştir. Buna göre, 
I. X, Y ve T küresel simetriktir.
II. X toprak alkali metaldir.
III. Z'nin elektron dağılımında en son $2p^4$ tür.
yargılarından hangileri doğrudur?",Yalnız I,Yalnız II,I ve II,II ve III,"I, II ve III",E
b96be598-43be-5105-b6d8-d079aff882eb,KIMYA,"Sadece $KClO_3$ ve KCl katılarını içeren 50 g karışım ısıtıldığında $KClO_3(k)$ aşağıdaki tepkimeye göre tamamen bozunmaktadır.
$2KClO_3(k) \rightarrow 2KCl(k) + 3O_2(g)$
Isıtma işlemi sonucunda oksijenin tamamı gaz hâlinde uzaklaştığında kalan katı kütlesi 40,4 g olduğuna göre başlangıçtaki karışımda $KClO_3(k)$'ün kütlece yüzdesi kaçtır?
($O_2 = 32 \text{ g/mol}$, $KClO_3 = 122,5 \text{ g/mol}$. Isıtma işleminde KCl'nin bozunmadığı varsayılacaktır.)","20,0","24,5","35,5","49,0","51,0",D
fa754f2b-2cad-5d6e-9eb2-674cdff7fe02,MATEMATIK,"$A = \tan 13^\circ + \frac{1}{\cos 13^\circ}$ ve $B = \tan 13^\circ - \frac{1}{\cos 13^\circ}$ olduğuna göre, $A$'nın $B$ türünden eşiti aşağıdakilerden hangisidir?",$-\frac{1}{B}$,$\frac{1}{B}$,$-B$,$B$,$2B$,A
65102af2-4c86-520d-9b39-b9e75cc82273,TURKCE,"(I) Bir toplumda anlatım düzenlemesi, ilerlemesini istiyor musunuz? (II) Öyleyse toplumda edebiyat, sanat merakını uyandırmaya, geliştirmeye çalışın. (III) Çocuklara şiirler, hikâyeler, romanlar okutun. (IV) Sanatsal duyarlılıkları gelişen insanlar ruhen de kötü olamazlar. (V) O romanların, hikâyelerin kahramanlarıyla tanışsınlar, o hayattan hayallere rinde yaşasınlar. (VI) Böylece gerçekteki insanlara daha iyi anlarlar.
Bu parçada numaralanmış cümlelerden hangisi düşüncenin akışını bozmaktadır?",II,III,IV,V,VI,C
aa396b87-156a-5194-9baf-0741244c3b1e,MATEMATIK,"Bir halı yıkama fabrikasında halı ve kilim yıkama ücreti için aşağıdaki bilgiler veriliyor.
• $5 \text{ m}^2$ ye kadar halı $20$ lira, kilim $30$ lira.
• $5 \text{ m}^2$ den sonra her $\text{m}^2$ için halı $3$ lira, kilim $5$ lira.
Bu fabrikada bir miktar halı ve kilim yıkatan bir kişi $400$ lira ödeme yaptığına göre, yıkattığı halı ve kilimin toplam metrekareleri aşağıdakilerden hangisi olamaz?",76,82,84,86,90,B
67a5623c-a71f-5c5a-a506-7ec63c70bb5e,MATEMATIK,$|2x+1|-3=0$ denkleminin çözüm kümesi aşağıdakilerden hangisidir?,"${\left\{-\frac{1}{2}, 1\right\}}$","${\{-2, 1\}}$",${\{\}}$,R,"${\{-1, 2\}}$",B
7e08b61b-35f0-59fd-a08c-0f548ff42e8a,KIMYA,"Katısı ile dengede bulunan $CuCl$ çözeltisine bir miktar $KCl$ katısı ilave ediliyor. Buna göre, I. $CuCl$ katı miktarı II. $Cu^+$ iyon derişimi III. Çözünürlük çarpımı $(K_{çç})$ niceliklerinden hangileri azalır?",Yalnız II,Yalnız III,I ve II,I ve III,II ve III,A
698a0538-868f-5693-827c-fce1ad452961,MATEMATIK,"$x = \frac{37}{36} - \frac{38}{37}$
$y = \frac{36}{37} - \frac{37}{38}$
olduğunu göre, $y$'nin $x$ türünden eşiti nedir?",$4-x$,$x-6$,$8-x$,$6-x$,$9-2x$,D
47ca5f77-88dc-5566-a74e-df6eeed9fc7e,TURKCE,"Arılarla ilişkimizin kahvaltıda yediğimiz baldan çok daha öte bir anlamı var. Arı kolonilerinin iyi beslenip kışı kayıp vermeden sağlıklı bir şekilde geçirebilmesi, canlı yaşamının devamı için büyük bir önem taşıyor. Örneğin bitkilerin meyve verebilmesi için gereken polen alışverişinin %80'ini arılar yapıyor. Tek bir arı kolonisi günde 300 milyon çiçeğe polen bırakabiliyor. Tükettiğimiz gıdaların birçoğu, bu çiçeklere bırakılan polenler sayesinde meydana geliyor. Ancak gıdalarımız için bu denli önemli olan arıların yaşamı, endüstriyel tarımda kullanılan kimyasallar yüzünden tehdit altında.
Bu parçadan arılarla ilgili olarak
I. Özellikle kışın daha iyi beslenmeleri gerekmektedir.
II. Hayatın devamı için oldukça önemlidir.
III. Kimyasallar yaşamlarını olumsuz etkilemektedir.
yargılarından hangilerine ulaşılamaz?",Yalnız I,Yalnız II,Yalnız III,I ve III,II ve III,A
2e072b47-b042-5249-88bc-0679db5ea102,MATEMATIK,$f(x)=\sqrt{\frac{1}{3-\sqrt{x}}}$ fonksiyonunu sürekli yapan kaç tane $x$ tam sayı değeri vardır?,16,Sonsuz,9,10,15,D
9e704c4e-d107-5e20-8c69-6e240d6ade69,MATEMATIK,"$P(x) = 2x^2 + 4x$ polinomunda $x^2$'li terimin katsayısı ile sabit terim yer değiştirdiğinde $Q(x)$ polinomu elde ediliyor. Buna göre, $Q(x)$ polinomu aşağıdakilerden hangisidir?",$2x+4$,$4x+2$,$4x-2$,$2x-4$,$2x^2+4$,A
1936e575-ce0b-55ea-8c61-34a7f4623d83,KIMYA,"$_{14}X$ ve $_{20}Y$ atomlarının elektron dağılımları aşağıda verilmiştir.
$X:))) \quad Y:)))$
$2 \quad m \quad 4 \quad 2 \quad 8 \quad 8 \quad n$
Buna göre $m+n$ kaçtır?",14,12,10,8,6,C
f6af2029-f8ba-5b08-aef0-b5d1c4025b07,MATEMATIK,"Dört torbadan ilk 2 tanesinde eşit sayıda kırmızı ve mavi top, geriye kalan torbalarda 1 mavi, 4 kırmızı top vardır. Rastgele seçilen bir torbadan çekilen 1 topun mavi olduğu bilindiğine göre, topun dördüncü torbadan çekilmiş olma olasılığı kaçtır?",$\frac{1}{12}$,$\frac{1}{10}$,$\frac{1}{9}$,$\frac{1}{8}$,$\frac{1}{7}$,E
3ae168ff-0aa3-579e-a6e1-06ba77be995e,MATEMATIK,"$B$ ve $C$ pozitif tam sayılar olmak üzere $\sqrt{A} = B\sqrt{C}$ eşitliğini sağlayan en büyük $A - C$ değeri, $\sqrt{A}$ sayısının rakine değeridir. Buna göre, $\sqrt{72}$ sayısının rakine değeri aşağıdakilerden hangisidir?",54,70,64,56,68,D
03cea4de-fca0-5f58-883c-97adf20baf32,MATEMATIK,"$\frac{a-2b}{a+b} = \frac{2}{5}$ olduğuna göre, $\frac{a}{b}$ oranı kaçtır?",$\frac{1}{7}$,$\frac{4}{7}$,$\frac{5}{11}$,$\frac{6}{11}$,$\frac{7}{11}$,E
8e17a55b-0a3a-5499-8eaa-d4d0fc3bb7d5,FIZIK,"Dünya atmosferini oluşturan gazların yaklaşık %78'i azot, %21'i oksijen, %1'i de diğer gazlardır. Bu gazlar yaklaşık $40 \text{ km}$ yarıçapında hacme dağılmıştır. Atmosferi oluşturan bu gazların uzayın derinliklerine dağılmadan bir arada durmasının ana sebebi aşağıdakilerden hangisidir?",Gazların öz kütlesinin çok az olması,Atmosfer genişliğinin az olması,Atmosferde çok hafif olan hidrojenin az olması,Gazlara etki eden yer çekimi kuvvetinin gazları atmosferde tutabilecek yeterlilikte olması,Atmosferi oluşturan gazların toplam ağırlığının karasal alana göre fazla olması,D
842efc58-633f-5da0-ab9f-1f382b8badd6,MATEMATIK,Ifadesinin değeri kaçtır? $\sqrt{99 \cdot 101 - 1}$,$10$,$99$,$100$,$101$,$102$,C
ade38382-6161-52f2-81f0-c46c4610e534,MATEMATIK,"Gerçel sayılarda tanımlı $f$ ve $g$ fonksiyonları için
$f(x) = x^2 - 9$ ve $g(x) = f(x)$
olduğuna göre, $g(x)$ fonksiyonunun kaç farklı $x$ reel sayısı için türevi yoktur?",0,1,2,3,4,C
9182b20d-8bbf-535f-bcd2-6da0b234e141,MATEMATIK,"$\sqrt[3]{x}+1=5$ olduğuna göre, $x$ kaçtır?",$64$,$27$,$16$,$8$,$4$,A
87e026bb-c83c-53ef-ab3f-0735b2c47ba6,MATEMATIK,"$(a_n) = \{a_1, a_2, ..., a_8\}$ sonlu aritmetik dizisi bir sekizgenin iç açılarından oluşmaktadır. $a_1 = 28^\circ$ olduğuna göre, $a_8$ kaçtır?",$200^\circ$,$212^\circ$,$214^\circ$,$232^\circ$,$242^\circ$,B
d6c476b1-d58f-5145-a49c-dbbb8f1ead40,MATEMATIK,"$A = 1 \cdot 2 \cdot 3 \cdot 4 \cdot ... \cdot 13 \cdot 14$
toplamında her bir terimin birinci çarpanı birer artırılırsa A değeri kaç artar?",36,55,66,78,104,E
0f7b4f0e-fdfa-57a0-86f4-42e267d586d8,KIMYA,"$CH_3COOH$ bileşiği için verilen, I. Yaygın adı sirke ruhudur. II. Sulu çözeltisinin oda koşullarında pH değeri 7'den büyüktür. III. HCl çözeltisi ile nötralleşme tepkimesi verebilir. yargılarından hangileri doğrudur?",Yalnız II,Yalnız III,I ve II,II ve III,Yalnız I,E
a6efc930-5c2b-5c4f-bf26-cd01bdfea5f3,TURKCE,"""Küçük nal"" anlamına gelen nalça; yemeri, çizme gibi ayakkabılara vurulan hafif demir parçalarına verilen isimdir. Osmanlılarda nalçacılar, pabuççu esnafıyla özellikle de çakımların ilişki içinde olduğu esnaflardan biriydi. Osmanlıda dükkânların ürettiği kusurlu ayakkabıları satıcı esnafı tamir eder; nalçacı esnafı da nalçaları. Nalçacı esnafının İstanbul ve çevresinde bulunan dükkânları belirli yerlerde olup İstanbul'un hemen her semtinde yer alan dükkânlardı. Bunlardan başka dükkân açılması nizamı bozulduğu gerekçesiyle yasaktı. İzinsiz dükkân açanlar, çalışmadan men edilerek dükkânları kapatılırdı. Bu olay, alınan belli hükümlerle gerçekleşirdi.
Bu parçadan hareketle aşağıdakilerden hangisine ulaşılabilir?","Pabuççu, eskici ve nalçacı esnafı birbirlerinin sorunlarından uzak durabildikleri oranda iş birliği içinde çalışma becerisi kazanmıştır.",Osmanlıda esnaf teşkilatının düzenli belli kurallarla sağlanmıştır.,"Nalçacıların nalı ve nerede çalışacakları, kendi tercihleriyle doğrultusunda belirlenmiştir.","Osmanlıda esnaf grubu, hangi koşullarda çalışırlarsa çalışsınlar kuralları bozma davranışına hiçbir zaman yönelmemiştir.","Eski dönemlerde esnaflar, sahip oldukları gücün farkına vararak belirli bölgelerde çalışmayı tercih etmişlerdir.",B
6a79cd3e-04f3-5141-a6d5-83305c4e90be,MATEMATIK,$\frac{\sqrt[3]{3^x} - 3^x + 3^x}{\sqrt[6]{6^x} - 6^x + 6^x} = \frac{1}{64}$ olduğuna göre $x$ kaçtır?,12,10,8,7,6,A
c39edece-971b-5ad7-afc2-a06fe294c6fe,MATEMATIK,"Bisiklet almayı çok isteyen Bilge'ye babası; ""Sana söz veriyorum, kumbaranda en az 500 TL olduğu ilk gün o bisikleti almaya gideceğiz."" demiştir. Bunun üzerine Bilge, o günden başlayarak hiç aksatmadan başlangıçta boş olan kumbarasına hafta içi her gün 20 TL, hafta sonu her gün ise 25 TL atmaya başlamıştır. Babası sözünü tutmuş ve bir cumartesi günü Bilge'yi o bisikleti almaya götürmüştür. Buna göre, babası Bilge'ye bu sözü hangi gün söylemiştir?",Pazartesi,Salı,Çarşamba,Perşembe,Cuma,C
0fb76b4a-7d13-528e-b582-0237cfd6fd80,MATEMATIK,"$f(x-2)=x^2+1$ ve $g(x+1)=2x$ olduğuna göre, $f(2)-g(4)$ kaçtır?",5,4,3,2,1,C
d86c8630-016b-52e7-831c-cacf1ace234f,TURKCE,"Laboratuvarda bazı kimyasal maddeler ve çözeltiler, ihtiyaç duyulduğunda seyreltilerek kullanılır. Bunun için bazı çözeltiler stok çözelti diye adlandıracağımız daha yüksek yoğunlukta hazırlanır ve yalnızca ihtiyaç duyulduğunda seyreltilir.
Bu parçada aşağıdaki ses olaylarından hangisi yoktur?",Ünsüz yumuşaması,Ünlü düşmesi,Ünlü daralması,Ünsüz düşmesi,Ünsüz benzeşmesi,D
1c6bd6b4-57af-507e-bdbc-e77b59bfcdda,FIZIK,Aşağıda verilenlerin hangisinde ışığın doğrultusunda diğerlerinden farklı şekilde değişiklik olur?,Periskop,Gözlük,Mikroskop,Fotoğraf makinesi,Dürbün,A
76ec54f7-ec72-5320-8c3e-12471c2e1869,MATEMATIK,"$x$ ve $y$ birer tam sayı olmak üzere,
$-1 \ge x > -9$
$-2 < y \le 3$
olimits
 olduğuna göre, $3x-5y$'nin en küçük değeri kaçtır?",-40,-38,-42,-41,-39,D
7d98887b-9621-5b25-87c0-a90f2127f053,MATEMATIK,"Başlangıçta bir kısmı dolu olan bir deponun, herhangi bir $t$ (saat) anında içindeki suyun yüksekliği (cm) $H(t)$ fonksiyonu ile verilmiştir. Suyun yüksekliğinin değişim hızı $\frac{dH(t)}{dt} = \frac{3t^2+4t}{50}$ olarak verilmiştir. 3 saat sonunda su yüksekliği 50 santimetreye ulaştığına göre, 5 saat sonundaki su yüksekliği kaç santimetredir?",210,200,190,180,170,D
136f5ee5-b358-5991-bff7-031de4909b24,MATEMATIK,"$a$ pozitif gerçek sayı olmak üzere, $f(x) = 3x^2 + a$ eğrisi, $x=1$ ve $x=2$ doğruları ile $x$ ekseni arasında kalan sınırlı bölgenin alanı 15 birimkare olduğuna göre, $a$ kaçtır?",1,$\frac{3}{2}$,2,$\frac{5}{2}$,3,E
987fce01-5307-5ca0-86aa-f0e0e4c7ab27,MATEMATIK,"İki katlı bir dershane ile ilgili aşağıdaki bilgiler verilmiştir.
• Her sınıfta eşit sayıda öğrenci olmak üzere, 1. katta 8 sınıf, 2. katta 11 sınıf bulunmaktadır.
• 1. kattaki erkek öğrenci sayısı, 2. kattaki kız öğrenci sayısına eşittir.
• 2. kattaki erkek öğrenci sayısı, 1. kattaki kız öğrenci sayısının 2 katıdır.
Bu dershanedeki tüm öğrenciler her bir sınıfın tamamı ya da kız ya da erkek öğrencilerden oluşacak ve sınıf mevcutları eşit olacak şekilde yerleştirilseydi tamamı erkek olan sınıf sayısı tamamı kız olan sınıf sayısından kaç fazla olurdu?",1,2,3,4,5,A
2614f979-958f-5015-a0db-e737bd238fcc,FIZIK,"Elektrik yükleri sırasıyla $-q$, $-3q$ ve $+12q$ olan iletken X, Y ve Z küreleri aynı anda birbirlerine dokundurulup, ayrılıyor. Buna göre, X, Y ve Z kürelerinin son yükleri, tablolardakilerden hangileri olabilir?",Yalnız I,Yalnız II,Yalnız III,I ve II,"I, II ve III",E
89ba7b6e-dfd3-5c06-afbc-18ad9b94969f,EDEBIYAT,"Bu akım; 16. yüzyılın sonlarında Fransa'da ortaya çıkmış, eski Grek ve Latin edebiyatlarını örnek almış, akıl ve sağduyuya önem vermiş, gerçeği ve doğayı akıl yoluyla incelemeye çalışmış, doğallığı ve gerçekliği temel almıştır. 16. yüzyılın sonlarından itibaren başlayıp 18. yüzyılın sonuna kadar varlığını devam ettiren ---- diğerleriyle karşılaştırıldığında en uzun ömürlü edebiyat akımıdır. Bu parçada boş bırakılan yere aşağıdakilerden hangisi getirilmelidir?",Klasisizm,Romantizm,Realizm,Natüralizm,Sürrealizm,A
7f83c5fd-198a-5625-ae00-39ef23a0f8a1,MATEMATIK,"$a$ bir gerçek sayı olmak üzere, $x^2+1 \le a$ eşitsizliği ile ilgili aşağıdaki bilgiler verilmektedir: \begin{itemize} \item $x=0$ bu eşitsizliği sağlar. \item $x=4$ bu eşitsizliği sağlamaz. \end{itemize} Buna göre, $a$ sayısının alabileceği değerleri ifade eden en geniş aralık aşağıdakilerden hangisidir?","$[0,4)$","$[0,4]$","$[1,4)$","$[1,5)$","$[1,5]$",D
e929f46b-c3f4-530c-bbde-07f8a2d375d5,MATEMATIK,$\sin^2 {25\pi \over 12} + \sin^2 {5\pi \over 12}$ işleminin sonucu kaçtır?,1,2,3,4,5,A
e17406ce-99f9-58e6-8f69-75f08367474e,TURKCE,"(I) Dostoyevski'nin Moskova'da yaşanmış gerçek bir olaydan etkilenerek yazdığı Cinler romanı; liberal ve örgütçü merkeze alarak Batı düşüncesinin ve ihtilal fikrinin Rus toplumu üzerindeki olumsuz etkilerini anlatır. (II) Dostoyevski bir yandan Cinler romanını yazarken diğer yandan nihilizm, Tanrı ve inanç konularını merkeze alan başka bir roman yazmayı tasarlamış ancak sonradan üzerinde düşündüğü kavramlarla ilgili ayrı bir öyküyü de Cinler romanına eklemiştir. (III) Böylece Cinler milliyetçilik, sosyalizm, nihilizm, Tanrı, aydın-halk ilişkisi gibi konuları ele alan çok katmanlı bir roman hâline gelmiştir. (IV) Romanın temelini oluşturan cinayet öyküsünde Dostoyevski suç ve ceza romanında bireysel yönüyle ele aldığı suç ve ahlak temalarını Cinler'de nihilist bir siyasal grubun öyküsünü anlatarak toplumsal yönüyle irdeler. (V) Siyasal ve toplumsal dönüşümlerin etkisinde kalan bir ulusun mensubu olan Dostoyevski hayatı boyunca geleneksel Rus kimliği ile entelektüel Batılı kimliği arasında sıkışıp kalmıştır. Bu parçadaki numaralanmış cümlelerin hangisinde ""karşılaştırma"" yapılmıştır?",I,II,III,IV,V,D
f6d12191-8c6b-5d02-a665-5eca245d3653,TURKCE,"Muhabir: — — —
Yönetmen: — — —
Bu diyalogda yazar aşağıdaki sorulardan hangisine yanıt vermemiştir?",Şiir ve müziği bir araya getirme çalışmasında size destek olan okurlarınız mısınız?,Çocukluğunuz şiirinizin kaynakları arasında yer alıyor mu?,Sanatınızda yaptığınız yeniliğin benzeri başkaları tarafından daha önce yapılmış mıdır?,Şarkılardaki ritmi yakalayabilmek için hangi tür şiir yazdınız?,Şiirinizin ses ve musiki ile kurduğu bağı açıklar mısınız?,C
25a4569f-0f6e-5eb0-98b0-1fd070b6933a,MATEMATIK,$y=x^3+3x^2-x+2$ eğrisine teğet olan en küçük eğimli doğrunun denklemi aşağıdakilerden hangisidir?,$4x-y-3=0$,$8x+2y-5=0$,$4x+y-1=0$,$4x+y+7=0$,$x+4y-3=0$,D
d5cce0c0-4616-5867-9f1e-54a56aa1a099,KIMYA,"Etil asetilen bileşiği ile ilgili,
I. Uygun koşullarda $H_2O$ katılması sonucu keton oluşur.
II. Amonyaklı $AgNO_3$ sulu çözeltisi ile tepkime verir.
III. $1$ molüne $1$ mol $H_2$ katılması sonucu $1-$ büten oluşur.
ifadelerinden hangileri doğrudur?",Yalnız I,I ve II,I ve III,II ve III,"I, II ve III",B
348479f4-c3a8-5898-ad28-e546d1fcf56c,FIZIK,"Süper iletken malzemeler kritik sıcaklığın altına soğutulduğunda maddenin manyetik alana karşı davranışının değiştiği gözlemlenmiştir.
Meissner etkisi olarak adlandırılan bu gözlemin sonucu aşağıdakilerden hangisidir?",Süper iletken malzemenin elektriksel direnci artar.,Süper iletken malzeme içerisindeki manyetik alan tamamen dışlanır.,"Malzeme, ferromanyetik bir malzeme gibi davranır.",Elektronların hareketi sona erer.,Manyetik alan süper iletken malzemenin içinde yoğunlaşır.,B
f629ec7a-48fb-5574-a662-74cd1d2282f7,MATEMATIK,"$\cos2x - 5\cos x - 2 = 0$ denkleminin $[0, 2\pi)$ aralığında kaç kökü vardır?",0,1,2,3,4,C
c5811144-b694-5416-9b28-d9a4af1255e1,MATEMATIK,"$\lim_{x \to 2} \frac{x^3-ax^2+b}{x^2-x-2} = 4$ limitinin değeri bir gerçek sayıya eşit olduğuna göre, $a-b$ farkı kaçtır?",-1,4,7,9,10,C
ccf7f73d-cd8e-5b47-be3d-f84f4e15c8c4,GEOMETRI,"Dik koordinat düzleminde $y=2x$ doğrusu üzerinde A ve C, $y=-2x$ doğrusu üzerinde B ve D noktaları işaretlenerek köşeleri bu noktalar olan ABCD paralelkenarı çiziliyor. Köşegenlerinin kesim noktası orijinde olan bu paralelkenarın A ve B köşelerinden geçen doğrunun eğimi $-\frac{1}{2}$ olduğuna göre, A ve D köşelerinden geçen doğrunun eğimi kaçtır?",-17,$-\frac{49}{3}$,-15,-14,$-\frac{27}{2}$,B
b5675572-2742-5e57-b96a-0e91c2567bfc,KIMYA,Aşağıdaki maddeler ile ilgili verilen bilgilerden hangisi yanlıştır?,Plastik: Çok uzun yıllar doğada parçalanmadan kalabilir.,"CO
$_2$: Küresel ısınmaya neden olur.",DDT: Tarımsal mücadelede böcek öldürmek amacıyla kullanılan bir toprak kirleticidir.,Pb: Toksik özellik gösteren ağır metallerden biridir.,"NH
$_3$: Organik su kirleticilerinden biridir.",E
615a0063-2157-5049-92e3-978ba2927958,KIMYA,"$Cu^{2+}_{(suda)} + 2e^- \to Cu_{(k)} \quad E^o = X \text{ volt}$
$Fe^{2+}_{(suda)} + 2e^- \to Fe_{(k)} \quad E^o = -0,44 \text{ volt}$
İndirgenme yarı tepkimeleri verilen
$Fe_{(k)} + Cu^{2+}_{(suda)} \to Fe^{2+}_{(suda)} + Cu_{(k)}$
tepkimesinin pil potansiyeli $+0,78$ volttur.
Buna göre X kaçtır?","$-0,34$","$+0,34$","$+0,44$","$+1,22$","$+1,44$",B
93e19b17-085a-588b-9ea6-292df9bc6119,MATEMATIK,"$125^x - 25^x = 5^x \cdot 4$ olduğuna göre, $x$ kaçtır?",11,12,13,14,15,D
79d7faa9-ca81-51ca-9904-bfa9fda9282b,TURKCE,Hayatta çalışmaktan hiç korkmadım ama yaşlanmak zor iş. Her gün yeniden kurulan dünyaya biraz daha eskimiş olarak uyanıveriyor kendi içinde insan. Bu parçayla ilgili olarak aşağıdakilerden hangisi söylenemez?,İsim ve fiil cümleleri vardır.,Tezlik fiili kullanılmıştır.,İsimden fiil yapan ek vardır.,Geçişli yüklem vardır.,Dönüşlülük zamiri kullanılmıştır.,D
619edf61-2e6f-504f-92d1-5c2431fac0ef,MATEMATIK,"a sayısının 2 katı ile b sayısının 3 katının toplamı 37, a sayısının 3 katı ile b sayısının 2 katının toplamı 28'dir. Buna göre, $a+b$ toplamı kaçtır?",17,16,15,14,13,E
85cbc35d-72f5-563e-ad41-48631ccf6c74,MATEMATIK,$\frac{83^2-55^2}{56-69}$ ifadesi aşağıdakilerden hangisine eşittir?,$\frac{1}{4}$,1,$\frac{1}{2}$,2,$\frac{3}{8}$,B
a7641b0e-39b2-55ef-92f9-6f12b8e846a3,MATEMATIK,"$a$ ile $b$ pozitif tam sayılar ve $a < b$ olmak üzere, $S_b^a : (a, b)$ açık aralığındaki tam sayı adedi olarak tanımlanıyor. Örneğin, $(1, 4)$ açık aralığında $2$ tane tam sayı olduğu için $S_4^1 = 2$'dir. Pozitif $m$ ve $n$ tam sayıları için $S_m^n = m+1$ $S_n^{2n} = 2n$ olduğuna göre, $S_m^n$ kaçtır?",2,3,4,5,6,C
1750e51b-873f-554c-b282-6ffa25ff19df,MATEMATIK,"$A = (4 - \sqrt{15})^{\frac{1}{4}} + (4 + \sqrt{15})^{\frac{1}{4}}$ sayısı veriliyor. Buna göre, I. A irrasyonel sayıdır. II. $A^2$ rasyonel sayıdır. III. $A^4 + 2$ asal sayıdır. ifadelerinden hangileri doğrudur?",Yalnız I,Yalnız II,I ve II,II ve III,"I, II ve III",E
4583b7d6-6a1f-55ea-896b-8f6ebcdea40e,MATEMATIK,$x^2 + 3x - 1 = 0$ denkleminin köklerinden biri $p$ dir. Buna göre $-p(p+1)-(p+2)(p-3)$ ifadesinin değeri kaçtır?,2,3,4,5,6,C
d0e634e8-a739-506a-8846-18ec582d1a4c,EDEBIYAT,"I. Güngör Dilmen - Absürd tiyatro
II. Ahmet Mithat Efendi - Tanzimat tiyatrosu
III. Müfit Ratip - Fecriati tiyatrosu
IV. Melih Cevdet Anday - Epik tiyatro
V. Musahipzade Celal - Absürd tiyatro
VI. Mehmet Rauf - Servetifünun tiyatrosu
Yukarıda numaralanmış ""tiyatro yazarı-gelenek"" eşleştirmelerinden hangileri yanlıştır?",I ve II,II ve III,III ve IV,IV ve V,V ve VI,D
b5724326-d59a-5808-9ace-d5decb394c7d,MATEMATIK,"Aşağıdaki soruyu çözmek isteyen Eren tahtadaki toplama $(+)$ işlemlerini yanlış düşünerek çarpma $(x)$ işlemi yapıyor.
Buna göre, Eren'in bulacağı sonuç doğru sonucun kaç katıdır?",18,27,$2 \cdot 3^3$,$3^3$,$2 \cdot 3^5$,B
ccd965f8-926f-5831-8e0e-8683fca3c993,KIMYA,"4 litrelik sabit hacimli kapta gerçekleşen $2N_{2(g)} + 5O_{2(g)} \rightarrow 2N_2O_{5(g)}$ tepkimesine göre, $O_2$'nin mol sayısı 180 saniyede $8.10^{-3}$ molden $2.10^{-3}$ mole düşüyor. Buna göre, $N_2O_5$'in ortalama oluşma hızı kaç $\frac{M}{dak}$'dır?",$1.10^{-4}$,$2.10^{-4}$,$2.10^{-5}$,$2.10^{-2}$,$4.10^{-2}$,B
8f65a16d-1268-5d23-ad3e-8fe5aa9e2b36,MATEMATIK,"a ve b tam sayı olmak üzere, $5a+3$ tek sayı, $b-8$ çift sayı olarak veriliyor. Buna göre, I. $a \cdot b$ II. $a+b$ III. $a^b$ ifadelerinden hangileri kesinlikle çift sayıdır?",Yalnız I,Yalnız III,I ve II,II ve III,"I, II ve III",C
e219c884-24a3-5c25-9085-4647e50af44e,MATEMATIK,"$a+b-c=5$
$3a+b-c=7$
olduğuna göre, $2c-b$ işleminin sonucu kaçtır?",-1,3,6,10,11,A
a9a903dd-6773-5a7f-9770-a6879fbf1d7c,MATEMATIK,"Şeker oranı %20 olan $100$ gram şekerli su ile şeker oranı %35 olan bir miktar şekerli su karıştırılıyor. Yeni karışımın şeker yüzdesi %30 olduğuna göre, eklenen karışım kaç gramdır?",150,175,200,240,250,C
84f4f709-96bc-587a-b2ea-d12716ac2626,TARIH,"Osmanlı Devleti padişahlarının bey, han, hakan, sultan, emir, halife gibi ünvanları kullanmalarından hareketle,
I. Türk töresine bağlı kalınmıştır.
II. Farklı kültürlerden etkilenilmiştir.
III. İslam kültürü benimsenmiştir.
yargılarından hangilerine ulaşılabilir?",Yalnız I,I ve II,I ve III,II ve III,"I, II ve III",E
68ec4dd6-c4bd-54f2-ad97-dbc511d53524,MATEMATIK,"$P(x)$ polinomunun $(x-3)^2$ ile bölümünden kalan $(4-x)$ olduğuna göre, $P(x)$'in $(x-3)$ ile bölümünden kalan kaçtır?",2,6,4,3,1,E
200df9d2-0e39-5f0c-bcbd-db052cb2622b,MATEMATIK,"$\frac{1}{2}, \frac{1}{4}, \frac{1}{6}, \frac{1}{8}, \frac{1}{10}, \frac{1}{12}$ sayılarından hangi iki rasyonel sayı atılırsa, geriye kalan rasyonel sayıların toplamı $1$ olur?",$\frac{1}{2}$ ve $\frac{1}{4}$,$\frac{1}{4}$ ve $\frac{1}{8}$,$\frac{1}{6}$ ve $\frac{1}{10}$,$\frac{1}{8}$ ve $\frac{1}{12}$,$\frac{1}{10}$ ve $\frac{1}{12}$,C
0baf04a1-281b-571b-835e-2df7fe54162b,KIMYA,"$n=4$ ve $l=2$ kuantum sayılarına sahip orbital ile ilgili,
I. Spin kuantum sayısı ($m_s$) $\frac{1}{2}$ olan en fazla 7 elektron içerir.
II. 4d orbitalini gösterir.
III. Manyetik kuantum sayısı ($m_l$) -3 olan orbitaldir.
yargılarından hangileri doğrudur?
($n$: Baş kuantum sayısı, $l$: Açısal momentum kuantum sayısı)",Yalnız I,Yalnız II,Yalnız III,I ve II,"I, II ve III",B
78e308d2-bc2f-5ec6-812d-a661ab7f35a9,MATEMATIK,$\lim_{x \to -3} (x^2+2x+1)$ ifadesinin değeri kaçtır?,-7,-3,0,4,9,D
d00a4c43-5ca4-5ac3-bd76-a9dcb294d19e,EDEBIYAT,"Osmanlı Türkçesinin her türlü duygu ve hayal inceliğini anlatmaya elverişli bir şiir dili olarak görülmesi, şairlerin gittikçe Türkçeden uzaklaşmalarına yol açmıştır. Bu durumdan kaygılanan bazı şairler, salt Türkçe şiirler yazmaya yönelmişlerdir. 15. asırda ---- başlattığı çabalar, bu yüzyılda ---- ve ---- ile Türkçecilik (Sade Türkçecilik) akımına dönüşmüştür. Ancak, bu şairlerin görece güçsüz sanatçılar olması sebebiyle sade Türkçecilik, büyük şairlerce kabul görmemiştir.
Bu parçada boş bırakılan yerlere sırasıyla aşağıdakilerin hangisi verilmelidir?",Aydınlı Visâlî'nin - Tatavlalı Mahremî - Edirneli Nazmî,Âşık Paşa'nın - Genceli Nizamî - Ali Şîr Nevaî,Ahmedî'nin - Ahmed Paşa - Süleyman Çelebi,Necaî'nin - Nailî - Nef'î,Şeyyad Hamza'nın - Hoca Dehhanî - Neşatî,B
10301214-d170-5e84-8f81-ae63dd6d4488,KIMYA,"$X(k) + HNO_3(suda) \rightarrow Tuz + H_2(g)$ tepkimesine göre X metalinin $HNO_3$ ile tepkimesinden $H_2$ gazı açığa çıkıyor. Buna göre, X metali aşağıdakilerden hangisi olamaz?",Al,Mg,Ag,Na,Pb,C
284f39be-8757-53ee-82c7-cccda18d5738,GEOMETRI,"Dik koordinat düzleminde aşağıdakiler bilinmektedir.

* A ve C noktaları $y=x-1$ doğrusu üzerinde bulunmaktadır.
* B ve D noktaları $y=2$ doğrusu üzerinde bulunmaktadır.
* A, B, C ve D noktaları $E(3, 2)$ noktasına eşit uzaklıktadır.
* A noktasının koordinatları $(1, 0)$'dır.

Buna göre; A, B, C ve D noktalarının birleşimiyle elde edilen dörtgensel bölgenin alanı kaç birimkaredir?",$6\sqrt{2}$,$8\sqrt{2}$,$12\sqrt{2}$,$16\sqrt{2}$,$20\sqrt{2}$,D
242a989e-f102-5cd2-a1f9-e2b3b581b9e0,TARIH,"I. Saltanatın kaldırılması, II. Medreselerin kapatılması, III. Maden kömürü işletmelerinin açılması Yukarıdaki verilenlerden hangilerinin yönetim alanında yapılan bir inkılap olduğu söylenebilir?",Yalnız I,Yalnız II,I ve II,I ve III,II ve III,A
4a050dde-80eb-5b2c-9047-a815ab0f5ea3,MATEMATIK,"Gerçek sayılar kümesi üzerinde tanımlı $f$ fonksiyonu $f(x) = \begin{cases} x^2, & x \ge 0 \\ 3x, & x < 0 \end{cases}$ biçiminde tanımlanıyor. Buna göre, I. $f$, gerçek sayılar kümesi üzerinde süreklidir. II. $f$, fonksiyonu artandır. III. $f$, fonksiyonunun tersi de fonksiyondur. ifadelerinden hangileri daima doğrudur?",Yalnız I,Yalnız II,I ve III,II ve III,"I, II ve III",A
0b30ab76-8815-5f01-9ec5-b49c4b2e1fae,MATEMATIK,"$A$ ve $B$ pozitif tam sayılarının $EBOB$'u $12$ ve $EKOK$'u $360$'tır. Buna göre, kaç farklı $(A, B)$ ikilisi yazılabilir?",4,5,6,7,8,E
b17956f7-2b4b-592d-945a-7b8108cea90e,MATEMATIK,"Eşitsizlik sisteminin çözüm kümesi aşağıdakilerden hangisidir?
$x^2 < 4$
$x^2 - 5x \le 0$","$[0, 2)$","$[0, 5]$","$[2, 5]$","$[-2, 5]$","$R - [-2, 2]$",A
be54a14d-8ad6-5c63-a55d-bbd57292d3c9,MATEMATIK,"integralinin sonucu aşağıdaki aralıkların hangisinde bulunur?
$\int_{1}^{2} \sqrt[3]{x^2} dx$","$[0, 2)$","$[2, 6)$","$[7, 8)$","$[8, 9]$","$[3, 1]$",A
4991122e-0c9d-597b-a926-ecad0a6612a4,MATEMATIK,"Leyla, kurutmak amacıyla bir miktar yaş incir ve yaş üzüm aldığında $2 \text{ kg}$ yaş üzüm almıştır. Yaş incir kurutulduğunda ağırlığı $\frac{1}{7}$ oranında, yaş üzüm kurutulduğunda ağırlığı $\frac{1}{4}$ oranında azalıyor. Leyla, incir ve üzümleri kuruttuktan sonra toplam $12 \text{ kg}$ kuru meyve elde ettiğine göre, kaç kg yaş üzüm almıştır?",7,8,10,12,14,B
7f32c633-2cf9-5c48-8285-f72fa1cdad5f,MATEMATIK,"Aşağıdaki kutuların içine 1, 2, 6, 8, 9 sayıları her kutuda farklı bir sayı olacak biçimde yerleştiriliyor.
$A = \frac{\square + \square}{\square} - \square \cdot \square$
Buna göre, $A$ sayısının alabileceği en büyük tam sayı değeri kaçtır?",42,58,75,80,82,C
a78aec02-4ff1-552b-bf93-ee11041922ba,MATEMATIK,$\cot\left(\frac{33\pi}{4}\right) + \sec\left(\frac{19\pi}{3}\right)$ toplamının sonucu kaçtır?,-3,$-\sqrt{3}$,0,$\sqrt{3}$,3,E
c472c068-fa4e-5e86-b85d-1e31d2867e7b,KIMYA,"Sabit hacimli kapta gaz fazında gerçekleşen denge tepkimesi verilmiştir.
$SO_{2(g)} + O_{2(g)} \rightleftharpoons SO_{3(g)}$
Bu tepkime için;
I. $K_c = \frac{[SO_3]}{[SO_2][O_2]}$
II. $K_p = K_c(RT)$
III. $TH_{denge} = k \cdot [SO][O_2]$
yazılan eşitliklerden hangileri doğrudur?","I, II ve III",I ve II,II ve III,Yalnız II,Yalnız III,D
268a557e-fc5b-5ac8-9586-826996e9c601,FIZIK,"Bir diyot doğru polarlanırsa (P tipi yarı iletken kısmı üretecin pozitif kutbuna, N tipi yarı iletken kısmı negatif kısmına bağlanırsa), iletim sırasında yük taşıyıcılarının hareket yönü için aşağıdakilerden hangisi doğru olur?",Oyuklar N bölgesinden P bölgesine doğru hareket eder.,Elektronlar P bölgesinden N bölgesine doğru hareket eder.,"Oyuklar birleşme bölgesinden uzaklaşır, iletkenlik sadece elektronlar aracılığı ile gerçekleşir.","Elektronlar birleşme bölgesinden uzaklaşır, iletkenlik sadece oyuklar aracılığı ile gerçekleşir.","Elektronlar N bölgesinden P bölgesine, oyuklar P bölgesinden N bölgesine doğru hareket eder.",E
adc3596b-f27f-5cac-b2a4-8457c834e92e,MATEMATIK,$$\int_{1}^{4} \frac{x - 4}{\sqrt{x} + 2} dx$$ integralinin değeri kaçtır?,$-\frac{4}{3}$,$-\frac{1}{2}$,$\frac{1}{2}$,$\frac{4}{3}$,2,A
b1a55fb0-6cae-5f50-bedc-2c2da024e3c7,FIZIK,"Siyah cisim ışıması ile ilgili olarak,
I. İdeal siyah cisim üzerine düşen tüm ışınları soğurur.
II. Cismin sıcaklığı arttıkça maksimum şiddette yaydığı ışığın dalga boyu kısalır.
III. Siyah cisim ışıması ışığın tanecik modeli ile açıklanır.
yargılarından hangileri doğrudur?",Yalnız I,Yalnız II,I ve II,I ve III,"I, II ve III",C
dbce3e2f-74c0-5c7c-9610-8ba7797052c6,MATEMATIK,"$(a_n)$ genel sayılar dizisi her $n$ pozitif tam sayısı için
$a_{n-1} = \frac{(-1)^n \cdot a_n}{n}$
olimits
eşitliğini sağlamaktadır.
$a_5 = 5!$ olduğuna göre, $a_1$ kaçtır?",$2!$,$3!$,$4!$,$5!$,$6!$,C
fef941b5-91db-5bed-9eb0-4bb279623e98,MATEMATIK,"$\log_2 2^a = a$, $\log_3 54 = b$ olduğuna göre, $a$ ile $b$ arasındaki bağıntı aşağıdakilerden hangisidir?",$b(a-1)=1$,$b(1-a)=3$,$a(b-1)=1$,$a(b-1)=3$,$b(1+a)=3$,B
de0532b0-71f3-5315-b946-a06cc924f035,KIMYA,"273 °C sabit sıcaklık ve 22,4 litrelik sabit hacimli kapta bir miktar $NaHCO_3$ katısı,
$2NaHCO_3(k) \rightleftharpoons Na_2CO_3(k) + H_2O(g) + CO_2(g)$
denklemine göre ayrışıp sistem dengeye geldiğinde $CO_2$ gazının mol sayısı 2 oluyor.
Buna göre, tepkimenin 273 °C sıcaklıktaki kısmi basınçlar türünden denge sabiti $(K_p)$ kaçtır?",1,2,4,16,32,C
bf1c6809-077b-5410-becd-b850b628fe72,MATEMATIK,"Üç farklı renkte boncukların bulunduğu bir torbadaki boncukların $\frac{3}{8}$'ü mavi, $\frac{2}{5}$'i kırmızı ve 16 tanesi sarıdır. Buna göre, bu torbada kaç tane kırmızı boncuk vardır?",12,18,20,24,28,D
2e562215-d5b7-5fd5-9bc7-06281d28c0e6,MATEMATIK,"Bir üniversite öğrencisi okuduğu fakültenin iki bölümden oluşan sınavında soru çözümüne 3 saat zaman ayırmıştır.
• Öğrenci birinci bölümde çözdüğü sorular için 15'er dakika, ikinci bölümde çözdüğü sorular için 25'er dakika zaman harcamıştır.
• Öğrenci birinci bölümden en az iki, ikinci bölümden en az üç soru çözerek toplamda 10 soru çözmüştür.
Buna göre, öğrencinin birinci ve ikinci bölümden çözdüğü soru sayılarının farkının mutlak değeri kaçtır?",2,3,4,5,6,A
cd55910a-9f31-5faf-bf1e-97ceb4911399,TURKCE,"Deyimlerin bir kısmı gözle ilgilidir. Örneğin gözü ısırmak
I
deyimiyle o kişiyi daha önce görmüş olduğumuzu ve
tanıdığımızı anlatmak isteriz. Gözü dönmek deyimi, aşırı
II
istek veya öfke nedeniyle kişinin saldıracak duruma
gelmesini belirtir. Göz kulak olmak, bir kimseyi veya
III
nesneyi görüp gözetmek durumunu belirtir.
Gözden düşmek, bir iş veya durumu dikkatinden
IV
kaçırmak eylemini gösterir. Göz açtırmamak ise birinin bir
V
başka iş yapmasına fırsat vermemeyi ifade eder.
Bu parçada numaralanmış deyimlerden hangisinin açıklaması yanlıştır?",I,II,III,IV,V,D
3d6c69cd-a186-5f77-8f73-c3530b1ede88,FIZIK,"Fizik bilimi, evrende bulunan galaksiler arasındaki ilişki ile galaksilerde bulunan gezegen ve yıldızlar arasındaki ilişkileri inceler. Bunun yanında fizik bilimi atomun yapısı ve atom altı parçacıklarını araştırır.
Bu metinde yer alan sınırlandırmış fizik bilimi içeriği, fizik bilimi ile doğrudan ilgilenmeyen insanların zihninde fizik bilimine ait çeşitli ön yargıları barındırmaktadır.
Buna göre,
I. Fizik bilimi, anlaşılmaz soyut kavramlar ile ilgilenir.
II. Fizik sadece bilim insanlarının uğraşları arasında yer alan günlük yaşamda karşılaşamayacağımız düzeyde karmaşık bir bilim dalıdır.
III. Fizik bilimi karmaşık formül ve denklemlerden oluşan bir alan olduğu için her bireyin algılayabileceği bir alan değildir.
ifadelerinden hangileri fizik bilimi konusunda insanların sahip olduğu ön yargılardan olabilir?",Yalnız I,Yalnız II,Yalnız III,I ve II,"I, II ve III",E
1fbae2ca-2cf9-527f-99d9-684dce779bf9,KIMYA,Aşağıda verilen maddelerden hangisi asit veya baz özelliği göstermez?,Sabun,Sirke,Diş macunu,Sofra tuzu,Limon,D
043e8b73-9bce-5b7b-ad6a-82cfc50141be,FIZIK,"Yarı iletkenler ve süper iletkenler ile ilgili;
I. Tek cins atomlardan oluşma,
II. Fiziki şartlara göre iletkenlik özelliğinde değişme,
III. Diyamaneytik özellik gösterme
özelliklerinden hangileri ortaktır?",Yalnız I,Yalnız II,Yalnız III,I ve II,II ve III,B
0b309071-f494-523f-a3d4-3e64cfc39783,MATEMATIK,"Gökçen Öğretmen, matematik dersinde şöyle bir tanım yapmıştır: ""Gerçek sayılar kümesi üzerinde tanımlı bir $f$ fonksiyonu, her $x$ gerçek sayısı için $f(f(x))=x$ eşitliğini sağlıyorsa bu fonksiyona çetin fonksiyon denir."" Buna göre, gerçek sayılar kümesi üzerinde tanımlı \begin{itemize} \item I. $f(x)=1-x$ \item II. $f(x)=-x$ \item III. $f(x)=x-1$ \end{itemize} fonksiyonlarından hangileri bir çetin fonksiyondur?",Yalnız I,Yalnız II,Yalnız III,I ve II,II ve III,D
a0c37deb-8175-50fd-85ac-8fd613e2def1,MATEMATIK,"$a, b$ ve $c$ farklı gerçek sayılar olmak üzere,
• $x^2 + (a+b)x + 2b + 3c = 0$
• $x^2 + (a+c)x + b + 4c = 0$
denklemlerinin ortak bir kökü bulunmaktadır. Buna göre, $3c+b-a$ ifadesinin değeri kaçtır?",-2,-1,0,1,2,C
6df2957a-082c-50fb-bb02-cbb156b28035,MATEMATIK,$ 1 \le x < 2 $ ve $ -3 \le y \le -1 $ olduğuna göre $ \frac{1}{x} - \frac{1}{y} $ ifadesinin alabileceği en küçük tam sayı değeri kaçtır?,-1,0,1,2,3,E
c48cc94d-1fee-583b-9004-d85ee7ce0322,MATEMATIK,"$(a_n)$ bir aritmetik dizi olmak üzere, $a_3-a_1=6$ ve $a_n=29$ eşitlikleri veriliyor. Buna göre, $a_k$ kaçtır?",4,3,$\frac{5}{2}$,2,1,D
1737acda-7d12-58c1-8cef-67955b77e91d,MATEMATIK,"Bir yayınevi tanıtım amacıyla öğretmenlere ve müdürlere ajanda, kalem ve takvim hediye etmektedir.
Bu yayınevi;
* her bir öğretmene bir ajanda ve bir kalem,
* her bir müdüre ise bir ajanda, bir kalem ve bir takvim hediye etmektedir.
Bu yayınevi bir günde $250$ kişiye toplam $560$ adet ajanda, kalem veya takvim hediye etmiştir.
Buna göre, hediye alan öğretmen sayısı müdür sayısından kaç fazladır?",100,110,120,130,140,B
76fda84c-347a-500d-a3a4-6e8b5fa9b8ea,MATEMATIK,"$12^{x-6} = 1$ ve $8^{3y-9} = 1$ eşitlikleri veriliyor. Buna göre, $x^y$ ifadesinin eşiti kaçtır?",81,64,27,16,12,C
282620db-20b3-5034-9136-425cbc0f135e,MATEMATIK,"Derya, dikdörtgen biçiminde bir panoya, kısa kenar uzunlukları birbirine eşit olan kırmızı, sarı ve mavi renkli dikdörtgenleri uzun kenarları panonun alt kenarına paralel olacak ve aralarında boşluk olmayacak biçimde uç uca birleştirdiğinde her bir sıra için aşağıdaki gibi üç farklı yerleşimden birini yapabiliyor.

Derya, her bir sıra için bu üç yerleşim düzeninden birini kullanarak toplam $148$ tane dikdörtgeni panoya yerleştirdiğinde pano tamamen doluyor ve en az bir tane kırmızı renkli dikdörtgen içeren $37$ sıra, en az bir tane sarı renkli dikdörtgen içeren $32$ sıra olduğunu hesaplıyor.
Buna göre, son durumda panoda toplam kaç tane mavi renkli dikdörtgen vardır?",28,26,24,20,18,C
015eca4a-e6ed-59e6-9792-2bd4e8f9f176,FIZIK,"Elektrik yükleri atomun yapısından kaynaklanmaktadır. Elektrik yüklerinin birbiriyle etkileşmesi sonucunda dokunma ile elektriklenme, etki ile elektriklenme ve sürtünme ile elektriklenme olayları meydana gelir.
Buna göre,
I. Yürüyen merdivenden inerken yandaki siyah yalıtkan yüzeye elimizi temas ettirdiğimizde elimizin yüklenmesi
II. Bulutlarda yük birikmesi
III. Cama sürtülen balonun yüklenmesi
olaylarından hangileri sürtünme ile elektriklenme sonucunda oluşmuştur?",Yalnız I,Yalnız II,Yalnız III,I ve III,"I, II ve III",D
189d0c96-5184-5d10-8f1f-12a589dd518e,MATEMATIK,"Gerçek sayılar üzerinde tanımlı $f(x) = \frac{(a-3)x+4}{(2a-4)x-4}$ fonksiyonu veriliyor. Buna göre, $f(-8)$ kaçtır?",-3,-2,1,2,8,E
938510b2-e600-549f-a9f0-d37546272b9c,KIMYA,"Tek basamakta gerçekleşen, $2NO_{(g)} + O_{2(g)} \rightarrow N_2O_{4(g)}$ denklemi verilen tepkime ile ilgili, I. Hız denklemi $k.[NO]^2.[O_2]$ şeklindedir. II. Homojen bir tepkimedir. III. Sıcaklık artırılırsa hız sabiti $(k)$ değeri artar. IV. Aynı sıcaklıkta kap hacmi artırılırsa tepkimenin başlangıç hızı azalır. yargılarından hangileri doğrudur?",I ve II,I ve III,I ve IV,II ve III,"I, II, III ve IV",E
d379bc57-3685-5bab-adc6-ba958c9d26e0,TARIH,"Osmanlı Devleti I. Dünya Savaşı devam ederken 1878 yılında Çarlık Rusya'ya bırakmak zorunda kaldığı Kars, Ardahan ve Batum'u aşağıdaki hangi antlaşma ile geri almayı başarmıştır?",İstanbul Antlaşması,Uşi Antlaşması,Atina Antlaşması,Berlin Antlaşması,Brest-Litowsk Antlaşması,E
2189de94-ff48-54db-a179-72a2f400cfd3,EDEBIYAT,"Mersiyeler, bazen tarih tozlu raflarında kalan ama bilim dünyası için önemli sayılacak ayrıntıları da ihtiva eden eserlerdir. Mesela Türk edebiyatında bu türün ilk örneği kabul edilen ve ---- adlı eserde yer alan Alp Er Tunga Sagusu'nda İslam öncesindeki Türklerin yas merasimleri hakkında bilgilere ulaşırız.
Bu parçada boş bırakılan yere aşağıdakilerden hangisi getirilmelidir?",Atabetü'l-Hakayık,Kutadgu Bilig,Dede Korkut Kitabı,Divanü Lügati't-Türk,Divan-ı Hikmet,A
64ddbfb8-829e-5d23-9752-6ccc33822ba0,GEOMETRI,"Dik koordinat düzleminde $A(1, 1)$ noktasının
$d_1: x + y - 6 = 0$
$d_2: x - y + 4 = 0$
doğrularına göre simetrisi sırasıyla B ve C noktalarıdır.
Buna göre, $|BC|$ kaç birimdir?",$2\sqrt{5}$,$\sqrt{5}$,$4\sqrt{5}$,$2\sqrt{10}$,$6\sqrt{5}$,C
b3f00d82-b521-571b-a362-efdd94f91a85,MATEMATIK,"$A = \frac{4}{\sqrt{2}}$ ve $B = \frac{1}{\sqrt[3]{3}}$ olduğuna göre, $\frac{1}{72}$ nin A ve B türünden eşiti aşağıdakilerden hangisidir?",$AB^3$,$A^2B^3$,$A^2B^2$,$A^3B^2$,$A^2B^5$,B
aa4d9643-85ff-5a1a-a29a-ae4cfbe5f577,MATEMATIK,"$1,89$ sayısının değerini hesaplamak isteyen Derin aşağıdaki işlemleri yapıyor.
I. $1,899... = A$
II. $18,99... = 10A$
III. $189,99... = 100A$
IV. $100A - 10A = 171$
V. $90A = 171$
$A = \frac{171}{90}$
Buna göre, yukarıda verilen işlem basamaklarıyla ilgili aşağıdakilerden hangisi doğrudur?",I. adımda hata yapılmıştır.,II. adımda hata yapılmıştır.,III. adımda hata yapılmıştır.,IV. adımda hata yapılmıştır.,Yapılan işlemler doğrudur.,A
9d97e162-4b9a-5182-9bb5-98fffa2198d5,MATEMATIK,"$x, y$ ve $z$ asal sayılardır. $x^2-y^2=11$ olduğuna göre, $x+y+z$ toplamı kaçtır?",16,17,18,19,20,E
d088c94f-7581-536a-9b8c-b410365c7220,MATEMATIK,"$\Delta$, $f(x)=0$ denkleminin diskriminantını ifade etmek üzere $\Delta = 6m-1$ eşitliği sağlanmaktadır. $f(x) = x^2+mx-m$ olduğuna göre; $f(x)=0$ denklemini sağlayan $x$ değerlerinden büyük olanı, küçük olandan kaç fazladır?",$\sqrt{3}$,$2\sqrt{3}$,$2\sqrt{5}$,$\sqrt{5}$,2,C
52fb3eed-dff2-5325-a33a-59873f8b86d9,MATEMATIK,"$x^2 - (m+1)x + m = 0$ denkleminin kökleri ardışık tek tam sayılardır. Buna göre, I. $-1$ II. $1$ III. $3$ sayılarından hangileri kesinlikle bu denklemin bir köküdür?",Yalnız I,Yalnız II,Yalnız III,I ve II,II ve III,A
034a80b2-bde3-5502-8036-6b747eb9566e,TURKCE,"(I) Turist akınına uğrayan bu kasaba bir cennet bahçesi gibi eşsiz güzellikler barındırıyordu. (II) Ancak ülkemizin cennet mi cennet bu köşesi yıllarca ihmal edilmişti. (III) Burayı görünce yıllar önceki hâli aklıma geldi. (IV) Her şeye rağmen hâlâ yemyeşil ve hâlâ çok güzeldi. (V) Ancak mutlaka birilerinin tercih edilen yerlerden başka böyle yerleri de güzelleştirmesi gerekiyordu.
Bu parçada numaralanmış cümlelerin hangisinde edat yoktur?",I,II,III,IV,V,C
f42899dd-1602-5e29-acf1-5990303fb353,MATEMATIK,"$P(x)$ ve $Q(x)$ polinomları ile ilgili, $P(x+2) = Q(x^2) - 2 \cdot Q(x+2)$ eşitliği verilmiştir. $Q(x^2+2x+1)$ polinomunun katsayılar toplamı $3$ olduğuna göre, $P(x+2)$ polinomunun sabit terimi kaçtır?",5,6,7,8,9,C
f2e6bdfb-a78f-579e-a5d5-09b5e5fdf41b,MATEMATIK,"Buket'in kitaplığında fizik, Türkçe ve matematik branşlarından toplam 10 adet kitap vardır. Bu kitapların bir kısmı soru bankası ve kalan kısmı konu anlatımlı kitaplardır. Yukarıdaki tabloda her branşın kategorisine göre kitap sayısı verilmiştir. Kitaplıktan biri soru bankası diğeri konu anlatımlı kitap olmak üzere toplam iki kitap seçmek isteyen Buket'in 24 farklı seçeneği olduğuna göre, $x$'in alabileceği değerlerin toplamı kaçtır?",3,4,5,6,7,C
4460eed9-f587-5402-9bff-c673941943c7,MATEMATIK,$\sin \frac{\pi}{5} \cdot \cos \frac{\pi}{5} - \sin \frac{\pi}{5} \cdot \cos \frac{\pi}{5}$ ifadesinin eşiti aşağıdakilerden hangisidir?,$0$,$1$,$-1$,$\frac{1}{2}$,$-\frac{1}{2}$,A
3b182ded-a5dc-5b32-8f04-951616dabb3b,KIMYA,"I. $_{12}^{24}X^{2+}$
II. $_{12}^{24}Z^{2-}$ 
III. $_{16}^{32}T^{2-}$ 
IV. $_{16}^{32}T^{2+}$
Yukarıda verilen taneciklerden hangilerinin kimyasal özellikleri aynıdır?",Yalnız II,Yalnız III,I ve III,II ve III,"I, II ve III",A
ecda769e-ddd4-5b60-9cd0-0f812dcb4d10,MATEMATIK,"Bir projeyi çalışma hızları aynı olan 3 öğretmen 8 saatte, çalışma hızları aynı olan 4 öğrenci 12 saatte bitirebiliyor. Buna göre, bu projeyi 2 öğretmen ve 2 öğrenci aynı anda başlayarak birlikte kaç saatte bitirebilir?",6,8,9,10,12,B
8517e530-6110-5cbf-a6b4-9024b6a85bfa,EDEBIYAT,"Nesnel gerçekliğin olduğu gibi yansıtılmasına karşı olan sanatçılar, realizme ve natüralizme dolayısıyla pozitivizme tepki göstermişlerdir. Bu akımda nesneler olduğu gibi değil olmaları gerektiği gibi yansıtılır. Yani sanatçı, soyutlama ve imgelemeden nesnelerin kendisini değil onun özünü verir. Dışarıdan görünen gerçek, özgün olamaz. Gerçek, içimizdedir ve içimizden dışımıza yansır. Gerçek, asıl ve özgün gerçektir, sanatçı, gerçeği içinde bulmalıdır. Ayrıca empresyonizmin ""dıştan içe"" algılama biçimine de karşı çıkarlar. Onlar için ""içten dışa"" bir yansıtma biçimi esastır. Genel olarak duygu ve coşkuya önem veren bu akım, diğer bir deyişle ""modernizm"" anlayışının da hareket noktası olmuştur. Bu bağlamda geleneksel anlatımların yerine yeni anlatım biçimleri geliştirmişlerdir. ""Sürüm, düğüm, çözüm"" planını bozan sanatçılar ""fantastik"" anlatımlara yönelmiş, soyutlamalar yapmışlardır. Akutagawa'yı büyük sayan Franz Kafka'nın ""Dava"", ""Şato"" ve ""Dönüşüm"" gibi eserleri bizim modern ve postmodern romancılarımızı çok etkilemiştir. Ayrıca İngiliz romancı James Joyce'un ""Ulysses"" romanı, imgeli anlatımın başyapıtı olarak bunların beslenme kaynağıdır. O'Neill ve Eliot ise Amerikan edebiyatında bu akımın öncüleridir.
Bu parçada anlatılan ve 20. yüzyılın başlarında egemen olan akım aşağıdakilerden hangisidir?",Kübizm (somutçuluk),Ekspresyonizm (dışa vurumculuk),Egzistansiyalizm (varoluşçuluk),Sürrealizm (gerçeküstücülük),Dadaizm (kuralsızlık),B
06332f0d-d718-56cb-b7b5-be86fdadd1fd,EDEBIYAT,"19. yüzyılın sonlarında Fransa'da romantizme tepki olarak ortaya çıkmıştır. Bu akım, 20. yüzyıl edebiyatının önemli ölçüde etkilemiştir. Sembolizm, geleneksel Fransız şiirini hem teknik hem de tema açısından belirleyen katı kurallara bir tepki olarak doğar. Sembolistler, duygu ve heyecanları sembolik kelimelerin müziğiyle anlatmaya çalışır. Sembolistler; alışılmamış, yepyeni birtakım imge ve düşünceleri anlatmak için de yeni yeni sözcükler kullanma yoluna gitmiştir.
Bu parçada altı çizili ifadelerin hangisinde sembolizm akımıyla ilgili bilgi yanlışı yapılmıştır?",I,II,III,IV,V,A
7a74ee82-d49d-57ba-9a0f-6b53e842d9b3,MATEMATIK,$3\left(\frac{x}{1}-\frac{7}{1}\right)=\frac{x-4}{3}$ olduğuna göre $\frac{3x+1}{x-1}+\frac{x-1}{x-3}$ toplamının değeri kaçtır?,5,4,3,2,1,E
f3318c8b-c76b-5f37-a995-b271c205c5ee,MATEMATIK,"$i^2=-1$ olmak üzere, $z=(\sqrt{16}+\sqrt{-4}-\sqrt{-9})$ karmaşık sayısı veriliyor. Buna göre, $Im(z)$ kaçtır?",2,-2,-1,1,0,C
ad27e186-3a0e-5583-bf5f-fca67ac38d47,MATEMATIK,"Bir işçi, taşıması gereken kolilerin önce $\frac{4}{9}$'unu taşıyor. Sonra $32$ koli daha taşırsa geriye kalan koli sayısı, tüm kolilerin $\frac{1}{3}$'ü oluyor. Buna göre, işçinin taşıması gereken kaç koli daha vardır?",42,45,48,51,54,C
6612a96e-99c9-58ed-80f8-14f78a21f63f,MATEMATIK,"Gerçek sayılar kümesi üzerinde tanımlı $f(x)=x^2$ fonksiyonunun $[a, 2]$ aralığındaki ortalama değişim oranı 12 olduğuna göre, $a$ kaçtır?",-4,-2,-1,2,3,A
06ba3f42-7ece-536e-a41f-5ca655ccef3f,KIMYA,".................. enerji düzeylerinin de alt enerji düzeyleri ne ayrılığını gösterir.
Yukarıdaki cümlede boş bırakılan yere aşağıdakilerden hangisi getirildiğinde doğru olur?",Açısal momentum kuantum sayısı ($l$),Baş kuantum sayısı ($n$),Manyetik kuantum sayısı ($m_l$),Spin kuantum sayısı ($m_s$),Elektron,A
9c018094-fefe-5cc8-b03c-6a565dbf577b,TURKCE,"""Dijital amnezi"" insanların ihtiyaç duydukları bilgiye, uygulamalar üzerinden kolaylıkla ulaşabileceklerine inandıkları anda, bilgiyi hafızalarına işlemekten vazgeçme eğiliminde olmaları şeklinde tanımlanan modern çağ sendromudur. Belirli bir yaş grubundaki yüz kişi üzerinde yakın zamanda bu semptomla ilgili bilimsel bir araştırma yapılmıştır. Semptomun görüldüğü kişilerin; aile bireylerinin telefon numaralarını ezberlemedikleri, bankaların şifrelerini, doğum - diyetleri, randevularına bakma gereği duydukları, bildikleri adrese bile dijital uygulamalara gittikleri, haftalık planlar oluşturamadıkları veya kendi el yazılarıyla alışveriş listesi hazırlayamadıkları söz konusu araştırmada tespit edilmiştir. Buna ek olarak güncel ve kültürel konularda kendilerine yöneltilen en basit sorulara cevapları için bile ""Arama motoruna bakmam gerekir."" demeleri, araştırmanın en şaşırtıcı bulgusudur.
Aşağıdakilerden hangisi bu parçada söz edilen dijital amnezinin etkilerinden değildir?",Organize etme becerilerinin ortadan kaldırması,Bilgi üretme becerilerini sınırlandırması,Kişinin hatırlama gücünü zayıflatması,Kişisel hafızaya duyulan güveni sarsması,Bilgiyi bellekte tutma gereksinimini azaltması,B
01f358de-a83b-54df-acdf-34eecc81dcf1,MATEMATIK,"$a > 0$ olmak üzere, $-7 < ax + b < 9$ eşitsizliğinin en geniş çözüm kümesi $(-3, 5)$ olduğuna göre, $a + b$ toplamı kaçtır?",1,2,3,4,5,A
dc581a59-d028-51cf-9f4a-0933afb3137e,EDEBIYAT,Aşağıdaki açıklamalardan hangisi ayraçta verilen mesnevi ile örtüşmemektedir?,"Eser, Hüdhüd adlı ermiş ve bilgili kuşun yol göstermesiyle tüm kuşların Anka (Simurg) denen efsanevi kuşu arayışlarını alegorik bir şekilde ele almıştır. (Mantıku't Tayr)",Olgun insan olmayı öğütleyen didaktik bir eserdir. Eserde ahlak ve din konusu ele alınır. (Garipname),"Osmanlı padişahları, İskender'in yaşamı; tıp, astronomi, felsefe ile ilgili bilgiler içeren on bin beyitlik mesnevidir. (İskendername)",Mecazi bir aşkın çöllere düşürdüğü kişinin aşkının tasavvufi bir aşka dönüşmesini anlatan eserdir. (Hüsn ü Aşk),"Türk edebiyatının fabl örneğinin ilklerinden olan eserde toplumsal yaşama dair eleştiriler vardır. Bu eleştiriler, kısa ve sembolik olarak işlenir. (Harname)",B
42e3f325-6db3-5a76-b889-6deeb5222a2c,TURKCE,"İnsanlık hikâyesini devam ettirip sürdürmemiz gerektiği ve neden devam ettirmemiz gerektiği sorusuna ikna edici bir yanıt, ilk etapta bireysel ve kolektif yaşamı yaşanmaya değer kılan amaçlara yani ahlaki olmayan düşüncelere hitap etmelidir. Herkesin yeterli yiyeceğe sahip olmasını sağlamak, uzaya başka bir sonda göndermekten daha önemli olsa da insanların aç kalmamasını sağlamak insanlık hikâyesini devam ettirmek için bir neden değil; evrenin başka bir yerinde akıllı yaşamın olup olmadığını bulmak ise bir neden olabilir. Bu anlamda ahlaki olmayan nedenler, açıklayıcı olarak ahlaki nedenlerden daha temel düzeydeki ihtiyaçlara yöneliktir. İkincisi daha acil olabilir ancak yalnızca insanlığın öyküsünün devam etmeye değer olduğu varsayımıyla etkilidirler, bu sorunun başka zeminlerde çözülmesi gerekir. Sonuç olarak insanlığın işi hem ahlaki hem de ahlaki olmayan görevleri içerse de insanlık hikâyesini neden devam ettirmemiz gerektiğini açıklayanlar ahlaki olmayanlardır.

Bu parçaya göre aşağıdakilerden hangisi insanlık hikâyesini devam ettirmek için ahlaki olmayan bir nedendir?",Evrenin başka bir yerinde akıllı yaşamın olup olmadığını keşfetmek,İnsanların aç kalmamasını sağlamaya gayret etmek,Dünya üzerindeki tüm eşitsizlikleri ortadan kaldırmayı hedeflemek,Dünyayı daha yaşanabilir bir yer hâline getirme çabasında olmak,İnsanların daha refah içinde tatmin edici bir yaşam sürmesini istemek,A
65f2f2c8-858c-5ec1-bad0-38596ac36db1,MATEMATIK,"$[-3,5]$ aralığında tanımlı üçüncü dereceden, başkatsayısı pozitif gerçek sayı olan $f(x)$ polinom fonksiyonunda $f(-3)=f(0)=f(5)=0$ dır. Buna göre, I. $(-3,0)$ aralığında fonksiyonun maksimum değeri vardır. II. $(0,5)$ aralığında fonksiyonun minimum değeri vardır. III. $(0,3)$ aralığında fonksiyon azalandır. ifadelerinden hangileri daima doğrudur?",Yalnız I,Yalnız II,I ve II,I ve III,"I, II ve III",C
67e83aaa-a50a-5ab9-9826-211ee1a8e61f,MATEMATIK,"$n$ bir reel sayı olmak üzere $P(x)$ polinomu için $P(x-4)=3x^2-nx^2$ eşitliği veriliyor. $P(x-2)$ polinomunun katsayılar toplamı 27 olduğuna göre, $P(x-3)$ polinomunun sabit terimi kaçtır?",-3,0,2,4,1,A
92dad226-8523-5be3-bb9e-03419bc54100,FIZIK,"Bir fotoelektrik olay deneyinde katot metali üzerine $v$ frekanslı fotonlar düşürüldüğünde sökülen elektronların maksimum kinetik enerjisi $E$, $2v$ frekanslı fotonlar düşürüldüğünde $3E$ olmaktadır. Buna göre, aynı metale $4v$ frekanslı fotonlar düşürülürse sökülen elektronların maksimum kinetik enerjileri kaç $E$ olur?",4,5,6,7,9,D
27f83d6d-9ea9-562f-839a-4a62ab0b25f6,MATEMATIK,"$P(x) = 3x^3 - 4x - k$ polinomunun sıfırları $a, b$ ve $c$'dir. $(1-a) \cdot (1-b) \cdot (1-c) = 4$ olduğuna göre, $k$ kaçtır?",-3,-7,-13,-15,-18,C
698dca93-b2c4-5cc8-b642-c143021eb8d5,TURKCE,Bu sözler aşağıdaki sorulardan hangisine karşılık olarak söylenmiş olabilir?,Edebiyat etkinliklerinin gelişmesi hakkında neler düşünüyorsunuz?,Sizce edebiyat bilimi geleneksel faktörlerden etkilenerek mi ilerliyor?,Edebiyat bilimi son yıllardaki kültürel değişimlerden nasıl etkileniyor?,Edebiyat bilimi kültürler arasındaki farklılıkları nasıl açıklayabilir?,Edebiyat biliminin amaçları arasında neleri sıralayabilirsiniz?,E
2a7002d1-af96-531a-a46c-e532abd06a11,MATEMATIK,"I. $a \le 0$ ise $|-a| = -a$
II. $a < 0$ ise $|1-a| = 1-a$
III. $a-a$ ise $a \ge 0$
ifadelerinden hangileri doğrudur?",Yalnız I,Yalnız II,I ve II,I ve III,"I, II ve III",A
2eaeea3f-e13d-551d-afe0-3bcc84006780,MATEMATIK,"$\frac{7x-5}{x^2-x-2}=\frac{E}{x-2}+\frac{F}{x+1}$ olduğuna göre, $E \cdot F$ kaçtır?",18,5,10,24,12,E
79f4618e-e584-5c55-99b8-2b2d431fd939,MATEMATIK,"Bir binanın önce %40'ı, sonra kalanının %30'u tamamlanmıştır. Buna göre, inşaatın yüzde kaçı tamamlanmamıştır?",30,34,38,42,46,D
ca00003b-7c12-56c4-b4fa-e2a48e825222,MATEMATIK,$|3x-12|=0$ denkleminin çözüm kümesi aşağıdakilerden hangisidir?,R,$\emptyset$,$(-4)$,$(4)$,"$(-4,4)$",D
643325cb-6ea8-56e7-bc31-61bc98c0b9f7,KIMYA,"Sadece C ve H'den oluşan bir bileşiğin 0,1 molü tam yandığında 13,2 gram $CO_2$ gazı ile 0,4 mol $H_2O$ sıvısı oluşmuştur. Buna göre bu bileşiğin basit formülü aşağıdakilerden hangisinde doğru verilmiştir? (C: 12 g/mol, O: 16 g/mol)",$CH_4$,$C_2H_2$,$C_2H_4$,$C_2H_6$,$C_3H_8$,E
143e022b-036a-5f05-ac39-f40eddb95a39,FIZIK,Aşağıda verilen elektrikli ev aletlerinden hangisinde elektrik enerjisini ısı enerjisine çeviren direnç teli yoktur?,Çamaşır makinesi,Su ısıtma makinesi,Ütü,Ekmek kızartma makinesi,Mikrodalga fırın,A
a1976c8e-7fb8-5c32-a041-69940bf41896,MATEMATIK,"I. $x^2-x+1$
II. $-x^2+2x+3$
III. $-x^2+x-2$
ifadelerinden hangileri tüm $x$ gerçek sayıları için aynı işaretlidir?",Yalnız I,Yalnız II,Yalnız III,I ve II,I ve III,A
779f5147-3e0f-52a9-84af-03ac6f742a59,TURKCE,"Muhabir:
— Sizce futbola başlama yaşı kaç olmalıdır?
Teknik Direktör:
— Bence 6 yaşında sahaya ayak basmalı çocuk. Futbolun ne olduğunu tam olarak anlamasa bile oyunsal olarak sahada yer almalıdır.
Muhabir:
— ________________________________________
Teknik Direktör:
— Belki bir yaşa kadar bu mümkün. Lisans çıkmadığı durumlarda kulüpten kulübe geçiş rahat oluyor, aksi takdirde hem maddi hem de manevi anlamda sporcu ve kulüpler zorluk çekebiliyor.
Bu diyalogda boş bırakılan yere aşağıdakilerden hangisi getirilmelidir?","Futbolcu, bir başka takıma geçerken hangi belgelere ihtiyaç duyuyor?","Sporcular, farklı spor dallarıyla ilgili çalışmalarını birlikte götürebilir mi?",Futbolcularınızın gündelik yaşantılarını disipline etmek için özel çalışmalarınız oluyor mu?,"Futbolcular, istediği zaman istediği kulübe geçebiliyor mu?","Kulüpler, futbol eğitimini alt yapılarındaki çocuklara ücretsiz veriyor mu?",D
66c0eabb-bbce-5dc4-b22f-345933845f4c,MATEMATIK,"$(a_n) = (1, 4, 9, ..., n^2, ...)$ dizisine ""karesel sayı dizisi"" denir. Buna göre, I. Karesel sayı dizisinde ardışık iki terimin toplamı daima tek sayıdır. II. $a_{n+1} = a_n + 2n + 1$'dir. III. $a_n + a_{n+1} = a_{2n+1}$'dir. ifadelerinden hangileri her zaman doğrudur?",Yalnız I,Yalnız II,I ve II,II ve III,"I, II ve III",C
4568a564-aae2-556d-a24e-e27978818bda,MATEMATIK,"$a$ ve $b$ gerçek sayıları için $P(x) = x^2 - ax + b$ polinomunun sıfırdan farklı, iki farklı kökü $P(0)$ ve $P(3)$'tür. Buna göre, I. $P(1) = 0$ II. $P(2) = 1$ III. $P(-1) = 7$ ifadelerinden hangileri doğrudur?",Yalnız I,Yalnız II,Yalnız III,I ve II,I ve III,C
fdfc6f9e-bd8c-58ed-8540-bbb169446132,MATEMATIK,$y=x \cdot (x-2) \cdot (x-3)$ eğrisi ve x ekseni ile sınırlı alanların toplamı kaç birimkaredir?,\frac{63}{4},\frac{111}{4},\frac{253}{12},\frac{271}{4},\frac{311}{12},C
f309e3d8-c9de-50f2-b498-cec71a436ebb,MATEMATIK,"$\frac{5a+b}{2} = 2b$ olduğuna göre, $\frac{a}{b}$ kaçtır?",$\frac{1}{5}$,$\frac{2}{5}$,$\frac{3}{5}$,$\frac{4}{5}$,1,B
3589daf2-209f-5f27-985c-af8148c61718,TURKCE,"Yerel haber siteleri, internet haberciliği alanında daha spesifik kitleye hitap eder. Günlük hayatta karşımıza çıkan gazetelerin çoğu, ulusal gazetelerdir. Ulusal gazetelerde Türkiye ve tüm dünya gündemi ile ilgili haberlere geniş yer verilir. Yerel haber siteleri; bölgelere, şehirlere, ilçelere göre sınıflandırılabilir. İsminden de anlaşılacağı üzere, kapsama alanı son derece yöreselliği olaylara odaklanma eğilimindedir. Yerel haber siteleri, söz konusu bölgenin vatandaşlarına o bölgede yaşanan gelişmeler hakkında daha detaylı ve kapsamlı bilgiler sunar. İçeriği, genellikle serbest yerel yazarlar ya da blog yazarları tarafından üretilir.
Bu parçadan yerel gazeteler ile ilgili aşağıdakilerden hangisine ulaşılabilir?",Adı olduğu bölgeye yönelik olayları detaylıca aktarmaktadır.,"Ulusal gazeteler gibi, büyük isimlerin haberlerine yer vermektedir.",Manşet haberlerini ulusal gazetelerden almaktadır.,Sosyal medyayı aktif olarak kullanmayı tercih etmektedir.,Sadece Türkiye'ye ait olayları ve kişileri halka duyurmayı amaçlamaktadır.,A
9a7ed4cb-ab29-509f-ac02-9b04c5fd0550,MATEMATIK,$x^4 - x^3 - 8x + 8$ ifadesinin çarpanlarından birisi aşağıdakilerden hangisidir?,$x+2$,$x^2-4$,$x^2+2x-4$,$x^2-2x+3$,$x^2-2x+4$,E
f281339f-37ae-5bb0-9187-3d69dfa69da3,MATEMATIK,"Düzden ve tersten okunuşları aynı olan sayılara palindromik sayılar denir. Buna göre, aşağıdakilerden hangisi palindromik sayıdır?",124213,24335,57275,32543,98778,C
865ec156-9b26-5dbc-a0cf-0dea685ff8bb,MATEMATIK,"Özdeş iki kap şekerli su karışımı ile doldurulmuştur. Kabın birinde karışımın şeker oranı %30 diğerinde ise bu oran %40'tır. Bu iki kap tek bir kaba boşaltılıyor. Buna göre, oluşan karışımın yüzde kaçı şeker olur?",20,25,30,35,40,D
105de183-6c35-5aaa-bb59-bb445d252708,MATEMATIK,"$i^2 = -1$ olmak üzere, $m < 0 < n$ olduğuna göre,
I. $\sqrt{m}$ karmaşık sayıdır.
II. $\sqrt{n}$ gerçek sayıdır.
III. $i \cdot \sqrt{m}$ gerçek sayıdır.
ifadelerinden hangileri doğrudur?",Yalnız I,I ve II,Yalnız II,II ve III,"I, II ve III",B
c50d7ecd-8589-5117-92c8-ccfb4e19407f,KIMYA,"V hacimli kapalı bir kapta 300 K sıcaklıkta, 8 mol $NO$ ve 4 mol $NO_2$ ve $O_2$ gazları $2NO_{2(g)} \rightleftharpoons 2NO_{(g)} + O_{2(g)}$ tepkimesine göre dengededir. 300 K sıcaklıkta tepkimenin derişimler cinsinden denge sabiti ($K_c$) değeri 8 olduğuna göre, kap hacmi (V) kaç litredir?",2,3,4,8,10,A
370bcbeb-2586-5967-9389-6a39ee06e4c3,BIYOLOJI,"Bir bitki hücresinde bulunan;
I. golgi,
II. mitokondri,
III. ribozom,
IV. lökoplast
organellerinden hangilerinin faaliyeti sonucu hücrenin su miktarı artabilir?","I, II, III ve IV","I, III ve IV",I ve II,II ve III,II ve IV,D
cad082c7-3e71-5029-8d00-ffa7a7a8bd8b,EDEBIYAT,Tanzimat Dönemi'nde roman anlayışıyla ilgili olarak aşağıdakilerden hangisi söylenemez?,Gereksiz çevre betimlemeleri ve beklenmedik tesadüflere yer verilir.,Romanın akışı durdurularak yazar okura bilgi verir.,Roman tekniği henüz gelişmemiştir ve kusurludur.,"Karakterler tek yönlü, tek yanlı ele alınır.",Realizm akımının özelliklerini yansıtır.,E
41fbaa80-5c3b-5243-8dea-41d5b76856ac,GEOMETRI,"ABC eşkenar üçgen,
$[AB] \perp [NR]$, $[AB] \perp [KD]$, $[AT] \perp [RS]$, $[AT] \perp [DL]$,
$[DM] \perp [BC]$ ve $[PR] \perp [BC]$ olarak veriliyor.
$|KD|=2$ br, $|DL|=4$ br, $|NR|=9$ br, $|RS|=6$ br ve $|DM|-2|PR|$'dir.
Buna göre, $|PR|$ kaç br'dir?",2,3,$\frac{10}{3}$,$\frac{11}{3}$,4,C
903f51b7-c970-58d3-87ac-2d94fe3499f6,MATEMATIK,"Bir matematik programında tanımlanmış işlem komutları aşağıdaki gibidir:
$a[x]$: $x$ sayısını $a$ katı kadar arttır.
$\frac{b}{x}$: $x$ sayısını $\frac{1}{b}$'si kadar azalt.
Buna göre,
$3[2] + \frac{x}{4} = 14$
eşitliğinde $x$ değeri kaçtır?",4,5,8,10,12,C
1cb59558-75c1-5657-9e33-d3fb84554025,MATEMATIK,$|x^2-3| = |x^2-x+1| + |x-2|$ eşitsizliğini sağlayan kaç farklı $x$ tam sayısı vardır?,1,2,3,4,5,B
e5973fdc-9816-5c4a-bf8e-dc99c6d7e8eb,MATEMATIK,$P(x) = x^4 - 3x^2 + 7$ polinomunun $x + 2$ ile bölümünden kalan kaçtır?,11,10,9,7,5,A
788f7861-706f-5b9c-8632-f87c7c9dce37,MATEMATIK,"Başatsayısı $1$ olan üçüncü dereceden $P(x)$ polinomu ile başatsayısı $1$ olan birinci dereceden $Q(x)$ ve $R(x)$ polinomları veriliyor.
Bu polinomlar için,
• $P(x) \cdot Q(x)$ polinomu $x^2+x-6$,
• $P(x) \cdot R(x)$ polinomu $x^2+x-12$,
• $Q(x) \cdot R(x)$ polinomu $x^2-2x-3$,
ile tam bölünüyor.
Buna göre, $P(x)$ polinomunun $Q(x)+R(x)$ ile bölümünden kalan kaçtır?",12,20,24,28,36,C
72f558c8-8e0d-536d-9a47-e56ef78f62c3,MATEMATIK,$f(x) = (x + 2a) \cdot (x - 1)$ eğrisinin x eksenini kestiği noktalardan çizilen teğet doğruları birbirine dik olduğuna göre a değeri aşağıdakilerden hangisi olabilir?,-2,$-\frac{4}{3}$,$-\frac{3}{2}$,-1,$-\frac{2}{3}$,B
23a32be4-58fc-56bf-822f-82cc1129dcac,MATEMATIK,"$Q(x) = (a-5)x^7 + 6x^5 + 12 - 7x^{b-6}$ Yukarıda verilen $Q(x)$ polinomu altıncı dereceden olduğuna göre, bu polinomun sabit terimi kaçtır?",-7,5,12,13,19,C
02c7815f-584c-5098-98f6-e045214b6178,KIMYA,"$2.10^{-4} \ M \ Ba(NO_3)_2$ ve $4.10^{-4} \ M \ Na_2CrO_4$ çözeltileri eşit hacimde karıştırılıyor.

Buna göre;

I. Bir miktar $BaCrO_4$ çöker.
II. Son durumda $Ba^{2+}$ iyon derişimi $10^{-6}$ molardır.
III. $Na^+$ iyon derişimi $2.10^{-4}$ molardır.

İfadelerden hangileri doğrudur?
($BaCrO_4$ için çözünürlük çarpımı $K_{çç}=1.10^{-10}$)",Yalnız I,Yalnız II,I ve II,II ve III,"I, II ve III",C
b0c5ccef-ed50-5bbe-ad81-b0f363955e42,MATEMATIK,"Gerçek sayılar kümesinde sürekli bir $f$ fonksiyonu için $\lim_{x \to 2} \frac{f(x)-1}{x-2} = 3$ olduğuna göre,
I. $f(2)=1$
II. $f'(2)=3$
III. $f(2)=f'(3)$
eşitliklerinden hangileri kesinlikle doğrudur?",I ve II,Yalnız II,Yalnız I,II ve III,I ve III,A
24bbe71f-aa39-53fc-984b-1f3cc12aa703,MATEMATIK,$|666 - \frac{1}{7} - \frac{8}{7} - 665|$ ifadesinin değeri kaçtır?,1333,1332,2,1,0,E
68f9a89f-5eb8-588e-ab20-e3669e0772e4,MATEMATIK,"$x^2-kx+16=0$ denkleminin kökleri $x_1$ ve $x_2$'dir. $x_2>x_1>0$ olduğuna göre, $k$'nin alabileceği en küçük iki farklı tam sayının toplamı kaçtır?",17,19,15,13,21,B
97911036-3d00-5465-b7d9-a01fe9cf7bcd,MATEMATIK,"$f$ doğrusal bir fonksiyondur. $f(-2) = 17$ ve $f(1) = 8$ olduğuna göre, $f(4)$ kaçtır?",1,-3,-1,2,0,C
3eb8cc72-a185-5c91-ac9f-283a28b7313f,MATEMATIK,"$x^2 - 4x - 1 = 0$ denkleminin köklerinden biri $x_1$'dir. Buna göre, $x_1^2 + \frac{1}{x_1^2}$ ifadesinin değeri kaçtır?",10,12,14,16,18,E
accae2a4-b818-5c4b-93cf-f276d76d1a83,TARIH,"Osmanlı padişahlarının Kuruluş Devrinde Balkanlarda fethettikleri yerleri Türkleştirmek, Müslüman nüfusunu artırmak ve askerî harekatı kolaylaştırmak amacıyla,
I. Devşirme sistemine geçmek,
II. Kut inancından vazgeçmek,
III. İskân politikasını uygulamak
girişimlerinden hangilerinde bulunduğu söylenebilir?",Yalnız I,Yalnız II,Yalnız III,I ve II,I ve III,E
2c67338c-27e6-5af5-a1a4-9c8067419776,MATEMATIK,"Bir dondurmacı külahı 50 TL'den günde 200 külah dondurma satmaktadır. Satış fiyatına yapılan her 1 TL'lik zam günlük satılan dondurma sayısını 2 azaltmaktadır. Dondurmacının günlük masrafı dondurma başına 40 TL'dir. Buna göre, dondurmacının karının en çok olması için günde kaç tane dondurma satması gerekir?",130,125,120,115,110,C
9369c84f-786f-518c-989d-8f042c7f802f,GEOMETRI,"Ayfer ABC üçgeninden Şekil 1'deki gibi BDC üçgenini kesmiş ve kestiği üçgeni Şekil 2'deki gibi yapıştırmıştır.
Şekil 1'de [BD] ve [CD] açıortay.
Şekil 2'de m($\widehat{DBD'}$) + m($\widehat{DCD'}$) = $124^	ext{o}$'dir.
Buna göre, m($\widehat{BAC}$) kaç derecedir?",60,58,56,54,52,E
7086d864-4886-56dc-9c34-f98089434757,KIMYA,"$XO_4^{2-}$ iyonundaki toplam elektron sayısı 50'dir. Buna göre, bu iyondaki X element atomunun periyodik sistemdeki yeri aşağıdakilerden hangisinde doğru verilmiştir? ($_{8}O$)",3. periyot 5A (15. grup),3. periyot 6A (16. grup),3. periyot 8A (18. grup),4. periyot 2A (2. grup),4. periyot 1A (1. grup),B
665c3ef3-5168-559f-9216-fee89a8fecd8,BIYOLOJI,Komüniteyi oluşturan farklı türler arasında aşağıdaki ilişki tiplerinden hangisinin görülmesi beklenmez?,Süksesyon,Rekabet,Çiftleşme,Av-avcı,Simbiyozis,C
fa26c920-aedc-5eaf-8c41-0f9696355135,MATEMATIK,"Gerçel sayılar kümesi üzerinde tanımlı $f$ ve $g$ fonksiyonları
$f(x) = x^2$ ve $g(x) = x+2$
biçiminde tanımlanıyor.
$f$ ve $g$ fonksiyonları kullanılarak $h$ fonksiyonu
$h(x) = \begin{cases} (fog)(x), & f(x) < g(x) \\ (gof)(x), & f(x) \ge g(x) \end{cases}$
biçiminde tanımlanıyor.
Buna göre, $h'(-2) + h'(1)$ toplamı kaçtır?",-4,-2,0,2,4,B
8dbf345b-974d-5312-ad37-87cc2769e177,KIMYA,"Alyon'da bir fabrikada çalışan kimyager, maden suyunun analizinde içerdiği minerallerin cinsi ve miktarının belirlenmesi ile ilgili bir görevdedir. Buna göre, bu kimyager kimyanın hangi disiplininde uzmanlaşmış olmalıdır?",Çevre kimyası,Anorganik kimya,Termokimya,Analitik kimya,Elektrokimya,D
879f77b1-369b-5fae-bd94-a91241fb4206,MATEMATIK,$\frac{1+\cot x}{1+\cot^2x}+\frac{1-\tan x}{1+\tan^2x}$ ifadesinin sade hali aşağıdakilerden hangisidir?,1,-1,$\sin x$,$\cos x$,$\sec x$,A
3bd28463-e79a-5317-8139-dc762e19613f,MATEMATIK,"$A = \{1, 2, 3, 4, 5, 6\}$ kümesinin üçlü permütasyonlarının kaçında en az 1 tek sayı vardır?",144,132,124,120,114,E
2ca382e6-9726-5217-a114-f0a8b874a9a3,MATEMATIK,"$x^2 + ax - 12 = 0$ denkleminin kökleri $x_1$ ve $x_2$'dir. $x_1 + 3x_2 = 0$ olduğuna göre, $a$ kaçtır? $(x_2 > x_1)$",-2,3,-3,4,-4,A
750d0e47-e353-550f-b646-33424c7f50bc,FIZIK,"Proton sayısı ile nötron sayısı eşit olan çekirdekler genellikle kararlıdır. Proton ve nötron oranları 1'den farklı olan çekirdekler genellikle kararsızdır. Nötron sayısının proton sayısına oranı 1'den büyük olan çekirdekler ile nötron sayısının proton sayısına oranı 1'den küçük olan çekirdekler ışıma yaparak kararlılık kuşağı içerisinde yer alma eğilimindedir.
Buna göre $\frac{n}{p} > 1$ ve $\frac{n}{p} < 1$ olan çekirdeklerin yapacağı ışımalar hangileri olabilir?","$\beta^{-}$, $\beta^{+}$","$\beta^{-}$, $\gamma$","$\alpha$, $\beta^{+}$","$\beta^{+}$, $\alpha$","$\beta^{-}$, $\alpha$",A
73537896-8d50-5b73-b368-25657ac01d21,MATEMATIK,"Bir işi iki kişi çalışarak,
* Melih ve Necip 6 saatte,
* Necip ile Rıza 8 saatte,
* Melih ile Rıza 4,8 saatte
bitirebildiklerine göre, bu işi üçü birlikte çalışırsa kaç saatte bitirebilir?",2,3,4,5,6,C
23cbf82a-6826-5244-9065-360aa6e8fb8c,TURKCE,"Yol bitti. Birkaç gün sonra açılış töreni olacak. Köyün yanındaki tepeye çıkıp bakınca köy, uzakta kara bir yılan gibi parlıyor, iki tarafına ağaç da dikeceklermiş. Enfes bir şey doğrusu. Bütün vilayet halkının buradan nasıl akın akın geçeceğini, nasıl kolaylıkla, kayar gibi istasyona varacağını düşündükçe içimde bir şey hopluyor.
Bu parçayla ilgili olarak aşağıdakilerden hangisi söylenemez?",Zarf görevinde kullanılan edat öbeği vardır.,Asıl sayı sıfatı kullanılmıştır.,Farklı yapıda cümlelere yer verilmiştir.,Birden çok bağlaç vardır.,Birden çok bağ-fiil kullanılmıştır.,B
ba8a4aaa-fcf6-50ca-b3c0-c0ea83e48504,MATEMATIK,"Şekil 1'deki kağıt, açıldığında Şekil 2'deki ABCD karesi elde edilmektedir. Bu durumda DKE, tepe noktası K olan parabolik bir eğri olmaktadır. $|AN|=|NK|=|DM|=|ML|=2$ br. Şekil 1'deki kırmızı boyalı bölgenin alanı $A_1$, Şekil 2'deki kırmızı boyalı bölgenin alanı $A_2$ olmak üzere $\frac{A_1+A_2}{A_2-A_1}$ ifadesinin değeri kaçtır?",\frac{16}{11},2,\frac{7}{3},\frac{20}{11},\frac{3}{2},D
07f7b3ae-2c1e-55ae-9333-04ea656ed72b,MATEMATIK,"$x+y-z=15$ ve $3x-2y+4z=20$ olduğuna göre, $3y-5z$ kaçtır?",-6,-2,-4,-3,-5,E
6f0c0c07-13b2-5fb0-98e5-71e270f92e67,MATEMATIK,"$(0,2 - 0,07) - (1,3 - 2,65)$ işleminin sonucu kaçtır?","1,48","1,048","1,68",2,"2,48",A
a4f7716a-3c3e-5923-a051-ac47baf79c2d,FIZIK,"Bir ev aletinin verimi ile ilgili,
I. Alınan enerjinin harcanan enerjiye oranı azaldıkça verim düşer.
II. Yapılan işin harcanan enerjiye oranı arttıkça verim artar.
III. Harcanan enerji, alınan enerjiye eşitse verim %100'dür.
yargılarından hangileri doğrudur?",Yalnız I,I ve II,I ve III,II ve III,"I, II ve III",D
130eb502-7f51-586a-831b-7744d528211c,MATEMATIK,"Kenan parasının önce $\frac{2}{5}$'ini harcıyor. Geriye kalan parasının $\frac{1}{3}$'ü 200 TL olduğuna göre, Kenan'ın başlangıçtaki parası kaç liradır?",1200,1000,750,600,500,B
2f54d3a4-abe7-56b8-af81-a24db10c9351,MATEMATIK,"$x^2-8x^2 > 0$ ve $y^3+8y^2 < 0$ eşitsizlikleri veriliyor. Buna göre, $3x-2y$ farkının en küçük tam sayı değeri kaçtır?",35,36,37,38,39,C
40d0210d-62e9-5a46-b265-4a6defbd90da,MATEMATIK,$x^2 - 6x + 9 < 0$ eşitsizliğinin en geniş çözüm aralığı aşağıdakilerden hangisidir?,$\emptyset$,"$(-3, \infty)$","$(- \infty, -3)$","$(- \infty, 3)$",$\mathbb{R}$,A
79680c94-66d9-5237-8243-8ad10acb5c75,KIMYA,"Kalsiyum karbonat bileşiği ile ilgili,
I. Yaygın adı kireç taşıdır.
II. Bazik özellik gösterir.
III. İnşaat endüstrisinde kullanılır.
ifadelerinden hangileri doğrudur?",Yalnız II,I ve II,I ve III,II ve III,"I, II ve III",E
91836de0-47a8-54c1-b4d7-26c9d5e1c2d6,MATEMATIK,$$\int_{\frac{\pi}{8}}^{\frac{\pi}{8}} (\cos^2 x - \sin^2 x) dx$$ integralinin değeri aşağıdakilerden hangisidir?,$$\frac{\pi}{20}$$,$$\frac{3\pi}{40}$$,$$-\frac{\pi}{8}$$,0,$$\frac{1}{2}$$,D
567eabf0-63e2-50a3-b755-995bb2fb5bfa,TURKCE,Aşağıdaki cümlelerden hangisinin yüklemi ek eylem almış bir isimdir?,"""Ev"" ve ""sevgili"" kelimeleri hayatın canlı oluşunun sebepleridir artık.","Geçmişin yolundan gitmeyenler, geleceği de tayin edemezler.",İç dünya modeli olarak nesnelerin her eylemi insana dair izler barındırır.,Yolları ne kadar seviyorsa otel odalarının da o derece nefret ediyordu.,"Kimi zaman karanlık imgeleriyle birlikte kullanılan ışık, daha çok doğal doğuşla karşımıza çıkıyor.",A
68205fdf-66f1-5050-9b52-143015235f84,MATEMATIK,"90 sayısının %10 fazlası, x sayısının %10 eksiğine eşittir. Buna göre, x kaçtır?",100,105,110,115,120,A
db33a5d3-4f4c-58eb-b5ef-66dff47b44cf,MATEMATIK,"$x^2 + mx + n = 0$ ikinci derece denkleminin köklerini bulmak isteyen iki öğrenciden, 1. öğrenci : $n$ sayısını yanlış gördüğünden kökleri $6$ ve $2$ bulmuş. 2. öğrenci : $m$ sayısını yanlış gördüğünden kökleri $-3$ ve $-5$ bulmuştur. Buna göre, $m-n$ toplamı kaçtır?",-15,-8,7,8,15,C
dd8c6fc9-aeff-55cd-9c9a-763cbd81adc2,EDEBIYAT,Aşağıdaki romanlardan hangisi bireyin iç dünyasını esas alan yazarlardan birine ait değildir?,Canım Ali,Bir Tereddüdün Romanı,Deli Kurt,Osmanlıcık,Saatleri Ayarlama Enstitüsü,C
d197a0c1-ff28-51bb-bf3a-75dab089977c,MATEMATIK,"$P(x)$ bir polinom olmak üzere, her $a$ gerçek sayısı için $P(a) = P(b)$ koşulunu sağlayan $a$'dan farklı en az bir $b$ gerçek sayısı varsa $P(x)$ polinomuna ""ilginç polinom"" denir. Buna göre, I. $P_1(x) = x - 2$ II. $P_2(x) = x^2 + 2x$ III. $P_3(x) = x^3 + x^2$ polinomlarından hangileri ilginç polinomdur?",Yalnız I,Yalnız II,Yalnız III,II ve III,"I, II ve III",B
4396b9a8-4c7b-55ca-a0e5-1b398e2998c2,TARIH,Aşağıdakilerden hangisi savaşa fiilen girilmemesine rağmen İkinci Dünya Savaşı'nın Türk ekonomisini olumsuz etkilemesinin nedenlerinden biri değildir?,Yaklaşık bir milyon kişinin silah altına alınması,Yeni sanayi işletmelerinin açılmasının ertelenmesi,Uluslararası ticaretin yavaşlaması,Tarımsal üretimin azalması,Yabancı devletlerin ambargo uygulaması,E
31490382-e9a4-5f78-855d-9d7dd1ed0045,TURKCE,"(I) Bir olay karşısında gösterdiğimiz davranış, bilinçaltımıza kaydedilir. (II) Aynı olay tekrarlandığında siz düşünmeden bir imgeli devreye girer ve daha önce kaydettiği tepkiyi gösterir. (III) Geçmişten şartlanmamız, bugünümüzü ve yarınımızı kontrol etmemize izin vermek zorunda değiliz. (IV) Böylece karşımıza çıkan olay ile gösterdiğimiz davranış arasında bir otoban kurulur. (V) Buna paten demiyor, bu davranış ve tepkiler de alışkanlık oluyor; alışkanlık ise bizim yaşam tarzımız oluyor. Bu parçada düşüncenin akışını bozan cümle aşağıdakilerden hangisidir?",I,II,III,IV,V,C
bc85d691-4eb1-59c8-9f7f-a4737e853b6d,KIMYA,"$_{5}B$, $_{13}Al$ ve $_{17}Cl$ elementlerinin periyodik sistemdeki yerleri ve sınıflandırılmalarıyla ilgili aşağıdaki ifadelerden hangisi doğrudur?",Al ve B elementleri aynı grupta bulunur.,B elementi 3. periyotta bulunur.,Al ve Cl elementleri aynı grupta bulunur.,Al elementi ametal olarak sınıflandırılır.,Cl elementi metal olarak sınıflandırılır.,A
1b216d8c-84c0-5671-857c-175483f073f5,MATEMATIK,"$7(x-1) = 6(x+5)$ olduğuna göre, $x$ değeri kaçtır?",37,38,39,40,41,A
2a622918-528f-5022-99a8-e7d5f0ca3a1d,TURKCE,"I. Bilim insanları araştırmalarıyla topluma yön verirler.
II. Hava sıcaklığı mevsim normallerinin çok üzerinde.
III. Çalışmamın yanlışını en kısa sürede telafi edeceğim.
IV. Üç öğün yemek yemesine rağmen doymuyor.
V. Her sabah yürüyüş yapmak, bana zor geliyor.
Numaralanmış cümlelerin hangisinde ünlü daralmasına uğramış bir sözcük vardır?",I,II,III,IV,V,D
d875d1c9-cb33-5379-ba52-164d0433898a,FIZIK,Yan yana duran $\vec{B_1}$ ve $\vec{B_2}$ manyetik alanlarının bulunduğu ortama şekildeki gibi gönderilen $-q$ yüklü noktasal parçacık $\vec{B_1}$ manyetik alanındaki hareketliğinde sayfa düzleminden ayrılmadan noktalı çizgi ile gösterilen yolu izlemiştir. Parçacık $\vec{B_2}$ manyetik alanına girdiğinde ise sayfa düzleminden ayrılmıştır. Buna göre $\vec{B_1}$ ve $\vec{B_2}$ manyetik alanlarının yönleri aşağıdakilerden hangisinde doğru verilmiş olabilir?,Görsel A,Görsel B,Görsel C,Görsel D,Görsel E,B
107d91bc-50dc-5863-a22a-e17d93d29d70,TARIH,"I. Topkapı Sarayı, Birun, Enderun ve Harem olmak üzere üç bölümden meydana gelmiştir.
II. Topkapı Sarayı'nda, ana giriş kapısı Bab-ı Hümayun, orta kapı Babüsselam ve padişahın huzuruna açılan Babüssaade kapıları, bölümler arasındaki geçişi sağlamıştır.
III. Topkapı Sarayı'nın Harem kısmında padişaha, dolayısıyla devlete hizmet eden ve saray halkı denilen birçok görevli bulunmuştur.
Yukarıdakilerden hangilerinde bir bilgi yanlışlığı vardır?",Yalnız I,Yalnız II,Yalnız III,I ve II,II ve III,C
b42dc7aa-f750-5fe2-9367-df1f60947cc1,MATEMATIK,"Uzunluğu 1 metre olan bir tel ile aşağıdaki gibi maksimum alanlı bir daire dilimi yapılıyor. Buna göre, bu daire diliminin yarıçap uzunluğu kaç cm dir?",20,25,30,35,40,B
d1c1d212-82a6-59be-8d39-5a85ad0f2c25,FIZIK,"Renk kuramına göre boya renklerinden sarı, cyan (turkuaz) ve magenta (eflatun) renkleri karıştırılırsa hangi renk elde edilir?",Kırmızı,Beyaz,Sarı,Yeşil,Siyah,E
273587c1-8435-5510-94c3-1a3d75164136,MATEMATIK,"Doğal sayılar kümesi üzerinde bir $f$ fonksiyonu $f(n) = \begin{cases} 2n+3, & 0 \le n < 6 \\ f(n-6), & n \ge 6 \end{cases}$ biçiminde tanımlanıyor. Buna göre, $f(AB) = 3$ eşitliğini sağlayan kaç tane $AB$ iki basamaklı doğal sayısı vardır?",6,9,12,15,18,D
d6f8e3cf-4392-5032-bff4-4b07fe87bbdb,MATEMATIK,"Kenar uzunlukları $10 \text{ m}$, $15 \text{ m}$ ve $25 \text{ m}$ olan dikdörtgenler prizması şeklindeki bir depoya boş yer kalmayacak şekilde en az kaç tane eş küp şeklindeki konteyner yerleştirilebilir?",5,10,15,25,30,E
fff0f086-6425-5b48-a48d-a27078454d07,EDEBIYAT,"Dikentilüzüne beş kadar köy yerleşmişti. Bu baş köyün beşinin de insanları topraksızdır. Cümle toprak Abdi Ağanınındır. Dikentilüzü; dünyanın dışında, kendine göre apayrı kanunları, töresi olan bir dünyadır. Dikentilüzünün insanları, köylerinden gayrı bir yer bilmezler hemen hemen. Düzlükten dışarı çıktıkları pek az olur. Dikentilüzü'nün köylerinden, insanlarından, insanlarının ne türlü yaşadıklarından da kimsenin haberi yoktur. Tahsildar bile iki üç yılda bir kere uğrar. O da köylülerle hiç görüşmez, ilgilenmez. Abdi Ağa'yı görür gider.
Bu parçadan hareketle aşağıdakilerden hangisi söylenemez?",Kahraman bakış açısına yer verilmiştir.,Betimleyici ögeler sıkça kullanılmıştır.,Anlatıcı her şeyi bilen bir tavırdadır.,"Dil, yaşanan çevreye uygun kullanılmıştır.",Toplumcu gerçekçi anlayışla ele alınmıştır.,A
e67e9da8-f665-5a48-870a-35b40a480764,MATEMATIK,"Bir keçi çiftliğinde keçilerin $\frac{1}{3}$'ü süt vermekte ve bunların her birinden 3 litre süt sağılmaktadır. Bu çiftlikte süt veren her bir keçiye günde 2 kg, diğer her bir keçiye günde 1 kg yem verilmektedir.
Bu çiftlikte bir günde keçilere toplam 260 kg yem verildiğine göre, çiftlikte günde kaç litre süt sağılmaktadır?",330,340,350,360,370,D
7668fd04-64dd-58ed-af9b-bfeea5d402ff,FIZIK,"Bilim araştırma merkezlerinde yapılan çalışmalar ile,
I. Fizik biliminin yanısıra diğer bilimlerin gelişimi için de gerekli bilgiler elde edilebilir.
II. Fizik biliminde yeni bilgiler elde edilerek fizik biliminin gelişimine katkıda bulunulur.
III. Farklı merkezler çalışmalarına devam ederken birbirlerinden yardım almaz.
yargılarından hangileri doğrudur?",Yalnız I,Yalnız II,I ve II,I ve III,II ve III,C
224eb5f2-0a72-5344-9c24-8629da0a019e,MATEMATIK,$2-4+6-8+...+98-100$ işleminin sonucu kaçtır?,50,-25,-50,25,-200,C
37a9a959-fd03-5071-8e78-7de974d5b0ae,MATEMATIK,"$x^2 - 6x + m + 5 = 0$ denkleminin kökleri tam sayı olduğuna göre, $m$ aşağıdakilerden hangisi olamaz?",-21,-12,-5,2,4,E
698c4797-9938-56ff-a53c-aab5a6550b32,TURKCE,"Divan edebiyatının kaynaklarında karşılaştığımız şiire dair kayıtlar, bugünkü ifadeyle ""küçük değiniler"" çerçevesinin dışına çıkmaz; kültür ve sanat tarihimiz içinde geleneği en eski edebiyat türü olan şiir hakkındaki kuramsal görüşler ve bunlarla ilgili yazıların yakın zamana rastlar.
Bu cümlede divan şairlerinin tutumuna dair yapılan eleştiri aşağıdakilerden hangisidir?",Divan şairlerinin hacimli divanlar oluşturmalarına karşın başka türlerde daha küçük eser yazmaları,Şiir üzerine yazı yazan kimi şairlerin bunların yayımlanmasını daha çok yakın zamana bırakması,"Şiir yazmış olmakla beraber şiirde, şiir üzerine düşünce içeren çok fazla metin bırakmamış olmaları",Kültür ve sanat tarihinde önemli bir yeri olan şiirlerle ilgili eleştirel metinler yazmamaları,Şiir tahlili ve şiir eleştirisinden kaçınıp bu tür metinlerin yazılmasını sonraki zamanlara bırakmaları,C
01d219ff-b205-5a15-85a4-14b7b63ed7f2,MATEMATIK,"Gerçel sayılar kümesi üzerinde tanımlı $f$ tek fonksiyonu veriliyor.
Buna göre,
I. $f(2x)$
II. $3-f(x)$
III. $f(x)+1$
fonksiyonlarından hangilerinin grafikleri orijine göre simetriktir?",Yalnız I,Yalnız II,Yalnız III,I ve II,"I, II ve III",A
1602887f-ca7f-5a4b-87f5-e0fa9341dd18,BIYOLOJI,"Soymuk borularında, maddelerin taşınabilmesi için boruları oluşturan hücrelerin canlı olması gerekir.
Buna göre, soymuk borularında gerçekleşen aşağıdaki olaylardan hangisi, besin iletimini etkilemez?","Ortam sıcaklığının, enzimlerin çalışmasını engelleyecek kadar yüksek olması","Boruları oluşturan hücrelerin, hücre zarlarının parçalanması","Floem hücrelerinin, bölünme yeteneklerini kaybetmiş olması","Soymuk borusuna ait hücrelere, oksijenli solunumu engelleyecek inhibitörlerin uygulanması","Ağaç gövdesindeki, kabuk bölgesinin kaynar suda bekletilmesi",C
24adff34-bc76-5a79-b838-cf9c08339368,TURKCE,"Sanat çoğu zaman birbirinden ayrı hayatlar yaşayan insanları ---- gücüne sahip büyülü bir dünyadır. Bu dünyanın içinde bazen insanlara mimari eserler de bir araya gelir. Tıpkı Giuseppe Verdi ve Leyla Gencer'in La Scala'da birleşmesi gibi. Yüzlerce seneye ---- bu birliktelik nesillere yaşama ilhamı verir.

Bu parçada boş bırakılan yerlere aşağıdakilerden hangisi sırasıyla getirilmelidir?",mutlu etme - sığan,uzlaştırma - eşlik eden,birleştirme - meydan okuyan,değiştirme - dayanan,yakınlaştırma - giden,B
81dc55e2-daa1-5209-8884-db82a64b8ba8,MATEMATIK,"Bir dil kursunda bulunan kursiyerler arasından seçilen herhangi iki kişinin yaşları farkı en çok 5'tir. Kursiyerlerden en genci 24 yaşında olduğuna göre, bu kursiyerlerin yaş ortalaması aşağıdakilerden hangisi olamaz?",25,26,27,28,29,E
83f8c274-064d-5f73-ac4b-bd97442802cb,GEOMETRI,Dik koordinat sisteminde $2x+3y-6=0$ doğrusu ile eksenlerin oluşturduğu üçgenin çevrel çemberinin merkezinin koordinatları aşağıdakilerden hangisidir?,"$(\frac{3}{2}, 1)$","$(3, 1)$","$(2, 3)$","$(3, 2)$","$(\frac{1}{2}, 3)$",A
b5e9f151-10ab-5086-a1ba-0bcf07a42b4e,MATEMATIK,"$P(x)$ polinomunun derecesi ve katsayılarının oluşturduğu küme $A=\{-2,-1,1,2\}$'dir. Buna göre, kaç farklı $P(x)$ polinomu yazılabilir?",4,6,8,12,16,D
0d7b8f3c-4d05-5758-ab85-8b5be53517e5,MATEMATIK,"$6^x - 2^{x+1} - 3^{x+1} + 6 = 0$ olduğuna göre, $x$ değerlerinden biri aşağıdakilerden hangisidir?",$\log_2 \frac{3}{2}$,$\log_3 \frac{2}{3}$,$\log_2 6$,$\log_3 2$,$\log_6 2$,D
abb310cb-be11-550e-b17d-0115a9bcc21b,MATEMATIK,"$\tan x - \cot x = 2\sqrt{3}$ olduğuna göre, $\tan^2 x + \cot^2 x$ ifadesinin pozitif değeri kaçtır?",64,52,48,36,24,E
ea26b45c-0832-5122-a038-3a8934af2b3b,KIMYA,"2 L'lik bir kapta gerçekleştirilen
$X(g) \rightleftharpoons Y(g) + Z(g)$
tepkimesinin,
300 K'deki denge sabiti $(K_c) = 5 \cdot 10^{-10}$
500 K'deki denge sabiti $(K_c) = 5 \cdot 10^{-15}$
şeklindedir.
Buna göre, dengede olan bu tepkime ile ilgili aşağıdakilerden hangisi yanlıştır?",İleri tepkime endotermiktir.,X gazının kısmi basıncı artırılırsa tepkime ürünler yönünde ilerler.,Kabın hacmi 1/2'ye düşürülürse Y gazının derişimi 2 katına çıkar.,Sıcaklık artırılırsa toplam molekül sayısı artar.,Katalizör ilave edilirse denge sabitinin sayısal değeri değişmez.,A
b4c07846-be06-5a42-8d1b-b3d6cade3051,MATEMATIK,"a bir gerçek sayı olmak üzere,
$y=|x-a|+4$
$y=\frac{x+3}{2}$
denklemler sisteminin sadece bir ortak çözümü vardır.
Buna göre a kaçtır?",1,2,3,4,5,E
d10c23e8-633b-5f33-85d2-34b614748d21,MATEMATIK,"$a, b$ ve $c$ pozitif tam sayılar olmak üzere, $b^c = \frac{3^a \cdot b}{c^a \cdot \sqrt{b}}$ olarak tanımlanmaktadır. $2^x = 12$ ifadesi bir tam sayı olduğuna göre, $x$ en az kaç olur?",2,3,6,12,18,E
01b23ebc-ba81-5748-9b6b-28a5f70a1151,MATEMATIK,"$x$ pozitif bir tam sayı olmak üzere, iki kardeşten büyüğü $(5x-7)$, küçüğü $(2x+8)$ yaşındadır. Buna göre, büyük kardeşin yaşı en az kaçtır?",20,21,22,23,24,D
db4b7bd3-fb54-5b9a-9359-8f6f17efd4d9,MATEMATIK,"$f$ ve $g$ gerçek sayılarda tanımlı birer fonksiyon olmak üzere, $f(x) = x^2 - 5x$ $g(x) = x+6$ olduğuna göre, $\frac{f(x)-(f \circ g)(x)}{g(x)-(g \circ f)(x)} \le 0$ eşitsizliğini sağlayan $x$ tam sayılarının toplamı kaçtır?",18,20,22,24,26,B
803a0ef1-6392-5d88-9438-879f70573ad9,MATEMATIK,"$\sin10^\circ = m$ olduğuna göre,
$\cos20^\circ - \sqrt{3}\sin20^\circ$
ifadesinin $m$ türünden eşiti aşağıdakilerden hangisidir?",$2m$,$m$,$\frac{m}{2}$,$\sqrt{1 - m^2}$,$2\sqrt{1 - m^2}$,E
ea7ff1fb-4dad-595a-9e47-f624bde2e4db,GEOMETRI,"Bir ABCDEFGH düzgün sekizgeninde, $[AD]$ ve $[BF]$ köşegenleri çiziliyor. Buna göre, köşegenler arasındaki dar açının ölçüsü kaç derecedir?",45,"52,5",60,"67,5",75,D
6ff85a39-17ee-5b1b-acea-d45de315f9ba,MATEMATIK,$\int_{0}^{4} (|x-3|+x) dx$ ifadesinin değeri kaçtır?,13,9,0,1,4,B
23bb6712-ae28-5917-bad7-27ff2d385391,MATEMATIK,limittinin değeri kaçtır? $\lim_{x \to 0} \frac{(2\sin^2 x - 1)^2 - 1}{\sin 2x \sin x}$,-2,-1,0,1,2,E
808fc44d-1642-5160-8ee0-a9b453f695ba,KIMYA,"Bazı kimyasal tepkimeler şu şekildedir:
• $H_{2(g)} + H_{2(g)} \rightarrow H-H_{(g)} + 450 \text{ kJ}$
• $O_{(g)} + O_{(g)} + 500 \text{ kJ} \rightarrow O-O_{(g)}$
• $2H_{(g)} + O_{(g)} \rightarrow H-O-H_{(g)} + 920 \text{ kJ}$
Buna göre, bu tepkimelerden yararlanılarak,
I. Bağ oluşumu ekzotermiktir.
II. Bağ kopması endotermiktir.
III. $O-H$ bağı $O-O$ bağına göre daha sağlamdır.
IV. $H_{2(g)} + \frac{1}{2}O_{2(g)} \rightarrow H_2O_{(g)}$
tepkimesi için $\Delta H$ değeri $-220 \text{ kJ}$'dir.
yargılarından hangilerine ulaşılabilir?",I ve II,I ve III,"I, II ve IV","II, III ve IV","I, II, III ve IV",C
9d2a435f-d47a-5af8-b15f-a6922e1b894d,MATEMATIK,"Her bir maddeyi ayrı ayrı inceleyelim. Apsisi 1, 2, 3 olan noktaların görüntüleri sırasıyla n, k, m dir.",Yalnız I,Yalnız II,Yalnız III,I ve II,I ve III,A
16132998-80f5-5b12-bed8-272cbbc6b891,MATEMATIK,"$\log_2 (x-2) > 3$
eşitsizliğini sağlayan kaç farklı $x$ tam sayı değeri vardır?",1,3,5,7,9,D
f96de2ed-2888-58bb-9b1a-94b6bf1c8777,MATEMATIK,"$(a_n)$ gerçel sayı dizisinin genel terimi, $(a_n) = (\cos(n^\circ) + \sin(n^\circ))$ olarak veriliyor. Buna göre, $a_{30} + a_{100}$ toplamı kaçtır?",-2\sqrt{3},-\sqrt{3},-\frac{1}{2},1,\sqrt{3},B
a212dcb9-da09-5cf8-a741-7e357d3a9dbc,BIYOLOJI,"Bir glikoz molekülünden oksijenli solunumda, fermantasyona göre daha fazla ATP kazanılmasının nedeni
I. glikozun en küçük yapı taşlarına kadar parçalanması,
II. ETS'nin görev yapması,
III. ETS'de son elektron alıcısı olan molekülün elektron çekim gücünün daha fazla olması
faktörlerinden hangileri olabilir?",II ve III,"I, II ve III",Yalnız I,I ve II,Yalnız III,D
cbf16f3a-73da-5000-ab24-f9a1001f762f,KIMYA,"Bir sulu çözelti mavi turnusol kağıdının rengini kırmızıya dönüştürüyor.
Bu çözeltiyle ilgili;
I. Baz ile tepkimeye girmez.
II. pH değeri 7'den büyüktür.
III. Süspansiyon ile tepkimeye girerek $H_2$ gazı açığa çıkar.
ifadelerinden hangileri doğrudur?",Yalnız I,Yalnız II,Yalnız III,I ve II,II ve III,A
70b95d86-cf13-5f3f-b675-0fd73abbd918,MATEMATIK,$\frac{4 - \sin x \cdot \cos x}{(\cos x + \sin x) \cdot (\cos x - \sin x)}$ ifadesinin eşiti aşağıdakilerden hangisidir?,$2 - \sec 2x$,$\cot 2x$,$\tan 2x$,$2 - \tan 2x$,$2 - \cot 2x$,E
4fd439c0-25d1-5f0b-ae48-2edafd74242d,GEOMETRI,"Dik koordinat düzleminde, $(0, 4)$, $(6, 4)$ ve $(8, 8)$ noktalarında bulunan üç karınca birer doğrultu belirleyip aynı anda ve eşit hızlarla yürümeye başlıyor. Bir süre sonra üç karınca aynı anda bir K noktasında buluşuyor. Buna göre, K noktasının koordinatları toplamı kaçtır?",$6$,$8$,$10$,$12$,$14$,E
02930e61-e0d1-56ac-b60c-3f1fa72be66d,KIMYA,"$Na_2O + 2HNO_3 \rightarrow 2NaNO_3 + H_2O$
Yukarıda verilen tepkime ile ilgili,
I. Asit - baz tepkimesidir.
II. $Na_2O$ bazik oksittir.
III. Oluşan tuzun sulu çözeltisi elektriği iletir.
yargılarından hangileri doğrudur? ($_{11}Na$)",Yalnız I,I ve II,I ve III,II ve III,"I, II ve III",E
705c94d1-863e-5b4c-8565-f9ca3b046594,KIMYA,Aşağıdaki metallerden hangisi derişik $HNO_3$ çözeltisi ile tepkimeye girdiğinde $NO_2$ gazı açığa çıkar?,K,Zn,Cu,Na,Au,C
c9a2a4ae-fd80-5c6f-a344-8c7f05b09772,MATEMATIK,"$2^x = 0,2$ olduğuna göre, $(-2^x)^2 + (2^x)^{-2} \div (2^{-x})^{-1}$ ifadesinin eşit kaçtır?",57,37,27,-27,-37,A
8380232e-fc92-5436-a770-58cfe7792a6c,MATEMATIK,"Bir hastanede doktor olan Özlem ve Fırat'ın arkadaşları ile ilgili bilgiler aşağıda verilmiştir.
• Özlem'in hastanedeki erkek meslektaşlarının sayısı, kadın meslektaşlarının sayısının 3 katıdır.
• Fırat'ın hastanedeki erkek meslektaşlarının sayısı, kadın meslektaşlarının sayısının 2 katıdır.
Buna göre, bu hastanede kaç doktor çalışmaktadır?",9,11,13,15,17,B
f0d7e6f0-fc36-51b8-971b-4203aa6e23c9,GEOMETRI,Dik koordinat düzleminde denklemleri $x^2+y^2+6x-2y-6=0$ ve $x^2+y^2-6x+14y+49=0$ olan çemberlerin arasındaki en yakın ve en uzak mesafeler aşağıdakilerden hangisidir?,3 ve 17,2 ve 16,1 ve 15,4 ve 18,5 ve 19,A
b7eeed1c-9e57-5fc7-a0c9-8f7d9fd3b9fb,MATEMATIK,"Erhan, kilogramını 60 TL'den aldığı yaş üzümü kurutarak kuru üzümün kilogramını 150 TL'den satmaktadır. Erhan'ın tüm kuru üzümlerin satışından elde ettiği kâr %80 olduğuna göre 1 kilogram yaş üzüm kurutulduğunda kaç gram gelmektedir?",520,540,600,640,680,D
c5c613ed-435b-57ec-94ee-708613df8304,MATEMATIK,"$a$ ve $b$ doğal sayılardır. EBOB$(a, b) = 8$ ve EKOK$(a, b) = 240$ olduğuna göre, $a + b$ toplamının en küçük değeri kaçtır?",40,48,56,64,72,B
f4e2fb36-e638-521f-8afd-871ee5acaacb,MATEMATIK,"A ve B, E örnek uzayında iki olay olmak üzere,
$P(A') = \frac{3}{8}$
$P(B) = \frac{1}{4}$
$P(A' \cap B') = \frac{15}{16}$
olduğuna göre, $P(A \cup B)$ kaçtır?",\frac{3}{5},\frac{4}{9},\frac{11}{16},\frac{7}{8},\frac{13}{16},C
aa8b580b-415f-58e6-bd61-0ed9a67a3804,MATEMATIK,"Gerçel katsayılı üçüncü dereceden $P(x)$ polinomunun başkatsayısı, katsayılar toplamına eşittir. $P(-1)=-1$, $P(0)=2$, $P(2)=3$ olduğuna göre, $P(3)$ kaçtır?",12,15,18,21,24,E
11e9a343-26f8-5f52-8245-c97f951b47eb,KIMYA,Aşağıdaki element sembolü-element adı eşleştirmelerinden hangisi yanlış verilmiştir?,Ca / Kalsiyum,P / Platin,Sn / Kalay,Mn / Mangan,Fe / Demir,B
4f8421d5-b8e0-51d7-b66e-c77d766e20c4,KIMYA,"Denklemi verilen tepkimede kullanılan X bileşiği ile ilgili, I. Temizlik malzemelerinin üretiminde kullanılabilir. II. Sulu çözeltisinde kısmen iyonlaşır. III. Tesir değeri 3'tür. yargılarından hangileri doğrudur?",Yalnız I,I ve II,I ve III,II ve III,"I, II ve III",A
456dc2a7-c3e6-5b4d-9c04-2bb45aff9d14,TARIH,"Aşağıdakilerden hangisi Büyük Selçuklu Devleti'nin hüküm sürdüğü yıllarda, ortaya çıkan kollardan biri değildir?",Irak,Kirman,Horasan,Suriye,Türkiye,E
d6a42270-acd9-5a0f-9be2-74e051966f96,MATEMATIK,"Bir emlak ofisi sattığı bir evin satış fiyatı üzerinden hem alıcıdan hem de satıcıdan %2 komisyon almıştır. Emlak ofisinin sattığı bu evden aldığı toplam komisyon 5000 lira olduğuna göre, evin satış bedeli kaç liradır?",110,115,120,125,130,D
e570d4b7-c3a6-58e8-a959-d08726118317,KIMYA,Periyodik tablo ile ilgili yukarıdaki ifadelerden kaç tanesi doğrudur? I. Halojenler metaller ile tuz oluşturur. II. 4A grubunun tamamı metaldir. III. Halojenlerin tamamı bileşiklerinde $1-$ ile $7+$ arasında değerlik alır. IV. B grubu elementleri bileşiklerinde $(+)$ ve $(-)$ değerlik alabilir. V. Tüm periyotlar bir alkali metal ile başlar.,1,2,3,4,5,A
700e20f6-9573-5fe0-bdc3-fd87dacad15f,FIZIK,"Thomas Young, birbiriyle uyumlu ve polarize edilmiş iki ışık kaynağından çıkan ışınları bir ekran üzerine düşürmek suretiyle karanlık ve aydınlık çizgileri elde etmeyi başarmıştır.
Buna göre bu deney ışığın;
I. dalgalar hâlinde yayılma,
II. tanecik özelliği gösterme,
III. girişim yapabilme
olgularından hangilerinin ispatını sağlar?",Yalnız I,I ve II,I ve III,II ve III,"I, II ve III",C
b14e7fc3-ac70-5809-98db-ed1a9a42c558,MATEMATIK,"Boyları farkı $20 \text{ cm}$ olan A ve B fideleri aynı anda birer saksıya dikilmiştir. Bir süre sonra A fidesinin boyunda $15 \text{ cm}$ artış olmuş, B fidesinin boyu $2$ katına çıkmış ve bu durumda fidelerin boyları farkı $30 \text{ cm}$ olmuştur.

Buna göre, B fidesinin saksıya dikildiği andaki boyunun $\text{cm}$ türünden alabileceği değerlerin toplamı kaçtır?",$105$,$100$,$95$,$90$,$85$,B
7bb77b40-90de-5b45-bade-d1dc30ffb788,MATEMATIK,"Bir seyyar satıcı belirli bir haftanın her gününde tezgahında bulunan cüzdanların $\frac{1}{5}$'ini satmış ve sonraki gün için sattığı cüzdanların iki katı kadar daha tezgahına cüzdan eklemiştir.
Bahsedilen haftanın dördüncü günü henüz hiç satış yapılmamışken seyyar satıcının tezgahında 216 adet cüzdan olduğuna göre, haftanın ilk günü henüz satış yapılmamışken seyyar satıcının tezgahında kaç adet cüzdan bulunuyordu?",125,120,100,80,75,A
bcea7b6e-facb-52ca-9746-f8827beb4834,MATEMATIK,Dosya indirme hızı $2^N$ MB/sn. olan bir tabletin 32 GB'lık bir dosyayı indirmeye başladıktan 8 saniye sonra hızı yüzde kaç artırılırsa dosyanın tamamı 12 saniyede indirilmiş olur? ($1 \text{ GB} = 1024 \text{ MB}$),25,50,80,100,200,D
d26547cb-d74d-570b-81ba-25f7325f2f4c,MATEMATIK,"$f$ ve $g$ gerçel sayılarda tanımlı birer fonksiyon olmak üzere, $\lim_{x \to 1} \frac{f(x)}{x^3} = 4$ ve $\lim_{x \to 1} \frac{g(x)}{1-x^2} = 6$ eşitlikleri veriliyor. Buna göre, $\lim_{x \to 1} \frac{f(x)}{1+g(x)}$ limitinin sonucu kaçtır?",$-2$,$-\frac{3}{2}$,$-1$,$0$,$\frac{1}{2}$,C
a1a96ec2-830a-5dd0-8d1c-0070182c8c11,MATEMATIK,"$\bigstar, \bigcirc, \triangle, \square$ ve $\bigotimes$ sembollerinden her biri farklı bir rakamı gösterecek şekilde $1, 2, 3, 4$ ve $5$ rakamları ile eşleştirildiğinde, $\bigotimes \bigstar \bigcirc \triangle \square$ ve $\bigotimes \bigstar \bigcirc$ sayılarının en küçüğü $13$, en büyüğü $53$'tür. $\square - \triangle = 2$ olduğuna göre, iki basamaklı $\bigcirc \bigcirc$ doğal sayısının alabileceği değerleri bulunuz.",1,"1, 11","2, 25 veya 52","3, 1, 9","4, 197",C
66e34d86-781c-5072-bca5-d99f9ac722e0,KIMYA,A maddesinin sudaki çözünme denklemi aşağıdaki gibidir. $A(k) + H_2O(s) \rightleftharpoons B^{2-}(suda) + 2OH^-(suda)$ Buna göre A maddesi ile ilgili aşağıdakilerden hangisi doğrudur?,Sulu çözeltisi ele kayganlık hissi verir.,$25^\circ C$'de sulu çözeltisinin pH değeri $7$'den küçüktür.,$NaOH$ çözeltisi ile nötrleşme tepkimesi verir.,Sulu çözeltisine kırmızı turnusol kağıdı batırıldığında zaman renk değişimi olmaz.,$C_2H_5OH$ maddesidir.,A
9a59ef14-a8da-5735-bf12-b877cddde6bc,MATEMATIK,"$x^2-y^2=(x-y)(x+y)$ olduğuna göre,
$$\frac{(71)^2-(61)^2}{71-61}$$ işleminin sonucu kaçtır?",61,6+6!,71,6-7!,81,E
b7cba534-53d7-5f50-8b15-97dcf00a200f,MATEMATIK,"Gerçel sayılar kümesi üzerinde tanımlı $f$ fonksiyonu için,
$d(f(x)) = 4 \cdot dx$
eşitliği veriliyor.
Buna göre, $y = f(x)$ fonksiyonu aşağıdakilerden hangisine eşit olabilir?",$x^2$,$x^2 - 1$,$4x + 3$,$4x^2$,$4x^2 + 1$,C
5118ad62-bf5b-5097-a295-dce177e1fc6c,KIMYA,CH$_3$-C(=O)-H bileşiği ile ilgili aşağıdakilerden hangisi yanlıştır? (H$_4$C$_2$O),Yaygın adı asetaldehittir.,Molekülü polardır.,Tollens ayracı ile tepkimesi sonucu asetik asit oluşur.,Aynı koşullarda kaynama noktası etanolün büyüktür.,Su molekülleri ile hidrojen bağı oluşturur.,D
75c00137-c853-50af-ad53-0113d2b9f289,MATEMATIK,"$a, b, c$ birer gerçek sayı olmak üzere, $a^3 \cdot b^5 < 0$, $b+c < 0$, $a+c < 0$ olduğuna göre, $a, b$ ve $c$ sayılarının işaretleri sırasıyla aşağıdakilerden hangisidir?","$-, -, -$","$+, -, -$","$+, +, -$","$-, -, +$","$-, +, +$",B
edfd156a-77cf-5dab-9886-49cac4add427,MATEMATIK,"$|x-3|=3-x$ olduğuna göre, $x$ aşağıdakilerden hangisi olamaz?",-5,-2,-1,3,4,E
bd6197c6-8ebc-5c12-9a19-0509e50a1e11,FIZIK,"Mekanik dalga ve elektromanyetik dalgaların ortak özellikleriyle ilgili,
I. Enerji taşırlar.
II. Boşlukta yayılabilirler.
III. Frekansı değiştiğinde dalga boyu değişir.
yargılarından hangileri doğrudur?",Yalnız I,Yalnız II,I ve II,II ve III,I ve III,E
cf2e47aa-9ae4-5c23-b4b9-267f0eb44630,MATEMATIK,"Genel terimi, $a_n = 2^{p-n} \cdot n!$ şeklinde verilen $(a_n)$ dizisinde, $a_3 = 24$ olduğuna göre, $a_1+p$ toplamı kaçtır?",90,120,130,160,180,B
0a13d7e2-c3ca-5a3d-a579-d51f745b9932,MATEMATIK,"$a \le b$ olmak üzere, I. $\left| \int_{a}^{b} f(x)dx \right| < \int_{a}^{b} |f(x)|dx$ II. $\int_{a}^{b} f(x)dx = \int_{a}^{b} f(-x)dx$ ise $f(x)$ çift fonksiyondur. III. $\int_{a}^{b} f(x)dx > \int_{a}^{b} f(x)dx$ ise $h \ge c$ dir. ifadelerinden hangileri kesinlikle doğrudur?",Yalnız I,Yalnız II,I ve II,I ve III,II ve III,A
feb6d6d6-06d4-5da7-bae5-5fac68dc7650,MATEMATIK,"Asuman 10.40'daki hastane randevusu için bulunduğu konumdan başlayıp hastane önünde bitecek yolu; \begin{itemize} \item ortalama hızı $36 \text{ km}$ olan tramvayla giderse randevuya $20 \text{ dk}$ geç, \item ortalama hızı $30 \text{ km}$ olan otobüsle giderse randevuya $10 \text{ dk}$ erken ulaşacağını hesaplamıştır. \end{itemize} Asuman, her iki durumda bulunduğu yerden aynı saatte hareket edeceğini varsaydığına göre, bu hareket saati kaçtır?",$09.55$,$09.45$,$09.30$,$09.20$,$09.00$,A
48665e36-0fbc-507d-8d1e-504af5b9cc64,MATEMATIK,"Bir pastaneye gelen 1., 2. ve 3. müşterilerin aldıkları baklava miktarı, pastaneye geliş sıraları ile ters orantılıdır. Bu üç müşterinin aldığı toplam baklava miktarı 11 kg olduğuna göre, en az baklava alan müşteri kaç kg baklava almıştır?",1,2,3,4,6,B
43aa3abd-6ddf-5c0e-998c-5ae5a9e8eaef,MATEMATIK,"$A(a, b)$ noktası birim çember üzerinde ve $a \cdot b = -\frac{\sqrt{15}}{16}$ olduğuna göre, $a+b$ toplamının pozitif değeri kaçtır?",$\frac{\sqrt{5}+1}{4}$,$\frac{\sqrt{7}+1}{4}$,$\frac{\sqrt{15}-1}{4}$,$\frac{\sqrt{15}+1}{4}$,$\sqrt{15}-1$,D
edcb3e28-a268-57c2-8b65-563393ec004d,MATEMATIK,"Gerçel sayılarda sürekli bir $f$ fonksiyonunun grafiği dik koordinat düzleminde $y$-eksenine göre simetriktir. Buna göre, tüm $a$ gerçel sayıları için I. $\lim_{x \to a} \frac{f(x)}{f(-x)} = 1$'dir. II. $\lim_{x \to a} f(x) = \lim_{x \to -a} f(x)$'tir. III. $\lim_{x \to a^+} f(x) = \lim_{x \to a^-} f(x) > 0$'dır. ifadelerinden hangileri kesinlikle doğrudur?",Yalnız I,Yalnız II,Yalnız III,I ve II,I ve III,D
bc23d870-99e5-54bb-b70e-b4723c0e34e1,TURKCE,"Aşağıda verilen dizelerin hangisinde ""-ki"" eki ilgi zamiri olarak kullanılmamıştır?",Aşkımız bize yeterken Başkalarınınki düşünmek aptallık,Dünyanın derdiyle yoğrulmuşum Seninki bana ödül gibi gelir,"Anlatamam derdimi kimseye Benimki, yaşamak değil",Dünya bir yana sen bir yana Tüm umutlar gönlümdeki aşkına,"Senin dünyan toz pembe, ışık ışık Benimki gri, ümitsiz ve bulanık",D
1de69102-167a-570a-aed2-fb42490e74a3,MATEMATIK,"A ve B şirketleri, kuruluşlarından itibaren aynı sektörde kesintisiz olarak faaliyet göstermektedir. 2021 yılında bu iki şirketin sektörde geçirdikleri süreler hesaplanmıştır. Bu hesaba göre A şirketinin sektörde geçirdiği süre, B şirketinin sektörde geçirdiği sürenin 5 katıdır. Aynı hesap 2021 yılında yapıldığında, A şirketinin sektörde geçirdiği süre, B şirketinin sektörde geçirdiği sürenin 4 katı olarak hesaplanmıştır. Buna göre A şirketi hangi yıl kurulmuştur?",1964,1968,1972,1976,1980,D
4cffd716-01d8-5e56-bd4d-ba295eb46abc,MATEMATIK,"$ 2^{x^2} \cdot 4^{x^2-1} = 8 $ olduğuna göre, $x$ kaçtır?",1,3,9,27,81,C
60f3e97f-0d46-51e3-942a-eac7dd882f48,GEOMETRI,"ABC üçgen, $|AB|=|AD|$, $|BD|=2\cdot|AC|$, $m(\widehat{ACD})=50^\circ$
olimits
 olduğuna göre, $m(\widehat{ABC})=x$ kaç derecedir?",25,45,40,50,30,E
e57a5223-2652-5c33-9247-7feffd36c6ff,MATEMATIK,"Bir taşıma şirketine gelen özdeş 5 kolinin her birinin içerisinde 36 kutu, her kutuda 45 makara ve her bir makarada sarılı 100 metre iplik vardır. Buna göre, bu kolilerde toplam kaç metre iplik vardır?",$60^2$,$30^4$,$60^4$,$120^2$,$150^2$,C
6c43a6fd-632f-5406-badb-5ce83e538980,EDEBIYAT,"Gazeteci: —Sizi tanıyabilir miyim efendim? Sanatçı: —Ben, sanata, köyümde ilkokul öğrencisiyken hece ölçüsüyle şiirler yazarak başladım. 15-16 yaşımdan beri hayata hep yazma açısından bakıyorum. İlk şiirim 1946'da Eskişehir'de yayımlanan Türkçe Doğru dergisinde çıktı. Adı Fesleğen Kokuluma idi. Ama ilk şiirim bu değildir. İlk şiirim, ölen öküzümüzün yeni ne aldığımızı bir tosuniye edinmeyi, sanırım: “Yüz kırk liradır değerin / seni her yerde överim...” Köy Enstitüsü kişiliğimi bulmama, yazmada ilerlememe çok yardım etti. Köy yaşamını anlattığım ve bütünüyle köylüyü yazıya yazdığım Yılanların Öcü romanımdan sonra roman yazmaya yöneldim ve birçok roman yazdım. Roman ve öykülerim toplumu gerçekçi bir anlayışla kaleme aldım. Bu parçada kendinden söz eden sanatçı aşağıdakilerden hangisidir?",Fakir Baykurt,Orhan Kemal,Kemal Tahir,Sadri Ertem,Abbas Sayar,A
0910f5db-1ec3-5e96-bc74-c1ed75937b3a,MATEMATIK,"$f(x) = x^3 - 3x^2$ fonksiyonu için I. $(-\infty, 0)$ aralığında artandır. II. 2 tane ekstremumu vardır. III. 3 tane $x$ gerçek sayısı için türevi yoktur. ifadelerinden hangileri kesinlikle doğrudur?",Yalnız II,I ve II,Yalnız III,II ve III,"I, II ve III",A
d23f519a-c601-591e-ba62-b754dd6b79a1,MATEMATIK,"$2x-y=4$ ve $3y-ax=9$ denklem sisteminin çözüm kümesi boş küme olduğuna göre, a kaçtır?",6,4,2,-4,-6,E
01f62e7b-b3fb-5bf0-bb95-00347f21f432,TURKCE,"(I) John B. Watson insan davranışlarını açıklamak için davranışçılık kuramı geliştirildi. (II) Davranışçı psikolojiye göre nesnel yöntemlerle gözlemlenemeyen zihinsel süreçlerin incelenmesinin bir anlamı yoktu. (III) Pavlov, Skinner gibi bilim insanlarının Watson'ın görüşlerine katılmasıyla kuram yaygınlık kazandı. (IV) Davranışçı psikoloji öğrenmeyi, uyarıcı ve tepki arasındaki bağla açıklayarak psikolojistik görüşler bölüntü çizginin geçerli olmadığını ileri sürdü. (V) Uyarıcı olarak nitelendirilen çevresel faktörler, kişilerin olumlu veya olumsuz davranışlara neden oluyor. (VI) Olumsuz davranışlara yol açan uyaranlar kaldırılarak olumlu davranışları oluşturanlar eklendiğinde bireyin kendini geliştirmesi bekleniyordu. Bu parça iki paragrafa ayrılmak istense ikinci paragraf numaralanmış cümlelerin hangisiyle başlar?",II,III,IV,V,VI,C
decf84c2-5aa4-570d-a9cc-1cb62ca34383,KIMYA,"I. Mikrop öldürücü olma
II. Ağartıcı etki gösterme
III. Hipoklorit iyonu ($OCl^-$) içerme
Hangileri kireç kaymağı ve çamaşır suyunun ortak özelliklerindendir?",Yalnız I,Yalnız II,I ve II,I ve III,"I, II ve III",C
50951ce1-1f03-5818-9b38-6ca17f945997,KIMYA,Aşağıdaki atom modelleri ile ilgili verilen bilgilerden hangisi yanlıştır?,Dalton: Atomlar içi dolu parçalanamayan kürelerdir.,"Thomson: Atom, içinde gömülmüş hâlde elektronlar bulunan $(+)$ yüklü bir küre şeklindedir.",Rutherford: Atomdaki elektronların tamamı çekirdek adı verilen çok küçük bir hacimde toplanmıştır.,Bohr: Bir atomdaki elektron çekirdekten belirli uzaklıklardaki dairesel yörüngelerde hareket eder.,Modern: Elektronların çekirdek etrafında bulunmaları elektron bulutu modeli ile açıklanır.,C
2cc71469-4048-5720-b761-1f7420d1f2e0,MATEMATIK,"a ve b gerçel sayılar olmak üzere gerçel sayılar kümesi üzerinde $f(x) = \begin{cases} x^2-ax+6 & , x \le a \\ -2x+a & , a < x < b \\ 11-2x & , x \ge b \end{cases}$ biçiminde tanımlanan $f$ fonksiyonunun, tanım kümesi üzerinde sürekli olduğu biliniyor. Buna göre a-b çarpımı kaçtır?",4,6,8,10,12,D
ad46c547-c3d0-5caf-9b41-230037d8479f,FIZIK,"Fizikte kuvvetler, temas gerektiren ve temas gerektirmeyen kuvvetler olarak ikiye ayrılır.
Buna göre,
I. Balkondan serbest bırakılan anahtara, yerçekimi tarafından uygulanan kuvvet
II. Suda yüzen şişe mantarına, su tarafından uygulanan kuvvet
III. Yazı yazılan bir kalemi, kağıt üzerinde hareket ettiren kuvvet
örneklerinden hangilerinde, temas gerektiren kuvvetten bahsedilmiştir? (Sürtünmeler önemsizdir.)",Yalnız II,Yalnız III,I ve II,I ve III,II ve III,B
b7909ec4-17dc-53a8-925b-196d629ae54c,KIMYA,"$Ag_2SO_4$ tuzunun $T^{\circ}C$'de saf sudaki çözünürlüğü $1 \cdot 10^{-5}$ mol/L'dir. Buna göre, $Ag_2SO_4$ tuzunun çözünürlük çarpımı $(K_{çç})$ kaçtır?",$1 \cdot 10^{-5}$,$4 \cdot 10^{-5}$,$1 \cdot 10^{-10}$,$4 \cdot 10^{-10}$,$4 \cdot 10^{-15}$,E
42e60a4b-01f6-5063-9699-dcb752a78c09,KIMYA,"Temizlik maddesi olarak kullanılan sabun ile ilgili,
I. Tadı ekşidir.
II. Sulu çözeltisi ele kayganlık hissi verir.
III. Sulu çözeltisine $OH^-$ iyonu verir.
yargılarından hangileri doğrudur?",Yalnız I,Yalnız II,I ve III,II ve III,"I, II ve III",D
202cb1a9-2070-52b3-8aab-046ac0affbaf,MATEMATIK,"Aşağıda 2023 yılında Mehmet'in telefonuna bir GSM operatöründen gelen mesaj görseli verilmiştir. Bu mesajı alan Mehmet: ""Keşke şimdikinden 6 yıl daha önce bu operatöre üye olsaydım kazandığım internetin GB türünden miktarı bugün kazandığım miktarın 2 katından 6 GB eksik olacaktı."" demiştir. Buna göre, Mehmet bu GSM operatörüne kaç yılında abone olmuştur?",2015,2016,2017,2018,2019,A
494abc93-8ab9-5bc5-9f93-65cfaa5d49b4,MATEMATIK,"$n$ pozitif bir tamsayı olmak üzere, $\sum_{k=1}^{n} [(-1)^{k+1} \cdot k] = 10$ eşitliği veriliyor. Buna göre, $n$ kaçtır?",18,19,20,21,22,C
e0d73595-ee3f-5d5f-9c4e-9a28adf3bfe1,KIMYA,I. $C_2H_5OH$ II. $CH_3CHO$ III. $CH_3COOH$ Yukarıdaki organik bileşiklerin aynı sıcaklıkta buhar basınçları arasındaki ilişki aşağıdakilerden hangisi doğru verilmiştir?,I > II > III,II > I > III,III > II > I,II > III > I,III > I > II,B
c2889b15-09d2-5f19-94bf-30cbd8475a0e,MATEMATIK,$\frac{\sqrt{96}}{5\sqrt{3}}$ işleminin sonucu kaçtır?,4,$\frac{B}{4}$,3,$\frac{5\sqrt{2}}{2}$,2,B
214ea72b-c068-5fd1-b0ec-7cf33e0d10c6,MATEMATIK,"Çözüm kümesi $\left\{1, \frac{1}{3}, 2\right\}$ olan ikinci dereceden bir bilinmeyenli rasyonel katsayılı denklem aşağıdakilerden hangisidir?",$x^2+6x-1=0$,$x^2-6x+6=0$,$6x^2-x-1=0$,$6x^2+x+1=0$,$6x^2+x-1=0$,C
5bba94a1-c52e-5429-be1e-04cb2ad81f07,MATEMATIK,$3 \cdot (m-2) + 6 \cdot (m+1) = 3 \cdot (m+6)$ olduğuna göre çözüm kümesi aşağıdakilerden hangisidir?,{3},{6},{9},{12},{18},A
c72cedf6-32fd-563b-845c-f9fe45c2f4af,MATEMATIK,"$P(x)$ bir polinomdur.
$P(2x+1)=P(1)-x+P(0)+1$
olduğuna göre, $P(3)$ kaçtır?",3,4,5,6,7,C
196f2b1e-1b63-5f7a-9390-fa6af2a837f4,KIMYA,"Bir öğretmen entalpi konusunu anlatırken şu örnekleri veriyor:
• $25^\circ C$'de $100$ gram suyun sıcaklığını $50^\circ C$'ye çıkarmak için verilmesi gereken ısı ile $25^\circ C$'de $100$ gram alkolün sıcaklığını $50^\circ C$'ye çıkarmak için verilmesi gereken ısı değerleri birbirinden farklıdır.
• $25^\circ C$'de $100$ gram suyun sıcaklığını $50^\circ C$'ye çıkarmak için verilmesi gereken ısı ile $25^\circ C$'de $100$ gram suyun sıcaklığını $50^\circ C$'ye çıkarmak için verilmesi gereken ısı değerleri birbirinden farklıdır.
• $25^\circ C$'de $100$ gram suyun deniz seviyesinde kaynatmak için verilmesi gereken ısı ile $25^\circ C$'de $100$ gram suyu Ankara'da kaynatmak için verilmesi gereken ısı değerleri birbirinden farklıdır.
• $0^\circ C$'de $100$ gram buzun sıcaklığını $25^\circ C$'ye çıkarmak için verilmesi gereken ısı ile $0^\circ C$'de $100$ gram suyun sıcaklığını $25^\circ C$'ye çıkarmak için verilmesi gereken ısı değerleri birbirinden farklıdır.
• $0^\circ C$'de $100$ gram suyun sıcaklığını $50^\circ C$'ye çıkarmak için verilmesi gereken ısı ile $0^\circ C$'de $100$ gram suyun sıcaklığını önce $15^\circ C$'ye, ardından $50^\circ C$'ye çıkarmak için verilmesi gereken toplam ısı değeri aynıdır.
Buna göre entalpi ile ilgili aşağıdakilerden hangisi yanlıştır?",Maddelerin cinsine bağlıdır.,Maddelerin fiziksel hâline bağlıdır.,Sıcaklığa bağlıdır.,Basınca bağlı olabilir.,Tepkimenin izlediği yola bağlıdır.,E
c8e92956-a297-56bd-8842-7d2cc684d396,MATEMATIK,"Bir hareketli A şehrinden B şehrine saatte 90 km süratle 8 saatte gidiyor.
Aynı yolu 18 saatte dönebilmesi için saatteki süratini kaç kilometre azaltmalıdır?",38,40,45,48,50,C
c2a4fe03-10e0-5b83-998d-4f90864c63da,FIZIK,Piezoelektrik olay ile elektrik üretimi I. Mikrofon II. Hoparlör III. Baskül cihazlarının hangilerinde kullanılır?,Yalnız I,Yalnız II,I ve II,I ve III,II ve III,D
b8add499-6bbd-5ad3-be4a-440d589e0960,MATEMATIK,"Yukarıda üzerinde mutlak değer işlemi de olan profesyonel bir hesap makinesinin üzerindeki bazı tuşlar sarı renkle boyanmıştır. Kaan hesap makinesinde soldan sağa doğru sırasıyla aşağıdaki tuşlara birer kez basıyor.
Kaan makine üzerindeki sarı renkli tuşların her birine sadece bir kez bastığına göre, hesap makinesinin ekranında görünen sayı en fazla kaç olur?",10,37,57,75,99,E
44c659b9-763a-56fe-a4a7-8b3985cfba60,MATEMATIK,"$17,548$ ondalık sayısında; onda birler basamağındaki rakamın sayı değeri ile binde birler basamağındaki rakamın basamak değerinin çarpımı kaçtır?","0,02","0,04","0,2","0,4","0,8",B
bf7afb25-9b97-5123-b095-ac3c7f46d5b2,MATEMATIK,"Dik koordinat düzleminde $f(x)=mx^2+6x$ fonksiyonunun grafiğine $(1, f(1))$ noktasında çizilen teğet doğrusu $f(x)-2+4$ fonksiyonunun grafiğine teğettir. Buna göre, $m$ kaçtır?",-4,-3,-2,1,4,B
631996c6-b680-5118-83f1-edb04a6f41df,MATEMATIK,"$f(3x-2)=13x^2+x-2$ olduğuna göre, $f'(1)+f(1)$ toplamı kaçtır?",12,14,17,20,21,C
87d26f19-3590-5f6a-a913-3b66b7c2f0c2,KIMYA,"0,1 molar 400 mL HBr çözeltisi ile 0,1 molar 200 mL NaOH çözeltisi karıştırılıyor.
Buna göre, oluşan karışım ile ilgili,
I. pH > 7'dir.
II. Kırmızı turnusol kâğıdının rengini maviye çevirir.
III. $[H^+] > [OH^-]$'dir.
yargılarından hangileri doğrudur?",Yalnız I,Yalnız II,I ve II,I ve III,"I, II ve III",D
5b6c3333-2eff-5b89-bdf0-4e75eb8ebce9,MATEMATIK,"Dik koordinat düzleminde $a < b < 0 < c < d$ olmak üzere $f(x) = ax^2$, $g(x) = bx^2$, $h(x) = cx^2$ ve $k(x) = dx^2$ fonksiyonlarının grafikleri verilmiştir. Buna göre, I. $f(-1) > h(-2)$ II. $f(1) ullet g(2) < f(1)$ III. $(k(-2) - h(-2)) > h(1)$ ifadelerinden hangileri doğrudur?",Yalnız I,Yalnız II,Yalnız III,II ve III,"I, II ve III",B
37b50caf-050b-5b18-90c0-06c2453be614,KIMYA,"Hidrojen florür (HF), standart şartlarda gaz hâlde bulunan ve suda çözünebilen bir maddedir. Hidrojen florürün sulu çözeltisi ile ilgili aşağıdaki ifadelerden hangisi yanlıştır?",Cam yüzeyleri aşındırır.,Sulu NaOH çözeltisi ile tepkimesinden tuz ve su oluşur.,Mavi turnusol kâğıdının rengini kırmızıya çevirir.,Aktif metallerle tepkimeye girerek $H_2$ gazı açığa çıkarır.,$25^\circ C$'de pH değeri 7'den büyüktür.,E
91809c18-9756-5b34-aea2-59beea2c9fb7,MATEMATIK,"$*A_y$ ifadesi $\frac{A^{x+y}}{(x+y)^A}$ sonucunu vermektedir. Örneğin: $3^2_4 = \frac{3^{2+4}}{(2+4)^3} = \frac{3^6}{6^3}$ oluyor. $K = 2^4_5$, $L = 2^7_1$, $M = 4^9_2$ olduğuna göre, aşağıdakilerden hangisi doğrudur?",$K < L < M$,$L < K < M$,$L < M < K$,$M < L < K$,$M < K < L$,A
fdd6fd21-9905-59b9-bf7e-a8c90a21ff05,MATEMATIK,"$f(x) = x^3 - ax + 1$ fonksiyonunun $x=1$ apsisli noktasından çizilen teğeti $x$ ekseni ile pozitif yönde $135^\circ$ lik açı yaptığına göre, $a$ kaçtır?",5,4,3,2,1,B
fc4de21f-e786-5ac3-a928-718865f23f79,MATEMATIK,"$\int_{-1}^1 (1+x^2) \cdot f'(x) dx = 8$ olduğuna göre, $\int_{-1}^1 (2-x^2) \cdot f'(x) dx$ integralinin değeri kaçtır?",2,4,6,8,10,B
e2f226bf-74a1-55a9-adde-e1bff56e25c5,MATEMATIK,"$x^2-5x+a+1=0$ denkleminin kökleri $x_1$ ve $x_2$ arasında $2x_1+x_2=6$ bağıntısı olduğuna göre, $a$ kaçtır?",-2,3,4,5,-3,A
62e0b934-f8b3-53e2-b459-d3c84dd9f21b,KIMYA,"25 $^{\circ}\mathrm{C}$'de 0,5 molar XOH zayıf bazının pH değeri kaçtır? (XOH için $\mathrm{K}_{\mathrm{b}} = 2 \cdot 10^{-5}$)",3,5,6,10,11,E
a40436ba-c851-503e-a7c4-7133aed15209,MATEMATIK,limit $x \to 2 \frac{2x-4}{|x^2-4|}$ ifadesinin değeri kaçtır?,-2,2,$\frac{4}{2}$,$-\frac{1}{2}$,Yoktur,D
d2223db0-b630-54af-8fcc-26675a522262,MATEMATIK,"$a$ ve $b$ birer gerçel sayı olmak üzere, gerçel sayılar kümesi üzerinde bir $f$ fonksiyonu, $f(x) = a \cdot x^3 + b \cdot x^2 - 4x + 1$ biçiminde tanımlanıyor. $f(1) = 17$, $f'(1) = 22$ olduğuna göre, $a \cdot b$ çarpımı kaçtır?",3,5,6,7,9,C
94196883-8a2c-554c-bbf1-e3d687ea17d0,MATEMATIK,Tam sayıların karesi alınarak oluşturulan sayı dizisine karesel sayı dizisi denir. Buna göre $(a_n)$ karesel sayı dizisi için $a_{17}-a_{15}$ farkı aşağıdakilerden hangisidir?,$a_5$,$a_6$,$a_7$,$a_8$,$a_9$,D
87a604b3-61e6-5226-b06a-fa01d563cecb,MATEMATIK,"$x>4$ olmak üzere, $3x-|3x-12|+5x$ ifadesinin eşiti aşağıdakilerden hangisidir?",$5x-12$,$x+12$,$5x+12$,$8x+12$,$12-5x$,C
6433162c-27b5-5c16-8b21-1dd56405c9a6,MATEMATIK,$f(x) = \frac{x^4}{12} - \frac{x^3}{6} - x^2 + 5$ olmak üzere $f'(x)$ fonksiyonunun hangi apsisli noktada yerel maksimum değeri olur?,1,0,-1,-2,2,C
3bce3ad8-9584-5c2d-973a-4b91c2aac187,MATEMATIK,"$A = 9 + 15 + 21 + ... + 99$
$B = 5 + 11 + 17 + ... + 95$
olduğuna göre, B'nin A türünden eşiti aşağıdakilerden hangisidir?",$A + 40$,$A - 40$,$A + 64$,$A - 64$,$A + 46$,D
990ba163-42c6-53a5-bf01-5e363b6c23aa,GEOMETRI,"$m$ ve $n$ birer gerçek sayı olmak üzere, analitik düzlemde verilen $(m+2)x^2+(m-4)xy+8y^2-x+2y-1=0$ denklemi gerçek çember belirttiğine göre, $\frac{m}{n}$ oranı kaçtır?",$\frac{1}{5}$,$\frac{1}{4}$,$\frac{2}{3}$,$\frac{3}{2}$,5,A
6f255cb5-c9b9-59c7-ba82-eb448352a65e,MATEMATIK,"$P(x) = x^3 - 4x^2 + 3x - 6$ polinomu veriliyor. $Q(x+2) = P(x-1)$ olduğuna göre, $Q(x)$ polinomunun katsayılar toplamı kaçtır?",-8,-4,-2,2,8,A
38c9e640-11c5-5f1e-b623-84dbb61eb02b,MATEMATIK,"Uygun koşullarda tanımlı $y=f(x)$ fonksiyonu, $f(x)=x+4 \cdot \int_{0}^{1} f'(x)dx$ eşitliğini sağlamaktadır. Buna göre, $\int_{0}^{1} f'(x)dx$ kaçtır?",-3,-2,-1,0,1,C
39c1a95f-cff8-5647-bd6b-49d2687dc5f5,MATEMATIK,"$y = f(x)$ fonksiyonunun grafiği y eksenine göre simetriktir. $f(x) = (2a-4)x^3 + (a-3)x^2 + (2b-8)x + b + 1$ olduğuna göre, $f(-2)$ değeri kaçtır?",-2,-1,1,2,3,E
751d4ee9-3ec4-5f59-ada7-b48ac56c3669,BIYOLOJI,"İnsan kemik iliğindeki bir hücreden, olgun alyuvarların üretilmesi sırasında gerçekleşen bazı olaylar aşağıdaki gibidir.
Buna göre, aşağıdaki olaylardan hangisi diğerlerinden sonra gerçekleşir?",Hücre çekirdeklerinin eriyerek kaybolması,İç bükey disk şeklindeki alyuvarların kana verilmesi,Alyuvar içinde kullanılacak globin proteinin ribozomlarda sentezlenmesi,Kemik iliğindeki ana hücrelerin mitoz bölünmeyle çoğalması,Solunum pigmenti olan hemoglobinin sentezlenmesi,B
37a6e9a9-b27e-50be-95ff-52f422bb8b14,FIZIK,"Ses yalıtımı sağlamak için;
I. çift camların arasına boşluk oluşturulması,
II. odaların tabanlarına halı, kilim serilmesi,
III. binalarda delikli tuğla kullanılması
işlemlerinden hangileri yapılabilir?",Yalnız I,Yalnız II,I ve III,II ve III,"I, II ve III",E
2830f133-9cdc-54e9-ada4-b37cfd2d457d,MATEMATIK,"$x \in (0, \pi)$ olmak üzere, $|\cos x| = \sin 36^{\circ}$ eşitliğini sağlayan $x$ değerlerinin toplamı kaçtır?",$\frac{\pi}{3}$,$\frac{\pi}{2}$,$\pi$,$\frac{3\pi}{2}$,$2\pi$,C
e7b0b04a-700b-5199-bad4-05ea7131507a,MATEMATIK,"$\Delta (ab) = 0,00...0b$ şeklinde tanımlanmıştır.
Buna göre, $\frac{\Delta (38)}{\Delta (12)}$ işleminin sonucu aşağıdakilerden hangisine eşittir?",$\Delta (22)$,$\Delta (12)$,$\Delta (14)$,$\Delta (24)$,$\Delta (21)$,C
c0cedc6b-f16e-5ca2-931a-aebd82e03390,MATEMATIK,f(x) = log$_3$|$x^2 - 6x|$ fonksiyonunun en geniş tanım kümesi aşağıdakilerden hangisidir?,"(3, $\infty$)","(6, $\infty$)","(3, $\infty$) - {4}","(3, $\infty$) - [4, 6)","(6, $\infty$) - {4}",D
bccf50e0-3cb3-5d92-8454-2f4bdfb17ea6,MATEMATIK,İşleminin sonucu kaçtır? $\frac{(\frac{1}{5})^{-3}}{:25}$,10,5,$\frac{1}{5}$,$\frac{1}{10}$,$\frac{1}{25}$,B
cf09e126-1f45-5f6a-a2dc-a1438c4d1ebd,MATEMATIK,"Pozitif gerçek sayılar kümesi üzerinde tanımlı $f$ fonksiyonu için $f(x+1) = x \cdot f(x)$ ve $f(3) = 12!$ olduğuna göre, $f(1)$ kaçtır?",10,11,12,13,14,B
8ae2cb93-b706-57d2-b0ac-fc481676b29f,COGRAFYA,"Coğrafya öğretmeni Akif Bey, iklim ve iklim elemanları konusunu işlerken aşağıdaki yargı cümlelerini kurmuş ve öğrencilerinden bununla ilgili çıkarımlar yapmasını istemiştir.
""Çocuklar! Atmosferin nem derecesi, yeryüzünde sıcaklığın dağılımını etki etmektedir.""
İkbal: Nem bir yerde, fazla ısınma ve soğumayı önleyerek günlük ve yıllık sıcaklık farkını azaltır.
Gizem: Ekvatoral bölge güneş ışınlarını dik ve dike yakın açılarla aldığı hâlde dünyanın en sıcak yeri değildir.
Burak: Çöllerde gece ile gündüz arasında aşırı sıcaklık farkları oluşur.
Ahmet: Yükselen hava kütlesi soğur ve yoğunlaşarak yağış oluşturur.
Yeşim: Kış mevsiminde havanın bulutlu olduğu günler daha ılık, bulutsuz olduğu günler kuru ve ayazdır.
Buna göre, öğrencilerden hangisi, nemliliğin sıcaklık üzerindeki etkisiyle ilgili verilen örnekten yanlış bir çıkarım yapmıştır?",Gizem,Ahmet,İkbal,Burak,Yeşim,A
c6b795d2-e1fa-5361-9e02-72a26203ee81,GEOMETRI,"Öğretmenin tahtaya yazdığı yukarıdaki soruda altı çizili kısmı dıştan bölen olarak okuyan Kasım, işlem hatası yapmadan sonucu buluyor.
Buna göre, Kasım'ın bulduğu sonuç doğru sonuçtan kaç fazladır?",14,15,16,17,18,C
b256b874-45a3-5bde-af5c-bd1033ecb6cc,MATEMATIK,"Kumbarasını açan Hülya $5$ TL'lik banknotları ikişerli, üçerli ve beşerli saydığında her defasında $1$ adet banknotun arttığını görüyor.
Buna göre, Hülya'nın kumbarasından çıkan $5$ TL'lik banknot sayısı en az kaçtır?",13,26,31,36,41,C
a78d2cf5-4645-58cf-adf1-425ae047ba09,MATEMATIK,"$\int_{1}^{3} f(2x+1) \mathrm{dx} = 10$ olduğuna göre, $\int_{3}^{7} f(x) \mathrm{dx}$ integralinin değeri kaçtır?",5,10,15,20,30,D
346180cd-3b54-52d5-9dce-c150e4e171c6,MATEMATIK,$\frac{x}{5} - \frac{y}{4} = 1$ ve $\frac{2x}{5} - \frac{y}{12} = 2$ olduğuna göre $x$ kaçtır?,8,9,10,12,14,C
9df4b7c1-843c-5e16-92c2-adc594a1277e,MATEMATIK,"$y = x^3 + ax^2 + b$ fonksiyonunun grafiği, $x = -4$ apsisli noktasında x eksenine teğet olduğuna göre, b kaçtır?",-2,-4,-8,-16,-32,E
dcec3566-5a49-5c6b-9ffa-5dd2ea0f2bc7,TURKCE,"Aamir Khan, başarılı kariyeri boyunca Hint sinema tarihinin en etkileyici ve popüler aktörü olmuştur. Yurt dışında Lagaan adlı filmi, En İyi Yabancı Dilde Film dalında Akademi Ödülü adaylığı kazandı; böylece Oscar adaylığı alan yalnızca üç Hint filminden biri olmasını sağladı. Hindistan hükûmeti tarafından 2003 yılında Padma Shri ve 2010 yılında Padma Bhushan olarak onurlandırılmıştır. Yardımsever kimliği ile de tanınan Aamir Khan, Hint toplumunda bazıları politik krize dönüşmüş çeşitli sosyal problemlere filmleri aracılığıyla çözüm sunmaya, yol göstermeye çalışmaktadır. Sanatçı, 30 Kasım 2011 ve 2014'te UNICEF Ulusal Barış Elçisi seçilmiştir.
Bu parçanın konusu aşağıdakilerden hangisidir?",Hint sinemasında Aamir Khan'ın etkisi,Aamir Khan'ın örnek kişiliği,Aamir Khan'ın sinema anlayışı ve oyunculuk başarısı,Aamir Khan'ın siyasi sinema başarısı,Aamir Khan'ın ülkesindeki ve dünyadaki ödülleri,B
b1d7fd2b-6a58-5541-a22b-1777116626ad,MATEMATIK,"Bir Zoolog yaptığı bir araştırmada abcd yılında doğan bir aslanı takibe almış ve 35 yıl boyunca bu araştırmasına devam etmiştir.
Zoolog araştırmasını abe4 yılında bitirdiğine göre, d kaçtır?
(abcd ve abe4 dört basamaklı sayılardır.)",9,8,7,6,5,A
0fcc9c6b-cdfb-5a73-857f-68db89be3ebb,MATEMATIK,$(x^2-x)^2-8(x^2-x)+7=0$ denkleminin köklerinin çarpımı kaçtır?,2,4,8,16,32,C
74f93fba-6951-5960-85d2-f6d393c32700,EDEBIYAT,Aşağıdakilerden hangisi Karagöz ile orta oyunu için ortak özellik değildir?,Müzikten yararlanılması,Doğaçlama oynanan tuluat tiyatrosu olması,Tek kişi tarafından seslendirilmesi,"Giriş, muhavere, fasıl ve bitiş bölümlerinden oluşması","Şive taklitlerine, yanlış anlamalara dayanması",C
7be52e5d-1d2d-5483-970b-34f5be5e41d5,MATEMATIK,"$|a \cdot b| < 0$, $|c-a| \cdot b > 0$, $|b-c| > 0$ olduğuna göre, aşağıdakilerden hangisi kesinlikle doğrudur?",$a-b < 0$,$b-c > 0$,$a-c < 0$,$b+c < 0$,$b \cdot c > 0$,C
ce885a77-7168-5c93-b7b4-610eef370f19,FIZIK,"Aşağıdan yukarıya doğru atılan bir cisme,
I. Yer çekimi kuvvetinin, tepeye çıkana kadar yaptığı iş negatiftir.
II. Yer çekimi kuvvetinin, tepeye çıkana kadar yaptığı iş ile tepeden yere gelene kadar yaptığı iş eşit büyüklüktedir.
III. Yer çekimi kuvveti, cisim çıkarken ve yere inerken birbirine ters iş yapar.
yargılarından hangileri doğrudur?",Yalnız I,Yalnız III,I ve II,I ve III,"I, II ve III",C
408cd24c-8aad-5d69-b4fc-32288ece3b17,MATEMATIK,"İki basamaklı $ab$ sayısı asal iken $ba$ sayısı da asal ise $ab$ sayısına simetrik asal sayı denir.
I. 19
II. 31
III. 73
IV. 97
Buna göre, verilenlerden hangisi ya da hangileri simetrik asal sayıdır?",Yalnız I,II ve III,I ve III,"II, III ve IV",Hepsi,D
510d6242-d013-593a-96b8-610f91f750e5,KIMYA,"25 °C'de 0,01M HCl sulu çözeltisinin pH değeri kaçtır?",1,2,3,4,5,B
b731f297-7580-5d37-bc53-f7f7b7e35fee,MATEMATIK,Doğal sayı olmayan en büyük tam sayı ile rakam olmayan en küçük doğal sayının toplamı kaçtır?,5,6,7,8,9,A
07eca7d0-5e56-5ad5-bbb1-ae846d70e747,MATEMATIK,"Hilmi odasındaki duvar saatini kullanarak bir üslü sayı sistemi geliştiriyor. Hilmi oluşturduğu sistemde akrebin gösterdiği veya daha yakın olduğu sayıyı taban, yelkovanın gösterdiği veya daha yakın olduğu sayıyı üst olarak kullanmaktadır.
Örneğin yukarıdaki saat için Hilmi $10^9$ sayısını bulmaktadır.
Hilmi soldaki saate gösterilen sayıyı A, sağdaki saate gösterilen sayıyı B olarak hesapladığına göre, $\frac{A+B}{A}$ ifadesinin değeri kaçtır?",16,17,18,32,33,B
28f7f281-c4fe-5821-b01b-29de4f8451f6,MATEMATIK,I. $P(x) = -\frac{1}{4}$ II. $Q(x) = \sqrt{x}$ III. $T(x) = (\sqrt{x}+1)^2$ IV. $R(x) = \frac{x}{3} - x^{-1} + \frac{1}{2} + 10$ İfadelerinden kaç tanesi polinomdur?,0,2,1,4,3,C
65e5b228-f23f-5d0c-8f40-fc7929a9eecd,TURKCE,"Yapay zekâ milyonlarca ürün ve hizmette kullanılmaktadır. Otomatik düzeltme programlarının insan müdahalesi olmadan öğrenip önermede bulunuyor olmaları çok güzel bir yapay zekâ örneğidir. IBM'in yapay zekâ programı Watson, değişik yerel doğal dillerde sorulan sorulara cevap vermek için tasarlanmıştır. Sistemsel problemleri, sebeplerini ve insan gibi algılar: İnsancıl bakış açısı ile anlar ve sonrasında dört adımda karar vererek çözümler oluşturur. Kısaca Watson: 
I. algılar, anlar ve çözüm önerileri teklif eder
II. algılar, anlamlandırır, değerlendirir ve karar verir
III. düzeltir, çözümler ve bir önermede bulunur
Bu parçanın sonuna düşüncenin akışına göre yukarıdakilerden hangileri getirilebilir?",Yalnız I,Yalnız II,Yalnız III,I ve II,II ve III,B
001acdc3-cb79-56af-92c0-c4e9ec2d4a61,FIZIK,"Fiziksel bir eşitlikte;
$K = \frac{\text{metre}}{\text{saniye}}$ olarak hızı
$L = \frac{\text{metre}}{\text{saniye}^2}$ olarak ivmeyi ifade ettiğine göre,
$\frac{K}{L}$ oranı ile elde edilen fiziksel nicelik aşağıdakilerden hangisidir?",Kütle,Uzunluk,Zaman,Sıcaklık,Işık şiddeti,C
f9e94798-3c9e-59b3-ae9c-38c3c130b91e,KIMYA,"Nötron sayıları aynı, atom numaraları farklı atomlara izoton atom denir. Buna göre aşağıdakilerden hangisi $_{13}^{28}X$ atomunun izotonudur?",$_{14}^{29}A$,$_{13}^{29}B$,$_{15}^{30}C$,$_{15}^{31}D$,$_{16}^{32}E$,A
c74baa90-526e-546a-ad2c-a0d40afbc9f7,MATEMATIK,"Tanım: 1 den $n$'ye kadar olan ardışık doğal sayıların toplamını veren sayılara üçgen sayılar denir. 1, 3, 6, 10 gibi sayılar üçgen sayılardır. Buna göre, 1 den 400'e kadar olan doğal sayıların kaç tanesi üçgen sayıdır?",26,27,28,29,30,C
1e9df947-8ab9-57e1-917d-e71bcfa03cb3,MATEMATIK,$-4\cdot\left(3x-\frac{1}{2}\right)+5\cdot\left(\frac{x}{5}+\frac{3}{5}\right)=10$ olduğuna göre denklemin çözüm kümesi aşağıdakilerden hangisidir?,$\{-1\}$,$\{-2\}$,$\{-3\}$,$\{-4\}$,$\{-5\}$,A
ab335ecf-5a94-5667-b6b7-ad68e6adc609,MATEMATIK,$f(x) = 2\sin(x - \frac{\pi}{3}) + 1$ fonksiyonunun tersi aşağıdakilerden hangisidir?,$f^{-1}(x) = \frac{1}{2}\arcsin(x-1) + \frac{\pi}{3}$,$f^{-1}(x) = \arcsin(\frac{x-1}{2}) + \frac{\pi}{3}$,$f^{-1}(x) = \frac{1}{2}\arcsin(x-1) - \frac{\pi}{3}$,$f^{-1}(x) = \arcsin(\frac{x-1}{2}) - \frac{\pi}{3}$,$f^{-1}(x) = \arcsin(\frac{x+1}{2}) - \frac{\pi}{3}$,B
538eb559-5a8c-5aaa-965e-1037056c788e,MATEMATIK,"$$(a_n) = \left(\frac{4n-5}{n-1}\right)$$$$(b_n) = \left(\frac{k-n}{n+1}\right)$$dizileri için $(a_n) = (b_n)$ olduğuna göre, $k$ kaçtır?",1,2,3,4,5,E
5d62a11f-19e6-53b3-826d-5b7467bce1bd,EDEBIYAT,"Cumhuriyet Devri Türk edebiyatı ve şiirinin ilk on beş yıllık evresinde, hatta İkinci Dünya Savaşı sonuna kadar uzatılabilecek bir zaman kesiti içinde bu devir öncesi doğmuş, eser vermiş veya zihinsel kazanımı şahsiyetlerinden pek çoğu hayattadır ve onlar, bu devirde de etkinliklerini ve sanat hayatlarını sürdürürler. Söz gelimi Tanzimat şairlerinden Recaizade Mahmut Ekrem, Abdülhak Hamit Tarhan; Servetifünun şairlerinden Süleyman Nazif, Cenap Şahabettin, Ali Ekrem Bolayır, Hüseyin Siret; Özsever: Fecriati şairlerinden Ahmet Haşim, Celâl Sahir Erozan, Emin Bülent Serdaroğlu, Faik Ali Ozansoy, Fazıl Ahmet Aykaç; Millî edebiyat akımına bağlı şairlerden Ziya Gökalp, Mehmet Emin Yurdakul ve Beş Hececiler'den Enis Behiç Koryürek, Yusuf Ziya Ortaç, Halit Fahri Ozansoy, Orhan Seyfi Orhon, Faruk Nafiz Çamlıbel ile Bağımsızlar olarak Mehmet Akif Ersoy ve Yahya Kemal Beyatlı bunlar arasında sayılabilir.
Bu parçadaki bilgi yanlışlığının giderilmesi için altı çizili sanatçılardan hangisinin parçadan çıkarılması gerekir?",IV,III,II,I,V,C
54445ea7-7abb-5b65-af4a-d961e8f7dd1e,MATEMATIK,"$f(x)=\frac{ax^2+1}{x-1}$ fonksiyonunun $(-\infty,1)$ ve $[1,\infty)$ aralıklarında daima azalan olabilmesi için a'nın en geniş çözüm kümesi aşağıdakilerden hangisi olmalıdır?",R,"$[-\infty,0]$","$[0,\infty)$","$[-1,0]$","$[0,1]$",B
0140d200-652b-56e7-bb06-be9d5ad97121,MATEMATIK,"$x^2-mx+n=0$ denkleminin kökleri, $x_1=1-m$ $x_2=1-n$ olduğuna göre, $m \cdot n$ çarpımının alabileceği değerler toplamı kaçtır?",-2,-\frac{3}{2},-1,0,\frac{1}{2},B
7765399b-26ab-5b0b-95a5-8ea62d9923b5,MATEMATIK,"$m$ ve $n$ birer gerçel sayı olmak üzere, $P(x) = (6-m)x^2 + nx + 3x + 2$ ifadesi sabit polinom olduğuna göre, $m \cdot n$ çarpımı kaçtır?",-24,-18,-16,-12,-8,B
3db693e1-8a9d-52b3-a89f-44d238b25f99,FIZIK,"Bir öğretmen, öğrencilerinden yaptıkları gözlemleri kısaca ifade etmelerini istemiştir. Öğrencilerden;
Hatice: Ahmet'in boyunu cetvel ile 170 cm ölçtüm.
Tuğçe: Fizik kitabının ağırlığını dinamometre kullanarak 2 Newton ölçtüm.
Burak: Bir odanın sıcaklığını termometre kullanarak $22 \text{ }^\circ\text{C}$ ölçtüm.
gibi ifadeler kullanmıştır.
Buna göre, hangi öğrenciler ifadelerinde temel bir büyüklüğe yer vermiştir?",Yalnız Hatice,Tuğçe ve Hatice,Tuğçe ve Burak,Hatice ve Burak,"Hatice, Tuğçe ve Burak",D
3b68e24d-0d52-5dfa-8f07-5e195e041e69,KIMYA,"$PCl_5(g) \rightleftharpoons PCl_3(g) + Cl_2(g) \quad \Delta H > 0$
tepkimesi belirli bir sıcaklıkta dengededir.

Buna göre sisteme;
I. Sabit hacim ve sıcaklıkta $Cl_2$ gazı eklemek
II. Sabit sıcaklıkta kabın hacmini artırmak
III. Sabit hacimde sıcaklığı artırmak

işlemlerinden hangileri ayrı ayrı uygulanırsa $PCl_5$ gazının hem mol sayısı hem de derişimi artar?",Yalnız I,Yalnız II,I ve II,II ve III,"I, II ve III",B
99cb8b12-ca43-5b2c-b8df-7417dc9e92fa,MATEMATIK,"$m$ bir gerçek sayı olmak üzere, $x^2 + 2m - x + 3m = 0$ denkleminin köklerinden biri $3$'tür. Buna göre, $x^2 + mx - 2 = 0$ denkleminin çözüm kümesi aşağıdakilerden hangisidir?","$\{-2, 1\}$","$\{-1, 2\}$",$\{-2\}$,$\{1\}$,"$\{3, 4\}$",A
c18d16cf-cc1e-5f73-aa95-d1c43bcc6aa5,MATEMATIK,"Bir şarküteride satılan iki farklı süt paketinden 500 ml sütün yağ oranı %3,8 ve 750 ml sütün yağ oranı %2,4'tür. Buna göre, bu paketlerdeki yağ miktarlarının farkının pozitif değeri kaçtır?",1,2,3,4,5,D
bbdd1dd3-fcef-581f-ad68-9f8b19d0be56,MATEMATIK,"A sayısının %20'si B'dir. Buna göre, $\frac{A}{B}$ kaçtır?",10,$\frac{1}{5}$,4,5,$\frac{1}{4}$,D
051eab34-c3a5-58f5-b983-598f91c12f5a,MATEMATIK,"Genel terimi, $a_n = \left(\frac{n+14}{n+2}\right)$ olan dizinin kaç terimi tam sayıdır?",3,4,5,6,7,A
3ac92de4-b7f8-5deb-87fb-0a8522004e41,MATEMATIK,İşleminin sonucu kaçtır? $\frac{7}{3} - \frac{3}{8}$,$\frac{7}{5}$,$\frac{4}{5}$,$\frac{1}{2}$,$\frac{1}{5}$,$\frac{1}{8}$,A
5f5fc4b1-a3fa-5dd7-a094-d9c0886968f0,EDEBIYAT,"I. Anlatıcı diyalog, taklit, kişileştirme gibi tekniklere başvurarak hikayesine komedi özelliği kazandırır.
II. Dört bölümden oluşur: Mukaddime, Giriş, Muhâvere, Söyleşme, Fasıl, Oyun, Bitiş.
III. Meddah oyunu için tek kişilik bir tiyatro denilebilir.
IV. Oyunda dekor son derece sınırlıdır ve oyuncunun oturduğu bir sandalye ile çeşitli taklitler sırasında yararlandığı bir mendil ve değnek dekor ya da aksesuar olarak değerlendirilebilir.
V. Herhangi bir metne dayanmayan bu geleneksel tiyatro, doğaçlama olarak sahnelenir.
Bu numaralanmış ifadelerin hangisinde meddah ile ilgili yanlışlık yapılmıştır?",I,II,III,IV,V,B
8ebc1f2b-3227-5915-a5ca-965117addfd7,FIZIK,"Enerjisi $4 \text{ eV}$ olan paralel ışın demeti $1 \text{ cm}^2$ 'lik yüzeyden yüzeye dik olacak şekilde geçiyor. Bu durumda yüzeyden geçen enerji yoğunluğu $640 \text{ W/m}^2$ olduğuna göre 1 saniyede yüzeyden geçen foton sayısı kaçtır? ($1 \text{ eV} = 1,6 \cdot 10^{-19} \text{ J}$)",$10^{15}$,$10^{17}$,$10^{19}$,$10^{23}$,$4 \cdot 10^{19}$,C
2b82e650-a209-528e-b709-8cb824f363fc,GEOMETRI,"ABCD dik yamuk, $[AC] \perp [BD]$. Şekilde verilenlere göre, $|DC| = x$ kaçtır?",8,6,11/2,15/2,9,B
9bf628a8-bdb5-5b34-83b1-a7b85758e78f,MATEMATIK,"$\frac{x^2-4x+m}{x^2+x+5} > 0$ eşitsizliği her $x$ gerçek sayısı için daima sağlanmaktadır. Buna göre, $m$'nin alabileceği en küçük tam sayı değeri kaçtır?",4,5,6,3,7,B
1414bdcd-f773-5b23-9aa8-cc11a89603cb,TURKCE,"Bilinçli tüketim, çevreye duyarlı bir yaklaşım olarak son yıllarda giderek daha fazla önem kazanmaktadır. İnsanlar, doğayı koruma bilinciyle hareket ederek daha az atık üretmeyi, geri dönüştürülebilir ürünleri tercih etmeyi ve daha az enerji harcamayı hedeflemektedirler. Aynı zamanda, sürdürülebilir tarım uygulamaları ve yerel ürünlerin tüketimi de çevre dostu alışkanlıklar arasında yer almaktadır. Tüketici bilinci arttıkça şirketler de çevre dostu ürünler üretmeye ve üretim süreçlerini daha verimli hâle getirmeye başlamaktadır. Bu şekilde hem bireyler hem de toplumlar çevresel etkileri azaltarak daha sağlıklı bir gelecek için adımlar atmaktadır.
Bu parçada aşağıdakilerden hangisi söz edilmemektedir?",Bilinçli tüketimin çevreye duyarlı bir yaklaşım olduğundan,Geri dönüştürülebilir ürünlerin tercih edilmesinin öneminden,Sürdürülebilir tarım uygulamalarının çevreye katkısından,Şirketlerin çevre dostu ürünler üretmeye başlamasından,Teknolojinin çevre dostu ürünlere katkı sağladığından,E
8237e84c-e2ba-5077-9dee-c30497a3fe3f,MATEMATIK,"Bülent, Levent, Hakan, Kağan ve Can isimli beş arkadaş ""sayı söyleme"" oyunu oynayacaktır.

* Önce Bülent bir kaç ardışık sayı söyleyecek, sonra verilen isim sırasına göre, sırası gelen kişi sayılar söyleyecektir. Son kişi de sayılarını söyleyince ilk tur tamamlanmış olacak ve aynı biçimde sonraki turlar gerçekleştirilecektir.
* Kişiler kendisinden önce söylenen son sayının ardışığı olan sayıları, küçükten büyüğe doğru söyleyecektir.
* Kişilerin söyleyeceği sayıların adedi kendisinden önce söylenen son sayıya eşit olacaktır.

Bülent 0 ve 1 sayılarını söyleyerek oyuna başlıyor.

Oyunun 1. Turu:
Bülent $\rightarrow$ 0, 1
Levent $\rightarrow$ 2
Hakan $\rightarrow$ 3, 4
Kağan $\rightarrow$ 5, 6, 7, 8
Can $\rightarrow$ 9, 10, 11, 12, 13, 14, 15, 16
sayıları söylenir.

Bu oyunda $8^8+1$ sayısını kim hangi turda söyler?","Bülent, 5. tur","Levent, 5. tur","Bülent, 6. tur","Levent, 6. tur","Can, 6. tur",C
52b2f551-0418-5db5-b0c4-9f81e149ed8c,MATEMATIK,"$x \in (0, 2\pi)$ olmak üzere, $2\sin^2x - \sin x - 1 = 0$ denkleminin kaç kökü vardır?",2,3,4,5,6,B
63d324d3-25f4-5bf6-8d70-4bf28461bb7d,EDEBIYAT,"Hayal-hakikat çatışmasının sebep olduğu marazi duyarlık ve gerçekten nefret edip hayale sığınmak gibi hususlar XIX. yüzyıl sonlarında şiirimizin üzerinde durduğu konulardı. Bütün bunlar yeni; savunmanın heyecanı ile gerçekleşen hususlardı. Bizde belli ölçüde yenilikleri kabul eden ama öncü olmayan değil ideal yolunu benimseyen kendi ""malûl-i rûhiyyemi"" esas almak istediğini öne süren bir grup var. Bu grubun temsilciliğini denilen hata edilmez. Bu anlayış, XX. yüzyılda bir yönüyle Millî Edebiyat Dönemi'ne şekil verecek ve XIX. yüzyıl sonu XX. yüzyıl başlarında ---'ın kalemiyle Safahat'la şekil bulacaktır.
Bu parçada boş bırakılan yerlere aşağıdaki şairlerden hangisi getirilmelidir?",Muallim Naci - Arif Nihat Asya,Mehmet Akif Ersoy - Tevfik Fikret,Muallim Naci - Mehmet Akif Ersoy,Mehmet Emin Yurdakul - Ömer Seyfettin,Cenap Şehabettin - Mehmet Akif Ersoy,C
cda9df72-fed1-556f-833d-c6c815a92dd6,MATEMATIK,"$A = 3\cos x + 1$ ve $B = 2\sin y - 3$ olmak üzere,
I. A nın en büyük tam sayı değeri $4$ tür.
II. B nin en küçük tam sayı değeri $-4$ tür.
III. A + B toplamının alabileceği $11$ farklı tam sayı değeri vardır.
İfadelerinden hangileri doğrudur?",Yalnız II,Yalnız III,I ve III,II ve III,"I, II ve III",E
dbaafb81-c559-5b24-80fb-a8dee4547367,FIZIK,"Einstein tarafından önerilen özel görelilik kuramının dayandığı bazı postülalar bulunmaktadır. Buna göre, I. Işık hızının büyüklüğü gözlemcinin hareketinden bağımsızdır. II. Işık hızının büyüklüğü ışık kaynağının hareketinden bağımsızdır. III. Fizik yasaları gözlemcinin hareketine göre değişir. yargılarından hangileri özel görelilik kuramının postülaları arasında yer almaktadır?",Yalnız I,Yalnız II,I ve II,I ve III,"I, II ve III",C
642f04b7-6873-5cfd-ba90-aa97779080a0,MATEMATIK,"$aa, bb, ab$ ve $ba$ iki basamaklı doğal sayılar olmak üzere, $aa+bb+ba+ab = 242$ olduğuna göre, kaç farklı iki basamaklı $ab$ sayısı vardır?",4,5,6,7,8,E
24a750b2-caf5-5f52-9e6e-73d8f92f9794,MATEMATIK,"Aylık geliri sabit olan bir kişi her ay gelirinin $\frac{1}{4}$'ünü A kasasına, $\frac{1}{x}$'ini de B kasasına koymaktadır. Bu kişinin 15 ayda her iki kasada biriken paralarının toplamı bir aylık gelirine eşit olduğuna göre, $x$ kaçtır?",72,60,40,20,10,D
511b1f70-4154-5735-8189-5b3875a6f420,MATEMATIK,"$P$, 1 den farklı pozitif gerçel sayı olmak üzere, $\log_P 4 < 1$ eşitsizliği $P$'nin hiçbir değeri için sağlanmazken, $\log_4 P = \frac{1}{2}$ eşitsizliği $P$'nin her değeri için sağlanmaktadır. Buna göre, $P$'nin en geniş değer aralığı aşağıdakilerden hangisidir?","$(1, \frac{1}{3}) \cup (3, 2)$","$(4, 8)$","$(1, 8)$","$(8, 64)$","$(4, 64)$",D
5fdb00b6-548a-5a30-960c-3d6bd113d0a6,MATEMATIK,"$y=g(x)$ gerçek sayılarda sürekli bir fonksiyon ve $f(x)=\frac{8}{(g(x)-x)}$ fonksiyonu $R-\{2\}$'de sürekli bir fonksiyondur. $\lim_{x \to 1^-} (g(x)+1)>0$ ve $\lim_{x \to 1^+} (g(x)+1)<3$ olduğuna göre, $\lim_{x \to 2^-} (g(x+2)-x) \cdot \lim_{x \to 1^+} (g(x)+1)$ toplamının en büyük tam sayı değeri kaçtır?",4,6,7,9,11,C
3117f918-80df-51f2-ba48-2a4b54a4021f,MATEMATIK,"$P(x)$ polinomu başkatsayısı $1$ olan üçüncü dereceden bir polinomdur. $P(2)=3$, $P(3)=3$ ve $P(4)=4$ tür. Buna göre, $P(x)$ polinomunun katsayıları toplamı kaçtır?",-9,-8,-7,-6,-5,C
962dba1e-8c2d-52a4-8ca9-63c513128ec1,MATEMATIK,$5 \cdot \sqrt{x} - 7 \cdot \sqrt[4]{x} - 6 = 0$ denklemini sağlayan x değeri kaçtır?,1,2,4,16,64,E
6596a661-935b-57b9-9b5f-ad604a44e59c,FIZIK,"Fizikteki büyüklükler skaler ve vektörel olarak ikiye ayrılır.
Buna göre,
I. Ev ile durak arası 200 metredir.
II. Ankara - Eskişehir arasında hareket eden otobüsün sürati 90 km/sa'tir.
III. Market alışverişinde 4 kg portakal aldık.
ifadelerinin hangilerinde büyüklükler, skaler olarak ifade edilmiştir?",Yalnız III,I ve II,I ve III,II ve III,"I, II ve III",C
18a23823-1dcc-57b3-8390-8d7b1c081695,MATEMATIK,"$(a_n)$ gerçek sayılar dizisi her $n$ pozitif tam sayısı için, $a_n - a_{n-1} = \left(\frac{1}{2}\right)^n \cdot a_n$ eşitliğini sağlamaktadır. $a_2 = 18$ olduğuna göre, $a_1$ kaçtır?",4,8,16,32,64,C
9c8decd8-fb35-5772-a6a6-2cdb01700a73,MATEMATIK,$\frac{6x+1}{|x-1|^2} > 1$ eşitsizliğini sağlayan tüm gerçek sayıların kümesi aşağıdakilerden hangisidir?,"$(-1, 4)$","$(-1, 6)$","$(0, 4)$","$[0, \infty)$","$(2, \infty)$",C
ab2c5cf8-d3af-5e80-8cd0-f039db2890c3,MATEMATIK,"$rac{m \cdot n}{m+n} = 5$, $rac{m \cdot k}{m+k} = 3$, $rac{n \cdot k}{n+k} = 7$ olduğuna göre, $k$ kaçtır?",8,6,4,3,2,E
d22cd694-0fac-5171-b6d8-75563460b33b,TURKCE,"""Ofisin bütün odalarına klima taktırma konusunda anlaşmışlar."" cümlesindeki özne-yüklem ilişkisi aşağıdakilerin hangisinde vardır?",Yaşlı adamın elbisesi otobüsün kapısına sıkışmıştı.,Küçük çocuk trene yetişmek için koşuşturuyordu.,İki akademisyen bu önemli konu hakkında bir süre tartıştılar.,Bir zamanlar şehir dışında kalan yerler şimdi merkeze karışmıştı.,Uzun yıllar görmeyeli yaşadığım bu güzel ve şirin kasaba değişmişti.,D
d48641e0-938e-59fa-a88c-b0021d9de096,BIYOLOJI,"""Baklagiller toprağın azot oranını artırırlar."" hipotezini ortaya atan bir bilim insanı, baklagillere ait; I. inorganik maddeleri güneş ışığı yardımıyla organik maddelere çevirebilmeleri, II. azot tuzlarını amino asit ve nükleik asit sentezlemede kullanmaları, III. köklerinde yaşayan Rhizobium bakterilerinin havanın serbest azotunu tutması özelliklerinden hangilerini bu hipotezi desteklemek için kullanabilir?",Yalnız II,II ve III,Yalnız I,Yalnız III,I ve II,D
a425a1c9-06a7-5c39-a9e6-2aea28196cf3,MATEMATIK,"Gerçel sayılarda tanımlı $f$ ve $g$ birebir ve örten fonksiyonları $(x-2) \cdot f(x) - (x-3) \cdot (fog)(x) = x^2 - 5x + 10$ eşitliğini sağlamaktadır. Buna göre, $g^{-1}(3)$ kaçtır?",1,2,3,4,5,B
425ba100-0194-5267-8e6c-6d45f339541a,MATEMATIK,"$f(x)=\frac{ax+b}{cx+d}$ fonksiyonunun tersi kısa yoldan $f^{-1}(x)=\frac{-dx+b}{cx-a}$ şeklinde bulunabilir. $f(x)=\frac{ax-2}{8-x}$ olmak üzere, $f^{-1}(x)=f(x)$ olması için $a$ kaç olmalıdır?",-2,1,-6,6,-1,C
47e268a4-f81e-5294-b30a-55485a340153,TARIH,"Osmanlı Devleti'nde kültür faaliyetlerinin en çok gelişme gösterdiği dönemlerden biri de Padişah II. Murat zamanıdır.
Bu parçadaki bilgiden hareketle,
I. Osmanlı sarayında şiir kültürü gelişmiştir.
II. Arapça eserler tercüme edilmiştir.
III. Avrupa'ya öğrenci gönderilmiştir.
II. Murat Dönemi ile ilgili gelişmelerden hangilerinin doğru olduğu söylenebilir?",Yalnız I,Yalnız II,I ve II,II ve III,"I, II ve III",C
18e8ef69-6a25-5808-a3b6-32284aedd41e,MATEMATIK,"$(a_n)$ dizisinin terimleri arasında $a_{n+2} = \frac{n \cdot a_n}{n+1 \cdot a_{n+1}}$ bağıntısı vardır. $(n=1, 2, ...)$ $a_1 = 2$, $a_2 = 3$ olduğuna göre, $a_5$ kaçtır?",4,5,6,7,8,C
01717813-ce74-5913-a4a6-8fd4fcbf44dd,MATEMATIK,120 sayısının %25'i ile 150 sayısının %30'unun toplamı kaçtır?,60,75,85,90,100,B
223ab8bf-9ca0-569b-902b-6a61e3c97b8e,MATEMATIK,"$a$ ve $b$ gerçek sayılar olmak üzere, gerçek sayılar kümesi üzerinde tanımlı üçüncü dereceden $P(x)=(b-2)x^3-ax^2+(b-5)x+a$ polinom fonksiyonu ne daima artan, ne de daima azalandır. $a$'nın alabileceği değerler kümesi R olduğuna göre, $b$'nin alabileceği tam sayı değerler toplamı kaçtır?",7,9,11,12,14,D
64df9c6a-1e7f-500a-98a7-99daa9d77215,MATEMATIK,"$A = \{1, 2, 3, 4, 5\}$ kümesinin $3'$lü permütasyonlarının kaç tanesinde $2$ bulunur, $4$ bulunmaz?",12,18,20,24,30,B
b96a39b7-0259-5f65-90e9-130358320fa3,FIZIK,"Bir fotonun enerjisi $E = hf$ bağıntısı ile bulunur. Bağıntıdaki $h$ planck sabiti, $f$ ise fotonun frekansıdır. Buna göre planck sabitinin birimi hangi temel veya türetilmiş büyüklüklerin çarpımına eşittir?",Kuvvet \cdot Hız,Kuvvet \cdot Uzunluk,Hız \cdot Uzunluk,Uzunluk \cdot Zaman,Kuvvet \cdot Uzunluk \cdot Zaman,E
180cd417-6e3c-54b2-ad78-93b95de47e23,MATEMATIK,"$(\sin x + \cos x)^2 = 1 + \cos x$ denkleminin $[0^\circ, 360^\circ]$ aralığında kaç kökü vardır?",2,4,6,8,10,C
7411cb1a-afcd-523c-958b-3aabda2b043f,MATEMATIK,"Bir veri grubundaki sayılar küçükten büyüğe doğru sıralandığında gruptaki terim sayısı tek ise ortadaki sayıya, çift ise ortadaki iki sayının aritmetik ortalamasına o veri grubunun medyanı denir. Bir simitçi her bir kişinin aldığı simit sayısını not alarak bir veri grubu oluşturmaktadır. Bu simitçiden simit alan kişi sayısı $3$, $4$ ve $5$ olduğunda simitçinin oluşturduğu veri grubunun medyanı da sırasıyla $3$, $4$ ve $5$ olmuştur. Buna göre, bu simitçinin not aldığı simit sayıları öncüllerden hangileri olabilir?",Yalnız I,Yalnız II,Yalnız III,I ve II,I ve III,E
3898813c-6b31-5801-a041-4056d5abefa0,COGRAFYA,"Demir-çelik fabrikalarından birinin İskenderun'a kurulmuş olmasının nedeni, bu şehirde bir limanın bulunmasıdır. Samsun'da bakır işleme tesislerinin bulunmasının en önemli nedeni ise Doğu Karadeniz ve Batı Karadeniz'de çıkarılan bakırın Samsun Limanı'na kolay taşınabilmesidir. Aynı şekilde İzmir, İzmit ve Mersin'deki petrol rafinerilerinin kuruluş yerinin seçiminde de limanın bulunması etkili olmuştur. Bu parçada, Türkiye'deki sanayi tesislerinin kuruluş yeri seçiminde aşağıdakilerden hangisinin etkisine örnek verilmiştir?",Enerji kaynaklarının,Sermayenin,Ham maddenin,İş gücünün,Ulaşım koşullarının,E
1c203d96-1b86-5661-81ef-19acf0f7caf2,KIMYA,"I. $K_2O + H_2O \to 2KOH$
II. $SO_3 + H_2O \to H_2SO_4$
tepkimeleri sonucu oluşan $KOH$ ve $H_2SO_4$ ün tamamı,
$H_2SO_4 + 2KOH \to K_2SO_4 + 2H_2O$
denklemine göre tepkimeye sokulduğunda $5,4 \text{ gram } H_2O$ oluştuğu gözleniyor.

Buna göre, I ve II nolu tepkimelerde harcanan $K_2O$ ve $SO_3$ oksitlerinin mol sayıları aşağıdakilerden hangisinde doğru verilmiştir? ($H_2O: 18$)","0,15 0,15","0,2 0,15","0,15 0,3","0,3 0,3","0,6 0,3",A
b2262b0d-a2a8-538a-aaf7-7cc99b9a9c7c,COGRAFYA,I. Nüfus dağılışında dengesizlik yaşanması II. Yaşlı nüfus oranında artış yaşanması III. İş gücü açığının yaşanması IV. Beslenme ve barınma sorunlarının yaşanması Yukarıdakilerden hangileri bir ülkede hızlı nüfus artışı sonucu oluşabilecek durumlar arasında gösterilebilir?,I ve III,I ve IV,II ve III,II ve IV,III ve IV,B
9268735d-e91f-5a0e-a2cc-36508480fb13,MATEMATIK,"k bir pozitif gerçel sayı olmak üzere, $2x^2+kx-1=0$ denkleminin kökleri farkı 2 olduğuna göre, k kaçtır?",1,2,$\sqrt{2}$,$2\sqrt{2}$,$\sqrt{3}$,D
1e6a7491-740b-5b19-8bb0-8398bb933d68,TURKCE,Öğretmen Yasemin'den numaralanmış dizelere verilen ses olaylarını eşleştirmesini istemiştir. Buna göre Yasemin'in yapması gereken eşleştirme aşağıdakilerden hangisidir?,I-A/II-B/III-D/IV-C/V-E,I-B/II-A/III-D/IV-C/V-E,I-C/II-D/III-B/IV-A/V-D,I-D/II-B/III-C/IV-E/V-A,I-E/II-C/III-D/IV-B/V-A,E
dd485088-758e-54b1-813b-5058029ba301,MATEMATIK,"Bir $P(x)$ polinomu için $P(x+2)=x^3+x^2+c \cdot x+d$ ve $P(2x-1)=x^3-3x^2-4x-1$ eşitlikleri veriliyor. Buna göre, $b-a+d-c$ işleminin sonucu kaçtır?",1,2,3,4,5,D
09b8828b-65fe-55ee-8952-e55742b937ef,MATEMATIK,"Bir hesap makinesinde işlem yapıldığında; makine, işlemin sonucu tam sayı ise o sayıyı, ondalık sayı ise bu sayının tam kısmı ile birlikte virgülden sonraki ilk basamağını görüntülemektedir. Zeynep, bu hesap makinesinde $\ln(2,5)$ işlemini yaptığında ekranda $0,9$ değerini, $\ln(0,1)$ işlemini yaptığında ise ekranda $-2,3$ değerini görüyor. Zeynep, bu hesap makinesinde $\ln(0,2)$ işlemini yaptığında ekranda hangi değeri görür?","$-1,4$","$-1,5$","$-1,6$","$-1,7$","$-1,8$",C
7fadeb33-a113-585c-b4cc-7854da0e4831,MATEMATIK,"Bir top yerden $225 \text{ cm}$ yukarıdan yere bırakılacaktır. Bu top yere her çarpışında bir önceki yüksekliğinin en az $\frac{1}{5}$'i kadar yükselebilmektedir. Buna göre, topun yere 2. kez çarpışından sonraki yüksekliğini $(x)$ ifade eden eşitsizlik aşağıdakilerden hangisidir?",$|x-10| < 15$,$|x-17| < 8$,$|x-15| < 6$,$|x-19| < 6$,$|x-13| < 12$,C
f6d3c539-c9e5-50f3-a94a-0d5f72c981b1,TURKCE,"I. Tarihi bilgilerimize göre insan, var olduğu andan beri her zaman toplum içerisinde yer almıştır. II. Unutulmamalıdır tarihsel bilgiler yazının bulunuşundan sonrasını kapsayan bilgilerdir oysa insanın var oluşu yazının icadından çok daha eskilere dayanmaktadır. III. Dolayısıyla toplumun ortaya çıkışı ve ilgili yazılı verileri çelişkilidir. IV. Toplumun nasıl ortaya çıktığını açıklamaya çalışan iki temel teori vardır. V. Bunlardan birisi, toplumun “doğal” olarak var olduğunu ileri süren teoridir. VI. Söz konusu yaklaşıma göre toplum, insanın doğası gereği kendiliğinden var olmuştur.
Bu parça iki paragrafa ayrılmak istense ikinci paragraf numaralanmış cümlelerin hangisiyle başlar?",II,III,IV,V,VI,C
137f2667-9795-542a-a619-b5a819d390ca,TURKCE,"Dil bilimciler neredeyse $100$ yıl boyunca sözcüklerin, sesle-rin rastlantısal olarak bir araya gelmesiyle oluştuğunu ve bu sesli temsillerin sözcüğün anlamıyla bir ilişkisi bulunmadığını düşündü. Ancak son yapılan çalışmalar bazı sesleri iç-güdüsel olarak belli duyusal algılarımızla ilişkilendirdiğimizi ortaya koydu. Bu da duyduğumuz bir sesin bir görüntüyü, tadı ya da bir hareketi çağrıştırabileceği anlamına geliyordu.
Bu parçadaki numaralanmış sözcüklerin hangilerinde hem ünsüz yumuşaması hem de ünsüz benzeşmesi yoktur?",I ve II,II ve III,II ve IV,III ve IV,IV ve V,C
6ad3bff6-48ca-5aae-952b-3fea1d966cfc,EDEBIYAT,"I. Kök börü
II. Işık
III. Elmas
IV. Ok-yay
V. At
Numaralanmış mitolojik motiflerden hangileri Türk destanlarında yer almaz?",Yalnız I,Yalnız III,I ve III,II ve IV,III ve V,B
ef16e86a-a6e6-5a3c-a06b-d70136e7164f,MATEMATIK,"Düzgün altıgen biçimindeki bir kartonun rastgele bir köşegen seçiliyor. Sonra bu karton seçilen köşegen boyunca kesilerek iki parçaya ayrılıyor. Buna göre, bu kesme işleminin sonunda iki adet dörtgen oluşma olasılığı kaçtır?",$\frac{1}{2}$,$\frac{1}{3}$,$\frac{1}{4}$,$\frac{1}{5}$,$\frac{1}{6}$,B
0583b6e9-ee2c-5fee-a76b-36508ec4f00a,KIMYA,Yukarıdaki laboratuvar malzemeleri ve adları hangisinin doğru eşleştirilmiştir?,"I. a, II. b, III. c","I. b, II. c, III. a","I. b, II. a, III. c","I. c, II. b, III. a","I. c, II. a, III. b",C
1fe023c2-044a-5fee-8686-839cdb573a38,FIZIK,"Fizik bilimi hayatın her alanına ait disiplinlerle etkileşim halindedir. Buna göre, aşağıdaki spor dallarından hangisine, fizik biliminin katkısı en azdır?",Basketbol,Futbol,Gülle,Koşu,Mızrak atma,D
9a874d4a-2c32-52de-a613-42285d78e5a9,MATEMATIK,$25^3 \cdot \frac{1}{5}^{-3} \cdot (125^{-1})^{-2}$ ifadesi aşağıdakilerden hangisine eşittir?,$5^{16}$,$5^{15}$,$5^{14}$,$5^{12}$,$5^{-16}$,B
b4d85b1f-ca2e-5eb2-b937-c77d40d1f2af,MATEMATIK,"Bir torbanın içinde sadece siyah ve beyaz toplar vardır. Torbadan rastgele çekilen bir topun siyah olma olasılığı $p$'dir. Çekilen her top kutuya geri atılmaktadır. Buna göre, art arda çekilen 4 topun ikisinin beyaz ikisinin siyah olma olasılığı $p$ türünden aşağıdakilerden hangisidir?",$6p^2(1-p)$,$4p^2(1-p)^2$,$p^2(1-p)^2$,$4p^2(1-p^2)$,$6p^2(1-p)^2$,E
4ef88bc6-2791-54ca-9734-313525326a23,MATEMATIK,"$f: R - \{0\} \to R$ olmak üzere, $f(x) = \log_7(x^2)$ fonksiyonu için I. $f(x)$ çift fonksiyondur. II. $f(x)$ içine fonksiyondur. III. $f(x)$ artan fonksiyondur. ifadelerinden hangileri daima doğrudur?",Yalnız I,I ve II,I ve III,II ve III,"I, II ve III",B
d0002ba8-f72a-5dff-a176-21ab7c6db407,EDEBIYAT,"Buna göre, aşağıdakilerden hangisi parçada gerçekleştirmek istediği şiir anlayışına uzaktır?","Undan bize do pay, bize de pay
Koşan buğday dağıtıyor Yusuf
Undan bize de pay, bize de pay
Çökmeden sonu gelmeyen küsuf","Gemiliğe doğru
Denizi göreceksin;
Sakın şaşırma.","İstanbul'u dinliyorum, gözlerim kapalı
Önce hafiften bir rüzgar esiyor;
Yavaş yavaş sallanıyor
Yapraklar ağaçlarda;
Uzaklarda, çok uzaklarda,
Dışarıda dalgaların sesi
Dinliyorum.","Ağlasam sesimi duyar mısınız,
Mısralarımda;
Dokunabilir misiniz,
Gözyaşlarıma, ellerinizle?","Bedava yaşıyoruz, bedava;
Hava bedava, bulut bedava;
Dere tepe bedava;",A
0c65ecb2-5d0c-519c-abe9-e447caff4694,MATEMATIK,"$a$ ve $b$ asal sayıdır. $a \cdot b = 120$ olduğuna göre, $a$'nın alabileceği en küçük değer kaçtır?",23,29,31,41,61,D
6647b9c8-ed60-508b-95b5-6099d82b73d1,MATEMATIK,"$f(x) = \begin{cases} (g(x), & x < 1 \\ x^2+x, & x \ge 1 \end{cases}$ ve $g(x) = \begin{cases} 1, & x = 1 \\ ax-1, & x < 1 \end{cases}$ fonksiyonları veriliyor. $\lim_{x \to 1} f(x) = 2$ ve $g(x)$ fonksiyonunun $\forall x \in \mathbb{R}$ için limiti varsa, $2a+b$ toplamı kaçtır?",1,2,3,4,5,D
0edd34a8-5e23-5f8f-9c8c-aa9041764b56,MATEMATIK,"İşleminin sonucu kaçtır? $\frac{\sqrt{0,09}+\sqrt{0,04}-\sqrt{0,16}}{\sqrt{0,01}-\sqrt{0,64}}$",9,8,$\frac{1}{8}$,$\frac{1}{9}$,1,E
708067db-b622-5b34-bf4b-097bc3d27786,MATEMATIK,"Arılar kanatlarını saniyede $200$ kez sallayabilir ve saatte $24$ km hızla uçabilirler.

Bu verilere göre, $10$ km uçan bir arı toplam kaç kez kanat çırpar?",15000,30000,24000,300000,600000,E
161f7213-b0d8-566d-9b90-7f4cf4b2879f,MATEMATIK,$\int \frac{1}{2\sqrt{x}}dx$ ifadesinin eşiti aşağıdakilerden hangisidir?,$\frac{1}{\sqrt{x}}$,$\frac{1}{\sqrt{x}} - c$,$2\sqrt{x}$,$2\sqrt{x} - c$,$\sqrt{x} + c$,E
8d09dc6a-6c2a-59ef-b3ca-d0881d06ac83,FIZIK,"Aşağıda bazı fiziksel nicelikler verilmiştir.

* Kuvvet
* Kütle
* Hız
* İvme
* Yer değiştirme
* Enerji

Buna göre, bu niceliklerden kaç tanesi ifade edilirken yön kavramı kullanılır?",1,2,3,4,5,D
b1455264-570d-5b92-a5a5-7a88c5ad2451,MATEMATIK,"Aşağıdaki tabloda askeri bir okula mülakat için başvuran kız öğrencilere ait doğum tarihi, kilo ve boy bilgileri verilmiştir.

Evrim yaşı küçük ve boyu uzun olduğu için seçilmemiştir.
Ayşe yaşı büyük, kilosu az ve boyu kısa olduğu için seçilmemiştir.
Deniz kilosu fazla olduğu için seçilmemiştir.

Bu öğrencilerden sadece Buse seçilmiştir.

Tablodaki tüm veriler tam sayı olduğuna göre, $x-y+z$ toplamının en büyük değeri ile en küçük değeri arasındaki fark en çok kaçtır?",4,6,7,8,9,D
a549d1de-0a06-5dee-9568-4e0a2b7d6c4d,MATEMATIK,$%20$ şeker içeren $240$ gram şeker-su karışımının şeker yüzdesini $%30$ yapmak için karışımdan kaç gram su buharlaştırılmalıdır?,20,40,80,100,120,C
55d5248e-db21-579b-904c-c8038b811a97,TURKCE,"Aşağıdaki dizelerin hangisinde büyük ünlü uyumuna uymayan sözcük kullanılmamıştır?
A) Her kim olursa bu sırra mazhar
Dünyaya bırakır ölmez bir eser
B) Yolcular diyorlar ki: Erişmek ümidi az
Biliriz dalgaların her biri bir mezarlık
C) Bozuk düzen taşların üstünde tıkırdayan
Tekerklek yollara bir şeyler anlatıyor
D) Büyüdükçe büyüyor gözlerin
Ben sana mecburum bilemezsin
E) Bir şafakta bakışın güneş edalı
Doluyor dağ gibi kalkanlarım","Her kim olursa bu sırra mazhar
Dünyaya bırakır ölmez bir eser","Yolcular diyorlar ki: Erişmek ümidi az
Biliriz dalgaların her biri bir mezarlık","Bozuk düzen taşların üstünde tıkırdayan
Tekerklek yollara bir şeyler anlatıyor","Büyüdükçe büyüyor gözlerin
Ben sana mecburum bilemezsin","Bir şafakta bakışın güneş edalı
Doluyor dağ gibi kalkanlarım",E
1ab963e3-b404-5435-b9d9-aae1c8759f6a,MATEMATIK,"Özdeş 3 kırmızı, 3 sarı, 2 beyaz boncuk düz bir ipe, kırmızı bilyelerden yalnız ikisi yan yana bulunmak şartıyla kaç farklı şekilde dizilebilir?",240,280,300,320,360,C
4394026a-2798-52f0-868e-45e3b9417b9a,MATEMATIK,"$A=2^1$
$B=3^2$
eşitlikleri veriliyor.
Buna göre, $B^A$ değeri kaçtır?",36,49,64,81,121,D
7a65d1e7-ad37-5c24-88aa-50e408b0dfb3,TURKCE,"(I) Bizler düşünen varlıklarız. (II) Tür olarak bizi ayırt eden faktör zekâmız. (III) Bu gezegeni bizimle paylaşan diğer birçok hayvandan daha hızlı ya da daha çevik değiliz, sadece daha zekiyiz. (IV) Bilim ve teknolojiyi kullanmak, bilimi anlayabilen bir topluluk olmanın sağladığı müthiş pratik avantajın yanı sıra entelektüel yeteneklerimizi kapasitemizin sonuna kadar kullanmak olanağını tanır bize. (V) Bilim, içinde yaşadığımız grit, hassas ve hayranlık uyandırıcı evreni keşfetmek demektir. Bu parçada numaralanmış cümlelerden hangisinde tanımlamaya gidilmiştir?",I,II,III,IV,V,E
7c805be3-f997-5ffc-a052-1a50d26f403a,TARIH,"Osmanlı Devleti'nin XVI. yüzyılın başlarından itibaren Doğu yönündeki seferleri ve toprak kazanımları ---- artmasında etkili olmuştur.
Parçada yer alan boşluğun aşağıdakilerden hangisiyle doldurulması doğru olmaz?",ekonomik giderlerin,gelir kaynaklarının,eyaletlerin,hanedan sayısının,Müslüman nüfus oranının,A
ee70c753-d86e-536d-aea9-4741c60c5ce2,MATEMATIK,Bir ürünün $\frac{3}{5}$ 'ini %20 kâr ile kalanının yarısını %30 zararla ve kalanını %10 kâr ile satarsak tüm satıştan elde ettiğimiz kâr - zarar durumu ne olur?,%4 zarar,%8 zarar,%4 kâr,%8 kâr,%10 kâr,C
8fa4ef95-46c5-5c90-a5da-fa3dfe5713c0,KIMYA,"Temel hâldeki nötr bir atomda baş kuantum sayısı ($n$) = 3, $m_l = -1$ ve $m_s = - \frac{1}{2}$ değerine sahip en fazla kaç elektron bulunabilir?
(Manyetik kuantum sayısı: $m_l$, Spin kuantum sayısı: $m_s$)",10,8,6,4,2,E
547aba96-e7c2-5621-b624-67cc753e771d,MATEMATIK,"$a$ ve $b$ pozitif tam sayılar olmak üzere $f$ ve $g$ fonksiyonları $f(x) = \log_{(x-a)}(x+b)$ $g(x) = \log_{(x+b)}(a-x)$ biçiminde tanımlıdır. $h(x) = (f+g)(x)$ fonksiyonunun tanım kümesinde 11 tam sayı vardır. Buna göre, $a-b$ çarpımı aşağıdakilerden hangisi olamaz?",24,36,40,45,48,A
11af3a1a-cfb2-50a8-9b7d-d5207427dc2d,MATEMATIK,"Her ikisi aralarında asal olan $a, b$ ve $c$ pozitif tam sayılarının çarpımı $380$'tir. Buna göre, aşağıdakilerden hangisi bu üç sayıdan biri olamaz?",5,8,9,24,40,D
6fde9b76-6c50-5cbe-9fc8-130feedbdc15,MATEMATIK,"Bir iş yerinde bulunan iki akvaryumda toplam 84 adet balık vardır. Birinci akvaryumdaki balıkların $\frac{4}{11}$'i diğer akvaryuma aktarılınca birinci akvaryumda kalan balık sayısı, ikinci akvaryumda oluşan toplam balık sayısının yarısı kadar olmaktadır. Buna göre başlangıçta ikinci akvaryumda bulunan balık sayısı kaçtır?",36,40,44,48,52,C
6a7ce09c-e375-59bd-a381-d9a531661e17,GEOMETRI,"Kemal Öğretmen, öğrencisi Melike'den aşağıdaki işlemleri sırası ile yapmasını istemiştir.
• Uzunluğu 6 cm olan [KM] doğru parçasını çiziniz.
• Pergelin sivri ucu K noktasında iken [KM] yarıçaplı çember çiziniz.
• Pergelin sivri ucu M noktasında iken [KM] yarıçaplı ikinci bir çember çiziniz.
• Çemberlerin kesiştikleri noktaları C ve D olarak adlandırınız.
• MDKC dörtgenini oluşturunuz.
Buna göre, MDKC dörtgeninin alanı kaç $cm^2$ dir?",18,$18\sqrt{2}$,24,$18\sqrt{3}$,36,D
74edd697-9d1a-5501-978d-1a7553686a44,MATEMATIK,"Dikdörtgen şeklindeki bir kağıt ile ilgili aşağıdaki bilgiler biliniyor.
• Kağıdın boyu, eninden 4 br daha kısadır.
• Kağıdın boyu 6 br'den uzun, 11 br'den kısadır.
Buna göre, bu kağıdın bir yüzünün alanı $br^2$ cinsinden kaç farklı tam sayı değeri alabilir?",104,102,100,98,96,C
61c94710-ce41-53d4-a642-b769a161609e,EDEBIYAT,"Annesi çıkıştı:
— Dersini yaptın mı sen, ödevini bitirdin mi?
Yusuf Selim: (sessiz)
Ödevimi bitirmediysem ödevimi bitir. Şayet bitirdiysen oda kağıt hemen ve sesini de çıkarma, anladın mı?
Bu iletişimde aşağıdakilerden hangisi yoktur?",Kanal,Alıcı,İleti,Dönüt,Gönderici,D
a6c1974c-5c06-5bce-b4ac-c84b3a658dfb,BIYOLOJI,"Etil alkol ve laktik asit fermentasyonunda; I. NADH'ın yükseltgenmesi, II. son elektron alıcısının asetaldehit olması, III. pH'ın düşmesi, IV. $CO_2$ oluşması olaylarından hangileri ortak olarak gerçekleşir?",Yalnız I,I ve III,II ve III,II ve IV,"I, II ve IV",B
856c78c4-cecb-5653-967e-afaa17422419,MATEMATIK,"$P(x)$ bir polinom olmak üzere, $P(x) - P'(x) = x^2 + x + 1$ olduğuna göre, $\lim_{x \to 1} \frac{P(x)}{x-1}$ ifadesinin değeri kaçtır?",-2,-1,0,1,2,C
5fcde027-f623-5720-8048-97f7dde35865,TURKCE,"Bir arkadaşınız önceden kararlaştırdığınız buluşmaya geç kaldığında bu durumu nasıl açıklarsınız? Zamanında gelmesine engel olan çok önemli bir şey olduğunu mu düşünürsünüz yoksa onu düşüncesiz mi bulursunuz? Psikolojide bunlara ilkini durumsal, ikincisini ise kişisel atıflarız deriz. Araştırmalar, bu durumda çoğu kişinin yakınsal atfetmeyi tercih ettiğini gösteriyor. Hatta bu baskın eğilim ""temel atıf hatası"" olarak kavramsallaştırılıyor. Söz konusu kavram; insanların, bazı olumsuz davranışları karşısında (muhatabı suçlama gibi) yakınsal etmenlerin etkisini abartırken suçu veya sorumluluğu çevrede bulma gibi durumsal faktörleri küçümseme eğilimlerini açıklıyor.
Bu parçada söz edilen temel atıf hatası ile ilgili aşağıdakilerin hangisi söylenebilir?","Olumsuz davranışların nedenleri hakkındaki tahminler, onları sergileyen kişilerin geçmişteki tutumlarına göre değişmektedir.","Çoğu kişi, yönetmede başarısız oldukları çevre koşulları nedeniyle olumsuz davranışlar sergilemekle suçlanmaktadır.",Olumsuz davranışlar söz konusu olduğunda kişilerin bireysel özellikleri yaşananların açıklanmasında etkili olmaktadır.,İnsanların büyük bir kısmı maruz kaldıkları olumsuz durumların kaynağı olarak dış koşulları değil karşılarındaki kişileri görmektedir.,"Kişilik özellikleri, olumsuz davranışların ortaya çıkmasında çevresel unsurlara kıyasla daha belirleyici rol üstlenmektedir.",D
90743f58-6548-51e4-a418-3d899024c1f9,MATEMATIK,"Baş katsayısı $1$ olan üçüncü dereceden bir $P(x)$ polinomunun bir çarpanı $(x^2-3)$ tür. $P(x)$ polinomunun $x$ ile bölümünden kalan $-3$ olduğuna göre, $P(x+2)$ polinomunun $(x-1)$ ile bölümünden kalan kaçtır?",6,12,18,24,30,E
096ba3b2-f5c1-50a7-91c2-9212bfd5b8a7,KIMYA,"""Kovalent bağlı moleküllerde atomlar arası iki çeşit bağ bulunur. Bunlar sigma ve pi bağlarıdır."" Aşağıdaki tabloda sigma ve pi bağları ile ilgili verilen bilgiler doğru ise ""D"" kutucuğu, yanlış ise ""Y"" kutucuğu """" işareti ile belirtilmiştir. Buna göre tablodaki işaretlemelerden hangileri doğru yapılmıştır?",Yalnız I,Yalnız II,I ve III,II ve III,"I, II ve III",D
3f4d8d31-be3c-5ef5-aced-de62f1a1736d,MATEMATIK,$$\frac{3\cos(2\pi-\alpha) + \sin(\frac{3\pi}{2}-\alpha)}{\sin(\frac{\pi}{2}-\alpha) + \cos(-\alpha)}$$ ifadesi aşağıdakilerden hangisine eşittir?,$\tan\alpha$,$1$,$\frac{1}{2}$,$-1$,$\cos\alpha$,D
6d8e05b1-427a-57ad-90dc-442713b9f2b6,MATEMATIK,"$a, b$ ve $c$ tam sayıları için $a \cdot b$ $b \cdot (a+b)$ $c \cdot (a-b)$ ifadelerinden iki tanesi çift sayı, bir tanesi tek sayıdır. Buna göre, I. $a \cdot c$ II. $b \cdot c$ III. $a-b+c$ ifadelerinden hangileri tek sayıdır?",Yalnız I,Yalnız II,Yalnız III,I ve II,I ve III,C
4aafb872-eaa9-52c8-a011-4d6493c27839,MATEMATIK,"$x \in [0, \pi]$ olmak üzere, $\sin(5x) - \cos x = 0$ denkleminin çözüm kümesi kaç elemanlıdır?",2,3,4,5,6,D
a3502758-173e-5daa-acb6-f70badcd59c4,TURKCE,"Romancı ve araştırmacı olan babası, oğluna hayranı olduğu Şinasi ve Abdülhak Hamid'in isimlerinin bir sentezi olan ""Abdülhak Şinasi"" adını vererek bu edebiyatçıları gibi olmasını arzuladı. Çocukluğu Boğaziçi ve Büyükada gibi İstanbul'un en güzel semtlerinde geçti. Fransız mürebbiyelerden özel Fransızca dersleri aldı. Şair Tevfik Fikret'ten özel Türkçe dersler aldı. Ortaöğrenimini Galatasaray Lisesinde tamamlamadan ailesinden habersiz Paris'e kaçtı orada Siyasal Bilgiler Fakültesinde okudu.
Bu parçadan hareketle Abdülhak Şinasi ile ilgili aşağıdakilerin hangisine ulaşılamaz?","Babası, Şinasi ve Abdülhak Hamid'e hayranlık duymaktadır.",Çok iyi Fransızca eğitimi aldığı için Fransızcası oldukça iyidir.,"Farklı hocalardan, farklı dillerde eğitim almıştır.",Ailesinin bilgisi dışında bazı adımlar atmıştır.,İsminin konulmasında kendisinden önceki sanatçıların etkisi vardır.,B
1eaa73c4-b77c-5f95-b2bc-4b013dded841,MATEMATIK,"$x$ ve $y$ birer gerçel sayı olmak üzere, $\frac{2-y-1}{\cos x} = y$ eşitliği veriliyor. Buna göre, $y$ değeri aşağıdakilerden hangisi olabilir?",-3,-2,-1,1,2,E
7c55da37-4913-5328-835f-0602dfef35fd,MATEMATIK,"$P(x) = x^2 + 4x + a$
$Q(x) = x^2 + (b+3)x + 6$
$P(x) = Q(x)$ olduğuna göre, $a \cdot b$ kaçtır?",6,12,-8,18,8,A
dc3bef99-8fbd-5e20-bcbd-0278cd2c469f,MATEMATIK,$5^x = 10$ olduğuna göre $5^{x+2} + 25^x + 125^x$ ifadesinin değeri kaçtır?,1000,1010,1100,1110,1111,D
50cf15de-8a1a-54de-91b5-5a6de64ce1fa,MATEMATIK,"Bir kitapçı, elindeki kitapların 20 tanesini %10 kârla, kalanların %20 zararla satmıştır. Tüm kitaplar satıldığında kitapçının kârı %18 olduğuna göre, kitapçı kaç kitap satmıştır?",60,80,100,120,140,C
1a219516-967f-527f-abbd-35f42ca4b1e3,TURKCE,"(I) Çocuğun ruh ve düşünce dünyası yetişkinlerinkine benzemez. (II) Oysa büyükler, çocukları kendi düşüncelerine ve dünya görüşüne göre değerlendirir. (III) Onun çocuk olduğunu unutur. (IV) Çok anlayışlı pek az insan çocuğun düzeyine inmek için çabalar. (V) Çocuk eğitimi emek ister. (VI) Çünkü çocuk sabırsızdır ve aynı yanlışı defalarca yapabilir. Bu parça iki paragrafa ayrılmak istense ikinci paragraf numaralanmış cümlelerin hangisiyle başlar?",II,III,IV,V,VI,D
cb040cd4-58eb-50e9-ae73-e8955193d5ae,MATEMATIK,"$P(x) = x^3 - 3x^2 + 3x - 1$ ve $Q(x) = ax^3 + (2b - 6)x^2 + c - 4$ polinomları veriliyor. $P(x+1) = Q(x)$ olduğuna göre, $a+b+c$ toplamı kaçtır?",6,8,10,12,16,D
022dd89e-bfb8-5755-aaf7-4e05cca7518f,KIMYA,"Sabit hacimli kapta,$2\text{XY}_{(\text{g})} + \text{Y}_{2(\text{g})} \rightleftharpoons 2\text{XY}_{2(\text{g})}$ tepkimesi belirli sıcaklıkta dengeye ulaştığında $0,3$ mol XY, $0,1$ mol $Y_2$ ve $0,6$ mol $XY_2$ gazları bulunuyor. Denge halinde XY nin basıncı $2$ atm ise kısmi basınçlar türünden denge sabiti $K_p$ kaçtır?",$2$,$4$,$6$,$8$,$12$,C
1cfad843-3541-538e-adb4-8ff3ad3218e6,MATEMATIK,"$a$ ve $b$ tam sayılar olmak üzere, $-6 \le a \le 2$ ve $2 \le b \le 5$ eşitsizlikleri veriliyor. Bu koşullarla $2a+3b$ ifadesinin alabileceği en büyük değer kaçtır?",10,11,15,19,21,D
bf2a1078-e4a1-5ba1-84e6-84315fa92d41,MATEMATIK,"$a, b$ ve $c$ birer tam sayıdır.
$a \cdot b = 144$
$b \cdot c = 240$
olimits
 olduğuna göre, $b$'nin alabileceği kaç farklı değer vardır?",10,12,18,20,24,E
3a69c1ad-38d1-5b4c-949f-4114b8d6b68c,MATEMATIK,"$A$ ve $B$ sıfırdan farklı gerçel sayılar olmak üzere, gerçel sayılar kümesi üzerinde tanımlı $f$ ve $g$ fonksiyonları için
$\lim_{x \to 1} f(x) = A$
$\lim_{x \to 1} g(x) = B$
$\lim_{x \to 1} (f(x) + g(x)) = 4B$
$\lim_{x \to 1} (f(x) \cdot g(x)) = A + 3B$
eşitlikleri verilmiştir.
Buna göre, $A - B$ farkı kaçtır?",1,2,3,4,5,C
cbccc6fd-f42c-5d09-8231-5cc9bae071f3,MATEMATIK,"$a, b$ ve $c$ gerçek sayılar olmak üzere, dik koordinat düzleminde $a \cdot f(x)$, $b \cdot f(x)$, $c \cdot f(x)$ ve $f(x)$ fonksiyonunun grafikleri verilmiştir. Buna göre, $|a \cdot b| + |b \cdot c| + |c \cdot a|$ işleminin sonucu aşağıdakilerden hangisidir?",$2 \cdot (a-b)$,$2 \cdot (c-b)$,$2 \cdot (c-a)$,$0$,$a-2b+c$,D
5571a2b9-66b1-5fa6-8d4a-89c936060c15,KIMYA,Aşağıda atom numarası verilen elementlerden hangisinin temel hâl elektron diziliminde yarı dolu orbital sayısı en fazladır?,$_7N$,$_{16}S$,$_{24}Cu$,$_{25}Mn$,$_{26}Fe$,D
c898111d-7952-5434-9005-9d739f7ce1bf,MATEMATIK,"a, b, c birer gerçek sayı ve $a < 0 < b < c$ olduğuna göre,

I. $\frac{b-c}{a}$
II. $\frac{a^2-1}{b}$
III. $\frac{a \cdot b \cdot c}{c-b-a}$

ifadelerinden hangilerinin değeri daima negatif bir sayıya eşittir?",Yalnız I,Yalnız II,Yalnız III,I ve II,II ve III,A
15c7bb15-22b4-553c-8e3a-4ad44f1d7318,KIMYA,Aşağıdakilerden hangisi simyadan kimyaya aktarılan yöntemler arasında yer almaz?,Özütleme,Damıtma,Kavurma,Diyaliz,Kristallendirme,D
6cfc3185-20f7-5022-b083-40178f961339,KIMYA,"$_{15}^{31}P$ atomu için,
I. 3. periyot elementidir.
II. IUPAC'a göre 15. gruptadır.
III. Değerlik elektron sayısı 5'tir.
yargılarından hangileri doğrudur?",Yalnız I,I ve II,I ve III,II ve III,"I, II ve III",E
63034ef9-888a-52d5-a04c-ee38acc95cfe,KIMYA,"Zn ve Cu metallerinden oluşan 50 gramlık bir alaşım içerisinde yeterince HCl çözeltisi bulunan bir kaba atılıyor. Bu kapta sadece,
$Zn_{(k)} + 2HCl_{(suda)} \rightarrow ZnCl_{2(suda)} + H_{2(g)}$
tepkimesi gerçekleşirken normal şartlar altında 4,48 litre hacim kaplayan $H_2$ gazı oluşuyor.
Buna göre, alaşımdaki Cu kütlesi kaç gramdır?
(Zn: 65 g/mol)",11,24,"30,5",37,"43,5",D
cf28aef4-4ffb-562a-8d34-e80d42d223d6,TURKCE,"Gelecekteki bilişsel sistemlerin çevreyle etkileşim hâlinde I
olması bekleniyor. Canlı organizmaların sinir sistemlerinden
esinlenerek geliştirilen bu mekanizmaların en önemli özelliği, II
klasik işlemcilerin aksine hafıza ve işlemci birimlerinin bir III
arada olmasıdır. İnsan beynine benzer biçimde çalışan IV
elektronik cihazlar henüz tasarlanmamış olsa da yakın za-
manda bu konuda önemli gelişmeler yaşanması bekleniyor.
V
Bu parçada numaralanmış sözcüklerden hangileri isim
kökünden türemiştir?",I ve II,I ve III,II ve IV,III ve V,IV ve V,C
c202dad7-48d7-5403-98e6-9e007813deed,TURKCE,"Bir olay ya da olası bir okunabilirlik olgusunu ilk fark eden doğal olarak okuyucudur. Bu işaretler sisteminde anlamın varlığını fark ederek onu çözebilen de okuyucudur. Biz sanatçılar da ne olduğumuzu ve nerede olduğumuzu görebilmek için sürekli çevremizi ve olayları okuruz. Anlamak ya da anlatmak için yaparız bunu. Asla okumadan yapamayız. Okumak neredeyse ----.

Düşüncenin akışına göre metnin sonuna aşağıdakilerden hangisi getirilmelidir?",sanatçı olmanın ilk şartıdır denilebilir.,kendimizi geliştirmenin yegâne yoludur.,kendimizi hissetmemizi sağlar.,zihnimizdeki meşgul ettiğimiz tek şeydir.,nefes almak kadar gerekli bir durumdur.,E
18b133ed-df1b-5854-a29e-2b708badddfa,KIMYA,"Günlük hayatta yaygın olarak kullanılan asit ve bazlarla ilgili; I. $H_2SO_4$, pil ve akülerde elektrolit olarak kullanılır. II. $HNO_3$, plastik, patlayıcı, azotlu gübre yapımında kullanılır. III. $NaOH$, kireç çözücü olarak kullanılır. ifadelerinden hangileri doğrudur?",Yalnız I,Yalnız II,I ve II,II ve III,"I, II ve III",E
dae03ddf-2aff-524f-932b-f92c4f1e38b6,MATEMATIK,$|x^2-2x-3|=n$ eşitsizliğini sağlayan dört farklı $x$ gerçek sayısı vardır. Buna göre $n$ tam sayısı kaç farklı değer alabilir?,$1$,$2$,$3$,$4$,$5$,B
28f6c901-71b9-5afb-9698-e9473dc8ab35,MATEMATIK,"$y=f(x)$ fonksiyonunun grafiği orijine göre simetriktir. $\int_{0}^{4} f(x) dx = 6$ olduğuna göre, $\int_{-4}^{4} (x+1)f(x) + |f(x)| dx$ integralinin değeri kaçtır?",6,12,18,24,36,D
9b5f74dd-d4a5-59d2-8254-6b1ba58c14ae,MATEMATIK,"$a$ bir gerçek sayı olmak üzere gerçek sayılar kümesi üzerinde tanımlı ve pozitif değerli bir $f$ fonksiyonu ile ilgili $\lim_{x \to 1} (f(x) + x) = 5$ ve $\lim_{x \to 1} (\ln(f(x)) + 2a) = \ln 64$ eşitliklerini sağladığı biliniyor. Buna göre, $a$ kaçtır?",$\ln 2$,$2\ln 2$,$\ln 4$,$\ln 8$,$\ln 16$,C
b0590412-4414-5845-9b0a-711dfc2e867f,MATEMATIK,"$f(x)$ ve $g(x)$ ikinci dereceden fonksiyonlar olmak üzere, $\frac{f(x)}{g(x)} \le 0$ eşitsizliğinin çözüm kümesi, $[-1, 3] - \{2\}$ olduğuna göre,
I. $f(-1) = 0$ dır.
II. $g(3) = 0$ dır.
III. $f(2) = g(2)$ dir.
ifadelerinden hangileri doğrudur?",Yalnız I,Yalnız II,I ve III,II ve III,"I, II ve III",A
604f56e4-ee40-5f7f-a660-12c4bb82c351,GEOMETRI,"Analitik düzlemde $d$ doğrusu $A(0, 5)$ ve $P(8, 1)$ noktalarından geçmektedir. Doğru üzerindeki sıfırdan farklı her $y$ değeri için, $z = \frac{28}{y - 2y + 3}$ eşitliği sağlanmaktadır. Buna göre, $x = 3$ değeri için $z$'nin değeri kaçtır?",4,5,6,7,8,D
4ffe9ac7-68b8-5fb5-b653-fd9ac8c712fa,MATEMATIK,"$f$ polinom fonksiyonu her $x$ gerçek sayısı için $f(x)+f(-x)=0$ eşitliğini sağlamaktadır.
$\int_{-3}^3 x^3 \cdot f'(x) \, dx = 12$
olimath
Olduğuna göre, $\int_{-5}^5 (x^2 \cdot f(x)-4) \, dx$ integralinin değeri kaçtır?",-240,-192,-24,48,60,A
f4b11916-9b76-54e4-b8b9-46b7419a83e6,TURKCE,"Kutadgu Bilig, Reşit Rahmeti Arat'ın uğrunda bütün ömrünü harcadığı bir çalışma ve ""Giriş""teki açıklamaları, onun ağır teknik işinin bir mükâfatı olmuştur. O, bugüne kadar bu eser hakkında söylenenleri bir tarafa atarak yeni fikirler ortaya koymuş, bu devire nüfuz etmeye çalışmıştır. Şöyle ki dördüncü bir tip olan Odgurmuş'u bugüne kadar kabul edildiği gibi ""kanaat""ın değil de ""akıbet""in temsilcisi olarak tanıtmıştır. Üstelik kendisinden önce genellikle bir nasihat kitabı ve devlet teşkilatı ile ilgili kabul edilen bu eseri Rahmeti Bey, kâmil bir insanın nasıl olması gerektiğini öğreten bir eser olarak kabul etmiştir. Şüphesiz türlü fikirlerle dolu olan bu eser hakkında son sözü söylemek henüz mümkün değildir. Fakat o, bu eseri araştırmaya imkân verecek bir şekilde çözerek yayımlamıştır.

Bu parçadan hareketle aşağıdakilerin hangisine ulaşılamaz?",Arat'ın incelediği Kutadgu Bilig'in giriş kısmında yer alan bilgilerin Arat için değerli taşıdığına,Kutadgu Bilig'in tam anlamıyla çözümlenmiş bir eser niteliği taşıdığına,Reşit Rahmeti Arat'ın kitap hakkında kabul görmüş bazı fikirleri önemsemediğine,Kutadgu Bilig'in Reşit Rahmeti Arat tarafından yıllarca araştırma konusu olmuş bilgi verici bir kitap olduğuna,Kutadgu Bilig ile ilgili birçok görüşün bulunduğuna,B
92b4d70a-6b9c-572d-a36b-62396046a52f,MATEMATIK,"I. $ \Box \ 2 \ \Box \ 1 $
II. $ \Box \ 4 \ \Box \ 2 $
III. $ \Box \ 6 \ \Box \ 3 $

İfadelerindeki kutuların içine çarpma $( \times )$, bölme $( \div )$ ve çıkarma $(-)$ sembolleri hangi sırayla yerleştirilirse oluşan üç işlemin sonucu da aynı tam sayıya eşit olur?","$ \times, \div, - $","$ \div, \times, - $","$ \div, -, \times $","$ -, \times, \div $","$ \times, -, \div $",D
355ac356-a4c5-5528-83dd-ce3007928cdb,MATEMATIK,"$A = \sin 26^\circ$, $B = \tan 47^\circ$, $C = \cot 10^\circ$, $D = \cos 19^\circ$ olduğuna göre, $A, B, C$ ve $D$ sayılarının doğru sıralanışı aşağıdakilerden hangisidir?",$D > B > C > A$,$D > A > C > B$,$C > D > B > A$,$D > A > B > C$,$C > B > D > A$,E
3992e579-807e-5176-b389-dcbf7a3820a1,FIZIK,"Uluslararası birim sistemi (SI), uzunluğun birimi metre olarak tanımlanmıştır. Evrende bazı cisimler arasındaki mesafeler çok büyük, bazı cisimler arasındaki mesafeler ise çok küçük olduğundan bu uzunlukların bazılarını ifade edilmesinde metre yerine ışık yılı ve angström kullanılır.
• Işık yılı, ışığın bir yıl içerisinde aldığı yoldur.
• 1 angström, 1 metrenin $10^{-10}$ a bölünmesi sonucu bulunan uzunluk birimidir.
Buna göre ışık yılı ve angströmün kullanıldığı yerlerin verildiği tabloda hangi sütunda her iki birim için de uygun bir seçim yapılmıştır?",Bina yüksekliği - Güneş ile Ay arası uzaklık,Güneş ile Dünya arası uzaklık - Sehpanın boyu,Bahçenin uzunluğu - Atomun yarıçapı,Ay ile Dünya arasındaki uzaklık - Ağacın boyu,Galaksiler arası uzaklık - Bir su molekülünün çapı,E
5d2383b2-60ef-5e57-b57e-030c1e737631,MATEMATIK,"$f(x)$ ve $g(x)$ reel sayılarda tanımlı iki fonksiyondur. $f(x) = \begin{cases} x^2-1, & x \ge 2 \\ 3x-2, & x < 2 \end{cases}$ $g(x) = \begin{cases} 3x-1, & x \ge 1 \\ x^2+1, & x < 1 \end{cases}$ olduğuna göre, $\lim_{x \to 2^+} (f \circ g)(x+1) + \lim_{x \to 1^-} (g \circ f)(3x-1)$ toplamının sonucu kaçtır?",20,16,15,12,11,B
581ae1bd-56f1-5a19-868f-0dff64b62fee,MATEMATIK,$\log_3(x+1)^2 = 4$ denkleminin çözüm kümesi aşağıdakilerden hangisidir?,{-8},"{-8, 8}",{10},"{-8, 10}","{-10, 8}",D
288ba1ee-d85f-50b7-9f88-9c59be92af00,MATEMATIK,"$f(x) = \frac{x^3 - 2x^2 - x + 2}{x^2 - 1}$ olduğuna göre, $f'(3/5)$ kaçtır?",-1,0,1,2,3,C
0544b31e-cdb8-5ea3-88b0-23f1ea6d3571,MATEMATIK,"$x^4-x^2+144=0$ denkleminin birbirinden farklı dört gerçel kökü vardır. Bu kökler bir aritmetik dizi oluşturduğuna göre, bu köklerin en küçüğü kaçtır?",-6,-3,-2,2,6,A
b18bc62e-3545-5acb-927a-2326778f4e95,MATEMATIK,"Bir dizi yapımcısı 80 bölümlük bir dizi planlamıştır. Bu dizinin %80'inde reyting ortalamalarının üstüne geçmeyi hedeflemektedir. İlk 30 bölümün 40 tanesinde reyting ortalamalarının üstüne çıkmasına rağmen belirlenen hedef gerçekleştirilememiştir. Buna göre, bu dizi kalan bölümlerin en az kaçında reyting ortalamalarının altında kalmıştır?",17,15,14,12,11,E
a4877d5f-14a8-5288-bfd2-ace67460dcce,MATEMATIK,$x^2+|x|-6=0$ denklemini sağlayan $x$ değerlerinin çarpımı kaçtır?,36,-36,-9,9,-4,C
65dba0a2-9f96-502a-81cb-1d03e91e4df7,MATEMATIK,"Bir firmada A ürünü ile ilgili gelen sipariş adedi
• Bir adet ürünün satış fiyatının TL cinsinden sayısal değerinin karesine eşittir.
• Bir adet ürünün maliyet fiyatının TL cinsinden sayısal değerinin $64$ katına eşittir.
bağıntıları vardır.
Buna göre, ürünün satış fiyatı kaç TL olduğunda gelen bir sipariş ile ilgili toplam kâr en çok olur?",$32$,$64$,$16$,$48$,$60$,A
6035ac48-bb00-5c20-a226-aa6afb08b8b7,MATEMATIK,"$a$ negatif bir gerçel sayı olmak üzere, $z$ karmaşık sayısı ile ilgili aşağıdaki bilgiler verilmiştir. $z=-\sqrt{-a}+\sqrt{4a}$ $Im(z)+Re(z)=12$ Buna göre, $Re(z)$ kaçtır?",1,2,4,6,8,D
4f3339b9-cb1c-577b-8d37-9b7a396c002d,BIYOLOJI,"Bitkilerde görülen, uyarı etkisiyle gerçekleşen ancak uyaranın yönüne bağlı olmayan ve hücre içerisinde turgor basıncı değişimiyle gerçekleşen davranış şekline nasti (ırganım) denir.
Aşağıda verilen bitkisel hareket şekillerinden hangisi nastiye örnek verilmez?","Akşam sefası çiçeklerinin gündüz kapanıp, gece açılması","Lale bitkisinde taç yapraklarının düşük sıcaklıkta kapanıp, yüksek sıcaklıkta açılması",Böcekçil bitkinin böcek yakaladığında yapraklarını kapatması,Küstüm otunun dokunma etkisiyle yapraklarını aşağı sarkıtması,"Bitki filizlerinde, kökün yerçekimine doğru, gövdenin ise aksi yönde büyümesi",E
3b9526c3-75de-51a1-a047-f582c64fadd7,MATEMATIK,"$f: \mathbb{Z} \to \mathbb{Z}$ fonksiyonu
$f(x) = \begin{cases} 2x - 5, & x \text{ tek ise} \\ |f(x - 1)|, & x \text{ çift ise} \end{cases}$
biçiminde tanımlanıyor.
Buna göre, $f(8) + f(9)$ toplamı kaçtır?",10,12,14,16,18,B
fa384afa-412e-5776-9713-3b728f7c7c41,COGRAFYA,"Numaralandırılmış özelliklerden hangileri nüfus yoğunluğunu artıran nedenlerden değildir?
I. Sanayi kuruluşlarının yaygın olması
II. Bitki örtüsünün gür olması
III. İklimin insan yaşamına elverişli olması
IV. İklimin tarıma elverişli olması",Yalnız II,Yalnız IV,III ve IV,"I, II ve III","I, II ve IV",A
a27b0eb5-b8d9-55c2-a755-44f5896c41e1,MATEMATIK,"$x$ dar açıdır. $\frac{1-\tan x}{1+\tan x} = \frac{\sqrt{3}-\tan x}{1+\sqrt{3}\tan x}$ olduğuna göre, $4\sin x \cdot \cos x \cdot \cos 2x$ işleminin sonucu kaçtır?",1,$\frac{1}{2}$,$\frac{\sqrt{3}}{2}$,$\frac{\sqrt{3}}{3}$,$\frac{3}{4}$,C
b6b1c1bb-2986-5940-a82e-49bf299b64a5,MATEMATIK,"Gerçek sayılar kümesi üzerinde tanımlı bir $f(x)$ fonksiyonu, $f(x) = \begin{cases} 4x-a, & x \le 1 \\ 5x-4, & 1 < x \le 3 \\ bx, & x > 3 \end{cases}$ biçiminde tanımlanıyor. $f(x)$ fonksiyonu yalnızca $x=1$ apsisli noktada sürekli değildir. Buna göre, $a+b$ toplamı aşağıdakilerden hangisi olamaz?",12,11,10,9,8,A
ef37a20d-121c-5fc3-8ec1-55537a321e9d,KIMYA,"$X^n$ iyonunda elektron sayısı, proton sayısından fazladır. Buna göre, I. $X^n$ taneciği anyondur. II. $n < 0$ dır. III. $X^n$ taneciğinin hacmi nötr halinden daha büyüktür. yargılarından hangileri doğrudur?",Yalnız I,Yalnız II,I ve II,I ve III,"I, II ve III",E
71aee101-a1be-514e-9807-d3a008fcba8b,MATEMATIK,Gerçek sayılarda tanımlı $f(x) = 4x+1$ fonksiyonunun tersi aşağıdakilerden hangisidir?,$ 4x-1 $,$ \frac{x-1}{4} $,$ \frac{x+1}{4} $,$ \frac{x}{4}+1 $,$ -4x+1 $,B
92926d0f-7e5c-5022-b6af-9f4011332f48,BIYOLOJI,"Aşağıdaki canlı - hareket organı eşleştirmelerinden hangi ikisi yanlış verilmiştir?
I. Maymun - kas
II. Amip - yalancı ayak
III. Paramesyum - kamçı
IV. Öglena - sil",I ve II,II ve III,III ve IV,II ve IV,I ve III,C
938f81f5-fa06-5472-a53f-631d8200818c,MATEMATIK,"$n$ pozitif bir tam sayı olmak üzere, $1+2+3+...+n = \frac{n(n+1)}{2}$ eşitliği sağlanmaktadır. $A = 1+2+3+...+9$ $B = 1+2+3+...+44$ olduğuna göre, $\frac{A}{B}$ oranı kaçtır?",$\frac{1}{11}$,$\frac{1}{22}$,$\frac{1}{44}$,$\frac{1}{45}$,$\frac{2}{45}$,B
a58dbb5a-f9ef-5ea2-8bd9-8b9b3da42a83,GEOMETRI,"Dik koordinat düzleminde bir d doğrusunun $A(-4, 1)$ noktasından geçtiği ve $2x-y=5$ doğrusuna dik olduğu biliniyor. d doğrusunun x-eksenini kestiği nokta $(a, 0)$ ve y-eksenini kestiği nokta $(0, b)$ olduğuna göre, $a+b$ toplamı kaçtır?",-3,-1,0,1,3,E
cb05972c-9e39-5734-b769-e0a174afd510,MATEMATIK,"Çapar Öğretmen, öğrencisi Saro'dan doğal sayılar, rasyonel sayılar, irrasyonel sayılar ve tam sayılar kümelerinden sadece iki tanesine ait olan bir sayıyı tahtaya yazmasını istemiştir. Buna göre Saro tahtaya aşağıdaki sayılardan hangisini yazarsa doğru cevap vermiş olur?",4,$\\sqrt{2}$,-2,$\\frac{3}{2}$,"1,2",C
becf388d-c3a2-5dd2-9fa3-abe7b3067c08,MATEMATIK,"$P(x)$ polinomunun $x-4$ ile bölümünden kalan $-1$ ve $x+1$ ile bölümünden kalan 4'tür.
$R(x)=P(P(x))$
olduğuna göre, $R(x)$ polinomunun $x^2-3x-4$ ile bölümünden kalan aşağıdakilerden hangisidir?",$x$,$-x$,$x+1$,$1-x$,$x-2$,B
06e0a2d1-908e-5d52-a0d0-17cd8a8dbb35,MATEMATIK,"$P(x)$ gerçek katsayılı ikinci dereceden bir polinom olmak üzere, $(3x^2 + 1) - P(x^4)$ polinomunun derecesi kaçtır?",8,10,12,16,24,B
b0ef6c34-b5ca-5124-9fd9-1beb948e71f6,MATEMATIK,"$16^a = 49$ ve $7^b = 64$ olduğuna göre, $(ab)^{ab}$ işleminin sonucu kaçtır?",$81$,$64$,$27$,$9$,$8$,B
9d712add-7100-58ab-8c49-75d32753a660,TARIH,"İkinci Dünya Savaşı'ndan hemen sonra Sovyet Rusya'nın Türkiye'den Kars, Ardahan, Artvin gibi şehirleri istemesi ve Boğazları beraber yönetme kararını resmen açıklaması Türkiye'yi tedirgin etti.
Türkiye, Sovyet Rusya tehdidine karşı,
I. Sadabat Paktı'na üye olmuştur.
II. NATO'ya üye olmuştur.
III. Balkan Paktı'na üye olmuştur.
önlemlerinden hangilerini aldığı söylenebilir?",Yalnız I,Yalnız II,I ve II,II ve III,"I, II ve III",D
b6a70274-47df-572d-975c-67ab2ded9300,EDEBIYAT,"(I) Muhsin Ertuğrul; tiyatroların, oynanmak için değil okunmak için yazar. (II) Eşber (Türkiye dışındaki tiyatroların Eşber, Senapaşat, Farklı bir kısımda eski uygarlıklarla değişir. (III) İlk Kâz'da, Namık Kemal'in Zavallı Çocuk'una gönderme yapar. (IV) Yazdığı Harp'te, I. Dünya Savaşı yıllarını anlatır. (V) Sabr u Sebat'ta Paris'in sosyete yaşamını, Liberte'de II. Abdülhamit'in Mithat Paşa'yı sürmesini anlatır.
Bu parçadaki bilgi yanlışını gidermek için aşağıdaki değişikliklerden hangisi yapılmalıdır?","I. yerine ""Abdülhak Hamit Tarhan"" gelmeli","II.nin yerine ""Fantastik"" gelmeli","III. nün yerine ""Forzan"" gelmeli","IV.nün yerine ""Çok Bilen Çok Yanılır"" gelmeli","V.nin yerine ""Akif Bey"" gelmeli",A
52f545e7-ea06-5b1d-83ae-c59363f397f0,EDEBIYAT,"• Üstte mavi gök, altta yağız yer yaratıldığında ikisi arasında insanoğlu yaratılmış. İnsanoğlunun üzerinde atalarım Bumin Kağan ve İstemi Kağan oturmuş. Oturarak Türk milletinin ilini, töresini düzenleyivermiş. (Kül Tigin Abidesi'nden)
• Boylar, kardeşler; kalkın ayağa. Işık Tanrı övelim: Gören Gün Tanrı korusun sizi bizi; görünen Ay Tanrısı kurtarsın sizi bizi! (Altun Yaruk)
• Galiblere dünya gerek
Akıllara ahret gerek
Varlara minber gerek
Bana yalnız sen gereksin (Divan-ı Hikmet)
Bu üç parça arasındaki ortak yön, aşağıdakilerden hangisidir?",Metin türü,At olduğu millet,İşlenilen tema,Anlatım biçimi,Anlatılan inanç sistemi,E
f49ba85c-c233-51d7-a370-7627a92dc341,MATEMATIK,"Gerçel sayılarda tanımlı $f$ fonksiyonu $f(x) = \begin{cases} x^2 & x \ge 0 \\ -x^2-4x & x < 0 \end{cases}$ biçimindedir. Buna göre, I. $f$ fonksiyonunun 1 tane yerel maksimumu vardır. II. $f$ fonksiyonunun 1 tane yerel minimumu vardır. III. $f$ fonksiyonunun $(-2, 0)$ aralığında azalandır. bilgilerinden hangileri doğrudur?",Yalnız I,II ve III,I ve II,I ve III,"I, II ve III",C
bd1844ff-581f-5be5-9191-caf09286a497,KIMYA,Aşağıda verilen taneciklerden hangisinin nötron sayısı en azdır?,$_{15}^{33}X$,$_{16}^{32}Y$,$_{17}^{33}Z$,$_{16}^{31}T^{1-}$,$_{14}^{28}K^{2+}$,E
f6f2ea17-8273-504e-83a4-d52fccb6e987,MATEMATIK,$\int_0^{5\sqrt{2}} \sqrt{100-x^2} dx$ ifadesinin değeri kaçtır?,$\frac{25\pi}{2}$,$25\pi$,$10\pi$,$40\pi$,$50\pi$,A
84cf098f-8c8e-5ca1-b7df-caf09911ccb0,KIMYA,"I. Laboratuvar ortamında çalışmışlardır.
II. Çalışmaları teorik temellere dayanır.
III. Deney ve gözlem yapmışlardır.
IV. Hastalıkları iyileştirmek için çeşitli ilaçlar yapmaya çalışmışlardır.
V. Çeşitli metallerden altın elde etmişlerdir.
Simyacılarla ilgili yukarıdaki ifadelerden kaç tanesi doğrudur?",1,2,3,4,5,A
33f946f0-0655-544a-9fb4-37083c37f90c,MATEMATIK,"Gerçel katsayılı 4. dereceden bir $P(x)$ polinomu her $x$ gerçel sayısı için $P(x) = P(-x)$ eşitliğini sağlamaktadır. $P(4) = P(6) = 0$ olduğuna göre, $P(x)$ polinomunun negatif köklerinin toplamı kaçtır?",24,10,0,-2,-10,C
b50338f5-18fd-5c11-a1aa-64648f59d273,MATEMATIK,"$f(x) = \frac{x^3-1}{(x-1)^2}$, $g(x) = |x-1|$ ve $h(x) = x-1$ fonksiyonlarından hangileri $x=1$ noktasında türevlidir?",Yalnız f,Yalnız g,Yalnız h,f ve g,"f, g ve h",A
5ce9fccd-1859-53e1-b2db-21208101a174,MATEMATIK,"Bir cismin hacim fonksiyonu, $t$ zamanına bağlı olarak, $V(t) = |t-2| + |t-3| + 10$ biçiminde tanımlanır. Buna göre, I. Cismin hacmi sürekli artmıştır. II. Cismin hacmi $[2, 3]$ zaman aralığında sabit kalmıştır. III. Cismin $t = 5$ anındaki hacmi başlangıçtaki değerine eşittir. yukarıdaki yargılardan hangileri doğrudur?",Yalnız I,Yalnız II,Yalnız III,I ve II,II ve III,E
3b4da71b-464b-56b8-a5ff-70529d5762b5,MATEMATIK,"$f$ ve $g$ fonksiyonları $x=x_0$ noktasında süreklidir. Buna göre, I. $f+g$ fonksiyonu $x=x_0$ noktasında limitlidir. II. $gof$ fonksiyonu $x=x_0$ noktasında süreklidir. III. $fog$ fonksiyonu $x=x_0$ noktasında türevlidir. ifadelerinden hangileri daima doğrudur?",Yalnız I,Yalnız II,Yalnız III,I ve II,II ve III,A
c7cd970c-f3e5-5922-b5a4-a28cdbc1145e,GEOMETRI,Dik koordinat düzleminde $3x-y-4=0$ ve $x+y+2=0$ doğruları arasındaki geniş açının ölçüsü kaç derecedir?,105,120,135,150,165,C
5a5488c2-0468-5271-9e31-7d84a5a63d7e,MATEMATIK,"A kentinden araçlarıyla saatte $80 \text{ km}$ sabit hızla tatile yola çıkan Kaya ailesi, tatil yapacakları otele $8$ saatte varacaklarını hesaplamıştır.
Kaya ailesi $4$ saat yol aldıktan sonra hareket ettikleri güzergâh üzerindeki yol çalışması nedeniyle $80$ dakika beklemiştir.
Buna göre Kaya ailesi tatil yapacakları otele hesapladıkları saatte ulaşabilmeleri için yolun kalan kısmında saatteki hızı kaç $\text{km}$ olmalıdır?",105,110,120,130,140,C
54d1597f-6ba1-5b7f-825a-969ddc89febf,MATEMATIK,"$f(x) = \frac{1 + \sqrt{x}}{1 + \sqrt[3]{x}}$ olduğuna göre, $f'(1)$ kaçtır?",\frac{1}{2},\frac{1}{3},\frac{3}{4},\frac{1}{4},\frac{5}{6},B
9972631f-9035-5b8a-be1d-bad25f135863,MATEMATIK,"$2 \cdot (cosecx - 5) = 5 \cdot (secx - 2)$ eşitliği veriliyor. Buna göre, $tanx$ kaçtır?",$\frac{1}{5}$,$\frac{2}{5}$,$\frac{3}{5}$,$\frac{4}{5}$,1,B
286f5385-73fd-591c-8704-71b148e6cfda,FIZIK,"Saniyede 3 tam dalga üreten bir kaynaktan üretilen dalgalar 12 cm/s hızla ilerliyor. Buna göre, bu dalganın dalga boyu kaç cm'dir?",36,15,9,6,4,E
bbe0dc54-71cd-5488-9a45-0d808ee9a3dc,MATEMATIK,"Kıyaslamada beden ölçüsü belirten, ""Small, medium ve large"" kavramları sayılara uyarlanmıştır.
Herhangi bir sayı medium sayı kabul edilince, bu sayıdan;
* sonraki sayılar küçükten büyüğe doğru sırasıyla, large, xlarge, xxlarge, xxxlarge, ... biçiminde,
* önceki sayılar büyükten küçüğe doğru sırasıyla small, xsmall, xxsmall, ... biçiminde
tanımlanıyor.
Örneğin, 30 sayısına medium sayı denirse 31 large sayı, 32 xlarge sayı, 29 small sayı ve 28 xsmall sayı olmaktadır.
Buna göre, $xxxxsmall - (xxxxlarge - medium) = medium$ denklemini sağlayan medium sayının rakamları toplamı kaçtır?",1,2,3,4,5,C
b9879a76-e438-541a-8728-c7ad636977b8,MATEMATIK,"$x$ ve $y$ birer tam sayı olmak üzere,
$x=\frac{y+5}{y-1}$
eşitliğini sağlayan kaç tane $(x, y)$ ikilisi vardır?",16,12,8,6,4,C
c92ee48f-91d8-500a-8c6b-38200bd5138d,MATEMATIK,"I. $(x+2022)^2 + x + 2023 = 0$
II. $(x+2023)^2 + x + 2024 = 0$
III. $(x+2024)^2 + x + 2025 = 0$
ikinci dereceden denklemlerinin diskriminantları sırasıyla $\Delta_1$, $\Delta_2$ ve $\Delta_3$'tür.
Buna göre, aşağıdaki sıralamalardan hangisi doğrudur?",$\Delta_1 < \Delta_2 < \Delta_3$,$\Delta_3 < \Delta_2 < \Delta_1$,$\Delta_1 = \Delta_2 = \Delta_3$,$\Delta_1 = \Delta_3 < \Delta_2$,$\Delta_1 = \Delta_3 = \Delta_2$,C
cd8def61-08b0-5331-9241-d7149c69bdc4,KIMYA,"Bir elektrokimyasal pil reaksiyonunun denge denklemi, $K_{pil} = \frac{[X^{2+}]}{[Y^{2+}]}$ olduğuna göre;
I. Pilin anotu X elektrottur.
II. Zamanla sulu çözeltideki $Y^{2+}$ iyonu sayısı azalır.
III. Sıcaklık artırılırsa pil gerilimi azalır.
ifadelerinden hangileri doğrudur?",Yalnız I,Yalnız II,I ve II,II ve III,"I, II ve III",D
66eb0b0a-d789-59ac-a4c2-0fffeb38c490,MATEMATIK,"$a, b$ ve $c$ sayma sayısıdır. $a-c=3$ ve $c-b=4$ olduğuna göre, $a+b+c$ toplamının alabileceği en küçük değer kaçtır?",11,12,13,14,15,D
a621612d-aaf6-58ad-81fe-f93c6e6ade0b,MATEMATIK,"$0 < x < \frac{\pi}{2}$
$\frac{1-\tan x - \sin x - \cos x}{1-\cot x - \sin x - \cos x} = 2$
olimits
olduğuna göre, $\sin x$ değeri kaçtır?",$\frac{1}{3}$,$\frac{1}{2}$,$\frac{\sqrt{2}}{2}$,$\frac{\sqrt{3}}{2}$,$\frac{2}{3}$,B
1a4346c8-4404-52ee-8636-f59d13ec525f,MATEMATIK,"$2x^2 - (m-3)x - 7 = 0$ denkleminin $x_1$ ve $x_2$ kökleri arasında $x_1 < 0 < x_2$ ve $|x_1| > x_2$ bağıntısı vardır. Buna göre, $m$'nin alabileceği tam sayı değerleri toplamı kaçtır?",6,5,4,3,2,D
5f5be0ef-c8ea-5587-b769-72fdd00af781,KIMYA,I. Fosil yakıtlar II. Piller III. Kurumuş ağaçlar IV. Egzos gazları V. Tarım ilaçları Yukarıda verilenlerden kaç tanesi kalıcı kirliliğe neden olur?,1,2,3,4,5,D
0b17b8e5-d243-580d-b857-857dc3858983,MATEMATIK,"Bir matematik öğretmeni payı ile paydası arasında iki fark asal sayı olan kesirleri ""asal kesir"" olarak tanımlamıştır. Birbirinden farklı $a$ ve $b$ pozitif tam sayılar için $\frac{3}{a-2b}$ kesiri bir asal kesir olduğuna göre, $a \cdot b$ çarpımı en az kaçtır?",4,6,7,8,9,B
7d65f05f-3fd7-5f25-8d4e-db3c42dc6959,MATEMATIK,"72 cm uzunluğundaki doğrusal telin bir ucundan 18 cm'lik kısmı kesilip atılıyor. Buna göre, geriye kalan telin orta noktası ilk duruma göre kaç cm kayar?",6,7,8,9,10,D
cc2e207c-92f5-5752-95fa-30c582757825,MATEMATIK,"$(a_n)$ gerçek sayılar dizisi her $n$ pozitif tam sayısı için,

$a_{n+1} = a_n + \frac{(-1)^n+1}{2}$

eşitliğini sağlamaktadır.

$a_5 = 18$ olduğuna göre, $a_1$ kaçtır?",4,8,16,32,64,C
3075d2b8-3287-560d-9c2c-f0317e61bdc6,MATEMATIK,Bir işi 24 günde yapan bir işçi 9 gün çalışırsa işin kaçta kaçını yapar?,$\frac{1}{3}$,$\frac{1}{8}$,$\frac{3}{8}$,$\frac{2}{3}$,$\frac{1}{6}$,C
d7628dd6-019b-5667-9dd0-bf66f054fc08,EDEBIYAT,"Sanatçı, Rusya'nın ve dünyanın en büyük romancılarından biridir. Dünya çapında bir sanat ve fikir adamıdır. Realizm akımının kurallarına bağlı kalan Lev Nikolayeviç Tolstoy; eserlerinde kişilerin ruhsal çözümlemelerini, toplumdaki düzensizlikleri ve eşitsizlikleri yansıtmıştır. Rus köylüsünün perişan, yoksul durumu onun dikkatini çekmiştir. Bu durum, onu özellikle köylülerin dünyasını yazmaya yöneltmiştir.
Aşağıdakilerden hangisi bu parçada sözü edilen sanatçının eserlerinden biri değildir?",Ölü Canlar,Savaş ve Barış,Anna Karenina,Diriliş,İvan İlyiç'in Ölümü,A
5ffa850b-bbe5-53b4-8f9c-46caaed1b65f,MATEMATIK,"Birbirinden farklı $a, b$ ve $c$ pozitif tam sayıları için $a-b=30$ olduğuna göre, $b \cdot c$ çarpımı en az kaçtır?",90,60,45,36,30,E
0acdf512-6d54-5aed-b0ae-d31f192a768f,BIYOLOJI,"İnsan böbreğindeki glomerulus kılcallarının aşağıdaki özelliklerinden hangisi, diğer vücut kılcallarından farklılık göstermez?",Damar boyunca kan basıncının sabit olması,Madde geçişinin tek yönlü olması,İki atardamar arasında bulunması,Damar boyunca kan basıncının protein ozmotik basıncından yüksek olması,Büyük moleküllerin geçişini engellemesi,E
ea932b9b-da04-50ea-91b9-6123a9117687,KIMYA,"$0,1 \text{ M } 200 \text{ mL H}_2\text{SO}_4$ çözeltisini tam nötralleştirebilmek için kaç gram NaOH gerekir? (NaOH: 40)","0,8",8,"1,6",16,40,C
72e06fa7-cac4-5484-a20c-9ea81bd60a9c,FIZIK,"Güneşli bir günde Kerem bir merceği eline alarak kuru otlara tutuyor. Biraz beklediğinde otların tutuşarak yanmaya başladığını gözlemliyor. Deneyde kullanılan bu merceğe K, L ve M ışınları şekildeki gibi gönderiliyor. Buna göre I, II ve III nolu deney düzeneklerinin hangisinde bu merceğe gönderilen ışınların izledikleri yollar doğru gösterilmiştir?",Yalnız I,Yalnız II,Yalnız III,I ve II,I ve III,E
4526f024-e29b-51f5-8bed-f1a3ed06332a,MATEMATIK,"Düz bir arazide yer alan bir bina ile bir ağacın yükseklikleri arasındaki fark 8 metredir. Bir süre sonra, ağacın yüksekliği iki katına çıkmış ve bu fark 3 metre olmuştur.
Buna göre, binanın yüksekliği
I. 13 metre
II. 16 metre
III. 19 metre
değerlerinden hangileri olabilir?",Yalnız I,Yalnız II,I ve III,II ve III,"I, II ve III",C
efe25c20-2e58-566b-850c-0202fb1ab752,MATEMATIK,"$2x = y$ ve $5y = 4z$ olduğuna göre, $z$'nin % kaçı $x$'e eşittir?",20,25,30,35,40,B
18b8e8f9-80d3-57e8-912c-ab55b6a33db4,MATEMATIK,"$\sin 18^\circ = a$ ve $\sin 12^\circ = b$ olmak üzere, $\cot 18^\circ + \cot 12^\circ$ toplamının $a$ ve $b$ türünden ifadesi aşağıdakilerden hangisidir?",$2ab$,$ab$,$\frac{1}{2ab}$,$\frac{1}{ab}$,$2a+b$,C
39eaaca6-01d1-5470-98cd-94dbdcdbb5c4,MATEMATIK,"Hileli bir zarın atılması deneyinde her bir yüzün gelme olasılığı, üzerindeki sayıyla doğru orantılıdır. Zar atıldığında üst yüze gelen sayının $4$ olma olasılığı kaçtır?",$\frac{1}{3}$,$\frac{1}{7}$,$\frac{3}{14}$,$\frac{2}{7}$,$\frac{4}{21}$,D
7459101e-a01d-53bd-b616-4844902be96f,MATEMATIK,"Genel terimleri,$a_n = (-1)^{3n-1}$ve$$b_n = \begin{cases} 1, & n \text{ çift tam sayı ise} \\ -1, & n \text{ tek tam sayı ise} \end{cases}$$olan $(a_n)$ ve $(b_n)$ dizileri veriliyor.Buna göre,I. $(a_n) = (b_n)$ dir.II. $a_{20} = b_{70}$ dir.III. $a_{50} + b_{30} = 0$ dır.ifadelerinden hangileri doğrudur?",Yalnız I,I ve II,I ve III,II ve III,"I, II ve III",E
1952e222-a524-54c0-aa79-2cee21e5de75,MATEMATIK,"$x, y$ ve $z$ pozitif tam sayılardır. $A = 3x+2 = 5y+2 = 7z+2$ koşulunu sağlayan en küçük üç basamaklı $A$ sayısı kaçtır?",103,104,105,107,212,D
5a4521ab-d0b0-575a-ae93-8a8caa90c695,MATEMATIK,"Bilgi:
$[x|a \le x \le b, x \in R]$ biçiminde tanımlanan aralığın boyu $b-a$'dır.
$(4x^2-12x+1) \cdot (2x^2-3x) \le 0$ eşitsizliğinin çözüm kümesi, $2$ ayrı aralığın birleşiminden oluşmaktadır.
Buna göre bu aralıkların uzunlukları toplamı kaçtır?",$\frac{3}{2}$,2,$\frac{5}{2}$,3,$\frac{7}{2}$,C
4c0fd7f5-84e4-599d-8b01-1fd70c83c03b,MATEMATIK,$\frac{10}{3-x} = 5$ denkleminin çözüm kümesi aşağıdakilerden hangisidir?,{0},{1},{2},{3},{4},C
2f3a7e95-db5a-5a3e-a4b9-321c0abf9a83,MATEMATIK,"Bir işi Meltem 6 günde, Deniz 10 günde, Nurgül 12 günde bitirebilmektedir. Üçü birlikte işe başladıktan 1 gün sonra Meltem ve Nurgül işi bırakıyor. Buna göre, kalan işi Deniz kaç günde bitirir?","5,5",6,"6,5",7,"7,5",C
256022fb-3d4b-5829-8d1c-07aff5e26d71,COGRAFYA,"""Yaşadığım ülkede, iç göç sürekli ve yoğun olarak yaşanmaktadır."" diyen bir kişinin yaşadığı ülke ile ilgili olarak aşağıdakilerden hangisi kesin olarak söylenemez?",Nüfusun dağılışında doğal koşulların belirleyici olduğu,İş imkânlarının kısıtlı olduğu,Geçim kaynaklarının sınırlı olduğu,Yaşam standartlarının düşük olduğu,Nüfus yoğunluğunun az olduğu,E
6a3d11c6-5cc7-5764-ad32-4dade32f3686,MATEMATIK,"$x$ TL'ye alınan bir gömlek, $y$ TL'ye satılmıştır. Bu gömleğin alış fiyatı ile satış fiyatı arasında $x = 5y - 300$ bağıntısı vardır. Bu satıştan kâr edildiğine göre, gömleğin alış fiyatı tam sayı cinsinden en çok kaç TL'dir?",74,75,61,60,76,A
4af9de1b-fd53-5db6-89cc-4785876f802e,BIYOLOJI,"Hücre zarı, saydam, kendi içinde hareketli ve esnek bir yapıdır. Bol miktarda protein ve yağ ile az miktarda karbonhidrattan oluşur. Karbonhidratlar yağlara ya da proteinlere bağlı olarak bulunur. Yapısında bulunan karbonhidratlar hücre zarına I. özgüllük, II. esneklik, III. ATP üretme özelliklerinden hangilerini kazandırır?",Yalnız I,I ve II,I ve III,II ve III,"I, II ve III",A
6f8164b5-d995-5efd-ad22-2b90ac537e06,COGRAFYA,"Aşağıda, bir alanın coğrafi koordinatları ve bu alanla ilgili bazı bilgiler verilmiştir. Bu bilgilerden hangilerinin doğru olduğu söylenebilir?",Yalnız I,Yalnız II,I ve II,I ve III,II ve III,D
78e0e6d2-dfce-56e7-a6cb-55d7b233ea9d,MATEMATIK,"$(a_n)$ geometrik dizisinde $\frac{a_n}{a_{n-1}} = 2$ olduğuna göre, $\frac{a_7}{a_{11}}$ oranı kaçtır?",1,2,3,4,5,D
10dedbdc-60ed-505f-a8ca-3537c292d4d0,MATEMATIK,"Başkat sayısı $1$ ve katsayıları tam sayı olan üçüncü dereceden $P(x)$ polinomunun kökleri ikisi $2$ ve $-3$ tür. Başkat sayısı $1$ olan ikinci dereceden $R(x)$ polinomunun kökleri $-2$ ve $P(0)$ değeridir. Buna göre $P(x) \cdot R(x)$ polinomu, I. $x^2-4$ II. $x^2-21x+54$ III. $x^2+9x-18$ polinomlarından hangilerine kalansız bölünebilir?",Yalnız I,Yalnız II,I ve II,I ve III,"I, II ve III",E
e84a0190-5d7b-553f-8163-7f6aab07fb82,MATEMATIK,$\frac{x^2}{3} < 12x$ eşitsizliğini sağlayan kaç farklı $x$ tam sayı değeri vardır?,35,36,37,34,33,A
7e7df0b9-185e-5c8a-9239-eccfd354d808,KIMYA,Sönmüş kireç ($Ca(OH)_2$) ve karbonik asidin ($H_2CO_3$) tepkimesinden oluşan tuzun formülü ve yaygın adı aşağıdakilerden hangisidir?,"Tuzun formülü: CaO, Yaygın Adı: Kireç taşı","Tuzun formülü: $CaCO_3$, Yaygın Adı: Sönmemiş kireç","Tuzun formülü: $CaCO_3$, Yaygın Adı: Kireç taşı","Tuzun formülü: $Ca(CO_3)_2$, Yaygın Adı: Kireç taşı","Tuzun formülü: $Cu_2CO_3$, Yaygın Adı: Sönmemiş kireç",C
f353442c-a4d8-5a9e-97dc-2b443d95c361,MATEMATIK,"I. $2^3=6$
II. $3^2=9$
III. $4^2=8$
ifadelerinden hangileri doğrudur?",Yalnız I,Yalnız II,Yalnız III,I ve II,II ve III,B
11f42488-6bff-5fe3-abaf-bf3d8c15c699,KIMYA,Aşağıdaki atom ve iyonlardan hangisinin elektron dizilişi doğru verilmiştir?,$_{12}Mg^{2+} : 1s^2 \ 2s^2 \ 2p^6 \ 3s^2$,$_{24}Cr : 1s^2 \ 2s^2 \ 2p^6 \ 3s^2 \ 3p^6 \ 4s^2 \ 3d^4$,$_{32}Ge^{4+} : 1s^2 \ 2s^2 \ 2p^6 \ 3s^2 \ 3p^6 \ 3d^{10} \ 4p^2$,$_{29}Cu : 1s^2 \ 2s^2 \ 2p^6 \ 3s^2 \ 3p^6 \ 4s^2 \ 3d^9$,$_{16}S^{2-} : 1s^2 \ 2s^2 \ 2p^6 \ 3s^2 \ 3p^6$,E
8a02fb9c-4833-593f-8119-9d471d286358,MATEMATIK,"Bir hareketli belirli bir yolu saatte, I. $V$ km hızla $t$ saatte II. $(V+4)$ km hızla $t-2$ saatte III. $(V-2)$ km hızla $t+2$ saatte alabiliyor. Buna göre, I. Alınan yolun uzunluğu 24 km'dir. II. $V$'nin değeri 8'dir. III. $t$'nin değeri 6'dır. ifadelerinden hangileri doğrudur?",Yalnız I,Yalnız II,I ve II,II ve III,"I, II ve III",D
eed41e20-36f9-57a9-9d80-c1e02503ba9f,MATEMATIK,"$f: [0, 4] \to \mathbb{R}$ tanımlı, sürekli ve azalan bir fonksiyondur.
$f(4) = 0$ olmak üzere,
$[0, 4]$ aralığında $f$ fonksiyonu ile $x$-ekseni arasında kalan bölgenin alanı birimkare cinsinden
I. $f(1) + f(2) + f(3) + f(4)$
II. $f(1) + 3f(4)$
III. $2f(0) + 2f(2)$
değerlerinden hangilerinden büyüktür?",Yalnız I,Yalnız II,I ve II,II ve III,"I, II ve III",C
68e9b75b-0f9e-5f78-8433-59dd13eb0e21,EDEBIYAT,"Yârim İstanbul'u mesken mi tuttun
Gördün güzelleri beni unuttun
Sılaya dönmeye yemin mi ettin
Gayrı dayanacak özüm kalmadı
Mektuba yazacak sözüm kalmadı
Bu dizelerle ilgili aşağıdakilerden hangisi söylenemez?",Kafiye ve rediften faydalanılmıştır.,Tekrarlanan bölümüne makta denir.,Bent bölümüne yer verilmiştir.,Sözcük düzeyinde redif vardır.,Merkezine aşk temasını almıştır.,B
de96c6b3-779d-58df-8e9f-98ad3b510ab7,MATEMATIK,Gerçek sayılar kümesinde tanımlı $f(x) = x^2+1$ fonksiyonunun tersi olan $f^{-1}(x)$ fonksiyonu aşağıdakilerden hangisidir?,$x-1$,$\sqrt{x-1}$,$\frac{1}{x^2+1}$,$\sqrt{x}+1$,$x+1$,B
8f2881fd-f7eb-55c8-a8c1-ad20e6ffc704,BIYOLOJI,"Oksijenli solunum ve laktik asit fermantasyonunda;
I. kemiozmotik mekanizma ile ATP üretilmesi,
II. NADH molekülünün, $NAD^+$'ye yükseltgenmesi,
III. elektronların, elektron taşıma zinciri elemanlarınca taşınması
olaylarından hangileri ortak olarak gerçekleşir?",Yalnız I,Yalnız II,Yalnız III,I ve II,II ve III,B
0438220b-ad55-5260-91a4-d032e5e36a91,TARIH,"Osman Gazi Dönemi'nde Karacahisar, Bilecik, Yarhisar, Yundhisar, Yenişehir ve İnegöl ele geçirildi. Önce Kara Cahar'dan daha sonra Bilecik ve Yenişehir beyliğin merkezi oldu. Karacahisar'ın fethinden sonra ilk defa bir Osmanlı kadısı olarak Dursun Fakih tayin edildi. Buna göre Osman Gazi'nin; I. gulam sistemini uygulama, II. sınırları genişletme, III. adalet sistemini kurumsallaştırma politikalarından hangilerini benimsediği söylenebilir?",Yalnız I,Yalnız II,Yalnız III,I ve II,II ve III,E
1ca01c66-e802-5303-a7a3-dd486e202db8,MATEMATIK,"Bir fırında üretilen $10^4 - 8^6$ adet ekmeğin dörtte biri her biri $64 \ adet$ olacak şekilde bakkallara, kalanı her biri $96 \ adet$ olacak şekilde marketlere gönderilmiştir. Buna göre, gönderi yapılan market ve bakkal sayısı kaçtır?",$4^4$,$8^3$,$6 \cdot 4^3$,$3 \cdot 16^2$,$3 \cdot 4^3$,C
4337e20b-48b9-5d07-a6d3-49d63ac09e23,FIZIK,"$^{235}U$ çekirdeği düşük enerjili bir nötron yakaladığında bölünerek biri K, diğeri ise L ile gösterilen iki tane ürün çekirdeğine ve yanı sıra birkaç tane de nötron oluşmaktadır. Nükleer fisyon olarak adlandırılan bu olayda farklı K ve farklı L çekirdeklerinden oluşan çok sayıda ikili ürün kombinasyonu bulunmaktadır.
Bu kombinasyonların herhangi bir tanesindeki K ve L ürün çekirdeklerinin;
I. Atom numaralarının toplamı $^{235}U$ nun atom numarasına eşittir.
II. Kütle numaralarının toplamı $^{235}U$ nun kütle numarasına eşittir.
III. Nötron sayılarının toplamı $^{235}U$ nun nötron sayısına eşittir.
yargılarından hangileri kesinlikle doğrudur?",Yalnız I,Yalnız II,I ve II,II ve III,"I, II ve III",C
cea8e419-a6f3-56e8-852d-bf452fe1f820,FIZIK,"Düzgün $\vec{B}$ manyetik alanının içerisinde iletken telden yapılmış bir halka, manyetik alana dik konumda hareketsiz durmaktadır. Buna göre; I. manyetik alanın şiddetini azaltma, II. manyetik alanın şiddetini azaltma, III. halkayı manyetik alandan çıkarma eylemlerinden hangileri tek başına yapılırsa halkada indüksiyon akımı oluşur?",Yalnız I,Yalnız II,I ve III,II ve III,"I, II ve III",E
fb1e6b56-80d7-5ce6-94a8-92ffdef3a6fe,MATEMATIK,"Her $x$ gerçek sayısı için, $x^2+8x-15 = a(x-1)+b(x+1)+c(x^2-1)$ olduğuna göre, $a+b+c$ toplamı kaçtır?",-3,-2,1,2,4,C
dceabdc8-ba2e-54ba-8fcb-2ba4263f005e,MATEMATIK,"Bir minibüs şoförü araç kullanırken verilen bozuk paraları ayırmadığı için bir bozuk para ayırma makinesi satın alıyor. Bu makinede çapları sırasıyla küçükten büyüğe doğru olan delik şeklindeki 25 kr, 50 kr ve 1 TL için büyüklüklerine göre delikler bulunmaktadır.
Makine boşken yolcu almaya başlayan bu şoför toplam 126 TL ücret topladığı bir anda her birinden eşit sayıda aldığını bildiği 25 kr, 50 kr ve 1 TL'lik bozuklukların bölümüne baktığında bu bölümlerde sırasıyla 36, 84 ve 96 adet bozuk para bulunduğunu görüyor.
1 TL'lik bölümdeki bozuklukların toplam değeri 80 TL olduğuna göre, kaç adet bozuk para olması gereken bölümden farklı bölümdedir?",44,48,50,52,56,D
2287f4ed-a439-560c-bf7e-f4cb543d9478,GEOMETRI,"Dik koordinat düzleminde $(7, 9)$ noktasından geçen ve $x$ eksenine $B(4, 0)$ noktasında teğet olan çemberin yarıçapı kaçtır?",6,8,10,15,16,C
28942159-9b1d-54dc-83d6-83da08fc6cea,TARIH,Osmanlı Devleti'nin en parlak dönemini yaşatan hükümdar aşağıdakilerden hangisidir?,II. Mehmet,I. Selim,I. Süleyman,II. Bayezid,II. Murat,C
ddff8541-0630-5a95-a053-56a9d3388a9a,FIZIK,"Elektrik akımı günlük hayatımızda sıkça kullandığımız araç gereçlerin enerji kaynağıdır. Elektrik enerjisini taşıyan kablolarda elektrik akımı geçip geçmediğini göremeyiz. Bu nedenle elektrik akımının oluşturabileceği tehlikelere karşı dikkatli olmalıyız. Buna göre, I. Elektriksel aletlerin hasar görmüş kabloları II. Yerinden sökülmüş prizler III. Ezilmiş televizyon kumandasının pilleri verilenlerden hangilerinde elektrik akımı hayati tehlike oluşturabilir?",Yalnız I,Yalnız II,Yalnız III,I ve II,"I, II ve III",D
b24043db-a202-51e5-9e0b-148f076dd5b0,MATEMATIK,"$y=f(x)$ fonksiyonunda $f(1)=12$ olduğuna göre, $\\int_{0}^{1} [x \\cdot f'(x) + f(x)] dx$ ifadesinin değeri kaçtır?",24,8,6,18,12,E
45f5e7e6-e748-56f8-89c5-c24c67f2987f,KIMYA,"• Kan, idrar, besin maddelerinin içerisinde bulunan maddelerin miktarlarını inceler.
• Kimyasal tepkimelerde moleküllerin hızı, hareketi ve enerji değişimlerini inceler.
• Metaller, asitler ve tuzların özelliklerini ve kimyasal tepkimelerini inceler.
Yukarıdaki çalışmaların ait olduğu kimya disiplinleri hangisinde doğru verilmiştir?","Biyokimya, Fizikokimya, Analitik kimya","Biyokimya, Analitik kimya, Fizikokimya","Analitik kimya, Fizikokimya, Anorganik kimya","Analitik kimya, Biyokimya, Fizikokimya","Organik kimya, Anorganik kimya, Biyokimya",C
d1e5aea2-7ca5-5a7f-a212-b35ff3d7e368,BIYOLOJI,Evsel atıklardaki azot suya karıştığında sudaki yosunlara gübre etkisi yapar ve yosun (alg) sayısı artar. Bu olay aşağıdakilerden hangisiyle tanımlanır?,Sera etkisi,Ötrofikasyon,Asit yağmurları,Karbon ayak izi,Ozon incelmesi,B
88c14d45-0455-57a9-a2d4-897225133422,MATEMATIK,"Bir duvar ustasının $t$ dakikada ($t>0$ için) yaptığı duvar alanı birimkare cinsinden $f(t) = t^2+18t-n$ olarak verilmiştir. Bu ustanın 3 dakikada yaptığı duvar alanının 5 dakikada yaptığı duvar alanına oranı $\frac{5}{8}$'dir. Buna göre, duvar ustasının 7 dakikada yaptığı duvar alanı kaç birimkaredir?",104,98,86,78,65,B
be239083-4946-573b-86f5-50c8717aa284,MATEMATIK,$\frac{\sin 5x}{\sin x} - \frac{\cos 5x}{\cos x}$ işleminin sonucu kaçtır?,$\cos 2x$,$\sin 2x$,$2 \cdot \cos 2x$,$4 \cdot \cos 2x$,$4 \cdot \sin 2x$,E
44d7326f-ca4c-547b-9d91-0a8ecc13f9d1,KIMYA,"$_{11}Na$, $_{12}Mg$ ve $_{13}Al$ elementlerinin 1. iyonlaşma enerjilerinin karşılaştırılması aşağıdakilerden hangisinde doğru verilmiştir?",$Na < Mg < Al$,$Al < Mg < Na$,$Na < Al < Mg$,$Mg < Al < Na$,$Al < Na < Mg$,C
ce54ba12-385d-5e4e-97be-0704c1922111,MATEMATIK,"5 öğretmen, 8 öğrenci grubundan 2 öğretmen ve 4 öğrenciden oluşan 6 kişilik bir ekip kaç farklı şekilde oluşturulabilir?",900,800,700,600,500,C
30ae94a2-b289-5525-9eb6-b0c9934b6de9,TURKCE,"MÖ V. yüzyılın sonlarında resimleriyle ünlenmiş Zeuxis, elinde üzüm tutan bir çocuğun resmini yapmış. Üzümler öylesine gerçek gibi duruyormuş ki kuşlar gelip yemeye kalkışmış. Bundan dolayı övüldüğü zaman Zeuxis, üzülerek “Çocuğun resmini daha iyi yapabilseydim kuşlar ondan korkardı.” demiş.
Aşağıdakilerden hangisi bu parçadaki düşünceyi destekler niteliktedir?","Sanat eseri, doğada var olanı benzersiz kıldığı ölçüde değerli kabul edilir.",Sanatçı; doğayı gerçekçi bir biçimde yansıtabildiği oranda başarılıdır.,"Resim sanatı, diğer sanatlardan gerçekçiliği ele alışı bakımından ayrılır.","Sanatçının özgünlüğü, temel aldığı konuyu işleyiş biçimiyle değerlendirilir.","Sanat eseri, insanın temel özelliklerini içerdiğinde kalıcılığa erişir.",B
6c68e031-034c-5c4b-b3d2-c79ebad61d46,MATEMATIK,"İlk terimi $3$, son terimi $143$ ve ardışık herhangi iki terimi arasındaki farkı $5$ olan bir sonlu dizinin terim sayısı kaçtır?",$27$,$28$,$29$,$30$,$31$,C
7bccf947-e1e8-52a0-b2d3-93dd948c982f,MATEMATIK,"Bir mağazada satılan A ve B marka deterjanların maliyet ve satışları için
I. A marka deterjan %50 kârla, B marka deterjan %20 kârla satılmaktadır.
II. A marka deterjanın maliyeti B marka deterjanın maliyetinin %10 fazlasına eşittir.
Buna göre, deterjanların satış fiyatlarının oranı aşağıdakilerden hangisi olabilir?",$\frac{11}{8}$,$\frac{3}{2}$,$\frac{13}{8}$,$\frac{7}{4}$,$\frac{15}{8}$,E
57f1d536-7a25-56d1-bb1d-463cceb7d708,MATEMATIK,"$f(x)=-x^5+bx^4-cx^3+dx^2+e$ fonksiyonunun grafiği aşağıda verilmiştir. Buna göre, $e$ kaçtır?",42,43,44,45,46,D
b359e343-64df-5a9e-917a-3b801b116d00,MATEMATIK,"$f$ ve $g$ gerçek sayılarda türevlenebilir iki fonksiyon için $2x + f(x) = x^2 + g(x)$ eşitliği veriliyor. Buna göre, I. $f'(1) = g'(1)$ II. $f'(0) = g'(0)$ III. $\frac{f'(0)}{g'(0)} = 1$ ifadelerinden hangileri her zaman doğrudur?",Yalnız I,Yalnız II,Yalnız III,I ve II,I ve III,A
d7484a40-8f15-5f0a-a086-43cd550d5525,MATEMATIK,"$y = f(x)$ polinom fonksiyonunun $x = k$ apsisli noktasındaki;

sağdan limiti $(3k+7)$
soldan limiti $(4k+3)$

olduğuna göre, $\lim_{x \to k} (x^2 - kx - k)$ ifadesinin değeri kaçtır?",1,2,3,4,5,C
1d494906-f954-5d82-8b81-70c59b134171,GEOMETRI,"Dik koordinat düzleminde;
* $m < 0 < n$ eşitsizliği
* $A(m + 5, n - 8)$ ve $B(2m - 3, n + 3)$ noktaları veriliyor.
A noktasının x eksenine uzaklığı 9 br ve B noktasının y eksenine uzaklığı 5 br'dir.
Yukarıdaki verilere göre, $|m - n|$ ifadesinin değeri kaçtır?",14,15,16,17,18,D
c6d478b1-0c30-58a7-9cca-47c6c830ae81,FIZIK,"Özdeş iletken levhalarla oluşturulan paralel levhalar potansiyel farkı V olan üreteçle yüklendiğinde levhaların yükü $+Q$ ve $-Q$ oluyor.
Buna göre, levhalar arasındaki uzaklık ile üretecin geriliminde yapılan değişiklikler sonunda levhaların yükleri hangi şekilde doğru verilmiştir?",Yalnız I,Yalnız II,Yalnız III,I ve II,"I, II ve III",E
c0597ebd-e50d-5374-b7c5-f5b9c2364e36,KIMYA,"Karbon $(C)$ ve hidrojenden $(H)$ oluşan bir bileşiğin $2,6 \text{ gramında } 2,4 \text{ gram karbon (C)}$ bulunmaktadır. Bileşiğin mol kütlesi $78 \text{ g/mol}$ olduğuna göre molekül formülü aşağıdakilerden hangisidir?",$CH$,$CH_2$,$CH_3$,$C_6H_6$,$C_2H_2$,D
376ce4b0-a21c-526f-8733-ca1892306c3c,MATEMATIK,İşleminin sonucu kaçtır? $\frac{80:20-66:(-6)}{10:(7-9)}$,-5,-3,-2,3,5,E
d1a9d174-7c8d-5b83-a625-84b42a7a30ec,MATEMATIK,"$P(x)$ ve $Q(x)$ birer polinomdur.

* $P(x)$ polinomunun başkatsayısı 1 olan ikinci dereceden bir polinomdur.
* $Q(x)$ polinomunun sıfırları $Q(2)$ ve $Q(3)$'tür.
* $P(x)-Q(x)=2x-4$

olduğuna göre, $P(x)$ polinomunun $Q(x)$ polinomu ile bölümünden kalan kaçtır?",4,3,2,1,-1,E
eb0ec23b-b637-5720-a67f-aec2741d2949,MATEMATIK,"$x$ ve $y$ gerçek sayılardır. $0 < x < y < 4$ olduğuna göre, $x - |y - |y - 4|| - |4 - x|$ ifadesinin eşiti aşağıdakilerden hangisidir?",$2x - 2y$,$2y - 2x$,$2y + 2x - 8$,$2y + 8$,$2x - 8$,E
ee25750b-519f-5fe3-b616-f16a679de564,MATEMATIK,"Uygun koşullarda tanımlı $f$ fonksiyonu ile ilgili $f(x+1)=f(x)+2x$ eşitliği veriliyor. $f(3)=5$ olduğuna göre, $f(5)$ kaçtır?",17,19,21,23,25,D
6beac0cc-8aa2-5e82-af21-630ed62dc47d,MATEMATIK,$f(x) = 3x^2 + (m-1)\sqrt{x} + (m+1)x + 8$ fonksiyonunun grafiği parabol belirttiğine göre $m$ kaçtır?,0,1,-3,-1,2,B
76903313-be81-5a6c-a251-d07c78fddb5d,TURKCE,"(I) Bilimlerin felsefeden ayrılışı matematikle başlamış, sonra doğa bilimleri ve en sonunda da sosyal bilimler felsefeden ayrılmıştır. (II) Kendi özgünlüğünü kazanmış ve giderek belirgin disiplinler hâline gelmişlerdir. (III) Bu ayrılığa rağmen bilim ile felsefe arasındaki yakınlık, aynı düzeyde olmasa da günümüzde de devam etmektedir; bu sebeple iki bilgi alanının yakın ilişkisinden bilim felsefesi adı bir disiplin ortaya çıkmıştır. (IV) Felsefe ile bilim benzer ve farklı özellikleri olan, birbirini tamamlayan iki entelektüel etkinliktir. (V) Felsefeyle bilim arasında amaç bakımından bir paralellik oluşu, her ikisinin de hazır ve basmakalıp bir bilgi ile yetinmeyip doğruyu arama ve eleştirel bir tavırla sürekli sorgulamayla ilerleme çabaları, araştırmalarında hedefin, gözetmesi, her ikisinin de özdeşlik, çelişmezlik ve üçüncü hâlin olanaksızlığı gibi mantık ilkelerini titizlikle kullanması, ikisinin de insanı ve evreni anlama çabası içinde olması gibi ortak özellikleridir.
Bu parça iki paragrafa ayrılmak istense ikinci paragraf numaralanmış cümlelerin hangisiyle başlar?",I,II,III,IV,V,D
c2b665d6-1384-5e42-b291-8a5290f7dd74,FIZIK,"Yüklerin hareketleriyle ilgili;
I. Kapalı bir elektrik devresinde elektronlar yüksek potansiyelden düşük potansiyele doğru akar.
II. Kapalı bir elektrik devresinde akım yüksek po-tansiyelden düşük potansiyele doğrudur.
III. Bir pilin $(+)$ ucu yüksek $(-)$ ucu düşük potan-siyeldir.
yargılarından hangileri doğrudur?",Yalnız I,Yalnız II,I ve II,II ve III,"I, II ve III",D
d4d79126-f13b-5d30-97f2-34c93f4868dc,BIYOLOJI,"Bir bitkinin yapraklarındaki stoma açıklığının, giderek azalması sırasında, stoma bekçi hücrelerinde, aşağıdaki olaylardan hangisinin meydana gelmesi beklenmez?",Fotosentezle besin üretiminin,Oksijenli solunumun,Komşu hücrelere su geçişinin,Turgor basıncının azalmasının,Glikozların nişasta moleküllerine dönüşmesinin,C
5c0e4001-5d5f-5881-9196-70b0533ed29f,MATEMATIK,$f(x) = \operatorname{Arcsin}\left(\frac{x+3}{2}\right)$ fonksiyonunun ters fonksiyonu olan $f^{-1}(x)$ aşağıdakilerden hangisidir?,$2\sin(x)-6$,$2\sin(x)-3$,$3\sin(x)-6$,$2\sin(2x-6)$,$2\sin(3x)$,B
2d61cdfd-0078-518d-8dd6-7f04e37f458f,MATEMATIK,"$m \ne 1$ olmak üzere, $(m-1)x^2 - (m-3)x + m+2 = 0$ denkleminin kökleri $x_1$ ve $x_2$'dir. $\frac{1}{x_1} + \frac{1}{x_2} = 2$ olduğuna göre, $m$ değeri kaçtır?",1,-5,-6,-7,6,D
c218c421-d834-5ec3-9914-e199c0d3f5df,MATEMATIK,"$(0,\overline{2}) \cdot (0,\overline{7})$ işleminin sonucu kaçtır?",$\frac{7}{9}$,$\frac{14}{99}$,$\frac{14}{81}$,$\frac{17}{99}$,$\frac{17}{81}$,C
1beaef98-a90d-5695-aa10-7d3dbeebe77a,MATEMATIK,$\int \frac{1}{4}dx$ ifadesinin eşiti aşağıdakilerden hangisidir?,$4x$,$4x + c$,$\frac{x}{4} + c$,$4x^2 + c$,$\frac{x^2}{16} + c$,C
618a80e8-175f-5768-a2ff-a658c5c5f4cc,MATEMATIK,"A, B, C ve D ardışık tek sayılar olmak üzere, $\text{EKOK(B, D)} = 221$ olduğuna göre, $A + B + C + D$ toplamı kaçtır?",48,56,64,72,80,B
45779428-242a-5c2d-8025-3f44ad7fe9cf,MATEMATIK,"$x$ ve $y$ birer tam sayı olmak üzere,
$x^2 + xy - x = 15$
$xy - 3x = -20$
olduğuna göre, $x \cdot y$ çarpımı kaçtır?",-10,-5,5,10,15,D
7b12a6b6-e5bb-518a-9dd6-0c4b01605016,MATEMATIK,"Sercan diyet yapmaya karar verdiğinde ağırlığı $x$ kilodur. Sercan bir ayda ağırlığının en az 46, en çok 60 kilo olduğu-nu gözlemliyor. Buna göre, aşağıdaki aralıklardan hangisi $x$'e ait olabilir?",$|x-63|<17$,$|x-14|<66$,$|x-70|<10$,$|x-40|<40$,$|x-34|<46$,A
32c4a660-fff2-57c2-a4dc-a203915b5bd7,MATEMATIK,"$f(x) = \begin{cases} x^3 + 1 & , x \le 2 \\ x^2 - 4x & , -2 \le x < 2 \\ -x^2 & , x < -2 \end{cases}$ şeklinde tanımlanan $y = f(x)$ fonksiyonu için I. $f'(2^+) = 12$ II. $f'(-2^-) = -2$ III. $f'(-1) = -12$ ifadelerinden hangileri doğrudur?",Yalnız I,Yalnız II,I ve II,I ve III,II ve III,E
cda04e2a-3e33-5997-b3ac-42f7d7306288,FIZIK,"Derinliği sabit su leğeninde aralarında $L$ kadar uzaklık olan özdeş iki kaynak, aynı anda eşit frekanslarla çalışmaya başlıyorlar. Bir süre sonra, ortamda dalgaların girişim deseni oluşuyor. Kaynaklara en yakın olan girişim çizgisi 4. katar çizgisi olduğuna göre, I. Ortamdaki düğüm çizgi sayısı, katar çizgi sayısından azdır. II. Oluşan 5. düğüm çizgileri üzerinde kaynaklar bulunur. III. Katar çizgilerinin sayısı tek sayıdır. yargılarından hangileri yanlıştır?",Yalnız I,Yalnız II,I ve III,II ve III,"I, II ve III",B
7cb849f3-5557-5459-b67e-807e1f4a1b28,EDEBIYAT,Aşağıdakilerin hangisinde Nazım Hikmet'le ilgili bir bilgi yanlışlığı vardır?,"İlk şiirlerini hece ve aruz ölçüsüyle yazan sanatçı, 835 Satır eseriyle serbest ölçüye yönelmiştir.","Türk şiirinde o zamana kadar denenmeyen görsel, sesçil ve karmaşık biçimsel teknikler kullanarak somut ve nesnel bir şiir anlayışı ortaya koymuştur.",Üç Anadolu şiir kitabından itibaren tarihsel dönemlere inerek sorgulamasını destan boyutunda sürdürmüştür.,Türkçenin ses özelliklerinden yararlanarak serbest nazma geçişinde fütürist şairlerden etkilenmiştir.,"Şiirlerindeki gücünü yaşadığı çevreden, varoluşunu inandığı değerlerden almıştır.",C
e9707f8c-aa94-592a-a7a6-1abb628111d7,MATEMATIK,"$f(x)=(ax-1)\cdot(x+2)^2$ ve $f'(2)=88$ olduğuna göre, $a$ kaçtır?",1,2,3,4,5,E
c1e7b318-7b8b-5519-aec3-2291801e8635,MATEMATIK,"Analitik düzlemde apsisi, ordinatının 2 katı olan ve birim çember üzerinde bulunan bir noktanın apsisinin alabileceği değerlerin çarpımı kaçtır?",-1,$-\frac{4}{5}$,$-\frac{1}{5}$,$\frac{1}{5}$,$\frac{4}{5}$,B
bfc3dd75-8d30-5fcc-8b40-2e0a7520bff7,MATEMATIK,$(6-x)(x+1)>0$ eşitsizliğini sağlayan kaç farklı tam sayı vardır?,8,7,6,5,4,C
cb5d21f0-8ee8-57ce-9be6-d9ec6d0e34d7,MATEMATIK,$(10x + 2b - 6) = 14 - (6 - 2a)x$ denkleminin çözüm kümesi boş küme olduğuna göre $a+b$ toplamı aşağıdakilerden hangisi olamaz?,4,12,16,18,20,D
00f62741-1f13-52d5-9dfb-8aefae610f38,MATEMATIK,"Her $x$ gerçek sayısı için $x^2-a \cdot x+6=(x-1) \cdot(b-x+c)$ olduğuna göre, $a+b+c$ toplamı kaçtır?",-2,-1,0,1,2,E
f2e1c8fa-79c2-5a05-bb51-4c92247608ae,KIMYA,"$25 \text{ }^\circ C$'de saf suyun pH değeri $7$'dir. Temiz hava koşullarında yağmur suyunun pH değeri saf suya çok yakındır. Ancak günümüz koşullarında yağmur suyunun pH değeri $5,6$'dır.
Buna göre yağmur suyu ile ilgili,
I. Zayıf asidik özellik gösterir.
II. Yağmur suyunun pH değerinin $5,6$ olmasına neden olan atmosferdeki $CO_2$, $NO_x$ ve $SO_3$ gibi gazlardır.
III. Fosil yakıt kullanımı sonucu oluşan gazlar yağmur suyunun asitliğini artırır.
ifadelerinden hangileri doğrudur?",Yalnız I,Yalnız II,I ve II,I ve III,"I, II ve III",E
5dfa98d5-81e7-5a49-999b-3d7ee59cf79e,MATEMATIK,9 cm ve 12 cm ebatlarındaki dikdörtgenler yan yana getirilerek bir kare elde ediliyor. Bu şartlara uygun en küçük kare için kaç dikdörtgen kullanılmalıdır?,18,6,20,9,12,E
ae35b8c7-6735-5950-b137-c3255b57c5b4,MATEMATIK,"x ve y sayıları sırasıyla, 2 ve 3 ile ters orantılıdır. $3x - y = 21$ olduğuna göre, x kaçtır?",12,10,9,8,6,E
f5138e1f-3087-5596-b331-adf028c4a8d0,MATEMATIK,"Gerçel sayılar kümesinde tanımlı $f$ ve $g$ fonksiyonlarında $g(x)=x+3$ ve $(fog)(x)=x^2+6x+8$ olduğuna göre, $(gof)(2)$ kaçtır?",10,8,6,4,2,A
43e786b4-a7fd-5b1b-bf8f-1c9461df0994,MATEMATIK,"Her yarışmacının tek başına yarıştığı bir bilgi yarışmasında yarışmacılara her turda 1 soru soruluyor. Soruyu yanlış cevaplayan yarışmacı elenirken, soruyu doğru cevaplayan yarışmacı bir üst tura çıkıyor. 15 sorunun sorulduğu bu yarışmaya katılan 17 yarışmacıdan tüm sorulara 1 yarışmacı doğru cevap verirken 3 yarışmacı aynı turda, geriye kalan yarışmacıların her biri farklı bir turda eleniyor. Bu 17 yarışmacıya sorulan toplam soru sayısı 136 olduğuna göre, kaçıncı turda 3 yarışmacı elenmiştir?",4,5,6,7,8,E
f3531e18-513a-568c-8a6a-19938be2899e,BIYOLOJI,Aşağıdaki hücresel yapılardan hangi ikisinde ETS (elektron taşıma sistemi) bulunur?,Ribozom - Mitokondri,Kloroplast - Lizozom,Golgi - Ribozom,Mitokondri - Kloroplast,Golgi cisimciği - Endoplazmik retikulum,D
3fdca69c-a0ba-51a7-a129-826d0645455d,TURKCE,"Yazın serüveninin başından sonuna dek ""yaşama azabı"" temini metinler arası ilişkilerle derinleştirerek işleyen Necatigil'in şiirleri, kendi deyişiyle ""şiir eğitiminden geçmiş okuyucu""ya saygının ifadesidir. Bu cümlenin öznesinde aşağıdakilerden hangisi yoktur?",İsim-fiil,Sıfat-fiil,Edat,Zarf-fiil,Dönüşlülük zamiri,E
27cadc92-c341-5887-a79a-286c4da22eb7,KIMYA,"Aynı periyotta olduğu bilinen X, Y ve Z baş grup elementleri ile ilgili aşağıdaki bilgiler verilmiştir.
• X: Bulunduğu periyotta atom numarası en küçük olan elementtir.
• Y: Bulunduğu periyotta 1. iyonlaşma enerjisi en büyük olan elementtir.
• Z: Serbest hâlde moleküler yapıda bulunan elementtir.
Buna göre X, Y ve Z elementleri ile ilgili,
I. X, 1A grubu (alkali metaller) elementidir.
II. Y, 8A grubu (soygaz) element sınıfındadır.
III. Z, 7A grubu (halojenler) elementi sınıfında olup oda koşullarında gaz hâlde bulunur.
yargılarından hangileri kesinlikle doğrudur?",Yalnız I,Yalnız II,I ve II,II ve III,"I, II ve III",E
4bc64d08-8efa-51bb-ad86-4ba2ac9b4c7f,KIMYA,"Aşağıda bazı tepkimelerin denge sabitleri verilmiştir.
$N_2(g) + 3H_2(g) \rightleftharpoons 2NH_3(g) \quad K_1$
$N_2(g) + O_2(g) \rightleftharpoons 2NO(g) \quad K_2$
$2H_2(g) + O_2(g) \rightleftharpoons 2H_2O(s) \quad K_3$
Buna göre,
$4NH_3(g) + 5O_2(g) \rightleftharpoons 4NO(g) + 6H_2O(s)$
tepkimesinin denge sabitinin $K_1$, $K_2$ ve $K_3$ cinsinden değeri aşağıdakilerden hangisinde doğru verilmiştir?",$K_2^2 \cdot K_3^3 \over K_1^2$,$K_1^2 \cdot K_3^3 \over K_2^2$,$K_2^2 \over K_1^2$,$K_1^2 \cdot K_2^2 \over K_3^3$,$K_3^3 \over K_1^2 \cdot K_2^2$,A
04014586-d749-5948-95a6-1abf4a14c7b1,MATEMATIK,"$x^2 - 2x + c = 0$
denkleminin diskriminantı aynı zamanda bu denklemin bir kökü olduğuna göre $c$ gerçek sayısının alabileceği değerlerin çarpımı kaçtır?",1,2,4,1/2,1/4,E
cb7ff30d-c2c8-597b-b613-80328236ca68,MATEMATIK,"$x, y$ ve $z$ birer gerçek sayı olmak üzere, $x \cdot y = 0$ ve $(x-y) \cdot z = 0$ ifadeleri veriliyor. $x < y$ ve $x < y$ koşullarından hangisi için $x, y$ ve $z$'nin işaretleri kesin olarak bulunuyorsa $x, y$ ve $z$'nin işaretleri öyledir. Buna göre; $x, y$ ve $z$ sayılarının işaretleri sırasıyla aşağıdakilerden hangisidir?","$-, +, -$","$-, -, +$","$-, -, -$","$+, -, +$","$+, +, -$",A
73488d3b-8765-5882-a9aa-67f5a2bbbcfd,KIMYA,Nötr bir atom ile ilgili aşağıdakilerden hangisinin doğruluğu kesin değildir?,proton sayısı = elektron sayısı,atom numarası = proton sayısı,kütle numarası = nükleon sayısı,proton sayısı = nötron sayısı,çekirdek yükü = proton sayısı,D
c7828709-a299-5e48-9d71-df19d1198253,MATEMATIK,$\frac{\tan 50^{\circ}}{\cot 40^{\circ}} + \frac{\sin 20^{\circ}}{\cos 250^{\circ}}$ işleminin sonucu kaçtır?,2,1,-1,0,-2,D
ae08950c-cd0a-5236-aa1e-2d9082d33683,GEOMETRI,"ABCD dörtgen
K, A, L doğrusal
M, C, N doğrusal
$m(\widehat{ADC}) = 125^	ext{o}$
$m(\widehat{ABC}) = x$
[AB], [AD], [CD] ve [CB] açıortay olduğuna göre, $x$ kaç derecedir?",45,55,65,75,80,D
bbc8894a-ab55-5123-8a2f-74cca56eb2a9,TURKCE,"Çağdaş toplumun uyumlu bir üyesi olarak yaşamanın en önemli gereklerinden biri etkili ve yeterli bir iletişim gücüne sahip olmaktır. Toplum ile iç içe yaşayan birey; gereksinimlerini gidermek, duygu ve düşüncelerini başkalarıyla paylaşmak, bilgi kazanmak ve döngü biçimde yaşayabilmek için toplumdaki diğer bireylerle iletişim kurmak zorundadır. Dilin etkili kullanımı, hem bireylerin toplum içinde diğer bireylerle iyi bir iletişim kurmasını hem de eğitim alanındaki öğrenmelerin daha etkili bir şekilde gerçekleşmesini kolaylaştırır.
Aşağıdakilerden hangisi bu parçanın yazarını destekle-yen bir düşünce değildir?","Sağlıklı bir ilişki içine giren tarafların ilk uyması gereken kural; karşılıklı birbirlerini değerli görmek ve kabullenmek, bununla birlikte iletişim ve etkileşim kanallarını sonuna kadar açık bulundurmaktır.",Etkin iletişimde bulunabilmek için hepimizin dünyayı farklı şekilde algıladığımızın ve bu algılamalarımızı diğerleriyle iletişimimizde rehber olarak kullandığımızın farkına varmalıyız.,"İletişim etkin kullananbiler, kendilerinin dünya deneyimlerini ve dünyanın onlar üzerindeki deneyimlerini değiştirebilir.","Cümleler hafif kalıyor yaşadıklarımın ağırlığı karşısında. İşte bu yüzden susmak, bu aralar en çok kullandığım iletişim şekli.","İletişim güçleri, iletişimi etkili kullananbiler, kendilerinin dünya deneyimlerini ve dünyanın onlar üzerindeki deneyimlerini değiştirebilirler.",D
1c96ecc2-83fb-5318-8ee2-aea8fef09daa,KIMYA,"I. $C_3H_4(g) + 4O_2(g) \to 3CO_2(g) + 2H_2O(g)$
II. $H_2(g) + \frac{1}{2}O_2(g) \to H_2O(g)$
$C_3H_4$ ve $H_2$ gazlarından oluşan bir karışım tamamen yakılıyor. I. tepkimede 0,6 mol $CO_2$ oluşmaktadır. Tepkime sonunda toplam 1 mol $O_2$ harcandığına göre, karışımda bulunan $H_2$ gazı kaç moldür?","0,6","0,4","0,3","0,2","0,1",B
e7485a50-77af-5d1a-9a42-84d08a1d6b7a,FIZIK,"Bir futbol maçında taraftarlar, kendi izledikleri takımı coşturabilmek için sürekli tezahürat yapmaktadır. Maçın devam etme süresindeki bir anda, takımlardan birisi gol atıyor. Gol üzerine, gol atan takımın taraftarları seslerini daha da yükselterek sevinç çığlıkları atıyorlar.
Buna göre gol sonrası seyircilerin ses dalgalarına ait;
I. hız,
II. şiddet,
III. frekans
özelliklerinden hangileri kesinlikle artmıştır?",Yalnız I,Yalnız II,Yalnız III,I ve II,II ve III,B
7867f13b-90c6-55cf-ac3b-a32f51714eeb,EDEBIYAT,"Ey bir arayışın ey eksik içi
Şu son dönmecenin de aşınca gecenin
Doğacak gün artık gündüze ilişkin değil
Bu ağartı ancak yürekle karşılanabilir
Bütün iş orda işte, ordan usturuplu geçmesini bil
Tutsaksan ellerin savaşır gider zincirlerinden
Ve balyozla vurulursa daralarına
Soylu bir demir sesi yükselir
Soylu büyük ve mavi bir demir sesi
Ellerim gece yatağına çağrılmış
Ve
Telassız görünmeye çalışan bir Kafka gibi
Yüzüm giyotine abone
Bu şiirin biçim, içerik ve anlatım özellikleri dikkate alındığında aşağıdaki şairlerin hangisine ait olduğu söylenebilir?",Ahmet Muhip Dıranas,Behçet Necatigil,Fazıl Hüsnü Dağlarca,Cemal Süreya,Melih Cevdet Anday,D
5d9bf4de-584e-5a80-bee1-320086ec4bd8,MATEMATIK,limiti nedir? $\lim_{x \to 3} \frac{\sqrt{x+6}-3}{x^3-27}$,0,1,$\frac{1}{2}$,$\frac{1}{3}$,$\frac{1}{4}$,D
b8490b6d-2864-5b7c-a9fc-25f4719a2363,MATEMATIK,"Gerçel sayılar kümesinin bir alt kümesi üzerinde bir $f$ fonksiyonu
$f(x) = \begin{cases} \frac{x^2-36}{x-6}, & x^2-16 \neq 0 \\ 2x-8, & x=6 \end{cases}$
biçiminde tanımlanıyor.
Buna göre,
$\lim_{x \to 6} \frac{f(x)}{x-6}$
ifadesinin değeri kaçtır?",-1,0,1,2,3,D
b37d6317-a7d2-57b1-89ce-767fc33f567c,MATEMATIK,"Anıl, Bora ve Ceylin isimli üç arkadaştan Anıl 2 TL, Bora 3 TL ve Ceylin 5 TL verip toplam 10 TL parayla içinde 28 tane mini kek olan bir paket kek alıyorlar.
Bu keklerin 14 tanesini Ceylin, 9 tanesini Bora ve 5 tanesini Anıl aldığına göre,
I. Anıl verdiği paraya orantılı daha az kek almıştır.
II. Bora verdiği parayla orantılı kek almıştır.
III. Ceylin verdiği parayla orantılı kek almıştır.
ifadelerinden hangileri doğrudur?",Yalnız I,Yalnız II,Yalnız III,I ve II,I ve III,E
fb8f7044-ac8d-5864-adcc-f0278f9bfec4,MATEMATIK,$(a_n) = \left( \frac{5n+2}{n+5} \right)$ dizisinin $\frac{27}{10}$ dan sonra gelen ilk terimi kaçtır?,\frac{32}{11},\frac{31}{10},\frac{33}{13},\frac{34}{15},\frac{35}{16},A
c891ae15-da99-5ad1-a17d-9e63287615dd,MATEMATIK,$4 \cdot \sin x + 2 \cdot \cos y$ ifadesinin alabileceği en büyük değer kaçtır?,2,3,4,5,6,E
72c539f1-666a-5096-9aa0-dbf79be6066f,TARIH,"Türkiye Cumhuriyeti'nde 3 Aralık 1934'te Bazı Kisvelerin Giyilemeyeceğine Dair Kanun ile din görevlilerinin dinî kıyafetlerin ibadet yerleri dışında kullanmaları yasaklanmış yalnızca Diyanet İşleri Başkanı ile Rum ve Ermeni Patriği gibi diğer dinlerin en üst yetkilileri bu kararın dışında bırakılmıştır.

Türkiye Cumhuriyeti'ndeki bu düzenlemeler
I. Halkçılık,
II. Laiklik,
III. İnkılapçılık
ilkelerinden hangileriyle ilişkilendirilebilir?",Yalnız I,Yalnız II,I ve II,II ve III,"I, II ve III",D
6ae8670d-1722-5297-9d1b-1d067cd34093,MATEMATIK,"Bir sözcükte harflerin soldan sağa sıralanışıyla sağdan sola sıralanışı aynıysa bu sözcüğe bir palindrom sözcük denir. Örneğin; NEDEN, bir palindrom sözcüktür. Engin, birbirinden farklı 3 sesli ve 4 sessiz harfin her birini istediği sayıda kullana- rak 5 harfli bir palindrom sözcük oluşturacaktır. Bu sözcükte iki sesli harfin yan yana gelmemesi ve iki sessiz harfin de yan yana gelmemesi gerekmektedir. Buna göre, Engin bu koşulları sağlayan kaç farklı palindrom sözcük oluşturabilir?",72,84,96,108,120,D
816fd886-77a3-5c8d-8cf9-d298cb41ee43,MATEMATIK,"$f(x) = x^3 + ax^2 - bx + 5$ fonksiyonunun $A(-1, 4)$ noktasında yerel ekstremumu olduğuna göre, $b-a$ farkı kaçtır?",3,0,-4,-6,-9,E
374fbeb5-f0be-565a-b7cb-a158381d5e3f,KIMYA,Kapalı formülleri verilen aşağıdaki bileşiklerden hangisi bir sikloalkan bileşiği olabilir?,$C_2H_{10}$,$C_3H_6$,$C_4H_8$,$C_5H_{10}$,$C_6H_4$,B
60a12766-56a6-52cd-a51a-8a14ea9d04de,MATEMATIK,$\sqrt{x^2} = 9$ denklemini sağlayan $x$ değeri kaçtır?,$1$,$2$,$3$,$4$,$5$,D
c2060fb4-5c39-5186-b958-9c66eb6bb31b,KIMYA,"$_{19}\text{K}^{+}$, $_{10}\text{L}$, $_{16}\text{Z}^{2-}$ atom ve iyonlarının hacimleri arasındaki ilişki hangisinde doğru verilmiştir?",K$^{+}$ > L > Z$^{2-}$,L > Z$^{2-}$ > K$^{+}$,K$^{+}$ > Z$^{2-}$ > L,L > K$^{+}$ > Z$^{2-}$,Z$^{2-}$ > L > K$^{+}$,E
192a9c07-9272-5e8c-aa96-e42b1f9986df,MATEMATIK,"Tanım kümesi gerçek sayılar kümesi olan pozitif değerli $f$ fonksiyonu her $a$ ve $b$ pozitif gerçek sayısı için
$f\left(\frac{a}{b}\right)=\frac{f(a)}{f(b)}$
eşitliği sağlanıyor.
$f(16)=256$ olduğuna göre, $f(2)$ kaçtır?",2,4,6,8,16,B
69d6137d-af9a-520f-a7b9-bce615aa73ce,MATEMATIK,"$-4 < \frac{2x+c}{5} < 4$ eşitsizliğini sağlayan $x$ gerçek sayılarının en geniş aralığı $(-10, 10)$ olduğuna göre $c$ kaçtır?",-20,-10,0,10,20,C
23be531c-973e-5e51-8468-56ab547a198a,MATEMATIK,"$a$ gerçek sayısı $x^2+(a-1)x+a-8=0$ denkleminin kökleri arasında bir sayıdır.

Buna göre, $a$ sayısının alabileceği kaç farklı tam sayı değeri vardır?",1,2,3,4,5,E
7f25db7f-31a7-547c-b229-e00add7c4c7b,MATEMATIK,"Aşağıdakilerden hangileri yanlıştır?
A) $f(x) = x+1$ fonksiyonu her $x \in \mathbb{R}$ için artandır.
B) $f(x) = x^2$ fonksiyonu her $x \in \mathbb{R}$ için artandır.
C) $f(x) = -x$ fonksiyonu her $x \in \mathbb{R}$ için azalandır.
D) $f(x) = \frac{2x+1}{x-4}$ fonksiyonunun grafiği ile $g(x) = \frac{4x-1}{x-2}$ fonksiyonunun grafiği $y=x$ doğrusuna göre simetriktir.
E) $f(x) = x^3$ fonksiyonu her $x \in \mathbb{R}$ için artandır.",A,B,C,D,E,B
830fb41e-b3ad-5aa1-824a-25fdca7afc2f,KIMYA,"$\text{P}_4$ molekülünden başlanarak $\text{H}_3\text{PO}_4$ elde edilmesine ilişkin tepkime zinciri aşağıdaki gibidir.
$\text{P}_4 + 5\text{O}_2 \rightarrow 2\text{P}_2\text{O}_5$
$\text{P}_2\text{O}_5 + 3\text{H}_2\text{O} \rightarrow 2\text{H}_3\text{PO}_4$
Tepkime sırasında $24,8 \text{ gram P}_4$ harcandığına göre,
I. Harcanan $\text{O}_2$ gazı normal şartlar altında $22,4 \text{ litredir}$.
II. En fazla $0,8 \text{ mol H}_3\text{PO}_4$ oluşur.
III. Oluşan $\text{P}_2\text{O}_5$'in tamamı $1,2 \text{ mol H}_2\text{O}$ ile tepkimeye girebilir.
yargılarından hangileri doğrudur?
($\text{P}: 31 \text{ g/mol}$)",Yalnız I,Yalnız II,Yalnız III,I ve II,"I, II ve III",B
6d9f9e87-c4dc-532b-b3fa-e617827f2a04,MATEMATIK,"$\int f(x) dx = 4x^3+3x^2+2$ olduğuna göre, $f(x)$ hangisine eşittir? ($c=0$)",$12x^2+6x+c$,$x^4+x^3+2x+c$,$12x^2+6x$,$x^4+x^3+2x$,$4x^3+3x^2+2$,C
e7685ae0-a4de-5193-ab23-2a0305ffeba0,MATEMATIK,"$x$ ve $y$ sıfırdan farklı gerçek sayılardır. $6y-3x-20 \cdot x \cdot y = 0$ ve $3y+2x+11 \cdot x \cdot y = 0$ olduğuna göre, $x$ kaçtır?",6,3,1,$\frac{1}{3}$,$\frac{1}{6}$,E
15df1ede-f885-5415-b5be-4361a7841cae,MATEMATIK,"İfadelerinden hangileri $\cos 65^\circ$ değerine eşittir?
I. $\cos 235^\circ$
II. $\sin 25^\circ$
III. $\sin (-205^\circ)$",Yalnız I,I ve II,II ve III,I ve III,"I, II ve III",C
3a80b2a6-236a-5b09-a84e-85b7626d8d14,TURKCE,"Elbette ki değil. Ama ben okur olarak yazarla değil, yapıtla ilgilenmeyi tercih ediyorum. Yazardan beklentilerim genel olarak çok az diyebilirim. İyi bir insan olmasını, politik olarak doğru bir yerde durmasını, tarihin doğru yerinde durmasını beklemiyorum. Çok sıra dışı şeyler yapmadığı sürece ne yaparsa yapsın benim için önemli değil.

Bu parça aşağıdaki sorulardan hangisine karşılık söylenmiş olabilir?",Eserde yazarın ne anlatmak istediğini sezebilmek her zaman mümkün mü?,Bir eseri sadece yazarına bakarak değerlendirmek doğru mu?,Eserde yazarın duruşuna tarafsız bakmak mümkün mü?,"Eseri, yaratıcısından tamamen bağımsız olarak değerlendirmek mümkün mü?","Yazarlar, beklentilerinizi karşılıyor mu?",D
2796b22d-9950-508a-b4d5-60fdaa704587,EDEBIYAT,"Zurnacı: Pişekâr havasını çalar. Pişekâr meydana gelip iki eliyle seyirciyi selamladıktan sonra zurnacıyla şöyle konuşur:
Pişekâr: Amma benim pehlivanım!
Zurnacı: Buyur benim pehlivanım!
Pişekâr: Bu da hesap değildir.
Zurnacı: Nedir hesabın?
Pişekâr: Borcu sıkıyor kasabın?
""Yapıcı oyununun taklidini aldım, çal da oyunumuz başlasın, tenezzülen teşrif buyurun zevk-i kiram zevk-yab olsunlar."" der.
İçerik özellikleri dikkate alındığında bu parça, orta oyununun hangi bölümünden alınmış olabilir?",Muhavvere,Tekerleme,Fasıl,Bitiş,Giriş,E
f3b0673e-281c-5202-84e3-652868c15bbc,GEOMETRI,"ABC ve ADC dik üçgen, $[AB] \perp [AD]$, $[BC] \perp [DC]$, $|AD|=9$ birim, $|BC|=13$ birim. Buna göre, $|DC|=x$ kaç birimdir?",7,$2\sqrt{11}$,$2\sqrt{10}$,6,$4\sqrt{2}$,B
be989004-da02-548d-a80b-51de8e2f8139,MATEMATIK,"Pozitif gerçek sayılar kümesi üzerinde tanımlı $f$ ve $g$ fonksiyonları her $x$ ve $y$ gerçek sayısı için $f(x+y) = f(x) + f(y)$ $g(x \cdot y) = g(x) \cdot g(y)$ eşitliklerini sağlıyor. $f(16) = 4$ ve $\frac{f(4)}{g(8)} = \frac{3}{4}$ olduğuna göre, $g(3)$ değeri kaçtır?",6,4,2,$\frac{2}{3}$,$\frac{3}{2}$,D
50744676-070c-5164-bb20-cf4f308b60a0,MATEMATIK,"$a$ ve $b$ gerçek sayılar olmak üzere gerçek sayılar kümesi üzerinde $f(x) = \begin{cases} x^2-ax+6, & x \le a \\ 2x+a, & a < x \le b \\ 11-2x+b, & x > b \end{cases}$ biçiminde tanımlanan $f$ fonksiyonunun, tanım kümesi üzerinde sürekli olduğu biliniyor. Buna göre $a \cdot b$ çarpımı kaçtır?",4,6,8,10,12,C
3afb3023-6543-55df-975d-a8d25f7f5c00,FIZIK,"I. Vantilatör
II. Elektrikli su ısıtıcısı
III. Cep telefonu
IV. Ütü
V. Tost makinesi
Yukarıda verilen cihazlardan kaç tanesi çalıştığında, elektrik enerjisinin bir kısmını ya da tamamını ısı enerjisine dönüştürür?",5,4,3,2,1,A
4c9a7e75-ccc9-5972-b8b3-1b87bfa56278,MATEMATIK,"Dik koordinat düzleminde birim çember üzerinde bulunan A noktasının x eksenine olan uzaklığı $\frac{3}{5}$ birimdir. [OA], COB açısını açıortaydır. Buna göre, C noktasının y eksenine olan uzaklığı kaç birimdir?","0,54","0,6","0,72","0,84","0,96",E
4a60b869-b628-50a9-b684-e1c2e7e7a71a,GEOMETRI,"Analitik düzlemde $x^2 + y^2 + 2x - 4y + k = 0$ denklemi çember belirttiğine göre, $k$'nın alabileceği en büyük tam sayı değeri kaçtır?",6,5,4,3,2,B
ea7e1e88-83d9-5d95-bd61-82287e5e79fc,FIZIK,"Özdeş iki mıknatısın üçü şekildeki gibi yere sabitlenmiş olup diğer üçü iplerle tavana asılmıştır. İplerle asılı mıknatıslar yalnızca kendi altlarındaki mıknatısların manyetik kuvvetinden etkilendiklerine göre iplerdeki gerilme kuvvetleri $T_1$, $T_2$ ve $T_3$ arasındaki ilişki aşağıdakilerden hangisidir?",$T_1 > T_2 > T_3$,$T_1 = T_2 = T_3$,$T_2 > T_1 > T_3$,$T_2 > T_3 > T_1$,$T_3 > T_2 > T_1$,A
674c461c-a665-53dc-b7be-508c0a008d4b,KIMYA,"I. $_X^{Z} Y$ II. $_Z^{X} T$ III. $_M^{L} M$
Yukarıda verilen element çiftlerinden hangileri periyodik cetvelin aynı grubundadır?",Yalnız I,Yalnız III,I ve II,I ve III,II ve III,E
e2594853-2916-54cd-a5f6-8dd97b46c08e,MATEMATIK,"$0 < \alpha < \frac{\pi}{2}$ olmak üzere, $f(x) = \sin \alpha \cdot x^2 - \cos \alpha \cdot x + 1$ fonksiyonu $x = \frac{1}{2}$ noktasında en küçük değerini aldığına göre, $\alpha$ kaç derecedir?",15,30,45,60,75,C
c242f6a2-4de2-5e1d-9b4a-b79a7badcc0c,TURKCE,"(I) Bugün yine bir gezintiye çıktım. (II) Her yürüyüş bir keşiftir. (III) Herakleitos'un ""Kendimi keşfettim."" dediği soydan bir keşif. (IV) Bir anlığına gördüğüm şeyi açıkça görebildiğimi hissediyorum. (V) Aslında insan yavaş yavaş yürür içine, aradığı anlamları bulmak için yürür. Bu parçadaki numaralanmış cümleler ile ilgili aşağıdakilerden hangisi söylenemez?","I. cümlede, belgisiz sıfat vardır.","II. cümlede, birden fazla sıfat kullanılmıştır.",III. cümlede niteleme ve belirtme sıfatı vardır.,"IV. cümlede, adlaşmış sıfata yer verilmiştir.","V. cümlede, ikileme sıfat görevindedir.",A
530385e7-97a7-55a4-a3b1-fdd7f44fc02f,MATEMATIK,$\lim_{x \to 0} \frac{\sin x \cdot \cos^2 x - \sin (\pi-x)}{x - x \cdot \cos^2 (\pi-x)}$ limitinin değeri kaçtır?,-4,-2,0,2,4,B
0fcc6093-2a94-55ca-a26b-e1a8d140ed27,MATEMATIK,İki basamaklı ardışık üç çift doğal sayının toplamı kaç farklı değer alabilir?,40,41,42,43,44,D
f76becc1-7b2f-5281-8b05-12ece03904c4,MATEMATIK,"$A = \{1, 2, 3\}$ ve $B = \{1, 2, 3\}$ olmak üzere $f(1) = f(3)$ olacak şekilde $A$ kümesinden $B$ kümesine kaç farklı $f$ fonksiyonu yazılabilir?",4,6,9,10,12,C
aaf8da40-689a-5512-83f3-faabf1daeb64,MATEMATIK,"$m, n$ birer gerçek sayı ve $m \ne 0$ olmak üzere, $mx^2 + 2x - n = 0$ denkleminin çözüm kümesi boş kümedir. Buna göre, $m \cdot n$ çarpımının alabileceği değerler kümesi aşağıdakilerden hangisidir?","$(1, \infty)$","$(- \infty, -1)$","$(- \infty, 1)$","$(-1, \infty)$","$(-1, 1)$",A
2679bd82-59c1-5277-af88-0452559768cc,MATEMATIK,"$f(x)=x^2+mx-n$ fonksiyonu için $f(-1)-f(1)<0$ dır. Buna göre, I. $x^2+mx-n=0$ denkleminin köklerinden sadece bir tanesi $(-1, 1)$ aralığındadır. II. $x^2+mx-n=0$ denkleminin kökleri $x_1$ ve $x_2$ ise $-1<x_1<x_2<1$ dir. III. $m^2>4n$ dir. ifadelerinden hangileri kesinlikle doğrudur?",Yalnız I,Yalnız II,Yalnız III,I ve II,I ve III,A
4d89a186-5651-5ad1-b76b-b517b770b8bf,MATEMATIK,"$Q(x)$ polinomunun $x \cdot (x-1) \cdot (x-2)$ ile bölümünden kalan $(x-1) \cdot (x-2)$ kalıyor. Buna göre, $Q(x-2)$'nin $(x-2)$ \cdot $(x-3)$ ile bölümünden kalan aşağıdakilerden hangisidir?",-2x+1,x+2,2x-4,-2x+6,x-2,D
ecfa7533-22be-52cc-a47a-3adc0dbeadbb,EDEBIYAT,"Benim üzerime onlarca edebiyat tahlillerinin yazıldığı, yüzlerce sayfanın karalandığı ama yine de tam olarak anlatılamayan, kendi deyimimle “bir garip”. Kısacık yaşamında şiirimizin kilit taşlarını dinamitlemeyi başarıp amacına ulaşan sanatçı. Amacım, Mehmet Fuat'ın deyimiyle sadece ve sadece her şeyi atmak ve yapıyı temelinden değiştirmekti. Özlediğim ise eski edebiyatın aletleriyle halkın gereksinimlerinin savunmasını yapmak değil, halkın beğenisini aramak, bulmak ve sanata egemen kılmaktır.
Bu parçada Orhan Veli ile ilgili aşağıdaki yargılardan hangisine ulaşılamaz?",Onunla ilgili çok eser yazılmasına rağmen tam olarak tanınmadığına,Ömrünün çok kısa olmasına rağmen şiir adına çok büyük işler yaptığına,Geleneksel şiir anlayışıyla ilgili ciddi anlamda tahribatlar yarattığına,Eski edebiyatın tekrarı hayatın içine girerek halka sunulmasına sağladığına,Halkın sevdiği ne varsa onu şiire sokarak halkın anlayacağı bir şiir oluşturmak istediğine,D
51ce8e80-ac86-59b4-a900-8614f4780871,TURKCE,"Numaralanmış cümlelerden bir paragraf oluşturulmak istense hangisi sondan ikinci cümle olur?
I. Çalışmalarda, lif oranı düşük ve işlenmiş gıda oranı yüksek bir beslenme şeklinin bağırsak kanserinin gelişimini hızlandırdığı kanıtlanmıştır durumda.
II. Ayrıca kızarmış tavuk, patates kızartması, hamburger gibi işlenmiş gıdalardan oluşan bir beslenme şeklinin etkisi de çalışmada yer alıyor.
III. Araştırmacılar, genç yaştaki bağırsak kanseri vakalarında görülen artışın nedenini araştırmaya devam ediyorlar.
IV. Modern diyetlerin, işlenmiş şeker ve atıştırmalıkların bu artıştaki etkisi büyük.
V. Bu iki grup gıda da sağlıksız yağlar, şekerler ve katkı maddeleri bakımından yüksek; lif bakımından düşük.",I,II,III,IV,V,D
5e8f041a-766b-5226-be86-ab7c8a5a5aa6,MATEMATIK,$|1-\sqrt{2}|+|\sqrt{2}-\sqrt{3}|+|\sqrt{3}-2|$ ifadesinin eşiti aşağıdakilerden hangisidir?,$1$,$2$,$2\sqrt{3}-1$,$2\sqrt{2}+1$,$2\sqrt{2}-3$,A
a8b047d0-2a0e-5c16-a1f4-8e13cbfb19c9,TURKCE,"(I) Pul kanatlılar (Lepidoptera) takımında bulunan kelebeklerin kanatlarında, kiremit gibi dizilmiş kılların uçlarının yasallaşarak genişlemesiyle oluşan pullar bulunur. (II) Milimetrenin onda biri boyutundaki bu küçük pullar kolaylıkla kanattan kopabilir. (III) Pulların yapısında bulunan mikroskobik ölçekteki karmaşık çıkıntı ve çukur benzeri yapılar, pigmentleşmenin yanı sıra ışığı kırarak da kanatların eşsiz görünümüne katkıda bulunur. (IV) Pullar, kelebeklerin korunmasında da etkilidir. (V) Ayrıca bazı kelebek ve güve türlerinde özelleşmiş pulların feromonlar (aynı türün üyeleri arasındaki sosyal ilişkileri düzenleyen kimyasal maddeler) salgıladığı bilinmektedir. Bu parçada numaralanmış cümlelerden hangisinin ögeleri yanlış verilmiştir?",I. cümle: Yer tamlayıcısı - özne - yüklem,II. cümle: Özne - zarf tümleci - yer tamlayıcısı - yüklem,III. cümle: Nesne - zarf tümleci - yer tamlayıcısı - yüklem,IV. cümle: Özne - yer tamlayıcısı - yüklem,V. cümle: Özne - yüklem,C
91e75f5c-b761-5c0c-8231-d21bfa8c6799,MATEMATIK,"""Proceedings of the Royal Society"" adlı bilimsel dergide yayımlanan bir çalışmada astronomlar Dünya'daki günlerin uzamakta olduğunu belirlemişlerdir. Dünya her $3,3 \times 10^6$ yıl için günde $6 \times 10^4$ milisaniye kazanmaktadır. Buna göre 165 yılda kaç milisaniye kazanç sağlanır?",3,6,$\frac{9}{2}$,$\frac{3}{2}$,2,D
38590d37-b335-59d6-92ec-11e3183c6791,MATEMATIK,"$ab - 1 = 4a + 3b$
 olduğuna göre, $a$'nın $b$ türünden eşiti aşağıdakilerden hangisidir?",$\frac{b-1}{3b-4}$,$\frac{b-1}{b+4}$,$\frac{3b+4}{b-4}$,$\frac{3b-1}{b-4}$,$\frac{3b+1}{b-4}$,C
360e4230-b3dd-5f85-82ed-87002272bc94,MATEMATIK,"$a$ ve $b$ birer gerçel sayı olmak üzere, gerçel sayılar kümesi üzerinde $f$ ve $g$ fonksiyonları
$f(x) = \begin{cases} x+a & x \le 1 \\ 2x+b & x > 1 \end{cases}$
$g(x) = \begin{cases} 4x & x < 1 \\ 5x+a & x \ge 1 \end{cases}$
biçiminde tanımlanıyor.
$(f+g)(x)$ fonksiyonunun $x=1$ noktasındaki limiti bir gerçel sayı olduğuna göre, $b$ kaçtır?",-4,-3,-2,-1,0,B
57ddc2c2-8629-5aa8-8bd3-c6cb3730dc36,FIZIK,"Günlük yaşamda araçların hızlarını tespit etmek için trafik polisleri radar cihazı kullanır. Bu cihazlarda hızı tespit edilmek istenen araca elektromanyetik dalgalar gönderilir ve araçtan yansıyan dalgaların frekans değişikliğine bakılarak aracın hızı tespit edilir. Buna göre, I. Kullanılan elektromanyetik dalgaların dalga boyu, morötesi ışınlarınkinden büyüktür. II. Kullanılan elektromanyetik dalgaların frekansı, gama ışınlarınkinden küçüktür. III. Radar cihazları, doppler etkisi yardımıyla ölçüm yapar. yargılarından hangileri doğrudur? (Ölçüm yapılan ortamın özelliği her yerde aynıdır.)",Yalnız III,I ve II,I ve III,II ve III,"I, II ve III",E
193355d6-5f5d-591d-b5d8-234d8d5dc105,MATEMATIK,$\frac{2+\tan x + \cot x}{\tan x - 1} - \cot x$ ifadesinin eşitliği aşağıdakilerden hangisidir?,1,$\sin^2 x$,$\tan x$,$\cos x$,-1,A
9fcb50ff-e4f2-5967-90b2-244135de75c4,MATEMATIK,"Bir ailede,
Baba: Kızım! Annenle evlendiğimizde annenden $4$ yaş büyüktüm.
Anne: Kızım! Sen doğduğunda benim yaşım babanın yaşının $\frac{1}{4}$'ünden $17$ fazlaydı.
Annenin şimdiki yaşı $36$ olduğuna göre, kızının şimdiki yaşı kaçtır?",12,13,14,15,16,D
dc3d0749-6b48-50f1-b5a4-6e50d2fc263e,MATEMATIK,"$\frac{19}{57} + \frac{23}{69} + \frac{29}{87} = \frac{x}{99}$ olduğuna göre, $x$ kaçtır?",99,66,33,11,9,C
54143f78-3fdf-5de7-974d-51470891ce7a,MATEMATIK,"$\{a_n\}$ aritmetik bir dizidir.
$a_{10} - a_2 = 32$
$a_1 + a_4 = 22$
olimits

olimitsolduğuna göre, $a_1$ kaçtır?",6,5,4,7,3,B
121036e8-178f-5cd6-9ced-5a52e4d66ab5,KIMYA,$_{a}^{b}X_{c}^{d}$ nötr atomu için aşağıdaki eşitliklerden hangisinin doğruluğu kesindir?,$a = b$,$a = d$,$b = d$,$c = d$,$b = c$,B
327bf68a-caba-512e-a955-40568f0652f5,EDEBIYAT,"Romanlarının konusunu cezaevi yaşantıları, Çankırı Çorum dolaylarındaki insanların yaşantıları, eşkıyalık, Kurtuluş Savaşı, Cumhuriyet yılları, Osmanlı tarihi ve kırsal kesim sorunları oluşturur. ""Göl İnsanları"" öykü kitabıdır. ""Sağır Dere"", ""Esir Şehrin İnsanları"", ""Yorgun Savaşçı"", ""Rahmet Yolları Kesti"", ""Bozkırdaki Çekirdek"", ""Kelleci Mehmet"", ""Köylünün Kamburu"" önemli romanlarıdır. ---- en önemli romanı ise Osmanlıların aşiretleri devlet hâline geliş yıllarını ""Dede Korkut"" dilini andıran bir üslupla kaleme aldığı ---- adlı romanıdır.
Bu parçada boş bırakılan yerlere, aşağıdakilerden hangisinde verilenler sırasıyla getirilmelidir?",Tarık Buğra'nın - Osmancık,Samim Kocagöz'ün - Kalpaklılar,Aka Gündüz'ün - Dikmen Yıldızı,Kemal Tahir'in - Devlet Ana,Yaşar Kemal'in - İnce Memed,D
e649eea6-9b2e-5693-ab41-5d28a9a6bb11,MATEMATIK,"Yusuf, Nihan'dan 8 yaş büyüktür. Yusuf 2 yıl önce, Nihan 2 yıl sonra doğsaydı yaşları farkı kaç olurdu?",4,10,14,8,12,E
74f11688-17de-5d36-8d32-e674592c0d01,MATEMATIK,"$n+5$ çift sayı olduğuna göre, aşağıdaki ifadelerden hangileri her zaman tek sayıdır?
I. $n+2$
II. $n^2$
III. $n^3+n$",Yalnız I,Yalnız II,Yalnız III,I ve II,II ve III,B
b25406fe-e886-5729-950f-e36d35589b42,MATEMATIK,"1. Deney : Bir madeni para atılıp üst yüze gelen sonuca bakılması 2. Deney : Bir zar atılıp üst yüze gelen sonuca bakılması 3. Deney : İçinde 2 mavi, 2 beyaz bilye olan torbadan, çekilen bilye torbaya geri konulmadan, art arda iki bilye çekme deneylerinde aşağıdaki olaylar tanımlanmıştır. I. Deneyde; A, paranın yazı gelmesi II. Deneyde; B, zarın 4'ten küçük gelmesi C, zarın 4'ten büyük gelmesi III. Deneyde; D, birinci çekilen bilyenin mavi olması E, ikinci çekilen bilyenin mavi olması Buna göre, I. A ve B aynı olaylardır. II. B ve C bağımsız olaylardır. III. D ve E bağımlı olaylardır. İfadelerinden hangileri doğrudur?",Yalnız I,Yalnız II,Yalnız III,I ve II,"I, II ve III",E
0c65eaa6-fc8b-58cf-a1d5-5258bb5802eb,MATEMATIK,"Gerçel sayılar kümesi üzerinde tanımlı $f(x) = -2x-4$ fonksiyonu ile ilgili; I. Daima azalandır. II. Ortalama değişim hızı $2$'dir. III. $y$ eksenini $(0, 4)$ noktasında keser. ifadelerinden hangileri doğrudur?",Yalnız I,Yalnız III,I ve III,I ve II,"I, II ve III",A
06818695-2de4-5426-a423-ec05bf244ac1,MATEMATIK,"Sarı ve mavi renklerin karışımı ile yeşil renk elde edilir. Yunus yukarıdaki boyama işleminde Y ve N harfleri için kullandığı sarı boyaların miktarları oranını $\frac{4}{3}$, N ve S harfleri için kullandığı mavi boyaların miktarları oranını $\frac{2}{3}$ olarak belirlemiştir. N harfi için kullanılan sarı ve mavi boyaların miktarı eşit olduğuna göre, kullanılan toplam sarı boya miktarının, kullanılan toplam mavi boya miktarına oranı kaçtır?",2,3,4,9,14/15,E
854108f4-e1a1-5f9f-a5cc-7154b3e5010a,MATEMATIK,"Aşağıdakilerden hangisi, $x^3-x$ ifadesinin çarpanlarından biri değildir?",$x$,$x^2-1$,$x^2+1$,$x^2$,$x+1$,C
8ced802b-b80d-56f1-9945-75719ad09759,KIMYA,Aşağıdaki bilim insanlarından hangisinin atom altı taneciklerin keşfi veya özelliklerinin belir-lenmesiyle ilgili çalışmalarına katkısı yoktur?,William Crookes,Julius Plücker,James Chadwick,Mikhail Tsvet,Eugen Goldstein,D
d9809786-c0a5-5dff-b336-cca36afa0597,MATEMATIK,İşleminin sonucu kaçtır? $\left(1 - \frac{1}{5}\right) \cdot \left(1 - \frac{1}{6}\right) \cdot \left(1 - \frac{1}{7}\right) \cdot \ldots \cdot \left(1 - \frac{1}{20}\right)$,$\frac{1}{10}$,$\frac{1}{6}$,$\frac{1}{5}$,$\frac{1}{4}$,$\frac{1}{2}$,A
e3b8f1cf-0128-5cc5-ad7e-7fb600638a7c,MATEMATIK,"Bir öğrenci 115 sayfalık kitabı, her gün bir önceki günde okuduğunun 2 katından 10 sayfa eksik okuyarak 4 günde bitiriyor.
Buna göre, 1. gün kaç sayfa okumuştur?",17,13,12,16,15,E
65d40cb6-c6a7-5b3c-b741-96903500f763,MATEMATIK,"$\log_2(x+1) + \log_4(2x) = 1$ olduğuna göre, $x$ aşağıdakilerden hangisidir?",$\log_2 3$,$\log_2 5$,$\log_4 8$,$\log_2 6$,$\log_2 23$,A
c0c69351-41ad-507a-bbac-a8599d1f1e95,MATEMATIK,"Rakamları toplamının karesi, rakamları çarpımından 49 fazla olan iki basamaklı kaç tane doğal sayı vardır?",1,2,3,4,5,B
2edce705-4601-5c0a-b56a-d615619c214e,MATEMATIK,"27 model pantolon üreten bir şirket hangi model olursa olsun bir pantolonu 125 TL'den satmaktadır. Hem mağaza hem de internet satışı yapan bu şirket 1 saat içerisinde bu modellerin her birinden mağazaya yoluyla 9, internet yoluyla 6 pantolon satışı yapıyor. Buna göre, şirketin bu 1 saatteki satış geliri kaç TL'dir?",$15^4$,$15^5$,$20^3$,$20^4$,$25^3$,D
597fd86c-8969-5e3f-a958-8c1b60a9412d,KIMYA,"$X$ iyonu $Y^{n-}$ iyonuna 3 tane elektron verdiğinde iyon yükleri eşit oluyor.
Buna göre, $n$ değeri kaçtır?",1+,2+,3+,4+,5+,A
1a9b0d25-0bb1-5502-b791-ef4bee305da6,MATEMATIK,"$\log_5 2$, $\log_5 (2^x-5)$, $\log_5 (2^x-\frac{7}{2})$ terimleri bir aritmetik dizinin ardışık üç terimidir. Buna göre, $x$ kaçtır?",$\frac{8}{3}$,3,$\frac{11}{3}$,4,8,D
c60cad0d-65aa-54e6-bd71-d518c9802821,TURKCE,"1. Sonunda bir çay bahçesine oturmaya karar verdiler. Gene konuşmuyorlardı. Zaman ne kadar da zor geçiyordu. Sanki saatler anlaşmışlardı da bu zor dakikaları yavaş yavaş ilerleteceklerdi. Acıyı iliklerine kadar duysunlar diye. O sırada gencin daha önce duyduğu melodi tekrar başladı.
Bu parçada aşağıdaki ses olaylarından hangisi yoktur?",Ünlü düşmesi,Ünlü daralması,Kaynaşma,Ünsüz benzeşmesi,Ünsüz yumuşaması,B
e1ca39b7-dee4-5bd2-90a3-267d447b696b,EDEBIYAT,"(I) Edebiyat dünyasına yeni bir anlayış getirmek için Servetifünun edebiyatına tepki olarak doğmuştur. (II) İlk manifestoyu yayımlayarak ""Sanat, şahsi ve muhteremdir."" görüşünü benimsemişlerdir. (III) Bu manifestoda dönemin saygı duyulan sanatçılarından olan Tevfik Fikret ve Halit Ziya Uşaklıgil'in de imzası bulunmaktadır. (IV) Fecriaticilerin yayın organı olan Servet-i Fünun dergisini kullanmaları gerek dili gerek içerik olarak Servetifünuncular gibi yazmaları Servetifünun edebiyatının devamı olarak görülmelerine neden olmuştur. (V) Bildirideki amaçladıklarına ulaşamamış, Yeni Lisan hareketinin de etkisiyle kısa sürede dağılmışlardır.
Yukarıdaki numaralanmış cümlelerden hangisi Fecriati için doğru değildir?",I,II,III,IV,V,C
aabc9a88-26bf-592e-be7e-63beff039915,KIMYA,"""1 mol"" Uluslararası Temel ve Uygulamalı Kimya Birliği (IUPAC)'nin kabulüne göre aşağıda- ki taneciklerden hangisinin atom sayısına eşittir?",14 gram azot - 14 izotopu,12 gram C - 13 izotopu,12 gram $^{12}C$ izotopu,16 gram oksijen - 16 izotopu,1 gram $^{1}H$ - 1 izotopu,C
39bf2660-7d3a-5ec3-a360-6a857b5fcd99,MATEMATIK,"$5 \cdot (0,02)^4 = a \cdot 10^{-7}$ olduğuna göre $a$ kaçtır?",6,8,10,12,16,B
58b434a1-d247-58af-9d88-bb09c050dc33,MATEMATIK,"Sabit hızla bir işi her gün eşit süre çalışan Bahadır, bu işi $5$ günde bitiriyor. Eğer Bahadır, çalışma hızını $\frac{1}{2}$ oranında azaltır, günlük çalışma süresini $\frac{1}{4}$ oranında artırırsa işi $x$ günde bitireceğini hesaplıyor.
Buna göre, $x$ kaçtır?",4,5,6,8,10,D
76356c02-11a9-5c9e-bd08-e2ea2e38a733,BIYOLOJI,Oksijenli solunum yapan tüm canlılar için aşağıdaki olaylardan hangisi ortak değildir?,Glikoliz olayı sırasında substrat düzeyde fosforilasyon görülmesi,Krebs döngüsü tepkimelerinde $CO_2$ üretilmesi,Glikoliz ve krebs çemberinde üretilen NADH moleküllerinin ETS'ye aktarılması,Glikoliz sırasında üretilen pirüvatın mitokondri tarafından kullanılması,ETS basamağında $H_2O$ ve ATP'nin oluşması,D
45cb94b8-2b21-54a5-969f-c2906877ba30,FIZIK,"Durgun bir ambulansın sireni, frekansı $1600 \text{ Hz}$ olan ses dalgaları yayıyor. Bu ambulans aynı frekansta ses dalgaları yayarken sabit hızla doğrusal bir yolda hareketine başladığında Altay'dan uzaklaşmaktayken Asuman'a yaklaşmaktadır. Ahmet ise ambulansta oturmaktadır.
Buna göre ambulans hareket hâlindeyken Ahmet, Asuman ve Altay'ın işittiği ses dalgalarının frekansıyla ilgili aşağıdakilerden hangisi doğru olabilir?",Ahmet'in işittiği frekans $1900 \text{ Hz}$'dir.,Altay'ın işittiği frekans $1800 \text{ Hz}$'dir.,Asuman'ın işittiği frekans $1700 \text{ Hz}$'dir.,Asuman'ın işittiği frekans $1500 \text{ Hz}$'dir.,Altay'ın işittiği frekans $1600 \text{ Hz}$'dir.,C
01e88321-9030-5f2e-815b-1260d983b6fa,MATEMATIK,"Tam sayılar kümesinde tanımlı $f$ fonksiyonu için,
$f(x) = \begin{cases} 12, & x \text{ tek ise} \\ -12, & x \text{ çift ise} \end{cases}$
$f(1)=3$
olduğuna göre, $f(1)+f(2)+f(3)+...+f(91)$ toplamının sonucu kaçtır?",-6,-4,-3,3,4,D
533b828b-5fd4-57aa-9d6a-310bd0b271ba,KIMYA,"Kozmetik ürünler ile ilgili,
I. Tamamı doğal maddelerden yapılır.
II. İçeriğinde bulunan kimyasallar insan sağlığı için faydalıdır.
III. Aşırı kullanımında sakınca yoktur.
ifadelerinden hangileri yanlıştır?","I, II ve III",I ve II,I ve III,II ve III,Yalnız I,A
3e314669-4f86-51b3-bf15-0ea34e274918,GEOMETRI,"m bir gerçek sayı olmak üzere, dik koordinat düzleminde; (0, 1) noktasından geçen bir doğrunun eğimim m, (0, 0) noktasından geçen bir doğrunun eğiminin 2m, (1, 0) noktasından geçen bir doğrunun eğiminin 3m olduğu ve bu üç doğrunun bir noktada kesiştiği bilinmektedir. Buna göre, m değeri kaçtır?",$\frac{1}{2}$,$\frac{1}{3}$,$\frac{3}{4}$,$\frac{3}{5}$,$\frac{2}{5}$,D
6d3860af-255b-50d8-8700-8f3037bb6457,MATEMATIK,"Bir geometrik dizinin ilk 10 teriminin toplamı ilk 5 teriminin toplamının 244 katına eşit olduğuna göre, bu dizinin ortak çarpanı kaçtır?",1,2,3,6,9,C
f98cb1ca-b772-58cb-a97b-cfa61c0cdeb0,MATEMATIK,"$\cot\left(\frac{\pi}{4}-x\right) + \cot\left(\frac{\pi}{4}+x\right) = 2$ olduğuna göre, $\tan x$ kaçtır?",$0$,$1$,$\frac{1}{2}$,$2$,$\frac{1}{3}$,E
4acca7d0-6799-50f6-bad8-d0358b5ee801,KIMYA,"I. Diyamanetik maddeler mıknatıs tarafından çok az itilen, paramanyetik maddeler mıknatıs tarafından çekilen maddelerdir.
II. Açısal momentum kuantum sayısı ($l$) orbitalin şeklini açıklar.
III. $m_l$ değerinin, bir orbitalin şekli, enerjisi veya büyüklüğüne etkisi yoktur.
Yukarıdaki ifadelerden hangileri doğrudur?",Yalnız II,I ve II,I ve III,II ve III,"I, II ve III",B
c69044bc-88d5-5055-869c-e2729fa24491,MATEMATIK,"Bir yumurta çiftliğinde yumurtalar 4'lü veya 6'lı karton kutulara konulmaktadır. Bu çiftlikte, 4'lü yumurta kutusunun toplam maliyeti 2,8 TL, 6'lı yumurta kutusunun toplam maliyeti 4,5 TL, 4'lü karton kutunun maliyeti 0,8 TL olduğu bilinmektedir. Buna göre, 6'lı karton kutunun maliyeti kaç TL'dir?",1,"1,2","1,4","1,5","1,7",D
8cd49272-9ac5-5d85-839b-5e884c76994d,GEOMETRI,"Analitik düzlemde $y=2x+8$ doğrusu üzerindeki noktalarından $x$ ekseni üzerine dikmeler çiziliyor.
Bu dikmelerin orta noktalarını birleştirdiğimiz zaman oluşan doğrunun denklemi aşağıdakilerden hangisidir?",$x-y+4=0$,$x+y+2=0$,$x-y+8=0$,$x-y+6=0$,$x-2y+4=0$,A
75ac5798-84c2-5e45-8563-c58ee28e0959,MATEMATIK,"Dik koordinat düzleminde $f$ fonksiyonunun grafiği verilmiştir. Buna göre, I. $f'(1) \cdot f'(0) < 0$ II. $f'(K) - f'(3) > 0$ III. $f'(3) - f'(4) < 0$ ifadelerinden hangilerinin doğru olduğunu bulunuz.",Yalnız I,Yalnız II,Yalnız III,I ve II,II ve III,E
874db504-9794-5e42-ac4c-ce019d24dfed,MATEMATIK,"$f: \mathbb{R} \to \mathbb{R}$ türevlenebilir fonksiyonu için $f(x) = x^2-mx-16$ fonksiyonu veriliyor. Buna göre, $(fof)'(x) = 2m$ eşitliğini sağlayan pozitif $m$ gerçek sayısı kaçtır?",-6,2,6,7,8,E
e6ec79de-15ed-502b-bfcc-2dbb0a8df52f,TURKCE,Aşağıdaki cümlelerin hangisinde bulunma durum eki (-de /-da) cümleye zaman anlamı katmıştır?,"Boşuna borç altına girme, sen bu parayı yirmi senede ödeyemezsin.",Paris'teki müzede bulunan bu tablonun güzellikte eşi yoktur.,"Hükümetler hakkında, rejimler hususunda hiçbir fikrim yoktu.",Çocuğun gözlerinde beliren bir damla yaş onu çok etkilemişti.,Sağlığa zararlı olduğunu düşündüğüm için plastik bardakta su içmem.,A
7633f3b0-3ed7-564e-9a9c-4b39c60fcd23,KIMYA,"Sadece C, H ve O içerdiği bilinen 46 gram bileşik, $O_2(g)$ ile tamamen yandığında normal şartlar altında 44,8 L $CO_2(g)$ ve 54 g $H_2O(s)$ oluşuyor.
Buna göre bileşiğin basit formülü aşağıdakilerden hangisidir? ($H=1 \text{ g/mol}, C=12 \text{ g/mol}, O=16 \text{ g/mol}$)",$CH_2O$,$C_2H_6O$,$C_2H_4O$,$C_3H_6O$,$C_3H_8O$,C
3c2c79b7-bc16-5c37-bb75-b179d538c02c,MATEMATIK,"$P(x)$, başkatsayısı $2$ olan ikinci dereceden bir polinomdur.
$\lim_{x \to 1} \frac{P(x)}{x^2+x-2} = L \in \mathbb{R}$
eşitliği veriliyor.
$P(3)=20$ olduğuna göre, $L$ kaçtır?",3,4,5,6,8,B
3fa16203-8e20-52d1-93fa-eeef5abc24a8,FIZIK,"Bir sınıftaki bir öğrenci, ders esnasında söz alarak şu cümleleri söylemiştir:
I. Dün akşam Ay'ın tutulduğunu gördüm.
II. Ay tutulması gerçekleştiğine göre, Güneş ile Ay arasına Dünya girmiştir.
III. Bir süre sonra Ay tekrar dolunay şeklinde görünmeye başladı.
IV. Demek ki, uzaydaki Dünya, Güneş ve Ay gibi cisimler hareket etmektedir.
Buna göre, bu öğrenci hangi cümlelerinde çıkarım yapmıştır?",I ve IV,I ve II,I ve III,II ve IV,III ve IV,D
df4d814f-e697-5b76-a970-66e3b5de998d,MATEMATIK,"$9a + 6b = \pi$ olmak üzere, $\frac{\sin 2a \cdot \sin 3b - \cos 2a \cdot \cos 3b}{\sin(3a-b) \cdot \cos(b+a) - \cos(3a-b) \cdot \sin(b+a)}$ işleminin sonucunu bulunuz.",$1$,$2$,$3$,$4$,$5$,A
35a23a96-3e6b-5807-9bb1-01d23bc8791b,KIMYA,"$T^{\circ}C$'de $4 \cdot 10^{-4}$ mol $BaCO_3$ katısı suda çözülerek 20 litre doygun çözelti hazırlanıyor. Buna göre, $BaCO_3$ tuzunun çözünürlük çarpımı $(K_{çç})$ kaçtır?",$2 \cdot 10^{-7}$,$4 \cdot 10^{-7}$,$4 \cdot 10^{-14}$,$16 \cdot 10^{-14}$,$4 \cdot 10^{-21}$,C
bd401188-9f79-515e-9f75-3a84f52772ee,MATEMATIK,"Bir büyük otobüsün küçük iki otobüsten büyük olanın koltuk sayısı, küçük olanın koltuk sayısının 2 katına eşittir.
* Küçük otobüsün koltuklarının %40'ı
* Büyük otobüsün koltuklarının %10'u
dolu iken küçük otobüs bozulduğu için içerisindeki tüm yolcular büyük otobüse geçmiştir.
Son durumda büyük otobüste 49 koltuk boş kaldığına göre, iki otobüsteki toplam koltuk sayısı kaçtır?",75,90,105,120,135,E
7517e74a-9b16-5778-8679-112d1e2a129b,MATEMATIK,"Aşağıda dik koordinat düzleminde $y = f(x)$ fonksiyonunun grafiği verilmiştir.
Buna göre,
$\lim_{x \to -1^+} (f(\sqrt{x})) + \lim_{x \to 1^-} (f(\frac{2}{x}))$
ifadesinin değeri kaçtır?",-2,-1,0,1,2,C
dd867e8a-62cf-5cae-a6ce-7c05e4b36991,TURKCE,"(I) 2023 yılında Hong Kong'da kurulan ve yenilikçi lojistik çözümleriyle tanınan Lalamove, Türkiye'deki faaliyetlerini resmen duyurdu. (II) Küresel çapta genişleyen şirket; Asya, Latin Amerika ve EMEA (Avrupa, Orta Doğu ve Afrika) bölgelerinde hızla büyüyor. Türkiye'nin de dâhil olduğu toplam 11 pazarda hizmet veriyor. (III) Türkiye genelinde 3 milyondan fazla KOBİ'nin lojistik ve ticari ihtiyaçlarını destekleyen bu firma; işletmelere farklı araç seçenekleri (minibüs, panelvan, kapalı kasa kamyonet, motosiklet) ile özelleştirilmiş teslimat çözümleri sunuyor. (IV) Uygun maliyetli teslimat seçenekleri sunarken, zamanlı GPS takibiyle işletmelerin lojistik süreçlerini şeffaf bir şekilde izlemelerine olanak tanıyor, ayrıca çok duraklı teslimat ve API entegrasyonu sayesinde işletmelere esneklik sağlıyor. (V) Lalamove, kendi araçlarıyla değil, sürücü ortaklarıyla çalıştığı bir kurye platformudur. (VI) Bu yapı, bağımsız sürücülere platform üzerinden gelir elde etme fırsatı sunarken yerel istihdamı da destekliyor.
Bu parça iki paragrafa ayrılmak istense ikinci paragraf numaralanmış cümlelerin hangisiyle başlar?",II,III,IV,V,VI,D
f5152c24-9125-544b-a22a-0b2feec94e41,MATEMATIK,"İntegrali aşağıdakilerden hangisine eşittir?
$\int \frac{xdx}{(x^2+4)^2}$",$-\frac{1}{x^2+4}+c$,$-\frac{1}{4(x^2+4)}+c$,$-\frac{1}{2(x^2+4)}+c$,$-\frac{1}{2(x^2-4)^2}+c$,$-\frac{1}{2(x^2+4)^3}+c$,C
dd080bd1-0ad7-5e38-adc5-e0d0e7ff6681,BIYOLOJI,"ATP'nin yapısında bulunan
I. riboz,
II. fosforik asit,
III. adenin
moleküllerinden hangileri organik yapıdadır?",Yalnız I,Yalnız II,Yalnız III,I ve III,"I, II ve III",D
4a401b28-0f63-50f8-b175-4a16d279340e,TURKCE,"Obruk oluşumunda öncelikle eriyebilen nitelikteki tabakaların arasında dolaşan yer altı suyu veya yüzeyden süzülen çeşitli türdeki sular, küçük çaplı bir boşluk oluşturmaktadır. Daha sonra suların hareketi ile bu boşluk büyüyerek mağara şeklini almaktadır. Boşluğun boyutları giderek büyürken üstteki örtü tabakası bir süre sonra ağırlığını taşıyamayıp ani bir hareketle çökmektedir. Dolayısıyla depremlerde olduğu gibi obrukların da oluşum zamanını önceden kestirmek mümkün değildir. Çökmele; ani bir yer hareket; bir titreşim ve- ya örtüdeki ağırlığın artması hızlandırıcı unsurlardır.

Bu parçada aşağıdakilerden hangisine değinilmemiştir?",Obrukların oluşum zamanının önceden tahmin edilemediğine,Obruk oluşumunu neler hızlandırdığına,Obruk oluşumunun nelere neden olduğuna,Obruk bakımından nerelerin zengin olduğuna,Obruk oluşumunda suların etkisine,D
d640476f-279b-5f75-b83d-2e108b03aa5c,BIYOLOJI,"Canlılarda gerçekleşen;
I. partenogenez,
II. çelikle üreme,
III. eşeyli üreme,
IV. bölünerek üreme
olaylarından hangilerinde oluşan yeni bireylerin ata bireylerden farklı genetik yapıda olması beklenir?",Yalnız II,I ve II,I ve III,"I, II ve III","II, III ve IV",C
9dc94370-6819-53b0-81b9-ac599fddfda8,GEOMETRI,"Dik koordinat düzleminde orijinden ve $A(2, 4)$ noktasından geçen doğru $d_1$ çiziliyor. Sonra bu doğru orijin etrafında saat yönünde $90^	ext{o}$ döndürülüyor.
Buna göre, aşağıdaki noktalardan hangisi dönme sonucu elde edilen doğru üzerinde bulunan noktalardan biridir?","$(-1, 2)$","$(2, 4)$","$(4, -8)$","$(6, 3)$","$(2, 6)$",C
9beb1658-7e3a-5841-9d1c-22ce73bba4c7,FIZIK,"Eşit kütleli katılımcıların performanslarını sergiledikleri bir yarışmada; her birinin kütlesi 50 kilogram olan 10 adet çimento torbasını 10 metre yüksekliğe en kısa sürede çıka- ran katılımcı yarışı kazanmaktadır. Bu yarışmada, katılımcıların hangi fiziksel niceliği dikkate alınarak kazanan belirlenmektedir?
I. Torbalara aktardıkları toplam enerji
II. Yaptıkları iş
III. Kütle çekimsel potansiyel enerji
IV. Ortaya çıkarabildikleri güç
V. Yaptıkları işin harcadıkları enerjiye oranı",Torbalara aktardıkları toplam enerji,Yaptıkları iş,Kütle çekimsel potansiyel enerji,Ortaya çıkarabildikleri güç,Yaptıkları işin harcadıkları enerjiye oranı,D
a6254753-ef01-52e2-a8c9-3b1a7e3c1409,MATEMATIK,"Karmaşık sayılar kümesinde, $(3-i)^2(4+3i)$ işleminin sonucu kaçtır?",10,15,20,25,50,E
b91ca7db-f9b6-51dd-a19e-627da7fdd92a,TURKCE,"Soru eki ""mi"" daima kendinden önceki sözcükten ayrı yazılır ve büyük ünlü uyumuna uyar. Aldığı ekler ise kendisine bitişik yazılır.
Aşağıdaki cümlelerin hangisinde bu açıklamaya aykırı bir durum söz konusudur?",Bana biraz yardımcı olabilir misiniz?,"Lütfen, işiniz bitince ışığı kapatır mısınız?",Sen geldiğinde onlar da evde miydi?,Bana küsüyorsun ama çağırıcımı mı geleyim?,Biraz daha yemek alabilir miyim acaba?,D
593b96ac-8494-58f2-82b0-ed9edb016f1e,KIMYA,"Atomların elektron dağılımları verilen X, Y ve Z elementleri için,
$X: 1s^1$
$Y: 1s^2$
$Z: 1s^2 2s^2$

I. X alkali metaldir.
II. 1. iyonlaşma enerjisi en büyük olan Y'dir.
III. Y ve Z elementlerinin kimyasal özellikleri farklıdır.
IV. X ve Y elementleri doğada monoatomik yapıda bulunur.
yargılarından hangileri doğrudur?",Yalnız I,I ve II,II ve III,"II, III ve IV","I, II, III ve IV",C
b0bfa117-1b71-510d-b57e-d131c71327f7,MATEMATIK,"Türk havacılık tarihini araştıran Melike, ulaştığı bilgiyi dedesiyle paylaşıyor. Dedesi:
""Türk havacılık sanayinin kilometre taşlarından olan TOMTAŞ'ın kuruluş yılı 1926'dır.""
demiştir ve dedesi cevap olarak:
""Bahsettiğin tarihten 42 yıl sonra ben 8 yaşında, 95 yıl sonra ise sen 8 yaşındaydın.""
demiştir.
Buna göre, hangi yılda Melike ile dedesinin yaşları toplamı 59 olur?",2016,2017,2018,2019,2020,D
ff4a2ee7-6c98-5702-8069-4ac82c5019a0,KIMYA,"0,4 mol saf $KOH$ katısının çözünmesi sonucu hazırlanan sulu çözeltiyi tamamen nötrleştirmek için 0,2 mol X içeren çözeltinin tamamı kullanılıyor. Buna göre, X aşağıdakilerin hangisinde doğru verilmiştir?",$CH_3COOH$,$H_2SO_4$,$H_3PO_4$,$Ca(OH)_2$,$HClO_4$,B
94d9c5db-e502-52f7-a4c0-5b0874ef6b21,MATEMATIK,"Selim Öğretmen, öğrencileri ile birlikte kahvaltı yapmak için bir miktar simit almıştır. Öğrencilerin bir kısmı ikişer tane, kalan öğrenciler birer tane simit yerse Selim Öğretmen'e 3 simit kalıyor, iki tane simit yiyenler bir, bir tane simit yiyenler iki tane simit yeseydi Selim Öğretmen'e 1 simit kalacaktı.
Alınan simitlerden toplam 15 kişi yediğine göre, Selim Öğretmen kaç tane simit almıştır?",19,21,23,25,27,C
eb18d0e6-eef1-564d-9e79-259e3317c803,MATEMATIK,"A ile B şehirleri arasındaki uzaklık 280 km'dir.
Alper ve Mert, A şehrinden B şehrine doğru farklı araçlarla ve sırasıyla saatte ortalama 70 km ve 40 km hızlarla aynı anda saat 10.00'da harekete başlıyorlar. Mert'in de bir süre yol aldıktan sonra Alper çantasını evde unuttuğunu fark edip aynı hızıyla eve dönüp çantasını alıyor ve aynı hızla tekrar B şehrine doğru hareket ediyor. Mert ise sabit hızla hareketine devam ediyor.
Alper, Mert'ten 1 saat önce B şehrine vardığına göre, Alper, Mert'i yakaladığı anda saat kaçtır?
(Alper'in evde kaybettiği zaman önemsenmiyor.)",14.00,14.20,14.30,14.40,15.00,E
ec87b626-90f6-5d39-8a93-5ea62adebf0b,GEOMETRI,"Köşegen uzunlukları 30 birim ve 40 birim olan bir ABCD eşkenar dörtgeni çiziniz.
Köşegenlerin kesim noktasını E olarak alınız.
Buna göre, E noktasının AB kenarına olan en yakın uzaklığı kaç birimdir?",12,18,20,24,25,D
dc4308eb-6af3-5dfc-8ecc-3a72d3884554,TURKCE,"(I) Sanat tarihi üzerine yapılan tüm çalışmalarda müziğin kimi zaman geri planda kalması diğer tüm sanatların aksine bir görsel ve metin barındırmamasındandır.
(II) Doğu-Batı tartışmalarının en çok billurlaştığı alanlardan birinin müzik olması şaşırtmamalı bizi.
(III) Zira kültürel üretim, ekonomik yapının gereklerinin tezahürü olmasının yanı sıra ait olduğu bu bağlamın zihniyet kalıplarını belirleyen bir özellik de taşır.
(IV) Kendi varlığını sürdürmek, kendi varoluş koşullarını sürekli olarak yeniden üretmek zorunda olan belli bir ekonomik düzen, ister istemez bu çabayı mümkün kılabilecek söylem mecralarını da yaratır, bu amaç doğrultusunda onları durmaksızın yeniler.
(V) Bu açıdan bakıldığında müzik üzerine çeşitli konulardaki tartışmalar, ulusal kültürünü oluşturmak isteyen bir yeniden yapılanma anlayışı ile kökleri uzak bir çağa dayanan geleneksel anlayışı birbirine kırdırır.
Bu parçada numaralanmış cümlelerden hangisi anlatımın akışını bozmaktadır?",I,II,III,IV,V,A
916da347-8eaf-56ea-bb95-ddb93035dc6a,FIZIK,"Kuantum teorisi evrende her şeyin aynı anda hem dalga hem de tanecik olduğunu belirtiyor. Bu teoriye katkı yapan de Broglie madde dalgalarını ilk tanımlayan bilim insanıdır.
Hareket halindeki bir elektron ve nötronun de Broglie dalga boyları eşit olduğuna göre, bunlarla ilgili,
I. Elektronun çizgisel momentum büyüklüğü nötronunkine eşittir.
II. Elektronun momentumu artarsa de Broglie dalga boyu küçülür.
III. Nötronun enerjisi artarsa madde dalgasının frekansı artar.
yargılarından hangileri doğrudur?",Yalnız I,Yalnız II,I ve III,II ve III,"I, II ve III",A
a2f3e65c-bcb2-5fe3-9d77-0641d46f4eac,TURKCE,"Bugünün dünyasında bir de zararı görmekten kaçınıyor muyuz? Kırılgan olmak istemiyoruz, karşımızdakine zarar vermeden ya da herhangi bir acı çekmeden sürekli kaçınıyoruz. Aşk, çok fazla bağlılık gerektiriyor ama biz bağlanmaktan kaçıyoruz çünkü bağlılık acıyı beraberinde getiriyor. Tutkudan kaçıyoruz ve âşık olmak cümlemizi çok acıtıyor. Âşık olmak artık yasak. Fransızca'da âşık olmak ""tomber amoureux"" şeklinde ifade ediliyor yani ""aşka düşmek"". Bu düşüş bizdekiyle olumsuz ve kesinlikle kaçınılması gereken bir acı. Başka bir bağlılık da ayrıca dikkatimi çekiyor. Bu sözler aşağıdaki sorulardan hangisine karşılık söylenmiş olabilir?",Klasik kitaplardaki âşıkların kavuşamaması neye bağlıyorsunuz?,"Kitaplarınızda niçin âşık olmaktan uzak durmayı, aşık veriyorsunuz?",İnsan geceleri çevresel tehlikelerden kendini nasıl soyutlayabilir?,"Bazen sevdiğimiz insanların da zarar görmesini isteriz, neden?",Fransız ve Türk klasiklerinde aşk neden farklı yönleriyle ele alınmıştır?,B
26cedef1-4acd-5dfb-b1ed-7997fb3a030c,MATEMATIK,"Bir kambur balinanın kütlesi $m$ (ton cinsinden) uzunluğu $L$ (metre cinsinden) ile aşağıdaki denklemle yaklaşık olarak ifade edilmektedir.
$m = 1,2L - 30$
Uzunluk $L$ için
$|L - 50| \le 20$
eşitsizliği verildiğine göre $m$ kütlesinin en geniş değişim aralığı aşağıdakilerden hangisidir?","[36, 84]","[6, 44]","[36, 44]","[6, 54]","[12, 84]",A
3e32783f-f1f5-5435-a44d-6947ab2cabec,MATEMATIK,"$x = \log 2$ ve $y = \log 5$ olduğuna göre, $\log 3500$ ifadesinin x, y ve z türünden eşitini bulunuz.",$2x + 3y + z$,$3x + 2y + z$,$x + 3y + 2z$,$x + 2y + 3z$,$x + 2y - 3z$,A
85e91be8-f605-5e23-8b16-53f098fec51d,MATEMATIK,"$x^2 - ax + 3a = 0$ denkleminin kökleri $x_1$ ve $x_2$ dir. $2x_1 + 3x_2 = 0$ olduğuna göre, $x_1 + x_2$ toplamının alabileceği değerlerden biri aşağıdakilerden hangisidir?",$\frac{1}{4}$,$\frac{1}{2}$,1,2,4,E
c9b1eda6-e162-59ad-ad51-e3141f50ede7,TURKCE,"Bir susmayı, bakışlarında seslendiren,
Hüznün yangınsal aşka dönüştüren nedir?
Beklemeyi özlemlerle süsleyen,
Yalnızlığın kara ışığını söndüren nedir?
Duyanı ısıtan, kulağını kestiren, güneşe baktıran,
Korkusuzluk denizlerinde yüzdüren nedir?
Bu beyitlerle ilgili aşağıdakilerden hangisi yanlıştır?","Soru zamirleri, yüklemi buldurmaya yönelik kullanılmıştır.","Bütün beyitler, temel ögelerden oluşur.",Bütün beyitlerde birden fazla sıfat fiil vardır.,Belirtili ve belirtisiz isim tamlaması vardır.,İsim-fiil vardır.,A
c1996b79-d167-5a64-8d68-1a9ace597941,MATEMATIK,"Bir taksiye ait taksimetrenin açılış ücreti $1,5$ TL olup gidilen her kilometre sonunda ücret $0,5$ TL artmaktadır. Örneğin; taksi ile $600$ metre yol gidildiğinde taksimetre $1,5 + 0,5 \cdot 0,6 = 1,8$ TL gösterir. $0 \le x < 4$ olmak üzere, yolcu bu taksiyle $x$ km yol gitmiştir. Yolculuğun herhangi bir anında taksimetrede yazan değerin alınan yola bağlı fonksiyonu $y=f(x)$ tir. Buna göre, I. $\lim_{x \to 2} f(x) = \lim_{x \to 2^+} f(x)+1$ II. $f$ fonksiyonu tanımlı olduğu aralıkta tam sayı apsisli noktalar dışında süreklidir. III. $\lim_{x \to 2,7} f(x) = \lim_{x \to 3^-} f(x)$ ifadelerinden hangileri doğrudur?",Yalnız I,Yalnız II,II ve III,I ve III,"I, II ve III",E
a7cc8aed-527b-5372-add1-81007f662d56,MATEMATIK,$\sqrt{x-\sqrt{x}}-6=2\sqrt{3}$ denkleminin çözüm kümesi aşağıdakilerden hangisidir?,$\emptyset$,{10},"{10, 15}","{9, 10}",{15},E
1c97efda-da80-5776-b0a2-bcdd8490021b,MATEMATIK,"2000 kişilik kapasitesi olan bir gösteri salonunda sergilenecek bir tiyatro oyunu için bilet fiyatları 100 TL olarak belirlenmiştir. Önceki tecrübeler dikkate alınarak bilet fiyatı 100 TL olduğunda tüm biletler satılacak iken bilet fiyatlarında yapılacak her 5 TL'lik artışın 20 tane daha az biletin satılmasına sebep olacağı öngörülmektedir. Buna göre, bilet fiyatı kaç TL olarak belirlenirse elde edilecek hasılat en çok olur?",400,360,320,300,240,D
a84ff31e-82c9-5657-9828-2415dc592251,MATEMATIK,"$(10, 10, 11, 9, 12, 8, ...)$ dizisinde tek numaralı indise sahip terimler 1 artarken çift numaralı indise sahip terimler 1 azalmaktadır. Buna göre, $a_{30} + a_{39}$ toplamı kaçtır?",30,22,20,12,10,C
527e3589-040b-57e5-ae56-f73569dd447a,TURKCE,"$20$. yüzyılın ortalarında petrolle çalışan araçların sayısı önemli ölçüde arttı ve bu araçlardan çıkan egzoz duman-ları büyük şehirlerdeki hava kirliliğini büsbütün artırdı. Bu duruma petrolün tükenebilir bir kaynak olduğuna ilişkin ar-tın farkındalıkta eklenince hem araç üreticileri hem de pet-rol şirketleri uyanmaya başladı.
Bu parçada numaralanmış sözlerin hangisinin yazımında yanlışlık yapılmıştır?",I,II,III,IV,V,D
0a185782-aa8c-50c6-b1c3-36d5be54cd60,TURKCE,"Her yazının bir öyküsü vardır. Yazarı eser vermeye iten bir sebep olmaksızın hiçbir edebî ürün ortaya çıkmaz. Dolayısıyla bir edebî eserin inşası rastgele gerçekleşmeyi değil, bir dizi etmenle yazarı ve okuyucuyu bir araya getiren makul bir yoldur. Unutmadan söylemek gerekir ki edebî esere kaynak teşkil eden şart ve sebepleri bilmek, eserin yazarın bilinçle önemli ipuçları sunar. Bu sayede eser-yazar ilişkisi daha anlaşılır hâle gelir.
Bu parçada vurgulanmak istenen temel düşünce aşağıdakilerden hangisidir?",Bir edebî eserin yazılmasını sağlayan tek bir nedenden söz edilemez.,Her edebî eserin dil ve anlatım yönünü belirleyen yazılma sebebi vardır.,"Yapıtların çıkış noktasını oluşturan nedenler, hem eseri hem de yazarı tanımada etkilidir.","Edebiyat eserlerinin yazılmasına vesile olan fikirler, akademik bir yaklaşımla ele alınmalıdır.",Yazarın öz yaşam öyküsünden izler taşımayan bir edebî eser yoktur.,C
2fe32312-2add-5da9-beb5-2eb1ba7d825e,MATEMATIK,"$(a_n)$ dizisinde her $n$ pozitif doğal sayısı için,
$(n+1) \cdot a_n = (n+2) \cdot a_{n-1}$
$a_1 = 3$
olduğuna göre, $a_{19}$ kaçtır?",30,36,40,45,60,C
47543177-64cd-51c4-aa06-c0784bb34870,BIYOLOJI,"Hipofiz bezinden salgılanan hormonlardan bazıları hipotalamus tarafından üretilir. Bu hormonlar hipofiz arka lobunda depo edilir ve gerektiğinde buradan kana salgılanır. Dersine yukarıdaki gibi başlayan Biyoloji öğretmeni I. ADH, II. ACTH, III. oksitosin, IV. östrojen hormonlarından hangilerini öğrencilerine anlatacaktır?",Yalnız I,I ve II,I ve III,II ve IV,III ve IV,C
bc859f02-9239-5bf0-8938-7bf5d07c213d,TURKCE,"Teknoloji ürünlerinin neredeyse tamamı elektrikle çalışmaktadır. Elektrikle çalışan her aletin, bir elektromanyetik alanı vardır. Sinirler, nöronlar aracılığıyla elektriksel uyarıları beynin çeşitli yerlerine ulaştırarak çalışır. Bu nedenle ----
Bu parçanın sonuna düşüncenin akışına göre aşağıdaki-lerden hangisi getirilmelidir?",günlük hayatta kullandığımız her elektrikli araç sinir siste-mimizi olumsuz etkiler,"sinirlerin harap olması durumunda vücut, sinirleri onarmak-ta başarısız kalabilmektedir","her elektromanyetik araç, insan tedavisinde kullanılamama-lıdır","ilerleyen teknoloji çevreye daha saygılı, dönüşüm oranı yüksek ürünlere yönelir","elektrikle çalışmayan aletler, küresel ısınmaya daha az kat-kıda bulunur",A
659b269a-cb01-5153-8d20-348432dc8ee7,MATEMATIK,"$\frac{y}{0,025} < 8$ ve $3x-10y-13=0$
olduğuna göre aşağıdakilerden hangisi kesinlikle doğrudur?",$y > 0$,$x+y > 0$,$x < 5$,$x+y > 5$,$x-y < 1$,C
b1946e62-6646-59f2-a541-a1a043e66108,MATEMATIK,"$(a,b)$ aralığında tanımlı bir $f$ fonksiyonu için, $x_1, x_2 \in (a,b)$ için $x_1 < x_2$ iken $f(x_1) > f(x_2)$ oluyorsa $f$'ye azalan fonksiyon denir. A = {1,2,3} B = {4,5,6,7,8,9} kümeleri için. $f: A \to B$ fonksiyonu tanımlanıyor. Buna göre, kaç tane azalan $f$ fonksiyonu yazılabilir?",35,30,25,20,15,D
95cf3190-a8fe-530a-822b-595e566bc0e6,BIYOLOJI,"Hücre teorisine göre; ""Hücreler, daha önce var olan bir hücrenin bölünmesi ile oluşur. Hücreler kalıtım maddesi içerir ve bu madde yavru hücrelere aktarılır."" Canlılarda kalıtsal özelliklerin nesilden nesile aktarılmasını sağlayan molekül aşağıdakilerden hangisidir?",DNA,RNA,ATP,Enzim,Protein,A
c9c62bfb-60e8-5f71-9132-8585923681b9,TURKCE,"Sanat bizde en derin ve en asil duyguları uyandıran, ruhu incelten, kırılgan ama bir o kadar da tesirli, iletişimin en güçlü ifadesidir. Sanat, insanlar, birleşme özelliklerine sahiptir. Bir sanat eserine bakarken arka sokaktan mı gelmiş, ön sokaktan mı gelmiş ayırmayız; o an o sanatın keyfini sürmeye çalışırız. İlk defa empati yaparız okuduğumuz ya da baktığımız bir sanat eseri sayesinde.
Bu parçada sanatla ilgili
I. soylu hisleri ortaya çıkardığına,
II. iletişimin kurman bir biçimi olduğuna,
III. insanları dönüştürme gücünün olduğuna
yargılarından hangilerine ulaşılabilir?",Yalnız I,Yalnız II,I ve II,I ve III,"I, II ve III",E
2f330d0c-1367-5697-863b-14dc76850ae5,TURKCE,"Geçen hafta bitiremediğim bir işle ilgili yazıştığım bir meslektaşım, bana Paul Valéry'den şöyle bir alıntı yolladı: ""Bir işin bitmesi ancak yorgunluk, teslim etme ihtiyacı ya da ölüm gibi kazalar sonucu olur; yapan kişi ya da şey için, iş sadece seri bir iç döngüsünün aşamalarından biridir."" Bu dönüşümlerin aşamalı olması ve birbirini takip etmelerinin, ses işlerinde özellikle geçerli olduğunu düşünüyorum: Dinleme ve duymanın arasındaki muğlaklık, işlerin bitmediğinde farka bir anlam kazanıyor. Bu parçadan hareketle aşağıdakilerin hangisine ulaşılamaz?","Bitirme eylemine motive olma, işin bitmesini sağlayan etkenler arasında değerlendirilebilir.",Bir işin bitme süreci işsel veya dışsal olmak üzere birçok etkene bağlı olarak değişkenlik gösterebilir.,Paul Valéry'den yapılan alıntıda bir işin bitme sürecinde kişinin iç dünyasının dinamikliği vurgulanmıştır.,İşin bitme sürecinin aşamalı olması daha çok ses ile ilgili durumlarda işlerlik kazanmaktadır.,"Bazı durumlar haricinde iş, bitmeyen bir eylemdir.",A
b6d7681c-61dd-54c4-8cea-dd3dc0efdfa3,MATEMATIK,Aşağıda 20 basamaklı bir doğal sayının 9 ile çarpma işlemi gösterilmiştir. $444...4 \times 9$ (20 basamaklı) Bu çarpma işlemi sonucunda elde edilen sayının rakamları toplamı kaçtır?,720,360,240,180,108,D
cc857c52-248e-5dde-ad0d-f1f572fa09ae,MATEMATIK,"$a = \tan 240^\circ$, $b = \sec 240^\circ$, $c = \operatorname{cosec} 240^\circ$ olduğuna göre, $a$, $b$ ve $c$'nin doğru sıralanışı aşağıdakilerden hangisidir?",$a < b < c$,$a < c < b$,$b < c < a$,$b < a < c$,$c < b < a$,B
4a079067-8aad-5c4e-baf9-868ecc1f8a13,MATEMATIK,"$\log_2(x^2) + \log_2(x^5) = a$ eşitliği vardır. Buna göre, $\log_2(2x) + \log_2(5x)$ toplamının $a$ türünden eşiti aşağıdakilerden hangisidir?",$\frac{1-a}{7}$,$\frac{7+2a}{7}$,$\frac{10a}{7}$,$\frac{1-a}{10}$,$1+7a$,B
154890b6-c8cd-52a7-8cbb-67882b321e9f,GEOMETRI,"Yarıçapı 12 birim olan bir çember $y = \sqrt{3}x + 3$ doğrusuna ve x eksenine analitik düzlemin 1. bölgesinde teğettir.
Buna göre, bu çemberin denklemi aşağıdakilerden hangisidir?",$(x-11\sqrt{3})^2 + (y-12)^2 = 144$,$(x-12\sqrt{3})^2 + (y-12)^2 = 144$,$(x-10\sqrt{3})^2 + (y-12)^2 = 144$,$(x-9\sqrt{3})^2 + (y-12)^2 = 144$,$(x-8\sqrt{3})^2 + (y-12)^2 = 72$,D
5517e557-134b-57db-a01b-349eced9cbf6,MATEMATIK,"Tam sayılarda $y=f(x)$ fonksiyonu $f(x) = \begin{cases} 2x+4, & x \le 1 \\ 8-2x, & x>1 \end{cases}$ biçiminde tanımlanıyor. Buna göre, $f$ fonksiyonunun görüntü kümesinde kaç farklı doğal sayı vardır?",3,4,5,6,7,C
4516b3bb-07af-5ceb-ae01-a2b7c0e96315,KIMYA,"I. $C_{17}H_{35}COOH$
II. $C_{17}H_{33}COOH$
III. $C_{13}H_{27}COOH$
Yukarıda verilen bileşiklerden hangileri doymuş yağ asitidir?",Yalnız I,Yalnız II,Yalnız III,I ve II,I ve III,E
27be81ee-e681-5edc-b5b5-6a1e5eb3f063,MATEMATIK,$x^2 + 2x + 5 > 0$ eşitsizliğinin en geniş çözüm aralığı aşağıdakilerden hangisidir?,$\mathbb{R}^+$,"$(1, \infty)$","$(- \infty, 1)$","$(- \infty, \infty)$",$\mathbb{R}$,E
92abe456-f6bb-5c82-ad8d-990c54069e5a,COGRAFYA,Türkiye'de karstik kaynaklar ve özellikleriyle ilgili araştırma yapmak isteyen bir coğrafyacının aşağıdaki yörelerden hangisinde araştırma yapması daha uygundur?,Doğu Karadeniz,Yıldız Dağları,Erzurum - Kars,Batı Akdeniz,Güney Marmara,D
b665f43c-ab02-5464-9053-aaae50a5bd52,KIMYA,"127 °C sıcaklıkta 8,2 litrelik sabit hacimli kapta 1 mol $O_3$ gazı ile başlatılan
$2O_3(g) \rightleftharpoons 3O_2(g)$
tepkimesi sabit sıcaklıkta dengeye geldiğinde kaptaki toplam basınç 4,8 atm olduğuna göre tepkimenin aynı sıcaklıkta kısmi basınçlar türünden denge sabiti $(K_p)$ kaçtır?","2,4","4,8","9,6",24,48,E
2cabd994-2aef-5bcf-b357-e897b0f9dd46,TURKCE,"İnsanların “Hocam, sen öldükten sonra ne olacak bu kitaplara, belgelere? Haydi bize bağışla!” şeklindeki yaklaşımlarını hoş karşılamıyorum. Hediye ettiğim pek çok oldu ama bedava dağıtmanın kıymetini bilme amacıma ulaşmamış olması beni bu kaygılarıma itti. Benim de kütüphanem ağzına kadar dolu. İnsanların bağışlanan şeylerin kıymetini bilmez. Onun için sahaflara gitmesini tercih ederim. Böylelikle yine kıymetini bilen insanların eline geçer. Alan da bir fedakârlık yaparak alacağı için kıymetini bilir. Kütüphanem dağılmasın gibi bir derdim yok. Çok bencilce geliyor bu düşünce. Neticede ölüp gideceğiz, üzerine üç dört satır yazılmış bir mezar taşımız olacak, o kadar! Ben hayatın geçiciliğinin o kadar farkındayım ki... “Avazeyi bu âleme Davud gibi sal, Bâki kalan bu kubbede bir hoş sadâ imiş...”
diyen yazarın aşağıdakilerden hangisini söylemesi beklenmez?",Cimri biri sayılmam fakat bağış yapılan kitapların kıymetinin yeterince bilineceğini zannetmiyorum.,İşin maddi yönü olduğu için hakkını vereceklerine inandığımdan kitaplarımı sahaflara satmayı düşünüyorum.,"Kitaplarım bir arada dursun, kütüphaneye adım verilsin gibi hayranlık uyandıran bir kitaplığım değil giderek.",Kitaplar değerini bulsun diye beklediğim bir armağan icat bir değeri olmasından elimden vermem gönlümce olmaz.,"Kıymet verdiğim, emek harcadığım bu hazinenin yine kıymet bilir birilerinin eline geçmesini isterim.",C
6fa7b880-d931-59ab-aac3-df3acfbff295,KIMYA,$X_2Y_3$ bileşiğinde elementlerin kütlece birleşme oranı $\frac{m_X}{m_Y} = \frac{8}{9}$ dur. 25 gram $XY_2$ elde etmek için kaç gram X kullanılmalıdır?,5,10,15,20,24,B
30ae940a-8b81-568d-a109-fb8fea39dd74,KIMYA,"Aşağıdaki tabloda verilen özelliklerin bileşik veya elementlere ait olma durumları ""$\/$"" işareti ile belirtilmiştir.
Buna göre, işaretlemelerden hangileri doğrudur?",Yalnız I,Yalnız II,I ve III,I ve II,"I, II ve III",E
8892067d-4518-543d-9251-c4139b7be12c,TARIH,"Ankara Savaşı'nda Osmanlı Devleti'ni yenen Timur, Çin'e yapacağı seferin hazırlıklarına başlamış, arkasında güçlü bir Osmanlı ordusu bırakmamak için Osmanlı topraklarını Yıldırım Bayezid'in dört oğlu arasında paylaştırmıştır. Buna göre, I. Çin Seferi Timur'un büyük başarısı ile sonuçlanmıştır. II. Osmanlı Devleti kargaşa ortamına sürüklenmiştir. III. Osmanlı Devleti'nin Kuruluş Dönemi sona ermiştir. yargılarından hangilerine ulaşılabilir?",Yalnız II,Yalnız III,I ve II,I ve III,II ve III,A
4cc5e688-0940-5aa3-9545-3bb3977f8986,MATEMATIK,"Gerçel sayılar kümesi üzerinde tanımlı ve türevlenebilir $f$ ve $g$ fonksiyonları için
$g(x) = \begin{cases} |6x-f(x)|, & x<1 \\ f^2(x), & x \ge 1 \end{cases}$
eşitliği veriliyor.
Buna göre, $f'(1)$ değeri aşağıdakilerden hangisi olabilir?",$\frac{1}{3}$,$1$,$\frac{6}{5}$,$2$,$\frac{8}{3}$,E
de9b398a-6f5a-5623-8917-66b073d52276,MATEMATIK,"$x < y < 0 < z$ olmak üzere, $|x+1y|-|y|-|z-x|$ işleminin sonucunu aşağıdakilerden hangisine eşittir?",$x-z$,$x+z$,$-z$,$x+2y-z$,$z$,A
493d31b3-4ceb-5b95-a795-b18c9807c724,MATEMATIK,"$f: R \to R$, $f(x) = \begin{cases} |x^2-1|, & x \ge 0 \\ 2x+1, & x < 0 \end{cases}$ fonksiyonu için aşağıdakilerden hangisi yanlıştır?",Daima artandır.,$x=0$ için türevsizdir.,Örtendir.,$-\frac{1}{2} < x < 0$ için negatif değerlidir.,$x < 0$ için $f'(x) > 0$ dır.,A
c027609f-b65d-5557-bd1c-da2a60c28098,KIMYA,"Değerlik elektron sayısı aynı olan A, B ve C metalleri ile ilgili aşağıdaki bilgiler veriliyor.
• Elektron verme eğilimi en büyük olan B'dir.
• A'nın oksidin bazik karakteri C'ninkinden fazladır.
Buna göre A, B ve C metallerinin periyodik cetveldeki dizilimi aşağıdakilerden hangisi gibi olabilir?","C, A, B","B, A, C","A, C, B","B, C, A","C, B, A",A
6b6a4b83-20c2-5f7c-99a2-abf479c817dc,MATEMATIK,$f(x) = \sqrt{x} - \sqrt[3]{x}$ fonksiyonu için $f'(1)$ değeri kaçtır?,$\frac{3}{4\sqrt{2}}$,$\frac{2}{\sqrt{2}}$,$\frac{1}{6}$,$\frac{3}{2\sqrt{2}}$,$\frac{1}{3\sqrt{2}}$,C
b82f1619-10bb-5cec-8116-650a3a13328e,MATEMATIK,"Gerçel sayılarda tanımlı $f(x) = -2x^3 + 2x^2 - x - 1$ fonksiyonunun teğetlerinden, eğimi en büyük olanının eğimi aşağıdakilerden hangisine eşittir?",-1,-3,$\frac{1}{3}$,$\frac{1}{2}$,1,C
f6a4719e-a6ba-5648-9b7c-8d5e70445da0,MATEMATIK,"Bir işi Alp 12 günde, Faruk ise 36 günde bitirebiliyor.
Birlikte işe başladıktan 3 gün sonra Alp işten ayrılıyor.
Buna göre, Faruk kalan işi kaç günde bitirir?",20,21,22,23,24,D
7e80c6a4-66c3-5cfb-903d-4b27655dbd6e,MATEMATIK,"$\frac{b}{a} < 0$, $a \cdot c > 0$ olduğuna göre, $a$, $b$ ve $c$'nin işaretleri sırasıyla aşağıdakilerden hangisi olabilir?","$+$, $-$, $-$","$-$, $+$, $+$","$-$, $-$, $-$","$+$, $+$, $-$","$-$, $+$, $-$",D
ee6cc178-bc88-5b2b-a7f4-b9b7ef81ff85,MATEMATIK,$(x^2-4x)^2-9(x^2-4x)-36=0$ denkleminin köklerinin toplamı kaçtır?,6,7,8,9,10,C
6ea581cc-de5a-54b4-b3c1-b4de2f217024,GEOMETRI,"Çevrelerinin uzunlukları birbirine eşit olan kare ve eşkenar üçgen şeklinde kağıtlar bir köşeleri çakışık, AD ve DF kenarları arasındaki açı $150^\circ$ olacak şekilde düz bir zemin üzerine yerleştirilmiştir. Kağıtlar arasında oluşan DCE üçgensel bölgesinde $|CE| = 2\sqrt{13}$ cm dir. Yukarıdaki verilere göre, DEF eşkenar üçgeni biçimindeki kağıdın çevresi kaç cm dir?",12,15,18,24,27,C
434cacfd-8b4c-5d27-8b79-a265291ab922,MATEMATIK,"$19ab$ ve $20ba$ dört basamaklı, $b3$ iki basamaklı birer sayıdır. $19ab$ yılında doğan Aziz'e $20ba$ yılında yaşı sorulduğunda Aziz; ""Nüfus cüzdanımı yenileyeli $b3$ yıl oldu, keşke yaşımı o zaman sormasaydınız. Çünkü o zamanki yaşım şimdiki yaşımın yarısıydı."" demiştir.
Buna göre $a-b$ çarpımı kaçtır?",15,16,18,20,21,C
455fcca9-7578-5494-a82c-fc67fa2fad83,MATEMATIK,"$n$ pozitif tam sayı olmak üzere, $f$ fonksiyonu $f(n) = (n$'nin, $n$ hariç pozitif tam sayı bölenlerinin toplamı) şeklinde tanımlanıyor. Örneğin: $f(6) = 1+2+3 = 6$ dır. $f(10) = 1+2+5 = 8$ dir. $ab$ iki basamaklı bir doğal sayı olmak üzere, $f(ab) = ab$ eşitliği veriliyor. Buna göre, I. $f(a \cdot b) = a \cdot b$ II. $f(b \cdot a) = b \cdot a$ III. $f(a) = a \cdot b$ ifadelerinden hangileri doğrudur?",Yalnız I,Yalnız II,Yalnız III,I ve II,II ve III,D
e5d7396a-6d59-5ebf-b6e0-8ca98995665f,MATEMATIK,"$a$ ve $b$ tamsayılar olmak üzere, $Q(x) = x+b$ polinomunun kökü aynı zamanda $P(x) = x^2+ax-2-b$ polinomunun da köküdür.
$P(2) = 0$ olduğuna göre, $a+b$ toplamı kaçtır?",$-6$,$-1$,$0$,$2$,$4$,C
4e1fbfa4-e4b0-5ce7-802e-006fa4807c56,TARIH,Terörizmin küresel çapta örgütlenmesi Usame bin Ladin'in lideri olduğu aşağıdaki hangi terör örgütü ile başlamıştır?,El-Kaide,Taliban,DEAŞ,PKK,IŞİD,A
c8861fae-c640-5c81-a56a-ee2124093172,FIZIK,"Yatay ve sürtünmeli düzlemde durmakta olan bir kutu, yatay doğrultudaki kuvvetle itilerek harekete geçiriliyor. Buna göre; I. Yatay kuvvetin yaptığı iş sürtünme kuvvetinin yaptığı işe eşittir. II. Yatay kuvvetin yaptığı iş cismin kazandığı kinetik enerjiye eşittir. III. Net kuvvetin yaptığı iş sürtünme kuvvetinin yaptığı işe eşittir. yargılarından hangileri kesinlikle yanlıştır?",Yalnız I,Yalnız II,Yalnız III,I ve II,II ve III,D
52072595-0849-596b-bdf3-973ab7bc2d90,MATEMATIK,"$(a_n)$ geometrik dizisinin ilk $n$ terim toplamı $S_n$ olmak üzere $S_4 = 15 + a_1$ ve $S_5 = 62$ olduğuna göre, $a_1$ kaçtır?",5,4,3,1,2,E
d2bda1e4-3faf-54e2-b907-53f20e6da826,MATEMATIK,"Şekil 1'deki ADC üçgeni [AB] boyunca kesildikten sonra AF = 3FC olacak biçimde Şekil 2'deki gibi yapıştırılıyor. $|BD|=|BC|=6$ br, $|AB|=|CD|$ ve $|FC|=4$ birim olduğuna göre, $\tan(\widehat{BAE})$ değeri kaçtır?",$\frac{4}{3}$,$\frac{3}{5}$,$\frac{3}{4}$,$\frac{2}{3}$,$\frac{4}{5}$,A
f07d2226-df9f-5598-80b4-a905c6ea4ff3,MATEMATIK,"$A = \{1, 2, 3, 4, 5, 6\}$ kümesindeki rakamlardan birbirinden farklı rastgele iki tanesi seçiliyor. Seçilen rakamların çarpımının çift sayı olduğu bilindiğine göre, bu rakamların toplamının da çift sayı olma olasılığı kaçtır?",1/2,1/3,1/4,1/5,1/6,D
f7424e93-3b9a-5a71-a1af-987cddf90748,MATEMATIK,$x^2-2x-5=0$ denkleminin köklerinin ikişer eksiğini kök kabul eden ikinci derece denklem aşağıdakilerden hangisidir?,$x^2-2x+5=0$,$x^2+2x-3=0$,$x^2+2x-5=0$,$x^2-5x+2=0$,$x^2+5x-2=0$,E
622a2f52-1535-5337-b05c-4acb42f702ad,MATEMATIK,"Ticaret ile uğraşan Akın ve Berkay isimli iki arkadaştan Akın'ın parası, Berkay'ın parasının 2 katı kadardır.
• Akın tüm parasının %20'sini bir işe yatırıp %20 kâr elde ediyor. Kalan parasını başka bir işe yatırıp %15 zarar ediyor.
• Berkay tüm parasının %70'ini bir işe yatırıp %30 kâr elde ediyor, kalan parasını başka bir işe yatırıp %20 zarar ediyor.
Son durumda Akın ve Berkay toplam 81000 TL kâr elde ettiklerine göre, Berkay'ın başlangıçtaki parası kaç TL'dir?",150000,200000,300000,450000,600000,C
6af42165-84af-57f6-887b-f610c6329d7f,MATEMATIK,"Bir adam kayıkla akıntıya karşı $7$ saatte aldığı yolu, akıntıyla aynı yönde gidince $5$ saatte alıyor. Buna göre, kayığın hızının akıntının hızına oranı kaçtır?",2,3,4,5,6,E
fcb4952a-aa98-53a2-acae-00740ecb5f57,MATEMATIK,"$f(x^2+2x) = x^2-3x$ $f'(1)=5$ ve $g(-2)=1$ olduğuna göre, $\lim_{h \to 0} \frac{g(h-2)-g(-2)}{h}$ ifadesinin değeri kaçtır?",$-\frac{3}{2}$,$-\frac{1}{2}$,$\frac{1}{2}$,2,$\frac{3}{2}$,E
43eb7c4d-8b38-5c64-a478-c4473dd05f50,MATEMATIK,"a bir gerçel sayı olmak üzere, gerçel sayılar kümesi üzerinde tanımlı $f$ fonksiyonu tek fonksiyondur. $f(a-4) + f(2a+1) = 0$ olduğuna göre, $a$ kaçtır?",4,3,2,1,-1,D
b4b174d7-e492-56d7-83af-303ea302d140,MATEMATIK,$\sqrt{1+(\log_3 2)^2 + \log_9 4}$ ifadesinin eşiti aşağıdakilerden hangisidir?,$\log_3 12$,$\log_3 8$,$\log_3 2$,$1$,$\frac{1}{2}$,B
978bb3c3-8127-56a6-b293-f088abe2e2e7,GEOMETRI,"Görselde zemine dik olarak verilen düzgün beşgen levha, saat yönünde düzlemsel dönerek bir kenarı zemine dik duvara çakışmıştır. Levhanın direği levhayı dik ortalamaktadır.
Buna göre, $m(\widehat{KXH})=\alpha$ kaç derecedir?",54,60,63,66,72,C
5561a64b-8da5-5269-bcea-3e71f06cbe5f,KIMYA,"Alkol ve eterler için;
I. Yapılarında C, H ve O bulundurma
II. K metal ile reaksiyon verebilme
III. Yanıcı olma
özelliklerinden hangileri ortaktır?",Yalnız I,Yalnız II,I ve II,I ve III,"I, II ve III",D
a95c8bb4-c807-5745-9969-86ee84b1741b,KIMYA,"İndikatörlerle ilgili yukarıdaki ifadelerden hangileri yanlıştır?
I. $H^+$ veya $OH^-$ iyonlarıyla etkileşip renk değiştiren maddelerdir.
II. Her pH değerinde renk değiştirirler.
III. Doğal veya kimyasal yollarla elde edilirler.",Yalnız I,Yalnız II,I ve II,I ve III,"I, II ve III",B
72084bf5-a3bf-5eab-ad03-c0f51db4400f,MATEMATIK,"Aşağıda gerçel sayılar kümesi üzerinde tanımlı $f$ fonksiyonu verilmiştir. $f(x) = \begin{cases} x^2 - 3x + 10 & , x > 2 \\ x + 2 & , x \le 2 \end{cases}$ Buna göre, $\lim_{x \to 0} (f(x-2) + \lim_{x \to 4^-} f(\frac{x}{2}))$ limitinin değeri kaçtır?",10,11,12,13,14,D
891fad43-1c16-56ef-9066-6e9781f79cf6,FIZIK,"Sürtünmesiz yatay düzlemde bulunan $2m$, $m$, $m$ kütleli K, L, M cisimleri sırasıyla $F$, $2F$, $3F$ büyüklüğünde kuvvetlerin etkisinde yatayda eşit yollar alıyor. Buna göre, cisimler üzerine etki eden kuvvetlerin yaptığı işler $W_K$, $W_L$, $W_M$ arasındaki ilişki nedir?",$W_K = W_L = W_M$,$W_K = W_L > W_M$,$W_K > W_L > W_M$,$W_M > W_L > W_K$,$W_K > W_L = W_M$,D
97a9519d-f022-536a-be1f-9c7cbb225045,TURKCE,"Öykü yazmaya yeni yeni başladığım 1960 sonlarında kadın yazarlar üstüne düşünmek yaygınlaşmıştı. Kadın yazar sayısında birdenbire görülen artış sonucu olsa gerek. Farklı bir dünyadan yükselen alışılmadık sesler, okurların da eleştirmenlerin de ilgisini çekmişti. Acaba kadınların ayırıcı bir dünyaları mı vardı? Bu yeni yazarların hangileri yazdıklarının üstünde duruyorlardı?
I. Eski yazarlardan diyelim Halide Edip'in ürünleri bana iki cinsiyet arasında sıkışmış gibi görünüyordu.
II. Bu sıkışmışlık romantik, içli kız sesi konu ciddi bir mesaj vermeye geldiğinde, ""Kahraman erkek"" sesi oluyordu.
III. Günümüzde de süren bu tartışmadaki konuyla o yıllarda ben de ilgileniyordum.
Bu parçada boş bırakılan yere düşüncenin akışına göre sırasıyla getirilecek olan cümleler aşağıdakilerin hangisinde verilmiştir?",I ve II,"I, III ve II","II, I ve III",II ve I,III ve I,A
d4263309-cf1b-5e2a-9224-9a1b8536c5df,MATEMATIK,"Zeki ile Metin'in oynadığı oyun ile ilgili bilgiler aşağıda verilmiştir.
• Zeki ve Metin aralarındaki 1 metrelik mesafeyi 10 eşit parçaya bölmüşlerdir.
• Zeki her defasında eşit parçalardan ikişer tane, Metin ise her defasında eşit parçalardan birer tane ilerleyerek birbirlerine yaklaşmaktadırlar.
• Oyunda Metin 3 hamle, Zeki 2 hamle yapmıştır.
Buna göre son durumda Zeki ile Metin'in arasında kalan mesafe kaç metredir?","0,12","0,3","0,4","0,16","0,8",C
59d2098c-586f-5202-898a-f495aa601315,MATEMATIK,"Pozitif gerçek sayılar kümesi üzerinde tanımlı $f$ fonksiyonu aşağıda verilmiştir. $f(x) = x^2 - \sqrt{x} + x\sqrt{x}$ Buna göre, $f'(1)$ değeri kaçtır?",$\frac{13}{6}$,$\frac{17}{6}$,$\frac{19}{6}$,$\frac{23}{6}$,$\frac{29}{6}$,E
fea472c9-182a-557a-bd94-8c92014e484f,MATEMATIK,"$x$ ve $y$ pozitif gerçel sayılar olmak üzere küçükten büyüğe doğru sıralanmış $\log_y x$, $\log_x (\frac{y}{2})$ sayıları ardışık tam sayılardır.
Buna göre, $\log_y x$ ifadesinin değeri kaçtır?",$\frac{5}{6}$,$\frac{2}{3}$,$\frac{1}{2}$,$\frac{1}{8}$,$-1$,C
da77b1f4-6891-58a8-bd74-a8d8355a3b45,FIZIK,Parçacıklar madde parçacığı ve etkileşim parçacığı olmak üzere ikiye ayrılırlar. Buna göre; I. Leptonlar II. Fotonlar III. Kuarklar verilenlerden hangileri madde parçacığıdır?,"I, II ve III",Yalnız I,I ve III,Yalnız II,II ve III,C
78342734-909b-502a-909c-25cbaa514aaf,MATEMATIK,"$3x + ay + b = 0$ ve $-2x + y + a = 0$ denklem sisteminin çözüm kümesi sonsuz elemanlı olduğuna göre, $a + b$ toplamı kaçtır?",-28,-26,-24,-22,-20,B
6dd1c649-1a89-5821-84ee-3010c0a3dbec,EDEBIYAT,"1980'li yıllarda şiirde belirgin bir yoğunluk olmadığı için şairlerin şiir anlayışları da birbirleriyle uyum göstermemiştir. Şairler; imgeci, mitolojik, gelenekselci, toplumcu, yeni garipçi vb. olarak değerlendirilebilir.
Buna göre 1980 Sonrası Türk şiiri ile ilgili bilgilerden bazıları şöyledir:
I. Abdallık geleneğinin son büyük temsilcisi; Gönül Dağı, Zahidem, Mühür Gözlüm eserlerini yazar.
(Neşet Ertaş)
II. 1980 öncesi toplumcu şiirin izinden giden sanatçı; Şafak Türküsü, Müebbet Türküsü gibi şiirlerini Yenibütün dergisinde yayınlamıştır.
(Küçük İskender)
III. Halkın sıkıntılarını toplumcu bir bakış açısıyla anlatan sanatçı; İşte Gidiyorum Çeşm-i Siyahım, Dom Dom Kurşunu eserlerini yazar.
(Aşık Mahzuni Şerif)
IV. Şiiri, farklı kültür kavramlarıyla örülü sanatçı; Uzak Fırtına, Siyah İstanbul, Ultra-Zone'da Bulunmayan eserleriyle rini yazdı.
(Lale Müldür)
V. Hasan'a Mektuplar şiir kitabıyla tanınan sanatçı; Milönban şiiri dışında ""yergi, öfke, mücadele"" şiirleri yazdı.
(Abdurrahim Karakoç)
Numaralanmış bilgilerden hangisi yanlıştır?",I,II,III,IV,V,B
e27ac8dc-a111-5b97-9488-e71e5feae4d4,TURKCE,"Şiir, çeşitli yorumlara elverişli bir genişlik ve kapsamda olmalıdır. Bir şiirin anlamı, başka bir anlam olmaya elverişli oldukça her okuyan, ona kendi hayatının da anlamını katar ve böylece şiir, şairlerle insanlar arasında ortak bir etkilenme dili olma derecesini kazanır. En zengin, en derin ve en etkili şiir, herkesin istediği yolda anlayacağı ve bundan dolayı da sonsuz duyarlılıklardan kapsayacak bir genişlikte olandır.

Bu parçada şiirin hangi özelliği vurgulanmıştır?",Bireysellik,Toplumsallık,Kusursuzluk,Kapalılık,Özgünlük,B
d2a503c7-5c6a-573a-96a6-57b7c2899a19,MATEMATIK,"Gerçek sayılar kümesi üzerinde bir $f$ fonksiyonu, her $x$ gerçek sayısı için $n$ tam sayı olmak üzere, $f(x) = x-n$, $x \in [n, n+1)$ biçiminde tanımlanıyor. Buna göre, $f(1) + f\left(\frac{3}{4}\right) + f\left(\frac{13}{4}\right)$ toplamı kaçtır?",$\frac{1}{2}$,$\frac{2}{3}$,$\frac{7}{8}$,1,2,A
8c5ed0e3-7df6-5b0d-ab89-0ddd68a05a6b,MATEMATIK,"1 Ocak 2015'te yapılan nüfus sayımında nüfusu 810 000 olan bir şehrin, 2016'dan 2023'e kadar her sene 1 Ocak'ta nüfus sayımı yapılmıştır. 2015'ten sonra yapılan ilk dört yıldaki nüfus sayımlarının her birinde nüfus bir önceki yıla göre $\frac{1}{10}$ oranında, sonraki dört yılın her birinde ise nüfus bir önceki yıla göre $\frac{1}{11}$ oranında artmıştır. Buna göre, bu şehrin 1 Ocak 2023'te yapılan nüfus sayımında nüfusu kaç olmuştur?",$2^{20}$,$3^{13}$,$5^2$,$6^8$,$10^6$,D
3e7e0474-9efd-5963-99c5-14c8121c2bae,MATEMATIK,$4\\sqrt{2.3\\sqrt{8}}-2\\sqrt{3}.\\sqrt{27}$ işleminin sonucu kaçtır?,30,28,24,22,20,B
202254f0-f8a2-5b14-8f0e-dce4f4d2d7fd,TURKCE,"Âşık Veysel, geleneksel bir halk şairidir ve bu yönüyle de oldukça güzel ve yetkin dörtlükler söylediği aşikârdır. Kimi özellikleriyle gelenekselliğin dışına çıksa da gelenekselden uzaklaşmadığı şiirlerinde çok daha güçlü bir ses yakalamıştır. Şiirlerini yazarken çevresinin duyarlılığından sıkça yararlanmıştır. Bazı halk şairleri kentteki şiirlerden hareket ettiği, kentin değerleriyle söylediği; böylece de çevresini söz gelimi otunu, ağacını bile daha yalın kat geçtiği düşünülürse Âşık Veysel'in ne kadar doğru yaptığı ve güçlü olduğu daha iyi anlaşılır.

Bu parçada Âşık Veysel ile ilgili aşağıdakilerin hangisine değinilmemiştir?",Halk şiiri geleneğine uyduğuna,Geleneksel şiirlerinde daha güçlü dizeler olduğuna,Toplumsal değerleri biraz tekdüze anlattığına,Kültürel kalınlıklardan uzak kalmadığına,Bazı halk şairleri gibi çevresine tamamen duyarsızlaşmadığına,C
cc495848-77e1-5cb0-8c73-bf35171912e5,KIMYA,"Zayıf bir asit olan HA'nın 25°C'de sulu çözeltisinin pH değeri 8'dir. Bu çözeltinin 200 mL'sini tam nötrleştirmek için 0,02 mol NaOH katısı gerektiğine göre, HA asidinin 25°C'deki $\text{K}_a$ değeri kaçtır?",$1 \cdot 10^{-9}$,$1 \cdot 10^{-10}$,$1 \cdot 10^{-11}$,$1 \cdot 10^{-12}$,$1 \cdot 10^{-13}$,B
101ee924-b642-54e6-be8e-bb0c36efb32f,EDEBIYAT,Aşağıdaki açıklamalardan hangisi ayraç içinde verilen sanatçıyla uyuşmamaktadır?,"Dirençle hüznü, bireysellikle toplumsalı şiirlerinde eşit düzeyde yer alan şairin şiirleri; yaşamın bütünsel- liğine açılan bir penceredir. Kül ve Kül şairin geniş çevrelerce tanındığı eseridir. (Ahmet Telli)","Sanatçının anlattıkları bir yaşantısının duygu dö- kümüdür. Şiir ne umut kırıcı ne de umut vericidir. Onun şiirleri sadece bir ""hikâye""dir. Sanatçı, şiir- lerini romantizmle bir hesaplaşmaya girişmiş gibi kurgular. Delikler eserleri ile tanınmıştır. (Birhan Keskin)","Kelimelere zengin anlamlar yüklemesi ve hikmetli söyleyişe gösterdiği özen, sanatçının geleneği iyi özümsemesinden kaynaklanır. Şiirlerinde sözgelişi; benzer durumlar, olgular ve ""an""lar üzerinde yoğun- laşır. Karşılığını Bulamamış Sorular eseriyle tanın- mıştır. (İhsan Deniz)","Dil bir duyarlılık işidir, diyen şairin şiirlerinde ""çok katmanlılık"", ""derin anlamlılık""a pek çok dizede rastlanır. Şair, Eski 45'likler eseriyle geniş çevreler- ce tanınır. (Murathan Mungan)","Birbirine sıkı örgülerle örülmüş imgelerle şiirini ku- ran, kimi zaman düşsel resimler çizen; kokuları du- yuran, nesneleri çağrıştıran şair; imgeler, uyak bol- luğu, sesin ve ritmin yardımıyla şiirlerinde ahenkli bir birlik oluşturmuştur. Şair, Ağustos Dehlizleri eserleriyle tanınmıştır. (Tuğrul Tanyol)",A
f341fd2f-31a7-56b7-9948-ab9646fa2a0e,KIMYA,$25^{\circ}C$'de pOH değeri 2 olan 1 litrelik KOH çözeltisi hazırlamak için kaç gram KOH kullanılmalıdır? (KOH: 56),"0,56","5,6","11,2",28,56,B
ea963cab-0492-5282-b153-966e53ed2da1,MATEMATIK,"Defne, satın aldığı kalem, silgi ve çantaya ödediği ücretlerle ilgili olarak aşağıdaki bilgileri paylaşıyor: Çantaya, elindeki paranın yarısından 2 TL fazlasını verdi. Kaleme, elinde kalan paranın yarısından 1 TL eksiğini verdi. Silgiye, elinde kalan paranın üçte birinden 2 TL fazlasını verdi. Bu alışverişten sonra Defne'nin elinde 10 TL'si kaldığına göre, çantayı kaç TL'ye almıştır?",16,24,38,52,60,C
3e12299b-d831-547d-a523-c3fc85e3e356,GEOMETRI,"Öğretmenlerinin sorduğu ""Paralel iki doğru üzerinde ikişer nokta alıyorum ve bu noktaları doğrusal olarak birleştiriyorum. Çizdiğim şekil dörtgen olduğuna göre, bu şekil nedir?"" sorusuna Mehmet: Her zaman yamuk olur. Eda: Paralelkenar olabilir. Esra: Dik yamuk değilse ikizkenar yamuk olur. Hüma: Her zaman dikdörtgen olur. cevabını veriyor. Buna göre, aşağıdaki öğrencilerden hangileri doğru cevabı vermiştir?",Yalnız Mehmet,Eda ve Hüma,Mehmet ve Eda,Eda ve Esra,Yalnız Esra,C
3b8047b4-0cd2-5be3-a594-6908640fd31b,MATEMATIK,"$[BA] \perp [AE]$, $[BD] \cap [AE] = \{C\}$ $[BC] = [CE] = 13$ birim, $[AB] = 5$ birim, $[CD] = 7$ birim Buna göre, $|DE| = x$ kaç birimdir?",12,13,14,15,16,D
f0cad4ba-68cf-5767-b97f-3e7e4dead277,FIZIK,"Ahmet, Belgin ve Sedat, fiziksel varlıkların özelliklerinden bazılarının ölçülebilir, bazılarının da duyular aracılığı ile tanımlanabilir olması konusunda aşağıdaki yargılarda bulunuyorlar.

• Ahmet: Bir nesnenin rengi fiziksel özelliktir ancak rengin fiziksel büyüklüğünü tanımlayamayız.
• Belgin: Bir cismin renkli görünmesine neden olan ışığın frekansı ölçülebilir bir fiziksel büyüklüktür.
• Sedat: Bir nesneye bakarak rengini söylemek nitel gözlem, yansıttığı ışığın frekansını ölçmek nicel gözlemdir.

Buna göre öğrencilerden hangilerinin yargıları doğrudur?",Yalnız Ahmet,Ahmet ve Belgin,Ahmet ve Sedat,Belgin ve Sedat,"Ahmet, Belgin ve Sedat",D
84c0489a-8b4e-5340-8a24-b3578e14bbcd,MATEMATIK,"$-4 < x < 5$
$-2 \le y \le 3$
olmak üzere, $x^2 + y^2$ ifadesinin alabileceği değerler hangi aralıktadır?","$[1, 27)$","$[1, 50)$","$[1, 52]$","$(-8, 50)$","$(-8, 52]$",C
6a5af5af-da73-5a0e-9df0-2dd3835f86bf,MATEMATIK,$\frac{7}{\sqrt[x]{x}} - \frac{10}{\sqrt[x]{x}} = 1$ denklemini sağlayan $x$ değerlerinin çarpımı aşağıdakilerden hangisidir?,$10^4$,$10^5$,$20^4$,$20^5$,$40^4$,A
549bc07e-ca71-5f12-bb1d-5bd3d5d06252,TARIH,XIX. yüzyılda Osmanlı Devleti'nde Balkan isyanlarının artmasının nedenleri arasında aşağıdakilerden hangisi yer almaz?,Rusya'nın Panslavizm politikası,Osmanlı ve Rus savaşlarının sürekli Balkanlarda çıkması,Avrupalı devletlerin kışkırtmaları,Fransız İhtilali ile yayılan milliyetçilik akımı,Osmanlı Devleti'nin azınlıklara siyasi temsil hakkı tanıması,E
240cda7b-df53-5c9f-a3c0-1849580ecef1,EDEBIYAT,"""Halide Edip Adıvar, Refik Halit Karay, Ahmet Hikmet Müftüoğlu, Halide Nusret Zorlutuna"" adlı yazarlarla ilgili, I. Eserlerinde, kadın duyarlılığıyla, Türk kültür ve tarihini yansıtmışlardır. II. Türkiye dışındaki Türklerin hayatını ve kültürünü anlatan ilk romanları kaleme almışlardır. III. Milli Edebiyat Dönemi'nde roman yazmışlardır. IV. ""Sade dil"" anlayışı ve ""realizm"" etkisiyle eser vermişlerdir. V. Anadolu halkının sosyal-ekonomik durumunu yansıtan romanlar yazmışlardır. yargılarından hangileri ortaktır?",I ve II,II ve III,III ve IV,III ve V,IV ve V,C
1298a53e-428f-5d4f-bb9b-80da167ce4d4,BIYOLOJI,"Organik molekülleri etil alkol ya da laktik aside kadar parçalayarak enerji elde edilmesi olayı fermantasyon olarak adlandırılır. Bu yöntemle ATP üretilmesi ile ilgili olarak, aşağıda verilenlerden hangisi yanlıştır?",Reaksiyonlar sonunda her zaman sadece organik atık ürünler meydana gelir.,"Bu yöntemle üretilen ATP sayısının az olması, enerjinin büyük kısmının organik son ürünlerin yapısında kalmasından kaynaklanır.","Sadece, sitoplazmadaki enzimler kullanılarak gerçekleşir.","Glikolizden sonraki reaksiyonlardaki farklılığın nedeni, görev yapan enzim sistemlerinin farklılığıdır.","Oksijenli solunuma oranla, aynı molekülden çok daha az sayıda enerji üretimi yapılır.",A
b733530a-6313-54d8-a7cd-a49fc20ab868,MATEMATIK,"Üç gün boyunca çözdüğü soru sayısını hesaplayan Burcu, çözdüğü soru sayısının 1400 olduğunu hesaplamıştır.
• İlk iki gün çözdüğü soru sayısı son iki gün çözdüğü soru sayısına eşit olduğu,
• İkinci gün birinci günden 32 tane soru fazla çözdüğü bilinmektedir.
Buna göre Burcu, üçüncü gün kaç adet soru çözmüştür?",404,424,456,502,526,C
e8b30126-9abe-52e1-8c1c-08544fd3d02b,TURKCE,"Amerikalı yazar Harper Lee'nin ilk romanı olan Bülbülü Öldürmek, büyüleyici (çok etkileyici) anlatımı ve orijinal olay örgüsü ile tüm dünyada yankı uyandırmaya (eleştirmeye) devam ediyor. 1960 yılında yayımlanan ve Amerika'da süregelen (devam eden) ırkçılık kavramının işlendiği roman, bunu küçük bir kızın yaşam öyküsü ile harmanlıyor. Amerika'nın geçmişine ışık tutan (tarihini gerçekçi biçimde yansıtan) eser, toplumdaki sosyal ve kültürel farkları incelemesi ile de önemli bir rol üstleniyor. Toplumdaki eşitsizliğin anlatıldığı eser; haksızlık, adalet, sevgi, merhamet, arkadaşlık, dostluk ve yardımlaşma gibi temaları barındırıyor (içeriyor).
Bu parçada numaralanmış sözlerden hangisi ayraç içinde verilen anlamıyla uyuşmamaktadır?",I,II,III,IV,V,B
e823a85b-b1a3-5d3d-9a51-01f65e538bc9,TURKCE,"(I) Kamerasız fotoğraf tekniği, fotoğraf makinesi kullanmadan ışığa duyarlı bir yüzey üzerinde görüntülü elde etme yöntemidir. (II) Kamerasız fotoğraf, karanlık odada ışığın dizör ışığında veya gün ışığı kullanılarak yapılır. (III) Kamerasız fotoğraf yapımı, kimyasallı yüzeyler üzerinde test etmek amacı ile başlamıştır. (IV) William Henry Fox Talbot, 1834 yılında fotojenik çizimler adını verdiği denemelerde fotoğrafın ilk örneklerini vermiştir. (V) Fotoğrafın 19. yüzyıl boyunca bitkilerin tipolojisini yapmak için kullanılmıştır.
Bu parçadaki numaralanmış cümlelerden hangisi birleşik yapılı isim cümlesidir?",I,II,III,IV,V,A
d734680f-b7a3-57be-be08-3ed8923f5128,MATEMATIK,"İşçi sayısının 84 olduğu bir fabrikada sabah, akşam ve gece olmak üzere üç farklı vardiya uygulanmaktadır.
Bu fabrikada gece vardiyasındaki 7 işçi sabah vardiyasına, 3 işçi akşam vardiyasına geçerse akşam vardiyasındaki işçi sayısı; sabah vardiyasındaki işçi sayısının 2 katı, gece vardiyasındaki işçi sayısının 4 katı oluyor.
Buna göre, ilk durumda akşam vardiyasındaki kaç işçi sabah vardiyasına geçerse bu iki vardiyadaki işçi sayıları birbirine eşit olur?",12,13,14,15,16,C
5e834ebc-13a6-5e61-9b23-188654674dca,MATEMATIK,"$n$ pozitif bir tam sayı olmak üzere, başkatsayısı $1$ olan üçüncü dereceden bir $P(x)$ polinomu orijinden geçmektedir. $P'(n-2) = P'(2n+8) = 0$ olup $P(x)$ polinomunun $3$ farklı reel kökü vardır. Buna göre, $P(x)$ polinomu ile ilgili I. $[-4, 4]$ aralığında azalandır. II. $x = -4$ apsisli noktada yerel maksimum değeri vardır. III. $P(2) \cdot P(-2) > 0$ dır. ifadelerinden hangileri doğrudur?",Yalnız I,Yalnız II,I ve II,I ve III,"I, II ve III",B
64a8aad6-77bd-5d07-bb42-b6dd55b3530e,FIZIK,"Lazer ışınlarının elde edilişi sırasında atomda; I. uyarılma, II. foton yayılması (yayınlama), III. füzyon olaylarından hangileri gerçekleşir?",Yalnız II,Yalnız III,I ve II,I ve III,II ve III,C
c6c0828e-a15c-56ee-b28a-29635531b58f,MATEMATIK,"İşleminin sonucu kaçtır?
$$\frac{0,008 - 0,001}{0,04 + 0,01 + 0,02}$$",$\frac{1}{2}$,$\frac{2}{5}$,$\frac{3}{10}$,$\frac{1}{5}$,$\frac{1}{10}$,E
b02af698-f8cf-57e3-bb92-c03b9670278b,KIMYA,"3. periyot elementleri olan X ve Y'nin Lewis yapıları $X\cdot$ ve $:\underset{\cdot\cdot}{Y}:\cdot\cdot$ şeklindedir. Buna göre, I. X'in atom numarası 12'dir. II. Y, 7A grubu ametalidir. III. X ve Y'nin atom numaraları toplamı 12'dir. yargılarından hangileri doğrudur?",Yalnız I,Yalnız II,I ve II,I ve III,"I, II ve III",B
087cc682-6625-5a99-bf5c-656be1d79dec,MATEMATIK,"$a, b$ ve $c$ birbirinden farklı gerçel sayılar olmak üzere;
• $a^2+b^2=2\cdot a+3\cdot b$
• $c^2-a^2=3\cdot c+2\cdot a$
• $b^2+c^2=3\cdot b+2\cdot c$
olimits
olimitseşitlikleri sağlanmaktadır.
Buna göre, $\frac{b+c}{a}$ oranı kaçtır?",1,"1,5",2,"2,5",3,D
d8d8c218-16c3-5f73-bb54-d7793d3616fb,MATEMATIK,"Alış fiyatı $x$ TL olan bir ürünün satışı için iki farklı fiyat önerisi sunulmuştur. 1. öneri: $(x^2+5x)$ TL 2. öneri: $(3x+120)$ TL 1. öneri, 2. öneriden daha kârlı olduğuna göre, $x$'in alabileceği en küçük pozitif tam sayı değeri kaçtır?",10,11,12,13,15,B
bee1eca4-817d-5abb-a714-39ba20aa565c,MATEMATIK,$(a_n) = \frac{(5n+2)}{(n+5)}$ dizisinin $\frac{27}{10}$ dan sonra gelen ilk terimi kaçtır?,\frac{32}{11},\frac{31}{10},\frac{33}{13},\frac{34}{15},\frac{35}{16},A
6a57697f-cd04-5b68-a500-f74665190b84,KIMYA,$2C + O_2 \rightarrow 2CO$ denklemine göre $3$ mol $C$ ve $4$ mol $O_2$'nin tam verimle tepkimesinden kaç mol $CO$ oluşur?,3,4,6,8,9,A
c9fe4c52-f747-50fc-a7bd-e6be603bba42,GEOMETRI,"Şekil 1 de dik koordinat düzlemindeki M merkezli çemberin üzerindeki A, B ve C noktaları birbirine eşit uzaklıkta olup $A(3, 6)$ dır. Çember saat yönünde merkezi etrafında $90^\circ$ döndürülünce Şekil 2 elde ediliyor.
Şekil 1 de çemberin x eksenine en uzak noktası A noktasıdır.
Şekil 2 deki $C'$ noktasının apsisi 2 olduğuna göre, B noktasının koordinatları aşağıdakilerden hangisidir?","$(4, 4-\sqrt{3})$","$(4, 3+\sqrt{3})$","$(3+\sqrt{3}, 3)$","$(4, 2+2\sqrt{3})$","$(2+2\sqrt{3}, 3)$",A
03351417-9fcc-5a19-83a6-6dc2b9613b2c,MATEMATIK,"$y = \log_a x$, $y = \log_b x$, $y = \log_c x$ fonksiyon grafikleri veriliyor. Buna göre, I. $a \cdot c < 0$ II. $b > a > c$ III. $|b-a| - |a-c| - |c-b| = 0$ ifadelerinden hangileri doğrudur?",Yalnız I,Yalnız II,I ve II,I ve III,II ve III,E
1ec2a744-1d5a-5a13-84b1-f57e06f147ee,MATEMATIK,$(\sqrt{180}-\sqrt{5})\cdot\sqrt{20}+\sqrt{45}$ işleminin sonucu kaçtır?,$\sqrt{2}$,2,$\sqrt{5}$,$\sqrt{10}$,5,E
64d4f7c8-7212-5474-91e3-11486f09e52e,MATEMATIK,Eşitsizliğini sağlayan kaç tam sayı vardır? $\frac{(x-4)^2 \cdot (x-6)^2}{(x+2)} < 0$,4,5,8,6,7,B
ee73a58d-5a29-5ec5-8594-47950ecdff32,MATEMATIK,"Birlikte tatile çıkan Bilal ve Özgür'ün eşit miktarda parası vardır. İlk gün, Bilal ve Özgür'ün her ikisi de 1 TL para harcamıştır. Bilal ilk günden sonraki her gün, hemen önceki günden 1 TL fazla para harcamış, Özgür ise ilk günden sonraki her gün, hemen önceki günden 2 TL fazla para harcamıştır.
Bilal'in $n$. günün sonuna kadar harcadığı toplam para, Özgür'ün sadece $(n+18)$. gün harcadığı paradan fazladır.
Buna göre, $n$'nin en küçük pozitif tam sayı değerinin rakamları toplamı kaçtır?",1,2,3,4,5,A
a72f52e9-9075-5d33-9d53-daf8cf669f4b,EDEBIYAT,"Defne: Hakiki şiir, beyaz bir kâğıda bilinçaltı otomatizmiyle birçok duygu ve hayal yüklenmek gibidir. Bu anlayıştaki şairler, geleneğin kurallı yapısından sıyrılarak kendilerine özgü bir dil ve anlatım geliştirmeyi başarır.

Çınar: Haklısın! Halk edebiyatından uzaklaşmak isteyen bu şairler; gelenekle birlikte folklorik unsurlara da kapılarını kapar.

Defne: Ayrıca onlar popüler meselelerden uzak durarak daha çok kültürel donanıma sahip kişilerin zevkine hitap etmeyi amaçlamışlardır.

Bu diyalogda söz edilen görüşlerin tümünü benimseyen edebî topluluk aşağıdakilerden hangisidir?",İkinci Yeni,Beş Hececiler,Yedi Meşaleciler,Garip,Hisar,A
deeb7c47-7241-5e14-8856-97f90b0fa33c,MATEMATIK,İki eksiğinin yarısı 7'den büyük olan en küçük iki tam sayının toplamı kaçtır?,29,31,33,35,23,D
da4676dc-c946-5d71-814d-3d9cef88e338,KIMYA,Aşağıdaki olaylardan hangisinde enerji değişiminin değeri sıfırdan küçük olur?,$N_{(g)} \rightarrow N^{+}_{(g)} + e^{-}$,$N_{2(g)} + O_{2(g)} \rightarrow 2NO_{(g)}$,$Mg_{(g)} \rightarrow Mg^{2+}_{(g)} + 2e^{-}$,$H_{2}O_{(g)} \rightarrow H_{2(g)} + \frac{1}{2}O_{2(g)}$,$HCl_{(suda)} + NaOH_{(suda)} \rightarrow NaCl_{(suda)} + H_{2}O_{(s)}$,E
a8148f38-1e66-5bbb-9246-e65510aa54e9,MATEMATIK,"$a = \sin 10^\circ + \sin 80^\circ$
$b = \sin 20^\circ + \sin 70^\circ$
$c = \sin 30^\circ + \sin 60^\circ$
olduğunu göre, aşağıdakilerden hangisi doğrudur?",$a > b > c$,$a > c > b$,$c > b > a$,$c > a > b$,$b > a > c$,A
1e5c8a07-379d-58c1-aaba-581de8f3efab,MATEMATIK,"$a$ bir gerçel sayı olmak üzere, gerçel sayılar kümesi üzerinde bir $f$ fonksiyonu $f(x) = (x-2) \cdot (x^2-ax+9)$ biçiminde tanımlanıyor. $f(x) > 0$ eşitsizliğinin çözüm kümesi $(2, \infty)$ olduğu biliniyor. Buna göre, $a$'nın en geniş değer aralığı aşağıdakilerden hangisidir?","$[-6, 6]$","$(-6, 6)$","$(-3, 9)$","$(-10, 5)$","$[5, 10]$",A
9c9e2ffd-904e-5a8b-9d7c-aa0fbb93619a,MATEMATIK,"Bir kursta yalnızca A, B, C ve D sınıfları olup bu sınıfların öğrenci sayıları birbirine eşittir.
• Kurstaki öğrencilerin 30'u erkektir.
• A sınıfındaki öğrencilerin $\frac{2}{3}$'ü erkektir.
• B, C ve D sınıflarındaki kız öğrencilerin toplam sayısı 2 basamaklı doğal sayıdır.
Buna göre, kurstaki öğrenci sayısı en fazla kaçtır?",130,132,134,136,138,B
41283164-1a5e-5085-b871-b75ded01e3eb,MATEMATIK,$\log_{(a-1)}(9-a^2)$ ifadesi a'nın kaç farklı tam sayı değeri için bir gerçek sayıdır?,1,2,3,4,5,A
4111944e-2f65-5112-8ef0-603900759670,KIMYA,"Tampon çözeltilerin pH direnci tamponu oluşturan maddelerin miktarına bağlıdır.
II. $NH_3/NH_4Cl$ bazik tampona örnek olarak verilebilir.
III. Tampon çözeltilerde pH değişimi ihmal edilecek kadar azdır.
IV. Bir zayıf asit ve onun tuzunun karışımı asidik tampondur.
Yukarıdaki ifadeler doğru (D) veya yanlış (Y) olarak I, II, III ve IV sırasına göre hatasız işaretlendiğinde aşağıdakilerden hangisi doğru olur?","D, D, D, D","D, D, Y, Y","D, Y, D, D","Y, D, Y, D","D, Y, D, Y",A
deaa9d15-5b53-5375-a9c0-88532f0be841,GEOMETRI,"Analitik düzlemde verilen $(m+2)x^2+(m-n+4)xy+(8-n)y^2-x+2y-1=0$ denklemi gerçek çember belirttiğine göre, $\frac{m}{n}$ oranı kaçtır?",$\frac{1}{5}$,$\frac{1}{4}$,$\frac{2}{3}$,$\frac{3}{2}$,5,A
2ae6b8db-5d48-596b-b220-718960e7c9f2,MATEMATIK,"$x$ ve $y$ birer doğal sayıdır. $x^2-y^2=11$ olmak üzere, $x^2+y^2$ toplamı kaçtır?",31,41,51,61,71,D
c1930d7b-bd4f-5662-8ddc-8a52d30b2477,TURKCE,"Divanıhümayun, Osmanlı İmparatorluğu'nda, padişah sarayında toplanan ve şimdiki bakanlar kurulu gibi memleketin önemi işlerini gören, bu arada müracaat dilekçelerini de kabul ederek bir çeşit yüksek mahkeme vazifesi yapan kurumdur. Devletin ilk zamanlarında dört işten biriyle doğrudan doğruya padişahlar tarafından ya da sadrazamlar tarafından görülürdü. İstanbul'un alınmasından sonra devlet işlerinin çoğalması, böyle bir divanın kurulmasını gerekli kılmıştır. Divanıhümayun'da imparatorluğa ait siyasi, idari, askerî, örfi, adli ve mali işler, şikâyet ve davalar görüşülüp ilgili taraflarından tetkik edildikten sonra bir karara bağlanırdı.
Bu parçaya göre Divanıhümayun hangi gerekçeyle kurulmuştur?",Devlet içinde adaleti sağlamak,Farklı milletler arasında adaleti sağlamak,"Artan devlet işlerini, görev dağılımı ile sistemleştirmek",Devlet yönetiminde padişahın ağırlığını azaltmak,Çoğalan nüfusun her kademede temsil edilmesini sağlamak,C
6607728d-bb0f-5645-88f4-ea32e2781304,MATEMATIK,"Bir lastik çekildiğinde uzunluğu %25 artmaktadır. Lastiğin çekilmiş haldeki boyu $\log_{1/2}125$ olduğuna göre, gerçek boyu kaç metredir?",3,4,6,8,10,D
a4cefdfb-da7b-501f-859d-b6c87588fb97,TURKCE,"İlk olarak Arz-ı Hal adlı şiir kitabını çıkardı. Yıl 1949'du. O kitaptaki bir şiirin adı Yalaguz idi. ""Yalaguz"", ""yalnız"" kelimesinin 19. yüzyıldaki karşılığı idi. Bu kelimeyi, edebiyat çevreleri ona çok yakıştırdılar ve Turgut Uyar'a ""Yalaguz Şair"" adını verdiler. ""Yalaguz"" kelimesi de Turgut Uyar da bu çağda tutunamamıştı. Turgut Uyar, şiirlerinde ""kalabalıklar içinde yalnız olma"" duygusunu bir ana tema yani ilek yaptı. Kenteşin sürecinin bireyin iç dünyasındaki yalnızlaştırıcı etkisini çıkış noktası yaptı. İlk şiirlerinde Orhan Veli'nin, sonrakilerde II. Yeni'nin söyleyiş biçimlerini ve yer yer de divan ve halk şair biçimlerini birbirine açtı ama şiirleri daima içindeki yalnızlık kaynağından fışkırdı.
Bu parçada Turgut Uyar'la ilgili vurgulanmak istenen aşağıdakilerden hangisidir?",Biçim ve içerik açısından sürekli olarak arayış içinde olduğu,Döneminin modern şiir anlayışlarından beslenerek bunları gelenekle birleştirdiği,Biçim ve söyleyiş açısından değişen şiirlerinde içerik olarak bir değişmezlik olduğu,Yalnızlığın anlatımında yakaladığı başarıyla modern şiirin kurucusu olduğu,Uzun süren şairlik yaşamı boyunca öncü bir şair olarak örnek alındığı,C
2a22f90d-7bf0-5e15-bf0d-5e13c7a72e3e,MATEMATIK,"$P(x)$ ve $Q(x)$ polinomları için, $\frac{Q(x+1)}{P(x)}=3x^2-4$ eşitliği veriliyor. $Q(x+2)$ polinomunun sabit terimi 5 olduğuna göre, $P(x)$ polinomunun katsayılar toplamı kaçtır?",-5,5,-3,3,2,A
e01f48eb-d5f2-5d38-bf29-182048961509,MATEMATIK,"$f(x) = \frac{x^3}{3} - x^2 - 8$ parabolünün üzerindeki her noktanın, koordinatlar çarpımının değerini veren fonksiyon $g$'dir. Buna göre, I. $g$ fonksiyonu $[-2, 4]$ aralığında azalandır. II. $g$ fonksiyonunun $2$ tane ekstremumu vardır. III. $g$ fonksiyonunun yerel maksimum değeri $10$'dur. ifadelerinden hangileri kesinlikle doğrudur?",Yalnız I,Yalnız II,I ve II,I ve III,"I, II ve III",C
87b7034a-c55d-56bc-88e1-2212afd0a245,MATEMATIK,"Yukarıda marangoz Mehmet Bey'in duvara monte edilebilir raflar için kullandığı malzemeler ve maliyet fiyatları verilmiştir. Mehmet Bey her bir raf için iki metal ayak ve her bir metal ayak için ikişer duvara montaj tahtaya olmak üzere üç vida kullanmaktadır. Akif Bey, marangoz Mehmet Bey'den aşağıdaki gibi dörtlü bir raf yap-masını istiyor.
Ahmet Bey bu iş için marangoz Mehmet Bey'e üc-ret olarak 120 TL ödediğine göre, Mehmet Bey'in malzeme maliyetine göre kârı yüzde kaçtır?",15,20,25,30,35,C
e574cf10-5da3-51ed-aa36-4c0cc22f8b98,MATEMATIK,"Üçüncü dereceden gerçel katsayılı $P(x)$ polinomunun sıfırları $-2$, $-1$ ve $3$'tür. $P(x)$ polinomunun sabit terimi $-18$ olduğuna göre, katsayılar toplamı kaçtır?",-40,-36,-24,-12,-9,B
afa98e82-b6fa-591b-8bbf-c4bca1fa87da,MATEMATIK,"$\frac{a}{2} = \frac{b}{3} = 4$ ve $a-3b=9$ denklem sistemine göre, $b$ değeri kaçtır?",$\frac{2}{3}$,$\frac{1}{3}$,1,$\frac{5}{3}$,$\frac{11}{9}$,A
6e3659d6-15fa-56a9-97d5-d23d381f35bc,MATEMATIK,İşleminin sonucu kaçtır? $\frac{\frac{6}{5}}{\frac{2}{9}:\frac{15}{2}}$,$\frac{2}{15}$,$\frac{3}{5}$,$\frac{1}{3}$,$\frac{1}{2}$,1,E
24d74c5c-5d54-5f36-959f-bf0d689ff8ab,MATEMATIK,"$a$ irrasyonel ve $a^2$ tam sayı olmak üzere, $\frac{8}{a^2}$ ifadesi tam sayı olduğuna göre, $a$ kaç farklı değer alabilir?",1,2,4,6,8,C
6b3e426d-6da1-5c7f-b610-90c27f0de492,FIZIK,"Aşağıdakilerden hangisi, noktasal iki yüklü cisim arasındaki elektriksel potansiyel enerji için doğru bir tanımlamadır?",Aynı cins yüklü iki cisim birbirine yaklaştırılırsa sistemin elektriksel potansiyel enerjisi azalır.,Farklı cins yüklü iki cisim birbirinden uzaklaştırılırsa sistemin potansiyel enerjisi azalır.,Aynı cins yüklü iki cisim birbirine sabit hızla yaklaştırılırsa elektriksel kuvvet pozitif iş yapar.,Farklı cins yüklü iki cisim birbirine sabit hızla yaklaştırılırsa elektriksel kuvvet pozitif iş yapar.,Farklı cins yüklü iki cisim birbirinden sabit hızla uzaklaştırılırsa dış kuvvet negatif iş yapar.,B
fc82088d-81bf-5b96-8b04-db19d5f5456c,EDEBIYAT,"Selim: — (Diz çökmek isteyen Mahmut'u önler.) İyi bir hükümdar olamadım, fakat çok iyi bir varis bırakıyorum ardımda. Kardeşin tahtı varisi kalmak isteyecekti. Alemdar Paşa kapıyı kırıncaya dek kaybet izini. Sonsuza dek bilmem istemiyorlar, git! Padişahın buyruğudur; terk et burayı!
(Mahmut çıkar. Selim, oturup ney çalmaya başlar: özlem dolu ezgiler. Kalabalık dalıkır gider. Selim'i o hâlde görüp duraklayıp birbirlerine bakarlar; derken önce ürkek, sonra kararlı, atılırlar üstüne. Selim, kendini neyle savunarak ölür. Ney sesi kesik çığlıklarla yükselirken...)
İçerik ve üslup özelliklerinden hareketle, bir parçası verilen eserin, aşağıdaki yazarlardan hangisine ait olduğu söylenebilir?",Turan Oflazoğlu,Recep Bilginer,Aka Gündüz,Reşat Nuri Güntekin,Ahmet Muhip Dıranas,A
e2cbc954-d785-59cf-8e4a-ad619360644c,MATEMATIK,"Türevi $f'(x) = 3x^2$ olan $f$ fonksiyonunun $x = a$ ($a > 0$) noktasındaki teğeti $y = 12x + 14 = 0$ doğrusu olduğuna göre, $f(1)$ değeri kaçtır?",-2,0,1,3,5,E
387fc97d-597f-565e-b534-4246b9f39e71,MATEMATIK,"$(a_n) = \left( \frac{15+(p+2)n}{3n-5} \right)$ dizisinin bütün terimleri tam sayı olduğuna göre, dizinin ilk 10 teriminin toplamı kaçtır?",-7,-11,-27,-30,-33,E
a64a50e6-94b2-5673-aa5d-9b2375392174,MATEMATIK,"a sıfırdan farklı bir gerçek sayı olmak üzere $f$ fonksiyonu $f(x) = a \cdot x^4$ biçiminde tanımlıdır. $f'(2) = 2 \cdot f(2)$ olduğuna göre, $f'(-1)$ kaçtır?",-64,-32,-16,-8,-4,D
b632e500-5090-5d2f-9d29-30aa8c939e24,MATEMATIK,"$0 \le x < 2\pi$ olmak üzere, $\cos^2 x = 2\sin x$ eşitliğini sağlayan farklı $x$ değerlerinin toplamı kaçtır?",$\pi$,$\frac{3\pi}{2}$,$2\pi$,$\frac{5\pi}{2}$,$\frac{7\pi}{2}$,A
052ac99b-0ebe-54fe-85c8-672a7f7e5419,TURKCE,"(I) Okula başladığım ilk yıl öğretmenler, zekâ sorunum olduğunu düşünmüşler çünkü diğer çocukların çok gerisinde kalıyormuşum. (II) Sonra yavaş yavaş adapte olmaya başlamışım. (III) Şimdi o günleri ve öğretmenlerin tutumunu daha iyi anlıyorum. (IV) Öğretmenler; devamlı benimle ilgilenmeye, dersleri benimle işlemeye başladılar. (V) Artık okula çok istekli bir şekilde devam ediyordum.
Bu parçadaki cümlelerle ilgili aşağıdakilerden hangisi yanlıştır?","I. cümle, yapısına göre bağlı bir cümledir.","II. cümle, yapısına göre birleşik bir cümledir.",III. cümlede kendi türünden bir sözcüğü derecelendiren üstünlük zarfı vardır.,"IV. cümlenin yüklemi, basit yapılıdır.","V. cümle, basit yapılı bir cümledir.",A
74a52e94-d1f2-5627-a580-5bc8954d8872,MATEMATIK,"$120$ soruluk bir sınavda $4$ yanlış cevap $1$ doğru cevabı götürmektedir. Bu sınava giren bir öğrenci $4$ soruyu boş bırakmış, $12$ soruyu yanlış cevaplandırmıştır.
Buna göre, öğrencinin bu sınavda kalan net soru sayısı kaçtır?",101,102,103,104,105,C
e90ced88-762e-561f-886c-ba16e00c341e,KIMYA,"$C_2H_4$ formülüne sahip bazı bileşikler için bilgiler verilmiştir.
Buna göre verilen bilgilerden hangileri doğrudur?",Yalnız I,I ve II,I ve III,II ve III,"I, II ve III",E
d0670310-112e-5d47-8582-16aac49d2f4f,MATEMATIK,"$A = \cos(10^\circ) \cdot \cos(20^\circ) \cdot \cos(40^\circ)$ ve $B = \sin(5^\circ) \cdot \cos(5^\circ)$. Buna göre, $A \cdot B$ çarpımının eşiti aşağıdakilerden hangisidir?",$\frac{\cos(20^\circ)}{8}$,$\frac{\sin(80^\circ)}{4}$,$\frac{\cos(40^\circ)}{2}$,$\frac{\sin(80^\circ)}{2}$,$\frac{\sin(80^\circ)}{16}$,E
f68b745c-4852-5887-bb0a-b824d7095aa9,MATEMATIK,$ \frac{2^{x+1}-6^{x}+1}{1-3^{-x} \cdot 6^{-2x} \cdot 3^{x}} = 16^{x-2} $ eşitliğini sağlayan $x$ gerçel sayısı kaçtır?,-2,-1,1,3,4,D
392377a9-0263-5de5-b1a5-131617ae6c2d,MATEMATIK,"$x$, $y$ ve $z$ ardışık çift doğal sayılar ve $x < y < z$ dir. Buna göre, $(x-z)+(y-x)^2+(y-z)^3$ toplamının değeri kaçtır?",4,2,-2,-4,-8,E
2af50da2-13d9-5b6e-8ee9-710593bcd76a,MATEMATIK,"Aşağıdaki dik koordinat düzleminde, $y = f(x)$ fonksiyonunun grafiği verilmiştir.
Buna göre,
$f(x) \cdot f'(x) > 0$
eşitsizliğini sağlayan $x$ tam sayıları kaç tanedir?",4,5,6,7,8,B
5bd45dad-79d4-5118-b5a7-49813c4aeb42,MATEMATIK,"$A = (-5) \cdot 4 \cdot (-3) \cdot (-1)$
$B = (-2) \cdot (10) \cdot 6$
eşitlikleri veriliyor.
Buna göre, $\frac{A}{B}$ ifadesinin eşiti kaçtır?",1,2,-1,-2,-3,C
75bfdfb6-2af5-5777-bc8e-bb7692fd9ca2,FIZIK,"Sabit derinlikli bir dalga leğeninde aynı fazda çalıştırılan özdeş iki noktasal kaynak saniyede 3 dalga üretmektedir.
2. dalga katarı üzerindeki bir noktanın kaynaklara olan yol farkı 8 cm ise dalgaların yayılma hızı kaç cm/s'dir?",3,6,9,12,15,D
f246c7f8-e745-5be0-a7ed-e5610e3cee72,KIMYA,Metaller ile ilgili aşağıda verilen seçeneklerden hangisi yanlıştır?,Isı ve elektriği iletirler.,Oda koşullarında cıva hariç katıdırlar.,Serbest halde tek atomludurlar.,Kendi aralarında bileşik oluşturmazlar.,Bileşiklerinde negatif değerlikli olabilirler.,D
fba80dc2-2758-5ebe-90f2-939bcdb1a72d,TURKCE,"Bergson'a göre ""Bellek bazı deneyimlerin, bilincimizin bir parçası hâline gelmesidir."" Ancak burada söz konusu bü- tüncül, tek bir bellek değildir. Bergson iki tür bellek üzerinde durur. İlki alışkanlıklarımızın sonucu oluşan bellektir. Özünde şeyleri tekrarlamak yeter; tekrarlama alışkanlığını bırakırsak bellek zayıflar. İkinci tür bellek ise geçmişin hatırlanmasıyla ilgilidir. Bu iki tür belleğe bakıldığında ikincisinin birincisinden farklı olarak zihinsel bir işleyişe sahip olduğunu görürüz. Bu parçanın anlatımında aşağıdakilerden hangisi yoktur?",Öneride bulunma,Karşılaştırma,Açıklama,Koşul öne sürme,Tanımlama,A
ab277094-bfa7-50b6-b85f-36c7ba2a67fd,KIMYA,"I. Seramik
II. Deterjan
III. Naylon
IV. Mürekkep
V. Boya
VI. Teflon
Yukarıdaki maddelerden kaç tanesi simyacılar tarafından bulunmuştur?",1,2,3,4,5,D
44e2a952-a173-519e-b7cb-621e0458bbac,MATEMATIK,"$2x^2+(x_1-4)x-4x_2=0$ denkleminin kökleri $x_1$ ve $x_2$'dir. Buna göre, $x_1-x_2$ değeri kaçtır?",2,6,4,8,3,A
443b93c8-9363-5efa-a2bc-3cc926af8042,MATEMATIK,"$P(x) = 3x^2 + ax - 3$ ve $Q(x) = bx^2 + 5x + c$ polinomları veriliyor. $3P(x) - 2Q(x) = 11x^2 + 5x + 9$ olduğuna göre, $a - b - c$ ifadesinin eşitliği kaçtır?",-12,-13,-15,15,16,D
2f34b78d-95f6-56ab-b9fe-3841af924a61,MATEMATIK,"$a$ ve $b$ gerçek sayılar olmak üzere gerçek sayılar kümesi üzerinde $f(x) = x^2 + 9x^2 + ax + b$ biçiminde tanımlanan $f$ fonksiyonu; pozitif gerçek sayılarda pozitif, negatif gerçek sayılarda negatif değerler almaktadır. Buna göre $a$ sayısının alabileceği en küçük tam sayı değeri kaçtır?",9,13,17,21,25,E
80a6b21c-ec47-5f48-822a-7000d69b5958,MATEMATIK,"Bir markette satılan beş ürünün satış fiyatları aşağıdaki tabloda gösterilmiştir.
Bu ürünlerden her birinin fiyatı %20 artırıldıktan sonra her bir üründen birer tane satılmıştır. Ancak bu beş üründen bir tanesi yanlışlıkla eski fiyattan satılınca beş gündeki ortalama fiyat artışı %16 oluyor.
Buna göre, eski fiyattan kaç numaralı ürün satılmıştır?",I,II,III,IV,V,D
dbd115fa-8658-5e46-8478-668a56d3e58f,MATEMATIK,"$f: \mathbb{R} \to \mathbb{R}^+$, $f(x)=3^{x-5}-7$ fonksiyonu veriliyor. Buna göre, $f^{-1}(x)$ aşağıdakilerden hangisidir?",$f^{-1}(x)=\log_3(5x+7)$,$f^{-1}(x)=\log_3(7x+5)$,$f^{-1}(x)=\log_3(x+5)$,$f^{-1}(x)=\log_3(x+7)+5$,$f^{-1}(x)=3^{x+7}-5$,D
270152ff-6d05-5780-9e84-0b8fabc18f50,TURKCE,"Deprem sırasında farklı senaryolarda yapabileceklerinizi şöyle özetleyebiliriz:
• Yüksek Binalarda: Olduğunuz yere veya bir masanın altına çökün, kapanın ve kafanızı koruyun. Asansörlere binmeyin. Yangın alarmı veya yangın söndürme sistemleri devreye girerse şaşırmayın.
• Dışarıda: Binalardan, ağaçlardan, tabelalardan ve elektrik direklerinden uzaklaşın. Çökün, kapanın, tutunun.
• Bina Arası Sokaklarda: Bir giriş kapısına çökün, kapanın, tutunun. Düşebilecek tuğla, cam, sıva ve diğer döküntülere dikkat edin.
• Araba Sürerken: Yolun kenarına çekin, arabayı durdurun. Üst geçitlerden, elektrik direklerinden ve diğer tehlike unsurlarından uzak durun. Deprem geçene kadar arabanızı terk etmeyin.
• Kalabalık Dükkan veya Halka Açık Alanlarda: Çıkışlara koşmayın. Raflardan düşebilecek cisimlere karşı uyanık olun.
Buna göre deprem esnasında yapılması gerekenler arasında aşağıdakilerden hangisi yoktur?",Bulunduğunuz yerde en uygun pozisyonu alarak depremin geçmesini bekleyin.,Yukarıdan düşebilecek her şey için kendinizi koruma adına tedbir alın.,Hareket halinde iseniz uygun bir yere çekilip deprem bitene kadar bulunduğunuz yerde kalın.,Daha önceden bir hazırlık yapıp bu hazırlık sayesinde bu süreci çok iyi atlatabileceğiniz gerçeğini asla ihmal etmeyin.,Toplu olarak bulunulan ortamda panik ortamı oluşturmama adına kapılara koşup izdihama sebebiyet vermeyin.,D
df15ca28-1ed6-5547-900e-30990086228f,KIMYA,"Atomun yapısıyla ilgili aşağıda verilen bilgilerden hangisi yanlıştır?
A) Nötr atomlarda proton sayısı, elektron sayısına eşittir.
B) Proton ve nötronlar atomun çekirdeğindedir.
C) Çekirdeğin elektriksel yükünü protonlar belirler.
D) Nükleon sayısı çekirdekte bulunan proton ve nötronların toplamına eşittir.
E) Atomun kütlesini proton ve elektronlar oluşturur.","Nötr atomlarda proton sayısı, elektron sayısına eşittir.",Proton ve nötronlar atomun çekirdeğindedir.,Çekirdeğin elektriksel yükünü protonlar belirler.,Nükleon sayısı çekirdekte bulunan proton ve nötronların toplamına eşittir.,Atomun kütlesini proton ve elektronlar oluşturur.,E
742b41b6-6c0e-5742-840d-15ee0d07764e,MATEMATIK,"$3-2\sin^2 x=\sqrt{3}$ olduğuna göre, $\cos 2x$ kaçtır?",$\sqrt{3}-2$,$\sqrt{3}-1$,\frac{2\sqrt{2}}{3},$2-\sqrt{3}$,$1-\sqrt{3}$,B
4f143548-6c19-52ab-a5bf-798af8410601,MATEMATIK,"Bir ABC üçgeninde D $\in$ [BC] olmak üzere, $|BD| = |DC|$, $m(\widehat{DAC}) = 90^\circ$ eşitlikleri veriliyor. $|BC| = a$ birim, $|AC| = b$ birim, $|AB| = c$ birim olduğuna göre, aşağıdakilerden hangisi doğrudur?",$a^2 = 2b^2 + c^2$,$a^2 = 3b^2 + c^2$,$a^2 = b^2 + 2c^2$,$a^2 = b^2 + 3c^2$,$a^2 = 2(b^2 + c^2)$,B
50981163-9801-5716-8b53-2e8396e76fe8,MATEMATIK,$x^3 \le x$ ve $x^2+2x-8 < 0$ eşitsizlik sisteminin çözüm kümesinde kaç farklı $x$ tam sayısı vardır?,8,7,6,5,4,C
ef9f1b17-de00-52a2-b583-bd6c40305dba,TARIH,Birinci Meclis açıldıktan sonra Tekâlif-i Millîye Emirleri yayımlanarak Hıyanet-i Vataniye Kanunu çıkarılmıştır. Meclisin böyle bir uygulamaya gitmesinin nedeni aşağıdakilerden hangisi olduğu söylenebilir?,Halifeliğin etkisini kırmak,Sevr Antlaşması'nın etkilerini kırmak,Teokratik rejimi güçlendirmek,Millî Mücadele'ye karşı ayaklanmaları desteklemek,Meclisin otoritesini güçlendirmek,E
88f57746-862f-5586-8698-e85bed50ab2b,FIZIK,"Ağzına kadar öz kütlesi d olan sıvıyla doldurulmuş bir kaba kütlesi m olan türdeş bir cisim atılıyor. Taşan sıvının kütlesi m'ye eşit olduğuna göre; I. Taşan sıvının hacmi, cismin hacmine eşittir. II. Cismin öz kütlesi, sıvının öz kütlesinden büyüktür. III. Cisme etki eden kaldırma kuvvetinin büyüklüğü, cismin ağırlığına eşittir. yargılarından hangileri doğru olabilir?",Yalnız I,I ve II,I ve III,II ve III,"I, II ve III",C
d4f19e34-346b-572d-ab41-2565b72483ca,MATEMATIK,"Aşağıdaki tabloda toplam 300 tane kare vardır. Bu karelere soldan sağa doğru kök içleri artışar artışar artan köklü sayılar yazılacaktır.

$\sqrt{6} \quad \sqrt{12} \quad \sqrt{18} \quad \sqrt{24} \quad ...$

Bu yazım işleminin başlangıç kısımları yukarıda verilmiştir.

Buna göre, yazım işlemi tamamlandığında tablodaki karelerden kaç tanesinde tam sayı olur?",2,3,4,5,6,D
a6145ade-caf7-5a7f-8c57-48e8994cb6f0,MATEMATIK,"Fırat'ın elinde yeterli sayıda 1 TL, 10 TL ve 100 TL'lik banknotlar vardır. Fırat 199 TL tutarındaki bir ödemeyi, bu banknotlardan her birini en az bir kez kullanmak şartıyla kaç farklı biçimde yapabilir?",1,3,5,7,9,B
b8a4d594-e4d8-5271-ab18-6b7925da5137,KIMYA,Aşağıda temel halde elektron dağılımları verilen elementlerden hangisinin 1. iyonlaşma enerjisi en düşüktür?,$1s^2 2s^2 2p^4$,$1s^2 2s^2 2p^6 3s^1$,$1s^2 2s^2 2p^6 3s^2 3p^6$,$1s^2 2s^2 2p^6$,$1s^2 2s^2$,B
98fc0c3a-b53b-54d1-bf8f-6ecbc31b6e71,MATEMATIK,"$P(3x-1)=(x^2-1) \cdot Q(x)+x^2-3x$ eşitliği veriliyor. $Q(x)$ polinomunun sabit terimi $7$ olduğuna göre, $P(x+2)$ polinomunun $x+6$ ile bölümünden kalan kaçtır?",-10,-8,-5,-3,-1,A
32718e4b-90b6-5b23-ae56-2da027c402d9,TURKCE,"Özbekistan'ın kuzeyinde, Kızılkum Çölü'nde yeni bir tiranozor, bir çeşit dinozor, fosili bulundu. Timurulengia euotica ismi verilen bu dinozor türü özellikle küçük boyutlarıyla dikkat çekiyor. Ortalama bir at büyüklüğünde olduğu tahmin edilen Timurulengia'yı hemcinslerinden ayıran en büyük özelliği ise zekâsı. Yaklaşık 250 kg ağırlığındaki bu, dinozor, belki T-Rex'lere göre ebat olarak küçük ancak bu, dinozorun beyninin de aynı oranda küçük olduğu anlamına gelmiyor. Bilim insanlarına göre bu oldukça önemli bir detay. Zira bu durum, tiranozorların besin zincirinin ilk sırasına çıkmasında boyutlarından ziyade zekâlarının daha önemli olduğunu gösteriyor.
Bu parçaya göre,
I. Tiranozorlar, zekâları sayesinde besin zincirinde önemli bir konuma gelmiştir.
II. Dinozorların en eskisi, fosili Özbekistan'ın kuzeyinde bulunan Timurulengia euotica'dır.
III. Tiranozorların fiziki yapısı küçüldükçe beyinleri büyümüştür.
yargılarından hangilerine ulaşılamaz?",Yalnız I,Yalnız II,Yalnız III,I ve II,II ve III,E
533d1a4d-c479-5e26-a24b-42b258a340fa,KIMYA,"$X^{3-}$ iyonunun elektron dağılımı $3p^6$ ile sonlanmaktadır. Buna göre, nötr X elementi atomu ile ilgili, I. Periyodik tabloda 3. periyot 15. grupta bulunur. II. Baş grup elementidir. III. Periyodik tabloda d blokunda bulunur. yargılarından hangileri doğrudur?",Yalnız I,Yalnız II,Yalnız III,I ve II,"I, II ve III",D
b9670a02-184b-59ec-8844-c21e8fd1dfe2,FIZIK,"Sürtünmelerin önemsenmediği ortamda kütlesi $m$ ve $2m$ olan boyutları aynı, türdeş iki cisim yerden aynı yüksekliğe eşit büyüklükteki düşey kuvvetlerle çıkarılıyor. Buna göre cisimler aynı yüksekliğe çıktığında aşağıda verilen niceliklerden hangisi kesinlikle aynıdır?",Potansiyel enerji,Net kuvvetin yaptığı iş,Mekanik enerji değişimi,Sürat,İvme,C
65c67447-4bb1-5b75-9e8b-61803c062bf8,GEOMETRI,"Dik koordinat düzleminde verilen bir karenin iki köşesi ve bu köşeleri birleştiren kenar $x$-ekseni üzerindedir.
Bu karenin diğer iki köşesinin orijine uzaklıkları eşit olduğuna göre, bu iki köşeden birinden ve orijinden geçen doğrunun denklemi aşağıdakilerden hangisi olabilir?",$y=x$,$y=\frac{1}{2}x$,$y=\frac{1}{3}x$,$y=-2x$,$y=3x$,D
0db785f0-8ac1-5b16-b0b2-f28dad2b0001,MATEMATIK,"Katsayıları $0$'dan (sıfır) farklı olan gerçel sayılarda tanımlı doğrusal bir $f$ fonksiyonu, $f(x+f(x)) = 3f(x)$ eşitliğini sağlıyor. $f(3)=3$ olduğuna göre, $f(5)$ değeri kaçtır?",6,7,8,9,10,D
1ae70556-1860-58b3-a498-92e006b62329,GEOMETRI,"ABC ve ADE dik üçgen, $[BC] \perp [AD]$, $[AD] = 6$ cm, $[AC] = 8$ cm, $[CE] = 2$ cm. Yukarıdaki verilere göre, $|DB| = x$ kaç cm'dir?",9,$\frac{25}{3}$,8,$\frac{22}{3}$,7,B
57bbee34-0a9e-574c-b89e-f5286e7445d2,MATEMATIK,İlk $n$ teriminin toplamı $S_n = n^2+5n$ olan bir $(a_n)$ dizisinin altıncı terimi kaçtır?,12,13,14,15,16,D
8a6dc44b-1d91-55d7-8704-e3e92c1c2c76,MATEMATIK,"$1<x<4$ olmak üzere, $|x-1|+|3x-3|-|x|$ ifadesinin eşiti aşağıdakilerden hangisidir?",$x$,$2x$,$3x-1$,$3x-4$,$2x-3$,D
278a38bf-37c7-5047-9ffa-ddb25c94a667,KIMYA,"$CO_{2(g)} + H_{2(g)} \rightleftharpoons CO_{(g)} + H_2O_{(g)}$ tepkimesi belirli bir sıcaklıkta 1 litrelik kapta 0,2 mol $CO_2$ ve 0,2 mol $H_2$ gazı ile başlatılıyor. Aynı sıcaklıkta dengeye ulaşıldığında kapta 0,08 mol CO gazı bulunuyor. Buna göre, I. Tepkimenin derişimler cinsinden denge sabiti ($K_c$) $\frac{4}{9}$'dur. II. Aynı sıcaklıkta $CO_{(g)} + H_2O_{(g)} \rightleftharpoons CO_{2(g)} + H_{2(g)}$ tepkimesinin $K_c$'si 1,5'tir. III. Aynı sıcaklıkta tepkimenin $K_p/K_c$'si $\frac{1}{9}$'dur. yargılarından hangileri doğrudur?",Yalnız I,I ve II,I ve III,II ve III,"I, II ve III",B
fa8cab4b-635b-57cb-a889-717700350920,MATEMATIK,"$f(x)=\frac{g(x)}{2x-1}$ olmak üzere, $g(0)=2$, $g'(0)=4$ olduğuna göre, $f'(0)$ kaçtır?",-8,-4,0,4,8,E
0a2692d4-aaae-5f7a-87c6-3a98ebefa369,MATEMATIK,"$\boxed{A \ B}$ ifadesi ""A'dan B'ye kadar olan ardışık tam sayıların toplamı"" biçiminde tanımlanıyor.
Buna göre, $\boxed{1 \ 20} - \boxed{1 \ 10}$ ifadesinin değeri kaçtır?",310,265,160,155,145,D
7f959f57-9d89-5c34-8084-8337b76ec856,KIMYA,"$3X_{(g)} + 2Y_{(g)} \rightleftharpoons 4Z_{(g)}$ tepkimesinin derişimler cinsinden denge sabiti ($K_c$) ile kısmi basınçlar cinsinden denge sabiti ($K_p$) arasındaki ilişki, $K_p = K_c(RT)^{\Delta n}$ dir. Buna göre, $\Delta n$ değeri kaçtır?",4,2,1,-1,-2,D
1a5c6980-f123-521f-ba09-c80813a3bf1b,KIMYA,"Nötr X, Y, Z ve T elementleri ile ilgili aşağıdaki bilgiler veriliyor. X, Y ve Z aynı gruptadır. Y ve T aynı periyottadır. Z'nin atom çapı, X ve Y'nin atom çapından büyüktür. X periyodik tablonun ilk elementidir. T 13. grup elementidir. Buna göre, X, Y, Z ve T'nin 1. iyonlaşma enerjilerine göre sıralaması aşağıdakilerden hangisinde doğru olarak verilmiştir?",$X > T > Y > Z$,$X > T > Z > Y$,$T > Y > X > Z$,$Y > X > T > Z$,$Z > X > Y > T$,B
bc5b3b3c-20d0-5886-a3a4-ab5709fc9e8f,MATEMATIK,"Bir mağazada satılan A ve B marka deterjanların maliyet ve satışları için

I. A marka deterjan $%50$ kârla, B marka deterjan $%20$ kârla satılmaktadır.
II. A marka deterjanın maliyeti B marka deterjanın maliyetinin $%10$ fazlasına eşittir.

Buna göre, deterjanların satış fiyatlarının oranı aşağıdakilerden hangisi olabilir?",$\frac{11}{8}$,$\frac{3}{2}$,$\frac{13}{8}$,$\frac{7}{4}$,$\frac{15}{8}$,C
bea36bbc-6e29-5990-999f-e3215a0e8c91,TURKCE,"Demirin ilk kullanımına dair işaretler; mızrak uçları, bıçak ve süs eşyası şeklinde olup Sümerlere ve eski Mısırlılara kadar dayanmaktadır. Demirin kolay korozyona uğraması nedeniyle altın ve gümüşten yapılan nesnelere çok eski tarihlerde daha çok rastlanır. Mısır'da bulunan ve MÖ $3500$ yıllarına ait olduğu tahmin edilen bazı demir boncukların meteor taşlarından yapıldığı düşünülmektedir. Çünkü yer kabuğunda bulunan demir çok az bir miktar nikel içermesine karşın bu boncuklarda meteor kökenli olduklarını belgelercesine %$7,5$ oranında nikel içerik tespit edilmiştir.
Bu parçanın anlatımında aşağıdakilerden hangisi vardır?",Alıntıdan yararlanma,Sayısal verilerden yararlanma,Kişileştirmeye başvurma,Soyut kavramları somutlaştırma,Tanımlama yapma,B
a559d773-c18f-566b-b939-f35d71eede96,MATEMATIK,$x-4>0$ ve $|x-6|+|x+3|<0$ eşitsizlik sistemini sağlayan kaç tam sayı vardır?,1,3,4,2,5,A
01264097-4a3f-5ab6-b3c9-e32794341b25,MATEMATIK,"Sabit olmayan bir geometrik $(a_n)$ dizisi için $\frac{a_1-a_1}{a_3-a_2}=-1$ olduğuna göre, $\frac{a_4}{a_1}+\frac{a_3}{a_2}$ ifadesinin değeri kaçtır?",-3,-2,0,2,3,D
cfeeab96-98c0-55bf-8bc2-09ec7243ef5b,MATEMATIK,"$f(x) = (x + \sqrt{x^2 - 1})^2 - (x - \sqrt{x^2 - 1})^2$ olmak üzere, $\lim_{x \to 4} \frac{f(x) - f(4)}{x - 4}$ ifadesinin değeri kaçtır?",2,1,12,18,6,E
c374e76a-8b47-5236-9fd2-b19849752fd8,TURKCE,"(I) Diğer edebiyat ürünleriyle kıyaslandığında, günlüklerin çıkış noktası daha belirsiz olarak karşımıza çıkıyor. (II) Dolayısıyla günlük türünün hem Doğu hem de Batı edebiyatlarında kendine özgü şartlar altında şekillendiği söylenebilir. (III) Türün gelişimini incelemek, günlük yazmanın doğası üzerine düşünmek anlamına da geliyor. (IV) Batı edebiyatındaki günlüğün Doğu edebiyatına göre daha gelişmiş olduğu bir gerçektir. (V) Fakat örneğin Japon edebiyatında da 10. yüzyılda yazılmış günlüklere rastlanmaktadır.
Bu parçadaki düşüncenin akışındaki bozukluğun giderilmesi için aşağıdakilerden hangisi yapılmalıdır?",III. cümle ile II. cümle yer değiştirmelidir.,III. cümle parçanın sonuna alınmalıdır.,IV. cümle parçanın başına getirilmelidir.,II. cümle parçanın sonuna getirilmelidir.,I. cümle ile III. cümle yer değiştirmelidir.,A
735e61a2-2ba3-51ea-a9cc-8082c7f91b12,KIMYA,"$2Fe_2O_3 + 6Cl_2 \rightarrow 4FeCl_3 + 3O_2$ denklemine göre eşit mollerde $Fe_2O_3$ ve $Cl_2$ den en fazla $0,6$ mol $O_2$ gazı oluşuyor. Buna göre başlangıç karışımı kaç moldür?","1,2","1,4","1,6",2,"2,4",D
49d78e2a-2805-5b1a-bd1e-17273714be3c,MATEMATIK,"40 metre uzunluğundaki bir ipin yarısı ince, diğer yarısı kalındır. İpi iki ucundan da aynı anda yakılıyor. İplerin saniyede yanma hızları sırasıyla 2 metre ve 4 metredir. Buna göre, ipin tamamı kaç saniyede yanar?",10,"7,5",20,15,5,B
4cd34464-119e-526e-b2da-5b96de750d81,MATEMATIK,"a, b, c ve d gerçel sayıları $a < 0 < b$, $c < 0 < d$, $c < 0 < d$ eşitsizliklerini sağlamaktadır. Buna göre, I. $c \cdot (a-d) < 0$ II. $a \cdot (b-c) < 0$ III. $b \cdot (c-a) < 0$ eşitsizliklerinden hangileri her zaman doğrudur?",Yalnız I,I ve III,"I, II ve III",Yalnız II,II ve III,E
916dc7fb-6e70-5cb1-90e7-bc51cf3f48c3,KIMYA,"2,4 gram Mg ve 1 molar 100 mL HCl çözeltisinin tam verimle; $Mg_{(k)} + 2HCl_{(suda)} \rightarrow MgCl_{2(suda)} + H_{2(g)}$ denklemine göre tepkimesinden oluşan $H_2$ gazı normal şartlar altında kaç litre hacim kaplar? (Mg: 24)","0,28","0,56","1,12","2,24","11,2",C
743dabe6-0529-529b-bf3a-279a2ba4d925,MATEMATIK,"$P(x+1) = x^2 + mx - 1$ olmak üzere $P(x)$ polinomunun sabit terimi $4$ olduğuna göre, $m$ kaçtır?",-6,3,2,-4,4,A
ee17b6a2-269d-5792-850d-7eae8c48be9d,KIMYA,Benzen ($C_6H_6$) ve türevleri (arenler) için aşağıdaki ifadelerden hangisi yanlıştır?,Rezonans kararlılık ve elektron delokalizasyonundan dolayı kolay katılma tepkimesi vermezler.,$C_6H_5-$ grubu fenil olarak adlandırılır.,Fenol zayıf asit özelliği gösterir.,"Benzendeki C atomları arasında üç tane ikili, üç tane tekli olacak şekilde farklı özellikte bağlar oluşur.","Benzen, kömür ve petrolden damıtma ile elde edilir.",D
5004d774-b59b-5fd9-b118-6968230bc5e5,GEOMETRI,$x^2+y^2-4x-2y+1=0$ çemberi ile $x^2+y^2+8x+14y+56=0$ çemberi arasındaki en kısa uzaklık kaç birimdir?,7,6,5,4,3,E
df8e62b6-3ea1-53fe-8880-5031fd77329f,MATEMATIK,"$\sqrt{7}-\sqrt{5}$ sayısının x sayısına oranı ile x sayısının $\sqrt{28}+\sqrt{20}$ sayısına oranı birbirine eşittir. Buna göre, x'in pozitif değeri kaçtır?",2,3,4,5,6,B
c11d00e7-1954-5000-85ab-02f8a5c0e856,MATEMATIK,"Aşağıdaki tabloda A, B, C ve D kitaplarından bazılarının internet satış fiyatları verilmiştir. Bu kitaplardan farklı 3 tanesini sipariş eden Ömer, sipariş tutarı 50 TL'den fazla olduğu için kargo ücreti ödememiştir. Ömer'in sipariş tutarı 80 TL'den az olduğuna göre, D kitabının fiyatının TL türünden alabileceği değerleri ifade eden en geniş aralık aşağıdakilerden hangisidir?","(23, 53)","(20, 53)","(20, 58)","(17, 53)","(17, 58)",D
4604b93b-7f38-5b52-bbb4-531d7af37ecb,TURKCE,"Öykü çalışmak nasıl olur, ben ilk olarak bu disiplini Recep Şükrü'de gördüm. Bir öyküyü satır satır okumak, altını çizmek, notlar almak, öykünün ruhuna sızmak... Rasim Özdenören, Mustafa Kutlu, Sadık Yalsızuçanlar ve daha nicesini birlikte okuduk her cümlelerinin hakkını vererek. Tutunamayanlar romanını âdeta yaşarcasına okuduk. Romanın okuduğumuz her bölümünü birbirimize anlattık. Saatleri Ayarlama Enstitüsü'nün kahramanları ile yaşadık gece gündüz. Evin duvarları roman kahramanları ve öykü kahramanları ile doluydu. Evime gittiğimizde bir edebiyat müzesinde gibi hissediyorduk kendimizi. Bir köşeden Felatun Bey bakardı diğer köşeden Binbir Ruh. Bu parçadan hareketle Recep Şükrü ile ilgili aşağıdakilerden hangisi söylenemez?",Öykü çalışmalarını büyük bir ciddiyetle yapan ve onu içselleştiren bir kişidir.,Edebiyatımızda birçok çok yazarın eserini okumuş ve çalışmıştır.,Öykü çalışmalarında eserlerden anekdotlar alarak duvarlarına asmıştır.,Romanların kahramanlarını yerine kendini koyarak romanı daha iyi özümsemiştir.,Roman çalışmalarında okuduklarını bir başkasına anlatma yoluna gitmiştir.,C
1747a488-e0f4-5e11-b1af-c042e96e0b59,GEOMETRI,"Analitik düzlemde, a ve b pozitif tam sayıları arasında $a+b=a.b$ eşitliği bulunmaktadır. Buna göre $D(a,b)$ noktasının $E(4,-1)$ noktasına göre simetriği olan nokta aşağıdakilerden hangisidir?","$(6,-1)$","$(6,-2)$","$(6,-3)$","$(6,-4)$","$(6,-5)$",E
a172432a-941f-5b00-8a4a-919c0de4b395,TURKCE,"(I) Omega 3, hücrelerimizi çevreleyen hücre zarının yapısında bulunan fakat vücutta üretilemeyen yağ asitlerinden oluşur. (II) Dolayısıyla kalp, beyin, kas ve iskelet sistemi, göz, cilt ve ruh sağlığımız için omega 3 alımına çok dikkat etmeliyiz. (III) Somon, sardalya, ton ve uskumru gibi soğuk deniz balıklarında omega 3 oranı yüksektir fakat denizlerdeki ağır metal kirliliğinden dolayı güvenli omega 3 aldığımızdan emin olamayız. (IV) Ceviz, keten tohumu ve yeşil yapraklı sebzeleri destek olarak tüketebilirsiniz fakat vücudunuz için gerekli miktarda omega 3'ü bitkisel kaynaklardan tamamlamak mümkün olmamaktadır. (V) Bu bakımdan güvenlik sertifikaları tam olan balık yağı takviyesi almak, omega 3 ihtiyacının karşılanması açısından gerekli ve doğru bir adımdır. Bu parçada numaralanmış cümlelerin hangisinden sonra ""Bu yağlar, vücudumuzda belli oranda bulunmazsa hücre zarı geçirgenliği bozulur ve ihtiyacımız olan vitaminler, mineraller, proteinler ve hatta oksijen; yeterli düzeyde hücre içine giremez."" cümlesinin getirilmesi anlam akışını bozmaz?",I,II,III,IV,V,A
182b8d41-53dc-54f1-b6c6-3daa98ba9a40,TURKCE,"(I) Kamerasız fotoğraf tekniği, fotoğraf makinesi kullanmadan ışığa duyarlı bir yüzey üzerinde görüntü elde etme yöntemidir. (II) Kamerasız fotoğraf, karanlık odada agrandizör ışığında veya gün ışığı kullanılarak yapılır. (III) Kamerasız fotoğraf yapımı, kimyasalları yüzeyler üzerinde test etmek amacı ile başlamıştır. (IV) William Henry Fox Talbot, 1834 yılında fotojenik çizimler adını verdiği denemelerinde fotoğrafın ilk örneklerini vermiştir. (V) Fotoğrafın 19. yüzyıl boyunca bitkilerin tipolojisini yapmak için kullanılmıştır.
Bu parçadaki numaralanmış cümlelerden hangisi birleşik yapılı isim cümlesidir?",I,II,III,IV,V,A
283e0089-f290-574e-91cd-ac713fa773f4,KIMYA,"Eşit mol sayıları $CH_4$ ve $C_2H_2O$ gazları içeren bir karışımın tam yanması sırasında 10 mol $O_2$ gazı harcanıyor. Buna göre, yanma sonucu toplam kaç mol $H_2O$ gazı oluşur?",4,6,8,10,12,C
41313b63-2c1d-533b-9cb3-0e3afd9512d4,MATEMATIK,$x^2+10y=2x-y^2-26$ denkleminin çözüm kümesi aşağıdakilerden hangisidir?,{2},"{(-1, 5)}","{(-2, 2)}","{(-1, -5)}","{(1, 5)}",D
eb9d3df6-4eab-53b9-9a23-cf4a2c52d1ee,MATEMATIK,"$\int xf(x)dx = 2x^3 - 4x^2 + c$ olduğuna göre, $\int f(x)dx$ ifadesi aşağıdakilerden hangisine eşittir?",$3x^2+4x+c$,$6x^2-4x+c$,$3x^2-4x+c$,$3x^2-6x+c$,$3x^2-8x+c$,C
73a9e343-1f88-5047-86e0-c22e3703615b,MATEMATIK,"Bir sınıftaki öğrenci sayıları ile ilgili aşağıdakiler bilinmektedir:
• Sınıftaki kız öğrenci sayısı, erkek öğrenci sayısının yarısına eşittir.
• Sınıftaki kızların $\frac{1}{3}$'ü ve erkeklerin yarısı gözlüklüdür.
• Sınıftaki gözlüksüz öğrenci sayısı $10$'dur.
Buna göre, bu sınıftaki öğrenci sayısı kaçtır?",18,21,24,27,30,C
a68da5d9-4b1c-5daa-ac6c-6cd7eb70e55c,MATEMATIK,$(a_n)=\left(\frac{n-4}{n-3}\right)$ dizisinin ilk $16$ teriminin çarpımı kaçtır?,5,6,7,8,9,A
2c18270f-af6e-53e2-bc77-f39b1a4a6fa7,EDEBIYAT,"Kişilerin duygularını ifade etmek için kullandıkları şiir alt başlık- lara ayrılmaktadır. Farklı konuları anlatmak için şiir çeşitleri ka- tegorize edilmiştir. İşte şiir çeşitleri;
I. Ne şair döker ne âşık ağlar Tarihe karıştı eski sevdalar Beyhude seslenir, beyhude çağlar Bir sola, bir sağa çoban çeşmesi
II. Köyümün malı ganimet Çalan giden velinimet Han hırsızlara emanet Bak şu işe muhtar emmi
III. Öldük ölümden bir şeyler umarak Bir büyük boşlukta bozuntu büyü Nasıl hatırlamazsın o türküyü Gök parçası, dal demeti, kuş tüyü
IV. Doktor dedi kalp damarın tıkanmış Geçen yıl kurbanda et yemiştim ya Midemiz rahatsız güzel beslenmiş İki sene önce süt içmiştim ya
V. Ne hoşur kırlarda yazın uyumak! Bulutlar ufukta beyaz bir yumak Baş yorgun, yaslanır yeşil otlara. Göz dalgın, uzanır ta bulutlara.
Yukarıdaki şiirler konularının türüne göre eşleştirildiğinde hangisi dışta kalır?",I,II,III,IV,V,D
dbd1ed1b-02cd-5359-8fbf-8b54608b86b8,MATEMATIK,"$-2 \le x \le 4$
$-4 < y \le 3$
olduğuna göre, $x^2-y$ ifadesinin alabileceği değerlerin bulunduğu en geniş aralık aşağıdakilerden hangisidir?","$[-4, 13]$","$[0, 13]$","$[-3, 20]$","$[-4, 20]$","$[1, 20]$",D
2cadbe83-2b9e-5c29-afd7-bbd2923b7e52,GEOMETRI,"Üçgen şeklindeki bir tarlanın içine kurulacak sulama sisteminin tarlanın kenarlarından eşit uzaklıkta olmasına karar veriliyor. Buna göre, üçgen yapıya ait aşağıdaki merkezlerden hangisi sulama sisteminin konumunu verir?
A) Ağırlık merkezi
B) İç teğet çemberinin merkezi
C) Diklik merkezi
D) Çevrel çemberinin merkezi
E) Dış teğet çemberinin merkezi",Ağırlık merkezi,İç teğet çemberinin merkezi,Diklik merkezi,Çevrel çemberinin merkezi,Dış teğet çemberinin merkezi,B
e2fcab28-7bc1-5290-8557-cfb0d5b868b4,EDEBIYAT,"Öğretmen: Toplumların tarihinde iz bırakan bir olayın, sözlü ge- lenekle kuşaktan kuşağa aktarılarak olgunlaştıktan sonra yazı- ya geçirilmesi ile destanlardan haberdar oluyoruz. Bunlar do- ğal destanlardır. Oğuz Kağan Destanı, Türeyiş Destanı gibi. Ya- ni bunların yazarları belli değildir.
Öğrenci: Evet, öğretmenim. Daha yakın zamanlardaki tarihî olayların bir şair ya da ozan tarafından destan kurallarına uy- gun olarak yazılması ile de yapay destanların oluşturulduğu- nu söylemiştiniz. Dante'nin İlahi Komedya'sı, Finlerin Kalevala Destanı yapay destanlardan bildiğim kadarıyla.
Öğretmen: Kurtarılmış Kudüs, Genç Osman Destanı, Çanakkale Destanı, Kaybolmuş Cennet hepsi yapay destanlardır. Kırgızla- rın Manas Destanı, dünyanın en uzun doğal destanı olarak bu- gün hâlâ çağın eşliğinde günlerce sürecek şekilde nazım nesir karışık anlatılmaktadır.
Öğrenci: Bugün hâlâ destan kahramanlarının isimleri yeni do- ğan çocuklara verilmek suretiyle toplumlarda yaşatılmaktadır. Demek ki destanlar, toplumları aktardıkları olayların gerçeklik- leri konusunda hâlâ ikna edebilmekteler.
Bu diyalogda şahısların destanlarla ilgili verdikleri bilgile- rin hangisi yanlıştır?",Destan kahramanlarının millî kültür unsuru olarak isimlerle yaşatıldıkları iddiası,Destanların sözlü aşamada olgunlaşmayı bekledikten son- ra kaydedildikleri iddiası,Öğretmenin doğal destanlar olarak söylediği isimlerin do- ğal destan olduğu iddiası,Manas Destanı'nın dünyadaki en uzun doğal destan oldu- ğu ve hâlen anlatıldığı iddiası,Öğrencinin yapay destan olarak söylediği eserlerin yapay destan olduğu iddiası,D
dc035e6d-a6ca-526d-8018-73632075dd50,MATEMATIK,"$a, b, c$ sıfırdan ve birbirinden farklı rakamlardır. $\frac{abc - cba}{37 \cdot (ab - ca + bc)}$ ifadesinin değeri kaçtır?",11,$\frac{111}{11}$,$\frac{137}{11}$,$\frac{4}{11}$,$\frac{3}{11}$,E
5a6712f1-b201-5828-bfd0-6590abffe736,MATEMATIK,"$P(x)$ polinomunun $x^2+1$ ile bölümünden kalan $2x^2+3x-5$ olduğuna göre, $P(x)$ polinomunun $x^2-x+1$ ile bölümünden kalan kaçtır?",$2x+1$,$3x-4$,$3x+6$,$4x+2$,$5x-7$,E
f6419ce8-1ca0-5f9e-bd28-360c02b1c272,MATEMATIK,"$f$ doğrusal bir fonksiyondur. $f(x)=(5-2m)x^2+3x-m$ olduğuna göre, $f(1)$ kaçtır?",5,4,7,6,10,A
c145ed8d-56fd-5d4c-9adf-dd6b923d6fca,MATEMATIK,"Bir para çekme makinesi, istenilen miktardaki parayı 5 TL, 10 TL, 20 TL, 50 TL ve 100 TL değerindeki kâğıt paralardan en az sayıda kullanarak vermektedir. Her kâğıt paradan yeterli sayıda bulunan bu para çekme makinesinden; Ahmet 495 TL, Buse 265 TL ve Cansu 550 TL para çekiyor. Para çekme makinesinin Ahmet, Buse ve Cansu'ya verdiği kâğıt para sayıları sırasıyla $P_A$, $P_B$ ve $P_C$ olduğuna göre, aşağıdaki sıralamalardan hangisi doğrudur?",$P_A < P_B < P_C$,$P_B < P_C < P_A$,$P_B < P_A < P_C$,$P_C < P_B < P_A$,$P_C < P_A < P_B$,C
0197ed8f-2735-5210-97cc-c1756a0ab8e4,FIZIK,"Periskop ile görüntü sağlama, I. ışığın yansıması II. ışığın kırılması III. ışığın odaklanması olaylarından hangilerine dayanır?",Yalnız I,Yalnız II,Yalnız III,I ve III,II ve III,A
039d47c8-fa12-5f7f-8e18-8e92fa821c06,MATEMATIK,"$(a^2+1)x^2-ax+8-a=0$ denkleminin kökleri $x_1$ ve $x_2$'dir. $x_1 \cdot x_2 = \frac{x_1+x_2}{x_1-1}$ olduğuna göre, $a$ kaçtır?",2,3,4,5,6,C
1d4a4279-4f2b-5b9a-8085-c14afa36a8cf,MATEMATIK,"Her $x$ gerçek sayısı için $x^2-ax+6=(x-1)\cdot(b-x+c)$ olduğuna göre, $a+b+c$ toplamı kaçtır?",-2,-1,0,1,2,C
0ef41116-fb7a-52ab-85ad-9954992d05cf,MATEMATIK,"Bir hareketlinin $t$. saniyede aldığı yol $t \in (0, 24)$ olmak üzere, $s(t)=-t^2+96t-1$ metredir. Buna göre, hareketlinin I. 6. saniyede aldığı yol 432 metredir. II. 6. saniyede hızı 48 m/sn'dir. III. 6. saniyede ivmesi 4 m/sn$^2$'dir. ifadelerinden hangileri doğrudur?",Yalnız I,Yalnız II,Yalnız III,I ve II,I ve III,A
6ef29e58-688f-54f0-b375-06e07ab5e96a,MATEMATIK,"Aşağıdaki tabloda bir bölgede yetiştirilen beş hayvan türünün sayıca dağılımı ve yüzde oranları verilmiştir. Bu bölgede yetiştirilen tavuk sayısı, manda sayısının 5 katı olduğuna göre, bu bölgede yetiştirilen manda sayısı kaçtır?",12000,14000,15000,16000,18000,D
40ee22f1-d818-51ec-ab2e-6b7e590150f8,MATEMATIK,"$3^{x} = 2$ olduğuna göre, $2 \cdot 9^{x} + 1$ ifadesinin değeri kaçtır?",$96$,$72$,$60$,$54$,$36$,A
b8aace84-7b45-5486-b073-dba8ca1385a6,MATEMATIK,$\sqrt{6 - \sqrt{x}} = \sqrt[4]{x}$ eşitliğini sağlayan $x$ değeri kaçtır?,3,9,16,36,81,B
09f58095-e00a-5d5f-8b3f-c0126a601a92,TARIH,"Avrupa'da tarımsal alanlardan sanayi merkezlerine gerçekleşen göçler, yeni sosyal problemlerin doğmasına sebep oldu. Fabrika çevreleri, hayat şartları iyi olmayan yeni ilçelerin yetiştiği bölgeler hâline geldi.
Aşağıdakilerden hangisi Avrupa'da ortaya çıkan sosyal sorunlardan biri değildir?",Çarpık kentleşme,Nüfus artışı,Ekonomik refah,İşsizlik,Alt yapı yetersizliği,C
3cf2e5ac-ede2-5c45-a24f-3bf5bb8764ce,MATEMATIK,$a^4-16a^2+64$ Aşağıdakilerden hangisi yukarıdaki ifadelerin bir çarpanı değildir?,$a-2$,$a^2-4a+4$,$a^2-8$,$a^2+2a+4$,$a^2+4a+2$,E
75e664df-87c6-525f-9e70-0374449d1102,MATEMATIK,"Gerçel sayılar kümesi üzerinde bir $f$ fonksiyonu, $f(x) = x^3 + 4x^2 - 2x + 1$ biçiminde tanımlanıyor. Buna göre, $f''(1)$ değeri kaçtır?",12,14,16,18,20,B
cfab2c6d-b46d-55b5-a5e4-2b573f986e5d,MATEMATIK,$(\log 16)^2 - (\log \frac{1}{8})^2$ ifadesinin sonucu kaçtır?,$\log 64$,$\log 32$,$\log 45$,$\log 56$,$\log 27$,A
b74b9fc7-15e0-59ee-baa8-2b99e0000ec3,MATEMATIK,log$_2$(2x - 6) - log$_2$(x - 4) = log$_2$x denkleminin çözüm kümesi aşağıdakilerden hangisidir?,{2},{6},{12},"{2, 12}","{6, 12}",B
d0c290d2-3c53-5a13-893f-26d1b26cbbdb,KIMYA,"$3d < X < 5d$
Yukarıda $4s$, $X$ ve $4d$ orbitallerinin enerjilerinin karşılaştırılması verilmiştir.
Buna göre, $X$ yerine aşağıdaki orbitallerden hangisi yazılamaz?",$4p$,$4f$,$4s$,$5p$,$6s$,C
b8dd4d78-ad01-56e3-abc9-9beec78b9bb0,MATEMATIK,"$ 2^{2\log_2 3 - \log_2 8} = 16 $ olduğuna göre, $x$ kaçtır?",1,2,4,8,10,C
05e97282-f4cd-5b63-943b-004317e4cad3,MATEMATIK,"$x$ negatif bir tam sayı olmak üzere,
$a = x^2 - 0,34$
$b = x \cdot (x - 0,34)^2$
$c = x^3 - 0,34$
olimits
olimitsolduğuna göre; $a, b$ ve $c$'nin küçükten büyüğe doğru sıralanmış şekli aşağıdakilerden hangisidir?",$a < b < c$,$b < a < c$,$b < c < a$,$c < a < b$,$c < b < a$,D
33c3e9e0-0dbf-5a09-80d5-daa076b8dcd7,TURKCE,"İzmir'in işgali ve kurtuluşunu konu edinen romanların hemen hepsinde, olay örgüsü benzerlik göstermektedir. Olay, İzmir'in işgalinden hemen önce başlar; işgal öncesi sessiz bekleyiş ve kişilerin ruh hâli aktarılır. İşgalle birlikte yerli Rumların sevinç gösterileri ve Türklerin endişeli durumları verilir. Yunan askerinin yaptığı katliamlar ve yağmacılığı dikkat çekicidir. Vatanseverlerin bu olaylara tahammül edemeyerek direnmesi ve sonrasında Anadolu'ya geçişleri anlatılır. Romanların sonraki bölümlerinde Anadolu'da baş gösteren Millî Mücadele detaylıca yer alır. Yaşanan dramlar ve ölümler, roman kahramanlarının gözünden aktarılır. Kişilerin bireysel aşkları ve mücadeleleri vatan kurtarma azmine dönüşür. Anadolu'ya geçen roman kahramanlarının çoğu savaşta şehit olurken çok azı İzmir'e ve sevdiklerine kavuşmayı başarır.
Bu parçadan İzmir'in işgalini anlatan romanlarla ilgili aşağıdakilerin hangisine ulaşılamaz?",Hem toplumsal hem bireysel duygulara yer verilmiştir.,Belli bir tarihî olay örgüsü kullanılmıştır.,Benzer olay örgülerindeki tekdüzeliğin dil ve anlatımdaki başarıyla arka planda kaldığı,İnsanların içinde bulunduğu farklı duygular savaş ekseninde ifade edildiği,Romanlardaki tarafların duyguları tek yönlü aktarılmıştır.,E
f74f14e9-5f0b-5619-8a4a-3460345f69cb,MATEMATIK,$2ax^2 - (6ac - b)x - 3bc$ ifadesinin çarpanlarına ayrılmış hali aşağıdakilerden hangisidir?,$(ax + b)(2x + 3c)$,$(2ax + b)(x - 3c)$,$(x - 3bc)(2ax + 1)$,$(2x + b)(ax - 3c)$,$(2ax - b)(x + 3c)$,B
7df5a166-0039-5c71-8be5-59eac980ba08,MATEMATIK,"$x \cdot P(x) - 2 \cdot Q(x) = \frac{5x-2}{2x-1}$ olmak üzere, $P(x)$ polinomunun $(x-2)$ ile bölümünden kalan $1$'dir. Buna göre, $Q(x+2)$ polinomunun $(x+3)$ ile bölümünden kalan kaçtır?",3,-11,-19,-21,-25,C
351800b9-54ff-59a1-aab0-df9ff01b1ff9,KIMYA,$_{29}^{63}Cu^{+}$ ve $_{29}^{65}Cu^{2+}$ tanecikleri ile ilgili aşağıdakilerden hangisi aynıdır?,Çekirdek yükü,İyon yükü,Elektron sayısı,Nötron sayısı,Kütle numarası,A
c7a245d7-982f-56e7-b87d-7efe9e166ebf,MATEMATIK,"$e^{x^2+1} = e^{2x}$ olduğuna göre, $x$ kaçtır?",36,$\frac{1}{36}$,$\frac{1}{72}$,$\frac{1}{108}$,$\frac{1}{216}$,B
b07be1b5-c723-570c-9fb9-565e50f5c761,KIMYA,"Havanın bileşimini değiştirecek katı, sıvı ve gaz hâldeki kirleticilerin canlı yaşamına ve ekolojik dengeye zarar verecek miktarda bulunması hava kirliliği olarak tanımlanır. Buna göre aşağıdaki olaylardan hangisinin hava kirletici etkisi yoktur?",Orman yangınları,Volkanik patlamalar,Sanayi faaliyetleri,Rüzgâr enerji santralleri,Fosil yakıt kullanımı,D
7ec013ee-9716-556c-82e5-34632f44e2f2,TARIH,"Sultan Abdülaziz, devlet adamlarınca görevden alınan ilk padişahtır. Ancak bu sonucu ortaya çıkartan asıl güç, hareketi gerçekleştirmek amacından habersiz olarak istismar edilen askerler olmuştur. Türk siyasi hayatında bu gücü bilenler, orduyu bu amaçla kullanmış ve ordunun fiilen rol almadığı hiçbir darbe girişimini başarılı olamamıştır.
Bu bilgiler aşağıdaki yargılardan hangisinin desteklediği söylenebilir?",Bir ülkede iktidarı zor kullanarak değiştirmek için silahlı güçlerin desteği şarttır.,"Demokrasiyi benimseyen toplumlar, ordunun gücü ile varlıklarını devam ettirirler.","Osmanlı Devleti, meşruti yönetimi uygulamada başarısız olmuştur.","İktidarların, tek bir kişide toplanması istikrarlı bir beraberinde getirir.","Devletler, halkın taleplerini dikkate almazlarsa uzun ömürlü olmazlar.",A
6b439ddd-4999-598a-99a8-2a721db635fd,KIMYA,"Aşağıda verilen kovalent bağlı moleküllerden hangisinin bağlayıcı ve/veya ortaklanmamış elektron çifti sayısı yanlış verilmiştir? ($_{1}H, _{5}B, _{6}C, _{8}O, _{9}F$)",F$_{2}$,O$_{2}$,H$_{2}$O,CH$_{4}$,BH$_{3}$,E
146f78f1-a4de-55ee-a9eb-9cd909862dda,MATEMATIK,"$f$ bir tek fonksiyon ve $p$ bir gerçek sayıdır. Buna göre, $\\int_{-p}^{p} f(2p-x) dx$ integralinin değeri kaçtır?",-4p,-2p,0,2p,4p,C
35015139-50cb-59e4-b320-255b940deb1c,MATEMATIK,"Bir laboratuvarda belirli bir maddenin ağırlığı $p$ gram olarak ölçülmekte olup, bu ağırlık aşağıda verilen eşitsizlik ile sınırlandırılmıştır. $\frac{|p - 750|}{0,01} \le 5$ Buna göre bu kimyasal maddenin ağırlığının çözüm aralığı aşağıdakilerden hangisidir?","$[750, 750,5]$","$[749,05, 750,05]$","$[749,5, 750,5]$","$[749,95, 750,05]$","$[749, 751]$",D
2a38a202-f137-5430-9a03-74c6f828e28e,MATEMATIK,"$0,\overline{58}-0,\overline{11}$ işleminin sonucu kaçtır?",$\frac{41}{99}$,$\frac{44}{99}$,$\frac{47}{99}$,$\frac{57}{99}$,$\frac{67}{99}$,C
3ba907e8-be40-5390-926d-9921a30f8f01,MATEMATIK,$24x+36y-12$ ifadesinin en sade hâli aşağıdakilerden hangisidir?,$6(4x+6y+2)$,$6(4x+9y-2)$,$3(8x+12y+4)$,$12(2x+3y-1)$,$8(3x+4y-2)$,D
30078172-91d6-5a4a-b8b8-0cb7de7add0d,MATEMATIK,"$P(n, 1) + P(n, 2) = 36$ olduğuna göre, $n$ aşağıdakilerden hangisidir?",4,5,6,7,8,B
dc10db24-095d-5856-9c72-88ae1a97585a,FIZIK,"TRT - FM'den yapılan bir yayın, vericiden dalgalar halinde yayılarak alıcı antene ulaşır.
Buna göre, vericiden yayılan ve alıcı antene ulaşan bu dalgalar ile ilgili,
I. Elektromanyetik dalgadır.
II. Titreşim doğrultuları ile hareket doğrultuları birbirine diktir.
III. Yüklerin ivmeli hareketi sonucu oluşur.
yargılarından hangileri doğrudur?",Yalnız I,Yalnız II,I ve II,I ve III,"I, II ve III",E
cd9cf68f-c2dc-59db-ab5a-7fe136065f93,MATEMATIK,"ABC üçgeninde $|BD|=|DE|=|EC|=2$ birim, $m(\widehat{BAD}) = m(\widehat{BCA}) = \alpha$, $m(\widehat{CAE}) = \beta$'dir. Buna göre, $\cot\alpha$ değeri kaçtır?",$\sqrt{2}$,$\frac{\sqrt{2}}{5}$,$\frac{1}{3}$,$3\sqrt{3}$,$\frac{\sqrt{3}}{7}$,A
7d81b8c1-ba6b-54da-95f0-93085f74382d,EDEBIYAT,"""Divan şiiri"" ile ilgili aşağıda verilen bilgilerden hangisi bir yanlışlık yapılmıştır?",Beyit nazım birimi yanında dörtlük nazım birimine de yer verilmiştir.,Şairlerin mahlasının yer aldığı bölüme tapşırma adı verilmiştir.,Şarkı ve tuyuğ nazım şekillerini Türkler kazandırmıştır.,Tasavvuf kültürünün etkisi ile dinî içerikli şiirler kaleme alınmıştır.,Arap ve Fars edebiyatının etkisi ile oluşan yüksek zümreye hitap eden şiirler yazılmıştır.,B
46f44a6f-7e86-5f37-9396-6c641767982d,MATEMATIK,"Dik koordinat düzleminde, $x - 5y - 13 = 0$ ve $2x + y + 15 = 0$ doğrularının kesişim noktasının koordinatları toplamı kaçtır?",-13,-11,-6,0,3,C
627d2e24-fb23-5d7b-ab48-4bc9ad4a68f3,TARIH,"Tagar Kültürü'nde (MÖ 700 - MÖ 300) yapılan kazılarda elde edilen, tunçtan bıçak, ok uçları, küçük hayvan heykelleri ve çeşitli hayvan tasvirleri ve otağ şeklinde ağaç evler gibi buluntular dikkate alındığında bölgede yaşayan Türk toplulukları ile ilgili aşağıdakilerden hangisi söylenemez?",Bozkır üslubunu kullandıkları,Avcılıkla ilgilendikleri,El işleriyle uğraştıkları,Yerleşik hayata geçtikleri,Süs eşyaları kullandıkları,D
77504794-c1b9-56f1-a7ba-eed232276879,MATEMATIK,$a$ kişilik bir öğrenci grubunda her kişiye $b$ adet kalem dağıtıldığında geriye $a$ adet kalem kalmaktadır. Eğer başlangıçta her kişiye $b-a$ adet kalem dağıtılsaydı artacak kalem sayısını aşağıdakilerden hangisi ifade eder?,$a \bullet (b+1)$,$b \bullet (a-1)$,$a \bullet (a+1)$,$b \bullet (b+1)$,$a \bullet (b-a)$,A
fe0486b1-074a-5a4e-9ab0-19ff21606068,KIMYA,"3. katmanda 2 tane tam dolu, 2 tane yarı dolu orbital içeren nötr bir atomun proton sayısı kaçtır?",6,12,14,16,18,D
ef076daf-a1d4-5c7c-821b-9e46f60d09b3,MATEMATIK,$\frac{(x^2 - x - 2) \cdot (x - 2)^{2019}}{(x + 1)^{2017}} < 0$ eşitsizliğinin en geniş çözüm aralığında bulunan en büyük iki negatif tam sayının toplamı kaçtır?,-8,-7,-6,-5,-4,D
7010bc9a-730c-5553-87b6-966a3fcc1932,MATEMATIK,"Baş katsayısı 3 olan üçüncü dereceden gerçek katsayılı bir $P(x)$ polinomunun sadece 2 farklı gerçek kökü olduğu biliniyor.
$P(1)=P(2)=0$ olduğuna göre, $P(3)$ değeri
I. 6
II. 12
III. 18
sayılarından hangilerine eşit olabilir?",Yalnız I,Yalnız II,Yalnız III,I ve II,II ve III,E
d0ff53fc-86ab-5230-aa4e-5ce5e415af1a,MATEMATIK,4 erkek ve 3 kız arasından en az biri seçilerek oluşturulacak gruplardan kişi tanesinde kız ve erkek sayıları eşittir?,34,35,36,37,38,C
78c9c449-1fb0-59bc-b937-08bcf1831a9c,EDEBIYAT,"15. asırda Osmanlıda dinî-tasavvufî kültürün olgunlaşmasında çok önemli bir yere sahip olan tasavvufî akımdır. --- adı verilen bu ekolün Anadolu'da büyük bir heyecanla karşılanmış ve bu tesiri yüzyıllarca devam etmiştir. Nitekim Evliya Çelebi, eserin Gelibolu, Ankara ve Amasya halkı arasında ezbere bilindiğini kaydeder. Saçı ve samimi ifadesi, akıcı üslubu ve halk dilinden tabirleriyle asırlardan beri geniş halk kitleleri üzerinde etkili olmuştur. Bu parçada boş bırakılan yere aşağıdakilerden hangisi getirilmelidir?",Rababname,Muhammediye,Mantıku't Tayr,Mihnetkeşan,Garipname,E
7da7e034-c865-5b85-b4c7-94d9c2804ef6,MATEMATIK,"Pozitif tam sayılar dizisinde 3'ün tam katlarının atılması sonucunda elde edilen,
$1, 2, 4, 5, 7, 8, 10, ...$
dizisinin yüzüncü terimi kaçtır?",146,147,148,149,150,D
2f222bf0-5031-55f4-a7b7-d340e581b900,EDEBIYAT,"Sanatçı; Türk edebiyatında felsefi ve sanatsal düşüncesini, ilgisini; gelenek ve modernlik arasındaki gerilimin bireyin ve toplumun dünyasında doğurduğu huzursuzluğa yoğunlaştırmıştır. Şairliğinin, edebiyat tarihçiliğinin ve tenkitçiliğinin yanında Türk edebiyatına kazandırdığı romanlarıyla önemli bir iz bırakmıştır. ""Mahur Beste"", ""Saatleri Ayarlama Enstitüsü"" gibi romanları; ""yeni insan, yeni hayat, Doğu ve Batı"" kavramları çerçevesinde değerlendirilir.
Bu parçada söz edilen yazar aşağıdakilerden hangisidir?",Ahmet Hamdi Tanpınar,Sevinç Çokum,Mithat Cemal Kuntay,Reşat Nuri Güntekin,Bahaeddin Özkişi,A
4de8fea5-d956-5659-ae02-2c64022f85d6,MATEMATIK,"Bolu'da düzenlenen Acil Matematik kampı için 11. sınıflardan 32 kişi, 12. sınıflardan 52 kişi aynı otelde konaklayacaktır. Her odada eşit sayıda ve aynı sınıftan öğrenci olmak şartıyla en az kaç odada gerekir?",24,21,18,16,13,E
1dee2d49-76a3-5858-a8c1-2b1d2a1e26fd,MATEMATIK,"$\tan(x+45) = \frac{1}{2}$
 olduğuna göre, $\tan x$ değeri kaçtır?",-3,-1,$\frac{1}{3}$,2,3,C
5ca38ce1-f9e3-5cb0-940c-cd1f506527d9,EDEBIYAT,"Bu destan, M

Bu iki parçada verilen destanlar aşağıdakilerden hangileridir?",Göç ve Türeyiş,Şu ve Alper Tunga,Oğuz Kağan ve Ergenekon,Şu ve Türeyiş,Bozkurt ve Alper Tunga,D
5a97e049-4d91-560a-8698-b035c305b41a,EDEBIYAT,"Gönüllerimiz birbirinden yamandır
Birbirimizden ayrılmayan amandır
Yalnızlığı ermişler anlarlar
Yahşi bizi yaman güne saklarlar
Bu şiirin biçim, içerik ve anlatım özellikleri dikkate alındığında aşağıdakilerin hangisine ait olduğu söylenebilir?",Ata Atacanoğlu,Mağcan Cumabay,Osman Türkay,Hüseyin Şehriyar,Süleyman Çolpan,D
a4e2bb6d-96b8-54c0-96b7-8f8d279c46de,MATEMATIK,"$a$ gerçel sayı olmak üzere, $|a-3|=8$ eşitliği veriliyor. Buna göre $10 - |3-a|$ ifadesinin eşiti kaçtır?",18,13,7,2,1,D
965c6762-1ab4-5f20-ad92-9c55c0384163,MATEMATIK,"$2a-\frac{1}{2a}=6$ olduğuna göre, $a^2+\frac{1}{4a^2}$ ifadesinin sonucu kaçtır?",37,34,13,11,10,E
fe3bb560-cd61-5f97-8f26-0b029f18ae4e,MATEMATIK,"$(a_n)=(2^n)$ geometrik dizisi ve ortak farkı $3$ olan $(b_n)$ aritmetik dizisi veriliyor. $b_x, b_y, b_z$ bu geometrik dizinin ardışık terimleridir. Buna göre, $a_x$ aşağıdakilerden hangisine eşittir?",$2^9$,$2^{12}$,$2^{15}$,$2^{18}$,$2^{20}$,E
97187796-3931-54db-8763-36765f6e8794,MATEMATIK,$P(x)=x^{46}+3x^2+4x-2$ polinomunun $x^2+x+1$ ile bölümünden kalan hangisidir?,$3x-6$,$2x+3$,$3x+3$,$3x+6$,$3x-2$,A
ef863ee2-9cf4-5b7b-89ff-a25f6487663c,MATEMATIK,$y=x$ doğrusunun $x^2+y^2-4x-2y=0$ çemberini kestiği noktalar arasındaki uzaklık kaç birimdir?,$\sqrt{2}$,2,$3\sqrt{2}$,$2\sqrt{2}$,3,D
76db453e-dc24-5810-b93d-d7ba2e85a819,EDEBIYAT,"Bu dönem, Türk toplumunun kimlik arayışı içinde olduğu, çalkantılı bir dönemdir. Bu yüzden şiir, kapılarını sonuna dek güncele açmıştır. Bu da onun hayatla irtibatını sağlamıştır. Şiir hiçbir dönemde görülmediği ölçüde sivilleşmiştir. Böylelikle ortada haykıran, direnen, değişimi savunan bir şiir olmuştur.
Aşağıdakilerden hangisi bu parçada anlatılan şiir anlayışını temsil eden bir örnek olamaz?","Parkta rastladığım adamın
Bir kolu kesikti bildiğimden
Çiftçiyiz.
Tekirdağ'ın köylerinden
Bir kızı varmış ölmüş
Bu şehri İstanbul'da
Kanı tutturmuş.
Kızımın mezarı nerde ben orda","Görüyorsun işte küçük adamları
Könemmiş silahlarıyla saldıran sana
Kimi tutsak düşmüş kendi dünyasına
Kimisi düpedüz halk düşmanı
Dirin öyleyse, diren, yılma
Yürüt daha bir inatla kavganı","Serin rüzgârlara pencereni aç!
Karşında fecirle değişen ağaç,
Bak, seyret ağaran rengini...Uykun
Mahmur gözlerinde süzülsün uykun.","Nereye bakıyorsun
İşte yaralı insanların fotoğrafları
İşte yangından çıkarılan çocuk cesetleri
Bu, savaşmış bir atının sakat kalan ayağı
Bu kesik kol, önemsiz bir iş kazası","Savaşa karşıdır bütün çocuklar
İşin: kör altında her sabah
Tükenip erise de solgun nefesi
yazın: göğsü sarmalı fabrikalarda
çarklar: döndürse de yoksul alevi
savaşa karşıdır bütün çocuklar
nice ölümlerden geçmişlerdir
nice rüzgârlar içmişlerdir
gelincik tarlası çocuklar",C
60b58cdc-b9ee-5182-99eb-bf284749e1f0,BIYOLOJI,"Biyokimyasal tepkimelere enerji veren ATP'de moleküllerinden hangileri bulunur?
I. pürin bazı
II. pirimidin bazı
III. karbonhidrat
IV. yağ
V. protein",I ve III,"I, II ve III",IV ve V,"II, III ve IV","I, IV ve V",A
4ffeba1b-8e14-5e58-829f-a4e93bb6c441,MATEMATIK,"$P(x) \cdot Q(x-1) = x^3 - 3x + 1$ eşitliği ve $P(x+1)$ polinomunun $x-2$ ile bölümünden kalan $38$, $Q(x)$ polinomunun $x-2$ ile bölümünden kalan $2$ olduğuna göre, $a$ kaçtır?",1,2,3,4,5,B
5701397c-34e4-581e-9518-19274fd65dc7,TURKCE,"Yapay zeka alanındaki yeni gelişmeler, ünlü bilim kurgu yazarı Isaac Asimov'un eserlerinde geçen üç robot yasasını tekrar gündeme getirdi: ""Bir robot, bir insana zarar veremez veya onun zarar görmesine seyirci kalamaz. Bir robot, birinci kurala çelişmediği sürece bir insanın emirlerine uymak zorundadır. Bir robot, birinci ve ikinci kurala çelişmediği sürece kendi varlığını korumakla mükelleftir."" Ancak makinaların gelişerek başlarına buyruk hareket etmesi, kuralları ihlal edip insanlarla bilim kurgu filmlerinde olduğu gibi savaşa girmesi uzak bir ihtimal olarak durmuyor. Yapay zeka üzerine araştırma yapan kişiler, robotların istenmeyen davranışlar sergilediğinde durdurulmasını sağlayan bir ""kırmızı düğme"" oluştukları söz ediyor. Fakat robotların uzun vadede öğrendikleri sayesinde bu düğmenin kendi çıkarına olmadığını anlayıp bunu devre dışı bırakma olasılığını göz önüne almıyorlar.
Bu parçada söz edilen Asimov yasalarına göre bir robot;
I. Birisinin hayatına son vermesi istenirse bu emri yerine getirir.
II. Kendisinin yok olacağını fark ettiği durumda insanlara zarar verebilir.
III. Başkaları tarafından kötü muamele gören kişilere yardım eder.
işlemlerinden hangilerini yerine getirir?",Yalnız I,Yalnız II,Yalnız III,I ve II,II ve III,C
8ef10b74-f7a2-59c9-ad4a-8b06b51d49e2,MATEMATIK,"Bir etüt merkezinde sabah ve öğlen olmak üzere iki kez soru çözümü yapılmaktadır. Soru çözümlerine 4'er öğretmen sabah ya da öğlen birer kez katılmaktadır. Soru çözümünde Fizik öğretmeni olması zorunludur. Buna göre, bu 8 öğretmen soru çözümlerine kaç farklı biçimde katılırlar?",40,50,60,70,80,D
1b43eab6-78b7-578c-b59e-8d9905906ba9,MATEMATIK,"$(\cos 10^\circ + \sin 40^\circ + \cos 40^\circ + \sin 10^\circ) \cdot \cos 25^\circ = p$ olduğuna göre, $\cos 50^\circ$ ifadesinin $p$ türünden eşiti aşağıdakilerden hangisidir?",$2p-1$,$1-2p^2$,$2p$,\frac{p^2}{2},$p$,A
e416108b-a911-5f6a-b337-7da87d0081b9,GEOMETRI,"Dik koordinat düzleminde, $A(1, 6)$ ve $B(-7, 2)$ noktaları bir $C$ noktasına göre simetriktir. Buna göre, $C$ noktasının orijine uzaklığı kaç birimdir?",$2\sqrt{3}$,4,$2\sqrt{5}$,5,$2\sqrt{7}$,C
85a79add-d984-55d8-a7ec-e5ebadfc0573,TURKCE,"Halk edebiyatının masal, türkü, şiir, deyiş gibi türlerini yakından tanıyan Sabahattin Eyüboğlu, halk şiirinin biçim özellikleriyle yeni şiir akımlarını kaynaştırarak kendine özgü bir şiire ulaşır. Eyüboğlu, halk dilinden ve şiirinden aldığı öğeleri kendine özgü biçimde kullanarak halk diline yaklaşma çabasını sonuna dek götürmüştür.

Bu parçada Sabahattin Eyüboğlu ile ilgili aşağıdakilerden hangisine değinilmemiştir?",Halk edebiyatının yakınen tanıdığına,Farklı şiir biçimlerini kaynaştırdığına,Halk şiirinden aldığı öğeleri olduğu gibi aktardığına,Halk şiirine yaklaşım çabasının olduğuna,Kendine özgü bir anlatım oluşturduğuna,C
f13c57a0-3ff0-51aa-9ca2-3ddb3e6a5994,MATEMATIK,"$\frac{1}{\sin^2 x} + \frac{1}{\cos^2 x} = \frac{16}{3}$ denkleminin $[0, \pi]$ aralığında kaç kökü vardır?",6,5,4,3,2,C
ba0cc650-927e-55ea-ba21-bc2111c1585d,MATEMATIK,"$A = \{1, 2, 3\}$ ve $B = \{3, 4, 5, 6\}$ kümeleri veriliyor. Buna göre, her $a \in A$ için $a + f(a) = 8$ koşulunu sağlayan kaç tane $f: A \to B$ fonksiyonu tanımlanabilir?",8,12,16,24,48,A
855254a7-6554-5839-a3c4-a2c7aa8b803f,MATEMATIK,Belirsizliği gidermek için ifadeyi düzenleyelim. $\lim_{\alpha \to 0} \frac{\alpha^2 - \sin^2 \alpha}{\alpha^2 - \sin^2 2\alpha} = \frac{0}{0}$,1,$\frac{1}{2}$,$\frac{1}{3}$,$\frac{1}{4}$,$\frac{1}{5}$,D
8931fe4b-8e62-5f34-8dba-fe16bfe8d60f,TURKCE,"İncelenen eserdeki oda, rüzgâr, ağaç, duman, kuş ve bulut imgelerine bakıldığında kullanılış biçimleri ile paralel olarak okuyucuyu üzerinde nasıl bir kavrayış düzlemi bırakacağı konusu üzerinde durulur. Bu dünyanın hayalî yazarıdır ve ne isterse gerçekleştirebilir. Yeryüzünü gerçekliği kavramaya çalışan okuyucu artık yaratıcının odasındadır ve kullanılan bütün imajlar okuyucuda bir etki bırakmak için oluşturulmuştur. Bu etki sayesinde olağan dışılık hayret verici hâle gelir. Sıradanlık mükemmelleştirilebilir. Rüzgârın, ağacın, dumanın, kuşun, bulutun artık maddesel sınırlılıklarından kurtulup insani bir eda ile insani bir düzene has bir ortamı seyretmesi yaratıcının okuyucuyu nasıl etkileyeceğinin bir göstergesidir. Sözcükler sihirli bir sopaya dönüşür ve okuyucunun gri gören gözleri renklerin mest eden kıvrımlarıyla bürünür. Bütün olasılık kuralları alt edilip varlığın kalıplı ve gaddar sınırları zorlanarak aşılabilir.
Bu parçada görüşlerini bu şekilde ifade eden bir yazar aşağıdakilerden hangisinin önemini vurgulamıştır?",Güçlü bir gözlem ve üslubun bir eseri nasıl kusursuz hâle getirebileceğini,"Yazarlığın ustalıktan çok, doğal bir yetenekten ibaret olmasını",Bir yazarın yaratıcı güç ve imgelerle eser içinde verebildiği etkileri,Yazarlık mesleğinin getirdiği bazı sosyal kazanımları,Yazar ve çevre arasındaki sürtüşmelerin durumunu,C
8a1c400b-e6f7-5115-9a88-93624cf40b2e,TARIH,"Çelebi Mehmet, Fetret Devri'nden sonra babası Yıldırım Bayezid'in yaptırdığı Gelibolu Tersanesi'ni tekrar faaliyete geçirince Venediklilerin saldırısı sonucu 1416'da Çalıbey Deniz Savaşı yapılmıştır.
Venediklilerin, Osmanlı Devleti'nin bu girişimlerinden rahatsızlık duymasının nedeni aşağıdakilerden hangisi olabilir?",Ticaret yollarının tehlikeye gireceği kaygısı,Osmanlı Devleti'nin Akdeniz'deki korsanlık faaliyetlerini sürdürmesi,Bizans'ın Venediklilerden yardım istemesi,Osmanlı Devleti'nin Bizans'la ittifak yapabileceği endişesi,Osmanlı Devleti'nin kanal projelerinden vazgeçmek istemesi,A
1d20713d-2e92-5bb8-bcb8-d6decfcb55e3,MATEMATIK,"$a = \sqrt{\frac{3}{2}}$, $b = \sqrt[3]{\frac{5}{2}}$ ve $c = \sqrt[6]{\frac{29}{6}}$ olduğuna göre, $a, b$ ve $c$ sayılarının doğru sıralanışı aşağıdakilerden hangisidir?",$c < b < a$,$b < a < c$,$b < c < a$,$a < c < b$,$c < a < b$,B
7aea770e-364f-5fb7-a0e8-0c53ebcf6c93,FIZIK,"Enerji verimliliğini arttırmak ve tasarruf sağlamak için, I. Binalara ısı yalıtımı yapmak II. Yenilenebilir enerji kaynakları kullanmak III. A sınıfı elektrikli ev aletleri kullanmak verilenlerden hangileri yapılmalıdır?",Yalnız I,Yalnız II,I ve II,II ve III,"I, II ve III",E
5de19e2e-1c4a-50d3-aa67-1aabeae41667,KIMYA,"1 mol organik bileşik ile ilgili aşağıdaki bilgiler veriliyor. - Tamamen yakıldığında 3 mol $H_2O$ oluşuyor. - Yeterli miktarda Mg metali ile olan tepkimesinden 1 mol $H_2$ gazı açığa çıkıyor. Buna göre, bileşiğin yapı formülü aşağıdakilerden hangisinde doğru olarak verilmiştir?",$COOH \\ | \\ CH_2 \\ | \\ COOH$,$COOH \\ | \\ CH_2 \\ | \\ CH_2 \\ | \\ COOH$,$CH_3 \\ | \\ CH_2 \\ | \\ COOH$,$COOH \\ | \\ COOH$,$COOH \\ | \\ C=O \\ | \\ COOH$,A
deef9fb1-9570-50a7-b4d8-3f4fbb3b36a1,FIZIK,"Bir paraşütçü limit hızla aşağıya doğru inerken, kinetik enerjisi $E_1$, yere göre potansiyel enerjisi $E_2$ ve sürtünmeye harcanan ısı enerjisi $E_3$ nasıl değişir?",Artar Azalır Değişmez,Azalır Azalır Artar,Değişmez Azalır Artar,Değişmez Azalır Değişmez,Artar Artar Değişmez,C
8ae8ca6d-1270-510f-8574-53ec9bfcae39,EDEBIYAT,"Numaralanmış cümlelerde hakkında bilgi verilen sanatçı aşağıdakilerden hangisidir?
I. Şiirini genelde ikiliklerden ve dörtlüklerden oluşur.
II. Kısa ancak yoğun bir söyleyiş özelliği vardır.
III. ""Alay ve taşlama"" şiirine egemen olan ögelerdir.
IV. Dünya Kaçı Gözüme, Yuvarlağın Köşeleri, Lavinya eserlerinden bazılarıdır.",Bedri Rahmi Eyüboğlu,Özdemir Asaf,İsmet Özel,Haydar Ergülen,Behçet Kemal Çağlar,B
090ddb58-4aa9-5d5d-ae9d-b3a67ede9a3e,TURKCE,"Eskiye ışık tutarak geçmişi canlandırmak, arkeoloji biliminin esas amaçlarından başında gelir. İlk oluşturulan yapıları günümüze taşıma sosyal ve teknik açıdan derinlemesine tanımlayabilmek ve insanların onu anlamasına yardımcı olmak arkeolojinin amaçlarındandır. Bu amaçla eski kültür kalıntılarını derin araştırma teknikleri ile ve diğer bilimlerden yardım alarak bulup ortaya çıkarmaktır. Kazmak, arkeoloji bilimi için amaç değil “araç”tır. Bu durum kesinlikle karıştırılmaması gereken bir bilgidir. Arkeoloji, ortaya çıkarılan eski kültür kalıntılarını doğru bir biçimde tanımlayıp gereken restorasyon çalışmalarıyla geçmiş kültürleri hem görsel açıdan hem de kültürel ve tarihi bilgi açısından aydınlığa kavuşturur.
Bu parçada yazarın üzerinde durduğu konu aşağıdakilerden hangisidir?",Arkeoloji biliminin son zamanlarda hak ettiği ilgiden mahrum kalması,Arkeoloji biliminde hedeflenenin geçmişin görünür hâle getirilmek olması,Geçmişteki kültürlerin geleceğin şekillenmesinde büyük rol oynaması,Arkeoloji ile kazılacak ve derinlemesine araştırma yapılacak yerlerin özene seçilmesi,Arkeolojik buluntuların değerlendirilmesinde uzman bilim insanlarının yetiştirilmesi,B
ef8e8b06-1fa0-56e9-9c1e-42481be172bb,MATEMATIK,"$0 \le x < 2\pi$ olmak üzere, $\tan(4x) = \sqrt{3}$ denklemini sağlayan en küçük $x$ gerçek sayısı kaçtır?",$\frac{\pi}{18}$,$\frac{\pi}{15}$,$\frac{\pi}{12}$,$\frac{\pi}{10}$,$\frac{\pi}{6}$,C
ea13016f-10d3-5389-a27c-21c351b6dcaf,MATEMATIK,"$x$ ve $y$ gerçel sayılar olmak üzere,
$\frac{1}{7} < \frac{1}{x} < \frac{1}{3}$
$\frac{1}{5} < \frac{1}{y} < \frac{1}{2}$
eşitsizlikleri veriliyor.
Buna göre, $x+y$ toplamının en geniş değer aralığı aşağıdakilerden hangisidir?","$[5, 12]$","$(5, 12)$","$(9, 12]$","$[5, 10]$","$(5, 10)$",B
ed692ff9-71ae-5822-bc31-105820c794da,KIMYA,"25 °C'de 0,5 M'lik $NH_3$ çözeltisinin pH'ı 11'dir. Bu çözeltiye göre $NH_3$ için, I. $K_b = 2 \times 10^{-5}$'tir. II. %2 oranında iyonlaşmıştır. III. Aynı sıcaklıktaki 0,02 M'lik çözeltisinde $2 \times 10^{-4}$ M $OH^-$ iyonu bulunur. yargılarından hangileri doğrudur?",Yalnız I,I ve II,I ve III,II ve III,Yalnız III,B
5cc1574c-66da-5675-9f81-d3ec39514670,MATEMATIK,"1'den 24'e kadar numaralandırılmış kutulardan tek numaralı kutuları Serap, çift numaralı kutuları Aylin almıştır.
Serap ve Aylin kutularının numaralarını topladığında toplamlarının eşit olmadığını görünce Aylin aldığı bir kutuyu Serap'a veriyor.
Son durumda ikisinin de aldığı kutuların numaraları toplamı eşit olduğuna göre Aylin, kaç numaralı kutuyu Serap'a vermiştir?",6,8,10,12,14,D
ae227776-e301-5cf2-be0e-4de948866b25,KIMYA,"$BaCO_3$ katısı için belirli bir sıcaklıkta $K_{çç}$ değeri $8,1 \cdot 10^{-10}$ olduğuna göre, $BaCO_3$ katısının bu sıcaklıkta saf sudaki çözünürlüğü kaç $\frac{\text{mol}}{\text{L}}$ dir?","$8,1 \cdot 10^{-9}$",$9 \cdot 10^{-5}$,"$8,1 \cdot 10^{-5}$",$81 \cdot 10^{-7}$,$9 \cdot 10^{-7}$,B
574604b2-0376-592d-9e58-d6e5ba8af83d,FIZIK,Aşağıdaki fiziksel niceliklerden hangisi yalnız büyüklük ve birimle tanımlanırsa yetersizdir?,Kütle,İvme,Sıcaklık,Enerji,Hacim,B
0ae2dbda-0f96-563b-b108-5a3ac24106e5,MATEMATIK,$4$ cm uzunluğundaki bir telden bir eşkenar üçgenle bir kare meydana getiriliyor. Alanlar toplamının minimum olması için eşkenar üçgenin bir kenarı kaç cm olmalıdır?,$\frac{12}{9+4\sqrt{3}}$,$\frac{11}{9+4\sqrt{3}}$,$\frac{10}{9+4\sqrt{3}}$,$\frac{8}{9+4\sqrt{3}}$,$\frac{6}{9+4\sqrt{3}}$,E
c825e581-5166-56f3-8255-0d81ae5f3c2f,MATEMATIK,"Bir düzlem üzerinde A, B ve C noktaları arasında, $|AB| = \log_2 24$ metre ve $|AC| = \log_2 36$ metre eşitlikleri vardır. Buna göre, B ve C noktaları arası uzaklığın alabileceği kaç farklı tam sayı değeri vardır?",8,7,6,5,4,E
1439ddbb-31bc-5ec6-ac84-c4f76ac0aabe,MATEMATIK,"Verilen bir $a$ pozitif tam sayısının karekökü, $b$ ve $c$ birer pozitif tam sayı olmak üzere $\sqrt{a} = b\sqrt{c}$ biçiminde yazılabilir. Bu eşitlikte $b$'nin en büyük değerini aldığında, $\sqrt{a}$ sayısı önce $b$ sayısı kadar kırmızı, sonra $c$ sayısı kadar mavi kare kullanılarak modelleniyor. Örneğin; $\sqrt{128} = 8\sqrt{2}$ olduğundan $\sqrt{128}$ sayısı bu biçimde modellenir. Bu kurala göre modellenen aşağıdaki sayılardan hangisinin modelinde kullanılan toplam mavi kare sayısı toplam kırmızı kare sayısından fazla olur?",$\sqrt{32}$,$\sqrt{48}$,$\sqrt{72}$,$\sqrt{96}$,$\sqrt{108}$,A
ff9b97b4-8f87-5e31-81c7-b662540ae8fb,MATEMATIK,$2x - 3y + 5 = 0$ doğrusuna paralel olan ve $3x + y - 6 = 0$ doğrusu ile x ekseni üzerinde kesişen doğrunun denklemi aşağıdakilerden hangisidir?,$3x + y + 4 = 0$,$3x + y - 5 = 0$,$2x - 3y - 6 = 0$,$2x - 3y - 4 = 0$,$2x - 3y + 1 = 0$,C
3c4b242f-5782-525b-88a9-99af3484d5d5,TURKCE,"Türk edebiyatında ve sosyolojisinde Batılılaşma olgusuna ilişkin, karmaşık süreçlere işaret eden geniş bir literatür mevcut olmakla birlikte, bu çalışmada Heredot Cevdet'in Neşet Ömer'deki film incelemesinden Kemal Tahir'in görüşlerinden hareket edilmiştir. Bunun da başlıca nedeni, Kemal Tahir'in Batılılaşma ve sorunlarını, Osmanlı Devleti'nin kuruluş döneminden itibaren ele alıp sorgulamasıyla özgün bir yaklaşım ortaya koymuş olmasıdır. Ancak filmin yönetmen/senaristiyle Kemal Tahir'in devlet ve toplum konusundaki görüşleri arasında belirgin ayrımlar bulunmaktadır. Diğer yandan bugünün sorunlarının kaynağının Osmanlı'nın kuruluş dönemine kadar götürülmesi ve tarihe yaklaşım biçimleri bakımından ise pek çok benzerlik de göze çarpar.
Bu parçada söz edilen filmle ilgili aşağıdakilerden hangisi söylenebilir?","Kemal Tahir, filmdeki içeriği Osmanlı'da Batılılaşma olgusu temelinde ele almıştır.","Yönetmen/senarist, filmde Kemal Tahir'in görüşlerine dayanarak oluşturulmuştur.","Film, Kemal Tahir ve yönetmen/senaristin ortak bir çalışması olarak ele alınabilir.",Kemal Tahir'in görüşleri filmi incelemede önemli bir dayanak noktası sunmaktadır.,"Filmde olay, Osmanlı Devleti'nin kuruluş yıllarında geçmektedir.",D
bfa24d25-c39e-5774-a3ea-d620e8d7cae8,GEOMETRI,"Dik koordinat düzleminde, $d_1: y = ax + b$ ve $d_2: y = bx + a$ doğruları veriliyor. $d_1$ doğrusunun x ekseni doğrultusunda 2 birim sağa, $d_2$ doğrusunun y ekseni doğrultusunda 2 birim aşağı ötelenmesiyle elde edilen doğrular $(3, 1)$ noktasında kesişiyor. Buna göre, $2a + b$ toplamı kaçtır?",1,2,3,4,5,C
f26555ef-6c22-51a5-b79b-34bd49666fad,MATEMATIK,"$a$ çift, $b$ tek pozitif tam sayı olmak üzere, I. $3^{108}+2^{11}$ II. $2^{109} \cdot 7^0$ III. $a+b+a \cdot b$ işlemlerinden hangilerinin sonucu tek sayıya eşittir?",Yalnız I,I ve II,I ve III,II ve III,"I, II ve III",C
57e0f659-552b-5ba3-90aa-07c3267b5d30,MATEMATIK,"$a$ ve $b$ gerçel sayıları için, I. $a<b$ ise $a^2<b^2$ olur. II. $a^3<a$ ise $a<0$ olur. III. $0<a<1$ ise $a^2<a$ olur. ifadelerinden hangileri kesinlikle doğrudur?",Yalnız I,Yalnız II,Yalnız III,I ve III,II ve III,C
6a32540f-85d6-592e-92c3-b70b1416be5c,GEOMETRI,Dik koordinat düzleminde $3x+4y-24=0$ doğrusunun koordinat eksenleri ile oluşturduğu bölgenin iç teğet çemberinin denklemi nedir?,$(x+1)^2+(y+1)^2=1$,$(x-1)^2+(y-1)^2=1$,$(x-2)^2+(y+2)^2=4$,$(x-2)^2+(y-2)^2=4$,$(x-1)^2+(y-2)^2=4$,D
d32cc3d6-1948-5513-8c0e-65f7a8927cbe,KIMYA,H$_{3}$PO$_{4}$ + Mg(OH)$_{2}$ $\rightarrow$ ... tepkimesinde oluşan tuzun formülü aşağıdakilerden hangisinde doğru verilmiştir?,MgPO$_{4}$,H$_{2}$O,Mg$_{3}$PO$_{4}$,Mg$_{3}$(PO$_{4}$)$_{2}$,Mg(PO$_{4}$)$_{2}$,D
5a513471-8598-5815-bf70-178d54ffb87d,TARIH,"• Konya'nın Çumra ilçesinin 10 km güneydoğusunda yer alır. • MÖ 7000'li yıllardan kalma bir yerleşim yeridir. • Neolitik Çağ'a ait buluntulara rastlanmıştır. • Penceresiz ve girişleri çatidan olan kerpiç evler bulunmaktadır. Tarih öncesi döneme ait bu yerleşim yeri, aşağıdakilerden hangisidir?",Alacahöyük,Göbeklitepe,İkiztepe,Çatalhöyük,Alişar,D
1d153f03-f3da-5aa9-a956-ffec9fa87f3e,MATEMATIK,"$170^\circ < \alpha < 1800^\circ$ aralığındaki bir $\alpha$ açısının esas ölçüsü $75^\circ$'dir. Buna göre, bu şartı sağlayan kaç farklı $\alpha$ açısı yazılabilir?",3,4,5,6,7,C
7968f5db-c110-5e69-bace-7ae97ee16009,KIMYA,"Oda koşullarında 0,5 er mol $HNO_3$ ve $NaOH$ içeren iki ayrı sulu çözelti eşit hacimde karıştırılıyor.
Buna göre;
I. Nötralleşme tepkimesi gerçekleşir.
II. Son çözeltinin pH değeri 7 dir.
III. Tepkime sonucunda çözeltideki $H^+$ ve $OH^-$ iyonları derişimi saf suyunkine eşittir.
ifadelerinden hangileri doğrudur?",Yalnız I,Yalnız II,I ve II,II ve III,"I, II ve III",E
e3a99773-605e-593f-8d34-8c12ea86001d,MATEMATIK,"$a$ gerçek sayı olmak üzere, $\lim_{x \to a} [f(x) \cdot g(x)] = 4$ ve $\lim_{x \to a} [g(x) + 2f(x)] = 5$ olduğuna göre, $\lim_{x \to a} f(x)$ limitinin değeri kaçtır?",1,2,3,4,5,C
6f20e353-87da-5954-8716-038b81ef9903,MATEMATIK,"$2a+1$ ile $3b-2$ aralarında asal iki sayı olmak üzere, $\frac{2a-1}{3b-2} = \frac{63}{165}$ olduğuna göre, $a+b$ toplamı kaçtır?",32,31,30,29,28,B
6448edcd-eec1-5e61-834e-422e5ce5d151,MATEMATIK,"$f$ gerçek sayılarda türevlenebilen bir fonksiyon olmak üzere, $\int \frac{f(\sqrt{x})}{\sqrt{x}} dx$ integraline $x=u^2$ değişken değiştirmesi uygulanırsa aşağıdaki integrallerden hangisi elde edilir?",$\int f(u) du$,$2 \int f(u) du$,$2 \int \frac{f(u)}{u} du$,$2 \int f(u) \cdot u du$,$\int f(u) \cdot u du$,B
f6e2b497-4214-57b8-a412-076a21dd4433,FIZIK,Bir dalga leğeninde oluşturulan dalgaların ilerleme hızı $10 \text{ cm/s}$'dir. Ardışık $5$ dalga tepesi arası uzaklık $8 \text{ cm}$ olduğuna göre dalga kaynağının frekansı kaç $\text{s}^{-1}$ dir?,5,4,3,2,1,E
99b78694-ea4b-5761-99cb-e49ec46f4385,MATEMATIK,"$x$ ve $y$ pozitif gerçek sayılar olmak üzere, $\log_9 x = \log_{12} y = \log_{15} (x+y)$ olduğuna göre, $\frac{x}{y}$ oranı kaçtır?",$\frac{9}{25}$,$\frac{3}{5}$,$\frac{3}{25}$,$\frac{3}{16}$,$\frac{16}{25}$,B
a0471023-b39d-5305-afa9-8d0aba7f4ce1,MATEMATIK,"$x^2-5 x y+y^2=4$ olduğuna göre, $\frac{x}{y}$ ifadesinin alabileceği değerler toplamı kaçtır?",1,2,3,4,5,E
216ba8c4-52df-5118-8a1c-a32e1b404ae1,MATEMATIK,"$a,b,c$ sayıları sırasıyla $2,3,4$ ile orantılıdır. $a+b+c=54$ olduğuna göre, $c$ kaçtır?",12,18,24,30,36,C
551af7fc-6023-590e-ae32-204acc4d5b2d,TURKCE,"Sanal ortamdaki özgürlük, bireylere sınırsız paylaşım imkânı sağlamaktadır. İnternet, bireylerin duygu ve düşüncelerini özgürce paylaşabildiği, farklı görüşlerin ve her konuda derlenmiş bilgilerin paylaşıldığı bir ortamdır. Bu sayede sanal ortamda sonu gelmeyen bilgi birikimi oluşmaktadır fakat sistemdeki bilgilerin herhangi bir kontrol mekanizmasından yoksun olması ""bilgi kirliliği""ni de beraberinde getirmektedir. Bu paylaşımların bilimsel değerlere bağlı olamayıp doğru kaynaklardan yapılmaması da yine doğru bilgiye ulaşmayı zor hâle getirmektedir. Belirli bir konu ile ilgili bilgiye ulaşmak isteyen kullanıcılar, çoğu zaman araştırma konusu ile alakasız, yanlış ve güvenilir olmayan birçok bilgiye de ulaşabilmektedir. Bu durum sanal ortamda karmaşa ve erişim problemi oluşturmaktadır. Bu nedenle hangi bilgilere dikkat edilmesi gerektiği ya da hangilerinin dikkate alınmaması gerektiği büyük önem taşımaktadır.

Bu parçada yazarın üzerinde özellikle durduğu durum aşağıdakilerden hangisidir?",Sanal ortamların son zamanlarda her yaştan insanların buluşma noktası olduğu,Özgürlüğün sanal ortam da dâhil her ortamda aranan bir unsur olduğu,Sanal ortamların insanların bilgiye hızlı ulaşmasına olanak sağladığı,Sanal ortamlardaki bilgiye ulaşım kolaylığının bilgilerin filtrelenmesinde sıkıntı oluşturduğu,Sanal ortamdaki karmaşanın pek çok kullanıcıyı ortamdan uzaklaştırdığı,D
ab741a37-f038-59bf-a5d9-fd7d97b54b2b,MATEMATIK,"$\alpha$ bir gerçek sayı olmak üzere, $\sin\alpha$ ifadesinin değeri aşağıdakilerden hangisi olabilir?",$-\frac{5}{2}$,$-\frac{7}{3}$,$\frac{3}{4}$,$\frac{5}{2}$,$\frac{7}{2}$,C
201fa309-8516-5625-aca6-82e004ae0ed2,MATEMATIK,"$(a_n)$ sabit bir dizi, $r_n = \frac{p^2-np+1}{r-2} \cdot \frac{p-2}{n-2}$ olduğuna göre, $r$ kaçtır?",1,2,3,4,5,E
7a453c2e-8a5a-56e3-841f-b65f850603b3,TARIH,"XVIII. yüzyılın sonlarına doğru Osmanlı Devleti'ndeki; I. subay yetiştirmek amacıyla yeni okulların açılması, II. yerli malı kullanımının teşvik edilmesi, III. Yeniçeri Ocağında birtakım düzenlemeler yapılması gelişmelerî için aşağıdakilerden hangisi söylenemez?",Askerî eğitime önem verilmeye başlandığı,Devlet kurumlarının özerk hâle getirildiği,Disiplinli bir ordu teşkilatının kurulmasına çalışıldığı,İthal mallara karşı yerli üretimin piyasadaki gücünün artırılmaya çalışıldığı,Askerî ve ekonomik alandaki sıkıntıların giderilmeye çalışıldığı,B
5ffabdb9-886f-57cd-8c45-ef745c04ad52,MATEMATIK,"Aşağıdaki kutular için renklerine göre kurallar belirlenmiştir.
• Mavi kutu içinde bulunan her bir sayı hemen solunda bulunan kutu içindeki sayının 3 katından 2 eksiktir.
• Sarı kutu içinde bulunan her bir sayı hemen solunda bulunan kutu içindeki sayının yarısından 3 fazladır.
Örneğin:
şeklindedir.
olduğuna göre, $x$ değeri kaçtır?",24,28,36,40,42,C
3898f0f7-1fca-523a-9f05-f76878be74e5,KIMYA,"İki basamaklı gerçekleşen bir tepkimede yavaş ve hızlı adımların denklemleri aşağıda gibidir.
I. $A_{2(g)} + B_{2(g)} \to A_2B_{2(g)}$ (Yavaş)
II. $A_2B_{2(g)} + B_{2(g)} \to 2AB_{2(g)}$ (Hızlı)
Buna göre, bu tepkime ile ilgili aşağıdakilerden hangisi yanlıştır?",Net tepkime: $A_{2(g)} + 2B_{2(g)} \to 2AB_{2(g)}$ şeklindedir.,$A_2B_2$ ara üründür.,Tepkimenin derecesi 2'dir.,Tepkimenin moleküleritesi 2'dir.,"I. tepkimenin aktifleşme enerjisi, II. tepkimenin aktifleşme enerjisinden daha büyüktür.",D
cbf5f5fc-94f7-5e18-be09-d0a8dd24454e,GEOMETRI,"Dik koordinat düzleminde $3x+2y-6=0$ doğrusunun $(-1, 2)$ noktasına göre yansıması olan doğru $(a, 2)$ noktasından geçtiğine göre, $a$ kaçtır?",-\frac{8}{3},-1,-\frac{2}{3},-2,1,A
817ca331-0081-50b2-bd23-d0726513ac82,MATEMATIK,"3 blokluk bir site inşaatında önce iki blok bitiyor. Bu iki blokta sadece $2+1$ tipi ve $3+1$ tipi daireler bulunmakta olup $2+1$ tipindeki daire sayısı $3+1$ tipindeki daire sayısının 5 katı olmaktadır.
Sadece 24 adet $3+1$ tipi dairelerden oluşacak 3. blok inşaatı bittiğinde sitede bulunan $2+1$ tipi daire sayısı, $3+1$ daire sayısına eşit olacaktır.
Buna göre, sitenin tamamı bittiğinde sitede bulunan $2+1$ tipi daire sayısı kaç olur?",20,24,30,36,40,D
8ff29146-b033-5b0d-aef1-f46cb7912e19,MATEMATIK,$$(x+7) \cdot (x-3) < 0$$ $$\frac{x-5}{x+2} \ge 0$$ eşitsizlik sisteminin en geniş çözüm aralığındaki tam sayıların toplamı kaçtır?,-2,-1,0,1,2,C
b3b6e916-b2e6-5691-8bb8-58b4ee28576e,MATEMATIK,"$P(x)=2x^2-33x^2-16x-1$
polinomunun $(x-17)$ ile bölümünden kalan kaçtır?

Ayşe, yukarıdaki soruyu aşağıdaki adımları izleyerek çözmüştür.

1. adım: $P(x)$ polinomunun $(x-17)$ ile bölümünden kalan $P(17)$ değeridir.
2. adım: $P(x)=2x^2-33x^2-16x-1$ şeklinde yazılabilir.
3. adım: $P(17)=2(17)^2-33(17)^2-16(17)-1$ dir.
4. adım: $P(17)=(2-33)(17)^2-16(17)-1$ dir.
5. adım: $P(17)=-31(17)^2-16(17)-1$ olup, $O$ hâlde kalan 16 olur.

Çözüm ile ilgili olarak,
I. 1. adım doğrudur.
II. 2. adım hatalıdır.
III. Sonuç yanlış bulunmuştur.

ifadelerinden hangileri doğrudur?",Yalnız I,Yalnız II,Yalnız III,I ve II,"I, II ve III",E
5e1f0b7c-d587-5272-a380-faf282caa2a3,MATEMATIK,$(a_n) = (n^2 - 9n + 20)$ dizisinin en küçük terimi kaçtır?,8,9,10,11,12,D
526936d0-8bf5-59b9-8c97-593ad2a88315,FIZIK,Piknik yapıldıktan sonra ormana bırakılan cam şişeler güneşin etkisiyle yangın çıkarabilmektedir. Cam şişelerin bu özelliği fiziğin hangi alt alanının inceleme konusudur?,Optik,Jeoloji,Mekanik,Atom fiziği,Nükleer fizik,A
5583605a-0dd5-514f-b2cf-aa46f4c96e33,KIMYA,"Temel hâldeki elektron dağılımında 9 tam dolu, 1 yarı dolu orbitali olan nötr X atomu ile ilgili,
I. Elektron dağılımı $4s^1$ orbitali ile sonlanır.
II. Elektron dağılımı Aufbau ilkesine uygundur.
III. Değerlik elektronun $m_s$ değeri sıfırdır.
yargılarından hangileri doğrudur?
(Manyetik spin kuantum sayısı: $m_s$)",Yalnız I,Yalnız II,I ve II,I ve III,II ve III,A
0baa72e0-578d-53a9-91ee-d0aea437ec1f,MATEMATIK,"$15^x = 3$
$5^y = 2$
olimits
 olduğuna göre, $15^{x-y}$ ifadesinin eşitî kaçtır?",2,4,6,8,16,C
0f97943f-fdc5-53ac-b496-1cbeda0fa1e9,MATEMATIK,"$x^2+y^2=52$ ve $x+y=8$ olduğuna göre, $(x-y)^2$ ifadesinin değeri kaçtır?",38,40,42,44,46,B
a664b328-7543-5019-b162-9b52d5b61540,MATEMATIK,"Batuhan bir işi 18 saatte, Devran aynı işi $t$ saatte bitiriyor. Batuhan ve Devran bu işi birlikte 12 saatte bitiriyorlar.
Buna göre,
I. $t$'nin değeri 36'dır.
II. Devran'ın çalışma hızı, Batuhan'ın çalışma hızının iki katıdır.
III. Batuhan çalışma hızını iki katına çıkarırsa, Devran çalışma hızı mı yarıya düşürürse aynı işi birlikte 8 saatte bitirirler.
ifadelerinden hangileri doğrudur?",Yalnız I,I ve II,I ve III,II ve III,"I, II ve III",A
3e03229f-de2c-5794-a395-a8842e5718fe,MATEMATIK,"2019 yılında Aylin 14 yaşındadır. Aylin'in ablası Şermin ise Aylin'den 5 yaş büyüktür. Buna göre, Şermin'in doğum tarihinin rakamları toplamı kaçtır?",2,3,6,8,10,B
5086492d-628d-5e91-bfaf-60a793ff7aa2,MATEMATIK,$\\int_{1}^{4} \\frac{x^2-x-6}{x-3}dx$ integralinin değeri kaçtır?,\\frac{21}{2},\\frac{31}{3},\\frac{61}{8},10,\\frac{59}{6},E
8343f8f7-3640-59c3-906c-7fea0b763b3d,MATEMATIK,"$f$ tanımlı olduğu aralıkta bir fonksiyondur. $y = f(\frac{x}{2}-1)$ fonksiyonunun tanım aralığı $(m, 30)$ $y = f(3x+2)$ fonksiyonunun tanım aralığı $(-4, n)$ olduğuna göre, $m+n$ toplamı kaçtır?",-15,-14,-13,-12,-11,C
80306ce7-b8a3-5b0a-be6c-04b328602e44,TARIH,"Atatürk, Türk tarihi hakkında araştırma yapmak, bilim insanları yetiştirmek amacıyla; I. Türk Tarih Kurumu, II. Dil ve Tarih-Coğrafya Fakültesi, III. Türk Dil Kurumu gibi kurumlardan hangisinin açılmasına öncülük etmiştir?",Yalnız I,Yalnız II,Yalnız III,I ve II,II ve III,D
e80ccf26-be9a-50a8-8652-a47b5c225e35,MATEMATIK,"Bir sınıfta 6 sıra daha gelirse öğrenciler her sıraya 3 erli oturabiliyor. Eğer sınıfa sıra gelmeden 10 öğrenci daha gelirse her sıraya 4 erli oturabiliyor. Buna göre, bu sınıfta başlangıçta kaç sıra vardır?",12,16,20,24,28,E
2ef527df-601f-519c-ab5a-772fb53952ea,MATEMATIK,"$(a_n) = (n^2-5n+k)$ dizisinin en küçük terimi 7 olduğuna göre, k kaçtır?",7,9,11,13,15,D
abf6988f-39b5-59c9-8694-43af77168fb0,MATEMATIK,$x \cdot |x-1|=6$ denkleminin çözüm kümesi aşağıdakilerden hangisidir?,"$(-2, 3)$","$(2, 3)$",$(-2)$,$(3)$,"$(-6, 1)$",D
89ffb662-85ce-56f8-ba35-1327ebd91b60,TARIH,"Yıldırım Bayezid Dönemi'nde Bizans İmparatorluğu'nun Balkan ülkelerini kışkırtması, Haçlı Seferleri'ne önayak olması ve Karamanoğulları'yla Osmanlı Devleti'ne karşı ittifak kurması nedenleriyle İstanbul kuşatılmıştır. Ancak kuşatma devam ederken Macarların İstanbul'a doğru hareket etmesi üzerine kuşatma kaldırılmıştır.
Buna göre aşağıdakilerden hangisi söylenemez?",Bizans'ın askerî ve siyasi olarak Osmanlıları zor duruma düşürmek istediği,Osmanlıların üzerinde yaşanan sorunlara bağlı olarak toprak kaybettiği,Batı'nın İstanbul'u Hristiyan dünyası için önemli bir şehir olarak gördüğü,"Karamanoğullarının, Osmanlı Devleti'nin güçlenmesinden rahatsızlık duyduğu",Osmanlı Devleti'nin birden fazla sorunla başa çıkmak zorunda kaldığı,B
dbc48c6c-6e33-5f9a-bfe4-a86f0aa6a382,MATEMATIK,"$100!$ sayısı yaklaşık olarak $9,33 \cdot 10^{157}$ sayısına eşit olduğuna göre, $ \frac{99!}{3^{11}} $ sayısı yaklaşık olarak aşağıdakilerden hangisine eşittir?",$9 \cdot 10^{152}$,$6 \cdot 10^{152}$,$3 \cdot 10^{153}$,$3 \cdot 10^{155}$,$6 \cdot 10^{154}$,C
89dd1ce7-f8fe-528f-bbbc-7a7e903284fd,TARIH,"Osmanlı Devleti'nde yönetim kadrosu yaptığı görev bakımından seyfiye, ilmiye ve kalemiye gibi sınıflara ayrılmıştır. Buna göre veziriazamın; I. devletin mühürünü taşıması, II. padişah sefere çıkmadığı zamanlarda orduya komutanlık yapması, III. divana başkanlık yapması gibi yetkilerinden hangileri onun seyfiye sınıfına mensup olduğunun kanıtlamaktadır?",Yalnız I,Yalnız II,I ve II,I ve III,"I, II ve III",E
137161c1-1fda-570c-a486-d6d42950ca2b,MATEMATIK,$f(x)=\frac{x^2-1}{\sqrt{1-\log(2-x)}}$ fonksiyonunun en geniş tanım kümesinde kaç tane tam sayı vardır?,9,8,7,6,5,E
25e2045b-7db4-5de6-9e81-9b0bd0dbf005,MATEMATIK,$(x^2+2x) \cdot (5x-x^2) > 0$ eşitsizliğini sağlayan kaç tane pozitif tam sayısı vardır?,4,5,6,7,8,A
5de43713-19ad-5919-946c-4bc1dfe1774f,MATEMATIK,$\sin(\pi+\alpha) + \cos\left(\frac{\pi}{2}+\alpha\right) : \cos(\pi-\alpha) \cdot |\sin\left(\frac{\pi}{2}-\alpha\right)|$ ifadesinin eşiti aşağıdakilerden hangisidir?,$-\sin\alpha + \cos\alpha$,$\cot\alpha$,$2\cot\alpha$,$\sin\alpha + \cos\alpha$,$-2\sin\alpha$,E
e8c6e884-a74b-5c5f-ada4-88e1cd4996da,MATEMATIK,$x^2-(m-1)x+4=0$ denkleminin kökleri $x_1$ ve $x_2$ dir. $x_1^2x_2-x_1x_2^2<0$ eşitsizliğini sağlayan kaç tane $m$ tam sayısı vardır?,1,2,3,4,5,C
ca22ad7b-dc18-5a6b-ad2e-09b6415988b0,MATEMATIK,"Bir firma ürettiği her bir parfüm şişesine, bu şişelerin paketlendiği her bir kutuya ve bu kutuların konulduğu her bir koliye birer adet etiket yapıştırıyor. Buna göre, toplam 264 etiket yapıştırıldığı bir siparişteki parfüm şişesinin sayısı kaçtır?",210,240,280,300,360,B
9b1ce821-199e-55ee-be11-1bf183b921de,MATEMATIK,"$a$, pozitif bir gerçek sayı ve gerçek sayılar kümesi üzerinde tanımlı $f$ fonksiyonu, $f(x) = \begin{cases} x^2+1, & x \le 1 \\ 2x-1, & x > 1 \end{cases}$ olmak üzere, $\int_{-2}^{3} f'(x) dx = \int_{0}^{a} f(x+1) dx$ eşitliği vardır. Buna göre, $a$ kaçtır?",3,4,5,6,7,E
e43f0fc0-a239-5661-adc1-63f0a68b62b0,MATEMATIK,"$\\int_0^1 \\frac{\\sin x}{x+1} dx = A$
olduğuna göre, $\\int_0^1 \\frac{\\cos^2 x}{x+1} dx$ ifadesinin A türünden eşitliği aşağıdakilerden hangisidir?",$\\frac{1}{2} - A$,$1 - A$,$A$,$\\frac{1}{2} + A$,$1 + A$,B
99b0bea5-303d-57fa-8882-db0286c6f9f0,MATEMATIK,"Sorusunu çözmeye çalışan bir öğrenci, 10'u kız 10'u erkek olan bir sınıfı düşünüp bu sınıftan; 10 erkek - 0 kız, 9 erkek - 1 kız, 8 erkek - 2 kız, ..., 0 erkek - 10 kız durumlarının tamamını düşünüp $\binom{10}{0}\binom{10}{10} + \binom{10}{1}\binom{10}{9} + \dots + \binom{10}{10}\binom{10}{0} = \binom{20}{10}$ eşitliğine ulaşıyor. Buna göre öğrenci aynı mantıkla; $\binom{5}{0}\binom{6}{4} + \binom{5}{1}\binom{6}{3} + \binom{5}{2}\binom{6}{2} + \binom{5}{3}\binom{6}{1} + \binom{5}{4}\binom{6}{0}$ sorusunun cevabını kaç olarak bulacaktır?",$\binom{12}{4}$,$\binom{11}{4}$,$\binom{11}{5}$,$\binom{12}{6}$,$\binom{10}{5}$,B
8b5150cc-438a-5a6d-a18f-daef57993e3a,MATEMATIK,"$a, b$ ve $c$ sıfırdan farklı birer reel sayıdır. $a + c < a^2 + b < a$ eşitsizliği veriliyor. Buna göre, I. $\frac{1}{a} < \frac{1}{c} < \frac{1}{b}$ II. $c^2 < a^2$ III. $0 < a + b < 1$ ifadelerinden hangileri daima doğrudur?",Yalnız I,I ve II,Yalnız III,I ve III,II ve III,D
d103055d-cd55-5b2a-833f-4a4572ac152e,MATEMATIK,"$P(x)$ ve $Q(x)$ gerçek katsayılı polinomlar olmak üzere $P(x)$ ve $Q(x)$ toplamının ikinci dereceden bir polinom olduğu ve

$P(x)-Q(x)=-4(x-1)^3(x-2)^2$
$P(3)=-16$

eşitliklerinin sağlandığı bilinmektedir.

Buna göre $Q(4)$ değeri kaçtır?",12,24,36,48,54,E
2d4dc920-3b6b-5501-aa9e-63557a7aa690,MATEMATIK,"A = $\frac{1}{log_24} + \frac{1}{log_34} + \frac{1}{log_44}$ olduğuna göre, aşağıdakilerden hangisi doğrudur?",A < 1,$\frac{3}{2} < A < 2$,$2 < A < \frac{5}{2}$,$\frac{5}{2} < A < 3$,$3 < A < 4$,C
ae19ad7e-4caa-5cb8-baaf-1ff13f9f4361,FIZIK,"Bir yüzme yarışını sunan bir spiker yayın esnasında, 
• En hızlı yüzücü bir turu 1 dakikada tamamladı. 
• Su sıcaklığı $27^{\circ}C$'dir. 
• Havuzun uzunluğu 50 metredir. 
bilgileri veriyor. Buna göre, spikerin verdiği bilgilerdeki birimlerin SI birim sistemindeki karşılıkları aşağıdakilerden hangisidir?","Zaman: saat, Sıcaklık: Fahrenheit, Uzunluk: kilometre","Zaman: saniye, Sıcaklık: Kelvin, Uzunluk: metre","Zaman: dakika, Sıcaklık: Celcius, Uzunluk: kilometre","Zaman: saniye, Sıcaklık: Celcius, Uzunluk: metre","Zaman: saat, Sıcaklık: Kelvin, Uzunluk: kilometre",B
e3210e02-5de8-5e37-9e4a-2133e7473530,KIMYA,"Aynı elementin farklı iyon yüklerine sahip tanecikleri ile ilgili;
I. İzotop olabilirler.
II. İzoton olabilirler.
III. İzoelektronik olabilirler.
IV. İzobar olabilirler.
ifadelerinden hangileri doğrudur?",Yalnız I,I ve II,"I, II ve III","II, III ve IV","I, II, III ve IV",A
fce23ef7-e25d-506d-9d6c-a189afb1c99a,TURKCE,"(I) İfade gücü bakımından dilimiz zengin olmasına oldukça zengin. (II) Yararlanmayı bilmiyorsanız onu zorluyor onu boyun eğdirmeye çalışıyorsunuz. (III) Ama biraz zorladığı zamanlarda tekrar etmeye başlıyorsunuz. (IV) O zaman Arapça ya da Farsçaya başvurmak zorunda kalıyorsunuz. (V) Bundan olsa gerek halk bu dilleri ayırmadan ve yadırgamadan kullanıyor.
Bu parçadaki numaralanmış yerlerden hangisine “Ne var ki ondan yararlanmayı iyi bilmek gerekiyor.” cümlesinin getirilmesi uygun olur?",I,II,III,IV,V,A
dfcbd866-0516-5049-97cd-e7b7a0a2b1df,MATEMATIK,İşleminin sonucu kaçtır? $(1+\frac{1}{7}):(1-\frac{1}{7})$,$\frac{2}{3}$,1,$\frac{4}{3}$,$\frac{5}{3}$,2,C
d471e45b-0c2c-54f5-8aaf-da66314bb8ae,COGRAFYA,Aşağıdakilerden hangisi doğanın insan üzerindeki etkisine örnek gösterilebilir?,Ulaşımın geliştiği yerde sanayinin gelişmesi,Meltem rüzgârlarının esmesi,Heyelan sonucu yolların kapanması,Tarımda makineleşmeyle verim artışı,Kapasitesi fazla yük gemilerinin yapılması,C
8b71dde5-4feb-564b-b329-6969fcbc8953,MATEMATIK,Bir $x$ açısının kosekantının eşiti I. $\frac{4}{3}$ II. $\frac{1}{2}$ III. $\frac{7}{3}$ değerlerinden hangilerine eşit olamaz?,Yalnız I,Yalnız II,Yalnız III,I ve II,II ve III,B
884e0c69-5a1f-534e-97e0-82f134a76684,MATEMATIK,"Gerçek sayılar kümesinde tanımlı $f$ fonksiyonu $f(x) = f(x+1) - x$ eşitliğini sağlamaktadır. $f(1) = 0$ olduğuna göre, $f(49)$ kaçtır?",1012,1076,1096,1112,1176,E
91e533a3-8ee7-50a2-a6b1-01e1935ffef6,MATEMATIK,"$m$, 2'den farklı bir gerçel sayı olmak üzere, $P(x) = (m-2)x^3 - x^2 + 3x + 6 - m$ polinomunun baş katsayısı ile sabit teriminin toplamı kaçtır?",6,4,3,2,-2,D
870c42e2-8b39-581e-b23e-f78d2531e9d5,TARIH,"Mısır Valisi Mehmet Ali Paşa, Rum isyanı bastırıldıktan sonra hükümete danışmadan İngilizlerle anlaşıp Mora'yı boşalttı. Daha önce kendisine söz verilen Mora yerine hükümetten Suriye valiliğini istedi. Kendisine Girit'le yetinilmesi söylenildi. Anlaşmazlıklar Padişah ile Vali arasında savaşa neden oldu. II. Mahmut'un ordusu, Mısır ordusu karşısında mağlup oldu. Padişah, Kavala'lı durdurması için Ruslardan yardım istedi. Ruslar, İstanbul'a geldiler. Rusların İstanbul'a gelmesini çıkarlarına aykırı gören İngiltere ve Fransa harekete geçti. İngiltere'nin arabuluculuğu ile Padişah ile Vali arasında Kütahya Antlaşması imzalandı(1833). Antlaşmadan her iki tarafta aslında memnun değildi. İngiltere, Doğu Akdeniz'deki çıkarlarını korumak için Padişahı, Valiye karşı kışkırttı. Yeniden başlayan savaşı Mehmet Ali Paşa kazandı. Mısır sorununun çözümü için Londra'da bir konferans toplandı. Konferansta yeni bir antlaşma imzalandı ve Mısır'a yeni bir statü verildi.
Bu bilgilere göre;
I. Londra konferansından en çok kazançlı çıkan devlet İngiltere'dir.
II. Mısır sorunu uluslararası bir boyut kazanmıştır.
III. İngiltere ve Fransa, Rusya'nın Osmanlı Devleti ile yakınlaşmasından hoşnut olmamıştır.
yargılarından hangisine ulaşılabilir?",Yalnız I,Yalnız II,I ve II,II ve III,"I, II ve III",E
4b56306c-373a-564b-b1be-f17ac90bb636,EDEBIYAT,"Millî Edebiyat'ın gelişme dönemlerinde yetişen şair, aruzdan ayrılıp hece vezniyle şiirler yazmaya başlar. İlk şiirleri aruzla kaleme alınırken ""Gönülden Sesler, O Beyaz Bir Kuştu, Kervan"" adlı eserlerinde hece vezniyle kaleme aldığı şiirlere yer verir. Manzum masal tarzının ilk örneklerini ""Peri Kızı ile Çoban Hikâyesi"" adlı kitabında bir araya getirir. Mizahi yazılarında ""Fiske"" imzasını kullanan şair; ""Akbaba, Papağan, Güneş, Resimli Dünya"" gibi mizahi ve edebî dergilerde yazılar yazar. Bu parçada söz edilen şair aşağıdakilerden hangisidir?",Faruk Nafiz Çamlıbel,Behçet Kemal Çağlar,Yusuf Ziya Ortaç,Halit Fahri Ozansoy,Orhan Seyfi Orhon,E
02304ae6-7555-559d-a94a-1b6fe3ba3412,MATEMATIK,"$f(x) = 2^{x-3}$ ve $g(x) = 2^x-2$ fonksiyonları verilmiştir. $(fog^{-1})(a) = 128$ eşitliğine göre, $a$ değeri kaçtır?",5,4,3,2,1,A
a42f4b5c-c1de-5c63-b8d2-e8cfbc4a8cc3,MATEMATIK,"$a, b \in \mathbb{Z}$ olmak üzere, $f(x) = x^3$ ve $g(x) = (a-2)x^3 + (b-3)x - 2$ fonksiyonları veriliyor. $f(x)$ ve $g(x)$ fonksiyonlarının ortak özelliği her ikisinin de artan olmasıdır. Buna göre, $a+b$ toplamı en az kaçtır?",4,5,6,7,8,C
77f387ab-bd51-5f6c-824f-dfad1e995cee,MATEMATIK,"$f(x)=x^2$, $g(x)=\sqrt{x}$ ve $h(x)=\frac{1}{x}$ fonksiyonları verilmiştir. Buna göre, $(g \circ f \circ h)(x)$ fonksiyonu aşağıdakilerden hangisine eşittir?",$x\sqrt{x}$,$\frac{1}{|x|}$,$\frac{1}{x^2}$,$\frac{1}{\sqrt[3]{x}}$,$\frac{1}{\sqrt{|x|}}$,B
28349fbd-44ab-54a1-b0da-c5dede50a783,KIMYA,"Standart şartlarda $\text{C}_2\text{H}_{6(g)}$, $\text{CO}_{2(g)}$ ve $\text{H}_2\text{O}_{(g)}$ bileşiklerinin oluşum ısıları bilinmektedir.

Buna göre, standart şartlarda gerçekleşen aşağıdaki tepkimelerden hangisinin $\Delta H_{\text{tepkime}}$ değeri bu bilgilerle hesaplanamaz?",$6\text{C}_{(\text{grafit})} + 3\text{H}_{2(g)} \to \text{C}_6\text{H}_{6(g)}$,$\text{H}_{2(g)} + \frac{1}{2}\text{O}_{2(g)} \to \text{H}_2\text{O}_{(g)}$,$\text{C}_{(\text{grafit})} + \text{O}_{2(g)} \to \text{CO}_{2(g)}$,$\text{C}_2\text{H}_{6(g)} + \frac{15}{2}\text{O}_{2(g)} \to 6\text{CO}_{2(g)} + 3\text{H}_2\text{O}_{(g)}$,$\text{CO}_{2(g)} \to \text{C}_{(\text{grafit})} + \text{O}_{2(g)}$,A
cdb9ba85-c48b-5b4f-b1ef-eec4bb074ee1,MATEMATIK,"$ P(x) $ bir polinom olmak üzere, $ P(x) = a \cdot x^k $ ve $ P(4x) = P(2x) \cdot P'(x) $ olduğuna göre, $ P(3) $ değeri kaçtır?",12,24,36,48,72,C
7fe4d8bb-0c5f-534f-86ea-7326e647f2f3,MATEMATIK,"İki kapısı bulunan bir alışveriş merkezinin birinci kapısının önünde Mavi ve Kırmızı isimli 2 otopark, ikinci kapısının önünde Sarı, Turuncu ve Yeşil isimli 3 otopark bulunmaktadır. Bu alışveriş merkezine gelen Kartal, kapılardan rastgele birine girip o kapının önündeki otoparklardan rastgele birine arabasını park ederek alışveriş merkezine girmiştir. Kartal, alışveriş merkezinden çıkarken arabasını hangi otoparka park ettiğini ve alışveriş merkezine hangi kapıdan girdiğini unuttuğu için kapıların rastgele birinden çıkıp o kapının önündeki otoparklardan rastgele birinde arabasını aramıştır. Buna göre Kartal'ın, arabasını aradığı otoparkın arabasını park ettiği otopark olma olasılığı kaçtır?",1/5,1/24,1/25,1/36,1/48,C
659ebd96-4ec8-5db9-bd89-a819d99543d1,MATEMATIK,İşleminin sonucu kaçtır? $\frac{21}{25} \div \frac{4}{5} \cdot \frac{7}{10}$,2,3,$\frac{1}{2}$,$\frac{1}{3}$,$\frac{1}{4}$,A
b66ed189-51f7-595d-9310-a7933b8d4cd1,MATEMATIK,"$P(x)$ ve $Q(x)$ gerçek katsayılı polinomlar olmak üzere $P(x) + Q(x)$ toplamının ikinci dereceden bir polinom olduğu ve
$P(x) \cdot Q(x) = -4 \cdot (x - 1)^4 \cdot (x - 2)^2$
$P(3) = -16$
eşitliklerinin sağlandığı bilinmektedir.
Buna göre $Q(4)$ değeri kaçtır?",12,24,36,48,54,E
557d29e6-64c9-570e-bb69-d247a08d9e34,TURKCE,"Aşağıdaki cümlelerin hangisinde ""arka, başlamak, dert"" sözcükleri belirtilen anlamlarını karşılayacak şekilde kullanılmıştır?
* arka: Zaman veya düşünce bakımından geçmiş.
* başlamak: Oluşmak, ortaya çıkmak, doğmak.
* dert: Kaygı.","Uyandığımız an, öyle birisi arkada bırakmışızdır; başlayan günün ve bundan sonraki derdimiz, önümüzdeki zaman dilimini nasıl geçireceğimizdir.","Güne mutlu başlamak ve yeni anılar biriktirmek gibi büyük bir derdi vardı, bu nedenle iyi hissedeceğini düşündüğü anıların arkasına düşerdi.",Türü dertlerle uğraştığı hastane günlerinde arkasında dostluğunu hissettiği ailesini yanına alıp yeni bir hayata başlamak için çabalıyordu.,"Arkası türlü gelmeyen çelişkilerle yaşamak istemiyordu, yaz başlarken balkonda misafir ağırlayıp kâh gülmek kâh dertlerini paylaşmak istiyordu.","Evin arkasındaki bahçede kurulan sofrada dörtlerden uzak, herkesin mutlu olduğu bir yaşama dair kurulan hayaller konuşulmaya başlandı.",A
e2b65185-d74b-5b9d-bea6-984bd867f6c5,MATEMATIK,"$x^2-(m+2)x+81=0$ denkleminin kökleri $x_1$ ve $x_2$'dir. $x_1=\frac{x_2}{9}$ olduğuna göre, $m$'nin alabileceği en büyük tam sayı değeri kaçtır?",30,28,-32,25,32,B
38fe363b-46a9-569b-9602-b96fe34d1b07,MATEMATIK,"Aşağıda hacmi $12\pi$ birimküp olan bir dik koni verilmiştir. Konide $h$ birim yüksekliğinde su vardır.

Buna göre,

$\lim_{h \to 0^+} \frac{\pi r^2 h}{h^2+x^2}$

limitinin değeri kaçtır?",$4\pi$,$8\pi$,$12\pi$,$24\pi$,$36\pi$,E
d0f18b3e-42dc-5347-a337-9b89676c62e8,MATEMATIK,"$3+\sqrt{2}=x+1-\sqrt{3}$
olduğuna göre, $2/x$ in $x$ türünden eşit aşağıdakilerden hangisidir?",$x^2-4x-1$,$x^2-4x+1$,$x^2+4x-4$,$x^2-4x-4$,$x^2-4x$,D
9c441ce8-c288-59d8-aecd-b9f91b902c9c,BIYOLOJI,"Komüniteyi oluşturan türler için
I. Etkileşim içindedirler.
II. Kromozom sayıları farklı olamaz.
III. Cansız çevre ile birlikte ekosistemi oluştururlar.
ifadelerinden hangileri yanlıştır?",Yalnız I,Yalnız II,Yalnız III,I ve II,I ve III,B
5dadd593-d69f-5778-8cb5-47e371765e5c,EDEBIYAT,Aşağıdakilerden hangisi Türk tarihini konu alan romanlardan değildir?,İki Süngü,Geçitteki Ülke,Üç İstanbul,Deli Kurt,Fatih-Harbiye,E
f3817e12-af2b-58b6-9b30-d490fe4d9081,MATEMATIK,$-8-1-2-3+9+5$ işleminin sonucu kaçtır?,-2,-1,0,1,2,C
df13c22d-866d-56ef-968a-fbe78249d2a6,FIZIK,"""Tuz Gölü'nde kırmızı beyaz şölen. Anadolu'nun ortasında kışın buz mavisi yazın ise beyaz rengi ile dikkat çeken Tuz Gölü'nde bir alg türü nedeniyle adeta kırmızı beyaz şölen yaşanıyor.""
haberini dinleyen Gülşen Hanım olayın nedenini araştırdığında ulaştığı,
I. Cisimler yansıttıkları ışığın renginde görünürler.
II. Zaman zaman Tuz Gölü'ndeki tuzun ve organik maddeleri oluşturan maddelerin yapısının değişmesi, soğrulan rengi değiştirebilir.
III. Yağışların artması veya azalması ile sudaki tuzluluk oranının değişmesi, kırmızı alg sayısını artırabilir.
bilgilerden hangileri bu olayı açıklamak için kullanılabilir?",Yalnız I,Yalnız II,Yalnız III,I ve II,"I, II ve III",E
4d86f210-6e0b-5cda-9394-618cdccc65e5,KIMYA,"Bir ton taş kömürünün yanması sonucu 460 gram $NO_2$ gazı oluşmaktadır. Oluşan $NO_2$ gazı havadaki su buharı ile birleşerek,
$3NO_2(g) + H_2O(s) \to 2HNO_3(suda) + NO(g)$
denklemine göre asit yağmuruna neden olur.
Buna göre, kış ayı boyunca 3 ton taş kömürü yakan bir aile en fazla kaç gram nitrik asit ($HNO_3$) oluşmasına neden olur? (H:1, N:14, O:16)",315,630,1260,1890,2520,C
0353e25e-bb42-5419-a6b3-4a1ed06d2b23,BIYOLOJI,Gerçekleşmesi sırasında ATP harcanan bir madde alışverişi olayı için aşağıdaki yargılardan hangisi kesin olarak doğrudur?,Gerçekleşmesi sırasında yalancı ayak oluşur.,Büyük moleküllerin zardan geçişini sağlar.,Sonucunda lizozom aktivitesine gereksinim duyulur.,Bazı enzimlerin görev yapmasıyla gerçekleşir.,Molekül hücre zarındaki porlardan geçebilir.,B
44eac3c4-bb92-5746-8237-8e302a14c20f,TARIH,"XV. yüzyılda Osmanlı ülkesinde;
• Batı Anadolu'da pamuklu dokumacılık ve halıcılık,
• Ankara'da yünlü dokumacılık,
• Bursa'da ise ipekçilik gelişmiştir.
Yukarıdaki ekonomik hareketliliğin temel kaynağı aşağıdakilerden hangisidir?",Düşman saldırılarından uzak bölgeler olması,Bölgelerin ticaret yolları üzerinde olması,Bölgede halkın büyük bölümünü Müslüman olmayanların oluşturması,Bölgedeki ekonominin tarım ve hayvancılık ürünlerine bağlı olması,Bölgelerin güvenliğinin devlet tarafından sağlanması,B
ea08cb5e-d4c1-5646-8f79-37c77284ed87,MATEMATIK,$x^2-5x+2=0$ denkleminin kökleri $x_1$ ve $x_2$'dir. $x_1^2+x_2^2$ ifadesinin eşiti kaçtır?,90,80,95,100,75,A
1997efdb-0e29-5be7-91c6-1c03841fafe5,MATEMATIK,"$3a-2b=7$ ve $a \cdot b=2$ olduğuna göre, $9a^2+4b^2$ toplamı kaçtır?",61,65,67,73,75,C
0bf508aa-e2a2-5576-8024-4e6b33afdae6,MATEMATIK,"Bir yemek firmasında satılan A ve B ürünlerinin uygun saklama sıcaklıkları santigrat derece ($^{\circ}C$) türünden sırasıyla $S_A$ ve $S_B$ olmak üzere bu değerler;
$|S_A+1| \le 5$
$|S_B-13| < 7$
eşitsizliklerini sağlamaktadır. Uygun saklama sıcaklığı sağlanmadığında ürünler bozulmaktadır.
Buna göre, aşağıda santigrat derece ($^{\circ}C$) türünden verilen sıcaklıklardan hangisinde bu iki ürün de bozulur?",-1,0,3,5,7,E
ae5ba9ba-820a-5866-905d-378acea43b6a,MATEMATIK,"Üç kardeşin fotoğraflarının bulunduğu bir albümde 120 fotoğraf vardır. Bu albümdeki her bir fotoğrafta ya üç kardeşten ikisi ya da üçü birlikte bulunmaktadır. Bu fotoğraflarda, her bir kardeşin bulunduğu toplam fotoğraf sayısı birbirine eşit ve 93'tür.
Buna göre bu albümde kardeşlerin üçünün birlikte bulunduğu fotoğraf sayısı kaçtır?",39,40,41,42,43,D
ddfffa54-9737-5671-84d9-0fb62ccf0c21,TURKCE,"(I) Uygur kayıtsızlık, kişinin diğerleriyle göz göze gelmekten kaçınması veya onu hiç fark etmemiş gibi davranmasıdır. (II) Kişi bakmadığı, işitmediği ve hepsinden önce çevredekilerin yaptıklarıyla ilgilenmediği havasını vererek bir tavır takınır. (III) Gözlemlemekten kendini alıkoyamayan bakışların karşılaşması ise iletişim kurmaya davettir, insanların gözünde görünmez kalma garantiliğinden feragat etmeyi gerektirir. (IV) Çoğu zaman kalabalık olan sokaklarda sırt sırta veren başka bir yere gitmek bile her şeye dikkatle bakmayı, gözlemlemeyi gerektirir. (V) Bu nedenle göz teması kurulan insanları rahatsız ve tedirgin etmeden gözlemlemek gerekir, uygar kayıtsızlığın özü budur.
Bu parçada numaralanmış cümlelerin hangisi düşüncenin akışını bozmaktadır?",I,II,III,IV,V,E
c156ab02-b8e4-5d9b-8599-aa82feaaa256,MATEMATIK,log$_{4}$(log$_{5}$(x-3)) $\le$ 0 eşitsizliğini sağlayan kaç tane x tam sayısı vardır?,2,3,4,5,6,A
c0cd3e76-b703-5630-a430-f428ea5cec38,MATEMATIK,"Bir babanın bugünkü yaşı, üç çocuğunun bugünkü yaşları toplamının 2 katına eşittir. 3 yıl sonra babanın yaşı, çocuklarının yaşları toplamından 12 fazla olacağına göre, babanın bugünkü yaşı kaçtır?",34,36,38,40,42,E
f8b11307-01da-55db-9e36-af38538d7804,KIMYA,"$Al_{(k)} + 3Ag^+_{(suda)} \to Al^{3+}_{(suda)} + 3Ag_{(k)}$ tepkimesi ile ilgili,
I. Standart koşullarda istemlidir.
II. Standart pil potansiyeli ($E^o$) $+2,46$ volttur.
III. Al metali Ag metalinden aktiftir.
yargılarından hangileri doğrudur?
($Al^{3+}_{(suda)} + 3e^- \to Al_{(k)}$ $E^o_{ind} = -1,66 \ Volt$)
($Ag^+_{(suda)} + e^- \to Ag_{(k)}$ $E^o_{ind} = +0,80 \ Volt$)",Yalnız I,Yalnız II,Yalnız III,I ve II,"I, II ve III",E
fa46c504-6f8e-5d57-9a45-99479216c246,MATEMATIK,"Damla'nın $60$ lirası vardır. Damla, tanesi $3$ liradan $7$ çikolata ve tanesi $1,5$ liradan $8$ tane sakız alıyor. Buna göre, bu harcamalardan sonra Damla'nın geriye kaç lirası kalmıştır?",17,19,27,30,37,B
a85e5743-16d9-51e9-b5b3-59552aa97680,MATEMATIK,"$-3x^2+(m-1)x-3=0$ denkleminin diskriminantı 64 olduğuna göre, $m$'nin alabileceği değerler toplamı kaçtır?",22,11,8,20,2,E
4b6ec9d8-aa14-52d7-b72d-222cc0caa264,MATEMATIK,"Üç basamaklı bir doğal sayının yüzler basamağındaki rakamı, onlar ve birler basamağındaki rakamların toplamına eşit ise bu sayıya ""karesel sayı"" adı verilmiştir. Buna göre, kaç tane karesel sayı vardır?",24,20,16,15,12,D
cdea71fd-70c3-5eaf-ad62-6089e73d7fae,MATEMATIK,"$(0,125)^{x-1} = (\frac{0,1}{0,05})^{x+1}$ eşitliğini sağlayan $x$ gerçek sayısı kaçtır?",-2,-1,1,2,3,B
57f9c85a-d4ed-5d07-b2d6-4ae2d5b5cc17,MATEMATIK,"$a, b$ ve $c$ 1'den farklı birer gerçek sayı olmak üzere, $3x^2 - cx + a^2 + b^2 + ab = 0$ denkleminin kökleri $a$ ve $b$'dir. Buna göre, bu denklemin diskriminantı ($\Delta$) aşağıdakilerden hangisidir?",-3,-1,0,1,2,C
c4d0b6e0-a7c9-51b0-92bb-3aa440ea21a9,TARIH,"Trablusgarp Savaşı sonrası Osmanlı Devleti ve İtalya arasında 1912 yılında Uşi Antlaşması imzalanmıştır. Antlaşmaya göre Trablusgarp ve Bingazi eyaletleri dinî bakımdan Osmanlı halifesine bağlı kalacaktır.
Uşi Antlaşması ile ilgili verilen bilgiye göre aşağıdakilerden hangisi doğrudur?",Osmanlı Devleti ilk defa Afrika'da toprak kaybı yaşamıştır.,Trablusgarp halkı siyasi anlamda Osmanlı'ya bağlı kalmıştır.,Osmanlı uluslararası bir antlaşmada halifenin siyasi gücünü kullanmıştır.,12 Ada tamamen Osmanlı'ya bırakılmıştır.,İtalya siyasi birliği konusunda yara almıştır.,C
05f17eb0-b5dd-5858-af39-3544bd0fd676,MATEMATIK,"tan($\frac{\pi}{2} - \text{arcsin}\frac{1}{2}$)
ifadesinin eşiti aşağıdakilerden hangisidir?",$-\sqrt{3}$,$-\frac{\sqrt{3}}{3}$,$-1$,$\frac{\sqrt{3}}{3}$,$\sqrt{3}$,E
b0d1eb4d-1a64-5947-969b-1a149c8c03aa,MATEMATIK,"Bir veri grubunun aritmetik ortalaması, terimlerin toplamı terim sayısının bölünerek bulunur. Terimleri küçükten büyüğe doğru sıralanmış bir veri grubunda, tek sayıda terim varsa ortadaki terimi; çift sayıda terim varsa ortadaki iki teriminin aritmetik ortalamasına o veri grubunun medyanı (ortanca) denir. Aşağıdaki tabloda pozitif gerçel sayılardan oluşan bazı veri gruplarının medyanları ya da aritmetik ortalamaları gösterilmiştir. Buna göre, $a, b, c, d, e$ veri grubunda terimler küçükten büyüğe doğru sıralandığında soldan $4$. sıradaki terim aşağıdakilerden hangisi olur?",a,b,c,d,e,D
8dd9d03d-b3d9-50e5-b267-eb413e77400f,MATEMATIK,"Bir $(a_n)$ geometrik dizisinin ilk $n$ teriminin çarpımı $P_n$ dir. $\frac{P_5}{P_3} = 8$ ve $\frac{P_6}{P_4} = 36$ olduğuna göre, $\frac{a_{10}}{a_8}$ kaçtır?",4,$\frac{9}{2}$,5,$\frac{11}{2}$,6,B
c0616b30-2577-58f2-bad5-01b9de75e05b,KIMYA,Aşağıda verilen organik bileşiklerin kaynama noktası kıyaslamalarından hangisinin açıklaması yanlıştır?,CH$_2$-OH > C$_2$H$_5$OH (Glikolde hidrojen bağ sayısı fazladır.),C$_2$H$_5$OH > CH$_3$OCH$_3$ (Etil alkolde hidrojen bağı vardır.),CH$_3$COOH > C$_2$H$_5$OH (Asetik asitte dimerleşme gerçekleşir.),C$_2$H$_5$OH > CH$_3$OH (Etil alkol daha polardır.),CH$_3$-C-CH$_3$ > CH$_3$-CH$_2$-CH$_2$-H (Propanon daha polardır.),D
f73c79f4-3334-5030-ad8a-38f756430043,MATEMATIK,"$f:[-1,1]\to\mathbb{R}$, $f(x)=x^3$ fonksiyonu tanımlanıyor. I. $f(0)$ tanımı değildir ancak $f'(x)$ fonksiyonunun $(0,0)$ noktasında yerel minimum değeri vardır. II. $f:\mathbb{R}\to\mathbb{R}$, $f(x)=x^3$ fonksiyonu için $f''(0)=0$ dır. Ancak $(0,0)$ noktası $f(x)$ fonksiyonu için ekstremum nokta değildir. III. $f:[-1,9]\to\mathbb{R}$, $f(x)=x^2-2x$ fonksiyonunun alabileceği 5 farklı tam sayı değeri vardır. Yukarıda verilen ifadelerden hangileri doğrudur?",Yalnız I,Yalnız II,Yalnız III,I ve II,"I, II ve III",B
a3aefc10-3201-5e7d-a486-8c1a6b7d5231,TURKCE,"""Mini beyin"" olarak adlandırılan bir proje kapsamında pek çok ülkede farklı laboratuvarlarda tasarlanan insan beyinleri inceleniyor. Beyin organoidleri olarak adlandırılan bu yapılar, insan beyninin boyutlarından oldukça farklı. Kalem ucundaki silgi büyüklüğünde olan mini beyinler, kan damarları gibi kilit yapılar içermediği için büyüyemiyor. Araştırmacılar bu organoidlerin beyin gelişimi ve kusurlarıyla ilgili en karanlık sırları bile su yüzüne çıkarabileceğine inanıyor. Bu mini beyinler, sebebi bulunamayan çeşitli hastalıklara tedavi yöntemleri geliştirmek adına umut vadediyor.
Bu parçada ""mini beyin"" ile ilgili aşağıdakilerden hangisine değinilmemiştir?",Hakkındaki çalışmaların nerelerde sürdürüldüğüne,İnsan beyninden hangi özellikleriyle ayrıldığına,Boyutunun aynı kalma gerekçesinin ne olduğuna,Araştırma sonuçlarının nasıl fayda sağlayabileceğine,Yapılan araştırmanın ne kadar süredir devam ettiğine,E
d073d1bd-8f54-52a2-83fc-e83630f4886c,BIYOLOJI,"Endositoz olayı, hücre zarından geçemeyen büyük yapılı moleküllerin, koful oluşturularak hücre içine alınmasıdır. Alınan maddelerin sıvı ve katı oluşuna göre iki şekilde gerçekleşir. (fagositoz ve pinositoz) Fagositoz ve pinositoz olayları için, aşağıdaki özelliklerden hangisi ortak değildir?","Madde alınması sırasında, hücre yüzeyinin bir miktar küçülmesi","Madde alınması sırasında, cep şeklinde çöküntü oluşturulması","Alınan besinlerin sindirimi sırasında, lizozom enzimlerinin kullanılması",Geçiş sırasında enzimlerin kullanılması,"Madde alınması sırasında, ATP enerjisinin kullanılması",D
c440a60e-5ffe-5296-a67e-739aa1a968e3,MATEMATIK,$f(x)=x^2+x-1$ fonksiyonu ile $y=2x+7$ doğrusu arasında kalan sınırlı bölgenin alanı kaç birimkaredir?,21,$\frac{125}{6}$,$\frac{62}{3}$,$\frac{41}{2}$,$\frac{61}{3}$,B
b89f46da-beed-57fa-829d-0791700640e1,KIMYA,"""Bir atomun; son katmanında bulunan orbitallerine değerlik orbitalleri, bu orbitallerde bulunan elektronlarına değerlik elektronları denir."" Buna göre, aşağıdakilerden hangisi yanlıştır?","$1s^22s^22p^2$ için p, 4","$1s^22s^22p^63s^2$ için s, 2","$1s^22s^22p^63s^23p^6$ için s, p, 7","$1s^22s^22p^63s^23p^64s^1$ için s, 1","$1s^22s^22p^63s^23p^64s^23d^2$ için s, d, 4",A
65b84565-91ed-5df5-b239-49756b6668b4,MATEMATIK,"Alışveriş merkezine giden Esra bir mağazanın vitrininde yukarıdaki yazıları görüyor ve mağazaya giriyor. Esra'nın beğendiği kıyafetin etiketi aşağıdaki gibidir. Esra beğendiği kıyafeti almak için kasada 216 TL ödeme yaptığına göre, $X$ kaçtır?",10,15,20,25,30,C
bf66d2c7-714b-59b5-a9e6-79540b7fc643,EDEBIYAT,Cumhuriyet Dönemi halk şiiri ile ilgili aşağıdakilerden hangisi söylenemez?,"Halk ozanları, doğaçlama şiir söylemiş ve şiirlerine başlık koymuşlardır.","Şiirleri, ""cönk"" adlı eserlerde toplanmamış; belirli bir ad verilerek kitaplaştırılmıştır.","Ozanlar; mesajı ön planda tutarak, topluma geleneğini terk ederek şiirler yazmışlardır.","Ozanlar, usta-çırak ilişkisiyle bir ustanın yanında yetişmiş; mahlas kullanmışlardır.","Şiirlerin yapısında köklü değişimler yaşanmasa da bazı ozanlar, serbest ölçülü şiirler söylemişlerdir.",B
71717c09-b72d-55ef-9845-b0bb52adb533,MATEMATIK,"Sayı doğrusunda bulunan bir reel sayının 2'ye olan uzaklığı $-2$'ye olan uzaklığından küçük ve $-2$'ye olan uzaklığı da 8'e olan uzaklığından küçüktür.
Buna göre, bu şartları sağlayan sayı aşağıdaki aralıkların hangisinde bulunur?","$(- \infty, -3)$","$(-1, 3)$","$(0, 3)$","$(-1, 0)$","$(3, \infty)$",D
18ab46f2-0288-5252-bfd8-f1559580bec9,MATEMATIK,"5000 metre yükseklikten atlayan bir paraşütçü her 2 saniyede 60 metre aşağı inmektedir. Paraşütçü atladıktan 60 saniye sonra yere olan uzaklığı $h_1$, atladıktan 100 saniye sonra yere olan uzaklığı $h_2$'dir. Buna göre, $\frac{h_1}{h_2}$ oranı kaçtır?",\frac{8}{5},\frac{3}{2},\frac{4}{3},\frac{9}{5},\frac{5}{3},B
d22fadd0-057f-5671-a075-8f366c448f51,EDEBIYAT,"(I) İmam: Arabistan'dan gelir balçık hurması! Mahalleli: Oooo... Oooo... Oooo! Karagöz: (Sıçrayarak) Güm! Çattık be! İmam: Gelin Hanım güzel amma kalmış katası! (II) Derviş: Sineklü'yü Çamur İhsan mikrobundan... Koro: Keçanlı Ali kurtardı. Şerif: Gayıbı zemberek kuruldu. Söz kâr etmez... Derviş: Sineklü olanda, mahpusluk gere... Karagöz'den ve Cumhuriyet tiyatrosunda alınan bu parçalardan hareketle aşağıdakilerden hangisi söylenebilir?",Aynı tiyatro geleneğinin ürünleri olduğu,Aynı konunun ele alındığı,"Yazılı metin, canlı kişilerle sahnelendiği",Biçimsel yönden etkileşimin oluştuğu,Tarihi gerçekliğin seyirciyle buluşturulduğu,D
952aab5c-52a6-540a-b486-14ea2dcfb06c,GEOMETRI,"Merkezi $(-2,4)$ noktası olan bir çembere $3x-4y+2=0$ doğrusu teğet olduğuna göre, çemberin denklemi aşağıdakilerden hangisidir?",$x^2+y^2-4x-8y+4=0$,$x^2+y^2-6x-8y+4=0$,$x^2+y^2-2x-4y-4=0$,$x^2+y^2-2x-6y+6=0$,$x^2+y^2-4x+8y-6=0$,A
4b3fdf75-b75e-5c0b-9bda-3e8b097161b2,MATEMATIK,"1'den 40'a kadar sayıların yazılı olduğu özdeş iki kâğıda Serhat ve Ferhat'ın işaretlediği dört sayı aşağıdaki gibidir.
Serhat ve Ferhat kâğıtlarına altışar adet sayı işaretlemiş ve işaretledikleri son iki sayı aynıdır.
Serhat'ın işaretlemiş olduğu sayıların toplamı, Ferhat'ın işaretlemiş olduğu sayıların toplamının $\frac{9}{10}$'u olduğuna göre, işaretledikleri son iki sayı kaç farklı şekilde seçilebilir?",1,2,3,4,5,B
7e8817c4-1791-5f5b-895b-2d0426026b53,MATEMATIK,$|x-2|\cdot(-x+2)<0$ eşitsizliğini sağlayan en büyük tam sayı kaçtır?,3,2,1,-3,-2,A
470e9210-1e6d-5de4-a21b-791f07b49085,TURKCE,"Her yaptığının bir ""misyon"" olduğunu söyleyen şarkıcı ya da ""Devrim Sokağı""nı, ""İnkılap Sokağı""na, ""Somağır Sokağı""nı, ""Başkat Sokağı""na dönüştüren belediye başkanı yapmazsa mevcut sorunlarla kendi başını değil bizim başımızı da atlası etmektedir.
Bu cümlede şarkıcıların ve belediye başkanlarının hangi davranışları eleştirilmektedir?",Farklı amaçlarla da olsa keyfi sebeplerle ad değiştirmeleri,Dile ilişkin misyon sahibi olmalarının gereğini yapmamaları,Sık sık adları değiştirilen sokaklarla bireyin irtibatını koparmaları,Kavram ve nesnelerin anlam zenginliğini daraltmaya çabalamaları,Farkında olmadan da olsa kültürel bağlara zarar vermeleri,E
bff2ac1b-a49e-5c28-8bd4-9c5e7ec2b693,MATEMATIK,"$\int 3\sqrt{x} \, dx$ ifadesi aşağıdakilerden hangisine eşittir?",$3x\sqrt{x}+c$,$3\sqrt{x}+c$,$2x\sqrt{x}+c$,$x^2\sqrt{x}+c$,$x+c$,C
8371c2ed-07ca-55c9-b934-09a7a92e09d3,TURKCE,"Numaralandırılmış cümlelerle anlamlı bir paragraf oluşturmak için sıralama nasıl olmalıdır?
I. Besinleriyle birlikte yuttukları toprak, vücutları boyunca bir seri işlemden geçerek âdeta işleniyor.
II. Bu canlılar, bunu büyük ölçüde vücutlarından geçen toprak sayesinde başarıyorlar.
III. Dışkılarıyla birlikte dışarı atılan işlenmiş toprak, bitkiler için gerekli olan hemen her minerali içeriyor.
IV. Bu yüzden son yıllarda, dünyada ve ülkemizde vermi-kompost denilen solucan gübresinin kullanımı giderek yaygınlaşıyor.
V. Toprak solucanlarının toprağın verimini ve ürün kalitesini artırdıklarını gösteren çok sayıda çalışma var.",V - II - I - III - IV,V - I - III - II - IV,III - V - I - IV - II,IV - V - III - II - I,V - III - II - I - IV,A
4079b569-ecca-5c06-be04-3f5cf213be63,KIMYA,"$Mg_{(k)} / 1M Mg^{2+}_{(suda)} // 1M H^+_{(suda)} / H_{2(g)} / Pt_{(k)}$
$Mg_{(k)} \rightarrow Mg^{2+}_{(suda)} + 2e^-$ $E^\circ = +2,37$ volt
$H_{2(g)} \rightarrow 2H^+_{(suda)} + 2e^-$ $E^\circ = 0,00$ volt
Yukarıdaki elektrokimyasal pille ilgili aşağıdaki ifadelerden hangisi yanlıştır?",Mg elektrodun bulunduğu kapta $Mg^{2+}$ iyon derişimi artar.,Hidrojen elektrodun bulunduğu kapta $H^+$ iyon derişimi azalır.,"Pil şeması, $Mg_{(k)} / 1M Mg^{2+}_{(suda)} // 1M H^+_{(suda)} / H_{2(g)} / Pt_{(k)}$ dir.","Pil gerilimi $2,37$ volttur.",Dış devrede elektronların akış yönü hidrojen elektrottan Mg elektroda doğrudur.,E
9f842d9e-d3b1-5437-8060-e852a3f61b8c,FIZIK,"Fotonlar ile ilgili olarak
I. Sadece görünür bölgede tanımlanabilirler.
II. Görünür bölgedeki bütün fotonların frekansı aynıdır.
III. Kütleleri yoktur.
yargılarından hangileri doğrudur?",Yalnız I,Yalnız II,Yalnız III,I ve II,"I, II ve III",C
2c5a14fd-c3f8-5b40-bae6-e4cbb69c8361,FIZIK,"Bilgi: Bir fotosel devresinde metal yüzeyinden kopan fotoelektronların kinetik enerjisi ($E_K$),
$E$: metal üzerine düşen ışığın enerjisi,
$E_0$: metalin eşik enerjisi, olmak üzere,
$E_K = E - E_0$
bağıntısıyla hesaplanır.
Buna göre $E_K$ enerjisinin artması için;
I. metal üzerine düşen ışığın frekansı
II. metalin eşik dalga boyu
III. metalin eşik frekansı
niceliklerinden hangileri tek başına artırılabilir?",Yalnız I,Yalnız II,Yalnız III,I ve II,II ve III,A
628c7ccd-4137-5222-ab83-32aa732914ba,TURKCE,Aşağıdaki cümlelerin hangisinde tatmadan işitme duyusuna aktarma yapılmıştır?,Bazen sıcak bir tebessüm tüm kırgınlıkları siler.,Boş sözler söylemektense konuşmamak daha iyi bir davranıştır.,Odaya ilk girdiğinde zaman yorgun yüzler hemen kendini belli ediyordu.,Ayrılırken acı konuşmasıyla hepimizi üzdü.,Yumuşak bir sesle en sevdiğimiz şarkıyı söyledi.,D
2aaed35a-64d3-59b3-bd61-3175953dc9f0,MATEMATIK,"$a$ ve $b$ pozitif tam sayılar olmak üzere, $360 \cdot a^2 = b^3$ olduğuna göre, $a+b$ toplamının alacağı en küçük değer kaçtır?",10,30,45,135,150,D
c31fcb22-8557-5979-9347-dc5cdbd379e9,TARIH,"""Komutan ne kadar değerli olursa olsun eğer komuta ettiği birlikler askerlik mesleğinden yoksun iseler bu ordunun başarıya ulaşması mümkün değildir."" Mustafa Kemal Atatürk'ün, bu sözleriyle, durumlarından hangilerini ifade ettiği söylenebilir?
I. Kuvayımilliye birliklerinin başarısızlığını,
II. düzenli ordunun kurulmasının gerektiğini,
III. disiplinli ve eğitimli bir askerî birliğin oluşturulmasını",Yalnız I,Yalnız II,Yalnız III,I ve II,II ve III,E
133daf78-63a1-58b2-8882-7baaf9eac90f,KIMYA,"Periyodik sistemin A gruplarında olduğu bilinen bir elementin ilk beş iyonlaşma enerjisi değerleri arasındaki ilişki aşağıda verilmiştir. $\frac{IE_2}{IE_1}=1,8$, $\frac{IE_3}{IE_2}=5,3$, $\frac{IE_4}{IE_3}=1,6$, $\frac{IE_5}{IE_4}=2,1$ Buna göre, bu elementin atom numarası aşağıdakilerden hangisi olabilir?",4,11,13,19,20,A
11085564-0490-5927-b0ac-565ace97424f,FIZIK,"İki arkadaşın aralarında geçen konuşmalar aşağıdaki gibidir. Gökhan: Biliyor musun? Kendini temizleme özelliğine sahip duvar boyası icat edilmiş. Ahmet: Evet duydum. Ayrıca aynı teknoloji ile ıslanmayan kumaş da icat edilmiş. Buna göre, iki arkadaş arasında geçen bu konuşmalara, hangi teknolojinin gelişimi neden olmuştur?",LCD teknolojisi,Plazma teknolojisi,Yarı iletken teknolojisi,Nanoteknoloji,Süper iletken teknolojisi,D
3e6ede84-d761-5b46-a77c-2b46c90f48e2,FIZIK,"Canlıların enerji kaynağı ve enerji tüketimi ile ilgili, I. Besin maddelerinde depo edilen enerjinin kaynağı Güneş'tir. II. Canlılar hem hareket hâlinde iken hem de durgun hâlde iken enerji harcarlar. III. Dünya üzerinde canlılar tüm zamanlarda fosil yakıtlarla enerji ihtiyacını karşılayabilir. verilenlerden hangileri doğrudur?",Yalnız I,Yalnız II,I ve II,I ve III,"I, II ve III",C
5789b885-8c7d-5b84-8918-0b20a778924d,MATEMATIK,"$k$ pozitif bir tam sayı olmak üzere, $\sqrt{2\sin x} + \sqrt{7\cos x} = k$ eşitliğini sağlayan bir $x$ gerçek sayısı bulunmadığına göre, $k$ tam sayısı en az kaçtır?",1,2,3,4,5,C
f329adbb-0122-5788-b483-7df137f85625,TARIH,Aşağıdakilerden hangisi Lale Devri'nde yapılan ıslahatlardan biri değildir?,İlk Türk matbaasının açılması,Osmanlı Darphanesinin kurulması,İtfaiye teşkilatının kurulması,İlk kez çiçek aşısının uygulanması,Avrupa'da geçici elçiliklerin açılması,B
31ed10f3-757d-5d9f-900e-1ffbf1bf0530,MATEMATIK,"$a<b<0<c$ olmak üzere, $\frac{|a-c|-|2b-3c|-|3a|}{|a|+|b|+|c|}$ ifadesinin sonucu kaçtır?",-1,$\frac{1}{3}$,-2,2,$\frac{1}{2}$,A
1c117dea-fe24-57e3-9cad-537f72984a44,MATEMATIK,Hacmi 480 litre olan su deposunun $\frac{2}{3}$'ü su ile doludur. Depodaki suyun $\frac{7}{16}$'sı kullanıldığında depoda kaç litre su kalır?,140,150,160,170,180,B
cc264d48-985a-5908-b755-13bb8d5e284d,MATEMATIK,"$\frac{a}{2} = \frac{b}{3}$ ve $4a+b=33$ olduğuna göre, $a$ kaçtır?",2,4,6,8,10,C
e5f49c2b-3dbe-5d7f-9947-3ee015475ef7,FIZIK,"Sonar cihazlarında kullanılan dalgalar;
I. Ses dalgalarıdır.
II. Elektromanyetik dalgalardır.
III. Daha çok su ortamında kullanılır.
yargılarından hangileri doğrudur?",Yalnız I,Yalnız II,Yalnız III,I ve III,II ve III,D
55b00d4d-5ae1-565f-9be2-e274e2735cc8,TURKCE,"I. Güney Avustralya'daki Flinders Sıra Dağları'na yapılan bir jeolojik saha gezisinde görülen buzul kalıntılarının, bilim insanlarını, buzul çağının olağanüstü uzun süresini ve nedenini araştırmaya sevk ettiği söyleniyor.
II. Buzul çağının tetiklenmesi ve sona ermesi için çeşitli nedenler öne sürülmüş olsa da bu çağın neden 57 milyon yıl sürdüğü bir gizem olarak kalmıştı.
Bu iki cümlede ifade edilenlerin anlamca doğru birleştirilmiş hâli aşağıdakilerden hangisidir?","Güney Avustralya'daki Flinders Sıra Dağları'na yapılan bir jeolojik saha gezisinde görülen buzul kalıntılarının, bilim insanlarını, neden tetiklendiği, bilinmeyen ve olağanüstü uzun süren buzul çağının başlangıcı ile bitişinin 57 milyon yıl sürmesinin gizemini araştırmaya yönelttiği söyleniyor.","Bilim insanlarını buzul çağının başlangıcı ile bitişi hakkında araştırmaya iten Flinders Sıra Dağları'nda yapılan arkeolojik araştırmalarda, 57 milyon yıl süren buzul çağıyla ilişkili olduğu düşünülen buzul kalıntılarına rastlanmıştır.",Buzul çağının 57 milyon yıl süren etkisini bir gizem olmaktan çıkaran temel araştırmalar; Avustralya'nın Flinders Sıra Dağları'nda rastlanan buzul kalıntılarının bilim insanlarını yeni bir çalışmaya yönelttiği bildirilmiştir.,"57 milyon yıl hüküm süren buzul çağının nedenlerini araştırmak isteyen bilim insanlarının en büyük delili, bu alandaki soru işaretlerini de ortadan kaldıran, Avustralya'daki Flinders Sıra Dağları'na yapılan bir jeolojik saha gezisinde görülen buzul kalıntılarıdır.","Buzul çağının bilinmezliklerini ortadan kaldırmayı amaçlayan bilim insanları, Avustralya'da Flinders Sıra Dağları'na yapılan bir jeolojik sahada buldukları buzul kalıntıları ile araştırmaları için büyük bir aşama kaydedip bu konudaki gizemi çözmeye yaklaştı.",A
abb61ad2-cb62-5fa2-9c73-ae52fbbf34ed,MATEMATIK,"$Z$ tam sayılar kümesi olmak üzere, $f:Z \to Z$, $f(x) = (2n+3)x - n - a$ fonksiyonu örten fonksiyondur. Buna göre, $a$'nın alabileceği değerler toplamı kaçtır?",-3,-1,0,1,3,C
4dc27f5a-ae40-576b-9fae-1cbcec957892,KIMYA,"Açık zincirli bir X bileşiği ile ilgili aşağıdaki bilgiler veriliyor:
- 0,1 molü yandığında 0,5 mol $CO_2$ gazı oluşuyor.
- 0,1 molünü tam doyurmak için 0,1 mol $H_2$ gazı kullanılıyor.
Buna göre, X bileşiğinin kapalı formülü aşağıdakilerden hangisidir?",$C_4H_8$,$C_5H_{10}$,$C_5H_8$,$C_5H_6$,$C_6H_{10}$,B
0fe7de12-ca38-579b-9960-6c48b2f55f88,BIYOLOJI,• Hücrelerde tüketilen oksijen miktarını ayarlamak • T lenfositlerin olgunlaşmasını sağlayarak bağışıklığa katkı sağlamak • Bağırsaklarda ve böbreklerde kalsiyum emilimini artırmak • Biyolojik saatin düzenlenmesini sağlamak Aşağıdaki hormonlardan hangisinin özelliği yukarıda verilmemiştir?,Kalsitonin,Timozin,Tiroksin,Parathormon,Melatonin,A
68c91429-5863-56d9-b817-25c04cfd98c7,MATEMATIK,"a bir tam sayı olmak üzere, karmaşık sayılar kümesinde, $(a+i)(-1+a-i)$ çarpımının değeri bir gerçek sayı eşit olduğuna göre, a tam sayısının değeri aşağıdakilerden hangisi olabilir?",0,1,2,3,4,B
17d6861a-8633-58ec-a4b5-f230770cffc4,FIZIK,"Derinliği sabit bir gölde birbirine yakın iki ördek su üzerinde ayaklarını titreştirdiğinde, ördekler arasında girişim deseni oluşuyor. Ördekler ayaklarını aynı anda suya vurmaktadır. Bir süre sonra ördekler birbirinden daha uzakta öncekilerle ayaklarını aynı frekansta ve aynı anda titreştiriyorlar. Buna göre, I. Meydana gelen dalgaların dalga boyu azalır. II. Desende oluşan dalga katarı sayısı artar. III. Desendeki katar çizgileri arası uzaklık azalır. yargılarından hangileri doğrudur?",Yalnız I,Yalnız II,Yalnız III,I ve II,I ve III,B
98f99e4d-e5dd-5819-9c40-0f3105dc755a,MATEMATIK,"$a, b$ ve $c$ birer pozitif doğal sayı olmak üzere, $a+b+c=7$ eşitliği veriliyor. Buna göre, kaç farklı $(a, b, c)$ üçlüsü yazılabilir?",30,27,21,18,15,E
b8a3018f-7eec-5450-b699-f6b95e7a45d3,MATEMATIK,$y=x^2-4$ eğrisi ile $y=-4x$ doğrusu arasında kalan bölgenin alanı kaç birimkaredir?,$\frac{4}{3}$,2,3,$\frac{11}{3}$,4,A
53c4e960-8b10-5c25-9164-cbc7df08844a,MATEMATIK,"Dik koordinat düzleminde $y=x-2$ doğrusu üzerinde bulunan A ve B noktaları arasındaki uzaklık 3 birimdir.
[AB] doğru parçasının orta noktasının koordinatları $(-1, 1)$ olduğuna göre, A ve B noktaları analitik düzlemin hangi bölgelerindedir?",Her ikisi de II. bölgede,Her ikisi de III. bölgede,"Biri I. bölgede, diğeri II. bölgede","Biri I. bölgede, diğeri III. bölgede","Biri II. bölgede, diğeri III. bölgede",E
311c6765-b151-59e1-a400-88a0c4874508,MATEMATIK,"Tam sayılarda tanımlı $f$ ve $g$ fonksiyonları için,
• $f+g$ fonksiyonu birim fonksiyondur.
• $f-g$ fonksiyonu sabit fonksiyondur.
Buna göre, $2 \cdot (f(5) + g(3))$ işleminin sonucu kaçtır?",3,5,6,8,10,D
13f6e180-32b1-56c2-8433-d50eec571cd3,EDEBIYAT,"Görüp âhkâm-ı asrı münharif sedk-u selâmetten
Çekildik izzet ü ikbal ile bâb-ı hükûmetten
Usanmaz kendini insan bilenler halka hizmetten
Mürüvvet-mend olan mazluma el çekmez iânetten
Hakir olsa piyade millet, şahne noksan gelir sanma
Yere düşmekle cevher, sâkıt olmaz kadr ü kıymetten
Vücûdun kim hamîr-i mâyesi hâk-i vatandandır
Ne gam râh-ı vatanda hak olursa cev ü cennetten
Mutırnı zâlimin dünyada erbâb-ı denâettir
Köpektir zevk alan, sayyâd-ı bî-insâfa hizmetten
Bu şiir parçasından hareketle Tanzimat Dönemi şiiri ile ilgili olarak aşağıdakilerden hangisi söylenemez?",Romantizmin etkisinde kalınan şiirler yazılmıştır.,Şiirlerde aruz ölçüsü kullanılmaya devam etmiştir.,"Bazı şiirlerde vatan, millet, adalet gibi konular işlenmiştir.",Divan şiirinin nazım birimi terk edilmemiştir.,Batı edebiyatındaki bazı nazım şekilleri kullanılmıştır.,E
b801f245-2d5f-59b8-a240-af09f9544845,KIMYA,Nötr bir atomun katyon $(+)$ haline gelmesi için ............ vermesi gerekir. Buna göre boş bırakılan yere aşağıdakilerden hangisi yazılmalıdır?,Proton,Nötron,Elektron,Nükleon,Çekirdek,C
29c4e4c4-d64b-5065-b8a7-f516156314c5,MATEMATIK,"$\frac{1}{1-\sin x} + \frac{1}{1+\sin x} = \frac{5}{2}$ olduğuna göre, $\cos x$'in pozitif değeri aşağıdakilerden hangisidir?",$\frac{1}{\sqrt{3}}$,$\frac{1}{\sqrt{2}}$,$\frac{1}{\sqrt{5}}$,$\frac{2}{\sqrt{5}}$,$\frac{3}{\sqrt{7}}$,D
942fb26a-e09a-5591-aa4c-622bd0626241,MATEMATIK,"Pozitif gerçel sayılar kümesi üzerinde $f$ ve $g$ fonksiyonları $f(x) = x^2$, $g(x) = x$ biçiminde tanımlanıyor. Buna göre, $d(f(x) + g(x))$ ifadesinin eşiti aşağıdakilerden hangisidir?",$2x + 1$,$(2x + 1) \cdot dx$,$x^2 + x$,$(x^2 + x) \cdot dx$,$x^2 \cdot dx$,B
20e03127-d85e-52f1-954f-9f9dfdbca435,MATEMATIK,"$(a_n)$ sabit bir dizi, $a_n = \begin{cases} \frac{np}{r+1} & n \le 2 \\ \frac{p}{r-2} & n > 2 \end{cases}$ olduğuna göre, $r$ kaçtır?",1,2,3,4,5,A
a7cbf44b-d7e7-59bb-a1f2-62140fba9a1a,TARIH,İstanbul'un Fethi ile ilgili bilimsel bir araştırma yaparak makale yazmak isteyen Can'ın aşağıdakilerden hangisini yapması doğru olmaz?,Tarihi olayın yaşandığı döneme ait her türlü belgeye ulaşmak,Fatih Sultan Mehmet tarafından yayımlanan fermanları incelemek,Konuyla ilgili kaynaklara ulaştıktan sonra terkip aşamasına geçmek,Elde ettiği kaynakları temel özelliklerini dikkate alarak tasnif etmek,Birinci elden kaynakların gerçekliğini ve güvenilirliğini tespit etmeye çalışmak,C
51a82bba-d293-543f-aa32-1167c4e4887d,MATEMATIK,"Bir banka şubesinin 2 katlı binasında 1. katta bulunan kişi sayısı, 2. katta bulunan kişi sayısının 2 katıdır. 2. katta bulunanlardan 10 kişi 1. kata inip, 1. katta bulunanlardan 30 kişi 2. kata çıkarsa, son durumda her iki kattaki kişi sayısı eşit oluyor.
Buna göre, binadaki kişi sayısı kaçtır?",180,150,120,90,135,A
ce3316c2-b8ab-537e-a4f6-691990b0ddc0,MATEMATIK,"Gerçek sayılar kümesinin bir alt kümesi üzerinde tanımlı $f$ fonksiyonu için $f(x) = 3^{x^2-3^x-2}$ olduğuna göre, $f^{-1}(x)$ fonksiyonu aşağıdakilerden hangisidir?",$\log_3(\sqrt{x^2+1}-1)$,$\log_3(\sqrt{x^2+1})$,$\log_3(\sqrt{x^2+1}+x)$,$\log_3(\sqrt{x^2-x^1})$,$\log_3(x-\sqrt{x-1})$,C
aeb44a5c-4c68-5467-bdff-a98d1b93aeb8,MATEMATIK,"$f: \mathbb{R} \to \mathbb{R}$ olmak üzere $f(x) = 4x - 8$ olduğuna göre, $f(2x + 7)$ fonksiyonu aşağıdakilerden hangisidir?",$8x - 1$,$4x + 20$,$8x + 20$,$8x + 36$,$4x - 28$,C
e40093a3-eb2f-5b4a-b093-e4ed3bf70709,MATEMATIK,$|10x-20|-|5x-10|=15$ olduğuna göre $x$'in alabileceği değerler toplamı kaçtır?,1,2,3,4,5,D
95622f77-0296-5edf-aa4d-f61cad962dd6,KIMYA,"$N_{2(g)} + 2O_{2(g)} \rightleftharpoons N_2O_{4(g)}$ tepkimesinin $1^{\circ}C$'de 2 litrelik bir kapta denge sabiti $K_c = 200$'dür. Aynı sıcaklıkta kapta bir miktar $N_2$, 0,2 mol $O_2$ ve 0,4 mol $N_2O_4$ gazları dengededir. Buna göre, kaptaki $N_2$ gazı kaç moldür?","0,05","0,1","0,2","0,3","0,4",A
4b3ecb35-0a24-503b-867b-e5f8799354ca,MATEMATIK,"$m$ bir rakam olmak üzere,
$$\log_m x \le \log_m x^2$$ eşitsizliğini sağlayan sadece 1 tane $x$ tam sayısı vardır.
Buna göre, $m$'nin alabileceği kaç farklı değer vardır?",6,7,8,9,10,C
9aa08aa5-1e8b-5fe0-a8d5-cf36e565938f,TURKCE,"Toplum içinde geniş bir etki alanına sahip olan âşık edebiyatının toplumun değerlerini benimsemesi ve bunları gelecek kuşaklara aktarma kaygısı taşıması son derece önemlidir. Gönüllü sanat faaliyetleri estetik kaygı taşımalarının yanında arka planda faydacı bir işlevo de sahiptir. Uzun yıllar toplumun aynası olan âşık edebiyatı geçmişten getirdiği değerleri bünyesinde harmanlayarak zengin bir kimliğe bürünmüştür. Bu kimliğin yaşaması ve kültürün devamlılığı açısından bu edebiyatın genç nesillere hitap etmesi ve onları eğitimciye yönelik söylemlerinin olması çağın getirdiği bir durumdur. Bu bağlamda âşıklarımızın da getirecekleri kültürel değerleri barındıran enstrümanlar türü eserler, geleceğin emaneti olacak gençlere hitap eden aktarım aracı olarak görülmelidir. Bu türde sanat kaygısının ikinci planda kaldığı, gelecekte var olma kaygısının hissedildiği söylenebilir.
Bu parçada asıl anlatılmak istenen aşağıdakilerden hangisidir?","Âşık geleneği, Türk toplumunun tarihî süreçte yaşadığı büyük göçler ve çeşitli medeniyet dairelerinin etkisinden kalarak günümüze kadar taşınmıştır.","Âşık edebiyatı, İslam öncesinden günümüze farklı tesirlerin etkisinde kalarak değişim ve dönüşüme uğramış fakat yine de Türk edebiyatının önemli bir geleneği olarak varlığını devam ettirme başarısı göstermiştir.","Âşık edebiyatı, geçmişten günümüze çeşitli yapısal özelliklerini muhafaza ederek geleneksel bir yapı özelliği kazanmıştır.","Âşık edebiyatı, değerlerin aktarımı ve gençliğin yetiştirilmesinde pozitif bir etki yapmaktadır ve bu yolda zengin bir malzemeye sahiptir.","Geleneği yaşamayan, halk kültüründen beslenmeyen bir âşığın; değerleri aktarma konusunda da başarılı olamayacağı açıktır.",D
f97d9038-224c-5a9a-b9d0-1431e955d2e5,MATEMATIK,İşleminin sonucu kaçtır? $(\frac{2021}{13} - \frac{1998}{17}) - (\frac{2020}{13} - \frac{1996}{17})$,2,1,0,-1,-2,D
67fbcb8c-5b04-53f8-84ce-63ab5aa28e76,MATEMATIK,"Fonksiyonlardan hangileri tüm gerçek sayılarda türevlidir?
I. $f(x) = |x^2 - x + 1|$
II. $g(x) = |x^2 + 4x + 4|$
III. $h(x) = |x^2 - x - 2|$",Yalnız I,Yalnız II,Yalnız III,I ve II,"I, II ve III",A
56548023-d3f8-56aa-88b9-402baa633545,MATEMATIK,$2x^2 + x - 10 = 0$ denkleminin kökler çarpımı kaçtır?,10,5,1,-5,-10,D
0102b02e-547d-5161-9d10-6a3fad5e8617,MATEMATIK,"$f(x) = 3 - 2^x$ olmak üzere, $f^{-1}(x) < 3$ koşuluna uyan kaç tane tam sayı vardır?",6,7,8,9,10,B
205230e6-a654-5d1c-836f-f2a8d8e64847,TARIH,Avrupa'da yaşanan Otuz Yıl Savaşları sonrasında imzalanan antlaşma aşağıdakilerden hangisidir?,Hotin,Karlofça,Çehrin,Magna Charta,Ziştofi,E
49ee5762-3799-5bbb-825a-be34a181f141,MATEMATIK,"$x^2+y^2=40$ ve $3x^2y+3y^2x=24$ olduğuna göre, $x+y$ toplamı kaçtır?",-4,-3,3,4,5,D
429a78de-bf44-5d9f-8f85-2a9870407ea0,MATEMATIK,"$\cos 3x \cdot \cos x - \sin 3x \cdot \sin x = \frac{1}{2}$ denkleminin $[0, \pi]$ aralığında kaç tane kökü vardır?",1,2,3,4,5,B
60dfe38f-e3e4-5b7b-9306-ac19dc402c0d,MATEMATIK,"Bir otobüs ile seyahat etmek isteyen beş arkadaş, bilet satıcısının gösterdiği boş yerler arasından oturacakları koltukları seçmek istediği sırada daha önce bilet alan bir yolcu biletini iptal ettirmiştir. Bilet satıcısı, dolu olan koltuklardan birinin daha boşaldığını söyleyince beş arkadaşın seçebileceği koltuk seçeneklerinin sayısı ilk duruma göre 2 katına çıkmıştır.
Buna göre, ilk durumda bu otobüsteki boş koltuk sayısı kaçtır?",8,9,10,11,12,B
51e20718-781a-5280-9a58-6a00fbec83e4,TURKCE,"Dünyadaki en değerli ilkeler, dürüstlük ve samimiyettir. Yapılan araştırmalarda insanların en çok önem verdiği değerin dürüstlük ve samimiyet olduğu anlaşılmıştır. Başka yapılan bir araştırmada da insanların doğuştan dürüstlüğe, samimiyete, ikiyüzlülük ve yalana karşı da yatkınlığı, bir meyil olduğu anlaşılmıştır. Samimiyet, insan ilişkilerinde güveni artırır. İşe karşı samimiyet, kendine karşı samimiyet, diğer insanlara karşı samimiyet diye durumu ayırmak gerekir. ---- Kendine karşı olan samimiyet; ilgili, çalışmayı ve işteki motivasyonunu artırır. Bu parçada boş bırakılan yere düşüncenin akışına göre getirilecek olan cümle aşağıdakilerden hangisidir?",Bütün yapılan işlerde ikiyüzlülük ve yalanla karşılaşılabiliyor,Büyük ve önemli düşünceler / davranışlar için içtenlik şarttır,Samimiyet için güvene bir yatırım diye düşünülebilir,Hayallere ve hedeflere ulaşmak için içtenlik şarttır,"İşe karşı olan samimiyet; ilgili, çabayı ve işteki motivasyonu artırır",E
e7ce0a2a-9422-5bf3-a8bc-698bed90cf08,KIMYA,"Aşağıda formülleri verilen bileşikler ile ilgili aşağıda verilen yargılardan hangisi yanlıştır?
I. $HNO_3$
II. $NaOH$
III. $CH_3COOH$
IV. $NaClO$
V. $HCl$",I. bileşik cilde teması hâlinde ciddi tahribata neden olabilir.,II. bileşik lavabo açıcı olarak kullanılır.,III. bileşik sirke yapımında ve karınca salgısında bol miktarda bulunur.,IV. ün ismi sodyum hipoklorittir.,V. bileşik çamaşır suyu ile etkileşirse zehirli gaz açığa çıkar.,C
d8be7c79-1b8a-5137-b5ee-5252042fef0f,MATEMATIK,"Bir sınıfta Ela dahil 9 kişi vardır. Bu sınıftan 4 kişi kaç farklı seçilir? Yukarıdaki soru için iki farklı çözüm yapılmıştır. I. Çözüm: $\binom{9}{4} = \frac{9 \cdot 8 \cdot 7 \cdot 6}{4 \cdot 3 \cdot 2 \cdot 1} = 126$ II. Çözüm: Grupta Ela varsa $\binom{8}{3}$ Grupta Ela yoksa $\binom{8}{4}$ $\binom{8}{3} + \binom{8}{4} = \frac{8 \cdot 7 \cdot 6}{3 \cdot 2 \cdot 1} + \frac{8 \cdot 7 \cdot 6 \cdot 5}{4 \cdot 3 \cdot 2 \cdot 1} = 56 + 70 = 126$ farklı şekilde seçilir. Yukarıda verilen sorunun çözümlerinden yararlanan bir öğrenci, $\binom{12}{5} + \binom{12}{6} + \binom{13}{7}$ toplamının sonucunu aşağıdakilerden hangisi ile hesaplar?",$\binom{13}{8}$,$\binom{13}{7}$,$\binom{14}{7}$,$\binom{14}{8}$,$\binom{15}{7}$,C
915a56e7-9f3d-57bb-9007-8890c917aaea,MATEMATIK,$(a_n) = \frac{n!}{n^2-25}$ dizisinin baştan itibaren ilk olarak kaçıncı terimi tam sayıdır?,5,9,10,25,50,C
df094f51-eda5-552e-bd68-f718b4ddbad1,TURKCE,"I. Müzik, insanın duygularını ve sert ruhunu yumuşatır.
II. Müzik, insana gereğinden çok verilirse yumuşama erimeye dönüşür.
Bu iki cümlede ifade edilenlerin anlamca doğru bir biçimde birleştirilmiş hâli aşağıdakilerden hangisidir?","Müzik, gereğinden fazla dinlenildiğinde insanın duygularını yumuşatır, sert ruhunu arındırır.","Müzik, duyguları ve sert ruhu yumuşatırken insana gereğinden fazla verildiğinde yumuşama erimeye dönüşür.","Müzikle aşırı vakit geçiren insanların duyguları ve sert ruhu yumuşar, bazen de bu yumuşama erimeye dönüşür.","Müzik, duyguları ve sert ruhları yumuşatır ancak insana gereğinden fazla verildiğinde yumuşama erimeye dönüşür.","Müzik, insanın duygularını yumuşatırken kontrolsüz dinlendiğinde bu yumuşama erimeye dönüşür.",B
03d0a2ef-e54e-5a92-bb18-b951de4ca0b0,MATEMATIK,"Okan ve Onur isimli iki kişinin yaşlarıyla ilgili olarak aşağıdaki bilgiler verilmektedir.
• Okan, Onur'un şimdiki yaşına geldiğinde ikisinin yaşları toplamı 29 olacaktır.
• Onur, Okan'ın şimdiki yaşındayken ikisinin yaşları toplamı 9 idi.
Buna göre, Onur Okan'dan kaç yaş büyüktür?",9,8,7,6,5,E
3efb33e4-37a1-55c5-a6a8-97b42612bec5,MATEMATIK,limiti $ \lim_{x \to -1} (2^{x^2} - 3^x) $ değer kaçtır?,2,3,5,7,9,C
4d08a4d2-305b-5abf-b92c-266aa981b41d,MATEMATIK,"Gerçel sayılar kümesi üzerinde tanımlı $f$ ve $g$ fonksiyonları için $(f \circ g)(x) = x^2-3x+1$ ve $(g \circ f)(x) = x^2-x+1$ eşitlikleri sağlanıyor. $f(2)=1$ olduğuna göre, $f(3)$ değeri kaçtır?",5,6,7,8,9,C
2ea2703f-8d4f-5be1-b4f7-71b63b3cf5fe,TURKCE,"(I) Romeo ve Juliet, birbiriyle kan davası olan iki ailenin çocuklarıdır. (II) Ailelerinin asla kabul edemeyeceği bir şey yaparak birbirlerine âşık olmuşlardır. (III) Ailelerinin arasındaki düşmanlık yetmiyormuş gibi rastlantılar her zaman bu genç âşıklara kötü oyunlar oynar. (IV) Rahip Lawrence, düşman ailelerin zamanla barışacaklarını umarak Romeo ve Juliet'in gizlice nikâhlarını kıyar. (V) Ancak beklenen barış gerçekleşmeden talihsizlik onları çoktan bulacaktır.
Bu parçada numaralanmış cümlelerin hangisinin yüklemi birleşik çekimlidir?",I,II,III,IV,V,B
aa92ca2d-7f52-59bd-a2ec-9035e110558e,TURKCE,"1. Pascal, basit bir ifadeyle tümeleyi tartışmadan önce ona öncelikli olarak hakiki olduğu yönünü göstermemizi öneriyor. Aynı zamanda, bir tümceyi, ilkini doğrulamadan veya olası bir şüpheyi ifade etmeden önce bir tümceyi doğrulamak, bir noktayı bulmadan bir yönü örnek gerektirdiği vurgulanıyor.
II. Avusturyalı Teknis Üniversitesi'nde psikoloji profesörü olan Arthur Markman'a göre bunların ikisi de doğru. ""Birine, fikrini öğretmesi için yapmanız gereken şeylerden biri onun savunmasında yardımcı olmaktır. Ne savundukları şey konusunda ne de hata etme konusunda engellemek.""
1. parça ile II. parça arasındaki ilişki aşağıdakilerin hangisinde doğru olarak verilmiştir?
A) I. parçada savunulan görüş II. parçanın veri bütünlüğünü çürütmektedir.
B) I. parçada verilen düşünce sistemi II. parçada örneklendirilerek savunulmaktadır.
C) I. parçada yapılan kuramsal bir hata II. parçada düzeltilmektedir.
D) I. parçada amaçlanan eylem II. parçada sonuçlandırılmaktadır.
E) I. parçada yapılan tanımlama II. parçada negatif özellikler ile yeniden yapılandırılmaktadır.",I. parçada savunulan görüş II. parçanın veri bütünlüğünü çürütmektedir.,I. parçada verilen düşünce sistemi II. parçada örneklendirilerek savunulmaktadır.,I. parçada yapılan kuramsal bir hata II. parçada düzeltilmektedir.,I. parçada amaçlanan eylem II. parçada sonuçlandırılmaktadır.,I. parçada yapılan tanımlama II. parçada negatif özellikler ile yeniden yapılandırılmaktadır.,B
45a82d81-3ba6-5d77-ab86-84c14a987f68,MATEMATIK,"$a, b, c$ ve $d$ pozitif irrasyonel sayılardır. $a<c<b<d$ olmak üzere, \n\n* $[a, b]$ aralığında 10 tam sayı \n* $[c, d]$ aralığında 16 tam sayı \n* $[a, d]$ aralığında 19 tam sayı \nbulunmaktadır. \n\nBuna göre, $[c, b]$ aralığında kaç tane tam sayı bulunur?",3,4,6,7,9,D
74eb59e6-cc56-5c14-a8cb-1bf896e43384,FIZIK,Elektron ($e^-$) ve pozitron ($e^+$) eşlik eden De Broglie dalga boyları birbirine eşittir. Buna göre bu parçacıkların; I. Kütle II. Sürat III. Momentum niceliklerinden hangileri eşittir?,Yalnız I,Yalnız II,Yalnız III,I ve II,"I, II ve III",E
708a4132-6cd7-506e-bed2-804cc2508751,TURKCE,"İnsanların dinî ya da özel sebeplerle (hususi gerekçelerle) bir araya gelerek kutlamalar ve aktiviteler (etkinlikler) düzenledikleri festivaller farklı (değişik) zamanlarda ve farklı amaçlarla (beklentilerle) dünyanın hemen her yerinde gerçekleştiriliyor. Çoğu kültürde eski zamanlardan günümüze son derece önemli (ehemmiyetli) yer tutan festivaller bazen bizi hayrete düşürecek denli yaratıcı şekillerde organize ediliyor.
Bu parçada numaralanmış sözlerden hangisinin anlamı pa rantez () içinde verilen açıklamayla uyuşmamaktadır?",I,II,III,IV,V,A
066b80a5-50b9-5905-8935-e4f82b545aec,KIMYA,"$CH_3CH_2CH_2CH_2-OH$ (a) ve $CH_3CH_2-O-CH_2CH_3$ (b) Yukarıda verilen bileşiklerle ilgili, I. Fonksiyonel grup izomerleridir. II. Aynı şartlarda b'nin kaynama noktası a'nınkinden daha yüksektir. III. Her ikisi de saf suda çözünebilir. yargılarından hangileri doğrudur?",Yalnız I,I ve II,I ve III,II ve III,"I, II ve III",A
e06acfea-f903-5f2f-bdc5-712e1ced2f67,MATEMATIK,$\int (2x - 1)^3 dx$ integralinin eşiti aşağıdakilerden hangisidir?,$(2x - 1)^4 + c$,$\frac{(2x - 1)^4}{4} + c$,$\frac{(2x - 1)^4}{6} + c$,$\frac{(2x - 1)^4}{8} + c$,$\frac{(2x - 1)^4}{12} + c$,D
69a55a49-2985-53cc-84f3-84b5d04d3bb8,MATEMATIK,"64 şubesi bulunan bir firmanın her şubesinde 25 satış elemanı çalışmaktadır.
Buna göre, her satış elemanının ortalama 4 ürün sattığı bir günde bu firmanın toplam satış elemanı sayısı ile bir günde satılan toplam ürün sayısının toplamı kaçtır?",$20^7$,$24^7$,$20^8$,$24^8$,$20^9$,C
f3c18d9d-1419-561b-b058-d4b8366a5f4d,MATEMATIK,İki basamaklı $AB$ ve $BA$ doğal sayılarının toplamı iki basamaklı $7A$ doğal sayısının 2 katına eşittir. Buna göre $B-A$ farkı kaçtır?,-2,0,1,2,3,C
341c7798-bfb4-594d-8a62-5cc8d2445e7c,MATEMATIK,"$a$ ve $b$ birbirinden farklı asal sayılardır. Buna göre; I. $EKOK(a, b) = a \cdot b$ dir. II. $EBOB(a^2, b^2) = 1$ dir. III. $EKOK(a, b) + EBOB(a, b) = a^2 \cdot b + a \cdot b^2$ dir. ifadelerinden hangileri doğrudur?",Yalnız I,Yalnız II,I ve III,II ve III,"I, II ve III",E
279ccd89-643d-52d0-bf9e-f26787721a12,BIYOLOJI,"Aşağıdaki tabloda difüzyon çeşitlerinin özellikleri veril- miştir.
Verilen bilgilerden hangileri doğru değildir?",I ve III,II ve IV,IV ve V,"I, II ve VI",II ve VI,C
3efdcae4-336a-5101-b817-e791d776874b,GEOMETRI,"Analitik düzlemde, $3x - y + 12 = 0$ $x + y - 4 = 0$ $mx - (m + 2)y + 4 = 0$ doğruları aynı noktada kesiştiğine göre, $m$ kaçtır?",-2,-1,0,1,2,E
b708164c-4565-54ce-98ce-488530db8f47,KIMYA,"Bir mono karboksilik asidin potasyum tuzunun 22,4 gramında 7,8 gram potasyum atomu vardır.

Buna göre, asidin bir molünde kaç atom-gram karbon (C) vardır? (H: 1, C: 12, O: 16, K: 39)",7,5,4,3,2,D
2e1bee91-97d8-523c-8ee6-cacabb01e86b,MATEMATIK,"Bir terzide usta 2 günde 3 gömlek, kalfa ise 3 günde 2 gömlek dikiyor. Buna göre, usta ve kalfa 12 günde toplam en fazla kaç gömlek dikebilir?",26,27,28,29,30,A
87652a43-c0c9-5257-a9f7-4b4f682d8671,MATEMATIK,"Temizlik şirketinde çalışan Ahmet ve Cihan'ın 13 katlı bir apartmanı temizlemeleriyle ilgili bilgiler aşağıda verilmiştir. Ahmet birinci kattan, Cihan ise son kattan temizlemeye aynı anda başlıyor ve her bir katın temizliği bir çalışan tarafından yapılıyor. Ahmet'in her bir katı temizleme süresi 12 dakika, Cihan'ın ise her bir katı temizleme süresi 18 dakikadır. Ahmet ve Cihan temizlik esnasında farklı sürelerde mola verip apartmanı temizliğini 108 dakikada bitirmişlerdir. Buna göre, Ahmet ve Cihan'ın mola verdiği sürelerin toplamı kaç dakikadır?",12,18,24,30,36,E
24404517-169d-50d9-82d3-ffa968b9973d,MATEMATIK,"$\sqrt{5}$ sayısının yaklaşık değeri $2,2$ olarak alındığında, $\sqrt{20}-\sqrt{125}-\sqrt{45}$ işleminin sonucunun yaklaşık değeri kaç olur?","$2,2$","$4,4$","$6,6$","$8,8$",$11$,D
804153b8-b7fb-5296-b89c-ce613e04d955,MATEMATIK,"$xy+x=4$
$x=y+1$
olduğuna göre, $x+y$ toplamının en küçük değeri kaçtır?",-5,-3,-1,0,3,C
bb3f88fc-5045-5d0f-a682-9ff357d83856,MATEMATIK,$x^2-2x-1=0$ denkleminin köklerinden biri aşağıdakilerden hangisidir?,$1-\sqrt{2}$,$\frac{\sqrt{5}}{2}$,$\frac{\sqrt{5}+1}{2}$,$\frac{5}{2}$,$\frac{5\sqrt{5}}{2}$,A
7d810f9c-2363-5167-8931-2d44225c67ba,MATEMATIK,"sinx - cosx = $\frac{1}{2}$ olduğuna göre, tanx + cotx'in toplamının değeri kaçtır?",-3,$-\frac{8}{3}$,$-\frac{7}{3}$,-2,$-\frac{5}{3}$,B
953c55aa-5ca3-5d5d-999c-1e1545b148dc,KIMYA,"Pastörizasyon ve UHT ile işlenmiş iki ayrı süt örneği için
I. Besin değerleri
II. Raf ömürleri
III. İçerdikleri patojen mikroorganizma miktarları
yargılarından hangileri farklılık gösterir?",Yalnız I,Yalnız II,I ve II,II ve III,"I, II ve III",D
252286b6-1f01-5361-afdb-f772a930bd91,MATEMATIK,"$(a_n)$ dizisi ortak çarpanı negatif bir sayı olan geometrik bir dizidir.
$\frac{a_{10} - a_7}{a_6 - a_3} = 7$
olduğuna göre, bu dizinin ortak çarpanı kaçtır?",-4,-3,-2,-1,-\frac{1}{2},C
476bbc02-43f1-5351-8b6c-8008e888852d,MATEMATIK,"$a = 4b - 1$ $a = 2b + 5$ olduğuna göre, $a \cdot b$ çarpımı kaçtır?",27,30,33,36,39,C
3fa993c3-7030-506b-b486-0523afacf374,MATEMATIK,"$a = \sin 110^\circ$, $b = -\cos 250^\circ$, $c = \sin 350^\circ$ olduğuna göre; $a, b$ ve $c$'nin küçükten büyüğe doğru sıralanışı aşağıdakilerden hangisidir?",$a < b < c$,$a < c < b$,$b < c < a$,$c < a < b$,$c < b < a$,E
bfa92fac-d86b-5035-89fd-762b3629eb12,BIYOLOJI,"Bir karınca türü ile akasya bitkisi arasındaki ilişki incelenmiş ve aşağıdaki sonuçlar elde edilmiştir. Akasya ağacı, karıncanın üzerinde yaşaması için büyük ve oyuklu diken üretme ve besleyici özellikte yaprak oluşturma gibi uyumlar geliştirmiştir. Karıncalar, bitki yiyen böceklerin ve bazı memeli hayvanların Akasya ağacına yaklaşmasını engeller ve ağaca gölge yapan diğer ağaçların yapraklarını dökerler. Karıncalar Akasya'nın nektar ve yapraklarıyla beslenmektedir. Yukarıda anlatılan yaşama ilişkisiyle ilgili aşağıdaki ifadelerden hangileri yanlıştır?",Karıncalar Akasya'ya zarar verebilecek bitki ve hayvanlara karşı mücadele edebilmektedir.,"Karıncalar tarafından işgal edilmiş Akasyalar, diğer akasyalara oranla daha az gelişme gösterirler.",Akasya ile karınca arasında mutualizm şeklinde yaşama ilişkisi vardır.,"Akasya tarafından üretilen proteince zengin yaprak, karıncalar tarafından besin olarak kullanılmaktadır.",Karıncalar Akasyaların hem beslenme kaynağı hem de yuva yapma yeri olarak kullanmaktadır.,B
6c21f9c2-6105-5b8c-9692-56bb38b83f06,MATEMATIK,"İşleminin sonucu kaçtır?
$\sqrt[3]{2\sqrt{2}} \cdot \sqrt[3]{2\sqrt{2}} \cdot \sqrt[3]{2\sqrt{2}}$",$\sqrt{2}$,$2$,$2\sqrt{2}$,$3\sqrt{2}$,$\sqrt{2}+2$,C
eee10e98-63d6-5bc8-804c-0adb0b7ef37b,MATEMATIK,"Bir öğrenci 15 sayısını, en az iki ardışık pozitif tam sayının toplamı şeklinde 3 farklı biçimde yazmıştır.
Buna göre, öğrenci bu yazım işleminin toplam kısımlarında toplam kaç farklı pozitif tam sayı kullanmıştır?",12,11,10,9,8,B
fbed3c60-f044-57a5-8f55-5932a7a63b10,MATEMATIK,"Hilesiz bir tavla zarı $180$ kez atıldığında üst yüze $2$ gelmesinin deneysel olasılığı $\frac{1}{9}$ olduğuna göre, kaç atışta üst yüze $2$ gelmiştir?",15,20,25,30,40,B
640e1bc2-fd68-5a68-a887-c6361b95ef27,MATEMATIK,"Gerçek sayılarda tanımlı $f$ ve $g$ doğrusal fonksiyonları için, $f(-x)+g(x)=3$ $f(14)+g(-3)=25$ eşitlikleri sağlanmaktadır. Buna göre, $g(12)-g(7)$ farkı kaçtır?",6,8,10,12,14,C
59b7848c-8f2d-5c5b-9645-0e0640d849fc,MATEMATIK,"Bir ABCD karesi için $E \in [AD]$, $F \in [CD]$, $[BE] \perp [FE]$ ve $\tan(\widehat{ABE}) = \frac{2}{3}$ olarak veriliyor. Buna göre, $\frac{|DF|}{|CF|}$ oranı kaçtır?",\frac{2}{9},\frac{1}{4},\frac{2}{7},\frac{1}{3},\frac{3}{8},A
424df5a7-c275-5e67-a78f-73fc212cdbe6,FIZIK,"Işık ve ışığın görme duyumuza etkileri ile ilgili, I. Tüm elektromanyetik dalgalar, gözümüzde görme duyumu oluşturur. II. Beyaz ışık altında yeşil görünen bir kitap, ışığın ana renklerinden sadece yeşil şiddetli yansıtır. III. Beyaz ışık altında beyaz görünen bir yüzeyin, yalnızca kırmızı, yeşil ve mavi ışık düşürülürse, göz o yüzeyi siyah görür. yargılarından hangileri doğrudur?",Yalnız I,Yalnız II,I ve II,II ve III,"I, II ve III",B
960bc714-98b4-5eed-a84a-aad0046dc478,MATEMATIK,"Kapakları açılmadan önce kavanozlarında sırasıyla 20 ve 26 gün bekletilen domates ve salatalık turşularını aynı gün hazırlayan Seher, domates turşusunun kapağının açılmasına kalan gün sayısı, salatalık turşusunun kapağının açılmasına kalan gün sayısının $ \%60 $'ına eşit olduğu gün başka bir kavanozun içerisine biber turşusu hazırlamıştır. Seher'in domates turşusunun kapağını açtığı gün biber turşusu kavanozda bekleme süresinin $ \%75 $'ini tamamladığına göre, biber turşusunun bekleme süresi kaç gündür?",9,8,12,20,16,E
d1585891-d6f8-50a4-93bd-dfb9c8ad9d9b,TARIH,Buna göre Türk dış siyaseti ile ilgili aşağıdaki yargılardan hangisine ulaşılamaz?,Misak-ı Millî sınırlarına ulaşmak için hamleler yapılmıştır.,Millî çıkarlar doğrultusunda hareket edilmiştir.,Uzlaşmacı ve diplomatik bir tutum izlenmiştir.,Uluslararası sorunlara kayıtsız kalınmamıştır.,Barışçıl yaklaşımlara öncelik verilmiştir.,A
45e7b6d0-0d16-588c-9eed-a564ba60108c,GEOMETRI,"Analitik düzlemde $P(-3, 2)$ noktasının $y = -1$ doğrusuna göre simetriği olan nokta, orijin etrafında saatin tersi yönde $90^\circ$ döndürülüyor.
Buna göre, son durumda elde edilen nokta aşağıdakilerden hangisidir?","$(-3, 4)$","$(3, -4)$","$(3, 4)$","$(-3, -4)$","$(3, -3)$",B
04c974d7-cb70-5a1d-b2a3-f71786efab10,TURKCE,"Mavi balina ya da gök balina; en büyükleri, 33 metreyi bulan boyu ve 150 tonu geçebilen ağırlığıyla, yaşayan en büyük hayvandır. Antarktika dışındaki tüm denizlerde, daha çok tek başına ya da anne-yavru çifti hâlinde yaşar. 2-3 yılda bir ve yaklaşık bir yıllık gebelik süresi sonunda tek yavru doğurur. 80 yıla kadar yaşayabilecekleri öngörülen gök balinaların doğal düşmanları ise sadece insanoğludur. Balina avcılığının ilk dönemlerinde görece küçük ve yakalanması kolay olan ispermeçet ve kambur balinaların nüfusları azalınca büyük cüsseleriyle bu balinalar, avcıların ilgi odağı olmuştur. Uluslararası Balinacılık Kurulunun bu canlıların avlanmasını 1960'daki yasaklamasına kadar geçen 100 yıllık dönemde küresel nüfusları, 100 yıl önceki nüfuslarının %1'inin altına inmiştir.

Bu parçada söz edilen mavi balina ile ilgili aşağıdakilerin hangisine değinilmemiştir?",Sayısının son yüzyıl içinde ciddi derecede azaldığına,Ağırlığı ve uzunluğuyla yaşayan en büyük hayvan olduğuna,Az sayıda yavru doğurmasından ötürü neslinin tükenme tehlikesinde olduğuna,Büyük cüssesinden ötürü balina avcılarının dikkatini çektiğine,Soyları için en büyük tehdidin insanlar olduğuna,C
4964c322-41fc-5c78-8b37-089dca714398,MATEMATIK,"$a$ ve $b$ asal sayılar olmak üzere, $a \Box b$ değeri, $a$ ve $b$'nin kuvvetlerinin çarpımı olarak yazılabilecek en büyük iki basamaklı doğal sayı, $a \triangle b$ değeri, $a$ ve $b$'nin kuvvetlerinin çarpımı olarak yazılabilecek en küçük üç basamaklı doğal sayı olarak tanımlanıyor. Buna göre, $3 \Box 5 - 2 \triangle 3$ işleminin sonucu kaçtır?",22,29,35,42,47,B
8aa307a5-f2d7-5616-b62e-39634ae2e5be,MATEMATIK,"$P(x)$ bir polinom fonksiyonudur. $P(x) = P'(x) = x^2 - 4x + 2$ olduğuna göre, $P(x)$'in katsayılar toplamı kaçtır?",1,2,3,4,5,A
09a6c299-e471-5947-aec1-c57dbd0b9e1e,MATEMATIK,$3^{\log_3 2} \cdot 5^{\log_5 2} \cdot 2^{\log_2 3}$ ifadesinin değeri kaçtır?,1,2,3,4,5,E
33d41c26-1b20-5cf0-b12d-5ae19712dff1,MATEMATIK,"LGS sınavında soruların hepsi 4 şıktan oluşmaktadır. Cevap anahtarlarını oluşturmak için, • Ardışık her üç soruda doğru cevap aynı şıkka koyulmayacak. kuralı olduğuna göre, matematik bölümünü oluşturan 20 soru için kaç farklı cevap anahtarı oluşturulabilir?",$12 \cdot 2^{19}$,$12 \cdot 2^{20}$,$4^{20}$,$12 \cdot 3^{17}$,$3^{20}$,A
07079594-d833-57aa-8833-09ecb2d1af61,EDEBIYAT,"Felatun Bey ile Rakım Efendi romanındaki ""Felatun"" ve Araba Sevdası romanındaki ""Bihruz"" ile ilgili yapılan karşılaştırmada,
I. Her ikisi de Batı cilası sürülmüş eksik bir eğitime sahiptir.
II. Her ikisinin de babası ölür ve oğullarına idare edemeyecekleri bir miras bırakır.
III. Batı hayranlığının cezasını çekip millî benliklerini bulmuş kişilerdir.
IV. Fransızcaya, Batı kültürüne ve edebiyatına hayrandırlar.
V. Her ikisi de Batılı giyinmek uğruna komik durumlara düşerler.
numaralanmış yargılardan hangisi söylenemez?",I,II,III,IV,V,C
f88cd2b7-79d7-506f-bfc6-00ad749d219c,MATEMATIK,"100 basamaklı bir merdivenin 13. basamağında bulunan Mustafa, basamakların bir kısmını ikişerli bir kısmını üçerli çıkarak merdivenin 92. basamağına basmıştır.
Buna göre, Mustafa'nın attığı;
I. İkişerli adım sayısı tek sayıdır.
II. Üçerli adım sayısı tek sayıdır.
III. Toplam adım sayısı çift sayıdır.
ifadelerinden hangileri kesinlikle doğrudur?",Yalnız I,Yalnız II,I ve II,II ve III,I ve III,B
726b8c22-994c-56e0-b9a2-294e77bcee9c,MATEMATIK,"Bekir elindeki parayla arkadaşlarına 12 kahve ve 8 çay veya 14 kahve ısmarlayabilmektedir. Buna göre, Bekir elindeki parayla arkadaşlarına en çok kaç çay ısmarlayabilir?",56,60,64,68,72,C
d5851c2c-9d7f-597a-a54d-2a5030be6ce3,MATEMATIK,"$x$ ve $y$ birer gerçek sayı olmak üzere, $z = 2y - 2x + (x - y + 4)i$ karmaşık sayısının eşleniği kendisi olduğuna göre, $z$ karmaşık sayısı aşağıdakilerden hangisidir?",-8,-4,0,4,8,E
4d2432c7-67ca-5b5f-8178-2635365ae36b,GEOMETRI,"2 metre boyundaki bir ağacın tepe noktasından B noktasına konulan ayna üzerine bir lazer ışık kaynağı ile ışık gönderildiğinde, yansıyan ışık kulenin tepe noktasına ulaşıyor. Ayna düzlemine paralel, $|AB|=6$ m ve $|BC|=42$ m olduğuna göre, kulenin uzunluğunu kaç m dir?",10,11,12,13,14,E
c999c37e-444f-53bc-b8a4-8d26a084cf02,TURKCE,"Türk edebiyatının önemli sanatçılarından Yaşar Kemal'in, öykülerine sığınarak hayatta tutunmaya çalışan sokak çocuklarını anlattığı ""Neredesin Arkadaşım"" adlı öykü kitabı üzerine Yaşar Kemal'le yapılan röportajlar bir kitap hâline getirilmiştir.
Bu cümleden kesin olarak çıkarılabilecek yargı aşağıdakilerden hangisidir?","Neredesin Arkadaşım adlı eser, Yaşar Kemal'in sokak çocuklarıyla yaptığı röportajların bir seçkisi olarak yayımlanmıştır.",Yaşar Kemal'in sokak çocukları üzerine yaptığı araştırmalar okurlarca beğenildiği için bir araya getirilmiştir.,"Sokak çocuklarından edinilen izlenimlerle Yaşar Kemal, Neredesin Arkadaşım adlı öykü kitabı sokak çocuklarına ithaf edilmiştir.","Neredesin Arkadaşım adlı eseriyle Yaşar Kemal, ilk defa sokak çocuklarının sorunlarını bir öykü kitabında işlemiştir.",Sokak çocuklarının hayat hikâyelerini konu edinen Neredesin Arkadaşım adlı öykü kitabı üzerine Yaşar Kemal'le yapılan röportajlar bir kitap hâline getirilmiştir.,E
c62389f3-504a-51d0-bbfa-275845038ba6,TARIH,"Oğuzlar; Türkiye, Azerbaycan, İran, Irak ve Türkmenistan Türklerinin ataları olarak bilinir. Oğuz adına ilk defa Kök Türk Kitabeleri'nde rastlanmaktadır. Oğuzlar arasında X. yüzyılın ikinci yarısından itibaren İslamiyet'in yayılmaya başladığı söylenebilir. Buna göre Oğuzların İslamiyet'i kabul etmesinin aşağıdakilerden hangisini kolaylaştırdığı söylenebilir?",Anadolu'da Müslüman nüfusun artmasını,Moğolların Orta Asya'da güçlenmesini,İslam dünyasında mezhep ayrılıklarının sona ermesini,Bizans İmparatorluğu'nun İslam dünyası üzerindeki baskısının artırmasını,Abbasilerin siyasi nüfuzunun artmasını,E
7dc15e54-0668-5512-ac61-d201587d13c7,MATEMATIK,$f(x) = \sqrt{x}$ eğrisine $x = 4$ apsisli noktasından çizilen teğet doğrusunun $y$ eksenini kestiği noktanın ordinatı kaçtır?,$\frac{1}{2}$,1,$\frac{3}{2}$,2,$\frac{5}{2}$,B
0e46ed05-b5bf-5677-ab0a-b5841fce762b,KIMYA,"X metali $HNO_3$ çözeltisi ile,
$X(k) + 2HNO_3(suda) \rightarrow X(NO_3)_2(suda) + H_2(g)$
denklemine göre reaksiyon vermektedir.
Buna göre, reaksiyon ile ilgili aşağıdakilerden hangisi yanlıştır?",X aktif metaldir.,X metali Mg olabilir.,Metal - asit reaksiyonu gerçekleşmiştir.,$X(NO_3)_2$ tuz sınıfı bir bileşiktir.,"X metalinin elektron verme eğilimi, hidrojeninkinden küçüktür.",E
9684dd1a-69a5-561f-a56f-6af4cc5692ff,MATEMATIK,"$f(x) = \begin{cases} |x^2-4|, & x < 1 \\ \frac{3}{x}, & x \ge 1 \end{cases}$ fonksiyonunun sürekli olduğu halde türevli olmadığı noktaların apsisleri toplamı kaçtır?",-1,-2,-3,-4,-5,A
448a0dcc-36d6-5b63-873b-0039da0f0765,MATEMATIK,"$\int (6x^2-4x+1) \, dx$ integralinin eşiti aşağıdakilerden hangisidir?",$x^3+2x^2+x+c$,$2x^3+4x^2+x+c$,$2x^3+2x^2+x-c$,$x^3+2x^2-c$,$2x^3-2x^2+c$,E
3ae05fd4-f409-5282-b89c-eb4628a2931f,MATEMATIK,"İfadesi $a-b$ ye eşit olduğuna göre, $x$ aşağıdakilerden hangisine eşittir?
$\frac{\frac{a}{b} - \frac{b}{a}}{\frac{1}{a} + \frac{1}{b}} = \frac{x+1}{x-1}$",$a-b-1$,$b-a+1$,$b-1$,$\frac{1}{b}$,$\frac{1}{a}$,C
acd71db7-0214-57e7-aa67-ac61c6f1bef3,TARIH,"Osmanlı Devleti istimalet politikası ile fethedilen bölgelerdeki gayrimüslim ahaliyi Osmanlı yönetimine sindirebilmeyi amaçlamış, onları himaye etmiş, dinî serbestlik tanımış ve bazı vergilerden muaf tutmuştur. Buna göre Osmanlı Devleti'nin uyguladığı istimalet politikasının aşağıdakilerden hangisinin ortaya çıkmasında etkili olduğu söylenebilir?",Pençik sisteminin kalkınması,Feodal bir taşra teşkilatının oluşturulması,Ahilik teşkilatının kurulması,Balkanlara uzun süre hâkim olunması,Haçlı birliğinin kurulması,D
dc1631b3-b472-563b-b374-ce9f3a2925e8,MATEMATIK,$\int \sqrt{x+3} \ dx$ ifadesinin eşiti aşağıdakilerden hangisidir?,$^3\sqrt{(x+3)^2}+c$,$^3\sqrt{(x+3)^3}+c$,$\frac{2}{3}\sqrt{(x+3)^3}-c$,$\frac{2}{3}\sqrt{(x+3)^3}+c$,$\frac{3}{2}\sqrt{(x+3)^3}+c$,D
8e7a805a-b3dd-5bd8-b8d3-6d6e5748a0f8,KIMYA,"Aynı şartlar altında bulunan yukarıdaki bileşiklerle ilgili, I. Kaynama noktası $b > a$'dır. II. Saf sudaki çözünürlükleri $a > b$'dir. III. Molekülleri arasında hidrojen bağları bulunur. verilenlerden hangileri doğrudur?

$CH_3CH_2CH_2OH$ ($a$)
$CH_3CH_2CH_2CH_2OH$ ($b$)",Yalnız I,I ve II,I ve III,II ve III,"I, II ve III",C
424e2e86-402a-5b25-aa6f-705ef8e5a5fd,MATEMATIK,"Kare şeklindeki bir arsanın alanı en az $144 \text{ m}^2$, en fazla $400 \text{ m}^2$'dir. Arsanın etrafı bir sıra çit ile çevrilecektir. Çitin bir metresinin fiyatı en az $5$ lira en çok $8$ liradır. Buna göre, arsanın çit maliyeti $x$ lira olmak üzere, $x$'in bulunduğu en geniş aralık aşağıdakilerden hangisidir?","$[120, 640]$","$[240, 480]$","$[240, 640]$","$[320, 560]$","$[300, 420]$",C
7bd94527-688e-5c3a-a1fa-cb56b754847c,KIMYA,"Aşağıda denklemleri verilen tepkimelerden hangisi asit-baz tepkimesidir?
A) $N_{2(g)} + 3H_{2(g)} \rightarrow 2NH_{3(g)}$
B) $NH_{3(suda)} + HCl_{(suda)} \rightarrow NH_4Cl_{(suda)}$
C) $Ag_{(suda)} + Cl^{-}_{(suda)} \rightarrow AgCl_{(k)}$
D) $C_2H_4O_{2(g)} + 3O_{2(g)} \rightarrow 2CO_{2(g)} + 2H_2O_{(g)}$
E) $n(CH_2=CHCl) \rightarrow [-CH_2-CHCl-]_n$",$N_{2(g)} + 3H_{2(g)} \rightarrow 2NH_{3(g)}$,$NH_{3(suda)} + HCl_{(suda)} \rightarrow NH_4Cl_{(suda)}$,$Ag_{(suda)} + Cl^{-}_{(suda)} \rightarrow AgCl_{(k)}$,$C_2H_4O_{2(g)} + 3O_{2(g)} \rightarrow 2CO_{2(g)} + 2H_2O_{(g)}$,$n(CH_2=CHCl) \rightarrow [-CH_2-CHCl-]_n$,B
62d585dd-ee7d-54ed-9c3c-0f2dbba17ad3,MATEMATIK,$x^2+y^2+4y-32=0$ ve $(x+5)^2+(y-10)^2=16$ çemberlerine teğet olan en küçük çemberin yarıçapı kaç birimdir?,$\frac{1}{2}$,1,$\frac{3}{2}$,2,3,C
429b2a18-defb-5cf7-afcb-1799e52ae1ca,MATEMATIK,"$0 < \theta < \frac{\pi}{2}$ olmak üzere,
cos$\theta$ - $\sqrt{2}$ \cdot cos(arctan$\sqrt{3}$)
olduğuna göre, cot$\theta$ kaçtır?",-3,1,$-\frac{\sqrt{3}}{3}$,$ \sqrt{3}$,3,B
9dd3a435-4b97-54d8-8143-cab55b969196,MATEMATIK,"$z_1 = 3-5i$ ve $z_2 = (a-3) + (2+b)i$ karmaşık sayıları için $z_1 = \overline{z_2}$ dir. Buna göre, $w = 2a+3bi$ karmaşık sayısının $Re(w) + Im(w)$ toplamı kaçtır?",21,24,27,30,33,D
7ab3a8eb-5bbd-5610-a9c0-144758065975,MATEMATIK,"$a / 2$ olmak üzere, $a^2 - 8 = a - 2$ olduğuna göre, $a^2 + 2a$ ifadesinin değeri kaçtır?",-4,-3,-2,-1,0,C
14192b26-390b-553d-aa87-5e0dabe664c1,MATEMATIK,"Dik koordinat düzleminde verilen $ABCD$ dikdörtgeninin kenarları, eksenlere paraleldir. $A$ ve $C$ köşelerinin koordinatları sırasıyla $(-1, -1)$ ve $(4, 5)$ olduğuna göre, $ABCD$ dikdörtgeninin çevresi kaç birimdir?",16,18,20,22,24,D
9504a91f-501c-593f-8629-56c89b4796b0,MATEMATIK,"$1+a < 0$, $a \cdot b < 0$, $b \cdot c < 0$ olduğuna göre, $a, b$ ve $c$'nin işaretleri sırasıyla aşağıdakilerden hangisidir?","$+,+,-$","$+,-,+$","$+,-,-$","$-,+,-$","$-,-,+$",D
21f0a7cc-f12f-554e-bbca-dd70ada3b90b,TARIH,"Köprülü Mehmet Paşa, sadrazamlığı şu şartları öne sürerek kabul etmiştir:
I. Saray görevlilerinin padişahın kabul edilmesi,
II. Devlet memuriyetlerine istediği kişileri getirebilecek olması,
III. Sarayın devlet işlerine müdahale etmemesi
Bunlardan hangileri, Köprülü Mehmet Paşa'nın uyum içerisinde çalışabileceği bir kadro oluşturma amacına yöneliktir?",Yalnız I,Yalnız II,Yalnız III,I ve II,II ve III,D
7109369e-b96e-5dc8-a759-3725c54e55ec,GEOMETRI,"Oğuzhan, matematik dersinde yaptığı bir etkinlikte ilk koordinat düzleminin $y$ ekseni üzerinde bir nokta işaretliyor. Sonra işaretlediği bu noktanın apsisini 2 birim azaltıp ordinatını 3 birim arttırarak ikinci bir nokta, ikinci noktaya aynı işlemi uyguladığında ise $x$-ekseni üzerinde üçüncü bir nokta elde ediyor.
Oğuzhan'ın, üçüncü noktaya aynı işlemi uygulayarak elde edeceği dördüncü noktanın koordinatları toplamı kaçtır?",0,-1,-2,-3,-4,E
3f745942-3245-5d11-9afa-55b73fff7bc7,MATEMATIK,"$m > m^2$ ve $n < |n|$
olduğununa göre,
I. $m \cdot n < 0$
II. $m < n$
III. $\frac{m}{n} + \frac{n}{m} < 0$
ifadelerinden hangileri doğrudur?",Yalnız I,Yalnız II,Yalnız III,I ve III,I ve II,D
9b43b95f-cc83-5460-8a45-ace88029d749,MATEMATIK,"$x, y$ ve $z$ gerçek sayılar için,
$2x+y+2z < 2x+x+3z$
olduğuna göre, aşağıdakilerden hangisi daima doğrudur?",$x < y$,$y < z$,$x < z$,$y < x$,$z < x$,C
5328a756-40d9-5eb9-ba0b-18f8555fc036,KIMYA,"Nem çekici özellik taşıyan sülfürik asit ($H_2SO_4$) ve fosforik asit ($H_3PO_4$) suda her oranda çözünür. Çözünmeleri sırasında çok yüksek ısı açığa çıkar. Bu nedenle bu asitlerin üstüne su dökmek çok tehlikelidir.
Buna göre bu asitlerin derişik hâlleri ile ilgili,
I. $H_2SO_4$ ve $H_3PO_4$ asitleri yenilip içilebilir.
II. Tahriş edici oldukları için cilde temas ettirilmemelidir.
III. Üzerlerine su ekleyerek çözeltileri hazırlanabilir.
yargılarından hangileri doğrudur?",Yalnız I,Yalnız II,Yalnız III,I ve II,II ve III,B
92291c63-705c-5611-a3e7-731c07480dd1,MATEMATIK,"$(a_n)$ ve $(b_n)$ aritmetik dizilerinin ilk $4$ terimi verilmiştir.
$(a_n) = (13, 18, 23, 28, ...)$
$(b_n) = (256, 252, 248, 244, ...)$
olduğuna göre, bu dizilerin kaçıncı terimleri ortaktır?",27,28,29,30,31,C
d66abcf9-d93d-5f88-90f6-75a7b34178d7,TARIH,"İstanbul Hükümeti, TBMM'nin açılmasına tepki olarak, Kuvay-ı İnzibatiye adında bir teşkilat kurmuştur. Bu teşkilat İzmit bölgesinde kurularak İngilizlerin de yaptığı silah ve cephane yardımıyla güçlendirilmiştir. Millî kuvvetlerle saldıran bu isyancılar da destekleyen bu teşkilat faaliyetleriyle ülkeyi bir kargaşa ortamına sürüklemeye çalışmıştır. Bu bilgilere bakılarak; I. İstanbul Hükümeti'nin İngiltere tarafından desteklendiği, II. TBMM'nin varlığının hem içte hem de dışta huzursuz luk yarattığı, III. İstanbul Hükümeti'nin işgalcilerle iş birliği içinde oldu ğu yargılarından hangilerine ulaşılabilir?",Yalnız I,Yalnız II,Yalnız III,I ve II,"I, II ve III",E
fd221ae9-a961-578d-b9a1-7b0e35db2daf,MATEMATIK,"$a = \sin 110^\circ$, $b = -\cos 250^\circ$, $c = \sin 350^\circ$ olduğuna göre, $a$, $b$ ve $c$'nin küçükten büyüğe doğru sıralanışı aşağıdakilerden hangisidir?",$a < b < c$,$a < c < b$,$b < c < a$,$c < a < b$,$c < b < a$,E
eca78737-e24a-5e19-afa0-088ffef916ae,MATEMATIK,"$a$ ve $b$ birer tam sayı olmak üzere,
• $x^2+2 < a$ eşitsizliğini sağlayan iki doğal sayı
• $b \le x$ eşitsizliğini sağlamayan üç doğal sayı
vardır.
Buna göre, $a-b$ çarpımının değeri kaçtır?",-4,0,4,8,12,D
aa72794e-787f-59bd-9eb9-c283c8a08ebd,MATEMATIK,"$x^2-(m+1)x+m-5=0$ denkleminin kökleri $x_1$ ve $x_2$'dir. $x_1^2+x_2^2=29$ olduğuna göre, $m$'nin alabileceği değerler toplamı kaçtır?",-6,-10,-12,6,12,A
63c0829d-9f17-5654-83ec-1e24ed3303b3,MATEMATIK,"A ve B şehirlerinden ortalama hızları $120 \text{ km/sa}$ ve $60 \text{ km/sa}$ olan iki araç birbirlerine doğru aynı anda harekete başladıktan bir süre sonra $60 \text{ km/sa}$ olan araç $x$ dakikalık bir mola vermiş ve harekete başladıktan $4$ saat sonra ilk kez karşılaşmışlardır. Bu iki araç hareketlerine devam ederek A ve B kentlerine varıp hiç durmadan geri döndüklerinde ilk karşılaşmalarından $\frac{45}{2}$ saat sonra ikinci defa karşılaşmışlardır. Buna göre, $x$ kaçtır?",30,40,50,60,70,C
0f70b45b-8b20-5d09-9683-91d5299be806,MATEMATIK,"$A = \{1, 2, 3, 4, 5, 6\}$ kümesinin 4 elemanlı permütasyonlarının kaç tanesinde 1 veya 6 bulunur?",360,336,300,180,120,B
0c45a02e-7c32-5677-b9bf-a5e4386acfa4,MATEMATIK,$y = \frac{1}{2}x^2$ eğrisi ile $y = x$ doğrusu arasında kalan kapalı bölgenin alanı kaç birimkaredir?,$\frac{1}{3}$,$\frac{2}{3}$,1,$\frac{3}{2}$,2,B
b68b4c01-1bba-59f8-9f77-97806170034e,BIYOLOJI,"Havuç bitkisinin bulunduğu toprağa verilen işaretli azot tuzları, kök hücrelerinde depo edilen bir vitaminin yapısında gözlenmiştir. Bu olayla ilgili olarak aşağıdaki yorumlardan hangisi yapılamaz?",Azot tuzları odun borularında su ile birlikte yapraklara taşınmıştır.,Azot tuzlarının topraktan alınması emici tüyler ile gerçekleşmiştir.,Azot tuzlarının odun borularıyla yapraklara kadar taşınmasında ATP harcanmıştır.,Azot tuzları fotosentez reaksiyonlarıyla vitamin yapımında kullanılmıştır.,Vitaminler soymuk borularında su ile birlikte kök hücrelerine taşınmıştır.,D
e48ea6e1-2fb1-5aae-ac50-ed0f0fc2f478,EDEBIYAT,"Cihanı hiçe satmadık adı aşk
Döküp varlığı gitmedik adı aşk
(...)
Var Eşrefoğlu Rûmî bil hakikat
Vücûdı fâni itmedük adı aşk
Biçim ve içerik özellikleri dikkate alındığında bu beyitlerin aşağıdaki nazım şekillerinden hangisine ait olduğu söylenebilir?",Mesnevi,Gazel,Murabba,Kıt'a,Müstezat,B
7247308a-4be1-5c53-a0e8-948a59b4c0f2,MATEMATIK,"$y = f(x)$ fonksiyonunun grafiği üzerindeki $(1, a)$ noktasından çizilen teğet doğrusu $(2, 4)$ noktasından geçmektedir. $f(1) - f'(1) = 2$ olduğuna göre, $a$ kaçtır?",1,2,3,4,5,E
043f39b4-0498-52ae-9f1e-dc802d69e33f,MATEMATIK,"log x - ln e = 1 olduğuna göre, x kaçtır?",1,e,10,$10^e$,$e^{10}$,C
e31bbea3-3ef3-5f24-8f20-ca1eca588d60,MATEMATIK,$\frac{\sqrt{8+4\sqrt{3}}}{\sqrt[4]{4-2\sqrt{3}}}$ işleminin sonucu kaçtır?,$1$,$\sqrt{2}$,$\sqrt{3}$,$2\sqrt{2}$,$2\sqrt{3}$,D
dd843827-fd22-5bc3-8da1-bfaefd7c270c,TARIH,"Orta Çağda Avrupa'da hiçbir hakkı olmayan, toprağa bağlı, karın tokluğuna çalışan ve hür köylü ile köle arasında bir sınıf olan serfler, eşya gibi alınıp satılabilmekteydi. Senyörler, hem toprağın hem de serflerin sahibiydi. Çalışma şartları ve süreleri senyörce tayin edilen serfler, çalıştığı topraktan ayrılması halinde senyöre onu bulup getirme hakkına sahipti.
Bu bilgilerden hareketle aşağıdaki yargılardan hangisi söylenemez?",Orta Çağ Avrupasında toplum farklı sınıflara ayrılmıştır.,Köylüler toplumun en gelişmiş kesimini oluşturmuştur.,Senyörler ekonomik yönden güçlü bir konuma gelmiştir.,"Serfler, senyörlere bağlı topraklar üzerinde çalışmıştır.",Serfler toprakla birlikte alınıp satılabilen bir konumda olmuştur.,B
bd423287-72bd-5266-819a-ccc90067437c,MATEMATIK,"En küçüğü Aykut, en büyüğü Rıdvan olan Aykut, Hasan ve Rıdvan kardeşlerin;
• Aykut ve Rıdvan'ın amcaları toplam 45 tane,
• Rıdvan ve Hasan'ın dayıları toplam 63 tane,
• Hasan ve Aykut'a dedeleri toplam 76 tane,
bilye vermiştir.
Kardeşler her seferinde yaşı küçük olanın daha az bilye alacak şekilde bilyeleri paylaşmışlardır.
Son durumda Rıdvan ve Hasan'ın eşit sayıda bilyesi olduğuna göre, Aykut'un bilye sayısı en çok kaçtır?",55,56,57,58,59,C
39d9082f-fc6e-5c4c-9129-892e56647110,MATEMATIK,"Bir aritmetik dizinin ardışık $5$ terimi sırasıyla $\log_2 2$, $\log_2 a$, $\log_2 b$, $\log_2 c$, $\log_2 18$ olduğuna göre, $\frac{a \cdot c}{b}$ kaçtır?",8,4,3,9,6,E
b4ec7e05-3303-5f4c-a28a-a7252277b0d3,MATEMATIK,"Bir torbada üç sarı, üç mavi ve dört kırmızı renkte top vardır. Bu torbadan çekilen topların üçünün de farklı renkte olmadığı bilindiğine göre, üçünün de aynı renkte olma olasılığı kaçtır?",$\frac{1}{7}$,$\frac{3}{7}$,$\frac{1}{14}$,$\frac{3}{14}$,$\frac{1}{6}$,A
278922ab-3132-532c-ba81-df83939231c4,MATEMATIK,"Şekildeki sayılar belirtilen oklar yönünde küçükten büyüğe doğru sıralanmıştır. Buna göre, $a+b$ toplamının alabileceği kaç farklı tam sayı değeri vardır?",7,8,9,10,11,C
fda3460d-5af1-5e3b-8a93-573b1f6e70f2,TURKCE,"(I) Seramik; kilden yapılan tabak, çanak, kâse, çini, fincan, testi, vazo gibi eşyalara genel olarak verilen isimdir. (II) Bir eşyada güzel biçimler arandığı için seramik aynı zamanda güzel sanatların da bir kolu gibi düşünülebilir. (III) Bu şekil düşünülen seramik eşya, kullanılan toprağın cinsine ve yapılışına göre üç şekilde nitelendirilir: pişmiş toprak eşya, çini işleri ve porselen işleri. (IV) Seramiğin ham maddesi kildir; killer, volkanik kütlelerin çeşitli tabiat olayları sonucunda ayrışıp suların etkisiyle sürüklenerek belirli yerlerde birikmesinden meydana gelir. (V) Bunlar, kimyasal yönden sulu alüminyum silikatlardır. (VI) Bunların saf olanları beyazdır; bu rengi, daima içinde bulunanlarla dönük oksitlerden alır.
Bu parça iki paragrafa ayrılmak istense ikinci paragraf numaralanmış cümlelerin hangisi ile başlar?",II,III,IV,V,VI,C
c37e3baf-05f7-5a9c-b4ad-df3a07360f18,MATEMATIK,Integralinin değeri kaçtır? $\int_{0}^{2} x \cdot \sqrt{9-x^2} dx$,$\frac{9\pi}{6}$,$\frac{9\pi}{4}$,$\frac{5\pi}{4}$,$\frac{5\pi}{8}$,$\frac{3\pi}{4}$,C
b22f5979-2c0f-5e0a-be56-d1a8a8063cfd,MATEMATIK,"$\log_2 (\log_3 (\log_4 a)) = 0$, $\log_3 (\log_4 (\log_5 b)) = 0$, $\log_4 (\log_5 (\log_6 c)) = 0$ olduğuna göre, $a+b+c$ toplamı kaçtır?",88,89,90,91,92,D
7a5964a1-caf5-5d0c-a1f5-c1271d7c6d0f,TURKCE,"Protein tozu, vücutta protein miktarının birden artmasına neden olabildiğinden kalbin yorulmasına, kalp büyümesine yol açar. Uzun sürelerde yer alan yağ miktarına bağlı olarak diğer kardiyovasküler hastalıkların ortaya çıkmasında rol oynayabilir.
Ağır spor yapanların kas yapısını artırmak için kullanılan protein tozu, aslında bir besin takviyesidir. Protein yeterli kadar alınmayan sporcular, genelde protein tozunu bir destekleyici olarak kullanır. Vücuda ek protein alımı sayesinde kas kütlesinde daha hızlı ve daha büyük bir kazanç elde edilir.
Bu iki parçayla ilgili aşağıdakilerden hangisi söylenebilir?",Farklı görüşlerin aslında birbirini desteklediğini göstermektedir.,Aynı konuya ilişkin ortak bir görüşü vurgulamaktadır.,Aynı olguyu çelişen yönleriyle değerlendirip ele almaktadır.,Aynı düşünceyi pekiştirmeye yönelik farklı örnekler sunmaktadır.,İki farklı konuyu benzer nedenler öne sürerek açıklamaktadır.,C
a8b8c8de-675d-5336-902f-990e3d16b066,KIMYA,1 mol Fe elementindeki atom sayısı aşağıdakilerden hangisidir? ($N_A$ = Avogadro sayısı),$N_A$,$\frac{1}{N_A}$,1,10,$\frac{10}{N_A}$,A
a92c5656-d1e2-5ad5-92e6-5f77255155ee,MATEMATIK,"Bir kümede bulunan horozların sayısı 2,8 sayısı ile tavukların sayısı ise 4,2 sayısı ile orantılıdır. Kümeste bulunan tavuk ve horoz sayısının toplamının 76'dan az olduğu bilindiğine göre horoz sayısı en fazla kaçtır?",40,36,30,24,20,D
863e16b4-38b7-5c02-a772-ca9aa52ac091,MATEMATIK,"$\int f(x) dx = 3x^3-6x+c$ olduğuna göre, $f(2)$ kaçtır?",4,6,8,10,12,C
a0dcc38f-5b8e-5267-b8f7-624cb2b97cb5,MATEMATIK,"Cengiz Öğretmen, öğrencilerinden aşağıdaki koşulları sağlayan örnek bir polinom vermelerini istemiştir.
• $P(x)$ polinomunun derecesi başkatsayısından küçüktür.
• Her $x$ gerçek sayısı için $P(x) + P(-x) = 0$ eşitsizliği sağlanır.
Öğrenciler aşağıdaki tabloda isimlerini ve örneklerini yazmıştır.
Buna göre, Cengiz Öğretmen'in sorusuna kimler doğru cevap vermiştir?",Yalnız Sude,Sude ve Defne,Yalnız Defne,Yalnız Aleyna,Defne ve Aleyna,C
d93eda42-1cf6-5d13-86a6-0d3446b5bb96,MATEMATIK,$P(x) = (x^2-x+3)^2 - (x^2+x^2)^2$ polinomunun sabit terimi kaçtır?,-7,2,25,27,52,D
3a5d1b94-b11a-5bc9-83f7-8392a81bd307,KIMYA,"Katı ve gaz fazında gerçekleştiği bilinen, $A + 2B \rightleftharpoons 2C$ tepkimesinin denge sabiti $K_c = \frac{[C]^2}{[A]}$ şeklindedir. Dengedeki bu tepkime için,
I. B katıdır.
II. Kaba B maddesi eklenirse denge ürünler yönüne kayar.
III. Kaba C ilave edildiğinde B nin derişimi artar.
yargılarından hangileri doğrudur?",Yalnız I,Yalnız II,I ve II,I ve III,"I, II ve III",D
e9364e0f-6396-5596-b356-2daf3ebadf4f,MATEMATIK,$1 < \frac{|2x-6|}{3} < 5$ eşitsizliğini sağlayan kaç tane $x$ tam sayısı vardır?,12,11,10,9,8,C
fcda13be-02c8-5ad9-aaf7-26ba0cf10e0e,MATEMATIK,"$f(x) = \frac{\sqrt{x \cdot \sqrt[3]{x}}}{\sqrt[6]{x}}$ fonksiyonu veriliyor. $f'(1) = \frac{23}{12}$ olduğuna göre, $a$ kaçtır?",1,2,3,4,5,B
71677c5e-8b1f-5df9-ade9-699226809759,MATEMATIK,$f(x) = \log_2(7 - 12x - 3x^2)$ fonksiyonunun en geniş tanım aralığı aşağıdakilerden hangisidir?,"$[-2, 5]$","$(0, 5)$","$(- \infty, 5)$","$(-2, 5)$","$(-2, \infty)$",D
06420624-25a9-5851-acdd-113e82a4fe8d,TARIH,"Lozan Barış Konferansı sırasında İtilaf Devletleri;
• Kapitülasyonlar
• Boğazlar
• Musul
gibi sorunları, kendi çıkarları doğrultusunda çözmek istemişlerdir.
İtilaf Devletleri'nin bu tavrı, aşağıdakilerden hangisi ile daha iyi açıklanabilir?",TBMM'yi tanımak istememeleriyle,Anadolu'daki emellerinden vazgeçmemeleriyle,Boğazlar Komisyonu'na karşı olmalarıyla,Savaş tazminatından yararlanmamalarıyla,"Azınlıkların, karşı tavır sergilemeleriyle",B
8f1e0f5b-7cbd-5d9c-aac8-f5ed347d5f09,MATEMATIK,"$a$, $b$ ve $c$ birer gerçek sayı olmak üzere $f(x) = ax^2 + bx + c$ fonksiyonu için
• $x$ eksenine göre simetriği olan fonksiyon $y = h(x)$'tir.
• $y$ eksenine göre simetriği olan fonksiyon $y = g(x)$'tir.
bilgileri veriliyor.
$(h + g)(3) = 18$ ve $h(1) = 7$ olduğuna göre, $g(1)$ kaçtır?",-2,-1,2,3,4,B
dd8abc05-37d8-5621-970e-9017746c7151,MATEMATIK,"Bir $P(x)$ polinomunun katsayıları toplamı 12'dir. $P(x) = P(x-1) - 2x^2$. Buna göre, $P(x)$ polinomunun $x-3$ ile bölümünden kalan kaçtır?",12,10,8,7,6,B
8352bd18-02f7-51c2-a808-c293c9b8eeb0,TURKCE,"(I) 1940'larda ortaya çıkan şiir akımı çok yadırgandı. (II) Bu kadar çok yadırganmasının nedeni, işlenen konulardı. (III) Bu akımın şairleri, şiirde ulvi şeylerden söz etme kuralını altüst ettiler. (IV) Şiirlerinde sokaktaki adamın nasırından, işinden atılganlığından, karısının yanağından dem vurmaya başladılar. (V) Garip akımının temsilcileri arasında Orhan Veli'ler, Oktay Rıfatlar vardı. Bu parçada numaralanmış cümlelerden hangisinin öge dizilişi ""özne-nesne-yüklem"" biçimindedir?",I,II,III,IV,V,E
c7cc973c-4adb-5167-8b28-12a36c8c7d1e,TARIH,"İngiltere XIX. yüzyılın sonlarına kadar Osmanlı İmparatorluğu'nun toprak bütünlüğünü savunmuştur. Bu tutumu ile Hindistan yolunun güvenliğini sağlamayı amaçlamıştır. XIX. yüzyılın sonundan itibaren ise İngiltere Osmanlı Devleti'nin toprak bütünlüğünü koruma politikasından vazgeçmiştir. Buna göre İngiltere'nin politikasını değiştirmesinde, I. Hindistan sömürge yolunun güvenliği için Mısır'ı alması, II. Osmanlı Devleti'nin Almanya'ya yakınlaşması, III. Rusya'nın Panslavizm politikasını takip etmesi gelişmelerinden hangilerinin etkili olduğu söylenemez?",Yalnız I,Yalnız III,I ve II,I ve III,"I, II ve III",B
8c29f3d3-c964-58ac-9c87-387c86dcc4e6,TURKCE,"Bilgelik, ruha yerleşti mi bir kez, kendini evvela dışa vuruyor; içsel huzur, dışsal huzur olarak insanın kalbini besliyor; vücudun diğer organlarına da beslenme yayılıyor. Bu numaralanmış sözcüklerin hangisinde ünlü daralması vardır?",I,II,III,IV,V,A
ced518e4-8ed3-5d16-aa7f-4b9fea6db7be,MATEMATIK,"$f\left(\frac{x}{3} + 2x\right) = x^2 - 4$ olduğuna göre, $f\left(\frac{1}{3}\right)$ değeri kaçtır?",39,$\frac{137}{3}$,49,$\frac{157}{3}$,$\frac{167}{3}$,D
5fbec87c-3e71-5ffc-ab08-f3cdea849482,MATEMATIK,"Emlak vergisi Mart ve Kasım ayı olmak üzere eşit 2 taksitte ödenir. Zamanında ödenmeyen vergiye aylık %1,8 oranında gecikme bedeli uygulanır. Yıllık emlak vergisi 800 TL olan bir vatandaş vergisini aynı yılın Aralık ayında ödediğine göre, kaç TL gecikme bedeli öder?",32,36,40,44,48,D
06c8a9d4-2576-518c-b455-8eb48a9bc9ec,BIYOLOJI,"Bir tohumun çimlenebilmesi için; I. $H_2O$, II. $O_2$, III. $CO_2$ moleküllerinden hangileri gereklidir?",Yalnız I,Yalnız II,Yalnız III,I ve II,"I, II ve III",D
e3b9e60c-16f2-5eff-9364-217dfb74b6af,MATEMATIK,"Bir araç A şehrinden B şehrine saatte ortalama $40 \text{ km}$ hızla gidip, hiç beklemeden saatte ortalama $60 \text{ km}$ hızla geri dönmüştür.
Buna göre, bu aracın gidiş-dönüş ortalama hızı saatte kaç km'dir?",42,45,46,48,50,D
52bf3797-ff74-5044-9a83-df594263d965,TURKCE,"Haşim bir modernleşme tecrübesi yaşadık ve geçmişimizle bağımızı bir gecede koparıp atabil-eceğimizi sandık. Bamb aşka bir toplum olmak, yeniliği miz bir düşmanı Batılılaşma yoluyla taklit ederek galipler safına katılmak büyük bir hayaldi. Ve sadece kağıt üzerinde modernleşme gördük. Uzaydan gel- miş, buraya tarihi birikimden gelerek inmedik. Tarih bilinci saraplaşmayacağımızı, onu yok edemeyeceğimizi, kırk ederek geçmişin sevaplarıyla ve günahlarıyla da barışırız. Bu parçada boş bırakılan yere düşüncenin akışına göre aşağıdakilerden hangisi getirilmelidir?",İnsan bir anda büyük bir değişime zorlamak ters teperdi.,Toplumlar her zaman büyük değişimlerin karşısında yer almıştır.,Büyük bir mücadeleyi göze almak insanlar için çok zordu.,Ruhumuz kökü neredeyse insan oradadır.,"İnsan her zaman, her durumda şaşırtmayı başaramazdı.",D
f0a2db6e-da56-5e23-a2dc-e6876196530a,MATEMATIK,log$_2$(log$_3$(x-3)) < 0 eşitsizliğinin çözüm kümesi aşağıdakilerden hangisidir?,"(0, 4)","(4, 9)","(0, 9)","(3, 9)","(3, 4)",B
f0a1c507-d8db-558d-8e3f-56cfbb02aad3,BIYOLOJI,"Aynı ekosistemde birlikte yaşayan canlılara ait bazı özellikler aşağıda verilmiştir.
X canlısı: sadece ışıklı ortamlarda, inorganik maddelerden çeşitli organik maddeleri sentezleyebilir.
Y canlısı: hem ışıklı hem de ışıksız ortamlarda, inorganik maddelerden çeşitli organik maddeleri sentezleyebilir.
Z canlısı: organik besin ihtiyacını bir başka canlıyı yiyerek karşılıyor.
X, Y ve Z canlıları ile ilgili bu bilgiler, aşağıdaki yargılardan hangisine varmak için yeterli olur?","X ve Y çok hücreli, Z ise tek hücreli bir canlıdır.","Üç canlı türünde de karbonhidratların fazlası, glikojen olarak depolanır.","X, fotosentezle besin üretebilen yeşil bir bitkidir.",Y de çekirdek zarı ve zarlı organel bulunmaz.,"Z, doğrudan üreticileri yiyerek beslenen otçul bir hayvandır.",C
af7b9ef2-7821-578f-9d3c-41f2e7b6a450,MATEMATIK,"$(a_n)$ dizisinde $a_n=n\cdot a_{n-1}$ ve $a_1=1$ olduğuna göre, $a_4$ kaçtır?",\frac{1}{19!},\frac{1}{18!},1,18!,19!,D
f7def8a8-0c67-55d8-bfda-350a01f32895,MATEMATIK,"36 kg fındık, 48 kg fıstık ve 54 kg badem birbirine karıştırılmadan hiç artmayacak ve eşit ağırlıkta olacak şekilde poşetlere doldurulacaktır. Buna göre, en az kaç adet poşete ihtiyaç vardır?",14,15,17,22,23,E
9cb40271-d4b7-5db2-9535-3173923b6716,MATEMATIK,$1 + cotx = 0$ denkleminin bir kökü aşağıdakilerden hangisidir?,$\frac{\pi}{3}$,$\frac{5\pi}{16}$,$\frac{3\pi}{8}$,$\frac{\pi}{4}$,$\frac{5\pi}{8}$,E
7703a108-0663-521b-a36e-3f965cf7c685,FIZIK,Aşağıdaki dalgalardan hangilerinin yayılabilmesi için maddesel ortam şarttır?,Gama ışınları,Alfa ışınları,Beta ışınları,Radyo Dalgaları,Ses Dalgaları,E
7973029e-2980-5866-9378-04d53cfe8c19,TURKCE,"(I) Sevdiğiniz ve değer verdiğiniz biriyle konuşurken kimi sözler, --- olabilir. (II) Bu yüzden endişeyle, bazı şeyleri saklayıp --- konuşuruz. (III) Dertleriniz, onunla ilgili sıkıntılarınız vardır ama bunları açık açık söyleyemezsiniz. (IV) Aradaki sıcaklığı kaybetmeme pahasına yutarsınız onları. (V) Bu durumda çoğumuz, kan kusup kızılcık şerbeti içtim, demek zorunda kalırız.
Bu parçada numaralanmış cümleler ile ilgili aşağıdakilerden hangisi söylenemez?","I.de boş bırakılan yere ""incitici, kırıcı"" sözlerinden biri getirilebilir.","II.de boş bırakılan yere ""nazikçe, kurnazca"" sözlerinden birinin getirilmesi anlam akışını bozmaz.",III.de hayıflanma anlamı vardır.,"IV.de ""yutmak"" sözcüğü gerçek anlamının dışında kullanılmıştır.",V.de anlamı pekiştirmek için bir deyime yer verilmiştir.,C
f4f3e0c1-d1ac-5a79-b30e-683ee0bb9fc2,MATEMATIK,"$n$ pozitif bir tam sayı olmak üzere
$P(n, 0) + P(n, 1) + P(n, n) = 126$
olimitsolduğuna göre, $n$ kaçtır?",4,5,6,7,8,E
f49f40fd-e25e-5e11-b480-ef6cedde154f,TURKCE,"Bergson'a göre ""Bellek bazı deneyimlerin, bilincimizin bir parçası hâline gelmesidir."" Ancak burada söz konusu bü-tünsel, tek bir bellek değildir. Bergson iki tür bellek üzerinde durur. İki alışkanlıklarımız sonucu oluşan bellektir. Özünde şeyleri tekrarlamak yeter; tekrarlama alışkanlığını bırakırsak bellek zayıflar. İkinci tür bellek ise geçmişin hatırlanmasıyla ilgilidir. Bu iki tür belleğe bakıldığında ikincisinin birincisinden farklı olarak zihinsel bir işleyişe sahip olduğunu görürüz.

Bu parçanın anlatımında aşağıdakilerden hangisi yoktur?",Öneride bulunma,Koşul öne sürme,Karşılaştırma,Açıklama,Tanımlama,A
c0c1d252-b9b2-5357-a531-d921fd7a4dc7,MATEMATIK,"$n$ ve $k$ pozitif tam sayılar olmak üzere, $\boxed{n}_k$ değeri $\bullet \log n + \log k$ toplamı tam sayı ise; $\boxed{n}_k = n \cdot k$ $\bullet \log n + \log k$ toplamı tam sayı değilse; $\boxed{n}_k = 0$ olarak tanımlanıyor. Örnek: $\boxed{5}_2 = 10$, $\boxed{4}_5 = 0$. Buna göre, $\boxed{n}_2 + \boxed{n}_5 = 100$ eşitliğini sağlayan $n$ sayılarının toplamı kaçtır?",40,50,70,100,110,D
5164b78e-1bee-5425-9c62-3ab13085608c,MATEMATIK,"$P(x)$ bir polinomdur. $\int \frac{P'(x+1)}{x-2}dx = -2x^2 + 5x + c$ olduğuna göre, $P(x)$ polinomunun sabit terimi kaçtır?",-1,-2,-3,-4,-6,C
878d361c-4f28-5262-9870-39ad267110f3,FIZIK,"Suya bırakılan 6 N ağırlıklı bir küre şeklindeki cisim yarı hacmiyle sıvıda kalacak şekilde yüzüyor. Buna göre, I. Cisme etki eden kaldırma kuvveti 3 N dur. II. Cismin özkütlesi $0,5 \text{ g/cm}^3$ tür. III. Cisim tamamen sıvıya batırılırsa, cisme etki eden kaldırma kuvveti 12 N olur. yargılarından hangileri doğrudur? ($d_{su} = 1 \text{ g/cm}^3$ tür.)",Yalnız I,Yalnız II,I ve II,II ve III,I ve III,D
9d859984-79f7-5ae9-96fe-dc746886b193,EDEBIYAT,"Şiir yazmaya ilkokul sıralarında başlayan, Kayseri Gazetesi'nde 1942 yılında yayımlanan Türk adlı şiirinin dışında, aynı yıl-ortaokul birinci sınıftayken- bir edebî dergide de Yurdumuzun Dağlarına adlı şiiri yayımlanarak şairliğe adımını atan şair, ""Şeymek Varken, Güvercin Uçurmak, Kuşlar ve İnsanlar, Kerem ile Aslı, Ses Mimarlarımızdan Sürler"" bu tanınmış kitaplarının önemli özelliklerindendir. 1950'de Hisar dergisinin kuruluşuna ve çevresinde toplanan Hisarcılar grubuna katılmıştır. Şiirlerinde çocukluğunda dinlemiş olduğu halk hikâyeleri ve ninnilerinin tesiri büyüktür. ""Şirin kaynağı sevgi ve güzelliktir."" iddiasında bulunan şair, ""aşık ve kadın, ölüm ve mistisizm"" konularını işlemiştir.

Bu parçada söz edilen şair aşağıdakilerden hangisidir?",İlhan Geçer,Bekir Sıtkı Erdoğan,Gültekin Samanoğlu,Mustafa Necati Karaer,Mehmet Çınarlı,D
39c17870-8c67-53db-a408-f41dab68dc7c,MATEMATIK,"$f(x) = 2x^2 - x$ ve $g(x) = 3x + 2$ fonksiyonları veriliyor. Buna göre, $\lim_{x \to 1} \frac{f(x) + x + 2}{f(x) - 2g(x) - x^2}$ limitinin değeri kaçtır?",0,1,2,3,4,A
c456f918-b908-5d4b-9e44-7d998bd4f99c,MATEMATIK,91 sayısının $\frac{1}{13}$ ü ile 111 sayısının $\frac{1}{37}$ sinin toplamı kaçtır?,7,8,9,10,11,D
89887241-5b8c-5f64-b41e-d763f1b6d31f,BIYOLOJI,"Memeli bir canlıya ait gametin kromozom sayısının bilinmesiyle, aşağıdakilerden hangisi belirlenemez?",Vücut hücresindeki otozom sayısı,Metafaz-I'deki sentromer sayısı,Anafaz-I'deki gen sayısı,Metafaz-II'deki kromatit sayısı,Profaz-I'deki tetrat sayısı,C
1a8da98b-712a-5198-97ce-bf6c69585503,EDEBIYAT,"Ben sabr edeyim derd ü gam-ı hecrine ammâ
Sen de güzelim ettiğin ikrârı unutma
Ağlatmayacaktın yola baktırmayacaktın
Ol va'de-i tekrâr be tekrâr unutma
Bu dizelerle ilgili olarak aşağıdakilerden hangisi yanlıştır?",Ek ve sözcük hâlinde kafiyeye yer verilmiştir.,13'lü hece ölçüsüyle yazılmıştır.,"""derd, gam, hecr"" sözcükleri arasında anlam ilişkisi kurulmuştur.",Nazım birimi beyittir.,Divan şiiri geleneği ile oluşturulmuştur.,B
09e5d034-71a6-5e95-b862-355b65900faa,GEOMETRI,$d_1: 3x-y-6=0$ $d_2: -6x+2y-28=0$ doğruları arasındaki uzaklık kaç birimdir?,5,$2\sqrt{6}$,$2\sqrt{7}$,6,$2\sqrt{10}$,E
bf4c875f-8b0d-59d2-acdf-2740e70d5af7,MATEMATIK,Her cips paketinin içerisinde hediye kartı bulunan bir cips kampanyasında altı adet kart getirene bir paket cips verilmektedir. Toplu halde 152 tane cips paketi alan bir kişi en çok kaç adet bedava cips paketi alabilir?,29,30,31,32,33,D
05748f30-cb82-5281-bb0d-885cd41bcd28,MATEMATIK,100 den küçük pozitif tam sayılardan kaç tanesi hem üçgensel sayı hem de Fibonacci sayısıdır?,2,3,4,5,6,C
ee65b6d8-562b-5cbe-ae0d-7e63876cd75c,KIMYA,$6 	ext{ mol } H_3PO_4$ içeren sulu çözeltiyi tamamen nötrleştirmek için kullanılması gereken KOH çözeltisinde kaç mol KOH çözünmelidir?,2,3,6,12,18,E
2943f6a1-d2a3-5475-93c9-0046193ddb45,MATEMATIK,"Deniz ve kara manzaralı olmak üzere, iki çeşit odası bulunan bir otelde deniz manzaralı odaların kişi başı günlük ücreti, kara manzaralı odaların kişi başı günlük ücretinden %20 fazladır. Ayrıca bu otelde erken rezervasyon yapılması durumunda her bir odanın kişi başı günlük ücretine %20 indirim uygulanmaktadır.
Bu otelde, 3 kişinin erken rezervasyonla kara manzaralı oda için 6 günlük ödediği toplam ücretle, 1 kişi erken rezervasyon yapmadan deniz manzaralı odada kaç gün kalabilir?",9,10,11,12,13,E
6504c38d-d529-535f-b4e6-abd46a89030d,COGRAFYA,"• Türkiye'nin geçici siklonların etki alanına girdiği kış mevsiminde daha çok görülür.
• Güneybatıdan esen rüzgârdır.
• Sıcaklığın yükselmesine neden olur ve yağış getirir.
• Deniz fırtınalarına ve soba zehirlenmelerine neden olur.
Bazı özellikleri verilen ve Türkiye'de etkili olan yerel rüzgâr aşağıdakilerden hangisidir?",Kıble,Lodos,Poyraz,Yıldız,Keşişleme,B
e745df1d-0bb0-5ee0-8a80-8ca59d58a556,EDEBIYAT,"(I) Servetifünun Dönemi romancıları, Tanzimatçılardan farklı olarak sosyal konuları işlememişler, eserlerini bireysel konularda yazmışlardır. (II) Bu dönemde yazılan romanlar, şiirde olduğu gibi karamsar bir bakış açısıyla oluşmuştur. (III) Eserler genellikle kötü sonla biter, bu durum dönemin kaynaklarından olmuştur. (IV) Tanzimat romanında teknik kusur olarak sayılan, “olay akışını kesip okuyucuya bilgi verme” Servetifünun romanında görülmez. (V) Mekân genellikle İstanbul'dur fakat ilk defa aydın insanın Anadolu'ya açılması işlenmiştir.
Bu parçada numaralanmış cümlelerin hangisinde Servetifünun romanıyla ilgili bir bilgi yanlışı yapılmıştır?",I,II,III,IV,V,E
163cb9d4-1561-568d-915f-29764ac6c431,MATEMATIK,"$\sqrt{3} \cos x + \sin x = 0$ denklemini $[0, 360^{\circ}]$ aralığında sağlayan kaç kök vardır?",2,1,4,0,3,A
c319f8f3-2c46-5d5d-a1dd-5da31d9571c9,MATEMATIK,"$x > 0$ ve $x$ bir reel sayıdır. $\frac{x^5}{x^3} - 23$ olduğuna göre, $x^2 - 5x$ ifadesinin değeri kaçtır?",$-5$,$-1$,$0$,$1$,$5$,A
243b5095-bc95-5101-b946-05dad50d2b03,TURKCE,"Yaklaşık yedi milyon nüfusa sahip Hong Kong'da yılda iki binden fazla yaya, trafik kazası geçiriyor. Bu oran, akıllı telefonların kullanımına bağlı olarak gün geçtikçe artıyor çünkü insanlar karşıdan karşıya geçerken telefonlarına bakmaya devam ediyor. Bu duruma çare arayan yetkililer, çözümü yaya geçitlerindeki işaret sistemini değiştirmekte buldu. Tasarlanan bu sistemde yaya geçiş ışıkları zemine yansıtılıyor. Böylece karşıdan karşıya geçmek isteyen yayalar, kendileri için yeşil mi yoksa kırmızı mı yandığını anlıyor. Henüz deneme aşamasındaki sistemin başarılı olması durumunda ülke genelinde yaygınlık kazanacağı bekleniyor.
Bu parçada söz edilen sistemin geliştirilme amacı aşağıdakilerden hangisidir?",Akıllı telefon teknolojisi aracılığıyla yayalara güvenli bir trafik ortamı sunmak,"Yayaların, karşıdan karşıya geçerken akıllı telefonlarına bakmalarının önüne geçmek","Yayaların, akıllı telefonlarını kullanırken trafik kurallarını takip etmelerini sağlamak",Yayaların karşılaştığı kazaların nedenlerini bulmak için akıllı telefonlardan yararlanmak,Akıllı telefon kullanımının kazaya neden olduğuna dair yayaları bilinçlendirmek,B
ccb913fd-1a6f-5a6d-8025-82ffe2e94528,MATEMATIK,"Eski çağlarda uygulanmış bir miras paylaşımı ile ilgili aşağıdaki bilgiler veriliyor. Erkek çocuklar, kız çocuklarının her birinin 2 katı kadar miras alır. Erkek çocuk yok ve kız çocukların da erkek çocuğu yoksa kız çocuklar miraslarını aralarında eşit paylaşır. Erkek çocuk yok ve erkek çocuğa sahip kız çocuk varsa kız çocuklardan erkek çocuğa sahip olan diğer kızların iki katı pay alır. A ailesinde 2 erkek, 1 kız çocuk; B ailesinde 1 tanesinin erkek çocuğu olan 3 kız çocuk varken iki aileye de 720'şer altın miras kalmıştır. Buna göre, B ailesinde en çok altın alan çocuk A ailesinde en az altın alan çocuktan kaç adet fazla altın almıştır?",72,60,54,48,36,C
3d19a052-ea71-5573-9cc5-d54e199d9d95,MATEMATIK,$y = x^3$ fonksiyonunun artan olduğu en geniş aralık hangisidir?,"$[0, \infty)$","$[-\infty, \infty)$","$[3, \infty)$","$[-\infty, 0]$","$[-\infty, 3]$",B
2ee3adbe-fda1-5f14-8a5b-abd3d20a24cc,GEOMETRI,"$[AB] \perp [BC]$, $[AE] \perp [BE]$, $[AE]=[BE]$, $m(\widehat{CAE})=15^{\circ}$ ve $|AE|=6\sqrt{2}$ cm'dir. Yukarıdaki verilere göre, $|BC|=x$ kaç cm dir?",$6\sqrt{3}$,$4\sqrt{3}$,$3\sqrt{3}$,$3\sqrt{2}$,$5\sqrt{5}$,A
1aea6c13-9f76-5815-ba9d-cbac7e3f5ca1,MATEMATIK,"Boyları, erime süreleri ile ters orantılı olan üç buz sarkıtı sırasıyla $2, 4$ ve $6$ dakikada erimektedir.

Üç sarkıt aynı anda erimeye başladıktan kaç dakika sonra en uzun sarkıtın boyu diğer iki sarkıtın boyları toplamına eşit olur?",2,1,$\frac{6}{11}$,$\frac{7}{11}$,$\frac{5}{7}$,C
ac5ee08c-d7eb-51ae-b949-92ac1ec0f405,FIZIK,"Bakırdan yapılmış olan K ve M iletkenlerinin boyları ve kesit alanları ile ilgili bilgiler aşağıda verilmiştir. Buna göre, I. K iletkeninin boyunu uzatmak, II. M iletkeninin boyunu kısaltmak, III. M iletkeninin kesit alanını küçültmek işlemlerinden hangileri tek başına yapılırsa K ve M iletkenlerinin dirençleri birbirine eşit olabilir?",Yalnız I,Yalnız II,Yalnız III,I ve II,II ve III,E
288e92d2-f381-5129-825b-7890b11e8615,MATEMATIK,"$a < |a|$, $b - |b|$ ve $b \ne 0$ olmak üzere, $(ax-b) \cdot (bx+a) > 0$ eşitsizliğini sağlayan $x$ sayılarının bulunduğu en geniş aralık aşağıdakilerden hangisidir?","$(- \frac{a}{b}, \frac{b}{a})$","$(\frac{b}{a}, - \frac{a}{b})$","$(- \infty, - \frac{a}{b})$","$(\frac{b}{a}, \infty)$","$(- \infty, \frac{b}{a})$",A
69b17d94-822a-580b-90c3-18770d199e6d,MATEMATIK,"$f(x) = -\log_3 x$ ve $g(x) = \log x$ olduğuna göre, $(gof^{-1})(a) = \log 3$ eşitliğini sağlayan $a$ değeri kaçtır?",-e,-1,0,1,2,B
f787f249-6039-599c-ac51-29f5e69f830c,TARIH,"Liberalizm, siyasi ve ekonomik yaşamda devlet müdahalesine karşıdır. Mutlak manada bireyin özgürlüğünü esas alan bir doktrindir. Verilen bilgilerden hareketle liberalizmin aşağıdaki kavramlardan hangisini savunduğu söylenemez?",Mutlak monarşi,Bireysel girişim,Özel mülkiyet,Ticaret özgürlüğü,Serbest piyasa,A
eaf9cc28-5946-51a3-acd3-27d5d73c5895,MATEMATIK,"$f: \mathbb{Z} \to \mathbb{Z}$ $f(x) = \begin{cases} x-4, & x \text{ tek ise} \\ x+1, & x \text{ çift ise} \end{cases}$ fonksiyonu için, I. Bire birdir. II. Örtendir. III. Görüntü kümesi tek tam sayılardan oluşmaktadır. Yukarıda verilen ifadelerden hangileri kesinlikle doğrudur?",Yalnız I,I ve II,Yalnız III,II ve III,I ve III,C
ec0edd4f-52b1-52c3-a564-9b38a938918e,MATEMATIK,$|3x-1| \ge 8$ eşitsizliğini sağlamayan tam sayıların toplamı kaçtır?,-7,-6,-5,-4,-3,B
a7e85257-b5b5-530a-8df4-979eddacdd6b,MATEMATIK,$(a_n) = (\frac{n-1}{n})$ dizisinin ilk 5 teriminin çarpımı kaçtır?,2,4,6,8,10,A
ba5df333-2988-5939-8213-3131a7380924,MATEMATIK,"$P(x) = x^3-4x^2+5$ polinomu veriliyor. Buna göre, $P(x^3+1)$ polinomunun çift dereceli terimlerinin katsayılar toplamı kaçtır?",-1,0,1,2,10,C
2c446956-ce6c-583c-95c9-36dfe711a97a,MATEMATIK,$\int dx \int 2y \int 3z dz$ integralinin eşiti aşağıdakilerden hangisidir?,$x + y + z$,$x + y + z + c$,$x + y^2 + z^2$,$x + y^2 + z^3 + c$,$x + 2y + 3z + c$,D
7252578b-2e3f-5008-8090-5b54b47f2739,KIMYA,"1 litrelik sabit hacimli kapalı kapta $0,5 \text{ mol PCl}_3$ ve $0,4 \text{ mol Cl}_2$ gazları vardır. PCl ve Cl$_2$ gazları sabit sıcaklıkta
$\text{PCl}_{3(g)} + \text{Cl}_{2(g)} \rightleftharpoons \text{PCl}_{5(g)}$
dengesine göre tepkimeye ulaşmaktadır.
Buna göre, dengedeki tepkime ile ilgili;
I. $0,4 \text{ mol PCl}_5$ gazının oluşması
II. $0,4 \text{ mol Cl}_2$ gazının harcanması
III. İleri yöndeki tepkime hızının geri yöndeki tepkime hızından fazla olması
yargılarından hangilerinin olması beklenmez?",Yalnız I,Yalnız II,Yalnız III,I ve II,"I, II ve III",E
fd86a8f8-2572-5bab-82f6-1abebffd82ec,FIZIK,"Fiziğin günlük yaşamdaki uygulamalarına örnek olarak,
I. Elimizi yıkamak için musluğu açıp - kapatmak
II. Gözlerimizi dinlendirmek için özel gözlük kullanmak
III. Bilgisayar kullanmak
verilenlerden hangileri gösterilebilir?",Yalnız III,I ve II,I ve III,II ve III,"I, II ve III",E
744ae80a-220c-578f-b8dd-7e2d763d3479,MATEMATIK,"$p$ ve $q$ birbirinden farklı asal sayılar olmak üzere; 550, 273 ve 308 sayılarından sadece 2 tanesi $p$ ve $q$ sayılarının her birine tam bölünmektedir. Buna göre, $p+q$ toplamı kaçtır?",7,9,12,13,18,E
229984c9-a82a-51fe-9650-d3c88714c10a,MATEMATIK,"$x^{(m+5)}+(m+2)x+m-3=0$ ifadesi ikinci dereceden bir bilinmeyenli denklem belirttiğine göre, bu denklemin katsayıları toplamı kaçtır?",$-7$,$-6$,$0$,$-3$,$7$,B
4a3be4cd-ffe8-5897-a1af-13aac3dbabe8,MATEMATIK,"$a+b=14$ olduğuna göre, $a \cdot b$ en çok kaçtır?",40,49,56,42,35,B
110c3e35-0ce5-5ff7-8fb0-0c6ff14961f1,MATEMATIK,"Sabit olmayan bir geometrik $(a_n)$ dizisi için $\frac{(a_4)^2 - (a_1)^2}{(a_3)^2 - (a_2)^2} = -1$ olduğuna göre, $\frac{(a_4)^3 - (a_1)^3}{(a_3)^3 - (a_2)^3}$ ifadesinin değeri kaçtır?",-3,-2,0,2,3,A
485d6375-fb8b-5385-b096-3fb92babb489,MATEMATIK,"En az 1, en çok 4 madalya ile bir mangala turnuvasına katılan bir grup öğrenci için aşağıdakiler bilinmektedir.
• Gruptaki her öğrenci en az 1 madalya kazanmıştır.
• Sadece 1 madalya kazanan 10 öğrenci vardır.
• 3 madalya kazanan öğrenci sayısı, 2 madalya kazanan öğrenci sayısının iki katına, 4 madalya kazanan öğrenci sayısının ise yarısına eşittir.
Gruptaki öğrencilerin tamamı toplam 130 madalya kazandığına göre, bu grupta kaç öğrenci vardır?",39,41,43,45,47,C
5ab1539c-3617-5c3d-905e-4061e742ec32,MATEMATIK,"$(a_n)$ sabit dizi olmak üzere, $a_n = \frac{3n-p}{p-6n}$ olduğuna göre, $a_1+p$ toplamı kaçtır?",1,$\frac{3}{2}$,2,$\frac{7}{2}$,3,D
e201e918-c7aa-50e9-882e-9096e35ec4ff,GEOMETRI,$3x-4y+12=0$ doğrusu ile $x^2+y^2-4x+6y+9=0$ çemberinin arasındaki en kısa uzaklık kaç birimdir?,1,2,3,4,5,A
84d61a3b-bc56-5c89-9caf-9bc906030685,MATEMATIK,$x^2 - 3x - 4 < 0$ $x^2 - x + 3| > 0$ $x^2 - 5x + 14 \ge 0$ eşitsizlik sisteminin çözüm kümesi aşağıdakilerden hangisidir?,"$(-1,2)$","$(- \infty, -1) \cup (4,7)$","$(-1,4) \cup (7, \infty)$","$(-1,2] \cup [4,7)$","$(2,7)$",A
fc825a31-97b2-551e-9b98-653b090063d0,FIZIK,Güneş pilleri (fotovoltaik piller); I. Fotoelektrik etki prensibine dayanır. II. Kızılötesi ışınları elektrik enerjisine çevirir. III. Yarı iletken malzemelerle yapılır. yargılarından hangileri doğrudur?,Yalnız I,Yalnız II,I ve II,I ve III,II ve III,D
6ff7ad5e-a6eb-5340-b6a4-b1fae4d1587d,KIMYA,Seçeneklerdeki sembol ve formüllerden hangisinin adı yukarıda verilmemiştir?,Ni,Ag,NaOH,$CH_3COOH$,Au,B
07c49453-bac7-5a79-8384-a195aa5354d8,FIZIK,"Fizik mühendisi Canan Dağdeviren Dünya çapında başarılara imza atan bilim insanıdır. En önemli çalışmalarından birisi giyilebilir kalp çipidir. Bu çalışmada kalbin, akciğerin ve diyaframın hareketinden elektrik enerjisi elde eden, bu enerjiyi depolayan Piezoelektrik entegre malzeme geliştirmiştir. İnsan vücuduyla uyumlu plastik bir yüzeye tutturulan bu malzemenin kalınlığı bir saç telinin yüzde biri kadardır.
Bu parçada anlatılanlarla ilgili olarak,
I. Fizik, bilimin gelişmesine katkıda bulunur.
II. Nanoteknolojik araçlar kendilerine tedavi süreçlerinde uygulama alanları bulurlar.
III. Teknolojinin gelişmesi ile birlikte nükleer tıp hayatımıza girmiştir.
yargılarından hangileri söylenebilir?",Yalnız I,Yalnız II,I ve II,I ve III,"I, II ve III",C
72ae18d4-319f-5f66-871b-3016863a8f29,KIMYA,"$HClO$ ve $HBrO$ asitleriyle ilgili; I. $ClO^-$'nun bazlık kuvveti $BrO^-$'ninkinden yüksektir. II. Eşit derişimli çözeltilerinden $HBrO$ çözeltisinin pH değeri daha büyüktür. III. $HClO$'nun eşlenik bazı $ClO^-$'dir. ifadelerinden hangileri yanlıştır? ($HBrO$ için $K_a = 2,1 \times 10^{-9}$, $HClO$ için $K_a = 3,1 \times 10^{-8}$)",Yalnız I,Yalnız II,Yalnız III,I ve II,I ve III,B
6a1ad8b2-73d6-57f5-a838-a95a9f82ab34,MATEMATIK,"$f(x) = x^{25} + x^{24} + ... + x^2 + x + 1$ fonksiyonu veriliyor. Buna göre, $\lim_{x \to 1} \frac{f(x)-f(1)}{x-1}$ limitinin değeri kaçtır?",325,300,275,250,200,A
4105f836-745e-54fd-80bc-4f3067e81905,KIMYA,"Atom numaraları ardışık olup aynı periyotta bulunan X, Y ve Z element atomlarından Y'nin 1. iyonlaşma enerjisi Z'ninkinden büyük X'inkinden küçüktür.
Buna göre;
I. Y elementi 5A grubu elementiyse Z elementi 4A grubunda yer alır.
II. Z elementi 6A grubu elementiyse X elementi asal gazdır.
III. Atom numarası en büyük olan X ise en küçük olan Z'dir.
ifadelerinden hangileri kesinlikle yanlıştır?",Yalnız I,Yalnız II,I ve II,"I, II ve III",II ve III,A
7721a03b-616b-5cc4-b9a0-a0e3962acb1d,FIZIK,"Karadeniz'deki Samsun Limanı'ndan yükünü alan bir gemi, toplam ağırlığı değişmeden Akdeniz'deki Mersin Limanı'na gidiyor. Buna göre, gemi Mersin Limanı'na ulaştığında batan hacmi ve uygulanan kaldırma kuvveti için ne söylenebilir? (Akdeniz'in yoğunluğu Karadeniz'den büyüktür.)","Artar, Artar","Artar, Azalır","Azalır, Artar","Azalır, Değişmez","Değişmez, Değişmez",D
eb9f7920-cdf2-5d53-99e7-5b7785729a87,MATEMATIK,"sin60°, $1+\sin30°$, $\cos30°$ Yukarıda verilen dizi için aşağıdakilerden hangisi doğrudur?",Ortak farkı $\tan30°$ olan aritmetik dizi,Ortak çarpanı $\sin60°$ olan geometrik dizi,Ortak farkı $\tan45°$ olan aritmetik dizi,Ortak farkı $1+\sin60°$ olan aritmetik dizi,Ortak çarpanı $\tan60°$ olan geometrik dizi,A
1c0e55c3-0dd5-5bcd-a127-c54ba492668b,MATEMATIK,"$f:R-\{m+1\}\to R-\{n\}$ $f(x)=\frac{2x-n}{x-3}$ olduğuna göre, $m+n$ kaçtır?",-1,3,4,1,2,C
642bfd53-e00d-583c-a815-427b211c360c,MATEMATIK,"BO uzunluğu D noktasına uzatılırsa $|BD|$ çap, $m(\widehat{BCO}) = 90^\circ$ olur. $\sin A = \frac{1}{3}$, $\sin D = \frac{1}{3}$ olduğuna göre $|BC| = \sin D$ ise $18 = 2R$. $2.R = 18$ ise $R = 9$ bulunur. Buna göre $\cos(\widehat{CBO}) = \frac{|BC|}{|BD|}$ bulunur.",$\frac{1}{3}$,$\frac{1}{2}$,$\frac{2}{3}$,$\frac{3}{4}$,$\frac{4}{5}$,C
802a5c74-6873-562a-bb08-f38895556449,MATEMATIK,"Bir A sayısının karekökü ($\sqrt{A}$) yaklaşık değer şöyle bulunur. A sayısına en yakın tam kare sayı B olmak üzere, $\sqrt{A} \approx \frac{A-B}{2\sqrt{B}} + \sqrt{B}$ dir. Örneğin; $\sqrt{17}$ sayısının yaklaşık değeri, $\sqrt{17} \approx \frac{17-16}{2\sqrt{16}} + \sqrt{16} = \frac{1}{8} + 4 = 4,125$ dir. Buna göre, $\frac{69}{\sqrt{x}} = 5,75$ işlemi için $x+y$ toplamı kaçtır?",42,45,48,54,56,D
d2c96f51-56ae-53e4-82ae-72784c9f7b7d,MATEMATIK,"$4 \cdot (3x+5)=3 \cdot (1-2x)$ olduğuna göre, $x$ değeri kaçtır?",$\frac{17}{18}$,$-\frac{15}{18}$,$-\frac{18}{15}$,$-\frac{15}{17}$,$-\frac{16}{15}$,D
d236e81a-281e-5147-b24b-b8a5746b6a5a,MATEMATIK,$\int \sqrt{x^2-2x-7} \cdot (3x-3) \ dx$ ifadesinin eşiti aşağıdakilerden hangisidir?,$\sqrt{(x^2-2x-7)^3}+c$,$\frac{2}{3}\sqrt{(x^2-2x-7)^3}+c$,$- \sqrt{x^2-2x-7}+c$,$\frac{2}{3}\sqrt{x^2-2x-7}+c$,$\frac{3}{2}\sqrt{(x^2-2x-7)^3}+c$,A
4bad20be-890d-5e06-ac82-1375dcd8c5a0,MATEMATIK,"Şekilde verilen iki hareketli A ve B noktalarından birbirlerine doğru karşılıklı hareket ettiklerinde 3 saat sonra karşılaşmışlardır. Buna göre, A ve B noktaları arası kaç kilometredir?",300,325,350,375,400,D
30dac868-df1f-5b27-a076-9cf6dce5ec67,FIZIK,"Esnek bir ortamda yayılan periyodik dalgaların 1 ve 7. dalga tepeleri arası uzaklık $120 \text{ cm}$ olarak ölçülüyor.
Dalgaların yayılma hızı $10 \text{ cm/s}$ olduğuna göre kaynağın periyodu kaç $s$ dir?",$\frac{1}{2}$,1,2,4,6,C
1e854c28-2a40-50c7-ab27-dfdb1e087fb9,FIZIK,Üzerinden akım geçen düz bir tel ile ilgili aşağıdaki ifadelerden hangisi yanlıştır?,Çevresinde manyetik alan oluşturur.,Mıknatıs yaklaştırılırsa mıknatısa sapma meydana gelebilir.,Akım şiddeti artarsa oluşturduğu manyetik alanın büyüklüğü de azalır.,Oluşturduğu manyetik alanın yönü sağ el kuralı ile bulunur.,Telden uzaklaştıkça oluşan manyetik alanın şiddeti azalır.,C
6ca9ff43-b254-527c-b1f9-df9a2a2d8edb,FIZIK,"Tümsek aynaya gönderilen K ışık ışını Şekil I'deki gibi asal eksene paralel yansıyor. Buna göre, bu aynaya Şekil II'deki gibi gönderilen L, M ve N ışınlarından hangileri yansıdıktan sonra kendi üzerinden geri döner?",Yalnız M,Yalnız N,Yalnız L,M ve N,L ve N,A
173705c2-e8b9-541a-b570-dde716abf693,KIMYA,"I. $_{17}Cl^-$, $_{19}Cl$ 
II. $_{30}Zn^{2+}$, $_{28}Ni$ 
III. $_{12}Mg^{2+}$, $_{10}Ne$ 
Yukarıda verilen tanecik çiftlerinden hangileri izoelektronik değildir?",Yalnız I,Yalnız II,I ve II,I ve III,"I, II ve III",B
6c999935-d549-5cb3-a014-7fa33b8eaf66,FIZIK,"Bir otomobil motoru otomobile $4000 \text{ N}$'luk kuvvet uygulayarak $2 \text{ km}$'lik yolu $10 \text{ s}$aniyede almasını sağlıyor. Otomobile yol boyunca sabit $1000 \text{ N}$ şiddetinde sürtünme kuvveti etki ediyor.
Buna göre, otomobilin gücü kaç watt olur?",$2.10^5$,$3.10^5$,$5.10^5$,$6.10^5$,$8.10^5$,D
30d0ffbc-ef6a-5b39-99a3-d5c9a4402459,KIMYA,"$2CO(g) + O_2(g) \rightleftharpoons 2CO_2(g) + ısı$ Denge tepkimesine, aşağıdakilerin hangisinde verilen işlemler sonucunda daha çok $CO_2$ gazı oluşması sağlanır?","Sıcaklığı azaltma, hacmi artırma","Sıcaklığı azaltma, hacmi azaltma","Sıcaklığı artırma, CO ekleme","Sıcaklığı artırma, hacmi artırma","Sıcaklığı artırma, hacmi azaltma",B
6ca64b26-f83e-52f4-b5f0-fd08cfd578c2,MATEMATIK,"$(3x - y - 11)^6 + (x + 2y + 1)^2 = 0$ olduğuna göre, $x \cdot y$ çarpımı kaçtır?",-18,-16,-12,-8,-6,E
0954e8dd-f6b5-5885-abb6-6a4850923334,MATEMATIK,"$K$ ve $L$ birer doğal sayıdır. $K=30-x$ $L=x+6$ olduğuna göre, $x$'in hangi değeri için $K \cdot L$ çarpımı en büyük değerini alır?",0,6,10,12,18,D
722e3c50-c704-5503-a247-0ab6dea54adb,MATEMATIK,"Bir $ABC$ üçgeninde, $A$, $B$ ve $C$ köşelerinin karşı kenar uzunlukları sırasıyla birbirinden farklı $2$, $4$ ve $c$ birimdir. $\sin^2C = \sin^2A + \sin^2B$ eşitliği veriliyor. Buna göre, $c$ kaç birimdir?",2,3,4,$2\sqrt{3}$,$2\sqrt{5}$,E
53e22a95-4888-5ac1-9328-b7f3b087654f,MATEMATIK,"$(a_n)$ dizisinde $\frac{a_n}{a_{n-1}} = n$ ve $a_1 = 2$ olduğuna göre, $a_3$ kaçtır?",1,2,3,4,5,B
d9589c5c-be4d-512f-86e4-e91b31404969,MATEMATIK,"Araçların yalnızca girişte ücret ödediği, park yapan tüm araçlar için ücretin günlük sabit olduğu ve sadece 3 araçlık boş yerin bulunduğu bir otoparktaki ücret tarifesiyle ilgili aşağıdakiler bilinmektedir: Kamyonetten 120 TL, otomobilden 80 TL, motosikletten 60 TL ve bisikletten 40 TL alınmaktadır. Otoparkın girişinde 2 kamyon, 2 otomobil, 3 motosiklet ve 3 bisiklet otoparka giriş yapmak için karışık şekilde beklemektedir. Buna göre, otopark girişinde 200 TL ödeyecek şekilde bu otoparka kaç farklı araç girişi olabilir?",8,12,15,19,23,D
91cd2f94-bb39-5e1a-b322-263143dc1d8b,MATEMATIK,"$f(x) = \begin{cases} -2x, & x<3 \\ 1-x, & x \ge 3 \end{cases}$ fonksiyonu veriliyor. $a$ ve $b$ birbirinden farklı birer tam sayı olmak üzere, $f(a) = f(b)$ olduğuna göre, $a+b$ toplamının alabileceği en küçük değer kaçtır?",3,4,5,6,7,C
23c45e4b-0255-5f33-a859-309e2ab3fc18,MATEMATIK,"$f(x) = \begin{cases} 3x-1, & x>2 \\ 2x+1, & x<2 \end{cases}$
$g(x) = \begin{cases} x-1, & x<1 \\ \frac{x}{2}, & x \ge 1 \end{cases}$
olmak üzere,
I. $\lim_{x \to 2^-} f(x) = 5$ tir.
II. $\lim_{x \to 1^+} g(x) = \frac{1}{2}$ dir.
III. $\lim_{x \to 2} (f \circ g)(x) = 2$ dir.
ifadelerinden hangileri doğrudur?",Yalnız I,Yalnız II,Yalnız III,I ve II,"I, II ve III",E
aedf1269-bbef-5988-a914-73ef69b2aa34,KIMYA,"$C_6H_{14}$ kapalı formülüne sahip X, Y ve Z izomerlerinin 1 atmosfer basınçtaki kaynama noktaları aşağıda verilmiştir. Buna göre X, Y ve Z izomerleri aşağıdakilerden hangisi olabilir?","X: n-Hekzan, Y: 2,2-Dimetil bütan, Z: 2-Metil pentan","X: n-Hekzan, Y: 2-Metil pentan, Z: 2,2-Dimetil bütan","X: 2,2-Dimetil bütan, Y: n-Hekzan, Z: 2-Metil pentan","X: 2,2-Dimetil bütan, Y: 2-Metil pentan, Z: n-Hekzan","X: 2-Metil pentan, Y: n-Hekzan, Z: 2,2-Dimetil bütan",A
37b32b68-8a1a-5593-b38d-96b162693d85,MATEMATIK,$y = \frac{2x^3}{3} - 6x^2 + 1$ eğrisine hangi noktada teğet olan doğrunun eğimi en küçüktür?,"$(3, -16)$","$(3, -32)$","$(3, -8)$","$(-3, -32)$","$(-3, -16)$",B
18228dd2-7ffb-5f34-b2b1-2c9171a6b2a3,KIMYA,"Hem asit hem de bazlarla tepkimeye girerek $H_2$ gazı açığa çıkarabilen metallere amfoter metaller denir. Buna göre, aşağıdaki metallerden hangisi amfoter metal değildir?",Çinko (Zn),Alüminyum (Al),Kurşun (Pb),Kalay (Sn),Kalsiyum (Ca),E
639be0b3-b633-58c5-88b5-be68c5e80ee3,MATEMATIK,"$f(x) = \frac{\sqrt[3]{x \sqrt{x}}}{\sqrt{x}}$ olduğuna göre, $f'(\sqrt{3})$ kaçtır?",$\frac{1}{2}$,$\frac{1}{3}$,$\frac{1}{4}$,$\frac{1}{5}$,0,E
8eb76b50-0f98-58c5-8c34-d14303994bb9,MATEMATIK,"Bir yayınevi, çıkardığı romanların tashihlerini (düzeltme) yaptırmak için editörlük yapacak 3 kişiyi denemek istemektedir. Bunun için herkesin önüne içinde bilerek belli sayıda yazım yanlışı olan metin verilmiştir. Editörlere buldukları her yazım yanlışı için 10 puan verilirken, bulamadıkları her yazım yanlışı için 5 puan silinecektir.
Kontrol sonucunda editörlerden
• Ahmet, tüm yazım yanlışlarını bulmuş
• Hamit, tüm yazım yanlışlarının $\frac{1}{5}$'ini bulmuş
• Tahir ise 10 tane yazım yanlışı bulmuş
olduğuna ve Ahmet'in puanı, Tahir'in puanından 300 fazla olduğuna göre, Hamit'in puanı kaçtır?",$-150$,$-100$,0,75,$-60$,A
03481ee6-92ac-5eea-a25d-eb4fe7a9027d,MATEMATIK,"tan $x = \frac{1}{3}$ olduğuna göre, $\frac{1 - \cos x}{\sin x}$ ifadesinin değeri kaçtır?",2,3,\frac{1}{2},\frac{1}{3},\frac{2}{5},C
42fd76d2-5edc-590e-8c10-d41d8997c875,KIMYA,"Aşağıda $CaCO_3$ bileşiğinden başlanarak $C_2H_2$ (asetilen) bileşiği elde etme tepkimeleri verilmiştir.
$CaCO_3 \rightarrow CaO + CO_2$
$CaO + 3C \rightarrow CaC_2 + CO$
$CaC_2 + 2H_2O \rightarrow C_2H_2 + Ca(OH)_2$
Buna göre, normal koşullarda 13.44 L hacim kaplayan $C_2H_2$ gazı elde edebilmek için %75 saflıktaki $CaCO_3$ bileşiğinden kaç gram alınmalıdır?
($Ca: 40, C: 12, O: 16$)",120,100,80,75,60,C
03389e17-6b94-5015-b781-7d162c0b8cb3,MATEMATIK,$\frac{\sec x - \cos x}{\sin^2 x}$ ifadesinin en sade halini bulunuz.,$\sec x$,$\csc x$,$\tan x$,$\cot x$,$1$,A
d82e14b7-5758-5e93-8809-5c306470c36e,MATEMATIK,"$f(x)=\frac{80}{x^2-(m-1)x+9}$ fonksiyonu tüm gerçek sayılarda sürekli olduğuna göre, $m$'nin alabileceği tam sayı değerleri toplamı kaçtır?",8,9,10,11,12,C
5e95d13d-5dd3-532b-9b9e-11af6ae6e1a0,KIMYA,"$1 \ litre \ 10^{-6} \ M \ Zn(NO_3)_2$ çözeltisindeki $Zn^{2+}$ iyonlarını $Zn(OH)_2$ olarak çöktürmeye başlatmak için en az kaç gram $NaOH$ kullanılmalıdır?
($NaOH:40, \ Zn(OH)_2$ için $K_{çç}=1.10^{-14}$)",$2.10^{-4}$,$2.10^{-3}$,$4.10^{-3}$,$4.10^{-4}$,$8.10^{-2}$,D
f2254d1e-300b-5134-b755-fd813f956e31,KIMYA,"Laboratuvarda deney yapmayı çok seven 12/A sınıfı öğrencileri bu haftaki laboratuvar dersinde sabun yapacaklardır.

Buna göre, bu öğrenciler sabun eldesinde; I. Bitkisel ve hayvansal yağlar II. Benzen ve benzenden türeyen bileşikler III. NaOH ve KOH gibi kuvvetli bazlar maddelerinden hangilerini kullanabilirler?",Yalnız I,Yalnız II,I ve III,II ve III,"I, II ve III",C
c68fdaa1-508b-5814-8c53-f90c989e495e,MATEMATIK,"I. $x$ rasyonel sayı ise $\frac{x-1}{2}$ sayısı da rasyonel sayıdır.
II. $x$ irrasyonel sayı ise $x^2$ sayısı da irrasyonel sayıdır.
III. $x$ ve $y$ irrasyonel sayılar ise $x=y$ sayısı da irrasyonel sayıdır.
Yukarıda verilen ifadelerden hangileri daima doğru değildir?",Yalnız I,Yalnız II,I ve II,I ve III,II ve III,E
d80d9180-d51d-526c-9d27-c5d9621cc854,MATEMATIK,"Aşağıdakilerden hangisi, $x^5-x$ ifadesinin çarpanlarından biri değildir?",$x$,$x^2-1$,$x^2+1$,$x^3-1$,$x^4-1$,D
2892766f-9c42-559d-8269-470db44af8a2,MATEMATIK,"Gerçel sayılar kümesi üzerinde tanımlı ve artan olan $f$ fonksiyonu $f(m+2) = 8$ ve $f(2m-5) = 10$ eşitliklerini sağlamaktadır. Buna göre, $m$'nin alabileceği en küçük tam sayı değeri kaçtır?",5,6,7,8,9,D
390916af-4d18-5776-ae33-03a0cd4eb074,MATEMATIK,"$f: \mathbb{R} \to \mathbb{R}$ türevlenebilir fonksiyonu için $f(x) = x^3-mx-16$ fonksiyonu veriliyor. Buna göre, $(fof)'(x) = 2m$ eşitliğini sağlayan pozitif $m$ gerçek sayısı kaçtır?",-6,2,6,7,8,E
3fc5d869-7a39-5c37-a706-cf851ad90697,BIYOLOJI,"Nemli ortamda yaşayan bitkilerin yaprak yüzeyleri kurak ortam bitkilerine göre daha geniştir. Yaprak yüzeyinin geniş olması; I. ışık alma yüzeyinin artması, II. emici tüy sayısının azalması, III. terleme yüzeyinin artması durumlarından hangilerine neden olur?",I ve II,"I, II ve III",Yalnız II,II ve III,I ve III,E
a58688d1-50da-50a9-b77b-297215e76000,MATEMATIK,"$f(x)$ bir polinom fonksiyondur. $f(x) \neq 0$ olmak üzere, $f(x) = f'(x)$ olduğuna göre, $f(x)$'in baş katsayısı kaçtır?",$\frac{1}{36}$,$\frac{1}{24}$,$\frac{1}{18}$,$\frac{1}{16}$,$\frac{1}{12}$,C
9b6cd49c-6c10-54ad-9135-b83f2c0e25b8,MATEMATIK,"Bir marangoz, atölyesinde bulunan iki tane ahşap kesme makinesinden A makinesi her seferinde her bir ahşap parçasını 5 eş parçaya, B makinesi her seferinde her bir ahşap parçasını 2 eş parçaya ayırmaktadır. Marangoz Ali Usta 30 cm'lik ahşap parçasını iki defa A makinesinde kesmiş ve 20 cm'lik ahşap parçasını üç defa B makinesinde kesmiştir.
Ali Usta son durumda her iki makinede kestiği parçalardan birer tanesini yan yana koyarsa oluşan parçaların uzunluğu toplamı kaç cm olur?",$\frac{19}{6}$,$\frac{41}{28}$,$\frac{37}{10}$,$\frac{23}{40}$,$\frac{29}{65}$,C
e709656a-17db-57b5-82fa-f13ea47709cb,MATEMATIK,"$10^x = 5^{x-1}$ olduğuna göre, $2^x$ kaçtır?",$\frac{1}{25}$,$\frac{1}{5}$,$1$,$5$,$25$,D
315b4c72-48a4-56db-9575-c07306825586,MATEMATIK,"$a$ ve $b$ tam sayı olmak üzere, $-2 < a < 7$ ve $-4 \le b < 3$ olmak üzere, $a+2b$ ifadesinin alabileceği en büyük değer aşağıdakilerden hangisidir?",8,9,10,11,12,D
99b9a25e-5682-58a6-94e9-4ee47cdac2a5,MATEMATIK,"$\sqrt[5]{x-4} - 2 = 0$ olduğuna göre, $x$ kaçtır?",54,60,68,56,36,E
785fb8d7-bf1f-5f37-b75b-5c2236b4d782,MATEMATIK,"Gerçek sayılar kümesi üzerinde türevlenebilen bir $f$ fonksiyonu için $\int_1^2 f'(x)-x^2 dx = 16$ ve $\int_1^2 f(x)dx = 19$ olduğuna göre, $f(3)$ kaçtır?",1,2,3,4,6,E
886367b9-20f3-5829-8790-9f3322091062,MATEMATIK,"Birbiriyle komşu olan bir lokantacı, bir manav ve bir kasabın birbirleri arasındaki borç ilişkisi aşağıda verilmiştir:

* Lokantacının manava, manavın ise kasaba borcu vardır.
* Manavın kasaba olan borcu, lokantacının manava olan borcunun 2 katıdır.

Lokantacı manava olan borcunun $\frac{1}{3}$'ünü manava ödeyince manav da aldığı bu paranın $\frac{1}{2}$'sini kasaba ödemiştir.

Son durumda manavın kasaba 220 TL borcu kaldığına göre, lokantacının manava kaç TL borcu kalmıştır?",80,85,90,95,100,C
be6ba407-d9f1-5603-a6cd-71da376189c0,KIMYA,"$X + H_2O \to OH^- + Y$
Yukarıda verilen tepkimeye göre X maddesi aşağıdakilerden hangisi olabilir? ($_{11}Na$)",HCl,$Na_2O$,$CH_3COOH$,$C_2H_5OH$,$CO_2$,B
c1286530-14ae-51be-8654-5ca408670efb,MATEMATIK,"$x$ ve $y$ birer pozitif reel sayı olmak üzere, $3x+2y=34$ olduğuna göre, $x$'in en büyük tam sayı değeri kaçtır?",8,9,10,11,12,D
09959813-b889-5c46-87d3-fc99e6a7d6f1,BIYOLOJI,"Çevre kirliliğini önlemek için, günümüzde çok çeşitli önlemler alınmaktadır.
Etkisi düşünüldüğünde, aşağıdaki önlemlerden hangisi kirliliğin önlenmesinde diğerlerinden daha az etkilidir?",Tarım zararlılarına karşı kimyasal ilaç kullanımının engellenmesi,"Evsel ve endüstri atıklarının, arıtma işlemine uğradıktan sonra sulara bırakılması","Tarım arazileri üzerine, sanayi tesisleri ve şehirlerin kurulmasının engellenmesi",Nesli tükenmek üzere olan türlerin özel alanlarda koruma altına alınması,Isınma ve sanayide enerji temini için fosil yakıt kullanımının azaltılması,D
6da5475c-ed0a-5328-a8c6-bc8dbc89caff,MATEMATIK,"$\tan x = 1$ denklemini $[\pi, 2\pi]$ aralığında sağlayan $x$ değeri aşağıdakilerden hangisidir?",$\frac{5\pi}{4}$,$\frac{4\pi}{3}$,$\frac{7\pi}{6}$,$\frac{7\pi}{4}$,$\frac{11\pi}{6}$,A
f7908dde-f797-56fe-89fa-6a19c78e3c19,EDEBIYAT,"İlk tiyatro denemesi olan Çoban Kızı adlı komedisinin seyirci tarafından beğenilmesinin onun tiyatroyu meslek olarak benimsemesine ve yeni uyarlamalar hazırlamasında önemli rolü vardır. Bir toplulukta kaynaklarda oynanan orta oyunlarında rol almış, halkın gülmeye ve eğlenmeye ihtiyacı olduğu kanaatiyle daha çok eğlendirici ve ibret verici komediler yazmıştır. Elli- den fazla eserinin büyük bir kısmı Fransız yazarlardan Türkçeye uyarladığı vodvil ve komedilerdir. Sanatçının uyarlama olmayan tek eseri Sivrisinekler adlı komedisidir. Bir kısmı kitap hâlinde yayımlanan uyarlamaları oldukça başarılı bulunmuş, Ahmed Vefik Paşa'nın Moliere uyarlamalarından sonra ikinci sırada geldiği ileri sürülmüştür. Hoşgörüm Gebe, Tecrüb-i Nikâh, Fırsat Yoksulu, Gücü Gücü Yetene, Kadın Terbiyenin, Dengi Dengi, Hisse-i Şayia sanatçının önemli oyunlarıdır. Bu parçada boş bırakılan yere aşağıdaki sanatçılardan hangisi getirilmelidir?",Musahipzade Celal,Refik Ahmet Nuri Sekizinci,Muhsin Ertuğrul,Faruk Nafiz Çamlıbel,Reşat Nuri Güntekin,A
7d7aa5df-2005-56d7-ba98-d17346f6bbad,GEOMETRI,"$y=x$ ve $y=-x$ doğrularına teğet olan çember $y=-x$ doğrusuna $A(-2, k)$ noktasında teğet olduğuna göre, bu çemberin yarıçapı kaç birimdir?",$\sqrt{2}$,2,$2\sqrt{2}$,3,4,B
4f720caf-7fb9-5316-b486-3b4ad460db08,MATEMATIK,"I. $\cos\alpha > 0$ olmak üzere, $\log_2(\cos\alpha) < 0$
II. $\sin\alpha < 0$ olmak üzere, $\log_3(1-\sin\alpha) > 0$
III. $\tan(\log 10) > 0$
ifadelerinden hangileri doğrudur?",Yalnız III,I ve II,I ve III,II ve III,"I, II ve III",B
1129dec2-336c-5c11-bcad-287e23966c9c,MATEMATIK,"Bir deneyin sonucunda üç ayrık sonuç A, B ve C'dir. Çıkan sonucun A ya da B olma olasılığı $\frac{3}{4}$, A ya da C olma olasılığı $\frac{4}{5}$ ise A, B, C sonuçlarına ait olasılıklar sırasıyla aşağıdakilerden hangisidir?","$(\frac{3}{4}, \frac{1}{5}, \frac{1}{20})$","$(\frac{2}{11}, \frac{1}{3}, \frac{1}{4})$","$(\frac{1}{11}, \frac{1}{1}, \frac{1}{20})$","$(\frac{1}{11}, \frac{1}{5}, \frac{1}{3})$","$(\frac{1}{11}, \frac{1}{5}, \frac{1}{4})$",C
b61bab66-88d9-5136-967a-05c01c2a46d2,MATEMATIK,"1'den n'ye kadar olan ardışık doğal sayıların toplamına üçgensel sayı denir. $(A_n)$ üçgensel sayı dizisi olduğuna göre, $A_{n+1}-A_n$ farkının n cinsinden değeri aşağıdakilerden hangisidir?",$2n$,$n^2$,$n+1$,$n^2+1$,$2n+1$,C
a4ce7786-71ae-5f20-8e9f-97d863666ea0,TURKCE,"Sanatla etkilenme, kaçınması güç görünse de öldürme zordu edilecek bir durum değildir. Sanatın gerçekliği bunu hiçbir surette mazur görmez; özgünlüğün yeniden üretimi şeklinde can bulur her defasında çünkü. Tersi bir durum onu körletir.
Bu parçadaki altı çizili sözcüğü anlamca karşılayabilecek bir kullanım aşağıdakilerin hangisinde vardır?","Genç insanların, kişiliklerini oluştururken özellikle saygı ve sevgi duydukları bir kişiliği taklit etme eğilimi gösterdikleri bilinmektedir.","Kitap okuma alışkanlığındaki benzerlikler, okuyucuların benzer kitaplardan aynı sonuçları çıkardıkları bilgilerden hangisidir?","Televizyon dizilerinin yapay kahramanları, hayatı tanımama biçimleriyle ister istemez gerçek dünyanın bireyleri üzerine etki bırakıyor.",Futbolda sahada sahip olması gereken öz güven ve yeteneği ancak antrenörünün talimatlarına harfiyen uymasıyla kazanır.,"Tarihsel bir olayı anlamlandırmak için başvurulan tarihin tekerrürden ibaret olduğu anlayışı, günümüzde pek kabul görmüyor.",A
923dd794-65eb-5dab-9b1a-a1a295969ae2,KIMYA,2 - kloro - 3 - metoksi bütan bileşiği aşağıdakilerin hangisinde doğru verilmiştir?,"CH$_{3}$-O-CH-CH$_{3}$
     |
     CH$_{2}$Cl","CH$_{3}$-O-CH-CH$_{2}$-CH$_{3}$
     |
     Cl","CH$_{3}$-CH-CH-CH$_{3}$
     |
     Cl OCH$_{3}$","CH$_{3}$-CH$_{2}$-O-CH-CH$_{2}$
     |
     Cl","CH$_{3}$-CH$_{2}$-O-CH-CH$_{3}$
     |
     Cl",C
f80fae97-99c4-5ca2-b6c4-d760f08d3a4c,TARIH,Aşağıdakilerden hangisi Serbest Cumhuriyet Fırkası'nın benimsediği ve uygulamak istediği düşüncelerden biri değildir?,Ekonomide serbest piyasa ekonomisini uygulamak,Teşvikisanayi Kanunu'nun uygulanmasına engel olmak,Kadınlara siyasi haklarının verilmesini sağlamak,Yabancı sermayenin ülkeye girmesine izin vermek,Türk parasının değerini koruyacak tedbirler almak,C
9b867191-9f76-5901-867f-3ec3c8f825c0,TURKCE,"Güneşin altında, verandanın parmaklığına konulmuş bir meyve suyu bardağını gözünüzün önüne getirin. Size boş görünebilir ama içinde en az 25.000 parça mikroskobik toz dolanmaktadır. Bu toz parçacıklarında yerküredeki her şeyden biraz vardır. Ansızın karşınıza Sahra kumlarından dökülmüş minik parçacıklar ve gözle görülemeyen devetüyü lifleri çıkabilir. Sonra rüzgâr yön değiştirir ve orman mantarları sporları ve kurumuş meşe parçaları çevrenizi sarar. Yakınlarda bir otobüs yolcu almak için durur ve minicik siyah kurum parçalarıyla karışık insan derisi döküntüleri bir anlığına ortalığı kaplar. Kısacası her nefes alışınızda binlerce ve binlerce zerre vücudunuza girer. Sizler bu satırları okuyorken yeryüzünde bu zemelerinden 150.000 kadarını soluyarak içinize çekmiş olabilirsiniz; tabii dünyanın en temiz köşelerinden birinde yaşıyorsanız. Daha kirli bir yerde yaşıyorsanız muhtemelen bir milyondan fazlasını solumuşsunuzdur.
Bu parçadan çıkarılabilecek en kapsamlı yargı aşağıdakilerden hangisidir?","Doğanın, bünyesinde pek çok mikroorganizma barındırdığı bilinmektedir.",İçilebilir sularda sayılamayacak kadar çok canlı vardır.,İnsanların kirli ortamlarda yaşamak zorunda kalmaları büyük şanssızlıktır.,Doğanın temiz olmasının insanlara çok fazla yararı vardır.,Nefes alma sürecinde bedenimize birçok zerre girmektedir.,E
b7fd27ca-69ee-50ff-8040-c8cce7fd9e3f,GEOMETRI,"Dik koordinat düzleminde $x = 3$ ve $y = 7$ doğrularının eksenler ile oluşturduğu dikdörtgen, 1 birim sola ve 3 birim aşağı öteleniyor.
Buna göre, öteleme sonucu oluşan dikdörtgenin 1. ve 3. bölgelerde kalan kısımlarının alanları toplamı 2. ve 4. bölgelerde kalan kısımlarının alanları toplamından kaç birimkare fazladır?",1,2,3,4,5,A
84d3cb46-e06a-5f8c-bd17-3f2c2ba23fb4,MATEMATIK,"Aysu arkadaşı Serpil'e ""2030 yılındaki yaşım, senin 2025 yılındaki yaşına eşit olacak"" demiştir.

2024 yılında Aysu ile Serpil'in yaşları toplamı 39 olduğuna göre, Aysu kaç yılında doğmuştur?",2005,2006,2007,2008,2009,B
ffc1fc51-e822-5620-aad4-e18574409312,MATEMATIK,"$x, y$ ve $z$ birer rakam
$\frac{x}{y} = z$
olduğunu göre,
I. $x = y$
II. $x > y$
III. $x < y$
durumlarından hangileri doğru olabilir?",I ve II,II ve III,I ve III,Yalnız III,"I, II ve III",A
bf8ba35d-e37e-55ab-a29a-a8d4b4c6efc2,FIZIK,Işık hızına yakın hızda hareket eden bir uzay mekiğinde Dünya'dan gözlemlendiği varsayımıyla bir düşünce deneyi tasarlanıyor. Bu deneye göre; I. Dünya'daki gözlemciye göre uzay mekiğinin boyu daha kısa algılanır. II. Dünya'daki gözlemciye göre uzay mekiğinde zaman daha yavaş ilerler. III. Dünya'daki gözlemciye göre uzay mekiğinde zaman daha hızlı ilerler. yargılarından hangileri doğrudur?,Yalnız I,Yalnız II,Yalnız III,I ve II,I ve III,D
0b1581f4-ea48-5b8b-a69e-325ad0ed5669,MATEMATIK,$f(x) = \frac{x+1}{2-x}$ fonksiyonunun artan olduğu en geniş aralık aşağıdakilerden hangisidir?,$R - \{2\}$,$R$,"$[2, \infty)$","$(- \infty, 2]$","$(-1, 2]$",A
a3e944ef-5d8a-5e76-b688-824566ce39f1,TURKCE,"Özel dedektifler, herhangi bir kişinin istediği konu doğrultusunda hizmet verir. Özel dedektifler, kesin çözüme ulaşmak için kapsamlı araştırmalar yapan profesyonel araştırmacılardır. İşleri, yakalanan kişiyi tutuklamak ya da yargılamak değildir; peşinde olduğu kişiyi takip ederek hukuki süreçte kullanılacak bilgi ve delilleri toplayarak işverenine sunmaktır. Türkiye'de henüz bir özel dedektiflik yasası bulunmamaktadır. Bunun yanında Türkiye'de birçok özel dedektiflik kursu bulunmaktadır. Dedektif olabilmek için özel dedektiflik sertifikası almanın en kolay yolu, dedektiflik kurslarına kaydolup bu kursları başarılı bir şekilde tamamlamaktan geçer.
Bu parçada özel dedektifler ile ilgili aşağıdakilerin hangisine değinilmemiştir?",Ülkemizde bir yasasının olmamasına rağmen aktif bir meslek olduğuna,Takip yoluyla suçluyu bulup polise teslim ettiklerine,Alınan bir iş karşılığında işverenin istekleri doğrultusunda çalıştıklarına,Bir kursa kaydolup bu kursu başarı ile tamamlayanların bu mesleği yapabileceğine,Bir kişiyi takip ederek bilgi ve belge toplamanın asli görevi olduğuna,B
88c3a53b-6f6d-5122-ba30-cbb451f90330,MATEMATIK,"Tüm basamaklarındaki sayı değerlerinin küpleri toplamı, kendisine eşit olan sayılara Armstrong Sayıları denir. Örneğin: $370 = 3^3+7^3+0^3$ olduğundan 370 bir Armstrong Sayısıdır. Armstrong Sayısı olan 1AB üç basamaklı sayısı için $A+B=8$ $A^2-AB+B^2=19$ olduğuna göre, A kaçtır?",1,2,3,5,7,D
5bad44af-ff83-5d40-b75e-b48969d7ba11,MATEMATIK,"Sarı, kırmızı ve mavi renkli bilyelerin her birinden 43'er adet bilye vardır. Bu bilyeler 50 torbadan bazılarına üçer üçer, kalanlarına ise ikişer ikişer konulunca açıkta bilye ve torba kalmıyor. Buna göre, üç bilyenin bırakıldığı kaç torba vardır?",19,23,26,29,34,C
b66c5839-c8cb-5074-bbc3-c5cecf60a4ec,MATEMATIK,"$0 < x < 2\pi$ olmak üzere, $\cos \left( \frac{\pi}{6} - x \right) = \sin \left( x + \frac{\pi}{3} \right)$ denklemini sağlayan değerler toplamı kaçtır?",$\frac{5\pi}{6}$,$2\pi$,$\pi$,$\frac{7\pi}{4}$,$3\pi$,B
fa81486a-f992-5419-a7dc-afa19f0d9d0f,MATEMATIK,"$\int_{2}^{4} f(x)dx = 10$ ve $\int_{5}^{2} f(x)dx = 12$ olduğuna göre, $\int_{5}^{3} f(x)dx + \int_{4}^{3} f(x)dx$ integralinin değeri kaçtır?",4,2,0,-2,-4,D
d86dc79b-b8fd-51ee-aae4-ddabf8f795b8,KIMYA,Yukarıdaki kimya disiplinlerinden hangilerinin çalışma alanı doğru verilmiştir?,Yalnız I,I ve II,I ve III,II ve III,"I, II ve III",E
f1cba5d2-6c12-507b-931a-075ce516c225,MATEMATIK,"Bir köklü sayıda, kök içindeki doğal kökün derecesine eşit ise ya da eşit olacak biçimde yazılabiliyorsa bu köklü sayıya temiz köklü sayı denir. Örnek 1: $\sqrt{2}$, $\sqrt[3]{5}$, $\sqrt[4]{3}$ sayıları temiz köklü sayıdır. Örnek 2: $\sqrt[6]{8}=\sqrt{2}$ olduğundan $\sqrt[6]{8}$ sayısı temiz köklü sayıdır. $\sqrt[n]{128}$ sayısı temiz köklü sayı olduğuna göre, n'nin alabileceği değerlerin toplamı kaçtır?",128,135,142,149,156,B
5ce2537c-1338-5ecd-9516-1ee0f074f728,MATEMATIK,"$p, q$ ve $r$ birer asal sayıdır. $r = 3^{p-5} \cdot 11^{q-6}$ olduğuna göre, $p+q+r$ toplamı kaçtır?",29,27,25,23,21,C
5f4eb0b3-cdfa-561d-9ca2-b73937d5ea38,TURKCE,"Sosyal beğeni isteminin sosyal pazarlama şekline dönüş tüğü ve yalnız kalmamak için ilişkisizliklerin yaşandığı kala balıklarda kondri afyonlayan insan, doğal olarak kendine yabancılaşır ve günümüzde pek yaygın olan pazar ekono misinin tutsağı olur. Böyle bir yaşamda insan beğenilmek, önemsenmek, fark edilmek ya da sevilmek için kendisini pazarlama durumundadır. Bu amaçla frekansını başkaları na göre ayarlayarak kendini ortadan kaldırır. Bu parçada asıl anlatılmak istenen aşağıdakilerden hangisidir?","İnsanlardaki fark edilme hissi, zamanla insanı, pazarlama tuzaklarının içine çeker.","İnsanın kendisi için değil de başkası için yaşamaya baş laması, onu gittikçe topluma ve kendisine yabancılaştırır.","İnsanoğlu, yalnızlaştıkça kendisine de yabancılaşmaya başlar.","Beğenilme isteği ile insanın kendini bir çeşit pazarlama çabası içine girmesi, zamanla bireyi kişiliksiz hâle getirir.","İnsan; hayatın sosyal döngüsü içinde, sosyal beğeni ka zanımlarını yüceltmeye çalışır.",B
eb53ffaf-a012-5abb-b03d-1ebb4f33c659,MATEMATIK,"$f$ ve $g$ gerçek sayılar kümesi üzerinde tanımlı ve $x=a$ noktasında limiti olan iki fonksiyon olmak üzere,
$\lim_{x \to a} (f(x) - g(x)) = 2$
$\lim_{x \to a} (f(x) + g(x)) = 6$
buna göre, $\lim_{x \to a} (\frac{f(x)}{2} + 2)g(x)$ limitinin değeri kaçtır?",2,3,5,7,9,B
d392bb98-2a36-5384-8e7c-48cd16a2f14e,GEOMETRI,"Şekil-I'de çevresi 32 cm olan eşkenar dörtgen biçimindeki karton [AC] boyunca kesilip, Şekil-II'deki gibi iki üçgen ayrılıyor.
Daha sonra bu kartonlar [A'D'] // [B'C'] olacak biçimde Şekil-III'teki gibi yapıştırılıyor.
$m(\widehat{ABC}) = 120^\circ$ ve $|B'B| = 5$ cm'dir.
Yukarıdaki verilere göre, Çevre(A''C'C) kaç cm'dir?",$14 + 16\sqrt{3}$,$16 + 16\sqrt{3}$,$18 + 16\sqrt{3}$,$20 - 8\sqrt{3}$,$22 - 8\sqrt{3}$,A
a2658945-7d92-5317-b0b5-fe7de1881e25,FIZIK,"Bir dalga kaynağının dalga leğeninde oluşturduğu periyodik dalgaların dalga boyunu küçültmek için;
I. Dalga kaynağının frekansını artırmak
II. Dalga kaynağının genliğini azaltmak
III. Leğendeki su derinliğini azaltmak
işlemlerinden hangileri tek başına yapılabilir?",Yalnız I,Yalnız III,I ve II,I ve III,II ve III,D
29aa6f2d-18de-56c6-a03d-efb3f1f59b08,TURKCE,"""Bugün çok sinirliydi, onun bu tavrına çok şaşırmıştım."" Bu cümledeki altı çizili sözcüklerde ek-fiilin iki görevi de örneklenmiştir. ""sinirliydi"" ifadesinde isim soylu sözcüğü yüklem yapma, ""şaşırmıştım"" ifadesinde basit çekimli fiilleri birleşik çekimli yapma görevinde kullanılmıştır.
Buna göre aşağıdaki dizelerin hangisinde ek-fiilin iki kullanımına da örnek vardır?","Rabbim isterse sular büküm büküm burulur,
Sırtına Sakarya'nın, Türk tarihi vurulur.","Eyvah, eyvah, Sakarya'm, sana mı düştü bu yük?
Bu dâva hor, bu dâva öksüz, bu dâva büyük.","Ne ağır imtihandır, başındaki, Sakarya!
Binbir başlı kartalı nasıl taşır kanarya?","""İnsandır."" sanıyorum mukaddes yüke hamal.
Hamallık ki sonunda ne rütbe var ne de mal.","Yalnız acı bir lokma, zehirle pişmiş aştan;
Ve ayrılık, anneden, vatandan, arkadaştan.",B
a4768697-1918-52bb-bb53-e7dc44d98ec4,EDEBIYAT,"Millî Edebiyat tiyatrosuyla ilgili,
I. Bu dönemde, sanatçı yetiştirmek, tiyatro eğitimi vermek amacıyla Darülbedayi kurulduğu
II. İbnürrefik Ahmet Nuri Sekizinci ile Musahipzade Celâl'in, sadece tiyatro eseri yazdığı
III. Musahipzade Celâl'in Darülbedayi'nin başına geçmesiyle, tiyatro çalışmalarının hızlandığı
IV. Mehmet Emin Yurdakul ile Ziya Gökalp'in birçok oyununun Darülbedayi'de sahnelendiği
yargılarından hangileri yanlıştır?",I ve II,I ve III,II ve III,II ve IV,III ve IV,D
7474bdfb-3a50-5410-a2ce-85bbd67e6b58,BIYOLOJI,"Atmosferde bulunan karbondioksit, organik bir maddenin yapısına katılıp, metabolizmada kullanıldıktan sonra tekrar atmosfere veriliyor.
Organik molekülün yapısındaki bu karbonun atmosfere en kısa yoldan geri verilmesi aşağıdakilerden hangisiyle sağlanabilir?","Üretici organizmaların, bu organik bileşikten yağ asidi üretmesiyle","Otçul organizmanın, ürettiği organik maddeyi hücre solunumunda kullanmasıyla","Otçul beslenen organizmaların, organik besinleri solurumda kullanmalarıyla","Tüketici organizmaların, ilgili organik besinden vitamin sentezlemesiyle","Organik maddelerin, etçil canlıda depo besinler hâline getirilmesiyle",C
0ae2e04e-3810-519a-bed0-76f5d0195f0c,MATEMATIK,"$\int_{1}^{3} f(x)dx + \int_{1}^{3} f(5-x)dx = 6$ olduğuna göre, $\int_{1}^{3} f(x)dx$ integralinin değeri kaçtır?",-6,-3,0,3,6,D
9569bbc6-b4db-5d90-83ab-c9b89119019d,MATEMATIK,"$\sin x - \cos x = \frac{3}{4}$ olduğuna göre, $\sec x - \csc x$ farkı kaçtır?",$\frac{24}{7}$,$\frac{7}{24}$,$\frac{1}{24}$,$-\frac{7}{24}$,$-\frac{24}{7}$,A
5d2e79b4-3f16-5cf2-8b58-ac8d3fb00c54,MATEMATIK,"$2^{\log_3 x} + 4 \cdot \log_{\sqrt{x}} 1 = 2$ olduğuna göre, $x$ değeri kaçtır?",1,$\frac{1}{2}$,$\frac{3}{2}$,2,4,C
8ac8dbd4-6c3a-512f-aa46-95b2bf02b380,TURKCE,"Bu değer değişimi ve buhran, Ömer Seyfettin'in bazı
I
hikâyelerine doğrudan yansıdığı gibi Kaşağı hikâyesi de
II
ferdîn ihtirası, otorite altındayken veya serbestlik içerisindeyken tavrı göz önüne alınarak ahlak ve değerler
III
bağlamında okunabilir. Hikâyeden çıkarılabilecek anlam vicdan azabı ve pişmanlığın yanında, şahsiyetin
IV
gelişmesini önemsemeyen çocuk terbiyesinin, çocuk gözetim altındayken ve serbestlik hâlindeyken ortaya çıkardığı sonuçtur.
V
Bu parçadaki numaralanmış sözcüklerle ilgili olarak aşağıdakilerden hangisi söylenemez?","I. sözcüğün eş anlamlısı ""bunalım""dır.","II. sözcük ""yer almak"" anlamında kullanılmıştır.",III. sözcüğün eş anlamlısı yoktur.,"IV. sözcük ""yapılan bir işten dolayı duyulan acı"" anlamındadır.",V. sözcüğün eş anlamlısı vardır.,C
85397b2c-53d4-53dd-8333-8ae0a5f9b317,BIYOLOJI,"Damarlı çiçekli bitkilerde su taşınması ile ilgili,
I. Ksilem içinde suyun taşınması tek yönlü olarak gerçekleşir.
II. Ksilemdeki su yukarı doğru çekildikçe kökte ozmotik basınç artar.
III. Su, ksilemde kökten yukarıya doğru aktif taşıma ile taşınır.
ifadelerinden hangileri doğrudur?",Yalnız I,Yalnız II,I ve II,II ve III,"I, II ve III",A
0480a82e-45d7-5b11-926c-08897f86ff4d,MATEMATIK,"$A = \{Ece, Acun, Vedat, Vahap\}$ ve $B = \{2, 3, 4, 5\}$ olmak üzere, A kümesinden B kümesine, $f: x \rightarrow x$ kelimesinin farklı harflerinin sayısı fonksiyonu tanımlanıyor. Buna göre, I. $f$ fonksiyonu bire birdir. II. $f(Acun) = f(Vahap)$ III. A kümesine ""Kaan"" adlı bir kişi daha katılırsa fonksiyon örten olur. yargılarından hangileri doğrudur?",Yalnız II,Yalnız III,I ve II,II ve III,"I, II ve III",A
bac2e30a-50e3-5bff-8323-407c286cafc0,GEOMETRI,"Dik koordinat düzleminde, $2x-y-2=0$ ve $3x+y-8=0$ doğrularının kesim noktasının orijine uzaklığı kaç birimdir?",2,$2\sqrt{2}$,$3\sqrt{2}$,$4\sqrt{2}$,4,C
4091d213-bdb0-5085-a84f-627fab9d5d2d,MATEMATIK,"$f(x) = \begin{cases} 3x+1, & x<2 \\ x^2-5, & 2 \le x \le 4 \\ 3x+9, & x>4 \end{cases}$ Yukarıda verilen fonksiyonun kaç farklı noktada limiti yoktur?",1,2,3,4,5,B
93b633a6-266d-5ce0-b88f-09a288e0991d,MATEMATIK,"$x^2-2x+m>0$ eşitsizliği her $x$ gerçek sayısı için sağlandığına göre, $m$'nin alabileceği en küçük tam sayı değeri kaçtır?",-1,0,1,2,4,D
ad78795c-b7a8-584c-a083-9f2067f0785c,MATEMATIK,"$f(x) = \int (2x^2 - 4x + 2) \, dx$
olduğunu göre, $f(x)$ eğrisinin yerel ekstremum noktasının apsisi kaçtır?",1,2,3,4,5,A
792cbef6-141e-54a0-a175-8d442271eb8e,MATEMATIK,"$f(x) = \sqrt[3]{\frac{x+5}{x-2}} - |x+5| - \frac{x}{x^2-9}$ fonksiyonunun sürekli olduğu en geniş aralık $\mathbb{R} - A$ olduğuna göre, $A$ kümesi kaç elemanlıdır?",0,1,2,3,4,E
33886f59-cfc8-522b-be8f-da3cf1d0193b,KIMYA,"I. Kömür ve petrol kullanımı hava kirliliğine yol açar.
II. Tarım ilaçları çevre kirliliğine neden olur.
III. Deterjanlar suda alg ve planktonların sayısının artmasına neden olur.
Yukarıdakilerden hangileri doğrudur?",Yalnız I,Yalnız II,I ve II,I ve III,"I, II ve III",E
213403af-6b3f-5f7e-8cee-cec52bd57467,MATEMATIK,"$m$ ve $n$ birer gerçek sayı olmak üzere, gerçek sayılar kümesi üzerinde tanımlı bir $f$ fonksiyonu $f(x) = \begin{cases} x^2+n, & x > 1 \\ 3mx-n, & x \le 1 \end{cases}$ biçiminde tanımlanıyor. $y=f(x)$ fonksiyonu gerçek sayılar kümesi üzerinde sürekli olduğuna göre, $m$ kaçtır?",3,4,5,6,7,B
542852d0-3569-5df2-866d-c7e874343219,MATEMATIK,$(a_n) = \left(\frac{3n-5}{n-7}\right)$ dizisinin bir sonlu dizi belirtmesi için terim sayısı en fazla kaç olmalıdır?,$3$,$4$,$5$,$6$,$7$,D
0b90c7b2-7f47-5d63-b1a9-7f7788d6b95c,KIMYA,"Aynı periyotta bulunan Mg, S ve Cl elementlerinin atom yarıçapları arasındaki ilişki Mg > S > Cl şeklindedir.
Buna göre Mg, S ve Cl elementleri ile ilgili aşağıdakilerden hangisi yanlıştır?",Mg'nin elektron verme eğilimi S'ninkinden fazladır.,Cl'nin birinci iyonlaşma enerjisi Mg'den büyüktür.,Cl'nin ametalik özelliği S'den fazladır.,S'nin elektronegatifliği Cl'ninkinden büyüktür.,Mg'nin oksijenli bileşiğinin bazik karakteri Cl'ninkinden fazladır.,D
9b031e59-be23-59fb-9920-108cf9f5795e,FIZIK,"I. Buzlu yollarda araçların kayması
II. Hücre bölünmesi
III. Barajda elektrik üretimi
Yukarıda verilen olayların hangilerinin açıklanmasında, fizik biliminin doğrudan rolü vardır?",Yalnız III,I ve II,I ve III,II ve III,"I, II ve III",C
3a62b51d-12df-561f-9484-f62ce769feb3,MATEMATIK,"Gerçel katsayılı 2. dereceden ve başkatsayısı 1 olan $P(x)$ polinomu için $P(x)+a$ polinomunun iki farklı tam sayı kökü $P(x)+3a$ polinomunun kökleri eşit ve 1 olmaktadır. $P(a)=-5$ olduğuna göre, $a$ kaçtır?",1,2,3,4,5,B
2ef1c217-d650-5c58-acb9-ae63d5025efe,MATEMATIK,"$x$ pozitif bir gerçel sayı olmak üzere, $\frac{\tan(12x)}{\cot(3x)} = -1$ eşitliğini sağlayan en küçük $x$ gerçel sayısı kaçtır?",$\frac{\pi}{18}$,$\frac{\pi}{15}$,$\frac{\pi}{12}$,$\frac{\pi}{10}$,$\frac{\pi}{9}$,B
d14f677c-6081-5e53-94fe-cc183ce52c47,MATEMATIK,"Üniversitelerce araştırma görevlisi olmak için yüksek lisansa başvuran tüm adayların ön değerlendirme oranı; ALES puanının %60'ı, Yabancı Dil Sınavı sonucunun %40'ı alınarak hesaplanır. Yüksek lisansa başvuran Leman, İrem ve Güleç'in sınavlardan aldıkları bazı puanlar aşağıdaki tabloda verilmiştir.

Tablo: ALES ve Yabancı Dil Sınavı Puanları

| İsim   | ALES | Yabancı Dil Sınavı |
|--------|------|--------------------|
| Leman  |      | 50                 |
| Güleç  | 80   | 40                 |
| İrem   |      | 70                 |

• Ön değerlendirme kriterine göre, Güleç ile İrem aynı puanı almıştır.
• Leman'ın ALES puanı İrem'in ALES puanından 10 puan fazladır.

Buna göre, Leman'ın yüksek lisans ön değerlendirme puanı kaçtır?",62,64,65,66,72,B
db0414ad-0929-50b1-ae2c-b156e60c8c5d,KIMYA,"""Merkez atomu aynı olan oksiasitlerde oksijen sayısı arttıkça asit kuvveti artar.""

Buna göre, aynı sıcaklıkta,
I. HClO
II. $HClO_2$
III. $HClO_3$

asitlerinin asitlik sabitleri ($K_a$) arasındaki ilişki aşağıdakilerden hangisinde doğru karşılaştırılmıştır?",I > II > III,I > III > II,II > III > I,III > II > I,III > I > II,D
de68cadf-baa1-5e4d-b065-b119d174fb02,MATEMATIK,"$P(x)=a_nx^n+a_{n-1}x^{n-1}+...+a_1x+a_0$ polinomunun katsayılarının aritmetik ortalaması $2$ ve $P(x)$ polinomunun $x-1$ ile bölümünden kalan $10$'dur. Buna göre, $P(x)$ polinomunun derecesi kaçtır?",12,10,8,6,4,E
8932cc90-9f51-5df3-99aa-c2257947c6a1,MATEMATIK,"$72$ kişilik bir sporcu topluluğu, her grupta eşit sayıda sporcu olacak şekilde iki gruba ayrıldıktan sonra, ilk gruptan biri, gruptaki sporcu sayılarının oranı $\frac{1}{2}$ olacak biçimde iki gruba daha ayrılıyor.
Erkek sporcu sayılarının eşit olduğu üç grubun birindeki erkek sporcu sayısının gruptaki toplam sporcu sayısına oranı $\frac{1}{3}$ olurken başka bir grupta bu oran $\frac{1}{4}$ oluyor.
Buna göre, üç gruptaki toplam erkek sporcu sayısı kaçtır?",12,15,18,24,27,B
0f309c17-d4c9-5cc6-8a65-8491b7514461,MATEMATIK,$(\sin 36^\circ + \cos 6^\circ)^2 + (\cos 36^\circ - \sin 6^\circ)^2$ toplamının sonucu kaçtır?,1,2,3,4,5,C
e975ab10-e186-5676-b736-0ed298d2d724,GEOMETRI,"Çap uzunluğu 12 cm olan birinci şekilde verilen daire biçimindeki karton çapı üzerinden kesilerek iki parçaya ayrılıyor. Daha sonra bu parçalar ikinci şekildeki gibi yapıştırılıyor. $O_1$ ve $O_2$ yarım dairelerin merkezleri, $d$ doğrusu $O_1$ merkezli yarım daireye C noktasında teğet olduğuna göre, $AKC$ yayının uzunluğu kaç cm'dir?",2\pi,3\pi,4\pi,5\pi,6\pi,C
7500db4a-aa2a-565b-a2f2-c60082bfb4eb,KIMYA,"Oda koşullarında sıvı hâlde bulunması
II. Na ile tepkime vermesi
III. $+4^{\circ}\text{C}$'de yoğunluğunun en yüksek değer alması
Yukarıda verilenlerden hangileri $\text{H}_2\text{O}$'nun fiziksel özelliklerindendir?",Yalnız I,I ve II,I ve III,II ve III,"I, II ve III",C
3353e5bc-c6a2-58f4-95e3-3a2c914b745b,BIYOLOJI,"Çeşitli ökaryotik hücrelerde gerçekleşen; I. glikoliz, II. krebs döngüsü, III. etil alkol fermantasyonu, IV. laktik asit fermantasyonu olaylarının hangilerinde $FAD$'ın indirgenmesi gerçekleşir?",Yalnız II,I ve II,I ve III,III ve IV,"I, II ve IV",A
7d9a1d7d-670b-56fc-8551-40fa786b3879,MATEMATIK,"$f: \mathbb{R} - \{a\} \to \mathbb{R}$ olmak üzere $f(x) = \frac{1}{x^2 - 4x + 2a}$ olduğuna göre, $f(-2)$ kaçtır?",$-\frac{1}{2}$,$-\frac{1}{4}$,$-\frac{1}{16}$,$\frac{1}{16}$,$\frac{1}{4}$,D
4a12a1f4-b378-5872-b899-8882284a92d6,FIZIK,"15 $\Omega$ luk bir direnç, iç direnci ihmal edilen bir pile bağlandığında direncin gücü P oluyor.
15 $\Omega$ luk direnç yerine 5 $\Omega$ luk direnç kullanılırsa direncin gücü kaç P olur?",1,5,3,$\frac{1}{3}$,$\frac{1}{5}$,C
ed91f906-139f-58b1-8306-ffbaa642a9a7,MATEMATIK,"$a$ ve $b$ gerçel sayılar olmak üzere, dik koordinat sisteminde $y = f(x)$ fonksiyonunun grafiği üzerindeki $A(a, b)$ noktası için
• $f(x-2)-1$ dönüşümü ile $B$ noktası,
• $f(x-4)-1$ dönüşümü ile $C$ noktası,
• $f(x+3)-2$ dönüşümü ile $D$ noktası,
elde ediliyor. Buna göre, $A(BCD)$ kaç birimkaredir?",2,3,4,5,6,E
55f62189-4690-559f-b93a-a2f410bd9bf4,MATEMATIK,"Ardışık iki doğal sayıdan küçüğünün 2 katı ile büyüğünün 6 fazlası toplanırsa 127 bulunuyor. Buna göre, büyük sayı kaçtır?",39,41,38,40,42,E
9ab0b09b-6f26-585b-aa84-aebec4ddf991,MATEMATIK,"$x$ ve $m$ birer gerçek sayılar olmak üzere, $\frac{\cos x - \cos 2x}{\sin x} = \frac{m}{\sin x}$ eşitliğini sağlayan en küçük $x$ gerçek sayısı $\frac{\pi}{12}$ olduğuna göre, $m$ değeri kaçtır?",$\sqrt{3}$,\frac{\sqrt{3}}{2},\frac{\sqrt{3}}{4},\frac{\sqrt{3}}{8},\frac{\sqrt{3}}{16},B
84e19cd2-55c7-580e-9416-e3da6974290b,TURKCE,"Özdeşliğim çok, gerçekleştirilişim az. Sanatçının doyuma ulaşması kolay mı? Kim, hangi sanatı erebilmiş ona? Bir öykü ya da roman yazdım mı ilk günlerin cazibesiyle onları beğeniyorum. Onlar da pek âlâ görünüyor gözüme. ""İşte şimdi oldu!"" diyorum. Fakat birkaç hafta geçip de onları bir daha okuyunca beğenmemeye, tek tek kusurlar bulmaya başlıyorum. Metinler, boyalar, notalar cümbüşüne başlıyor. Onları yeniden oldun oldum geçirmeye başlıyorum. Yoruluyorum, yıpranıyorum, hayatımı sınırlandırıyorum ama yılmıyorum. Biliyorum ki yılıldığım gün öldüğüm gündür. Bir sanatçı olarak vardığım noktadan memnun olmak ve orada arayışı bitirmek gibi bir hakkımın olmadığını düşünüyorum. Yıllardır, ilk görüşte aşkın cazibesinden kurtulup şuna bir daha bakayım diyerek yıpratmaktan uzak durduğum birçok yapıtım var. Meyvenin daha olgun hâlini bekleyip de onu koparmayan bahçıvan, bazen o meyvenin dalında çürüdüğünü görür ama ben ham meyveyi koparmaktansa bu riski göze alıyorum.
Kendinden böyle söz eden bir sanatçıya aşağıdaki-lerden hangisi uygun düşmez?","Mükemmeliyetçi, zor beğenen, titiz","Öz eleştiri yapabilen, kendine dışarıdan bakabilen","Tedbirli davranan, ölçüp biçen","Kendini yenileyen, arayış içinde olan","Okuyucunun beğenisini önemsemeyen, tepkilere kulak veren",E
0ca0c95f-d0bc-571d-bc82-6758aafe57bd,MATEMATIK,"$[1, 9]$ aralığında tanımlanan bir $f$ fonksiyonunun grafiği birim karelere bölünmüş dik koordinat düzleminde verilmiştir. Kırmızı boyalı bölgenin alanı, sarı boyalı bölgenin alanından 4 birimkare fazla olduğuna göre, $\int_{1}^{9} (f(x) + f'(x)) dx$ integralinin değeri kaçtır?",20,24,25,28,30,D
f274218a-313d-51f8-ad7b-bb4186849bdf,BIYOLOJI,Bir maddenin pasif taşındığı temel olarak aşağı- daki molekül veya yapılardan hangisinin kullanılma- masından anlaşılır?,ATP,Enzim,Hücre zarı,Protein,Hücre duvarı,A
8cb5a1a8-e738-509c-9277-5ca414ff6348,KIMYA,"Oda sıcaklığında pOH değeri 2 olan 10 litrelik NaOH çözeltisindeki suyun 9 litresi aynı sıcaklıkta buharlaştırılıyor. Buna göre, son durumda NaOH çözeltisinin pOH değeri kaçtır?",1,2,3,4,5,A
bba4bcde-69f7-5298-b904-a4cb05ff4f08,KIMYA,Aşağıdaki tabloda bazı kimya disiplinleri ve çalışma alanlarına örnekler verilmiştir. Buna göre kimya disiplinine verilen çalışma alanıyla ilgili örneklerden hangisi yanlıştır?,I,II,III,IV,V,D
6c39af38-8b9d-5116-b2c5-588148fc0fcc,MATEMATIK,"O merkezli çemberde $|AC|=6$ cm, $|AB|=2\sqrt{5}$ cm, $|AO|=5$ cm olduğuna göre, $\tan(\widehat{CAB})$ kaçtır?",-2,-3,\frac{1}{2},\frac{1}{3},-1,A
15e23a1f-129f-5fdd-a053-d5dbaf201add,MATEMATIK,$x^2-8x-4=0$ denkleminin köklerinin çarpma işlemine göre terslerini kök kabul eden ikinci dereceden denklem aşağıdakilerden hangisidir?,$2x^2+x+8=0$,$2x^2-8x+1=0$,$2x^2-8x-1=0$,$4x^2-8x+1=0$,$4x^2+8x-1=0$,D
be153da5-048c-5e86-8059-2dd0daccfd85,MATEMATIK,"Bir Zoolog yaptığı bir araştırmada $abcd$ yılında doğan bir aslanı takibe almış ve 35 yıl boyunca bu araştırmasına devam etmiştir.
Zoolog araştırmasını $abe4$ yılında bitirdiğine göre, $d$ kaçtır?
($abcd$ ve $abe4$ dört basamaklı sayılardır.)",9,8,7,6,5,A
4349b598-d866-5169-ad27-45700f07dbaf,MATEMATIK,$\frac{x^2-3x+2}{x^2-5x+2} > 0$ eşitsizliğinin çözüm kümesi aşağıdakilerden hangisidir?,"$(-2, -1)$","$(-2, 1)$","$(- \infty, -1) \cup (1, \infty)$","$(1, 2)$","$(- \infty, -2) \cup (-1, \infty)$",C
bc282927-b519-5509-97e8-3d7448bbb8a4,MATEMATIK,"$f$ ve $g$ gerçek sayılarda türevlenebilen fonksiyonlar olmak üzere, $f(x) = x \cdot g(x^2)$, $g(1)=1$, $g'(1)=2$ eşitlikleri veriliyor. Buna göre, $f'(1)$ değeri kaçtır?",2,5,7,9,10,B
efe49de6-ac85-5059-ad31-0f28753efd3d,MATEMATIK,"$x \in [a, 4]$ olmak üzere, $f(x) = |x-3| - x$ biçiminde tanımlı $f$ fonksiyonunun görüntü kü- mesi $[-3, a+3]$ aralığı olduğuna göre, $a$ kaç- tır?",-2,-1,0,1,2,D
0b3a50b4-93f2-5f06-a90f-4ed45cefec58,MATEMATIK,"Bir çiftlikte bir süt makinesi bir saatte toplam $4x$ litre süt sağmaktadır. Ancak makinenin filtresi tıkandığında saatte $x+5$ litre süt sağma kaybı yaşamaktadır.
Filtre tıkalı durumda 6 saatte 150 litre süt sağıp işi bitirmektedir.
Buna göre makinenin filtresi tıkanmadan süt makinesi toplam işini kaç saatte bitirir?",$\frac{7}{2}$,$\frac{7}{4}$,$\frac{15}{2}$,$\frac{15}{4}$,$\frac{17}{4}$,D
863f2ce5-5148-5ae1-8b00-f7fac4b6d8b2,MATEMATIK,"$f(x) = \frac{x^3}{3} - 4x + 1$ fonksiyonunun grafiğine $x=a$ noktasında teğet olan doğru, $x$-ekseni ile pozitif yönde geniş açı oluşturmaktadır. Buna göre, $a$ sayısının en geniş aralığı aşağıdakilerden hangisidir?","$(-2, 2)$","$(0, 2)$","$(-2, 0)$","$(-3, 2)$","$(2, 3)$",A
07fa24c0-56a5-57d3-ab73-3c427083cd88,MATEMATIK,I. $|-6 \cdot x| = 6 \cdot |x|$ II. $|a-b| = |b-a|$ III. $|9-x^2| = |x-3| \cdot |x+3|$ ifadelerinden hangileri doğrudur?,Yalnız I,Yalnız II,I ve II,I ve III,"I, II ve III",E
348ce3ee-600d-55ef-86bb-76f3151e4fd4,MATEMATIK,"$(a_n)$ aritmetik dizidir. $a_1 + a_2 + a_3 + a_4 + a_5 = 40$ olduğuna göre, $a_3$ kaçtır?",5,8,$\frac{24}{5}$,$\frac{26}{5}$,$\frac{27}{5}$,B
ac11ec5b-4fb3-5ea6-ad76-b3ad5c668df3,MATEMATIK,"$P(x)$ bir polinom olmak üzere, her $x \in \mathbb{R}$ için $\frac{P''(x)}{3x^2} = P(2)$ eşitliği veriliyor. $P(0) = \frac{2}{3}$ olduğuna göre, $P(x)$ polinomunun $(x-1)$ ile bölümünden kalan kaçtır?",1,2,3,4,5,B
409d61d5-2ab1-58dc-8d7f-f654ee65c036,FIZIK,Aşağıdakilerden hangisi sürtünme kuvvetinin olumsuz etkilerini azaltmak için yapılan işlemlerden değildir?,Araç motorlarına yağ konulması,Yazın araçlara yazlık lastik takılması,Uçakların ön kısımlarının sivri yapılması,Yüzücülerin mayolarının kaygan kumaşlardan yapılması,Kışlık ayakkabıların tabanlarının tırtıklı yapılması,B
6caa18da-05e0-5cc5-8ad8-c30ad3d3557d,EDEBIYAT,"Türk kültür tarihinin sözlü ve yazılı kaynaklarından bir bölümünü de masallar oluşturmaktadır. Bu masallardan bazıları eski Türk metinlerinden veya başka dillerden günümüz Türkçesine çevrilmiştir. Bu çerçevede Türk edebiyatında Uygur Dönemi eseri olan ---- masal özelliği gösteren ilk eserlerdendir. Arap ve İran kaynaklı ---- adlı eser ise Türk Edebiyatının farklı dönemlerinde birçok şair ve yazara ilham vermiştir.
Bu parçada boş bırakılan yerlere aşağıdakilerden hangisi sırasıyla getirilmelidir?",Kalyanamkara ve Papamkara - Binbir Gece Masalları,Keloğlan ve Demircioğlu - Billur Köşk,Kalyanamkara ve Papamkara - Pançatantra,Keloğlan ve Demircioğlu - Pançatantra,Billur Köşk - Binbir Gece Masalları,A
1459ada6-89d8-5180-95de-9cdd61bb17f6,MATEMATIK,"$\frac{(n+1)!-n!}{(n+1)!+n!} = \frac{5}{7}$
olduğuna göre, n değeri kaçtır?",7,6,5,4,3,B
0b5cdf51-44fc-520c-86ee-d7add7f9b4ff,MATEMATIK,"Anıl'ın çalışma hızı, Fatih'in çalışma hızının 3 katına eşittir. İkisi beraber bir işe başladıktan 3 gün sonra Anıl işi bırakıyor. Fatih 3 gün daha çalışarak işi tamamlıyor. Buna göre, Fatih bu işi tek başına kaç günde bitirebilir?",5,10,15,20,30,D
e4f55322-4301-5f42-b0b2-15fc7b2e89da,MATEMATIK,"$\alpha, \beta \in [0, \frac{\pi}{2}]$ olmak üzere, $\sin(\alpha - \beta) = \sin\alpha - \cos\beta$ olduğuna göre, I. $\alpha = 0$ veya $\beta = \frac{\pi}{2}$ dir. II. $\alpha = 0$ veya $\beta = \frac{\pi}{4}$ tür. III. $\alpha = \frac{\pi}{2}$ veya $\beta = 0$ dır. ifadelerinden hangileri doğrudur?",Yalnız I,Yalnız II,Yalnız III,I ve III,II ve III,A
0d955a88-c6a6-5663-95fd-509aa2abf185,MATEMATIK,"$a$ ve $b$ aralarında asal pozitif sayılar olmak üzere, $\frac{a+b}{a-b} = \frac{11}{5}$ eşitliği veriliyor. Buna göre, $3a-2b$ işleminin sonucu kaçtır?",18,20,22,24,26,D
745c70e0-d9db-5554-abba-bc305c956bbf,MATEMATIK,Şeker oranı %20 olan 30 kg şekerli su karışımının $\frac{2}{3}$'ü ve şeker oranı %40 olan 20 kg şekerli su karışımının $\frac{3}{4}$'ü karıştırılıyor. Son durumda oluşan karışımdaki şeker miktarının su miktarına oranı kaçtır?,$\frac{1}{5}$,$\frac{2}{5}$,$\frac{3}{5}$,$\frac{4}{5}$,$\frac{5}{5}$,A
ac7aa9f7-1e88-52c1-9d1c-d676636f6821,MATEMATIK,"Aşağıdaki şekilde santimetre cinsinden verilen aynı cetvel ile paralel tutulan aynı pilot kalemin kapaklı ve kapaksız uzunlukları görülmektedir. Bu pilot kalemden 7 tane kapaksız kalem ile $x$ tane kapaklı kalem uç uca aynı doğrultuda eklenince $166$ cm'lik bir uzunluk elde ediliyor. Buna göre, $x$ kaçtır?",4,5,6,7,8,B
3072440a-2199-5328-a891-802f26e7a690,MATEMATIK,"Gerçel sayılar kümesi üzerinde tanımlı ve türevlenebilen bir $f$ fonksiyonu için;
* $[1, 3]$ aralığında azalandır.
* Azalan olmadığı her aralıkta artandır.
olduğu bilinmektedir.
Buna göre,
I. $f'(x) = 0$ denkleminin çözüm kümesi iki elemanlıdır.
II. $f(2) = f(4)$ tür.
III. $f'(1) = f'(3) = 0$ dır.
ifadelerinden hangileri her zaman doğrudur?",Yalnız I,Yalnız III,I ve III,II ve III,"I, II ve III",A
7e567436-30ae-526e-9c70-77440349851f,MATEMATIK,$\sqrt{(x-7)^2} \cdot (x^2-9) \le 0$ eşitsizliğinin çözüm aralığı aşağıdakilerden hangisidir?,"$[3, \infty)$","$[2, 3]$","$[2, \infty)$","$(-3, 3)$","$[0, 3)$",D
7a6688f7-c50f-5417-94bc-1597a92a3785,MATEMATIK,"İbuprofen, ateş ve ağrı kesici için önerilen reçeteli bir ilaç ve ilacın yarı ömrü yaklaşık 2 saattir.
Örneğin: 200 mg'lık ibuprofen yutan bir hastanın kan dolaşımında 2 saat sonra 100 mg ilaç kalacaktır. Tekrar 2 saat sonra (toplam 4 saat) kan dolaşımında sadece 50 mg'lık ilaç kalmış olacaktır.
Eğer bu hasta 6 saatte bir 800 mg'lık ibuprofen alırsa, ilk doz alımından 10 saat sonra kan dolaşımında kalacak olan ilacın miktarı kaç mg'dır?",25,75,"112,5",225,450,D
706ece2d-abd7-5411-8ed2-d25371fc0844,MATEMATIK,"Bir bahçedeki armut ve vişne ağaçlarının sayıları sırasıyla 10 ve 3 ile doğru orantılıdır. Bu bahçeye 20 armut ve 10 vişne ağacı daha dikiliyor. Son durumda, bahçedeki armut ağaçlarının sayısı, vişne ağaçlarının sayısının 3 katı olduğuna göre, başlangıçta bahçede kaç tane armut ağacı vardır?",100,90,80,70,60,A
0b8f0298-dd4d-597a-b5c1-d1e5c87a3b0d,KIMYA,Aşağıdakilerin hangisinde verilen I. çözeltiyle II. çözelti eşit hacimlerde karıştırıldığında oluşan çözeltinin pH değeri 7 olur? (Oluşan çözeltinin hacmi karıştırılan çözeltilerin hacimlerinin toplamına eşittir.),"pH = 1, pOH = 13","pOH = 2, pH = 12","$[H^+] = 10^{-2}$ molar, pH = 2","pOH = 2, $[H^+] = 10^{-12}$ molar","pH = 13, $[OH^-] = 10^{-1}$ molar",A
5a800518-4d64-5857-999e-17764410b76e,TARIH,"I. Dünya Savaşı'nda Çanakkale Cephesi Türk ve dünya tarihi açısından önemli bir yere sahiptir.
Buna göre;
I. İtilaf Devletlerinin yenilmesi,
II. Osmanlı'nın cephede başarı göstermesi,
III. Yarım milyon insanın ölmesi
sonuçlarından hangilerinin savaşın uzamasına sebep olduğu söylenebilir?",Yalnız I,Yalnız II,I ve II,II ve III,"I, II ve III",C
3f7a2f81-694f-5573-a302-d35c2c1ac469,MATEMATIK,"$\frac{a}{2}+\frac{2}{b+1}=2$ ve $\frac{3}{a}-\frac{b}{b+1}=4$ olduğuna göre, $a+b$ toplamı kaçtır?",$\frac{5}{3}$,$\frac{5}{6}$,$\frac{1}{2}$,1,2,D
a844a4e7-4472-53d0-9e00-55d43998af12,MATEMATIK,"$n>2$ olmak üzere, $f(n)=\int_{1}^{n} \frac{x^{n-2}}{1+x^{n}} dx$ olduğuna göre, $f(8)+f(10)$ ifadesinin eşit aşağıdakilerden hangisidir?",$\int_{1}^{2} x^{2} dx$,$\int_{1}^{2} x^{4} dx$,$\int_{1}^{2} x^{6} dx$,$\int_{1}^{2} x^{8} dx$,$\int_{1}^{2} x^{10} dx$,C
22061630-85c3-51c0-a5f9-89396e2d3b89,MATEMATIK,Şeker oranı %80 olan 250 gramlık meyve suyu ile şeker oranı %40 olan 150 gramlık meyve suyu karıştırıldığında elde edilen karışımın şeker oranı yüzde kaç olur?,45,55,65,70,75,C
01e244dd-5871-54f8-a696-84eea5f052aa,MATEMATIK,"$\frac{dy}{dt} = \frac{1}{2\sqrt{t}}$ ve $\frac{dt}{dx} = 2x+3$ eşitlikleri vardır. Buna göre, $y$ ile $x$ arasındaki eşitlik aşağıdakilerden hangisi olabilir?",$y = \sqrt{x^2+3x-1}$,$y = \sqrt{2x+3}$,$y = \frac{1}{2\sqrt{2x+3}}$,$y = \frac{1}{2\sqrt{x^2+3x}}$,$y = 2x^2+3x$,A
ee18eeef-f070-5bd4-a943-5169f1309ea1,MATEMATIK,"$f: \mathbb{R} \to \mathbb{R}$ olmak üzere, $f(x) = \frac{3x-1}{x^2-2x-m}$ fonksiyonu sürekli olduğuna göre, $m$'nin değer aralığı aşağıdakilerden hangisidir?","$(- \infty, -1)$","$(-3, 1)$","$(-1, \infty)$","$(1, \infty)$","$(-1, 1)$",B
447337a9-ab29-5023-8d38-8a94f4d1eeaa,MATEMATIK,"$f(x) = \log(x - 2)^2$ ve $g(x) = 2\log(x - 2)$ fonksiyonlarının en geniş tanım kümeleri ile ilgili, I. Her iki fonksiyon da tanımlı olduğu aralıkta bire bir ve örtendir. II. $f(x)$ fonksiyonunun en geniş tanım kümesi $R - \{2\}$ dir. III. $g(x)$ fonksiyonunun en geniş tanım kümesi $(2, \infty)$ dur. ifadelerinden hangileri doğrudur?",Yalnız I,I ve II,I ve III,II ve III,"I, II ve III",D
b934daef-e17f-54a9-8b73-c2f7b995774a,EDEBIYAT,"17. yüzyıl şairi Nedim'e ait bu parçayla ilgili aşağıdaki yargılardan hangisine ulaşılamaz?
Bu şehr-i İstanbul ki bi-misl ü behadır
Bir sengine yek-pâre Acem mülkü fedadır
Bir gevheri yek-pâre iki bahr arasında
Hurşîd-i cihân-tâb ile tartılsa sezadır
Altında mı üstünde midir cennet-i âlâ
El-hak bu ne hâlet bu ne hoş âb u havadır
İnsaf değil anı dünyaya değişmek
Gülzârların cennete teşbih hatadır
Herkes erişir anda muradına arıncın
Deryânları melce-i erbâb-ı recâdır
İstanbul'un evsâfını mümkün mi beyan hiç
Maksûd heman sadr-ı kerem-kâra senadır",Övgü nitelikli bir şiir olduğu için nazım biçimi kasidedir.,"Ahenk; ölçü ve kafiyeden çok, ses akışıyla sağlanmıştır.","Son beyit girizgâhın, diğer beyitler nesip ya da teşbibin anlatım özelliklerine sahiptir.",Üçüncü beyitte tecahül-i arif sanatı yapılmıştır.,"Matla beyti, gazelinki gibi kafiyelenmiştir.",C
b09c3982-b7eb-53c4-9063-46352d714daf,MATEMATIK,"Aşağıdaki birim karelere ayrılmış ve $y$ ekseni silinmiş olan dik koordinat düzleminde gerçek sayılarda tanımlı $y=f(x)$ fonksiyonunun grafiği verilmiştir. $y=f(x)$ fonksiyonu için $\lim_{x \to -3^+} f(x)=4$ ve $\lim_{x \to 7^-} f(x)=7$ olduğu bilindiğine göre, I. $\lim_{x \to -8} f(x)=8$'dir. II. $\lim_{x \to 7^+} f(x)=6$'dır. III. $\lim_{x \to -1^-} f(x)=6$'dır. ifadelerinden hangileri doğrudur?",Yalnız I,Yalnız II,I ve II,I ve III,II ve III,E
629dc20d-e9d7-5566-87ab-77b1470cc5c0,MATEMATIK,$P(x) = (4x-2)^3 + (2x-3)^2$ polinomunun katsayılar toplamı kaçtır?,8,15,16,17,33,B
f2a00e6e-9227-52d0-a6e2-55fafa07728e,MATEMATIK,"$2x - 3y - 16$ ve $-4 < y < 6$
olimits
olduğuna göre, $x$'in alabileceği en büyük tam sayı değeri ile en küçük tam sayı değerinin toplamı kaçtır?",19,17,18,16,20,E
1f0c337a-00ea-50c4-8b9d-3ea78f92873b,MATEMATIK,"Şeker, un ve su ağırlık bakımından sırasıyla $12:10:2$ oranında karıştırılarak $480$ gramlık hamur yapılıyor. Buna göre, bu hamur için kaç gram su kullanılmıştır?",20,25,30,35,40,E
eb4b507d-ca66-56a1-987f-8a2a4800070a,MATEMATIK,"a ve b birer gerçel sayı ve i sanal sayı olmak üzere, $\frac{1 - i}{1 + i} = a - bi$ şeklinde yazıldığında $a + b$ toplamı kaç olur?",-2,-1,0,1,2,B
92c40ae4-6646-513f-ac73-cc6f8cd9e848,KIMYA,CH$_3$–CH$_2$–O–CH–CH$_3$ CH$_3$ bileşiği ile ilgili aşağıdakilerden hangisi yanlıştır?,IUPAC adı 2-etoksi propandır.,Yaygın adı izopropil eterdir.,Asimetrik (karışık) eterdir.,2-pentanol ile fonksiyonel grup izomeridir.,Yoğun fazda molekülleri arasında hidrojen bağı bulunur.,E
44bc2c14-4bfb-5446-bd05-331ef8f14ae6,MATEMATIK,$\int_{0}^{3} \sqrt{x^2+x} dx$ integralinin sonucu aşağıdaki aralıkların hangisinde bulunur?,"[0, 2]","[2, 6]","[7, 8]","[8, 9]","[9, 10]",B
645f554e-0471-5df6-a88c-f2ccc04af4cc,BIYOLOJI,"İnsanlardaki eşeysel bezler tarafından
I. testosteron,
II. FSH,
III. östrojen,
IV. progesteron
hormonlarından hangileri salgılanır?",Yalnız I,III ve IV,"I, II ve III","I, III ve IV","I, II, III ve IV",D
a227b124-ebf0-571d-843d-f5e8f1d18c7f,MATEMATIK,"$A = \{a_1, a_2, a_3\}$ ve $B = \{b_1, b_2, b_3, b_4, b_5\}$ kümeleri veriliyor. $f: A \to B$ ve $f(a_3) = b_5$ olacak şekilde kaç tane bire bir $f$ fonksiyonu vardır?",6,8,10,12,15,D
35a2dc97-9e92-5c52-8ab6-2d18880daa05,MATEMATIK,"a negatif bir gerçel sayı olmak üzere, z karmaşık sayısı $z=2a+\sqrt{9a}$ şeklinde veriliyor. z karmaşık sayısı için, $\text{Im}(z)=6$ olduğuna göre, $\text{Re}(z)$ değeri kaçtır?",-10,-8,-6,-4,-2,B
fc881b30-9e07-541b-857d-7f58af252693,KIMYA,"Kütlece % 80 X olan bir bileşiğin formülü $XY_2$ ise, % 90 X olan bileşiğin formülü aşağıdakilerden hangisidir?",$XY_3$,$X_2Y_3$,$X_3Y_2$,$XY_4$,$X_2Y_4$,A
043fcf7b-9a5d-5613-8b29-fe96f85fb472,MATEMATIK,"$K(m,n)$ noktası dik koordinat sisteminde IV. bölgede bulunmaktadır.
$m = 16 - x^2$
$n = x^2 - 5x - 14$
Buna göre, $x$'in alabileceği değer aralığı aşağıdakilerden hangisidir?","$(-2,7)$","$(-4,4)$","$(-4,7)$","$(-2,4)$","$(-4,-2)$",D
f005f3a0-5913-521d-8d78-68e5819cce2f,KIMYA,"Cis - trans izomerisi ile ilgili, I. Fiziksel özellikleri birbirinden farklıdır. II. Trans izomerler genellikle apolardır. III. Aynı koşullarda cis izomerisinin kaynama noktası trans izomerisinden düşüktür. yargılarından hangileri doğrudur?",Yalnız I,Yalnız II,I ve II,I ve III,"I, II ve III",A
e4504a45-bba1-57da-a433-dbe58fc50e61,MATEMATIK,"$a$ bir tam sayı olmak üzere, $a-10$, $a+10$, $10-a$ sayılarından biri pozitif, diğer ikisi negatiftir. Buna göre, $a$'nın en büyük iki değerinin toplamı kaçtır?",19,20,21,22,23,E
466ed8ab-3d4c-54b9-999f-e1d516bfdef6,MATEMATIK,"$[x]^n = n \cdot x^{n-1}$ olarak tanımlanıyor. Örneğin: $[x]^3 = 3 \cdot x^2$ Buna göre, $[x]^4 \cdot [x]^6$ çarpımının eşiti aşağıdakilerden hangisidir?",$24 \cdot x^8$,$24 \cdot x^{10}$,$24 \cdot x^{24}$,$6 \cdot x^{24}$,$4 \cdot x^{24}$,A
b4835b07-ecf0-5f6a-9c57-1afa9ce844ef,TURKCE,"Yaşayıp gidiyor kırkayak, oldukça mutlu, Ta ki bir kurbağa gelip de eğlencesine sorana dek ona şu soruyu: ""Hangi ayağın, hangisini izliyor, yalvarırım söyle."" Akıl öyle karıştı ki kırkayağın Kalakaldı hendekte, pak bir dalgın Bilemedi nasıl koşacağını, kıpırdayamadı şaşkın. Bu manzum parçadan hareketle aşağıdaki yargılardan hangisine ulaşılabilir?","Beyin, kendi iç yapısından türeyen etkinlikler temelinde işleyen kapalı bir sistemdir.",Beynin tıkır tıkır işleyip giden süreçlerine müdahale etmek ve onları öğrenmek imkânsız değildir.,Beynin otomatik olarak yaptığı işi bilinç eşliğinde yapmaya kalkıştığınızda afallar kalırsınız.,"İçgüdülere karşı kör olma eğilimimizin altında yatan neden, bunların aslında son derece iyi çalışması ve bilgiyi otomatik biçimde işleme sokmasıdır.","İçgüdüler, öğrenilmesi zorunlu olmayan karmaşık ve doğuştan gelen davranışlardır.",C
b9a19562-f18b-5616-bcad-a1ddcf5a0960,MATEMATIK,"$P(x)$ polinomunun ikinci dereceden olup sıfırları bir tam sayı ve başkatsayısı $1$ dir. $P(x+2)=0$ polinomunun sıfırlarının kümesi $A$ dır. $P(x-4)=0$ polinomunun sıfırlarının kümesi $B$ dir. $s(A \cap B) = 1$ ve $P(0) = -5$ olduğuna göre, $P(-3)$ değeri kaçtır?",12,16,20,24,30,C
1fed028a-e80f-5164-9105-67b00a921e15,TURKCE,"Aşağıdaki cümlelerin hangisinde sayıların yazımıyla ilgi-
li yanlışlık yapılmıştır?
A) Ülkemizin nüfusu son bir yılda 1 milyon 151 bin kişi arta-
rak 83 milyona ulaştı.
B) Akşam haberlerini kaçırmayalım, haberler 19.00'da baş-
lıyor.
C) Bankanın veznesinde 12'inci sırada yer alıyorduk.
D) 'Yaş otuz beş yolun yarısı eder.' diyen şairimiz 46 yaşın-
da vefat etmiştir.
E) Arsanın 3/4'ünü kullanıyoruz, geri kalanını bahçe yapa-
cağız.",Ülkemizin nüfusu son bir yılda 1 milyon 151 bin kişi artarak 83 milyona ulaştı.,"Akşam haberlerini kaçırmayalım, haberler 19.00'da başlıyor.",Bankanın veznesinde 12'inci sırada yer alıyorduk.,'Yaş otuz beş yolun yarısı eder.' diyen şairimiz 46 yaşında vefat etmiştir.,"Arsanın 3/4'ünü kullanıyoruz, geri kalanını bahçe yapacağız.",C
7ec6c8c9-4e8a-577b-abab-7eba346ed1ca,MATEMATIK,"$\cos 2x + \sin x = 1$ denkleminin $[0, 2\pi]$ aralığında kaç kökü vardır?",1,2,3,4,5,E
030f6c0b-d9d4-5268-9c7d-5c20a71af427,TURKCE,"Kısa oyunlar, tiyatroda ayrı bir türdür. Tiyatrodaki kısa oyunu tanımlamak, söz gelimi öykü, roman ayrımını tanımlamaktan daha kolaydır. Burada en iyi ölçü, zaman süresidir. Kısa oyunlara tek perdelik oyunlar da denmektedir. Ancak perde ve tablo bölümlemesi, tek dekorlu yerde geçen oyun tanımı her zaman sağlam bir ölçü olmayabilir. Zaten tiyatroda zaman bakımından olayların akışının yoğunluğu, kısa oyunlarda daha da çoktur. Kısa oyun, gereksiz terimlerle oyalanmadan konusunu sınırlayan, kişilerin sayısını azaltan bir tiyatro türüdür. Kısa oyunlara tek perdelik adını verirsek bu onun kısalığı için sağlam bir ölçü olmayacaktır. Çünkü kimi oyunlar, perde bölümlemesi olmadan arasıra normal tiyatro oyununun uzunluğunu bile aşabilir.
Bu parçada kısa oyunlarla ilgili olarak aşağıdakilerden hangisinden söz edilmemiştir?",Tiyatronun bir türü olduğundan,Tek perdelik oyun da dendiğinden,Oluşturuluş aşamalarından,Yoğun anlatımından,Zaman özelliğinden,C
fa1c9131-7a5c-5c68-94c4-30cdb1d6f9fb,GEOMETRI,"Bir robotun, birim karelere ayrılmış şekildeki dik koordinat düzleminin $(1, 1)$ noktasında bulunan komuta merkezine sinyal verebildiği en uzak mesafe belirtilecektir. Bu robot her seferinde önce 6 birim doğuya, sonra 8 birim kuzeye hareket edecek biçimde programlanmıştır. Robot, iki aşamadan oluşan bu hareketi boyunca komuta merkezine sinyal göndermektedir. Komuta merkezinden hareketle başlayan robotun komuta merkezine olan uzaklığı 30 birimden fazla olduğu an robottan sinyal alınamadığı fark edilmiştir. Buna göre robottan sinyal alınan son noktanın koordinatları toplamı kaçtır?",16,30,44,58,72,C
96c82907-fc86-5811-a53c-7fb68eb30048,MATEMATIK,"$x^3 + 2x^2 + 26x - 24$ adet bilyenin tamamı her bir çocuğa eşit sayıda bilye verilmek şartıyla $(x+4)$ çocuğa dağıtıldığında hiç bilye artmıyor. Buna göre, bu çocuklardan herhangi birinin aldığı bilye sayısı aşağıdakilerden hangisi olabilir?",23,20,18,15,13,C
5431fe62-bac7-5696-ad49-a30e711b24c2,MATEMATIK,"Fahriye 1'den 25'e kadar olan sayma sayılarını her karta bir sayı gelecek şekilde kartlara yazıyor. Sonra bu kartlardan üzerinde asal sayı yazanlar ile yazmayanları birbirinden ayırıyor. Üzerinde asal sayı bulunan kartları kardeşine veriyor. Buna göre, son durumda Fahriye'nin kartlarının sayısı kardeşine verdiği kartların sayısından kaç fazladır?",6,7,8,9,10,D
4d191f5a-8f47-50a7-8fa2-f0e72f28ac87,MATEMATIK,"Bingöl'den Erzurum'a doğru yola çıkan bir araç yaz lastikleriyle ile saatte 110 km hızla belli bir süre gittikten sonra araçtan yaz lastikleri çıkarılıp kış lastikleri takılıyor ve bu işlem 1 saat sürüyor. Kış lastikleri ile saatte 90 km hızla yoluna devam eden bu araç yolu tamamladığında 680 km'lik yolu toplamda 8 saatte almış oluyor. Buna göre, bu araç bu yolculukta yaz lastiklerini kaç saat kullanmıştır?",1,2,3,4,5,C
ad730a27-452b-5311-988c-c2be0f44ea51,MATEMATIK,"Saatte 90 km hızla hareket eden 0,6 km uzunluğundaki yük treni, 14,4 km uzunluğundaki bir tüneli $t$ dakikada geçiyor. Buna göre, $t$ kaçtır?",50,40,30,20,10,E
86854c27-4648-55f9-ac45-81eb6bf3f767,TARIH,XX. yüzyılda Osmanlı Devleti'nin parçalanma sürecinin hızlanmasında aşağıdakilerden hangisinin etkili olduğu söylenebilir?,Meşrutiyet döneminde çok partili hayata geçilmesi,Milliyetçilik düşüncesinin yaygınlaşması,Padişahın bazı yetkilerinin kısıtlanması,Halkın devlet yönetimine katılması,Çağdaşlaşmanın devlet politikası haline gelmesi,B
e1345998-2b6e-519c-8a9b-64ff94fa1e79,MATEMATIK,$(a_n) = (n^2-8n+20)$ dizisinin en küçük terimi kaçtır?,8,9,10,11,12,B
f9c3b1e3-37a2-5955-8afd-58d9f4aaf0a6,EDEBIYAT,"Özellikle ev içi şiirler yazdı ve kendisinden daha kabiliyetli bir başka şaire, Behçet Necatigil'e örnek oldu. Yalnızlık duygusu- nu ve hatıraları dile getirdiği şiirlerinde heceyi, duraklarında değişiklik yapmadan kullandı. Bütün insanların mutlu olduğu ve herkesin hoşgörü içinde yaşadığı bir dünya özlemi yönüyle Yu- nus-Mevlana geleneğinin modern çağdaki sesidir. Geçmişine bağlı oluşunu, buram buram İstanbul kokan arzı, tarzı öykü örnekleriyle de gösterir. Öykülerindeki o aşırı İstanbul sevgisiyle geçen sıkıntısının insanları etkileyişini, kendisinden ve yakınla- rından seçtiği kimselerden oluşan kişi kadrosuyla verir.
Aşağıdakilerden hangisi, bu parçada sözü edilen sanatçı- nın eserlerinden değildir?",Şebil ve Güvercinler,Değişen İstanbul,Üç İstanbul,Nefes Almak,Mesut İnsanlar Fotoğrafhanesi,C
3fc98808-271e-59c8-9624-e567d8e17d78,MATEMATIK,$\left( \frac{1}{\sqrt[4]{4}} \right)^{-1} \cdot \sqrt[4]{\frac{16}{9}}$ ifadesinin eşiti aşağıdakilerden hangisidir?,$\frac{16}{3}$,$\frac{8}{3}$,$\frac{4}{3}$,$\frac{2}{3}$,$\frac{1}{3}$,C
457f6e71-0fb7-5d91-9c47-836c7de7afdf,MATEMATIK,"Dubai'ye tatile giden Metin Bey'in tatili ile ilgili olarak aşağıdakiler bilinmektedir.
• Metin Bey tatilinin 7 gününde otelde kalmıştır.
• Otelde kaldığı her gün ya öğleden önce denize girmiş ya da öğleden sonra denize girmiştir.
• Metin Bey tatil günlerinin 10 unda öğleden sonra ve 9 unda öğleden önce denize girmemiştir.
• Metin Bey otelde kalmadığı günlerde safariye gitmiştir ve o günlerde hiç denize girmemiştir.
Buna göre, Metin Bey'in Dubai tatili kaç gündür?",13,14,15,16,17,D
838cd2ea-0450-57f6-802a-789c199794ab,MATEMATIK,"a ve b gerçel sayılar olmak üzere ikinci dereceden $f(x)$ polinom fonksiyonu
$f(x) = ax^2 + bx - 2$
şeklinde tanımlanmıştır.
$f(1) = 2$ olup $f(x) = 0$ eşitliğini sağlayan iki farklı x gerçel sayı değeri olmadığına göre, a'nın alabileceği kaç farklı tam sayı vardır?",5,6,7,8,9,C
dc47b828-8753-5889-886f-6397ae1a2689,MATEMATIK,"$3 \sin x - \sqrt{3} \cos x = 0$ denklemini $(0^\circ, 360^\circ)$ aralığında sağlayan açıların toplamı kaç derecedir?",240,210,270,300,180,C
1e67d0b2-fc17-5436-8544-a4585f5e7eaf,FIZIK,"$M$ kütleli gezegen, $m$ kütleli uyduya $G\frac{M.m}{R^2}$ kadar çekim kuvveti uyguluyor. Buna göre, uydunun kinetik enerjisi kaç $G\frac{M.m}{R}$ dir? (Uydunun düzgün çembersel hareket yaptığı düşünülecek)",4,2,1,$\frac{1}{2}$,$\frac{1}{4}$,D
e1ec03aa-6151-53a8-b7ed-4f8b3a2e4b0d,MATEMATIK,$f(x) = x^3 + 2x^2 + x + 4$ fonksiyonu üzerindeki $x = -1$ noktasından çizilen teğet doğrusunun denklemi aşağıdakilerden hangisidir?,$y = 3x + 3$,$y = 3x - 6$,$y = 3x + 5$,$y = 3x + 4$,$y = 3x - 5$,C
a03932be-43e9-5cdd-b4c5-3e554e40a926,FIZIK,Radyo-TV yayınlarının şehirlere uydular üzerinden aktarılmadığı dönemlerde istasyondan gelen dalgalar şehirlerdeki yüksek tepelere kurulan vericiler sayesinde alıcılara ulaştırılıyordu. Radyo-TV istasyonundan Türkiye'nin tamamına verici antenler olmadan yayın yapmak pek olası değildi. Buna göre verici antenler elektromanyetik dalgaların; I. Genliğini artırmak için kullanılır. II. Enerji akısını artırmak için kullanılır. III. Frekansını artırmak için kullanılır. yargılarından hangileri doğrudur?,Yalnız I,Yalnız II,Yalnız III,I ve II,"I, II ve III",D
746deb02-70d6-5e93-a346-d10f6e6837ba,FIZIK,"Compton Olayında sadece gelen fotonun dalga boyu küçülüp atış açısı ile saçılırsa,
I. Gelen ve saçılan fotonun dalgaboyu farkı büyür.
II. Saçılan elektronun kinetik enerjisi artar.
III. Saçılan fotonun hızı artar.
yargılarından hangileri doğrudur?",Yalnız I,Yalnız II,I ve II,II ve III,"I, II ve III",C
00788967-086d-57ae-9aaa-0bba308d4553,MATEMATIK,"I. $\cos(-30^\circ) = \cos 60^\circ \cdot \cos 45^\circ$
II. $\sin(-45^\circ) = \sin 0^\circ \cdot \sin 30^\circ$
III. $\tan(-60^\circ) = \tan 0^\circ \cdot \tan 30^\circ$
denklemlerinin hangilerinde $\alpha$ değerinin bulunacağı kümenin eleman sayısı sıfırdan farklıdır?",I ve II,II ve III,I ve III,"I, II ve III",Yalnız III,E
b792f17a-f60a-5808-b62b-22d5775e1ac5,MATEMATIK,"Can, iş yerinde satmak için tanesini 10 TL'den aldığı çay bardaklarının yarısını taşıma sırasında kırıyor. Can geriye kalan çay bardaklarının tanesini 30 TL'den satıyor. Buna göre maliyet üzerinden kâr-zarar durumu aşağıdakilerden hangisidir?",%40 kâr,%30 zarar,%20 kâr,%50 kâr,%40 zarar,D
6c23a94e-51c5-5d39-a338-c6adb117956a,MATEMATIK,"$[-\frac{\pi}{2}, \frac{\pi}{2}]$ aralığında tanımlı bir $f$ fonksiyonu için $f(\arcsin x) = 2-x^2$ eşitliği veriliyor. Buna göre, $f(x)$ fonksiyonu aşağıdakilerden hangisine eşittir?",$\cos x - 1$,$\sin x + 1$,$\sin^2 x$,$\cos^2 x$,$1 + \cos^2 x$,E
f1eda355-59ef-5cb8-b408-811861bb4ca6,MATEMATIK,"$x$ ve $y$ gerçek sayılar olmak üzere, $x^2+8xy=60$ ve $y^2-3xy=-15$ olduğuna göre, $x \cdot y$ çarpımı kaçtır?",3,4,5,6,7,C
ac5acbe4-7a33-5204-bc1e-1f1b25fd103d,FIZIK,"Büyük patlama teorisine göre evren sınırlı bir noktada toplanmış sonsuz yoğunluklu bir enerji topu iken patlar. Patlamadan sonra çeşitli evrelerde madde oluşur ve evren bugünkü hâlini alır.
Buna göre, büyük patlama ve evrenin oluşumu sırasında;
I. temel parçacıkların oluşması,
II. çekirdeklerin oluşması,
III. atomların oluşması
olaylarının kronolojik sıralaması aşağıdakilerden hangisinde doğru verilmiştir?",I - II - III,II - III - I,II - I - III,III - I - II,I - III - II,A
61338a6a-5f00-5072-a41d-d4c3196bd6c3,MATEMATIK,"$\pi < x < \frac{3\pi}{2}$ olmak üzere $\frac{\sec x - 1}{\sqrt{2}} = \frac{2\sqrt{2}}{\sec x - 1}$ eşitliği veriliyor. Buna göre, $\left|\frac{1}{\cos x} - \sec x\right|$ ifadesinin değeri kaçtır?",$\frac{1}{3}$,$-\frac{1}{\sqrt{5}}$,$\frac{1}{\sqrt{5}}$,$\frac{\sqrt{2}}{3}$,$\frac{\sqrt{5}}{2}$,E
bb966020-20d8-50d2-988a-8b61b6409071,GEOMETRI,"ABC ve ADE eşkenar üçgen, $[BD] = [DC]$, $[KC] = 4$ birim. Buna göre, $[AE] = x$ kaç birimdir?",$6\sqrt{3}$,12,15,$8\sqrt{3}$,$12\sqrt{3}$,D
9a80a514-ca16-5089-aaf9-a6fdc198a314,TURKCE,"Cemile yayımlandıktan sonra bir sürü mektup aldım. Cemile üzerine toplantılar yapıldı. Bunlardan birinde, ""Cemile ile Danyar gittikten sonra ne oldu?"" diye soruyorlardı. Ne olduğunu bilmiyordum. Şimdi çocukları, torunları vardır; çok şey olmuştur. Bunu okuyucu kendi hayal gücünde canlandıracak, kendisi onlara bir yer bulacaktır.
Kısacası:
I. okuma yaratıcı bir süreçtir; okur, eseri zihninde tamamlar, yeniden kurgular hatta baştan var eder
II. yapıt, okurlara rağmen yazarın kendi penceresinden gördüğü bir dünyanın yansımasıdır
III. Her okur, yapıtı kendi birikimine, kendi ruh hâline göre değerlendirecek ve böylece birden fazla son ortaya çıkacaktır
Bu parçanın sonuna düşüncenin akışına göre yukarıdakilerden hangileri getirilemez?",Yalnız I,Yalnız II,Yalnız III,I ve II,II ve III,B
c8a04aa4-ae79-502b-9f4f-7e9e4a6d8bf0,MATEMATIK,"$EKOK(125^4, 80^3)$ işleminin sonucu kaçtır?",$10^{10}$,$10^{12}$,$10^{15}$,$10^{17}$,$10^{18}$,D
905170fa-0b35-50b3-9091-1cca8c446eab,MATEMATIK,"A, B ve C şirketlerinin kuruluş yılları ile ilgili olarak aşağıdakiler bilinmektedir.
• A şirketi 2008 yılında kuruluşunun 16. yılını, B şirketi 2011 yılında kuruluşunun 15. yılını kutlamıştır.
• B şirketinin kuruluşunun 8. yılını kutladığı yıl, C şirketi kuruluşunun 14. yılını kutlamıştır.
Buna göre, A, B ve C şirketlerinin kuruluş yılları aşağıdakilerden hangisinde doğru olarak verilmiştir?","A şirketi: 1992, B şirketi: 1996, C şirketi: 1994","A şirketi: 1992, B şirketi: 1996, C şirketi: 2002","A şirketi: 1992, B şirketi: 1994, C şirketi: 1990","A şirketi: 1992, B şirketi: 1996, C şirketi: 1990","A şirketi: 1994, B şirketi: 1992, C şirketi: 1996",A
89208a07-780d-5b7a-9ee0-4af71ac7bc50,GEOMETRI,"ABC ve BDC dik üçgen, $[AB] \perp [AC]$, $[BD] \perp [DC]$, $|AB|=|AC|=5\sqrt{2}$ cm, $|CD|=2\sqrt{5}$ cm. Yukarıdaki verilere göre, A ile D noktaları arasındaki uzaklık kaç birimdir?",8,$6\sqrt{2}$,$2\sqrt{21}$,$3\sqrt{10}$,10,E
d569532c-2ec0-54c8-b381-124539b3e4b4,GEOMETRI,"Ebru'nun elinde 10, 12, 15, 16, 18 ve 24 cm uzunluğunda renkli doğrusal çubuklar vardır. Ebru, bu çubukları kullanarak iki tane üçgen oluşturuyor. Buna göre, I. $m(\widehat{B}) = m(\widehat{D})$ II. $\widehat{ABC} \cong \widehat{DEF}$ III. $3A(ABC) = 2A(DEF)$ IV. $m(\widehat{A}) = m(\widehat{F}) = m(\widehat{C}) + m(\widehat{E})$ yukarıdakilerden hangileri doğrudur?",II ve III,"I, III ve IV",I ve IV,I ve III,II ve IV,D
94d3b187-0243-57f1-a4cb-28fcb5f68bef,EDEBIYAT,"Klasisizm,
I. 17. yüzyılın II. döneminde Fransa'da ortaya çıkmıştır.
II. Konusu eski Yunan ve Roma mitolojisinden alınmıştır.
III. ""Sanat, sanat içindir."" anlayışı benimsenmiştir.
IV. Sanatçılar eserlerinde kişiliklerini gizlememişlerdir.
V. Kullanılan dil, seçkinlerin dilidir, anlatım süssüz ve yalındır.
numaralanmış özelliklerden hangisinde yanlışlık yapılmıştır?",I,II,III,IV,V,D
2b52f17c-4e5a-5f61-80ec-f777178592d0,MATEMATIK,"Aşağıdaki tabloda, bir mağazaya bir ay boyunca gelen müşteri sayıları, bu müşterilerinin aldıkları ürün çeşitleri ve yüzdeleri ile ilgili bazı veriler bulunmaktadır.
Çocuk giyim bölümünden yapılan alışverişler, tüm alışverişlerin yüzde kaçıdır?",12,15,18,20,25,D
f22b805a-0f1d-5f4f-a487-546cd089065b,MATEMATIK,İşleminin sonucu kaçtır? $\frac{\frac{2}{5} - \frac{9}{7}}{\frac{2}{5} + \frac{8}{7}} \div \frac{\frac{3}{9} - \frac{1}{7}}{\frac{4}{9} + \frac{5}{7}}$,2,$\frac{3}{2}$,1,$\frac{1}{2}$,$\frac{1}{4}$,D
b5e252e4-0494-56de-9fa4-36edef49416d,TURKCE,"Konfüçyüs için kim olduğu hakkında çok çeşitli öyküler yazılmış olsa da Lu eyaletinde varlıklı olmayan bir aileden geldiğini, yüksek mevkilerde görev yapmadığını, bir süre seyahat ettiğini ve münzi olacak kişilerin dikkatini çektiğini rahatlıkla söyleyebiliyoruz. Altı kitaptan oluşan eserini elden geçirdi: Şiir Kitabı, Ritüeller Kitabı, Müzik Kitabı, Tarih Kitabı, Değişiklikler Kitabı ve İlkbahar ve Sonbahar Yıllıkları. Söylemlerinin kutsal bir kaynağa sahip oldukları savında hiç bulunmadı. Onun eseri bir manifesto, bir kehanet ya da bir risale değil idi. En yakın benzetme, belki bir müfredat olabilir. ""Konfüçyüs Klasikleri"" olarak adlandırılan yapıya ilişkin bilgiler, sınav çizgesinin merkezini oluşturuyordu ve bu çizgede alınan sonuçlar da 2000 yılı boyunca insanların bürokrasi içindeki yerini belirledi.
Bu parçaya göre Konfüçyüs ile ilgili olarak
I. Birçok konuyu kapsayan yapıtlar vermiştir.
II. Yapıtları yüzlerce yıl sınavlarda belirleyici olmuştur.
III. Uzmanlar yapıtlarındaki söylemleri dinî metinlere benzetmektedir.
yargılarından hangisine ulaşılabilir?",Yalnız I,Yalnız II,Yalnız III,I ve II,II ve III,D
5632f21f-28fe-5078-997e-173aeaa1f039,MATEMATIK,"İşleminin sonucu kaçtır? $\frac{3}{0,04} - 6 \cdot (0,125)^{-2}$",64,68,72,80,86,D
d5edb3ae-5e9a-50f8-91ce-5e05ace605df,KIMYA,“2024 Nobel Kimya Ödülü 3 boyutlu protein sentezi çalışmaları yapan bilim insanlarına verildi.” Buna göre ödül alan bilim insanları hangi kimya alt disiplininden daha çok faydalanmış olabilir?,Organik kimya,Polimer kimya,Biyokimya,Anorganik kimya,Analitik kimya,C
ab783c33-41e6-51c9-b980-52dfbbfc526a,MATEMATIK,"$P(x) = x^2-mx+1$ olmak üzere, $P(x-1)$ polinomunun $x+1$ ile bölümünden kalan, $P(x+1)$ polinomunun $x-1$ ile bölümünden kalana eşittir. Buna göre, m kaçtır?",-8,-1,2,4,6,D
ffd67519-ac75-5d89-992d-2c432db21369,GEOMETRI,"Dik koordinat düzleminde, O noktası başlangıç noktası ve $a > 0, b > 0$ olmak üzere bir $A(a, b)$ noktası veriliyor. $OA$ doğrusu $x$-ekseni ile pozitif yönde $20^\circ$lik açı yapmaktadır. A noktası orijin etrafında saatin tersi yönünde bir miktar döndürülerek $B(b, a)$ noktası elde ediliyor.
Buna göre, $m(\widehat{OAB})$ kaç derecedir?",40,50,55,60,70,C
2b0e6948-1617-5221-a669-664dee041e57,KIMYA,"Periyodik cetvel ile ilgili, I. 7 tane periyot vardır. II. 8 tane A, 10 tane B grubu bulunur. III. 2. periyottaki element sayısı 1. periyottakinden 6 fazladır. yargılarından hangileri doğrudur?",Yalnız I,Yalnız II,I ve II,I ve III,"I, II ve III",E
5991c34f-5dea-5675-ba4f-30b097e7184f,KIMYA,"Düz zincir yapısında olduğu bilinen ve tüm C atomları $sp^3$ hibritleşmesi yapmış bir hidrokarbonun 11,6 gramı tamamen yandığında, 9,8 mol $CO_2$ gazı açığa çıkmaktadır.
Buna göre
I. Bileşiğin molekül formülü $C_4H_8$'dir.
II. Bir tane izomeri vardır.
III. Oda koşullarında gaz hâlde bulunur.
ifadelerinden hangileri doğrudur?
($H=1$ g/mol, $C=12$ g/mol)",Yalnız I,Yalnız II,I ve II,I ve III,II ve III,D
676deb01-0d6e-545d-8580-33bb9362a7c7,TURKCE,"Eğitimde birey, fertler değişmedikçe yarınları şekillendirecek toplumlar yetişmeyecektir. Yarınları güzelleştirecek eğitimdir, eğitim de zamanın gerçekliğini uzaktan okumamalıdır. Bilim ve değer, teknoloji ile buluşturularak öğrenme araçları yapılandırılmalı-dır. Dijital platformlarda geçirilen zaman artışı, dijital öğrenmeye yatkınlık, öğretim yöntem ve tekniklerin bu platformlara uyarlanmasının gerekliliğini ortaya koymaktadır. Sorun hem herhangi bir konuda insanların öğrenme yetersizlikleri hem de bilimsel gerçekliklerle zamanın öğrenme araçlarının buluşturulması noktasındaki eksikliklerdir. Bu eksiklerin giderilmesi eğitimi daha etkin kılacaktır.
Bu parçaya göre eğitimin etkin kılınması için aşağıdakilerden hangisinin yapılması gerekmektedir?",Fikirleriyle insanlara yol gösteren değerlerin sayısını artırmak,Bilimsel öğrenme materyalleriyle kişinin öğrenme eksikliklerini gidermek,Bireylerin kendilerini değiştirmelerini sağlamak,Dijitalleşmeyle soyutlanmış bireyi topluma entegre etmek,Öğrenme araçlarının sayısını çoğaltmak,B
7833973f-e9ab-5e1f-a237-409093667a40,MATEMATIK,"$P(x) = x^2-1$, $Q(x) = x-3$, $R(x) = x-2$, $T(x) = x-1$ polinomları veriliyor. Buna göre, $P(Q(R(T(x+1))))$ polinomunun katsayılar toplamı kaçtır?",3,6,9,12,15,E
62067cfa-7dbf-5692-97dd-2a966fbd8ca2,MATEMATIK,"Yukarıda ardışık sayılar ile oluşturulmuş bir örüntü verilmiştir.
$A = 1 	imes 2 - 2 	imes 3 + 3 	imes 4 - ... - 15 	imes 16$
olduğuna göre, yukarıda verilen örüntüdeki tüm sayıların toplamının A türünden eşiti aşağıdakilerden hangisidir?",$4A$,$2A$,$A+200$,$\frac{A}{2}$,$\frac{A}{4}$,B
1beae006-2063-5337-97d2-cd8034808584,MATEMATIK,"Samet doğduğunda babası 36 yaşında, ablası 4 yaşındaydı. Babasının bugünkü yaşı Samet'in bugünkü yaşının 3 katıdır. Buna göre, Samet'in ablasının bugünkü yaşı kaçtır?",14,18,22,26,30,C
0e98baf7-e248-5fce-a82e-32f79efce016,MATEMATIK,"$f$ birim fonksiyondur. $f(2x-1) - f(3x) = f(4x)$ olduğuna göre, $x$ kaçtır?",1,2,3,4,5,A
e48b9a75-613b-55bd-9b54-9ba6acb79af2,GEOMETRI,"ABCD dikdörtgen, $m(\widehat{ABD}) = 15^\circ$, $|AH| \perp |DB|$, $|AH| = 6$ br. Yukarıda verilenlere göre, D merkezli $\widehat{BE}$ yayının uzunluğu kaç $\pi$ br'dir?",1,2,3,2\sqrt{2},3\sqrt{2},B
7194a5ed-a9b1-5058-91e1-78f0db1270f5,MATEMATIK,110003 sayısının rakamları yer değiştirilerek 6 basamaklı kaç farklı sayı yazılabilir?,15,30,45,60,75,C
718d395e-c8f0-5735-a996-5e554322ee6f,TURKCE,"Münih Üniversitesinden araştırmacılar Madagaskar içerisinde yaşayan ve endemik olan beş yeni kurbağa türü keşfetti. Ada genelinde yaşayan bu yeni keşfedilmiş hayvanların en büyüğü başparmağımızın üzerinde duracak kadar ve en küçüğü de bir pirinç tanesinden biraz daha iri. Madagaskar, tek başına 350'den fazla kurbağa türüne ev sahipliği yapıyor. Tarihi koyulmuş ve farklı olduğu tespit edilmiş yeni tür sayısı ise her geçen yıl artmaya devam ediyor. Araştırmalara göre de yakın zamanda keşfedilen türlerin oldukça küçük vücut boyutlarına sahip olduğu görülüyor.
Bu parçada söz edilen keşifle ilgili aşağıdaki bilgilerden hangisi yanlıştır?",Keşifler Madagaskar'da yapılmıştır.,Üç yüz elliden fazla kurbağa keşfedilmiştir.,Yeni türler bulunmaya devam etmektedir.,Bulunan kurbağalar oldukça küçük boyutludur.,Araştırmacılar Münih Üniversitesindendir.,B
7cf5bec9-441c-5610-a7e3-6debf94da290,MATEMATIK,"Birbirimkarelere ayrılmış dik koordinat düzleminde gerçek sayılarda türevlenebilir bir $f$ fonksiyonuna $(0, f(0))$, $(1, f(1))$ ve $(2, f(2))$ noktalarında teğet olan üç doğru çizildikten sonra $f$ fonksiyonunun grafiği silinmiştir. $f'(0) < f'(1) < f'(2)$ olduğuna göre, $f(0)$, $f(1)$ ve $f(2)$ arasındaki doğru sıralama aşağıdakilerden hangisidir?",$f(0) < f(1) < f(2)$,$f(0) < f(2) < f(1)$,$f(1) < f(0) < f(2)$,$f(1) < f(2) = f(0)$,$f(2) = f(1) < f(0)$,A
ef4aebaf-e467-55a7-b090-c068a16de82f,KIMYA,Aşağıdakilerden hangisi sera etkisine neden olan gazlardan biri değildir?,$H_2O$,$CO_2$,$O_2$,$N_2O$,CFC,C
a3011302-3b41-5f64-aaa9-2739ad938a97,KIMYA,Sistematik adı verilen aşağıdaki bileşiklerden hangisinin molekülündeki atom sayısı en fazladır?,Diazot pentaoksit,Kükürt trioksit,Diklor hekzaoksit,Trihidrojen mononitrür,Difosfor pentaoksit,C
eb8a62d8-e907-5a1c-a20f-6a54adc99ad7,MATEMATIK,"Tüm katsayıları tam sayılardan oluşan ikinci dereceden bir $P(x)$ polinomunun başkatsayısı sabit terimine, derecesi ise katsayılar toplamına eşittir. Buna göre, $P(x)$ polinomu I. $3x^2 - 4x + 3$ II. $4x^2 - 3x + 4$ III. $-2x^2 + 6x - 2$ ifadelerinden hangilerine eşit olabilir?",Yalnız I,Yalnız II,Yalnız III,I ve II,I ve III,E
75e981ce-79dc-502c-817b-b11895f3f510,FIZIK,"El fenerlerinde bulunan lambanın ışık vermesi el fenerindeki kuru pil sayesinde olurken, fotoğraf makinelerinin flaşlarının anlık parlaklık oluşturması sığaçlar sayesindedir.
Buna göre kuru pilin,
I. Kimyasal enerjiyi elektrik enerjisine dönüştürmesi
II. Sabit büyüklükte elektrik akımı oluşturması
III. Lambalarda potansiyel fark yaratması
özelliklerinden hangileri sığaçlarınkinden farklıdır?",Yalnız I,Yalnız II,Yalnız III,I ve II,II ve III,D
73dc9586-cd8b-5aaf-8e7d-165bc535712a,KIMYA,"oranlarından hangileri Avogadro sayısına eşittir?
I. 1 gramın 1 akb'ye
II. 1 molekül $O_2$ deki atom sayısının 1 atom-gram oksijendeki atom sayısına
III. 1 mol $Cl_2$ deki atom sayısının 1 molekül $Cl_2$ deki atom sayısına",Yalnız I,Yalnız II,I ve II,I ve III,"I, II ve III",C
d611fae3-13e7-5093-9d24-ce86482f6bb8,TARIH,"1711 yılında imzalanan Prut Antlaşması'na göre Ruslar işgal ettikleri topraklardan geri çekilecek, İstanbul Antlaşması sonrası yaptığı kale ve islahkâhları yıkacaktı. Rusya, Osmanlı Devleti'nin iç işlerine karışmayacak ve Rus tüccarlar Osmanlı ülkesinde serbestçe ticaret yapabilecekti.
Bu durum;
I. Rusya'nın sıcak denizlere inmesine,
II. Osmanlı'nın Karlofça ile kaybettiği toprakları geri alabileceği inancının güçlenmesine,
III. Ortodoks Hristiyanlığının koruyuculuğunun Osmanlı'dan çıkmasına
gelişmelerinden hangilerine neden olduğu söylenebilir?",Yalnız I,Yalnız II,I ve II,II ve III,"I, II ve III",B
0689d04c-b7cb-5eed-bf6a-1c47243903ce,KIMYA,$A_{2(g)} + C_{(g)} \to A_2C_{(g)}$ (Yavaş) $BC_{(g)} + D_{(g)} \to BD_{(g)} + C_{(g)}$ (Hızlı) Yukarıda basamakları verilen tepkime için aşağıdakilerden hangisi yanlıştır?,Tepkime hız denklemi $r = k[A_2][C]$'dir.,Ara ürün $BC$'dir.,Katalizör $C$'dir.,Net tepkime: $A_{2(g)} + D_{(g)} \to BD_{(g)} + A_{2}C_{(g)}$'dir.,Sabit sıcaklıkta kap hacmi yarıya indirilirse tepkimenin başlangıç hızı 2 katına çıkar.,E
b7cb3deb-cb58-5d5e-ae00-81e8a61e55da,MATEMATIK,$(\frac{2x^3y^2}{y^3 \cdot 2z^{-1}})^3 \cdot (\frac{z}{x})^3$ işleminin sonucu kaçtır?,1,2,3,8,27,D
98b02424-5d19-51cb-88d7-ccf6404d80bb,MATEMATIK,$|x+4|+|2x+8| \le 12$ eşitsizliğinin çözüm kümesi aşağıdakilerden hangisidir?,"$[-4, 2]$","$[0, 4]$","$[-8, 0]$","$[-4, 0]$","$[-4, 4]$",C
