id	book	page	q_no	substr_pct	band	action	image_url	ocr_text_len
a6bedf0d-c3c2-5beb-b6f0-091f004e22ad	CAP-2023-2024-AYT-Matematik Soru Bankası	289	6	0.778	high	apply	/static/crops/CAP-2023-2024-AYT-Matematik_Soru_Bankası/CAP-2023-2024-AYT-Matematik_Soru_Bankası_p0289_q04.png	168
38a5b945-79c4-51ba-a184-ead70de81faa	Orijinal-2024-Ayt-Trigonometri	25	10	0.882	high	apply	/static/crops/Orijinal-2024-Ayt-Trigonometri/Orijinal-2024-Ayt-Trigonometri_p0025_q02.png	147
a97f2615-30fa-5713-abea-7eda90385904	2020-2021-Acil-Tyt Ayt Geometrinin ilacı Soru Bankası	96	9	0.917	high	apply	/static/crops/2020-2021-Acil-Tyt_Ayt_Geometrinin_ilacı_Soru_Bankası/2020-2021-Acil-Tyt_Ayt_Geometrinin_ilacı_Soru_Bankası_p0096_q06.png	102
7f84289e-c7e0-547e-b6e5-037e9ee6574d	CAP-2022-2023-TYT AYT-Geometri Soru Bankası	75	10	0.722	high	apply	/static/crops/CAP-2022-2023-TYT_AYT-Geometri_Soru_Bankası/CAP-2022-2023-TYT_AYT-Geometri_Soru_Bankası_p0075_q05.png	178
a0f19a90-513f-5ed4-89c2-ef9d49be8d89	Orijinal-Tyt Ayt Geometri Soru Bankası	210	12	0.900	high	apply	/static/crops/Orijinal-Tyt_Ayt_Geometri_Soru_Bankası/Orijinal-Tyt_Ayt_Geometri_Soru_Bankası_p0210_q06.png	101
d088a335-82f4-59d5-94df-aeb3895b2ec3	345 2025 Tyt Ayt Geometri Soru Bankası 1	107	6	1.000	high	apply	/static/crops/345_2025_Tyt_Ayt_Geometri_Soru_Bankası_1/345_2025_Tyt_Ayt_Geometri_Soru_Bankası_1_p0107_q04.png	116
5bffce3f-98a5-5659-bb87-7efc95ae712d	Orijinal-2024-Geometri Soru Bankası	269	10	0.571	mid	skip		147
c7b36f67-481a-5e1e-be70-14fec655cf7c	Mikro Orijinal-Tyt Ayt-Geometri Soru Bankası 2	214	7	0.600	mid	skip		111
41c50ff9-33ae-5a82-9105-f43a0dd818e7	345 Tyt Ayt Geometri Soru Bankası	325	9	1.000	high	apply	/static/crops/345_Tyt_Ayt_Geometri_Soru_Bankası/345_Tyt_Ayt_Geometri_Soru_Bankası_p0325_q02.png	96
417b1cbb-84da-5de6-9865-7327de604eac	2023-2024 ACİL- AYT Matematik Soru Bankası	148	5	0.750	high	apply	/static/crops/2023-2024_ACİL-_AYT_Matematik_Soru_Bankası/2023-2024_ACİL-_AYT_Matematik_Soru_Bankası_p0148_q02.png	96
f58ce890-47d8-5c21-8bac-f6eba748f4da	Mikro Orijinal-2025-Ayt-Geometri Soru Bankası	218	8	1.000	high	apply	/static/crops/Mikro_Orijinal-2025-Ayt-Geometri_Soru_Bankası/Mikro_Orijinal-2025-Ayt-Geometri_Soru_Bankası_p0218_q01.png	140
97f23839-01cd-5515-8b2d-b818d24b36db	Mikro Orijinal-2025-Ayt-Geometri Soru Bankası	223	8	0.333	low	skip		108
4b9cfd4a-f67f-5560-84a1-6306d7c1fa75	Mikro Orijinal-2025-Ayt-Geometri Soru Bankası	295	7	0.750	high	apply	/static/crops/Mikro_Orijinal-2025-Ayt-Geometri_Soru_Bankası/Mikro_Orijinal-2025-Ayt-Geometri_Soru_Bankası_p0295_q01.png	102
d919e5f8-7aaf-58c8-8ebd-f545f05c5619	Mikro Orijinal-2025-Ayt-Geometri Soru Bankası	320	1	0.083	low	skip		145
627ea72a-d477-5fcb-8ca8-548ed59fc0cd	Mikro Orijinal-2025-Ayt-Geometri Soru Bankası	295	10	0.800	high	apply	/static/crops/Mikro_Orijinal-2025-Ayt-Geometri_Soru_Bankası/Mikro_Orijinal-2025-Ayt-Geometri_Soru_Bankası_p0295_q02.png	66
7b1c23d9-9ce0-5592-913f-347a318e1550	Mikro Orijinal-2025-Ayt-Geometri Soru Bankası	367	2	0.967	high	apply	/static/crops/Mikro_Orijinal-2025-Ayt-Geometri_Soru_Bankası/Mikro_Orijinal-2025-Ayt-Geometri_Soru_Bankası_p0367_q02.png	275
7b1cbe40-aed1-52b2-8453-8531f6033278	Mikro Orijinal-Tyt Ayt-Geometri Soru Bankası 2	36	1	0	error	error		0
0095b28e-bd0c-536c-ab88-b17087c3e2fa	2019-2020-ACİL-AYT-Matematik Soru Bankası	292	11	0.947	high	apply	/static/crops/2019-2020-ACİL-AYT-Matematik_Soru_Bankası/2019-2020-ACİL-AYT-Matematik_Soru_Bankası_p0292_q03.png	239
83c0108c-a217-5372-adbb-3fe934f0df2f	Mikro Orijinal-Tyt Ayt-Geometri Soru Bankası 2	122	6	0.727	high	apply	/static/crops/Mikro_Orijinal-Tyt_Ayt-Geometri_Soru_Bankası_2/Mikro_Orijinal-Tyt_Ayt-Geometri_Soru_Bankası_2_p0122_q01.png	127
a9b8e9b6-368e-5492-81a4-aa8c0f470ff5	Mikro Orijinal-Tyt Ayt-Geometri Soru Bankası 2	122	7	1.000	high	apply	/static/crops/Mikro_Orijinal-Tyt_Ayt-Geometri_Soru_Bankası_2/Mikro_Orijinal-Tyt_Ayt-Geometri_Soru_Bankası_2_p0122_q03.png	102
d2ea2009-25dd-525e-94cf-5949374ef918	Mikro Orijinal-Tyt Ayt-Geometri Soru Bankası 2	139	7	0.875	high	apply	/static/crops/Mikro_Orijinal-Tyt_Ayt-Geometri_Soru_Bankası_2/Mikro_Orijinal-Tyt_Ayt-Geometri_Soru_Bankası_2_p0139_q01.png	99
5a35d066-5c9c-5324-a631-d114be673b21	Mikro Orijinal-Tyt Ayt-Geometri Soru Bankası 2	143	7	1.000	high	apply	/static/crops/Mikro_Orijinal-Tyt_Ayt-Geometri_Soru_Bankası_2/Mikro_Orijinal-Tyt_Ayt-Geometri_Soru_Bankası_2_p0143_q01.png	261
5ad11697-cca5-5768-b104-cd3e61585180	2019-2020-ACİL-AYT-Matematik Soru Bankası	322	18	0.929	high	apply	/static/crops/2019-2020-ACİL-AYT-Matematik_Soru_Bankası/2019-2020-ACİL-AYT-Matematik_Soru_Bankası_p0322_q04.png	140
8011fe4a-2149-5eb5-80b3-edcf09e698fc	Mikro Orijinal-Tyt Ayt-Geometri Soru Bankası 2	160	7	0.667	mid	skip		98
d04dee2b-f6dc-53a0-a802-02baa50f6f0a	2020-2021-Acil-Tyt Ayt Geometrinin ilacı Soru Bankası	20	9	0.778	high	apply	/static/crops/2020-2021-Acil-Tyt_Ayt_Geometrinin_ilacı_Soru_Bankası/2020-2021-Acil-Tyt_Ayt_Geometrinin_ilacı_Soru_Bankası_p0020_q06.png	96
52d9bc59-20a4-5f5e-a45b-6d253961095b	2019-2020-ACİL-AYT-Matematik Soru Bankası	396	9	0.923	high	apply	/static/crops/2019-2020-ACİL-AYT-Matematik_Soru_Bankası/2019-2020-ACİL-AYT-Matematik_Soru_Bankası_p0396_q01.png	124
ff9ca202-45c4-5f1f-bc06-e9a3629d2ef2	Mikro Orijinal-Tyt Ayt-Geometri Soru Bankası 2	216	6	0.667	mid	skip		131
3d7b57d5-b7a1-581b-9ca9-2e389b3a82f5	2020-2021-Acil-Tyt Ayt Geometrinin ilacı Soru Bankası	16	10	0.833	high	apply	/static/crops/2020-2021-Acil-Tyt_Ayt_Geometrinin_ilacı_Soru_Bankası/2020-2021-Acil-Tyt_Ayt_Geometrinin_ilacı_Soru_Bankası_p0016_q02.png	119
7760986d-79a9-514a-aad2-61ee584b424d	2019-2020-ACİL-AYT-Matematik Soru Bankası	428	12	0.667	mid	skip		305
fd36dfb0-6127-5429-ab8f-dbcfa616b8df	2020-2021-Acil-Tyt Ayt Geometrinin ilacı Soru Bankası	174	10	1.000	high	apply	/static/crops/2020-2021-Acil-Tyt_Ayt_Geometrinin_ilacı_Soru_Bankası/2020-2021-Acil-Tyt_Ayt_Geometrinin_ilacı_Soru_Bankası_p0174_q01.png	92
ffcf9976-30c1-5b21-98f8-18a8106269aa	2020-2021-Acil-Tyt Ayt Geometrinin ilacı Soru Bankası	56	11	1.000	high	apply	/static/crops/2020-2021-Acil-Tyt_Ayt_Geometrinin_ilacı_Soru_Bankası/2020-2021-Acil-Tyt_Ayt_Geometrinin_ilacı_Soru_Bankası_p0056_q04.png	96
d51a223a-1e21-52c4-bee2-e0305623a19b	Mikro Orijinal-Tyt Ayt-Geometri Soru Bankası 2	298	7	0.750	high	apply	/static/crops/Mikro_Orijinal-Tyt_Ayt-Geometri_Soru_Bankası_2/Mikro_Orijinal-Tyt_Ayt-Geometri_Soru_Bankası_2_p0298_q01.png	102
6aa1de71-4c55-57ef-9108-70509bbcdc84	2020-2021-Acil-Tyt Ayt Geometrinin ilacı Soru Bankası	114	11	0.812	high	apply	/static/crops/2020-2021-Acil-Tyt_Ayt_Geometrinin_ilacı_Soru_Bankası/2020-2021-Acil-Tyt_Ayt_Geometrinin_ilacı_Soru_Bankası_p0114_q04.png	145
0275caf6-2718-5ab0-be3d-8cebc5687faa	Mikro Orijinal-Tyt Ayt-Geometri Soru Bankası 2	329	1	0.200	low	skip		103
d835d9e9-4999-59ae-8e2c-a6e70dc375e6	Mikro Orijinal-Tyt Ayt-Geometri Soru Bankası 2	367	1	0.360	low	skip		286
bdbd1686-1386-5f87-969e-9908040e159a	Mikro-2024-Tyt Ayt-Geometri Soru Bankası	24	9	0	error	error		0
c9fc1311-f77b-52a7-b3da-4de8904ea447	Mikro Orijinal-2025-Ayt-Geometri Soru Bankası	108	7	1.000	high	apply	/static/crops/Mikro_Orijinal-2025-Ayt-Geometri_Soru_Bankası/Mikro_Orijinal-2025-Ayt-Geometri_Soru_Bankası_p0108_q03.png	102
d03f1b1a-22fa-5536-8f9e-b3fddc5ff273	Mikro-2024-Tyt Ayt-Geometri Soru Bankası	26	9	0.625	mid	skip		92
87f77b03-a521-57c8-90e6-ade491ee423a	Mikro-2024-Tyt Ayt-Geometri Soru Bankası	26	10	1.000	high	apply	/static/crops/Mikro-2024-Tyt_Ayt-Geometri_Soru_Bankası/Mikro-2024-Tyt_Ayt-Geometri_Soru_Bankası_p0026_q03.png	145
0a024750-a0fd-51dd-af2e-68a196f5c976	Mikro-2024-Tyt Ayt-Geometri Soru Bankası	44	9	0.727	high	apply	/static/crops/Mikro-2024-Tyt_Ayt-Geometri_Soru_Bankası/Mikro-2024-Tyt_Ayt-Geometri_Soru_Bankası_p0044_q01.png	136
b995937d-1962-5aa2-b091-8e7e57a98b88	Mikro-2024-Tyt Ayt-Geometri Soru Bankası	44	13	0.727	high	apply	/static/crops/Mikro-2024-Tyt_Ayt-Geometri_Soru_Bankası/Mikro-2024-Tyt_Ayt-Geometri_Soru_Bankası_p0044_q02.png	100
36e474ba-c8ea-5575-86ce-68c3de41b908	Mikro-2024-Tyt Ayt-Geometri Soru Bankası	46	9	0.700	high	apply	/static/crops/Mikro-2024-Tyt_Ayt-Geometri_Soru_Bankası/Mikro-2024-Tyt_Ayt-Geometri_Soru_Bankası_p0046_q02.png	93
e16c2941-a1d7-53a9-b213-094cd96286ab	Mikro-2024-Tyt Ayt-Geometri Soru Bankası	81	9	0.833	high	apply	/static/crops/Mikro-2024-Tyt_Ayt-Geometri_Soru_Bankası/Mikro-2024-Tyt_Ayt-Geometri_Soru_Bankası_p0081_q01.png	119
87d4cbd6-1b05-5297-a64f-f770a1141c0b	Mikro-2024-Tyt Ayt-Geometri Soru Bankası	83	12	0.786	high	apply	/static/crops/Mikro-2024-Tyt_Ayt-Geometri_Soru_Bankası/Mikro-2024-Tyt_Ayt-Geometri_Soru_Bankası_p0083_q05.png	113
694a0f56-7b3b-5af2-ba7a-b5e63278a388	Mikro-2024-Tyt Ayt-Geometri Soru Bankası	95	10	0.857	high	apply	/static/crops/Mikro-2024-Tyt_Ayt-Geometri_Soru_Bankası/Mikro-2024-Tyt_Ayt-Geometri_Soru_Bankası_p0095_q04.png	124
e38555f8-7964-5c5c-b268-6b2d7bc84de0	Mikro-2024-Tyt Ayt-Geometri Soru Bankası	95	9	1.000	high	apply	/static/crops/Mikro-2024-Tyt_Ayt-Geometri_Soru_Bankası/Mikro-2024-Tyt_Ayt-Geometri_Soru_Bankası_p0095_q01.png	132
fd54ffb2-4102-5d97-bff0-0c60b23a55e1	Mikro-2024-Tyt Ayt-Geometri Soru Bankası	97	9	1.000	high	apply	/static/crops/Mikro-2024-Tyt_Ayt-Geometri_Soru_Bankası/Mikro-2024-Tyt_Ayt-Geometri_Soru_Bankası_p0097_q01.png	112
c71085e5-f6d9-5a9c-a333-19e4c7f85945	Mikro-2024-Tyt Ayt-Geometri Soru Bankası	123	7	0.909	high	apply	/static/crops/Mikro-2024-Tyt_Ayt-Geometri_Soru_Bankası/Mikro-2024-Tyt_Ayt-Geometri_Soru_Bankası_p0123_q01.png	107
6dad3df8-5db8-59b2-a2a2-d113f4d27ce5	Mikro-2024-Tyt Ayt-Geometri Soru Bankası	147	9	0.846	high	apply	/static/crops/Mikro-2024-Tyt_Ayt-Geometri_Soru_Bankası/Mikro-2024-Tyt_Ayt-Geometri_Soru_Bankası_p0147_q02.png	124
0e308028-36d8-5ba6-97af-d8a7a934d438	Mikro-2024-Tyt Ayt-Geometri Soru Bankası	147	13	0.778	high	apply	/static/crops/Mikro-2024-Tyt_Ayt-Geometri_Soru_Bankası/Mikro-2024-Tyt_Ayt-Geometri_Soru_Bankası_p0147_q01.png	129
f5efced8-4cbf-573a-abd7-2cbbfceba238	Mikro-2024-Tyt Ayt-Geometri Soru Bankası	149	9	0.727	high	apply	/static/crops/Mikro-2024-Tyt_Ayt-Geometri_Soru_Bankası/Mikro-2024-Tyt_Ayt-Geometri_Soru_Bankası_p0149_q01.png	122
c6fd240f-8c52-5999-a435-5ace5a8d12a2	Mikro-2024-Tyt Ayt-Geometri Soru Bankası	149	15	0	error	error		0
05cec5ec-1a60-55f1-b853-1abefc495ccb	Mikro-2024-Tyt Ayt-Geometri Soru Bankası	154	3	0	error	error		0
40c536aa-21c5-5f92-83ef-57bd720b3810	Mikro-2024-Tyt Ayt-Geometri Soru Bankası	168	9	1.000	high	apply	/static/crops/Mikro-2024-Tyt_Ayt-Geometri_Soru_Bankası/Mikro-2024-Tyt_Ayt-Geometri_Soru_Bankası_p0168_q01.png	115
5fda7264-d808-52ac-a679-9a618344e4c4	Mikro-2024-Tyt Ayt-Geometri Soru Bankası	170	9	0.923	high	apply	/static/crops/Mikro-2024-Tyt_Ayt-Geometri_Soru_Bankası/Mikro-2024-Tyt_Ayt-Geometri_Soru_Bankası_p0170_q01.png	131
eb2be7f3-dca3-59de-ac0c-ef94210539b1	Mikro-2024-Tyt Ayt-Geometri Soru Bankası	172	9	0.727	high	apply	/static/crops/Mikro-2024-Tyt_Ayt-Geometri_Soru_Bankası/Mikro-2024-Tyt_Ayt-Geometri_Soru_Bankası_p0172_q01.png	106
a3877d1b-6b70-5a7c-a368-d286f60059b6	Mikro-2024-Tyt Ayt-Geometri Soru Bankası	210	16	0.867	high	apply	/static/crops/Mikro-2024-Tyt_Ayt-Geometri_Soru_Bankası/Mikro-2024-Tyt_Ayt-Geometri_Soru_Bankası_p0210_q08.png	127
42918295-4765-5c05-bd4c-5e992417bcf5	Mikro-2024-Tyt Ayt-Geometri Soru Bankası	227	9	0.778	high	apply	/static/crops/Mikro-2024-Tyt_Ayt-Geometri_Soru_Bankası/Mikro-2024-Tyt_Ayt-Geometri_Soru_Bankası_p0227_q01.png	111
cd746791-5cb8-587b-8339-e6c69cab49d4	Mikro-2024-Tyt Ayt-Geometri Soru Bankası	241	9	1.000	high	apply	/static/crops/Mikro-2024-Tyt_Ayt-Geometri_Soru_Bankası/Mikro-2024-Tyt_Ayt-Geometri_Soru_Bankası_p0241_q01.png	117
c92943a8-2f7c-5536-b0e2-71a9c92e2f61	Mikro-2024-Tyt Ayt-Geometri Soru Bankası	243	12	1.000	high	apply	/static/crops/Mikro-2024-Tyt_Ayt-Geometri_Soru_Bankası/Mikro-2024-Tyt_Ayt-Geometri_Soru_Bankası_p0243_q08.png	113
b23fbb9d-fe4d-5454-b638-3fcd39f7b899	Mikro-2024-Tyt Ayt-Geometri Soru Bankası	243	9	1.000	high	apply	/static/crops/Mikro-2024-Tyt_Ayt-Geometri_Soru_Bankası/Mikro-2024-Tyt_Ayt-Geometri_Soru_Bankası_p0243_q02.png	116
f7270ff6-f633-5b12-8539-4d31b35f5f81	Mikro-2024-Tyt Ayt-Geometri Soru Bankası	257	9	0.778	high	apply	/static/crops/Mikro-2024-Tyt_Ayt-Geometri_Soru_Bankası/Mikro-2024-Tyt_Ayt-Geometri_Soru_Bankası_p0257_q01.png	77
60c52392-7dc2-5f15-b21d-9300b4073a56	Mikro-2024-Tyt Ayt-Geometri Soru Bankası	257	11	0.917	high	apply	/static/crops/Mikro-2024-Tyt_Ayt-Geometri_Soru_Bankası/Mikro-2024-Tyt_Ayt-Geometri_Soru_Bankası_p0257_q06.png	105
ca688f43-356b-5d4e-9cd7-010c371f7b58	Mikro-2024-Tyt Ayt-Geometri Soru Bankası	259	9	0.778	high	apply	/static/crops/Mikro-2024-Tyt_Ayt-Geometri_Soru_Bankası/Mikro-2024-Tyt_Ayt-Geometri_Soru_Bankası_p0259_q01.png	76
acb9da7d-539b-56cf-84c2-06aee01e0cc0	Mikro-2024-Tyt Ayt-Geometri Soru Bankası	265	9	1.000	high	apply	/static/crops/Mikro-2024-Tyt_Ayt-Geometri_Soru_Bankası/Mikro-2024-Tyt_Ayt-Geometri_Soru_Bankası_p0265_q01.png	116
a92b3183-b912-511d-bf81-a65e1cf399e9	Mikro-2024-Tyt Ayt-Geometri Soru Bankası	286	9	0.429	low	skip		81
e2e95abf-fb4f-529f-a3b2-73122233683c	Mikro-2024-Tyt Ayt-Geometri Soru Bankası	286	12	0.750	high	apply	/static/crops/Mikro-2024-Tyt_Ayt-Geometri_Soru_Bankası/Mikro-2024-Tyt_Ayt-Geometri_Soru_Bankası_p0286_q08.png	76
1acce595-622f-54e3-b47d-c25ba871fd6c	Mikro Orijinal-Tyt Ayt-Geometri Soru Bankası 2	42	8	0.700	high	apply	/static/crops/Mikro_Orijinal-Tyt_Ayt-Geometri_Soru_Bankası_2/Mikro_Orijinal-Tyt_Ayt-Geometri_Soru_Bankası_2_p0042_q03.png	99
8d5b5631-c97a-5a00-8da4-0074452f0965	Mikro-2024-Tyt Ayt-Geometri Soru Bankası	288	16	0.750	high	apply	/static/crops/Mikro-2024-Tyt_Ayt-Geometri_Soru_Bankası/Mikro-2024-Tyt_Ayt-Geometri_Soru_Bankası_p0288_q07.png	73
40800336-0928-52f2-90a4-1a99c5850fc2	Mikro-2024-Tyt Ayt-Geometri Soru Bankası	299	9	1.000	high	apply	/static/crops/Mikro-2024-Tyt_Ayt-Geometri_Soru_Bankası/Mikro-2024-Tyt_Ayt-Geometri_Soru_Bankası_p0299_q01.png	130
7c261908-f0d2-5d27-b0a9-481f45f14257	Mikro-2024-Tyt Ayt-Geometri Soru Bankası	301	9	1.000	high	apply	/static/crops/Mikro-2024-Tyt_Ayt-Geometri_Soru_Bankası/Mikro-2024-Tyt_Ayt-Geometri_Soru_Bankası_p0301_q01.png	111
d035a7d8-c81e-5c22-8258-9dad0ae22f04	Mikro Orijinal-Tyt Ayt-Geometri Soru Bankası 2	52	2	0.600	mid	skip		98
978f4e0b-edd7-5b12-88b1-e51285237db5	Mikro Orijinal-Tyt Ayt-Geometri Soru Bankası 2	77	9	0.944	high	apply	/static/crops/Mikro_Orijinal-Tyt_Ayt-Geometri_Soru_Bankası_2/Mikro_Orijinal-Tyt_Ayt-Geometri_Soru_Bankası_2_p0077_q03.png	205
a9ab998f-f939-55b8-92c7-a6498a648419	2020-2021-Acil-Problemlerin ilacı	59	9	0	error	error		0
d415dd1d-1ef3-5469-b722-d9dbc0d8e68b	Mikro-2024-Tyt Ayt-Geometri Soru Bankası	392	11	0.889	high	apply	/static/crops/Mikro-2024-Tyt_Ayt-Geometri_Soru_Bankası/Mikro-2024-Tyt_Ayt-Geometri_Soru_Bankası_p0392_q06.png	185
73858c3e-0036-5d91-9420-fb0fd17d8cf7	Mikro Orijinal-Tyt Ayt-Geometri Soru Bankası 2	112	9	0.091	low	skip		137
474c3a2b-290e-5259-bdaf-87f6f0336540	Mikro Orijinal-Tyt Ayt-Geometri Soru Bankası 2	122	8	1.000	high	apply	/static/crops/Mikro_Orijinal-Tyt_Ayt-Geometri_Soru_Bankası_2/Mikro_Orijinal-Tyt_Ayt-Geometri_Soru_Bankası_2_p0122_q05.png	107
4bafad54-2e88-5b97-a69c-b8a021a4d2ca	Mikro Orijinal-Tyt Ayt-Geometri Soru Bankası 2	139	9	0	error	error		0
07d4229e-1b04-5893-9f07-bc008458b342	2020-2021-Acil-Tyt Ayt Geometrinin ilacı Soru Bankası	20	8	0	error	error		0
8acf9ccf-f4ff-5bed-956c-17ab3109250e	Mikro Orijinal-Tyt Ayt-Geometri Soru Bankası 2	160	9	0.727	high	apply	/static/crops/Mikro_Orijinal-Tyt_Ayt-Geometri_Soru_Bankası_2/Mikro_Orijinal-Tyt_Ayt-Geometri_Soru_Bankası_2_p0160_q05.png	114
ec0c9070-8f77-5298-9a8e-72e5e13d6ee5	2020-2021-Acil-Tyt Ayt Geometrinin ilacı Soru Bankası	20	10	0.667	mid	skip		96
7833ac8c-828f-52c6-a103-0708b32a6b02	2020-2021-Acil-Tyt Ayt Geometrinin ilacı Soru Bankası	24	8	0.750	high	apply	/static/crops/2020-2021-Acil-Tyt_Ayt_Geometrinin_ilacı_Soru_Bankası/2020-2021-Acil-Tyt_Ayt_Geometrinin_ilacı_Soru_Bankası_p0024_q04.png	139
651eff2f-b43d-50b6-992b-8d897f915ba2	Mikro Orijinal-Tyt Ayt-Geometri Soru Bankası 2	162	9	1.000	high	apply	/static/crops/Mikro_Orijinal-Tyt_Ayt-Geometri_Soru_Bankası_2/Mikro_Orijinal-Tyt_Ayt-Geometri_Soru_Bankası_2_p0162_q05.png	109
9b3cb4a1-83b3-581f-aa22-91652470a227	2020-2021-Acil-Tyt Ayt Geometrinin ilacı Soru Bankası	24	9	0.750	high	apply	/static/crops/2020-2021-Acil-Tyt_Ayt_Geometrinin_ilacı_Soru_Bankası/2020-2021-Acil-Tyt_Ayt_Geometrinin_ilacı_Soru_Bankası_p0024_q05.png	128
7d0575eb-21da-57c3-946b-e76790db1b6c	2020-2021-Acil-Tyt Ayt Geometrinin ilacı Soru Bankası	24	11	0.538	mid	skip		105
75c8acbd-44a0-56ec-b30f-3525b5dee0bd	2020-2021-Acil-Tyt Ayt Geometrinin ilacı Soru Bankası	26	9	0.583	mid	skip		104
93c76c66-4efe-5f90-9cc7-7ea29ab54dcf	2020-2021-Acil-Tyt Ayt Geometrinin ilacı Soru Bankası	26	10	0.846	high	apply	/static/crops/2020-2021-Acil-Tyt_Ayt_Geometrinin_ilacı_Soru_Bankası/2020-2021-Acil-Tyt_Ayt_Geometrinin_ilacı_Soru_Bankası_p0026_q01.png	113
5214f75e-97fc-5ace-a2b5-3a35633d4dbc	2020-2021-Acil-Tyt Ayt Geometrinin ilacı Soru Bankası	26	11	0	error	error		0
0e7a5f3d-e353-5574-8ce9-fef8e48d7ba0	2020-2021-Acil-Tyt Ayt Geometrinin ilacı Soru Bankası	30	8	1.000	high	apply	/static/crops/2020-2021-Acil-Tyt_Ayt_Geometrinin_ilacı_Soru_Bankası/2020-2021-Acil-Tyt_Ayt_Geometrinin_ilacı_Soru_Bankası_p0030_q04.png	94
127d1818-b38e-540e-808f-7cee183c7583	2020-2021-Acil-Tyt Ayt Geometrinin ilacı Soru Bankası	30	9	1.000	high	apply	/static/crops/2020-2021-Acil-Tyt_Ayt_Geometrinin_ilacı_Soru_Bankası/2020-2021-Acil-Tyt_Ayt_Geometrinin_ilacı_Soru_Bankası_p0030_q06.png	129
b5c54426-43c5-5f9e-80a2-78496cb9c782	Mikro Orijinal-Tyt Ayt-Geometri Soru Bankası 2	166	8	0	error	error		0
3e7fab3b-f79e-586b-83bc-8ae03b0c3193	2020-2021-Acil-Tyt Ayt Geometrinin ilacı Soru Bankası	30	10	1.000	high	apply	/static/crops/2020-2021-Acil-Tyt_Ayt_Geometrinin_ilacı_Soru_Bankası/2020-2021-Acil-Tyt_Ayt_Geometrinin_ilacı_Soru_Bankası_p0030_q02.png	133
c37c1aa6-096d-5fec-8109-88d78c27da11	2020-2021-Acil-Tyt Ayt Geometrinin ilacı Soru Bankası	30	11	1.000	high	apply	/static/crops/2020-2021-Acil-Tyt_Ayt_Geometrinin_ilacı_Soru_Bankası/2020-2021-Acil-Tyt_Ayt_Geometrinin_ilacı_Soru_Bankası_p0030_q03.png	108
394b3149-7f1e-5082-9640-7673c2f2da98	2020-2021-Acil-Tyt Ayt Geometrinin ilacı Soru Bankası	32	8	1.000	high	apply	/static/crops/2020-2021-Acil-Tyt_Ayt_Geometrinin_ilacı_Soru_Bankası/2020-2021-Acil-Tyt_Ayt_Geometrinin_ilacı_Soru_Bankası_p0032_q04.png	118
05f50553-8510-51bf-b3be-1809e86ac6da	2020-2021-Acil-Tyt Ayt Geometrinin ilacı Soru Bankası	32	9	0.900	high	apply	/static/crops/2020-2021-Acil-Tyt_Ayt_Geometrinin_ilacı_Soru_Bankası/2020-2021-Acil-Tyt_Ayt_Geometrinin_ilacı_Soru_Bankası_p0032_q05.png	100
1451ab60-a3db-5de0-ba58-de59277fe377	2020-2021-Acil-Tyt Ayt Geometrinin ilacı Soru Bankası	32	10	0.818	high	apply	/static/crops/2020-2021-Acil-Tyt_Ayt_Geometrinin_ilacı_Soru_Bankası/2020-2021-Acil-Tyt_Ayt_Geometrinin_ilacı_Soru_Bankası_p0032_q01.png	93
a7fdb4b9-2699-5688-975f-2cc1182c28c8	2020-2021-Acil-Tyt Ayt Geometrinin ilacı Soru Bankası	32	11	0.778	high	apply	/static/crops/2020-2021-Acil-Tyt_Ayt_Geometrinin_ilacı_Soru_Bankası/2020-2021-Acil-Tyt_Ayt_Geometrinin_ilacı_Soru_Bankası_p0032_q03.png	93
c9c9523b-39e3-5960-84a6-a426b0b433da	2020-2021-Acil-Tyt Ayt Geometrinin ilacı Soru Bankası	84	12	0	error	error		0
1cf64a72-d968-5a9b-b75e-fb57114cf488	2020-2021-Acil-Tyt Ayt Geometrinin ilacı Soru Bankası	86	9	1.000	high	apply	/static/crops/2020-2021-Acil-Tyt_Ayt_Geometrinin_ilacı_Soru_Bankası/2020-2021-Acil-Tyt_Ayt_Geometrinin_ilacı_Soru_Bankası_p0086_q06.png	110
09350ab2-5f66-5451-917a-3e25ae9cbb49	2020-2021-Acil-Tyt Ayt Geometrinin ilacı Soru Bankası	86	10	1.000	high	apply	/static/crops/2020-2021-Acil-Tyt_Ayt_Geometrinin_ilacı_Soru_Bankası/2020-2021-Acil-Tyt_Ayt_Geometrinin_ilacı_Soru_Bankası_p0086_q02.png	106
f87b25ca-512b-5c8e-8097-fe0bd9e7eb8c	2020-2021-Acil-Tyt Ayt Geometrinin ilacı Soru Bankası	88	8	0.857	high	apply	/static/crops/2020-2021-Acil-Tyt_Ayt_Geometrinin_ilacı_Soru_Bankası/2020-2021-Acil-Tyt_Ayt_Geometrinin_ilacı_Soru_Bankası_p0088_q04.png	135
7fac718c-9ae7-5171-9434-8856e4e39491	2020-2021-Acil-Tyt Ayt Geometrinin ilacı Soru Bankası	88	9	0.769	high	apply	/static/crops/2020-2021-Acil-Tyt_Ayt_Geometrinin_ilacı_Soru_Bankası/2020-2021-Acil-Tyt_Ayt_Geometrinin_ilacı_Soru_Bankası_p0088_q06.png	123
20433732-9c2a-5dc0-aebe-da6767bab6f0	2020-2021-Acil-Tyt Ayt Geometrinin ilacı Soru Bankası	88	10	1.000	high	apply	/static/crops/2020-2021-Acil-Tyt_Ayt_Geometrinin_ilacı_Soru_Bankası/2020-2021-Acil-Tyt_Ayt_Geometrinin_ilacı_Soru_Bankası_p0088_q01.png	126
89ee07a0-1220-5c4d-bd7b-ac459af93b59	2020-2021-Acil-Tyt Ayt Geometrinin ilacı Soru Bankası	88	11	1.000	high	apply	/static/crops/2020-2021-Acil-Tyt_Ayt_Geometrinin_ilacı_Soru_Bankası/2020-2021-Acil-Tyt_Ayt_Geometrinin_ilacı_Soru_Bankası_p0088_q03.png	103
3377a49e-3b74-527d-981b-24ca434f539c	2020-2021-Acil-Tyt Ayt Geometrinin ilacı Soru Bankası	92	8	0.818	high	apply	/static/crops/2020-2021-Acil-Tyt_Ayt_Geometrinin_ilacı_Soru_Bankası/2020-2021-Acil-Tyt_Ayt_Geometrinin_ilacı_Soru_Bankası_p0092_q04.png	119
d7f472e8-4dc3-575a-8919-150ba2d5c11d	2020-2021-Acil-Tyt Ayt Geometrinin ilacı Soru Bankası	92	9	0.667	mid	skip		127
afc5a28b-0f1f-5c27-85c6-1711f1309801	2020-2021-Acil-Tyt Ayt Geometrinin ilacı Soru Bankası	92	10	0.846	high	apply	/static/crops/2020-2021-Acil-Tyt_Ayt_Geometrinin_ilacı_Soru_Bankası/2020-2021-Acil-Tyt_Ayt_Geometrinin_ilacı_Soru_Bankası_p0092_q02.png	134
f26c0bb8-bcb5-5497-bd3a-6434cff10c59	2020-2021-Acil-Tyt Ayt Geometrinin ilacı Soru Bankası	92	11	0.636	mid	skip		109
3e499058-c858-572a-800d-fde0cc82e0f7	2020-2021-Acil-Tyt Ayt Geometrinin ilacı Soru Bankası	94	8	0.900	high	apply	/static/crops/2020-2021-Acil-Tyt_Ayt_Geometrinin_ilacı_Soru_Bankası/2020-2021-Acil-Tyt_Ayt_Geometrinin_ilacı_Soru_Bankası_p0094_q04.png	111
75b72cc5-cf60-58e6-bfd5-22f406de4e2b	2020-2021-Acil-Tyt Ayt Geometrinin ilacı Soru Bankası	94	9	0.900	high	apply	/static/crops/2020-2021-Acil-Tyt_Ayt_Geometrinin_ilacı_Soru_Bankası/2020-2021-Acil-Tyt_Ayt_Geometrinin_ilacı_Soru_Bankası_p0094_q06.png	96
7691da65-ad65-5c0f-83d1-2af4bb983740	2020-2021-Acil-Tyt Ayt Geometrinin ilacı Soru Bankası	94	11	0.692	mid	skip		134
cd596a59-e494-5780-a0d2-d211fbe9733c	2020-2021-Acil-Tyt Ayt Geometrinin ilacı Soru Bankası	96	8	0.900	high	apply	/static/crops/2020-2021-Acil-Tyt_Ayt_Geometrinin_ilacı_Soru_Bankası/2020-2021-Acil-Tyt_Ayt_Geometrinin_ilacı_Soru_Bankası_p0096_q04.png	92
3183c837-19b0-5a8f-a8a8-10e5cbbbf5d3	2020-2021-Acil-Tyt Ayt Geometrinin ilacı Soru Bankası	96	10	0.800	high	apply	/static/crops/2020-2021-Acil-Tyt_Ayt_Geometrinin_ilacı_Soru_Bankası/2020-2021-Acil-Tyt_Ayt_Geometrinin_ilacı_Soru_Bankası_p0096_q02.png	107
72572f48-d0bb-53a6-a1be-324f2008ef9e	2020-2021-Acil-Tyt Ayt Geometrinin ilacı Soru Bankası	96	11	1.000	high	apply	/static/crops/2020-2021-Acil-Tyt_Ayt_Geometrinin_ilacı_Soru_Bankası/2020-2021-Acil-Tyt_Ayt_Geometrinin_ilacı_Soru_Bankası_p0096_q03.png	117
0b22f99c-a4df-5ba3-a570-60aeaabc678a	Mikro Orijinal-Tyt Ayt-Geometri Soru Bankası 2	191	2	0	error	error		0
6e5c8929-6cd5-5db2-a164-63faf66627c4	2020-2021-Acil-Tyt Ayt Geometrinin ilacı Soru Bankası	100	8	0.727	high	apply	/static/crops/2020-2021-Acil-Tyt_Ayt_Geometrinin_ilacı_Soru_Bankası/2020-2021-Acil-Tyt_Ayt_Geometrinin_ilacı_Soru_Bankası_p0100_q03.png	105
9cc67318-cf6b-5752-aeb4-6b03be56d64c	2020-2021-Acil-Tyt Ayt Geometrinin ilacı Soru Bankası	130	11	1.000	high	apply	/static/crops/2020-2021-Acil-Tyt_Ayt_Geometrinin_ilacı_Soru_Bankası/2020-2021-Acil-Tyt_Ayt_Geometrinin_ilacı_Soru_Bankası_p0130_q03.png	110
87a10cfb-1e50-5071-9231-bf6a005d1c32	2020-2021-Acil-Tyt Ayt Geometrinin ilacı Soru Bankası	136	9	0.500	mid	skip		98
d3618557-5443-5a9e-8854-3a847dcdf5c3	2020-2021-Acil-Tyt Ayt Geometrinin ilacı Soru Bankası	138	8	0.909	high	apply	/static/crops/2020-2021-Acil-Tyt_Ayt_Geometrinin_ilacı_Soru_Bankası/2020-2021-Acil-Tyt_Ayt_Geometrinin_ilacı_Soru_Bankası_p0138_q04.png	98
9f062822-e70c-53b5-b999-4e94aeceb5a9	2020-2021-Acil-Tyt Ayt Geometrinin ilacı Soru Bankası	138	10	1.000	high	apply	/static/crops/2020-2021-Acil-Tyt_Ayt_Geometrinin_ilacı_Soru_Bankası/2020-2021-Acil-Tyt_Ayt_Geometrinin_ilacı_Soru_Bankası_p0138_q02.png	106
16cc8557-c11e-5d2a-83b1-27401beea1ce	2020-2021-Acil-Tyt Ayt Geometrinin ilacı Soru Bankası	140	8	1.000	high	apply	/static/crops/2020-2021-Acil-Tyt_Ayt_Geometrinin_ilacı_Soru_Bankası/2020-2021-Acil-Tyt_Ayt_Geometrinin_ilacı_Soru_Bankası_p0140_q04.png	97
28e6e63f-801c-51b5-aee6-4f9e049fffbf	2020-2021-Acil-Tyt Ayt Geometrinin ilacı Soru Bankası	140	9	1.000	high	apply	/static/crops/2020-2021-Acil-Tyt_Ayt_Geometrinin_ilacı_Soru_Bankası/2020-2021-Acil-Tyt_Ayt_Geometrinin_ilacı_Soru_Bankası_p0140_q06.png	122
485ca327-f663-5c33-bd1f-a708a63a5e15	2020-2021-Acil-Tyt Ayt Geometrinin ilacı Soru Bankası	140	10	1.000	high	apply	/static/crops/2020-2021-Acil-Tyt_Ayt_Geometrinin_ilacı_Soru_Bankası/2020-2021-Acil-Tyt_Ayt_Geometrinin_ilacı_Soru_Bankası_p0140_q02.png	93
9b26f893-f403-546c-a532-179ff7cf78ae	2020-2021-Acil-Tyt Ayt Geometrinin ilacı Soru Bankası	146	8	1.000	high	apply	/static/crops/2020-2021-Acil-Tyt_Ayt_Geometrinin_ilacı_Soru_Bankası/2020-2021-Acil-Tyt_Ayt_Geometrinin_ilacı_Soru_Bankası_p0146_q04.png	81
2ae38808-9839-558f-9b38-bf3366194933	2020-2021-Acil-Tyt Ayt Geometrinin ilacı Soru Bankası	146	9	0.857	high	apply	/static/crops/2020-2021-Acil-Tyt_Ayt_Geometrinin_ilacı_Soru_Bankası/2020-2021-Acil-Tyt_Ayt_Geometrinin_ilacı_Soru_Bankası_p0146_q06.png	105
456fb9d8-97ab-559a-a904-a4e7c89904f1	2020-2021-Acil-Tyt Ayt Geometrinin ilacı Soru Bankası	146	10	1.000	high	apply	/static/crops/2020-2021-Acil-Tyt_Ayt_Geometrinin_ilacı_Soru_Bankası/2020-2021-Acil-Tyt_Ayt_Geometrinin_ilacı_Soru_Bankası_p0146_q02.png	89
ad11e4fd-6afe-5b17-a2d2-a0203f92448f	2020-2021-Acil-Tyt Ayt Geometrinin ilacı Soru Bankası	148	8	1.000	high	apply	/static/crops/2020-2021-Acil-Tyt_Ayt_Geometrinin_ilacı_Soru_Bankası/2020-2021-Acil-Tyt_Ayt_Geometrinin_ilacı_Soru_Bankası_p0148_q04.png	108
26e765c6-d385-582a-b498-7a09b92ebf3c	2020-2021-Acil-Tyt Ayt Geometrinin ilacı Soru Bankası	148	9	0.750	high	apply	/static/crops/2020-2021-Acil-Tyt_Ayt_Geometrinin_ilacı_Soru_Bankası/2020-2021-Acil-Tyt_Ayt_Geometrinin_ilacı_Soru_Bankası_p0148_q06.png	97
870579d5-7fad-59fd-be78-c86bbb37b0bf	2020-2021-Acil-Tyt Ayt Geometrinin ilacı Soru Bankası	254	12	0.414	low	skip		323
f3141e98-b06e-55ae-bb7e-5c9e5ef928a5	2020-2021-Acil-Tyt Ayt Geometrinin ilacı Soru Bankası	4	9	0.600	mid	skip		69
ae50bb33-03b8-5b60-80b9-276b352a5310	2020-2021-Acil-Tyt Ayt Geometrinin ilacı Soru Bankası	4	10	0.375	low	skip		88
0591f3d0-51c2-503c-8ca8-fea4fbd81237	2020-2021-Acil-Tyt Ayt Geometrinin ilacı Soru Bankası	4	11	0.429	low	skip		81
0585e608-e16f-570b-9216-e4f0ac647f77	2020-2021-Acil-Tyt Ayt Geometrinin ilacı Soru Bankası	6	9	0.375	low	skip		79
ea23287b-4d18-576b-8318-dc73847a9370	2020-2021-Acil-Tyt Ayt Geometrinin ilacı Soru Bankası	14	10	0.625	mid	skip		86
88100619-e5d3-5ed9-a49c-ae4c45461b1f	2020-2021-Acil-Tyt Ayt Geometrinin ilacı Soru Bankası	16	8	0.667	mid	skip		100
dceba00b-e6e0-5c7b-b172-2769941d6db8	2020-2021-Acil-Tyt Ayt Geometrinin ilacı Soru Bankası	16	9	0.583	mid	skip		100
d375e288-7eed-5c1f-847a-a2bfd3d18ebc	2020-2021-Acil-Tyt Ayt Geometrinin ilacı Soru Bankası	16	11	0.727	high	apply	/static/crops/2020-2021-Acil-Tyt_Ayt_Geometrinin_ilacı_Soru_Bankası/2020-2021-Acil-Tyt_Ayt_Geometrinin_ilacı_Soru_Bankası_p0016_q03.png	88
f51dfbef-24df-5ed3-8569-09633588e391	2020-2021-Acil-Tyt Ayt Geometrinin ilacı Soru Bankası	40	8	1.000	high	apply	/static/crops/2020-2021-Acil-Tyt_Ayt_Geometrinin_ilacı_Soru_Bankası/2020-2021-Acil-Tyt_Ayt_Geometrinin_ilacı_Soru_Bankası_p0040_q04.png	95
820bc3f1-9679-5936-b165-ef7347286d0e	2020-2021-Acil-Tyt Ayt Geometrinin ilacı Soru Bankası	44	8	0.846	high	apply	/static/crops/2020-2021-Acil-Tyt_Ayt_Geometrinin_ilacı_Soru_Bankası/2020-2021-Acil-Tyt_Ayt_Geometrinin_ilacı_Soru_Bankası_p0044_q04.png	114
f0ce8c3c-e225-5e92-9f56-62821c2203d8	2020-2021-Acil-Tyt Ayt Geometrinin ilacı Soru Bankası	44	9	1.000	high	apply	/static/crops/2020-2021-Acil-Tyt_Ayt_Geometrinin_ilacı_Soru_Bankası/2020-2021-Acil-Tyt_Ayt_Geometrinin_ilacı_Soru_Bankası_p0044_q06.png	110
0ebdf0c3-5e2a-59b8-8702-1886ee522a69	2020-2021-Acil-Tyt Ayt Geometrinin ilacı Soru Bankası	44	10	0	error	error		0
dee00f4f-a2fb-598f-b622-d437435741be	2020-2021-Acil-Tyt Ayt Geometrinin ilacı Soru Bankası	44	11	0.600	mid	skip		102
4472a963-137a-5a74-9260-8d0d88c47922	Mikro Orijinal-Tyt Ayt-Geometri Soru Bankası 2	229	8	1.000	high	apply	/static/crops/Mikro_Orijinal-Tyt_Ayt-Geometri_Soru_Bankası_2/Mikro_Orijinal-Tyt_Ayt-Geometri_Soru_Bankası_2_p0229_q03.png	108
94ce6dfa-ff73-5004-9470-04e67305b79e	2020-2021-Acil-Tyt Ayt Geometrinin ilacı Soru Bankası	46	8	0.909	high	apply	/static/crops/2020-2021-Acil-Tyt_Ayt_Geometrinin_ilacı_Soru_Bankası/2020-2021-Acil-Tyt_Ayt_Geometrinin_ilacı_Soru_Bankası_p0046_q03.png	99
9cfd5c77-f1c4-5716-9c65-197e72125839	2020-2021-Acil-Tyt Ayt Geometrinin ilacı Soru Bankası	46	9	1.000	high	apply	/static/crops/2020-2021-Acil-Tyt_Ayt_Geometrinin_ilacı_Soru_Bankası/2020-2021-Acil-Tyt_Ayt_Geometrinin_ilacı_Soru_Bankası_p0046_q06.png	147
4ab5697a-4d12-54ff-b17f-0e5500cb9229	2020-2021-Acil-Tyt Ayt Geometrinin ilacı Soru Bankası	46	10	1.000	high	apply	/static/crops/2020-2021-Acil-Tyt_Ayt_Geometrinin_ilacı_Soru_Bankası/2020-2021-Acil-Tyt_Ayt_Geometrinin_ilacı_Soru_Bankası_p0046_q02.png	106
73e56d73-9db2-57f1-8f49-ca73205d0ac1	2020-2021-Acil-Tyt Ayt Geometrinin ilacı Soru Bankası	46	11	1.000	high	apply	/static/crops/2020-2021-Acil-Tyt_Ayt_Geometrinin_ilacı_Soru_Bankası/2020-2021-Acil-Tyt_Ayt_Geometrinin_ilacı_Soru_Bankası_p0046_q04.png	99
c31fa3f0-9959-5fbb-90c3-4da09255a786	2020-2021-Acil-Tyt Ayt Geometrinin ilacı Soru Bankası	48	8	0.909	high	apply	/static/crops/2020-2021-Acil-Tyt_Ayt_Geometrinin_ilacı_Soru_Bankası/2020-2021-Acil-Tyt_Ayt_Geometrinin_ilacı_Soru_Bankası_p0048_q04.png	122
5b1c46cd-2102-5178-a03e-b8afcd91d4d8	2020-2021-Acil-Tyt Ayt Geometrinin ilacı Soru Bankası	48	10	0.909	high	apply	/static/crops/2020-2021-Acil-Tyt_Ayt_Geometrinin_ilacı_Soru_Bankası/2020-2021-Acil-Tyt_Ayt_Geometrinin_ilacı_Soru_Bankası_p0048_q02.png	109
faada050-d1c3-58d7-88ee-475dedc80983	2020-2021-Acil-Tyt Ayt Geometrinin ilacı Soru Bankası	48	9	0.938	high	apply	/static/crops/2020-2021-Acil-Tyt_Ayt_Geometrinin_ilacı_Soru_Bankası/2020-2021-Acil-Tyt_Ayt_Geometrinin_ilacı_Soru_Bankası_p0048_q06.png	164
65896828-ec4f-5aca-9756-de66e6c7bc1e	2020-2021-Acil-Tyt Ayt Geometrinin ilacı Soru Bankası	52	10	0.909	high	apply	/static/crops/2020-2021-Acil-Tyt_Ayt_Geometrinin_ilacı_Soru_Bankası/2020-2021-Acil-Tyt_Ayt_Geometrinin_ilacı_Soru_Bankası_p0052_q02.png	133
cc220070-2483-52a1-8a83-357725fb7a96	2020-2021-Acil-Tyt Ayt Geometrinin ilacı Soru Bankası	52	11	0.778	high	apply	/static/crops/2020-2021-Acil-Tyt_Ayt_Geometrinin_ilacı_Soru_Bankası/2020-2021-Acil-Tyt_Ayt_Geometrinin_ilacı_Soru_Bankası_p0052_q04.png	82
6e1069f9-633b-5bd4-a0e3-c041cc77627d	2020-2021-Acil-Tyt Ayt Geometrinin ilacı Soru Bankası	70	8	0.833	high	apply	/static/crops/2020-2021-Acil-Tyt_Ayt_Geometrinin_ilacı_Soru_Bankası/2020-2021-Acil-Tyt_Ayt_Geometrinin_ilacı_Soru_Bankası_p0070_q04.png	105
2cb90d7b-b0e9-5645-86b6-4589ef7a9bdf	2020-2021-Acil-Tyt Ayt Geometrinin ilacı Soru Bankası	74	10	0	json_fail	skip		0
34f94fca-c742-5da9-8fcf-8d5506c3e41c	2020-2021-Acil-Tyt Ayt Geometrinin ilacı Soru Bankası	80	8	1.000	high	apply	/static/crops/2020-2021-Acil-Tyt_Ayt_Geometrinin_ilacı_Soru_Bankası/2020-2021-Acil-Tyt_Ayt_Geometrinin_ilacı_Soru_Bankası_p0080_q04.png	101
e3f72aae-081a-5438-86ec-9c679468d271	2020-2021-Acil-Tyt Ayt Geometrinin ilacı Soru Bankası	80	10	0.857	high	apply	/static/crops/2020-2021-Acil-Tyt_Ayt_Geometrinin_ilacı_Soru_Bankası/2020-2021-Acil-Tyt_Ayt_Geometrinin_ilacı_Soru_Bankası_p0080_q02.png	110
b6ec3d44-008c-5efd-b353-c77e4bb00bd6	2020-2021-Acil-Tyt Ayt Geometrinin ilacı Soru Bankası	80	11	0.875	high	apply	/static/crops/2020-2021-Acil-Tyt_Ayt_Geometrinin_ilacı_Soru_Bankası/2020-2021-Acil-Tyt_Ayt_Geometrinin_ilacı_Soru_Bankası_p0080_q03.png	132
4609f93c-0b7b-52dd-9bd2-fd0efffc983a	2020-2021-Acil-Tyt Ayt Geometrinin ilacı Soru Bankası	82	10	0.818	high	apply	/static/crops/2020-2021-Acil-Tyt_Ayt_Geometrinin_ilacı_Soru_Bankası/2020-2021-Acil-Tyt_Ayt_Geometrinin_ilacı_Soru_Bankası_p0082_q02.png	94
2a2c6156-ce75-59d3-9d4c-d4fdab4f0f76	2020-2021-Acil-Tyt Ayt Geometrinin ilacı Soru Bankası	82	11	0	json_fail	skip		0
44dc5336-aa3f-5225-b4b9-264bcb1756ba	2020-2021-Acil-Tyt Ayt Geometrinin ilacı Soru Bankası	84	10	0.818	high	apply	/static/crops/2020-2021-Acil-Tyt_Ayt_Geometrinin_ilacı_Soru_Bankası/2020-2021-Acil-Tyt_Ayt_Geometrinin_ilacı_Soru_Bankası_p0084_q02.png	99
d292c8f5-1d5e-500f-96b4-6238590bd0dd	2020-2021-Acil-Tyt Ayt Geometrinin ilacı Soru Bankası	84	11	0.733	high	apply	/static/crops/2020-2021-Acil-Tyt_Ayt_Geometrinin_ilacı_Soru_Bankası/2020-2021-Acil-Tyt_Ayt_Geometrinin_ilacı_Soru_Bankası_p0084_q03.png	127
cc232d7e-ce11-5136-8efc-06b7f79f748e	2020-2021-Acil-Tyt Ayt Geometrinin ilacı Soru Bankası	118	8	0.800	high	apply	/static/crops/2020-2021-Acil-Tyt_Ayt_Geometrinin_ilacı_Soru_Bankası/2020-2021-Acil-Tyt_Ayt_Geometrinin_ilacı_Soru_Bankası_p0118_q04.png	92
e9907ef9-0d23-5404-9b88-42f818b1b15f	2020-2021-Acil-Tyt Ayt Geometrinin ilacı Soru Bankası	118	11	0.889	high	apply	/static/crops/2020-2021-Acil-Tyt_Ayt_Geometrinin_ilacı_Soru_Bankası/2020-2021-Acil-Tyt_Ayt_Geometrinin_ilacı_Soru_Bankası_p0118_q03.png	146
88a9e25a-060c-5f79-b76f-6e861124eae4	2020-2021-Acil-Tyt Ayt Geometrinin ilacı Soru Bankası	120	8	1.000	high	apply	/static/crops/2020-2021-Acil-Tyt_Ayt_Geometrinin_ilacı_Soru_Bankası/2020-2021-Acil-Tyt_Ayt_Geometrinin_ilacı_Soru_Bankası_p0120_q04.png	109
c70b5703-c010-5b72-9237-0e3d12b3a96a	2020-2021-Acil-Tyt Ayt Geometrinin ilacı Soru Bankası	120	10	1.000	high	apply	/static/crops/2020-2021-Acil-Tyt_Ayt_Geometrinin_ilacı_Soru_Bankası/2020-2021-Acil-Tyt_Ayt_Geometrinin_ilacı_Soru_Bankası_p0120_q02.png	99
297be61c-772f-52b5-a5f5-c2ab94e4a4b4	2020-2021-Acil-Tyt Ayt Geometrinin ilacı Soru Bankası	122	9	0.500	mid	skip		151
d5f1fb6c-cfbf-5452-8fb3-95a1cf916e51	2020-2021-Acil-Tyt Ayt Geometrinin ilacı Soru Bankası	122	10	1.000	high	apply	/static/crops/2020-2021-Acil-Tyt_Ayt_Geometrinin_ilacı_Soru_Bankası/2020-2021-Acil-Tyt_Ayt_Geometrinin_ilacı_Soru_Bankası_p0122_q02.png	111
adc7ed94-9e21-5780-b580-bc036d331bb3	2020-2021-Acil-Tyt Ayt Geometrinin ilacı Soru Bankası	124	9	1.000	high	apply	/static/crops/2020-2021-Acil-Tyt_Ayt_Geometrinin_ilacı_Soru_Bankası/2020-2021-Acil-Tyt_Ayt_Geometrinin_ilacı_Soru_Bankası_p0124_q06.png	94
211c03d2-3e0b-5571-8b76-0e2e4dcca719	2021-2022-Apotemi-Trigonometri	76	14	0	json_fail	skip		0
5c59f127-4ed2-57f9-ab8b-dc91e5b09815	2020-2021-Acil-Tyt Ayt Geometrinin ilacı Soru Bankası	124	10	1.000	high	apply	/static/crops/2020-2021-Acil-Tyt_Ayt_Geometrinin_ilacı_Soru_Bankası/2020-2021-Acil-Tyt_Ayt_Geometrinin_ilacı_Soru_Bankası_p0124_q02.png	114
236a20e2-a46b-538f-b911-6c9e8a80c85c	2020-2021-Acil-Tyt Ayt Geometrinin ilacı Soru Bankası	126	9	1.000	high	apply	/static/crops/2020-2021-Acil-Tyt_Ayt_Geometrinin_ilacı_Soru_Bankası/2020-2021-Acil-Tyt_Ayt_Geometrinin_ilacı_Soru_Bankası_p0126_q06.png	108
b2942b84-3193-53cd-972d-0ba6b5873c7f	2020-2021-Acil-Tyt Ayt Geometrinin ilacı Soru Bankası	130	8	0.900	high	apply	/static/crops/2020-2021-Acil-Tyt_Ayt_Geometrinin_ilacı_Soru_Bankası/2020-2021-Acil-Tyt_Ayt_Geometrinin_ilacı_Soru_Bankası_p0130_q04.png	97
5daa15aa-2628-511a-98a0-161767e3c4b6	2020-2021-Acil-Tyt Ayt Geometrinin ilacı Soru Bankası	172	9	0.909	high	apply	/static/crops/2020-2021-Acil-Tyt_Ayt_Geometrinin_ilacı_Soru_Bankası/2020-2021-Acil-Tyt_Ayt_Geometrinin_ilacı_Soru_Bankası_p0172_q06.png	84
ae1091b0-2a7b-5098-9413-fa9b684638f6	2020-2021-Acil-Tyt Ayt Geometrinin ilacı Soru Bankası	172	10	0.769	high	apply	/static/crops/2020-2021-Acil-Tyt_Ayt_Geometrinin_ilacı_Soru_Bankası/2020-2021-Acil-Tyt_Ayt_Geometrinin_ilacı_Soru_Bankası_p0172_q02.png	95
cf31dcd0-7c2b-52b6-9721-0497b9ca3fc8	2020-2021-Acil-Tyt Ayt Geometrinin ilacı Soru Bankası	180	8	0.600	mid	skip		107
3467fde8-a9bb-5b4c-a3ce-9f88dbb5ef8a	2020-2021-Acil-Tyt Ayt Geometrinin ilacı Soru Bankası	196	8	1.000	high	apply	/static/crops/2020-2021-Acil-Tyt_Ayt_Geometrinin_ilacı_Soru_Bankası/2020-2021-Acil-Tyt_Ayt_Geometrinin_ilacı_Soru_Bankası_p0196_q03.png	121
8f1cfd0b-37ab-5b4a-b2d2-e2afdfa5ccd2	2020-2021-Acil-Tyt Ayt Geometrinin ilacı Soru Bankası	196	9	0.647	mid	skip		141
39a6310a-4ea8-51c3-ba33-c37a96798b32	2020-2021-Acil-Tyt Ayt Geometrinin ilacı Soru Bankası	202	11	0.750	high	apply	/static/crops/2020-2021-Acil-Tyt_Ayt_Geometrinin_ilacı_Soru_Bankası/2020-2021-Acil-Tyt_Ayt_Geometrinin_ilacı_Soru_Bankası_p0202_q03.png	187
9c30e370-0cd4-5f03-8218-3e3de9d32071	2020-2021-Acil-Tyt Ayt Geometrinin ilacı Soru Bankası	208	8	0.933	high	apply	/static/crops/2020-2021-Acil-Tyt_Ayt_Geometrinin_ilacı_Soru_Bankası/2020-2021-Acil-Tyt_Ayt_Geometrinin_ilacı_Soru_Bankası_p0208_q04.png	141
d1a2d796-4909-55c0-9590-9f6120fd4f5b	2020-2021-Acil-Tyt Ayt Geometrinin ilacı Soru Bankası	150	11	1.000	high	apply	/static/crops/2020-2021-Acil-Tyt_Ayt_Geometrinin_ilacı_Soru_Bankası/2020-2021-Acil-Tyt_Ayt_Geometrinin_ilacı_Soru_Bankası_p0150_q03.png	92
afbc8d18-c559-5813-b45a-7d98515f0861	2020-2021-Acil-Tyt Ayt Geometrinin ilacı Soru Bankası	158	8	0.929	high	apply	/static/crops/2020-2021-Acil-Tyt_Ayt_Geometrinin_ilacı_Soru_Bankası/2020-2021-Acil-Tyt_Ayt_Geometrinin_ilacı_Soru_Bankası_p0158_q04.png	134
4f6b5732-1880-5ef0-aec3-e5ec50b6a2a8	2020-2021-Acil-Tyt Ayt Geometrinin ilacı Soru Bankası	160	8	0.857	high	apply	/static/crops/2020-2021-Acil-Tyt_Ayt_Geometrinin_ilacı_Soru_Bankası/2020-2021-Acil-Tyt_Ayt_Geometrinin_ilacı_Soru_Bankası_p0160_q04.png	126
fe1f76d3-8e5f-534e-a090-8e79bf88d1e4	2020-2021-Acil-Tyt Ayt Geometrinin ilacı Soru Bankası	160	9	0.909	high	apply	/static/crops/2020-2021-Acil-Tyt_Ayt_Geometrinin_ilacı_Soru_Bankası/2020-2021-Acil-Tyt_Ayt_Geometrinin_ilacı_Soru_Bankası_p0160_q06.png	106
54523b8b-be85-549a-8c09-b515014b140e	2020-2021-Acil-Tyt Ayt Geometrinin ilacı Soru Bankası	160	10	0.667	mid	skip		107
9127e6d6-a73a-51b0-bae3-bb1d5a8afd68	2020-2021-Acil-Tyt Ayt Geometrinin ilacı Soru Bankası	160	11	0.636	mid	skip		100
456c98f8-5bae-5296-a990-1d840e152fd6	2020-2021-Acil-Tyt Ayt Geometrinin ilacı Soru Bankası	54	8	0.833	high	apply	/static/crops/2020-2021-Acil-Tyt_Ayt_Geometrinin_ilacı_Soru_Bankası/2020-2021-Acil-Tyt_Ayt_Geometrinin_ilacı_Soru_Bankası_p0054_q03.png	101
aa62ea1c-8c18-541e-b249-68b87e847cd0	2020-2021-Acil-Tyt Ayt Geometrinin ilacı Soru Bankası	54	10	1.000	high	apply	/static/crops/2020-2021-Acil-Tyt_Ayt_Geometrinin_ilacı_Soru_Bankası/2020-2021-Acil-Tyt_Ayt_Geometrinin_ilacı_Soru_Bankası_p0054_q01.png	96
f629d323-c0e3-57eb-90a2-02a4e0745ed4	2020-2021-Acil-Tyt Ayt Geometrinin ilacı Soru Bankası	66	8	0.933	high	apply	/static/crops/2020-2021-Acil-Tyt_Ayt_Geometrinin_ilacı_Soru_Bankası/2020-2021-Acil-Tyt_Ayt_Geometrinin_ilacı_Soru_Bankası_p0066_q04.png	129
369791aa-bb0e-5180-b8f9-33b507b84c94	2020-2021-Acil-Tyt Ayt Geometrinin ilacı Soru Bankası	66	10	0.692	mid	skip		110
4192b51c-fb8d-5ae9-a217-17c29f7db33d	2020-2021-Acil-Tyt Ayt Geometrinin ilacı Soru Bankası	66	11	1.000	high	apply	/static/crops/2020-2021-Acil-Tyt_Ayt_Geometrinin_ilacı_Soru_Bankası/2020-2021-Acil-Tyt_Ayt_Geometrinin_ilacı_Soru_Bankası_p0066_q03.png	127
609b97c6-c55a-5f04-b154-c365668b509e	2020-2021-Acil-Tyt Ayt Geometrinin ilacı Soru Bankası	68	8	1.000	high	apply	/static/crops/2020-2021-Acil-Tyt_Ayt_Geometrinin_ilacı_Soru_Bankası/2020-2021-Acil-Tyt_Ayt_Geometrinin_ilacı_Soru_Bankası_p0068_q04.png	109
40f48e9b-8791-5c5d-88b4-be914aec4141	2020-2021-Acil-Tyt Ayt Geometrinin ilacı Soru Bankası	68	9	1.000	high	apply	/static/crops/2020-2021-Acil-Tyt_Ayt_Geometrinin_ilacı_Soru_Bankası/2020-2021-Acil-Tyt_Ayt_Geometrinin_ilacı_Soru_Bankası_p0068_q06.png	114
d120ceb3-bce5-514a-b262-79966437931c	2020-2021-Acil-Tyt Ayt Geometrinin ilacı Soru Bankası	68	10	1.000	high	apply	/static/crops/2020-2021-Acil-Tyt_Ayt_Geometrinin_ilacı_Soru_Bankası/2020-2021-Acil-Tyt_Ayt_Geometrinin_ilacı_Soru_Bankası_p0068_q02.png	115
76adc9c8-5e14-50bb-9c34-16feb66a00f3	2020-2021-Acil-Tyt Ayt Geometrinin ilacı Soru Bankası	68	11	1.000	high	apply	/static/crops/2020-2021-Acil-Tyt_Ayt_Geometrinin_ilacı_Soru_Bankası/2020-2021-Acil-Tyt_Ayt_Geometrinin_ilacı_Soru_Bankası_p0068_q03.png	96
5ec2e06a-efa8-57e9-bafb-a1ed957c1dd7	2020-2021-Acil-Tyt Ayt Geometrinin ilacı Soru Bankası	100	9	0.750	high	apply	/static/crops/2020-2021-Acil-Tyt_Ayt_Geometrinin_ilacı_Soru_Bankası/2020-2021-Acil-Tyt_Ayt_Geometrinin_ilacı_Soru_Bankası_p0100_q05.png	127
57fb38d3-3a1b-5fbf-8426-8bf4db357b7b	2020-2021-Acil-Tyt Ayt Geometrinin ilacı Soru Bankası	100	10	0.938	high	apply	/static/crops/2020-2021-Acil-Tyt_Ayt_Geometrinin_ilacı_Soru_Bankası/2020-2021-Acil-Tyt_Ayt_Geometrinin_ilacı_Soru_Bankası_p0100_q02.png	151
f274be26-7346-51f0-a40a-9aef27be57b3	Mikro Orijinal-Tyt Ayt-Geometri Soru Bankası 2	298	10	0.800	high	apply	/static/crops/Mikro_Orijinal-Tyt_Ayt-Geometri_Soru_Bankası_2/Mikro_Orijinal-Tyt_Ayt-Geometri_Soru_Bankası_2_p0298_q02.png	62
9b511a7f-088c-5480-ab84-8ebd031b86c5	2020-2021-Acil-Tyt Ayt Geometrinin ilacı Soru Bankası	114	10	0.895	high	apply	/static/crops/2020-2021-Acil-Tyt_Ayt_Geometrinin_ilacı_Soru_Bankası/2020-2021-Acil-Tyt_Ayt_Geometrinin_ilacı_Soru_Bankası_p0114_q02.png	149
d8f66c24-19ef-5de4-b35c-3e035bc439d7	2020-2021-Acil-Tyt Ayt Geometrinin ilacı Soru Bankası	182	11	0.786	high	apply	/static/crops/2020-2021-Acil-Tyt_Ayt_Geometrinin_ilacı_Soru_Bankası/2020-2021-Acil-Tyt_Ayt_Geometrinin_ilacı_Soru_Bankası_p0182_q03.png	128
f279de50-268d-5298-a132-4bec48023d0e	2020-2021-Acil-Tyt Ayt Geometrinin ilacı Soru Bankası	184	11	0.833	high	apply	/static/crops/2020-2021-Acil-Tyt_Ayt_Geometrinin_ilacı_Soru_Bankası/2020-2021-Acil-Tyt_Ayt_Geometrinin_ilacı_Soru_Bankası_p0184_q03.png	101
36f2137a-f900-5ca3-82f7-c5f92f472f6c	2020-2021-Acil-Tyt Ayt Geometrinin ilacı Soru Bankası	188	10	0.917	high	apply	/static/crops/2020-2021-Acil-Tyt_Ayt_Geometrinin_ilacı_Soru_Bankası/2020-2021-Acil-Tyt_Ayt_Geometrinin_ilacı_Soru_Bankası_p0188_q02.png	104
d7f788f1-680f-54af-8a87-0e1e62920906	2020-2021-Acil-Tyt Ayt Geometrinin ilacı Soru Bankası	190	10	0.824	high	apply	/static/crops/2020-2021-Acil-Tyt_Ayt_Geometrinin_ilacı_Soru_Bankası/2020-2021-Acil-Tyt_Ayt_Geometrinin_ilacı_Soru_Bankası_p0190_q01.png	138
bb5ad990-20ff-5dd7-a288-676773300a83	2020-2021-Acil-Tyt Ayt Geometrinin ilacı Soru Bankası	192	9	0.929	high	apply	/static/crops/2020-2021-Acil-Tyt_Ayt_Geometrinin_ilacı_Soru_Bankası/2020-2021-Acil-Tyt_Ayt_Geometrinin_ilacı_Soru_Bankası_p0192_q06.png	125
1ee7b617-85eb-59b3-9df4-b16274c799b8	2020-2021-Acil-Tyt Ayt Geometrinin ilacı Soru Bankası	162	9	0.688	mid	skip		138
62c7e5c4-a416-5c07-bb66-510af827de87	2020-2021-Acil-Tyt Ayt Geometrinin ilacı Soru Bankası	162	10	0.700	high	apply	/static/crops/2020-2021-Acil-Tyt_Ayt_Geometrinin_ilacı_Soru_Bankası/2020-2021-Acil-Tyt_Ayt_Geometrinin_ilacı_Soru_Bankası_p0162_q02.png	89
47a904e6-ff6e-59de-bcc2-5810077973a0	2020-2021-Acil-Tyt Ayt Geometrinin ilacı Soru Bankası	162	11	0.714	high	apply	/static/crops/2020-2021-Acil-Tyt_Ayt_Geometrinin_ilacı_Soru_Bankası/2020-2021-Acil-Tyt_Ayt_Geometrinin_ilacı_Soru_Bankası_p0162_q04.png	118
ed49ed31-fed3-5b85-9b03-40bf77773b3e	2020-2021-Acil-Tyt Ayt Geometrinin ilacı Soru Bankası	164	9	0.538	mid	skip		115
84c86f81-2137-564a-bc7a-b4f8d4f62fb8	2020-2021-Acil-Tyt Ayt Geometrinin ilacı Soru Bankası	164	11	0.824	high	apply	/static/crops/2020-2021-Acil-Tyt_Ayt_Geometrinin_ilacı_Soru_Bankası/2020-2021-Acil-Tyt_Ayt_Geometrinin_ilacı_Soru_Bankası_p0164_q03.png	139
f4801fe0-9cf2-5047-8b90-14e302cb41dc	2020-2021-Acil-Tyt Ayt Geometrinin ilacı Soru Bankası	212	9	0	error	error		0
554c43ed-5628-504b-9d63-934444432d49	2020-2021-Acil-Tyt Ayt Geometrinin ilacı Soru Bankası	218	8	1.000	high	apply	/static/crops/2020-2021-Acil-Tyt_Ayt_Geometrinin_ilacı_Soru_Bankası/2020-2021-Acil-Tyt_Ayt_Geometrinin_ilacı_Soru_Bankası_p0218_q03.png	174
e7471b24-3587-5aa7-a1d1-c4f4d2e5b928	2020-2021-ACİL-AYT Matematik Soru Bankası	168	10	0	json_fail	skip		0
7d10c8ea-b384-5412-aa2c-2f6a0eb8e916	2021-2022-Apotemi-Limit	81	9	0	json_fail	skip		0
51610a0a-2d68-5d6f-8103-51f4a895798f	2020-2021-ACİL-AYT Matematik Soru Bankası	177	20	0.667	mid	skip		118
cc632657-386a-5414-a964-cb1d51357e71	2020-2021-Acil-Tyt Ayt Geometrinin ilacı Soru Bankası	270	12	0.737	high	apply	/static/crops/2020-2021-Acil-Tyt_Ayt_Geometrinin_ilacı_Soru_Bankası/2020-2021-Acil-Tyt_Ayt_Geometrinin_ilacı_Soru_Bankası_p0270_q05.png	202
e8f64ca3-9b29-54ab-9b8b-f45488e5345c	Mikro-2024-Tyt Ayt-Geometri Soru Bankası	24	12	0.600	mid	skip		113
724151b6-c750-5d8c-92d3-9e5e35913397	Mikro-2024-Tyt Ayt-Geometri Soru Bankası	24	14	1.000	high	apply	/static/crops/Mikro-2024-Tyt_Ayt-Geometri_Soru_Bankası/Mikro-2024-Tyt_Ayt-Geometri_Soru_Bankası_p0024_q03.png	86
35d719b8-74f7-5d8b-b69f-f8b65953f96d	Mikro-2024-Tyt Ayt-Geometri Soru Bankası	26	12	0	error	error		0
fe29d62d-3ed9-519e-9942-12f1ce3b8b6d	Mikro-2024-Tyt Ayt-Geometri Soru Bankası	44	10	0.778	high	apply	/static/crops/Mikro-2024-Tyt_Ayt-Geometri_Soru_Bankası/Mikro-2024-Tyt_Ayt-Geometri_Soru_Bankası_p0044_q04.png	92
44837e40-7a18-58ac-89a8-3af77e0d622a	Mikro-2024-Tyt Ayt-Geometri Soru Bankası	46	12	0	json_fail	skip		0
cf48401a-1f1b-56f5-b22b-40f5ee2b96dc	Mikro-2024-Tyt Ayt-Geometri Soru Bankası	46	14	0.800	high	apply	/static/crops/Mikro-2024-Tyt_Ayt-Geometri_Soru_Bankası/Mikro-2024-Tyt_Ayt-Geometri_Soru_Bankası_p0046_q03.png	80
b17d1b49-fb6a-54ed-a8b4-ee4a9bce4cd8	2020-2021-ACİL-AYT Matematik Soru Bankası	92	8	0.895	high	apply	/static/crops/2020-2021-ACİL-AYT_Matematik_Soru_Bankası/2020-2021-ACİL-AYT_Matematik_Soru_Bankası_p0092_q01.png	193
08800a99-c6ff-5e79-9cd3-21970b1fa06a	Mikro-2024-Tyt Ayt-Geometri Soru Bankası	61	14	1.000	high	apply	/static/crops/Mikro-2024-Tyt_Ayt-Geometri_Soru_Bankası/Mikro-2024-Tyt_Ayt-Geometri_Soru_Bankası_p0061_q04.png	120
a2937318-7d3d-5ba2-8d11-e48490ef54af	Mikro-2024-Tyt Ayt-Geometri Soru Bankası	63	13	0.909	high	apply	/static/crops/Mikro-2024-Tyt_Ayt-Geometri_Soru_Bankası/Mikro-2024-Tyt_Ayt-Geometri_Soru_Bankası_p0063_q02.png	102
9e30de7a-f2ae-5f52-b71b-c5b893d4fb51	Mikro-2024-Tyt Ayt-Geometri Soru Bankası	79	10	1.000	high	apply	/static/crops/Mikro-2024-Tyt_Ayt-Geometri_Soru_Bankası/Mikro-2024-Tyt_Ayt-Geometri_Soru_Bankası_p0079_q04.png	99
f27098b0-b61c-54dd-864d-76e5b246c63f	Mikro-2024-Tyt Ayt-Geometri Soru Bankası	83	8	1.000	high	apply	/static/crops/Mikro-2024-Tyt_Ayt-Geometri_Soru_Bankası/Mikro-2024-Tyt_Ayt-Geometri_Soru_Bankası_p0083_q04.png	128
686b1d98-3e6f-5853-850b-4cdcaad1798a	Mikro-2024-Tyt Ayt-Geometri Soru Bankası	95	13	1.000	high	apply	/static/crops/Mikro-2024-Tyt_Ayt-Geometri_Soru_Bankası/Mikro-2024-Tyt_Ayt-Geometri_Soru_Bankası_p0095_q02.png	109
0e0cf489-8ca9-5629-b9dc-0f549a4403f3	Mikro-2024-Tyt Ayt-Geometri Soru Bankası	97	13	0	error	error		0
57df40c9-68c1-5eaa-ad8b-8ec9c8ba565e	Mikro-2024-Tyt Ayt-Geometri Soru Bankası	97	14	0.923	high	apply	/static/crops/Mikro-2024-Tyt_Ayt-Geometri_Soru_Bankası/Mikro-2024-Tyt_Ayt-Geometri_Soru_Bankası_p0097_q04.png	119
a361b357-f675-5193-a6cc-4bad83d6c06c	2022-Apotemi-Turev	186	10	0	error	error		0
90319c08-1ba4-5b26-a6d1-a5073ba77100	2020-2021-Acil-Tyt Ayt Geometrinin ilacı Soru Bankası	194	11	0.933	high	apply	/static/crops/2020-2021-Acil-Tyt_Ayt_Geometrinin_ilacı_Soru_Bankası/2020-2021-Acil-Tyt_Ayt_Geometrinin_ilacı_Soru_Bankası_p0194_q03.png	127
fc526bba-af5b-5f1b-9eb0-3126924df0bd	Mikro-2024-Tyt Ayt-Geometri Soru Bankası	119	10	0.750	high	apply	/static/crops/Mikro-2024-Tyt_Ayt-Geometri_Soru_Bankası/Mikro-2024-Tyt_Ayt-Geometri_Soru_Bankası_p0119_q03.png	111
9f867bfd-e788-5b0b-a7fd-74e26d39f5c2	Mikro-2024-Tyt Ayt-Geometri Soru Bankası	119	15	0.800	high	apply	/static/crops/Mikro-2024-Tyt_Ayt-Geometri_Soru_Bankası/Mikro-2024-Tyt_Ayt-Geometri_Soru_Bankası_p0119_q05.png	108
ec707f41-e78a-5808-a990-758dbbbc8b2b	Mikro-2024-Tyt Ayt-Geometri Soru Bankası	119	16	0.800	high	apply	/static/crops/Mikro-2024-Tyt_Ayt-Geometri_Soru_Bankası/Mikro-2024-Tyt_Ayt-Geometri_Soru_Bankası_p0119_q08.png	103
b265755a-3a3f-5b41-abb4-b2a717971ded	Mikro-2024-Tyt Ayt-Geometri Soru Bankası	123	12	0.929	high	apply	/static/crops/Mikro-2024-Tyt_Ayt-Geometri_Soru_Bankası/Mikro-2024-Tyt_Ayt-Geometri_Soru_Bankası_p0123_q06.png	133
c762bfcb-19db-5176-b6c1-49a47f91cb34	Mikro-2024-Tyt Ayt-Geometri Soru Bankası	135	12	0	error	error		0
7ab24a6e-9d77-5229-ba62-0d2374b75244	Mikro-2024-Tyt Ayt-Geometri Soru Bankası	135	15	1.000	high	apply	/static/crops/Mikro-2024-Tyt_Ayt-Geometri_Soru_Bankası/Mikro-2024-Tyt_Ayt-Geometri_Soru_Bankası_p0135_q05.png	115
733afd36-45b0-57cf-aa6d-3148e5b336c6	Mikro-2024-Tyt Ayt-Geometri Soru Bankası	135	16	1.000	high	apply	/static/crops/Mikro-2024-Tyt_Ayt-Geometri_Soru_Bankası/Mikro-2024-Tyt_Ayt-Geometri_Soru_Bankası_p0135_q07.png	116
28c3f7ab-c64e-50ce-8d96-3381e4f2bf71	Mikro-2024-Tyt Ayt-Geometri Soru Bankası	147	12	0.846	high	apply	/static/crops/Mikro-2024-Tyt_Ayt-Geometri_Soru_Bankası/Mikro-2024-Tyt_Ayt-Geometri_Soru_Bankası_p0147_q07.png	143
e23c2d90-6dd4-5c87-ba24-dcd1ac032db7	Mikro-2024-Tyt Ayt-Geometri Soru Bankası	147	16	0.750	high	apply	/static/crops/Mikro-2024-Tyt_Ayt-Geometri_Soru_Bankası/Mikro-2024-Tyt_Ayt-Geometri_Soru_Bankası_p0147_q08.png	125
485315b2-d448-5bf3-8e63-8a50c2b9e924	Mikro-2024-Tyt Ayt-Geometri Soru Bankası	149	13	0.750	high	apply	/static/crops/Mikro-2024-Tyt_Ayt-Geometri_Soru_Bankası/Mikro-2024-Tyt_Ayt-Geometri_Soru_Bankası_p0149_q02.png	121
3a664366-0b00-52f7-8db9-9a836357906c	Mikro-2024-Tyt Ayt-Geometri Soru Bankası	149	14	0.769	high	apply	/static/crops/Mikro-2024-Tyt_Ayt-Geometri_Soru_Bankası/Mikro-2024-Tyt_Ayt-Geometri_Soru_Bankası_p0149_q04.png	113
6173ad4d-2cd0-5e9b-912c-e2a1fc8faad0	Mikro-2024-Tyt Ayt-Geometri Soru Bankası	149	16	1.000	high	apply	/static/crops/Mikro-2024-Tyt_Ayt-Geometri_Soru_Bankası/Mikro-2024-Tyt_Ayt-Geometri_Soru_Bankası_p0149_q07.png	141
150df95f-a467-59a7-a3c5-924743a9fa15	Mikro-2024-Tyt Ayt-Geometri Soru Bankası	153	10	1.000	high	apply	/static/crops/Mikro-2024-Tyt_Ayt-Geometri_Soru_Bankası/Mikro-2024-Tyt_Ayt-Geometri_Soru_Bankası_p0153_q02.png	115
82603896-6488-5209-b9a9-162dd39c4ccb	Mikro-2024-Tyt Ayt-Geometri Soru Bankası	168	10	1.000	high	apply	/static/crops/Mikro-2024-Tyt_Ayt-Geometri_Soru_Bankası/Mikro-2024-Tyt_Ayt-Geometri_Soru_Bankası_p0168_q03.png	144
b0becc5d-c3bd-53e1-8611-056a1e94c538	Mikro-2024-Tyt Ayt-Geometri Soru Bankası	172	10	0.929	high	apply	/static/crops/Mikro-2024-Tyt_Ayt-Geometri_Soru_Bankası/Mikro-2024-Tyt_Ayt-Geometri_Soru_Bankası_p0172_q04.png	145
e229f254-f3e3-576e-80ba-b63ad0f1b5f5	Mikro-2024-Tyt Ayt-Geometri Soru Bankası	189	10	0.923	high	apply	/static/crops/Mikro-2024-Tyt_Ayt-Geometri_Soru_Bankası/Mikro-2024-Tyt_Ayt-Geometri_Soru_Bankası_p0189_q02.png	131
daa4f9e0-2715-54cb-84df-f1ec77d30f33	2023-2024 ACİL- AYT Matematik Soru Bankası	72	7	0.909	high	apply	/static/crops/2023-2024_ACİL-_AYT_Matematik_Soru_Bankası/2023-2024_ACİL-_AYT_Matematik_Soru_Bankası_p0072_q02.png	105
976852c4-2e4d-58ca-94f8-74c08f0b2388	Mikro-2024-Tyt Ayt-Geometri Soru Bankası	210	10	0.812	high	apply	/static/crops/Mikro-2024-Tyt_Ayt-Geometri_Soru_Bankası/Mikro-2024-Tyt_Ayt-Geometri_Soru_Bankası_p0210_q03.png	132
695a04ba-ff4a-5a9e-aeab-fdc8c7ece6e1	Mikro-2024-Tyt Ayt-Geometri Soru Bankası	212	12	1.000	high	apply	/static/crops/Mikro-2024-Tyt_Ayt-Geometri_Soru_Bankası/Mikro-2024-Tyt_Ayt-Geometri_Soru_Bankası_p0212_q07.png	151
3c410a5d-f2f9-5ec6-83be-5182e4db927f	Mikro-2024-Tyt Ayt-Geometri Soru Bankası	212	14	1.000	high	apply	/static/crops/Mikro-2024-Tyt_Ayt-Geometri_Soru_Bankası/Mikro-2024-Tyt_Ayt-Geometri_Soru_Bankası_p0212_q03.png	125
5500b3bd-7552-5acc-aceb-adc261f11ace	2020-2021-ACİL-AYT Matematik Soru Bankası	420	14	0.909	high	apply	/static/crops/2020-2021-ACİL-AYT_Matematik_Soru_Bankası/2020-2021-ACİL-AYT_Matematik_Soru_Bankası_p0420_q04.png	110
aae46237-b6cb-5f01-8da9-819c2b16ee00	2019-2020-ACİL-AYT-Matematik Soru Bankası	14	7	0.917	high	apply	/static/crops/2019-2020-ACİL-AYT-Matematik_Soru_Bankası/2019-2020-ACİL-AYT-Matematik_Soru_Bankası_p0014_q01.png	165
3359cb38-5c5c-56e5-94c8-974f29416a40	Mikro-2024-Tyt Ayt-Geometri Soru Bankası	227	11	0.900	high	apply	/static/crops/Mikro-2024-Tyt_Ayt-Geometri_Soru_Bankası/Mikro-2024-Tyt_Ayt-Geometri_Soru_Bankası_p0227_q06.png	107
86b56520-d68b-5a16-99db-96b90c2679e0	Mikro-2024-Tyt Ayt-Geometri Soru Bankası	229	11	1.000	high	apply	/static/crops/Mikro-2024-Tyt_Ayt-Geometri_Soru_Bankası/Mikro-2024-Tyt_Ayt-Geometri_Soru_Bankası_p0229_q04.png	118
f53da2a0-293d-5d58-b35f-8a604c9114d9	Mikro-2024-Tyt Ayt-Geometri Soru Bankası	229	12	1.000	high	apply	/static/crops/Mikro-2024-Tyt_Ayt-Geometri_Soru_Bankası/Mikro-2024-Tyt_Ayt-Geometri_Soru_Bankası_p0229_q06.png	105
8d7c112e-573f-5e6a-90ef-c0f25a52f179	Mikro-2024-Tyt Ayt-Geometri Soru Bankası	241	11	0.889	high	apply	/static/crops/Mikro-2024-Tyt_Ayt-Geometri_Soru_Bankası/Mikro-2024-Tyt_Ayt-Geometri_Soru_Bankası_p0241_q05.png	94
552208d4-bd13-50bd-9fc6-c6e6a8a6829c	Mikro-2024-Tyt Ayt-Geometri Soru Bankası	241	13	0.636	mid	skip		92
45309fd2-5b06-5a9a-9ef6-e593c45566f6	Mikro-2024-Tyt Ayt-Geometri Soru Bankası	243	14	0.933	high	apply	/static/crops/Mikro-2024-Tyt_Ayt-Geometri_Soru_Bankası/Mikro-2024-Tyt_Ayt-Geometri_Soru_Bankası_p0243_q03.png	127
0bffb29c-6dc3-54ef-b064-92d94e09a64b	2020-2021-ACİL-AYT Matematik Soru Bankası	132	14	0.727	high	apply	/static/crops/2020-2021-ACİL-AYT_Matematik_Soru_Bankası/2020-2021-ACİL-AYT_Matematik_Soru_Bankası_p0132_q03.png	76
4a972c21-81ec-5ca7-a855-939f1e07a0f2	2020-2021-ACİL-AYT Matematik Soru Bankası	311	12	0.526	mid	skip		157
1cefdc7c-d587-5485-ad9c-c9cfb29168f8	Mikro-2024-Tyt Ayt-Geometri Soru Bankası	257	12	0.800	high	apply	/static/crops/Mikro-2024-Tyt_Ayt-Geometri_Soru_Bankası/Mikro-2024-Tyt_Ayt-Geometri_Soru_Bankası_p0257_q08.png	89
b6c0c6e5-e706-5a19-9863-deb51441c889	Mikro-2024-Tyt Ayt-Geometri Soru Bankası	257	13	0.818	high	apply	/static/crops/Mikro-2024-Tyt_Ayt-Geometri_Soru_Bankası/Mikro-2024-Tyt_Ayt-Geometri_Soru_Bankası_p0257_q02.png	103
e14a5b8c-7d57-503e-8e99-0e64e392a6f0	Mikro-2024-Tyt Ayt-Geometri Soru Bankası	259	12	0.900	high	apply	/static/crops/Mikro-2024-Tyt_Ayt-Geometri_Soru_Bankası/Mikro-2024-Tyt_Ayt-Geometri_Soru_Bankası_p0259_q08.png	91
28dd31d4-7b15-57e1-a240-3f295eec5edb	Mikro-2024-Tyt Ayt-Geometri Soru Bankası	267	14	1.000	high	apply	/static/crops/Mikro-2024-Tyt_Ayt-Geometri_Soru_Bankası/Mikro-2024-Tyt_Ayt-Geometri_Soru_Bankası_p0267_q03.png	103
9a014d0b-fa5c-597d-a2dc-48b2922c01ec	2019-2020-ACİL-AYT-Matematik Soru Bankası	193	8	0.857	high	apply	/static/crops/2019-2020-ACİL-AYT-Matematik_Soru_Bankası/2019-2020-ACİL-AYT-Matematik_Soru_Bankası_p0193_q01.png	83
6655715c-f600-57e7-b275-8ecaf8698565	Mikro-2024-Tyt Ayt-Geometri Soru Bankası	286	11	0	error	error		0
194472d3-4394-5e7f-80a8-68398ff1d794	Mikro-2024-Tyt Ayt-Geometri Soru Bankası	286	14	0.778	high	apply	/static/crops/Mikro-2024-Tyt_Ayt-Geometri_Soru_Bankası/Mikro-2024-Tyt_Ayt-Geometri_Soru_Bankası_p0286_q03.png	78
867dfa9e-5f9a-51af-9cca-aab9c5850f80	Mikro-2024-Tyt Ayt-Geometri Soru Bankası	288	12	0.778	high	apply	/static/crops/Mikro-2024-Tyt_Ayt-Geometri_Soru_Bankası/Mikro-2024-Tyt_Ayt-Geometri_Soru_Bankası_p0288_q08.png	88
c6e51c59-1fc4-5ca1-9307-46375d5c5203	Mikro-2024-Tyt Ayt-Geometri Soru Bankası	288	13	0.778	high	apply	/static/crops/Mikro-2024-Tyt_Ayt-Geometri_Soru_Bankası/Mikro-2024-Tyt_Ayt-Geometri_Soru_Bankası_p0288_q02.png	85
97a72402-a773-5f64-a959-b431d328b4f6	Mikro-2024-Tyt Ayt-Geometri Soru Bankası	288	14	0	error	error		0
a61fc46d-cf78-52f0-9fb4-510482f523c0	Mikro-2024-Tyt Ayt-Geometri Soru Bankası	299	12	0.900	high	apply	/static/crops/Mikro-2024-Tyt_Ayt-Geometri_Soru_Bankası/Mikro-2024-Tyt_Ayt-Geometri_Soru_Bankası_p0299_q08.png	112
4ff8517b-f34e-539d-a6c1-a314f5f883c6	Mikro-2024-Tyt Ayt-Geometri Soru Bankası	301	12	0.769	high	apply	/static/crops/Mikro-2024-Tyt_Ayt-Geometri_Soru_Bankası/Mikro-2024-Tyt_Ayt-Geometri_Soru_Bankası_p0301_q07.png	140
70e78072-ace7-5266-aedf-98317caec9de	Mikro-2024-Tyt Ayt-Geometri Soru Bankası	301	15	0.909	high	apply	/static/crops/Mikro-2024-Tyt_Ayt-Geometri_Soru_Bankası/Mikro-2024-Tyt_Ayt-Geometri_Soru_Bankası_p0301_q06.png	102
d9803a2c-a222-58f3-b157-0ec03ad0a264	2019-2020-ACİL-AYT-Matematik Soru Bankası	342	7	0.909	high	apply	/static/crops/2019-2020-ACİL-AYT-Matematik_Soru_Bankası/2019-2020-ACİL-AYT-Matematik_Soru_Bankası_p0342_q01.png	138
9a058595-3175-5ab1-b3c7-fe66ac9fbe61	2020-2021-ACİL-TYT Matematik Soru Bankası	149	12	0.233	low	skip		608
c6ea3f44-7682-5f0e-b5a6-0b5118bf201d	2019-2020-ACİL-AYT-Matematik Soru Bankası	345	13	1.000	high	apply	/static/crops/2019-2020-ACİL-AYT-Matematik_Soru_Bankası/2019-2020-ACİL-AYT-Matematik_Soru_Bankası_p0345_q01.png	112
d6301ba3-8d06-5129-aaa7-ecd59160fd39	Mikro-2024-Tyt Ayt-Geometri Soru Bankası	316	9	0	json_fail	skip		0
76ddd723-5cb6-5c13-ad84-8f41427cf19f	Mikro-2024-Tyt Ayt-Geometri Soru Bankası	316	12	1.000	high	apply	/static/crops/Mikro-2024-Tyt_Ayt-Geometri_Soru_Bankası/Mikro-2024-Tyt_Ayt-Geometri_Soru_Bankası_p0316_q06.png	123
4bda38ea-0d3a-5e73-bd7b-0fe9da6a1036	2019-2020-ACİL-AYT-Matematik Soru Bankası	404	11	0.789	high	apply	/static/crops/2019-2020-ACİL-AYT-Matematik_Soru_Bankası/2019-2020-ACİL-AYT-Matematik_Soru_Bankası_p0404_q01.png	224
0350477b-e080-59ec-a230-0ddc41cef187	2020-2021-Apotemi-Tyt Ayt-Geometri Maestro Soru Bankası	173	6	1.000	high	apply	/static/crops/2020-2021-Apotemi-Tyt_Ayt-Geometri_Maestro_Soru_Bankası/2020-2021-Apotemi-Tyt_Ayt-Geometri_Maestro_Soru_Bankası_p0173_q03.png	135
72849527-4a45-5ccd-a24d-d16da669b444	2020-2021-Apotemi-Tyt Ayt-Geometri Maestro Soru Bankası	173	8	0.833	high	apply	/static/crops/2020-2021-Apotemi-Tyt_Ayt-Geometri_Maestro_Soru_Bankası/2020-2021-Apotemi-Tyt_Ayt-Geometri_Maestro_Soru_Bankası_p0173_q04.png	118
a35ecddc-e99d-5ed5-bd27-f25b0088ae09	2021-2022-Apotemi-Trigonometri	208	9	0.692	mid	skip		113
6e05fbfc-6123-5d17-950e-862dcd5a5398	2019-2020-ACİL-TYT-Soru Bankası	358	10	0.426	low	skip		692
5249ba40-829a-52b6-b8aa-f092961f015c	2019-2020-Acil-Matematiğin ilacı Tyt Matematik Soru Bankası	71	13	0	error	error		0
c1b0be20-4dee-5eb3-8a28-30b048f6df25	2021-2022-Apotemi-Trigonometri	76	12	0	error	error		0
642bfd53-e00d-583c-a815-427b211c360c	2021-2022-Apotemi-Trigonometri	136	7	0	error	error		0
55a943d2-f4da-5b2c-ae11-33401cb48136	2021-2022-Apotemi-Trigonometri	136	9	0	error	error		0
2b22cb3b-39a6-54ff-a723-20ee59d21cc5	2019-2020-Apotemi-Tyt Matematik Soru Bankası	229	10	0.900	high	apply	/static/crops/2019-2020-Apotemi-Tyt_Matematik_Soru_Bankası/2019-2020-Apotemi-Tyt_Matematik_Soru_Bankası_p0229_q02.png	186
c47d4ee6-c867-5e08-93f0-d8dfdb8260b9	2021-2022-Apotemi-Limit	106	10	0.324	low	skip		395
a0498f63-dafa-5e2e-a344-075d8352fcd1	2019-2020-Acil-Matematiğin ilacı Tyt Matematik Soru Bankası	191	9	0.325	low	skip		334
4cd961df-95f0-5124-91a5-1b8a47c86829	2023-2024 ACİL- AYT Matematik Soru Bankası	86	7	0.938	high	apply	/static/crops/2023-2024_ACİL-_AYT_Matematik_Soru_Bankası/2023-2024_ACİL-_AYT_Matematik_Soru_Bankası_p0086_q02.png	165
b6553fd3-2cbf-5a90-b2c4-bfc70f98bffa	2023-2024 ACİL- AYT Matematik Soru Bankası	118	7	0.636	mid	skip		137
673803ce-9bdf-587e-8685-2b6eff1ee162	2023-2024 ACİL- AYT Matematik Soru Bankası	146	6	0.583	mid	skip		106
78c5aa4f-fdf2-50ee-a1ba-732dbe661775	2023-2024 ACİL- AYT Matematik Soru Bankası	146	8	0.889	high	apply	/static/crops/2023-2024_ACİL-_AYT_Matematik_Soru_Bankası/2023-2024_ACİL-_AYT_Matematik_Soru_Bankası_p0146_q03.png	159
69ebbe52-af48-5900-9279-95fe3b90a8e4	2023-2024 ACİL- AYT Matematik Soru Bankası	152	9	0.929	high	apply	/static/crops/2023-2024_ACİL-_AYT_Matematik_Soru_Bankası/2023-2024_ACİL-_AYT_Matematik_Soru_Bankası_p0152_q02.png	112
d4ab8284-bf19-5e08-9e08-7952625543cc	2023-2024 ACİL- AYT Matematik Soru Bankası	152	10	0.733	high	apply	/static/crops/2023-2024_ACİL-_AYT_Matematik_Soru_Bankası/2023-2024_ACİL-_AYT_Matematik_Soru_Bankası_p0152_q03.png	120
52654f6e-6f82-5fd0-824d-ffdda8ca702f	Neofizik Ayt Fizik Soru Bankası 2025	28	5	0.426	low	skip		426
6bf9bc7b-b6ca-5c35-9d0a-55023059aece	2022-Apotemi-Turev	186	9	0	error	error		0
8b81269b-12e7-5ce5-9178-d9f1c1451e7d	2023-2024 ACİL- AYT Matematik Soru Bankası	166	11	0	error	error		0
5eca644b-a922-55f9-a323-cd000c473614	2020-2021-Acil-Tyt Ayt Geometrinin ilacı Soru Bankası	4	7	0.429	low	skip		114
87253781-6f68-500c-a602-813e407c1796	2020-2021-Acil-Tyt Ayt Geometrinin ilacı Soru Bankası	14	7	0.750	high	apply	/static/crops/2020-2021-Acil-Tyt_Ayt_Geometrinin_ilacı_Soru_Bankası/2020-2021-Acil-Tyt_Ayt_Geometrinin_ilacı_Soru_Bankası_p0014_q02.png	89
5f774db0-8fb4-50a3-828c-4e4629761c5b	2020-2021-Acil-Tyt Ayt Geometrinin ilacı Soru Bankası	16	7	0.600	mid	skip		124
6d6874e1-50f9-5ff1-bed9-978067108599	2020-2021-Acil-Tyt Ayt Geometrinin ilacı Soru Bankası	18	7	0.600	mid	skip		97
d8499d10-df76-570c-9bad-d7780550479e	2020-2021-Acil-Tyt Ayt Geometrinin ilacı Soru Bankası	24	7	0.833	high	apply	/static/crops/2020-2021-Acil-Tyt_Ayt_Geometrinin_ilacı_Soru_Bankası/2020-2021-Acil-Tyt_Ayt_Geometrinin_ilacı_Soru_Bankası_p0024_q02.png	117
f62b1083-e0fb-52c7-bcaa-b80fa6a7b675	2020-2021-Acil-Tyt Ayt Geometrinin ilacı Soru Bankası	26	7	0	error	error		0
df530d7c-47ab-53f4-820f-3fcc7a8b58d2	2020-2021-Acil-Tyt Ayt Geometrinin ilacı Soru Bankası	30	7	1.000	high	apply	/static/crops/2020-2021-Acil-Tyt_Ayt_Geometrinin_ilacı_Soru_Bankası/2020-2021-Acil-Tyt_Ayt_Geometrinin_ilacı_Soru_Bankası_p0030_q01.png	129
2411a364-9f2c-5d53-b346-eb68ca133bc6	2020-2021-Acil-Tyt Ayt Geometrinin ilacı Soru Bankası	32	7	1.000	high	apply	/static/crops/2020-2021-Acil-Tyt_Ayt_Geometrinin_ilacı_Soru_Bankası/2020-2021-Acil-Tyt_Ayt_Geometrinin_ilacı_Soru_Bankası_p0032_q02.png	105
8e9df5a9-2900-5c07-9998-a480891e3129	2023-2024 ACİL- AYT Matematik Soru Bankası	269	6	0.875	high	apply	/static/crops/2023-2024_ACİL-_AYT_Matematik_Soru_Bankası/2023-2024_ACİL-_AYT_Matematik_Soru_Bankası_p0269_q04.png	163
301d21e9-fea6-5382-9ed1-2c0d747d64a9	2020-2021-Acil-Tyt Ayt Geometrinin ilacı Soru Bankası	44	7	1.000	high	apply	/static/crops/2020-2021-Acil-Tyt_Ayt_Geometrinin_ilacı_Soru_Bankası/2020-2021-Acil-Tyt_Ayt_Geometrinin_ilacı_Soru_Bankası_p0044_q02.png	116
977b5a79-ef4d-5ebe-96d3-a1a35aee2e39	2020-2021-Acil-Tyt Ayt Geometrinin ilacı Soru Bankası	46	7	1.000	high	apply	/static/crops/2020-2021-Acil-Tyt_Ayt_Geometrinin_ilacı_Soru_Bankası/2020-2021-Acil-Tyt_Ayt_Geometrinin_ilacı_Soru_Bankası_p0046_q01.png	117
9eaeae49-ca0b-5b9b-a684-cca3b0c35eaf	2020-2021-Acil-Tyt Ayt Geometrinin ilacı Soru Bankası	66	7	1.000	high	apply	/static/crops/2020-2021-Acil-Tyt_Ayt_Geometrinin_ilacı_Soru_Bankası/2020-2021-Acil-Tyt_Ayt_Geometrinin_ilacı_Soru_Bankası_p0066_q01.png	119
980d0ba6-7c15-58df-83a3-cdce8f68ff0c	2020-2021-Acil-Tyt Ayt Geometrinin ilacı Soru Bankası	68	7	1.000	high	apply	/static/crops/2020-2021-Acil-Tyt_Ayt_Geometrinin_ilacı_Soru_Bankası/2020-2021-Acil-Tyt_Ayt_Geometrinin_ilacı_Soru_Bankası_p0068_q01.png	100
b5491ea5-bf13-5e71-b4e5-3397dc0fa639	2019-2020-ACİL-AYT-Matematik Soru Bankası	126	14	0.545	mid	skip		76
0a266a85-da7c-57c5-9b7d-ff5ca2ebe92c	2020-2021-Acil-Tyt Ayt Geometrinin ilacı Soru Bankası	76	7	0.727	high	apply	/static/crops/2020-2021-Acil-Tyt_Ayt_Geometrinin_ilacı_Soru_Bankası/2020-2021-Acil-Tyt_Ayt_Geometrinin_ilacı_Soru_Bankası_p0076_q01.png	102
6916d3a4-619c-5f82-abbf-be5cd0d77e1d	2020-2021-Acil-Tyt Ayt Geometrinin ilacı Soru Bankası	80	7	1.000	high	apply	/static/crops/2020-2021-Acil-Tyt_Ayt_Geometrinin_ilacı_Soru_Bankası/2020-2021-Acil-Tyt_Ayt_Geometrinin_ilacı_Soru_Bankası_p0080_q01.png	123
ac172b17-432f-594e-9c1f-14110a31b2f9	2020-2021-Acil-Tyt Ayt Geometrinin ilacı Soru Bankası	82	7	1.000	high	apply	/static/crops/2020-2021-Acil-Tyt_Ayt_Geometrinin_ilacı_Soru_Bankası/2020-2021-Acil-Tyt_Ayt_Geometrinin_ilacı_Soru_Bankası_p0082_q01.png	107
4ea08e29-e88a-527e-9c77-ffb9acab9a40	2020-2021-Acil-Tyt Ayt Geometrinin ilacı Soru Bankası	84	7	0.800	high	apply	/static/crops/2020-2021-Acil-Tyt_Ayt_Geometrinin_ilacı_Soru_Bankası/2020-2021-Acil-Tyt_Ayt_Geometrinin_ilacı_Soru_Bankası_p0084_q01.png	137
68b9b241-a6e0-5fd3-b6ef-4992389bc544	2020-2021-Acil-Tyt Ayt Geometrinin ilacı Soru Bankası	88	7	0.778	high	apply	/static/crops/2020-2021-Acil-Tyt_Ayt_Geometrinin_ilacı_Soru_Bankası/2020-2021-Acil-Tyt_Ayt_Geometrinin_ilacı_Soru_Bankası_p0088_q02.png	85
ff752913-7fd9-516b-99bc-a90612759d68	2019-2020-ACİL-AYT-Matematik Soru Bankası	168	13	0.667	mid	skip		118
047d7288-59c2-52e2-9dae-284f2edcd53f	2020-2021-Acil-Tyt Ayt Geometrinin ilacı Soru Bankası	92	7	1.000	high	apply	/static/crops/2020-2021-Acil-Tyt_Ayt_Geometrinin_ilacı_Soru_Bankası/2020-2021-Acil-Tyt_Ayt_Geometrinin_ilacı_Soru_Bankası_p0092_q01.png	92
d5add317-127a-51d4-98cc-dff3c1c8cea5	2020-2021-Acil-Tyt Ayt Geometrinin ilacı Soru Bankası	94	7	0.929	high	apply	/static/crops/2020-2021-Acil-Tyt_Ayt_Geometrinin_ilacı_Soru_Bankası/2020-2021-Acil-Tyt_Ayt_Geometrinin_ilacı_Soru_Bankası_p0094_q01.png	138
98b2dde8-fb9b-5804-9137-12c02334623d	2020-2021-Acil-Tyt Ayt Geometrinin ilacı Soru Bankası	96	7	0.833	high	apply	/static/crops/2020-2021-Acil-Tyt_Ayt_Geometrinin_ilacı_Soru_Bankası/2020-2021-Acil-Tyt_Ayt_Geometrinin_ilacı_Soru_Bankası_p0096_q01.png	106
94c3ac17-70d8-5057-89e0-6678d44cf68c	2020-2021-Acil-Tyt Ayt Geometrinin ilacı Soru Bankası	100	7	0	error	error		0
f401e8c0-0440-5438-a9fd-c48da2f7ddb0	2020-2021-Acil-Tyt Ayt Geometrinin ilacı Soru Bankası	102	7	0	error	error		0
485f8957-0973-5944-b4da-873ce779ee7b	2020-2021-Acil-Tyt Ayt Geometrinin ilacı Soru Bankası	114	7	1.000	high	apply	/static/crops/2020-2021-Acil-Tyt_Ayt_Geometrinin_ilacı_Soru_Bankası/2020-2021-Acil-Tyt_Ayt_Geometrinin_ilacı_Soru_Bankası_p0114_q01.png	106
bbea4669-c47f-5a9a-933f-9cc882cd521a	2020-2021-Acil-Tyt Ayt Geometrinin ilacı Soru Bankası	118	7	0.800	high	apply	/static/crops/2020-2021-Acil-Tyt_Ayt_Geometrinin_ilacı_Soru_Bankası/2020-2021-Acil-Tyt_Ayt_Geometrinin_ilacı_Soru_Bankası_p0118_q01.png	111
19868612-fbbe-5e5f-86f3-1ab9be68f2ab	2020-2021-Acil-Tyt Ayt Geometrinin ilacı Soru Bankası	126	7	1.000	high	apply	/static/crops/2020-2021-Acil-Tyt_Ayt_Geometrinin_ilacı_Soru_Bankası/2020-2021-Acil-Tyt_Ayt_Geometrinin_ilacı_Soru_Bankası_p0126_q01.png	94
f0ccef7e-740f-5f30-9d8b-4f837844e0fa	2020-2021-Acil-Tyt Ayt Geometrinin ilacı Soru Bankası	130	7	1.000	high	apply	/static/crops/2020-2021-Acil-Tyt_Ayt_Geometrinin_ilacı_Soru_Bankası/2020-2021-Acil-Tyt_Ayt_Geometrinin_ilacı_Soru_Bankası_p0130_q01.png	110
c5a45f0f-1772-5f35-b691-2f6707367044	2020-2021-Acil-Tyt Ayt Geometrinin ilacı Soru Bankası	136	7	0.583	mid	skip		97
08191a06-b136-5448-98d7-b9f17de710be	2020-2021-Acil-Tyt Ayt Geometrinin ilacı Soru Bankası	138	7	0.917	high	apply	/static/crops/2020-2021-Acil-Tyt_Ayt_Geometrinin_ilacı_Soru_Bankası/2020-2021-Acil-Tyt_Ayt_Geometrinin_ilacı_Soru_Bankası_p0138_q01.png	104
ddd65dff-e0f6-5646-a46a-b512a1e52841	2020-2021-Acil-Tyt Ayt Geometrinin ilacı Soru Bankası	140	7	0.667	mid	skip		104
b311e228-546f-5704-8b52-ace3442045d7	2020-2021-Acil-Tyt Ayt Geometrinin ilacı Soru Bankası	150	7	1.000	high	apply	/static/crops/2020-2021-Acil-Tyt_Ayt_Geometrinin_ilacı_Soru_Bankası/2020-2021-Acil-Tyt_Ayt_Geometrinin_ilacı_Soru_Bankası_p0150_q01.png	114
aa484594-b59b-5ee4-8d43-cdf7891ee67e	2020-2021-Acil-Tyt Ayt Geometrinin ilacı Soru Bankası	158	7	0.867	high	apply	/static/crops/2020-2021-Acil-Tyt_Ayt_Geometrinin_ilacı_Soru_Bankası/2020-2021-Acil-Tyt_Ayt_Geometrinin_ilacı_Soru_Bankası_p0158_q01.png	145
70016505-8d8c-5705-8aee-1f2720d3c4ce	2020-2021-Acil-Tyt Ayt Geometrinin ilacı Soru Bankası	160	7	0.824	high	apply	/static/crops/2020-2021-Acil-Tyt_Ayt_Geometrinin_ilacı_Soru_Bankası/2020-2021-Acil-Tyt_Ayt_Geometrinin_ilacı_Soru_Bankası_p0160_q01.png	182
acd5bdcc-c6a8-5a34-9e7b-4eb4c05b06ed	2019-2020-ACİL-AYT-Matematik Soru Bankası	404	12	0.765	high	apply	/static/crops/2019-2020-ACİL-AYT-Matematik_Soru_Bankası/2019-2020-ACİL-AYT-Matematik_Soru_Bankası_p0404_q04.png	175
db5661e9-a6ac-5a3f-a5ec-ac731a1d64b6	2020-2021-Acil-Tyt Ayt Geometrinin ilacı Soru Bankası	162	7	0.643	mid	skip		111
e4d9bba3-c61f-5482-9434-80f981a2dcb3	2020-2021-Acil-Tyt Ayt Geometrinin ilacı Soru Bankası	164	7	0.643	mid	skip		114
839c7f38-4c32-5938-994b-80f6d99d3557	2020-2021-Acil-Tyt Ayt Geometrinin ilacı Soru Bankası	174	7	0.889	high	apply	/static/crops/2020-2021-Acil-Tyt_Ayt_Geometrinin_ilacı_Soru_Bankası/2020-2021-Acil-Tyt_Ayt_Geometrinin_ilacı_Soru_Bankası_p0174_q02.png	85
c7163462-eb0e-5168-8ba9-b5e7a9cfe268	2020-2021-Acil-Tyt Ayt Geometrinin ilacı Soru Bankası	180	7	0.727	high	apply	/static/crops/2020-2021-Acil-Tyt_Ayt_Geometrinin_ilacı_Soru_Bankası/2020-2021-Acil-Tyt_Ayt_Geometrinin_ilacı_Soru_Bankası_p0180_q01.png	130
78c8d252-0e50-52c8-abe1-29c13e96956d	2020-2021-Acil-Tyt Ayt Geometrinin ilacı Soru Bankası	182	7	0.800	high	apply	/static/crops/2020-2021-Acil-Tyt_Ayt_Geometrinin_ilacı_Soru_Bankası/2020-2021-Acil-Tyt_Ayt_Geometrinin_ilacı_Soru_Bankası_p0182_q01.png	109
08f55cce-5885-5cab-b4d7-8686321fa927	2020-2021-Acil-Tyt Ayt Geometrinin ilacı Soru Bankası	184	7	0.750	high	apply	/static/crops/2020-2021-Acil-Tyt_Ayt_Geometrinin_ilacı_Soru_Bankası/2020-2021-Acil-Tyt_Ayt_Geometrinin_ilacı_Soru_Bankası_p0184_q01.png	109
03d10203-5714-5612-b2a4-347ac53f2de5	2020-2021-Acil-Tyt Ayt Geometrinin ilacı Soru Bankası	196	7	0.818	high	apply	/static/crops/2020-2021-Acil-Tyt_Ayt_Geometrinin_ilacı_Soru_Bankası/2020-2021-Acil-Tyt_Ayt_Geometrinin_ilacı_Soru_Bankası_p0196_q01.png	106
92f45aaf-57e1-54d8-8f8e-8427ccb038cd	2020-2021-Acil-Tyt Ayt Geometrinin ilacı Soru Bankası	202	7	0.938	high	apply	/static/crops/2020-2021-Acil-Tyt_Ayt_Geometrinin_ilacı_Soru_Bankası/2020-2021-Acil-Tyt_Ayt_Geometrinin_ilacı_Soru_Bankası_p0202_q01.png	138
b5b9ac3f-af2d-5d24-bf68-6d8d5b811730	2020-2021-Acil-Tyt Ayt Geometrinin ilacı Soru Bankası	218	7	0.882	high	apply	/static/crops/2020-2021-Acil-Tyt_Ayt_Geometrinin_ilacı_Soru_Bankası/2020-2021-Acil-Tyt_Ayt_Geometrinin_ilacı_Soru_Bankası_p0218_q01.png	144
e9304e4f-e4c4-5633-9bfd-011eb181896a	2020-2021-Acil-Tyt Ayt Geometrinin ilacı Soru Bankası	226	7	0.824	high	apply	/static/crops/2020-2021-Acil-Tyt_Ayt_Geometrinin_ilacı_Soru_Bankası/2020-2021-Acil-Tyt_Ayt_Geometrinin_ilacı_Soru_Bankası_p0226_q01.png	162
bad41360-5a61-5f44-8a4b-8b8e17d600af	2020-2021-Acil-Tyt Ayt Geometrinin ilacı Soru Bankası	238	7	0.933	high	apply	/static/crops/2020-2021-Acil-Tyt_Ayt_Geometrinin_ilacı_Soru_Bankası/2020-2021-Acil-Tyt_Ayt_Geometrinin_ilacı_Soru_Bankası_p0238_q01.png	160
dbe131e7-b9f9-5d93-b8b0-aba694f2a400	Neofizik Ayt Fizik Soru Bankası 2025	168	5	0.810	high	apply	/static/crops/Neofizik_Ayt_Fizik_Soru_Bankası_2025/Neofizik_Ayt_Fizik_Soru_Bankası_2025_p0168_q01.png	229
24a2c185-79ad-5b9c-823f-11015669a252	2023-2024 ACİL- AYT Matematik Soru Bankası	273	8	0.857	high	apply	/static/crops/2023-2024_ACİL-_AYT_Matematik_Soru_Bankası/2023-2024_ACİL-_AYT_Matematik_Soru_Bankası_p0273_q02.png	180
b8e72733-3540-576e-b111-7d410ba27af5	2020-2021-ACİL-AYT Matematik Soru Bankası	159	14	0.950	high	apply	/static/crops/2020-2021-ACİL-AYT_Matematik_Soru_Bankası/2020-2021-ACİL-AYT_Matematik_Soru_Bankası_p0159_q01.png	175
48cc7852-4146-5b16-b100-80f65d91e439	2020-2021-ACİL-AYT Matematik Soru Bankası	345	9	0.929	high	apply	/static/crops/2020-2021-ACİL-AYT_Matematik_Soru_Bankası/2020-2021-ACİL-AYT_Matematik_Soru_Bankası_p0345_q01.png	132
5a87ec0e-b2e9-5007-ac71-53a660ec3aad	2020-2021-ACİL-AYT Matematik Soru Bankası	348	11	0.900	high	apply	/static/crops/2020-2021-ACİL-AYT_Matematik_Soru_Bankası/2020-2021-ACİL-AYT_Matematik_Soru_Bankası_p0348_q01.png	108
9f32f64f-79a0-5eb5-bc37-0a1c2278e3ca	2020-2021-ACİL-AYT Matematik Soru Bankası	361	6	1.000	high	apply	/static/crops/2020-2021-ACİL-AYT_Matematik_Soru_Bankası/2020-2021-ACİL-AYT_Matematik_Soru_Bankası_p0361_q01.png	138
4fa94aab-7c46-5231-a9dc-80afea06560c	2020-2021-ACİL-TYT Matematik Soru Bankası	34	9	0	error	error		0
622fc3ce-85d6-585e-87ce-2f1726153476	Mikro-2024-Tyt Ayt-Geometri Soru Bankası	392	10	1.000	high	apply	/static/crops/Mikro-2024-Tyt_Ayt-Geometri_Soru_Bankası/Mikro-2024-Tyt_Ayt-Geometri_Soru_Bankası_p0392_q04.png	111
630a3471-926f-5d1c-a9d7-f56bf7c6c8f3	2023-2024-ACİL-TYT-AYT Geometri Soru Bankası	7	10	0.714	high	apply	/static/crops/2023-2024-ACİL-TYT-AYT_Geometri_Soru_Bankası/2023-2024-ACİL-TYT-AYT_Geometri_Soru_Bankası_p0007_q04.png	80
2ae3ab50-a018-5635-a4a1-8fb0a0077a1e	2021-2022-Apotemi-Trigonometri	75	6	0.833	high	apply	/static/crops/2021-2022-Apotemi-Trigonometri/2021-2022-Apotemi-Trigonometri_p0075_q01.png	73
56ca65de-0497-5aa4-a724-62e11209f696	2021-2022-Apotemi-Trigonometri	76	11	0	error	error		0
40ae8740-d3ba-5d37-bd8b-d3e4a763a5cc	2021-2022-Apotemi-Trigonometri	136	6	0	error	error		0
2155b580-3e17-5b6a-b10b-74e078e695c1	2023-2024-ACİL-TYT-AYT Geometri Soru Bankası	28	12	1.000	high	apply	/static/crops/2023-2024-ACİL-TYT-AYT_Geometri_Soru_Bankası/2023-2024-ACİL-TYT-AYT_Geometri_Soru_Bankası_p0028_q05.png	95
6f6a058f-9f4b-50d8-831b-e4aa0227eecf	2023-2024-ACİL-TYT-AYT Geometri Soru Bankası	50	11	0.812	high	apply	/static/crops/2023-2024-ACİL-TYT-AYT_Geometri_Soru_Bankası/2023-2024-ACİL-TYT-AYT_Geometri_Soru_Bankası_p0050_q03.png	131
fc9be17d-f250-5a54-a0b4-c74959223f70	2023-2024-ACİL-TYT-AYT Geometri Soru Bankası	50	13	0.933	high	apply	/static/crops/2023-2024-ACİL-TYT-AYT_Geometri_Soru_Bankası/2023-2024-ACİL-TYT-AYT_Geometri_Soru_Bankası_p0050_q02.png	170
6e147025-da35-5dc6-8dd6-3db8a3ab310d	2023-2024-ACİL-TYT-AYT Geometri Soru Bankası	68	11	0.667	mid	skip		85
407a4ae2-65d9-5b68-835a-a3c347c24371	2023-2024-ACİL-TYT-AYT Geometri Soru Bankası	68	12	1.000	high	apply	/static/crops/2023-2024-ACİL-TYT-AYT_Geometri_Soru_Bankası/2023-2024-ACİL-TYT-AYT_Geometri_Soru_Bankası_p0068_q05.png	94
b3b3ce37-0210-5b61-9757-d2ed82d565dc	2023-2024-ACİL-TYT-AYT Geometri Soru Bankası	71	12	0.909	high	apply	/static/crops/2023-2024-ACİL-TYT-AYT_Geometri_Soru_Bankası/2023-2024-ACİL-TYT-AYT_Geometri_Soru_Bankası_p0071_q05.png	112
9766dfea-9c5d-5092-8f80-62cdb41f9fe9	2023-2024-ACİL-TYT-AYT Geometri Soru Bankası	71	13	0.900	high	apply	/static/crops/2023-2024-ACİL-TYT-AYT_Geometri_Soru_Bankası/2023-2024-ACİL-TYT-AYT_Geometri_Soru_Bankası_p0071_q02.png	97
cc35e9a1-cbc0-5d13-b929-51a773f48b7a	2023-2024-ACİL-TYT-AYT-Geometrinin İlacı	20	10	0.667	mid	skip		132
3ba4cea2-e2ec-50de-8574-b9cb33014797	2023-2024-ACİL-TYT-AYT-Geometrinin İlacı	20	11	0	error	error		0
a086e763-61c7-5aa5-81ac-ceaf2b5f08de	2023-2024-ACİL-TYT-AYT-Geometrinin İlacı	24	10	0.846	high	apply	/static/crops/2023-2024-ACİL-TYT-AYT-Geometrinin_İlacı/2023-2024-ACİL-TYT-AYT-Geometrinin_İlacı_p0024_q01.png	97
4a68d691-7339-52d7-8b17-2c3a8320c373	2023-2024-ACİL-TYT-AYT-Geometrinin İlacı	24	11	0.462	low	skip		105
74f3011c-a85c-524f-b0c3-19674eff0d2d	2023-2024-ACİL-TYT-AYT-Geometrinin İlacı	26	9	0.812	high	apply	/static/crops/2023-2024-ACİL-TYT-AYT-Geometrinin_İlacı/2023-2024-ACİL-TYT-AYT-Geometrinin_İlacı_p0026_q06.png	162
662427cb-2ce2-5564-b6ad-d3557b7bcf69	2023-2024-ACİL-TYT-AYT-Geometrinin İlacı	26	10	1.000	high	apply	/static/crops/2023-2024-ACİL-TYT-AYT-Geometrinin_İlacı/2023-2024-ACİL-TYT-AYT-Geometrinin_İlacı_p0026_q02.png	117
4eaf12b2-90fc-51d7-9cf3-83fb017a64de	2023-2024-ACİL-TYT-AYT-Geometrinin İlacı	26	11	0.818	high	apply	/static/crops/2023-2024-ACİL-TYT-AYT-Geometrinin_İlacı/2023-2024-ACİL-TYT-AYT-Geometrinin_İlacı_p0026_q03.png	93
e4d01e92-7648-5efb-bfc0-28dd2a3f6570	2023-2024-ACİL-TYT-AYT-Geometrinin İlacı	30	9	0.571	mid	skip		129
e81a831f-01c3-580b-b518-5e234bc526e0	2023-2024-ACİL-TYT-AYT-Geometrinin İlacı	30	10	0.571	mid	skip		131
b599b9b3-1ae6-531b-97d8-99bab7492ede	2023-2024-ACİL-TYT-AYT-Geometrinin İlacı	30	11	0.538	mid	skip		104
5b892b02-938c-5e32-9c07-58c7a8ce89d7	2023-2024-ACİL-TYT-AYT-Geometrinin İlacı	82	10	0.818	high	apply	/static/crops/2023-2024-ACİL-TYT-AYT-Geometrinin_İlacı/2023-2024-ACİL-TYT-AYT-Geometrinin_İlacı_p0082_q02.png	94
0b2d7d01-a7c9-5428-adf2-d7a2c285eb37	2023-2024-ACİL-TYT-AYT-Geometrinin İlacı	82	8	1.000	high	apply	/static/crops/2023-2024-ACİL-TYT-AYT-Geometrinin_İlacı/2023-2024-ACİL-TYT-AYT-Geometrinin_İlacı_p0082_q04.png	91
c4423fc9-d21b-5fe9-acdd-9ad949370b9e	2023-2024-ACİL-TYT-AYT-Geometrinin İlacı	84	8	0.917	high	apply	/static/crops/2023-2024-ACİL-TYT-AYT-Geometrinin_İlacı/2023-2024-ACİL-TYT-AYT-Geometrinin_İlacı_p0084_q04.png	116
1528e20e-6386-50ee-b0e7-16359bc71f22	2023-2024-ACİL-TYT-AYT-Geometrinin İlacı	84	9	1.000	high	apply	/static/crops/2023-2024-ACİL-TYT-AYT-Geometrinin_İlacı/2023-2024-ACİL-TYT-AYT-Geometrinin_İlacı_p0084_q06.png	117
224f972f-c88a-539c-8a78-4e9e8f45ea34	2023-2024-ACİL-TYT-AYT-Geometrinin İlacı	86	8	0	error	error		0
7cc1d8ef-bb8d-5e7b-81ed-824794ccded4	2023-2024-ACİL-TYT-AYT-Geometrinin İlacı	86	11	0.667	mid	skip		85
9c41511b-a7c0-51f6-be9d-8f5ea9cee3b0	2023-2024-ACİL-TYT-AYT Geometri Soru Bankası	89	14	0.875	high	apply	/static/crops/2023-2024-ACİL-TYT-AYT_Geometri_Soru_Bankası/2023-2024-ACİL-TYT-AYT_Geometri_Soru_Bankası_p0089_q04.png	139
230834b7-39dd-5550-a8d9-444d6b35dd03	2023-2024-ACİL-TYT-AYT Geometri Soru Bankası	98	11	0.727	high	apply	/static/crops/2023-2024-ACİL-TYT-AYT_Geometri_Soru_Bankası/2023-2024-ACİL-TYT-AYT_Geometri_Soru_Bankası_p0098_q01.png	101
5d82ed29-806f-51dc-8876-1792dddf6a16	2023-2024-ACİL-TYT-AYT Geometri Soru Bankası	209	14	0.923	high	apply	/static/crops/2023-2024-ACİL-TYT-AYT_Geometri_Soru_Bankası/2023-2024-ACİL-TYT-AYT_Geometri_Soru_Bankası_p0209_q02.png	101
97f09ab4-cc1e-5adf-b070-904865e3cc22	2023-2024-ACİL-TYT-AYT Geometri Soru Bankası	209	15	0.700	high	apply	/static/crops/2023-2024-ACİL-TYT-AYT_Geometri_Soru_Bankası/2023-2024-ACİL-TYT-AYT_Geometri_Soru_Bankası_p0209_q04.png	96
4a62754f-f48b-5575-87cf-12e79ffd251c	2023-2024-ACİL-TYT-AYT Geometri Soru Bankası	229	13	1.000	high	apply	/static/crops/2023-2024-ACİL-TYT-AYT_Geometri_Soru_Bankası/2023-2024-ACİL-TYT-AYT_Geometri_Soru_Bankası_p0229_q02.png	104
5aeea23b-a49a-5ed9-8fdd-df6f272c91cc	2023-2024-ACİL-TYT-AYT-Geometrinin İlacı	44	9	1.000	high	apply	/static/crops/2023-2024-ACİL-TYT-AYT-Geometrinin_İlacı/2023-2024-ACİL-TYT-AYT-Geometrinin_İlacı_p0044_q06.png	110
06133c2a-6f61-5e90-97cc-7543374ca60f	2023-2024-ACİL-TYT-AYT-Geometrinin İlacı	44	11	0.900	high	apply	/static/crops/2023-2024-ACİL-TYT-AYT-Geometrinin_İlacı/2023-2024-ACİL-TYT-AYT-Geometrinin_İlacı_p0044_q03.png	102
fe3a423a-3fa7-5e7c-a18e-83081b604321	2023-2024-ACİL-TYT-AYT-Geometrinin İlacı	46	10	0.800	high	apply	/static/crops/2023-2024-ACİL-TYT-AYT-Geometrinin_İlacı/2023-2024-ACİL-TYT-AYT-Geometrinin_İlacı_p0046_q02.png	102
d9e2485d-0bc8-54dd-9c6b-81a5cc04afab	2023-2024-ACİL-TYT-AYT-Geometrinin İlacı	46	11	0.818	high	apply	/static/crops/2023-2024-ACİL-TYT-AYT-Geometrinin_İlacı/2023-2024-ACİL-TYT-AYT-Geometrinin_İlacı_p0046_q04.png	99
3fc9d54f-ec8f-5bb0-b6ac-0e0f0595361d	2023-2024-ACİL-TYT-AYT-Geometrinin İlacı	66	10	0.692	mid	skip		110
605fda12-cefe-5e46-867b-596b971c83b8	2023-2024-ACİL-TYT-AYT-Geometrinin İlacı	136	11	1.000	high	apply	/static/crops/2023-2024-ACİL-TYT-AYT-Geometrinin_İlacı/2023-2024-ACİL-TYT-AYT-Geometrinin_İlacı_p0136_q03.png	98
dadf4552-215a-568c-bcd8-a80b35748230	2023-2024-ACİL-TYT-AYT-Geometrinin İlacı	138	11	0.667	mid	skip		99
b660079b-dfce-562b-b260-c5ae7be09e9b	2023-2024-ACİL-TYT-AYT-Geometrinin İlacı	142	8	1.000	high	apply	/static/crops/2023-2024-ACİL-TYT-AYT-Geometrinin_İlacı/2023-2024-ACİL-TYT-AYT-Geometrinin_İlacı_p0142_q04.png	119
2fc2c3e1-30dc-5eb0-b994-acd512409ec3	2023-2024-ACİL-TYT-AYT-Geometrinin İlacı	142	9	1.000	high	apply	/static/crops/2023-2024-ACİL-TYT-AYT-Geometrinin_İlacı/2023-2024-ACİL-TYT-AYT-Geometrinin_İlacı_p0142_q06.png	110
9d49540e-296f-572a-bbc3-43da553514c8	2023-2024-ACİL-TYT-AYT-Geometrinin İlacı	164	9	0	error	error		0
113d845b-10c7-5613-8b30-d5a13d132c4b	2020-2021-Acil-Tyt Ayt Geometrinin ilacı Soru Bankası	4	8	0.429	low	skip		111
ebd48f2b-8c5c-5dd3-b9df-2b5b62a9418c	2023-2024-ACİL-TYT-AYT-Geometrinin İlacı	88	8	0.786	high	apply	/static/crops/2023-2024-ACİL-TYT-AYT-Geometrinin_İlacı/2023-2024-ACİL-TYT-AYT-Geometrinin_İlacı_p0088_q04.png	133
ff6fd5e2-c84a-5258-9515-84616a7668bf	2023-2024 ACİL- AYT Matematik Soru Bankası	62	8	1.000	high	apply	/static/crops/2023-2024_ACİL-_AYT_Matematik_Soru_Bankası/2023-2024_ACİL-_AYT_Matematik_Soru_Bankası_p0062_q02.png	90
b5180325-8040-5020-b85a-eff6b03efc4b	2020-2021-Acil-Tyt Ayt Geometrinin ilacı Soru Bankası	6	8	0.375	low	skip		124
e5083ae6-c446-5080-99cb-960c434536cd	2023-2024 ACİL- AYT Matematik Soru Bankası	76	5	0.887	high	apply	/static/crops/2023-2024_ACİL-_AYT_Matematik_Soru_Bankası/2023-2024_ACİL-_AYT_Matematik_Soru_Bankası_p0076_q02.png	640
8d628db1-4d90-53f1-aa13-ae19486ba146	2023-2024-ACİL-TYT-AYT Geometri Soru Bankası	131	13	0.571	mid	skip		109
4b9fadff-7333-5fbe-9685-4ebb20034471	2023-2024-ACİL-TYT-AYT Geometri Soru Bankası	137	14	0.909	high	apply	/static/crops/2023-2024-ACİL-TYT-AYT_Geometri_Soru_Bankası/2023-2024-ACİL-TYT-AYT_Geometri_Soru_Bankası_p0137_q04.png	111
16bcc811-f58a-55df-a9cd-941732cadc33	2023-2024-ACİL-TYT-AYT Geometri Soru Bankası	158	15	0.833	high	apply	/static/crops/2023-2024-ACİL-TYT-AYT_Geometri_Soru_Bankası/2023-2024-ACİL-TYT-AYT_Geometri_Soru_Bankası_p0158_q04.png	110
c1fd4b64-58ab-5b35-aee4-b24c5369dec2	2023-2024-ACİL-TYT-AYT-Geometrinin İlacı	4	10	0.250	low	skip		115
60ddcedb-90bd-5d91-881e-8d171938b66b	2023-2024-ACİL-TYT-AYT-Geometrinin İlacı	14	10	0.625	mid	skip		86
8fe2a02b-74a5-579b-8257-d47d945dad00	2020-2021-Acil-Tyt Ayt Geometrinin ilacı Soru Bankası	14	8	0.667	mid	skip		95
3fad4a31-9bf6-5bcc-bfe3-0182803d154f	2020-2021-Acil-Tyt Ayt Geometrinin ilacı Soru Bankası	14	9	1.000	high	apply	/static/crops/2020-2021-Acil-Tyt_Ayt_Geometrinin_ilacı_Soru_Bankası/2020-2021-Acil-Tyt_Ayt_Geometrinin_ilacı_Soru_Bankası_p0014_q06.png	116
07326196-0389-5dcd-b767-afcf721b4e02	2020-2021-Acil-Tyt Ayt Geometrinin ilacı Soru Bankası	18	11	0.875	high	apply	/static/crops/2020-2021-Acil-Tyt_Ayt_Geometrinin_ilacı_Soru_Bankası/2020-2021-Acil-Tyt_Ayt_Geometrinin_ilacı_Soru_Bankası_p0018_q04.png	77
112c6ced-9073-5888-9037-983fa0237904	2023-2024-ACİL-TYT-AYT-Geometrinin İlacı	14	11	0.750	high	apply	/static/crops/2023-2024-ACİL-TYT-AYT-Geometrinin_İlacı/2023-2024-ACİL-TYT-AYT-Geometrinin_İlacı_p0014_q03.png	82
ca25f9f9-902a-5bd6-afea-8b43e5a1a355	2023-2024-ACİL-TYT-AYT-Geometrinin İlacı	60	9	1.000	high	apply	/static/crops/2023-2024-ACİL-TYT-AYT-Geometrinin_İlacı/2023-2024-ACİL-TYT-AYT-Geometrinin_İlacı_p0060_q06.png	100
432a8078-9e01-50a2-a232-6bdef68a7b89	2020-2021-Acil-Tyt Ayt Geometrinin ilacı Soru Bankası	40	11	1.000	high	apply	/static/crops/2020-2021-Acil-Tyt_Ayt_Geometrinin_ilacı_Soru_Bankası/2020-2021-Acil-Tyt_Ayt_Geometrinin_ilacı_Soru_Bankası_p0040_q03.png	136
d9612be4-0dc5-53f1-b04a-ed4f9ce783de	2023-2024-ACİL-TYT-AYT-Geometrinin İlacı	60	10	0.933	high	apply	/static/crops/2023-2024-ACİL-TYT-AYT-Geometrinin_İlacı/2023-2024-ACİL-TYT-AYT-Geometrinin_İlacı_p0060_q02.png	143
8acf414c-b418-5b18-8b52-9ae3f698b08f	2023-2024-ACİL-TYT-AYT-Geometrinin İlacı	96	10	0.769	high	apply	/static/crops/2023-2024-ACİL-TYT-AYT-Geometrinin_İlacı/2023-2024-ACİL-TYT-AYT-Geometrinin_İlacı_p0096_q02.png	146
5f94f7d0-9de4-53c2-b5e1-5dce009be174	2020-2021-Acil-Tyt Ayt Geometrinin ilacı Soru Bankası	60	9	1.000	high	apply	/static/crops/2020-2021-Acil-Tyt_Ayt_Geometrinin_ilacı_Soru_Bankası/2020-2021-Acil-Tyt_Ayt_Geometrinin_ilacı_Soru_Bankası_p0060_q06.png	100
76315ff2-13c7-556b-9289-3397c5451f1e	2020-2021-Acil-Tyt Ayt Geometrinin ilacı Soru Bankası	62	8	0.923	high	apply	/static/crops/2020-2021-Acil-Tyt_Ayt_Geometrinin_ilacı_Soru_Bankası/2020-2021-Acil-Tyt_Ayt_Geometrinin_ilacı_Soru_Bankası_p0062_q04.png	109
b9fc114f-ad7f-52f1-b719-a039984a66f3	2023-2024-ACİL-TYT-AYT-Geometrinin İlacı	96	11	0.900	high	apply	/static/crops/2023-2024-ACİL-TYT-AYT-Geometrinin_İlacı/2023-2024-ACİL-TYT-AYT-Geometrinin_İlacı_p0096_q03.png	107
0e81db1c-b4d0-538b-9517-d91aa32c94a9	2020-2021-Acil-Tyt Ayt Geometrinin ilacı Soru Bankası	82	8	1.000	high	apply	/static/crops/2020-2021-Acil-Tyt_Ayt_Geometrinin_ilacı_Soru_Bankası/2020-2021-Acil-Tyt_Ayt_Geometrinin_ilacı_Soru_Bankası_p0082_q03.png	91
b080b076-1f12-5b12-8b93-abaed4b61475	2020-2021-Acil-Tyt Ayt Geometrinin ilacı Soru Bankası	84	8	0.667	mid	skip		116
71e26e96-b4f7-50dc-b85d-70318d09330e	2023-2024-ACİL-TYT-AYT-Geometrinin İlacı	108	8	0.667	mid	skip		95
832ba31e-feb6-5b19-b218-b29d04f2f516	2020-2021-Acil-Tyt Ayt Geometrinin ilacı Soru Bankası	102	10	1.000	high	apply	/static/crops/2020-2021-Acil-Tyt_Ayt_Geometrinin_ilacı_Soru_Bankası/2020-2021-Acil-Tyt_Ayt_Geometrinin_ilacı_Soru_Bankası_p0102_q02.png	146
d3ea6da5-432f-57e1-8a1d-fece31d37f0e	2023-2024-ACİL-TYT-AYT-Geometrinin İlacı	146	8	0.800	high	apply	/static/crops/2023-2024-ACİL-TYT-AYT-Geometrinin_İlacı/2023-2024-ACİL-TYT-AYT-Geometrinin_İlacı_p0146_q04.png	81
18a14f33-38b7-512e-b7e3-f9195c72161c	2023-2024-ACİL-TYT-AYT-Geometrinin İlacı	146	10	1.000	high	apply	/static/crops/2023-2024-ACİL-TYT-AYT-Geometrinin_İlacı/2023-2024-ACİL-TYT-AYT-Geometrinin_İlacı_p0146_q02.png	89
ee66f726-9963-573c-b05e-48f530e3a68a	2020-2021-Acil-Tyt Ayt Geometrinin ilacı Soru Bankası	118	10	0.867	high	apply	/static/crops/2020-2021-Acil-Tyt_Ayt_Geometrinin_ilacı_Soru_Bankası/2020-2021-Acil-Tyt_Ayt_Geometrinin_ilacı_Soru_Bankası_p0118_q02.png	117
dc0ac887-ab59-51a3-8270-3392422a5505	2020-2021-Acil-Tyt Ayt Geometrinin ilacı Soru Bankası	120	9	0.889	high	apply	/static/crops/2020-2021-Acil-Tyt_Ayt_Geometrinin_ilacı_Soru_Bankası/2020-2021-Acil-Tyt_Ayt_Geometrinin_ilacı_Soru_Bankası_p0120_q06.png	84
a0fce6eb-0f61-52f9-85ee-cb80c2de74a5	2023-2024 ACİL- AYT Matematik Soru Bankası	142	5	0.857	high	apply	/static/crops/2023-2024_ACİL-_AYT_Matematik_Soru_Bankası/2023-2024_ACİL-_AYT_Matematik_Soru_Bankası_p0142_q02.png	132
06b0840c-bd5e-5b64-ad01-8a746a3c1843	2020-2021-Acil-Tyt Ayt Geometrinin ilacı Soru Bankası	126	10	1.000	high	apply	/static/crops/2020-2021-Acil-Tyt_Ayt_Geometrinin_ilacı_Soru_Bankası/2020-2021-Acil-Tyt_Ayt_Geometrinin_ilacı_Soru_Bankası_p0126_q02.png	101
ff9e6712-6f78-5dde-babf-510f8b9edf83	2020-2021-Acil-Tyt Ayt Geometrinin ilacı Soru Bankası	140	11	0	error	error		0
df25d467-67f2-59b0-835d-169320812ccc	2023-2024 ACİL- AYT Matematik Soru Bankası	152	7	0.833	high	apply	/static/crops/2023-2024_ACİL-_AYT_Matematik_Soru_Bankası/2023-2024_ACİL-_AYT_Matematik_Soru_Bankası_p0152_q01.png	96
5ad91b7e-afdc-5128-b68b-7255a0d5d2c9	2020-2021-Acil-Tyt Ayt Geometrinin ilacı Soru Bankası	164	8	0.938	high	apply	/static/crops/2020-2021-Acil-Tyt_Ayt_Geometrinin_ilacı_Soru_Bankası/2020-2021-Acil-Tyt_Ayt_Geometrinin_ilacı_Soru_Bankası_p0164_q04.png	125
a6bedf0d-c3c2-5beb-b6f0-091f004e22ad	CAP-2023-2024-AYT-Matematik Soru Bankası	289	6	0.778	high	apply	/static/crops/CAP-2023-2024-AYT-Matematik_Soru_Bankası/CAP-2023-2024-AYT-Matematik_Soru_Bankası_p0289_q04.png	168
a0f19a90-513f-5ed4-89c2-ef9d49be8d89	Orijinal-Tyt Ayt Geometri Soru Bankası	210	12	0.900	high	apply	/static/crops/Orijinal-Tyt_Ayt_Geometri_Soru_Bankası/Orijinal-Tyt_Ayt_Geometri_Soru_Bankası_p0210_q06.png	101
38a5b945-79c4-51ba-a184-ead70de81faa	Orijinal-2024-Ayt-Trigonometri	25	10	0.882	high	apply	/static/crops/Orijinal-2024-Ayt-Trigonometri/Orijinal-2024-Ayt-Trigonometri_p0025_q02.png	147
7f84289e-c7e0-547e-b6e5-037e9ee6574d	CAP-2022-2023-TYT AYT-Geometri Soru Bankası	75	10	0.722	high	apply	/static/crops/CAP-2022-2023-TYT_AYT-Geometri_Soru_Bankası/CAP-2022-2023-TYT_AYT-Geometri_Soru_Bankası_p0075_q05.png	178
d088a335-82f4-59d5-94df-aeb3895b2ec3	345 2025 Tyt Ayt Geometri Soru Bankası 1	107	6	1.000	high	apply	/static/crops/345_2025_Tyt_Ayt_Geometri_Soru_Bankası_1/345_2025_Tyt_Ayt_Geometri_Soru_Bankası_1_p0107_q04.png	116
c7b36f67-481a-5e1e-be70-14fec655cf7c	Mikro Orijinal-Tyt Ayt-Geometri Soru Bankası 2	214	7	0.600	mid	skip		111
41c50ff9-33ae-5a82-9105-f43a0dd818e7	345 Tyt Ayt Geometri Soru Bankası	325	9	1.000	high	apply	/static/crops/345_Tyt_Ayt_Geometri_Soru_Bankası/345_Tyt_Ayt_Geometri_Soru_Bankası_p0325_q02.png	95
417b1cbb-84da-5de6-9865-7327de604eac	2023-2024 ACİL- AYT Matematik Soru Bankası	148	5	0.750	high	apply	/static/crops/2023-2024_ACİL-_AYT_Matematik_Soru_Bankası/2023-2024_ACİL-_AYT_Matematik_Soru_Bankası_p0148_q02.png	96
a97f2615-30fa-5713-abea-7eda90385904	2020-2021-Acil-Tyt Ayt Geometrinin ilacı Soru Bankası	96	9	0.833	high	apply	/static/crops/2020-2021-Acil-Tyt_Ayt_Geometrinin_ilacı_Soru_Bankası/2020-2021-Acil-Tyt_Ayt_Geometrinin_ilacı_Soru_Bankası_p0096_q06.png	100
5bffce3f-98a5-5659-bb87-7efc95ae712d	Orijinal-2024-Geometri Soru Bankası	269	10	0.500	mid	skip		117
64100c8e-bac2-5b64-ba76-e2bb1d1c08dd	Full Matematik-2019-2020-Geometri Soru Bankası	73	9	0.909	high	apply	/static/crops/Full_Matematik-2019-2020-Geometri_Soru_Bankası/Full_Matematik-2019-2020-Geometri_Soru_Bankası_p0073_q05.png	103
ed8a1533-96fb-504b-8d8b-4e60a10653d4	C1CELL-2024-TYT-AYT-Geometri Soru Bankası	230	8	0.733	high	apply	/static/crops/C1CELL-2024-TYT-AYT-Geometri_Soru_Bankası/C1CELL-2024-TYT-AYT-Geometri_Soru_Bankası_p0230_q04.png	135
cc35e9a1-cbc0-5d13-b929-51a773f48b7a	2023-2024-ACİL-TYT-AYT-Geometrinin İlacı	20	10	0.667	mid	skip		96
f641aee4-0226-553a-bc73-2c8685e01291	CAP-2022-2023-TYT AYT-Geometri Soru Bankası	193	10	0.917	high	apply	/static/crops/CAP-2022-2023-TYT_AYT-Geometri_Soru_Bankası/CAP-2022-2023-TYT_AYT-Geometri_Soru_Bankası_p0193_q05.png	113
f0ce8c3c-e225-5e92-9f56-62821c2203d8	2020-2021-Acil-Tyt Ayt Geometrinin ilacı Soru Bankası	44	9	1.000	high	apply	/static/crops/2020-2021-Acil-Tyt_Ayt_Geometrinin_ilacı_Soru_Bankası/2020-2021-Acil-Tyt_Ayt_Geometrinin_ilacı_Soru_Bankası_p0044_q06.png	110
0591f3d0-51c2-503c-8ca8-fea4fbd81237	2020-2021-Acil-Tyt Ayt Geometrinin ilacı Soru Bankası	4	11	0.429	low	skip		81
6c8e41a4-0ff7-59b2-914d-9fb122377df0	Bilgi Sarmalı-2025-Tyt Ayt-Geometri Soru Bankası	104	12	0.923	high	apply	/static/crops/Bilgi_Sarmalı-2025-Tyt_Ayt-Geometri_Soru_Bankası/Bilgi_Sarmalı-2025-Tyt_Ayt-Geometri_Soru_Bankası_p0104_q05.png	168
dadf4552-215a-568c-bcd8-a80b35748230	2023-2024-ACİL-TYT-AYT-Geometrinin İlacı	138	11	0.667	mid	skip		99
1bb6e1b8-5149-57f3-bb66-d6f3be5c4cd5	Bilgi Sarmalı-2022-2023-Tyt Ayt-Geometri Soru Bankası	26	7	0.583	mid	skip		110
d91e2422-296f-5e25-87a6-217d30b23638	Orijinal-2024-Geometri Soru Bankası	176	11	0.929	high	apply	/static/crops/Orijinal-2024-Geometri_Soru_Bankası/Orijinal-2024-Geometri_Soru_Bankası_p0176_q04.png	149
97f23839-01cd-5515-8b2d-b818d24b36db	Mikro Orijinal-2025-Ayt-Geometri Soru Bankası	223	8	0.333	low	skip		108
ff9ca202-45c4-5f1f-bc06-e9a3629d2ef2	Mikro Orijinal-Tyt Ayt-Geometri Soru Bankası 2	216	6	0.533	mid	skip		173
8011fe4a-2149-5eb5-80b3-edcf09e698fc	Mikro Orijinal-Tyt Ayt-Geometri Soru Bankası 2	160	7	0.667	mid	skip		98
0275caf6-2718-5ab0-be3d-8cebc5687faa	Mikro Orijinal-Tyt Ayt-Geometri Soru Bankası 2	329	1	0.200	low	skip		103
7760986d-79a9-514a-aad2-61ee584b424d	2019-2020-ACİL-AYT-Matematik Soru Bankası	428	12	0.667	mid	skip		305
d03f1b1a-22fa-5536-8f9e-b3fddc5ff273	Mikro-2024-Tyt Ayt-Geometri Soru Bankası	26	9	0.625	mid	skip		91
d919e5f8-7aaf-58c8-8ebd-f545f05c5619	Mikro Orijinal-2025-Ayt-Geometri Soru Bankası	320	1	0.083	low	skip		145
d035a7d8-c81e-5c22-8258-9dad0ae22f04	Mikro Orijinal-Tyt Ayt-Geometri Soru Bankası 2	52	2	0.600	mid	skip		98
73858c3e-0036-5d91-9420-fb0fd17d8cf7	Mikro Orijinal-Tyt Ayt-Geometri Soru Bankası 2	112	9	0.091	low	skip		137
05cec5ec-1a60-55f1-b853-1abefc495ccb	Mikro-2024-Tyt Ayt-Geometri Soru Bankası	154	3	0.545	mid	skip		110
a92b3183-b912-511d-bf81-a65e1cf399e9	Mikro-2024-Tyt Ayt-Geometri Soru Bankası	286	9	0.857	high	apply	/static/crops/Mikro-2024-Tyt_Ayt-Geometri_Soru_Bankası/Mikro-2024-Tyt_Ayt-Geometri_Soru_Bankası_p0286_q01.png	118
d835d9e9-4999-59ae-8e2c-a6e70dc375e6	Mikro Orijinal-Tyt Ayt-Geometri Soru Bankası 2	367	1	0.360	low	skip		286
4bafad54-2e88-5b97-a69c-b8a021a4d2ca	Mikro Orijinal-Tyt Ayt-Geometri Soru Bankası 2	139	9	1.000	high	apply	/static/crops/Mikro_Orijinal-Tyt_Ayt-Geometri_Soru_Bankası_2/Mikro_Orijinal-Tyt_Ayt-Geometri_Soru_Bankası_2_p0139_q05.png	96
a9ab998f-f939-55b8-92c7-a6498a648419	2020-2021-Acil-Problemlerin ilacı	59	9	0.609	mid	skip		211
ec0c9070-8f77-5298-9a8e-72e5e13d6ee5	2020-2021-Acil-Tyt Ayt Geometrinin ilacı Soru Bankası	20	10	0.667	mid	skip		96
7d0575eb-21da-57c3-946b-e76790db1b6c	2020-2021-Acil-Tyt Ayt Geometrinin ilacı Soru Bankası	24	11	0.538	mid	skip		105
bdbd1686-1386-5f87-969e-9908040e159a	Mikro-2024-Tyt Ayt-Geometri Soru Bankası	24	9	0	error	error		0
7b1cbe40-aed1-52b2-8453-8531f6033278	Mikro Orijinal-Tyt Ayt-Geometri Soru Bankası 2	36	1	0	error	error		0
5214f75e-97fc-5ace-a2b5-3a35633d4dbc	2020-2021-Acil-Tyt Ayt Geometrinin ilacı Soru Bankası	26	11	0.889	high	apply	/static/crops/2020-2021-Acil-Tyt_Ayt_Geometrinin_ilacı_Soru_Bankası/2020-2021-Acil-Tyt_Ayt_Geometrinin_ilacı_Soru_Bankası_p0026_q03.png	93
75c8acbd-44a0-56ec-b30f-3525b5dee0bd	2020-2021-Acil-Tyt Ayt Geometrinin ilacı Soru Bankası	26	9	0.750	high	apply	/static/crops/2020-2021-Acil-Tyt_Ayt_Geometrinin_ilacı_Soru_Bankası/2020-2021-Acil-Tyt_Ayt_Geometrinin_ilacı_Soru_Bankası_p0026_q06.png	124
c6fd240f-8c52-5999-a435-5ace5a8d12a2	Mikro-2024-Tyt Ayt-Geometri Soru Bankası	149	15	0	error	error		0
07d4229e-1b04-5893-9f07-bc008458b342	2020-2021-Acil-Tyt Ayt Geometrinin ilacı Soru Bankası	20	8	0.800	high	apply	/static/crops/2020-2021-Acil-Tyt_Ayt_Geometrinin_ilacı_Soru_Bankası/2020-2021-Acil-Tyt_Ayt_Geometrinin_ilacı_Soru_Bankası_p0020_q04.png	91
87a10cfb-1e50-5071-9231-bf6a005d1c32	2020-2021-Acil-Tyt Ayt Geometrinin ilacı Soru Bankası	136	9	0.500	mid	skip		98
d7f472e8-4dc3-575a-8919-150ba2d5c11d	2020-2021-Acil-Tyt Ayt Geometrinin ilacı Soru Bankası	92	9	0.889	high	apply	/static/crops/2020-2021-Acil-Tyt_Ayt_Geometrinin_ilacı_Soru_Bankası/2020-2021-Acil-Tyt_Ayt_Geometrinin_ilacı_Soru_Bankası_p0092_q06.png	130
f3141e98-b06e-55ae-bb7e-5c9e5ef928a5	2020-2021-Acil-Tyt Ayt Geometrinin ilacı Soru Bankası	4	9	0.600	mid	skip		69
870579d5-7fad-59fd-be78-c86bbb37b0bf	2020-2021-Acil-Tyt Ayt Geometrinin ilacı Soru Bankası	254	12	0.429	low	skip		278
b5c54426-43c5-5f9e-80a2-78496cb9c782	Mikro Orijinal-Tyt Ayt-Geometri Soru Bankası 2	166	8	0	error	error		0
f26c0bb8-bcb5-5497-bd3a-6434cff10c59	2020-2021-Acil-Tyt Ayt Geometrinin ilacı Soru Bankası	92	11	0.727	high	apply	/static/crops/2020-2021-Acil-Tyt_Ayt_Geometrinin_ilacı_Soru_Bankası/2020-2021-Acil-Tyt_Ayt_Geometrinin_ilacı_Soru_Bankası_p0092_q03.png	109
0b22f99c-a4df-5ba3-a570-60aeaabc678a	Mikro Orijinal-Tyt Ayt-Geometri Soru Bankası 2	191	2	0.429	low	skip		135
c9c9523b-39e3-5960-84a6-a426b0b433da	2020-2021-Acil-Tyt Ayt Geometrinin ilacı Soru Bankası	84	12	0	error	error		0
ea23287b-4d18-576b-8318-dc73847a9370	2020-2021-Acil-Tyt Ayt Geometrinin ilacı Soru Bankası	14	10	0.625	mid	skip		86
0591f3d0-51c2-503c-8ca8-fea4fbd81237	2020-2021-Acil-Tyt Ayt Geometrinin ilacı Soru Bankası	4	11	0.429	low	skip		81
0585e608-e16f-570b-9216-e4f0ac647f77	2020-2021-Acil-Tyt Ayt Geometrinin ilacı Soru Bankası	6	9	0.375	low	skip		80
7691da65-ad65-5c0f-83d1-2af4bb983740	2020-2021-Acil-Tyt Ayt Geometrinin ilacı Soru Bankası	94	11	0	error	error		0
2cb90d7b-b0e9-5645-86b6-4589ef7a9bdf	2020-2021-Acil-Tyt Ayt Geometrinin ilacı Soru Bankası	74	10	1.000	high	apply	/static/crops/2020-2021-Acil-Tyt_Ayt_Geometrinin_ilacı_Soru_Bankası/2020-2021-Acil-Tyt_Ayt_Geometrinin_ilacı_Soru_Bankası_p0074_q02.png	122
ae50bb33-03b8-5b60-80b9-276b352a5310	2020-2021-Acil-Tyt Ayt Geometrinin ilacı Soru Bankası	4	10	0.375	low	skip		88
0ebdf0c3-5e2a-59b8-8702-1886ee522a69	2020-2021-Acil-Tyt Ayt Geometrinin ilacı Soru Bankası	44	10	1.000	high	apply	/static/crops/2020-2021-Acil-Tyt_Ayt_Geometrinin_ilacı_Soru_Bankası/2020-2021-Acil-Tyt_Ayt_Geometrinin_ilacı_Soru_Bankası_p0044_q01.png	125
dee00f4f-a2fb-598f-b622-d437435741be	2020-2021-Acil-Tyt Ayt Geometrinin ilacı Soru Bankası	44	11	0.600	mid	skip		102
2a2c6156-ce75-59d3-9d4c-d4fdab4f0f76	2020-2021-Acil-Tyt Ayt Geometrinin ilacı Soru Bankası	82	11	1.000	high	apply	/static/crops/2020-2021-Acil-Tyt_Ayt_Geometrinin_ilacı_Soru_Bankası/2020-2021-Acil-Tyt_Ayt_Geometrinin_ilacı_Soru_Bankası_p0082_q04.png	128
dceba00b-e6e0-5c7b-b172-2769941d6db8	2020-2021-Acil-Tyt Ayt Geometrinin ilacı Soru Bankası	16	9	0.583	mid	skip		100
297be61c-772f-52b5-a5f5-c2ab94e4a4b4	2020-2021-Acil-Tyt Ayt Geometrinin ilacı Soru Bankası	122	9	0.500	mid	skip		106
88100619-e5d3-5ed9-a49c-ae4c45461b1f	2020-2021-Acil-Tyt Ayt Geometrinin ilacı Soru Bankası	16	8	0.667	mid	skip		100
211c03d2-3e0b-5571-8b76-0e2e4dcca719	2021-2022-Apotemi-Trigonometri	76	14	0.583	mid	skip		364
8f1cfd0b-37ab-5b4a-b2d2-e2afdfa5ccd2	2020-2021-Acil-Tyt Ayt Geometrinin ilacı Soru Bankası	196	9	0.647	mid	skip		141
ed49ed31-fed3-5b85-9b03-40bf77773b3e	2020-2021-Acil-Tyt Ayt Geometrinin ilacı Soru Bankası	164	9	0.538	mid	skip		116
54523b8b-be85-549a-8c09-b515014b140e	2020-2021-Acil-Tyt Ayt Geometrinin ilacı Soru Bankası	160	10	0.667	mid	skip		111
369791aa-bb0e-5180-b8f9-33b507b84c94	2020-2021-Acil-Tyt Ayt Geometrinin ilacı Soru Bankası	66	10	0.692	mid	skip		110
9127e6d6-a73a-51b0-bae3-bb1d5a8afd68	2020-2021-Acil-Tyt Ayt Geometrinin ilacı Soru Bankası	160	11	0.636	mid	skip		100
f4801fe0-9cf2-5047-8b90-14e302cb41dc	2020-2021-Acil-Tyt Ayt Geometrinin ilacı Soru Bankası	212	9	0.923	high	apply	/static/crops/2020-2021-Acil-Tyt_Ayt_Geometrinin_ilacı_Soru_Bankası/2020-2021-Acil-Tyt_Ayt_Geometrinin_ilacı_Soru_Bankası_p0212_q05.png	105
e7471b24-3587-5aa7-a1d1-c4f4d2e5b928	2020-2021-ACİL-AYT Matematik Soru Bankası	168	10	0.786	high	apply	/static/crops/2020-2021-ACİL-AYT_Matematik_Soru_Bankası/2020-2021-ACİL-AYT_Matematik_Soru_Bankası_p0168_q03.png	147
cf31dcd0-7c2b-52b6-9721-0497b9ca3fc8	2020-2021-Acil-Tyt Ayt Geometrinin ilacı Soru Bankası	180	8	0	error	error		0
51610a0a-2d68-5d6f-8103-51f4a895798f	2020-2021-ACİL-AYT Matematik Soru Bankası	177	20	0.667	mid	skip		118
35d719b8-74f7-5d8b-b69f-f8b65953f96d	Mikro-2024-Tyt Ayt-Geometri Soru Bankası	26	12	0.429	low	skip		90
1ee7b617-85eb-59b3-9df4-b16274c799b8	2020-2021-Acil-Tyt Ayt Geometrinin ilacı Soru Bankası	162	9	0.688	mid	skip		141
e8f64ca3-9b29-54ab-9b8b-f45488e5345c	Mikro-2024-Tyt Ayt-Geometri Soru Bankası	24	12	1.000	high	apply	/static/crops/Mikro-2024-Tyt_Ayt-Geometri_Soru_Bankası/Mikro-2024-Tyt_Ayt-Geometri_Soru_Bankası_p0024_q07.png	88
c762bfcb-19db-5176-b6c1-49a47f91cb34	Mikro-2024-Tyt Ayt-Geometri Soru Bankası	135	12	0.909	high	apply	/static/crops/Mikro-2024-Tyt_Ayt-Geometri_Soru_Bankası/Mikro-2024-Tyt_Ayt-Geometri_Soru_Bankası_p0135_q08.png	108
0e0cf489-8ca9-5629-b9dc-0f549a4403f3	Mikro-2024-Tyt Ayt-Geometri Soru Bankası	97	13	0.917	high	apply	/static/crops/Mikro-2024-Tyt_Ayt-Geometri_Soru_Bankası/Mikro-2024-Tyt_Ayt-Geometri_Soru_Bankası_p0097_q02.png	114
44837e40-7a18-58ac-89a8-3af77e0d622a	Mikro-2024-Tyt Ayt-Geometri Soru Bankası	46	12	0.750	high	apply	/static/crops/Mikro-2024-Tyt_Ayt-Geometri_Soru_Bankası/Mikro-2024-Tyt_Ayt-Geometri_Soru_Bankası_p0046_q08.png	100
552208d4-bd13-50bd-9fc6-c6e6a8a6829c	Mikro-2024-Tyt Ayt-Geometri Soru Bankası	241	13	0.636	mid	skip		93
9a058595-3175-5ab1-b3c7-fe66ac9fbe61	2020-2021-ACİL-TYT Matematik Soru Bankası	149	12	0.233	low	skip		608
4a972c21-81ec-5ca7-a855-939f1e07a0f2	2020-2021-ACİL-AYT Matematik Soru Bankası	311	12	0.526	mid	skip		157
7d10c8ea-b384-5412-aa2c-2f6a0eb8e916	2021-2022-Apotemi-Limit	81	9	0	error	error		0
6655715c-f600-57e7-b275-8ecaf8698565	Mikro-2024-Tyt Ayt-Geometri Soru Bankası	286	11	0.625	mid	skip		88
a35ecddc-e99d-5ed5-bd27-f25b0088ae09	2021-2022-Apotemi-Trigonometri	208	9	0.833	high	apply	/static/crops/2021-2022-Apotemi-Trigonometri/2021-2022-Apotemi-Trigonometri_p0208_q05.png	105
d6301ba3-8d06-5129-aaa7-ecd59160fd39	Mikro-2024-Tyt Ayt-Geometri Soru Bankası	316	9	0	json_fail	skip		0
a361b357-f675-5193-a6cc-4bad83d6c06c	2022-Apotemi-Turev	186	10	0	json_fail	skip		0
97a72402-a773-5f64-a959-b431d328b4f6	Mikro-2024-Tyt Ayt-Geometri Soru Bankası	288	14	0	error	error		0
a0498f63-dafa-5e2e-a344-075d8352fcd1	2019-2020-Acil-Matematiğin ilacı Tyt Matematik Soru Bankası	191	9	0.325	low	skip		334
6e05fbfc-6123-5d17-950e-862dcd5a5398	2019-2020-ACİL-TYT-Soru Bankası	358	10	0	error	error		0
5249ba40-829a-52b6-b8aa-f092961f015c	2019-2020-Acil-Matematiğin ilacı Tyt Matematik Soru Bankası	71	13	0.667	mid	skip		97
b6553fd3-2cbf-5a90-b2c4-bfc70f98bffa	2023-2024 ACİL- AYT Matematik Soru Bankası	118	7	0.636	mid	skip		137
673803ce-9bdf-587e-8685-2b6eff1ee162	2023-2024 ACİL- AYT Matematik Soru Bankası	146	6	0.538	mid	skip		114
c47d4ee6-c867-5e08-93f0-d8dfdb8260b9	2021-2022-Apotemi-Limit	106	10	0.324	low	skip		395
c1b0be20-4dee-5eb3-8a28-30b048f6df25	2021-2022-Apotemi-Trigonometri	76	12	0.833	high	apply	/static/crops/2021-2022-Apotemi-Trigonometri/2021-2022-Apotemi-Trigonometri_p0076_q03.png	57
5eca644b-a922-55f9-a323-cd000c473614	2020-2021-Acil-Tyt Ayt Geometrinin ilacı Soru Bankası	4	7	0.429	low	skip		115
642bfd53-e00d-583c-a815-427b211c360c	2021-2022-Apotemi-Trigonometri	136	7	0	json_fail	skip		0
6d6874e1-50f9-5ff1-bed9-978067108599	2020-2021-Acil-Tyt Ayt Geometrinin ilacı Soru Bankası	18	7	0.600	mid	skip		97
b5491ea5-bf13-5e71-b4e5-3397dc0fa639	2019-2020-ACİL-AYT-Matematik Soru Bankası	126	14	0.545	mid	skip		76
5f774db0-8fb4-50a3-828c-4e4629761c5b	2020-2021-Acil-Tyt Ayt Geometrinin ilacı Soru Bankası	16	7	0.600	mid	skip		148
f62b1083-e0fb-52c7-bcaa-b80fa6a7b675	2020-2021-Acil-Tyt Ayt Geometrinin ilacı Soru Bankası	26	7	0.875	high	apply	/static/crops/2020-2021-Acil-Tyt_Ayt_Geometrinin_ilacı_Soru_Bankası/2020-2021-Acil-Tyt_Ayt_Geometrinin_ilacı_Soru_Bankası_p0026_q02.png	131
55a943d2-f4da-5b2c-ae11-33401cb48136	2021-2022-Apotemi-Trigonometri	136	9	0	error	error		0
ff752913-7fd9-516b-99bc-a90612759d68	2019-2020-ACİL-AYT-Matematik Soru Bankası	168	13	0.667	mid	skip		122
94c3ac17-70d8-5057-89e0-6678d44cf68c	2020-2021-Acil-Tyt Ayt Geometrinin ilacı Soru Bankası	100	7	0.909	high	apply	/static/crops/2020-2021-Acil-Tyt_Ayt_Geometrinin_ilacı_Soru_Bankası/2020-2021-Acil-Tyt_Ayt_Geometrinin_ilacı_Soru_Bankası_p0100_q01.png	108
ddd65dff-e0f6-5646-a46a-b512a1e52841	2020-2021-Acil-Tyt Ayt Geometrinin ilacı Soru Bankası	140	7	0.667	mid	skip		104
c5a45f0f-1772-5f35-b691-2f6707367044	2020-2021-Acil-Tyt Ayt Geometrinin ilacı Soru Bankası	136	7	0.583	mid	skip		97
db5661e9-a6ac-5a3f-a5ec-ac731a1d64b6	2020-2021-Acil-Tyt Ayt Geometrinin ilacı Soru Bankası	162	7	0.643	mid	skip		111
52654f6e-6f82-5fd0-824d-ffdda8ca702f	Neofizik Ayt Fizik Soru Bankası 2025	28	5	0.426	low	skip		427
e4d9bba3-c61f-5482-9434-80f981a2dcb3	2020-2021-Acil-Tyt Ayt Geometrinin ilacı Soru Bankası	164	7	0.643	mid	skip		114
6bf9bc7b-b6ca-5c35-9d0a-55023059aece	2022-Apotemi-Turev	186	9	0	error	error		0
8b81269b-12e7-5ce5-9178-d9f1c1451e7d	2023-2024 ACİL- AYT Matematik Soru Bankası	166	11	0	error	error		0
6e147025-da35-5dc6-8dd6-3db8a3ab310d	2023-2024-ACİL-TYT-AYT Geometri Soru Bankası	68	11	0.667	mid	skip		85
cc35e9a1-cbc0-5d13-b929-51a773f48b7a	2023-2024-ACİL-TYT-AYT-Geometrinin İlacı	20	10	0.667	mid	skip		132
4a68d691-7339-52d7-8b17-2c3a8320c373	2023-2024-ACİL-TYT-AYT-Geometrinin İlacı	24	11	0.462	low	skip		105
e4d01e92-7648-5efb-bfc0-28dd2a3f6570	2023-2024-ACİL-TYT-AYT-Geometrinin İlacı	30	9	0.571	mid	skip		129
f401e8c0-0440-5438-a9fd-c48da2f7ddb0	2020-2021-Acil-Tyt Ayt Geometrinin ilacı Soru Bankası	102	7	0	error	error		0
e81a831f-01c3-580b-b518-5e234bc526e0	2023-2024-ACİL-TYT-AYT-Geometrinin İlacı	30	10	0.571	mid	skip		131
3ba4cea2-e2ec-50de-8574-b9cb33014797	2023-2024-ACİL-TYT-AYT-Geometrinin İlacı	20	11	1.000	high	apply	/static/crops/2023-2024-ACİL-TYT-AYT-Geometrinin_İlacı/2023-2024-ACİL-TYT-AYT-Geometrinin_İlacı_p0020_q03.png	168
56ca65de-0497-5aa4-a724-62e11209f696	2021-2022-Apotemi-Trigonometri	76	11	0.769	high	apply	/static/crops/2021-2022-Apotemi-Trigonometri/2021-2022-Apotemi-Trigonometri_p0076_q01.png	209
7cc1d8ef-bb8d-5e7b-81ed-824794ccded4	2023-2024-ACİL-TYT-AYT-Geometrinin İlacı	86	11	0.667	mid	skip		89
224f972f-c88a-539c-8a78-4e9e8f45ea34	2023-2024-ACİL-TYT-AYT-Geometrinin İlacı	86	8	1.000	high	apply	/static/crops/2023-2024-ACİL-TYT-AYT-Geometrinin_İlacı/2023-2024-ACİL-TYT-AYT-Geometrinin_İlacı_p0086_q04.png	120
3fc9d54f-ec8f-5bb0-b6ac-0e0f0595361d	2023-2024-ACİL-TYT-AYT-Geometrinin İlacı	66	10	0.692	mid	skip		109
b599b9b3-1ae6-531b-97d8-99bab7492ede	2023-2024-ACİL-TYT-AYT-Geometrinin İlacı	30	11	0.538	mid	skip		104
9d49540e-296f-572a-bbc3-43da553514c8	2023-2024-ACİL-TYT-AYT-Geometrinin İlacı	164	9	0.538	mid	skip		116
dadf4552-215a-568c-bcd8-a80b35748230	2023-2024-ACİL-TYT-AYT-Geometrinin İlacı	138	11	0.667	mid	skip		99
4fa94aab-7c46-5231-a9dc-80afea06560c	2020-2021-ACİL-TYT Matematik Soru Bankası	34	9	0	error	error		0
8d628db1-4d90-53f1-aa13-ae19486ba146	2023-2024-ACİL-TYT-AYT Geometri Soru Bankası	131	13	0.571	mid	skip		108
40ae8740-d3ba-5d37-bd8b-d3e4a763a5cc	2021-2022-Apotemi-Trigonometri	136	6	0	json_fail	skip		0
c1fd4b64-58ab-5b35-aee4-b24c5369dec2	2023-2024-ACİL-TYT-AYT-Geometrinin İlacı	4	10	0.250	low	skip		88
113d845b-10c7-5613-8b30-d5a13d132c4b	2020-2021-Acil-Tyt Ayt Geometrinin ilacı Soru Bankası	4	8	0.857	high	apply	/static/crops/2020-2021-Acil-Tyt_Ayt_Geometrinin_ilacı_Soru_Bankası/2020-2021-Acil-Tyt_Ayt_Geometrinin_ilacı_Soru_Bankası_p0004_q04.png	105
71e26e96-b4f7-50dc-b85d-70318d09330e	2023-2024-ACİL-TYT-AYT-Geometrinin İlacı	108	8	0.667	mid	skip		95
b080b076-1f12-5b12-8b93-abaed4b61475	2020-2021-Acil-Tyt Ayt Geometrinin ilacı Soru Bankası	84	8	0.667	mid	skip		116
a933e055-3522-52fb-be53-e71b6649f359	2020-2021-Acil-Tyt Ayt Geometrinin ilacı Soru Bankası	190	8	1.000	high	apply	/static/crops/2020-2021-Acil-Tyt_Ayt_Geometrinin_ilacı_Soru_Bankası/2020-2021-Acil-Tyt_Ayt_Geometrinin_ilacı_Soru_Bankası_p0190_q04.png	102
60ddcedb-90bd-5d91-881e-8d171938b66b	2023-2024-ACİL-TYT-AYT-Geometrinin İlacı	14	10	0.625	mid	skip		86
8fe2a02b-74a5-579b-8257-d47d945dad00	2020-2021-Acil-Tyt Ayt Geometrinin ilacı Soru Bankası	14	8	0.667	mid	skip		98
b5180325-8040-5020-b85a-eff6b03efc4b	2020-2021-Acil-Tyt Ayt Geometrinin ilacı Soru Bankası	6	8	0.375	low	skip		124
fefa5200-6c73-58eb-ad63-96a48bd54898	2020-2021-Acil-Tyt Ayt Geometrinin ilacı Soru Bankası	184	8	0.727	high	apply	/static/crops/2020-2021-Acil-Tyt_Ayt_Geometrinin_ilacı_Soru_Bankası/2020-2021-Acil-Tyt_Ayt_Geometrinin_ilacı_Soru_Bankası_p0184_q04.png	101
2c5e68b3-d9c1-5d60-8703-3e44bd05b939	2023-2024-ACİL-TYT-AYT-Geometrinin İlacı	192	8	1.000	high	apply	/static/crops/2023-2024-ACİL-TYT-AYT-Geometrinin_İlacı/2023-2024-ACİL-TYT-AYT-Geometrinin_İlacı_p0192_q04.png	187
a71503ec-d4ae-577a-88f6-1ecf162aec32	2023-2024-ACİL-TYT-AYT-Geometrinin İlacı	92	11	0.818	high	apply	/static/crops/2023-2024-ACİL-TYT-AYT-Geometrinin_İlacı/2023-2024-ACİL-TYT-AYT-Geometrinin_İlacı_p0092_q03.png	109
ab5be7f3-952b-526c-b72b-07b98cd8364c	2023-2024-ACİL-TYT-AYT-Geometrinin İlacı	94	8	0.500	mid	skip		111
54f85a25-c260-5c75-94a1-082aed58af32	2023-2024 ACİL- AYT Matematik Soru Bankası	178	7	0.688	mid	skip		153
9e54b421-16a7-5039-8a6c-8dc6a537f62c	2023-2024-ACİL-TYT-AYT-Geometrinin İlacı	192	9	1.000	high	apply	/static/crops/2023-2024-ACİL-TYT-AYT-Geometrinin_İlacı/2023-2024-ACİL-TYT-AYT-Geometrinin_İlacı_p0192_q06.png	125
9e618cb9-452e-5472-9ae5-78e113644789	2023-2024-ACİL-TYT-AYT-Geometrinin İlacı	94	9	1.000	high	apply	/static/crops/2023-2024-ACİL-TYT-AYT-Geometrinin_İlacı/2023-2024-ACİL-TYT-AYT-Geometrinin_İlacı_p0094_q06.png	96
ddf0e01c-ac0b-56eb-9895-ca75003707c2	2020-2021-ACİL-AYT Matematik Soru Bankası	109	6	1.000	high	apply	/static/crops/2020-2021-ACİL-AYT_Matematik_Soru_Bankası/2020-2021-ACİL-AYT_Matematik_Soru_Bankası_p0109_q03.png	171
ff9e6712-6f78-5dde-babf-510f8b9edf83	2020-2021-Acil-Tyt Ayt Geometrinin ilacı Soru Bankası	140	11	0	error	error		0
9fb215f1-8bad-5ad9-b222-29634e2ee823	2020-2021-ACİL-AYT Matematik Soru Bankası	180	13	0.833	high	apply	/static/crops/2020-2021-ACİL-AYT_Matematik_Soru_Bankası/2020-2021-ACİL-AYT_Matematik_Soru_Bankası_p0180_q05.png	121
68b67a09-c656-5f37-acc5-e2ac9e88eb39	2020-2021-ACİL-AYT Matematik Soru Bankası	138	14	0.846	high	apply	/static/crops/2020-2021-ACİL-AYT_Matematik_Soru_Bankası/2020-2021-ACİL-AYT_Matematik_Soru_Bankası_p0138_q04.png	109
23840afe-59c0-514c-a21c-05a2515aabea	2020-2021-ACİL-AYT Matematik Soru Bankası	180	16	0.667	mid	skip		97
2f9d2b15-1602-5286-96d8-aa2632b22ca8	2023-2024 ACİL- AYT Matematik Soru Bankası	263	5	0.944	high	apply	/static/crops/2023-2024_ACİL-_AYT_Matematik_Soru_Bankası/2023-2024_ACİL-_AYT_Matematik_Soru_Bankası_p0263_q01.png	196
e4964315-d77a-5b59-a405-9e5058504934	2020-2021-ACİL-AYT Matematik Soru Bankası	159	15	0.583	mid	skip		100
c6d1d63e-7403-5057-aec7-3803eeae1bb8	2023-2024 ACİL- AYT Matematik Soru Bankası	166	7	0.786	high	apply	/static/crops/2023-2024_ACİL-_AYT_Matematik_Soru_Bankası/2023-2024_ACİL-_AYT_Matematik_Soru_Bankası_p0166_q02.png	132
5e4ca925-ca58-5513-b6fc-d12fc0ad9c0e	2020-2021-ACİL-AYT Matematik Soru Bankası	205	10	0.857	high	apply	/static/crops/2020-2021-ACİL-AYT_Matematik_Soru_Bankası/2020-2021-ACİL-AYT_Matematik_Soru_Bankası_p0205_q04.png	73
d3cd2281-1d4b-5f45-9cf7-ecf6b98af81e	Mikro Orijinal-Tyt Ayt-Geometri Soru Bankası 2	98	8	0.875	high	apply	/static/crops/Mikro_Orijinal-Tyt_Ayt-Geometri_Soru_Bankası_2/Mikro_Orijinal-Tyt_Ayt-Geometri_Soru_Bankası_2_p0098_q03.png	100
b9b68448-bc1d-5000-974c-5d785af0daee	2020-2021-ACİL-TYT Matematik Soru Bankası	241	7	0.923	high	apply	/static/crops/2020-2021-ACİL-TYT_Matematik_Soru_Bankası/2020-2021-ACİL-TYT_Matematik_Soru_Bankası_p0241_q03.png	165
8da333a9-5a45-5130-92d0-c0ae80575eb8	2023-2024 ACİL- AYT Matematik Soru Bankası	317	7	0.923	high	apply	/static/crops/2023-2024_ACİL-_AYT_Matematik_Soru_Bankası/2023-2024_ACİL-_AYT_Matematik_Soru_Bankası_p0317_q02.png	113
05931f09-87cd-5bc0-976d-6af98e774e6b	Mikro Orijinal-Tyt Ayt-Geometri Soru Bankası 2	160	8	1.000	high	apply	/static/crops/Mikro_Orijinal-Tyt_Ayt-Geometri_Soru_Bankası_2/Mikro_Orijinal-Tyt_Ayt-Geometri_Soru_Bankası_2_p0160_q03.png	102
4a48f94d-3401-5721-b99b-58a214ba7c3f	2020-2021-ACİL-AYT Matematik Soru Bankası	20	11	0	error	error		0
86079ef1-9ec6-557d-8c9e-5c1f03b0851c	Mikro-2024-Tyt Ayt-Geometri Soru Bankası	147	10	1.000	high	apply	/static/crops/Mikro-2024-Tyt_Ayt-Geometri_Soru_Bankası/Mikro-2024-Tyt_Ayt-Geometri_Soru_Bankası_p0147_q04.png	149
844ad1ce-d573-5eda-9ff6-0e83260d10b7	2023-2024-ACİL-TYT Matematik Soru Bankası	330	7	1.000	high	apply	/static/crops/2023-2024-ACİL-TYT_Matematik_Soru_Bankası/2023-2024-ACİL-TYT_Matematik_Soru_Bankası_p0330_q02.png	110
0277f387-7079-5846-83b2-4cb8619e5485	2023-2024 ACİL- AYT Matematik Soru Bankası	391	5	1.000	high	apply	/static/crops/2023-2024_ACİL-_AYT_Matematik_Soru_Bankası/2023-2024_ACİL-_AYT_Matematik_Soru_Bankası_p0391_q02.png	152
6af8da35-6b87-5f68-83e2-b122073e80b0	2020-2021-Apotemi-Tyt Ayt-Geometri Maestro Soru Bankası	125	6	0.947	high	apply	/static/crops/2020-2021-Apotemi-Tyt_Ayt-Geometri_Maestro_Soru_Bankası/2020-2021-Apotemi-Tyt_Ayt-Geometri_Maestro_Soru_Bankası_p0125_q03.png	182
d509220d-9531-5cb8-ac98-237e406a5442	2020-2021-ACİL-TYT Matematik Soru Bankası	387	14	1.000	high	apply	/static/crops/2020-2021-ACİL-TYT_Matematik_Soru_Bankası/2020-2021-ACİL-TYT_Matematik_Soru_Bankası_p0387_q02.png	133
674b80ab-1041-5d38-9b07-183be58c2ca2	Neofizik Tyt Soru Bankası	106	6	1.000	high	apply	/static/crops/Neofizik_Tyt_Soru_Bankası/Neofizik_Tyt_Soru_Bankası_p0106_q03.png	164
6d14bf51-d4b2-546b-8f43-34e1846c86e9	2023-2024 ACİL- AYT Matematik Soru Bankası	283	7	0	error	error		0
d53f5560-e3e4-5869-bef7-4f7956bc00bb	2023-2024 ACİL- AYT Matematik Soru Bankası	333	6	0.909	high	apply	/static/crops/2023-2024_ACİL-_AYT_Matematik_Soru_Bankası/2023-2024_ACİL-_AYT_Matematik_Soru_Bankası_p0333_q01.png	130
811a77e5-29d0-5b37-b2a9-880d7129c4d3	2023-2024-ACİL-TYT-AYT Geometri Soru Bankası	7	9	0.769	high	apply	/static/crops/2023-2024-ACİL-TYT-AYT_Geometri_Soru_Bankası/2023-2024-ACİL-TYT-AYT_Geometri_Soru_Bankası_p0007_q01.png	151
58b1635a-7879-5898-965a-552180a02ba1	Orijinal-2024-Ayt-Trigonometri	25	8	0.800	high	apply	/static/crops/Orijinal-2024-Ayt-Trigonometri/Orijinal-2024-Ayt-Trigonometri_p0025_q03.png	131
0514aff0-ed58-5c39-b274-0cbaf109ba38	2023-2024-ACİL-TYT Matematik Soru Bankası	406	7	1.000	high	apply	/static/crops/2023-2024-ACİL-TYT_Matematik_Soru_Bankası/2023-2024-ACİL-TYT_Matematik_Soru_Bankası_p0406_q03.png	255
57f1d536-7a25-56d1-bb1d-463cceb7d708	2023-2024 ACİL- AYT Matematik Soru Bankası	333	7	0	error	error		0
76cf0d5b-0b08-5746-8f8a-7f8b8d416669	2021-2022-Apotemi-Trigonometri	61	8	0.800	high	apply	/static/crops/2021-2022-Apotemi-Trigonometri/2021-2022-Apotemi-Trigonometri_p0061_q04.png	96
a7e0fe7f-9410-5495-9218-c5d54aae4a15	2023-2024-ACİL-TYT-AYT Geometri Soru Bankası	68	10	0.833	high	apply	/static/crops/2023-2024-ACİL-TYT-AYT_Geometri_Soru_Bankası/2023-2024-ACİL-TYT-AYT_Geometri_Soru_Bankası_p0068_q01.png	124
20154066-764e-5eca-af5a-5f85fe615526	2023-2024-ACİL-TYT-AYT Geometri Soru Bankası	71	10	0.923	high	apply	/static/crops/2023-2024-ACİL-TYT-AYT_Geometri_Soru_Bankası/2023-2024-ACİL-TYT-AYT_Geometri_Soru_Bankası_p0071_q01.png	124
5c2192a0-fa56-5dc7-9d5a-259f87b6b9c4	2023-2024-ACİL-TYT-AYT Geometri Soru Bankası	71	11	0.818	high	apply	/static/crops/2023-2024-ACİL-TYT-AYT_Geometri_Soru_Bankası/2023-2024-ACİL-TYT-AYT_Geometri_Soru_Bankası_p0071_q03.png	100
2b0e4bc5-653c-534c-8540-67af7a6c9fa9	Orijinal-2024-Ayt-Trigonometri	27	9	0.706	high	apply	/static/crops/Orijinal-2024-Ayt-Trigonometri/Orijinal-2024-Ayt-Trigonometri_p0027_q05.png	161
6e175a29-60ef-583d-a612-873b0575bb53	2021-2022-Apotemi-Trigonometri	61	10	0.833	high	apply	/static/crops/2021-2022-Apotemi-Trigonometri/2021-2022-Apotemi-Trigonometri_p0061_q03.png	107
4511dcfe-993b-5a45-8342-35f0c05e6909	Orijinal-2024-Ayt-Trigonometri	78	10	0.583	mid	skip		112
37283598-5444-5ff4-bcf4-f64fc92d4ccd	2023-2024-ACİL-TYT-AYT Geometri Soru Bankası	10	9	0.625	mid	skip		106
37d5e50e-d93a-56b7-84ce-4e13226be71c	2023-2024-ACİL-TYT-AYT Geometri Soru Bankası	95	12	1.000	high	apply	/static/crops/2023-2024-ACİL-TYT-AYT_Geometri_Soru_Bankası/2023-2024-ACİL-TYT-AYT_Geometri_Soru_Bankası_p0095_q01.png	102
1c18661d-4f05-597a-94f8-7aa9d7062f54	Orijinal-2024-Ayt-Trigonometri	96	9	0.526	mid	skip		182
9d2a435f-d47a-5af8-b15f-a6922e1b894d	2021-2022-Apotemi-Limit	82	11	0	error	error		0
fb749b0c-d24d-5d00-a4e5-d6845b9e0b6f	2023-2024-ACİL-TYT-AYT Geometri Soru Bankası	115	9	0.842	high	apply	/static/crops/2023-2024-ACİL-TYT-AYT_Geometri_Soru_Bankası/2023-2024-ACİL-TYT-AYT_Geometri_Soru_Bankası_p0115_q01.png	214
9cfe3b12-67f1-5a60-b5d9-e7f982480475	2023-2024-ACİL-TYT-AYT Geometri Soru Bankası	110	7	0.769	high	apply	/static/crops/2023-2024-ACİL-TYT-AYT_Geometri_Soru_Bankası/2023-2024-ACİL-TYT-AYT_Geometri_Soru_Bankası_p0110_q01.png	114
c350c4af-cba2-58d7-9916-91145f935641	2023-2024-ACİL-TYT-AYT Geometri Soru Bankası	101	10	1.000	high	apply	/static/crops/2023-2024-ACİL-TYT-AYT_Geometri_Soru_Bankası/2023-2024-ACİL-TYT-AYT_Geometri_Soru_Bankası_p0101_q01.png	93
ac3d114c-396b-5224-9fdc-c83a5ec133d2	2023-2024-ACİL-TYT-AYT Geometri Soru Bankası	131	12	0.647	mid	skip		135
8a3067a5-6d96-5db8-8b3f-ff957da59bee	2023-2024-ACİL-TYT-AYT Geometri Soru Bankası	134	11	0.895	high	apply	/static/crops/2023-2024-ACİL-TYT-AYT_Geometri_Soru_Bankası/2023-2024-ACİL-TYT-AYT_Geometri_Soru_Bankası_p0134_q01.png	163
4912a82f-8100-5a23-9c8d-018c18cb9372	Orijinal-2024-Ayt-Trigonometri	84	9	0.684	mid	skip		143
176dc54e-4942-5b86-a208-6bc188ded196	2023-2024-ACİL-TYT-AYT Geometri Soru Bankası	98	9	0.750	high	apply	/static/crops/2023-2024-ACİL-TYT-AYT_Geometri_Soru_Bankası/2023-2024-ACİL-TYT-AYT_Geometri_Soru_Bankası_p0098_q02.png	110
f681ab3c-f9ff-5421-b1fd-ff58b9b49434	2023-2024-ACİL-TYT-AYT Geometri Soru Bankası	149	13	0.923	high	apply	/static/crops/2023-2024-ACİL-TYT-AYT_Geometri_Soru_Bankası/2023-2024-ACİL-TYT-AYT_Geometri_Soru_Bankası_p0149_q01.png	107
de7dd7f9-bf3d-5800-b164-ba3587291b8a	Orijinal-2024-Ayt-Trigonometri	96	11	0.905	high	apply	/static/crops/Orijinal-2024-Ayt-Trigonometri/Orijinal-2024-Ayt-Trigonometri_p0096_q03.png	164
c729501f-f7e2-5bd2-bf09-86f6ba4044c8	2022-2023-ACİL-Katı Cisimler	11	7	1.000	high	apply	/static/crops/2022-2023-ACİL-Katı_Cisimler/2022-2023-ACİL-Katı_Cisimler_p0011_q02.png	128
2996d051-0165-5249-bc5c-41e51cf10701	2023-2024-ACİL-TYT-AYT Geometri Soru Bankası	203	13	1.000	high	apply	/static/crops/2023-2024-ACİL-TYT-AYT_Geometri_Soru_Bankası/2023-2024-ACİL-TYT-AYT_Geometri_Soru_Bankası_p0203_q02.png	113
a5c237ac-5008-54b1-a016-53e3baf6e15b	2023-2024-ACİL-TYT-AYT Geometri Soru Bankası	212	13	0.818	high	apply	/static/crops/2023-2024-ACİL-TYT-AYT_Geometri_Soru_Bankası/2023-2024-ACİL-TYT-AYT_Geometri_Soru_Bankası_p0212_q01.png	93
f57e1c26-1ba3-5973-9524-f45a2e020dc6	Orijinal-2024-Ayt-Trigonometri	104	10	0.800	high	apply	/static/crops/Orijinal-2024-Ayt-Trigonometri/Orijinal-2024-Ayt-Trigonometri_p0104_q03.png	150
bd83f1e8-fa7f-5010-afcb-d0e9a18ede08	2023-2024-ACİL-TYT-AYT Geometri Soru Bankası	223	13	0.846	high	apply	/static/crops/2023-2024-ACİL-TYT-AYT_Geometri_Soru_Bankası/2023-2024-ACİL-TYT-AYT_Geometri_Soru_Bankası_p0223_q01.png	113
76e25eaa-3c18-5b2f-bf25-17cb0be6f915	Orijinal-2024-Ayt-Trigonometri	104	8	0.889	high	apply	/static/crops/Orijinal-2024-Ayt-Trigonometri/Orijinal-2024-Ayt-Trigonometri_p0104_q04.png	150
0e9c3d20-66a6-5577-8f10-630164128869	2023-2024-ACİL-TYT-AYT Geometri Soru Bankası	239	9	0.947	high	apply	/static/crops/2023-2024-ACİL-TYT-AYT_Geometri_Soru_Bankası/2023-2024-ACİL-TYT-AYT_Geometri_Soru_Bankası_p0239_q01.png	184
4005cd81-bae7-5fd4-a283-fecebe876f33	2023-2024-ACİL-TYT-AYT Geometri Soru Bankası	209	12	0.714	high	apply	/static/crops/2023-2024-ACİL-TYT-AYT_Geometri_Soru_Bankası/2023-2024-ACİL-TYT-AYT_Geometri_Soru_Bankası_p0209_q01.png	149
6e191371-a0f4-53cb-a413-e6b04ea27d80	2023-2024-ACİL-TYT-AYT-Geometrinin İlacı	14	7	0.750	high	apply	/static/crops/2023-2024-ACİL-TYT-AYT-Geometrinin_İlacı/2023-2024-ACİL-TYT-AYT-Geometrinin_İlacı_p0014_q01.png	86
0e2e8d3e-7ffc-5f9b-a165-fa7f0b37365d	2023-2024-ACİL-TYT-AYT-Geometrinin İlacı	16	7	0.600	mid	skip		100
b218289b-f2bf-5244-bbe9-f3538a8d37be	2023-2024-ACİL-TYT-AYT-Geometrinin İlacı	24	9	0.750	high	apply	/static/crops/2023-2024-ACİL-TYT-AYT-Geometrinin_İlacı/2023-2024-ACİL-TYT-AYT-Geometrinin_İlacı_p0024_q05.png	130
0e0acaf4-d8f0-59b2-b443-aec1af6d5012	2023-2024-ACİL-TYT-AYT-Geometrinin İlacı	18	7	0.700	high	apply	/static/crops/2023-2024-ACİL-TYT-AYT-Geometrinin_İlacı/2023-2024-ACİL-TYT-AYT-Geometrinin_İlacı_p0018_q01.png	122
f8439df1-16e9-5c32-9727-b1db72e08f79	2023-2024-ACİL-TYT-AYT-Geometrinin İlacı	20	7	1.000	high	apply	/static/crops/2023-2024-ACİL-TYT-AYT-Geometrinin_İlacı/2023-2024-ACİL-TYT-AYT-Geometrinin_İlacı_p0020_q02.png	122
c28c16e2-ed68-578b-99ca-bc90358b5c2f	2023-2024-ACİL-TYT-AYT Geometri Soru Bankası	296	9	0.846	high	apply	/static/crops/2023-2024-ACİL-TYT-AYT_Geometri_Soru_Bankası/2023-2024-ACİL-TYT-AYT_Geometri_Soru_Bankası_p0296_q01.png	115
b88df0ce-0818-538e-acb3-1a44e17741cb	2023-2024-ACİL-TYT-AYT-Geometrinin İlacı	4	7	0.286	low	skip		75
6787d673-ec6e-52bc-b39b-eb2b084abb31	2023-2024-ACİL-TYT-AYT-Geometrinin İlacı	30	7	0.643	mid	skip		130
c5b153a8-3e58-5cc8-b0d2-d700747f5eaf	2023-2024-ACİL-TYT-AYT-Geometrinin İlacı	30	8	0.455	low	skip		94
da8f0784-124b-5ec7-85ba-301e4aa950cf	2023-2024-ACİL-TYT-AYT-Geometrinin İlacı	26	7	0.812	high	apply	/static/crops/2023-2024-ACİL-TYT-AYT-Geometrinin_İlacı/2023-2024-ACİL-TYT-AYT-Geometrinin_İlacı_p0026_q01.png	134
76eb1659-473a-5a22-a63a-736745bffa0a	2023-2024-ACİL-TYT-AYT-Geometrinin İlacı	40	7	0.545	mid	skip		101
c9c22525-ffd5-5801-b4b5-c96cba10b007	2023-2024-ACİL-TYT-AYT-Geometrinin İlacı	36	8	0.818	high	apply	/static/crops/2023-2024-ACİL-TYT-AYT-Geometrinin_İlacı/2023-2024-ACİL-TYT-AYT-Geometrinin_İlacı_p0036_q04.png	109
9a080447-fb5f-517b-b0b8-6f27e36bb477	2023-2024-ACİL-TYT-AYT-Geometrinin İlacı	46	7	0.818	high	apply	/static/crops/2023-2024-ACİL-TYT-AYT-Geometrinin_İlacı/2023-2024-ACİL-TYT-AYT-Geometrinin_İlacı_p0046_q01.png	97
c6567595-b123-53eb-bc6e-3d4a794b17b9	2023-2024-ACİL-TYT-AYT-Geometrinin İlacı	54	8	0.833	high	apply	/static/crops/2023-2024-ACİL-TYT-AYT-Geometrinin_İlacı/2023-2024-ACİL-TYT-AYT-Geometrinin_İlacı_p0054_q03.png	101
738ead3a-4590-55e5-aa9d-ebd6115adc93	2023-2024-ACİL-TYT-AYT-Geometrinin İlacı	68	7	1.000	high	apply	/static/crops/2023-2024-ACİL-TYT-AYT-Geometrinin_İlacı/2023-2024-ACİL-TYT-AYT-Geometrinin_İlacı_p0068_q01.png	96
5f5978f5-70c4-5650-bbc7-d88954370d13	2023-2024-ACİL-TYT-AYT-Geometrinin İlacı	36	9	1.000	high	apply	/static/crops/2023-2024-ACİL-TYT-AYT-Geometrinin_İlacı/2023-2024-ACİL-TYT-AYT-Geometrinin_İlacı_p0036_q06.png	110
5a29d10c-770c-5bc7-a9aa-a0d43682b7ce	2023-2024-ACİL-TYT-AYT-Geometrinin İlacı	44	7	0.929	high	apply	/static/crops/2023-2024-ACİL-TYT-AYT-Geometrinin_İlacı/2023-2024-ACİL-TYT-AYT-Geometrinin_İlacı_p0044_q02.png	118
c78e1f82-6793-5e52-b4e7-46e857ff68d7	2023-2024-ACİL-TYT-AYT-Geometrinin İlacı	60	8	0.875	high	apply	/static/crops/2023-2024-ACİL-TYT-AYT-Geometrinin_İlacı/2023-2024-ACİL-TYT-AYT-Geometrinin_İlacı_p0060_q04.png	123
c2e816b9-4e9e-52a1-aa94-5e2dc4461feb	2023-2024-ACİL-TYT-AYT-Geometrinin İlacı	68	11	1.000	high	apply	/static/crops/2023-2024-ACİL-TYT-AYT-Geometrinin_İlacı/2023-2024-ACİL-TYT-AYT-Geometrinin_İlacı_p0068_q03.png	96
1bdd6dc9-86dc-5d69-9b2a-9e787ec2f3c6	2023-2024-ACİL-TYT-AYT Geometri Soru Bankası	242	11	0	json_fail	skip		0
a96cd946-cbaa-54a6-ad18-7f056a656b6f	2023-2024-ACİL-TYT-AYT-Geometrinin İlacı	76	7	0.818	high	apply	/static/crops/2023-2024-ACİL-TYT-AYT-Geometrinin_İlacı/2023-2024-ACİL-TYT-AYT-Geometrinin_İlacı_p0076_q01.png	102
75f6124f-adf4-545d-99bf-4ed267766f4c	2023-2024-ACİL-TYT-AYT-Geometrinin İlacı	80	7	0.786	high	apply	/static/crops/2023-2024-ACİL-TYT-AYT-Geometrinin_İlacı/2023-2024-ACİL-TYT-AYT-Geometrinin_İlacı_p0080_q01.png	123
210c172c-89d3-54bc-8cc4-ddfeaac42508	2023-2024-ACİL-TYT-AYT-Geometrinin İlacı	84	7	0.615	mid	skip		117
18e3676b-8e8a-511d-baa8-44e1ffa6996f	2023-2024-ACİL-TYT-AYT-Geometrinin İlacı	82	7	0.923	high	apply	/static/crops/2023-2024-ACİL-TYT-AYT-Geometrinin_İlacı/2023-2024-ACİL-TYT-AYT-Geometrinin_İlacı_p0082_q01.png	119
b66d395a-fa5f-5b45-b17d-14fa32bccf12	Orijinal-2024-Ayt-Trigonometri	138	10	0.875	high	apply	/static/crops/Orijinal-2024-Ayt-Trigonometri/Orijinal-2024-Ayt-Trigonometri_p0138_q05.png	162
1dfc6e6b-1d9a-5547-bb1c-e65a772cb4f9	2023-2024-ACİL-TYT-AYT-Geometrinin İlacı	68	8	1.000	high	apply	/static/crops/2023-2024-ACİL-TYT-AYT-Geometrinin_İlacı/2023-2024-ACİL-TYT-AYT-Geometrinin_İlacı_p0068_q04.png	106
f0420ec9-f51c-5abe-9097-8d3331086962	Orijinal-2024-Ayt-Trigonometri	142	8	0.667	mid	skip		130
3dd9f650-8178-57d9-8065-ea389834d82b	2023-2024-ACİL-TYT-AYT-Geometrinin İlacı	92	7	1.000	high	apply	/static/crops/2023-2024-ACİL-TYT-AYT-Geometrinin_İlacı/2023-2024-ACİL-TYT-AYT-Geometrinin_İlacı_p0092_q01.png	92
12220958-d504-5758-9fb4-13016fb5a389	2023-2024-ACİL-TYT-AYT-Geometrinin İlacı	86	10	0.583	mid	skip		106
e341cd59-607a-5ad9-aefe-2511e683abd0	2023-2024-ACİL-TYT-AYT-Geometrinin İlacı	84	10	0.909	high	apply	/static/crops/2023-2024-ACİL-TYT-AYT-Geometrinin_İlacı/2023-2024-ACİL-TYT-AYT-Geometrinin_İlacı_p0084_q02.png	98
f4188341-bcee-526d-9d62-ca6546c9a32d	2023-2024-ACİL-TYT-AYT-Geometrinin İlacı	88	7	0.778	high	apply	/static/crops/2023-2024-ACİL-TYT-AYT-Geometrinin_İlacı/2023-2024-ACİL-TYT-AYT-Geometrinin_İlacı_p0088_q01.png	85
2c45310b-692e-506b-9ff5-0ef05ed3bad2	2023-2024-ACİL-TYT-AYT-Geometrinin İlacı	96	7	0.750	high	apply	/static/crops/2023-2024-ACİL-TYT-AYT-Geometrinin_İlacı/2023-2024-ACİL-TYT-AYT-Geometrinin_İlacı_p0096_q01.png	107
00e740fb-a341-5e8c-a378-e35c7233a76a	2023-2024-ACİL-TYT-AYT-Geometrinin İlacı	98	7	0.818	high	apply	/static/crops/2023-2024-ACİL-TYT-AYT-Geometrinin_İlacı/2023-2024-ACİL-TYT-AYT-Geometrinin_İlacı_p0098_q01.png	108
31aeb77c-96e8-566e-9eab-652741f841e0	2023-2024-ACİL-TYT-AYT-Geometrinin İlacı	94	7	0.929	high	apply	/static/crops/2023-2024-ACİL-TYT-AYT-Geometrinin_İlacı/2023-2024-ACİL-TYT-AYT-Geometrinin_İlacı_p0094_q01.png	138
0f4573dc-3ef7-5316-8cf4-0a26f90cc128	2023-2024-ACİL-TYT-AYT-Geometrinin İlacı	100	7	0.727	high	apply	/static/crops/2023-2024-ACİL-TYT-AYT-Geometrinin_İlacı/2023-2024-ACİL-TYT-AYT-Geometrinin_İlacı_p0100_q01.png	108
f4b49282-4910-5f7a-9737-bc8f84b9ac03	2023-2024-ACİL-TYT-AYT-Geometrinin İlacı	114	7	1.000	high	apply	/static/crops/2023-2024-ACİL-TYT-AYT-Geometrinin_İlacı/2023-2024-ACİL-TYT-AYT-Geometrinin_İlacı_p0114_q01.png	106
4f8208fc-0e07-5f88-acb6-08498619905b	2023-2024-ACİL-TYT-AYT-Geometrinin İlacı	86	7	0.800	high	apply	/static/crops/2023-2024-ACİL-TYT-AYT-Geometrinin_İlacı/2023-2024-ACİL-TYT-AYT-Geometrinin_İlacı_p0086_q01.png	112
b847b8de-83a5-59c8-a9d3-00e7aa73b7e9	Orijinal-2024-Ayt-Trigonometri	136	10	0.867	high	apply	/static/crops/Orijinal-2024-Ayt-Trigonometri/Orijinal-2024-Ayt-Trigonometri_p0136_q04.png	127
cedb5fb1-28dc-5b84-982d-83d0f500b82d	Orijinal-2024-Ayt-Trigonometri	136	8	0.833	high	apply	/static/crops/Orijinal-2024-Ayt-Trigonometri/Orijinal-2024-Ayt-Trigonometri_p0136_q05.png	113
7dcd9581-6eec-55ad-8ee9-e45bf9e1a90c	2023-2024-ACİL-TYT-AYT-Geometrinin İlacı	118	7	0.933	high	apply	/static/crops/2023-2024-ACİL-TYT-AYT-Geometrinin_İlacı/2023-2024-ACİL-TYT-AYT-Geometrinin_İlacı_p0118_q01.png	111
0ea04e6c-92d1-502d-8987-eb03baa9607b	2023-2024-ACİL-TYT-AYT-Geometrinin İlacı	126	7	1.000	high	apply	/static/crops/2023-2024-ACİL-TYT-AYT-Geometrinin_İlacı/2023-2024-ACİL-TYT-AYT-Geometrinin_İlacı_p0126_q01.png	94
cb84fb7d-4c79-5a7b-8b1a-8d93c0a50b22	2023-2024-ACİL-TYT-AYT-Geometrinin İlacı	136	7	1.000	high	apply	/static/crops/2023-2024-ACİL-TYT-AYT-Geometrinin_İlacı/2023-2024-ACİL-TYT-AYT-Geometrinin_İlacı_p0136_q01.png	97
60844f06-da4c-5c6e-8583-0d0615859383	2023-2024-ACİL-TYT-AYT-Geometrinin İlacı	118	11	0.833	high	apply	/static/crops/2023-2024-ACİL-TYT-AYT-Geometrinin_İlacı/2023-2024-ACİL-TYT-AYT-Geometrinin_İlacı_p0118_q03.png	146
a9cc07eb-9538-5e5e-ac07-5dd548fe6f5c	2023-2024-ACİL-TYT-AYT-Geometrinin İlacı	138	10	0.750	high	apply	/static/crops/2023-2024-ACİL-TYT-AYT-Geometrinin_İlacı/2023-2024-ACİL-TYT-AYT-Geometrinin_İlacı_p0138_q02.png	106
c26fddc2-66e2-57a7-82d2-b3da6684da8a	2023-2024-ACİL-TYT-AYT-Geometrinin İlacı	138	7	0.667	mid	skip		104
4b5b50b6-9e34-5889-98ae-a2a2b48f0498	2023-2024-ACİL-TYT-AYT-Geometrinin İlacı	140	8	0.545	mid	skip		95
963bc3c1-643c-5d9a-82da-c61af871d5dc	2023-2024-ACİL-TYT-AYT-Geometrinin İlacı	140	7	0.667	mid	skip		104
11b31256-b7b2-52cc-8e0e-e173817c1d86	2023-2024-ACİL-TYT-AYT-Geometrinin İlacı	146	7	0.786	high	apply	/static/crops/2023-2024-ACİL-TYT-AYT-Geometrinin_İlacı/2023-2024-ACİL-TYT-AYT-Geometrinin_İlacı_p0146_q01.png	103
b65c5dea-a1f0-58a2-950d-c6e484e57725	2023-2024-ACİL-TYT-AYT-Geometrinin İlacı	150	7	0.833	high	apply	/static/crops/2023-2024-ACİL-TYT-AYT-Geometrinin_İlacı/2023-2024-ACİL-TYT-AYT-Geometrinin_İlacı_p0150_q01.png	107
40a76229-2bdc-5256-a733-236cfd9a6b91	2023-2024-ACİL-TYT-AYT-Geometrinin İlacı	148	8	1.000	high	apply	/static/crops/2023-2024-ACİL-TYT-AYT-Geometrinin_İlacı/2023-2024-ACİL-TYT-AYT-Geometrinin_İlacı_p0148_q04.png	108
7f35f317-5b19-501c-b76d-9d05a7a55063	2023-2024-ACİL-TYT-AYT-Geometrinin İlacı	102	7	0	error	error		0
b4225507-28d8-5d8a-a89c-3e983ffa3328	2023-2024-ACİL-TYT-AYT-Geometrinin İlacı	162	10	1.000	high	apply	/static/crops/2023-2024-ACİL-TYT-AYT-Geometrinin_İlacı/2023-2024-ACİL-TYT-AYT-Geometrinin_İlacı_p0162_q02.png	90
8444d613-c7e6-52c1-a564-64982812579e	2023-2024-ACİL-TYT-AYT-Geometrinin İlacı	162	7	1.000	high	apply	/static/crops/2023-2024-ACİL-TYT-AYT-Geometrinin_İlacı/2023-2024-ACİL-TYT-AYT-Geometrinin_İlacı_p0162_q01.png	107
a82a9291-129f-5ccc-a5e6-e52e75b0e65b	2023-2024-ACİL-TYT-AYT-Geometrinin İlacı	164	7	0.786	high	apply	/static/crops/2023-2024-ACİL-TYT-AYT-Geometrinin_İlacı/2023-2024-ACİL-TYT-AYT-Geometrinin_İlacı_p0164_q01.png	114
4dcbf9ae-9999-54ee-ad56-7e01bea0f279	2023-2024-ACİL-TYT-AYT-Geometrinin İlacı	124	7	1.000	high	apply	/static/crops/2023-2024-ACİL-TYT-AYT-Geometrinin_İlacı/2023-2024-ACİL-TYT-AYT-Geometrinin_İlacı_p0124_q01.png	98
c4cd0648-f1f6-5c58-8301-92bb2fe7d5e4	2023-2024-ACİL-TYT-AYT-Geometrinin İlacı	166	7	0.917	high	apply	/static/crops/2023-2024-ACİL-TYT-AYT-Geometrinin_İlacı/2023-2024-ACİL-TYT-AYT-Geometrinin_İlacı_p0166_q01.png	122
c9fda7ee-abdb-5c0d-a917-76919f52962c	2023-2024-ACİL-TYT-AYT-Geometrinin İlacı	174	7	0.889	high	apply	/static/crops/2023-2024-ACİL-TYT-AYT-Geometrinin_İlacı/2023-2024-ACİL-TYT-AYT-Geometrinin_İlacı_p0174_q01.png	85
8b82e4b3-c6d6-5b89-9d54-ee7317bb8c60	2023-2024-ACİL-TYT-AYT-Geometrinin İlacı	140	9	0.500	mid	skip		122
20a2fe4f-90dc-5993-8987-c98d501c1e7f	2023-2024-ACİL-TYT-AYT-Geometrinin İlacı	184	7	0.750	high	apply	/static/crops/2023-2024-ACİL-TYT-AYT-Geometrinin_İlacı/2023-2024-ACİL-TYT-AYT-Geometrinin_İlacı_p0184_q01.png	129
5d4a99f5-0a1f-5650-a541-cb95d90a106c	345 2025 Tyt Ayt Geometri Soru Bankası 1	63	17	0.941	high	apply	/static/crops/345_2025_Tyt_Ayt_Geometri_Soru_Bankası_1/345_2025_Tyt_Ayt_Geometri_Soru_Bankası_1_p0063_q02.png	144
2a416e53-a3a2-555e-a33c-2717977b756f	2023-2024-ACİL-TYT-AYT-Geometrinin İlacı	192	7	0.895	high	apply	/static/crops/2023-2024-ACİL-TYT-AYT-Geometrinin_İlacı/2023-2024-ACİL-TYT-AYT-Geometrinin_İlacı_p0192_q01.png	182
8abe3c6a-8d07-5290-83ea-62c0c792c619	2023-2024-ACİL-TYT-AYT-Geometrinin İlacı	138	8	0.727	high	apply	/static/crops/2023-2024-ACİL-TYT-AYT-Geometrinin_İlacı/2023-2024-ACİL-TYT-AYT-Geometrinin_İlacı_p0138_q04.png	98
29a33abe-4448-5c25-9756-00ff7122b201	345 2025 Tyt Ayt Geometri Soru Bankası 1	63	19	1.000	high	apply	/static/crops/345_2025_Tyt_Ayt_Geometri_Soru_Bankası_1/345_2025_Tyt_Ayt_Geometri_Soru_Bankası_1_p0063_q05.png	99
2fef9d2a-155d-5582-918c-e1ac571a127a	2023-2024-ACİL-TYT-AYT-Geometrinin İlacı	180	11	0.750	high	apply	/static/crops/2023-2024-ACİL-TYT-AYT-Geometrinin_İlacı/2023-2024-ACİL-TYT-AYT-Geometrinin_İlacı_p0180_q04.png	77
c72f5189-9ae8-5362-ac32-8d38ffafcf68	2023-2024-ACİL-TYT-AYT-Geometrinin İlacı	188	10	1.000	high	apply	/static/crops/2023-2024-ACİL-TYT-AYT-Geometrinin_İlacı/2023-2024-ACİL-TYT-AYT-Geometrinin_İlacı_p0188_q02.png	99
179c32ab-db41-5e92-8271-66ce88bd0bb9	2023-2024-ACİL-TYT-AYT-Geometrinin İlacı	196	7	0.909	high	apply	/static/crops/2023-2024-ACİL-TYT-AYT-Geometrinin_İlacı/2023-2024-ACİL-TYT-AYT-Geometrinin_İlacı_p0196_q01.png	106
a9959237-1113-5809-a9e8-c6bb19285f06	345 2025 Tyt Ayt Geometri Soru Bankası 1	63	18	1.000	high	apply	/static/crops/345_2025_Tyt_Ayt_Geometri_Soru_Bankası_1/345_2025_Tyt_Ayt_Geometri_Soru_Bankası_1_p0063_q04.png	100
816ad283-2a7c-5f67-8357-85bcb92e9fa5	2023-2024-ACİL-TYT-AYT-Geometrinin İlacı	226	7	0.941	high	apply	/static/crops/2023-2024-ACİL-TYT-AYT-Geometrinin_İlacı/2023-2024-ACİL-TYT-AYT-Geometrinin_İlacı_p0226_q01.png	162
ca3d9a6c-3e11-52f0-8798-70c088a69522	2023-2024-ACİL-TYT-AYT-Geometrinin İlacı	200	7	1.000	high	apply	/static/crops/2023-2024-ACİL-TYT-AYT-Geometrinin_İlacı/2023-2024-ACİL-TYT-AYT-Geometrinin_İlacı_p0200_q01.png	146
28aa90ff-146f-5b36-8543-933a4909aaf2	2023-2024-ACİL-TYT-AYT-Geometrinin İlacı	238	7	0.733	high	apply	/static/crops/2023-2024-ACİL-TYT-AYT-Geometrinin_İlacı/2023-2024-ACİL-TYT-AYT-Geometrinin_İlacı_p0238_q01.png	160
8e63d046-43cd-5dda-9a37-719d7d50817c	2023-2024-ACİL-TYT-AYT-Geometrinin İlacı	218	7	0.941	high	apply	/static/crops/2023-2024-ACİL-TYT-AYT-Geometrinin_İlacı/2023-2024-ACİL-TYT-AYT-Geometrinin_İlacı_p0218_q01.png	141
ef8fcadf-81b1-5188-80c9-55c923723fb7	Mikro Orijinal-2025-Ayt-Geometri Soru Bankası	154	7	0.917	high	apply	/static/crops/Mikro_Orijinal-2025-Ayt-Geometri_Soru_Bankası/Mikro_Orijinal-2025-Ayt-Geometri_Soru_Bankası_p0154_q01.png	126
9e95e67a-b787-5746-b67c-6744591e1111	2023-2024 ACİL- AYT Matematik Soru Bankası	98	11	0.909	high	apply	/static/crops/2023-2024_ACİL-_AYT_Matematik_Soru_Bankası/2023-2024_ACİL-_AYT_Matematik_Soru_Bankası_p0098_q03.png	261
430af95d-7282-5813-a5f7-0f6823d846e2	Orijinal-2024-Ayt-Trigonometri	194	11	0.615	mid	skip		129
afe611b9-623c-5ad0-b1e7-c3a2ce3b1f1d	2023-2024 ACİL- AYT Matematik Soru Bankası	158	11	0.684	mid	skip		155
a8c72797-83ec-5542-ae16-0d01a5ddce37	Mikro Orijinal-Tyt Ayt-Geometri Soru Bankası 2	40	7	0.375	low	skip		96
72ab9354-e7e9-5c7b-ab24-8e5a3a4bcb8e	2023-2024 ACİL- AYT Matematik Soru Bankası	144	6	0.882	high	apply	/static/crops/2023-2024_ACİL-_AYT_Matematik_Soru_Bankası/2023-2024_ACİL-_AYT_Matematik_Soru_Bankası_p0144_q04.png	164
cbbcd8d0-ba64-5877-9645-233c1bb294eb	Mikro Orijinal-Tyt Ayt-Geometri Soru Bankası 2	120	7	1.000	high	apply	/static/crops/Mikro_Orijinal-Tyt_Ayt-Geometri_Soru_Bankası_2/Mikro_Orijinal-Tyt_Ayt-Geometri_Soru_Bankası_2_p0120_q01.png	106
2d206676-1209-5dfc-97c7-635c14523cb5	Mikro Orijinal-Tyt Ayt-Geometri Soru Bankası 2	98	7	1.000	high	apply	/static/crops/Mikro_Orijinal-Tyt_Ayt-Geometri_Soru_Bankası_2/Mikro_Orijinal-Tyt_Ayt-Geometri_Soru_Bankası_2_p0098_q02.png	101
fb119a58-fb2e-56a7-9ea8-bb14d4efeb3d	2023-2024 ACİL- AYT Matematik Soru Bankası	146	7	0.800	high	apply	/static/crops/2023-2024_ACİL-_AYT_Matematik_Soru_Bankası/2023-2024_ACİL-_AYT_Matematik_Soru_Bankası_p0146_q01.png	141
682433f7-78f6-55c1-967c-fa021f68f9a3	345 2025 Tyt Ayt Geometri Soru Bankası 1	59	7	1.000	high	apply	/static/crops/345_2025_Tyt_Ayt_Geometri_Soru_Bankası_1/345_2025_Tyt_Ayt_Geometri_Soru_Bankası_1_p0059_q04.png	112
2cef916b-9658-53fb-9df6-f7afae5b09a9	Orijinal-2024-Ayt-Trigonometri	198	11	0.929	high	apply	/static/crops/Orijinal-2024-Ayt-Trigonometri/Orijinal-2024-Ayt-Trigonometri_p0198_q05.png	107
0bf36580-cd1c-556a-9342-23349c29a33b	Mikro Orijinal-Tyt Ayt-Geometri Soru Bankası 2	197	7	1.000	high	apply	/static/crops/Mikro_Orijinal-Tyt_Ayt-Geometri_Soru_Bankası_2/Mikro_Orijinal-Tyt_Ayt-Geometri_Soru_Bankası_2_p0197_q02.png	104
fb9a3706-d2de-5f27-9bfe-c7fbcf173f19	Mikro Orijinal-Tyt Ayt-Geometri Soru Bankası 2	199	7	0.846	high	apply	/static/crops/Mikro_Orijinal-Tyt_Ayt-Geometri_Soru_Bankası_2/Mikro_Orijinal-Tyt_Ayt-Geometri_Soru_Bankası_2_p0199_q01.png	134
7abb2fcb-9380-5132-bbbb-69ced21525de	2023-2024 ACİL- AYT Matematik Soru Bankası	148	6	1.000	high	apply	/static/crops/2023-2024_ACİL-_AYT_Matematik_Soru_Bankası/2023-2024_ACİL-_AYT_Matematik_Soru_Bankası_p0148_q03.png	117
b1996312-c5a8-5111-841f-37ace36951bd	Mikro-2024-Tyt Ayt-Geometri Soru Bankası	61	9	1.000	high	apply	/static/crops/Mikro-2024-Tyt_Ayt-Geometri_Soru_Bankası/Mikro-2024-Tyt_Ayt-Geometri_Soru_Bankası_p0061_q01.png	118
c7b36f67-481a-5e1e-be70-14fec655cf7c	Mikro Orijinal-Tyt Ayt-Geometri Soru Bankası 2	214	7	0.600	mid	skip		111
71d9928a-f5f5-5f6b-a166-5601ed14e44a	Orijinal-2024-Ayt-Trigonometri	192	12	0	error	error		0
19aab24c-7cdf-55a4-b9b5-4641292542a6	2023-2024 ACİL- AYT Matematik Soru Bankası	387	10	0.882	high	apply	/static/crops/2023-2024_ACİL-_AYT_Matematik_Soru_Bankası/2023-2024_ACİL-_AYT_Matematik_Soru_Bankası_p0387_q03.png	173
d6aacf6e-cc8b-5340-8e55-a340f47cfe4c	Mikro Orijinal-Tyt Ayt-Geometri Soru Bankası 2	162	7	0.857	high	apply	/static/crops/Mikro_Orijinal-Tyt_Ayt-Geometri_Soru_Bankası_2/Mikro_Orijinal-Tyt_Ayt-Geometri_Soru_Bankası_2_p0162_q02.png	231
30e2931c-6035-5975-ad4a-59747e96d153	2023-2024 ACİL- AYT Matematik Soru Bankası	387	8	1.000	high	apply	/static/crops/2023-2024_ACİL-_AYT_Matematik_Soru_Bankası/2023-2024_ACİL-_AYT_Matematik_Soru_Bankası_p0387_q04.png	76
efc96bfb-77c5-5bbb-8be8-6787c46db7cb	Mikro-2024-Tyt Ayt-Geometri Soru Bankası	117	9	0.818	high	apply	/static/crops/Mikro-2024-Tyt_Ayt-Geometri_Soru_Bankası/Mikro-2024-Tyt_Ayt-Geometri_Soru_Bankası_p0117_q01.png	105
30187ade-b86c-566a-ba86-b74674b6ae47	Orijinal-2024-Geometri Soru Bankası	77	9	0.800	high	apply	/static/crops/Orijinal-2024-Geometri_Soru_Bankası/Orijinal-2024-Geometri_Soru_Bankası_p0077_q06.png	145
c337c5f5-4b1d-555a-b3a3-1794bb62c68a	Mikro-2024-Tyt Ayt-Geometri Soru Bankası	212	9	0.800	high	apply	/static/crops/Mikro-2024-Tyt_Ayt-Geometri_Soru_Bankası/Mikro-2024-Tyt_Ayt-Geometri_Soru_Bankası_p0212_q01.png	127
83cc597d-2239-56c6-bbf5-72d6215b5a3f	Orijinal-2024-Geometri Soru Bankası	71	9	0.467	low	skip		142
836c07f5-2138-5f6b-ae33-d09e77006b37	Orijinal-2024-Geometri Soru Bankası	123	8	0.875	high	apply	/static/crops/Orijinal-2024-Geometri_Soru_Bankası/Orijinal-2024-Geometri_Soru_Bankası_p0123_q04.png	142
dd51f5cf-626d-5ca4-8390-eddb832031c1	Mikro-2024-Tyt Ayt-Geometri Soru Bankası	288	9	0.636	mid	skip		100
73c2815c-f7c4-55c6-84d0-5347cbb6efa5	345 2024 Ayt Biyoloji Soru Bankası	278	6	0	error	error		0
5fdded58-db0b-5c1b-a918-f4145b6e2d9c	345 2025 Tyt Ayt Geometri Soru Bankası 1	61	6	0	error	error		0
a33281d4-cb64-5252-9753-8206170f3e6f	Mikro-2024-Tyt Ayt-Geometri Soru Bankası	137	9	0	error	error		0
5cbc086a-7b3c-5e84-8d1d-3945b6fb1700	Orijinal-2024-Geometri Soru Bankası	267	8	0.818	high	apply	/static/crops/Orijinal-2024-Geometri_Soru_Bankası/Orijinal-2024-Geometri_Soru_Bankası_p0267_q03.png	109
406a3158-6ab9-5bb1-9cad-29c584371b32	2023-2024-ACİL-TYT Matematik Soru Bankası	356	7	0.600	mid	skip		154
6fada6ed-0e82-5303-a640-64579af60c6a	Orijinal-2024-Ayt-integral	87	11	1.000	high	apply	/static/crops/Orijinal-2024-Ayt-integral/Orijinal-2024-Ayt-integral_p0087_q02.png	157
4818f367-5f92-5003-9ce5-ec47ec2c684d	345 2025 Ayt Matematik Soru Bankası	111	10	1.000	high	apply	/static/crops/345_2025_Ayt_Matematik_Soru_Bankası/345_2025_Ayt_Matematik_Soru_Bankası_p0111_q06.png	108
60fc09cc-5851-564b-b1fe-4b26ad3964ee	345 2024 Ayt Matematik Soru Bankası	251	7	0	error	error		0
573bdeff-1a60-591a-9f11-bdaee07fe334	345 2024 Ayt Kimya Soru Bankası	73	7	1.000	high	apply	/static/crops/345_2024_Ayt_Kimya_Soru_Bankası/345_2024_Ayt_Kimya_Soru_Bankası_p0073_q02.png	156
495211b4-9cad-5151-b021-39bc9ad87697	345 2025 Tyt Ayt Geometri Soru Bankası 1	127	8	1.000	high	apply	/static/crops/345_2025_Tyt_Ayt_Geometri_Soru_Bankası_1/345_2025_Tyt_Ayt_Geometri_Soru_Bankası_1_p0127_q03.png	130
daf60e8d-7d32-52bf-b9a4-eec59f20d7a9	2024-ACİL TYT Matematik Geometri Kitap-1	99	6	0	error	error		0
b40e4bdf-56eb-5b0b-b424-0b99410ae4b8	2023-2024-ACİL-TYT-AYT Geometri Soru Bankası	10	11	0.444	low	skip		84
a93c608b-6dec-5d3d-a7b8-3830158b4153	345 2025 Tyt Ayt Geometri Soru Bankası 1	173	8	0.667	mid	skip		119
e7464338-753d-5b05-894b-a9826381fa57	345 2025 Tyt Ayt Geometri Soru Bankası 1	27	7	0.667	mid	skip		86
4a113d68-f133-5ac7-a026-c959867f7fdb	345 2025 Tyt Ayt Geometri Soru Bankası 1	219	7	1.000	high	apply	/static/crops/345_2025_Tyt_Ayt_Geometri_Soru_Bankası_1/345_2025_Tyt_Ayt_Geometri_Soru_Bankası_1_p0219_q03.png	116
c15b7d26-9afe-52c2-aa94-8cecfd7dc9aa	2023-2024-ACİL-TYT-AYT Geometri Soru Bankası	10	10	0.667	mid	skip		89
6ac34af2-6add-520d-a429-23b0ec8234a9	345 2025 Tyt Ayt Geometri Soru Bankası 1	179	7	1.000	high	apply	/static/crops/345_2025_Tyt_Ayt_Geometri_Soru_Bankası_1/345_2025_Tyt_Ayt_Geometri_Soru_Bankası_1_p0179_q03.png	122
718b567c-45b2-594f-972f-e8d9bbb9f6fa	Orijinal-2024-Ayt-integral	152	7	0	error	error		0
edca30f6-2cf9-599f-9e2a-4360f54118db	2023-2024-ACİL-TYT-AYT Geometri Soru Bankası	22	10	0.636	mid	skip		89
b5b67a12-eacf-58f8-bb7e-4eabe0eb7dda	345 2025 Tyt Ayt Geometri Soru Bankası 1	257	8	0.714	high	apply	/static/crops/345_2025_Tyt_Ayt_Geometri_Soru_Bankası_1/345_2025_Tyt_Ayt_Geometri_Soru_Bankası_1_p0257_q05.png	117
9841224d-f600-56f1-8c76-37be8acaf148	345 2025 Tyt Ayt Geometri Soru Bankası 1	265	8	1.000	high	apply	/static/crops/345_2025_Tyt_Ayt_Geometri_Soru_Bankası_1/345_2025_Tyt_Ayt_Geometri_Soru_Bankası_1_p0265_q05.png	107
5b9936f7-69e8-56b0-a857-e833e04e01c9	Orijinal-2024-Ayt-Trigonometri	122	6	0	error	error		0
1847364a-70bc-592a-9f40-896a937f07c4	2023-2024-ACİL-TYT-AYT Geometri Soru Bankası	68	14	0.846	high	apply	/static/crops/2023-2024-ACİL-TYT-AYT_Geometri_Soru_Bankası/2023-2024-ACİL-TYT-AYT_Geometri_Soru_Bankası_p0068_q04.png	112
46d7befa-df62-52e9-b9d5-da76da990c58	345 2025 Tyt Ayt Geometri Soru Bankası 1	303	12	0.818	high	apply	/static/crops/345_2025_Tyt_Ayt_Geometri_Soru_Bankası_1/345_2025_Tyt_Ayt_Geometri_Soru_Bankası_1_p0303_q05.png	109
1324d318-362b-5877-8781-2c6e129add94	2023-2024-ACİL-TYT-AYT Geometri Soru Bankası	71	14	0.917	high	apply	/static/crops/2023-2024-ACİL-TYT-AYT_Geometri_Soru_Bankası/2023-2024-ACİL-TYT-AYT_Geometri_Soru_Bankası_p0071_q04.png	122
837303b1-7f49-59a5-97d6-93829eeeb2fc	2023-2024-ACİL-TYT-AYT Geometri Soru Bankası	50	12	0.933	high	apply	/static/crops/2023-2024-ACİL-TYT-AYT_Geometri_Soru_Bankası/2023-2024-ACİL-TYT-AYT_Geometri_Soru_Bankası_p0050_q05.png	125
d7fbaac3-b56f-5c18-a446-fa37ece503a4	345 2025 Tyt Ayt Geometri Soru Bankası 1	223	5	1.000	high	apply	/static/crops/345_2025_Tyt_Ayt_Geometri_Soru_Bankası_1/345_2025_Tyt_Ayt_Geometri_Soru_Bankası_1_p0223_q03.png	79
a3b4a14e-e8c7-5bf6-911f-a3155a05951e	2023-2024-ACİL-TYT-AYT Geometri Soru Bankası	122	14	0.933	high	apply	/static/crops/2023-2024-ACİL-TYT-AYT_Geometri_Soru_Bankası/2023-2024-ACİL-TYT-AYT_Geometri_Soru_Bankası_p0122_q02.png	142
cd4c0330-cd1e-5906-a19b-1b3eb72fb814	2023-2024-ACİL-TYT-AYT Geometri Soru Bankası	89	13	0.917	high	apply	/static/crops/2023-2024-ACİL-TYT-AYT_Geometri_Soru_Bankası/2023-2024-ACİL-TYT-AYT_Geometri_Soru_Bankası_p0089_q02.png	141
95008d58-d5fd-58de-b328-ab4cb2febcef	2023-2024-ACİL-TYT-AYT Geometri Soru Bankası	131	14	0.667	mid	skip		119
d74725e5-edfd-5a6c-9e8e-1a2baabb2bcf	2023-2024-ACİL-TYT-AYT Geometri Soru Bankası	152	14	0.786	high	apply	/static/crops/2023-2024-ACİL-TYT-AYT_Geometri_Soru_Bankası/2023-2024-ACİL-TYT-AYT_Geometri_Soru_Bankası_p0152_q04.png	109
57daf280-f599-5919-9ec2-317fa85dd25c	2023-2024-ACİL-TYT-AYT Geometri Soru Bankası	128	12	0.692	mid	skip		108
bae5352e-37c5-5927-87f5-00a4ea7edb33	2023-2024-ACİL-TYT-AYT Geometri Soru Bankası	95	14	0.842	high	apply	/static/crops/2023-2024-ACİL-TYT-AYT_Geometri_Soru_Bankası/2023-2024-ACİL-TYT-AYT_Geometri_Soru_Bankası_p0095_q02.png	156
df66caff-0ee5-5e50-ace7-5d1eab8140be	2023-2024-ACİL-TYT-AYT Geometri Soru Bankası	92	13	0.750	high	apply	/static/crops/2023-2024-ACİL-TYT-AYT_Geometri_Soru_Bankası/2023-2024-ACİL-TYT-AYT_Geometri_Soru_Bankası_p0092_q01.png	121
29d4e25c-549a-5dc6-8427-3a4ccea6d6b7	Orijinal-2024-Ayt-Trigonometri	196	6	0.909	high	apply	/static/crops/Orijinal-2024-Ayt-Trigonometri/Orijinal-2024-Ayt-Trigonometri_p0196_q02.png	96
541749ca-7261-55b7-bd14-b9a8ad99aca1	2023-2024-ACİL-TYT-AYT Geometri Soru Bankası	180	11	1.000	high	apply	/static/crops/2023-2024-ACİL-TYT-AYT_Geometri_Soru_Bankası/2023-2024-ACİL-TYT-AYT_Geometri_Soru_Bankası_p0180_q03.png	101
4e09a1b2-114f-5726-b8ad-ddfab2ee98e6	2023-2024-ACİL-TYT-AYT Geometri Soru Bankası	158	14	0.917	high	apply	/static/crops/2023-2024-ACİL-TYT-AYT_Geometri_Soru_Bankası/2023-2024-ACİL-TYT-AYT_Geometri_Soru_Bankası_p0158_q02.png	106
e57e8b70-cea4-5013-9e85-61c662c9c747	2023-2024-ACİL-TYT-AYT Geometri Soru Bankası	180	12	0.944	high	apply	/static/crops/2023-2024-ACİL-TYT-AYT_Geometri_Soru_Bankası/2023-2024-ACİL-TYT-AYT_Geometri_Soru_Bankası_p0180_q05.png	135
00be13f2-8fb9-50c5-9235-190cfce94ebc	2023-2024-ACİL-TYT-AYT Geometri Soru Bankası	206	10	0.769	high	apply	/static/crops/2023-2024-ACİL-TYT-AYT_Geometri_Soru_Bankası/2023-2024-ACİL-TYT-AYT_Geometri_Soru_Bankası_p0206_q03.png	115
75ca6944-992c-5b55-b565-8f76fce04dc7	2023-2024-ACİL-TYT-AYT Geometri Soru Bankası	209	13	0.917	high	apply	/static/crops/2023-2024-ACİL-TYT-AYT_Geometri_Soru_Bankası/2023-2024-ACİL-TYT-AYT_Geometri_Soru_Bankası_p0209_q03.png	101
5dd559f9-1d55-5452-bfba-8d20810755ec	2023-2024-ACİL-TYT-AYT Geometri Soru Bankası	212	14	0.909	high	apply	/static/crops/2023-2024-ACİL-TYT-AYT_Geometri_Soru_Bankası/2023-2024-ACİL-TYT-AYT_Geometri_Soru_Bankası_p0212_q03.png	94
a68d83a8-57e0-5349-9e54-2d04a434b4d6	2023-2024-ACİL-TYT-AYT Geometri Soru Bankası	265	10	0.917	high	apply	/static/crops/2023-2024-ACİL-TYT-AYT_Geometri_Soru_Bankası/2023-2024-ACİL-TYT-AYT_Geometri_Soru_Bankası_p0265_q03.png	105
88e9072b-d8da-53a4-ac91-4d7d2871bcbe	2023-2024-ACİL-TYT-AYT Geometri Soru Bankası	108	15	0	error	error		0
ae0e32bd-0675-5cb7-b94c-ea1a26359481	345 2024 Ayt Fizik Soru Bankası	31	6	0.793	high	apply	/static/crops/345_2024_Ayt_Fizik_Soru_Bankası/345_2024_Ayt_Fizik_Soru_Bankası_p0031_q04.png	273
887b531d-0e3b-5e0f-b9f8-7a7e947a3226	2023-2024-ACİL-TYT-AYT Geometri Soru Bankası	101	13	0	error	error		0
6ef145fa-8fa4-53a0-a4fb-393f9321d8e1	Orijinal-Tyt Ayt Geometri Soru Bankası	79	10	0.857	high	apply	/static/crops/Orijinal-Tyt_Ayt_Geometri_Soru_Bankası/Orijinal-Tyt_Ayt_Geometri_Soru_Bankası_p0079_q02.png	134
7380b392-88e7-5e86-b4be-335960899873	2023-2024-ACİL-TYT-AYT Geometri Soru Bankası	203	12	0.833	high	apply	/static/crops/2023-2024-ACİL-TYT-AYT_Geometri_Soru_Bankası/2023-2024-ACİL-TYT-AYT_Geometri_Soru_Bankası_p0203_q04.png	96
5b346ecc-6dd7-548b-8447-957b3138134f	2023-2024-ACİL-TYT-AYT-Geometrinin İlacı	4	9	0.400	low	skip		69
cab5a5e8-8087-5d06-8f59-46b05e2a346a	2023-2024-ACİL-TYT-AYT Geometri Soru Bankası	429	16	0.765	high	apply	/static/crops/2023-2024-ACİL-TYT-AYT_Geometri_Soru_Bankası/2023-2024-ACİL-TYT-AYT_Geometri_Soru_Bankası_p0429_q02.png	198
8cf933ef-d062-5ede-9955-22eb8e4d6c68	2023-2024-ACİL-TYT-AYT-Geometrinin İlacı	4	11	0.286	low	skip		108
e0fca17a-0ed2-5772-a951-8ad1d6b7c835	2023-2024-ACİL-TYT-AYT Geometri Soru Bankası	299	12	0	error	error		0
798498ea-855b-51d0-9333-9b9fcaac97c5	2023-2024-ACİL-TYT-AYT-Geometrinin İlacı	4	8	0.286	low	skip		75
8e60f55d-e259-5eb1-a2c6-70d2efb5ad0d	2023-2024-ACİL-TYT-AYT-Geometrinin İlacı	12	11	0.800	high	apply	/static/crops/2023-2024-ACİL-TYT-AYT-Geometrinin_İlacı/2023-2024-ACİL-TYT-AYT-Geometrinin_İlacı_p0012_q04.png	86
87a2c154-634c-54b5-9aa1-79a51029f746	2023-2024-ACİL-TYT-AYT Geometri Soru Bankası	307	14	0	error	error		0
42151a2a-336a-53e7-87b7-937b830e7ab8	2023-2024-ACİL-TYT-AYT-Geometrinin İlacı	14	8	0.667	mid	skip		95
34ccee86-3744-5486-bf7d-56414140d6fb	2023-2024-ACİL-TYT-AYT Geometri Soru Bankası	372	16	0	error	error		0
10bf4cc1-8f3b-5376-9169-880b0d2fc9be	Orijinal-Tyt Ayt Geometri Soru Bankası	89	9	0.800	high	apply	/static/crops/Orijinal-Tyt_Ayt_Geometri_Soru_Bankası/Orijinal-Tyt_Ayt_Geometri_Soru_Bankası_p0089_q06.png	127
81506029-4caa-5b8a-a631-b0ae347df52d	Orijinal-Tyt Ayt Geometri Soru Bankası	97	8	0.417	low	skip		108
491cfe31-2bc9-58a1-b215-0f7d5d23739a	2023-2024-ACİL-TYT-AYT-Geometrinin İlacı	16	10	0	json_fail	skip		0
0065b275-c3a5-563c-9fbe-ed7ad0deff30	2023-2024-ACİL-TYT-AYT-Geometrinin İlacı	20	8	0.800	high	apply	/static/crops/2023-2024-ACİL-TYT-AYT-Geometrinin_İlacı/2023-2024-ACİL-TYT-AYT-Geometrinin_İlacı_p0020_q04.png	91
a84b31dc-2c5e-5bff-8436-5ac73c6252d7	2023-2024-ACİL-TYT-AYT-Geometrinin İlacı	20	9	0.778	high	apply	/static/crops/2023-2024-ACİL-TYT-AYT-Geometrinin_İlacı/2023-2024-ACİL-TYT-AYT-Geometrinin_İlacı_p0020_q06.png	92
f8f386c4-fcd8-5ad0-b3de-86b982b6352b	2023-2024-ACİL-TYT-AYT-Geometrinin İlacı	14	9	0.818	high	apply	/static/crops/2023-2024-ACİL-TYT-AYT-Geometrinin_İlacı/2023-2024-ACİL-TYT-AYT-Geometrinin_İlacı_p0014_q06.png	97
e5fc1491-8567-5a42-b737-fb126af2b46d	345 2024 Ayt Kimya Soru Bankası	139	8	0	error	error		0
e2565076-f99d-5612-88c7-c68777c7586a	2023-2024-ACİL-TYT-AYT-Geometrinin İlacı	38	11	0.467	low	skip		111
ba070620-c959-51fd-906a-38de29eb9c27	345 Tyt Ayt Geometri Soru Bankası	173	7	0.846	high	apply	/static/crops/345_Tyt_Ayt_Geometri_Soru_Bankası/345_Tyt_Ayt_Geometri_Soru_Bankası_p0173_q03.png	112
d68934cd-2530-5339-87b4-d7fceb8d7c19	2023-2024-ACİL-TYT-AYT-Geometrinin İlacı	40	10	0.545	mid	skip		99
39878298-cc99-51cf-ae22-024c3d75c9d1	345 Tyt Ayt Geometri Soru Bankası	375	16	0.917	high	apply	/static/crops/345_Tyt_Ayt_Geometri_Soru_Bankası/345_Tyt_Ayt_Geometri_Soru_Bankası_p0375_q05.png	100
fdecdbbd-2fb4-585d-821d-215b76717904	345 Tyt Ayt Geometri Soru Bankası	21	7	0.333	low	skip		106
39f97604-83e2-5c9d-8823-ba713bd223d4	345 Tyt Ayt Geometri Soru Bankası	79	7	1.000	high	apply	/static/crops/345_Tyt_Ayt_Geometri_Soru_Bankası/345_Tyt_Ayt_Geometri_Soru_Bankası_p0079_q04.png	99
dc35d066-92f8-562d-b7cf-20e80d198d5d	Orijinal-2024-Geometri Soru Bankası	180	10	1.000	high	apply	/static/crops/Orijinal-2024-Geometri_Soru_Bankası/Orijinal-2024-Geometri_Soru_Bankası_p0180_q02.png	115
f8f01c91-b5f2-5bb8-a4a7-0646cefff07e	2023-2024-ACİL-TYT-AYT-Geometrinin İlacı	26	8	0.846	high	apply	/static/crops/2023-2024-ACİL-TYT-AYT-Geometrinin_İlacı/2023-2024-ACİL-TYT-AYT-Geometrinin_İlacı_p0026_q04.png	112
0414819d-a25d-517a-b2c1-3797ee8893ed	2023-2024-ACİL-TYT-AYT-Geometrinin İlacı	66	11	1.000	high	apply	/static/crops/2023-2024-ACİL-TYT-AYT-Geometrinin_İlacı/2023-2024-ACİL-TYT-AYT-Geometrinin_İlacı_p0066_q03.png	127
768e9123-6ca3-567e-90ff-3b0a70699eaf	2023-2024-ACİL-TYT-AYT-Geometrinin İlacı	74	10	0.500	mid	skip		122
5cbce013-7986-537d-b51d-e319f9de5540	2023-2024-ACİL-TYT-AYT-Geometrinin İlacı	68	10	0.929	high	apply	/static/crops/2023-2024-ACİL-TYT-AYT-Geometrinin_İlacı/2023-2024-ACİL-TYT-AYT-Geometrinin_İlacı_p0068_q02.png	115
6757861e-5420-5687-ac74-cdac86643bc0	2023-2024-ACİL-TYT-AYT-Geometrinin İlacı	80	8	0.625	mid	skip		124
90ee5744-12a1-5de9-bc31-1d0f2ff453ca	Orijinal-Tyt Ayt Geometri Soru Bankası	210	8	0.143	low	skip		198
9fbde5d2-1094-59dd-961e-e38302e7daa5	2023-2024-ACİL-TYT-AYT-Geometrinin İlacı	44	8	1.000	high	apply	/static/crops/2023-2024-ACİL-TYT-AYT-Geometrinin_İlacı/2023-2024-ACİL-TYT-AYT-Geometrinin_İlacı_p0044_q04.png	102
cd73650f-a765-5e89-a0d3-57e966aed39d	2023-2024-ACİL-TYT-AYT-Geometrinin İlacı	80	11	0	json_fail	skip		0
affb3949-8eee-5039-973a-46199b51f182	Orijinal-Tyt Ayt Geometri Soru Bankası	269	9	0.364	low	skip		123
ec2c14f5-0a78-5f15-98df-8e91fd47b9d9	2023-2024-ACİL-TYT-AYT-Geometrinin İlacı	44	10	0.923	high	apply	/static/crops/2023-2024-ACİL-TYT-AYT-Geometrinin_İlacı/2023-2024-ACİL-TYT-AYT-Geometrinin_İlacı_p0044_q01.png	125
8562fa76-ce14-5bf6-9c43-31eaf0bf1125	2023-2024-ACİL-TYT-AYT-Geometrinin İlacı	84	11	0.733	high	apply	/static/crops/2023-2024-ACİL-TYT-AYT-Geometrinin_İlacı/2023-2024-ACİL-TYT-AYT-Geometrinin_İlacı_p0084_q03.png	127
0aa793d0-f847-5857-840e-74734f7a1339	2023-2024-ACİL-TYT-AYT-Geometrinin İlacı	96	9	0.833	high	apply	/static/crops/2023-2024-ACİL-TYT-AYT-Geometrinin_İlacı/2023-2024-ACİL-TYT-AYT-Geometrinin_İlacı_p0096_q06.png	100
7370d106-b8cd-52dd-b3de-ec31c9f372e5	2023-2024-ACİL-TYT-AYT-Geometrinin İlacı	88	11	1.000	high	apply	/static/crops/2023-2024-ACİL-TYT-AYT-Geometrinin_İlacı/2023-2024-ACİL-TYT-AYT-Geometrinin_İlacı_p0088_q03.png	97
b5f9e738-7544-5520-a371-6a9f97e58dcd	2023-2024-ACİL-TYT-AYT-Geometrinin İlacı	66	8	0	error	error		0
a54187a6-e342-577d-845f-21f34b97fd47	2023-2024-ACİL-TYT-AYT-Geometrinin İlacı	88	10	0.857	high	apply	/static/crops/2023-2024-ACİL-TYT-AYT-Geometrinin_İlacı/2023-2024-ACİL-TYT-AYT-Geometrinin_İlacı_p0088_q02.png	126
dd52f2a4-b6ca-5e9b-8e24-d18d4015f4ca	2023-2024-ACİL-TYT-AYT-Geometrinin İlacı	82	11	1.000	high	apply	/static/crops/2023-2024-ACİL-TYT-AYT-Geometrinin_İlacı/2023-2024-ACİL-TYT-AYT-Geometrinin_İlacı_p0082_q03.png	123
8a050e1c-0006-577c-8138-0f4a2e7d3498	2023-2024-ACİL-TYT-AYT-Geometrinin İlacı	92	10	0.769	high	apply	/static/crops/2023-2024-ACİL-TYT-AYT-Geometrinin_İlacı/2023-2024-ACİL-TYT-AYT-Geometrinin_İlacı_p0092_q02.png	116
6292dc73-75d1-54b6-a04a-d23417ee2d61	2023-2024-ACİL-TYT-AYT-Geometrinin İlacı	118	9	0.909	high	apply	/static/crops/2023-2024-ACİL-TYT-AYT-Geometrinin_İlacı/2023-2024-ACİL-TYT-AYT-Geometrinin_İlacı_p0118_q06.png	97
c595831c-1435-5350-a780-6af54eedd950	2023-2024-ACİL-TYT-AYT-Geometrinin İlacı	114	10	1.000	high	apply	/static/crops/2023-2024-ACİL-TYT-AYT-Geometrinin_İlacı/2023-2024-ACİL-TYT-AYT-Geometrinin_İlacı_p0114_q02.png	149
b509cadb-2d93-5171-aced-b670522df232	2023-2024-ACİL-TYT-AYT-Geometrinin İlacı	114	11	0.812	high	apply	/static/crops/2023-2024-ACİL-TYT-AYT-Geometrinin_İlacı/2023-2024-ACİL-TYT-AYT-Geometrinin_İlacı_p0114_q04.png	139
fa03210b-d084-5730-b532-522bc945fd10	Orijinal-Tyt Ayt Geometri Soru Bankası	184	8	0.692	mid	skip		128
542ec198-b26b-5c61-9034-87d8ec729faa	Orijinal-Tyt Ayt Geometri Soru Bankası	133	7	0.923	high	apply	/static/crops/Orijinal-Tyt_Ayt_Geometri_Soru_Bankası/Orijinal-Tyt_Ayt_Geometri_Soru_Bankası_p0133_q01.png	122
b74dd444-299c-5bae-9c24-2e1e63c47797	2023-2024-ACİL-TYT-AYT-Geometrinin İlacı	124	8	0.882	high	apply	/static/crops/2023-2024-ACİL-TYT-AYT-Geometrinin_İlacı/2023-2024-ACİL-TYT-AYT-Geometrinin_İlacı_p0124_q04.png	149
f341b754-180f-5465-abab-ef5a111faab2	Orijinal-2024-Geometri Soru Bankası	97	7	0.667	mid	skip		117
30adc623-00b2-500a-8df2-a183b51fd00f	2023-2024-ACİL-TYT-AYT-Geometrinin İlacı	124	10	1.000	high	apply	/static/crops/2023-2024-ACİL-TYT-AYT-Geometrinin_İlacı/2023-2024-ACİL-TYT-AYT-Geometrinin_İlacı_p0124_q02.png	104
a2e32743-74a5-5de0-8c05-437fe1259e3a	2023-2024-ACİL-TYT-AYT-Geometrinin İlacı	120	8	1.000	high	apply	/static/crops/2023-2024-ACİL-TYT-AYT-Geometrinin_İlacı/2023-2024-ACİL-TYT-AYT-Geometrinin_İlacı_p0120_q04.png	109
b242fa83-c235-558e-90ef-3f11243cf5be	2023-2024-ACİL-TYT-AYT-Geometrinin İlacı	100	9	0.750	high	apply	/static/crops/2023-2024-ACİL-TYT-AYT-Geometrinin_İlacı/2023-2024-ACİL-TYT-AYT-Geometrinin_İlacı_p0100_q06.png	130
90788f56-7304-51c6-b9dd-a18fd4194280	2023-2024-ACİL-TYT-AYT-Geometrinin İlacı	146	9	0.643	mid	skip		105
428269c7-445e-5c38-ae9c-10e1ece5a6ef	2023-2024-ACİL-TYT-AYT-Geometrinin İlacı	148	9	1.000	high	apply	/static/crops/2023-2024-ACİL-TYT-AYT-Geometrinin_İlacı/2023-2024-ACİL-TYT-AYT-Geometrinin_İlacı_p0148_q06.png	103
ef33f016-43c7-5985-93fb-dfd4a1717673	2023-2024-ACİL-TYT-AYT-Geometrinin İlacı	162	9	0.875	high	apply	/static/crops/2023-2024-ACİL-TYT-AYT-Geometrinin_İlacı/2023-2024-ACİL-TYT-AYT-Geometrinin_İlacı_p0162_q06.png	138
672cdcc7-9925-5fbb-ac41-c1e57bed5d59	2023-2024-ACİL-TYT-AYT-Geometrinin İlacı	98	11	0	error	error		0
a7a52050-e379-5e07-bf36-2ffaa0108cb6	2023-2024-ACİL-TYT-AYT-Geometrinin İlacı	142	11	1.000	high	apply	/static/crops/2023-2024-ACİL-TYT-AYT-Geometrinin_İlacı/2023-2024-ACİL-TYT-AYT-Geometrinin_İlacı_p0142_q03.png	103
c9bf6a10-9c74-5322-9e12-83bee803bd9c	2023-2024-ACİL-TYT-AYT-Geometrinin İlacı	146	11	1.000	high	apply	/static/crops/2023-2024-ACİL-TYT-AYT-Geometrinin_İlacı/2023-2024-ACİL-TYT-AYT-Geometrinin_İlacı_p0146_q03.png	73
c5c3cf2e-7c8e-537a-b92b-cc50250044c7	2023-2024-ACİL-TYT-AYT-Geometrinin İlacı	162	11	1.000	high	apply	/static/crops/2023-2024-ACİL-TYT-AYT-Geometrinin_İlacı/2023-2024-ACİL-TYT-AYT-Geometrinin_İlacı_p0162_q04.png	118
a2d502bf-2201-5b86-825d-f1d2cf784278	2023-2024-ACİL-TYT-AYT-Geometrinin İlacı	164	8	0.812	high	apply	/static/crops/2023-2024-ACİL-TYT-AYT-Geometrinin_İlacı/2023-2024-ACİL-TYT-AYT-Geometrinin_İlacı_p0164_q04.png	125
fbf09b4c-2a64-5295-9d95-87967ff362e5	2023-2024-ACİL-TYT-AYT-Geometrinin İlacı	172	8	0.636	mid	skip		86
88e9f1a6-3e45-5374-b369-e00befc6591b	2023-2024-ACİL-TYT-AYT-Geometrinin İlacı	166	10	0.900	high	apply	/static/crops/2023-2024-ACİL-TYT-AYT-Geometrinin_İlacı/2023-2024-ACİL-TYT-AYT-Geometrinin_İlacı_p0166_q02.png	90
30165e9d-8246-5142-b64f-a7db80d5ef66	2023-2024-ACİL-TYT-AYT-Geometrinin İlacı	140	10	0	error	error		0
149b83d0-fd2e-5383-8715-6bfdbb3cf108	2023-2024-ACİL-TYT-AYT-Geometrinin İlacı	166	11	0.938	high	apply	/static/crops/2023-2024-ACİL-TYT-AYT-Geometrinin_İlacı/2023-2024-ACİL-TYT-AYT-Geometrinin_İlacı_p0166_q03.png	177
d0dc23ee-c2f3-5b8b-83e7-bc48a7f9b108	2023-2024-ACİL-TYT-AYT-Geometrinin İlacı	166	8	1.000	high	apply	/static/crops/2023-2024-ACİL-TYT-AYT-Geometrinin_İlacı/2023-2024-ACİL-TYT-AYT-Geometrinin_İlacı_p0166_q04.png	157
36f60dd3-5d68-52b8-a365-5cbda7f6ed0b	345 2024 Tyt Matematik Soru Bankası	161	6	0	error	error		0
5edc9313-b6b1-535f-9f75-1444db49a852	2023-2024-ACİL-TYT-AYT-Geometrinin İlacı	164	11	0.867	high	apply	/static/crops/2023-2024-ACİL-TYT-AYT-Geometrinin_İlacı/2023-2024-ACİL-TYT-AYT-Geometrinin_İlacı_p0164_q03.png	131
d579a331-61cf-5a4f-a9a4-26a0f5b282d6	345 2024 Ayt Matematik Soru Bankası	129	14	0.889	high	apply	/static/crops/345_2024_Ayt_Matematik_Soru_Bankası/345_2024_Ayt_Matematik_Soru_Bankası_p0129_q06.png	108
54d82137-52ca-5f9c-8627-6c526685136b	2023-2024-ACİL-TYT-AYT-Geometrinin İlacı	184	11	0.917	high	apply	/static/crops/2023-2024-ACİL-TYT-AYT-Geometrinin_İlacı/2023-2024-ACİL-TYT-AYT-Geometrinin_İlacı_p0184_q03.png	101
6fdad85f-a3ef-5b94-9213-3caae0336a5a	2023-2024-ACİL-TYT-AYT-Geometrinin İlacı	172	9	0.909	high	apply	/static/crops/2023-2024-ACİL-TYT-AYT-Geometrinin_İlacı/2023-2024-ACİL-TYT-AYT-Geometrinin_İlacı_p0172_q06.png	85
7e4b60a6-383f-5608-ab66-7e4bed5f7a7b	2023-2024-ACİL-TYT-AYT-Geometrinin İlacı	182	11	0.571	mid	skip		127
4a834dc8-5654-5a77-9367-521d8c3aec57	345 2025 Tyt Ayt Geometri Soru Bankası 1	271	10	0.571	mid	skip		148
9514ecfb-cc7f-5aa5-98a4-ce0667d9689b	Orijinal-2024-Geometri Soru Bankası	9	8	0.500	mid	skip		104
17b2e082-3003-55be-a5d1-4f4075ced878	2023-2024-ACİL-TYT-AYT-Geometrinin İlacı	208	8	0.933	high	apply	/static/crops/2023-2024-ACİL-TYT-AYT-Geometrinin_İlacı/2023-2024-ACİL-TYT-AYT-Geometrinin_İlacı_p0208_q04.png	131
a06935ff-94ce-52b6-89ce-573081763213	2023-2024-ACİL-TYT-AYT-Geometrinin İlacı	200	9	0.938	high	apply	/static/crops/2023-2024-ACİL-TYT-AYT-Geometrinin_İlacı/2023-2024-ACİL-TYT-AYT-Geometrinin_İlacı_p0200_q06.png	127
d079b8ba-b954-51da-be6c-bef3a2ab917c	Orijinal-2024-Geometri Soru Bankası	142	9	0.812	high	apply	/static/crops/Orijinal-2024-Geometri_Soru_Bankası/Orijinal-2024-Geometri_Soru_Bankası_p0142_q05.png	154
791aa0fc-9bbe-5de0-8407-8580c1288447	345 2024 Ayt Matematik Soru Bankası	125	12	0.800	high	apply	/static/crops/345_2024_Ayt_Matematik_Soru_Bankası/345_2024_Ayt_Matematik_Soru_Bankası_p0125_q02.png	87
6bfebc55-3c3a-5f31-86dd-f682b651fc12	Mikro Orijinal-2025-Ayt-Geometri Soru Bankası	108	8	0.923	high	apply	/static/crops/Mikro_Orijinal-2025-Ayt-Geometri_Soru_Bankası/Mikro_Orijinal-2025-Ayt-Geometri_Soru_Bankası_p0108_q05.png	124
3d3f6391-3eb4-558a-8493-d9cae49b602c	Orijinal-2024-Geometri Soru Bankası	401	5	0.875	high	apply	/static/crops/Orijinal-2024-Geometri_Soru_Bankası/Orijinal-2024-Geometri_Soru_Bankası_p0401_q02.png	158
84a83f2e-0980-54e4-804d-56b25cc55fe9	Mikro Orijinal-2025-Ayt-Geometri Soru Bankası	193	9	1.000	high	apply	/static/crops/Mikro_Orijinal-2025-Ayt-Geometri_Soru_Bankası/Mikro_Orijinal-2025-Ayt-Geometri_Soru_Bankası_p0193_q05.png	146
875d90ce-8c14-50eb-aeee-67b009e5012d	345 2024 Ayt Matematik Soru Bankası	111	11	0.909	high	apply	/static/crops/345_2024_Ayt_Matematik_Soru_Bankası/345_2024_Ayt_Matematik_Soru_Bankası_p0111_q01.png	118
f72eb914-2bb7-5255-9dc7-90f4b121603b	345 2025 Tyt Ayt Geometri Soru Bankası 1	73	6	0.800	high	apply	/static/crops/345_2025_Tyt_Ayt_Geometri_Soru_Bankası_1/345_2025_Tyt_Ayt_Geometri_Soru_Bankası_1_p0073_q01.png	94
8b96fff6-8b14-516e-a9d6-f20a8b24c37f	ACİL-2025-TYT-Soeu Bankası	161	8	0.833	high	apply	/static/crops/ACİL-2025-TYT-Soeu_Bankası/ACİL-2025-TYT-Soeu_Bankası_p0161_q04.png	139
57f20eac-080d-5197-9932-d485d1abb48d	345 2024 Ayt Matematik Soru Bankası	99	15	0.900	high	apply	/static/crops/345_2024_Ayt_Matematik_Soru_Bankası/345_2024_Ayt_Matematik_Soru_Bankası_p0099_q05.png	86
e9332231-11d3-59db-8d80-ea3a5127bdba	Mikro Orijinal-Tyt Ayt-Geometri Soru Bankası 2	77	7	0.200	low	skip		250
3735f8a2-8943-57a9-935b-a0cf38f4cef5	345 2025 Tyt Ayt Geometri Soru Bankası 1	179	6	0.833	high	apply	/static/crops/345_2025_Tyt_Ayt_Geometri_Soru_Bankası_1/345_2025_Tyt_Ayt_Geometri_Soru_Bankası_1_p0179_q02.png	101
37612fbd-028b-5922-9ce3-2fb497ba5f8b	2023-2024-ACİL-TYT-AYT-Geometrinin İlacı	190	10	0	error	error		0
5b4dd508-90f9-533f-97b6-3140e8a48f1f	Orijinal-Tyt Ayt Geometri Soru Bankası	99	11	0.583	mid	skip		123
f253129c-806d-51a0-85b9-9c152d7f0228	345 2024 Ayt Matematik Soru Bankası	89	7	1.000	high	apply	/static/crops/345_2024_Ayt_Matematik_Soru_Bankası/345_2024_Ayt_Matematik_Soru_Bankası_p0089_q03.png	208
7becd4a7-8356-5a52-a33c-c2ca989adc1c	345 2024 Ayt Matematik Soru Bankası	89	8	0	error	error		0
cd86122a-b288-5545-a0fa-805cc3b115b2	Mikro Orijinal-Tyt Ayt-Geometri Soru Bankası 2	178	8	0.769	high	apply	/static/crops/Mikro_Orijinal-Tyt_Ayt-Geometri_Soru_Bankası_2/Mikro_Orijinal-Tyt_Ayt-Geometri_Soru_Bankası_2_p0178_q03.png	125
1c63d970-e8cc-57c3-8877-d1d3c9ed4315	Mikro Orijinal-Tyt Ayt-Geometri Soru Bankası 2	120	8	0.889	high	apply	/static/crops/Mikro_Orijinal-Tyt_Ayt-Geometri_Soru_Bankası_2/Mikro_Orijinal-Tyt_Ayt-Geometri_Soru_Bankası_2_p0120_q03.png	105
53c22804-a5ab-5f2b-bd68-b2fd4faea6b6	2023-2024-ACİL-TYT-AYT-Geometrinin İlacı	212	9	0	error	error		0
ec84ee55-55c4-558d-86fd-61959b04a6c5	Mikro-2024-Tyt Ayt-Geometri Soru Bankası	241	10	0.786	high	apply	/static/crops/Mikro-2024-Tyt_Ayt-Geometri_Soru_Bankası/Mikro-2024-Tyt_Ayt-Geometri_Soru_Bankası_p0241_q04.png	123
08c22963-c022-5aa7-a78e-44c2ef63837d	Orijinal-2024-Geometri Soru Bankası	17	8	0.667	mid	skip		112
d8075d5a-4bef-51ca-9026-3f368340288e	345 2024 Ayt Matematik Soru Bankası	133	8	0.538	mid	skip		143
b53b40de-7719-5565-a61a-62c550702cca	345 2024 Ayt Matematik Soru Bankası	225	13	0.875	high	apply	/static/crops/345_2024_Ayt_Matematik_Soru_Bankası/345_2024_Ayt_Matematik_Soru_Bankası_p0225_q06.png	149
652d7640-a2de-5a98-96c8-8b37d6696e50	Orijinal-2024-Geometri Soru Bankası	17	9	0.750	high	apply	/static/crops/Orijinal-2024-Geometri_Soru_Bankası/Orijinal-2024-Geometri_Soru_Bankası_p0017_q05.png	116
99ff1a35-7124-52ce-aa8d-3c07ff490e02	Orijinal-2024-Geometri Soru Bankası	19	8	0.714	high	apply	/static/crops/Orijinal-2024-Geometri_Soru_Bankası/Orijinal-2024-Geometri_Soru_Bankası_p0019_q04.png	123
8e140363-ac5f-50a5-a700-5041e400248e	Orijinal-2024-Geometri Soru Bankası	19	9	0.600	mid	skip		104
d5af1537-aa4a-53a2-aa92-ea51b515d5cb	Orijinal-2024-Geometri Soru Bankası	17	10	0.615	mid	skip		133
cf1527f4-29d7-54e6-aefb-78c5be9c12d0	345 2025 Tyt Biyoloji Soru Bankası	117	6	1.000	high	apply	/static/crops/345_2025_Tyt_Biyoloji_Soru_Bankası/345_2025_Tyt_Biyoloji_Soru_Bankası_p0117_q03.png	419
3b2581c9-340d-5891-b208-66f7c00f3ff5	345 2024 Ayt Matematik Soru Bankası	115	11	0.875	high	apply	/static/crops/345_2024_Ayt_Matematik_Soru_Bankası/345_2024_Ayt_Matematik_Soru_Bankası_p0115_q04.png	109
bd3bc66b-85da-576f-9ac6-fb0313477317	345 2024 Ayt Matematik Soru Bankası	111	10	0.909	high	apply	/static/crops/345_2024_Ayt_Matematik_Soru_Bankası/345_2024_Ayt_Matematik_Soru_Bankası_p0111_q06.png	108
7f7a76d1-f6a4-548a-ba36-9f68e6ae226e	345 2024 Ayt Matematik Soru Bankası	115	10	0.727	high	apply	/static/crops/345_2024_Ayt_Matematik_Soru_Bankası/345_2024_Ayt_Matematik_Soru_Bankası_p0115_q02.png	106
569e3ebe-5bd5-5413-b5c5-1507b6cbafc3	345 Tyt Ayt Geometri Soru Bankası	25	6	0.727	high	apply	/static/crops/345_Tyt_Ayt_Geometri_Soru_Bankası/345_Tyt_Ayt_Geometri_Soru_Bankası_p0025_q01.png	101
9d71a398-9bac-568d-9477-f4f0aff76995	Orijinal-2024-Ayt-Trigonometri	25	9	0.867	high	apply	/static/crops/Orijinal-2024-Ayt-Trigonometri/Orijinal-2024-Ayt-Trigonometri_p0025_q05.png	138
18cbfb0d-caa4-585b-963b-1dc0fa9a4fcc	345 Tyt Ayt Geometri Soru Bankası	376	19	1.000	high	apply	/static/crops/345_Tyt_Ayt_Geometri_Soru_Bankası/345_Tyt_Ayt_Geometri_Soru_Bankası_p0376_q01.png	102
f5a8ccbf-97ad-5dd7-977c-691d504900f2	345 Tyt Ayt Geometri Soru Bankası	177	6	0.846	high	apply	/static/crops/345_Tyt_Ayt_Geometri_Soru_Bankası/345_Tyt_Ayt_Geometri_Soru_Bankası_p0177_q01.png	97
7ae2b425-768d-508e-8405-3db045f0e2d8	345 Tyt Ayt Geometri Soru Bankası	323	7	1.000	high	apply	/static/crops/345_Tyt_Ayt_Geometri_Soru_Bankası/345_Tyt_Ayt_Geometri_Soru_Bankası_p0323_q01.png	106
ec66e380-82df-59de-bf33-d5764a1da1a2	Orijinal-2024-Ayt-Trigonometri	27	11	0.895	high	apply	/static/crops/Orijinal-2024-Ayt-Trigonometri/Orijinal-2024-Ayt-Trigonometri_p0027_q04.png	156
146262b7-d489-5d85-bd02-04e1cc582fb7	Orijinal-2024-Geometri Soru Bankası	17	11	0	error	error		0
95db3cc7-1619-5f32-bdb0-9bba22420e0f	345 Tyt Ayt Geometri Soru Bankası 2	62	8	0.857	high	apply	/static/crops/345_Tyt_Ayt_Geometri_Soru_Bankası_2/345_Tyt_Ayt_Geometri_Soru_Bankası_2_p0062_q01.png	139
49aba062-6366-5a68-8bc8-32b2a472433a	345 Tyt Ayt Geometri Soru Bankası	377	25	0.727	high	apply	/static/crops/345_Tyt_Ayt_Geometri_Soru_Bankası/345_Tyt_Ayt_Geometri_Soru_Bankası_p0377_q01.png	110
23e32b4d-988e-55cf-9f43-680cf2a4f57b	345 Tyt Ayt Geometri Soru Bankası	29	6	0.714	high	apply	/static/crops/345_Tyt_Ayt_Geometri_Soru_Bankası/345_Tyt_Ayt_Geometri_Soru_Bankası_p0029_q01.png	80
40d674f8-41f1-5c16-8725-2f540c9893d9	2024-ACİL TYT Matematik Geometri Kitap-1	127	18	0.963	high	apply	/static/crops/2024-ACİL_TYT_Matematik_Geometri_Kitap-1/2024-ACİL_TYT_Matematik_Geometri_Kitap-1_p0127_q02.png	522
b56fa809-315b-56ea-8281-12efded2d411	Orijinal-Tyt Ayt Geometri Soru Bankası	81	5	1.000	high	apply	/static/crops/Orijinal-Tyt_Ayt_Geometri_Soru_Bankası/Orijinal-Tyt_Ayt_Geometri_Soru_Bankası_p0081_q01.png	133
98583537-0dc0-57a0-888f-7e87d1f329d9	345 2024 Ayt Matematik Soru Bankası	353	4	0.920	high	apply	/static/crops/345_2024_Ayt_Matematik_Soru_Bankası/345_2024_Ayt_Matematik_Soru_Bankası_p0353_q03.png	283
bebb0bd4-587c-5f61-a702-87479bcc4a30	Mikro Orijinal-2025-Ayt-Geometri Soru Bankası	193	8	0.909	high	apply	/static/crops/Mikro_Orijinal-2025-Ayt-Geometri_Soru_Bankası/Mikro_Orijinal-2025-Ayt-Geometri_Soru_Bankası_p0193_q03.png	108
11e055b7-0bed-5a87-9257-8ffa0439f518	Mikro Orijinal-2025-Ayt-Geometri Soru Bankası	154	9	0.778	high	apply	/static/crops/Mikro_Orijinal-2025-Ayt-Geometri_Soru_Bankası/Mikro_Orijinal-2025-Ayt-Geometri_Soru_Bankası_p0154_q05.png	104
fc9ae06a-7d9a-56e3-9f1d-0f2f8f85a0b7	345 Tyt Ayt Geometri Soru Bankası	171	6	0	json_fail	skip		0
b9433597-0f7a-50bf-9bdd-8bfe9f3f5f46	2023-2024-ACİL-TYT-AYT-Geometrinin İlacı	222	8	1.000	high	apply	/static/crops/2023-2024-ACİL-TYT-AYT-Geometrinin_İlacı/2023-2024-ACİL-TYT-AYT-Geometrinin_İlacı_p0222_q03.png	137
04d3badb-5858-5670-b6f0-966e34b8ec7e	Mikro Orijinal-Tyt Ayt-Geometri Soru Bankası 2	197	9	1.000	high	apply	/static/crops/Mikro_Orijinal-Tyt_Ayt-Geometri_Soru_Bankası_2/Mikro_Orijinal-Tyt_Ayt-Geometri_Soru_Bankası_2_p0197_q05.png	116
55c59551-0b6d-5de3-93e0-43942d16ed63	Mikro Orijinal-2025-Ayt-Geometri Soru Bankası	191	9	1.000	high	apply	/static/crops/Mikro_Orijinal-2025-Ayt-Geometri_Soru_Bankası/Mikro_Orijinal-2025-Ayt-Geometri_Soru_Bankası_p0191_q05.png	116
27ca20cd-9a98-537a-87d3-0d86c6981873	2023-2024-ACİL-TYT-AYT-Geometrinin İlacı	250	12	0.409	low	skip		229
ec729466-8dd1-596d-a6ef-0cf8b956ad3c	2023-2024-ACİL-TYT-AYT-Geometrinin İlacı	174	11	0.900	high	apply	/static/crops/2023-2024-ACİL-TYT-AYT-Geometrinin_İlacı/2023-2024-ACİL-TYT-AYT-Geometrinin_İlacı_p0174_q03.png	83
7f07b9f4-6d1b-5333-b32a-77e0b5fdc6e6	Mikro Orijinal-2025-Ayt-Geometri Soru Bankası	97	7	1.000	high	apply	/static/crops/Mikro_Orijinal-2025-Ayt-Geometri_Soru_Bankası/Mikro_Orijinal-2025-Ayt-Geometri_Soru_Bankası_p0097_q03.png	111
92c9d10e-9a14-5915-be8c-985d1f804f25	Mikro Orijinal-2025-Ayt-Geometri Soru Bankası	97	8	1.000	high	apply	/static/crops/Mikro_Orijinal-2025-Ayt-Geometri_Soru_Bankası/Mikro_Orijinal-2025-Ayt-Geometri_Soru_Bankası_p0097_q05.png	100
9789ffaf-c1de-5beb-8532-63534ba4a171	345 2024 Ayt Matematik Soru Bankası	263	7	0.952	high	apply	/static/crops/345_2024_Ayt_Matematik_Soru_Bankası/345_2024_Ayt_Matematik_Soru_Bankası_p0263_q02.png	211
e9b16b1d-7f18-5502-a07f-91710159d798	2023-2024-ACİL-TYT-AYT-Geometrinin İlacı	192	11	1.000	high	apply	/static/crops/2023-2024-ACİL-TYT-AYT-Geometrinin_İlacı/2023-2024-ACİL-TYT-AYT-Geometrinin_İlacı_p0192_q03.png	158
cda9bca0-8672-5839-b60e-1a28e1f7272d	345 Tyt Kimya Soru Bankası	269	7	0.200	low	skip		350
f24417f4-83ea-5dcf-949f-e1b52080a0fa	Orijinal-2024-Ayt-Trigonometri	122	9	0	error	error		0
87664f20-8901-5528-997f-528526ab1727	Orijinal-2024-Geometri Soru Bankası	99	8	0.385	low	skip		123
097850ed-d999-503c-a100-641e324b9b23	345 2024 Ayt Matematik Soru Bankası	323	11	0	error	error		0
d9e46814-297a-56e9-9742-15483201caef	Orijinal-2024-Geometri Soru Bankası	142	11	1.000	high	apply	/static/crops/Orijinal-2024-Geometri_Soru_Bankası/Orijinal-2024-Geometri_Soru_Bankası_p0142_q03.png	132
624e9ab7-48fb-578b-9098-d59161611067	ACİL-TYT-AYT-Geometri Soru Bankası	180	6	0.864	high	apply	/static/crops/ACİL-TYT-AYT-Geometri_Soru_Bankası/ACİL-TYT-AYT-Geometri_Soru_Bankası_p0180_q04.png	193
8709149b-869f-5743-9c1b-76a9dab69e7e	Orijinal-Tyt Ayt Geometri Soru Bankası	115	5	0.632	mid	skip		186
2ec334ca-b99e-550e-8db1-f3bbf08e7500	Orijinal-Tyt Ayt Geometri Soru Bankası	210	7	0.727	high	apply	/static/crops/Orijinal-Tyt_Ayt_Geometri_Soru_Bankası/Orijinal-Tyt_Ayt_Geometri_Soru_Bankası_p0210_q01.png	117
767c1305-f0f3-5b6e-97aa-7b357ade2e1c	Orijinal-2024-Geometri Soru Bankası	117	8	0.889	high	apply	/static/crops/Orijinal-2024-Geometri_Soru_Bankası/Orijinal-2024-Geometri_Soru_Bankası_p0117_q03.png	104
f246660a-2884-5263-99e4-df5f384ec58c	Orijinal-2024-Geometri Soru Bankası	121	9	0.312	low	skip		142
1cec54fe-3b99-5117-a35f-a1540ee7b8e7	Orijinal-2024-Geometri Soru Bankası	119	12	0.615	mid	skip		124
42da9aa4-96b9-5170-8bc4-b44e0d4de00f	345 2024 Tyt Matematik Soru Bankası	305	6	0.393	low	skip		612
db7ae64d-aa72-5345-be13-2ee9c15c7653	Orijinal-2024-Geometri Soru Bankası	125	10	1.000	high	apply	/static/crops/Orijinal-2024-Geometri_Soru_Bankası/Orijinal-2024-Geometri_Soru_Bankası_p0125_q01.png	103
39e22c57-fb84-5df1-ae34-a2f71faef7ef	Viral-2025-Tyt Matematik	250	8	0.512	mid	skip		381
65fbf972-034a-50bf-a120-6671179ad489	Orijinal-2024-Geometri Soru Bankası	117	11	1.000	high	apply	/static/crops/Orijinal-2024-Geometri_Soru_Bankası/Orijinal-2024-Geometri_Soru_Bankası_p0117_q04.png	115
fce2172c-5144-520f-8103-0eb2d71aa6b2	Orijinal-2024-Geometri Soru Bankası	125	11	1.000	high	apply	/static/crops/Orijinal-2024-Geometri_Soru_Bankası/Orijinal-2024-Geometri_Soru_Bankası_p0125_q04.png	110
27e6fa0a-ac20-5456-8906-25a05c874b3e	Orijinal-2024-Geometri Soru Bankası	99	11	0.583	mid	skip		123
e0e26e90-d388-56b1-96ee-69b3c51cb45a	Orijinal-2024-Geometri Soru Bankası	101	8	0.833	high	apply	/static/crops/Orijinal-2024-Geometri_Soru_Bankası/Orijinal-2024-Geometri_Soru_Bankası_p0101_q04.png	122
0e9d6ec5-2c48-5143-9be5-9de44fa0068e	2023-2024-ACİL-TYT-Matematiğin İlacı	65	8	0	error	error		0
fa355b9a-6223-5bd2-9d0c-f74ee6f66894	Orijinal-2024-Geometri Soru Bankası	101	9	0.933	high	apply	/static/crops/Orijinal-2024-Geometri_Soru_Bankası/Orijinal-2024-Geometri_Soru_Bankası_p0101_q06.png	140
c819d88f-c649-5741-9788-9dbedce9eb03	Orijinal-2024-Geometri Soru Bankası	99	10	0.385	low	skip		115
f54479d3-7efa-5358-b30b-5d06467b4df5	Orijinal-2024-Geometri Soru Bankası	226	8	0.500	mid	skip		118
f5d34e8a-372b-53d8-826a-25b68444266a	Orijinal-2024-Geometri Soru Bankası	214	8	0.923	high	apply	/static/crops/Orijinal-2024-Geometri_Soru_Bankası/Orijinal-2024-Geometri_Soru_Bankası_p0214_q03.png	119
7b8d04f8-e49d-53e6-b96c-b10e43f081b9	Orijinal-2024-Geometri Soru Bankası	9	7	0.500	mid	skip		109
67f008a5-5fc8-589d-9ea9-73716f40d602	Orijinal-2024-Geometri Soru Bankası	180	8	0.857	high	apply	/static/crops/Orijinal-2024-Geometri_Soru_Bankası/Orijinal-2024-Geometri_Soru_Bankası_p0180_q04.png	125
df7a97a7-f37e-5c52-b14d-953795ffc3c2	Orijinal-2024-Geometri Soru Bankası	186	10	0.643	mid	skip		119
21f3d6ec-37e3-5a09-9f46-61ac3050bb8f	Orijinal-2024-Geometri Soru Bankası	180	9	1.000	high	apply	/static/crops/Orijinal-2024-Geometri_Soru_Bankası/Orijinal-2024-Geometri_Soru_Bankası_p0180_q06.png	118
c1d5b90d-da8d-5bc3-88ad-bba6641fced6	Orijinal-2024-Geometri Soru Bankası	180	12	0.812	high	apply	/static/crops/Orijinal-2024-Geometri_Soru_Bankası/Orijinal-2024-Geometri_Soru_Bankası_p0180_q05.png	153
5e427e8b-4f77-5b10-a6dc-8387a6a4d99b	Orijinal-2024-Geometri Soru Bankası	198	11	0.929	high	apply	/static/crops/Orijinal-2024-Geometri_Soru_Bankası/Orijinal-2024-Geometri_Soru_Bankası_p0198_q04.png	125
70c95917-ca3b-5ab9-8d84-ed23493db0c6	Orijinal-2024-Geometri Soru Bankası	200	10	0.800	high	apply	/static/crops/Orijinal-2024-Geometri_Soru_Bankası/Orijinal-2024-Geometri_Soru_Bankası_p0200_q02.png	136
4246616d-8a17-536f-81c1-18b086d8c206	Bilgi Sarmal 2024 Ayt Kimya Sopru Bankasi	225	6	0.500	mid	skip		223
9f013e7d-2789-5a2c-9f81-29b5cbbee457	Orijinal-2024-Geometri Soru Bankası	208	12	0.833	high	apply	/static/crops/Orijinal-2024-Geometri_Soru_Bankası/Orijinal-2024-Geometri_Soru_Bankası_p0208_q06.png	119
2b0123f9-d587-5d6b-a777-5a1e165ede8f	Orijinal-2024-Geometri Soru Bankası	210	12	1.000	high	apply	/static/crops/Orijinal-2024-Geometri_Soru_Bankası/Orijinal-2024-Geometri_Soru_Bankası_p0210_q06.png	105
5aa6f713-4fac-5deb-9768-59565d266b11	Orijinal-2024-Geometri Soru Bankası	47	8	0.917	high	apply	/static/crops/Orijinal-2024-Geometri_Soru_Bankası/Orijinal-2024-Geometri_Soru_Bankası_p0047_q03.png	114
bd43d267-fde8-514a-a325-034cc771102d	345 2024 Ayt Fizik Soru Bankası	289	8	0.962	high	apply	/static/crops/345_2024_Ayt_Fizik_Soru_Bankası/345_2024_Ayt_Fizik_Soru_Bankası_p0289_q04.png	219
6b294629-60ca-59a7-95b3-ccb92aacd941	Orijinal-2024-Geometri Soru Bankası	77	8	0.833	high	apply	/static/crops/Orijinal-2024-Geometri_Soru_Bankası/Orijinal-2024-Geometri_Soru_Bankası_p0077_q03.png	122
c3334a58-05ff-5a9b-ae18-02d338791d99	Orijinal-2024-Geometri Soru Bankası	15	9	0.571	mid	skip		127
a9de99f7-f65a-582e-b4f4-9764847dc5c5	Orijinal-2024-Geometri Soru Bankası	170	9	1.000	high	apply	/static/crops/Orijinal-2024-Geometri_Soru_Bankası/Orijinal-2024-Geometri_Soru_Bankası_p0170_q05.png	138
51a53bcd-c5b5-5f75-a124-e4b94f4c872e	Orijinal-2024-Geometri Soru Bankası	170	11	1.000	high	apply	/static/crops/Orijinal-2024-Geometri_Soru_Bankası/Orijinal-2024-Geometri_Soru_Bankası_p0170_q04.png	129
cfc2d3f8-93cb-5fa3-a6f0-d75216d71da3	Orijinal-2024-Geometri Soru Bankası	83	8	0.857	high	apply	/static/crops/Orijinal-2024-Geometri_Soru_Bankası/Orijinal-2024-Geometri_Soru_Bankası_p0083_q03.png	155
b1c3b3dd-5b9e-54fe-9c60-2fabe847289c	Orijinal-2024-Geometri Soru Bankası	170	10	0.733	high	apply	/static/crops/Orijinal-2024-Geometri_Soru_Bankası/Orijinal-2024-Geometri_Soru_Bankası_p0170_q02.png	133
3cb30b51-3104-5fa7-8971-d01f3d65791a	Orijinal-2024-Geometri Soru Bankası	99	9	0.385	low	skip		101
6508c76b-0268-5083-b5d3-19d28e302e9d	Orijinal-2024-Geometri Soru Bankası	113	8	0.867	high	apply	/static/crops/Orijinal-2024-Geometri_Soru_Bankası/Orijinal-2024-Geometri_Soru_Bankası_p0113_q04.png	144
71ebcf6d-6d1f-533c-990a-faee9e70c35a	Orijinal-2024-Geometri Soru Bankası	133	7	0.923	high	apply	/static/crops/Orijinal-2024-Geometri_Soru_Bankası/Orijinal-2024-Geometri_Soru_Bankası_p0133_q01.png	122
def4cfe8-745b-57f3-b937-22cfdea8090a	Orijinal-2024-Geometri Soru Bankası	411	9	0.357	low	skip		137
bbc55f97-ce7c-5ccf-898a-822db9211705	Orijinal-2024-Geometri Soru Bankası	200	12	0.583	mid	skip		108
1671541d-703c-5f4e-b481-1bdc4e37c9f8	Orijinal-2024-Geometri Soru Bankası	212	10	0.909	high	apply	/static/crops/Orijinal-2024-Geometri_Soru_Bankası/Orijinal-2024-Geometri_Soru_Bankası_p0212_q02.png	97
e0bd3e9c-11ef-53d5-ad40-cd6d5b4beb0b	Orijinal-2024-Geometri Soru Bankası	212	11	0.867	high	apply	/static/crops/Orijinal-2024-Geometri_Soru_Bankası/Orijinal-2024-Geometri_Soru_Bankası_p0212_q04.png	133
2657d8d0-d856-5945-b5f0-0f3cbfcf2582	Orijinal-2024-Geometri Soru Bankası	19	7	0.583	mid	skip		119
d650fdd1-e362-52ce-af34-c639cf13d2fd	Bilgi Sarmalı-2023-2024-Ayt-Matematik Soru Bankası	157	9	0	error	error		0
bc11f498-4e7c-5939-ad63-82b3e1288d1f	345 2025 Tyt Ayt Geometri Soru Bankası 1	173	7	0.846	high	apply	/static/crops/345_2025_Tyt_Ayt_Geometri_Soru_Bankası_1/345_2025_Tyt_Ayt_Geometri_Soru_Bankası_1_p0173_q03.png	112
26446d2a-62d4-5bf6-b2c3-299a677cfdf5	345 2025 Tyt Ayt Geometri Soru Bankası 1	305	23	1.000	high	apply	/static/crops/345_2025_Tyt_Ayt_Geometri_Soru_Bankası_1/345_2025_Tyt_Ayt_Geometri_Soru_Bankası_1_p0305_q03.png	118
4328529e-a7a5-5b80-a1d1-fe1f0e4b9c43	Orijinal-2024-Geometri Soru Bankası	17	7	0.846	high	apply	/static/crops/Orijinal-2024-Geometri_Soru_Bankası/Orijinal-2024-Geometri_Soru_Bankası_p0017_q01.png	124
d20a7a63-7a6c-53c5-ba19-7537d45fe1d8	Orijinal-2024-Geometri Soru Bankası	31	7	0.923	high	apply	/static/crops/Orijinal-2024-Geometri_Soru_Bankası/Orijinal-2024-Geometri_Soru_Bankası_p0031_q02.png	121
38dfd510-8c46-540a-a925-3fd46b2e0f36	345 2025 Tyt Ayt Geometri Soru Bankası 1	335	7	1.000	high	apply	/static/crops/345_2025_Tyt_Ayt_Geometri_Soru_Bankası_1/345_2025_Tyt_Ayt_Geometri_Soru_Bankası_1_p0335_q03.png	113
01769344-c9be-579d-8365-4cbffaa592d3	Orijinal-2024-Geometri Soru Bankası	69	7	0.846	high	apply	/static/crops/Orijinal-2024-Geometri_Soru_Bankası/Orijinal-2024-Geometri_Soru_Bankası_p0069_q01.png	119
21711226-59c9-5076-8fdb-7945bddc93c6	Orijinal-2024-Geometri Soru Bankası	212	12	0.714	high	db_error		117
d1cf79e7-3bef-5c3c-8261-83c1e04a3221	Orijinal-2024-Geometri Soru Bankası	47	7	0.875	high	apply	/static/crops/Orijinal-2024-Geometri_Soru_Bankası/Orijinal-2024-Geometri_Soru_Bankası_p0047_q01.png	132
ff66c2a5-c8ff-575d-8fe6-abdea31d43a5	345 2024 Ayt Matematik Soru Bankası	323	7	1.000	high	apply	/static/crops/345_2024_Ayt_Matematik_Soru_Bankası/345_2024_Ayt_Matematik_Soru_Bankası_p0323_q01.png	129
b67fb549-0ff9-5b23-bf97-4f5b358ada63	Orijinal-2024-Geometri Soru Bankası	67	7	0.923	high	apply	/static/crops/Orijinal-2024-Geometri_Soru_Bankası/Orijinal-2024-Geometri_Soru_Bankası_p0067_q02.png	109
616fb7b2-0820-55e9-b515-004f77a47dd1	Orijinal-2024-Geometri Soru Bankası	182	8	0	error	error		0
62ae6702-417a-589c-9111-beb642acf211	Orijinal-2024-Geometri Soru Bankası	73	5	0.846	high	apply	/static/crops/Orijinal-2024-Geometri_Soru_Bankası/Orijinal-2024-Geometri_Soru_Bankası_p0073_q01.png	134
56464207-5994-5278-ad86-0de90df30419	345 Tyt Ayt Geometri Soru Bankası	305	23	1.000	high	apply	/static/crops/345_Tyt_Ayt_Geometri_Soru_Bankası/345_Tyt_Ayt_Geometri_Soru_Bankası_p0305_q03.png	118
ace249a4-9c87-57eb-9a46-fbb50028488f	345 Tyt Ayt Geometri Soru Bankası	259	7	0.667	mid	skip		101
706bf868-d765-596e-b528-631cb623715b	Orijinal-2024-Geometri Soru Bankası	77	11	0.909	high	apply	/static/crops/Orijinal-2024-Geometri_Soru_Bankası/Orijinal-2024-Geometri_Soru_Bankası_p0077_q04.png	103
5a45c8e5-8703-5f48-96d6-f7fef5eee697	345 Tyt Ayt Geometri Soru Bankası	253	6	0.875	high	apply	/static/crops/345_Tyt_Ayt_Geometri_Soru_Bankası/345_Tyt_Ayt_Geometri_Soru_Bankası_p0253_q05.png	149
01b45900-b2df-5cdf-9a46-e57aab1ff480	345 Tyt Ayt Geometri Soru Bankası	175	7	0.583	mid	skip		115
4a0a87c3-675c-55cb-957f-793080ee35e5	345 Tyt Ayt Geometri Soru Bankası	123	7	1.000	high	apply	/static/crops/345_Tyt_Ayt_Geometri_Soru_Bankası/345_Tyt_Ayt_Geometri_Soru_Bankası_p0123_q03.png	103
d557caa7-aed3-556a-be9b-e6d9219b5473	345 Tyt Ayt Geometri Soru Bankası	375	15	0.917	high	apply	/static/crops/345_Tyt_Ayt_Geometri_Soru_Bankası/345_Tyt_Ayt_Geometri_Soru_Bankası_p0375_q03.png	132
0455554c-e592-5060-9973-996f57e15012	Orijinal-Tyt Ayt Geometri Soru Bankası	21	6	0.812	high	apply	/static/crops/Orijinal-Tyt_Ayt_Geometri_Soru_Bankası/Orijinal-Tyt_Ayt_Geometri_Soru_Bankası_p0021_q03.png	154
7786a93c-fb0c-5081-9519-ffd5983ef865	Orijinal-Tyt Ayt Geometri Soru Bankası	15	9	0.571	mid	skip		127
8c580faf-2e06-51ae-b419-68c90626c5a3	Orijinal-Tyt Ayt Geometri Soru Bankası	83	6	0.933	high	apply	/static/crops/Orijinal-Tyt_Ayt_Geometri_Soru_Bankası/Orijinal-Tyt_Ayt_Geometri_Soru_Bankası_p0083_q04.png	126
f3d1b0ac-8af8-5c62-8dc3-68f85a05d4cd	Orijinal-Tyt Ayt Geometri Soru Bankası	208	8	1.000	high	apply	/static/crops/Orijinal-Tyt_Ayt_Geometri_Soru_Bankası/Orijinal-Tyt_Ayt_Geometri_Soru_Bankası_p0208_q03.png	103
6bd8f245-80d1-5013-9b01-a54213f2b5a1	Bilgi Sarmalı-2022-2023-Tyt-Matematik Soru Bankası	365	9	0.778	high	apply	/static/crops/Bilgi_Sarmalı-2022-2023-Tyt-Matematik_Soru_Bankası/Bilgi_Sarmalı-2022-2023-Tyt-Matematik_Soru_Bankası_p0365_q02.png	100
2955e950-8207-5474-afee-97b9654902a6	Orijinal-Tyt Ayt Geometri Soru Bankası	81	7	0.786	high	apply	/static/crops/Orijinal-Tyt_Ayt_Geometri_Soru_Bankası/Orijinal-Tyt_Ayt_Geometri_Soru_Bankası_p0081_q02.png	262
c0498812-a5c4-5399-84e2-608371aba7b9	345 Tyt Ayt Geometri Soru Bankası 2	9	11	0.786	high	apply	/static/crops/345_Tyt_Ayt_Geometri_Soru_Bankası_2/345_Tyt_Ayt_Geometri_Soru_Bankası_2_p0009_q03.png	179
55074a2a-f4f1-5d05-96aa-dad72027f3d3	Orijinal-Tyt Ayt Geometri Soru Bankası	279	8	1.000	high	apply	/static/crops/Orijinal-Tyt_Ayt_Geometri_Soru_Bankası/Orijinal-Tyt_Ayt_Geometri_Soru_Bankası_p0279_q03.png	113
2593204f-488c-5246-a16c-53206e75a75e	345 Tyt Ayt Geometri Soru Bankası	171	7	0	error	error		0
cd7b3980-5dd2-5c4c-9d04-dbc1c009d381	Orijinal-Tyt Ayt Geometri Soru Bankası	111	8	0.857	high	apply	/static/crops/Orijinal-Tyt_Ayt_Geometri_Soru_Bankası/Orijinal-Tyt_Ayt_Geometri_Soru_Bankası_p0111_q04.png	141
56bd20e7-2e23-54d8-a16c-fbfb0ebbc5d0	Orijinal-2024-Geometri Soru Bankası	95	7	0.917	high	apply	/static/crops/Orijinal-2024-Geometri_Soru_Bankası/Orijinal-2024-Geometri_Soru_Bankası_p0095_q01.png	109
a996fe89-75d0-5dd9-b537-51a7db02c470	345 Tyt Ayt Geometri Soru Bankası	173	8	0	error	error		0
0360e747-af13-5d99-a32b-b093a2104ebd	345 2024 Ayt Matematik Soru Bankası	109	11	0.846	high	apply	/static/crops/345_2024_Ayt_Matematik_Soru_Bankası/345_2024_Ayt_Matematik_Soru_Bankası_p0109_q03.png	92
c1723f2c-e108-5927-9060-5b75d6b5ffac	345 2024 Ayt Kimya Soru Bankası	273	7	0	error	error		0
f20c0948-50e7-52d3-8c7a-94d9f581ac84	345 2024 Ayt Matematik Soru Bankası	123	15	0.889	high	apply	/static/crops/345_2024_Ayt_Matematik_Soru_Bankası/345_2024_Ayt_Matematik_Soru_Bankası_p0123_q06.png	74
536ea5cd-b377-536e-bac2-0f08459f823d	345 2024 Ayt Matematik Soru Bankası	113	9	0.778	high	apply	/static/crops/345_2024_Ayt_Matematik_Soru_Bankası/345_2024_Ayt_Matematik_Soru_Bankası_p0113_q04.png	79
23ff2f9d-fa7f-52c9-bf7c-76671b315bbc	Orijinal-Tyt Ayt Geometri Soru Bankası	269	8	0.583	mid	skip		112
51cc8856-fb33-5a94-89bb-c399456d3a20	Orijinal-2024-Geometri Soru Bankası	9	9	0.400	low	skip		100
fcb9a49b-b9ad-546f-b1da-0e3ca02e6c93	345 2024 Ayt Matematik Soru Bankası	111	13	1.000	high	apply	/static/crops/345_2024_Ayt_Matematik_Soru_Bankası/345_2024_Ayt_Matematik_Soru_Bankası_p0111_q05.png	94
76b11362-d156-5161-bad7-d5fea601a21c	345 2024 Ayt Matematik Soru Bankası	111	12	0.556	mid	skip		89
4dddca85-e618-50ae-bc9e-62d0d87c209d	345 2024 Ayt Kimya Soru Bankası	301	5	0	error	error		0
69591d8e-24d2-5b21-a19a-f6aaa6463fc8	Orijinal-2024-Geometri Soru Bankası	9	10	0.333	low	skip		139
d4852724-a63f-547d-a91d-66312b5dbe27	Orijinal-2024-Geometri Soru Bankası	121	7	0.417	low	skip		106
f5ce4df3-d51b-533f-9440-b230e7a5785b	Orijinal-2024-Geometri Soru Bankası	125	7	1.000	high	apply	/static/crops/Orijinal-2024-Geometri_Soru_Bankası/Orijinal-2024-Geometri_Soru_Bankası_p0125_q02.png	120
7c866f11-29c6-5616-9161-d918a205dff4	Orijinal-2024-Geometri Soru Bankası	15	11	0.833	high	apply	/static/crops/Orijinal-2024-Geometri_Soru_Bankası/Orijinal-2024-Geometri_Soru_Bankası_p0015_q04.png	107
96619fdd-6131-5e5b-99a5-1744ee0368d1	Bilgi Sarmalı-2024-Ayt-Matematik Soru Bankası	11	7	0	error	error		0
73bbf5b3-8c16-55bc-836c-fd44138eceb2	Orijinal-2024-Geometri Soru Bankası	17	12	0.444	low	skip		104
f084cc34-c2e0-5430-8b4c-3cfeef07f522	Orijinal-2024-Geometri Soru Bankası	244	12	0.750	high	apply	/static/crops/Orijinal-2024-Geometri_Soru_Bankası/Orijinal-2024-Geometri_Soru_Bankası_p0244_q06.png	132
2cec3bcb-ea89-5767-874c-cfaac730ccf6	Orijinal-2024-Geometri Soru Bankası	133	5	1.000	high	apply	/static/crops/Orijinal-2024-Geometri_Soru_Bankası/Orijinal-2024-Geometri_Soru_Bankası_p0133_q02.png	191
fb4a6be3-023d-5e7a-bb71-fab3ef31b239	Orijinal-2024-Geometri Soru Bankası	244	9	1.000	high	apply	/static/crops/Orijinal-2024-Geometri_Soru_Bankası/Orijinal-2024-Geometri_Soru_Bankası_p0244_q05.png	99
5906977c-c09b-5231-851b-8d1c9f926596	345 2025 Ayt Fizik Soru Bankası	9	5	0.571	mid	skip		228
b3cadea9-f5d1-5336-a147-c66b16a6671a	Orijinal-2024-Geometri Soru Bankası	15	8	0.417	low	skip		122
da1bdb6b-bdf2-5435-8254-aa202915c163	Orijinal-2024-Geometri Soru Bankası	246	9	0.250	low	skip		150
582b922e-6de6-5a3e-8ec0-90c4610bcbe4	Orijinal-2024-Geometri Soru Bankası	101	7	0	error	error		0
ce0580f4-6476-5f24-930c-795de67adc7f	345 2024 Ayt Matematik Soru Bankası	291	7	0.385	low	skip		496
7f169f61-60c6-5192-96cc-3b8d947bdf4f	345 2024 Ayt Matematik Soru Bankası	301	7	1.000	high	apply	/static/crops/345_2024_Ayt_Matematik_Soru_Bankası/345_2024_Ayt_Matematik_Soru_Bankası_p0301_q02.png	275
fb5505fc-fbe2-5626-b24c-29f169697c50	Orijinal-2024-Geometri Soru Bankası	246	11	0.357	low	skip		124
fef9eb0d-c9f3-5552-a1f0-e07533c02501	Orijinal-2024-Geometri Soru Bankası	248	9	1.000	high	apply	/static/crops/Orijinal-2024-Geometri_Soru_Bankası/Orijinal-2024-Geometri_Soru_Bankası_p0248_q05.png	132
3b80c496-b8ff-50a5-870d-dc2849300413	Orijinal-2024-Geometri Soru Bankası	248	11	0.938	high	apply	/static/crops/Orijinal-2024-Geometri_Soru_Bankası/Orijinal-2024-Geometri_Soru_Bankası_p0248_q04.png	132
4f5c938e-947c-504a-876f-3d7b1152c759	Orijinal-2024-Geometri Soru Bankası	248	12	0.733	high	apply	/static/crops/Orijinal-2024-Geometri_Soru_Bankası/Orijinal-2024-Geometri_Soru_Bankası_p0248_q06.png	120
b8304ddd-0bd8-5fe0-910d-d4cfc47e84b0	C1CELL-2024-TYT-AYT-Geometri Soru Bankası	11	11	0.364	low	skip		106
c7f9bd91-ef2e-55d1-aed1-78a0490da980	Orijinal-2024-Geometri Soru Bankası	265	12	0.545	mid	skip		98
e900b31e-1926-5674-820a-ce3f640a0ade	C1CELL-2024-TYT-AYT-Geometri Soru Bankası	287	12	0.833	high	apply	/static/crops/C1CELL-2024-TYT-AYT-Geometri_Soru_Bankası/C1CELL-2024-TYT-AYT-Geometri_Soru_Bankası_p0287_q06.png	109
990a589e-f262-50fe-8c2e-edde569c52df	Orijinal-2024-Geometri Soru Bankası	31	10	0.846	high	apply	/static/crops/Orijinal-2024-Geometri_Soru_Bankası/Orijinal-2024-Geometri_Soru_Bankası_p0031_q01.png	107
d7728cfe-8624-5b28-81d2-eade7690ced9	Orijinal-2024-Geometri Soru Bankası	79	11	0.857	high	apply	/static/crops/Orijinal-2024-Geometri_Soru_Bankası/Orijinal-2024-Geometri_Soru_Bankası_p0079_q04.png	118
218de30f-fa56-591e-a637-57b34401eb2c	Orijinal-2024-Geometri Soru Bankası	281	9	0.455	low	skip		120
937ae9c4-648f-5137-bf2f-733843c0fa94	Orijinal-2024-Geometri Soru Bankası	265	10	0.667	mid	skip		102
b7c80a59-ab5f-55e1-b7b1-94e83ca87590	Orijinal-2024-Geometri Soru Bankası	180	7	0.923	high	apply	/static/crops/Orijinal-2024-Geometri_Soru_Bankası/Orijinal-2024-Geometri_Soru_Bankası_p0180_q01.png	131
fd53029b-3d38-5a89-b3b1-6a891c801351	Orijinal-2024-Geometri Soru Bankası	83	6	0.933	high	apply	/static/crops/Orijinal-2024-Geometri_Soru_Bankası/Orijinal-2024-Geometri_Soru_Bankası_p0083_q04.png	126
6461c6b0-2fe5-5f3a-9e3b-1e7eee979b04	Orijinal-2024-Geometri Soru Bankası	285	11	0.929	high	apply	/static/crops/Orijinal-2024-Geometri_Soru_Bankası/Orijinal-2024-Geometri_Soru_Bankası_p0285_q03.png	122
bb117d62-073d-5773-8668-da9eb01f6648	Orijinal-2024-Geometri Soru Bankası	248	10	0.875	high	apply	/static/crops/Orijinal-2024-Geometri_Soru_Bankası/Orijinal-2024-Geometri_Soru_Bankası_p0248_q02.png	137
0d3b6ea0-2b80-5d27-a997-31eeeb28222d	Orijinal-2024-Geometri Soru Bankası	190	8	0.533	mid	skip		127
7af3dd04-256d-5a1e-9732-142749113d2c	Orijinal-2024-Geometri Soru Bankası	210	7	0.818	high	apply	/static/crops/Orijinal-2024-Geometri_Soru_Bankası/Orijinal-2024-Geometri_Soru_Bankası_p0210_q01.png	115
e688bac2-eff9-5987-8509-2352ed6cc04b	Orijinal-2024-Geometri Soru Bankası	200	7	0.800	high	apply	/static/crops/Orijinal-2024-Geometri_Soru_Bankası/Orijinal-2024-Geometri_Soru_Bankası_p0200_q01.png	132
b5ca2cb9-95b9-50de-aaca-b6704bbb922c	Orijinal-2024-Geometri Soru Bankası	263	9	0	error	error		0
05d205e3-4c6c-5d59-a660-14401d6f772e	Orijinal-2024-Geometri Soru Bankası	214	7	1.000	high	apply	/static/crops/Orijinal-2024-Geometri_Soru_Bankası/Orijinal-2024-Geometri_Soru_Bankası_p0214_q02.png	93
8074ea19-a94f-5fe0-8100-5aa47df4c5e3	Orijinal-2024-Geometri Soru Bankası	95	11	1.000	high	apply	/static/crops/Orijinal-2024-Geometri_Soru_Bankası/Orijinal-2024-Geometri_Soru_Bankası_p0095_q04.png	148
30f5bde9-34ee-582d-bebf-0448563a8df1	Orijinal-2024-Geometri Soru Bankası	212	7	1.000	high	apply	/static/crops/Orijinal-2024-Geometri_Soru_Bankası/Orijinal-2024-Geometri_Soru_Bankası_p0212_q01.png	120
85f0307b-67cc-54d2-a860-353164fb6278	Orijinal-2024-Geometri Soru Bankası	97	9	0.500	mid	skip		134
d2cf8de3-35ee-5495-9bc4-fe277afd0df3	Orijinal-2024-Geometri Soru Bankası	326	11	0	error	error		0
9e675dbe-e309-58c0-981f-081585710742	Orijinal-2024-Geometri Soru Bankası	269	11	0	error	error		0
5b09fa0e-bcc1-5166-89d4-858454913322	Orijinal-2024-Geometri Soru Bankası	125	8	0.909	high	apply	/static/crops/Orijinal-2024-Geometri_Soru_Bankası/Orijinal-2024-Geometri_Soru_Bankası_p0125_q03.png	106
677a7ec0-c04d-57f8-ba55-2affe138a593	Orijinal-2024-Geometri Soru Bankası	101	12	0.500	mid	skip		122
a418d47c-dd51-5869-8c6b-f6ae3434fafb	Orijinal-2024-Geometri Soru Bankası	156	8	1.000	high	apply	/static/crops/Orijinal-2024-Geometri_Soru_Bankası/Orijinal-2024-Geometri_Soru_Bankası_p0156_q03.png	124
231ca783-ed7c-57e3-a781-15c2b4dbaf28	Orijinal-2024-Geometri Soru Bankası	125	12	0.700	high	apply	/static/crops/Orijinal-2024-Geometri_Soru_Bankası/Orijinal-2024-Geometri_Soru_Bankası_p0125_q06.png	108
2494c5b9-e8a0-547b-8910-bfbaba5c5f61	Full-2019-2020-Ayt-Matematik Soru Bankası	83	8	0.571	mid	skip		132
a8109324-bd02-5afb-bc27-fd68b0390c23	Orijinal-2024-Geometri Soru Bankası	121	10	0.429	low	skip		135
e6dae5d9-f681-53fa-9306-b2ce173ba63a	Orijinal-2024-Geometri Soru Bankası	182	9	0.800	high	apply	/static/crops/Orijinal-2024-Geometri_Soru_Bankası/Orijinal-2024-Geometri_Soru_Bankası_p0182_q05.png	140
6f642a4d-60b8-5c49-97b5-9401ec137b84	Orijinal-2024-Geometri Soru Bankası	154	8	0.800	high	apply	/static/crops/Orijinal-2024-Geometri_Soru_Bankası/Orijinal-2024-Geometri_Soru_Bankası_p0154_q04.png	93
eeff3417-d339-56a5-8201-70cc7e445a10	345 2025 Ayt Biyoloji Soru Bankası	108	10	1.000	high	apply	/static/crops/345_2025_Ayt_Biyoloji_Soru_Bankası/345_2025_Ayt_Biyoloji_Soru_Bankası_p0108_q04.png	192
137b9205-9436-5961-a084-9c8aaf37b465	Orijinal-2024-Geometri Soru Bankası	186	9	0.769	high	apply	/static/crops/Orijinal-2024-Geometri_Soru_Bankası/Orijinal-2024-Geometri_Soru_Bankası_p0186_q02.png	123
8122f50a-4124-55a5-a39e-fb12cdf2ccf4	Orijinal-2024-Geometri Soru Bankası	184	8	0.692	mid	skip		128
ba54c62f-22f6-5c19-a6e9-c0e3ebf17270	Orijinal-2024-Geometri Soru Bankası	180	11	0.933	high	apply	/static/crops/Orijinal-2024-Geometri_Soru_Bankası/Orijinal-2024-Geometri_Soru_Bankası_p0180_q03.png	164
8071422d-cf97-5faa-9d68-e0398b3906d3	Orijinal-2024-Geometri Soru Bankası	208	8	1.000	high	apply	/static/crops/Orijinal-2024-Geometri_Soru_Bankası/Orijinal-2024-Geometri_Soru_Bankası_p0208_q03.png	103
b9f47666-b517-591a-a83f-399ff8114ba7	Orijinal-2024-Geometri Soru Bankası	210	10	1.000	high	apply	/static/crops/Orijinal-2024-Geometri_Soru_Bankası/Orijinal-2024-Geometri_Soru_Bankası_p0210_q02.png	118
3d63566b-efe7-5d13-884d-d1ed5efc269d	Orijinal-2024-Geometri Soru Bankası	188	8	0.938	high	apply	/static/crops/Orijinal-2024-Geometri_Soru_Bankası/Orijinal-2024-Geometri_Soru_Bankası_p0188_q03.png	145
a8039746-6fbb-5002-ac90-74efcfd86578	Orijinal-2024-Geometri Soru Bankası	210	11	0.846	high	apply	/static/crops/Orijinal-2024-Geometri_Soru_Bankası/Orijinal-2024-Geometri_Soru_Bankası_p0210_q04.png	117
6e99e2b4-4420-50bd-943c-01d604979a09	Orijinal-2024-Geometri Soru Bankası	212	8	1.000	high	apply	/static/crops/Orijinal-2024-Geometri_Soru_Bankası/Orijinal-2024-Geometri_Soru_Bankası_p0212_q03.png	121
ddbb0b81-de9d-590e-b5e3-988879533db9	Orijinal-2024-Geometri Soru Bankası	190	9	0.615	mid	skip		118
215fe42e-a934-50cf-8eb6-0b91c5d60f37	Orijinal-2024-Geometri Soru Bankası	125	9	0.923	high	apply	/static/crops/Orijinal-2024-Geometri_Soru_Bankası/Orijinal-2024-Geometri_Soru_Bankası_p0125_q05.png	117
1fe470ff-60c6-52dd-acb2-af42db07d7d5	Orijinal-2024-Geometri Soru Bankası	214	11	0.750	high	apply	/static/crops/Orijinal-2024-Geometri_Soru_Bankası/Orijinal-2024-Geometri_Soru_Bankası_p0214_q04.png	121
21afd5fa-1284-59c8-a750-1615fe484389	Orijinal-2024-Geometri Soru Bankası	228	7	0.900	high	apply	/static/crops/Orijinal-2024-Geometri_Soru_Bankası/Orijinal-2024-Geometri_Soru_Bankası_p0228_q02.png	103
d47ebd83-704f-5b49-9807-4e43f7eeaef8	Orijinal-2024-Geometri Soru Bankası	214	10	0.769	high	apply	/static/crops/Orijinal-2024-Geometri_Soru_Bankası/Orijinal-2024-Geometri_Soru_Bankası_p0214_q01.png	126
d413a234-3362-5394-8a94-c45b93fe077a	Orijinal-2024-Geometri Soru Bankası	269	9	0.364	low	skip		123
d819eb72-fd75-5058-afc5-8d1730640573	Orijinal-2024-Geometri Soru Bankası	248	7	0.857	high	apply	/static/crops/Orijinal-2024-Geometri_Soru_Bankası/Orijinal-2024-Geometri_Soru_Bankası_p0248_q01.png	125
5b4efa51-adee-5afe-a2ca-417e230cb967	Orijinal-2024-Geometri Soru Bankası	246	10	0.188	low	skip		137
45b5571e-5bca-5cde-9ce3-e0941d33134d	Orijinal-2024-Geometri Soru Bankası	279	7	0.833	high	apply	/static/crops/Orijinal-2024-Geometri_Soru_Bankası/Orijinal-2024-Geometri_Soru_Bankası_p0279_q02.png	132
2e36d0b2-7d94-5853-9465-d3e39f082857	Orijinal-2024-Geometri Soru Bankası	226	9	0.417	low	skip		98
a27c93ab-c793-5a04-9d1b-121cb278f0f9	Orijinal-2024-Geometri Soru Bankası	226	10	0.667	mid	skip		101
0714b950-e4f7-58e8-a7cd-ec88be4015dd	Orijinal-2024-Geometri Soru Bankası	194	8	0	error	error		0
c51284e7-fbc0-5a9f-90dc-77d039e8cebc	Orijinal-2024-Geometri Soru Bankası	228	9	1.000	high	apply	/static/crops/Orijinal-2024-Geometri_Soru_Bankası/Orijinal-2024-Geometri_Soru_Bankası_p0228_q05.png	104
5bffce3f-98a5-5659-bb87-7efc95ae712d	Orijinal-2024-Geometri Soru Bankası	269	10	0.571	mid	skip		147
3225e7f2-5e12-5cbf-9cac-c7eb4bcad1e2	Orijinal-2024-Geometri Soru Bankası	313	5	0.810	high	apply	/static/crops/Orijinal-2024-Geometri_Soru_Bankası/Orijinal-2024-Geometri_Soru_Bankası_p0313_q01.png	175
1cf3bb64-6691-5c29-8a4a-990766483b37	Orijinal-2024-Geometri Soru Bankası	228	10	1.000	high	apply	/static/crops/Orijinal-2024-Geometri_Soru_Bankası/Orijinal-2024-Geometri_Soru_Bankası_p0228_q01.png	138
9421a938-7e2d-5faf-8440-cbb6635f71e9	Orijinal-2024-Geometri Soru Bankası	244	11	0.700	high	apply	/static/crops/Orijinal-2024-Geometri_Soru_Bankası/Orijinal-2024-Geometri_Soru_Bankası_p0244_q04.png	162
c5e5437f-36eb-5445-bb11-679dc5765980	Orijinal-2024-Geometri Soru Bankası	330	7	0.778	high	apply	/static/crops/Orijinal-2024-Geometri_Soru_Bankası/Orijinal-2024-Geometri_Soru_Bankası_p0330_q02.png	78
429a9d37-d97d-53d6-a65b-08300cc2c1f3	Orijinal-2024-Geometri Soru Bankası	246	8	0.500	mid	skip		116
296ff599-dc60-5abd-8443-cd76be06a056	Orijinal-2024-Geometri Soru Bankası	230	9	0.929	high	apply	/static/crops/Orijinal-2024-Geometri_Soru_Bankası/Orijinal-2024-Geometri_Soru_Bankası_p0230_q06.png	124
c6a2b589-9a45-553e-b3b7-a3497f90995e	C1CELL-2025-Matematik Soru Bankası	302	5	0.880	high	apply	/static/crops/C1CELL-2025-Matematik_Soru_Bankası/C1CELL-2025-Matematik_Soru_Bankası_p0302_q01.png	234
e7ff8ebb-743b-586b-90ab-90eecb7b9e09	C1CELL-2024-TYT-Matematik Soru Bankası	178	5	0.938	high	apply	/static/crops/C1CELL-2024-TYT-Matematik_Soru_Bankası/C1CELL-2024-TYT-Matematik_Soru_Bankası_p0178_q01.png	196
da74ab36-4bab-5753-b18e-6a039b6e6992	Orijinal-2024-Geometri Soru Bankası	248	8	0.833	high	apply	/static/crops/Orijinal-2024-Geometri_Soru_Bankası/Orijinal-2024-Geometri_Soru_Bankası_p0248_q03.png	149
2670bf73-222f-5310-b686-b6152bc7d143	Orijinal-2024-Geometri Soru Bankası	267	12	0.375	low	skip		95
ff443f83-c126-5ae3-a2e2-a8a1fb112ef1	Orijinal-2024-Geometri Soru Bankası	285	9	1.000	high	apply	/static/crops/Orijinal-2024-Geometri_Soru_Bankası/Orijinal-2024-Geometri_Soru_Bankası_p0285_q06.png	126
ad1e4d6a-057a-521b-82e9-0ba525fa2975	Mikro Orijinal-2024-Tyt-Matematik Soru Bankası	332	10	0.206	low	skip		350
27ba6169-7ff2-57f7-95b8-61bafa097c17	C1CELL-2024-TYT-AYT-Geometri Soru Bankası	215	12	0.857	high	apply	/static/crops/C1CELL-2024-TYT-AYT-Geometri_Soru_Bankası/C1CELL-2024-TYT-AYT-Geometri_Soru_Bankası_p0215_q06.png	116
29896f6d-59d6-592d-afab-13ce0b987299	Orijinal-2024-Geometri Soru Bankası	198	9	0.688	mid	skip		130
66e45255-a9cc-599b-a0d5-02453eb5cb32	C1CELL-2024-TYT-AYT-Geometri Soru Bankası	217	12	0.944	high	apply	/static/crops/C1CELL-2024-TYT-AYT-Geometri_Soru_Bankası/C1CELL-2024-TYT-AYT-Geometri_Soru_Bankası_p0217_q06.png	155
29783b66-d9b7-5927-8ba1-3f1e88b66f13	Orijinal-Tyt Ayt Geometri Soru Bankası	123	9	0.923	high	apply	/static/crops/Orijinal-Tyt_Ayt_Geometri_Soru_Bankası/Orijinal-Tyt_Ayt_Geometri_Soru_Bankası_p0123_q06.png	111
eeecc803-603c-5390-af9e-adc7fc4b56c0	Orijinal-2024-Geometri Soru Bankası	287	8	0.429	low	skip		140
67e7b450-6f0c-591b-9223-f6a24443ae66	C1CELL-2024-TYT-AYT-Geometri Soru Bankası	109	12	0.619	mid	skip		189
0158eb21-9d82-5500-b443-aa58b09eb7fb	345 2025 Ayt Fizik Soru Bankası	119	6	0.875	high	apply	/static/crops/345_2025_Ayt_Fizik_Soru_Bankası/345_2025_Ayt_Fizik_Soru_Bankası_p0119_q04.png	211
c2d7afe3-c651-5a1e-8334-0b58383b8fa6	Orijinal-2024-Geometri Soru Bankası	361	10	0.400	low	skip		288
d567b767-8a34-5685-998b-d2339819d473	Full Matematik-2022-2023-Tyt Ayt-Geometri Soru Bankası	169	7	0.833	high	apply	/static/crops/Full_Matematik-2022-2023-Tyt_Ayt-Geometri_Soru_Bankası/Full_Matematik-2022-2023-Tyt_Ayt-Geometri_Soru_Bankası_p0169_q01.png	280
fbcb6da9-c57d-5fea-b851-d4dcd04f2b68	Full Matematik-2019-2020-Geometri Soru Bankası	205	7	0.694	mid	skip		323
607f43c3-4ee5-5337-9741-7888860c29d6	Full Matematik-2022-2023-Tyt Ayt-Geometri Soru Bankası	189	7	0.913	high	apply	/static/crops/Full_Matematik-2022-2023-Tyt_Ayt-Geometri_Soru_Bankası/Full_Matematik-2022-2023-Tyt_Ayt-Geometri_Soru_Bankası_p0189_q01.png	230
7c7676d6-7aa1-590e-8a97-78e72d95fa53	Full Matematik-2022-2023-Tyt Ayt-Geometri Soru Bankası	81	7	0.533	mid	skip		142
2f0ebad9-e34c-5f90-bfff-7c8dd3f1c4ff	C1CELL-2024-TYT-AYT-Geometri Soru Bankası	51	12	0.769	high	apply	/static/crops/C1CELL-2024-TYT-AYT-Geometri_Soru_Bankası/C1CELL-2024-TYT-AYT-Geometri_Soru_Bankası_p0051_q06.png	126
f6886b3e-423b-540f-a1f0-c6dededb8ff3	Mikro Orijinal-2025-Ayt-Geometri Soru Bankası	43	8	0.700	high	apply	/static/crops/Mikro_Orijinal-2025-Ayt-Geometri_Soru_Bankası/Mikro_Orijinal-2025-Ayt-Geometri_Soru_Bankası_p0043_q03.png	102
25ae2912-370a-5a28-8d77-c9dd4fbc7eaf	Full-2019-2020-Ayt-Matematik Soru Bankası	95	7	0.688	mid	skip		158
caa3e715-a34c-5e1e-ab0b-c7d441371693	C1CELL-2024-TYT-AYT-Geometri Soru Bankası	293	12	1.000	high	apply	/static/crops/C1CELL-2024-TYT-AYT-Geometri_Soru_Bankası/C1CELL-2024-TYT-AYT-Geometri_Soru_Bankası_p0293_q05.png	118
ff6ab347-1f31-53c7-a992-2fd99b5f4980	Orijinal-2024-Geometri Soru Bankası	29	8	0.833	high	apply	/static/crops/Orijinal-2024-Geometri_Soru_Bankası/Orijinal-2024-Geometri_Soru_Bankası_p0029_q04.png	123
b2f461cd-56cc-50b6-8e0c-a4cfef15625c	345 2025 Ayt Matematik Soru Bankası	101	10	1.000	high	apply	/static/crops/345_2025_Ayt_Matematik_Soru_Bankası/345_2025_Ayt_Matematik_Soru_Bankası_p0101_q04.png	76
821530b1-69c2-56fa-829f-b11010018f67	Orijinal-2024-Geometri Soru Bankası	156	9	1.000	high	apply	/static/crops/Orijinal-2024-Geometri_Soru_Bankası/Orijinal-2024-Geometri_Soru_Bankası_p0156_q05.png	114
c63e19fd-6185-589a-8d10-da741cf8d159	Mikro Orijinal-2024-Ayt-Matematik Soru Bankası	151	7	0.966	high	apply	/static/crops/Mikro_Orijinal-2024-Ayt-Matematik_Soru_Bankası/Mikro_Orijinal-2024-Ayt-Matematik_Soru_Bankası_p0151_q01.png	303
ec78bc14-c6e8-543a-a259-aa73d8845bd4	Mikro Orijinal-2024-Ayt-Matematik Soru Bankası	166	7	0.769	high	apply	/static/crops/Mikro_Orijinal-2024-Ayt-Matematik_Soru_Bankası/Mikro_Orijinal-2024-Ayt-Matematik_Soru_Bankası_p0166_q01.png	92
c70e0c44-c024-576e-b343-753c74acd381	Full-2019-2020-Ayt-Matematik Soru Bankası	97	7	0.818	high	apply	/static/crops/Full-2019-2020-Ayt-Matematik_Soru_Bankası/Full-2019-2020-Ayt-Matematik_Soru_Bankası_p0097_q01.png	94
0478e70f-1293-544a-a930-ca399a906e6c	Full Matematik-2022-2023-Tyt Ayt-Geometri Soru Bankası	285	6	1.000	high	apply	/static/crops/Full_Matematik-2022-2023-Tyt_Ayt-Geometri_Soru_Bankası/Full_Matematik-2022-2023-Tyt_Ayt-Geometri_Soru_Bankası_p0285_q04.png	207
05d68897-6eb3-5116-93af-f84e182ce603	345 2025 Ayt Matematik Soru Bankası	111	11	0.909	high	apply	/static/crops/345_2025_Ayt_Matematik_Soru_Bankası/345_2025_Ayt_Matematik_Soru_Bankası_p0111_q01.png	118
e2a1a383-2613-5afd-87c8-5aa91f1da2e2	345 2025 Ayt Matematik Soru Bankası	43	8	0.517	mid	skip		549
e011d880-895d-576b-8efa-6436a528485d	345 2025 Ayt Matematik Soru Bankası	101	15	0.733	high	apply	/static/crops/345_2025_Ayt_Matematik_Soru_Bankası/345_2025_Ayt_Matematik_Soru_Bankası_p0101_q05.png	122
67a7daf8-ad5e-5e91-baf4-229e08633e12	345 2025 Ayt Matematik Soru Bankası	89	7	0.895	high	apply	/static/crops/345_2025_Ayt_Matematik_Soru_Bankası/345_2025_Ayt_Matematik_Soru_Bankası_p0089_q03.png	215
de659ab3-cfb6-5280-953b-0109f4d86c42	345 2025 Ayt Matematik Soru Bankası	113	9	0.778	high	apply	/static/crops/345_2025_Ayt_Matematik_Soru_Bankası/345_2025_Ayt_Matematik_Soru_Bankası_p0113_q04.png	79
ba2cb733-3efc-56ee-9345-77d4c9929381	Full-2019-2020-Ayt-Matematik Soru Bankası	87	8	0.769	high	apply	/static/crops/Full-2019-2020-Ayt-Matematik_Soru_Bankası/Full-2019-2020-Ayt-Matematik_Soru_Bankası_p0087_q03.png	142
6918e379-b232-5757-881f-e734786a5936	345 2025 Ayt Matematik Soru Bankası	115	10	0.923	high	apply	/static/crops/345_2025_Ayt_Matematik_Soru_Bankası/345_2025_Ayt_Matematik_Soru_Bankası_p0115_q02.png	142
d2306b13-3c8f-57db-9df1-fca43528b6ca	345 2025 Ayt Matematik Soru Bankası	109	11	0.846	high	apply	/static/crops/345_2025_Ayt_Matematik_Soru_Bankası/345_2025_Ayt_Matematik_Soru_Bankası_p0109_q03.png	92
d75fb822-4658-55b7-aabb-b1a10c5bb6dd	Mikro Orijinal-2025-Ayt-Geometri Soru Bankası	39	7	0.500	mid	skip		100
88f5a13a-5e74-588d-8308-021c1f6df027	345 2025 Ayt Matematik Soru Bankası	111	12	0.556	mid	skip		90
b4e7a9f8-f98c-5af6-86b8-d7d29fdecc39	345 2025 Ayt Matematik Soru Bankası	177	8	0.864	high	apply	/static/crops/345_2025_Ayt_Matematik_Soru_Bankası/345_2025_Ayt_Matematik_Soru_Bankası_p0177_q03.png	216
24c3839b-3dae-5ee7-b928-a03acd4ed967	345 2025 Ayt Matematik Soru Bankası	111	13	0.778	high	apply	/static/crops/345_2025_Ayt_Matematik_Soru_Bankası/345_2025_Ayt_Matematik_Soru_Bankası_p0111_q05.png	100
d721c9d2-bec8-5e64-801d-96dd5aeb0938	345 2025 Ayt Matematik Soru Bankası	99	15	0	error	error		0
46af08f2-5382-5ab0-8f01-cda454537ce6	Orijinal-2024-Geometri Soru Bankası	170	7	0.706	high	apply	/static/crops/Orijinal-2024-Geometri_Soru_Bankası/Orijinal-2024-Geometri_Soru_Bankası_p0170_q01.png	144
d8d2f894-1c64-5fdc-9025-8e896967c25b	345 2025 Ayt Matematik Soru Bankası	211	3	0.892	high	apply	/static/crops/345_2025_Ayt_Matematik_Soru_Bankası/345_2025_Ayt_Matematik_Soru_Bankası_p0211_q04.png	392
5f1395b7-0d63-5bdb-97cd-a38fbaca96d6	345 Tyt Ayt Geometri Soru Bankası	77	6	0.692	mid	skip		118
bea4364e-6e6c-5a9d-87b9-27a1760f28d1	Orijinal-2024-Geometri Soru Bankası	198	7	0.917	high	apply	/static/crops/Orijinal-2024-Geometri_Soru_Bankası/Orijinal-2024-Geometri_Soru_Bankası_p0198_q01.png	107
197a6bc1-4bea-5145-9cbd-3a39a21d8775	Orijinal-2024-Geometri Soru Bankası	154	7	0.818	high	apply	/static/crops/Orijinal-2024-Geometri_Soru_Bankası/Orijinal-2024-Geometri_Soru_Bankası_p0154_q01.png	98
9af8915d-bdea-57b6-9c32-272fc4516a48	345 2025 Tyt Ayt Geometri Soru Bankası 1	71	6	1.000	high	apply	/static/crops/345_2025_Tyt_Ayt_Geometri_Soru_Bankası_1/345_2025_Tyt_Ayt_Geometri_Soru_Bankası_1_p0071_q01.png	101
2bed1896-a37c-514e-b828-b54d51978cea	Orijinal-2024-Geometri Soru Bankası	57	7	0.562	mid	skip		143
32853a26-47ca-5d58-a4fb-76c5f653004b	345 2025 Ayt Matematik Soru Bankası	115	11	0.875	high	apply	/static/crops/345_2025_Ayt_Matematik_Soru_Bankası/345_2025_Ayt_Matematik_Soru_Bankası_p0115_q04.png	99
6937d209-5eff-597c-8fc5-eeca747dc5ad	345 2025 Ayt Matematik Soru Bankası	211	8	0.882	high	apply	/static/crops/345_2025_Ayt_Matematik_Soru_Bankası/345_2025_Ayt_Matematik_Soru_Bankası_p0211_q03.png	546
5aa0b6cd-7932-557a-9fd4-7a42e7767be5	Orijinal-2024-Geometri Soru Bankası	350	6	0.933	high	apply	/static/crops/Orijinal-2024-Geometri_Soru_Bankası/Orijinal-2024-Geometri_Soru_Bankası_p0350_q05.png	228
5432d684-15a0-5740-8900-b7a72c4ce738	Orijinal-Tyt Ayt Geometri Soru Bankası	29	9	0.923	high	apply	/static/crops/Orijinal-Tyt_Ayt_Geometri_Soru_Bankası/Orijinal-Tyt_Ayt_Geometri_Soru_Bankası_p0029_q06.png	105
1db0a945-bae9-5c6b-920f-820d4182b0f0	345 2025 Tyt Ayt Geometri Soru Bankası 1	269	8	1.000	high	apply	/static/crops/345_2025_Tyt_Ayt_Geometri_Soru_Bankası_1/345_2025_Tyt_Ayt_Geometri_Soru_Bankası_1_p0269_q05.png	117
3ee2b5f3-0c45-58cb-a343-9364ca6142b8	Mikro Orijinal-2025-Ayt-Geometri Soru Bankası	75	9	0.400	low	skip		103
c273370d-615b-5498-9605-68ddb9bf0ba2	Orijinal-2024-Geometri Soru Bankası	79	10	1.000	high	apply	/static/crops/Orijinal-2024-Geometri_Soru_Bankası/Orijinal-2024-Geometri_Soru_Bankası_p0079_q02.png	130
088df48c-64d2-59eb-8466-93cc1d0c7b84	Orijinal-2024-Geometri Soru Bankası	51	8	0.938	high	apply	/static/crops/Orijinal-2024-Geometri_Soru_Bankası/Orijinal-2024-Geometri_Soru_Bankası_p0051_q03.png	134
eed95cc5-2de2-53c3-bfef-f88f184be3b7	Orijinal-2024-Geometri Soru Bankası	47	10	0.800	high	apply	/static/crops/Orijinal-2024-Geometri_Soru_Bankası/Orijinal-2024-Geometri_Soru_Bankası_p0047_q02.png	135
5b6c3333-2eff-5b89-bdf0-4e75eb8ebce9	Orijinal-2024-Tyt Ayt-Fonksiyonlar	100	5	0.640	mid	skip		281
72ae81d9-2aec-5aac-a0b0-1ea67adec54c	345 2025 Ayt Matematik Soru Bankası	63	7	0.878	high	apply	/static/crops/345_2025_Ayt_Matematik_Soru_Bankası/345_2025_Ayt_Matematik_Soru_Bankası_p0063_q02.png	386
33c0e66d-2a04-5c65-9157-c9c460dde2e6	345 2025 Ayt Matematik Soru Bankası	101	9	0.600	mid	skip		105
962a9ca8-5dd2-5ee3-bbbd-f1eb99224eb3	Orijinal-2024-Geometri Soru Bankası	51	10	0.733	high	apply	/static/crops/Orijinal-2024-Geometri_Soru_Bankası/Orijinal-2024-Geometri_Soru_Bankası_p0051_q02.png	139
dbf1a26b-d9b4-5251-b367-5b719eb89ebf	345 2025 Ayt Matematik Soru Bankası	225	13	0.438	low	skip		149
7490cdd8-0df8-540a-ade5-466af5040f5d	Orijinal-2024-Geometri Soru Bankası	57	8	0.556	mid	skip		90
98bd2753-0ce3-5ab9-a34b-722059f3eb5c	345 2025 Ayt Kimya Soru Bankası	273	7	0	error	error		0
aea774cc-e3cf-5b23-90a4-63c826913ea4	Orijinal-2024-Geometri Soru Bankası	51	12	0.818	high	apply	/static/crops/Orijinal-2024-Geometri_Soru_Bankası/Orijinal-2024-Geometri_Soru_Bankası_p0051_q06.png	111
7992c16a-d5e9-5963-8ba9-b3b61f816d0a	Orijinal-2024-Geometri Soru Bankası	51	11	0.818	high	apply	/static/crops/Orijinal-2024-Geometri_Soru_Bankası/Orijinal-2024-Geometri_Soru_Bankası_p0051_q04.png	113
2a150667-2c4c-5521-ae98-b6a516972358	Orijinal-2024-Geometri Soru Bankası	67	9	0.929	high	apply	/static/crops/Orijinal-2024-Geometri_Soru_Bankası/Orijinal-2024-Geometri_Soru_Bankası_p0067_q06.png	132
6e814d37-cf8c-52c7-ae62-acf491382252	Orijinal-2024-Geometri Soru Bankası	69	8	1.000	high	apply	/static/crops/Orijinal-2024-Geometri_Soru_Bankası/Orijinal-2024-Geometri_Soru_Bankası_p0069_q04.png	142
3d0cfc3d-134d-5cb6-b949-b84d8bab7d35	Orijinal-2024-Geometri Soru Bankası	67	11	0.588	mid	skip		145
b8867026-7ae6-56e5-82dc-aceb28f2f5a8	Orijinal-2024-Geometri Soru Bankası	57	9	0.500	mid	skip		103
f035cdf2-a84c-5835-9447-2e846518fdf0	Orijinal-2024-Geometri Soru Bankası	69	10	0.667	mid	skip		131
f8ff3dc4-4755-5730-8d79-927255dbfd0d	Aktif Ogrenme Ayt Kimya 2019 2020	170	7	1.000	high	apply	/static/crops/Aktif_Ogrenme_Ayt_Kimya_2019_2020/Aktif_Ogrenme_Ayt_Kimya_2019_2020_p0170_q03.png	55
bab92d84-76fa-5c5d-8be2-3f6cd2665180	345 2025 Ayt Matematik Soru Bankası	347	1	0.462	low	skip		299
86343d8a-1ced-5218-a7e0-c10da42e686d	Orijinal-2024-Geometri Soru Bankası	95	10	0.938	high	apply	/static/crops/Orijinal-2024-Geometri_Soru_Bankası/Orijinal-2024-Geometri_Soru_Bankası_p0095_q02.png	156
c754932f-6a09-5927-bbbf-33192cea1970	Orijinal-Tyt Ayt Geometri Soru Bankası	69	9	1.000	high	apply	/static/crops/Orijinal-Tyt_Ayt_Geometri_Soru_Bankası/Orijinal-Tyt_Ayt_Geometri_Soru_Bankası_p0069_q05.png	142
57510c61-44c9-5ed9-ae10-eb831d947c6e	Orijinal-2024-Geometri Soru Bankası	97	8	0.333	low	skip		108
cd7e7044-2c5b-5f95-a022-3ded4e22c766	Orijinal-Tyt Ayt Geometri Soru Bankası	47	8	0.917	high	apply	/static/crops/Orijinal-Tyt_Ayt_Geometri_Soru_Bankası/Orijinal-Tyt_Ayt_Geometri_Soru_Bankası_p0047_q03.png	114
ba6f0b9b-e328-5cb8-954b-853032abd0eb	345 2025 Ayt Matematik Soru Bankası	323	7	1.000	high	apply	/static/crops/345_2025_Ayt_Matematik_Soru_Bankası/345_2025_Ayt_Matematik_Soru_Bankası_p0323_q01.png	206
a60e1abf-aa4e-52c2-9518-aa7b45b5c739	Orijinal-Tyt Ayt Geometri Soru Bankası	59	8	0.692	mid	skip		122
6429d3e4-e037-5de3-b05b-92a31427c0e0	Orijinal-Tyt Ayt Geometri Soru Bankası	51	10	0.714	high	apply	/static/crops/Orijinal-Tyt_Ayt_Geometri_Soru_Bankası/Orijinal-Tyt_Ayt_Geometri_Soru_Bankası_p0051_q02.png	140
4dce7522-6591-5bbb-bf91-3a7188f04945	Orijinal-Tyt Ayt Geometri Soru Bankası	51	12	0.818	high	apply	/static/crops/Orijinal-Tyt_Ayt_Geometri_Soru_Bankası/Orijinal-Tyt_Ayt_Geometri_Soru_Bankası_p0051_q06.png	111
409220f0-840a-5164-9ae1-30a6cf303499	Orijinal-Tyt Ayt Geometri Soru Bankası	57	9	0.500	mid	skip		103
e97419eb-897e-5ee5-b82b-96cab58026b3	Orijinal-Tyt Ayt Geometri Soru Bankası	69	10	0.667	mid	skip		142
8562ecf1-5a4f-59c0-b801-443a15882d76	Orijinal-Tyt Ayt Geometri Soru Bankası	51	11	1.000	high	apply	/static/crops/Orijinal-Tyt_Ayt_Geometri_Soru_Bankası/Orijinal-Tyt_Ayt_Geometri_Soru_Bankası_p0051_q04.png	204
f7b7c974-c46d-5870-9ee2-79a412a62a21	345 2025 Tyt Ayt Geometri Soru Bankası 1	213	11	0.800	high	apply	/static/crops/345_2025_Tyt_Ayt_Geometri_Soru_Bankası_1/345_2025_Tyt_Ayt_Geometri_Soru_Bankası_1_p0213_q06.png	98
ee2bfb16-328a-5a9e-b59c-93a535531693	345 2025 Tyt Ayt Geometri Soru Bankası 1	207	8	0.636	mid	skip		107
ef4822ef-6451-5dd7-8baf-d779bb4812e7	Orijinal-Tyt Ayt Geometri Soru Bankası	186	10	0.786	high	apply	/static/crops/Orijinal-Tyt_Ayt_Geometri_Soru_Bankası/Orijinal-Tyt_Ayt_Geometri_Soru_Bankası_p0186_q03.png	121
a9174afe-8b4b-50ad-ae43-2462d2029e64	Orijinal-2024-Geometri Soru Bankası	69	12	0	error	error		0
1916945e-53bb-5308-ba07-a9a4bd6f4907	Orijinal-Tyt Ayt Geometri Soru Bankası	117	8	0.778	high	apply	/static/crops/Orijinal-Tyt_Ayt_Geometri_Soru_Bankası/Orijinal-Tyt_Ayt_Geometri_Soru_Bankası_p0117_q03.png	104
5e5b49a6-9fcd-5931-8381-4b9e08c73622	Orijinal-Tyt Ayt Geometri Soru Bankası	188	8	0.562	mid	skip		145
e8a14843-54e6-510b-b165-46d6d01cc5a7	Orijinal-Tyt Ayt Geometri Soru Bankası	111	10	0.692	mid	skip		129
44ea9a3b-7411-561d-8b9a-a1732f757b60	345 2025 Tyt Ayt Geometri Soru Bankası 1	243	6	1.000	high	apply	/static/crops/345_2025_Tyt_Ayt_Geometri_Soru_Bankası_1/345_2025_Tyt_Ayt_Geometri_Soru_Bankası_1_p0243_q03.png	131
6cfcbbd2-d34c-5b05-8f29-1253770d0cc4	Orijinal-Tyt Ayt Geometri Soru Bankası	117	9	0.867	high	apply	/static/crops/Orijinal-Tyt_Ayt_Geometri_Soru_Bankası/Orijinal-Tyt_Ayt_Geometri_Soru_Bankası_p0117_q06.png	130
2de4a68f-9b0a-5642-bd45-acc91ae597a6	Orijinal-Tyt Ayt Geometri Soru Bankası	117	10	0.818	high	apply	/static/crops/Orijinal-Tyt_Ayt_Geometri_Soru_Bankası/Orijinal-Tyt_Ayt_Geometri_Soru_Bankası_p0117_q02.png	135
271fc4fe-56ce-58ad-8372-b35650309f15	345 2025 Tyt Ayt Geometri Soru Bankası 1	149	6	0	error	error		0
4fa1322d-de26-5084-a0ff-3339964166b7	Orijinal-Tyt Ayt Geometri Soru Bankası	121	10	0.714	high	apply	/static/crops/Orijinal-Tyt_Ayt_Geometri_Soru_Bankası/Orijinal-Tyt_Ayt_Geometri_Soru_Bankası_p0121_q02.png	135
e046e56b-4842-5ae1-b1fc-aecfc3a848a4	Orijinal-Tyt Ayt Geometri Soru Bankası	125	8	0.909	high	apply	/static/crops/Orijinal-Tyt_Ayt_Geometri_Soru_Bankası/Orijinal-Tyt_Ayt_Geometri_Soru_Bankası_p0125_q03.png	106
7b09bdb3-39a8-54bc-84fb-83a55da4fc40	Orijinal-Tyt Ayt Geometri Soru Bankası	117	11	0.909	high	apply	/static/crops/Orijinal-Tyt_Ayt_Geometri_Soru_Bankası/Orijinal-Tyt_Ayt_Geometri_Soru_Bankası_p0117_q04.png	110
286711b6-2346-54ac-b0b6-f558fdcb4053	Orijinal-Tyt Ayt Geometri Soru Bankası	123	12	0.688	mid	skip		150
3b86bf38-70e6-520e-92df-75f1bf456746	Orijinal-Tyt Ayt Geometri Soru Bankası	125	10	1.000	high	apply	/static/crops/Orijinal-Tyt_Ayt_Geometri_Soru_Bankası/Orijinal-Tyt_Ayt_Geometri_Soru_Bankası_p0125_q02.png	103
53297f0a-b3d1-552e-b36c-44a35bc26a7c	Orijinal-Tyt Ayt Geometri Soru Bankası	117	12	0.789	high	apply	/static/crops/Orijinal-Tyt_Ayt_Geometri_Soru_Bankası/Orijinal-Tyt_Ayt_Geometri_Soru_Bankası_p0117_q05.png	182
60a5621f-3cfd-5a74-a130-0e93abb76023	Orijinal-Tyt Ayt Geometri Soru Bankası	129	10	0.909	high	apply	/static/crops/Orijinal-Tyt_Ayt_Geometri_Soru_Bankası/Orijinal-Tyt_Ayt_Geometri_Soru_Bankası_p0129_q02.png	121
5a7f30d2-702e-50a7-85dd-20793a5de569	Orijinal-Tyt Ayt Geometri Soru Bankası	125	12	0.800	high	apply	/static/crops/Orijinal-Tyt_Ayt_Geometri_Soru_Bankası/Orijinal-Tyt_Ayt_Geometri_Soru_Bankası_p0125_q06.png	108
341fa51b-dc52-56dd-ad72-787893980f81	345 2025 Tyt Ayt Geometri Soru Bankası 1	263	10	1.000	high	apply	/static/crops/345_2025_Tyt_Ayt_Geometri_Soru_Bankası_1/345_2025_Tyt_Ayt_Geometri_Soru_Bankası_1_p0263_q04.png	144
75890acb-b4f6-5d9d-ae6f-2c6539105d6b	345 2025 Tyt Ayt Geometri Soru Bankası 1	97	9	1.000	high	apply	/static/crops/345_2025_Tyt_Ayt_Geometri_Soru_Bankası_1/345_2025_Tyt_Ayt_Geometri_Soru_Bankası_1_p0097_q03.png	109
3748b787-a0c6-570f-96ee-b2ee0e367f7e	345 2025 Tyt Ayt Geometri Soru Bankası 1	100	6	1.000	high	apply	/static/crops/345_2025_Tyt_Ayt_Geometri_Soru_Bankası_1/345_2025_Tyt_Ayt_Geometri_Soru_Bankası_1_p0100_q01.png	108
df229f0d-1001-52aa-8f78-d87397aa0815	345 2025 Tyt Ayt Geometri Soru Bankası 1	27	6	0.444	low	skip		89
e7d648a3-4d09-5c4d-a568-9f0cb3eee445	345 2025 Tyt Ayt Geometri Soru Bankası 1	115	6	0.812	high	apply	/static/crops/345_2025_Tyt_Ayt_Geometri_Soru_Bankası_1/345_2025_Tyt_Ayt_Geometri_Soru_Bankası_1_p0115_q02.png	141
033518d4-feee-5329-a275-90eebaa09254	345 2025 Tyt Ayt Geometri Soru Bankası 1	109	6	0.769	high	apply	/static/crops/345_2025_Tyt_Ayt_Geometri_Soru_Bankası_1/345_2025_Tyt_Ayt_Geometri_Soru_Bankası_1_p0109_q02.png	111
26cab989-f933-50be-b3e4-57a14e56f712	345 2025 Tyt Ayt Geometri Soru Bankası 1	31	7	0.769	high	apply	/static/crops/345_2025_Tyt_Ayt_Geometri_Soru_Bankası_1/345_2025_Tyt_Ayt_Geometri_Soru_Bankası_1_p0031_q01.png	116
40133938-2b51-5e87-9304-59b8b171e755	345 2025 Tyt Ayt Geometri Soru Bankası 1	117	6	0.818	high	apply	/static/crops/345_2025_Tyt_Ayt_Geometri_Soru_Bankası_1/345_2025_Tyt_Ayt_Geometri_Soru_Bankası_1_p0117_q01.png	94
bc257542-15d6-5f7c-8164-8187b355ae7c	345 2025 Tyt Ayt Geometri Soru Bankası 1	117	10	0.538	mid	skip		139
46dc88e9-6c1f-5a22-82d5-61948454cacb	345 2025 Tyt Ayt Geometri Soru Bankası 1	121	6	0.500	mid	skip		120
6b5f8b7e-348e-52e6-82dd-bb4416482918	345 2025 Tyt Ayt Geometri Soru Bankası 1	121	10	0.583	mid	skip		115
978e2fd0-cc90-5f7c-ae86-97a359c9a7ca	345 2025 Tyt Ayt Geometri Soru Bankası 1	123	6	0.692	mid	skip		109
0dbb96cb-c852-5013-ae9b-48ca795f30bb	Orijinal-Tyt Ayt Geometri Soru Bankası	125	11	1.000	high	apply	/static/crops/Orijinal-Tyt_Ayt_Geometri_Soru_Bankası/Orijinal-Tyt_Ayt_Geometri_Soru_Bankası_p0125_q04.png	110
c636ac0f-e554-5aa7-8e61-2d52f6295ad5	345 2025 Tyt Ayt Geometri Soru Bankası 1	119	6	0.636	mid	skip		99
5d430663-cb27-551a-8d18-4d5dc96f59de	345 2025 Tyt Ayt Geometri Soru Bankası 1	127	7	0.923	high	apply	/static/crops/345_2025_Tyt_Ayt_Geometri_Soru_Bankası_1/345_2025_Tyt_Ayt_Geometri_Soru_Bankası_1_p0127_q01.png	143
197e3847-393a-515f-af35-edd072540863	345 2025 Tyt Ayt Geometri Soru Bankası 1	21	6	0	error	error		0
272ae5a3-ded5-5879-b795-6d3387b23073	345 2025 Tyt Ayt Geometri Soru Bankası 1	127	11	0.857	high	apply	/static/crops/345_2025_Tyt_Ayt_Geometri_Soru_Bankası_1/345_2025_Tyt_Ayt_Geometri_Soru_Bankası_1_p0127_q04.png	97
d9297cc9-d236-50a0-b5f9-79520dc9ebbc	345 2025 Tyt Ayt Geometri Soru Bankası 1	127	10	1.000	high	apply	/static/crops/345_2025_Tyt_Ayt_Geometri_Soru_Bankası_1/345_2025_Tyt_Ayt_Geometri_Soru_Bankası_1_p0127_q02.png	141
8b4ce391-3d60-53a7-a4c6-9307f8173771	345 2025 Tyt Ayt Geometri Soru Bankası 1	143	6	0.900	high	apply	/static/crops/345_2025_Tyt_Ayt_Geometri_Soru_Bankası_1/345_2025_Tyt_Ayt_Geometri_Soru_Bankası_1_p0143_q02.png	101
61ec7d54-7b7c-55b9-ae98-cbf3e73159c0	345 2025 Tyt Ayt Geometri Soru Bankası 1	147	6	1.000	high	apply	/static/crops/345_2025_Tyt_Ayt_Geometri_Soru_Bankası_1/345_2025_Tyt_Ayt_Geometri_Soru_Bankası_1_p0147_q02.png	114
7595f4e4-ca97-565f-a0e0-f1f229847067	345 2025 Tyt Ayt Geometri Soru Bankası 1	119	8	0.556	mid	skip		89
e065fa4f-f3ab-5e0b-b349-a0af6cc680b3	345 2025 Tyt Ayt Geometri Soru Bankası 1	113	5	0	error	error		0
70ec2869-a298-5785-9c87-829c353d7f6c	345 2025 Tyt Ayt Geometri Soru Bankası 1	157	7	0.846	high	apply	/static/crops/345_2025_Tyt_Ayt_Geometri_Soru_Bankası_1/345_2025_Tyt_Ayt_Geometri_Soru_Bankası_1_p0157_q02.png	123
0b80a94f-721b-547d-b76f-c6999801d6ea	345 2025 Tyt Ayt Geometri Soru Bankası 1	175	8	0.462	low	skip		130
fffb61ba-9f5e-5589-b3c0-45cf74876d66	Orijinal-Tyt Ayt Geometri Soru Bankası	156	8	1.000	high	apply	/static/crops/Orijinal-Tyt_Ayt_Geometri_Soru_Bankası/Orijinal-Tyt_Ayt_Geometri_Soru_Bankası_p0156_q03.png	124
0f00e236-2c88-553d-a810-c7e4418f49c9	345 2025 Tyt Ayt Geometri Soru Bankası 1	175	7	0.750	high	apply	/static/crops/345_2025_Tyt_Ayt_Geometri_Soru_Bankası_1/345_2025_Tyt_Ayt_Geometri_Soru_Bankası_1_p0175_q04.png	115
f84f10ba-1dc9-5c9e-b289-6657a4fc5bbc	345 2025 Tyt Ayt Geometri Soru Bankası 1	177	6	0.769	high	apply	/static/crops/345_2025_Tyt_Ayt_Geometri_Soru_Bankası_1/345_2025_Tyt_Ayt_Geometri_Soru_Bankası_1_p0177_q01.png	105
f72b8d33-0950-5a5c-b81c-520700768244	345 2025 Tyt Ayt Geometri Soru Bankası 1	207	7	1.000	high	apply	/static/crops/345_2025_Tyt_Ayt_Geometri_Soru_Bankası_1/345_2025_Tyt_Ayt_Geometri_Soru_Bankası_1_p0207_q03.png	157
7703b020-1411-52c8-8df0-c0ade3d23dd2	Orijinal-Tyt Ayt Geometri Soru Bankası	170	12	1.000	high	apply	/static/crops/Orijinal-Tyt_Ayt_Geometri_Soru_Bankası/Orijinal-Tyt_Ayt_Geometri_Soru_Bankası_p0170_q06.png	137
45417928-29df-5ed3-97b4-74d221211e0e	345 2025 Tyt Ayt Geometri Soru Bankası 1	201	9	1.000	high	apply	/static/crops/345_2025_Tyt_Ayt_Geometri_Soru_Bankası_1/345_2025_Tyt_Ayt_Geometri_Soru_Bankası_1_p0201_q05.png	81
31ffaeff-9397-5a12-b7df-f208ddc91e15	345 2025 Tyt Ayt Geometri Soru Bankası 1	197	6	0.917	high	apply	/static/crops/345_2025_Tyt_Ayt_Geometri_Soru_Bankası_1/345_2025_Tyt_Ayt_Geometri_Soru_Bankası_1_p0197_q02.png	106
ed391f28-a119-5f51-9d48-a38dca7c7082	345 2025 Tyt Ayt Geometri Soru Bankası 1	213	10	0.900	high	apply	/static/crops/345_2025_Tyt_Ayt_Geometri_Soru_Bankası_1/345_2025_Tyt_Ayt_Geometri_Soru_Bankası_1_p0213_q04.png	115
33edcc76-d8c7-5a35-975a-46c553ca8755	345 2025 Tyt Ayt Geometri Soru Bankası 1	211	9	0.909	high	apply	/static/crops/345_2025_Tyt_Ayt_Geometri_Soru_Bankası_1/345_2025_Tyt_Ayt_Geometri_Soru_Bankası_1_p0211_q03.png	98
f8a1b32c-7a3a-5a4d-a1de-aff0281ddd29	345 2025 Tyt Ayt Geometri Soru Bankası 1	217	7	0.727	high	apply	/static/crops/345_2025_Tyt_Ayt_Geometri_Soru_Bankası_1/345_2025_Tyt_Ayt_Geometri_Soru_Bankası_1_p0217_q01.png	127
0af84439-7398-57c8-ade4-a6e6ec49ffde	345 2025 Tyt Ayt Geometri Soru Bankası 1	215	10	0.615	mid	skip		134
ac4d887d-e847-5e66-838a-a3f6c25c938a	Orijinal-Tyt Ayt Geometri Soru Bankası	170	10	0.733	high	apply	/static/crops/Orijinal-Tyt_Ayt_Geometri_Soru_Bankası/Orijinal-Tyt_Ayt_Geometri_Soru_Bankası_p0170_q02.png	132
575176f3-8286-5162-b0ff-9fb7b581e387	345 2025 Tyt Ayt Geometri Soru Bankası 1	211	8	1.000	high	apply	/static/crops/345_2025_Tyt_Ayt_Geometri_Soru_Bankası_1/345_2025_Tyt_Ayt_Geometri_Soru_Bankası_1_p0211_q02.png	127
edc7cb11-657e-5a4b-bcf2-7b1b6b09d67c	345 2025 Tyt Ayt Geometri Soru Bankası 1	219	6	0.643	mid	skip		156
4b262f09-e890-50ad-8d8c-dd927d814446	Orijinal-Tyt Ayt Geometri Soru Bankası	176	10	0.929	high	apply	/static/crops/Orijinal-Tyt_Ayt_Geometri_Soru_Bankası/Orijinal-Tyt_Ayt_Geometri_Soru_Bankası_p0176_q02.png	112
4ac08729-2080-5c66-944b-cd0e8853ddfa	345 2025 Tyt Ayt Geometri Soru Bankası 1	297	7	0	error	error		0
261ec27b-e068-579e-a629-df1978b0206f	345 2025 Tyt Ayt Geometri Soru Bankası 1	221	6	0.333	low	skip		92
df4a5b5e-c305-59cc-af00-b931b16a0c37	Orijinal-Tyt Ayt Geometri Soru Bankası	168	8	0	error	error		0
d503bdf0-1965-53d7-ad6b-704bc17bcd58	345 2025 Tyt Ayt Geometri Soru Bankası 1	219	8	0.900	high	apply	/static/crops/345_2025_Tyt_Ayt_Geometri_Soru_Bankası_1/345_2025_Tyt_Ayt_Geometri_Soru_Bankası_1_p0219_q05.png	109
c271d318-d3ad-5837-a4c7-98b7cf8f416f	Orijinal-Tyt Ayt Geometri Soru Bankası	184	9	0.733	high	apply	/static/crops/Orijinal-Tyt_Ayt_Geometri_Soru_Bankası/Orijinal-Tyt_Ayt_Geometri_Soru_Bankası_p0184_q05.png	128
b2bd6643-99c7-5e38-8b8e-c5c4baafaa1b	Orijinal-Tyt Ayt Geometri Soru Bankası	176	9	0.615	mid	skip		111
7e34a3f8-91ae-561c-a991-e3b155586376	Orijinal-Tyt Ayt Geometri Soru Bankası	186	9	0.769	high	apply	/static/crops/Orijinal-Tyt_Ayt_Geometri_Soru_Bankası/Orijinal-Tyt_Ayt_Geometri_Soru_Bankası_p0186_q02.png	125
732656df-5b02-5c13-9724-fbee5efde6f7	345 2025 Tyt Ayt Geometri Soru Bankası 1	217	8	0.625	mid	skip		145
6f90cb8c-16e2-54b6-9e50-402a975f6a88	345 2025 Tyt Ayt Geometri Soru Bankası 1	257	6	1.000	high	apply	/static/crops/345_2025_Tyt_Ayt_Geometri_Soru_Bankası_1/345_2025_Tyt_Ayt_Geometri_Soru_Bankası_1_p0257_q01.png	108
fd71ded1-70eb-5e96-95db-61c1b936d7d2	345 2025 Tyt Ayt Geometri Soru Bankası 1	245	6	0.800	high	apply	/static/crops/345_2025_Tyt_Ayt_Geometri_Soru_Bankası_1/345_2025_Tyt_Ayt_Geometri_Soru_Bankası_1_p0245_q05.png	122
e530a8af-64d8-5275-a94f-26c7ed428162	345 2025 Tyt Ayt Geometri Soru Bankası 1	259	6	1.000	high	apply	/static/crops/345_2025_Tyt_Ayt_Geometri_Soru_Bankası_1/345_2025_Tyt_Ayt_Geometri_Soru_Bankası_1_p0259_q01.png	107
99004fc8-0518-5e3b-905f-f5b794f5d858	345 2025 Tyt Ayt Geometri Soru Bankası 1	237	8	1.000	high	apply	/static/crops/345_2025_Tyt_Ayt_Geometri_Soru_Bankası_1/345_2025_Tyt_Ayt_Geometri_Soru_Bankası_1_p0237_q04.png	113
00fc8ea9-1084-5c67-86bc-92e10abe0984	Orijinal-Tyt Ayt Geometri Soru Bankası	121	8	0.400	low	skip		94
d8ec5c52-b77e-54aa-be10-edae18c30296	345 2025 Tyt Ayt Geometri Soru Bankası 1	247	6	0.500	mid	skip		116
7fff00d0-2493-5b9a-9c85-9a3aed901f16	345 2025 Tyt Ayt Geometri Soru Bankası 1	261	8	0.667	mid	skip		144
cccc15ae-684a-50c6-9321-4e84b7996d27	345 2025 Tyt Ayt Geometri Soru Bankası 1	263	6	1.000	high	apply	/static/crops/345_2025_Tyt_Ayt_Geometri_Soru_Bankası_1/345_2025_Tyt_Ayt_Geometri_Soru_Bankası_1_p0263_q01.png	118
2b5d4f0b-5006-513f-8ad5-30a8e286fed1	345 2025 Tyt Ayt Geometri Soru Bankası 1	289	7	0.909	high	apply	/static/crops/345_2025_Tyt_Ayt_Geometri_Soru_Bankası_1/345_2025_Tyt_Ayt_Geometri_Soru_Bankası_1_p0289_q04.png	90
2a821cba-7d5b-5fa4-9e71-55fef7169050	345 2025 Tyt Ayt Geometri Soru Bankası 1	297	6	0.583	mid	skip		120
6bd5d50e-993e-5682-9837-6b01b1e70eed	345 2025 Tyt Ayt Geometri Soru Bankası 1	289	8	0.636	mid	skip		126
d4c90aa5-da05-5510-91c4-8d968c690fdc	Orijinal-Tyt Ayt Geometri Soru Bankası	182	12	0	error	error		0
d43e10a2-64a0-5250-acfc-b8a8d1250b88	345 2025 Tyt Ayt Geometri Soru Bankası 1	311	7	1.000	high	apply	/static/crops/345_2025_Tyt_Ayt_Geometri_Soru_Bankası_1/345_2025_Tyt_Ayt_Geometri_Soru_Bankası_1_p0311_q03.png	101
43912f1b-cbcf-5cb0-a2ca-2c86c896abea	345 2025 Tyt Ayt Geometri Soru Bankası 1	309	6	0.727	high	apply	/static/crops/345_2025_Tyt_Ayt_Geometri_Soru_Bankası_1/345_2025_Tyt_Ayt_Geometri_Soru_Bankası_1_p0309_q02.png	89
18f11db6-7f32-53cc-a7f2-a59f367d3368	345 2025 Tyt Ayt Geometri Soru Bankası 1	265	10	1.000	high	apply	/static/crops/345_2025_Tyt_Ayt_Geometri_Soru_Bankası_1/345_2025_Tyt_Ayt_Geometri_Soru_Bankası_1_p0265_q04.png	97
a035a9ae-1b06-5fd5-a6e9-00b3bda879b3	345 2025 Tyt Ayt Geometri Soru Bankası 1	315	7	1.000	high	apply	/static/crops/345_2025_Tyt_Ayt_Geometri_Soru_Bankası_1/345_2025_Tyt_Ayt_Geometri_Soru_Bankası_1_p0315_q02.png	105
bc5f5bcf-9db1-5922-ba44-8fce993fb3a9	345 2025 Tyt Ayt Geometri Soru Bankası 1	304	21	0.857	high	apply	/static/crops/345_2025_Tyt_Ayt_Geometri_Soru_Bankası_1/345_2025_Tyt_Ayt_Geometri_Soru_Bankası_1_p0304_q06.png	121
64aeac65-acd1-5e80-8f62-20799d6d1be7	Orijinal-Tyt Ayt Geometri Soru Bankası	198	10	0.842	high	apply	/static/crops/Orijinal-Tyt_Ayt_Geometri_Soru_Bankası/Orijinal-Tyt_Ayt_Geometri_Soru_Bankası_p0198_q02.png	162
14cfa04e-b649-5d48-9998-641e658e350d	345 2025 Tyt Ayt Geometri Soru Bankası 1	315	8	1.000	high	apply	/static/crops/345_2025_Tyt_Ayt_Geometri_Soru_Bankası_1/345_2025_Tyt_Ayt_Geometri_Soru_Bankası_1_p0315_q03.png	129
13736e26-d2c2-5d7f-9664-e9d64c9cea86	345 2025 Tyt Ayt Geometri Soru Bankası 1	325	8	1.000	high	apply	/static/crops/345_2025_Tyt_Ayt_Geometri_Soru_Bankası_1/345_2025_Tyt_Ayt_Geometri_Soru_Bankası_1_p0325_q05.png	121
0a325184-df64-551f-8526-2aff8d06e313	345 2025 Tyt Ayt Geometri Soru Bankası 1	319	9	1.000	high	apply	/static/crops/345_2025_Tyt_Ayt_Geometri_Soru_Bankası_1/345_2025_Tyt_Ayt_Geometri_Soru_Bankası_1_p0319_q06.png	107
4fe9ead0-68a7-5bb0-9763-35ed563fda4e	345 2025 Tyt Ayt Geometri Soru Bankası 1	325	6	1.000	high	apply	/static/crops/345_2025_Tyt_Ayt_Geometri_Soru_Bankası_1/345_2025_Tyt_Ayt_Geometri_Soru_Bankası_1_p0325_q01.png	108
5104e137-aa06-50e6-9558-720a215a19cd	345 2025 Tyt Ayt Geometri Soru Bankası 1	327	6	1.000	high	apply	/static/crops/345_2025_Tyt_Ayt_Geometri_Soru_Bankası_1/345_2025_Tyt_Ayt_Geometri_Soru_Bankası_1_p0327_q01.png	132
4d2fa5e3-1cb1-5fcb-a29e-b3404cc75cc3	345 2025 Tyt Ayt Geometri Soru Bankası 1	329	10	1.000	high	apply	/static/crops/345_2025_Tyt_Ayt_Geometri_Soru_Bankası_1/345_2025_Tyt_Ayt_Geometri_Soru_Bankası_1_p0329_q04.png	101
53608b5b-0bf1-5ada-b6a7-1d6193283a8a	345 2025 Tyt Ayt Geometri Soru Bankası 1	291	7	0.733	high	apply	/static/crops/345_2025_Tyt_Ayt_Geometri_Soru_Bankası_1/345_2025_Tyt_Ayt_Geometri_Soru_Bankası_1_p0291_q03.png	155
d80ecc1b-8c6d-534f-b12e-cae4ddf1d8cc	Orijinal-Tyt Ayt Geometri Soru Bankası	198	12	0.867	high	apply	/static/crops/Orijinal-Tyt_Ayt_Geometri_Soru_Bankası/Orijinal-Tyt_Ayt_Geometri_Soru_Bankası_p0198_q06.png	124
2701ca5c-6009-52a6-8c97-63461e25c8a2	Orijinal-Tyt Ayt Geometri Soru Bankası	200	12	0.917	high	apply	/static/crops/Orijinal-Tyt_Ayt_Geometri_Soru_Bankası/Orijinal-Tyt_Ayt_Geometri_Soru_Bankası_p0200_q05.png	113
bab813e1-71ea-5dc5-b6e3-6da52f23bc17	Orijinal-Tyt Ayt Geometri Soru Bankası	198	9	0.812	high	apply	/static/crops/Orijinal-Tyt_Ayt_Geometri_Soru_Bankası/Orijinal-Tyt_Ayt_Geometri_Soru_Bankası_p0198_q05.png	133
30b8e587-0502-5322-b912-2a213821b859	345 2025 Tyt Ayt Geometri Soru Bankası 1	306	26	0	error	error		0
dda8b3c6-814b-5d26-8171-b7867d568eee	345 2025 Tyt Ayt Geometri Soru Bankası 1	331	9	1.000	high	apply	/static/crops/345_2025_Tyt_Ayt_Geometri_Soru_Bankası_1/345_2025_Tyt_Ayt_Geometri_Soru_Bankası_1_p0331_q03.png	124
6626f06a-c792-5b93-848c-6c44788783f8	Orijinal-Tyt Ayt Geometri Soru Bankası	200	11	1.000	high	apply	/static/crops/Orijinal-Tyt_Ayt_Geometri_Soru_Bankası/Orijinal-Tyt_Ayt_Geometri_Soru_Bankası_p0200_q03.png	150
f134a356-6561-51ba-872f-52165ee30881	Orijinal-Tyt Ayt Geometri Soru Bankası	208	10	0.909	high	apply	/static/crops/Orijinal-Tyt_Ayt_Geometri_Soru_Bankası/Orijinal-Tyt_Ayt_Geometri_Soru_Bankası_p0208_q02.png	116
755331bb-ef3d-5375-ad41-1357c0042248	345 2025 Tyt Ayt Geometri Soru Bankası 1	335	9	0.929	high	apply	/static/crops/345_2025_Tyt_Ayt_Geometri_Soru_Bankası_1/345_2025_Tyt_Ayt_Geometri_Soru_Bankası_1_p0335_q02.png	108
6c7d4972-e0a5-5944-88e0-200f8b00ab67	345 2025 Tyt Ayt Geometri Soru Bankası 1	333	8	0.889	high	apply	/static/crops/345_2025_Tyt_Ayt_Geometri_Soru_Bankası_1/345_2025_Tyt_Ayt_Geometri_Soru_Bankası_1_p0333_q03.png	101
a42e5e76-57d5-5d2e-88cb-cc1358c4fc71	Orijinal-Tyt Ayt Geometri Soru Bankası	246	12	0.706	high	apply	/static/crops/Orijinal-Tyt_Ayt_Geometri_Soru_Bankası/Orijinal-Tyt_Ayt_Geometri_Soru_Bankası_p0246_q05.png	135
551a09d2-b88a-56a3-812d-878ca48070ff	Orijinal-Tyt Ayt Geometri Soru Bankası	246	11	0.786	high	apply	/static/crops/Orijinal-Tyt_Ayt_Geometri_Soru_Bankası/Orijinal-Tyt_Ayt_Geometri_Soru_Bankası_p0246_q04.png	124
ba0d80a8-28c4-549c-bfae-ec1bd35ced99	Orijinal-Tyt Ayt Geometri Soru Bankası	246	9	1.000	high	apply	/static/crops/Orijinal-Tyt_Ayt_Geometri_Soru_Bankası/Orijinal-Tyt_Ayt_Geometri_Soru_Bankası_p0246_q06.png	150
551c1ce8-807b-5e4d-9ec1-c29034295dc8	Orijinal-Tyt Ayt Geometri Soru Bankası	248	8	0.889	high	apply	/static/crops/Orijinal-Tyt_Ayt_Geometri_Soru_Bankası/Orijinal-Tyt_Ayt_Geometri_Soru_Bankası_p0248_q03.png	149
e3e3bb97-7ccf-501d-b2c9-e073415118f6	Orijinal-Tyt Ayt Geometri Soru Bankası	208	12	0.818	high	apply	/static/crops/Orijinal-Tyt_Ayt_Geometri_Soru_Bankası/Orijinal-Tyt_Ayt_Geometri_Soru_Bankası_p0208_q05.png	111
25cf57ce-0b1f-512a-bbb2-6d80a074b06c	Orijinal-Tyt Ayt Geometri Soru Bankası	248	9	0.941	high	apply	/static/crops/Orijinal-Tyt_Ayt_Geometri_Soru_Bankası/Orijinal-Tyt_Ayt_Geometri_Soru_Bankası_p0248_q05.png	132
cedf0ca9-fce4-5d18-a5be-3fcd7a71e68c	Orijinal-Tyt Ayt Geometri Soru Bankası	248	11	0.875	high	apply	/static/crops/Orijinal-Tyt_Ayt_Geometri_Soru_Bankası/Orijinal-Tyt_Ayt_Geometri_Soru_Bankası_p0248_q04.png	132
8433af41-7d26-527e-badd-d1d706fb365a	Orijinal-Tyt Ayt Geometri Soru Bankası	248	12	0.733	high	apply	/static/crops/Orijinal-Tyt_Ayt_Geometri_Soru_Bankası/Orijinal-Tyt_Ayt_Geometri_Soru_Bankası_p0248_q06.png	120
db9f3445-95e6-5a3b-a327-42e617f0476d	345 2025 Tyt Biyoloji Soru Bankası	129	6	0.419	low	skip		433
f911e56f-a578-57e7-853a-3c3d80256740	Orijinal-Tyt Ayt Geometri Soru Bankası	265	9	0.833	high	apply	/static/crops/Orijinal-Tyt_Ayt_Geometri_Soru_Bankası/Orijinal-Tyt_Ayt_Geometri_Soru_Bankası_p0265_q06.png	111
e537e0cf-1bc2-5242-a66e-50a032751f8e	Orijinal-Tyt Ayt Geometri Soru Bankası	279	10	1.000	high	apply	/static/crops/Orijinal-Tyt_Ayt_Geometri_Soru_Bankası/Orijinal-Tyt_Ayt_Geometri_Soru_Bankası_p0279_q01.png	128
80fa66c2-d5b4-5215-9ea4-d156001bd037	345 2025 Tyt Fizik Soru Bankası	111	6	0.909	high	apply	/static/crops/345_2025_Tyt_Fizik_Soru_Bankası/345_2025_Tyt_Fizik_Soru_Bankası_p0111_q01.png	215
6cc7e672-f28b-534f-9e80-bcd4da44b32a	Orijinal-Tyt Ayt Geometri Soru Bankası	246	10	0	error	error		0
ae68f51a-bea5-5b2c-8315-6bfe84120294	345 2025 Tyt Fizik Soru Bankası	122	3	0.833	high	apply	/static/crops/345_2025_Tyt_Fizik_Soru_Bankası/345_2025_Tyt_Fizik_Soru_Bankası_p0122_q03.png	271
d831ab2f-6be4-5779-ad4e-b8001d9e22b6	Orijinal-Tyt Ayt Geometri Soru Bankası	279	12	1.000	high	apply	/static/crops/Orijinal-Tyt_Ayt_Geometri_Soru_Bankası/Orijinal-Tyt_Ayt_Geometri_Soru_Bankası_p0279_q05.png	113
0ce3e408-323b-5d3a-8f8a-73ed2f243787	Orijinal-Tyt Ayt Geometri Soru Bankası	283	9	0.882	high	apply	/static/crops/Orijinal-Tyt_Ayt_Geometri_Soru_Bankası/Orijinal-Tyt_Ayt_Geometri_Soru_Bankası_p0283_q05.png	158
b7ddfcd1-3766-5fe2-b3a6-bd0eae79ad5d	Orijinal-Tyt Ayt Geometri Soru Bankası	269	11	0.417	low	skip		120
46c1122c-729b-5cb8-8eff-7cd1cf0706db	Orijinal-Tyt Ayt Geometri Soru Bankası	212	11	0.800	high	apply	/static/crops/Orijinal-Tyt_Ayt_Geometri_Soru_Bankası/Orijinal-Tyt_Ayt_Geometri_Soru_Bankası_p0212_q04.png	133
9b9fc485-162d-5b0e-b30a-0f822e10196f	Orijinal-Tyt Ayt Geometri Soru Bankası	214	11	0.750	high	apply	/static/crops/Orijinal-Tyt_Ayt_Geometri_Soru_Bankası/Orijinal-Tyt_Ayt_Geometri_Soru_Bankası_p0214_q04.png	121
363aee19-b375-56b3-980f-67a00bab20f9	Orijinal-Tyt Ayt Geometri Soru Bankası	265	11	0.733	high	apply	/static/crops/Orijinal-Tyt_Ayt_Geometri_Soru_Bankası/Orijinal-Tyt_Ayt_Geometri_Soru_Bankası_p0265_q04.png	138
25d93a5f-0b1d-5743-99bf-886ef70a1eee	Orijinal-Tyt Ayt Geometri Soru Bankası	212	12	0.714	high	apply	/static/crops/Orijinal-Tyt_Ayt_Geometri_Soru_Bankası/Orijinal-Tyt_Ayt_Geometri_Soru_Bankası_p0212_q06.png	115
fadb2bfc-2cba-55f2-9b74-9864a1c007f2	Orijinal-Tyt Ayt Geometri Soru Bankası	248	10	0	error	error		0
7d94bb81-ec99-5bac-be53-47f25cfc65dc	Orijinal-Tyt Ayt Geometri Soru Bankası	214	8	0.923	high	apply	/static/crops/Orijinal-Tyt_Ayt_Geometri_Soru_Bankası/Orijinal-Tyt_Ayt_Geometri_Soru_Bankası_p0214_q03.png	119
55b836b9-ed3d-5d3d-8b51-d455490a538a	Orijinal-Tyt Ayt Geometri Soru Bankası	263	10	0	error	error		0
57d0c77a-e241-5460-a594-e62d67c53c7e	Orijinal-Tyt Ayt Geometri Soru Bankası	242	8	1.000	high	apply	/static/crops/Orijinal-Tyt_Ayt_Geometri_Soru_Bankası/Orijinal-Tyt_Ayt_Geometri_Soru_Bankası_p0242_q04.png	123
036ba617-a9f1-597e-b1b6-2aa9750203a8	Orijinal-Tyt Ayt Geometri Soru Bankası	242	10	1.000	high	apply	/static/crops/Orijinal-Tyt_Ayt_Geometri_Soru_Bankası/Orijinal-Tyt_Ayt_Geometri_Soru_Bankası_p0242_q02.png	121
f19debba-da6a-50f1-895f-196596a704e2	Orijinal-Tyt Ayt Geometri Soru Bankası	242	12	0.941	high	apply	/static/crops/Orijinal-Tyt_Ayt_Geometri_Soru_Bankası/Orijinal-Tyt_Ayt_Geometri_Soru_Bankası_p0242_q06.png	132
941e132d-0233-56bb-befd-959d2567a72d	Orijinal-Tyt Ayt Geometri Soru Bankası	214	10	0.769	high	apply	/static/crops/Orijinal-Tyt_Ayt_Geometri_Soru_Bankası/Orijinal-Tyt_Ayt_Geometri_Soru_Bankası_p0214_q02.png	126
71c2a118-640b-508d-aee5-0e5d2c7e1b6c	Orijinal-Tyt Ayt Geometri Soru Bankası	244	11	1.000	high	apply	/static/crops/Orijinal-Tyt_Ayt_Geometri_Soru_Bankası/Orijinal-Tyt_Ayt_Geometri_Soru_Bankası_p0244_q04.png	162
0de879cf-65eb-5091-b515-9ba5f5e8995d	Orijinal-Tyt Ayt Geometri Soru Bankası	244	12	0.812	high	apply	/static/crops/Orijinal-Tyt_Ayt_Geometri_Soru_Bankası/Orijinal-Tyt_Ayt_Geometri_Soru_Bankası_p0244_q06.png	132
e468da61-f505-5d9e-9ef8-263e47100078	Orijinal-Tyt Ayt Geometri Soru Bankası	246	8	0.714	high	apply	/static/crops/Orijinal-Tyt_Ayt_Geometri_Soru_Bankası/Orijinal-Tyt_Ayt_Geometri_Soru_Bankası_p0246_q03.png	112
48229c3e-8332-52af-999b-8b9415b7c135	Acil-2024-AYT Matematik Kitap-1	146	4	0.533	mid	skip		122
3a0f9abd-f053-58e1-a406-4cf9b26bc2f6	Orijinal-2025-Limit	110	8	0.958	high	apply	/static/crops/Orijinal-2025-Limit/Orijinal-2025-Limit_p0110_q04.png	270
42632dad-476d-54e1-be41-a3042be03f12	345 Tyt Ayt Geometri Soru Bankası	31	9	0.750	high	apply	/static/crops/345_Tyt_Ayt_Geometri_Soru_Bankası/345_Tyt_Ayt_Geometri_Soru_Bankası_p0031_q05.png	101
6ee7c783-09c4-572e-80cb-b4cf40c67081	Orijinal-2025-Limit	18	5	0.814	high	apply	/static/crops/Orijinal-2025-Limit/Orijinal-2025-Limit_p0018_q01.png	408
02795479-7ddb-5e82-8131-6768a2c864eb	345 Tyt Sosyal Bilgiler Soru Bankası	227	8	0.324	low	skip		706
76c2272b-2b7d-540d-85e0-6bb6ad03494b	345 Tyt Kimya Soru Bankası	201	12	0.233	low	skip		279
ce6af963-b9ab-5bef-aa2d-14a623c382da	345 Tyt Ayt Geometri Soru Bankası	49	6	0.846	high	apply	/static/crops/345_Tyt_Ayt_Geometri_Soru_Bankası/345_Tyt_Ayt_Geometri_Soru_Bankası_p0049_q02.png	109
ce54bdaf-c2db-566b-a292-6b234bd9b72a	345 2025 Tyt Kimya Soru Bankası	269	7	0.200	low	skip		350
8156c277-cc7f-56d0-8ece-b805de128c2e	345 2025 Tyt Kimya Soru Bankası	113	11	0	error	error		0
bff5bbc5-ace3-53e0-8db3-d9c01aa53560	Orijinal-2025-Ayt-Polinom parabol	159	10	0	json_fail	skip		0
e5779149-c8da-5481-9746-b73bb200913d	Orijinal-2025-Limit	122	7	0.741	high	apply	/static/crops/Orijinal-2025-Limit/Orijinal-2025-Limit_p0122_q03.png	243
9491ae04-eabe-551b-817a-546162f22d99	345 Tyt Ayt Geometri Soru Bankası	75	10	1.000	high	apply	/static/crops/345_Tyt_Ayt_Geometri_Soru_Bankası/345_Tyt_Ayt_Geometri_Soru_Bankası_p0075_q04.png	133
ea3c376e-51ba-5134-86b7-6f9b59cf28fd	345 Tyt Ayt Geometri Soru Bankası	197	6	0.917	high	apply	/static/crops/345_Tyt_Ayt_Geometri_Soru_Bankası/345_Tyt_Ayt_Geometri_Soru_Bankası_p0197_q02.png	105
e387fce9-fe6c-58e0-8d34-a1dcea5ed3d2	345 Tyt Ayt Geometri Soru Bankası	215	8	0.500	mid	skip		184
7d20981d-2211-5595-a2fd-0faf054ca77b	345 Tyt Ayt Geometri Soru Bankası	13	7	0	error	error		0
f23c381a-00ab-515f-89a2-6a9fefe4a411	Acil-2024-AYT Matematik Kitap-1	17	5	0	error	error		0
2c5bd054-c7c2-5126-9bcd-b66bfb0ff996	345 Tyt Ayt Geometri Soru Bankası	319	9	1.000	high	apply	/static/crops/345_Tyt_Ayt_Geometri_Soru_Bankası/345_Tyt_Ayt_Geometri_Soru_Bankası_p0319_q06.png	106
366569e0-b966-5da7-814e-b2e9a45327d8	345 Tyt Ayt Geometri Soru Bankası	267	8	0.789	high	apply	/static/crops/345_Tyt_Ayt_Geometri_Soru_Bankası/345_Tyt_Ayt_Geometri_Soru_Bankası_p0267_q04.png	212
f5da0b45-0012-560b-b480-59704ad3ea16	345 Tyt Ayt Geometri Soru Bankası	217	8	0.625	mid	skip		152
1c343674-a2aa-5a19-8ef9-82e3b6b03081	345 2025 Tyt Matematik Soru Bankası	171	5	0.940	high	apply	/static/crops/345_2025_Tyt_Matematik_Soru_Bankası/345_2025_Tyt_Matematik_Soru_Bankası_p0171_q01.png	500
b762e615-979f-5e0c-85c3-480293edb92f	345 Tyt Ayt Geometri Soru Bankası	389	8	0.900	high	apply	/static/crops/345_Tyt_Ayt_Geometri_Soru_Bankası/345_Tyt_Ayt_Geometri_Soru_Bankası_p0389_q02.png	98
c1b8cc06-c1b4-54e1-96ea-c0a3449b16e9	345 Tyt Ayt Geometri Soru Bankası	323	11	1.000	high	apply	/static/crops/345_Tyt_Ayt_Geometri_Soru_Bankası/345_Tyt_Ayt_Geometri_Soru_Bankası_p0323_q05.png	126
593eb55e-cba9-5ade-b37b-e255e3f6553e	ACİL-2025-Matematiğin İlacı Polinom	73	12	0.944	high	apply	/static/crops/ACİL-2025-Matematiğin_İlacı_Polinom/ACİL-2025-Matematiğin_İlacı_Polinom_p0073_q06.png	188
874a25c6-e959-5667-8cc9-bd5eed845217	345 2025 Tyt Matematik Soru Bankası	385	13	1.000	high	apply	/static/crops/345_2025_Tyt_Matematik_Soru_Bankası/345_2025_Tyt_Matematik_Soru_Bankası_p0385_q02.png	98
9e6829b9-5d2c-5aa9-98de-8f8fb645bc6b	345 Tyt Ayt Geometri Soru Bankası	7	6	0.375	low	skip		136
04c20231-3678-588d-ac75-8c40657b15a5	345 Tyt Ayt Geometri Soru Bankası	17	6	0.846	high	apply	/static/crops/345_Tyt_Ayt_Geometri_Soru_Bankası/345_Tyt_Ayt_Geometri_Soru_Bankası_p0017_q04.png	155
cd3f800a-e451-5b50-8f3c-8585de21bc48	345 Tyt Ayt Geometri Soru Bankası 2	62	10	0.923	high	apply	/static/crops/345_Tyt_Ayt_Geometri_Soru_Bankası_2/345_Tyt_Ayt_Geometri_Soru_Bankası_2_p0062_q02.png	130
af6cc0f0-7608-5a16-ba10-0f739add1de3	ACİL-2025-Matematiğin İlacı Polinom	53	8	0	error	error		0
b45f35df-de9c-56b4-b729-ccdf1a551d45	345 Tyt Ayt Geometri Soru Bankası	23	7	1.000	high	apply	/static/crops/345_Tyt_Ayt_Geometri_Soru_Bankası/345_Tyt_Ayt_Geometri_Soru_Bankası_p0023_q01.png	119
2c205789-83a5-507e-9c51-e5f1a56bd830	345 Tyt Ayt Geometri Soru Bankası	23	9	0.600	mid	skip		95
3365924e-4372-5131-b540-d855f5f8f911	345 Tyt Ayt Geometri Soru Bankası	25	8	0.583	mid	skip		112
da1a0660-79f3-5f63-b615-599a1ed7c888	345 Tyt Ayt Geometri Soru Bankası	7	7	0.333	low	skip		112
725e95db-0e24-5aec-91f4-c153f40296c1	345 Tyt Ayt Geometri Soru Bankası	27	6	0.444	low	skip		89
dff63340-7f6e-5cb6-b53a-bca586cdeebb	345 Tyt Ayt Geometri Soru Bankası	23	8	0.875	high	apply	/static/crops/345_Tyt_Ayt_Geometri_Soru_Bankası/345_Tyt_Ayt_Geometri_Soru_Bankası_p0023_q03.png	130
700ba068-8774-554c-bbfe-a4739bbcfe00	345 Tyt Ayt Geometri Soru Bankası	63	15	0.600	mid	skip		99
1251dc4a-e9ed-5788-96c3-fb2dc4ee1569	345 Tyt Ayt Geometri Soru Bankası	97	7	1.000	high	apply	/static/crops/345_Tyt_Ayt_Geometri_Soru_Bankası/345_Tyt_Ayt_Geometri_Soru_Bankası_p0097_q04.png	96
a3ed204d-b83d-561f-a186-9046d505300a	345 Tyt Ayt Geometri Soru Bankası	97	6	0.857	high	apply	/static/crops/345_Tyt_Ayt_Geometri_Soru_Bankası/345_Tyt_Ayt_Geometri_Soru_Bankası_p0097_q01.png	109
d28c6cb9-ae67-5f6d-af22-4c357774e1a6	345 Tyt Ayt Geometri Soru Bankası	100	6	1.000	high	apply	/static/crops/345_Tyt_Ayt_Geometri_Soru_Bankası/345_Tyt_Ayt_Geometri_Soru_Bankası_p0100_q01.png	107
52b04b9b-e95d-5fc0-87ab-06b7518b00d5	345 Tyt Ayt Geometri Soru Bankası	73	8	0.909	high	apply	/static/crops/345_Tyt_Ayt_Geometri_Soru_Bankası/345_Tyt_Ayt_Geometri_Soru_Bankası_p0073_q05.png	99
3feebd08-bd04-57cb-8e92-d0d2034844d1	345 Tyt Ayt Geometri Soru Bankası	21	6	0.429	low	skip		78
d4951a36-871e-5437-93cb-e8458f5deeca	345 Tyt Ayt Geometri Soru Bankası	27	7	0.667	mid	skip		86
99fdfba1-9a64-5fb5-b56e-7b5314807439	345 Tyt Ayt Geometri Soru Bankası	103	6	1.000	high	apply	/static/crops/345_Tyt_Ayt_Geometri_Soru_Bankası/345_Tyt_Ayt_Geometri_Soru_Bankası_p0103_q02.png	126
c79aff44-c34d-546e-8a49-e1dc47a96592	345 Tyt Ayt Geometri Soru Bankası	115	6	0.812	high	apply	/static/crops/345_Tyt_Ayt_Geometri_Soru_Bankası/345_Tyt_Ayt_Geometri_Soru_Bankası_p0115_q02.png	141
369f4a97-2e75-5bab-a1d9-9312ad07bdf2	345 Tyt Ayt Geometri Soru Bankası	119	8	0.667	mid	skip		89
57525830-3c53-59b1-a636-47b40c241061	345 Tyt Ayt Geometri Soru Bankası	121	6	0.900	high	apply	/static/crops/345_Tyt_Ayt_Geometri_Soru_Bankası/345_Tyt_Ayt_Geometri_Soru_Bankası_p0121_q01.png	121
dfb86b68-c1c2-51d7-9c58-6fa5935868d6	345 Tyt Ayt Geometri Soru Bankası	117	6	0.818	high	apply	/static/crops/345_Tyt_Ayt_Geometri_Soru_Bankası/345_Tyt_Ayt_Geometri_Soru_Bankası_p0117_q01.png	96
bf78a84a-a12a-548f-8ed2-1a2ffc840d1a	345 Tyt Ayt Geometri Soru Bankası	117	10	0.857	high	apply	/static/crops/345_Tyt_Ayt_Geometri_Soru_Bankası/345_Tyt_Ayt_Geometri_Soru_Bankası_p0117_q04.png	184
9bb8f2ba-e89b-5231-b1df-90a11ced509d	345 Tyt Ayt Geometri Soru Bankası	121	7	1.000	high	apply	/static/crops/345_Tyt_Ayt_Geometri_Soru_Bankası/345_Tyt_Ayt_Geometri_Soru_Bankası_p0121_q03.png	100
6ed320a9-47f3-511d-b6b8-b307ca24548c	345 Tyt Ayt Geometri Soru Bankası	123	6	1.000	high	apply	/static/crops/345_Tyt_Ayt_Geometri_Soru_Bankası/345_Tyt_Ayt_Geometri_Soru_Bankası_p0123_q01.png	109
54ab6826-2c06-5634-82a6-3f6e1a508bdf	345 Tyt Ayt Geometri Soru Bankası	109	6	0.769	high	apply	/static/crops/345_Tyt_Ayt_Geometri_Soru_Bankası/345_Tyt_Ayt_Geometri_Soru_Bankası_p0109_q02.png	111
e0d1c2bd-c7e6-58c3-8ac8-cf8496159aa7	345 Tyt Ayt Geometri Soru Bankası	59	6	0	error	error		0
1aa62049-d039-52ab-902d-9193fcd8e918	Orijinal-Tyt Ayt Geometri Soru Bankası	427	8	0.867	high	apply	/static/crops/Orijinal-Tyt_Ayt_Geometri_Soru_Bankası/Orijinal-Tyt_Ayt_Geometri_Soru_Bankası_p0427_q03.png	148
2ee92aaf-708d-5949-bfb7-2bf81b21c114	345 Tyt Ayt Geometri Soru Bankası	125	8	0.923	high	apply	/static/crops/345_Tyt_Ayt_Geometri_Soru_Bankası/345_Tyt_Ayt_Geometri_Soru_Bankası_p0125_q02.png	120
68b6b26d-ffae-5ee3-abaf-b7d8c718acbb	345 Tyt Ayt Geometri Soru Bankası	165	10	0.500	mid	skip		133
e340182b-6eb0-5f75-9be4-35307134d149	345 Tyt Ayt Geometri Soru Bankası	101	10	0	error	error		0
61d8732c-11e8-5fab-bb3b-10a076053ed5	345 Tyt Ayt Geometri Soru Bankası	171	9	0.889	high	apply	/static/crops/345_Tyt_Ayt_Geometri_Soru_Bankası/345_Tyt_Ayt_Geometri_Soru_Bankası_p0171_q02.png	99
8c1bb785-fce7-5211-b94d-de38ed4d3e32	345 Tyt Ayt Geometri Soru Bankası	157	7	1.000	high	apply	/static/crops/345_Tyt_Ayt_Geometri_Soru_Bankası/345_Tyt_Ayt_Geometri_Soru_Bankası_p0157_q02.png	103
1e430bb6-c798-5029-b6c8-32b448aee349	345 Tyt Ayt Geometri Soru Bankası	123	8	1.000	high	apply	/static/crops/345_Tyt_Ayt_Geometri_Soru_Bankası/345_Tyt_Ayt_Geometri_Soru_Bankası_p0123_q05.png	117
275b18b7-4fcf-50a4-8de4-8f10f8bb210a	345 Tyt Ayt Geometri Soru Bankası	153	7	0.385	low	skip		120
1844a374-ff3d-591e-b496-ef7ba43c7e5c	345 Tyt Ayt Geometri Soru Bankası	175	8	0.769	high	apply	/static/crops/345_Tyt_Ayt_Geometri_Soru_Bankası/345_Tyt_Ayt_Geometri_Soru_Bankası_p0175_q02.png	130
884d114b-76f8-5b5b-a286-00146b53d373	345 Tyt Ayt Geometri Soru Bankası	183	8	0.364	low	skip		94
03954282-f97b-5e9a-b46f-a97032edb891	345 Tyt Ayt Geometri Soru Bankası	219	8	1.000	high	apply	/static/crops/345_Tyt_Ayt_Geometri_Soru_Bankası/345_Tyt_Ayt_Geometri_Soru_Bankası_p0219_q05.png	87
5e5b7397-8523-5c68-bd24-e855fe1f81fa	345 Tyt Ayt Geometri Soru Bankası	219	6	1.000	high	apply	/static/crops/345_Tyt_Ayt_Geometri_Soru_Bankası/345_Tyt_Ayt_Geometri_Soru_Bankası_p0219_q01.png	156
953b0e29-a0a6-53a0-9e78-a768fba7d869	345 Tyt Ayt Geometri Soru Bankası	221	6	0.444	low	skip		88
f72b32ca-5a43-5fec-9215-130c1d234e04	345 Tyt Ayt Geometri Soru Bankası	211	8	1.000	high	apply	/static/crops/345_Tyt_Ayt_Geometri_Soru_Bankası/345_Tyt_Ayt_Geometri_Soru_Bankası_p0211_q02.png	129
34473dd3-8f79-589d-9637-934235f7d049	345 Tyt Ayt Geometri Soru Bankası	257	6	1.000	high	apply	/static/crops/345_Tyt_Ayt_Geometri_Soru_Bankası/345_Tyt_Ayt_Geometri_Soru_Bankası_p0257_q01.png	108
dd7ec771-36dc-5b4d-9c1c-d4d1e7330c13	345 Tyt Ayt Geometri Soru Bankası	173	10	1.000	high	apply	/static/crops/345_Tyt_Ayt_Geometri_Soru_Bankası/345_Tyt_Ayt_Geometri_Soru_Bankası_p0173_q04.png	115
916b1164-a2b3-5695-9947-1aaa3113f467	345 Tyt Ayt Geometri Soru Bankası	245	7	0.818	high	apply	/static/crops/345_Tyt_Ayt_Geometri_Soru_Bankası/345_Tyt_Ayt_Geometri_Soru_Bankası_p0245_q02.png	112
8b9dce65-525f-53bb-995a-df98bcfc1cad	345 Tyt Ayt Geometri Soru Bankası	257	8	0.857	high	apply	/static/crops/345_Tyt_Ayt_Geometri_Soru_Bankası/345_Tyt_Ayt_Geometri_Soru_Bankası_p0257_q05.png	119
74e4ec2c-0cac-5586-b388-1df7a2d88c0e	345 Tyt Ayt Geometri Soru Bankası	137	7	0	error	error		0
06928b86-d8a4-5fc3-b094-570e390f1d2c	345 Tyt Ayt Geometri Soru Bankası	223	5	1.000	high	apply	/static/crops/345_Tyt_Ayt_Geometri_Soru_Bankası/345_Tyt_Ayt_Geometri_Soru_Bankası_p0223_q03.png	79
a477475b-049b-54e6-a1dd-7493ca11a7ef	345 Tyt Ayt Geometri Soru Bankası	289	7	0.909	high	apply	/static/crops/345_Tyt_Ayt_Geometri_Soru_Bankası/345_Tyt_Ayt_Geometri_Soru_Bankası_p0289_q04.png	89
65f24790-4056-5d29-83ec-d2aec84ac92a	345 Tyt Ayt Geometri Soru Bankası	267	6	0.812	high	apply	/static/crops/345_Tyt_Ayt_Geometri_Soru_Bankası/345_Tyt_Ayt_Geometri_Soru_Bankası_p0267_q01.png	133
e878c7bb-ae09-529c-9c19-52810fb3b4ea	345 Tyt Ayt Geometri Soru Bankası	263	6	0.929	high	apply	/static/crops/345_Tyt_Ayt_Geometri_Soru_Bankası/345_Tyt_Ayt_Geometri_Soru_Bankası_p0263_q01.png	118
54718f6d-7a50-51f5-97a9-2bf72ba5bef1	345 Tyt Ayt Geometri Soru Bankası	289	8	0.909	high	apply	/static/crops/345_Tyt_Ayt_Geometri_Soru_Bankası/345_Tyt_Ayt_Geometri_Soru_Bankası_p0289_q05.png	127
0bf76345-b9f4-52da-9af2-3063d2c204ba	345 Tyt Ayt Geometri Soru Bankası	263	10	0.917	high	apply	/static/crops/345_Tyt_Ayt_Geometri_Soru_Bankası/345_Tyt_Ayt_Geometri_Soru_Bankası_p0263_q04.png	123
0c018375-a5f3-5301-b5ad-5b41e550c160	345 Tyt Ayt Geometri Soru Bankası	293	7	0.923	high	apply	/static/crops/345_Tyt_Ayt_Geometri_Soru_Bankası/345_Tyt_Ayt_Geometri_Soru_Bankası_p0293_q03.png	133
3017dae3-ab55-5456-bf40-fed4937d0f71	345 Tyt Ayt Geometri Soru Bankası	293	6	0.909	high	apply	/static/crops/345_Tyt_Ayt_Geometri_Soru_Bankası/345_Tyt_Ayt_Geometri_Soru_Bankası_p0293_q02.png	106
0bd6f393-adeb-5b1c-bca2-da7afc23b36d	345 Tyt Ayt Geometri Soru Bankası	295	7	1.000	high	apply	/static/crops/345_Tyt_Ayt_Geometri_Soru_Bankası/345_Tyt_Ayt_Geometri_Soru_Bankası_p0295_q05.png	112
39b93743-c123-5c12-ae14-90b6e3401a9a	345 Tyt Ayt Geometri Soru Bankası	203	6	0	error	error		0
19b5a141-ffe7-5f41-9429-10c5194be7f0	345 Tyt Ayt Geometri Soru Bankası	297	6	0.583	mid	skip		121
28694a1d-378d-563b-aeaf-3a9201c7cee3	345 Tyt Ayt Geometri Soru Bankası	309	6	0.636	mid	skip		89
ea5128c5-70f1-52df-b74f-02dac13c7cb0	345 Tyt Ayt Geometri Soru Bankası	315	8	1.000	high	apply	/static/crops/345_Tyt_Ayt_Geometri_Soru_Bankası/345_Tyt_Ayt_Geometri_Soru_Bankası_p0315_q03.png	129
4e6bf73f-8b58-573e-9bc1-235ce0718f87	345 Tyt Ayt Geometri Soru Bankası	315	9	1.000	high	apply	/static/crops/345_Tyt_Ayt_Geometri_Soru_Bankası/345_Tyt_Ayt_Geometri_Soru_Bankası_p0315_q05.png	141
dc333e6c-9857-544d-95b8-6e9106bbccd6	345 Tyt Ayt Geometri Soru Bankası	311	6	1.000	high	apply	/static/crops/345_Tyt_Ayt_Geometri_Soru_Bankası/345_Tyt_Ayt_Geometri_Soru_Bankası_p0311_q02.png	101
aa029cb8-1741-564f-863d-25b38aa30b6d	345 Tyt Ayt Geometri Soru Bankası	315	7	1.000	high	apply	/static/crops/345_Tyt_Ayt_Geometri_Soru_Bankası/345_Tyt_Ayt_Geometri_Soru_Bankası_p0315_q02.png	109
b7fdcbcb-8139-50d0-9cf1-2f9a0850ddaa	345 Tyt Ayt Geometri Soru Bankası	319	7	1.000	high	apply	/static/crops/345_Tyt_Ayt_Geometri_Soru_Bankası/345_Tyt_Ayt_Geometri_Soru_Bankası_p0319_q02.png	159
dd20c183-299b-5007-b6e3-2ec0e3aaaa96	345 Tyt Ayt Geometri Soru Bankası	311	8	1.000	high	apply	/static/crops/345_Tyt_Ayt_Geometri_Soru_Bankası/345_Tyt_Ayt_Geometri_Soru_Bankası_p0311_q05.png	104
73b5d18f-69d1-582b-8965-987858844e7c	345 Tyt Ayt Geometri Soru Bankası	327	6	1.000	high	apply	/static/crops/345_Tyt_Ayt_Geometri_Soru_Bankası/345_Tyt_Ayt_Geometri_Soru_Bankası_p0327_q01.png	131
406c0c32-e41a-58c4-8762-a60c2c5fcfdc	345 Tyt Ayt Geometri Soru Bankası	331	9	0.833	high	apply	/static/crops/345_Tyt_Ayt_Geometri_Soru_Bankası/345_Tyt_Ayt_Geometri_Soru_Bankası_p0331_q03.png	124
3656e91c-eeea-5858-9a95-8e88bbeb580e	345 Tyt Ayt Geometri Soru Bankası	327	8	0.933	high	apply	/static/crops/345_Tyt_Ayt_Geometri_Soru_Bankası/345_Tyt_Ayt_Geometri_Soru_Bankası_p0327_q04.png	118
e4d881d8-6409-53fa-a5cc-a22885e38086	345 Tyt Ayt Geometri Soru Bankası	331	6	0.967	high	apply	/static/crops/345_Tyt_Ayt_Geometri_Soru_Bankası/345_Tyt_Ayt_Geometri_Soru_Bankası_p0331_q01.png	291
c7211032-9ef8-555d-a4ea-a38eef0d15e0	345 Tyt Ayt Geometri Soru Bankası	304	21	0.857	high	apply	/static/crops/345_Tyt_Ayt_Geometri_Soru_Bankası/345_Tyt_Ayt_Geometri_Soru_Bankası_p0304_q06.png	121
76e32562-c365-59ac-b8e8-ff9c92560143	345 Tyt Ayt Geometri Soru Bankası	306	26	0	error	error		0
aa6e49cd-3cba-51d6-9dc3-20b43ff1427d	345 Tyt Ayt Geometri Soru Bankası	333	8	0.889	high	apply	/static/crops/345_Tyt_Ayt_Geometri_Soru_Bankası/345_Tyt_Ayt_Geometri_Soru_Bankası_p0333_q03.png	101
6e1ede97-852d-5731-8934-4ae3afaaa40b	345 Tyt Ayt Geometri Soru Bankası	339	11	0.692	mid	skip		133
3b14da8f-7a6a-55c0-85e9-40eb185636ea	345 Tyt Ayt Geometri Soru Bankası	339	10	0.818	high	apply	/static/crops/345_Tyt_Ayt_Geometri_Soru_Bankası/345_Tyt_Ayt_Geometri_Soru_Bankası_p0339_q04.png	119
1bd7a579-264c-5375-bae4-7a13a5f91fc3	345 Tyt Ayt Geometri Soru Bankası	339	7	0.800	high	apply	/static/crops/345_Tyt_Ayt_Geometri_Soru_Bankası/345_Tyt_Ayt_Geometri_Soru_Bankası_p0339_q03.png	106
979bf0e7-9a42-5994-9909-1088fcf55cf9	345 Tyt Ayt Geometri Soru Bankası	357	7	1.000	high	apply	/static/crops/345_Tyt_Ayt_Geometri_Soru_Bankası/345_Tyt_Ayt_Geometri_Soru_Bankası_p0357_q05.png	97
f3e3cba0-9913-50ef-820a-346ac03c00d8	345 Tyt Ayt Geometri Soru Bankası	359	6	0.846	high	apply	/static/crops/345_Tyt_Ayt_Geometri_Soru_Bankası/345_Tyt_Ayt_Geometri_Soru_Bankası_p0359_q04.png	126
92651c6d-2c90-5ec8-ae7a-ae804cb944d9	345 Tyt Ayt Geometri Soru Bankası	355	7	0.636	mid	skip		116
67a82b73-edf9-5b35-b6d1-b038c98b6381	ACİL-2025-Matematiğin İlacı Polinom	41	8	0	error	error		0
a79d62ee-6634-5549-82bc-c24212755191	Orijinal-Tyt Ayt Geometri Soru Bankası	9	7	0.500	mid	skip		113
bae71618-47ba-5d32-9063-61f68a42137f	345 Tyt Ayt Geometri Soru Bankası	363	7	0.800	high	apply	/static/crops/345_Tyt_Ayt_Geometri_Soru_Bankası/345_Tyt_Ayt_Geometri_Soru_Bankası_p0363_q03.png	105
bd4a8b62-f0e1-5f2a-8c6f-b5cc0e3c1dac	345 Tyt Ayt Geometri Soru Bankası	361	6	0.833	high	apply	/static/crops/345_Tyt_Ayt_Geometri_Soru_Bankası/345_Tyt_Ayt_Geometri_Soru_Bankası_p0361_q03.png	94
e5e117eb-533e-5bda-9444-9f19b42544ac	345 Tyt Ayt Geometri Soru Bankası	329	8	0	error	error		0
e674b328-3d23-515d-9570-60763e195542	345 Tyt Ayt Geometri Soru Bankası	373	8	1.000	high	apply	/static/crops/345_Tyt_Ayt_Geometri_Soru_Bankası/345_Tyt_Ayt_Geometri_Soru_Bankası_p0373_q04.png	126
c76ddb8a-5cca-5fa3-a93b-f60fbd294fe3	345 Tyt Ayt Geometri Soru Bankası	377	28	1.000	high	apply	/static/crops/345_Tyt_Ayt_Geometri_Soru_Bankası/345_Tyt_Ayt_Geometri_Soru_Bankası_p0377_q02.png	93
d72465df-a286-5ea5-99eb-b2c58cfdfe3f	345 Tyt Ayt Geometri Soru Bankası	385	5	0.929	high	apply	/static/crops/345_Tyt_Ayt_Geometri_Soru_Bankası/345_Tyt_Ayt_Geometri_Soru_Bankası_p0385_q01.png	106
8fc09a76-385f-59c5-a766-75dd1a1daae2	345 Tyt Ayt Geometri Soru Bankası	387	7	0.900	high	apply	/static/crops/345_Tyt_Ayt_Geometri_Soru_Bankası/345_Tyt_Ayt_Geometri_Soru_Bankası_p0387_q03.png	97
1803444e-09f5-5ac0-a2f3-012cf5e44882	345 Tyt Ayt Geometri Soru Bankası	363	8	0.700	high	apply	/static/crops/345_Tyt_Ayt_Geometri_Soru_Bankası/345_Tyt_Ayt_Geometri_Soru_Bankası_p0363_q04.png	87
7861b6d0-0700-51c4-9971-313869e21068	345 Tyt Ayt Geometri Soru Bankası	379	7	1.000	high	apply	/static/crops/345_Tyt_Ayt_Geometri_Soru_Bankası/345_Tyt_Ayt_Geometri_Soru_Bankası_p0379_q03.png	102
466a9508-c8ba-5d95-b776-60a8275f6c2b	345 Tyt Ayt Geometri Soru Bankası	385	7	1.000	high	apply	/static/crops/345_Tyt_Ayt_Geometri_Soru_Bankası/345_Tyt_Ayt_Geometri_Soru_Bankası_p0385_q02.png	126
8063e9d7-4bc7-5829-b845-d657fda538dc	345 Tyt Ayt Geometri Soru Bankası	333	7	0	error	error		0
9fae5013-1b7a-5980-b0d1-a2d0e517e43c	345 Tyt Ayt Geometri Soru Bankası	361	7	0.636	mid	skip		95
c2203312-b0ef-5b30-a168-3ce7cb366751	345 Tyt Ayt Geometri Soru Bankası	389	9	1.000	high	apply	/static/crops/345_Tyt_Ayt_Geometri_Soru_Bankası/345_Tyt_Ayt_Geometri_Soru_Bankası_p0389_q03.png	99
9912056a-6cd0-5154-9943-701bb99228f6	345 Tyt Ayt Geometri Soru Bankası	419	8	0.600	mid	skip		96
31837879-f10a-5f08-826a-5233de2fa3da	345 Tyt Ayt Geometri Soru Bankası	393	6	1.000	high	apply	/static/crops/345_Tyt_Ayt_Geometri_Soru_Bankası/345_Tyt_Ayt_Geometri_Soru_Bankası_p0393_q01.png	96
cc4c8a7c-d2c6-5bd0-aa4e-cc32817faab1	Orijinal2024-Ayt-Matematik Soru Bankası	95	11	0.583	mid	skip		119
0bee030f-32ea-5552-87f2-313c0f55cc92	345 Tyt Ayt Geometri Soru Bankası	395	7	1.000	high	apply	/static/crops/345_Tyt_Ayt_Geometri_Soru_Bankası/345_Tyt_Ayt_Geometri_Soru_Bankası_p0395_q02.png	139
ae19ac9b-749a-58e0-a830-3a6fefcd0b0c	345 Tyt Ayt Geometri Soru Bankası	407	5	0.944	high	apply	/static/crops/345_Tyt_Ayt_Geometri_Soru_Bankası/345_Tyt_Ayt_Geometri_Soru_Bankası_p0407_q03.png	158
970a4d80-3bb7-5b18-897b-b016c8f1018b	345 Tyt Ayt Geometri Soru Bankası	419	9	0.917	high	apply	/static/crops/345_Tyt_Ayt_Geometri_Soru_Bankası/345_Tyt_Ayt_Geometri_Soru_Bankası_p0419_q05.png	134
97356393-1dea-5f70-bb85-4ba2b4c2044c	Orijinal2024-Ayt-Matematik Soru Bankası	95	12	0.867	high	apply	/static/crops/Orijinal2024-Ayt-Matematik_Soru_Bankası/Orijinal2024-Ayt-Matematik_Soru_Bankası_p0095_q02.png	128
12e5dc09-8da2-5a01-a84a-20365e511701	Orijinal-Tyt Ayt Geometri Soru Bankası	9	10	0.267	low	skip		133
87da6c90-a3f4-5ddc-9f2a-1f24f8ed930e	Orijinal-Tyt Ayt Geometri Soru Bankası	17	7	0.846	high	apply	/static/crops/Orijinal-Tyt_Ayt_Geometri_Soru_Bankası/Orijinal-Tyt_Ayt_Geometri_Soru_Bankası_p0017_q01.png	148
693efc7a-0281-52a2-b4e2-443cae22e964	345 Tyt Ayt Geometri Soru Bankası 2	21	6	0.727	high	apply	/static/crops/345_Tyt_Ayt_Geometri_Soru_Bankası_2/345_Tyt_Ayt_Geometri_Soru_Bankası_2_p0021_q04.png	110
3bd76f26-55a0-5852-9831-beed345fce4c	Orijinal-Tyt Ayt Geometri Soru Bankası	17	9	0.750	high	apply	/static/crops/Orijinal-Tyt_Ayt_Geometri_Soru_Bankası/Orijinal-Tyt_Ayt_Geometri_Soru_Bankası_p0017_q05.png	116
a3cdfb11-e90b-51ca-bb05-c29b768e6696	Orijinal2024-Ayt-Matematik Soru Bankası	95	13	0.850	high	apply	/static/crops/Orijinal2024-Ayt-Matematik_Soru_Bankası/Orijinal2024-Ayt-Matematik_Soru_Bankası_p0095_q03.png	176
dc3c58eb-1d12-5eb1-8564-e1cf9844377f	345 Tyt Ayt Geometri Soru Bankası 2	79	7	0.923	high	apply	/static/crops/345_Tyt_Ayt_Geometri_Soru_Bankası_2/345_Tyt_Ayt_Geometri_Soru_Bankası_2_p0079_q02.png	136
838a050d-593d-5119-bead-221a9cd5213e	345 Tyt Ayt Geometri Soru Bankası 2	49	16	0.867	high	apply	/static/crops/345_Tyt_Ayt_Geometri_Soru_Bankası_2/345_Tyt_Ayt_Geometri_Soru_Bankası_2_p0049_q03.png	149
6616445f-5290-5ffa-9066-0f8207f8a93c	345 Tyt Ayt Geometri Soru Bankası	437	7	0.846	high	apply	/static/crops/345_Tyt_Ayt_Geometri_Soru_Bankası/345_Tyt_Ayt_Geometri_Soru_Bankası_p0437_q03.png	120
8eafc115-df80-5267-aeaa-cc5c74aaa64c	345 Tyt Ayt Geometri Soru Bankası 2	172	6	1.000	high	apply	/static/crops/345_Tyt_Ayt_Geometri_Soru_Bankası_2/345_Tyt_Ayt_Geometri_Soru_Bankası_2_p0172_q01.png	228
60f35e4f-653e-542b-b888-38cf6ba79d2a	Orijinal-Tyt Ayt Geometri Soru Bankası	95	8	1.000	high	apply	/static/crops/Orijinal-Tyt_Ayt_Geometri_Soru_Bankası/Orijinal-Tyt_Ayt_Geometri_Soru_Bankası_p0095_q03.png	132
7da91a24-bbaa-5957-bcb3-2ed13cdec968	Orijinal-Tyt Ayt Geometri Soru Bankası	19	7	0	json_fail	skip		0
c46e648c-08fc-5ef3-bc75-a796f4c77500	Orijinal-Tyt Ayt Geometri Soru Bankası	31	7	0.692	mid	skip		121
0594dfbc-5ade-5479-ad9e-137e86f748de	345 Tyt Ayt Geometri Soru Bankası 2	147	9	0.900	high	apply	/static/crops/345_Tyt_Ayt_Geometri_Soru_Bankası_2/345_Tyt_Ayt_Geometri_Soru_Bankası_2_p0147_q02.png	101
a8590ae9-8b23-5e13-bccd-263b2c1ddc53	Orijinal-Tyt Ayt Geometri Soru Bankası	59	11	0.500	mid	skip		100
e0d20804-7768-54b2-be1b-1f72731d95ed	345 Tyt Ayt Geometri Soru Bankası 2	21	5	0.786	high	apply	/static/crops/345_Tyt_Ayt_Geometri_Soru_Bankası_2/345_Tyt_Ayt_Geometri_Soru_Bankası_2_p0021_q02.png	125
c944dbb2-c0f5-5258-ac61-242499d6a7ec	Orijinal-Tyt Ayt Geometri Soru Bankası	33	7	0.909	high	apply	/static/crops/Orijinal-Tyt_Ayt_Geometri_Soru_Bankası/Orijinal-Tyt_Ayt_Geometri_Soru_Bankası_p0033_q02.png	114
793dce38-5641-5621-a0d9-bc734dc835ce	Orijinal-Tyt Ayt Geometri Soru Bankası	17	11	0	error	error		0
ed373abb-3583-515e-a443-e63b4c029205	Orijinal-Tyt Ayt Geometri Soru Bankası	361	10	0.433	low	skip		287
1dc24b8a-0434-5454-9b20-0e07194fd2d9	Orijinal-Tyt Ayt Geometri Soru Bankası	33	10	0.636	mid	skip		98
e014fd5d-80da-59df-8b2a-fe9de73bd795	Orijinal-Tyt Ayt Geometri Soru Bankası	57	7	0.562	mid	skip		143
587e0ac7-f0c3-5f55-b87d-a5085ca16e65	345 2025 Ayt Matematik Soru Bankası	123	15	0.889	high	apply	/static/crops/345_2025_Ayt_Matematik_Soru_Bankası/345_2025_Ayt_Matematik_Soru_Bankası_p0123_q06.png	74
a3c945d6-7830-5b40-b4c0-06b514fe5748	Orijinal-Tyt Ayt Geometri Soru Bankası	47	7	0.875	high	apply	/static/crops/Orijinal-Tyt_Ayt_Geometri_Soru_Bankası/Orijinal-Tyt_Ayt_Geometri_Soru_Bankası_p0047_q01.png	132
95903b34-444e-5678-b827-1e59cddefad0	Orijinal-Tyt Ayt Geometri Soru Bankası	59	7	0.333	low	skip		146
41c74375-0148-59f1-9586-c649a433e956	345 2025 Ayt Matematik Soru Bankası	137	6	0.792	high	apply	/static/crops/345_2025_Ayt_Matematik_Soru_Bankası/345_2025_Ayt_Matematik_Soru_Bankası_p0137_q02.png	209
a83dd3fb-9fad-52dd-87dd-7e44b12cc753	Orijinal-Tyt Ayt Geometri Soru Bankası	69	7	0.846	high	apply	/static/crops/Orijinal-Tyt_Ayt_Geometri_Soru_Bankası/Orijinal-Tyt_Ayt_Geometri_Soru_Bankası_p0069_q01.png	119
7c03d3ec-c9d1-571e-bb8b-b218d5e6ae3b	Orijinal-Tyt Ayt Geometri Soru Bankası	79	7	1.000	high	apply	/static/crops/Orijinal-Tyt_Ayt_Geometri_Soru_Bankası/Orijinal-Tyt_Ayt_Geometri_Soru_Bankası_p0079_q01.png	123
f29b251d-50f2-5248-8906-d78e149610e7	Orijinal2024-Ayt-Matematik Soru Bankası	35	12	0	error	error		0
4eb0299b-ca83-565b-b985-afd1466e3eeb	Orijinal-Tyt Ayt Geometri Soru Bankası	95	7	1.000	high	apply	/static/crops/Orijinal-Tyt_Ayt_Geometri_Soru_Bankası/Orijinal-Tyt_Ayt_Geometri_Soru_Bankası_p0095_q01.png	109
bcc44a6c-f3fa-5037-9abc-c38808e66a8e	Orijinal-Tyt Ayt Geometri Soru Bankası	113	8	0.867	high	apply	/static/crops/Orijinal-Tyt_Ayt_Geometri_Soru_Bankası/Orijinal-Tyt_Ayt_Geometri_Soru_Bankası_p0113_q04.png	144
a1ea8760-8bb7-5737-b868-11cd4a369b2b	Orijinal-Tyt Ayt Geometri Soru Bankası	47	11	1.000	high	apply	/static/crops/Orijinal-Tyt_Ayt_Geometri_Soru_Bankası/Orijinal-Tyt_Ayt_Geometri_Soru_Bankası_p0047_q04.png	129
7b61708a-37ce-546c-b75d-fdac2a824239	Orijinal-Tyt Ayt Geometri Soru Bankası	95	10	1.000	high	apply	/static/crops/Orijinal-Tyt_Ayt_Geometri_Soru_Bankası/Orijinal-Tyt_Ayt_Geometri_Soru_Bankası_p0095_q02.png	156
5c081403-e085-5308-89b7-45d2da907885	Orijinal-Tyt Ayt Geometri Soru Bankası	99	10	0.417	low	skip		99
9a2c5465-1ad0-5278-87b8-eebe29f40c56	Orijinal-Tyt Ayt Geometri Soru Bankası	180	10	1.000	high	apply	/static/crops/Orijinal-Tyt_Ayt_Geometri_Soru_Bankası/Orijinal-Tyt_Ayt_Geometri_Soru_Bankası_p0180_q02.png	115
ca1ee622-6b7a-5f97-973a-b23ea2c51971	Orijinal-Tyt Ayt Geometri Soru Bankası	121	9	0.312	low	skip		138
14bb2b56-9d56-59d0-bfaf-89ead145d3ad	Orijinal-Tyt Ayt Geometri Soru Bankası	125	7	1.000	high	apply	/static/crops/Orijinal-Tyt_Ayt_Geometri_Soru_Bankası/Orijinal-Tyt_Ayt_Geometri_Soru_Bankası_p0125_q01.png	120
0cdcd1d9-f3d2-5e8b-92f8-201669842afb	Orijinal-Tyt Ayt Geometri Soru Bankası	117	7	0.778	high	apply	/static/crops/Orijinal-Tyt_Ayt_Geometri_Soru_Bankası/Orijinal-Tyt_Ayt_Geometri_Soru_Bankası_p0117_q01.png	100
485f555b-cf5a-5675-a3d5-d7ee4dbe1baf	Orijinal-Tyt Ayt Geometri Soru Bankası	140	8	0.944	high	apply	/static/crops/Orijinal-Tyt_Ayt_Geometri_Soru_Bankası/Orijinal-Tyt_Ayt_Geometri_Soru_Bankası_p0140_q03.png	165
706a9bb2-5509-576c-8e4d-a28064bff525	Orijinal-Tyt Ayt Geometri Soru Bankası	129	9	0.667	mid	skip		136
b7a1bb29-feab-58e1-90d4-c741d579d717	Orijinal-Tyt Ayt Geometri Soru Bankası	176	7	1.000	high	apply	/static/crops/Orijinal-Tyt_Ayt_Geometri_Soru_Bankası/Orijinal-Tyt_Ayt_Geometri_Soru_Bankası_p0176_q01.png	119
e273a3f3-0ca9-56f3-98ec-526c9f44b325	Orijinal-Tyt Ayt Geometri Soru Bankası	172	8	0.833	high	apply	/static/crops/Orijinal-Tyt_Ayt_Geometri_Soru_Bankası/Orijinal-Tyt_Ayt_Geometri_Soru_Bankası_p0172_q04.png	153
70af7ef0-60a4-5afb-9ef3-26de7b3661d0	Orijinal-Tyt Ayt Geometri Soru Bankası	170	7	0.765	high	apply	/static/crops/Orijinal-Tyt_Ayt_Geometri_Soru_Bankası/Orijinal-Tyt_Ayt_Geometri_Soru_Bankası_p0170_q01.png	144
4c502947-6503-5436-8406-9bf50f56b30b	345 2025 Ayt Matematik Soru Bankası	323	8	0.364	low	skip		119
ed72b858-7ff0-5df6-97fc-15815d000042	Orijinal-Tyt Ayt Geometri Soru Bankası	188	7	0.833	high	apply	/static/crops/Orijinal-Tyt_Ayt_Geometri_Soru_Bankası/Orijinal-Tyt_Ayt_Geometri_Soru_Bankası_p0188_q01.png	118
73994e4f-1788-51a0-bee2-93cb9dde4bb9	Orijinal-Tyt Ayt Geometri Soru Bankası	79	9	0	error	error		0
979a3b13-0dbc-581d-8a10-e044dcb66893	Orijinal-2024-Tyt Ayt-Fonksiyonlar	132	8	0	error	error		0
96a4f0e0-44cb-5c8a-8211-d5e9d1bbf666	Orijinal-Tyt Ayt Geometri Soru Bankası	200	7	0.933	high	apply	/static/crops/Orijinal-Tyt_Ayt_Geometri_Soru_Bankası/Orijinal-Tyt_Ayt_Geometri_Soru_Bankası_p0200_q01.png	132
5a8ea05f-2a01-5451-9916-66db466c2e34	Orijinal-Tyt Ayt Geometri Soru Bankası	101	7	0	error	error		0
27f083ac-4283-5795-afc3-60be66f9a753	Orijinal-Tyt Ayt Geometri Soru Bankası	244	7	1.000	high	apply	/static/crops/Orijinal-Tyt_Ayt_Geometri_Soru_Bankası/Orijinal-Tyt_Ayt_Geometri_Soru_Bankası_p0244_q01.png	125
4888c00e-5ea9-5299-ae88-e3932baf7d22	Orijinal-Tyt Ayt Geometri Soru Bankası	242	7	1.000	high	apply	/static/crops/Orijinal-Tyt_Ayt_Geometri_Soru_Bankası/Orijinal-Tyt_Ayt_Geometri_Soru_Bankası_p0242_q01.png	119
882090ea-08da-5ff8-94fc-e1dbb27e0648	Orijinal-Tyt Ayt Geometri Soru Bankası	208	7	1.000	high	apply	/static/crops/Orijinal-Tyt_Ayt_Geometri_Soru_Bankası/Orijinal-Tyt_Ayt_Geometri_Soru_Bankası_p0208_q01.png	103
db51b898-0e65-5712-b459-851ae9013ef0	Orijinal-Tyt Ayt Geometri Soru Bankası	246	7	0.867	high	apply	/static/crops/Orijinal-Tyt_Ayt_Geometri_Soru_Bankası/Orijinal-Tyt_Ayt_Geometri_Soru_Bankası_p0246_q01.png	122
dcee54f9-160a-59e2-b1cd-4fdc590be021	Orijinal-Tyt Ayt Geometri Soru Bankası	265	7	0.667	mid	skip		146
a00e6297-7c58-51b7-877a-dbd389bd3f60	Orijinal-Tyt Ayt Geometri Soru Bankası	186	8	0.545	mid	skip		115
3709eb00-63ce-5fc2-9aca-21b985eb0522	Orijinal-Tyt Ayt Geometri Soru Bankası	214	7	1.000	high	apply	/static/crops/Orijinal-Tyt_Ayt_Geometri_Soru_Bankası/Orijinal-Tyt_Ayt_Geometri_Soru_Bankası_p0214_q01.png	93
95d026f2-e4b8-5d3b-8415-6d6a3911bbd4	Orijinal-Tyt Ayt Geometri Soru Bankası	228	9	1.000	high	apply	/static/crops/Orijinal-Tyt_Ayt_Geometri_Soru_Bankası/Orijinal-Tyt_Ayt_Geometri_Soru_Bankası_p0228_q05.png	104
f832275b-fc91-55f1-83e2-6cc2c6c90ec6	Orijinal-Tyt Ayt Geometri Soru Bankası	212	10	0.833	high	apply	/static/crops/Orijinal-Tyt_Ayt_Geometri_Soru_Bankası/Orijinal-Tyt_Ayt_Geometri_Soru_Bankası_p0212_q02.png	105
4cba753a-eb01-5f44-a57f-8e2148491642	345 2025 Tyt Ayt Geometri Soru Bankası 1	105	5	1.000	high	apply	/static/crops/345_2025_Tyt_Ayt_Geometri_Soru_Bankası_1/345_2025_Tyt_Ayt_Geometri_Soru_Bankası_1_p0105_q01.png	90
899f5dd6-d48a-55d2-ba56-39a30d88c95a	Orijinal-Tyt Ayt Geometri Soru Bankası	281	7	0.500	mid	skip		102
920566de-71b3-5b22-baee-99890ce9a080	Orijinal-Tyt Ayt Geometri Soru Bankası	234	6	0.714	high	apply	/static/crops/Orijinal-Tyt_Ayt_Geometri_Soru_Bankası/Orijinal-Tyt_Ayt_Geometri_Soru_Bankası_p0234_q03.png	139
18fc4ee1-7073-516d-97c7-0dd950a3cc1c	Orijinal-Tyt Ayt Geometri Soru Bankası	230	8	0.909	high	apply	/static/crops/Orijinal-Tyt_Ayt_Geometri_Soru_Bankası/Orijinal-Tyt_Ayt_Geometri_Soru_Bankası_p0230_q04.png	95
2396f4bd-16e9-5f17-95da-0e0d7d51a1cc	Orijinal-Tyt Ayt Geometri Soru Bankası	267	10	0.667	mid	skip		96
28a66f91-f175-5512-bb57-2fd28a0274fd	345 2025 Tyt Ayt Geometri Soru Bankası 1	27	8	0.700	high	apply	/static/crops/345_2025_Tyt_Ayt_Geometri_Soru_Bankası_1/345_2025_Tyt_Ayt_Geometri_Soru_Bankası_1_p0027_q05.png	106
5d370a2e-39b8-51be-ac59-09362200825d	345 2025 Tyt Ayt Geometri Soru Bankası 1	125	8	0.923	high	apply	/static/crops/345_2025_Tyt_Ayt_Geometri_Soru_Bankası_1/345_2025_Tyt_Ayt_Geometri_Soru_Bankası_1_p0125_q02.png	120
c08d8bd2-e936-502e-be60-268963928491	345 2025 Tyt Ayt Geometri Soru Bankası 1	23	8	0.750	high	apply	/static/crops/345_2025_Tyt_Ayt_Geometri_Soru_Bankası_1/345_2025_Tyt_Ayt_Geometri_Soru_Bankası_1_p0023_q03.png	141
d09376d6-9622-5055-821c-39e31b2442fd	345 2025 Tyt Ayt Geometri Soru Bankası 1	75	10	0.889	high	apply	/static/crops/345_2025_Tyt_Ayt_Geometri_Soru_Bankası_1/345_2025_Tyt_Ayt_Geometri_Soru_Bankası_1_p0075_q04.png	133
4dd81a46-251e-5a26-b1b0-989af6ca5de8	345 2025 Tyt Ayt Geometri Soru Bankası 1	75	7	1.000	high	apply	/static/crops/345_2025_Tyt_Ayt_Geometri_Soru_Bankası_1/345_2025_Tyt_Ayt_Geometri_Soru_Bankası_1_p0075_q03.png	84
993bfe5e-3231-536f-9247-60379e8eaff7	Orijinal-Tyt Ayt Geometri Soru Bankası	287	7	0	error	error		0
367260c1-e60e-5802-9f6c-22a12d6d6ab3	345 2025 Tyt Ayt Geometri Soru Bankası 1	101	9	0.750	high	apply	/static/crops/345_2025_Tyt_Ayt_Geometri_Soru_Bankası_1/345_2025_Tyt_Ayt_Geometri_Soru_Bankası_1_p0101_q03.png	92
14a67195-5d29-5acf-b94a-dda9824d5b4b	345 2025 Tyt Ayt Geometri Soru Bankası 1	31	8	0.636	mid	skip		98
cc488da3-73b1-58c8-96a7-18403f1487b2	Orijinal-Tyt Ayt Geometri Soru Bankası	265	10	0	error	error		0
535d21f7-95b6-58d2-bcd6-e391617c605e	345 2025 Tyt Ayt Geometri Soru Bankası 1	25	8	0.583	mid	skip		112
acae7c0e-7ebf-520d-8b2f-e9e7a9a50e6a	345 2025 Tyt Ayt Geometri Soru Bankası 1	77	7	0.880	high	apply	/static/crops/345_2025_Tyt_Ayt_Geometri_Soru_Bankası_1/345_2025_Tyt_Ayt_Geometri_Soru_Bankası_1_p0077_q04.png	216
7ffdd9fe-0a22-57ff-9c33-cd3645bcd050	345 2025 Tyt Ayt Geometri Soru Bankası 1	77	8	0.909	high	apply	/static/crops/345_2025_Tyt_Ayt_Geometri_Soru_Bankası_1/345_2025_Tyt_Ayt_Geometri_Soru_Bankası_1_p0077_q02.png	123
5ddf3afd-f159-5d0d-a6f4-bd9e35b75d03	345 2025 Tyt Ayt Geometri Soru Bankası 1	201	10	0.600	mid	skip		165
8dba6668-f30a-5741-a68e-1a17f0325594	345 2025 Tyt Ayt Geometri Soru Bankası 1	211	10	0.818	high	apply	/static/crops/345_2025_Tyt_Ayt_Geometri_Soru_Bankası_1/345_2025_Tyt_Ayt_Geometri_Soru_Bankası_1_p0211_q05.png	132
73610e74-31fb-56cd-9c5f-896acf5bd192	345 2025 Tyt Ayt Geometri Soru Bankası 1	7	6	0	error	error		0
d4bd3462-e439-55f7-9c32-f458fead6caf	345 2025 Ayt Kimya Soru Bankası	261	8	0	error	error		0
07dce765-487a-5231-b85d-833c15eba373	345 2025 Tyt Ayt Geometri Soru Bankası 1	215	8	0.500	mid	skip		184
0f8ce67c-15f9-511f-9578-bc26689df552	345 2025 Tyt Ayt Geometri Soru Bankası 1	7	7	0.333	low	skip		111
801bb620-ca93-5fdc-b2fe-be0e799e1307	345 2025 Tyt Ayt Geometri Soru Bankası 1	13	7	0.250	low	skip		164
898ef427-371f-55b8-b6e2-6d4a4a27281c	345 2025 Tyt Ayt Geometri Soru Bankası 1	201	11	1.000	high	apply	/static/crops/345_2025_Tyt_Ayt_Geometri_Soru_Bankası_1/345_2025_Tyt_Ayt_Geometri_Soru_Bankası_1_p0201_q03.png	102
eef2b896-8b31-57ba-9744-409e40aa3428	345 2025 Tyt Ayt Geometri Soru Bankası 1	269	9	1.000	high	apply	/static/crops/345_2025_Tyt_Ayt_Geometri_Soru_Bankası_1/345_2025_Tyt_Ayt_Geometri_Soru_Bankası_1_p0269_q02.png	135
c1141fd9-da62-54bd-9e7f-cb03c4aafa94	345 2025 Tyt Ayt Geometri Soru Bankası 1	253	8	0.824	high	apply	/static/crops/345_2025_Tyt_Ayt_Geometri_Soru_Bankası_1/345_2025_Tyt_Ayt_Geometri_Soru_Bankası_1_p0253_q04.png	162
3f5687de-db7f-51fb-b430-c0562776ba68	345 2025 Tyt Ayt Geometri Soru Bankası 1	201	12	1.000	high	apply	/static/crops/345_2025_Tyt_Ayt_Geometri_Soru_Bankası_1/345_2025_Tyt_Ayt_Geometri_Soru_Bankası_1_p0201_q04.png	107
e06a99a7-1ce4-5b8a-94d4-4e76986b557c	345 2025 Tyt Ayt Geometri Soru Bankası 1	11	6	0.909	high	apply	/static/crops/345_2025_Tyt_Ayt_Geometri_Soru_Bankası_1/345_2025_Tyt_Ayt_Geometri_Soru_Bankası_1_p0011_q02.png	93
e87282e6-2d9e-558d-838a-c877c9347f6b	345 2025 Tyt Ayt Geometri Soru Bankası 1	21	7	1.000	high	apply	/static/crops/345_2025_Tyt_Ayt_Geometri_Soru_Bankası_1/345_2025_Tyt_Ayt_Geometri_Soru_Bankası_1_p0021_q03.png	127
b233622d-46f9-5d6a-8433-deeec6f79190	345 2025 Tyt Ayt Geometri Soru Bankası 1	251	7	1.000	high	apply	/static/crops/345_2025_Tyt_Ayt_Geometri_Soru_Bankası_1/345_2025_Tyt_Ayt_Geometri_Soru_Bankası_1_p0251_q04.png	165
bfc0f162-cf42-5dfd-9d3b-f0832d3f12ca	345 2025 Tyt Ayt Geometri Soru Bankası 1	315	9	1.000	high	apply	/static/crops/345_2025_Tyt_Ayt_Geometri_Soru_Bankası_1/345_2025_Tyt_Ayt_Geometri_Soru_Bankası_1_p0315_q05.png	141
b6680705-5119-501a-be05-cacb4455d681	345 2025 Tyt Ayt Geometri Soru Bankası 1	17	6	0.846	high	apply	/static/crops/345_2025_Tyt_Ayt_Geometri_Soru_Bankası_1/345_2025_Tyt_Ayt_Geometri_Soru_Bankası_1_p0017_q04.png	155
53d0ead9-1aae-50d0-b132-30748c66c909	345 2025 Tyt Ayt Geometri Soru Bankası 1	175	10	0.923	high	apply	/static/crops/345_2025_Tyt_Ayt_Geometri_Soru_Bankası_1/345_2025_Tyt_Ayt_Geometri_Soru_Bankası_1_p0175_q05.png	134
4433614b-514e-53aa-8963-f003fcc1c848	345 2025 Tyt Ayt Geometri Soru Bankası 1	17	5	0.786	high	apply	/static/crops/345_2025_Tyt_Ayt_Geometri_Soru_Bankası_1/345_2025_Tyt_Ayt_Geometri_Soru_Bankası_1_p0017_q02.png	164
17b562a4-8105-50cf-af79-5daebd7d4fd5	345 2025 Tyt Ayt Geometri Soru Bankası 1	183	8	0.273	low	skip		98
08675020-9a55-5c24-ab43-9751ec9fcd88	345 2025 Tyt Ayt Geometri Soru Bankası 1	165	11	0.917	high	apply	/static/crops/345_2025_Tyt_Ayt_Geometri_Soru_Bankası_1/345_2025_Tyt_Ayt_Geometri_Soru_Bankası_1_p0165_q06.png	123
34ec55fd-560f-5104-a095-35fe6ed5571f	345 2025 Tyt Ayt Geometri Soru Bankası 1	165	7	0.500	mid	skip		120
9cb605a8-577b-5fe8-8fc0-ef7ed80988c0	345 2025 Tyt Ayt Geometri Soru Bankası 1	285	6	1.000	high	apply	/static/crops/345_2025_Tyt_Ayt_Geometri_Soru_Bankası_1/345_2025_Tyt_Ayt_Geometri_Soru_Bankası_1_p0285_q03.png	151
b0ca40f5-82a4-54ed-9718-df6dab0e79f6	345 2025 Tyt Ayt Geometri Soru Bankası 1	291	5	1.000	high	apply	/static/crops/345_2025_Tyt_Ayt_Geometri_Soru_Bankası_1/345_2025_Tyt_Ayt_Geometri_Soru_Bankası_1_p0291_q04.png	180
a805ffde-5c38-50ec-a182-1a1df1ccbf22	345 2025 Tyt Ayt Geometri Soru Bankası 1	304	18	0.917	high	apply	/static/crops/345_2025_Tyt_Ayt_Geometri_Soru_Bankası_1/345_2025_Tyt_Ayt_Geometri_Soru_Bankası_1_p0304_q05.png	135
5bc10093-0d48-5fd5-8c77-6d3713d78cb9	345 2025 Tyt Ayt Geometri Soru Bankası 1	295	7	1.000	high	apply	/static/crops/345_2025_Tyt_Ayt_Geometri_Soru_Bankası_1/345_2025_Tyt_Ayt_Geometri_Soru_Bankası_1_p0295_q05.png	108
a108a744-ab12-53b8-a3dd-eccfc32865e2	345 2025 Tyt Ayt Geometri Soru Bankası 1	304	19	1.000	high	apply	/static/crops/345_2025_Tyt_Ayt_Geometri_Soru_Bankası_1/345_2025_Tyt_Ayt_Geometri_Soru_Bankası_1_p0304_q01.png	145
13dc13bf-4aed-5e19-9eb1-f7db09f9b5e4	345 2025 Tyt Ayt Geometri Soru Bankası 1	304	17	1.000	high	apply	/static/crops/345_2025_Tyt_Ayt_Geometri_Soru_Bankası_1/345_2025_Tyt_Ayt_Geometri_Soru_Bankası_1_p0304_q04.png	123
a82e0030-b7a1-5f5b-ab38-0daf0c8db7a7	345 2025 Tyt Ayt Geometri Soru Bankası 1	183	9	0.148	low	skip		251
23972081-d0df-53a4-afc1-42fcfa1c0541	345 2025 Tyt Ayt Geometri Soru Bankası 1	165	10	0.857	high	apply	/static/crops/345_2025_Tyt_Ayt_Geometri_Soru_Bankası_1/345_2025_Tyt_Ayt_Geometri_Soru_Bankası_1_p0165_q03.png	133
8ca3256e-5a74-5a51-8d7b-f8da6a66a540	345 2025 Tyt Ayt Geometri Soru Bankası 1	329	9	1.000	high	apply	/static/crops/345_2025_Tyt_Ayt_Geometri_Soru_Bankası_1/345_2025_Tyt_Ayt_Geometri_Soru_Bankası_1_p0329_q03.png	112
47f55dd0-b865-57ef-badf-b6643421d107	345 2025 Tyt Ayt Geometri Soru Bankası 1	305	25	0.933	high	apply	/static/crops/345_2025_Tyt_Ayt_Geometri_Soru_Bankası_1/345_2025_Tyt_Ayt_Geometri_Soru_Bankası_1_p0305_q04.png	132
cf723c1b-4ba8-513b-9a36-8f678953f964	345 2025 Tyt Ayt Geometri Soru Bankası 1	329	7	1.000	high	apply	/static/crops/345_2025_Tyt_Ayt_Geometri_Soru_Bankası_1/345_2025_Tyt_Ayt_Geometri_Soru_Bankası_1_p0329_q05.png	105
80089211-2373-58ca-818d-92171916ac04	345 2025 Tyt Ayt Geometri Soru Bankası 1	331	8	0.786	high	apply	/static/crops/345_2025_Tyt_Ayt_Geometri_Soru_Bankası_1/345_2025_Tyt_Ayt_Geometri_Soru_Bankası_1_p0331_q01.png	116
acafe651-7b30-5b15-b8ff-83c4afebb6fa	345 2025 Tyt Ayt Geometri Soru Bankası 1	303	14	1.000	high	apply	/static/crops/345_2025_Tyt_Ayt_Geometri_Soru_Bankası_1/345_2025_Tyt_Ayt_Geometri_Soru_Bankası_1_p0303_q04.png	115
7667e304-4227-52a7-ab25-b4ab23866a67	345 2025 Tyt Ayt Geometri Soru Bankası 1	303	15	1.000	high	apply	/static/crops/345_2025_Tyt_Ayt_Geometri_Soru_Bankası_1/345_2025_Tyt_Ayt_Geometri_Soru_Bankası_1_p0303_q06.png	120
66828ccd-0221-5446-a2fb-5fa268657090	Acil-2024-AYT Matematik Kitap-1	146	5	0.571	mid	skip		132
bbed309e-fdca-5039-a2a2-5ae4291bf81c	345 2025 Tyt Ayt Geometri Soru Bankası 1	303	13	1.000	high	apply	/static/crops/345_2025_Tyt_Ayt_Geometri_Soru_Bankası_1/345_2025_Tyt_Ayt_Geometri_Soru_Bankası_1_p0303_q02.png	130
020a5a0c-e76b-5ab9-b65f-e927ae24c6e8	Orijinal-Tyt Ayt Geometri Soru Bankası	411	10	1.000	high	apply	/static/crops/Orijinal-Tyt_Ayt_Geometri_Soru_Bankası/Orijinal-Tyt_Ayt_Geometri_Soru_Bankası_p0411_q02.png	126
ab9e7eb5-2ee2-5b7d-9fd1-a964bb62b253	345 2025 Tyt Ayt Geometri Soru Bankası 1	304	20	0.700	high	apply	/static/crops/345_2025_Tyt_Ayt_Geometri_Soru_Bankası_1/345_2025_Tyt_Ayt_Geometri_Soru_Bankası_1_p0304_q03.png	117
64d5ddbb-abae-54d8-91a6-990c20996e59	345 2025 Tyt Fizik Soru Bankası	115	1	0.444	low	skip		346
97a752bb-b767-5862-a5f0-813a1eeb9a5c	345 2025 Tyt Kimya Soru Bankası	201	10	0.333	low	skip		232
0b67f55f-e6a6-5ce2-8ff8-2aec3955b30a	345 2025 Tyt Kimya Soru Bankası	201	12	0.241	low	skip		276
21872c85-594c-51ef-b52b-e1954892c359	345 2025 Tyt Matematik Soru Bankası	305	6	0.381	low	skip		636
5d82b817-ea40-50a0-a446-bfcace445e57	Acil-2024-AYT Matematik Kitap-1	152	3	0.667	mid	skip		104
9b1ab580-eb96-5daf-96ac-0d2f4d2b7a6b	345 Tyt Ayt Geometri Soru Bankası	221	6	0.333	low	skip		88
b02a6b31-b73d-5a49-b7d4-4de9e3f08947	345 Tyt Ayt Geometri Soru Bankası	245	6	1.000	high	apply	/static/crops/345_Tyt_Ayt_Geometri_Soru_Bankası/345_Tyt_Ayt_Geometri_Soru_Bankası_p0245_q05.png	122
9dca6d7a-0031-592a-b70b-20f0e0bb98a7	Orijinal-2025-Ayt-Polinom parabol	85	8	0.944	high	apply	/static/crops/Orijinal-2025-Ayt-Polinom_parabol/Orijinal-2025-Ayt-Polinom_parabol_p0085_q06.png	161
3e1521d3-7f4d-5e43-9097-616d22f7b928	345 Tyt Ayt Geometri Soru Bankası	247	7	0.500	mid	skip		115
8e802178-10bf-5ce4-9467-c32ccfe3410c	345 Tyt Ayt Geometri Soru Bankası	111	5	1.000	high	apply	/static/crops/345_Tyt_Ayt_Geometri_Soru_Bankası/345_Tyt_Ayt_Geometri_Soru_Bankası_p0111_q04.png	112
fcc84fcb-f5bd-5023-9c82-34e1796630d9	345 Tyt Ayt Geometri Soru Bankası	429	8	1.000	high	apply	/static/crops/345_Tyt_Ayt_Geometri_Soru_Bankası/345_Tyt_Ayt_Geometri_Soru_Bankası_p0429_q01.png	92
f3c046a3-74a3-5382-b061-5596cae0e820	345 2025 Tyt Ayt Geometri Soru Bankası 1	293	8	0	error	error		0
6e6924b7-0f6d-57ad-96a7-ae43b46436c5	345 Tyt Ayt Geometri Soru Bankası	323	9	0.857	high	apply	/static/crops/345_Tyt_Ayt_Geometri_Soru_Bankası/345_Tyt_Ayt_Geometri_Soru_Bankası_p0323_q02.png	120
8dc1a05d-75bf-5e19-ac0d-529c0ce84ddf	345 Tyt Ayt Geometri Soru Bankası	304	18	0.917	high	apply	/static/crops/345_Tyt_Ayt_Geometri_Soru_Bankası/345_Tyt_Ayt_Geometri_Soru_Bankası_p0304_q05.png	134
3958f0c4-d5d0-5ece-bc1d-8a80458bf14f	345 Tyt Ayt Geometri Soru Bankası	304	19	0.944	high	apply	/static/crops/345_Tyt_Ayt_Geometri_Soru_Bankası/345_Tyt_Ayt_Geometri_Soru_Bankası_p0304_q02.png	145
c5eda384-e2f4-5650-acbb-fd36901218ed	Orijinal-2025-Logaritma Diziler	138	10	0.800	high	apply	/static/crops/Orijinal-2025-Logaritma_Diziler/Orijinal-2025-Logaritma_Diziler_p0138_q02.png	303
ee42defc-0cd4-5205-9967-fb98b57c80f6	345 2025 Tyt Kimya Soru Bankası	223	10	1.000	high	apply	/static/crops/345_2025_Tyt_Kimya_Soru_Bankası/345_2025_Tyt_Kimya_Soru_Bankası_p0223_q04.png	105
8129c14d-3807-561b-bff9-f8243485faa2	345 Tyt Ayt Geometri Soru Bankası	323	10	0.583	mid	skip		114
cc6e1ef3-8372-571d-8cb0-23260a9ae1e9	345 Tyt Ayt Geometri Soru Bankası	304	20	0.700	high	apply	/static/crops/345_Tyt_Ayt_Geometri_Soru_Bankası/345_Tyt_Ayt_Geometri_Soru_Bankası_p0304_q03.png	115
dfb762c3-f9f1-5d6e-9071-3f0fb65105c7	345 Tyt Ayt Geometri Soru Bankası	329	9	1.000	high	apply	/static/crops/345_Tyt_Ayt_Geometri_Soru_Bankası/345_Tyt_Ayt_Geometri_Soru_Bankası_p0329_q03.png	113
3b8b1573-656d-5a6b-8030-421d53472b45	345 Tyt Ayt Geometri Soru Bankası	47	6	0	error	error		0
839cb135-248b-5931-892e-b1730b844e25	345 Tyt Ayt Geometri Soru Bankası	121	10	1.000	high	apply	/static/crops/345_Tyt_Ayt_Geometri_Soru_Bankası/345_Tyt_Ayt_Geometri_Soru_Bankası_p0121_q04.png	112
c9d131c1-3168-54de-880e-c9931b5968bf	345 Tyt Ayt Geometri Soru Bankası	127	8	0.889	high	apply	/static/crops/345_Tyt_Ayt_Geometri_Soru_Bankası/345_Tyt_Ayt_Geometri_Soru_Bankası_p0127_q03.png	108
ac30136f-0194-5565-92b4-60d0356ace60	345 Tyt Ayt Geometri Soru Bankası	127	9	0.778	high	apply	/static/crops/345_Tyt_Ayt_Geometri_Soru_Bankası/345_Tyt_Ayt_Geometri_Soru_Bankası_p0127_q05.png	111
881a0c15-bfd5-5b8c-b209-4bc80bba52f8	345 Tyt Ayt Geometri Soru Bankası	329	10	1.000	high	apply	/static/crops/345_Tyt_Ayt_Geometri_Soru_Bankası/345_Tyt_Ayt_Geometri_Soru_Bankası_p0329_q04.png	101
c03b0802-3bfc-5bb1-9047-97d836c282a0	345 Tyt Ayt Geometri Soru Bankası	331	8	0.867	high	apply	/static/crops/345_Tyt_Ayt_Geometri_Soru_Bankası/345_Tyt_Ayt_Geometri_Soru_Bankası_p0331_q02.png	127
5e1a0203-26f2-55d8-8213-374eae5e4416	Orijinal-Tyt Ayt Geometri Soru Bankası	33	9	0.636	mid	skip		108
5117e1a0-cee2-53c5-ae5b-e1b8c079670b	345 Tyt Ayt Geometri Soru Bankası	165	11	0.500	mid	skip		115
ac508076-163a-5de7-aca8-9ae7d9990ecc	Orijinal-Tyt Ayt Geometri Soru Bankası	411	7	0.882	high	apply	/static/crops/Orijinal-Tyt_Ayt_Geometri_Soru_Bankası/Orijinal-Tyt_Ayt_Geometri_Soru_Bankası_p0411_q01.png	151
a3dd6bc5-6dd9-5904-9922-f1d26ac5f2f9	ACİL-2025-Matematiğin İlacı Polinom	169	5	0.867	high	apply	/static/crops/ACİL-2025-Matematiğin_İlacı_Polinom/ACİL-2025-Matematiğin_İlacı_Polinom_p0169_q02.png	167
5ae4cf29-8340-5fe7-bf32-d46855de3aeb	Orijinal-Tyt Ayt Geometri Soru Bankası	305	7	0.933	high	apply	/static/crops/Orijinal-Tyt_Ayt_Geometri_Soru_Bankası/Orijinal-Tyt_Ayt_Geometri_Soru_Bankası_p0305_q01.png	135
c0e1d086-3510-52aa-8a1b-edae1147e504	345 Tyt Ayt Geometri Soru Bankası	293	8	0.800	high	apply	/static/crops/345_Tyt_Ayt_Geometri_Soru_Bankası/345_Tyt_Ayt_Geometri_Soru_Bankası_p0293_q05.png	100
5056ca0f-5d4a-5d88-93dc-3a1881cf466d	Orijinal-Tyt Ayt Geometri Soru Bankası	29	11	0.938	high	apply	/static/crops/Orijinal-Tyt_Ayt_Geometri_Soru_Bankası/Orijinal-Tyt_Ayt_Geometri_Soru_Bankası_p0029_q03.png	138
d48cf869-4de6-5721-a2e6-3c11f4cec313	345 Tyt Ayt Geometri Soru Bankası	211	10	0.667	mid	skip		103
9e6740f4-9fe7-54a6-aa30-47733211ee2c	Orijinal-Tyt Ayt Geometri Soru Bankası	330	7	0.400	low	skip		90
cd3e0e02-0c0a-5abc-9460-3da6e8a9289b	345 Tyt Ayt Geometri Soru Bankası	363	6	0.900	high	apply	/static/crops/345_Tyt_Ayt_Geometri_Soru_Bankası/345_Tyt_Ayt_Geometri_Soru_Bankası_p0363_q02.png	95
535c7a56-0d0f-55c7-807f-d48e392d2e25	345 Tyt Ayt Geometri Soru Bankası	373	6	0.923	high	apply	/static/crops/345_Tyt_Ayt_Geometri_Soru_Bankası/345_Tyt_Ayt_Geometri_Soru_Bankası_p0373_q05.png	117
00335af4-c26c-54f9-b8eb-67ad484195c3	345 Tyt Ayt Geometri Soru Bankası	387	5	1.000	high	apply	/static/crops/345_Tyt_Ayt_Geometri_Soru_Bankası/345_Tyt_Ayt_Geometri_Soru_Bankası_p0387_q04.png	115
a86bda2a-524f-5774-b99c-66009c910e2c	Orijinal-Tyt Ayt Geometri Soru Bankası	9	9	0.300	low	skip		103
7c03de0d-d32a-59f7-8d93-7f289776d096	345 Tyt Ayt Geometri Soru Bankası	175	9	0	error	error		0
144e5a3d-e2eb-581e-b321-d0fdfdeb4029	Orijinal-Tyt Ayt Geometri Soru Bankası	15	11	0.833	high	apply	/static/crops/Orijinal-Tyt_Ayt_Geometri_Soru_Bankası/Orijinal-Tyt_Ayt_Geometri_Soru_Bankası_p0015_q04.png	107
6d92b93c-324f-5ddb-bcd7-052cbef53668	345 Tyt Ayt Geometri Soru Bankası	376	24	1.000	high	apply	/static/crops/345_Tyt_Ayt_Geometri_Soru_Bankası/345_Tyt_Ayt_Geometri_Soru_Bankası_p0376_q06.png	108
5635be95-c8f0-5494-a72e-2d316dff8e9f	345 Tyt Ayt Geometri Soru Bankası 2	31	7	0.818	high	apply	/static/crops/345_Tyt_Ayt_Geometri_Soru_Bankası_2/345_Tyt_Ayt_Geometri_Soru_Bankası_2_p0031_q02.png	94
3d51429c-1cc3-5a01-97b8-15c467409597	Orijinal-2025-Ayt-Polinom parabol	121	11	1.000	high	apply	/static/crops/Orijinal-2025-Ayt-Polinom_parabol/Orijinal-2025-Ayt-Polinom_parabol_p0121_q01.png	163
ef822c42-1bb1-5f34-9c01-2d57159c60a7	Orijinal2024-Ayt-Matematik Soru Bankası	107	6	0.783	high	apply	/static/crops/Orijinal2024-Ayt-Matematik_Soru_Bankası/Orijinal2024-Ayt-Matematik_Soru_Bankası_p0107_q04.png	206
fe56838d-6418-5bae-bc5a-86dec36678b3	Orijinal2024-Ayt-Matematik Soru Bankası	119	15	0.920	high	apply	/static/crops/Orijinal2024-Ayt-Matematik_Soru_Bankası/Orijinal2024-Ayt-Matematik_Soru_Bankası_p0119_q05.png	242
88f0fa51-0ca6-52a1-834e-62de21a3892d	ACİL-TYT-AYT-Geometri Soru Bankası	263	7	0.650	mid	skip		187
7fa8928e-69df-5f25-854e-9f9add28f177	345 Tyt Ayt Geometri Soru Bankası	377	27	0	error	error		0
695742a8-66f5-5e7b-bcae-d75973077b9c	Orijinal-Tyt Ayt Geometri Soru Bankası	15	8	0	error	error		0
3f04a20a-8131-5197-bacd-a3e58172a380	Orijinal-2025-Limit	81	7	0.846	high	apply	/static/crops/Orijinal-2025-Limit/Orijinal-2025-Limit_p0081_q02.png	145
9c7014e8-8b33-5200-8452-4fe08e08b082	Orijinal2024-Ayt-Matematik Soru Bankası	301	8	1.000	high	apply	/static/crops/Orijinal2024-Ayt-Matematik_Soru_Bankası/Orijinal2024-Ayt-Matematik_Soru_Bankası_p0301_q04.png	122
5ba99d53-5ed9-5380-a8fa-657f4d360a15	Orijinal2024-Ayt-Matematik Soru Bankası	295	9	0.957	high	apply	/static/crops/Orijinal2024-Ayt-Matematik_Soru_Bankası/Orijinal2024-Ayt-Matematik_Soru_Bankası_p0295_q02.png	237
bcb8cbfb-d7e7-520c-8e87-7e48b13fa50d	ACİL-2025-Matematiğin İlacı Sayılar-2	42	6	0.526	mid	skip		201
861cd1d0-7855-56e5-babd-97a320f90f78	ACİL-2025-Matematiğin İlacı Polinom	221	7	0	error	error		0
ff1d606c-dd8a-5679-94ba-683121beb648	Aktif Ogrenme Ayt Kimya 2019 2020	105	30	0.714	high	apply	/static/crops/Aktif_Ogrenme_Ayt_Kimya_2019_2020/Aktif_Ogrenme_Ayt_Kimya_2019_2020_p0105_q05.png	69
c78e2c80-caa1-5d3e-9229-ca4849398dc0	Orijinal2024-Ayt-Matematik Soru Bankası	127	7	0.828	high	apply	/static/crops/Orijinal2024-Ayt-Matematik_Soru_Bankası/Orijinal2024-Ayt-Matematik_Soru_Bankası_p0127_q02.png	280
b03d1b86-fe77-5023-b979-e5d383784aa4	Orijinal-2025-Limit	122	9	1.000	high	apply	/static/crops/Orijinal-2025-Limit/Orijinal-2025-Limit_p0122_q02.png	203
7e7020dc-8992-59be-893d-eb5fa41d2a33	345 Tyt Ayt Geometri Soru Bankası	62	11	1.000	high	apply	/static/crops/345_Tyt_Ayt_Geometri_Soru_Bankası/345_Tyt_Ayt_Geometri_Soru_Bankası_p0062_q05.png	127
412753e5-fcc0-5436-bfd9-f8334198a4bb	ACİL-2025-Matematiğin İlacı Sayılar-1	111	12	0	error	error		0
45468b37-7343-5382-8471-dd7dca0f56e2	345 Tyt Ayt Geometri Soru Bankası	27	8	0.700	high	apply	/static/crops/345_Tyt_Ayt_Geometri_Soru_Bankası/345_Tyt_Ayt_Geometri_Soru_Bankası_p0027_q05.png	106
ae13a4b3-ed45-5f0c-b264-b0da8d6481d9	345 Tyt Ayt Geometri Soru Bankası	255	7	1.000	high	apply	/static/crops/345_Tyt_Ayt_Geometri_Soru_Bankası/345_Tyt_Ayt_Geometri_Soru_Bankası_p0255_q02.png	123
99662a23-1c5f-5889-ac80-1c39a5611fa2	Orijinal-2025-Limit	124	9	0.818	high	apply	/static/crops/Orijinal-2025-Limit/Orijinal-2025-Limit_p0124_q04.png	124
8f0499f1-d1ae-5b54-a986-c95976910773	ACİL-2025-TYT-Soeu Bankası	384	5	0.909	high	apply	/static/crops/ACİL-2025-TYT-Soeu_Bankası/ACİL-2025-TYT-Soeu_Bankası_p0384_q01.png	125
1c44a4cd-d64f-5273-b7b9-14ed7a489aba	ACİL-2025-TYT-Soeu Bankası	299	11	0.952	high	apply	/static/crops/ACİL-2025-TYT-Soeu_Bankası/ACİL-2025-TYT-Soeu_Bankası_p0299_q05.png	183
b117dbdf-9504-52f0-90d3-dc0a882ccb46	345 Tyt Ayt Geometri Soru Bankası	62	12	0.867	high	apply	/static/crops/345_Tyt_Ayt_Geometri_Soru_Bankası/345_Tyt_Ayt_Geometri_Soru_Bankası_p0062_q01.png	124
94d43be3-e6e8-523e-9292-48b1eea9684e	345 Tyt Ayt Geometri Soru Bankası	29	8	0.800	high	apply	/static/crops/345_Tyt_Ayt_Geometri_Soru_Bankası/345_Tyt_Ayt_Geometri_Soru_Bankası_p0029_q04.png	91
af514f63-5f21-552d-a555-207ded97c7fe	345 Tyt Ayt Geometri Soru Bankası	255	6	0.900	high	apply	/static/crops/345_Tyt_Ayt_Geometri_Soru_Bankası/345_Tyt_Ayt_Geometri_Soru_Bankası_p0255_q05.png	110
8ef4e469-4882-5aa8-806c-fd114fd18077	345 Tyt Ayt Geometri Soru Bankası	73	9	1.000	high	apply	/static/crops/345_Tyt_Ayt_Geometri_Soru_Bankası/345_Tyt_Ayt_Geometri_Soru_Bankası_p0073_q02.png	126
6e7c3640-df5b-5bdd-a449-10d1a2a43d47	345 Tyt Ayt Geometri Soru Bankası	285	6	1.000	high	apply	/static/crops/345_Tyt_Ayt_Geometri_Soru_Bankası/345_Tyt_Ayt_Geometri_Soru_Bankası_p0285_q03.png	151
573523d2-eb95-52cd-9014-e054c082d8ab	345 Tyt Ayt Geometri Soru Bankası	329	7	1.000	high	apply	/static/crops/345_Tyt_Ayt_Geometri_Soru_Bankası/345_Tyt_Ayt_Geometri_Soru_Bankası_p0329_q05.png	105
88bf9fd1-6c7e-591f-84c9-f474e2a26423	345 Tyt Ayt Geometri Soru Bankası	77	8	0.900	high	apply	/static/crops/345_Tyt_Ayt_Geometri_Soru_Bankası/345_Tyt_Ayt_Geometri_Soru_Bankası_p0077_q02.png	118
9b38ef0c-4ceb-53ee-9379-2bcca52b30ed	345 Tyt Ayt Geometri Soru Bankası	175	10	0.923	high	apply	/static/crops/345_Tyt_Ayt_Geometri_Soru_Bankası/345_Tyt_Ayt_Geometri_Soru_Bankası_p0175_q05.png	134
60f3e97f-0d46-51e3-942a-eac7dd882f48	345 Tyt Ayt Geometri Soru Bankası	81	8	0.500	mid	skip		95
0d14adf5-6f05-5d7c-8745-5f8754c1a971	345 Tyt Ayt Geometri Soru Bankası	107	6	1.000	high	apply	/static/crops/345_Tyt_Ayt_Geometri_Soru_Bankası/345_Tyt_Ayt_Geometri_Soru_Bankası_p0107_q04.png	112
f8dea569-46a1-57a5-b2d1-12cdc4bfdfd2	Viral-2025-Tyt Matematik	252	6	0.364	low	skip		232
b05f6a77-ce80-5603-9914-d67f393a392e	345 Tyt Ayt Geometri Soru Bankası	247	6	0	error	error		0
9a515095-4c2c-5232-b6f3-1491315818e4	345 Tyt Ayt Geometri Soru Bankası	211	9	0.636	mid	skip		97
e447f1c6-844a-5344-8197-a795a8422cd0	Orijinal-Tyt Ayt Geometri Soru Bankası	17	10	0.692	mid	skip		129
c513281f-a24a-50f7-bc96-d64f5838a6f0	345 Tyt Ayt Geometri Soru Bankası	183	6	0.812	high	apply	/static/crops/345_Tyt_Ayt_Geometri_Soru_Bankası/345_Tyt_Ayt_Geometri_Soru_Bankası_p0183_q03.png	146
855432f8-5ab0-5860-bd09-b1642418219b	Orijinal-Tyt Ayt Geometri Soru Bankası	17	12	0.444	low	skip		104
e88e9ff0-5ac8-5171-bbc7-6e550af6a4db	ACİL-2025-TYT-Soeu Bankası	301	10	0	error	error		0
b8ee522f-b73b-5b64-bbad-a0560946f3b5	Orijinal-Tyt Ayt Geometri Soru Bankası	19	8	0.857	high	apply	/static/crops/Orijinal-Tyt_Ayt_Geometri_Soru_Bankası/Orijinal-Tyt_Ayt_Geometri_Soru_Bankası_p0019_q04.png	123
2d76b9f2-14f3-509f-bc91-e7f7302b891d	ACİL-TYT-AYT-Geometri Soru Bankası	81	3	0.636	mid	skip		121
7d4a126f-5cd0-5909-a271-6ca4d21715a3	Pes PRofesyonel Anlam ve Problem Soruları 2020 2021	64	8	0.852	high	apply	/static/crops/Pes_PRofesyonel_Anlam_ve_Problem_Soruları_2020_2021/Pes_PRofesyonel_Anlam_ve_Problem_Soruları_2020_2021_p0064_q05.png	224
e4e6d790-cb98-5cf1-8b38-dd404a426054	ACİL-TYT-AYT-Geometri Soru Bankası	166	5	0.583	mid	skip		106
33c63db6-f7a4-5546-9942-34ba9d1d85fd	ACİL-TYT-AYT-Geometri Soru Bankası	376	7	1.000	high	apply	/static/crops/ACİL-TYT-AYT-Geometri_Soru_Bankası/ACİL-TYT-AYT-Geometri_Soru_Bankası_p0376_q01.png	111
10cb1c25-6aa5-5989-a259-1e573c320474	ACİL-2025-TYT-Soeu Bankası	346	9	1.000	high	apply	/static/crops/ACİL-2025-TYT-Soeu_Bankası/ACİL-2025-TYT-Soeu_Bankası_p0346_q02.png	110
cceace22-f452-5d81-9713-4cdd8e024be5	Aktif Ogrenme 0 Baslayanlara Kimya 2019 2020	92	46	0.000	low	skip		171
51447cfa-ecdc-534e-9095-d158908cf707	Aktif Ogrenme 0 Baslayanlara Kimya 2019 2020	121	9	0.333	low	skip		158
8a6551ee-70d4-5f18-a1f6-24bbc86f90cf	ACİL-2025-TYT-Soru Bankası	185	8	0	json_fail	skip		0
b0d36459-b09a-58fe-afda-79d10763db78	Aktif Ogrenme 0 Baslayanlara Kimya 2019 2020	84	38	1.000	high	apply	/static/crops/Aktif_Ogrenme_0_Baslayanlara_Kimya_2019_2020/Aktif_Ogrenme_0_Baslayanlara_Kimya_2019_2020_p0084_q01.png	220
f1a451c6-9bcd-53bf-a2f4-6cc5712e96fc	Pes PRofesyonel Anlam ve Problem Soruları 2020 2021	208	7	0.557	mid	skip		648
f965aa9a-da43-5c6d-880f-118a4653cc70	Aktif Ogrenme 0 Baslayanlara Kimya 2019 2020	57	26	0.143	low	skip		307
79bc3c5c-e67d-5ced-b1a1-65b2bbc16780	Aktif Ogrenme 0 Baslayanlara Kimya 2019 2020	136	24	0.182	low	skip		122
98b0c0aa-43db-5729-8c2f-f475ccb53ad3	Aktif Ogrenme 0 Baslayanlara Kimya 2019 2020	133	19	0.136	low	skip		206
395b73ff-46a7-58c7-a3ba-89dcd1641886	Aktif Ogrenme 0 Baslayanlara Kimya 2019 2020	166	1	0.000	low	skip		81
a8f5ae51-2f9a-56fa-bb4a-b11411223753	Aktif Ogrenme 0 Baslayanlara Kimya 2019 2020	179	14	0.325	low	skip		366
993b9aa1-bcb9-5721-b9d1-6e7a1c2a8b8c	ACİL-TYT-AYT-Geometri Soru Bankası	62	5	0	error	error		0
53abd1ef-2a67-5432-bfb7-9237b4a684c4	Aktif Ogrenme 0 Baslayanlara Kimya 2019 2020	179	14	0.375	low	skip		366
a4c2e029-2bab-5257-877c-ff195ff10b58	ACİL-TYT-AYT-Geometri Soru Bankası	175	4	0	error	error		0
0d15e47c-95d0-5bb4-8920-c995843c9e43	Aktif Ogrenme 0 Baslayanlara Kimya 2019 2020	179	14	1.000	high	apply	/static/crops/Aktif_Ogrenme_0_Baslayanlara_Kimya_2019_2020/Aktif_Ogrenme_0_Baslayanlara_Kimya_2019_2020_p0179_q01.png	366
0991c6db-8052-5d47-bcb5-3954788fc2b6	Aktif Ogrenme 0 Baslayanlara Kimya 2019 2020	182	17	0.455	low	skip		217
2fa19c73-c9de-5400-aa9e-87fc56614750	Aktif Ogrenme 0 Baslayanlara Kimya 2019 2020	182	17	0.182	low	skip		217
0ce18b23-2c49-5c67-b4d9-f38a140a272b	Aktif Ogrenme 0 Baslayanlara Kimya 2019 2020	175	10	0.829	high	apply	/static/crops/Aktif_Ogrenme_0_Baslayanlara_Kimya_2019_2020/Aktif_Ogrenme_0_Baslayanlara_Kimya_2019_2020_p0175_q03.png	542
02b5f5bb-fc67-52e5-89eb-1119dfac0a4b	Aktif Ogrenme 0 Baslayanlara Kimya 2019 2020	128	16	0	error	error		0
dd685ae4-aed2-5b11-9093-192dc96f6ec5	Aktif Ogrenme 0 Baslayanlara Kimya 2019 2020	211	2	0.250	low	skip		111
eae52a23-1c32-5c29-bda7-cadb79c12d65	Aktif Ogrenme 0 Baslayanlara Kimya 2019 2020	175	10	0.610	mid	skip		542
3ab79cf6-368e-56a9-8cc4-39ed49ff1ece	ACİL-TYT-AYT-Geometri Soru Bankası	166	7	0.615	mid	skip		112
26993228-737b-5693-a337-875a265e0b22	ACİL-TYT-AYT-Geometri Soru Bankası	175	5	0.143	low	skip		125
b69a2a6c-2359-5dd9-8c60-2a2b053e43ac	Aktif Ogrenme 0 Baslayanlara Kimya 2019 2020	142	26	0	error	error		0
3f305fe6-ead4-53f9-92e9-4e7a00391d7f	Aktif Ogrenme 0 Baslayanlara Kimya 2019 2020	181	15	0.103	low	skip		309
883fe05b-c1fd-5452-846a-fc9978c46a18	Aktif Ogrenme 0 Baslayanlara Kimya 2019 2020	254	54	0.368	low	skip		269
4c5a4fe8-7ae7-5a59-9e8d-329609bf0b67	ACİL-TYT-AYT-Geometri Soru Bankası	16	8	0	error	error		0
fb56eb02-613d-5f31-8f1e-f76b55e06a55	Aktif Ogrenme 0 Baslayanlara Kimya 2019 2020	133	19	0.182	low	skip		206
69ee837a-0d4f-567d-bc08-6a03ec50b0e5	ACİL-TYT-AYT-Geometri Soru Bankası	81	3	0.909	high	apply	/static/crops/ACİL-TYT-AYT-Geometri_Soru_Bankası/ACİL-TYT-AYT-Geometri_Soru_Bankası_p0081_q02.png	121
71dbf9d3-3dd9-5201-b34b-709806419b6b	ACİL-TYT-AYT-Geometri Soru Bankası	175	3	0.889	high	apply	/static/crops/ACİL-TYT-AYT-Geometri_Soru_Bankası/ACİL-TYT-AYT-Geometri_Soru_Bankası_p0175_q06.png	108
04242b1a-65e5-5840-b6dc-fee5cbfb29c9	ACİL-TYT-AYT-Geometri Soru Bankası	81	5	1.000	high	apply	/static/crops/ACİL-TYT-AYT-Geometri_Soru_Bankası/ACİL-TYT-AYT-Geometri_Soru_Bankası_p0081_q06.png	119
53852634-6bba-50d1-8fc5-5c7d2ede8b80	Aktif Ogrenme 0 Baslayanlara Kimya 2019 2020	174	9	0.727	high	apply	/static/crops/Aktif_Ogrenme_0_Baslayanlara_Kimya_2019_2020/Aktif_Ogrenme_0_Baslayanlara_Kimya_2019_2020_p0174_q03.png	103
2e3f168d-1c93-5a6b-aab0-7ba508e9cda7	ACİL-TYT-AYT-Geometri Soru Bankası	247	6	0	error	error		0
c6abae30-ab73-5583-b715-b889479e5c35	Aktif Ogrenme 0 Baslayanlara Kimya 2019 2020	177	12	0.286	low	skip		269
920bfff7-be53-5e16-9a7d-6336bea33c86	Aktif Ogrenme 0 Baslayanlara Kimya 2019 2020	318	9	0.760	high	apply	/static/crops/Aktif_Ogrenme_0_Baslayanlara_Kimya_2019_2020/Aktif_Ogrenme_0_Baslayanlara_Kimya_2019_2020_p0318_q01.png	268
f531da5f-82ab-5851-9719-d2a712018e63	Aktif Ogrenme 0 Baslayanlara Kimya 2019 2020	346	1	0.231	low	skip		276
66c6f850-a452-506e-a6bc-b9432ce54542	Aktif Ogrenme 2023 2024 Biyoloji	16	5	0.100	low	skip		102
51edad62-80d7-5ba7-9aa3-8bfde810f5ff	Aktif Ogrenme 0 Baslayanlara Kimya 2019 2020	93	47	0.150	low	skip		191
fa4a0621-96fb-5879-ae40-ae284a58208a	Aktif Ogrenme 2023 2024 Biyoloji	31	20	0.417	low	skip		227
2d051146-8735-516c-8a13-84712aa4077a	Aktif Ogrenme 0 Baslayanlara Kimya 2019 2020	128	16	0	error	error		0
9e1ac5e9-5d74-531c-b5fc-3a938cbae0b7	Aktif Ogrenme 2023 2024 Biyoloji	133	16	0.000	low	skip		157
d2e9f6da-586f-5f30-939e-164ad468b5a2	Aktif Ogrenme 0 Baslayanlara Kimya 2019 2020	142	27	0	error	error		0
e2021d93-d9dc-529f-b569-7912234a9169	Aktif Ogrenme 0 Baslayanlara Kimya 2019 2020	44	9	0	error	error		0
7a7d9744-5a79-5c9c-b3ae-960f2d51117a	Aktif Ogrenme 0 Baslayanlara Kimya 2019 2020	134	21	0	error	error		0
c82ebecd-2fb6-513d-a19c-cdbe188a851b	Aktif Ogrenme 0 Baslayanlara Kimya 2019 2020	134	21	0	error	error		0
03f1d836-b2f1-5c2d-acce-0e971b862a18	Aktif Ogrenme 2023 2024 Biyoloji	207	8	0.150	low	skip		205
554e4269-6ead-518e-85f3-3b9732f7982d	Aktif Ogrenme 2025 Tyt Fizik Soru Bankası	27	16	0.348	low	skip		210
2afb6719-3c21-532d-b013-12cce541b23d	Aktif Ogrenme 2025 Tyt Fizik Soru Bankası	29	17	0.400	low	skip		189
aaa3bb77-96fe-5072-9365-699a626fad0f	Aktif Ogrenme 2025 Tyt Fizik Soru Bankası	27	16	0.870	high	apply	/static/crops/Aktif_Ogrenme_2025_Tyt_Fizik_Soru_Bankası/Aktif_Ogrenme_2025_Tyt_Fizik_Soru_Bankası_p0027_q02.png	210
81cb2f18-fd77-57c0-ba7f-0a6827e82dac	Aktif Ogrenme 2025 Tyt Fizik Soru Bankası	20	1	0.947	high	apply	/static/crops/Aktif_Ogrenme_2025_Tyt_Fizik_Soru_Bankası/Aktif_Ogrenme_2025_Tyt_Fizik_Soru_Bankası_p0020_q02.png	223
5521cb0d-8727-5dc4-88ba-1d409ac53ccc	Aktif Ogrenme 2025 Tyt Fizik Soru Bankası	29	18	0.781	high	apply	/static/crops/Aktif_Ogrenme_2025_Tyt_Fizik_Soru_Bankası/Aktif_Ogrenme_2025_Tyt_Fizik_Soru_Bankası_p0029_q02.png	317
811c6149-a4a7-5fcd-984f-e2edb124a9f2	Aktif Ogrenme 0 Baslayanlara Kimya 2019 2020	354	8	0	error	error		0
e1448645-5134-59fc-89c1-fa7e47becf2f	Aktif Ogrenme 2025 Tyt Fizik Soru Bankası	27	15	0.706	high	apply	/static/crops/Aktif_Ogrenme_2025_Tyt_Fizik_Soru_Bankası/Aktif_Ogrenme_2025_Tyt_Fizik_Soru_Bankası_p0027_q01.png	200
e5eb6cbb-fce0-51ab-996c-c3a83c49f71c	Aktif Ogrenme 2025 Tyt Fizik Soru Bankası	43	4	0.450	low	skip		197
7cd19f33-2fa7-576d-b22e-d6f0eb4cc3fc	Aktif Ogrenme 2025 Tyt Fizik Soru Bankası	29	18	0.969	high	apply	/static/crops/Aktif_Ogrenme_2025_Tyt_Fizik_Soru_Bankası/Aktif_Ogrenme_2025_Tyt_Fizik_Soru_Bankası_p0029_q02.png	317
2c94677b-d54f-5c4b-883c-d52a4a5f0adc	Aktif Ogrenme 2023 2024 Biyoloji	171	5	0	error	error		0
e57f8e9e-bc52-5ea4-9af8-aee96b5ea855	Aktif Ogrenme 2025 Tyt Fizik Soru Bankası	94	9	0.194	low	skip		335
410e81ab-bf75-5bb6-94b4-85f58266cc91	Aktif Ogrenme 2025 Tyt Fizik Soru Bankası	44	6	0.194	low	skip		292
555e8666-f29b-54c2-92d5-48d39450f999	Aktif Ogrenme 2023 2024 Biyoloji	209	11	0	error	error		0
3a2ae879-175b-5230-8916-4d9156f7ba71	Aktif Ogrenme 2025 Tyt Fizik Soru Bankası	31	21	0.368	low	skip		175
8deba4d6-d988-51eb-aa92-f86fb02c3a81	Aktif Ogrenme 2025 Tyt Fizik Soru Bankası	101	20	0.120	low	skip		242
36442fbf-fb97-51ff-bd98-56b25d718546	Aktif Ogrenme 2025 Tyt Fizik Soru Bankası	73	5	0.667	mid	skip		157
b0cdb738-dec9-5436-aa42-fbc581de5ffe	Aktif Ogrenme 2025 Tyt Fizik Soru Bankası	111	3	0.222	low	skip		192
51494080-2adc-5435-ab97-367bb85a981e	Aktif Ogrenme 2025 Tyt Fizik Soru Bankası	112	5	0.250	low	skip		134
e95b5231-a6e5-5f2a-b797-c05a66dba648	Aktif Ogrenme 2025 Tyt Fizik Soru Bankası	113	7	0.929	high	apply	/static/crops/Aktif_Ogrenme_2025_Tyt_Fizik_Soru_Bankası/Aktif_Ogrenme_2025_Tyt_Fizik_Soru_Bankası_p0113_q01.png	124
2562463c-6415-500a-b8ce-6c08c8814f0c	Aktif Ogrenme 2025 Tyt Fizik Soru Bankası	97	13	0.542	mid	skip		225
39ef11d1-4f63-50e2-9f2f-abd4eb8f58e0	Aktif Ogrenme 2025 Tyt Fizik Soru Bankası	113	7	0.786	high	apply	/static/crops/Aktif_Ogrenme_2025_Tyt_Fizik_Soru_Bankası/Aktif_Ogrenme_2025_Tyt_Fizik_Soru_Bankası_p0113_q01.png	124
f2cc1fff-866e-5755-8bbb-624f97dbed69	Aktif Ogrenme 2025 Tyt Fizik Soru Bankası	41	1	0	error	error		0
8da80b7c-c1dd-52b8-a259-cbcd5095f170	Aktif Ogrenme 2025 Tyt Fizik Soru Bankası	116	12	0.821	high	apply	/static/crops/Aktif_Ogrenme_2025_Tyt_Fizik_Soru_Bankası/Aktif_Ogrenme_2025_Tyt_Fizik_Soru_Bankası_p0116_q01.png	283
9e2affc2-f1df-5f7a-9940-607d0353a5ef	Aktif Ogrenme 2025 Tyt Fizik Soru Bankası	120	19	0.654	mid	skip		230
d280c842-96c0-527d-b0db-a2cc837bf057	Aktif Ogrenme Ayt Kimya 2019 2020	172	1	0.222	low	skip		193
5f4133c8-e729-5d53-a6b1-267708b13db5	Aktif Ogrenme 2025 Tyt Fizik Soru Bankası	116	13	0.667	mid	skip		317
ca306de8-8e1d-5b75-bebb-bbc3dd1a5970	Aktif Ogrenme Ayt Kimya 2019 2020	159	19	0.867	high	apply	/static/crops/Aktif_Ogrenme_Ayt_Kimya_2019_2020/Aktif_Ogrenme_Ayt_Kimya_2019_2020_p0159_q01.png	148
dd85cbb1-3845-568f-9838-a8f7d9fb7f80	Aktif Ogrenme 2025 Tyt Fizik Soru Bankası	54	23	0	error	error		0
ae3a4143-21d7-53a6-8af9-0c98d3fdaf78	Aktif Ogrenme 2025 Tyt Fizik Soru Bankası	181	11	0.359	low	skip		373
ba4f5a38-bfa8-5862-8ee6-b91cece1ca7b	Aktif Ogrenme 2025 Tyt Fizik Soru Bankası	184	13	0.143	low	skip		376
25336e86-e38c-592d-8b86-9729a2112b57	Aktif Ogrenme 2025 Tyt Fizik Soru Bankası	175	1	0.760	high	apply	/static/crops/Aktif_Ogrenme_2025_Tyt_Fizik_Soru_Bankası/Aktif_Ogrenme_2025_Tyt_Fizik_Soru_Bankası_p0175_q01.png	223
afe22e25-98d0-5222-924e-e4486402be10	Aktif Ogrenme 2025 Tyt Fizik Soru Bankası	139	19	0.982	high	apply	/static/crops/Aktif_Ogrenme_2025_Tyt_Fizik_Soru_Bankası/Aktif_Ogrenme_2025_Tyt_Fizik_Soru_Bankası_p0139_q01.png	473
4188827c-e8c6-5a82-8388-bc4cfda934b7	Aktif Ogrenme 2025 Tyt Fizik Soru Bankası	130	6	0.400	low	skip		186
e9d9f370-2601-5c01-857b-dcc96b65985d	Aktif Ogrenme 2025 Tyt Fizik Soru Bankası	139	19	0.709	high	apply	/static/crops/Aktif_Ogrenme_2025_Tyt_Fizik_Soru_Bankası/Aktif_Ogrenme_2025_Tyt_Fizik_Soru_Bankası_p0139_q01.png	473
e8d90118-4e3e-5e87-a54d-00ee987cf3e5	Aktif Ogrenme 2025 Tyt Fizik Soru Bankası	185	14	0.280	low	skip		230
d8448aad-302a-5f82-8473-b56aaf33612d	Aktif Ogrenme Ayt Kimya 2019 2020	181	14	0.714	high	apply	/static/crops/Aktif_Ogrenme_Ayt_Kimya_2019_2020/Aktif_Ogrenme_Ayt_Kimya_2019_2020_p0181_q02.png	145
916c4ba0-2a2c-543e-819f-db6052671526	Aktif Ogrenme 2025 Tyt Fizik Soru Bankası	235	1	0.526	mid	skip		210
62e2ed5a-5dde-5052-a395-c1236279fe59	Aktif Ogrenme 2025 Tyt Fizik Soru Bankası	205	5	0.944	high	apply	/static/crops/Aktif_Ogrenme_2025_Tyt_Fizik_Soru_Bankası/Aktif_Ogrenme_2025_Tyt_Fizik_Soru_Bankası_p0205_q01.png	183
9ff37df9-6ac0-559e-beb1-ed2dd631cb40	Aktif Ogrenme 2025 Tyt Fizik Soru Bankası	213	15	0.556	mid	skip		160
5dfa8342-3b1b-598b-91de-d16e805d553d	Aktif Ogrenme 2025 Tyt Fizik Soru Bankası	240	8	0.345	low	skip		302
51f21b2a-bdbb-5808-ae4f-a5978f8156d3	Aktif Ogrenme 2025 Tyt Fizik Soru Bankası	239	7	0.273	low	skip		208
e8d30306-a698-5976-a738-8748ff293d07	Aktif Ogrenme 2025 Tyt Fizik Soru Bankası	267	24	0.522	mid	skip		176
b85e40b0-d8a7-5aa6-be81-3df0d38570f2	Aktif Ogrenme 2025 Tyt Fizik Soru Bankası	255	11	0.688	mid	skip		268
a8e1552f-0444-5924-9801-8e1bee8f2edd	Aktif Ogrenme 2025 Tyt Fizik Soru Bankası	271	31	0.556	mid	skip		151
c3e37556-b31f-5e14-bf1b-aa3e65cc34cc	Aktif Ogrenme 2025 Tyt Fizik Soru Bankası	280	38	0.364	low	skip		302
44d51bb2-aeb2-5bac-a109-d11f67245eb4	Aktif Ogrenme Ayt Kimya 2019 2020	258	8	0.404	low	skip		514
08983d77-d43e-52f2-a53e-be53735d8620	Aktif Ogrenme 2025 Tyt Fizik Soru Bankası	279	37	0.600	mid	skip		215
8cf1c2d1-7aba-5a06-8e89-941d29a12152	Aktif Ogrenme Ayt Kimya 2019 2020	262	12	0.833	high	apply	/static/crops/Aktif_Ogrenme_Ayt_Kimya_2019_2020/Aktif_Ogrenme_Ayt_Kimya_2019_2020_p0262_q01.png	205
88f0802b-94b0-52d8-9240-9959ba09f8df	Aktif Ogrenme 2025 Tyt Fizik Soru Bankası	284	45	0.185	low	skip		274
fdcd1366-0ea1-5a5d-aa7d-97b063f1fd27	Aktif Ogrenme 2025 Tyt Fizik Soru Bankası	209	11	0	error	error		0
9d2e47be-4f0e-5830-bc94-bfb6313ae775	Aktif Ogrenme Ayt Kimya 2019 2020	70	21	0.871	high	apply	/static/crops/Aktif_Ogrenme_Ayt_Kimya_2019_2020/Aktif_Ogrenme_Ayt_Kimya_2019_2020_p0070_q02.png	299
32c1ae89-1123-59cf-8a40-b54f422c5f4f	Aktif Ogrenme Ayt Kimya 2019 2020	67	18	0.667	mid	skip		153
dc5f698c-fa8c-5590-ba60-4e4e1c11dcd5	Aktif Ogrenme Ayt Kimya 2019 2020	260	11	0.333	low	skip		465
52a32fe6-e685-5122-8eb6-956fc05bd7c7	Aktif Ogrenme 2025 Tyt Fizik Soru Bankası	259	15	0	error	error		0
99e9d3b7-ff96-5424-b3a6-7c326e6188a1	Vaf Ayt Turk Dili ve Edebiyatı	138	8	0.500	mid	skip		191
6e823c66-b199-52ff-998a-1f765154eb2c	Aktif Ogrenme Ayt Kimya 2019 2020	72	24	0.800	high	apply	/static/crops/Aktif_Ogrenme_Ayt_Kimya_2019_2020/Aktif_Ogrenme_Ayt_Kimya_2019_2020_p0072_q02.png	99
9e4f2bef-de9d-5ca4-b0aa-4f899e3212a9	Aktif Ogrenme Ayt Kimya 2019 2020	225	24	0.750	high	apply	/static/crops/Aktif_Ogrenme_Ayt_Kimya_2019_2020/Aktif_Ogrenme_Ayt_Kimya_2019_2020_p0225_q03.png	186
f97a63b0-de88-5bd7-860c-b0f04c20abcd	Aktif Ogrenme 2025 Tyt Fizik Soru Bankası	299	59	0.227	low	skip		191
9970dc11-ede6-5aef-90b5-33c5e0882da1	Aktif Ogrenme Ayt Kimya 2019 2020	310	15	0.062	low	skip		152
4b6c9c4a-271d-512a-9b39-50e2e12111f2	Aktif Ogrenme Ayt Kimya 2019 2020	225	24	0.300	low	skip		186
a564a3a5-4b70-529e-9539-2fececbb55ef	Aktif Ogrenme Ayt Kimya 2019 2020	105	30	0.833	high	apply	/static/crops/Aktif_Ogrenme_Ayt_Kimya_2019_2020/Aktif_Ogrenme_Ayt_Kimya_2019_2020_p0105_q05.png	58
841f98ef-d910-5e95-95a1-2aaede221dd2	Aktif Ogrenme Ayt Kimya 2019 2020	225	24	0.600	mid	skip		186
7cd58f20-1a46-5e85-8ab1-e0f13ec98dbe	Aktif Ogrenme Ayt Kimya 2019 2020	105	30	1.000	high	apply	/static/crops/Aktif_Ogrenme_Ayt_Kimya_2019_2020/Aktif_Ogrenme_Ayt_Kimya_2019_2020_p0105_q05.png	58
4f744b67-5f85-5e1a-bf0c-15f7aa1418b1	Aktif Ogrenme Ayt Kimya 2019 2020	106	32	0.533	mid	skip		276
f1d39639-b3de-5875-957e-43b4128967ae	Aktif Ogrenme Ayt Kimya 2019 2020	267	16	0.400	low	skip		224
cc46e38f-349a-5c70-8227-52c91ee85b63	Aktif Ogrenme Ayt Kimya 2019 2020	62	10	0	error	error		0
a2c69c0d-049a-500a-8518-81c08dbe5edd	Aktif Ogrenme Ayt Kimya 2019 2020	106	32	0.533	mid	skip		278
9cfda189-1f4e-5ea2-9ef3-70929d834e39	Aktif Ogrenme Ayt Kimya 2019 2020	339	20	0.042	low	skip		245
d4104efc-530b-5c95-8db0-3a8ac6d8d5c8	Aktif Ogrenme Ayt Kimya 2019 2020	157	17	0.083	low	skip		251
1e58ea5e-d245-5308-9d28-171dc5e048c7	Aktif Ogrenme Ayt Kimya 2019 2020	387	11	0.667	mid	skip		177
9f6bddf0-fcaa-5d43-a8c9-12d4d9b0a458	Aktif Ogrenme Ayt Kimya 2019 2020	221	19	0.529	mid	skip		190
02a3e9bc-6984-5d9e-b1fc-490cc41627d0	Mikro Orijinal Tyt Fizik Soru Bankası 2025	314	8	0.032	low	skip		285
edce2bd4-05cc-5768-8673-f1e9de0e60c0	Aktif Ogrenme Ayt Kimya 2019 2020	309	13	0	error	error		0
2bcaf7be-014b-50e2-9498-47dfaee55f50	Aktif Ogrenme Ayt Kimya 2019 2020	263	13	0.250	low	skip		202
65a175ef-fe96-50db-859f-90d88c48166d	Aktif Ogrenme Ayt Kimya 2019 2020	159	19	0.000	low	skip		148
9bfbb7e5-28c0-55b7-acda-ff059bba126a	Aktif Ogrenme Ayt Kimya 2019 2020	393	14	0.812	high	apply	/static/crops/Aktif_Ogrenme_Ayt_Kimya_2019_2020/Aktif_Ogrenme_Ayt_Kimya_2019_2020_p0393_q02.png	232
7bbc064d-fe13-5ee8-b30d-130eeeb07efa	Aktif Ogrenme Ayt Kimya 2019 2020	155	16	0.278	low	skip		488
93f0de78-67f4-56b2-baca-47b790adfa32	Apotemi 2019 2020 Tyt Ayt Fizik Soru Bankası	138	9	0.700	high	apply	/static/crops/Apotemi_2019_2020_Tyt_Ayt_Fizik_Soru_Bankası/Apotemi_2019_2020_Tyt_Ayt_Fizik_Soru_Bankası_p0138_q02.png	89
818aaf38-0c0d-522b-9f35-25c79b1ce0f2	Apotemi 2019 2020 Modern Fizik Konu Anlatımlı Soru Bankası	150	12	0.697	mid	skip		330
279ccd89-643d-52d0-bf9e-f26787721a12	Aktif Ogrenme 2023 2024 Biyoloji	76	8	0.375	low	skip		370
2e95c16f-eb77-506c-b610-d9c35ed5d0f0	Apotemi 2020 2021 Modern Kimya	36	2	0.043	low	skip		505
45f74013-5aa0-5e0d-81aa-fedc3838b2eb	Apotemi 2019 2020 Tyt Ayt Fizik Soru Bankası	100	6	1.000	high	apply	/static/crops/Apotemi_2019_2020_Tyt_Ayt_Fizik_Soru_Bankası/Apotemi_2019_2020_Tyt_Ayt_Fizik_Soru_Bankası_p0100_q01.png	168
fedd8fd5-5a2d-5861-adc8-31d6bda2a622	Apotemi 2019 2020 Tyt Ayt Fizik Soru Bankası	228	10	1.000	high	apply	/static/crops/Apotemi_2019_2020_Tyt_Ayt_Fizik_Soru_Bankası/Apotemi_2019_2020_Tyt_Ayt_Fizik_Soru_Bankası_p0228_q02.png	357
96fa27bb-4575-5b94-abee-87b9474fef32	Apotemi 2020 2021 Modern Kimya	68	6	0.567	mid	skip		301
b82f3b92-a885-5e21-9f5f-4d5a362d150b	Aktif Ogrenme Ayt Kimya 2019 2020	354	33	0	error	error		0
88f9c239-6a2b-5e55-9350-3e420ff02255	Apotemi 2019 2020 Modern Fizik Konu Anlatımlı Soru Bankası	58	6	0.800	high	apply	/static/crops/Apotemi_2019_2020_Modern_Fizik_Konu_Anlatımlı_Soru_Bankası/Apotemi_2019_2020_Modern_Fizik_Konu_Anlatımlı_Soru_Bankası_p0058_q01.png	145
f5589694-cf83-5e89-a2b5-73f5220f027b	Aktif Ogrenme Ayt Kimya 2019 2020	273	20	0	error	error		0
65e5dc1b-b588-59be-bb82-246e698e810a	ACİL-TYT-AYT-Geometri Soru Bankası	175	1	0.909	high	apply	/static/crops/ACİL-TYT-AYT-Geometri_Soru_Bankası/ACİL-TYT-AYT-Geometri_Soru_Bankası_p0175_q02.png	102
cc477acd-e0ba-5f55-ae38-8bc6dc6ddb35	ACİL-TYT-AYT-Geometri Soru Bankası	175	2	0.909	high	apply	/static/crops/ACİL-TYT-AYT-Geometri_Soru_Bankası/ACİL-TYT-AYT-Geometri_Soru_Bankası_p0175_q04.png	102
56e06f9a-bc6c-58a5-836b-515575495966	Apotemi 2024 Ayt Kimya Soru Bankasi	95	11	0.370	low	skip		466
3b6daa54-27e2-5287-b043-60cbecca764e	Apotemi 2020 2021 Modern Kimya	275	12	0.312	low	skip		570
ba2217b6-b2af-571b-aa21-35457c533bcc	Apotemi 2020 2021 Modern Kimya	205	2	0	error	error		0
4fa04e52-5083-5442-a4c7-6e2145d9413c	ACİL-2025-TYT-Soru Bankası	101	6	0	error	error		0
f81bcba8-f534-5574-931c-ecd8d9d22626	Apotemi 2020 2021 Modern Kimya	68	5	0.706	high	apply	/static/crops/Apotemi_2020_2021_Modern_Kimya/Apotemi_2020_2021_Modern_Kimya_p0068_q01.png	354
1f794445-242c-5e0e-9247-004b45ed722d	ACİL-TYT-AYT-Geometri Soru Bankası	293	6	0.762	high	apply	/static/crops/ACİL-TYT-AYT-Geometri_Soru_Bankası/ACİL-TYT-AYT-Geometri_Soru_Bankası_p0293_q03.png	211
c8888355-f2cd-5181-8526-38781606b175	ACİL-TYT-AYT-Geometri Soru Bankası	303	6	0.909	high	apply	/static/crops/ACİL-TYT-AYT-Geometri_Soru_Bankası/ACİL-TYT-AYT-Geometri_Soru_Bankası_p0303_q04.png	96
57c9c802-de89-5799-a277-58ea138da121	Apotemi 2024 Ayt Kimya Soru Bankasi	55	8	0	error	error		0
11038b5e-2ccb-5884-891e-24259f36af7c	ACİL-TYT-AYT-Geometri Soru Bankası	384	8	0.227	low	skip		550
4cef604f-9c0d-5ea8-b783-c3c8b1e3107a	Bilgi Sarmalı-2022-2023-Tyt Ayt-Geometri Soru Bankası	136	7	0.231	low	skip		244
e078b145-0e65-5824-8239-639e338b6ee5	Apotemi 2020 2021 Modern Kimya	37	1	0	json_fail	skip		0
6ab34515-2262-5d59-a608-6efac21551dc	Aktif Ogrenme 0 Baslayanlara Kimya 2019 2020	350	5	0.500	mid	skip		221
999c7e51-91a1-5c29-b44c-116e084228dc	ACİL-TYT-AYT-Geometri Soru Bankası	81	2	0.909	high	apply	/static/crops/ACİL-TYT-AYT-Geometri_Soru_Bankası/ACİL-TYT-AYT-Geometri_Soru_Bankası_p0081_q05.png	132
d3b4bdc9-0084-5eb1-8f2d-975da6050f32	ACİL-TYT-AYT-Geometri Soru Bankası	81	1	0.727	high	apply	/static/crops/ACİL-TYT-AYT-Geometri_Soru_Bankası/ACİL-TYT-AYT-Geometri_Soru_Bankası_p0081_q04.png	133
5e00a3fc-f5cf-5674-a2d5-8e088f32ad06	ACİL-TYT-AYT-Geometri Soru Bankası	271	5	0	error	error		0
a29b6dcb-e5d3-59a2-90ed-cabc05298c2f	Apotemi 2024 Ayt Kimya Soru Bankasi	25	5	0.327	low	skip		684
f2e20486-a334-5561-8fab-2d1f96c084a7	Aktif Ogrenme 2023 2024 Biyoloji	79	10	0.240	low	skip		232
2dafc784-f263-5aee-8263-61ab64e221dc	ACİL-TYT-AYT-Geometri Soru Bankası	108	9	0.727	high	apply	/static/crops/ACİL-TYT-AYT-Geometri_Soru_Bankası/ACİL-TYT-AYT-Geometri_Soru_Bankası_p0108_q04.png	111
d39d701f-70d1-5085-ab35-ad1faffef6ac	Aktif Ogrenme 0 Baslayanlara Kimya 2019 2020	23	16	0.130	low	skip		240
930f7376-f036-5eba-bd36-2a2051938aac	Esen Aps Biyoloji Soru Bankası	156	13	0.372	low	skip		409
da5fae90-5056-5d17-b209-2f24c7de3d0b	Aktif Ogrenme 2025 Tyt Fizik Soru Bankası	285	48	0.474	low	skip		153
5cb482ad-44ba-5fb3-b6dd-64a2a8913bb7	Aktif Ogrenme 2025 Tyt Fizik Soru Bankası	175	2	0.516	mid	skip		315
187f2810-1f04-59a7-a853-9339031433bb	Aktif Ogrenme 2025 Tyt Fizik Soru Bankası	280	39	0.333	low	skip		224
aa2cd601-592c-5359-8e0c-40f6e6e1b420	Aktif Ogrenme 2025 Tyt Fizik Soru Bankası	336	6	0.143	low	skip		200
1780a5b6-821a-5737-94e9-d701e50f0ded	Aktif Ogrenme 2025 Tyt Fizik Soru Bankası	335	4	0.333	low	skip		236
81b71ea5-3a0d-532a-a706-a39e826b0c28	Esen Tyt Ayt Biyoloji Soru Bankası	158	10	1.000	high	apply	/static/crops/Esen_Tyt_Ayt_Biyoloji_Soru_Bankası/Esen_Tyt_Ayt_Biyoloji_Soru_Bankası_p0158_q03.png	110
896211c3-7e87-5da5-b6ed-2ff050dcba1e	Esen Aylık Planlı Biyoloji Soru Bankası	28	7	0.425	low	skip		415
c32c4edd-2620-58e0-b048-fad6aa10869a	Aktif Ogrenme 2025 Tyt Fizik Soru Bankası	302	62	0.917	high	apply	/static/crops/Aktif_Ogrenme_2025_Tyt_Fizik_Soru_Bankası/Aktif_Ogrenme_2025_Tyt_Fizik_Soru_Bankası_p0302_q03.png	219
3f832dae-8599-5e6b-b03b-9befb4f49d66	Aktif Ogrenme 2023 2024 Biyoloji	79	9	0.738	high	apply	/static/crops/Aktif_Ogrenme_2023_2024_Biyoloji/Aktif_Ogrenme_2023_2024_Biyoloji_p0079_q04.png	462
00849143-12bd-5b05-ad0a-3cd06be0d06b	Aktif Ogrenme 2025 Tyt Fizik Soru Bankası	119	18	0.115	low	skip		224
b1bd5eec-18c6-52ab-906f-bb93c1992842	Aktif Ogrenme 2025 Tyt Fizik Soru Bankası	149	3	1.000	high	apply	/static/crops/Aktif_Ogrenme_2025_Tyt_Fizik_Soru_Bankası/Aktif_Ogrenme_2025_Tyt_Fizik_Soru_Bankası_p0149_q01.png	253
7ab53879-075b-5212-b988-6a7f59156fac	Aktif Ogrenme Ayt Kimya 2019 2020	68	20	0.667	mid	skip		164
14fef49c-51d4-57e3-a83f-a5619670591c	PES-Konu özetleri-Problemler Kampı	21	33	0.067	low	skip		387
76f96f68-b33d-5fae-9392-da5d4f008fd9	Aktif Ogrenme 2025 Tyt Fizik Soru Bankası	248	2	0.897	high	apply	/static/crops/Aktif_Ogrenme_2025_Tyt_Fizik_Soru_Bankası/Aktif_Ogrenme_2025_Tyt_Fizik_Soru_Bankası_p0248_q03.png	329
8091308b-808e-5adc-839f-af8da643b371	Aktif Ogrenme 2025 Tyt Fizik Soru Bankası	205	6	0	error	error		0
6254a09b-96aa-5d11-af3b-b294d3cd580f	Aktif Ogrenme Ayt Kimya 2019 2020	72	25	0.500	mid	skip		189
f5b75b3f-f06b-5f55-a57a-0b46c3a09649	Aktif Ogrenme Ayt Kimya 2019 2020	70	22	0.739	high	apply	/static/crops/Aktif_Ogrenme_Ayt_Kimya_2019_2020/Aktif_Ogrenme_Ayt_Kimya_2019_2020_p0070_q04.png	196
afe30f7d-f443-5460-b053-4785b87d1bfb	Apotemi Tyt Ayt Kimya 2019-2020	73	9	1.000	high	apply	/static/crops/Apotemi_Tyt_Ayt_Kimya_2019-2020/Apotemi_Tyt_Ayt_Kimya_2019-2020_p0073_q05.png	117
598d7292-45d9-5335-848b-66725e9efabf	Aktif Ogrenme 2025 Tyt Fizik Soru Bankası	129	5	0.552	mid	skip		301
5965337b-0012-5bd1-98f4-545e50b90346	Aktif Ogrenme Ayt Kimya 2019 2020	70	22	0.826	high	apply	/static/crops/Aktif_Ogrenme_Ayt_Kimya_2019_2020/Aktif_Ogrenme_Ayt_Kimya_2019_2020_p0070_q04.png	196
55cd758a-4af0-5feb-9322-5ad1f1cf8119	Apotemi 2024 Ayt Kimya Soru Bankasi	187	6	0.412	low	skip		432
b98f671b-45f5-553a-8fc3-071b239f46d6	Aktif Ogrenme Ayt Kimya 2019 2020	106	33	0.312	low	skip		143
d1ef4467-700f-5380-b9a5-9f6a63357711	Apotemi 2024 Ayt Kimya Soru Bankasi	235	9	0	error	error		0
294ca9a1-8e4f-55be-8c45-7fb48b5bc8cc	Aktif Ogrenme Ayt Kimya 2019 2020	78	11	0	error	error		0
b244029e-fb0d-59ea-954e-81a3718609e8	Apotemi 2024 Ayt Kimya Soru Bankasi	247	6	0	error	error		0
037bd31b-61ff-5914-8308-90bf1d1c59dd	Esen Ayt Tarih Soru Bankası	82	6	1.000	high	apply	/static/crops/Esen_Ayt_Tarih_Soru_Bankası/Esen_Ayt_Tarih_Soru_Bankası_p0082_q02.png	181
0457fbeb-87cf-58a9-89e4-bd572caa3f30	Aktif Ogrenme 0 Baslayanlara Kimya 2019 2020	161	8	0	json_fail	skip		0
388cfc35-0d2e-5505-a483-5ebf9a7064e1	Bilgi Sarmalı-2023-2024-Tyt Ayt-Geometri Soru Bankası	190	7	0.833	high	apply	/static/crops/Bilgi_Sarmalı-2023-2024-Tyt_Ayt-Geometri_Soru_Bankası/Bilgi_Sarmalı-2023-2024-Tyt_Ayt-Geometri_Soru_Bankası_p0190_q03.png	110
e251fadc-5492-5703-81e8-a741770fa045	Bilgi Sarmalı-2023-2024-Tyt Ayt-Geometri Soru Bankası	92	8	0.875	high	apply	/static/crops/Bilgi_Sarmalı-2023-2024-Tyt_Ayt-Geometri_Soru_Bankası/Bilgi_Sarmalı-2023-2024-Tyt_Ayt-Geometri_Soru_Bankası_p0092_q03.png	158
b1440da0-165c-5d2f-af01-7aad77995ff6	Aktif Ogrenme 0 Baslayanlara Kimya 2019 2020	196	8	0.333	low	skip		230
2b4b9699-3b17-5a87-9fad-cef369f7e876	Apotemi 2024 Ayt Kimya Soru Bankasi	266	13	0.467	low	skip		132
19972ad5-ea9a-5375-9aa4-9952bbafd1c6	Apotemi 2024 Ayt Kimya Soru Bankasi	191	7	0.381	low	skip		578
fdb953ad-e396-5afb-aa93-0391b5c27489	Apotemi Tyt Ayt Kimya 2019-2020	167	11	0	error	error		0
44ce82f3-4d6e-58e3-baa1-3df34517e405	Aktif Ogrenme 0 Baslayanlara Kimya 2019 2020	211	2	0.833	high	apply	/static/crops/Aktif_Ogrenme_0_Baslayanlara_Kimya_2019_2020/Aktif_Ogrenme_0_Baslayanlara_Kimya_2019_2020_p0211_q02.png	111
ffa840ab-db71-5042-b947-b223f29a8db5	Apotemi Tyt Ayt Kimya 2019-2020	155	10	0	error	error		0
2f5b78b6-2b64-5418-82cc-4366f88bbd29	Apotemi Tyt Ayt Kimya 2019-2020	205	10	0.300	low	skip		213
9407f6f9-d33c-581e-953e-566a67c02f35	Aktif Ogrenme Ayt Kimya 2019 2020	310	16	0.667	mid	skip		126
d21b47e4-13c6-5fa4-9af2-80033eea9c1f	Aktif Ogrenme 0 Baslayanlara Kimya 2019 2020	213	5	0	error	error		0
bbb2349e-ac5a-504d-8559-32719b452480	Aromat Ayt 2023 2024 Fizik Soru Bankası	15	5	0.741	high	apply	/static/crops/Aromat_Ayt_2023_2024_Fizik_Soru_Bankası/Aromat_Ayt_2023_2024_Fizik_Soru_Bankası_p0015_q01.png	312
2d541512-eeeb-5776-970e-e975c142c029	Apotemi Tyt Ayt Kimya 2019-2020	277	9	0.606	mid	skip		398
a19875e2-2c7a-5209-87cc-e7558da0126e	Apotemi Tyt Ayt Kimya 2019-2020	215	8	0.833	high	apply	/static/crops/Apotemi_Tyt_Ayt_Kimya_2019-2020/Apotemi_Tyt_Ayt_Kimya_2019-2020_p0215_q05.png	164
c87c9477-34f1-50ce-ae10-0d6443cd82d0	Apotemi Tyt Ayt Kimya 2019-2020	309	7	0	error	error		0
4079b569-ecca-5c06-be04-3f5cf213be63	Apotemi Tyt Ayt Kimya 2019-2020	275	9	0.688	mid	skip		159
f2834d6e-127b-500a-98b5-92eb6d837632	Aromat 2024 Ayt Fen Bilimleri	34	2	0.087	low	skip		308
c1b7746c-8388-568a-bd8a-8d3c76a33141	Aromat Ayt 2023 2024 Fizik Soru Bankası	299	5	0.943	high	apply	/static/crops/Aromat_Ayt_2023_2024_Fizik_Soru_Bankası/Aromat_Ayt_2023_2024_Fizik_Soru_Bankası_p0299_q01.png	362
88494f67-4546-5baf-90d8-eae64f211337	Esen Ayt Tarih Soru Bankası	50	6	0.487	low	skip		371
c4cb5798-834e-55d2-b32b-0ec6aca8da59	ACİL-2025-Matematiğin İlacı Polinom	171	8	0	error	error		0
a79301ca-c89d-5f7a-bcff-bdf11c0eb933	Esen Ayt Tarih Soru Bankası	204	6	0	error	error		0
de5b8f28-1a39-50f4-aa25-37ed08aeda4a	Esen Ayt Tarih Soru Bankası	50	7	0.282	low	skip		363
df23d809-3671-50f5-ad4b-7015d12818f7	Bilgi Sarmalı-2024-Ayt-Matematik Soru Bankası	313	8	0.250	low	skip		192
4d069f73-a5ee-50e1-8683-a942165bb55e	Bilgi Sarmalı-2025-Tyt Ayt-Geometri Soru Bankası	80	11	0.846	high	apply	/static/crops/Bilgi_Sarmalı-2025-Tyt_Ayt-Geometri_Soru_Bankası/Bilgi_Sarmalı-2025-Tyt_Ayt-Geometri_Soru_Bankası_p0080_q03.png	134
015a2913-716f-5fe6-8fd9-ad7053b015c4	Bilgi Sarmalı-2023-2024-Ayt-Matematik Soru Bankası	157	7	0.050	low	skip		237
d1154ca8-13f1-596e-9b21-c4b5c83b97fb	Bilgi Sarmalı-2025-Tyt Ayt-Geometri Soru Bankası	214	9	0.800	high	apply	/static/crops/Bilgi_Sarmalı-2025-Tyt_Ayt-Geometri_Soru_Bankası/Bilgi_Sarmalı-2025-Tyt_Ayt-Geometri_Soru_Bankası_p0214_q06.png	139
bdf23185-0a56-57d9-a709-ffdb00099612	Aktif Ogrenme Ayt Kimya 2019 2020	341	21	0	error	error		0
f7626984-4b02-59e7-ac40-df3a115f13c8	Esen Ayt Tarih Soru Bankası	104	5	0.316	low	skip		540
e19e592a-ece1-574c-8585-7fd43c65501a	Aktif Ogrenme Ayt Kimya 2019 2020	273	21	0	json_fail	skip		0
3e678716-c002-5733-82ef-0e7c5d3cd35b	Aromat-2023-Tyt-Matematik Net 30	29	1	0.125	low	skip		195
be076d76-4029-5413-8427-0d91f4272895	Esen Ayt Tarih Soru Bankası	202	5	0.340	low	skip		536
c99a31e8-10b3-5caf-92d2-81da453d657f	C1CELL-2024-TYT-AYT-Geometri Soru Bankası	51	8	0.786	high	apply	/static/crops/C1CELL-2024-TYT-AYT-Geometri_Soru_Bankası/C1CELL-2024-TYT-AYT-Geometri_Soru_Bankası_p0051_q03.png	130
60d9fd11-11e0-59e2-9a6f-effd9c99b084	Bilgi Sarmal Turk Dili ve Edebiyatı Sosyal Bilimler 1	23	19	0.089	low	skip		900
b03d17d4-fbed-53bc-a026-c053581cc4cd	Bilgi Sarmalı-Tyt Ayt-Geometri Soru Bankası	80	10	0.714	high	apply	/static/crops/Bilgi_Sarmalı-Tyt_Ayt-Geometri_Soru_Bankası/Bilgi_Sarmalı-Tyt_Ayt-Geometri_Soru_Bankası_p0080_q02.png	126
ab539c60-0ec1-5421-95f2-74011fa4a7eb	Bilgi Sarmal 2024 Ayt Kimya Sopru Bankasi	176	13	1.000	high	apply	/static/crops/Bilgi_Sarmal_2024_Ayt_Kimya_Sopru_Bankasi/Bilgi_Sarmal_2024_Ayt_Kimya_Sopru_Bankasi_p0176_q06.png	77
917e1fa4-ba69-5d25-92d2-c8b82866f296	C1CELL-2024-TYT-AYT-Geometri Soru Bankası	59	11	0.667	mid	skip		121
ada9104a-c476-5941-aa18-3eb7d57494b4	C1CELL-2024-TYT-AYT-Geometri Soru Bankası	95	11	0.824	high	apply	/static/crops/C1CELL-2024-TYT-AYT-Geometri_Soru_Bankası/C1CELL-2024-TYT-AYT-Geometri_Soru_Bankası_p0095_q04.png	151
852dd478-6f95-5b9d-87ef-1bd275d82c22	Bilgi Sarmalı-2025-Ayt-Matematik Soru Bankası	244	14	0	error	error		0
4346c6df-d217-513c-9549-222778df25e6	Aromat-2023-Tyt-Matematik Net 30	29	2	0.444	low	skip		197
f38c4e6b-8787-5cea-88d7-4593aad66629	C1CELL-2024-TYT-AYT-Geometri Soru Bankası	107	8	0.700	high	apply	/static/crops/C1CELL-2024-TYT-AYT-Geometri_Soru_Bankası/C1CELL-2024-TYT-AYT-Geometri_Soru_Bankası_p0107_q04.png	104
96046819-df76-5c8a-a38e-64102d8c8289	C1CELL-2024-TYT-AYT-Geometri Soru Bankası	134	11	0.846	high	apply	/static/crops/C1CELL-2024-TYT-AYT-Geometri_Soru_Bankası/C1CELL-2024-TYT-AYT-Geometri_Soru_Bankası_p0134_q04.png	150
be0a887b-1933-586b-9503-03ea3f24d650	Bilgi Sarmalı-2025-Tyt Ayt-Geometri Soru Bankası	228	10	0	error	error		0
960b3846-50c4-56f9-a647-43aac1eb572b	Bilgi Sarmal 2024 Ayt Kimya Sopru Bankasi	301	8	0.043	low	skip		204
e7bd4352-f3c6-54a7-88c0-65e8a46203af	C1CELL-2024-TYT-AYT-Geometri Soru Bankası	159	10	0.308	low	skip		117
c9040bff-8741-538d-808d-cc7731e537b9	C1CELL-2024-TYT-AYT-Geometri Soru Bankası	245	12	0.778	high	apply	/static/crops/C1CELL-2024-TYT-AYT-Geometri_Soru_Bankası/C1CELL-2024-TYT-AYT-Geometri_Soru_Bankası_p0245_q05.png	165
0fbb097d-4ac7-5da5-9a92-15acd3a241a4	C1CELL-2024-TYT-AYT-Geometri Soru Bankası	255	10	0.786	high	apply	/static/crops/C1CELL-2024-TYT-AYT-Geometri_Soru_Bankası/C1CELL-2024-TYT-AYT-Geometri_Soru_Bankası_p0255_q02.png	136
d07e2b7c-1e57-564c-b86b-d048b605fa43	Bilgi Sarmal 2024 Ayt Kimya Sopru Bankasi	147	6	0	error	error		0
d6c531ca-8f0a-5608-a6f5-8eb8862ba73b	Bilgi Sarmal 2024 Ayt Kimya Sopru Bankasi	307	9	0.444	low	skip		177
927506a7-a764-5038-ae72-de1540f484d4	Bilgi Sarmal 2024 Ayt Kimya Sopru Bankasi	204	7	0.636	mid	skip		415
0730b527-7912-53dc-a87e-c929210fbfb7	Bilgi Sarmal 2024 Tyt Kimya Soru Bankasi	16	12	1.000	high	apply	/static/crops/Bilgi_Sarmal_2024_Tyt_Kimya_Soru_Bankasi/Bilgi_Sarmal_2024_Tyt_Kimya_Soru_Bankasi_p0016_q05.png	111
416a6b9d-6c96-5038-b124-64e92ec70100	Bilgi Sarmal Tyt Tarih Soru Bankasi	196	8	0.328	low	skip		607
249cf720-5f06-5eb9-a028-fe4e1b1d816b	Bilgi Sarmal 2024 Ayt Kimya Sopru Bankasi	235	6	0.828	high	apply	/static/crops/Bilgi_Sarmal_2024_Ayt_Kimya_Sopru_Bankasi/Bilgi_Sarmal_2024_Ayt_Kimya_Sopru_Bankasi_p0235_q01.png	315
8b6f1712-e554-59b9-b609-3555ecda9481	Bilgi Sarmal Tyt Sosyal Bilimler Video Ders Kitabı 2025	104	1	0.000	low	skip		106
31435830-54bc-562e-814e-ab9e1abb73f0	Bilgi Sarmal 2024 Tyt Kimya Soru Bankasi	14	9	0.655	mid	skip		297
62d7b88f-6293-5067-9893-f83011a8f7e5	Bilgi Sarmal 2024 Ayt Kimya Sopru Bankasi	309	13	0.387	low	skip		308
064a5ced-c8d7-51f2-af72-127a9e8b574e	Esen 2025 Aps Ayt Fizik Soru Bankası	61	8	1.000	high	apply	/static/crops/Esen_2025_Aps_Ayt_Fizik_Soru_Bankası/Esen_2025_Aps_Ayt_Fizik_Soru_Bankası_p0061_q01.png	170
af936d8d-efbf-508b-a67b-4a884babe532	Viral-2025-Tyt Matematik	250	7	0.375	low	skip		345
911f7264-1b48-5212-bb41-853cf8558cd4	Bilgi Sarmal 2025 Tyt Kimya Video Ders Kitabı	64	2	1.000	high	apply	/static/crops/Bilgi_Sarmal_2025_Tyt_Kimya_Video_Ders_Kitabı/Bilgi_Sarmal_2025_Tyt_Kimya_Video_Ders_Kitabı_p0064_q02.png	224
ca387747-fe27-5ffa-ab6b-f3707a44071b	Bilgi Sarmali Ayt Tarih Soru Bankasi 2021 2022	54	11	0.320	low	skip		432
456f5a47-5d50-5bec-9e8b-467b26a3f6e8	Bilgi Sarmalı Ayt 2024 Fizik Soru Bankası	139	7	0.800	high	apply	/static/crops/Bilgi_Sarmalı_Ayt_2024_Fizik_Soru_Bankası/Bilgi_Sarmalı_Ayt_2024_Fizik_Soru_Bankası_p0139_q05.png	216
251d3b4a-4d80-5a76-a2c1-5d3e9f66e94b	Esen Yks Motivasyon Biyoloji	89	6	1.000	high	apply	/static/crops/Esen_Yks_Motivasyon_Biyoloji/Esen_Yks_Motivasyon_Biyoloji_p0089_q04.png	74
e7eb840b-148c-514a-8f0a-7a85e4a570aa	Sure Ayt Edebiyat Soru Bankasi 2023	226	16	0	error	error		0
46c517a9-2781-5717-9925-fd2c08873a05	Bilgi Sarmalı Tyt 2024 Fizik Soru Bankası	40	5	0.111	low	skip		240
9f3fdc4c-d6c8-56f3-9826-c4dba713c0c8	Bilgi Sarmalı Ayt 2024 Fizik Soru Bankası	79	7	0.844	high	apply	/static/crops/Bilgi_Sarmalı_Ayt_2024_Fizik_Soru_Bankası/Bilgi_Sarmalı_Ayt_2024_Fizik_Soru_Bankası_p0079_q01.png	326
68c98bd7-095d-56b3-aa38-d8a8411dd1c4	Apotemi 2019 2020 Tyt Ayt Fizik Soru Bankası	324	7	0.947	high	apply	/static/crops/Apotemi_2019_2020_Tyt_Ayt_Fizik_Soru_Bankası/Apotemi_2019_2020_Tyt_Ayt_Fizik_Soru_Bankası_p0324_q02.png	177
083083eb-8b31-5c69-9fa6-36d99b0fdc31	Aktif Ogrenme 2025 Tyt Fizik Soru Bankası	72	3	0.361	low	skip		332
f63b6dd9-3c19-5f3d-8c06-ef7ceb098c93	Bilgi Sarmalı-2022-2023-Tyt Ayt-Geometri Soru Bankası	24	9	0.500	mid	skip		88
e2fd7a62-7265-54a1-ae3c-893bd2f87bc4	Bilgi Sarmalı Ayt 2024 Fizik Soru Bankası	75	8	0.600	mid	skip		143
d1507201-8ab9-5649-b292-6bd50cb0d2c3	Bilgi Sarmal Tyt Tarih Soru Bankasi	194	9	0	error	error		0
3e154bff-9ae5-57ea-8820-001e927d8f95	Bilgi Sarmalı-2022-2023-Tyt Ayt-Geometri Soru Bankası	24	12	0.727	high	apply	/static/crops/Bilgi_Sarmalı-2022-2023-Tyt_Ayt-Geometri_Soru_Bankası/Bilgi_Sarmalı-2022-2023-Tyt_Ayt-Geometri_Soru_Bankası_p0024_q06.png	100
1fe3089b-4ace-5f01-a3a9-d700b5e51baa	Bilgi Sarmalı-2022-2023-Tyt Ayt-Geometri Soru Bankası	24	10	0.500	mid	skip		116
7c22e343-221d-5799-8df5-accef4c9591a	Bilgi Sarmalı-2022-2023-Tyt Ayt-Geometri Soru Bankası	10	11	0.500	mid	skip		129
491c9287-ef4e-55a4-8fb1-2b0e5e4126b5	Bilgi Sarmalı-2022-2023-Tyt Ayt-Geometri Soru Bankası	14	7	0.467	low	skip		133
8b5fa42a-6bff-5ce0-abf6-93077ba3f340	Bilgi Sarmalı-2022-2023-Tyt Ayt-Geometri Soru Bankası	48	9	0.778	high	apply	/static/crops/Bilgi_Sarmalı-2022-2023-Tyt_Ayt-Geometri_Soru_Bankası/Bilgi_Sarmalı-2022-2023-Tyt_Ayt-Geometri_Soru_Bankası_p0048_q04.png	161
9903820c-2784-5282-adbf-8332f72f7c66	Bilgi Sarmalı-2022-2023-Tyt Ayt-Geometri Soru Bankası	48	6	0.917	high	apply	/static/crops/Bilgi_Sarmalı-2022-2023-Tyt_Ayt-Geometri_Soru_Bankası/Bilgi_Sarmalı-2022-2023-Tyt_Ayt-Geometri_Soru_Bankası_p0048_q03.png	122
182f7d5f-e2f6-5926-abb2-48bba7b51924	Aktif Ogrenme 2025 Tyt Fizik Soru Bankası	150	6	0.684	mid	skip		175
593afb5d-2b8e-59ee-8b83-d73516853a05	Bilgi Sarmalı-2022-2023-Tyt Ayt-Geometri Soru Bankası	30	7	0.538	mid	skip		122
60d16af9-6b62-52a6-8915-96e5463e76f3	Bilgi Sarmalı-2022-2023-Tyt Ayt-Geometri Soru Bankası	24	11	0.500	mid	skip		100
9b2d954d-9ac7-5d84-a3d2-bc1a58e4058e	Bilgi Sarmalı-2022-2023-Tyt Ayt-Geometri Soru Bankası	222	7	0.933	high	apply	/static/crops/Bilgi_Sarmalı-2022-2023-Tyt_Ayt-Geometri_Soru_Bankası/Bilgi_Sarmalı-2022-2023-Tyt_Ayt-Geometri_Soru_Bankası_p0222_q03.png	133
194878f3-5307-5052-914c-e34cf0bba783	Aktif Ogrenme 2025 Tyt Fizik Soru Bankası	238	6	0.741	high	apply	/static/crops/Aktif_Ogrenme_2025_Tyt_Fizik_Soru_Bankası/Aktif_Ogrenme_2025_Tyt_Fizik_Soru_Bankası_p0238_q04.png	244
55b50a98-c2a4-5c00-a483-351aad2d3f2c	Bilgi Sarmalı-2022-2023-Tyt Ayt-Geometri Soru Bankası	226	9	0.636	mid	skip		101
c407cb48-bc54-5382-a62d-9e85b69d3278	Bilgi Sarmalı-2022-2023-Tyt Ayt-Geometri Soru Bankası	54	7	0.846	high	apply	/static/crops/Bilgi_Sarmalı-2022-2023-Tyt_Ayt-Geometri_Soru_Bankası/Bilgi_Sarmalı-2022-2023-Tyt_Ayt-Geometri_Soru_Bankası_p0054_q06.png	123
c748dbb7-9b81-59b9-b2df-816ed2ead90b	Bilgi Sarmalı-2022-2023-Tyt Ayt-Geometri Soru Bankası	28	6	0	json_fail	skip		0
ff3f1e13-b6fc-5cff-93d4-c02b9adbd020	Bilgi Sarmalı-2022-2023-Tyt Ayt-Geometri Soru Bankası	240	10	0.929	high	apply	/static/crops/Bilgi_Sarmalı-2022-2023-Tyt_Ayt-Geometri_Soru_Bankası/Bilgi_Sarmalı-2022-2023-Tyt_Ayt-Geometri_Soru_Bankası_p0240_q02.png	145
7eb8c508-8605-5698-916d-a4b469cbc44a	Bilgi Sarmalı-2022-2023-Tyt Ayt-Geometri Soru Bankası	30	6	0	error	error		0
f3fcc2b8-fb21-52dc-a379-87b81c43c58d	Bilgi Sarmalı-2022-2023-Tyt Ayt-Geometri Soru Bankası	242	9	0.667	mid	skip		162
6885a58c-3f7a-5847-b221-0297eb94078d	Bilgi Sarmalı-2022-2023-Tyt Ayt-Geometri Soru Bankası	46	7	0.250	low	skip		170
b3543933-6f28-54a2-b097-2605c6f8468d	Bilgi Sarmalı-2022-2023-Tyt Ayt-Geometri Soru Bankası	242	8	0.667	mid	skip		157
5f6968bd-1cd1-5303-b89c-e8e3f14695b9	Bilgi Sarmalı-2022-2023-Tyt Ayt-Geometri Soru Bankası	248	8	0.400	low	skip		139
f5a4e54b-18f8-56f8-ba6a-9d374877525a	Bilgi Sarmalı-2022-2023-Tyt Ayt-Geometri Soru Bankası	28	8	0	error	error		0
6dd3cf78-dfe0-522f-8a60-0af4a2a9c223	Bilgi Sarmalı-2022-2023-Tyt Ayt-Geometri Soru Bankası	242	10	0.857	high	apply	/static/crops/Bilgi_Sarmalı-2022-2023-Tyt_Ayt-Geometri_Soru_Bankası/Bilgi_Sarmalı-2022-2023-Tyt_Ayt-Geometri_Soru_Bankası_p0242_q02.png	167
99a146c4-0033-522c-8b1a-14c799952e1d	Bilgi Sarmalı-2022-2023-Tyt Ayt-Geometri Soru Bankası	262	8	0.714	high	apply	/static/crops/Bilgi_Sarmalı-2022-2023-Tyt_Ayt-Geometri_Soru_Bankası/Bilgi_Sarmalı-2022-2023-Tyt_Ayt-Geometri_Soru_Bankası_p0262_q03.png	120
c4efefa3-818d-5477-b467-3d090ee550ea	Bilgi Sarmalı-2022-2023-Tyt Ayt-Geometri Soru Bankası	270	7	0.667	mid	skip		152
a97dbb90-d48e-56d0-8c39-afe7b4a2519c	Bilgi Sarmalı-2022-2023-Tyt Ayt-Geometri Soru Bankası	62	9	0.750	high	apply	/static/crops/Bilgi_Sarmalı-2022-2023-Tyt_Ayt-Geometri_Soru_Bankası/Bilgi_Sarmalı-2022-2023-Tyt_Ayt-Geometri_Soru_Bankası_p0062_q06.png	111
8e273ee2-d5fc-523e-ba36-58df381be934	Bilgi Sarmalı-2022-2023-Tyt Ayt-Geometri Soru Bankası	58	7	0.769	high	apply	/static/crops/Bilgi_Sarmalı-2022-2023-Tyt_Ayt-Geometri_Soru_Bankası/Bilgi_Sarmalı-2022-2023-Tyt_Ayt-Geometri_Soru_Bankası_p0058_q01.png	124
a0aa1d67-6140-5540-a91e-05b8237da012	Apotemi 2024 Ayt Kimya Soru Bankasi	151	10	0.458	low	skip		286
4ab43d18-48cd-5031-867f-5be1ff5fca8a	Bilgi Sarmalı-2022-2023-Tyt Ayt-Geometri Soru Bankası	80	7	0.471	low	skip		145
0fb74ef0-52f5-5a52-b900-16740881be9d	Aktif Ogrenme 2025 Tyt Fizik Soru Bankası	78	16	0.219	low	skip		282
97404dd9-8771-5a66-b126-fc9bec33ccbd	Bilgi Sarmalı-2022-2023-Tyt Ayt-Geometri Soru Bankası	66	6	0.786	high	apply	/static/crops/Bilgi_Sarmalı-2022-2023-Tyt_Ayt-Geometri_Soru_Bankası/Bilgi_Sarmalı-2022-2023-Tyt_Ayt-Geometri_Soru_Bankası_p0066_q01.png	148
613b40cb-ea5e-5aea-9770-49255d2109c9	Bilgi Sarmalı-2022-2023-Tyt Ayt-Geometri Soru Bankası	78	10	0.929	high	apply	/static/crops/Bilgi_Sarmalı-2022-2023-Tyt_Ayt-Geometri_Soru_Bankası/Bilgi_Sarmalı-2022-2023-Tyt_Ayt-Geometri_Soru_Bankası_p0078_q02.png	142
1bb6e1b8-5149-57f3-bb66-d6f3be5c4cd5	Bilgi Sarmalı-2022-2023-Tyt Ayt-Geometri Soru Bankası	26	7	0	error	error		0
1f7f2f68-f6c4-5c4a-9269-2c4c122ad7f2	Bilgi Sarmalı-2022-2023-Tyt Ayt-Geometri Soru Bankası	82	8	0.867	high	apply	/static/crops/Bilgi_Sarmalı-2022-2023-Tyt_Ayt-Geometri_Soru_Bankası/Bilgi_Sarmalı-2022-2023-Tyt_Ayt-Geometri_Soru_Bankası_p0082_q04.png	152
e8daea1f-12ea-56c9-aa87-5d395654c07c	Bilgi Sarmalı-2022-2023-Tyt Ayt-Geometri Soru Bankası	126	9	0.667	mid	skip		120
abc3cb34-750d-5ba0-81a5-8f3ae6b94009	Bilgi Sarmalı-2022-2023-Tyt Ayt-Geometri Soru Bankası	100	7	0.250	low	skip		106
7f4a50d1-da6f-50de-984c-7d1de4aaf491	Bilgi Sarmalı-2022-2023-Tyt Ayt-Geometri Soru Bankası	220	7	0.643	mid	skip		109
5a72d101-d7d7-533f-abc1-999d232e9a5d	Bilgi Sarmalı-2022-2023-Tyt Ayt-Geometri Soru Bankası	150	10	0.588	mid	skip		157
52472f7d-cd51-536c-8630-f50dbfd16053	Bilgi Sarmalı-2022-2023-Tyt Ayt-Geometri Soru Bankası	132	7	0.846	high	apply	/static/crops/Bilgi_Sarmalı-2022-2023-Tyt_Ayt-Geometri_Soru_Bankası/Bilgi_Sarmalı-2022-2023-Tyt_Ayt-Geometri_Soru_Bankası_p0132_q05.png	117
47a186af-8e20-59a5-83d1-ec03d08d4eef	Bilgi Sarmalı-2022-2023-Tyt Ayt-Geometri Soru Bankası	242	7	0.857	high	apply	/static/crops/Bilgi_Sarmalı-2022-2023-Tyt_Ayt-Geometri_Soru_Bankası/Bilgi_Sarmalı-2022-2023-Tyt_Ayt-Geometri_Soru_Bankası_p0242_q01.png	126
3425f55c-cef8-5b59-9fe4-4d88ca2193c8	Bilgi Sarmalı-2022-2023-Tyt Ayt-Geometri Soru Bankası	248	7	0.400	low	skip		141
c2700323-017e-545e-b98f-034c1de10bab	Bilgi Sarmalı-2022-2023-Tyt Ayt-Geometri Soru Bankası	240	7	0.812	high	apply	/static/crops/Bilgi_Sarmalı-2022-2023-Tyt_Ayt-Geometri_Soru_Bankası/Bilgi_Sarmalı-2022-2023-Tyt_Ayt-Geometri_Soru_Bankası_p0240_q01.png	132
01c54ceb-a79d-5e35-ae12-a238d56b91f3	Bilgi Sarmalı-2022-2023-Tyt Ayt-Geometri Soru Bankası	80	10	0.786	high	apply	/static/crops/Bilgi_Sarmalı-2022-2023-Tyt_Ayt-Geometri_Soru_Bankası/Bilgi_Sarmalı-2022-2023-Tyt_Ayt-Geometri_Soru_Bankası_p0080_q02.png	122
974eee36-fe71-5035-9203-ded5034735f0	Bilgi Sarmalı-2022-2023-Tyt Ayt-Geometri Soru Bankası	78	9	1.000	high	apply	/static/crops/Bilgi_Sarmalı-2022-2023-Tyt_Ayt-Geometri_Soru_Bankası/Bilgi_Sarmalı-2022-2023-Tyt_Ayt-Geometri_Soru_Bankası_p0078_q06.png	146
c7fef115-df11-59a4-9f21-e4bf88622b20	Bilgi Sarmalı-2022-2023-Tyt Ayt-Geometri Soru Bankası	66	7	0.250	low	skip		131
f4b25988-0300-513a-acde-847be5b2e0d8	Bilgi Sarmalı-2022-2023-Tyt Ayt-Geometri Soru Bankası	80	11	0.357	low	skip		154
f6e6ffa8-dab0-5093-9c10-1fa2a6e19af0	Bilgi Sarmalı-2022-2023-Tyt Ayt-Geometri Soru Bankası	82	11	0.895	high	apply	/static/crops/Bilgi_Sarmalı-2022-2023-Tyt_Ayt-Geometri_Soru_Bankası/Bilgi_Sarmalı-2022-2023-Tyt_Ayt-Geometri_Soru_Bankası_p0082_q03.png	178
66c5e9f6-b2d4-5276-b7a3-55937230cf08	Bilgi Sarmalı-2022-2023-Tyt Ayt-Geometri Soru Bankası	82	12	0.800	high	apply	/static/crops/Bilgi_Sarmalı-2022-2023-Tyt_Ayt-Geometri_Soru_Bankası/Bilgi_Sarmalı-2022-2023-Tyt_Ayt-Geometri_Soru_Bankası_p0082_q05.png	172
218c675e-7066-52f6-b6a5-b104061bb14a	Bilgi Sarmalı-2022-2023-Tyt Ayt-Geometri Soru Bankası	102	10	0.545	mid	skip		125
d89054b9-c945-5095-bf03-b6d6588787a5	Bilgi Sarmalı-2022-2023-Tyt Ayt-Geometri Soru Bankası	102	9	0.786	high	apply	/static/crops/Bilgi_Sarmalı-2022-2023-Tyt_Ayt-Geometri_Soru_Bankası/Bilgi_Sarmalı-2022-2023-Tyt_Ayt-Geometri_Soru_Bankası_p0102_q06.png	132
07fab5fb-75ac-57b1-81d4-9e3f79e6ca3a	Bilgi Sarmalı-2022-2023-Tyt Ayt-Geometri Soru Bankası	112	7	0.786	high	apply	/static/crops/Bilgi_Sarmalı-2022-2023-Tyt_Ayt-Geometri_Soru_Bankası/Bilgi_Sarmalı-2022-2023-Tyt_Ayt-Geometri_Soru_Bankası_p0112_q03.png	120
53614722-fcd7-52f6-9d5f-549a397d3db4	Bilgi Sarmalı-2022-2023-Tyt Ayt-Geometri Soru Bankası	58	12	0.692	mid	skip		118
f49dd973-74b9-50b9-861e-5a26235a676c	Bilgi Sarmalı-2022-2023-Tyt Ayt-Geometri Soru Bankası	112	8	0.923	high	apply	/static/crops/Bilgi_Sarmalı-2022-2023-Tyt_Ayt-Geometri_Soru_Bankası/Bilgi_Sarmalı-2022-2023-Tyt_Ayt-Geometri_Soru_Bankası_p0112_q05.png	149
b7693934-b284-59d9-8fab-6d0a47dc16af	Aktif Ogrenme 2025 Tyt Fizik Soru Bankası	11	11	0.545	mid	skip		228
1dd25711-219b-59a4-b569-d105e69b3679	Bilgi Sarmalı-2022-2023-Tyt Ayt-Geometri Soru Bankası	58	11	0.647	mid	skip		139
5f4e12ec-ba77-5cec-a925-849749e31c23	Bilgi Sarmalı-2022-2023-Tyt Ayt-Geometri Soru Bankası	66	8	0	error	error		0
5048c11d-424a-5ebe-9bdf-9baa01ac1e53	Bilgi Sarmalı-2022-2023-Tyt Ayt-Geometri Soru Bankası	126	10	0.786	high	apply	/static/crops/Bilgi_Sarmalı-2022-2023-Tyt_Ayt-Geometri_Soru_Bankası/Bilgi_Sarmalı-2022-2023-Tyt_Ayt-Geometri_Soru_Bankası_p0126_q02.png	135
679cc840-f4d7-541c-8e67-859e6bda2212	Bilgi Sarmalı-2022-2023-Tyt Ayt-Geometri Soru Bankası	114	10	0.538	mid	skip		135
e946e26a-e4cc-5ac4-afcb-3b0ea4f10ed4	Bilgi Sarmalı-2022-2023-Tyt Ayt-Geometri Soru Bankası	146	12	0.889	high	apply	/static/crops/Bilgi_Sarmalı-2022-2023-Tyt_Ayt-Geometri_Soru_Bankası/Bilgi_Sarmalı-2022-2023-Tyt_Ayt-Geometri_Soru_Bankası_p0146_q05.png	145
b2dcde65-9e14-5901-80b5-ca8c20199794	Bilgi Sarmalı-2022-2023-Tyt Ayt-Geometri Soru Bankası	166	7	0.769	high	apply	/static/crops/Bilgi_Sarmalı-2022-2023-Tyt_Ayt-Geometri_Soru_Bankası/Bilgi_Sarmalı-2022-2023-Tyt_Ayt-Geometri_Soru_Bankası_p0166_q03.png	110
79f13fa6-437c-5262-b2b7-337231629f36	Bilgi Sarmalı-2022-2023-Tyt Ayt-Geometri Soru Bankası	148	8	0.913	high	apply	/static/crops/Bilgi_Sarmalı-2022-2023-Tyt_Ayt-Geometri_Soru_Bankası/Bilgi_Sarmalı-2022-2023-Tyt_Ayt-Geometri_Soru_Bankası_p0148_q03.png	214
eed17adf-7b9c-54d7-b27b-fedb5acf9325	Bilgi Sarmalı-2022-2023-Tyt Ayt-Geometri Soru Bankası	100	9	0	error	error		0
c338ab56-73c2-509a-87b4-42a5fa393731	Bilgi Sarmalı-2022-2023-Tyt Ayt-Geometri Soru Bankası	150	8	0.789	high	apply	/static/crops/Bilgi_Sarmalı-2022-2023-Tyt_Ayt-Geometri_Soru_Bankası/Bilgi_Sarmalı-2022-2023-Tyt_Ayt-Geometri_Soru_Bankası_p0150_q02.png	164
8bc1d04f-9b89-5dc9-a945-a4b1c1bbc0e3	Bilgi Sarmalı-2022-2023-Tyt Ayt-Geometri Soru Bankası	186	7	0.778	high	apply	/static/crops/Bilgi_Sarmalı-2022-2023-Tyt_Ayt-Geometri_Soru_Bankası/Bilgi_Sarmalı-2022-2023-Tyt_Ayt-Geometri_Soru_Bankası_p0186_q04.png	153
1aea2250-d1dd-51a6-b2b2-75056d3e43f0	Bilgi Sarmalı-2022-2023-Tyt Ayt-Geometri Soru Bankası	182	8	0.810	high	apply	/static/crops/Bilgi_Sarmalı-2022-2023-Tyt_Ayt-Geometri_Soru_Bankası/Bilgi_Sarmalı-2022-2023-Tyt_Ayt-Geometri_Soru_Bankası_p0182_q03.png	171
35b8f55f-cd20-5d92-a000-d65bca7a477e	Bilgi Sarmalı-2022-2023-Tyt Ayt-Geometri Soru Bankası	186	10	0.643	mid	skip		135
42e67ebe-4c2c-5abe-8d24-bebd31bd9d92	Bilgi Sarmalı-2022-2023-Tyt Ayt-Geometri Soru Bankası	198	8	0.917	high	apply	/static/crops/Bilgi_Sarmalı-2022-2023-Tyt_Ayt-Geometri_Soru_Bankası/Bilgi_Sarmalı-2022-2023-Tyt_Ayt-Geometri_Soru_Bankası_p0198_q03.png	118
929fa80c-3250-5348-a671-fb810294d5ac	Bilgi Sarmalı-2022-2023-Tyt Ayt-Geometri Soru Bankası	296	11	0	error	error		0
3ecd73a1-e140-509f-b20b-1a44d0426f71	CAP-2022-2023-TYT AYT-Geometri Soru Bankası	55	7	0.929	high	apply	/static/crops/CAP-2022-2023-TYT_AYT-Geometri_Soru_Bankası/CAP-2022-2023-TYT_AYT-Geometri_Soru_Bankası_p0055_q03.png	121
d7412a09-a55d-5e90-ba0b-ead058bf09f6	Bilgi Sarmalı-2022-2023-Tyt Ayt-Geometri Soru Bankası	186	8	0.833	high	apply	/static/crops/Bilgi_Sarmalı-2022-2023-Tyt_Ayt-Geometri_Soru_Bankası/Bilgi_Sarmalı-2022-2023-Tyt_Ayt-Geometri_Soru_Bankası_p0186_q02.png	154
a0f862d0-9e9c-5f81-a880-ac357eba08ec	Aktif Ogrenme 2025 Tyt Fizik Soru Bankası	96	12	0.026	low	skip		370
9b8d59e8-bbd6-56ba-b050-2239d1ce5228	Bilgi Sarmalı-2022-2023-Tyt Ayt-Geometri Soru Bankası	126	11	0	error	error		0
00a5550b-c25a-5249-a392-4052bf5084d2	CAP-2022-2023-TYT AYT-Geometri Soru Bankası	183	10	0.857	high	apply	/static/crops/CAP-2022-2023-TYT_AYT-Geometri_Soru_Bankası/CAP-2022-2023-TYT_AYT-Geometri_Soru_Bankası_p0183_q04.png	122
108760e0-fc9a-5e76-ac95-624ddb953f45	CAP-2022-2023-TYT AYT-Geometri Soru Bankası	179	10	0.824	high	apply	/static/crops/CAP-2022-2023-TYT_AYT-Geometri_Soru_Bankası/CAP-2022-2023-TYT_AYT-Geometri_Soru_Bankası_p0179_q04.png	139
148a116d-42bd-590f-a7ad-7dc2c50702f2	Bilgi Sarmalı-2022-2023-Tyt-Matematik Soru Bankası	31	7	0.971	high	apply	/static/crops/Bilgi_Sarmalı-2022-2023-Tyt-Matematik_Soru_Bankası/Bilgi_Sarmalı-2022-2023-Tyt-Matematik_Soru_Bankası_p0031_q04.png	412
6044d43c-7064-574c-b2ae-c7925385bb51	CAP-2022-2023-TYT AYT-Geometri Soru Bankası	183	8	0.917	high	apply	/static/crops/CAP-2022-2023-TYT_AYT-Geometri_Soru_Bankası/CAP-2022-2023-TYT_AYT-Geometri_Soru_Bankası_p0183_q05.png	106
64ba9e2a-286c-577f-84cd-942ad1364a37	Bilgi Sarmalı-2022-2023-Tyt Ayt-Geometri Soru Bankası	352	7	0.840	high	apply	/static/crops/Bilgi_Sarmalı-2022-2023-Tyt_Ayt-Geometri_Soru_Bankası/Bilgi_Sarmalı-2022-2023-Tyt_Ayt-Geometri_Soru_Bankası_p0352_q04.png	259
17199a70-114d-5a94-a281-87a274b60500	CAP-2022-2023-TYT AYT-Geometri Soru Bankası	256	7	0.875	high	apply	/static/crops/CAP-2022-2023-TYT_AYT-Geometri_Soru_Bankası/CAP-2022-2023-TYT_AYT-Geometri_Soru_Bankası_p0256_q04.png	164
fec3825f-1981-5993-a3db-1796fae61d0b	Aktif Ogrenme 2025 Tyt Fizik Soru Bankası	73	5	0.611	mid	skip		157
3bb62df4-9cc0-5474-927e-4c969238bbcc	Bilgi Sarmalı-2022-2023-Tyt Ayt-Geometri Soru Bankası	380	6	0	error	error		0
7d205d7a-ab62-5f59-bd7a-ee7e439bf151	Aktif Ogrenme 2025 Tyt Fizik Soru Bankası	94	10	0.250	low	skip		275
efe9d993-04a6-5ed3-9740-f923fb7d06d7	Aktif Ogrenme 2025 Tyt Fizik Soru Bankası	181	11	0.231	low	skip		373
ead8dac9-6ee2-5662-bace-c0fc8d0cf02d	Bilgi Sarmalı-2022-2023-Tyt-Matematik Soru Bankası	248	10	0	error	error		0
28419a6d-514b-5a5d-abf9-07dac8fe77a6	Bilgi Sarmalı-2022-2023-Tyt-Matematik Soru Bankası	160	10	0.952	high	apply	/static/crops/Bilgi_Sarmalı-2022-2023-Tyt-Matematik_Soru_Bankası/Bilgi_Sarmalı-2022-2023-Tyt-Matematik_Soru_Bankası_p0160_q04.png	214
b34c034b-d427-548b-a50a-468d62919612	Aktif Ogrenme 2023 2024 Biyoloji	120	9	0.143	low	skip		127
db0d153e-cea0-5a96-a3d0-378bf7e077ba	Bilgi Sarmalı-2022-2023-Tyt-Matematik Soru Bankası	250	6	0.200	low	skip		106
ec19e06c-35a4-5fca-880b-46fa4ac452db	Bilgi Sarmalı-2022-2023-Tyt-Matematik Soru Bankası	235	13	0.562	mid	skip		186
7ea8f1df-5436-53d5-82d6-31a4c892863d	Bilgi Sarmalı-2022-2023-Tyt-Matematik Soru Bankası	166	10	0.692	mid	skip		118
7ce20a12-ddda-5b39-b63a-27238c3c8479	Bilgi Sarmalı-2022-2023-Tyt-Matematik Soru Bankası	160	11	0.690	mid	skip		245
c22fad26-43f0-55c4-9464-b83470e06b2c	Aktif Ogrenme 2025 Tyt Fizik Soru Bankası	43	5	0.619	mid	skip		180
2beab404-610a-5cdf-b657-599b350a808c	Bilgi Sarmalı-2022-2023-Tyt-Matematik Soru Bankası	71	12	0.538	mid	skip		328
d81c2475-4f3f-5038-a9de-547005c28c86	Bilgi Sarmalı-2022-2023-Tyt-Matematik Soru Bankası	325	11	0.920	high	apply	/static/crops/Bilgi_Sarmalı-2022-2023-Tyt-Matematik_Soru_Bankası/Bilgi_Sarmalı-2022-2023-Tyt-Matematik_Soru_Bankası_p0325_q03.png	252
22d8cdf1-6adf-5cae-871a-50a200c8e7d1	CAP-2023-2024-AYT-Matematik Soru Bankası	102	11	1.000	high	apply	/static/crops/CAP-2023-2024-AYT-Matematik_Soru_Bankası/CAP-2023-2024-AYT-Matematik_Soru_Bankası_p0102_q03.png	145
d90f8ca2-6564-50bc-b79d-be76dae31a7a	Aktif Ogrenme 2025 Tyt Fizik Soru Bankası	244	9	0.385	low	skip		136
56cc3f8e-e450-592b-b283-4623f284fc64	Aktif Ogrenme 2025 Tyt Fizik Soru Bankası	148	2	0.476	low	skip		208
b7e8b981-b405-53cc-9e16-8f56af60c9ea	Aktif Ogrenme 2025 Tyt Fizik Soru Bankası	235	2	0.269	low	skip		342
643a7de6-3e18-50bd-a041-5a9d967fdb01	Aktif Ogrenme Ayt Kimya 2019 2020	70	21	0.700	high	apply	/static/crops/Aktif_Ogrenme_Ayt_Kimya_2019_2020/Aktif_Ogrenme_Ayt_Kimya_2019_2020_p0070_q02.png	277
94843c3d-f9cb-5ec1-96d8-eb33076436ef	Aktif Ogrenme Ayt Kimya 2019 2020	104	28	0.200	low	skip		106
16b7d28f-db65-5ca2-bfd0-1c104f27b89d	Bilgi Sarmalı-2022-2023-Tyt Ayt-Geometri Soru Bankası	310	6	0	json_fail	skip		0
d132d1ea-053b-587b-a2ea-6de5a1077768	Aktif Ogrenme 2025 Tyt Fizik Soru Bankası	152	8	0.706	high	apply	/static/crops/Aktif_Ogrenme_2025_Tyt_Fizik_Soru_Bankası/Aktif_Ogrenme_2025_Tyt_Fizik_Soru_Bankası_p0152_q01.png	168
7e2a5fa6-93f9-5230-b0aa-a675e70117ef	Bilgi Sarmalı-2023-2024-Ayt-Matematik Soru Bankası	38	7	0.476	low	skip		241
9fc5d9ec-1490-58d1-a96b-39874cd94cb2	Aktif Ogrenme Ayt Kimya 2019 2020	70	22	0.609	mid	skip		196
8c2d2913-bc63-592d-9c11-00f9172954ae	Aktif Ogrenme Ayt Kimya 2019 2020	116	10	0.810	high	apply	/static/crops/Aktif_Ogrenme_Ayt_Kimya_2019_2020/Aktif_Ogrenme_Ayt_Kimya_2019_2020_p0116_q02.png	254
bae2fb7e-e08d-5c4c-a56c-10e6aabb3299	Bilgi Sarmalı-2023-2024-Ayt-Matematik Soru Bankası	133	15	0.769	high	apply	/static/crops/Bilgi_Sarmalı-2023-2024-Ayt-Matematik_Soru_Bankası/Bilgi_Sarmalı-2023-2024-Ayt-Matematik_Soru_Bankası_p0133_q08.png	133
b9c8b2c1-313c-56b9-9f1e-733df1417b21	Aktif Ogrenme Ayt Kimya 2019 2020	39	7	1.000	high	apply	/static/crops/Aktif_Ogrenme_Ayt_Kimya_2019_2020/Aktif_Ogrenme_Ayt_Kimya_2019_2020_p0039_q02.png	100
9de4d3f5-29ad-594e-9c36-855048b7277c	Bilgi Sarmalı-2023-2024-Ayt-Matematik Soru Bankası	150	7	0.615	mid	skip		151
81925e66-c23a-5d4e-a5da-f24067b021a5	Aktif Ogrenme Ayt Kimya 2019 2020	62	10	0.500	mid	skip		110
47e5182f-94f5-5b7d-af3c-08a6d25e9102	Aktif Ogrenme Ayt Kimya 2019 2020	64	14	0	error	error		0
c87bfdff-c94d-595b-9ac0-2603b16c46ff	Bilgi Sarmalı-2023-2024-Ayt-Matematik Soru Bankası	315	11	0.941	high	apply	/static/crops/Bilgi_Sarmalı-2023-2024-Ayt-Matematik_Soru_Bankası/Bilgi_Sarmalı-2023-2024-Ayt-Matematik_Soru_Bankası_p0315_q06.png	223
a1c1c71c-b554-59e0-94a9-49e794551a64	Bilgi Sarmalı-2023-2024-Tyt Ayt-Geometri Soru Bankası	34	8	0.571	mid	skip		128
563a1cc7-815c-51ec-91c9-41c7f1693340	Bilgi Sarmalı-2023-2024-Ayt-Matematik Soru Bankası	246	7	0.400	low	skip		209
6bb2456c-6906-5df0-9f7c-dcad82830e03	Bilgi Sarmalı-2023-2024-Ayt-Matematik Soru Bankası	305	8	0.731	high	apply	/static/crops/Bilgi_Sarmalı-2023-2024-Ayt-Matematik_Soru_Bankası/Bilgi_Sarmalı-2023-2024-Ayt-Matematik_Soru_Bankası_p0305_q04.png	255
cdff152c-8070-56d6-9baf-d32637727063	Bilgi Sarmalı-2023-2024-Tyt Ayt-Geometri Soru Bankası	40	9	0.750	high	apply	/static/crops/Bilgi_Sarmalı-2023-2024-Tyt_Ayt-Geometri_Soru_Bankası/Bilgi_Sarmalı-2023-2024-Tyt_Ayt-Geometri_Soru_Bankası_p0040_q05.png	154
2aec294d-0561-5ab0-b3a2-894e84b6d32e	Bilgi Sarmalı-2023-2024-Tyt Ayt-Geometri Soru Bankası	46	11	0.688	mid	skip		170
9d5d625f-60b5-5665-a5cc-108659b8838d	Bilgi Sarmalı-2023-2024-Tyt Ayt-Geometri Soru Bankası	48	6	0.833	high	apply	/static/crops/Bilgi_Sarmalı-2023-2024-Tyt_Ayt-Geometri_Soru_Bankası/Bilgi_Sarmalı-2023-2024-Tyt_Ayt-Geometri_Soru_Bankası_p0048_q03.png	122
039b235a-913a-5fc4-ace1-c7195245f8f5	Bilgi Sarmalı-2023-2024-Ayt-Matematik Soru Bankası	213	14	0.833	high	apply	/static/crops/Bilgi_Sarmalı-2023-2024-Ayt-Matematik_Soru_Bankası/Bilgi_Sarmalı-2023-2024-Ayt-Matematik_Soru_Bankası_p0213_q07.png	341
8e43a256-c0bf-543b-a29c-ce752157365c	Apotemi 2024 Ayt Kimya Soru Bankasi	219	10	0.441	low	skip		332
ea0645b1-8433-506a-b8e1-76c3a2ea450d	Bilgi Sarmalı-2023-2024-Ayt-Matematik Soru Bankası	192	11	0	error	error		0
a1444ea8-c0da-56ef-b879-1b0b339c46d6	Bilgi Sarmalı-2023-2024-Tyt Ayt-Geometri Soru Bankası	48	9	0.737	high	apply	/static/crops/Bilgi_Sarmalı-2023-2024-Tyt_Ayt-Geometri_Soru_Bankası/Bilgi_Sarmalı-2023-2024-Tyt_Ayt-Geometri_Soru_Bankası_p0048_q04.png	163
541fe49c-31da-57e6-bad0-70105e607bd9	Bilgi Sarmalı-2023-2024-Tyt Ayt-Geometri Soru Bankası	58	12	0.692	mid	skip		118
75bf804c-b6af-5a4a-8afa-c15251f8ae80	Bilgi Sarmalı-2023-2024-Tyt Ayt-Geometri Soru Bankası	66	8	0.750	high	apply	/static/crops/Bilgi_Sarmalı-2023-2024-Tyt_Ayt-Geometri_Soru_Bankası/Bilgi_Sarmalı-2023-2024-Tyt_Ayt-Geometri_Soru_Bankası_p0066_q05.png	107
858f6e5d-4bf6-5b06-aa58-6aaac8ed0629	Bilgi Sarmalı-2023-2024-Tyt Ayt-Geometri Soru Bankası	78	10	0.857	high	apply	/static/crops/Bilgi_Sarmalı-2023-2024-Tyt_Ayt-Geometri_Soru_Bankası/Bilgi_Sarmalı-2023-2024-Tyt_Ayt-Geometri_Soru_Bankası_p0078_q02.png	147
91208d27-6fd1-5e7e-a30c-3c4a885b1734	Bilgi Sarmalı-2023-2024-Tyt Ayt-Geometri Soru Bankası	102	10	1.000	high	apply	/static/crops/Bilgi_Sarmalı-2023-2024-Tyt_Ayt-Geometri_Soru_Bankası/Bilgi_Sarmalı-2023-2024-Tyt_Ayt-Geometri_Soru_Bankası_p0102_q02.png	130
b1dd9eed-5857-5982-84ae-f0e0ab8dd2f4	Bilgi Sarmalı-2023-2024-Tyt Ayt-Geometri Soru Bankası	70	8	0.583	mid	skip		114
14882043-64ce-535e-b27a-9260c330abf9	Bilgi Sarmalı-2023-2024-Tyt Ayt-Geometri Soru Bankası	78	12	0.923	high	apply	/static/crops/Bilgi_Sarmalı-2023-2024-Tyt_Ayt-Geometri_Soru_Bankası/Bilgi_Sarmalı-2023-2024-Tyt_Ayt-Geometri_Soru_Bankası_p0078_q05.png	141
ee4a9f9b-0be1-57f5-92a4-e9aabe724514	Bilgi Sarmalı-2023-2024-Tyt Ayt-Geometri Soru Bankası	58	11	0.647	mid	skip		139
1fbd7f45-fc27-5289-829e-96dad9f09629	Bilgi Sarmalı-2023-2024-Tyt Ayt-Geometri Soru Bankası	112	8	0.923	high	apply	/static/crops/Bilgi_Sarmalı-2023-2024-Tyt_Ayt-Geometri_Soru_Bankası/Bilgi_Sarmalı-2023-2024-Tyt_Ayt-Geometri_Soru_Bankası_p0112_q05.png	148
bd8bed62-0c3d-5bff-b88f-2f9862b9ba76	Bilgi Sarmalı-2023-2024-Tyt Ayt-Geometri Soru Bankası	126	8	0.333	low	skip		120
784db43a-e95f-54dd-8e51-cc7a18d08f59	Bilgi Sarmalı-2023-2024-Ayt-Matematik Soru Bankası	357	7	0.781	high	apply	/static/crops/Bilgi_Sarmalı-2023-2024-Ayt-Matematik_Soru_Bankası/Bilgi_Sarmalı-2023-2024-Ayt-Matematik_Soru_Bankası_p0357_q01.png	375
a8a23ee1-24c0-5083-9e29-85659aa2c1d4	Bilgi Sarmalı-2023-2024-Tyt Ayt-Geometri Soru Bankası	120	6	0.750	high	apply	/static/crops/Bilgi_Sarmalı-2023-2024-Tyt_Ayt-Geometri_Soru_Bankası/Bilgi_Sarmalı-2023-2024-Tyt_Ayt-Geometri_Soru_Bankası_p0120_q04.png	131
4cb75be6-860a-5a1e-bcee-f400658af437	Bilgi Sarmalı-2023-2024-Tyt Ayt-Geometri Soru Bankası	108	7	0.769	high	apply	/static/crops/Bilgi_Sarmalı-2023-2024-Tyt_Ayt-Geometri_Soru_Bankası/Bilgi_Sarmalı-2023-2024-Tyt_Ayt-Geometri_Soru_Bankası_p0108_q03.png	113
d8c48ceb-cbf6-50bc-96dd-4ebab981251c	Bilgi Sarmalı-2023-2024-Tyt Ayt-Geometri Soru Bankası	134	8	0.824	high	apply	/static/crops/Bilgi_Sarmalı-2023-2024-Tyt_Ayt-Geometri_Soru_Bankası/Bilgi_Sarmalı-2023-2024-Tyt_Ayt-Geometri_Soru_Bankası_p0134_q02.png	169
cfac004f-f434-53c9-9534-468081468db0	Apotemi Tyt Ayt Kimya 2019-2020	65	7	0.658	mid	skip		400
d2a9b06d-da7d-5fcd-b0c7-d32f331cb9e3	Apotemi 2024 Ayt Kimya Soru Bankasi	237	11	0.833	high	apply	/static/crops/Apotemi_2024_Ayt_Kimya_Soru_Bankasi/Apotemi_2024_Ayt_Kimya_Soru_Bankasi_p0237_q02.png	296
d9c569a1-0773-5ea2-b41d-cabcf0bffd0a	Bilgi Sarmalı-2023-2024-Tyt Ayt-Geometri Soru Bankası	12	7	0.333	low	skip		137
c773ef33-602e-5290-8baa-d554a3aa2017	Bilgi Sarmalı-2023-2024-Tyt Ayt-Geometri Soru Bankası	78	7	0.750	high	apply	/static/crops/Bilgi_Sarmalı-2023-2024-Tyt_Ayt-Geometri_Soru_Bankası/Bilgi_Sarmalı-2023-2024-Tyt_Ayt-Geometri_Soru_Bankası_p0078_q01.png	109
d43172e6-bdb8-571a-a629-3be70f3dcf66	Bilgi Sarmalı-2023-2024-Tyt Ayt-Geometri Soru Bankası	66	6	0.857	high	apply	/static/crops/Bilgi_Sarmalı-2023-2024-Tyt_Ayt-Geometri_Soru_Bankası/Bilgi_Sarmalı-2023-2024-Tyt_Ayt-Geometri_Soru_Bankası_p0066_q01.png	148
d9f9d5d5-c470-5d9a-acaf-8c6f33c26032	Bilgi Sarmalı-2023-2024-Tyt Ayt-Geometri Soru Bankası	24	10	0.583	mid	skip		117
25daef2f-b7dc-5801-9f00-94bd18ea3778	Bilgi Sarmalı-2023-2024-Tyt Ayt-Geometri Soru Bankası	10	9	0.550	mid	skip		178
9a68db7e-e012-5da9-848a-a6b358e10245	Bilgi Sarmalı-2023-2024-Tyt Ayt-Geometri Soru Bankası	24	9	0.500	mid	skip		88
fb03ce4e-589c-59be-a2c8-f868c6285c85	Bilgi Sarmalı-2023-2024-Tyt Ayt-Geometri Soru Bankası	84	5	0.808	high	apply	/static/crops/Bilgi_Sarmalı-2023-2024-Tyt_Ayt-Geometri_Soru_Bankası/Bilgi_Sarmalı-2023-2024-Tyt_Ayt-Geometri_Soru_Bankası_p0084_q02.png	262
21ff3a8e-1682-5beb-935d-a956237c5db9	Bilgi Sarmalı-2023-2024-Tyt Ayt-Geometri Soru Bankası	112	6	0.667	mid	skip		115
ea328de9-32f6-520a-8f62-d72e0a34d57f	Bilgi Sarmalı-2023-2024-Tyt Ayt-Geometri Soru Bankası	30	7	0.615	mid	skip		122
4672b0a0-554f-5ed9-b95e-ab1b07f2adf9	Bilgi Sarmalı-2023-2024-Tyt Ayt-Geometri Soru Bankası	58	7	0.769	high	apply	/static/crops/Bilgi_Sarmalı-2023-2024-Tyt_Ayt-Geometri_Soru_Bankası/Bilgi_Sarmalı-2023-2024-Tyt_Ayt-Geometri_Soru_Bankası_p0058_q01.png	124
fbacdeed-8d8c-5515-9256-7714a155b7a0	Bilgi Sarmalı-2023-2024-Tyt Ayt-Geometri Soru Bankası	240	10	0.857	high	apply	/static/crops/Bilgi_Sarmalı-2023-2024-Tyt_Ayt-Geometri_Soru_Bankası/Bilgi_Sarmalı-2023-2024-Tyt_Ayt-Geometri_Soru_Bankası_p0240_q02.png	134
536c6fe7-1242-5cf3-b332-a60e17fbc7e8	Bilgi Sarmalı-2023-2024-Tyt Ayt-Geometri Soru Bankası	134	6	0.692	mid	skip		137
afc0b63d-26fa-5856-a254-8540523c6dad	Bilgi Sarmalı-2023-2024-Tyt Ayt-Geometri Soru Bankası	222	7	0.929	high	apply	/static/crops/Bilgi_Sarmalı-2023-2024-Tyt_Ayt-Geometri_Soru_Bankası/Bilgi_Sarmalı-2023-2024-Tyt_Ayt-Geometri_Soru_Bankası_p0222_q03.png	113
d87f04eb-0e69-5103-b41b-fe32a99ae199	Bilgi Sarmalı-2023-2024-Tyt Ayt-Geometri Soru Bankası	240	11	0.684	mid	skip		157
1a8af5bb-d5f9-5504-bf21-2395a7a04a7a	Bilgi Sarmalı-2023-2024-Tyt Ayt-Geometri Soru Bankası	242	8	0.778	high	apply	/static/crops/Bilgi_Sarmalı-2023-2024-Tyt_Ayt-Geometri_Soru_Bankası/Bilgi_Sarmalı-2023-2024-Tyt_Ayt-Geometri_Soru_Bankası_p0242_q03.png	157
8d58e096-1dbe-5172-ac43-50e2b9212890	Bilgi Sarmalı-2023-2024-Tyt Ayt-Geometri Soru Bankası	242	9	0.667	mid	skip		162
97877167-6545-5ba4-ab1b-80dc16313c62	Bilgi Sarmalı-2023-2024-Tyt Ayt-Geometri Soru Bankası	246	8	0.292	low	skip		220
58e96976-d9db-5c9d-bc11-0516d503e63f	Bilgi Sarmalı-2023-2024-Tyt Ayt-Geometri Soru Bankası	242	10	0.714	high	apply	/static/crops/Bilgi_Sarmalı-2023-2024-Tyt_Ayt-Geometri_Soru_Bankası/Bilgi_Sarmalı-2023-2024-Tyt_Ayt-Geometri_Soru_Bankası_p0242_q02.png	169
f6cd7668-a664-5cdb-bd6d-697a9a8d4a5b	Bilgi Sarmalı-2023-2024-Tyt Ayt-Geometri Soru Bankası	10	10	0.455	low	skip		96
d67f7f52-8793-5744-a85c-43cdb99debeb	Bilgi Sarmalı-2023-2024-Tyt Ayt-Geometri Soru Bankası	246	10	0.833	high	apply	/static/crops/Bilgi_Sarmalı-2023-2024-Tyt_Ayt-Geometri_Soru_Bankası/Bilgi_Sarmalı-2023-2024-Tyt_Ayt-Geometri_Soru_Bankası_p0246_q05.png	119
46f0fe85-d3aa-52c9-81a1-6caf8c736961	Bilgi Sarmalı-2023-2024-Tyt Ayt-Geometri Soru Bankası	190	6	0.750	high	apply	/static/crops/Bilgi_Sarmalı-2023-2024-Tyt_Ayt-Geometri_Soru_Bankası/Bilgi_Sarmalı-2023-2024-Tyt_Ayt-Geometri_Soru_Bankası_p0190_q01.png	118
cdf48f57-33a0-5328-9937-dc48b040ce82	Bilgi Sarmalı-2023-2024-Tyt Ayt-Geometri Soru Bankası	30	6	0	error	error		0
ed9b8f01-30ed-5ffe-826a-aa4b5e303acf	Bilgi Sarmalı-2023-2024-Tyt Ayt-Geometri Soru Bankası	186	8	0.833	high	apply	/static/crops/Bilgi_Sarmalı-2023-2024-Tyt_Ayt-Geometri_Soru_Bankası/Bilgi_Sarmalı-2023-2024-Tyt_Ayt-Geometri_Soru_Bankası_p0186_q02.png	153
10d35ea5-ca58-5ad7-bb22-e217806cb5d8	Bilgi Sarmalı-2023-2024-Tyt Ayt-Geometri Soru Bankası	248	8	0.667	mid	skip		139
9aeee242-d845-5c6a-b127-42cdec991afe	Bilgi Sarmalı-2023-2024-Tyt Ayt-Geometri Soru Bankası	24	11	0	error	error		0
dadbd320-f6d1-56f4-9c5d-2ca9655cc7f8	Bilgi Sarmalı-2023-2024-Tyt Ayt-Geometri Soru Bankası	220	8	0.769	high	apply	/static/crops/Bilgi_Sarmalı-2023-2024-Tyt_Ayt-Geometri_Soru_Bankası/Bilgi_Sarmalı-2023-2024-Tyt_Ayt-Geometri_Soru_Bankası_p0220_q03.png	109
8ed94553-ff1f-590c-8666-22aba57fee14	Bilgi Sarmalı-2023-2024-Tyt Ayt-Geometri Soru Bankası	242	7	0.857	high	apply	/static/crops/Bilgi_Sarmalı-2023-2024-Tyt_Ayt-Geometri_Soru_Bankası/Bilgi_Sarmalı-2023-2024-Tyt_Ayt-Geometri_Soru_Bankası_p0242_q01.png	126
6bdc818f-28f7-534f-8635-2cbb50cd1d11	Bilgi Sarmalı-2023-2024-Tyt Ayt-Geometri Soru Bankası	288	10	0.692	mid	skip		147
7285d914-1117-5b5c-916f-d0b53ab1b4e7	Bilgi Sarmalı-2023-2024-Tyt Ayt-Geometri Soru Bankası	248	7	0.800	high	apply	/static/crops/Bilgi_Sarmalı-2023-2024-Tyt_Ayt-Geometri_Soru_Bankası/Bilgi_Sarmalı-2023-2024-Tyt_Ayt-Geometri_Soru_Bankası_p0248_q05.png	141
c63bea33-d629-55da-a7c7-38f0ac89394a	Bilgi Sarmalı-2023-2024-Tyt Ayt-Geometri Soru Bankası	296	11	0.857	high	apply	/static/crops/Bilgi_Sarmalı-2023-2024-Tyt_Ayt-Geometri_Soru_Bankası/Bilgi_Sarmalı-2023-2024-Tyt_Ayt-Geometri_Soru_Bankası_p0296_q03.png	116
4cf851b3-b76d-5b42-ab21-b2bab7a36bd9	Bilgi Sarmalı-2023-2024-Tyt Ayt-Geometri Soru Bankası	246	9	0.357	low	skip		134
9e3b5ddf-f567-548d-b7ce-f341317b745b	Bilgi Sarmalı-2023-2024-Tyt Ayt-Geometri Soru Bankası	170	7	0.414	low	skip		278
de2ff112-f672-5ea8-b718-90356b56825a	Bilgi Sarmalı-2023-2024-Tyt Ayt-Geometri Soru Bankası	176	7	0.692	mid	skip		112
7c9d2240-4909-53c9-a2da-d1332ee83ec3	Bilgi Sarmalı-2023-2024-Tyt Ayt-Geometri Soru Bankası	186	9	0.889	high	apply	/static/crops/Bilgi_Sarmalı-2023-2024-Tyt_Ayt-Geometri_Soru_Bankası/Bilgi_Sarmalı-2023-2024-Tyt_Ayt-Geometri_Soru_Bankası_p0186_q03.png	172
b5120412-1481-58d1-894c-ff288c65525f	Apotemi Tyt Ayt Kimya 2019-2020	277	7	0.650	mid	skip		224
64a50b08-c101-5948-96be-67e7d2b2750f	Bilgi Sarmalı-2023-2024-Tyt Ayt-Geometri Soru Bankası	166	7	0.833	high	apply	/static/crops/Bilgi_Sarmalı-2023-2024-Tyt_Ayt-Geometri_Soru_Bankası/Bilgi_Sarmalı-2023-2024-Tyt_Ayt-Geometri_Soru_Bankası_p0166_q03.png	102
5edb839b-11ff-577c-af3b-77019f2f42ab	Bilgi Sarmalı-2023-2024-Tyt Ayt-Geometri Soru Bankası	200	10	0.643	mid	skip		136
eddbf386-8b6d-55a9-ad79-81d06513b25e	Bilgi Sarmalı-2023-2024-Tyt Ayt-Geometri Soru Bankası	198	10	0.765	high	apply	/static/crops/Bilgi_Sarmalı-2023-2024-Tyt_Ayt-Geometri_Soru_Bankası/Bilgi_Sarmalı-2023-2024-Tyt_Ayt-Geometri_Soru_Bankası_p0198_q02.png	143
01742c0d-912a-56c1-9acf-49af29fbebb2	Bilgi Sarmalı-2023-2024-Tyt Ayt-Geometri Soru Bankası	200	12	0.667	mid	skip		103
04fd95cf-06cc-5180-8d61-83393286ceac	Bilgi Sarmalı-2023-2024-Tyt Ayt-Geometri Soru Bankası	186	10	0.875	high	apply	/static/crops/Bilgi_Sarmalı-2023-2024-Tyt_Ayt-Geometri_Soru_Bankası/Bilgi_Sarmalı-2023-2024-Tyt_Ayt-Geometri_Soru_Bankası_p0186_q05.png	151
5296e502-d586-5e2a-aee3-b929834677b5	Bilgi Sarmalı-2023-2024-Tyt Ayt-Geometri Soru Bankası	188	9	0.857	high	apply	/static/crops/Bilgi_Sarmalı-2023-2024-Tyt_Ayt-Geometri_Soru_Bankası/Bilgi_Sarmalı-2023-2024-Tyt_Ayt-Geometri_Soru_Bankası_p0188_q03.png	131
0addf538-99f9-555a-b67b-8692ffdb6559	Bilgi Sarmalı-2023-2024-Tyt Ayt-Geometri Soru Bankası	248	9	0	error	error		0
d6a26845-d026-5122-9d28-ea0bc8336129	Bilgi Sarmalı-2023-2024-Tyt-Matematik Soru Bankası	20	12	0.720	high	apply	/static/crops/Bilgi_Sarmalı-2023-2024-Tyt-Matematik_Soru_Bankası/Bilgi_Sarmalı-2023-2024-Tyt-Matematik_Soru_Bankası_p0020_q05.png	231
36008c89-569d-56c0-95f6-6856e7f84fb8	Aktif Ogrenme 2025 Tyt Fizik Soru Bankası	242	10	0.179	low	skip		258
54c9dcc8-e6af-5d99-ac72-40388889fcc8	Bilgi Sarmalı-2023-2024-Tyt Ayt-Geometri Soru Bankası	190	10	0.812	high	apply	/static/crops/Bilgi_Sarmalı-2023-2024-Tyt_Ayt-Geometri_Soru_Bankası/Bilgi_Sarmalı-2023-2024-Tyt_Ayt-Geometri_Soru_Bankası_p0190_q05.png	141
d17c66fa-8c76-54c3-8418-537bafa7ad23	Bilgi Sarmalı-2023-2024-Tyt Ayt-Geometri Soru Bankası	212	11	0.667	mid	skip		115
c4708af5-af10-5ffc-b29b-0900f5311f0a	Bilgi Sarmalı-2023-2024-Tyt Ayt-Geometri Soru Bankası	208	7	0.062	low	skip		583
379314ab-85ef-5c2c-8cc9-0fc4f81be8cd	Aktif Ogrenme 2025 Tyt Fizik Soru Bankası	291	51	0.240	low	skip		231
7a05a129-e6c2-5b6c-a791-3dd64da1e70d	Esen Ayt Tarih Soru Bankası	176	6	0.457	low	skip		357
369f8367-e6b2-5124-8fa0-b4bc0c947221	Aktif Ogrenme 2025 Tyt Fizik Soru Bankası	72	4	0.581	mid	skip		299
ac1f5d35-6033-56f2-9b27-30f4fe7d61b7	Bilgi Sarmalı-2024-Ayt-Matematik Soru Bankası	143	10	0.781	high	apply	/static/crops/Bilgi_Sarmalı-2024-Ayt-Matematik_Soru_Bankası/Bilgi_Sarmalı-2024-Ayt-Matematik_Soru_Bankası_p0143_q03.png	283
54f1b2fa-08e7-57ad-a5cd-430cdde78870	Bilgi Sarmalı-2024-Ayt-Matematik Soru Bankası	38	9	0.889	high	apply	/static/crops/Bilgi_Sarmalı-2024-Ayt-Matematik_Soru_Bankası/Bilgi_Sarmalı-2024-Ayt-Matematik_Soru_Bankası_p0038_q01.png	218
1eb61123-ad05-5405-baff-182a6ffa12d8	Bilgi Sarmalı-2023-2024-Tyt Ayt-Geometri Soru Bankası	188	8	0	error	error		0
ec3a479f-afa8-5e2d-bd6b-477729a55aae	Bilgi Sarmalı-2024-Ayt-Matematik Soru Bankası	97	10	0.944	high	apply	/static/crops/Bilgi_Sarmalı-2024-Ayt-Matematik_Soru_Bankası/Bilgi_Sarmalı-2024-Ayt-Matematik_Soru_Bankası_p0097_q05.png	177
186b770d-b9b2-5e0f-bebe-bdb3cc06016c	Bilgi Sarmalı-2024-Ayt-Matematik Soru Bankası	108	9	1.000	high	apply	/static/crops/Bilgi_Sarmalı-2024-Ayt-Matematik_Soru_Bankası/Bilgi_Sarmalı-2024-Ayt-Matematik_Soru_Bankası_p0108_q07.png	183
7b50ccd5-2122-5e48-8712-33e91e24a3d7	Bilgi Sarmalı-2023-2024-Tyt-Matematik Soru Bankası	338	13	0.903	high	apply	/static/crops/Bilgi_Sarmalı-2023-2024-Tyt-Matematik_Soru_Bankası/Bilgi_Sarmalı-2023-2024-Tyt-Matematik_Soru_Bankası_p0338_q05.png	736
40b6b168-956c-5c02-95d7-54d227a5f664	Esen Aps Cografya Soru Bankası	80	9	0	error	error		0
429f1684-2e1c-5c29-99e6-5a259d8c10af	Bilgi Sarmalı-2023-2024-Tyt-Matematik Soru Bankası	70	13	0	error	error		0
e96812e4-8696-54fb-a47f-9adaa6f16fb5	Bilgi Sarmalı-2023-2024-Tyt-Matematik Soru Bankası	158	7	0	error	error		0
4042da4c-9a96-54a1-a119-d82116d90b07	Aktif Ogrenme 2025 Tyt Fizik Soru Bankası	275	36	0.654	mid	skip		218
bf91c3fd-5c39-5d84-a360-12eb72d8f9ed	Bilgi Sarmalı-2024-Ayt-Matematik Soru Bankası	143	13	0.667	mid	skip		127
3cd4e2b3-8665-5cf5-a58e-a847d0f3f4cf	Bilgi Sarmalı-2024-Ayt-Matematik Soru Bankası	181	13	0.800	high	apply	/static/crops/Bilgi_Sarmalı-2024-Ayt-Matematik_Soru_Bankası/Bilgi_Sarmalı-2024-Ayt-Matematik_Soru_Bankası_p0181_q06.png	156
e889f294-15fb-53bd-b75a-5a323538f3e5	Bilgi Sarmalı-2024-Ayt-Matematik Soru Bankası	365	11	0.889	high	apply	/static/crops/Bilgi_Sarmalı-2024-Ayt-Matematik_Soru_Bankası/Bilgi_Sarmalı-2024-Ayt-Matematik_Soru_Bankası_p0365_q05.png	101
3ba8df2d-de90-504e-a8a1-47477cc8856d	Aktif Ogrenme 2025 Tyt Fizik Soru Bankası	130	6	0.300	low	skip		186
4d022387-1af3-52fc-9073-6e7ef69750c5	Bilgi Sarmalı-2024-Ayt-Matematik Soru Bankası	166	7	0.812	high	apply	/static/crops/Bilgi_Sarmalı-2024-Ayt-Matematik_Soru_Bankası/Bilgi_Sarmalı-2024-Ayt-Matematik_Soru_Bankası_p0166_q03.png	146
bc2ed585-12b8-54bc-9e34-5e29936be584	Bilgi Sarmalı-2024-Tyt Problemler Soru Bankası	69	8	0.097	low	skip		290
c957c5fa-9c4e-5bbc-9e71-3f2e0502551f	Bilgi Sarmalı-2024-Ayt-Matematik Soru Bankası	246	7	0.850	high	apply	/static/crops/Bilgi_Sarmalı-2024-Ayt-Matematik_Soru_Bankası/Bilgi_Sarmalı-2024-Ayt-Matematik_Soru_Bankası_p0246_q04.png	216
466588b3-42b3-5101-ad47-5a60f41d1186	Bilgi Sarmalı-2024-Tyt Problemler Soru Bankası	59	5	0.357	low	skip		129
b36696ce-6683-584d-9d68-f039eba2de06	Bilgi Sarmalı-2025-Tyt Ayt-Geometri Soru Bankası	18	7	0.308	low	skip		121
d7c8d494-105b-5459-bbd1-d5bb5a7b9241	Bilgi Sarmalı-2025-Tyt Ayt-Geometri Soru Bankası	50	7	0.786	high	apply	/static/crops/Bilgi_Sarmalı-2025-Tyt_Ayt-Geometri_Soru_Bankası/Bilgi_Sarmalı-2025-Tyt_Ayt-Geometri_Soru_Bankası_p0050_q01.png	125
db904600-9396-5fa7-b2a9-7c199411f120	Bilgi Sarmalı-2025-Tyt Ayt-Geometri Soru Bankası	44	6	0.909	high	apply	/static/crops/Bilgi_Sarmalı-2025-Tyt_Ayt-Geometri_Soru_Bankası/Bilgi_Sarmalı-2025-Tyt_Ayt-Geometri_Soru_Bankası_p0044_q01.png	111
b0a128a2-ad85-5f65-a7b5-d9ac72ecb5a5	Bilgi Sarmalı-2025-Tyt Ayt-Geometri Soru Bankası	66	7	0.692	mid	skip		128
2fe4fc05-a75b-5723-8588-cbd499587833	Bilgi Sarmalı-2025-Tyt Ayt-Geometri Soru Bankası	82	7	0.727	high	apply	/static/crops/Bilgi_Sarmalı-2025-Tyt_Ayt-Geometri_Soru_Bankası/Bilgi_Sarmalı-2025-Tyt_Ayt-Geometri_Soru_Bankası_p0082_q01.png	109
c69a97c8-759d-59e6-b755-8b9be6ee32af	Bilgi Sarmalı-2024-Ayt-Matematik Soru Bankası	351	10	0	error	error		0
057f90b9-9c20-5070-81f5-7b05f1f5f8bc	Bilgi Sarmalı-2025-Tyt Ayt-Geometri Soru Bankası	84	7	0.750	high	apply	/static/crops/Bilgi_Sarmalı-2025-Tyt_Ayt-Geometri_Soru_Bankası/Bilgi_Sarmalı-2025-Tyt_Ayt-Geometri_Soru_Bankası_p0084_q01.png	125
a0717f09-82f4-5d47-adeb-ea2dfbf72c33	Bilgi Sarmalı-2024-Ayt-Matematik Soru Bankası	246	9	0	error	error		0
0bd150f2-c888-546f-88cc-80639729585b	Bilgi Sarmalı-2024-Tyt Problemler Soru Bankası	72	10	0	json_fail	skip		0
ec79ed49-dee0-5d43-8c55-986d0c563f73	Bilgi Sarmalı-2024-Tyt Problemler Soru Bankası	72	10	0	error	error		0
d863d9ab-7c14-504a-af90-4c51a621b215	Bilgi Sarmalı-2025-Tyt Ayt-Geometri Soru Bankası	68	7	0.643	mid	skip		123
f5f56be8-2e19-50e7-8094-376ba07ada90	Bilgi Sarmalı-2025-Tyt Ayt-Geometri Soru Bankası	104	8	0.800	high	apply	/static/crops/Bilgi_Sarmalı-2025-Tyt_Ayt-Geometri_Soru_Bankası/Bilgi_Sarmalı-2025-Tyt_Ayt-Geometri_Soru_Bankası_p0104_q04.png	131
f366dd83-8d15-5b50-a0c7-ce4d377dcf7e	Bilgi Sarmalı-2025-Tyt Ayt-Geometri Soru Bankası	86	7	0.850	high	apply	/static/crops/Bilgi_Sarmalı-2025-Tyt_Ayt-Geometri_Soru_Bankası/Bilgi_Sarmalı-2025-Tyt_Ayt-Geometri_Soru_Bankası_p0086_q01.png	185
94c4f34b-30af-5306-a988-46b3f74a7652	Bilgi Sarmalı-2025-Tyt Ayt-Geometri Soru Bankası	110	6	0.769	high	apply	/static/crops/Bilgi_Sarmalı-2025-Tyt_Ayt-Geometri_Soru_Bankası/Bilgi_Sarmalı-2025-Tyt_Ayt-Geometri_Soru_Bankası_p0110_q01.png	112
d0e219cb-e6ea-50ed-8a77-db3eb0d78101	Bilgi Sarmalı-2025-Ayt-Matematik Soru Bankası	351	10	0	error	error		0
4d3da75f-68e6-5784-9b81-965b0848c298	Bilgi Sarmalı-2025-Tyt Ayt-Geometri Soru Bankası	130	7	0.750	high	apply	/static/crops/Bilgi_Sarmalı-2025-Tyt_Ayt-Geometri_Soru_Bankası/Bilgi_Sarmalı-2025-Tyt_Ayt-Geometri_Soru_Bankası_p0130_q01.png	133
798012fc-a891-5aa1-9212-9d9f4cd74660	Bilgi Sarmalı-2025-Tyt Ayt-Geometri Soru Bankası	88	8	0.600	mid	skip		152
199c6bbc-4064-55aa-a1ff-f043305b9992	Bilgi Sarmalı-2025-Tyt Ayt-Geometri Soru Bankası	38	5	0	error	error		0
b12a77b4-58c7-53d6-83fe-cdaf4f5f6396	Bilgi Sarmalı-2025-Tyt Ayt-Geometri Soru Bankası	134	7	0.882	high	apply	/static/crops/Bilgi_Sarmalı-2025-Tyt_Ayt-Geometri_Soru_Bankası/Bilgi_Sarmalı-2025-Tyt_Ayt-Geometri_Soru_Bankası_p0134_q01.png	171
90da9a96-0cd5-5e1c-a20e-3e33be95560e	Bilgi Sarmalı-2025-Tyt Ayt-Geometri Soru Bankası	128	8	0.846	high	apply	/static/crops/Bilgi_Sarmalı-2025-Tyt_Ayt-Geometri_Soru_Bankası/Bilgi_Sarmalı-2025-Tyt_Ayt-Geometri_Soru_Bankası_p0128_q04.png	128
8e418ee5-9961-54bb-85a8-97b52388f250	Bilgi Sarmalı-2025-Tyt Ayt-Geometri Soru Bankası	130	11	0.667	mid	skip		102
95b1b417-4479-54ad-89e6-0fcc6763ad60	Bilgi Sarmalı-2025-Tyt Ayt-Geometri Soru Bankası	266	8	0.643	mid	skip		120
104f57d3-5056-5c00-8a9c-b6a734abb959	Bilgi Sarmalı-2025-Tyt Ayt-Geometri Soru Bankası	244	7	0.786	high	apply	/static/crops/Bilgi_Sarmalı-2025-Tyt_Ayt-Geometri_Soru_Bankası/Bilgi_Sarmalı-2025-Tyt_Ayt-Geometri_Soru_Bankası_p0244_q01.png	126
8ee0778d-f0c3-54b0-a202-bec8934d1de5	Bilgi Sarmalı-2025-Tyt Ayt-Geometri Soru Bankası	106	8	0.750	high	apply	/static/crops/Bilgi_Sarmalı-2025-Tyt_Ayt-Geometri_Soru_Bankası/Bilgi_Sarmalı-2025-Tyt_Ayt-Geometri_Soru_Bankası_p0106_q03.png	102
eb6a0fef-b1a2-54ea-b840-a219b0191ad8	Bilgi Sarmalı-2025-Ayt-Matematik Soru Bankası	173	11	0.733	high	apply	/static/crops/Bilgi_Sarmalı-2025-Ayt-Matematik_Soru_Bankası/Bilgi_Sarmalı-2025-Ayt-Matematik_Soru_Bankası_p0173_q04.png	137
a2ef4461-8e9b-540c-bdcf-e9846151359b	Bilgi Sarmalı-2025-Ayt-Matematik Soru Bankası	147	9	0.737	high	apply	/static/crops/Bilgi_Sarmalı-2025-Ayt-Matematik_Soru_Bankası/Bilgi_Sarmalı-2025-Ayt-Matematik_Soru_Bankası_p0147_q03.png	211
6574807d-9d58-5a8b-b9c9-6ab7de746950	Aktif Ogrenme 2025 Tyt Fizik Soru Bankası	266	22	0.476	low	skip		346
01bea2b5-b881-5e4c-8181-bef3de4fdad1	Bilgi Sarmalı-2025-Tyt Ayt-Geometri Soru Bankası	206	5	0.562	mid	skip		133
4b73936d-6016-51ec-a81f-d50187421a86	Bilgi Sarmalı-2025-Tyt Ayt-Geometri Soru Bankası	184	7	0.933	high	apply	/static/crops/Bilgi_Sarmalı-2025-Tyt_Ayt-Geometri_Soru_Bankası/Bilgi_Sarmalı-2025-Tyt_Ayt-Geometri_Soru_Bankası_p0184_q01.png	135
451624fd-5c28-5c9a-88ce-71bb37a296f3	Bilgi Sarmalı-2025-Ayt-Matematik Soru Bankası	349	10	0.833	high	apply	/static/crops/Bilgi_Sarmalı-2025-Ayt-Matematik_Soru_Bankası/Bilgi_Sarmalı-2025-Ayt-Matematik_Soru_Bankası_p0349_q05.png	141
1b6c696e-b7ac-54c3-a80f-abe10f24dfd6	Bilgi Sarmalı-2025-Ayt-Matematik Soru Bankası	276	10	0.739	high	apply	/static/crops/Bilgi_Sarmalı-2025-Ayt-Matematik_Soru_Bankası/Bilgi_Sarmalı-2025-Ayt-Matematik_Soru_Bankası_p0276_q02.png	255
db31c72a-4236-5e96-bab5-7bea5b35ae44	Bilgi Sarmalı-2025-Ayt-Matematik Soru Bankası	299	22	0.895	high	apply	/static/crops/Bilgi_Sarmalı-2025-Ayt-Matematik_Soru_Bankası/Bilgi_Sarmalı-2025-Ayt-Matematik_Soru_Bankası_p0299_q08.png	189
372ba50e-b3a5-5ef8-aa95-114621bdeee3	Esen Ayt Tarih Soru Bankası	148	9	0	error	error		0
596f50ca-579c-5a0d-b03f-ec83acc1dbfe	Bilgi Sarmalı-2025-Tyt Ayt-Geometri Soru Bankası	50	9	0.750	high	apply	/static/crops/Bilgi_Sarmalı-2025-Tyt_Ayt-Geometri_Soru_Bankası/Bilgi_Sarmalı-2025-Tyt_Ayt-Geometri_Soru_Bankası_p0050_q05.png	134
0e91fb34-ea23-5615-b350-69d64fd13ed5	Bilgi Sarmalı-2025-Tyt Ayt-Geometri Soru Bankası	48	9	0.722	high	apply	/static/crops/Bilgi_Sarmalı-2025-Tyt_Ayt-Geometri_Soru_Bankası/Bilgi_Sarmalı-2025-Tyt_Ayt-Geometri_Soru_Bankası_p0048_q01.png	148
d55e096b-df4a-5cbb-81c9-efe472a6c334	Bilgi Sarmalı-2025-Tyt Ayt-Geometri Soru Bankası	202	7	0.750	high	apply	/static/crops/Bilgi_Sarmalı-2025-Tyt_Ayt-Geometri_Soru_Bankası/Bilgi_Sarmalı-2025-Tyt_Ayt-Geometri_Soru_Bankası_p0202_q01.png	145
7ff7df7f-64df-5f3e-8d63-64e13c1e4e4d	Bilgi Sarmalı-2025-Tyt Ayt-Geometri Soru Bankası	64	8	0.846	high	apply	/static/crops/Bilgi_Sarmalı-2025-Tyt_Ayt-Geometri_Soru_Bankası/Bilgi_Sarmalı-2025-Tyt_Ayt-Geometri_Soru_Bankası_p0064_q03.png	107
949fdc27-378d-521f-af82-041a8e83f9cc	Bilgi Sarmalı-2025-Ayt-Matematik Soru Bankası	371	10	0.690	mid	skip		323
ca11ecb5-58d8-5053-9067-d7cf3f9e9bcf	Bilgi Sarmalı-2025-Tyt Ayt-Geometri Soru Bankası	66	8	0.684	mid	skip		143
488e86ac-1cad-529a-8e42-eb3991930311	Bilgi Sarmalı-2025-Tyt Ayt-Geometri Soru Bankası	64	12	0.375	low	skip		131
7404e720-347d-5e49-927e-56f8f38502df	Bilgi Sarmalı-2025-Tyt Ayt-Geometri Soru Bankası	66	9	0.846	high	apply	/static/crops/Bilgi_Sarmalı-2025-Tyt_Ayt-Geometri_Soru_Bankası/Bilgi_Sarmalı-2025-Tyt_Ayt-Geometri_Soru_Bankası_p0066_q05.png	120
9efd2382-a7d5-58bc-8a76-64bd6a173d90	Bilgi Sarmalı-2025-Tyt Ayt-Geometri Soru Bankası	76	7	0.733	high	apply	/static/crops/Bilgi_Sarmalı-2025-Tyt_Ayt-Geometri_Soru_Bankası/Bilgi_Sarmalı-2025-Tyt_Ayt-Geometri_Soru_Bankası_p0076_q04.png	141
ca70daa1-92f6-56b1-b90c-ca13d7568b87	Bilgi Sarmalı-2025-Tyt Ayt-Geometri Soru Bankası	68	10	0.571	mid	skip		136
5e816a53-d764-58f2-b44d-8f0d86e99dd2	Bilgi Sarmalı-2025-Tyt Ayt-Geometri Soru Bankası	68	9	0.583	mid	skip		111
47340ea9-62e5-51ec-994c-77fc2c2650bc	Bilgi Sarmalı-2025-Tyt Ayt-Geometri Soru Bankası	88	11	0.789	high	apply	/static/crops/Bilgi_Sarmalı-2025-Tyt_Ayt-Geometri_Soru_Bankası/Bilgi_Sarmalı-2025-Tyt_Ayt-Geometri_Soru_Bankası_p0088_q03.png	178
6ab9b020-039a-567e-863f-7a8fa7085e67	Bilgi Sarmalı-2025-Tyt Ayt-Geometri Soru Bankası	66	10	0.714	high	apply	/static/crops/Bilgi_Sarmalı-2025-Tyt_Ayt-Geometri_Soru_Bankası/Bilgi_Sarmalı-2025-Tyt_Ayt-Geometri_Soru_Bankası_p0066_q02.png	146
a3d8221c-cbd8-5503-90d8-b493c2ad9556	Bilgi Sarmalı-2025-Tyt Ayt-Geometri Soru Bankası	88	10	0.750	high	apply	/static/crops/Bilgi_Sarmalı-2025-Tyt_Ayt-Geometri_Soru_Bankası/Bilgi_Sarmalı-2025-Tyt_Ayt-Geometri_Soru_Bankası_p0088_q02.png	156
523287a0-5939-51b4-8045-07f46a10fed2	Bilgi Sarmalı-2025-Tyt Ayt-Geometri Soru Bankası	132	10	0.667	mid	skip		139
cb1e0485-9485-5cad-acdd-f77538cdd167	Bilgi Sarmalı-2025-Tyt Ayt-Geometri Soru Bankası	132	11	0.800	high	apply	/static/crops/Bilgi_Sarmalı-2025-Tyt_Ayt-Geometri_Soru_Bankası/Bilgi_Sarmalı-2025-Tyt_Ayt-Geometri_Soru_Bankası_p0132_q06.png	173
372668d7-8f4a-5cec-93c9-ca2002c98be1	Bilgi Sarmalı-2025-Tyt Ayt-Geometri Soru Bankası	134	9	0.636	mid	skip		127
56cb2202-c3d5-505e-afcd-d49755e48483	Aromat-2023-Ayt-Matematik Soru Bankası	260	15	1.000	high	apply	/static/crops/Aromat-2023-Ayt-Matematik_Soru_Bankası/Aromat-2023-Ayt-Matematik_Soru_Bankası_p0260_q02.png	143
61bb91ef-05df-529c-a1fc-1a4a0c898b8e	Bilgi Sarmalı-2025-Tyt Ayt-Geometri Soru Bankası	134	10	0.562	mid	skip		163
76e530be-d845-5362-8891-305178e03ab9	Bilgi Sarmalı-2025-Tyt Ayt-Geometri Soru Bankası	134	11	0.800	high	apply	/static/crops/Bilgi_Sarmalı-2025-Tyt_Ayt-Geometri_Soru_Bankası/Bilgi_Sarmalı-2025-Tyt_Ayt-Geometri_Soru_Bankası_p0134_q03.png	137
f867a510-4bdd-57b9-a0ed-e610f9bd0bf8	Bilgi Sarmalı-2025-Tyt Ayt-Geometri Soru Bankası	30	12	0.727	high	apply	/static/crops/Bilgi_Sarmalı-2025-Tyt_Ayt-Geometri_Soru_Bankası/Bilgi_Sarmalı-2025-Tyt_Ayt-Geometri_Soru_Bankası_p0030_q06.png	100
c5c36075-e6bd-5014-aa2f-5d319f27e040	Bilgi Sarmalı-2025-Tyt Ayt-Geometri Soru Bankası	46	9	0.571	mid	skip		150
003c1497-0fdb-5bda-af32-7ed425deb8dd	Bilgi Sarmalı-2025-Tyt Ayt-Geometri Soru Bankası	134	8	0.643	mid	skip		139
582084ce-f90f-5af2-ae01-8132055208e5	Bilgi Sarmalı-2025-Tyt Ayt-Geometri Soru Bankası	34	8	0.538	mid	skip		122
6977f6d9-cc69-5b11-8519-d49a1924cc42	Aktif Ogrenme 2025 Tyt Fizik Soru Bankası	293	53	0.308	low	skip		261
f26cbd83-3411-55c3-b21e-9a4373c107fd	Bilgi Sarmalı-Tyt Ayt-Geometri Soru Bankası	10	8	0.571	mid	skip		141
3748ad4c-4694-5d69-939c-2a5d8b018c0e	Bilgi Sarmalı-2025-Ayt-Matematik Video Ders Kitabı	315	1	0.000	low	skip		93
07c3383e-faa9-5c4a-a5c3-3145e68ad10c	Bilgi Sarmalı-2025-Ayt-Matematik Soru Bankası	416	19	0.375	low	skip		649
998d6b48-0935-5768-98c1-3ec9728851eb	Bilgi Sarmalı-Tyt Ayt-Geometri Soru Bankası	12	7	0.267	low	skip		132
ccc478d2-dbf8-5ee7-af4a-94add66bbf7f	Bilgi Sarmalı-Tyt Ayt-Geometri Soru Bankası	26	7	0.583	mid	skip		111
a376a3ca-ac18-5015-b5db-2166ecef8b54	Bilgi Sarmalı-2025-Tyt Ayt-Geometri Soru Bankası	20	8	0	error	error		0
c7ae226a-0841-5a17-9204-55f441de85f2	Bilgi Sarmalı-2025-Tyt Ayt-Geometri Soru Bankası	104	9	0.786	high	apply	/static/crops/Bilgi_Sarmalı-2025-Tyt_Ayt-Geometri_Soru_Bankası/Bilgi_Sarmalı-2025-Tyt_Ayt-Geometri_Soru_Bankası_p0104_q06.png	132
a9384c6d-d861-51b8-939c-dbad7fbf1ab0	Bilgi Sarmalı-2025-Tyt Ayt-Geometri Soru Bankası	102	8	0.714	high	apply	/static/crops/Bilgi_Sarmalı-2025-Tyt_Ayt-Geometri_Soru_Bankası/Bilgi_Sarmalı-2025-Tyt_Ayt-Geometri_Soru_Bankası_p0102_q03.png	125
50123686-b80b-511a-a19c-6f7c7c100388	Bilgi Sarmalı-Tyt Ayt-Geometri Soru Bankası	10	11	0.500	mid	skip		111
cfc3de64-26a3-582a-9959-603429a4e355	Bilgi Sarmalı-2025-Tyt Ayt-Geometri Soru Bankası	106	9	0.833	high	apply	/static/crops/Bilgi_Sarmalı-2025-Tyt_Ayt-Geometri_Soru_Bankası/Bilgi_Sarmalı-2025-Tyt_Ayt-Geometri_Soru_Bankası_p0106_q05.png	118
79966d98-85c5-538b-adcc-99adc96c291e	Bilgi Sarmalı-2025-Tyt Ayt-Geometri Soru Bankası	110	9	0.625	mid	skip		126
e53f1240-3bf0-5827-88f0-c80c231621d9	Bilgi Sarmalı-2025-Tyt-Matematik Video Ders Kitabı	286	1	0	error	error		0
6ea5367b-afca-50b2-b404-ba5eba6689f7	Aktif Ogrenme 2025 Tyt Fizik Soru Bankası	273	34	0	error	error		0
eb579ebe-1937-556c-8d78-3d0b7e320660	Bilgi Sarmalı-Tyt Ayt-Geometri Soru Bankası	60	7	0.786	high	apply	/static/crops/Bilgi_Sarmalı-Tyt_Ayt-Geometri_Soru_Bankası/Bilgi_Sarmalı-Tyt_Ayt-Geometri_Soru_Bankası_p0060_q01.png	135
81e221eb-5a57-5ec3-b4dd-5d17d5f8a3ea	Bilgi Sarmalı-Tyt Ayt-Geometri Soru Bankası	70	8	0.538	mid	skip		118
be6cfd60-fa53-5f51-bf60-1d8760867893	Bilgi Sarmalı-Tyt Ayt-Geometri Soru Bankası	66	6	0.786	high	apply	/static/crops/Bilgi_Sarmalı-Tyt_Ayt-Geometri_Soru_Bankası/Bilgi_Sarmalı-Tyt_Ayt-Geometri_Soru_Bankası_p0066_q01.png	148
b7d7c557-77a7-5e4c-aa07-d1d853235b4d	Bilgi Sarmalı-2025-Tyt Ayt-Geometri Soru Bankası	128	12	0.923	high	apply	/static/crops/Bilgi_Sarmalı-2025-Tyt_Ayt-Geometri_Soru_Bankası/Bilgi_Sarmalı-2025-Tyt_Ayt-Geometri_Soru_Bankası_p0128_q05.png	137
923dad33-5d4b-5b9a-8816-a186d12cf046	Bilgi Sarmalı-Tyt Ayt-Geometri Soru Bankası	24	10	0.583	mid	skip		120
6dc35787-3cc5-5376-8a40-7e8f95e6c7d1	Bilgi Sarmalı-2025-Tyt Ayt-Geometri Soru Bankası	130	9	0.667	mid	skip		120
ecc68eda-2a52-512d-bc59-69aad663786f	Bilgi Sarmalı-Tyt Ayt-Geometri Soru Bankası	82	8	0.867	high	apply	/static/crops/Bilgi_Sarmalı-Tyt_Ayt-Geometri_Soru_Bankası/Bilgi_Sarmalı-Tyt_Ayt-Geometri_Soru_Bankası_p0082_q03.png	152
257abb22-9984-5904-8a30-cfae0da2725a	Bilgi Sarmalı-2025-Tyt Ayt-Geometri Soru Bankası	110	7	0.786	high	apply	/static/crops/Bilgi_Sarmalı-2025-Tyt_Ayt-Geometri_Soru_Bankası/Bilgi_Sarmalı-2025-Tyt_Ayt-Geometri_Soru_Bankası_p0110_q03.png	134
3965c770-d33e-5439-b6f7-3cbbbb78f908	Bilgi Sarmalı-2025-Tyt Ayt-Geometri Soru Bankası	130	8	0.545	mid	skip		135
65196b11-6566-55a1-9a23-c12bc83f9c98	Bilgi Sarmalı-Tyt Ayt-Geometri Soru Bankası	80	12	0.765	high	apply	/static/crops/Bilgi_Sarmalı-Tyt_Ayt-Geometri_Soru_Bankası/Bilgi_Sarmalı-Tyt_Ayt-Geometri_Soru_Bankası_p0080_q05.png	150
2eeef853-fe78-5f48-89ba-e0646e269915	Bilgi Sarmalı-Tyt Ayt-Geometri Soru Bankası	80	7	0.688	mid	skip		125
a62041d8-7f36-5ab8-a397-e2bdaa5ec9af	Bilgi Sarmalı-Tyt Ayt-Geometri Soru Bankası	102	7	0.538	mid	skip		133
de82bddc-26b1-54de-ab66-e0b40990b4bc	Bilgi Sarmalı-Tyt Ayt-Geometri Soru Bankası	88	5	0.857	high	apply	/static/crops/Bilgi_Sarmalı-Tyt_Ayt-Geometri_Soru_Bankası/Bilgi_Sarmalı-Tyt_Ayt-Geometri_Soru_Bankası_p0088_q01.png	111
c58e7e6b-637b-5088-9690-ee6d42c46eb5	Bilgi Sarmalı-2025-Tyt Ayt-Geometri Soru Bankası	188	9	0.824	high	apply	/static/crops/Bilgi_Sarmalı-2025-Tyt_Ayt-Geometri_Soru_Bankası/Bilgi_Sarmalı-2025-Tyt_Ayt-Geometri_Soru_Bankası_p0188_q06.png	158
6da66f73-508f-5649-8731-7bfd80453709	Bilgi Sarmalı-2025-Tyt Ayt-Geometri Soru Bankası	188	11	0.812	high	apply	/static/crops/Bilgi_Sarmalı-2025-Tyt_Ayt-Geometri_Soru_Bankası/Bilgi_Sarmalı-2025-Tyt_Ayt-Geometri_Soru_Bankası_p0188_q03.png	141
3239dfbe-f6f7-5123-9c47-e984ade7f155	Bilgi Sarmalı-2025-Tyt Ayt-Geometri Soru Bankası	212	9	0.909	high	apply	/static/crops/Bilgi_Sarmalı-2025-Tyt_Ayt-Geometri_Soru_Bankası/Bilgi_Sarmalı-2025-Tyt_Ayt-Geometri_Soru_Bankası_p0212_q06.png	115
a6b0d683-401e-54c1-b3d2-9ee10eee0daf	Bilgi Sarmalı-2025-Tyt Ayt-Geometri Soru Bankası	200	10	0.812	high	apply	/static/crops/Bilgi_Sarmalı-2025-Tyt_Ayt-Geometri_Soru_Bankası/Bilgi_Sarmalı-2025-Tyt_Ayt-Geometri_Soru_Bankası_p0200_q02.png	137
a304d793-49d0-5ded-84b4-069dc6abdfa9	Bilgi Sarmalı-2025-Tyt Ayt-Geometri Soru Bankası	188	12	0.867	high	apply	/static/crops/Bilgi_Sarmalı-2025-Tyt_Ayt-Geometri_Soru_Bankası/Bilgi_Sarmalı-2025-Tyt_Ayt-Geometri_Soru_Bankası_p0188_q05.png	148
26fbb2b4-26c4-523b-9196-565c08012185	Bilgi Sarmalı-2025-Tyt Ayt-Geometri Soru Bankası	214	10	0.692	mid	skip		123
b0f0f354-4439-56ec-a72f-b35c84e110e0	Bilgi Sarmalı-Tyt Ayt-Geometri Soru Bankası	120	8	0.846	high	apply	/static/crops/Bilgi_Sarmalı-Tyt_Ayt-Geometri_Soru_Bankası/Bilgi_Sarmalı-Tyt_Ayt-Geometri_Soru_Bankası_p0120_q03.png	110
6ab4024d-2ef2-5f65-831c-44fbf96536f6	Bilgi Sarmalı-2025-Tyt Ayt-Geometri Soru Bankası	296	11	0.929	high	apply	/static/crops/Bilgi_Sarmalı-2025-Tyt_Ayt-Geometri_Soru_Bankası/Bilgi_Sarmalı-2025-Tyt_Ayt-Geometri_Soru_Bankası_p0296_q03.png	119
eaf82b1a-817d-5824-a8ab-1bf1e987e204	Bilgi Sarmalı-Tyt Ayt-Geometri Soru Bankası	198	7	0.692	mid	skip		108
1f849aa0-7384-5849-929b-e6a6f6d14626	Bilgi Sarmalı-Tyt Ayt-Geometri Soru Bankası	220	7	0.786	high	apply	/static/crops/Bilgi_Sarmalı-Tyt_Ayt-Geometri_Soru_Bankası/Bilgi_Sarmalı-Tyt_Ayt-Geometri_Soru_Bankası_p0220_q01.png	109
e37d939a-7272-5d92-8a34-817122fb0c00	Bilgi Sarmalı-2025-Tyt Ayt-Geometri Soru Bankası	200	12	0.867	high	apply	/static/crops/Bilgi_Sarmalı-2025-Tyt_Ayt-Geometri_Soru_Bankası/Bilgi_Sarmalı-2025-Tyt_Ayt-Geometri_Soru_Bankası_p0200_q06.png	133
82a4f1f6-a54e-51ca-b014-d43f15db3cfa	Bilgi Sarmalı-2025-Tyt Ayt-Geometri Soru Bankası	202	12	0.833	high	apply	/static/crops/Bilgi_Sarmalı-2025-Tyt_Ayt-Geometri_Soru_Bankası/Bilgi_Sarmalı-2025-Tyt_Ayt-Geometri_Soru_Bankası_p0202_q05.png	103
e05a125c-4d7f-5b67-8056-a7e77af76a30	Bilgi Sarmalı-2025-Tyt Ayt-Geometri Soru Bankası	134	12	0.750	high	apply	/static/crops/Bilgi_Sarmalı-2025-Tyt_Ayt-Geometri_Soru_Bankası/Bilgi_Sarmalı-2025-Tyt_Ayt-Geometri_Soru_Bankası_p0134_q05.png	167
89f45bde-5280-54ab-8794-34f2cb80cce3	Bilgi Sarmalı-Tyt Ayt-Geometri Soru Bankası	214	11	0.643	mid	skip		136
ecbf0a29-6a06-554a-ad45-8be7ae2a9924	Bilgi Sarmalı-Tyt Ayt-Geometri Soru Bankası	242	7	0.857	high	apply	/static/crops/Bilgi_Sarmalı-Tyt_Ayt-Geometri_Soru_Bankası/Bilgi_Sarmalı-Tyt_Ayt-Geometri_Soru_Bankası_p0242_q01.png	126
8d5b85de-18f1-55e4-8377-88d941c52149	Bilgi Sarmalı-2025-Tyt Ayt-Geometri Soru Bankası	246	11	0.714	high	apply	/static/crops/Bilgi_Sarmalı-2025-Tyt_Ayt-Geometri_Soru_Bankası/Bilgi_Sarmalı-2025-Tyt_Ayt-Geometri_Soru_Bankası_p0246_q04.png	142
f3bf6938-1427-5910-8303-97160ecf7c4d	Bilgi Sarmalı-2025-Tyt Ayt-Geometri Soru Bankası	280	8	0.929	high	apply	/static/crops/Bilgi_Sarmalı-2025-Tyt_Ayt-Geometri_Soru_Bankası/Bilgi_Sarmalı-2025-Tyt_Ayt-Geometri_Soru_Bankası_p0280_q04.png	145
c13e5276-722b-5b67-8479-c37266fe7774	Bilgi Sarmalı-2025-Tyt Ayt-Geometri Soru Bankası	212	8	0	error	error		0
fabaff84-dffd-598b-bdc2-54fc4ea02974	Bilgi Sarmalı-2025-Tyt Ayt-Geometri Soru Bankası	152	8	0.727	high	apply	/static/crops/Bilgi_Sarmalı-2025-Tyt_Ayt-Geometri_Soru_Bankası/Bilgi_Sarmalı-2025-Tyt_Ayt-Geometri_Soru_Bankası_p0152_q03.png	180
4e6e6526-35e1-5c64-9319-f94e83d80fba	Bilgi Sarmalı-2025-Tyt Ayt-Geometri Soru Bankası	246	9	0.812	high	apply	/static/crops/Bilgi_Sarmalı-2025-Tyt_Ayt-Geometri_Soru_Bankası/Bilgi_Sarmalı-2025-Tyt_Ayt-Geometri_Soru_Bankası_p0246_q06.png	138
2e1943fd-8ab7-5367-81fd-880f72edde17	Bilgi Sarmalı-2025-Tyt Ayt-Geometri Soru Bankası	212	11	0	error	error		0
8e76dfe3-8f77-5fd2-9238-6d8bdc41b4b1	Bilgi Sarmalı-2025-Tyt Ayt-Geometri Soru Bankası	358	9	1.000	high	apply	/static/crops/Bilgi_Sarmalı-2025-Tyt_Ayt-Geometri_Soru_Bankası/Bilgi_Sarmalı-2025-Tyt_Ayt-Geometri_Soru_Bankası_p0358_q05.png	165
12b645bd-c8f5-5675-9cd6-8b91fe5a19a5	C1CELL-2024-TYT-AYT-Geometri Soru Bankası	24	7	0.312	low	skip		152
2d62c646-900b-5229-878b-c14107c41a83	C1CELL-2024-TYT-AYT-Geometri Soru Bankası	30	7	0.571	mid	skip		148
dd1de7b8-35fd-5e37-b8a5-3085e47cfd65	C1CELL-2024-TYT-AYT-Geometri Soru Bankası	53	7	0.909	high	apply	/static/crops/C1CELL-2024-TYT-AYT-Geometri_Soru_Bankası/C1CELL-2024-TYT-AYT-Geometri_Soru_Bankası_p0053_q01.png	97
ac7178f1-728d-5bb7-95bd-5c9275b31fbd	C1CELL-2024-TYT-AYT-Geometri Soru Bankası	32	7	0.833	high	apply	/static/crops/C1CELL-2024-TYT-AYT-Geometri_Soru_Bankası/C1CELL-2024-TYT-AYT-Geometri_Soru_Bankası_p0032_q01.png	103
426b4fde-c019-5bd3-8910-7208f8486578	Bilgi Sarmalı-Tyt Ayt-Geometri Soru Bankası	226	6	0.625	mid	skip		135
26b5386e-021f-57c7-8758-ea5d1a0565dc	C1CELL-2024-TYT-AYT-Geometri Soru Bankası	61	7	0.625	mid	skip		135
904d2946-c972-5413-8ff0-619ca3e5323d	C1CELL-2024-TYT-AYT-Geometri Soru Bankası	59	9	0.667	mid	skip		114
e77dd9a9-b383-5039-88d7-309c8f92e6ee	C1CELL-2024-TYT-AYT-Geometri Soru Bankası	61	9	0.875	high	apply	/static/crops/C1CELL-2024-TYT-AYT-Geometri_Soru_Bankası/C1CELL-2024-TYT-AYT-Geometri_Soru_Bankası_p0061_q05.png	208
a84d8035-1151-5202-b322-6bf341479b0d	C1CELL-2024-TYT-AYT-Geometri Soru Bankası	63	7	0.833	high	apply	/static/crops/C1CELL-2024-TYT-AYT-Geometri_Soru_Bankası/C1CELL-2024-TYT-AYT-Geometri_Soru_Bankası_p0063_q01.png	144
50d85e0d-c39f-5a53-983f-a623b921b293	C1CELL-2024-TYT-AYT-Geometri Soru Bankası	11	7	0.333	low	skip		96
c5c9cdc1-0303-5eae-8442-8f36373632de	C1CELL-2024-TYT-AYT-Geometri Soru Bankası	67	7	0.778	high	apply	/static/crops/C1CELL-2024-TYT-AYT-Geometri_Soru_Bankası/C1CELL-2024-TYT-AYT-Geometri_Soru_Bankası_p0067_q01.png	155
3415edc9-05bd-518f-a85a-a55861d06edd	C1CELL-2024-TYT-AYT-Geometri Soru Bankası	65	7	0.846	high	apply	/static/crops/C1CELL-2024-TYT-AYT-Geometri_Soru_Bankası/C1CELL-2024-TYT-AYT-Geometri_Soru_Bankası_p0065_q01.png	104
316bbd4e-513c-5200-8a42-ad6fd81e6c42	C1CELL-2024-TYT-AYT-Geometri Soru Bankası	105	8	1.000	high	apply	/static/crops/C1CELL-2024-TYT-AYT-Geometri_Soru_Bankası/C1CELL-2024-TYT-AYT-Geometri_Soru_Bankası_p0105_q03.png	106
2539a83a-0669-5089-bc9d-8c1b680171a5	C1CELL-2024-TYT-AYT-Geometri Soru Bankası	111	7	0.917	high	apply	/static/crops/C1CELL-2024-TYT-AYT-Geometri_Soru_Bankası/C1CELL-2024-TYT-AYT-Geometri_Soru_Bankası_p0111_q01.png	102
2af52cfb-dbf3-5de2-8a27-b2f44733d945	C1CELL-2024-TYT-AYT-Geometri Soru Bankası	80	7	0.933	high	apply	/static/crops/C1CELL-2024-TYT-AYT-Geometri_Soru_Bankası/C1CELL-2024-TYT-AYT-Geometri_Soru_Bankası_p0080_q01.png	161
cf8da90f-a49e-5e6e-9bbf-19dc98bc4d28	C1CELL-2024-TYT-AYT-Geometri Soru Bankası	126	7	0.643	mid	skip		115
ddbf4e99-03f1-5e11-a91b-2e8e224ee96d	C1CELL-2024-TYT-AYT-Geometri Soru Bankası	105	7	0.714	high	apply	/static/crops/C1CELL-2024-TYT-AYT-Geometri_Soru_Bankası/C1CELL-2024-TYT-AYT-Geometri_Soru_Bankası_p0105_q01.png	132
63f90c7c-755c-596a-84b3-623c26edbe26	C1CELL-2024-TYT-AYT-Geometri Soru Bankası	109	7	0.647	mid	skip		131
ac4c767c-d22f-5e27-ad13-6c00dd048572	C1CELL-2024-TYT-AYT-Geometri Soru Bankası	130	7	1.000	high	apply	/static/crops/C1CELL-2024-TYT-AYT-Geometri_Soru_Bankası/C1CELL-2024-TYT-AYT-Geometri_Soru_Bankası_p0130_q01.png	135
8353129a-9c05-5266-950b-02ff66c1efe7	C1CELL-2024-TYT-AYT-Geometri Soru Bankası	128	7	0.700	high	apply	/static/crops/C1CELL-2024-TYT-AYT-Geometri_Soru_Bankası/C1CELL-2024-TYT-AYT-Geometri_Soru_Bankası_p0128_q01.png	189
0f3096db-b7bd-5038-9696-c194db88989e	C1CELL-2024-TYT-AYT-Geometri Soru Bankası	128	10	0.917	high	apply	/static/crops/C1CELL-2024-TYT-AYT-Geometri_Soru_Bankası/C1CELL-2024-TYT-AYT-Geometri_Soru_Bankası_p0128_q02.png	101
bb4b930c-0f67-504f-8d9e-d7d963f5b899	C1CELL-2024-TYT-AYT-Geometri Soru Bankası	130	10	0.750	high	apply	/static/crops/C1CELL-2024-TYT-AYT-Geometri_Soru_Bankası/C1CELL-2024-TYT-AYT-Geometri_Soru_Bankası_p0130_q02.png	120
8a6709fe-7e94-5dc0-8ea2-b8820ffa38f0	C1CELL-2024-TYT-AYT-Geometri Soru Bankası	147	7	0.706	high	apply	/static/crops/C1CELL-2024-TYT-AYT-Geometri_Soru_Bankası/C1CELL-2024-TYT-AYT-Geometri_Soru_Bankası_p0147_q01.png	151
62b3b95b-92a4-5715-bb48-3a85c3be8d54	C1CELL-2024-TYT-AYT-Geometri Soru Bankası	132	7	0.846	high	apply	/static/crops/C1CELL-2024-TYT-AYT-Geometri_Soru_Bankası/C1CELL-2024-TYT-AYT-Geometri_Soru_Bankası_p0132_q01.png	129
afac9aa0-3b97-594e-8f50-f0d5f1e797ac	C1CELL-2024-TYT-AYT-Geometri Soru Bankası	138	8	0.933	high	apply	/static/crops/C1CELL-2024-TYT-AYT-Geometri_Soru_Bankası/C1CELL-2024-TYT-AYT-Geometri_Soru_Bankası_p0138_q04.png	144
5513e509-0024-52ac-9807-61b4971a1251	C1CELL-2024-TYT-AYT-Geometri Soru Bankası	136	7	0.786	high	apply	/static/crops/C1CELL-2024-TYT-AYT-Geometri_Soru_Bankası/C1CELL-2024-TYT-AYT-Geometri_Soru_Bankası_p0136_q01.png	140
468c3381-0a87-5197-92bc-e1b5df7991e3	C1CELL-2024-TYT-AYT-Geometri Soru Bankası	32	11	0	error	error		0
619c1734-1f5b-5b54-b502-6c02e71115f5	C1CELL-2024-TYT-AYT-Geometri Soru Bankası	152	8	1.000	high	apply	/static/crops/C1CELL-2024-TYT-AYT-Geometri_Soru_Bankası/C1CELL-2024-TYT-AYT-Geometri_Soru_Bankası_p0152_q04.png	134
6ea71ccb-5da5-548b-9629-22799373f39b	C1CELL-2024-TYT-AYT-Geometri Soru Bankası	155	7	0.857	high	apply	/static/crops/C1CELL-2024-TYT-AYT-Geometri_Soru_Bankası/C1CELL-2024-TYT-AYT-Geometri_Soru_Bankası_p0155_q01.png	117
78ed64d5-3ab6-5825-806f-6a7d6f706869	C1CELL-2024-TYT-AYT-Geometri Soru Bankası	155	10	0.824	high	apply	/static/crops/C1CELL-2024-TYT-AYT-Geometri_Soru_Bankası/C1CELL-2024-TYT-AYT-Geometri_Soru_Bankası_p0155_q02.png	144
744e7400-0f4f-5438-b67a-8831e235cd65	C1CELL-2024-TYT-AYT-Geometri Soru Bankası	159	8	0.385	low	skip		118
ad3bbd11-8141-5709-8698-f2db34e8b2d0	C1CELL-2024-TYT-AYT-Geometri Soru Bankası	178	11	0.875	high	apply	/static/crops/C1CELL-2024-TYT-AYT-Geometri_Soru_Bankası/C1CELL-2024-TYT-AYT-Geometri_Soru_Bankası_p0178_q04.png	149
a779d2c2-a4cc-5a44-82da-58a411c69687	C1CELL-2024-TYT-AYT-Geometri Soru Bankası	202	11	0.545	mid	skip		115
4ee49f1d-9adf-50af-b9e0-8322290c2ad5	Bilgi Sarmalı-2025-Tyt Ayt-Geometri Soru Bankası	214	11	0.909	high	apply	/static/crops/Bilgi_Sarmalı-2025-Tyt_Ayt-Geometri_Soru_Bankası/Bilgi_Sarmalı-2025-Tyt_Ayt-Geometri_Soru_Bankası_p0214_q04.png	120
a186d308-ce09-578c-b54d-e6409c07fbc8	Bilgi Sarmalı-2025-Tyt Ayt-Geometri Soru Bankası	244	9	0.444	low	skip		162
d3f154e4-c626-583a-9d6f-603fb73adc00	C1CELL-2024-TYT-AYT-Geometri Soru Bankası	170	7	0.933	high	apply	/static/crops/C1CELL-2024-TYT-AYT-Geometri_Soru_Bankası/C1CELL-2024-TYT-AYT-Geometri_Soru_Bankası_p0170_q01.png	135
10e3d471-fdaf-548a-8c3a-81dcacb6ff6c	Bilgi Sarmalı-2025-Tyt Ayt-Geometri Soru Bankası	244	11	0.462	low	skip		101
a31e7794-624e-53b1-ade6-9ba453e855c0	C1CELL-2024-TYT-AYT-Geometri Soru Bankası	161	8	0.889	high	apply	/static/crops/C1CELL-2024-TYT-AYT-Geometri_Soru_Bankası/C1CELL-2024-TYT-AYT-Geometri_Soru_Bankası_p0161_q05.png	178
85b63d9a-5d44-551e-aaaa-120947e3e319	Bilgi Sarmalı-2025-Tyt Ayt-Geometri Soru Bankası	244	10	0.810	high	apply	/static/crops/Bilgi_Sarmalı-2025-Tyt_Ayt-Geometri_Soru_Bankası/Bilgi_Sarmalı-2025-Tyt_Ayt-Geometri_Soru_Bankası_p0244_q02.png	167
706ab765-cfcd-5f14-ad7b-6b252d92550c	C1CELL-2024-TYT-AYT-Geometri Soru Bankası	172	7	0.500	mid	skip		241
c5afeaf2-df6b-51da-857d-e7adc9b8f0be	Bilgi Sarmalı-2025-Tyt Ayt-Geometri Soru Bankası	214	12	0.833	high	apply	/static/crops/Bilgi_Sarmalı-2025-Tyt_Ayt-Geometri_Soru_Bankası/Bilgi_Sarmalı-2025-Tyt_Ayt-Geometri_Soru_Bankası_p0214_q05.png	120
a86a680d-4c14-50f8-ae73-e36f3f8a7b12	C1CELL-2024-TYT-AYT-Geometri Soru Bankası	215	7	1.000	high	apply	/static/crops/C1CELL-2024-TYT-AYT-Geometri_Soru_Bankası/C1CELL-2024-TYT-AYT-Geometri_Soru_Bankası_p0215_q02.png	119
03f94c29-f71e-5ed0-bd20-f3803c3f53cb	Bilgi Sarmalı-2025-Tyt Ayt-Geometri Soru Bankası	244	12	0.562	mid	skip		130
7fe51e71-da8d-5adf-a933-567402ace3c7	C1CELL-2024-TYT-AYT-Geometri Soru Bankası	221	7	0.875	high	apply	/static/crops/C1CELL-2024-TYT-AYT-Geometri_Soru_Bankası/C1CELL-2024-TYT-AYT-Geometri_Soru_Bankası_p0221_q01.png	133
e71e1806-fa68-528a-be65-49360250be29	C1CELL-2024-TYT-AYT-Geometri Soru Bankası	217	9	0.941	high	apply	/static/crops/C1CELL-2024-TYT-AYT-Geometri_Soru_Bankası/C1CELL-2024-TYT-AYT-Geometri_Soru_Bankası_p0217_q05.png	145
09ba207c-29e6-534b-8d20-e42283292855	C1CELL-2024-TYT-AYT-Geometri Soru Bankası	217	7	0.688	mid	skip		152
0305e211-d565-512c-8106-393cb7100a92	C1CELL-2024-TYT-AYT-Geometri Soru Bankası	230	7	0.875	high	apply	/static/crops/C1CELL-2024-TYT-AYT-Geometri_Soru_Bankası/C1CELL-2024-TYT-AYT-Geometri_Soru_Bankası_p0230_q01.png	136
7ab42079-90fb-56d3-8d30-154274128e8c	C1CELL-2024-TYT-AYT-Geometri Soru Bankası	219	7	0.714	high	apply	/static/crops/C1CELL-2024-TYT-AYT-Geometri_Soru_Bankası/C1CELL-2024-TYT-AYT-Geometri_Soru_Bankası_p0219_q02.png	119
eb09eaf9-5d0c-5a3c-bc79-e0f54fdd0522	C1CELL-2024-TYT-AYT-Geometri Soru Bankası	157	7	0.846	high	apply	/static/crops/C1CELL-2024-TYT-AYT-Geometri_Soru_Bankası/C1CELL-2024-TYT-AYT-Geometri_Soru_Bankası_p0157_q01.png	125
fd4b997d-16d3-5ccf-8bd6-63e2d1a37e48	C1CELL-2024-TYT-AYT-Geometri Soru Bankası	251	10	0.600	mid	skip		91
b87992d7-5729-58ce-94e3-741d0b11ebd8	C1CELL-2024-TYT-AYT-Geometri Soru Bankası	243	7	0.765	high	apply	/static/crops/C1CELL-2024-TYT-AYT-Geometri_Soru_Bankası/C1CELL-2024-TYT-AYT-Geometri_Soru_Bankası_p0243_q01.png	151
0fa342fc-032f-50ab-aee1-a2398e2a0fc6	C1CELL-2024-TYT-AYT-Geometri Soru Bankası	281	7	0.923	high	apply	/static/crops/C1CELL-2024-TYT-AYT-Geometri_Soru_Bankası/C1CELL-2024-TYT-AYT-Geometri_Soru_Bankası_p0281_q01.png	122
c82f8db6-2ae0-5e92-bd1f-eb2d221c3ca4	C1CELL-2024-TYT-AYT-Geometri Soru Bankası	255	7	1.000	high	apply	/static/crops/C1CELL-2024-TYT-AYT-Geometri_Soru_Bankası/C1CELL-2024-TYT-AYT-Geometri_Soru_Bankası_p0255_q01.png	124
978b903d-3b9f-555a-ac01-2a560c46b594	C1CELL-2024-TYT-AYT-Geometri Soru Bankası	253	9	0.952	high	apply	/static/crops/C1CELL-2024-TYT-AYT-Geometri_Soru_Bankası/C1CELL-2024-TYT-AYT-Geometri_Soru_Bankası_p0253_q06.png	197
f5d06798-499c-562c-b5cb-a0d39ba46510	C1CELL-2024-TYT-AYT-Geometri Soru Bankası	264	7	1.000	high	apply	/static/crops/C1CELL-2024-TYT-AYT-Geometri_Soru_Bankası/C1CELL-2024-TYT-AYT-Geometri_Soru_Bankası_p0264_q01.png	78
219f6e89-7e8f-5b15-8d62-738de39d5220	C1CELL-2024-TYT-AYT-Geometri Soru Bankası	232	7	0.714	high	apply	/static/crops/C1CELL-2024-TYT-AYT-Geometri_Soru_Bankası/C1CELL-2024-TYT-AYT-Geometri_Soru_Bankası_p0232_q01.png	177
4edd102e-d14d-5c2d-a5cf-345728f46cd6	C1CELL-2024-TYT-AYT-Geometri Soru Bankası	253	7	0.917	high	apply	/static/crops/C1CELL-2024-TYT-AYT-Geometri_Soru_Bankası/C1CELL-2024-TYT-AYT-Geometri_Soru_Bankası_p0253_q01.png	103
64eabd0d-4504-5fbe-8755-06d071030a3b	Aktif Ogrenme 2025 Tyt Fizik Soru Bankası	11	11	0.500	mid	skip		228
8105dcbc-336e-5c84-a70b-105862c318a1	Aktif Ogrenme 2025 Tyt Fizik Soru Bankası	301	61	0.150	low	skip		187
cb65ea0f-659c-5d09-9c66-d0f0ff57991b	C1CELL-2024-TYT-AYT-Geometri Soru Bankası	283	7	1.000	high	apply	/static/crops/C1CELL-2024-TYT-AYT-Geometri_Soru_Bankası/C1CELL-2024-TYT-AYT-Geometri_Soru_Bankası_p0283_q01.png	122
b452df6e-8d5a-5815-814d-db8a33d990fb	C1CELL-2024-TYT-AYT-Geometri Soru Bankası	342	7	0.593	mid	skip		261
fcf1e4d1-89f5-51a2-8efa-5a8eb8128b10	C1CELL-2024-TYT-AYT-Geometri Soru Bankası	299	7	1.000	high	apply	/static/crops/C1CELL-2024-TYT-AYT-Geometri_Soru_Bankası/C1CELL-2024-TYT-AYT-Geometri_Soru_Bankası_p0299_q01.png	121
8489e701-30a6-5ffc-b449-1b58361531c8	Aktif Ogrenme 2025 Tyt Fizik Soru Bankası	285	47	0.486	low	skip		309
87218988-af00-5d4b-87d2-5ee284d44551	Aktif Ogrenme 2025 Tyt Fizik Soru Bankası	152	8	0.941	high	apply	/static/crops/Aktif_Ogrenme_2025_Tyt_Fizik_Soru_Bankası/Aktif_Ogrenme_2025_Tyt_Fizik_Soru_Bankası_p0152_q01.png	168
8a58dda3-dc8e-5ad0-ba94-3a269d653ee2	Aktif Ogrenme 2025 Tyt Fizik Soru Bankası	211	12	0.263	low	skip		193
4a191579-c493-55d2-8749-cc7c995222b1	C1CELL-2024-TYT-AYT-Geometri Soru Bankası	287	8	0.667	mid	skip		112
e48b9a75-613b-55bd-9b54-9ba6acb79af2	C1CELL-2024-TYT-AYT-Geometri Soru Bankası	303	7	0.643	mid	skip		125
891fad43-1c16-56ef-9066-6e9781f79cf6	Aktif Ogrenme 2025 Tyt Fizik Soru Bankası	149	3	0.440	low	skip		253
b44b7f34-ca8f-5536-9713-1c2bb25a0e6d	C1CELL-2024-TYT-AYT-Geometri Soru Bankası	287	9	0.583	mid	skip		98
6d0f10b9-ad7e-5ee4-88d6-af5e7f2e639a	Bilgi Sarmal 2024 Ayt Kimya Sopru Bankasi	307	11	0	error	error		0
39def2fb-c865-5a14-bddf-51d364245579	Bilgi Sarmal 2024 Ayt Kimya Sopru Bankasi	309	9	0	error	error		0
1e865173-5331-54ab-91ef-32b2f7124504	Bilgi Sarmalı-Tyt Ayt-Geometri Soru Bankası	14	6	0.667	mid	skip		147
6cf4a193-e3ce-5e20-93d0-e066522168fe	Bilgi Sarmalı-Tyt Ayt-Geometri Soru Bankası	10	9	0.350	low	skip		178
ebce9a53-f24b-5f90-aa3d-69de24e4ca84	Bilgi Sarmalı-Tyt Ayt-Geometri Soru Bankası	30	7	0.615	mid	skip		122
637487d9-1fa6-553b-95e9-ba27dc13e040	Bilgi Sarmalı-Tyt Ayt-Geometri Soru Bankası	28	7	0.643	mid	skip		122
a65502c8-c642-56ae-84db-ca401716c9b8	Bilgi Sarmal 2024 Ayt Kimya Sopru Bankasi	260	8	0	error	error		0
52017df9-7806-547d-ae89-96687808861f	Bilgi Sarmalı-Tyt Ayt-Geometri Soru Bankası	48	6	0.917	high	apply	/static/crops/Bilgi_Sarmalı-Tyt_Ayt-Geometri_Soru_Bankası/Bilgi_Sarmalı-Tyt_Ayt-Geometri_Soru_Bankası_p0048_q03.png	122
d95608de-a0f7-530b-8fe5-e873275fcde1	Bilgi Sarmalı-Tyt Ayt-Geometri Soru Bankası	150	10	0.812	high	apply	/static/crops/Bilgi_Sarmalı-Tyt_Ayt-Geometri_Soru_Bankası/Bilgi_Sarmalı-Tyt_Ayt-Geometri_Soru_Bankası_p0150_q05.png	155
c7d4b770-91eb-5dc3-96a0-950327ab6cf9	Bilgi Sarmalı-Tyt Ayt-Geometri Soru Bankası	162	10	0.636	mid	skip		99
73fdd5fe-2c29-50a7-84dd-b7ebeaaefeb0	Bilgi Sarmalı-Tyt Ayt-Geometri Soru Bankası	50	6	0.533	mid	skip		140
de27f28b-f9a0-571f-9c53-9ce8681958db	Bilgi Sarmalı-Tyt Ayt-Geometri Soru Bankası	182	8	0.762	high	apply	/static/crops/Bilgi_Sarmalı-Tyt_Ayt-Geometri_Soru_Bankası/Bilgi_Sarmalı-Tyt_Ayt-Geometri_Soru_Bankası_p0182_q03.png	171
e90ced88-762e-561f-886c-ba16e00c341e	Bilgi Sarmal 2024 Ayt Kimya Sopru Bankasi	266	7	0	error	error		0
673d7d21-e9a4-5861-b02c-14d8d503d26e	Bilgi Sarmalı-Tyt Ayt-Geometri Soru Bankası	188	9	0.857	high	apply	/static/crops/Bilgi_Sarmalı-Tyt_Ayt-Geometri_Soru_Bankası/Bilgi_Sarmalı-Tyt_Ayt-Geometri_Soru_Bankası_p0188_q03.png	130
f6343fd2-615f-5137-8c75-d5e5e1042678	Bilgi Sarmal 2024 Ayt Kimya Sopru Bankasi	321	11	0.467	low	skip		403
40953c74-1e94-55a2-8b87-81f66beba5a3	Bilgi Sarmal 2024 Ayt Kimya Sopru Bankasi	277	6	0	error	error		0
c2deb51a-ccc4-5a14-8d52-6aec6add6e9d	Bilgi Sarmalı-Tyt Ayt-Geometri Soru Bankası	82	12	0.750	high	apply	/static/crops/Bilgi_Sarmalı-Tyt_Ayt-Geometri_Soru_Bankası/Bilgi_Sarmalı-Tyt_Ayt-Geometri_Soru_Bankası_p0082_q05.png	172
6d6c0c8a-e175-5b8f-bdc3-8b12d5b3d766	Bilgi Sarmalı-Tyt Ayt-Geometri Soru Bankası	66	8	0.750	high	apply	/static/crops/Bilgi_Sarmalı-Tyt_Ayt-Geometri_Soru_Bankası/Bilgi_Sarmalı-Tyt_Ayt-Geometri_Soru_Bankası_p0066_q05.png	107
c0137476-281f-5bad-8eee-0bc85181d2a5	Bilgi Sarmalı-Tyt Ayt-Geometri Soru Bankası	346	9	0.789	high	apply	/static/crops/Bilgi_Sarmalı-Tyt_Ayt-Geometri_Soru_Bankası/Bilgi_Sarmalı-Tyt_Ayt-Geometri_Soru_Bankası_p0346_q05.png	162
d24ece9b-5814-58ec-a144-6f679bbe0bd6	Bilgi Sarmalı-Tyt Ayt-Geometri Soru Bankası	116	5	0.476	low	skip		180
056e3cfb-9791-56e3-bbd5-0dc7555d81e6	Bilgi Sarmalı-Tyt Ayt-Geometri Soru Bankası	82	11	0.895	high	apply	/static/crops/Bilgi_Sarmalı-Tyt_Ayt-Geometri_Soru_Bankası/Bilgi_Sarmalı-Tyt_Ayt-Geometri_Soru_Bankası_p0082_q04.png	183
7e0bd894-7d28-57c9-892e-a329debfccb4	Bilgi Sarmalı-Tyt Ayt-Geometri Soru Bankası	62	12	0.429	low	skip		127
1f278fa0-f61b-5f8e-81ff-245c178adee9	Bilgi Sarmalı-Tyt Ayt-Geometri Soru Bankası	102	12	0.692	mid	skip		151
ff9d872b-d1e8-578d-8d3d-82ecaed565dc	Bilgi Sarmalı-Tyt Ayt-Geometri Soru Bankası	124	8	0.769	high	apply	/static/crops/Bilgi_Sarmalı-Tyt_Ayt-Geometri_Soru_Bankası/Bilgi_Sarmalı-Tyt_Ayt-Geometri_Soru_Bankası_p0124_q04.png	128
7078ab9e-66a4-55d0-8f20-ba97d7ef4c18	Bilgi Sarmalı-Tyt Ayt-Geometri Soru Bankası	96	3	0.100	low	skip		554
80020892-ef4f-50b5-8214-9688acaaf22c	Bilgi Sarmalı-Tyt Ayt-Geometri Soru Bankası	126	9	0.615	mid	skip		121
e8c43781-be37-5453-98c2-08084703ac9f	Bilgi Sarmalı-Tyt Ayt-Geometri Soru Bankası	228	6	0.818	high	apply	/static/crops/Bilgi_Sarmalı-Tyt_Ayt-Geometri_Soru_Bankası/Bilgi_Sarmalı-Tyt_Ayt-Geometri_Soru_Bankası_p0228_q03.png	101
d6aaa433-afd4-56f2-aea6-827feaf8462c	Bilgi Sarmalı-Tyt Ayt-Geometri Soru Bankası	208	7	0.812	high	apply	/static/crops/Bilgi_Sarmalı-Tyt_Ayt-Geometri_Soru_Bankası/Bilgi_Sarmalı-Tyt_Ayt-Geometri_Soru_Bankası_p0208_q04.png	167
aca94ada-aaf2-52e9-8ac5-ead41e9a258b	Bilgi Sarmalı-Tyt Ayt-Geometri Soru Bankası	240	9	0.857	high	apply	/static/crops/Bilgi_Sarmalı-Tyt_Ayt-Geometri_Soru_Bankası/Bilgi_Sarmalı-Tyt_Ayt-Geometri_Soru_Bankası_p0240_q06.png	126
b2884d7f-5ada-5abd-9959-515773423cfc	Bilgi Sarmalı-Tyt Ayt-Geometri Soru Bankası	214	8	0.727	high	apply	/static/crops/Bilgi_Sarmalı-Tyt_Ayt-Geometri_Soru_Bankası/Bilgi_Sarmalı-Tyt_Ayt-Geometri_Soru_Bankası_p0214_q05.png	113
5ef86f95-2a54-529a-a4d5-4b04290d68d3	Bilgi Sarmalı-Tyt Ayt-Geometri Soru Bankası	242	10	0.714	high	apply	/static/crops/Bilgi_Sarmalı-Tyt_Ayt-Geometri_Soru_Bankası/Bilgi_Sarmalı-Tyt_Ayt-Geometri_Soru_Bankası_p0242_q02.png	167
ab26125d-589e-553c-82a3-0920410fbdd3	Bilgi Sarmal 2024 Tyt Kimya Soru Bankasi	78	8	0	error	error		0
b933863a-5eea-5f67-a65b-4e4b3d71df27	Bilgi Sarmalı-Tyt Ayt-Geometri Soru Bankası	134	10	0.571	mid	skip		141
3440c2f8-4c51-5cd5-a9eb-d981f6d05a9d	Bilgi Sarmalı-Tyt Ayt-Geometri Soru Bankası	246	9	0.714	high	apply	/static/crops/Bilgi_Sarmalı-Tyt_Ayt-Geometri_Soru_Bankası/Bilgi_Sarmalı-Tyt_Ayt-Geometri_Soru_Bankası_p0246_q03.png	134
b9b721f5-6cde-5d96-9019-9b04d3786058	Bilgi Sarmalı-Tyt Ayt-Geometri Soru Bankası	242	8	0.778	high	apply	/static/crops/Bilgi_Sarmalı-Tyt_Ayt-Geometri_Soru_Bankası/Bilgi_Sarmalı-Tyt_Ayt-Geometri_Soru_Bankası_p0242_q03.png	157
db97001f-d169-5be4-b5f8-f38face70369	Bilgi Sarmalı-Tyt Ayt-Geometri Soru Bankası	246	10	0.917	high	apply	/static/crops/Bilgi_Sarmalı-Tyt_Ayt-Geometri_Soru_Bankası/Bilgi_Sarmalı-Tyt_Ayt-Geometri_Soru_Bankası_p0246_q05.png	119
a18d5378-4319-5801-9adb-872f090e5584	Bilgi Sarmalı-Tyt Ayt-Geometri Soru Bankası	248	7	0.778	high	apply	/static/crops/Bilgi_Sarmalı-Tyt_Ayt-Geometri_Soru_Bankası/Bilgi_Sarmalı-Tyt_Ayt-Geometri_Soru_Bankası_p0248_q05.png	148
656fb48b-6a95-508a-bb04-96ba8a8b724c	Bilgi Sarmalı-Tyt Ayt-Geometri Soru Bankası	248	10	0.722	high	apply	/static/crops/Bilgi_Sarmalı-Tyt_Ayt-Geometri_Soru_Bankası/Bilgi_Sarmalı-Tyt_Ayt-Geometri_Soru_Bankası_p0248_q06.png	168
4ea352f7-32fb-582a-b572-e7d6f59bb183	C1CELL-2025-Matematik Soru Bankası	98	7	0.667	mid	skip		258
7cc82365-157f-5f63-9222-3e5f4fa11966	C1CELL-2025-Matematik Soru Bankası	139	7	0.786	high	apply	/static/crops/C1CELL-2025-Matematik_Soru_Bankası/C1CELL-2025-Matematik_Soru_Bankası_p0139_q01.png	111
27630fe6-c8c9-5330-9254-00b873379628	C1CELL-2025-Matematik Soru Bankası	139	9	0.800	high	apply	/static/crops/C1CELL-2025-Matematik_Soru_Bankası/C1CELL-2025-Matematik_Soru_Bankası_p0139_q05.png	142
61c5178c-4d83-5d3b-9d5e-e62235d4ad22	C1CELL-2024-TYT-AYT-Geometri Soru Bankası	80	10	0.786	high	apply	/static/crops/C1CELL-2024-TYT-AYT-Geometri_Soru_Bankası/C1CELL-2024-TYT-AYT-Geometri_Soru_Bankası_p0080_q02.png	132
170ec88b-e142-5a06-a0b3-3f3196426636	C1CELL-2025-Matematik Soru Bankası	139	11	0.842	high	apply	/static/crops/C1CELL-2025-Matematik_Soru_Bankası/C1CELL-2025-Matematik_Soru_Bankası_p0139_q04.png	152
d90f363e-4621-578b-92d5-f6f549cfe314	C1CELL-2024-TYT-AYT-Geometri Soru Bankası	82	10	0.818	high	apply	/static/crops/C1CELL-2024-TYT-AYT-Geometri_Soru_Bankası/C1CELL-2024-TYT-AYT-Geometri_Soru_Bankası_p0082_q02.png	122
36361b3c-d78b-5b7e-b9e8-99444f880d9b	C1CELL-2024-TYT-AYT-Geometri Soru Bankası	82	8	0.909	high	apply	/static/crops/C1CELL-2024-TYT-AYT-Geometri_Soru_Bankası/C1CELL-2024-TYT-AYT-Geometri_Soru_Bankası_p0082_q04.png	100
ccc8914f-2e3c-5f8f-9e12-6b3721c1dc43	C1CELL-2024-TYT-AYT-Geometri Soru Bankası	82	11	0.727	high	apply	/static/crops/C1CELL-2024-TYT-AYT-Geometri_Soru_Bankası/C1CELL-2024-TYT-AYT-Geometri_Soru_Bankası_p0082_q03.png	86
7499f044-a352-5c7a-ab8f-f212a3e1191d	C1CELL-2024-TYT-AYT-Geometri Soru Bankası	82	12	0.692	mid	skip		110
caf6d63e-6c4f-57ae-b60a-ea686636a12a	C1CELL-2025-Matematik Soru Bankası	155	5	0.750	high	apply	/static/crops/C1CELL-2025-Matematik_Soru_Bankası/C1CELL-2025-Matematik_Soru_Bankası_p0155_q01.png	109
9e25c9ee-198e-5574-a35b-c25b070c6370	C1CELL-2024-TYT-AYT-Geometri Soru Bankası	80	8	0.812	high	apply	/static/crops/C1CELL-2024-TYT-AYT-Geometri_Soru_Bankası/C1CELL-2024-TYT-AYT-Geometri_Soru_Bankası_p0080_q03.png	140
47c8ce39-ce04-5603-ac8f-d726f1b69a97	C1CELL-2024-TYT-AYT-Geometri Soru Bankası	88	8	0.750	high	apply	/static/crops/C1CELL-2024-TYT-AYT-Geometri_Soru_Bankası/C1CELL-2024-TYT-AYT-Geometri_Soru_Bankası_p0088_q04.png	169
b747c58f-2668-5840-b163-698c3ea0bf87	C1CELL-2024-TYT-AYT-Geometri Soru Bankası	80	12	0.875	high	apply	/static/crops/C1CELL-2024-TYT-AYT-Geometri_Soru_Bankası/C1CELL-2024-TYT-AYT-Geometri_Soru_Bankası_p0080_q05.png	155
01a7f11e-5409-5562-9bd4-2dd7e7a44412	C1CELL-2024-TYT-AYT-Geometri Soru Bankası	86	10	0.812	high	apply	/static/crops/C1CELL-2024-TYT-AYT-Geometri_Soru_Bankası/C1CELL-2024-TYT-AYT-Geometri_Soru_Bankası_p0086_q02.png	143
0da97c5c-613a-542f-9133-cb02f698f0a6	C1CELL-2024-TYT-AYT-Geometri Soru Bankası	88	9	0.867	high	apply	/static/crops/C1CELL-2024-TYT-AYT-Geometri_Soru_Bankası/C1CELL-2024-TYT-AYT-Geometri_Soru_Bankası_p0088_q06.png	107
203e5229-2939-518d-a9d2-0bcf70aab22a	C1CELL-2024-TYT-AYT-Geometri Soru Bankası	86	8	1.000	high	apply	/static/crops/C1CELL-2024-TYT-AYT-Geometri_Soru_Bankası/C1CELL-2024-TYT-AYT-Geometri_Soru_Bankası_p0086_q03.png	100
d39e9d7b-6ed9-5c09-bdfb-2049c1ec1b04	C1CELL-2025-Matematik Soru Bankası	169	7	0.700	high	apply	/static/crops/C1CELL-2025-Matematik_Soru_Bankası/C1CELL-2025-Matematik_Soru_Bankası_p0169_q01.png	95
d274c236-a855-5809-9aba-f1b98780d18f	Bilgi Sarmal 2024 Tyt Kimya Soru Bankasi	154	11	0.684	mid	skip		207
f9b27a52-0b20-53e5-8fd6-f94f2a23f09b	C1CELL-2025-Matematik Soru Bankası	167	7	0.750	high	apply	/static/crops/C1CELL-2025-Matematik_Soru_Bankası/C1CELL-2025-Matematik_Soru_Bankası_p0167_q01.png	102
2ed12b59-7ad8-54b9-94b4-b90f51e9288b	Bilgi Sarmalı-Tyt Ayt-Geometri Soru Bankası	262	9	0.727	high	apply	/static/crops/Bilgi_Sarmalı-Tyt_Ayt-Geometri_Soru_Bankası/Bilgi_Sarmalı-Tyt_Ayt-Geometri_Soru_Bankası_p0262_q05.png	96
e31a70ef-5f3f-5978-af6f-f855660a7d7d	C1CELL-2024-TYT-AYT-Geometri Soru Bankası	51	11	1.000	high	apply	/static/crops/C1CELL-2024-TYT-AYT-Geometri_Soru_Bankası/C1CELL-2024-TYT-AYT-Geometri_Soru_Bankası_p0051_q04.png	122
f6b67513-ec33-58c2-b3f1-f91bf01c4791	C1CELL-2024-TYT-AYT-Geometri Soru Bankası	36	11	0.800	high	apply	/static/crops/C1CELL-2024-TYT-AYT-Geometri_Soru_Bankası/C1CELL-2024-TYT-AYT-Geometri_Soru_Bankası_p0036_q04.png	132
6dda3d81-9eb2-57e1-8e5e-793a689da089	C1CELL-2024-TYT-AYT-Geometri Soru Bankası	126	8	0.933	high	apply	/static/crops/C1CELL-2024-TYT-AYT-Geometri_Soru_Bankası/C1CELL-2024-TYT-AYT-Geometri_Soru_Bankası_p0126_q04.png	131
95c9d09f-f3e9-51e8-919c-a461b0d0a134	C1CELL-2024-TYT-AYT-Geometri Soru Bankası	38	12	0.733	high	apply	/static/crops/C1CELL-2024-TYT-AYT-Geometri_Soru_Bankası/C1CELL-2024-TYT-AYT-Geometri_Soru_Bankası_p0038_q06.png	139
d6b84480-7cf8-5bcf-ba24-9e27b3bdaf0f	C1CELL-2024-TYT-AYT-Geometri Soru Bankası	65	11	0.917	high	apply	/static/crops/C1CELL-2024-TYT-AYT-Geometri_Soru_Bankası/C1CELL-2024-TYT-AYT-Geometri_Soru_Bankası_p0065_q04.png	117
98b45d8d-3984-5eb1-bfa0-dbc1c4476cb3	Aktif Ogrenme 2025 Tyt Fizik Soru Bankası	78	15	0.129	low	skip		272
a3664434-c755-5a1f-a611-c7ff039cfcbd	Bilgi Sarmalı-Tyt Ayt-Geometri Soru Bankası	288	9	0.692	mid	skip		148
ce83c393-a644-5ea3-b1e1-e875900bf4ec	C1CELL-2024-TYT-AYT-Geometri Soru Bankası	11	10	0.529	mid	skip		156
1b2a3fb9-ecb6-5dba-bf1b-cdbf15806a0b	C1CELL-2024-TYT-AYT-Geometri Soru Bankası	126	11	0.818	high	apply	/static/crops/C1CELL-2024-TYT-AYT-Geometri_Soru_Bankası/C1CELL-2024-TYT-AYT-Geometri_Soru_Bankası_p0126_q03.png	109
308d6c68-7aca-53bb-8a55-fddfcaca43ad	C1CELL-2024-TYT-AYT-Geometri Soru Bankası	20	9	0.400	low	skip		135
33dd2982-74a4-5ddc-b885-9aa0bdbff147	C1CELL-2024-TYT-AYT-Geometri Soru Bankası	126	9	1.000	high	apply	/static/crops/C1CELL-2024-TYT-AYT-Geometri_Soru_Bankası/C1CELL-2024-TYT-AYT-Geometri_Soru_Bankası_p0126_q05.png	142
ea7304fd-e0b5-5e25-8377-80f15c6b6522	C1CELL-2024-TYT-AYT-Geometri Soru Bankası	128	9	0.833	high	apply	/static/crops/C1CELL-2024-TYT-AYT-Geometri_Soru_Bankası/C1CELL-2024-TYT-AYT-Geometri_Soru_Bankası_p0128_q05.png	156
9da27b39-b953-57c2-a59d-6c466f966ece	C1CELL-2024-TYT-AYT-Geometri Soru Bankası	126	12	1.000	high	apply	/static/crops/C1CELL-2024-TYT-AYT-Geometri_Soru_Bankası/C1CELL-2024-TYT-AYT-Geometri_Soru_Bankası_p0126_q06.png	181
06fcbb85-f0dd-5a51-b589-c8a59db20f6e	C1CELL-2024-TYT-AYT-Geometri Soru Bankası	132	10	1.000	high	apply	/static/crops/C1CELL-2024-TYT-AYT-Geometri_Soru_Bankası/C1CELL-2024-TYT-AYT-Geometri_Soru_Bankası_p0132_q02.png	104
be6cd388-a1b9-5804-8b1d-725f1c5cdcdc	C1CELL-2024-TYT-AYT-Geometri Soru Bankası	132	9	1.000	high	apply	/static/crops/C1CELL-2024-TYT-AYT-Geometri_Soru_Bankası/C1CELL-2024-TYT-AYT-Geometri_Soru_Bankası_p0132_q05.png	118
007be82a-1ada-5639-98dd-c63cc04ad98a	C1CELL-2024-TYT-AYT-Geometri Soru Bankası	134	9	0.714	high	apply	/static/crops/C1CELL-2024-TYT-AYT-Geometri_Soru_Bankası/C1CELL-2024-TYT-AYT-Geometri_Soru_Bankası_p0134_q05.png	129
e781d271-dd23-5ec5-8dcd-b01eeba74321	C1CELL-2024-TYT-AYT-Geometri Soru Bankası	132	11	1.000	high	apply	/static/crops/C1CELL-2024-TYT-AYT-Geometri_Soru_Bankası/C1CELL-2024-TYT-AYT-Geometri_Soru_Bankası_p0132_q04.png	110
acdd4cc2-a64b-5d5a-9942-1a06cab000c2	C1CELL-2024-TYT-AYT-Geometri Soru Bankası	130	8	0.733	high	apply	/static/crops/C1CELL-2024-TYT-AYT-Geometri_Soru_Bankası/C1CELL-2024-TYT-AYT-Geometri_Soru_Bankası_p0130_q03.png	137
995b010f-65cb-5d75-8fdd-68e7bbb42e20	Bilgi Sarmal 2024 Tyt Kimya Soru Bankasi	136	7	0	error	error		0
5593b344-f965-5b62-b0fb-3cf78e7d6164	C1CELL-2024-TYT-AYT-Geometri Soru Bankası	132	8	0.727	high	apply	/static/crops/C1CELL-2024-TYT-AYT-Geometri_Soru_Bankası/C1CELL-2024-TYT-AYT-Geometri_Soru_Bankası_p0132_q03.png	86
98ee1ed9-8b99-50d5-b81b-af744fa2ff41	C1CELL-2024-TYT-AYT-Geometri Soru Bankası	136	12	0.867	high	apply	/static/crops/C1CELL-2024-TYT-AYT-Geometri_Soru_Bankası/C1CELL-2024-TYT-AYT-Geometri_Soru_Bankası_p0136_q05.png	154
2a7a8565-c73d-57f9-bf38-85dcad879417	C1CELL-2024-TYT-AYT-Geometri Soru Bankası	134	12	0.333	low	skip		138
a167b0d9-4712-51de-b155-7f89776c82b0	C1CELL-2024-TYT-AYT-Geometri Soru Bankası	138	9	0.500	mid	skip		88
3920010f-960b-5271-b694-dfa8c1901959	C1CELL-2024-TYT-AYT-Geometri Soru Bankası	147	10	0.842	high	apply	/static/crops/C1CELL-2024-TYT-AYT-Geometri_Soru_Bankası/C1CELL-2024-TYT-AYT-Geometri_Soru_Bankası_p0147_q02.png	177
b78e4720-2f2a-5303-bcab-5b241c6d646c	C1CELL-2024-TYT-AYT-Geometri Soru Bankası	150	7	1.000	high	apply	/static/crops/C1CELL-2024-TYT-AYT-Geometri_Soru_Bankası/C1CELL-2024-TYT-AYT-Geometri_Soru_Bankası_p0150_q05.png	105
0cfc2f61-14c8-506c-a0b4-d8c47517caa0	C1CELL-2024-TYT-AYT-Geometri Soru Bankası	150	8	1.000	high	apply	/static/crops/C1CELL-2024-TYT-AYT-Geometri_Soru_Bankası/C1CELL-2024-TYT-AYT-Geometri_Soru_Bankası_p0150_q02.png	202
4caddedb-fb1c-5c21-afa4-dc4a6228b54a	C1CELL-2024-TYT-AYT-Geometri Soru Bankası	130	11	0	error	error		0
a65fe5a5-7a9b-5dde-b275-133dd9e84c21	C1CELL-2024-TYT-AYT-Geometri Soru Bankası	128	11	0	error	error		0
d6debd32-48a1-56b0-b297-4b78ccd37fdb	C1CELL-2024-TYT-AYT-Geometri Soru Bankası	150	10	0.850	high	apply	/static/crops/C1CELL-2024-TYT-AYT-Geometri_Soru_Bankası/C1CELL-2024-TYT-AYT-Geometri_Soru_Bankası_p0150_q06.png	168
e3e83a55-45fe-56cf-8175-9ee4932c9bae	C1CELL-2024-TYT-AYT-Geometri Soru Bankası	281	11	0.933	high	apply	/static/crops/C1CELL-2024-TYT-AYT-Geometri_Soru_Bankası/C1CELL-2024-TYT-AYT-Geometri_Soru_Bankası_p0281_q03.png	134
4de5ed31-5d00-5c51-a430-a02433837ee1	C1CELL-2024-TYT-AYT-Geometri Soru Bankası	281	9	0.933	high	apply	/static/crops/C1CELL-2024-TYT-AYT-Geometri_Soru_Bankası/C1CELL-2024-TYT-AYT-Geometri_Soru_Bankası_p0281_q06.png	137
a78bd1bc-f6db-5624-b8ba-a28c97b9daf5	C1CELL-2024-TYT-AYT-Geometri Soru Bankası	281	10	1.000	high	apply	/static/crops/C1CELL-2024-TYT-AYT-Geometri_Soru_Bankası/C1CELL-2024-TYT-AYT-Geometri_Soru_Bankası_p0281_q02.png	117
17e0b862-fd70-5738-9971-a3729a224344	C1CELL-2024-TYT-AYT-Geometri Soru Bankası	285	8	0.455	low	skip		92
de200a17-6679-5571-a40d-50d3d5d5131b	C1CELL-2024-TYT-AYT-Geometri Soru Bankası	293	10	1.000	high	apply	/static/crops/C1CELL-2024-TYT-AYT-Geometri_Soru_Bankası/C1CELL-2024-TYT-AYT-Geometri_Soru_Bankası_p0293_q02.png	104
5a926925-f34a-533a-98b2-356c035439f7	C1CELL-2024-TYT-AYT-Geometri Soru Bankası	150	9	0.923	high	apply	/static/crops/C1CELL-2024-TYT-AYT-Geometri_Soru_Bankası/C1CELL-2024-TYT-AYT-Geometri_Soru_Bankası_p0150_q04.png	151
65d2736f-1084-5541-b0f5-a50fafe92d5b	C1CELL-2024-TYT-AYT-Geometri Soru Bankası	299	8	1.000	high	apply	/static/crops/C1CELL-2024-TYT-AYT-Geometri_Soru_Bankası/C1CELL-2024-TYT-AYT-Geometri_Soru_Bankası_p0299_q03.png	142
4560071a-ff4c-5a13-930a-fcecf0a57677	C1CELL-2024-TYT-AYT-Geometri Soru Bankası	138	11	0	error	error		0
a8e2422d-d359-5c3f-a616-7716c077d8c5	C1CELL-2024-TYT-AYT-Geometri Soru Bankası	289	12	0.667	mid	skip		72
cf240c7e-abcf-5566-9180-c37bc02b7ad2	C1CELL-2024-TYT-AYT-Geometri Soru Bankası	88	11	0.529	mid	skip		141
0099ae76-4317-5cdf-92f3-c5c65e29adea	C1CELL-2024-TYT-AYT-Geometri Soru Bankası	88	10	0.722	high	apply	/static/crops/C1CELL-2024-TYT-AYT-Geometri_Soru_Bankası/C1CELL-2024-TYT-AYT-Geometri_Soru_Bankası_p0088_q02.png	154
96896513-858c-5912-8218-0b31fd28869c	C1CELL-2024-TYT-AYT-Geometri Soru Bankası	289	8	1.000	high	apply	/static/crops/C1CELL-2024-TYT-AYT-Geometri_Soru_Bankası/C1CELL-2024-TYT-AYT-Geometri_Soru_Bankası_p0289_q04.png	153
589e48b6-a60a-5296-b726-e613760d584d	C1CELL-2024-TYT-AYT-Geometri Soru Bankası	88	12	0.889	high	apply	/static/crops/C1CELL-2024-TYT-AYT-Geometri_Soru_Bankası/C1CELL-2024-TYT-AYT-Geometri_Soru_Bankası_p0088_q05.png	168
8db3b767-35e5-595f-b2c6-42f59a0520a5	C1CELL-2024-TYT-AYT-Geometri Soru Bankası	105	10	0.692	mid	skip		120
9c513602-df10-5722-9693-e59556fdb442	C1CELL-2024-TYT-AYT-Geometri Soru Bankası	95	10	0.800	high	apply	/static/crops/C1CELL-2024-TYT-AYT-Geometri_Soru_Bankası/C1CELL-2024-TYT-AYT-Geometri_Soru_Bankası_p0095_q02.png	112
976ec834-1890-5364-b73e-451246f01a2b	C1CELL-2024-TYT-AYT-Geometri Soru Bankası	293	8	0	error	error		0
e176d068-bb66-59e7-ba74-8989f9885efd	C1CELL-2025-Matematik Soru Bankası	302	7	0.955	high	apply	/static/crops/C1CELL-2025-Matematik_Soru_Bankası/C1CELL-2025-Matematik_Soru_Bankası_p0302_q02.png	221
f6a3ea1a-2e98-527e-9fdf-ce3bd974e96f	C1CELL-2024-TYT-AYT-Geometri Soru Bankası	105	11	0.917	high	apply	/static/crops/C1CELL-2024-TYT-AYT-Geometri_Soru_Bankası/C1CELL-2024-TYT-AYT-Geometri_Soru_Bankası_p0105_q04.png	132
e18372ae-23a9-56f3-8a16-abd8d2443c78	C1CELL-2024-TYT-AYT-Geometri Soru Bankası	309	9	0	error	error		0
6e419936-c5d7-5022-8e78-f0025ca92eeb	C1CELL-2024-TYT-AYT-Geometri Soru Bankası	93	12	0.765	high	apply	/static/crops/C1CELL-2024-TYT-AYT-Geometri_Soru_Bankası/C1CELL-2024-TYT-AYT-Geometri_Soru_Bankası_p0093_q06.png	160
65db6845-0e2a-5c80-8443-5189a3c3e0f1	Bilgi Sarmal 2025 Tyt Kimya Video Ders Kitabı	74	19	0.765	high	apply	/static/crops/Bilgi_Sarmal_2025_Tyt_Kimya_Video_Ders_Kitabı/Bilgi_Sarmal_2025_Tyt_Kimya_Video_Ders_Kitabı_p0074_q04.png	398
74811650-eb7b-5be8-a13c-ead673a1ba37	C1CELL-2024-TYT-AYT-Geometri Soru Bankası	111	8	0.923	high	apply	/static/crops/C1CELL-2024-TYT-AYT-Geometri_Soru_Bankası/C1CELL-2024-TYT-AYT-Geometri_Soru_Bankası_p0111_q03.png	143
1688d5d1-af18-53f0-ad0d-51b67ff8ea23	C1CELL-2024-TYT-AYT-Geometri Soru Bankası	111	11	0.933	high	apply	/static/crops/C1CELL-2024-TYT-AYT-Geometri_Soru_Bankası/C1CELL-2024-TYT-AYT-Geometri_Soru_Bankası_p0111_q04.png	144
cb066f29-a199-5917-88b0-18a63dafa6df	C1CELL-2024-TYT-AYT-Geometri Soru Bankası	113	8	0.786	high	apply	/static/crops/C1CELL-2024-TYT-AYT-Geometri_Soru_Bankası/C1CELL-2024-TYT-AYT-Geometri_Soru_Bankası_p0113_q03.png	124
fccfb5bb-8011-5779-aa32-d5f858ea455a	C1CELL-2024-TYT-AYT-Geometri Soru Bankası	111	10	0.765	high	apply	/static/crops/C1CELL-2024-TYT-AYT-Geometri_Soru_Bankası/C1CELL-2024-TYT-AYT-Geometri_Soru_Bankası_p0111_q02.png	158
41fbaa80-5c3b-5243-8dea-41d5b76856ac	C1CELL-2024-TYT-AYT-Geometri Soru Bankası	95	9	0	error	error		0
ab477e72-f945-547d-b2ef-d282924874e9	C1CELL-2024-TYT-AYT-Geometri Soru Bankası	113	12	0.692	mid	skip		120
316db4ca-c3a0-51a0-b452-dd6c9a1ce740	Bilgi Sarmal 2025 Tyt Kimya Video Ders Kitabı	66	7	0	error	error		0
60dec025-920e-5941-8510-7a5662594490	C1CELL-2024-TYT-AYT-Geometri Soru Bankası	155	11	0.714	high	apply	/static/crops/C1CELL-2024-TYT-AYT-Geometri_Soru_Bankası/C1CELL-2024-TYT-AYT-Geometri_Soru_Bankası_p0155_q04.png	116
dec614c8-735f-5f67-a5b9-c2ee74511436	C1CELL-2024-TYT-AYT-Geometri Soru Bankası	113	11	0.733	high	apply	/static/crops/C1CELL-2024-TYT-AYT-Geometri_Soru_Bankası/C1CELL-2024-TYT-AYT-Geometri_Soru_Bankası_p0113_q04.png	133
1ce8d4be-d907-59b0-b7e8-a64317b74154	C1CELL-2024-TYT-AYT-Geometri Soru Bankası	152	10	0.737	high	apply	/static/crops/C1CELL-2024-TYT-AYT-Geometri_Soru_Bankası/C1CELL-2024-TYT-AYT-Geometri_Soru_Bankası_p0152_q02.png	219
cffc059c-eeaa-5ceb-a615-8d149ef523ed	C1CELL-2024-TYT-AYT-Geometri Soru Bankası	187	9	0.800	high	apply	/static/crops/C1CELL-2024-TYT-AYT-Geometri_Soru_Bankası/C1CELL-2024-TYT-AYT-Geometri_Soru_Bankası_p0187_q06.png	90
b970825a-27ed-53fe-85fb-0ef218f2715c	C1CELL-2024-TYT-AYT-Geometri Soru Bankası	161	7	0.769	high	apply	/static/crops/C1CELL-2024-TYT-AYT-Geometri_Soru_Bankası/C1CELL-2024-TYT-AYT-Geometri_Soru_Bankası_p0161_q04.png	119
5c8a41bb-bb10-5226-8c34-d995cfebe87b	C1CELL-2024-TYT-AYT-Geometri Soru Bankası	105	12	0	error	error		0
ec3ef042-85be-524e-9ac2-c5d65a3a8860	C1CELL-2024-TYT-AYT-Geometri Soru Bankası	113	10	0.786	high	apply	/static/crops/C1CELL-2024-TYT-AYT-Geometri_Soru_Bankası/C1CELL-2024-TYT-AYT-Geometri_Soru_Bankası_p0113_q02.png	116
972ac6f2-c41d-5e0d-acaf-3caaee592f54	C1CELL-2024-TYT-AYT-Geometri Soru Bankası	187	10	0.636	mid	skip		110
895eca06-68ee-53aa-93b1-e45d34905c6e	C1CELL-2024-TYT-AYT-Geometri Soru Bankası	204	8	0.857	high	apply	/static/crops/C1CELL-2024-TYT-AYT-Geometri_Soru_Bankası/C1CELL-2024-TYT-AYT-Geometri_Soru_Bankası_p0204_q04.png	123
29606c61-74f0-5973-8bd4-0ca28179bfcd	C1CELL-2024-TYT-AYT-Geometri Soru Bankası	172	9	0.769	high	apply	/static/crops/C1CELL-2024-TYT-AYT-Geometri_Soru_Bankası/C1CELL-2024-TYT-AYT-Geometri_Soru_Bankası_p0172_q05.png	173
20ba4bd4-f276-5970-acfb-409625119976	C1CELL-2024-TYT-AYT-Geometri Soru Bankası	113	9	0	error	error		0
d3a71326-9e07-5a9f-a39b-d0a64375da08	C1CELL-2024-TYT-AYT-Geometri Soru Bankası	152	12	0	error	error		0
35db9c72-4c9d-55ea-aaba-037b8a7d82b6	C1CELL-2024-TYT-AYT-Geometri Soru Bankası	170	8	0.722	high	apply	/static/crops/C1CELL-2024-TYT-AYT-Geometri_Soru_Bankası/C1CELL-2024-TYT-AYT-Geometri_Soru_Bankası_p0170_q03.png	148
6400a6bc-684a-54cb-bddd-ff535d3393ca	C1CELL-2024-TYT-AYT-Geometri Soru Bankası	204	10	0.765	high	apply	/static/crops/C1CELL-2024-TYT-AYT-Geometri_Soru_Bankası/C1CELL-2024-TYT-AYT-Geometri_Soru_Bankası_p0204_q01.png	134
ec79e729-fe0d-5839-a7cf-f34c9d370f3b	C1CELL-2024-TYT-AYT-Geometri Soru Bankası	215	11	0.786	high	apply	/static/crops/C1CELL-2024-TYT-AYT-Geometri_Soru_Bankası/C1CELL-2024-TYT-AYT-Geometri_Soru_Bankası_p0215_q04.png	119
bdf36019-97ca-55f3-8d7e-c36646129ec0	C1CELL-2024-TYT-AYT-Geometri Soru Bankası	215	8	0.867	high	apply	/static/crops/C1CELL-2024-TYT-AYT-Geometri_Soru_Bankası/C1CELL-2024-TYT-AYT-Geometri_Soru_Bankası_p0215_q03.png	131
62f48ab7-2e8f-535a-a4f3-9fee466c7d9a	C1CELL-2024-TYT-AYT-Geometri Soru Bankası	206	11	0.733	high	apply	/static/crops/C1CELL-2024-TYT-AYT-Geometri_Soru_Bankası/C1CELL-2024-TYT-AYT-Geometri_Soru_Bankası_p0206_q04.png	139
53c1eefb-95fd-5a59-a0cd-9621e824d62d	C1CELL-2024-TYT-AYT-Geometri Soru Bankası	217	11	0.867	high	apply	/static/crops/C1CELL-2024-TYT-AYT-Geometri_Soru_Bankası/C1CELL-2024-TYT-AYT-Geometri_Soru_Bankası_p0217_q04.png	120
7218a965-1129-5160-9d48-66631d28e804	C1CELL-2024-TYT-AYT-Geometri Soru Bankası	204	12	0.562	mid	skip		134
9d653afe-314e-5022-940e-6b1965652f93	C1CELL-2024-TYT-AYT-Geometri Soru Bankası	202	12	0	error	error		0
ea73f9ac-46bd-583c-953b-1d1768d75858	C1CELL-2024-TYT-AYT-Geometri Soru Bankası	202	10	0.529	mid	skip		122
acfda925-6976-5ff2-8e70-8d7f0fc0d47d	C1CELL-2024-TYT-AYT-Geometri Soru Bankası	221	11	1.000	high	apply	/static/crops/C1CELL-2024-TYT-AYT-Geometri_Soru_Bankası/C1CELL-2024-TYT-AYT-Geometri_Soru_Bankası_p0221_q04.png	120
fc6bc4ec-f963-51cb-a4b9-fb79f872933a	C1CELL-2024-TYT-AYT-Geometri Soru Bankası	219	12	0.714	high	apply	/static/crops/C1CELL-2024-TYT-AYT-Geometri_Soru_Bankası/C1CELL-2024-TYT-AYT-Geometri_Soru_Bankası_p0219_q05.png	129
8409cc12-fc38-534e-9bc3-99f683350bd3	C1CELL-2024-TYT-AYT-Geometri Soru Bankası	217	8	0.812	high	apply	/static/crops/C1CELL-2024-TYT-AYT-Geometri_Soru_Bankası/C1CELL-2024-TYT-AYT-Geometri_Soru_Bankası_p0217_q03.png	178
33175eca-9c5d-5f4e-94af-b5da98a34c22	C1CELL-2024-TYT-AYT-Geometri Soru Bankası	221	8	0.933	high	apply	/static/crops/C1CELL-2024-TYT-AYT-Geometri_Soru_Bankası/C1CELL-2024-TYT-AYT-Geometri_Soru_Bankası_p0221_q03.png	121
ca4fb9f5-2879-53bb-a782-6f54661f7188	C1CELL-2024-TYT-AYT-Geometri Soru Bankası	230	9	0.846	high	apply	/static/crops/C1CELL-2024-TYT-AYT-Geometri_Soru_Bankası/C1CELL-2024-TYT-AYT-Geometri_Soru_Bankası_p0230_q06.png	129
b22c8249-3e80-5515-ba95-01ca3c8c0db1	C1CELL-2024-TYT-AYT-Geometri Soru Bankası	221	12	0.722	high	apply	/static/crops/C1CELL-2024-TYT-AYT-Geometri_Soru_Bankası/C1CELL-2024-TYT-AYT-Geometri_Soru_Bankası_p0221_q05.png	169
e526bd09-6253-526e-bc2d-92d95bb7a5de	C1CELL-2024-TYT-AYT-Geometri Soru Bankası	232	12	0.778	high	apply	/static/crops/C1CELL-2024-TYT-AYT-Geometri_Soru_Bankası/C1CELL-2024-TYT-AYT-Geometri_Soru_Bankası_p0232_q06.png	160
cec72975-c534-52c0-9f32-3ada7bf1a0d2	C1CELL-2024-TYT-AYT-Geometri Soru Bankası	232	9	0.850	high	apply	/static/crops/C1CELL-2024-TYT-AYT-Geometri_Soru_Bankası/C1CELL-2024-TYT-AYT-Geometri_Soru_Bankası_p0232_q05.png	201
afaa59e2-a22e-50cf-b48f-75c72affe8d0	C1CELL-2024-TYT-AYT-Geometri Soru Bankası	28	9	0.455	low	skip		84
c4916411-715a-5878-927d-3016e948328f	C1CELL-2024-TYT-AYT-Geometri Soru Bankası	28	11	0.714	high	apply	/static/crops/C1CELL-2024-TYT-AYT-Geometri_Soru_Bankası/C1CELL-2024-TYT-AYT-Geometri_Soru_Bankası_p0028_q03.png	116
01701d47-6b9d-5306-abd3-22ebb4bb6161	C1CELL-2024-TYT-AYT-Geometri Soru Bankası	219	9	0.800	high	apply	/static/crops/C1CELL-2024-TYT-AYT-Geometri_Soru_Bankası/C1CELL-2024-TYT-AYT-Geometri_Soru_Bankası_p0219_q06.png	125
46a4ee96-5097-5d72-96b3-92d73829c82e	C1CELL-2024-TYT-AYT-Geometri Soru Bankası	22	9	0.182	low	skip		92
dfad16ee-fef0-55f2-a68d-1599e1e1de5c	C1CELL-2024-TYT-AYT-Geometri Soru Bankası	20	10	0.867	high	apply	/static/crops/C1CELL-2024-TYT-AYT-Geometri_Soru_Bankası/C1CELL-2024-TYT-AYT-Geometri_Soru_Bankası_p0020_q02.png	218
7a7315d4-7648-5b03-b0ed-b9c1ca96e23a	C1CELL-2024-TYT-AYT-Geometri Soru Bankası	243	12	1.000	high	apply	/static/crops/C1CELL-2024-TYT-AYT-Geometri_Soru_Bankası/C1CELL-2024-TYT-AYT-Geometri_Soru_Bankası_p0243_q05.png	140
2210ab28-4cab-54c8-94ab-fd4ae0fba95f	C1CELL-2024-TYT-AYT-Geometri Soru Bankası	219	11	0	error	error		0
dcfbe12c-5808-576f-9081-04409adf4e59	C1CELL-2024-TYT-AYT-Geometri Soru Bankası	251	8	0.714	high	apply	/static/crops/C1CELL-2024-TYT-AYT-Geometri_Soru_Bankası/C1CELL-2024-TYT-AYT-Geometri_Soru_Bankası_p0251_q04.png	128
9ea6c387-4ad6-5e28-a44c-098740fc568e	C1CELL-2024-TYT-AYT-Geometri Soru Bankası	253	10	1.000	high	apply	/static/crops/C1CELL-2024-TYT-AYT-Geometri_Soru_Bankası/C1CELL-2024-TYT-AYT-Geometri_Soru_Bankası_p0253_q02.png	127
b157a055-9ff9-5043-940b-5477e5d85599	C1CELL-2024-TYT-AYT-Geometri Soru Bankası	251	9	0.667	mid	skip		137
8d77f884-e3a7-5fa0-a53d-231d993e52e8	C1CELL-2024-TYT-AYT-Geometri Soru Bankası	251	12	0.714	high	apply	/static/crops/C1CELL-2024-TYT-AYT-Geometri_Soru_Bankası/C1CELL-2024-TYT-AYT-Geometri_Soru_Bankası_p0251_q06.png	122
6bdc3674-ed59-500e-8a55-42a2a3791f66	C1CELL-2024-TYT-AYT-Geometri Soru Bankası	245	8	1.000	high	apply	/static/crops/C1CELL-2024-TYT-AYT-Geometri_Soru_Bankası/C1CELL-2024-TYT-AYT-Geometri_Soru_Bankası_p0245_q03.png	124
365be93c-90d1-55af-9882-a333e0779208	C1CELL-2024-TYT-AYT-Geometri Soru Bankası	338	11	0.545	mid	skip		221
dd0f04a2-dc75-5e54-9a0b-bf765d332c47	C1CELL-2024-TYT-AYT-Geometri Soru Bankası	251	11	0.571	mid	skip		122
124a917e-2867-51e1-8212-bc9b7140dd1b	C1CELL-2024-TYT-AYT-Geometri Soru Bankası	330	12	0.900	high	apply	/static/crops/C1CELL-2024-TYT-AYT-Geometri_Soru_Bankası/C1CELL-2024-TYT-AYT-Geometri_Soru_Bankası_p0330_q05.png	188
14a2a8f0-bbce-58ba-8aa4-ae424316e411	C1CELL-2024-TYT-AYT-Geometri Soru Bankası	253	12	0.800	high	apply	/static/crops/C1CELL-2024-TYT-AYT-Geometri_Soru_Bankası/C1CELL-2024-TYT-AYT-Geometri_Soru_Bankası_p0253_q05.png	128
82494fcc-b791-53a7-a8cf-705ee4f09627	Aktif Ogrenme 2025 Tyt Fizik Soru Bankası	71	2	0.435	low	skip		197
bb4e1be3-bbc2-5596-b6bd-2136a8451978	Bilgi Sarmal Turk Dili ve Edebiyatı Sosyal Bilimler 1	113	35	0.473	low	skip		527
89da424f-722b-50e8-8cba-a1302a07ae5b	Bilgi Sarmalı-2022-2023-Tyt Ayt-Geometri Soru Bankası	78	8	0.857	high	apply	/static/crops/Bilgi_Sarmalı-2022-2023-Tyt_Ayt-Geometri_Soru_Bankası/Bilgi_Sarmalı-2022-2023-Tyt_Ayt-Geometri_Soru_Bankası_p0078_q04.png	130
36a7f67e-0bde-53c7-b421-cb3c7058d700	C1CELL-2024-TYT-AYT-Geometri Soru Bankası	245	10	0.833	high	apply	/static/crops/C1CELL-2024-TYT-AYT-Geometri_Soru_Bankası/C1CELL-2024-TYT-AYT-Geometri_Soru_Bankası_p0245_q02.png	193
91d0f454-9fba-5793-a737-c65ec8d47ddb	C1CELL-2024-TYT-AYT-Geometri Soru Bankası	338	12	0.571	mid	skip		172
cbda4cf1-25f6-5eff-a42f-c1eb41f46c4e	Bilgi Sarmalı-2022-2023-Tyt Ayt-Geometri Soru Bankası	102	8	0.769	high	apply	/static/crops/Bilgi_Sarmalı-2022-2023-Tyt_Ayt-Geometri_Soru_Bankası/Bilgi_Sarmalı-2022-2023-Tyt_Ayt-Geometri_Soru_Bankası_p0102_q03.png	122
c116634b-8639-5387-92ce-8b48a2abcb2a	Bilgi Sarmalı-2022-2023-Tyt Ayt-Geometri Soru Bankası	90	8	0.769	high	apply	/static/crops/Bilgi_Sarmalı-2022-2023-Tyt_Ayt-Geometri_Soru_Bankası/Bilgi_Sarmalı-2022-2023-Tyt_Ayt-Geometri_Soru_Bankası_p0090_q03.png	128
7aaf1667-d61a-50da-9c4e-bb50af7e7491	Bilgi Sarmalı-2022-2023-Tyt Ayt-Geometri Soru Bankası	250	9	0.786	high	apply	/static/crops/Bilgi_Sarmalı-2022-2023-Tyt_Ayt-Geometri_Soru_Bankası/Bilgi_Sarmalı-2022-2023-Tyt_Ayt-Geometri_Soru_Bankası_p0250_q03.png	132
ba8f0c16-84c6-598a-b9c0-d4187b623bcc	C1CELL-2024-TYT-Matematik Soru Bankası	202	9	0.494	low	skip		781
8b53653c-4611-5fdf-af32-821ab2365948	Bilgi Sarmalı-2022-2023-Tyt Ayt-Geometri Soru Bankası	280	10	0.889	high	apply	/static/crops/Bilgi_Sarmalı-2022-2023-Tyt_Ayt-Geometri_Soru_Bankası/Bilgi_Sarmalı-2022-2023-Tyt_Ayt-Geometri_Soru_Bankası_p0280_q02.png	146
864c18ec-a35c-57d4-8e0f-eb3e898fd7d6	Bilgi Sarmalı-2022-2023-Tyt Ayt-Geometri Soru Bankası	288	8	0.955	high	apply	/static/crops/Bilgi_Sarmalı-2022-2023-Tyt_Ayt-Geometri_Soru_Bankası/Bilgi_Sarmalı-2022-2023-Tyt_Ayt-Geometri_Soru_Bankası_p0288_q05.png	189
679acddf-315f-50d6-a13e-7410814ef4fa	Bilgi Sarmalı-2022-2023-Tyt Ayt-Geometri Soru Bankası	78	12	0.923	high	apply	/static/crops/Bilgi_Sarmalı-2022-2023-Tyt_Ayt-Geometri_Soru_Bankası/Bilgi_Sarmalı-2022-2023-Tyt_Ayt-Geometri_Soru_Bankası_p0078_q05.png	135
b553836c-1a91-583b-99d5-4111fe8399a9	Bilgi Sarmalı-2024-Ayt-Matematik Soru Bankası	410	7	0	error	error		0
796009a4-6f91-5d24-9fae-6b726d07fa1f	Bilgi Sarmalı-2022-2023-Tyt Ayt-Geometri Soru Bankası	58	10	0.692	mid	skip		126
6b37d7be-1033-5074-b8f5-bc3c1a85a91a	C1CELL-2024-TYT-Matematik Soru Bankası	21	14	0	error	error		0
928139f6-fc41-51ec-a5ff-d7a27c5e2ae3	Bilgi Sarmalı-2022-2023-Tyt Ayt-Geometri Soru Bankası	124	8	0.846	high	apply	/static/crops/Bilgi_Sarmalı-2022-2023-Tyt_Ayt-Geometri_Soru_Bankası/Bilgi_Sarmalı-2022-2023-Tyt_Ayt-Geometri_Soru_Bankası_p0124_q04.png	128
819198cd-e42b-52dd-92e4-c197424c87cb	Bilgi Sarmalı-2022-2023-Tyt Ayt-Geometri Soru Bankası	186	9	0.889	high	apply	/static/crops/Bilgi_Sarmalı-2022-2023-Tyt_Ayt-Geometri_Soru_Bankası/Bilgi_Sarmalı-2022-2023-Tyt_Ayt-Geometri_Soru_Bankası_p0186_q03.png	172
4e5b745c-b921-57b5-8440-387a5d0479b5	Bilgi Sarmalı-2022-2023-Tyt Ayt-Geometri Soru Bankası	288	10	0.667	mid	skip		154
c1e451a5-778c-583f-8cbd-ed9c8d4eb4f9	Bilgi Sarmalı-2022-2023-Tyt Ayt-Geometri Soru Bankası	194	7	0.714	high	apply	/static/crops/Bilgi_Sarmalı-2022-2023-Tyt_Ayt-Geometri_Soru_Bankası/Bilgi_Sarmalı-2022-2023-Tyt_Ayt-Geometri_Soru_Bankası_p0194_q05.png	133
924c69b3-6f47-5a3a-a3e7-157a0bd4f4ef	Bilgi Sarmalı-2022-2023-Tyt Ayt-Geometri Soru Bankası	200	9	0.909	high	apply	/static/crops/Bilgi_Sarmalı-2022-2023-Tyt_Ayt-Geometri_Soru_Bankası/Bilgi_Sarmalı-2022-2023-Tyt_Ayt-Geometri_Soru_Bankası_p0200_q06.png	104
c8ab27d0-9eac-5b4f-a918-9086d62ad203	Bilgi Sarmalı-2022-2023-Tyt Ayt-Geometri Soru Bankası	212	11	0.750	high	apply	/static/crops/Bilgi_Sarmalı-2022-2023-Tyt_Ayt-Geometri_Soru_Bankası/Bilgi_Sarmalı-2022-2023-Tyt_Ayt-Geometri_Soru_Bankası_p0212_q06.png	114
f5067eec-471c-5c56-b409-9fcaf8dc46f1	Bilgi Sarmalı-2022-2023-Tyt Ayt-Geometri Soru Bankası	212	10	0.833	high	apply	/static/crops/Bilgi_Sarmalı-2022-2023-Tyt_Ayt-Geometri_Soru_Bankası/Bilgi_Sarmalı-2022-2023-Tyt_Ayt-Geometri_Soru_Bankası_p0212_q04.png	117
a41626a6-fcb8-5cf5-92f4-0c3f97ad0f7e	Bilgi Sarmalı-2022-2023-Tyt Ayt-Geometri Soru Bankası	212	7	0.714	high	apply	/static/crops/Bilgi_Sarmalı-2022-2023-Tyt_Ayt-Geometri_Soru_Bankası/Bilgi_Sarmalı-2022-2023-Tyt_Ayt-Geometri_Soru_Bankası_p0212_q03.png	121
ac6f3d00-daaa-52c0-852a-ff87eb23bab3	Bilgi Sarmalı-2022-2023-Tyt Ayt-Geometri Soru Bankası	146	8	0.800	high	apply	/static/crops/Bilgi_Sarmalı-2022-2023-Tyt_Ayt-Geometri_Soru_Bankası/Bilgi_Sarmalı-2022-2023-Tyt_Ayt-Geometri_Soru_Bankası_p0146_q04.png	168
7f694d5f-722a-5075-8933-160a29264d5b	Bilgi Sarmalı-2022-2023-Tyt Ayt-Geometri Soru Bankası	200	10	0.692	mid	skip		104
79c4f891-54da-59d6-9f37-0c029d0ff75d	Bilgi Sarmalı-2022-2023-Tyt Ayt-Geometri Soru Bankası	194	6	0.615	mid	skip		129
d23796e3-68ad-55b3-9416-2c915acadfe6	Bilgi Sarmalı-2022-2023-Tyt Ayt-Geometri Soru Bankası	366	8	0.867	high	apply	/static/crops/Bilgi_Sarmalı-2022-2023-Tyt_Ayt-Geometri_Soru_Bankası/Bilgi_Sarmalı-2022-2023-Tyt_Ayt-Geometri_Soru_Bankası_p0366_q02.png	144
81cd4ffa-d71c-5767-b584-13bd04ea5a93	C1CELL-2025-Matematik Soru Bankası	139	10	0.800	high	apply	/static/crops/C1CELL-2025-Matematik_Soru_Bankası/C1CELL-2025-Matematik_Soru_Bankası_p0139_q02.png	142
d49b6f76-0dff-5c1b-8cee-4def7f7d11fd	Bilgi Sarmalı-2022-2023-Tyt Ayt-Geometri Soru Bankası	114	7	0.826	high	apply	/static/crops/Bilgi_Sarmalı-2022-2023-Tyt_Ayt-Geometri_Soru_Bankası/Bilgi_Sarmalı-2022-2023-Tyt_Ayt-Geometri_Soru_Bankası_p0114_q04.png	247
171855b0-c26e-509c-97a7-7788aa6c2772	C1CELL-2025-Matematik Soru Bankası	155	6	0.818	high	apply	/static/crops/C1CELL-2025-Matematik_Soru_Bankası/C1CELL-2025-Matematik_Soru_Bankası_p0155_q03.png	110
db41f348-5be7-5ac5-a35d-49a09c35e864	C1CELL-2025-Matematik Soru Bankası	169	8	0.909	high	apply	/static/crops/C1CELL-2025-Matematik_Soru_Bankası/C1CELL-2025-Matematik_Soru_Bankası_p0169_q03.png	111
84004bfc-8d24-5bcf-a7a0-ed267457885f	C1CELL-2025-Matematik Soru Bankası	163	9	0.800	high	apply	/static/crops/C1CELL-2025-Matematik_Soru_Bankası/C1CELL-2025-Matematik_Soru_Bankası_p0163_q05.png	176
5086e43b-c63a-5c57-8bac-04ceb6972701	C1CELL-2025-Matematik Soru Bankası	169	10	0.846	high	apply	/static/crops/C1CELL-2025-Matematik_Soru_Bankası/C1CELL-2025-Matematik_Soru_Bankası_p0169_q02.png	141
8341f034-1b11-51e6-819f-94b49ad047b0	Bilgi Sarmalı-2022-2023-Tyt Ayt-Geometri Soru Bankası	304	10	0.923	high	apply	/static/crops/Bilgi_Sarmalı-2022-2023-Tyt_Ayt-Geometri_Soru_Bankası/Bilgi_Sarmalı-2022-2023-Tyt_Ayt-Geometri_Soru_Bankası_p0304_q06.png	227
7abc7efd-450d-57aa-a75a-a79217a4494a	Bilgi Sarmalı-2022-2023-Tyt-Matematik Soru Bankası	38	7	0.974	high	apply	/static/crops/Bilgi_Sarmalı-2022-2023-Tyt-Matematik_Soru_Bankası/Bilgi_Sarmalı-2022-2023-Tyt-Matematik_Soru_Bankası_p0038_q04.png	424
54976070-9c6f-5120-97a2-ed8efabfd0cb	C1CELL-2025-Matematik Soru Bankası	169	9	0.923	high	apply	/static/crops/C1CELL-2025-Matematik_Soru_Bankası/C1CELL-2025-Matematik_Soru_Bankası_p0169_q05.png	149
504029bb-6022-5780-ae76-b308ce48985f	Bilgi Sarmalı-2022-2023-Tyt Ayt-Geometri Soru Bankası	316	8	1.000	high	apply	/static/crops/Bilgi_Sarmalı-2022-2023-Tyt_Ayt-Geometri_Soru_Bankası/Bilgi_Sarmalı-2022-2023-Tyt_Ayt-Geometri_Soru_Bankası_p0316_q04.png	88
40db8f29-e46f-5461-97b4-1aed198e925e	CAP-2022-2023-TYT AYT-Geometri Soru Bankası	33	6	0.857	high	apply	/static/crops/CAP-2022-2023-TYT_AYT-Geometri_Soru_Bankası/CAP-2022-2023-TYT_AYT-Geometri_Soru_Bankası_p0033_q01.png	123
39952967-e56b-50f7-8fbc-c9250f137837	CAP-2022-2023-TYT AYT-Geometri Soru Bankası	25	6	0.615	mid	skip		167
cf197758-7e3e-5c30-8ece-51e38cd5f06a	CAP-2022-2023-TYT AYT-Geometri Soru Bankası	39	6	0.800	high	apply	/static/crops/CAP-2022-2023-TYT_AYT-Geometri_Soru_Bankası/CAP-2022-2023-TYT_AYT-Geometri_Soru_Bankası_p0039_q02.png	133
d8ef7d9f-ef53-59e7-ba63-71376eb777f5	CAP-2022-2023-TYT AYT-Geometri Soru Bankası	55	6	0.824	high	apply	/static/crops/CAP-2022-2023-TYT_AYT-Geometri_Soru_Bankası/CAP-2022-2023-TYT_AYT-Geometri_Soru_Bankası_p0055_q01.png	163
5a43bd32-93d7-5fcf-9b53-faf90833df1c	CAP-2022-2023-TYT AYT-Geometri Soru Bankası	9	6	0.556	mid	skip		90
fd39d0ce-9ba0-5165-85ef-505bcc029494	CAP-2022-2023-TYT AYT-Geometri Soru Bankası	61	6	0.857	high	apply	/static/crops/CAP-2022-2023-TYT_AYT-Geometri_Soru_Bankası/CAP-2022-2023-TYT_AYT-Geometri_Soru_Bankası_p0061_q01.png	166
118f2a46-a9b8-5a44-b605-940370854c2f	CAP-2022-2023-TYT AYT-Geometri Soru Bankası	27	6	0.769	high	apply	/static/crops/CAP-2022-2023-TYT_AYT-Geometri_Soru_Bankası/CAP-2022-2023-TYT_AYT-Geometri_Soru_Bankası_p0027_q01.png	120
32656c41-86b1-58eb-aef9-289ff7b33d4f	C1CELL-2025-Matematik Soru Bankası	139	12	0	error	error		0
6885b789-f774-50c2-92c2-b7e858cab0d5	CAP-2022-2023-TYT AYT-Geometri Soru Bankası	47	6	0.765	high	apply	/static/crops/CAP-2022-2023-TYT_AYT-Geometri_Soru_Bankası/CAP-2022-2023-TYT_AYT-Geometri_Soru_Bankası_p0047_q01.png	154
fc78b2d5-25db-5444-b19a-96dbad516f16	C1CELL-2025-Matematik Soru Bankası	161	11	0	error	error		0
355d9e01-d507-5a94-8ce1-5ba1cde67d46	CAP-2022-2023-TYT AYT-Geometri Soru Bankası	79	6	0.400	low	skip		145
6747a88d-d3eb-506c-9d7a-17e787ac03aa	CAP-2022-2023-TYT AYT-Geometri Soru Bankası	77	6	1.000	high	apply	/static/crops/CAP-2022-2023-TYT_AYT-Geometri_Soru_Bankası/CAP-2022-2023-TYT_AYT-Geometri_Soru_Bankası_p0077_q01.png	108
7fc48ed8-1811-5f0a-b667-fdba96ab8705	CAP-2022-2023-TYT AYT-Geometri Soru Bankası	85	6	0.786	high	apply	/static/crops/CAP-2022-2023-TYT_AYT-Geometri_Soru_Bankası/CAP-2022-2023-TYT_AYT-Geometri_Soru_Bankası_p0085_q02.png	136
83ca70b4-b9f7-59ea-a31c-5fcf6fc40fa2	CAP-2022-2023-TYT AYT-Geometri Soru Bankası	139	6	0.429	low	skip		122
5af0069c-f3a0-5905-bc9f-cedb121382cc	CAP-2022-2023-TYT AYT-Geometri Soru Bankası	89	8	0.800	high	apply	/static/crops/CAP-2022-2023-TYT_AYT-Geometri_Soru_Bankası/CAP-2022-2023-TYT_AYT-Geometri_Soru_Bankası_p0089_q03.png	140
29bb575e-7575-5977-849f-4a89d0f9431a	CAP-2022-2023-TYT AYT-Geometri Soru Bankası	145	6	0.833	high	apply	/static/crops/CAP-2022-2023-TYT_AYT-Geometri_Soru_Bankası/CAP-2022-2023-TYT_AYT-Geometri_Soru_Bankası_p0145_q01.png	143
b55fa965-13d7-54ec-9ad5-9934a29c8e3c	CAP-2022-2023-TYT AYT-Geometri Soru Bankası	91	10	0.769	high	apply	/static/crops/CAP-2022-2023-TYT_AYT-Geometri_Soru_Bankası/CAP-2022-2023-TYT_AYT-Geometri_Soru_Bankası_p0091_q04.png	128
a15afe3e-bb24-5c6c-b79b-65b84bd83aff	CAP-2022-2023-TYT AYT-Geometri Soru Bankası	153	6	0.933	high	apply	/static/crops/CAP-2022-2023-TYT_AYT-Geometri_Soru_Bankası/CAP-2022-2023-TYT_AYT-Geometri_Soru_Bankası_p0153_q01.png	134
ea5472cb-cc68-5467-8c05-ea16bac54bf2	CAP-2022-2023-TYT AYT-Geometri Soru Bankası	101	10	0.542	mid	skip		229
f0f36629-8efb-5ff0-9ecb-515e4811d2f6	CAP-2022-2023-TYT AYT-Geometri Soru Bankası	147	6	0.812	high	apply	/static/crops/CAP-2022-2023-TYT_AYT-Geometri_Soru_Bankası/CAP-2022-2023-TYT_AYT-Geometri_Soru_Bankası_p0147_q03.png	131
849acfa1-b377-5e0d-b3b5-30dd2c7fc75f	CAP-2022-2023-TYT AYT-Geometri Soru Bankası	81	7	0.333	low	skip		144
42530f88-784b-5ebf-aea3-56ff6533ec6e	CAP-2022-2023-TYT AYT-Geometri Soru Bankası	91	6	0.846	high	apply	/static/crops/CAP-2022-2023-TYT_AYT-Geometri_Soru_Bankası/CAP-2022-2023-TYT_AYT-Geometri_Soru_Bankası_p0091_q01.png	121
c19a823e-238f-57fc-ad00-929b0870f386	CAP-2022-2023-TYT AYT-Geometri Soru Bankası	143	6	0.579	mid	skip		168
5c9fa4dc-a2a5-5f7c-8aae-259f3c90416c	CAP-2022-2023-TYT AYT-Geometri Soru Bankası	185	6	0.786	high	apply	/static/crops/CAP-2022-2023-TYT_AYT-Geometri_Soru_Bankası/CAP-2022-2023-TYT_AYT-Geometri_Soru_Bankası_p0185_q01.png	131
7cd920f0-fdc4-585e-a4f2-286e5dac2f1a	CAP-2022-2023-TYT AYT-Geometri Soru Bankası	173	6	0.600	mid	skip		159
d12038b9-5c2f-57c1-8fa5-831d1825a61d	CAP-2022-2023-TYT AYT-Geometri Soru Bankası	183	6	0.867	high	apply	/static/crops/CAP-2022-2023-TYT_AYT-Geometri_Soru_Bankası/CAP-2022-2023-TYT_AYT-Geometri_Soru_Bankası_p0183_q01.png	126
3c5e2d7d-c0ea-5d52-a2d3-e519a92a4d9b	CAP-2022-2023-TYT AYT-Geometri Soru Bankası	187	6	0.800	high	apply	/static/crops/CAP-2022-2023-TYT_AYT-Geometri_Soru_Bankası/CAP-2022-2023-TYT_AYT-Geometri_Soru_Bankası_p0187_q01.png	130
74a6d364-8e46-5b63-a2f7-fe7743d7c3c6	CAP-2022-2023-TYT AYT-Geometri Soru Bankası	167	6	1.000	high	apply	/static/crops/CAP-2022-2023-TYT_AYT-Geometri_Soru_Bankası/CAP-2022-2023-TYT_AYT-Geometri_Soru_Bankası_p0167_q01.png	123
fbf1de0b-2a38-5eb3-a007-80c31d650cd8	CAP-2022-2023-TYT AYT-Geometri Soru Bankası	195	6	0.867	high	apply	/static/crops/CAP-2022-2023-TYT_AYT-Geometri_Soru_Bankası/CAP-2022-2023-TYT_AYT-Geometri_Soru_Bankası_p0195_q01.png	128
fed97438-18c6-5537-8b79-4eddf5f3c744	CAP-2022-2023-TYT AYT-Geometri Soru Bankası	191	6	0.933	high	apply	/static/crops/CAP-2022-2023-TYT_AYT-Geometri_Soru_Bankası/CAP-2022-2023-TYT_AYT-Geometri_Soru_Bankası_p0191_q01.png	135
e5f200ca-290c-5fed-abb0-4b6c41b5699f	CAP-2022-2023-TYT AYT-Geometri Soru Bankası	197	7	0.824	high	apply	/static/crops/CAP-2022-2023-TYT_AYT-Geometri_Soru_Bankası/CAP-2022-2023-TYT_AYT-Geometri_Soru_Bankası_p0197_q03.png	143
0a5898f0-bff2-5e3c-aa62-7b386ebfea52	CAP-2022-2023-TYT AYT-Geometri Soru Bankası	159	6	0.882	high	apply	/static/crops/CAP-2022-2023-TYT_AYT-Geometri_Soru_Bankası/CAP-2022-2023-TYT_AYT-Geometri_Soru_Bankası_p0159_q01.png	163
b8fb7166-d412-550b-9e74-6983311f8651	CAP-2022-2023-TYT AYT-Geometri Soru Bankası	206	11	0.600	mid	skip		142
3f86ca24-a11e-5792-8711-7b221f142942	CAP-2022-2023-TYT AYT-Geometri Soru Bankası	200	10	0.857	high	apply	/static/crops/CAP-2022-2023-TYT_AYT-Geometri_Soru_Bankası/CAP-2022-2023-TYT_AYT-Geometri_Soru_Bankası_p0200_q01.png	127
37113ffb-e43b-55ce-9a34-ed803faa03e7	CAP-2022-2023-TYT AYT-Geometri Soru Bankası	197	6	0.923	high	apply	/static/crops/CAP-2022-2023-TYT_AYT-Geometri_Soru_Bankası/CAP-2022-2023-TYT_AYT-Geometri_Soru_Bankası_p0197_q01.png	123
346f1806-354a-5222-84dd-05488c3a98c7	CAP-2022-2023-TYT AYT-Geometri Soru Bankası	200	12	0.933	high	apply	/static/crops/CAP-2022-2023-TYT_AYT-Geometri_Soru_Bankası/CAP-2022-2023-TYT_AYT-Geometri_Soru_Bankası_p0200_q05.png	131
f706a48d-dfd2-5bdf-bc62-e922f1da6a81	CAP-2022-2023-TYT AYT-Geometri Soru Bankası	209	12	0.917	high	apply	/static/crops/CAP-2022-2023-TYT_AYT-Geometri_Soru_Bankası/CAP-2022-2023-TYT_AYT-Geometri_Soru_Bankası_p0209_q02.png	106
6091580b-d1ee-52c5-a076-5aa11ba4f5d5	CAP-2022-2023-TYT AYT-Geometri Soru Bankası	185	9	0.842	high	apply	/static/crops/CAP-2022-2023-TYT_AYT-Geometri_Soru_Bankası/CAP-2022-2023-TYT_AYT-Geometri_Soru_Bankası_p0185_q02.png	319
6afe0049-2dc1-5264-b136-495e80ad885c	CAP-2022-2023-TYT AYT-Geometri Soru Bankası	232	6	0.750	high	apply	/static/crops/CAP-2022-2023-TYT_AYT-Geometri_Soru_Bankası/CAP-2022-2023-TYT_AYT-Geometri_Soru_Bankası_p0232_q01.png	141
1407efa0-f34a-5baf-a6fe-fb294035c1b2	CAP-2022-2023-TYT AYT-Geometri Soru Bankası	240	1	0.312	low	skip		131
b648bcb9-8e9c-59c9-ae56-dcfbd1a7fb31	CAP-2022-2023-TYT AYT-Geometri Soru Bankası	293	7	0	json_fail	skip		0
067f6a42-90b1-54fe-910c-7066e73706ce	CAP-2022-2023-TYT AYT-Geometri Soru Bankası	238	6	0.867	high	apply	/static/crops/CAP-2022-2023-TYT_AYT-Geometri_Soru_Bankası/CAP-2022-2023-TYT_AYT-Geometri_Soru_Bankası_p0238_q01.png	141
db2c2ef1-39d4-5c20-a0e5-a5cea4c394c3	CAP-2022-2023-TYT AYT-Geometri Soru Bankası	250	6	0.867	high	apply	/static/crops/CAP-2022-2023-TYT_AYT-Geometri_Soru_Bankası/CAP-2022-2023-TYT_AYT-Geometri_Soru_Bankası_p0250_q02.png	130
e18a2d94-dced-5307-b58e-45d4dce5685f	CAP-2022-2023-TYT AYT-Geometri Soru Bankası	211	7	0.381	low	skip		183
808eb7f4-6942-5d2e-a8e2-2f249a3c4119	CAP-2022-2023-TYT AYT-Geometri Soru Bankası	236	8	0.583	mid	skip		180
85d2dd81-a45a-5eaa-9da2-39f9d893b90f	Cap Ayt Fizik Soru Bankası 2023 2024	56	7	0.075	low	skip		364
89f91b46-c159-5f08-949e-fe750e2138ab	Cap Ayt Fizik Soru Bankası 2023 2024	119	7	0.704	high	apply	/static/crops/Cap_Ayt_Fizik_Soru_Bankası_2023_2024/Cap_Ayt_Fizik_Soru_Bankası_2023_2024_p0119_q02.png	259
23343844-1200-54a6-9c5a-3ef115f0371f	CAP-2022-2023-TYT-Matematik Soru Bankası	338	7	1.000	high	apply	/static/crops/CAP-2022-2023-TYT-Matematik_Soru_Bankası/CAP-2022-2023-TYT-Matematik_Soru_Bankası_p0338_q01.png	148
d8032324-e369-5f18-92db-be1c8193f90a	CAP-2023-2024-AYT-Matematik Soru Bankası	121	10	0.786	high	apply	/static/crops/CAP-2023-2024-AYT-Matematik_Soru_Bankası/CAP-2023-2024-AYT-Matematik_Soru_Bankası_p0121_q02.png	109
1636ebe9-9060-5bf2-bf7d-760e8fa4830e	CAP-2023-2024-AYT-Matematik Soru Bankası	106	6	0.733	high	apply	/static/crops/CAP-2023-2024-AYT-Matematik_Soru_Bankası/CAP-2023-2024-AYT-Matematik_Soru_Bankası_p0106_q01.png	133
0617a705-8076-5c0d-96f4-98e644c05ad8	CAP-2023-2024-AYT-Matematik Soru Bankası	254	5	0.857	high	apply	/static/crops/CAP-2023-2024-AYT-Matematik_Soru_Bankası/CAP-2023-2024-AYT-Matematik_Soru_Bankası_p0254_q01.png	235
8549111e-a111-56aa-992e-69125ecddbf1	CAP-2022-2023-TYT AYT-Geometri Soru Bankası	228	6	0	error	error		0
70764001-9e75-512d-9c9e-12c653e87ea6	C1CELL-2025-Matematik Soru Bankası	215	6	0	error	error		0
29d54374-1a4b-5111-93dc-da3b07261d6b	Bilgi Sarmalı-2023-2024-Ayt-Matematik Soru Bankası	277	15	0.500	mid	skip		83
4c14d5c9-8f04-5610-bf2c-6ccb332c1713	Bilgi Sarmalı-2022-2023-Tyt-Matematik Soru Bankası	351	9	0.917	high	apply	/static/crops/Bilgi_Sarmalı-2022-2023-Tyt-Matematik_Soru_Bankası/Bilgi_Sarmalı-2022-2023-Tyt-Matematik_Soru_Bankası_p0351_q03.png	136
584db51e-bb04-55c1-85b6-3eb74c94c14b	CAP-2023-2024-AYT-Matematik Soru Bankası	262	32	0.330	low	skip		997
7acd7a82-a843-5d9e-98c2-550317fc4a34	Bilgi Sarmalı-2022-2023-Tyt-Matematik Soru Bankası	81	13	0	error	error		0
a9424dbd-cea4-5165-bc8c-bb8e91f67588	CAP-2023-AYT-Matematik -AL-Soru Bankası	136	11	1.000	high	apply	/static/crops/CAP-2023-AYT-Matematik_-AL-Soru_Bankası/CAP-2023-AYT-Matematik_-AL-Soru_Bankası_p0136_q05.png	188
89fa0a14-e57d-5b1b-aa4b-c47302524a53	CAP-2023-AYT-Matematik -AL-Soru Bankası	75	14	0.905	high	apply	/static/crops/CAP-2023-AYT-Matematik_-AL-Soru_Bankası/CAP-2023-AYT-Matematik_-AL-Soru_Bankası_p0075_q01.png	211
2093448d-60c2-528d-be15-e791f9b7229d	CAP-2023-2024-AYT-Matematik Soru Bankası	56	6	0	error	error		0
84acf6ae-c84c-5396-a57d-f77cf3996633	CAP-2023-2024-AYT-Matematik Soru Bankası	258	15	0	error	error		0
aff43604-3e3a-589c-bd90-137e48880377	CAP-2023-AYT-Matematik -AL-Soru Bankası	146	6	0.750	high	apply	/static/crops/CAP-2023-AYT-Matematik_-AL-Soru_Bankası/CAP-2023-AYT-Matematik_-AL-Soru_Bankası_p0146_q01.png	118
0ab6a45c-c805-51ff-8c11-b358fe6b95fc	CAP-2023-AYT-Matematik -AL-Soru Bankası	316	5	0.850	high	apply	/static/crops/CAP-2023-AYT-Matematik_-AL-Soru_Bankası/CAP-2023-AYT-Matematik_-AL-Soru_Bankası_p0316_q01.png	238
f9f24738-c808-5744-966d-fe2696f1c6f7	CAP-2023-AYT-Matematik -AL-Soru Bankası	203	7	0.500	mid	skip		84
cb2260d6-af3f-5b63-8dd7-c938cc44c719	Bilgi Sarmalı-2023-2024-Ayt-Matematik Soru Bankası	23	11	0.957	high	apply	/static/crops/Bilgi_Sarmalı-2023-2024-Ayt-Matematik_Soru_Bankası/Bilgi_Sarmalı-2023-2024-Ayt-Matematik_Soru_Bankası_p0023_q04.png	291
e474b723-5c7b-5073-81be-900790bb92a8	Bilgi Sarmalı-2023-2024-Ayt-Matematik Soru Bankası	121	11	0.643	mid	skip		128
df6e5b08-a63b-5f23-ae90-8df0c6edc852	CAP-2023-2024-AYT-Matematik Soru Bankası	264	38	0	error	error		0
048c349f-e2aa-5a64-8683-b6ea36010300	Bilgi Sarmalı-2023-2024-Ayt-Matematik Soru Bankası	248	10	0.941	high	apply	/static/crops/Bilgi_Sarmalı-2023-2024-Ayt-Matematik_Soru_Bankası/Bilgi_Sarmalı-2023-2024-Ayt-Matematik_Soru_Bankası_p0248_q04.png	200
62290172-21c6-5c28-8472-05f2f671a465	Bilgi Sarmalı-2022-2023-Tyt-Matematik Soru Bankası	351	10	0	error	error		0
acaf0636-c078-5ccb-93d8-30f7618743dc	Full Matematik-2022-2023-Tyt Ayt-Geometri Soru Bankası	140	12	0.857	high	apply	/static/crops/Full_Matematik-2022-2023-Tyt_Ayt-Geometri_Soru_Bankası/Full_Matematik-2022-2023-Tyt_Ayt-Geometri_Soru_Bankası_p0140_q03.png	122
25d9c668-09d7-5e7c-b943-b92c8c4ee385	345 2025 Tyt Fizik Soru Bankası	111	3	0.966	high	apply	/static/crops/345_2025_Tyt_Fizik_Soru_Bankası/345_2025_Tyt_Fizik_Soru_Bankası_p0111_q04.png	261
5bd9ecd8-8a11-5fe3-a128-ea8f1a31fc50	Bilgi Sarmalı-2023-2024-Ayt-Matematik Soru Bankası	97	9	1.000	high	apply	/static/crops/Bilgi_Sarmalı-2023-2024-Ayt-Matematik_Soru_Bankası/Bilgi_Sarmalı-2023-2024-Ayt-Matematik_Soru_Bankası_p0097_q03.png	165
31a78e86-1eec-50da-8cf1-184a9b9576f7	CAP-2022-2023-TYT AYT-Geometri Soru Bankası	9	8	0.400	low	skip		151
f137fd00-3588-51f1-94c1-6fe527febee9	CAP-2022-2023-TYT AYT-Geometri Soru Bankası	27	7	0.385	low	skip		121
309a12ad-280f-5e60-9f95-586d526159ce	CAP-2022-2023-TYT AYT-Geometri Soru Bankası	37	10	0.750	high	apply	/static/crops/CAP-2022-2023-TYT_AYT-Geometri_Soru_Bankası/CAP-2022-2023-TYT_AYT-Geometri_Soru_Bankası_p0037_q04.png	134
5856b263-8454-58f9-b1a7-0569392e2d81	CAP-2022-2023-TYT AYT-Geometri Soru Bankası	11	9	0.857	high	apply	/static/crops/CAP-2022-2023-TYT_AYT-Geometri_Soru_Bankası/CAP-2022-2023-TYT_AYT-Geometri_Soru_Bankası_p0011_q02.png	348
1f303bc1-1e81-5d17-bd27-d307b4acd0a8	Full Matematik-2019-2020-Geometri Soru Bankası	101	8	0	error	error		0
43b1d519-42e2-5e5b-a884-7092c0cabeff	CAP-2022-2023-TYT AYT-Geometri Soru Bankası	39	10	0.875	high	apply	/static/crops/CAP-2022-2023-TYT_AYT-Geometri_Soru_Bankası/CAP-2022-2023-TYT_AYT-Geometri_Soru_Bankası_p0039_q04.png	157
3a92c910-96cd-5d72-8ad0-4e94542810a8	CAP-2022-2023-TYT AYT-Geometri Soru Bankası	43	7	0.933	high	apply	/static/crops/CAP-2022-2023-TYT_AYT-Geometri_Soru_Bankası/CAP-2022-2023-TYT_AYT-Geometri_Soru_Bankası_p0043_q03.png	136
36958453-6c1a-5a23-ad2c-17e9b141ab01	CAP-2022-2023-TYT AYT-Geometri Soru Bankası	43	8	0.824	high	apply	/static/crops/CAP-2022-2023-TYT_AYT-Geometri_Soru_Bankası/CAP-2022-2023-TYT_AYT-Geometri_Soru_Bankası_p0043_q04.png	150
96ae0d4c-faad-52c7-ae0f-222e17422387	Bilgi Sarmalı-2023-2024-Tyt Ayt-Geometri Soru Bankası	58	8	0.615	mid	skip		106
fce88d07-91dc-5211-812d-897aff852eb6	Bilgi Sarmalı-2023-2024-Tyt Ayt-Geometri Soru Bankası	78	8	0.857	high	apply	/static/crops/Bilgi_Sarmalı-2023-2024-Tyt_Ayt-Geometri_Soru_Bankası/Bilgi_Sarmalı-2023-2024-Tyt_Ayt-Geometri_Soru_Bankası_p0078_q04.png	130
f447b12a-2c24-54ad-b3b4-28f1dc2fa401	Bilgi Sarmalı-2023-2024-Tyt Ayt-Geometri Soru Bankası	46	8	0.667	mid	skip		123
55319d8c-4b0b-5e1e-9735-3b180988b2a5	Bilgi Sarmalı-2023-2024-Tyt Ayt-Geometri Soru Bankası	112	7	0.786	high	apply	/static/crops/Bilgi_Sarmalı-2023-2024-Tyt_Ayt-Geometri_Soru_Bankası/Bilgi_Sarmalı-2023-2024-Tyt_Ayt-Geometri_Soru_Bankası_p0112_q03.png	122
601be55e-8324-50ba-a37e-8e2af5265eb9	Bilgi Sarmalı-2023-2024-Tyt Ayt-Geometri Soru Bankası	132	10	0.737	high	apply	/static/crops/Bilgi_Sarmalı-2023-2024-Tyt_Ayt-Geometri_Soru_Bankası/Bilgi_Sarmalı-2023-2024-Tyt_Ayt-Geometri_Soru_Bankası_p0132_q04.png	185
96b09e12-1223-5d7d-a3ee-7a84236094fe	Bilgi Sarmalı-2023-2024-Tyt Ayt-Geometri Soru Bankası	134	10	0.462	low	skip		139
6cc1e139-cd8c-5e9a-b8fb-1289d745b1b1	Bilgi Sarmalı-2023-2024-Ayt-Matematik Soru Bankası	97	10	0	error	error		0
9f037d5d-9c27-5f33-a615-ff58dfa4981b	Bilgi Sarmalı-2023-2024-Tyt Ayt-Geometri Soru Bankası	288	8	0.909	high	apply	/static/crops/Bilgi_Sarmalı-2023-2024-Tyt_Ayt-Geometri_Soru_Bankası/Bilgi_Sarmalı-2023-2024-Tyt_Ayt-Geometri_Soru_Bankası_p0288_q05.png	191
c250f171-da54-5e1c-87cf-1260863b9e8e	Bilgi Sarmalı-2023-2024-Tyt Ayt-Geometri Soru Bankası	102	12	0.692	mid	skip		133
eb104a37-baa5-5c31-8af9-5b37173377cf	Full Matematik-2022-2023-Tyt-Matematik Soru Bankası	149	9	0.848	high	apply	/static/crops/Full_Matematik-2022-2023-Tyt-Matematik_Soru_Bankası/Full_Matematik-2022-2023-Tyt-Matematik_Soru_Bankası_p0149_q02.png	431
abd3c790-0ec9-5413-a89f-afbab8036d10	Bilgi Sarmalı-2023-2024-Tyt Ayt-Geometri Soru Bankası	186	7	0.778	high	apply	/static/crops/Bilgi_Sarmalı-2023-2024-Tyt_Ayt-Geometri_Soru_Bankası/Bilgi_Sarmalı-2023-2024-Tyt_Ayt-Geometri_Soru_Bankası_p0186_q04.png	153
dd001c12-da9b-5d95-90d0-cec10ceed021	CAP-2022-2023-TYT AYT-Geometri Soru Bankası	73	7	0.086	low	skip		453
b103290e-6a9e-5274-aa79-0eb03816ea8f	CAP-2022-2023-TYT AYT-Geometri Soru Bankası	234	9	0.938	high	apply	/static/crops/CAP-2022-2023-TYT_AYT-Geometri_Soru_Bankası/CAP-2022-2023-TYT_AYT-Geometri_Soru_Bankası_p0234_q02.png	347
6d19b2bd-beab-5b3d-8c70-51dbaa460966	CAP-2022-2023-TYT AYT-Geometri Soru Bankası	232	8	0.750	high	apply	/static/crops/CAP-2022-2023-TYT_AYT-Geometri_Soru_Bankası/CAP-2022-2023-TYT_AYT-Geometri_Soru_Bankası_p0232_q05.png	166
071b72c7-b6e8-5b01-9d9e-d64c34d49f32	CAP-2022-2023-TYT AYT-Geometri Soru Bankası	232	7	0.600	mid	skip		94
aea1af4b-1208-59ec-b791-34c76ed365a6	CAP-2022-2023-TYT AYT-Geometri Soru Bankası	228	10	0.300	low	skip		112
056ff528-bf95-5335-8771-2462b973406a	CAP-2022-2023-TYT AYT-Geometri Soru Bankası	260	7	1.000	high	apply	/static/crops/CAP-2022-2023-TYT_AYT-Geometri_Soru_Bankası/CAP-2022-2023-TYT_AYT-Geometri_Soru_Bankası_p0260_q03.png	158
191c7ac9-eea4-505e-b4f7-b3d9b0444782	CAP-2022-2023-TYT AYT-Geometri Soru Bankası	254	9	0.786	high	apply	/static/crops/CAP-2022-2023-TYT_AYT-Geometri_Soru_Bankası/CAP-2022-2023-TYT_AYT-Geometri_Soru_Bankası_p0254_q02.png	355
7bd04508-20d0-581e-b9d8-06b51c837cd3	CAP-2022-2023-TYT AYT-Geometri Soru Bankası	77	7	0.923	high	apply	/static/crops/CAP-2022-2023-TYT_AYT-Geometri_Soru_Bankası/CAP-2022-2023-TYT_AYT-Geometri_Soru_Bankası_p0077_q03.png	107
3c2dbec6-7bdc-5eee-885f-58d09ce218e6	CAP-2022-2023-TYT AYT-Geometri Soru Bankası	256	8	0.750	high	apply	/static/crops/CAP-2022-2023-TYT_AYT-Geometri_Soru_Bankası/CAP-2022-2023-TYT_AYT-Geometri_Soru_Bankası_p0256_q06.png	129
7f940b7a-fc89-5863-87e0-c081926cef57	CAP-2022-2023-TYT AYT-Geometri Soru Bankası	79	10	0.867	high	apply	/static/crops/CAP-2022-2023-TYT_AYT-Geometri_Soru_Bankası/CAP-2022-2023-TYT_AYT-Geometri_Soru_Bankası_p0079_q04.png	132
054fefe3-be71-5571-a1e4-0bd42a8d1144	CAP-2022-2023-TYT AYT-Geometri Soru Bankası	81	7	1.000	high	apply	/static/crops/CAP-2022-2023-TYT_AYT-Geometri_Soru_Bankası/CAP-2022-2023-TYT_AYT-Geometri_Soru_Bankası_p0081_q04.png	144
e2282bd4-9e5a-5596-9246-221d578593f7	Bilgi Sarmalı-2023-2024-Tyt-Matematik Soru Bankası	264	15	0	json_fail	skip		0
8eb61286-d509-5b0c-88cb-a90009958d63	CAP-2022-2023-TYT AYT-Geometri Soru Bankası	91	8	0.800	high	apply	/static/crops/CAP-2022-2023-TYT_AYT-Geometri_Soru_Bankası/CAP-2022-2023-TYT_AYT-Geometri_Soru_Bankası_p0091_q05.png	133
aba088f5-8d26-5ff8-a473-852f10def9d7	CAP-2022-2023-TYT AYT-Geometri Soru Bankası	81	7	0.267	low	skip		144
8e756b76-d238-5c8a-94f0-43eb6b1d6d4a	CAP-2022-2023-TYT AYT-Geometri Soru Bankası	91	7	0.750	high	apply	/static/crops/CAP-2022-2023-TYT_AYT-Geometri_Soru_Bankası/CAP-2022-2023-TYT_AYT-Geometri_Soru_Bankası_p0091_q03.png	141
3ab2c7a5-27e0-50e2-8977-ce376ce0e68d	CAP-2022-2023-TYT AYT-Geometri Soru Bankası	85	7	0.909	high	apply	/static/crops/CAP-2022-2023-TYT_AYT-Geometri_Soru_Bankası/CAP-2022-2023-TYT_AYT-Geometri_Soru_Bankası_p0085_q03.png	113
4edb5114-533a-5d72-8e1e-c7e3a8a8d21a	CAP-2022-2023-TYT AYT-Geometri Soru Bankası	230	10	0	error	error		0
74085549-709f-59da-81c8-8f6e8b88ae07	CAP-2022-2023-TYT AYT-Geometri Soru Bankası	87	7	0.857	high	apply	/static/crops/CAP-2022-2023-TYT_AYT-Geometri_Soru_Bankası/CAP-2022-2023-TYT_AYT-Geometri_Soru_Bankası_p0087_q03.png	140
9f7b470f-9307-5ba1-9e76-f67aacad0eaf	CAP-2022-2023-TYT AYT-Geometri Soru Bankası	256	10	0	error	error		0
b7484136-b11f-5141-a863-16889a288c46	CAP-2022-2023-TYT AYT-Geometri Soru Bankası	101	12	0.938	high	apply	/static/crops/CAP-2022-2023-TYT_AYT-Geometri_Soru_Bankası/CAP-2022-2023-TYT_AYT-Geometri_Soru_Bankası_p0101_q02.png	134
47497492-e139-562f-9786-805aa15b1990	CAP-2022-2023-TYT AYT-Geometri Soru Bankası	272	13	0.172	low	skip		296
1ad604df-d5e2-5ca0-9283-3937c6f1d068	CAP-2022-2023-TYT AYT-Geometri Soru Bankası	143	7	0.533	mid	skip		130
e0e42175-373a-5401-b669-dd183b72b979	CAP-2022-2023-TYT AYT-Geometri Soru Bankası	293	9	0.938	high	apply	/static/crops/CAP-2022-2023-TYT_AYT-Geometri_Soru_Bankası/CAP-2022-2023-TYT_AYT-Geometri_Soru_Bankası_p0293_q05.png	146
f8208776-958c-5156-81ef-1aa98d56759d	CAP-2022-2023-TYT AYT-Geometri Soru Bankası	275	15	1.000	high	apply	/static/crops/CAP-2022-2023-TYT_AYT-Geometri_Soru_Bankası/CAP-2022-2023-TYT_AYT-Geometri_Soru_Bankası_p0275_q03.png	200
46af7c9a-b7c2-5d66-b1f3-7542db72438e	CAP-2022-2023-TYT AYT-Geometri Soru Bankası	293	11	0.938	high	apply	/static/crops/CAP-2022-2023-TYT_AYT-Geometri_Soru_Bankası/CAP-2022-2023-TYT_AYT-Geometri_Soru_Bankası_p0293_q04.png	165
7c7c63c3-8ba0-5f3a-a571-10238a5964fd	CAP-2022-2023-TYT AYT-Geometri Soru Bankası	295	11	0.842	high	apply	/static/crops/CAP-2022-2023-TYT_AYT-Geometri_Soru_Bankası/CAP-2022-2023-TYT_AYT-Geometri_Soru_Bankası_p0295_q04.png	170
248fd026-8f3b-5a9f-b1df-be78c6206e92	Bilgi Sarmalı-2024-Ayt-Matematik Soru Bankası	38	11	0.800	high	apply	/static/crops/Bilgi_Sarmalı-2024-Ayt-Matematik_Soru_Bankası/Bilgi_Sarmalı-2024-Ayt-Matematik_Soru_Bankası_p0038_q05.png	128
0b7c6073-88ce-5cf8-a73e-478a5d608d3d	CAP-2022-2023-TYT AYT-Geometri Soru Bankası	93	8	0.833	high	apply	/static/crops/CAP-2022-2023-TYT_AYT-Geometri_Soru_Bankası/CAP-2022-2023-TYT_AYT-Geometri_Soru_Bankası_p0093_q04.png	122
9e5df0ac-5f7e-59c7-9d76-daeeeebfd5bd	Esen Aps Kimya Soru Bankası	60	7	0.410	low	skip		386
ba7e6674-ab11-5223-a3c1-0423b33ea8b2	CAP-2022-2023-TYT AYT-Geometri Soru Bankası	159	10	0.938	high	apply	/static/crops/CAP-2022-2023-TYT_AYT-Geometri_Soru_Bankası/CAP-2022-2023-TYT_AYT-Geometri_Soru_Bankası_p0159_q05.png	155
beaafe0e-2e48-52de-b643-06b9d6d0f467	CAP-2022-2023-TYT AYT-Geometri Soru Bankası	145	10	0.842	high	apply	/static/crops/CAP-2022-2023-TYT_AYT-Geometri_Soru_Bankası/CAP-2022-2023-TYT_AYT-Geometri_Soru_Bankası_p0145_q04.png	159
82d32f4e-17da-5bb2-90c4-af4643507837	CAP-2022-2023-TYT AYT-Geometri Soru Bankası	167	10	0.733	high	apply	/static/crops/CAP-2022-2023-TYT_AYT-Geometri_Soru_Bankası/CAP-2022-2023-TYT_AYT-Geometri_Soru_Bankası_p0167_q05.png	143
ee6ea1b9-7522-585c-bb0f-549a067d0a5f	CAP-2022-2023-TYT AYT-Geometri Soru Bankası	93	7	0	error	error		0
fbb48a92-0281-5734-ad01-d4667f6ed85d	CAP-2022-2023-TYT AYT-Geometri Soru Bankası	161	7	0.692	mid	skip		123
faa9444a-14a9-5e63-a549-e2c78f9d7f96	CAP-2022-2023-TYT AYT-Geometri Soru Bankası	157	7	0.933	high	apply	/static/crops/CAP-2022-2023-TYT_AYT-Geometri_Soru_Bankası/CAP-2022-2023-TYT_AYT-Geometri_Soru_Bankası_p0157_q03.png	137
79213fe8-084e-550c-a114-539b80312012	Esen Aps Kimya Soru Bankası	160	5	0.378	low	skip		475
c2063ed6-5324-59bc-bef7-df23fa21899e	CAP-2022-2023-TYT AYT-Geometri Soru Bankası	197	10	0.769	high	apply	/static/crops/CAP-2022-2023-TYT_AYT-Geometri_Soru_Bankası/CAP-2022-2023-TYT_AYT-Geometri_Soru_Bankası_p0197_q04.png	126
aac4264c-6a00-59eb-a67c-35ff5d47d85a	CAP-2022-2023-TYT AYT-Geometri Soru Bankası	195	8	0.846	high	apply	/static/crops/CAP-2022-2023-TYT_AYT-Geometri_Soru_Bankası/CAP-2022-2023-TYT_AYT-Geometri_Soru_Bankası_p0195_q04.png	117
e0c7f9af-6ba3-5fb2-9f3d-0c89cc0bcf5f	CAP-2022-2023-TYT AYT-Geometri Soru Bankası	197	8	0.769	high	apply	/static/crops/CAP-2022-2023-TYT_AYT-Geometri_Soru_Bankası/CAP-2022-2023-TYT_AYT-Geometri_Soru_Bankası_p0197_q05.png	119
27badde2-acf9-5a36-8fc7-1c145f4fc2a9	CAP-2023-2024-AYT-Matematik Soru Bankası	52	10	0.857	high	apply	/static/crops/CAP-2023-2024-AYT-Matematik_Soru_Bankası/CAP-2023-2024-AYT-Matematik_Soru_Bankası_p0052_q04.png	160
9fbb3bae-0802-54ab-920f-090a38add28a	Bilgi Sarmalı-2024-Ayt-Matematik Soru Bankası	121	10	0.833	high	apply	/static/crops/Bilgi_Sarmalı-2024-Ayt-Matematik_Soru_Bankası/Bilgi_Sarmalı-2024-Ayt-Matematik_Soru_Bankası_p0121_q03.png	128
d98e32d2-5766-57e5-86c6-1efcc5c7ebf1	CAP-2022-2023-TYT-Matematik Soru Bankası	77	11	0	error	error		0
73098948-de99-5dd5-8b5b-97202c85360b	CAP-2023-2024-AYT-Matematik Soru Bankası	31	11	1.000	high	apply	/static/crops/CAP-2023-2024-AYT-Matematik_Soru_Bankası/CAP-2023-2024-AYT-Matematik_Soru_Bankası_p0031_q03.png	129
d9247ee3-5aaf-5af7-a9a1-dbb8f30a8388	CAP-2022-2023-TYT AYT-Geometri Soru Bankası	195	7	0.109	low	skip		484
2c138c80-1f33-50f9-9bb2-859077538477	CAP-2022-2023-TYT-Matematik Soru Bankası	33	10	0	error	error		0
fac8a6d2-baae-5b96-8350-15d56e514361	Esen Aylık Planlı Biyoloji Soru Bankası	76	5	0.980	high	apply	/static/crops/Esen_Aylık_Planlı_Biyoloji_Soru_Bankası/Esen_Aylık_Planlı_Biyoloji_Soru_Bankası_p0076_q01.png	526
8e3956e6-9bc3-57af-9e7d-30ab9c63ae39	Bilgi Sarmalı-2024-Ayt-Matematik Soru Bankası	149	10	0.941	high	apply	/static/crops/Bilgi_Sarmalı-2024-Ayt-Matematik_Soru_Bankası/Bilgi_Sarmalı-2024-Ayt-Matematik_Soru_Bankası_p0149_q04.png	202
2c8a71b4-3aea-597b-b8e0-805b20d21a84	CAP-2023-2024-AYT-Matematik Soru Bankası	74	6	0.929	high	apply	/static/crops/CAP-2023-2024-AYT-Matematik_Soru_Bankası/CAP-2023-2024-AYT-Matematik_Soru_Bankası_p0074_q03.png	172
b4958a87-7e30-5f00-8e75-1a51d812c768	Esen Ayt Kimya Soru Bankası	30	5	1.000	high	apply	/static/crops/Esen_Ayt_Kimya_Soru_Bankası/Esen_Ayt_Kimya_Soru_Bankası_p0030_q01.png	127
c0235e72-5e7a-5d79-9d81-857e09e4650e	CAP-2022-2023-TYT AYT-Geometri Soru Bankası	157	8	0.786	high	apply	/static/crops/CAP-2022-2023-TYT_AYT-Geometri_Soru_Bankası/CAP-2022-2023-TYT_AYT-Geometri_Soru_Bankası_p0157_q05.png	126
e1470090-b1d1-5e8f-8302-0056a33db05a	CAP-2023-2024-AYT-Matematik Soru Bankası	84	13	0.444	low	skip		114
19efe15f-c622-53a1-bb52-b3351570af34	CAP-2023-2024-AYT-Matematik Soru Bankası	121	8	0.846	high	apply	/static/crops/CAP-2023-2024-AYT-Matematik_Soru_Bankası/CAP-2023-2024-AYT-Matematik_Soru_Bankası_p0121_q03.png	116
021e66a8-d13b-5176-ab00-3b2ac8aa4ac6	CAP-2023-2024-AYT-Matematik Soru Bankası	129	12	0.692	mid	skip		122
1de28c33-7485-5890-b66d-695eb7cf728e	Bilgi Sarmalı-2024-Ayt-Matematik Soru Bankası	256	15	0.636	mid	skip		430
99ed743f-98dc-5dd8-a5e2-fa0a516a2367	CAP-2023-2024-AYT-Matematik Soru Bankası	123	12	0.800	high	apply	/static/crops/CAP-2023-2024-AYT-Matematik_Soru_Bankası/CAP-2023-2024-AYT-Matematik_Soru_Bankası_p0123_q06.png	124
a9501d6e-64d8-5a69-9f51-4875dd3e9224	Esen Apt Ayt Fizik 2025	99	5	0	error	error		0
9346a8a9-3200-587e-bdf8-4d82ff41b156	CAP-2022-2023-TYT-Matematik Soru Bankası	352	7	0	error	error		0
6a0180c3-9feb-5b63-b6b7-0f95b5325bb5	CAP-2023-2024-AYT-Matematik Soru Bankası	129	11	0	json_fail	skip		0
b8942472-2e3c-5b0d-9822-1064c979a4e2	CAP-2023-2024-AYT-Matematik Soru Bankası	168	10	0	error	error		0
c9dac2a8-afc9-590e-a604-9c5735730fbb	CAP-2023-AYT-Matematik -AL-Soru Bankası	146	8	0.444	low	skip		109
ff898dc1-4bcf-555a-8f2f-f301637bee9c	CAP-2023-AYT-Matematik -AL-Soru Bankası	162	7	0.867	high	apply	/static/crops/CAP-2023-AYT-Matematik_-AL-Soru_Bankası/CAP-2023-AYT-Matematik_-AL-Soru_Bankası_p0162_q04.png	122
d339b2f1-536f-5a24-b760-9975488e7e8c	Bilgi Sarmalı-2025-Ayt-Matematik Soru Bankası	66	9	0.957	high	apply	/static/crops/Bilgi_Sarmalı-2025-Ayt-Matematik_Soru_Bankası/Bilgi_Sarmalı-2025-Ayt-Matematik_Soru_Bankası_p0066_q04.png	248
08ccda09-0ac6-5cf3-bd4b-45398f492964	CAP-2023-AYT-Matematik -AL-Soru Bankası	162	8	0.857	high	apply	/static/crops/CAP-2023-AYT-Matematik_-AL-Soru_Bankası/CAP-2023-AYT-Matematik_-AL-Soru_Bankası_p0162_q06.png	129
16d95d53-9c3b-5b82-b13c-0bdcd9687888	CAP-2023-2024-AYT-Matematik Soru Bankası	141	9	0	error	error		0
af3399db-55c5-58fc-bb3a-3940b164fcbb	Esen Ayt Tarih Soru Bankası	118	9	0.219	low	skip		779
3e7d618f-4488-5bf4-bf60-e2662c6ddc46	CAP-2023-AYT-Matematik -AL-Soru Bankası	162	11	0.944	high	apply	/static/crops/CAP-2023-AYT-Matematik_-AL-Soru_Bankası/CAP-2023-AYT-Matematik_-AL-Soru_Bankası_p0162_q05.png	135
df3f945c-eeef-53b2-bbb2-6a9dbf5c7f69	CAP-2023-AYT-Matematik -AL-Soru Bankası	164	9	0.812	high	apply	/static/crops/CAP-2023-AYT-Matematik_-AL-Soru_Bankası/CAP-2023-AYT-Matematik_-AL-Soru_Bankası_p0164_q03.png	125
fb22fc0b-f3a3-5813-8169-ad81d82ec0b4	CAP-2023-2024-AYT-Matematik Soru Bankası	259	22	0	error	error		0
5aea53af-3333-5ed6-9aa9-94f7f0ee0cf3	Bilgi Sarmalı-2025-Ayt-Matematik Soru Bankası	86	12	0	error	error		0
f5d47aa5-3df8-57ae-bb94-21f804fa53da	Full-2019-2020-Ayt-Matematik Soru Bankası	185	10	0.722	high	apply	/static/crops/Full-2019-2020-Ayt-Matematik_Soru_Bankası/Full-2019-2020-Ayt-Matematik_Soru_Bankası_p0185_q04.png	187
10ce9c12-e950-59c9-b4bb-a1f966987aec	Bilgi Sarmalı-2025-Ayt-Matematik Soru Bankası	277	16	0.765	high	apply	/static/crops/Bilgi_Sarmalı-2025-Ayt-Matematik_Soru_Bankası/Bilgi_Sarmalı-2025-Ayt-Matematik_Soru_Bankası_p0277_q05.png	172
7517e74a-9b16-5778-8679-112d1e2a129b	Bilgi Sarmalı-2025-Ayt-Matematik Soru Bankası	264	9	0.464	low	skip		316
2cfe9579-a4e8-572b-ba0d-48f3b1b8debc	CAP-2023-AYT-Matematik -AL-Soru Bankası	146	7	0	error	error		0
f5bfdfcb-6855-559c-b21f-b2f16f079ab0	Bilgi Sarmalı-2025-Tyt Ayt-Geometri Soru Bankası	82	9	0.727	high	apply	/static/crops/Bilgi_Sarmalı-2025-Tyt_Ayt-Geometri_Soru_Bankası/Bilgi_Sarmalı-2025-Tyt_Ayt-Geometri_Soru_Bankası_p0082_q05.png	112
37b591a2-751a-5a12-b620-de66ce596092	CAP-2023-AYT-Matematik -AL-Soru Bankası	10	11	0.923	high	apply	/static/crops/CAP-2023-AYT-Matematik_-AL-Soru_Bankası/CAP-2023-AYT-Matematik_-AL-Soru_Bankası_p0010_q05.png	190
727d716c-f3fe-5ffb-92fc-2ab3a2860adb	Bilgi Sarmalı-2025-Tyt Ayt-Geometri Soru Bankası	86	11	0.800	high	apply	/static/crops/Bilgi_Sarmalı-2025-Tyt_Ayt-Geometri_Soru_Bankası/Bilgi_Sarmalı-2025-Tyt_Ayt-Geometri_Soru_Bankası_p0086_q04.png	143
77cae0c9-8cc8-51e2-b4ea-a0635fdc8f82	Bilgi Sarmalı-2025-Tyt Ayt-Geometri Soru Bankası	84	12	0.688	mid	skip		143
e11d27fa-ccf7-5345-bbcd-5d5aaf47aba0	Bilgi Sarmalı-2025-Tyt Ayt-Geometri Soru Bankası	84	10	0.714	high	apply	/static/crops/Bilgi_Sarmalı-2025-Tyt_Ayt-Geometri_Soru_Bankası/Bilgi_Sarmalı-2025-Tyt_Ayt-Geometri_Soru_Bankası_p0084_q02.png	122
b2347959-015d-5390-a6c1-f24795d0a402	Bilgi Sarmalı-2025-Tyt Ayt-Geometri Soru Bankası	84	11	0.786	high	apply	/static/crops/Bilgi_Sarmalı-2025-Tyt_Ayt-Geometri_Soru_Bankası/Bilgi_Sarmalı-2025-Tyt_Ayt-Geometri_Soru_Bankası_p0084_q03.png	136
f1bc95c3-f86d-56f7-ac23-abaa703007c1	Bilgi Sarmalı-2025-Tyt Ayt-Geometri Soru Bankası	132	7	0.636	mid	skip		108
a4b4515e-51e3-5730-9ab3-6083475f6d04	Bilgi Sarmalı-2025-Tyt Ayt-Geometri Soru Bankası	132	9	0.600	mid	skip		131
c6dda94b-917f-5f0a-aa9f-ca0b9d7bd0ff	Bilgi Sarmalı-2025-Ayt-Matematik Soru Bankası	277	14	0	error	error		0
aca0ed21-9b42-57a5-8114-81e243630df2	Bilgi Sarmalı-2025-Tyt Ayt-Geometri Soru Bankası	30	9	0.455	low	skip		89
3c37187e-eb4b-5bec-993a-6a569ff68563	Bilgi Sarmalı-2025-Tyt Ayt-Geometri Soru Bankası	184	11	0.917	high	apply	/static/crops/Bilgi_Sarmalı-2025-Tyt_Ayt-Geometri_Soru_Bankası/Bilgi_Sarmalı-2025-Tyt_Ayt-Geometri_Soru_Bankası_p0184_q03.png	116
d457e240-8b4f-501b-8497-48a8253e1fba	Bilgi Sarmalı-2025-Tyt Ayt-Geometri Soru Bankası	30	11	0.500	mid	skip		100
1b55eb75-19f5-58e4-ac8c-ed50d0227b77	Bilgi Sarmalı-2025-Tyt Ayt-Geometri Soru Bankası	82	8	1.000	high	apply	/static/crops/Bilgi_Sarmalı-2025-Tyt_Ayt-Geometri_Soru_Bankası/Bilgi_Sarmalı-2025-Tyt_Ayt-Geometri_Soru_Bankası_p0082_q03.png	134
8f888101-6a7e-5f79-8007-c222fd1e9991	Bilgi Sarmalı-2025-Tyt Ayt-Geometri Soru Bankası	88	12	0.889	high	apply	/static/crops/Bilgi_Sarmalı-2025-Tyt_Ayt-Geometri_Soru_Bankası/Bilgi_Sarmalı-2025-Tyt_Ayt-Geometri_Soru_Bankası_p0088_q05.png	168
9a43b50a-5f64-59c6-a316-681adebc0d72	Bilgi Sarmalı-2025-Tyt Ayt-Geometri Soru Bankası	186	11	0.857	high	apply	/static/crops/Bilgi_Sarmalı-2025-Tyt_Ayt-Geometri_Soru_Bankası/Bilgi_Sarmalı-2025-Tyt_Ayt-Geometri_Soru_Bankası_p0186_q03.png	128
252f524e-8b3a-5334-86a9-e9d029afb234	Bilgi Sarmalı-2025-Tyt Ayt-Geometri Soru Bankası	68	11	0	error	error		0
b61d9f39-18d6-5d7c-a185-ef15a5798752	CAP-2023-AYT-Matematik -AL-Soru Bankası	74	11	1.000	high	apply	/static/crops/CAP-2023-AYT-Matematik_-AL-Soru_Bankası/CAP-2023-AYT-Matematik_-AL-Soru_Bankası_p0074_q03.png	145
4cf60965-fbc2-532d-968f-902b270ea5ea	Esen Tyt Cografya Soru Bankası	286	5	0.286	low	skip		281
375827ef-ab9f-590e-9186-e0988a1c2b15	Bilgi Sarmalı-2025-Tyt Ayt-Geometri Soru Bankası	188	8	0.833	high	apply	/static/crops/Bilgi_Sarmalı-2025-Tyt_Ayt-Geometri_Soru_Bankası/Bilgi_Sarmalı-2025-Tyt_Ayt-Geometri_Soru_Bankası_p0188_q04.png	154
5afa7e42-9e54-5d18-a0b6-2e58a891341f	Aktif Ogrenme 2025 Tyt Fizik Soru Bankası	260	18	0.600	mid	skip		169
06663267-8b2a-5238-b46a-08d1bd7528f0	Bilgi Sarmalı-2025-Tyt Ayt-Geometri Soru Bankası	226	11	0.917	high	apply	/static/crops/Bilgi_Sarmalı-2025-Tyt_Ayt-Geometri_Soru_Bankası/Bilgi_Sarmalı-2025-Tyt_Ayt-Geometri_Soru_Bankası_p0226_q03.png	109
9b7e4747-5230-5eea-8dcf-2b3005ac5e98	Bilgi Sarmalı-2025-Tyt Ayt-Geometri Soru Bankası	184	10	0.750	high	apply	/static/crops/Bilgi_Sarmalı-2025-Tyt_Ayt-Geometri_Soru_Bankası/Bilgi_Sarmalı-2025-Tyt_Ayt-Geometri_Soru_Bankası_p0184_q02.png	113
d808e7ab-3510-54dc-bec4-a31740ae4db5	Bilgi Sarmalı-2025-Tyt Ayt-Geometri Soru Bankası	244	8	0.765	high	apply	/static/crops/Bilgi_Sarmalı-2025-Tyt_Ayt-Geometri_Soru_Bankası/Bilgi_Sarmalı-2025-Tyt_Ayt-Geometri_Soru_Bankası_p0244_q03.png	152
5b52c8eb-50d3-5f9d-b20c-ed14d4318e33	CAP-2023-AYT-Matematik -AL-Soru Bankası	69	10	0.786	high	apply	/static/crops/CAP-2023-AYT-Matematik_-AL-Soru_Bankası/CAP-2023-AYT-Matematik_-AL-Soru_Bankası_p0069_q02.png	157
cbb61872-2a31-5aac-979c-ba7b3e8ae794	CAP-2023-AYT-Matematik -AL-Soru Bankası	325	37	0.667	mid	skip		152
0ecc158b-8c44-5b09-af01-11440dd236a2	CAP-2023-AYT-Matematik -AL-Soru Bankası	325	36	0.833	high	apply	/static/crops/CAP-2023-AYT-Matematik_-AL-Soru_Bankası/CAP-2023-AYT-Matematik_-AL-Soru_Bankası_p0325_q02.png	200
52a6dcde-503e-5d2e-b0ff-efce6a9f2b35	Aktif Ogrenme 2025 Tyt Fizik Soru Bankası	135	14	0.214	low	skip		655
27146895-7eb8-5126-86b0-3a1e0208c8dd	Bilgi Sarmalı-2025-Tyt-Matematik Soru Bankası	126	6	0.867	high	apply	/static/crops/Bilgi_Sarmalı-2025-Tyt-Matematik_Soru_Bankası/Bilgi_Sarmalı-2025-Tyt-Matematik_Soru_Bankası_p0126_q04.png	184
d59f4ff9-5f1a-5c99-906e-c6752b607e6b	Bilgi Sarmalı-2025-Tyt Ayt-Geometri Soru Bankası	110	10	0	error	error		0
770dc094-7e96-5727-97ba-a4c9c9ec364d	CAP-2023-AYT-Matematik -AL-Soru Bankası	340	8	0.812	high	apply	/static/crops/CAP-2023-AYT-Matematik_-AL-Soru_Bankası/CAP-2023-AYT-Matematik_-AL-Soru_Bankası_p0340_q02.png	161
eebeeabd-be95-56be-a178-326e12217d05	Bilgi Sarmalı-Tyt Ayt-Geometri Soru Bankası	28	9	0.333	low	skip		147
4565f238-1b51-5e58-b11f-3d615d8676d5	CAP-2023-AYT-Matematik -AL-Soru Bankası	425	16	0.786	high	apply	/static/crops/CAP-2023-AYT-Matematik_-AL-Soru_Bankası/CAP-2023-AYT-Matematik_-AL-Soru_Bankası_p0425_q03.png	297
1d11b998-4316-543e-bc23-2f66805eff7c	Bilgi Sarmalı-2025-Tyt-Matematik Soru Bankası	146	6	0.535	mid	skip		483
bb29ac47-7792-5b7e-8fba-8c9412acea0b	CAP-2023-AYT-Matematik -AL-Soru Bankası	322	23	0	error	error		0
a4f7303e-1c0e-5e59-9c79-103758439814	Bilgi Sarmalı-Tyt Ayt-Geometri Soru Bankası	58	9	0.846	high	apply	/static/crops/Bilgi_Sarmalı-Tyt_Ayt-Geometri_Soru_Bankası/Bilgi_Sarmalı-Tyt_Ayt-Geometri_Soru_Bankası_p0058_q06.png	119
f0cdc07a-e005-5331-8461-19d7368afeac	Esen Tyt Kimya Soru Bankası	140	5	0	error	error		0
b908c803-d0e1-5720-81fb-3b4a18003815	CAP-2023-AYT-Matematik -AL-Soru Bankası	168	6	0.545	mid	skip		98
1d861626-4cae-5b51-a755-f963f3491d3b	CAP-2023-AYT-Matematik -AL-Soru Bankası	300	10	0.727	high	apply	/static/crops/CAP-2023-AYT-Matematik_-AL-Soru_Bankası/CAP-2023-AYT-Matematik_-AL-Soru_Bankası_p0300_q04.png	257
3dffa891-b416-5061-ac55-b831090fe26b	Bilgi Sarmalı-2025-Tyt-Matematik Soru Bankası	290	15	0.806	high	apply	/static/crops/Bilgi_Sarmalı-2025-Tyt-Matematik_Soru_Bankası/Bilgi_Sarmalı-2025-Tyt-Matematik_Soru_Bankası_p0290_q08.png	384
e733e2af-02ea-596f-bfd3-f1087383bc87	CAP-2023-AYT-Matematik -AL-Soru Bankası	421	9	0	error	error		0
6d7a8549-322c-51e6-8579-7279aaafea80	Bilgi Sarmalı-Tyt Ayt-Geometri Soru Bankası	162	11	0.857	high	apply	/static/crops/Bilgi_Sarmalı-Tyt_Ayt-Geometri_Soru_Bankası/Bilgi_Sarmalı-Tyt_Ayt-Geometri_Soru_Bankası_p0162_q02.png	116
c8987444-7a06-5300-a293-574e6924eca8	Bilgi Sarmalı-Tyt Ayt-Geometri Soru Bankası	130	10	0.833	high	apply	/static/crops/Bilgi_Sarmalı-Tyt_Ayt-Geometri_Soru_Bankası/Bilgi_Sarmalı-Tyt_Ayt-Geometri_Soru_Bankası_p0130_q05.png	118
e929cb2e-763c-5c9a-95f3-003812d4febf	Bilgi Sarmalı-Tyt Ayt-Geometri Soru Bankası	194	6	0.714	high	apply	/static/crops/Bilgi_Sarmalı-Tyt_Ayt-Geometri_Soru_Bankası/Bilgi_Sarmalı-Tyt_Ayt-Geometri_Soru_Bankası_p0194_q05.png	132
bd9a016c-0933-5e4b-ac07-073c4bf201bd	Bilgi Sarmalı-Tyt Ayt-Geometri Soru Bankası	360	6	0.846	high	apply	/static/crops/Bilgi_Sarmalı-Tyt_Ayt-Geometri_Soru_Bankası/Bilgi_Sarmalı-Tyt_Ayt-Geometri_Soru_Bankası_p0360_q03.png	119
8707d5c7-c893-5e3b-9e61-6f2cef97ff8b	Bilgi Sarmalı-Tyt Ayt-Geometri Soru Bankası	134	8	0.824	high	apply	/static/crops/Bilgi_Sarmalı-Tyt_Ayt-Geometri_Soru_Bankası/Bilgi_Sarmalı-Tyt_Ayt-Geometri_Soru_Bankası_p0134_q02.png	166
c9d00101-0f92-53e7-82fc-cfc90864886d	Bilgi Sarmalı-Tyt Ayt-Geometri Soru Bankası	194	7	0.868	high	apply	/static/crops/Bilgi_Sarmalı-Tyt_Ayt-Geometri_Soru_Bankası/Bilgi_Sarmalı-Tyt_Ayt-Geometri_Soru_Bankası_p0194_q02.png	344
4c940d5d-f664-5737-8879-3589f2286b2d	Bilgi Sarmalı-Tyt Ayt-Geometri Soru Bankası	220	8	0.846	high	apply	/static/crops/Bilgi_Sarmalı-Tyt_Ayt-Geometri_Soru_Bankası/Bilgi_Sarmalı-Tyt_Ayt-Geometri_Soru_Bankası_p0220_q03.png	108
cc159fcd-5f35-5265-937c-32509065086e	Edebiyat Sokagi Ayt Edebiyat Soru Bankasi	286	7	0.145	low	skip		529
de7b1629-65c4-5058-897b-4f1cc202d4d1	Bilgi Sarmalı-Tyt Ayt-Geometri Soru Bankası	250	7	0.737	high	apply	/static/crops/Bilgi_Sarmalı-Tyt_Ayt-Geometri_Soru_Bankası/Bilgi_Sarmalı-Tyt_Ayt-Geometri_Soru_Bankası_p0250_q04.png	174
8ae72a4c-cabf-5f2e-a0b5-193d009abe51	CAP-2023-AYT-Matematik -AL-Soru Bankası	266	14	0	error	error		0
3cfe7cb5-e42d-5e03-84c8-df26ceebc898	Bilgi Sarmalı-Tyt Ayt-Geometri Soru Bankası	240	11	0.632	mid	skip		205
82ac3769-53b9-5ff8-9453-7dad0da805d2	Bilgi Sarmalı-2025-Tyt-Matematik Video Ders Kitabı	71	2	0.132	low	skip		345
b5936632-b0ea-54fb-b005-23cd11f85dd1	Esen Yks Motivasyon Fizik Testleri	215	6	0.680	mid	skip		239
11aaf029-ce24-5457-8bd8-b182934931d9	Bilgi Sarmalı-Tyt Ayt-Geometri Soru Bankası	266	7	0.800	high	apply	/static/crops/Bilgi_Sarmalı-Tyt_Ayt-Geometri_Soru_Bankası/Bilgi_Sarmalı-Tyt_Ayt-Geometri_Soru_Bankası_p0266_q05.png	139
e89e2fad-85cd-5ff8-864e-a80acc3ebea1	Bilgi Sarmalı-Tyt Ayt-Geometri Soru Bankası	242	9	0.667	mid	skip		162
eea9fea7-9032-53a8-ab93-e47ecc660da0	Esen Yks Motivasyon Biyoloji	77	5	0	error	error		0
c2573d68-d769-5e2a-996c-14984d55c513	Bilgi Sarmalı-Tyt Ayt-Geometri Soru Bankası	246	7	0.870	high	apply	/static/crops/Bilgi_Sarmalı-Tyt_Ayt-Geometri_Soru_Bankası/Bilgi_Sarmalı-Tyt_Ayt-Geometri_Soru_Bankası_p0246_q04.png	212
cc4237cb-706d-58c7-8dd3-86eed9fcfb21	C1CELL-2024-TYT-AYT-Geometri Soru Bankası	53	8	0.750	high	apply	/static/crops/C1CELL-2024-TYT-AYT-Geometri_Soru_Bankası/C1CELL-2024-TYT-AYT-Geometri_Soru_Bankası_p0053_q03.png	99
2baa10b5-cfa9-5275-af60-1cc11dca210a	Bilgi Sarmalı-Tyt Ayt-Geometri Soru Bankası	266	8	0.400	low	skip		161
7ede5ba4-1227-5cec-ae2a-c01627cbc2fd	C1CELL-2024-TYT-AYT-Geometri Soru Bankası	65	9	0.750	high	apply	/static/crops/C1CELL-2024-TYT-AYT-Geometri_Soru_Bankası/C1CELL-2024-TYT-AYT-Geometri_Soru_Bankası_p0065_q06.png	142
cbd11858-7ddb-54ed-98ff-0eacfe7f1787	C1CELL-2024-TYT-AYT-Geometri Soru Bankası	57	9	0.926	high	apply	/static/crops/C1CELL-2024-TYT-AYT-Geometri_Soru_Bankası/C1CELL-2024-TYT-AYT-Geometri_Soru_Bankası_p0057_q05.png	233
385d854e-d4b5-513f-a5c0-cf1b394a45c9	C1CELL-2024-TYT-AYT-Geometri Soru Bankası	55	7	0.636	mid	skip		95
e98aeb95-0318-59c2-8999-021051289182	C1CELL-2024-TYT-AYT-Geometri Soru Bankası	67	9	0.875	high	apply	/static/crops/C1CELL-2024-TYT-AYT-Geometri_Soru_Bankası/C1CELL-2024-TYT-AYT-Geometri_Soru_Bankası_p0067_q06.png	161
02767245-7e38-5852-b037-98c9135afe3d	Bilgi Sarmalı-Tyt Ayt-Geometri Soru Bankası	292	10	0.600	mid	skip		141
9debfeb6-d0e9-5898-b81b-98d05fe38106	C1CELL-2024-TYT-AYT-Geometri Soru Bankası	63	12	0.385	low	skip		124
6ca9ff43-b254-527c-b1f9-df9a2a2d8edb	Aktif Ogrenme 2025 Tyt Fizik Soru Bankası	267	25	0	error	error		0
1291ce8e-577e-583d-82c8-c0806cb6584b	C1CELL-2024-TYT-AYT-Geometri Soru Bankası	128	8	0.875	high	apply	/static/crops/C1CELL-2024-TYT-AYT-Geometri_Soru_Bankası/C1CELL-2024-TYT-AYT-Geometri_Soru_Bankası_p0128_q04.png	140
35787d0e-6de8-52b2-abcc-639d4c5c541e	C1CELL-2024-TYT-AYT-Geometri Soru Bankası	126	10	1.000	high	apply	/static/crops/C1CELL-2024-TYT-AYT-Geometri_Soru_Bankası/C1CELL-2024-TYT-AYT-Geometri_Soru_Bankası_p0126_q02.png	135
d4b587ad-d7b3-5422-8bde-a833d13fd1c8	C1CELL-2024-TYT-AYT-Geometri Soru Bankası	215	9	0.667	mid	skip		136
df9c21e7-3d87-546b-9541-0d9cd55dfe8a	C1CELL-2024-TYT-AYT-Geometri Soru Bankası	67	8	0.667	mid	skip		108
58d3b510-82b0-5a21-ae0d-722ac9741a25	C1CELL-2024-TYT-AYT-Geometri Soru Bankası	67	11	0.684	mid	skip		167
dccd7f05-3ab8-59b5-b035-bfda50725e26	C1CELL-2024-TYT-AYT-Geometri Soru Bankası	67	10	0.722	high	apply	/static/crops/C1CELL-2024-TYT-AYT-Geometri_Soru_Bankası/C1CELL-2024-TYT-AYT-Geometri_Soru_Bankası_p0067_q02.png	146
72de617c-b543-5c5d-a7bc-77d5ff2f7cb4	C1CELL-2024-TYT-AYT-Geometri Soru Bankası	215	10	0.929	high	apply	/static/crops/C1CELL-2024-TYT-AYT-Geometri_Soru_Bankası/C1CELL-2024-TYT-AYT-Geometri_Soru_Bankası_p0215_q01.png	142
d928280c-a108-5b37-977c-8cee66aaef72	C1CELL-2024-TYT-AYT-Geometri Soru Bankası	221	10	0.875	high	apply	/static/crops/C1CELL-2024-TYT-AYT-Geometri_Soru_Bankası/C1CELL-2024-TYT-AYT-Geometri_Soru_Bankası_p0221_q02.png	133
0fa67d80-c363-5620-98db-ffe331c4ec8d	C1CELL-2024-TYT-AYT-Geometri Soru Bankası	219	8	0.812	high	apply	/static/crops/C1CELL-2024-TYT-AYT-Geometri_Soru_Bankası/C1CELL-2024-TYT-AYT-Geometri_Soru_Bankası_p0219_q04.png	144
67626d37-9bd5-577e-b0cc-10c9ea159dbb	C1CELL-2024-TYT-AYT-Geometri Soru Bankası	221	9	0.714	high	apply	/static/crops/C1CELL-2024-TYT-AYT-Geometri_Soru_Bankası/C1CELL-2024-TYT-AYT-Geometri_Soru_Bankası_p0221_q06.png	176
5b182e11-a34a-58a1-9930-3631e2ebb3cf	C1CELL-2024-TYT-AYT-Geometri Soru Bankası	219	10	0.846	high	apply	/static/crops/C1CELL-2024-TYT-AYT-Geometri_Soru_Bankası/C1CELL-2024-TYT-AYT-Geometri_Soru_Bankası_p0219_q01.png	121
18955e00-3265-5aba-a14d-ab857bf9a8d5	C1CELL-2024-TYT-AYT-Geometri Soru Bankası	230	10	0.857	high	apply	/static/crops/C1CELL-2024-TYT-AYT-Geometri_Soru_Bankası/C1CELL-2024-TYT-AYT-Geometri_Soru_Bankası_p0230_q02.png	122
8b6355d9-72f5-50a2-a487-a0d10d72b204	C1CELL-2024-TYT-AYT-Geometri Soru Bankası	232	11	0.667	mid	skip		104
86352e98-1ff4-5137-a659-f9ac7b117607	C1CELL-2024-TYT-AYT-Geometri Soru Bankası	232	8	0.938	high	apply	/static/crops/C1CELL-2024-TYT-AYT-Geometri_Soru_Bankası/C1CELL-2024-TYT-AYT-Geometri_Soru_Bankası_p0232_q03.png	136
07c29612-aeaa-57d4-a1f5-fb7e3e4d6478	C1CELL-2024-TYT-AYT-Geometri Soru Bankası	230	12	0.750	high	apply	/static/crops/C1CELL-2024-TYT-AYT-Geometri_Soru_Bankası/C1CELL-2024-TYT-AYT-Geometri_Soru_Bankası_p0230_q05.png	129
982abac4-5118-5f80-bfcd-b85c5fe131bf	C1CELL-2024-TYT-AYT-Geometri Soru Bankası	243	10	0.714	high	apply	/static/crops/C1CELL-2024-TYT-AYT-Geometri_Soru_Bankası/C1CELL-2024-TYT-AYT-Geometri_Soru_Bankası_p0243_q02.png	122
d3f618ee-a3f1-5892-a9f1-acf55e5c2191	C1CELL-2024-TYT-AYT-Geometri Soru Bankası	234	12	0.750	high	apply	/static/crops/C1CELL-2024-TYT-AYT-Geometri_Soru_Bankası/C1CELL-2024-TYT-AYT-Geometri_Soru_Bankası_p0234_q05.png	119
d6dbbb0a-6b12-572b-a631-a6a61c1869b5	C1CELL-2024-TYT-AYT-Geometri Soru Bankası	243	8	1.000	high	apply	/static/crops/C1CELL-2024-TYT-AYT-Geometri_Soru_Bankası/C1CELL-2024-TYT-AYT-Geometri_Soru_Bankası_p0243_q03.png	113
e1f7d891-79db-5cb8-b2ed-4590004f7114	C1CELL-2024-TYT-AYT-Geometri Soru Bankası	30	8	0.929	high	apply	/static/crops/C1CELL-2024-TYT-AYT-Geometri_Soru_Bankası/C1CELL-2024-TYT-AYT-Geometri_Soru_Bankası_p0030_q04.png	113
00a59384-2fc2-5cfd-9ba9-3bd9f69210c1	C1CELL-2024-TYT-AYT-Geometri Soru Bankası	264	10	0.833	high	apply	/static/crops/C1CELL-2024-TYT-AYT-Geometri_Soru_Bankası/C1CELL-2024-TYT-AYT-Geometri_Soru_Bankası_p0264_q02.png	105
24079659-88c5-5839-b501-dfdfe4ccfd6a	C1CELL-2024-TYT-AYT-Geometri Soru Bankası	266	11	1.000	high	apply	/static/crops/C1CELL-2024-TYT-AYT-Geometri_Soru_Bankası/C1CELL-2024-TYT-AYT-Geometri_Soru_Bankası_p0266_q04.png	137
2b95d729-95ac-5e6c-97c3-372399440887	C1CELL-2024-TYT-AYT-Geometri Soru Bankası	268	9	1.000	high	apply	/static/crops/C1CELL-2024-TYT-AYT-Geometri_Soru_Bankası/C1CELL-2024-TYT-AYT-Geometri_Soru_Bankası_p0268_q06.png	105
7162a703-69d7-5ac0-9b12-8ccdc9584b65	Full Matematik-2019-2020-Geometri Soru Bankası	15	7	0.636	mid	skip		102
ce5519ab-3c22-59a4-aae0-68860b466d08	Full Matematik-2019-2020-Geometri Soru Bankası	15	9	0.400	low	skip		94
942ea306-e712-5b3c-97c9-835872c9a20e	Fizipedia Tyt Fizik Soru Bankası 2025	10	5	0.457	low	skip		364
795f0b0e-e09d-5e57-9121-e9d7f5eead15	Egsersiz Tyt Fizik Soru Bankası 2021	240	7	0.421	low	skip		353
da41efef-c554-5c9e-8a0d-0b18548d5409	Full Matematik-2019-2020-Geometri Soru Bankası	17	7	0.615	mid	skip		116
f3ae2a02-bd90-528f-af2c-75f5a4cdd8ff	Full Matematik-2019-2020-Geometri Soru Bankası	43	7	0	json_fail	skip		0
7ce2b24d-69c7-5fd2-97e8-0fc07a5990ce	Full Matematik-2019-2020-Geometri Soru Bankası	59	7	0.800	high	apply	/static/crops/Full_Matematik-2019-2020-Geometri_Soru_Bankası/Full_Matematik-2019-2020-Geometri_Soru_Bankası_p0059_q01.png	123
b0e1e710-11d9-5ec9-a5de-b84a116aea9f	Full Matematik-2019-2020-Geometri Soru Bankası	67	7	0.824	high	apply	/static/crops/Full_Matematik-2019-2020-Geometri_Soru_Bankası/Full_Matematik-2019-2020-Geometri_Soru_Bankası_p0067_q01.png	147
e183b3a3-ce68-548f-abdd-bc4f5814e320	Full Matematik-2019-2020-Geometri Soru Bankası	81	7	0.786	high	apply	/static/crops/Full_Matematik-2019-2020-Geometri_Soru_Bankası/Full_Matematik-2019-2020-Geometri_Soru_Bankası_p0081_q01.png	110
530822a3-386b-57aa-99aa-ec5fb5100e4a	C1CELL-2025-Matematik Soru Bankası	82	11	0	error	error		0
e0d51022-039c-5342-a914-cf93b09a797d	C1CELL-2024-TYT-Matematik Soru Bankası	10	8	0	error	error		0
965c63b1-2b1b-5feb-910b-5c30833340ec	Full Matematik-2019-2020-Geometri Soru Bankası	99	7	0.800	high	apply	/static/crops/Full_Matematik-2019-2020-Geometri_Soru_Bankası/Full_Matematik-2019-2020-Geometri_Soru_Bankası_p0099_q01.png	128
352fd430-0543-59b6-b63d-557eed5711fb	C1CELL-2025-Matematik Soru Bankası	120	12	0	error	error		0
c506c6ca-569f-5659-b9ef-694b54a1b5a7	Full Matematik-2019-2020-Geometri Soru Bankası	101	7	0.733	high	apply	/static/crops/Full_Matematik-2019-2020-Geometri_Soru_Bankası/Full_Matematik-2019-2020-Geometri_Soru_Bankası_p0101_q01.png	149
50e7c56e-9c19-5224-b8e4-cb42d147518c	Full Matematik-2019-2020-Geometri Soru Bankası	83	9	0.929	high	apply	/static/crops/Full_Matematik-2019-2020-Geometri_Soru_Bankası/Full_Matematik-2019-2020-Geometri_Soru_Bankası_p0083_q05.png	143
4a617bd3-e86d-59eb-9e07-d7886edcb0ed	Full Matematik-2019-2020-Geometri Soru Bankası	55	7	1.000	high	apply	/static/crops/Full_Matematik-2019-2020-Geometri_Soru_Bankası/Full_Matematik-2019-2020-Geometri_Soru_Bankası_p0055_q01.png	121
f3877137-9764-5b4d-973d-331f89f811d6	Full Matematik-2019-2020-Geometri Soru Bankası	109	9	0.800	high	apply	/static/crops/Full_Matematik-2019-2020-Geometri_Soru_Bankası/Full_Matematik-2019-2020-Geometri_Soru_Bankası_p0109_q05.png	167
ccdc9844-c738-5d2e-ad05-305c62a22b2d	Full Matematik-2019-2020-Geometri Soru Bankası	135	7	0.933	high	apply	/static/crops/Full_Matematik-2019-2020-Geometri_Soru_Bankası/Full_Matematik-2019-2020-Geometri_Soru_Bankası_p0135_q01.png	131
76227518-07ad-5459-9ba4-ac226e7e8c1f	Full Matematik-2019-2020-Geometri Soru Bankası	53	8	0	error	error		0
9b9c2548-1644-5a86-bb5e-f33a572ec9da	Full Matematik-2019-2020-Geometri Soru Bankası	127	7	0.867	high	apply	/static/crops/Full_Matematik-2019-2020-Geometri_Soru_Bankası/Full_Matematik-2019-2020-Geometri_Soru_Bankası_p0127_q01.png	136
a9590982-bd0e-5f02-bb5a-c571037fc800	Full Matematik-2019-2020-Geometri Soru Bankası	131	7	0.882	high	apply	/static/crops/Full_Matematik-2019-2020-Geometri_Soru_Bankası/Full_Matematik-2019-2020-Geometri_Soru_Bankası_p0131_q01.png	134
4712e902-6ff8-5b25-b5b5-8d902b4f8b7b	Full Matematik-2019-2020-Geometri Soru Bankası	105	8	0.789	high	apply	/static/crops/Full_Matematik-2019-2020-Geometri_Soru_Bankası/Full_Matematik-2019-2020-Geometri_Soru_Bankası_p0105_q03.png	163
f0f5d740-d776-5cba-9b98-13e826d24951	Full Matematik-2019-2020-Geometri Soru Bankası	107	7	0.857	high	apply	/static/crops/Full_Matematik-2019-2020-Geometri_Soru_Bankası/Full_Matematik-2019-2020-Geometri_Soru_Bankası_p0107_q01.png	116
3873797f-1bf6-5cbb-968f-6d51616b3f37	Full Matematik-2019-2020-Geometri Soru Bankası	145	7	1.000	high	apply	/static/crops/Full_Matematik-2019-2020-Geometri_Soru_Bankası/Full_Matematik-2019-2020-Geometri_Soru_Bankası_p0145_q01.png	116
38df3ee8-5cd6-5182-b776-d3983445916b	Full Matematik-2019-2020-Geometri Soru Bankası	73	7	0	error	error		0
95f4a243-f40a-573d-8674-56bd6c6784a5	Full Matematik-2022-2023-Tyt Ayt-Geometri Soru Bankası	197	7	0.933	high	apply	/static/crops/Full_Matematik-2022-2023-Tyt_Ayt-Geometri_Soru_Bankası/Full_Matematik-2022-2023-Tyt_Ayt-Geometri_Soru_Bankası_p0197_q01.png	116
c87d310b-9e8f-575a-8db7-e0add518dbd4	CAP-2022-2023-TYT AYT-Geometri Soru Bankası	31	10	0.714	high	apply	/static/crops/CAP-2022-2023-TYT_AYT-Geometri_Soru_Bankası/CAP-2022-2023-TYT_AYT-Geometri_Soru_Bankası_p0031_q04.png	126
062a2e9a-362a-516b-bb5c-d0f10c091810	Full Matematik-2019-2020-Geometri Soru Bankası	175	7	0.600	mid	skip		127
307d53e6-3502-5e96-98ab-a1b6135c2ebf	CAP-2022-2023-TYT AYT-Geometri Soru Bankası	9	7	0.500	mid	skip		110
95c18ba7-3222-5953-851f-df496b7e2598	CAP-2022-2023-TYT AYT-Geometri Soru Bankası	61	7	1.000	high	apply	/static/crops/CAP-2022-2023-TYT_AYT-Geometri_Soru_Bankası/CAP-2022-2023-TYT_AYT-Geometri_Soru_Bankası_p0061_q03.png	157
1bd31c32-eb9d-51b9-8c5d-6b2d3a088a1d	CAP-2022-2023-TYT AYT-Geometri Soru Bankası	110	11	0.846	high	apply	/static/crops/CAP-2022-2023-TYT_AYT-Geometri_Soru_Bankası/CAP-2022-2023-TYT_AYT-Geometri_Soru_Bankası_p0110_q03.png	122
306a0252-e4a0-563b-900e-fa3b7216806e	Full Matematik-2019-2020-Geometri Soru Bankası	111	7	0	error	error		0
ef3c4baf-7664-5906-b605-3226bf281e7c	CAP-2022-2023-TYT AYT-Geometri Soru Bankası	33	7	0.867	high	apply	/static/crops/CAP-2022-2023-TYT_AYT-Geometri_Soru_Bankası/CAP-2022-2023-TYT_AYT-Geometri_Soru_Bankası_p0033_q03.png	128
c62b468b-c8aa-54d3-8d43-75adc3811a7c	CAP-2022-2023-TYT AYT-Geometri Soru Bankası	234	7	0.625	mid	skip		87
6b663692-606c-5183-afe4-3d623de22095	Full Matematik-2019-2020-Geometri Soru Bankası	185	7	1.000	high	apply	/static/crops/Full_Matematik-2019-2020-Geometri_Soru_Bankası/Full_Matematik-2019-2020-Geometri_Soru_Bankası_p0185_q01.png	103
c91a1990-1834-5e20-89a8-2d055e3497c4	CAP-2022-2023-TYT AYT-Geometri Soru Bankası	139	7	1.000	high	apply	/static/crops/CAP-2022-2023-TYT_AYT-Geometri_Soru_Bankası/CAP-2022-2023-TYT_AYT-Geometri_Soru_Bankası_p0139_q03.png	120
4cef5e1b-d00b-5f0d-b325-170e1319764a	CAP-2022-2023-TYT AYT-Geometri Soru Bankası	260	9	0.889	high	apply	/static/crops/CAP-2022-2023-TYT_AYT-Geometri_Soru_Bankası/CAP-2022-2023-TYT_AYT-Geometri_Soru_Bankası_p0260_q02.png	156
9d0639d7-6c0e-5e50-b6e1-2997df86a3b9	CAP-2022-2023-TYT AYT-Geometri Soru Bankası	145	7	0.875	high	apply	/static/crops/CAP-2022-2023-TYT_AYT-Geometri_Soru_Bankası/CAP-2022-2023-TYT_AYT-Geometri_Soru_Bankası_p0145_q03.png	137
def6e693-9aff-54fe-9a4e-ad807456b1b8	CAP-2022-2023-TYT AYT-Geometri Soru Bankası	153	8	0.800	high	apply	/static/crops/CAP-2022-2023-TYT_AYT-Geometri_Soru_Bankası/CAP-2022-2023-TYT_AYT-Geometri_Soru_Bankası_p0153_q04.png	162
8c4df8ee-d4e4-5515-b2f0-b3d979d61f7f	CAP-2022-2023-TYT AYT-Geometri Soru Bankası	165	8	0.938	high	apply	/static/crops/CAP-2022-2023-TYT_AYT-Geometri_Soru_Bankası/CAP-2022-2023-TYT_AYT-Geometri_Soru_Bankası_p0165_q04.png	129
7543e8c7-4692-57f1-b89d-5eb9a9425faa	Full Matematik-2022-2023-Tyt Ayt-Geometri Soru Bankası	139	7	0	error	error		0
913085e1-d09b-5e46-97c9-8586a0f5d940	CAP-2022-2023-TYT AYT-Geometri Soru Bankası	171	8	0.688	mid	skip		160
f98092d1-20cc-5771-a542-faae9edf0b09	CAP-2022-2023-TYT AYT-Geometri Soru Bankası	167	7	0.800	high	apply	/static/crops/CAP-2022-2023-TYT_AYT-Geometri_Soru_Bankası/CAP-2022-2023-TYT_AYT-Geometri_Soru_Bankası_p0167_q03.png	138
9ceb21ec-aa48-5eaf-a804-56d80ce10b37	CAP-2022-2023-TYT AYT-Geometri Soru Bankası	167	8	0.875	high	apply	/static/crops/CAP-2022-2023-TYT_AYT-Geometri_Soru_Bankası/CAP-2022-2023-TYT_AYT-Geometri_Soru_Bankası_p0167_q04.png	131
b22c1316-b277-5506-b18e-db119999b583	CAP-2022-2023-TYT AYT-Geometri Soru Bankası	173	7	0.722	high	apply	/static/crops/CAP-2022-2023-TYT_AYT-Geometri_Soru_Bankası/CAP-2022-2023-TYT_AYT-Geometri_Soru_Bankası_p0173_q03.png	160
513bf8f0-7235-5123-9ab0-997f7ec3c142	CAP-2022-2023-TYT AYT-Geometri Soru Bankası	173	8	0.765	high	apply	/static/crops/CAP-2022-2023-TYT_AYT-Geometri_Soru_Bankası/CAP-2022-2023-TYT_AYT-Geometri_Soru_Bankası_p0173_q04.png	155
423c63ca-eabc-5070-a4a6-43bb611c0b25	CAP-2022-2023-TYT AYT-Geometri Soru Bankası	189	8	0.733	high	apply	/static/crops/CAP-2022-2023-TYT_AYT-Geometri_Soru_Bankası/CAP-2022-2023-TYT_AYT-Geometri_Soru_Bankası_p0189_q03.png	140
e948b157-b368-5091-bd68-5cce75c07da9	CAP-2022-2023-TYT AYT-Geometri Soru Bankası	161	10	0.824	high	apply	/static/crops/CAP-2022-2023-TYT_AYT-Geometri_Soru_Bankası/CAP-2022-2023-TYT_AYT-Geometri_Soru_Bankası_p0161_q05.png	190
31c37076-58b9-5084-b9a2-0640b68432da	CAP-2022-2023-TYT AYT-Geometri Soru Bankası	191	7	0.929	high	apply	/static/crops/CAP-2022-2023-TYT_AYT-Geometri_Soru_Bankası/CAP-2022-2023-TYT_AYT-Geometri_Soru_Bankası_p0191_q03.png	136
0775cfd2-5fc4-5678-8c7b-8fd69963e16d	Full Matematik-2022-2023-Tyt-Matematik Soru Bankası	333	9	0.800	high	apply	/static/crops/Full_Matematik-2022-2023-Tyt-Matematik_Soru_Bankası/Full_Matematik-2022-2023-Tyt-Matematik_Soru_Bankası_p0333_q03.png	156
8c8494e0-bb23-5d49-a43f-cc08fc43dfcc	CAP-2022-2023-TYT AYT-Geometri Soru Bankası	260	11	0	error	error		0
6914564c-d3d8-5824-948b-ffcfe28391cf	CAP-2022-2023-TYT-Matematik Soru Bankası	84	12	0	error	error		0
7cc23398-fdd5-5738-95a6-5388d34caff5	CAP-2022-2023-TYT AYT-Geometri Soru Bankası	193	7	0.923	high	apply	/static/crops/CAP-2022-2023-TYT_AYT-Geometri_Soru_Bankası/CAP-2022-2023-TYT_AYT-Geometri_Soru_Bankası_p0193_q04.png	124
157d403e-d08b-5b8c-bd81-7ff430a7680e	Full Matematik-Ayt-Matematik Soru Bankası	177	9	0.810	high	apply	/static/crops/Full_Matematik-Ayt-Matematik_Soru_Bankası/Full_Matematik-Ayt-Matematik_Soru_Bankası_p0177_q01.png	189
e2946887-d646-5ec1-b902-4a7432f7a7d1	CAP-2022-2023-TYT AYT-Geometri Soru Bankası	191	9	0.895	high	apply	/static/crops/CAP-2022-2023-TYT_AYT-Geometri_Soru_Bankası/CAP-2022-2023-TYT_AYT-Geometri_Soru_Bankası_p0191_q02.png	384
17b42e4b-f4e4-5535-ba5e-cd3d7d3b9cd2	Mikro Orijinal-2024-Ayt-Matematik Soru Bankası	179	12	0.875	high	apply	/static/crops/Mikro_Orijinal-2024-Ayt-Matematik_Soru_Bankası/Mikro_Orijinal-2024-Ayt-Matematik_Soru_Bankası_p0179_q05.png	137
8f7156a7-1a67-5e71-94e6-969aeb3db6f8	Esen Aps Geometri Soru Bankası	76	7	0.875	high	apply	/static/crops/Esen_Aps_Geometri_Soru_Bankası/Esen_Aps_Geometri_Soru_Bankası_p0076_q02.png	95
653307f8-3b65-5560-ba98-3120d64470f4	CAP-2022-2023-TYT AYT-Geometri Soru Bankası	169	7	0	error	error		0
4b729efe-bbad-56e5-bcfe-fc9e3bb15810	CAP-2023-2024-AYT-Matematik Soru Bankası	230	6	0.895	high	apply	/static/crops/CAP-2023-2024-AYT-Matematik_Soru_Bankası/CAP-2023-2024-AYT-Matematik_Soru_Bankası_p0230_q03.png	210
e0a57811-c841-5dc3-adfc-8bc1d2213004	CAP-2023-2024-AYT-Matematik Soru Bankası	259	20	0.852	high	apply	/static/crops/CAP-2023-2024-AYT-Matematik_Soru_Bankası/CAP-2023-2024-AYT-Matematik_Soru_Bankası_p0259_q03.png	273
23276b23-bd9f-5225-9a81-17fa8937755d	Full-2019-2020-Ayt-Matematik Soru Bankası	85	7	0.846	high	apply	/static/crops/Full-2019-2020-Ayt-Matematik_Soru_Bankası/Full-2019-2020-Ayt-Matematik_Soru_Bankası_p0085_q01.png	100
e09cd9ec-e5b3-5fd2-ad88-0b519a20a5a3	CAP-2022-2023-TYT AYT-Geometri Soru Bankası	206	13	0.688	mid	skip		153
e2e4a00d-bf64-5214-9b74-4902ccff60fa	CAP-2022-2023-TYT-Matematik Soru Bankası	136	11	0.636	mid	skip		359
651335f6-b9c3-5f8f-a83e-da16cd5c8156	CAP-2023-2024-AYT-Matematik Soru Bankası	230	6	0.857	high	apply	/static/crops/CAP-2023-2024-AYT-Matematik_Soru_Bankası/CAP-2023-2024-AYT-Matematik_Soru_Bankası_p0230_q03.png	234
3f6d1a91-8941-5a97-925b-8486acb951c6	CAP-2023-2024-AYT-Matematik Soru Bankası	106	7	0.882	high	apply	/static/crops/CAP-2023-2024-AYT-Matematik_Soru_Bankası/CAP-2023-2024-AYT-Matematik_Soru_Bankası_p0106_q03.png	167
06f65a54-ea5e-5745-bdd1-28a9f4ff6b89	Full-2019-2020-Ayt-Matematik Soru Bankası	101	7	0.692	mid	skip		139
4c8b4ba9-eff5-56cb-b351-1cbb26b4257b	CAP-2023-2024-AYT-Matematik Soru Bankası	238	10	0.850	high	apply	/static/crops/CAP-2023-2024-AYT-Matematik_Soru_Bankası/CAP-2023-2024-AYT-Matematik_Soru_Bankası_p0238_q04.png	247
dfcd7788-7dae-5218-a4de-54c055e8dc21	Full Matematik-Ayt-Matematik Soru Bankası	139	9	0.833	high	apply	/static/crops/Full_Matematik-Ayt-Matematik_Soru_Bankası/Full_Matematik-Ayt-Matematik_Soru_Bankası_p0139_q02.png	110
7df1bd2e-8cdb-5162-91ef-1a4393a2c6cd	Esen Aps Fizik Soru Bankası 3	16	6	0.217	low	skip		233
131e500d-dcad-5e8d-b59a-f3930e3bb35e	CAP-2023-2024-AYT-Matematik Soru Bankası	361	16	0	error	error		0
de9dc621-ee93-59cc-805b-ca31297be070	Esen Aps Kimya Soru Bankası	94	9	0.574	mid	skip		582
75b6d290-b5ab-5ebb-90bf-661b3c5652c2	CAP-2023-AYT-Matematik -AL-Soru Bankası	209	25	0.462	low	skip		122
ec6615a5-5b0c-56e1-93dd-f4af70525e34	CAP-2023-AYT-Matematik -AL-Soru Bankası	164	10	0.769	high	apply	/static/crops/CAP-2023-AYT-Matematik_-AL-Soru_Bankası/CAP-2023-AYT-Matematik_-AL-Soru_Bankası_p0164_q05.png	114
bd0294d9-cc21-5755-a468-7744811e95fe	CAP-2023-2024-AYT-Matematik Soru Bankası	289	8	0.765	high	apply	/static/crops/CAP-2023-2024-AYT-Matematik_Soru_Bankası/CAP-2023-2024-AYT-Matematik_Soru_Bankası_p0289_q03.png	169
a770381b-81ef-5fce-880b-177eb0eab23f	CAP-2023-AYT-Matematik -AL-Soru Bankası	164	8	0.765	high	apply	/static/crops/CAP-2023-AYT-Matematik_-AL-Soru_Bankası/CAP-2023-AYT-Matematik_-AL-Soru_Bankası_p0164_q01.png	136
c5710813-ccd7-5636-9a00-94c25c6e3ef3	Full-2019-2020-Ayt-Matematik Soru Bankası	169	7	0.875	high	apply	/static/crops/Full-2019-2020-Ayt-Matematik_Soru_Bankası/Full-2019-2020-Ayt-Matematik_Soru_Bankası_p0169_q01.png	152
b9c82208-9f14-57d7-bddc-4ace45c36b7f	Esen Aps Kimya Soru Bankası	160	8	0.200	low	skip		387
4455d580-5d1c-558b-8d70-e7cfdf567032	CAP-2023-AYT-Matematik -AL-Soru Bankası	306	12	0.786	high	apply	/static/crops/CAP-2023-AYT-Matematik_-AL-Soru_Bankası/CAP-2023-AYT-Matematik_-AL-Soru_Bankası_p0306_q06.png	149
b14b8207-5f47-5e15-ae39-0eb5b1ec3923	CAP-2023-AYT-Matematik -AL-Soru Bankası	183	8	0.929	high	apply	/static/crops/CAP-2023-AYT-Matematik_-AL-Soru_Bankası/CAP-2023-AYT-Matematik_-AL-Soru_Bankası_p0183_q03.png	138
93caff98-987b-5615-a052-409d6ecc68bc	CAP-2023-AYT-Matematik -AL-Soru Bankası	185	10	0.615	mid	skip		104
4815ac5f-d593-52f1-89e3-1dfa3111b663	CAP-2023-AYT-Matematik -AL-Soru Bankası	183	10	0.857	high	apply	/static/crops/CAP-2023-AYT-Matematik_-AL-Soru_Bankası/CAP-2023-AYT-Matematik_-AL-Soru_Bankası_p0183_q02.png	110
a589ace5-a22a-54d5-9aba-f088c15d1423	CAP-2023-AYT-Matematik -AL-Soru Bankası	183	12	0.667	mid	skip		99
53e281ec-0fcf-5f77-8556-7d9c9048d33b	CAP-2023-AYT-Matematik -AL-Soru Bankası	302	9	1.000	high	apply	/static/crops/CAP-2023-AYT-Matematik_-AL-Soru_Bankası/CAP-2023-AYT-Matematik_-AL-Soru_Bankası_p0302_q02.png	124
d01ca24c-75f8-5777-93c8-067838567833	Full-2019-2020-Ayt-Matematik Soru Bankası	183	7	0	error	error		0
0e59b90f-bc3f-5095-874a-9b0b19e997e9	CAP-2023-AYT-Matematik -AL-Soru Bankası	187	8	0.818	high	apply	/static/crops/CAP-2023-AYT-Matematik_-AL-Soru_Bankası/CAP-2023-AYT-Matematik_-AL-Soru_Bankası_p0187_q03.png	103
069e8878-52fc-50c1-ad8b-413bff91e06a	CAP-2023-AYT-Matematik -AL-Soru Bankası	185	12	0.538	mid	skip		98
03351417-9fcc-5a19-83a6-6dc2b9613b2c	CAP-2023-AYT-Matematik -AL-Soru Bankası	228	9	0	error	error		0
9988553c-23a4-5b8c-96c5-d18afffb7196	Mikro Orijinal-2024-Ayt-Matematik Soru Bankası	124	1	0.200	low	skip		170
6eba6113-8e3c-5a0d-87dd-98e50b826378	Mikro Orijinal-2024-Ayt-Matematik Soru Bankası	181	7	0.750	high	apply	/static/crops/Mikro_Orijinal-2024-Ayt-Matematik_Soru_Bankası/Mikro_Orijinal-2024-Ayt-Matematik_Soru_Bankası_p0181_q01.png	96
c4685259-99af-551a-9e5f-7621d13463be	Esen Apt Ayt Fizik 2025	81	8	0.321	low	skip		282
cde1c393-beef-58ed-91e7-838c677c1ccb	CAP-2023-AYT-Matematik -AL-Soru Bankası	379	15	0.821	high	apply	/static/crops/CAP-2023-AYT-Matematik_-AL-Soru_Bankası/CAP-2023-AYT-Matematik_-AL-Soru_Bankası_p0379_q03.png	302
87200ebe-962e-5560-83ff-ec57824d4774	CAP-2023-AYT-Matematik -AL-Soru Bankası	191	11	0.714	high	apply	/static/crops/CAP-2023-AYT-Matematik_-AL-Soru_Bankası/CAP-2023-AYT-Matematik_-AL-Soru_Bankası_p0191_q03.png	112
7f185deb-77e0-5364-b7a6-5a7dd88beb63	Esen Ayt Fizik Soru Bankası	48	5	0.923	high	apply	/static/crops/Esen_Ayt_Fizik_Soru_Bankası/Esen_Ayt_Fizik_Soru_Bankası_p0048_q01.png	124
cf5fff7d-12b8-5c2e-99bd-5be6a4bb86ee	Mikro Orijinal-2024-Ayt-Matematik Soru Bankası	179	11	0.762	high	apply	/static/crops/Mikro_Orijinal-2024-Ayt-Matematik_Soru_Bankası/Mikro_Orijinal-2024-Ayt-Matematik_Soru_Bankası_p0179_q03.png	208
8e795496-0166-56e4-8858-91c7f53fec4a	Esen Ayt Fizik Soru Bankası	82	10	0.400	low	skip		515
a6942999-980e-5e11-a905-b36799be00b7	Esen Ayt Fizik Soru Bankası	314	8	0.439	low	skip		380
cb8f2159-c880-55a6-a585-62af94f59cef	Esen 2025 Aps Ayt Fizik Soru Bankası	95	7	0.833	high	apply	/static/crops/Esen_2025_Aps_Ayt_Fizik_Soru_Bankası/Esen_2025_Aps_Ayt_Fizik_Soru_Bankası_p0095_q02.png	129
5d116621-3ce2-5793-b0bf-3ae9e401420a	CAP-2023-AYT-Matematik -AL-Soru Bankası	396	8	0	json_fail	skip		0
7d335b7d-cde5-53f2-b8b8-68821242af2f	Esen Aps Cografya Soru Bankası	114	6	0.516	mid	skip		325
73e8d325-f4ba-54fc-b663-2ffc7afb290e	Mikro Orijinal Tyt Fizik Soru Bankası 2025	280	6	0	error	error		0
6f8164b5-d995-5efd-ad22-2b90ac537e06	Esen Aps Cografya Soru Bankası	40	11	0.452	low	skip		314
a0896ffd-d1f3-56a0-90a0-999746d8b00f	Egsersiz Tyt Fizik Soru Bankası 2021	6	10	1.000	high	apply	/static/crops/Egsersiz_Tyt_Fizik_Soru_Bankası_2021/Egsersiz_Tyt_Fizik_Soru_Bankası_2021_p0006_q04.png	175
ba551067-b648-51f5-94b0-0cefb10814b9	Esen Aps Fizik Soru Bankası 3	136	6	0.279	low	skip		561
ac5c3aad-6c0b-5df3-ae8f-0eb41be30122	Esen Aps Fizik Soru Bankası 3	152	8	0.527	mid	skip		727
b5017abe-ce18-58c5-9f49-c98650db6141	Esen Apt Ayt Fizik 2025	193	11	0	error	error		0
13ef78f4-12ee-5d9b-aadf-0bad6698719e	Esen Apt Ayt Fizik 2025	201	8	0	error	error		0
f920abc4-4c3d-571e-80cb-1e4c46fdd04d	Esen Ayt Tarih Soru Bankası	242	8	0.175	low	skip		568
46b4c3d0-8133-5e11-88f2-500d7718db58	Mikro Orijinal-2024-Tyt-Matematik Soru Bankası	141	1	0.111	low	skip		213
498c2b43-2d23-5b48-977e-d925739caa1d	Esen Aps Cografya Soru Bankası	156	7	0.148	low	skip		538
f8c1a9d2-97d5-5e0b-aadd-704d13a2e8c8	Mikro Orijinal-2024-Ayt-Matematik Soru Bankası	185	8	0.545	mid	skip		223
424290e8-f19c-57f1-8d7c-ab7d54af8255	Mikro Orijinal-2024-Tyt-Matematik Soru Bankası	250	1	0.091	low	skip		397
0e3fab47-3e25-5608-8339-501a449566b2	Esen Ayt Tarih Soru Bankası	36	9	1.000	high	apply	/static/crops/Esen_Ayt_Tarih_Soru_Bankası/Esen_Ayt_Tarih_Soru_Bankası_p0036_q05.png	156
ecdea168-aed3-5c8d-96b3-fba334a9383b	Mikro Orijinal-2024-Tyt-Matematik Soru Bankası	220	1	0.048	low	skip		405
8681d205-d7ed-56e2-ae2c-23fffbc7d8f2	Mikro Orijinal-2024-Tyt-Matematik Soru Bankası	307	1	0.333	low	skip		206
210bef91-1e27-561b-9ced-d3ada92954df	Esen Aps Kimya Soru Bankası	12	8	0	error	error		0
e35092de-3d72-5c9e-abb0-e911d2d39e59	Mikro Orijinal-2024-Tyt-Matematik Soru Bankası	377	1	0.267	low	skip		195
05e78a8e-bc86-514b-aa06-60ac1886b72d	Esen Apt Ayt Fizik 2025	55	11	0.773	high	apply	/static/crops/Esen_Apt_Ayt_Fizik_2025/Esen_Apt_Ayt_Fizik_2025_p0055_q04.png	238
2928494c-7dce-51dd-9b79-fb21011bfb87	Mikro Orijinal-2024-Tyt-Matematik Soru Bankası	359	1	0.188	low	skip		161
e5e94877-6a0c-5359-b762-3fee72a9519d	Mikro Orijinal-2024-Tyt-Matematik Soru Bankası	397	1	0.588	mid	skip		184
886ca996-cd36-5597-ac09-adcd90dba047	Mikro Orijinal-2024-Tyt-Matematik Soru Bankası	319	3	0.152	low	skip		328
b32d7dd3-7d8c-521f-bc0a-cb8b5f72ba5c	Aktif Ogrenme 2025 Tyt Fizik Soru Bankası	71	1	0.429	low	skip		178
8cb4ec5a-1d3b-5dae-9141-fedc2b1fa1e3	Mikro Orijinal-2025-Ayt-Geometri Soru Bankası	27	1	0.231	low	skip		118
d9b7890a-d976-5f86-a689-479c11bdc989	Mikro Orijinal-2024-Tyt-Matematik Soru Bankası	377	4	0.875	high	apply	/static/crops/Mikro_Orijinal-2024-Tyt-Matematik_Soru_Bankası/Mikro_Orijinal-2024-Tyt-Matematik_Soru_Bankası_p0377_q02.png	264
e92c0eaf-87cb-51db-b5c0-d38e21ab85d0	Mikro Orijinal-2024-Tyt-Matematik Soru Bankası	213	1	0.115	low	skip		258
b7b6f97e-35c9-5aa5-9e78-68e4a22c4eb5	Aktif Ogrenme 2025 Tyt Fizik Soru Bankası	132	9	0.703	high	apply	/static/crops/Aktif_Ogrenme_2025_Tyt_Fizik_Soru_Bankası/Aktif_Ogrenme_2025_Tyt_Fizik_Soru_Bankası_p0132_q01.png	395
0862be9b-95df-55ba-bbe1-66615ca5aaca	Esen Aylık Planlı Biyoloji Soru Bankası	230	10	1.000	high	apply	/static/crops/Esen_Aylık_Planlı_Biyoloji_Soru_Bankası/Esen_Aylık_Planlı_Biyoloji_Soru_Bankası_p0230_q02.png	359
019a711b-0451-56cf-ab79-85913cf7e2de	C1CELL-2024-TYT-AYT-Geometri Soru Bankası	95	7	0.824	high	apply	/static/crops/C1CELL-2024-TYT-AYT-Geometri_Soru_Bankası/C1CELL-2024-TYT-AYT-Geometri_Soru_Bankası_p0095_q01.png	131
e7644cb9-369e-5873-bb7b-ff7321a7e31e	Aktif Ogrenme 2025 Tyt Fizik Soru Bankası	133	10	0.438	low	skip		176
dbc8eca5-a9b3-55b4-8de3-db70231fe579	Esen Apt Ayt Fizik 2025	149	7	0	error	error		0
2f6f54d8-bd37-562d-9c5d-e2f1f19be124	Esen Ayt Tarih Soru Bankası	128	7	0.281	low	skip		603
f7b32b2f-697e-5661-b369-895b7b60b728	Aktif Ogrenme 2025 Tyt Fizik Soru Bankası	76	12	0.324	low	skip		316
9cd2dd15-16d9-5a2d-87c4-247f61337901	Esen Ayt Tarih Soru Bankası	166	6	0.203	low	skip		689
067b95db-d55a-5cac-b0f0-0bef08029120	345 Tyt Ayt Geometri Soru Bankası	259	6	1.000	high	apply	/static/crops/345_Tyt_Ayt_Geometri_Soru_Bankası/345_Tyt_Ayt_Geometri_Soru_Bankası_p0259_q01.png	106
0827d8d6-bab9-5b82-8a48-30cbe3f492f6	345 2025 Tyt Ayt Geometri Soru Bankası 1	283	5	1.000	high	apply	/static/crops/345_2025_Tyt_Ayt_Geometri_Soru_Bankası_1/345_2025_Tyt_Ayt_Geometri_Soru_Bankası_1_p0283_q01.png	87
0fe7d59c-4a83-554a-bcee-97392c616e78	Orijinal-2024-Geometri	19	3	0.280	low	skip		245
0729d8ba-b81b-5a9e-a88b-2314bf1ff1d1	2020-2021-Acil-Tyt Ayt Geometrinin ilacı Soru Bankası	36	7	1.000	high	apply	/static/crops/2020-2021-Acil-Tyt_Ayt_Geometrinin_ilacı_Soru_Bankası/2020-2021-Acil-Tyt_Ayt_Geometrinin_ilacı_Soru_Bankası_p0036_q01.png	89
0cd4d66d-f966-5869-bb29-4654b52f586e	Orijinal-2024-Geometri Soru Bankası	89	7	1.000	high	apply	/static/crops/Orijinal-2024-Geometri_Soru_Bankası/Orijinal-2024-Geometri_Soru_Bankası_p0089_q02.png	152
b2ff6c77-19de-508f-9c7b-be9aeafa1330	Aktif Ogrenme 2025 Tyt Fizik Soru Bankası	268	27	0	error	error		0
12d7919b-a271-550a-8463-013a31726ec2	C1CELL-2024-TYT-AYT-Geometri Soru Bankası	206	7	1.000	high	apply	/static/crops/C1CELL-2024-TYT-AYT-Geometri_Soru_Bankası/C1CELL-2024-TYT-AYT-Geometri_Soru_Bankası_p0206_q01.png	159
0269c4d6-9eba-5e67-9c5b-924f0d0bfa17	Full Matematik-2019-2020-Geometri Soru Bankası	241	7	0.455	low	skip		106
817c5b0c-0b50-5001-adf2-d57a6ca6f42f	Esen Ayt Fizik Soru Bankası	262	9	0	error	error		0
16fa62d7-e1f2-56d9-952c-a86b2040d021	Orijinal-2024-Geometri Soru Bankası	176	7	0.933	high	apply	/static/crops/Orijinal-2024-Geometri_Soru_Bankası/Orijinal-2024-Geometri_Soru_Bankası_p0176_q01.png	119
0b8a0f66-a4cb-572f-af77-fae811a53e02	Bilgi Sarmalı-2025-Tyt Ayt-Geometri Soru Bankası	46	7	0.733	high	apply	/static/crops/Bilgi_Sarmalı-2025-Tyt_Ayt-Geometri_Soru_Bankası/Bilgi_Sarmalı-2025-Tyt_Ayt-Geometri_Soru_Bankası_p0046_q01.png	127
1690bf8f-2ba6-53fe-adb1-cf38a9aacc26	Bilgi Sarmalı-2023-2024-Tyt Ayt-Geometri Soru Bankası	60	7	0.786	high	apply	/static/crops/Bilgi_Sarmalı-2023-2024-Tyt_Ayt-Geometri_Soru_Bankası/Bilgi_Sarmalı-2023-2024-Tyt_Ayt-Geometri_Soru_Bankası_p0060_q02.png	135
183c4f82-6921-593e-b89c-684b661996c4	2020-2021-Acil-Tyt Ayt Geometrinin ilacı Soru Bankası	60	7	0.900	high	apply	/static/crops/2020-2021-Acil-Tyt_Ayt_Geometrinin_ilacı_Soru_Bankası/2020-2021-Acil-Tyt_Ayt_Geometrinin_ilacı_Soru_Bankası_p0060_q02.png	87
18dcc2e4-91b1-51f0-8874-67d096280735	345 2025 Tyt Ayt Geometri Soru Bankası 1	269	6	1.000	high	apply	/static/crops/345_2025_Tyt_Ayt_Geometri_Soru_Bankası_1/345_2025_Tyt_Ayt_Geometri_Soru_Bankası_1_p0269_q01.png	130
18feb5ae-1c91-56a9-9163-ffd8c72020d4	345 2025 Tyt Ayt Geometri Soru Bankası 1	25	6	0.727	high	apply	/static/crops/345_2025_Tyt_Ayt_Geometri_Soru_Bankası_1/345_2025_Tyt_Ayt_Geometri_Soru_Bankası_1_p0025_q01.png	101
f2a666e1-ec75-5efa-aaad-73f20148da05	Esen Tyt Tarih Soru Bankası	22	6	0.132	low	skip		987
1445126c-2b77-5b6c-9105-8705ba508d1b	2020-2021-Acil-Tyt Ayt Geometrinin ilacı Soru Bankası	38	7	1.000	high	apply	/static/crops/2020-2021-Acil-Tyt_Ayt_Geometrinin_ilacı_Soru_Bankası/2020-2021-Acil-Tyt_Ayt_Geometrinin_ilacı_Soru_Bankası_p0038_q02.png	125
1ade9c73-f83e-51c6-87a9-b4c1938861f6	Bilgi Sarmalı-2022-2023-Tyt Ayt-Geometri Soru Bankası	62	7	0.917	high	apply	/static/crops/Bilgi_Sarmalı-2022-2023-Tyt_Ayt-Geometri_Soru_Bankası/Bilgi_Sarmalı-2022-2023-Tyt_Ayt-Geometri_Soru_Bankası_p0062_q01.png	112
1d418334-406c-56f2-a687-9a4d17b9735b	C1CELL-2024-TYT-AYT-Geometri Soru Bankası	245	7	1.000	high	apply	/static/crops/C1CELL-2024-TYT-AYT-Geometri_Soru_Bankası/C1CELL-2024-TYT-AYT-Geometri_Soru_Bankası_p0245_q01.png	185
2550580e-ba61-5f30-85fb-022d6500d44f	345 Tyt Ayt Geometri Soru Bankası	62	9	0.875	high	apply	/static/crops/345_Tyt_Ayt_Geometri_Soru_Bankası/345_Tyt_Ayt_Geometri_Soru_Bankası_p0062_q02.png	79
1ceb59a0-2913-58b9-a80e-b41ecfc9d2a0	345 Tyt Ayt Geometri Soru Bankası	283	5	1.000	high	apply	/static/crops/345_Tyt_Ayt_Geometri_Soru_Bankası/345_Tyt_Ayt_Geometri_Soru_Bankası_p0283_q01.png	87
1cc381e8-3ccf-53b2-bab7-0ed4ce688bca	2020-2021-Acil-Tyt Ayt Geometrinin ilacı Soru Bankası	54	7	0.917	high	apply	/static/crops/2020-2021-Acil-Tyt_Ayt_Geometrinin_ilacı_Soru_Bankası/2020-2021-Acil-Tyt_Ayt_Geometrinin_ilacı_Soru_Bankası_p0054_q02.png	100
1d231bd3-c105-58f2-82e3-01624e018914	Orijinal-2024-Geometri Soru Bankası	29	7	0.769	high	apply	/static/crops/Orijinal-2024-Geometri_Soru_Bankası/Orijinal-2024-Geometri_Soru_Bankası_p0029_q02.png	116
08651162-b87f-5a60-b7d8-7e9f9181c0f5	Bilgi Sarmalı-2022-2023-Tyt Ayt-Geometri Soru Bankası	104	8	0.786	high	apply	/static/crops/Bilgi_Sarmalı-2022-2023-Tyt_Ayt-Geometri_Soru_Bankası/Bilgi_Sarmalı-2022-2023-Tyt_Ayt-Geometri_Soru_Bankası_p0104_q04.png	107
0b7a3d62-e0ad-5b04-98a0-0d4f9fe1e944	Orijinal-2024-Geometri Soru Bankası	93	8	0.923	high	apply	/static/crops/Orijinal-2024-Geometri_Soru_Bankası/Orijinal-2024-Geometri_Soru_Bankası_p0093_q03.png	138
33ce411b-1bbe-57eb-914c-5e757cb74f79	2023-2024-ACİL-TYT-AYT-Geometrinin İlacı	60	7	1.000	high	apply	/static/crops/2023-2024-ACİL-TYT-AYT-Geometrinin_İlacı/2023-2024-ACİL-TYT-AYT-Geometrinin_İlacı_p0060_q01.png	87
30a87057-85b1-596d-b5a1-fe80b9ef262a	Bilgi Sarmalı-2022-2023-Tyt Ayt-Geometri Soru Bankası	42	7	0.706	high	apply	/static/crops/Bilgi_Sarmalı-2022-2023-Tyt_Ayt-Geometri_Soru_Bankası/Bilgi_Sarmalı-2022-2023-Tyt_Ayt-Geometri_Soru_Bankası_p0042_q01.png	141
3c44e729-0dc8-595a-8896-d17e67a14252	345 Tyt Ayt Geometri Soru Bankası	57	10	0.778	high	apply	/static/crops/345_Tyt_Ayt_Geometri_Soru_Bankası/345_Tyt_Ayt_Geometri_Soru_Bankası_p0057_q01.png	91
0bb80b4d-1a41-5dab-a843-32d8edf8d753	Orijinal-Tyt Ayt Geometri Soru Bankası	176	8	0.941	high	apply	/static/crops/Orijinal-Tyt_Ayt_Geometri_Soru_Bankası/Orijinal-Tyt_Ayt_Geometri_Soru_Bankası_p0176_q03.png	141
2d73798a-3ef6-594f-95c3-5845350bbf10	345 Tyt Ayt Geometri Soru Bankası	127	7	0.846	high	apply	/static/crops/345_Tyt_Ayt_Geometri_Soru_Bankası/345_Tyt_Ayt_Geometri_Soru_Bankası_p0127_q01.png	141
1ae70556-1860-58b3-a498-92e006b62329	Bilgi Sarmalı-2022-2023-Tyt Ayt-Geometri Soru Bankası	102	7	0	error	error		0
3db17614-a30a-54cc-9c08-bbb53c83ac27	Mikro-2024-Tyt Ayt-Geometri Soru Bankası	267	9	1.000	high	apply	/static/crops/Mikro-2024-Tyt_Ayt-Geometri_Soru_Bankası/Mikro-2024-Tyt_Ayt-Geometri_Soru_Bankası_p0267_q02.png	88
46d670c9-d808-5ac6-bde1-7d340e396293	345 Tyt Ayt Geometri Soru Bankası	427	7	1.000	high	apply	/static/crops/345_Tyt_Ayt_Geometri_Soru_Bankası/345_Tyt_Ayt_Geometri_Soru_Bankası_p0427_q01.png	84
2c8835a5-3d8f-5a15-9258-d436dbfe28ba	2020-2021-Acil-Tyt Ayt Geometrinin ilacı Soru Bankası	112	7	0.750	high	apply	/static/crops/2020-2021-Acil-Tyt_Ayt_Geometrinin_ilacı_Soru_Bankası/2020-2021-Acil-Tyt_Ayt_Geometrinin_ilacı_Soru_Bankası_p0112_q01.png	112
475e98ad-4983-538e-adc6-4bd7bd4fea1d	Bilgi Sarmalı-2023-2024-Tyt Ayt-Geometri Soru Bankası	42	7	0.706	high	apply	/static/crops/Bilgi_Sarmalı-2023-2024-Tyt_Ayt-Geometri_Soru_Bankası/Bilgi_Sarmalı-2023-2024-Tyt_Ayt-Geometri_Soru_Bankası_p0042_q01.png	141
aac95eb3-87aa-5a52-b855-31b4cd6da9b9	Esen Tyt FizikSoru Bankası	42	6	0	error	error		0
118f6da4-1a49-54be-b99a-357cd27cc419	C1CELL-2024-TYT-AYT-Geometri Soru Bankası	61	8	0.938	high	apply	/static/crops/C1CELL-2024-TYT-AYT-Geometri_Soru_Bankası/C1CELL-2024-TYT-AYT-Geometri_Soru_Bankası_p0061_q03.png	137
10ceda2c-3daa-5d43-9eb7-2b7e3db23cfa	Orijinal-2024-Geometri Soru Bankası	198	12	0.800	high	apply	/static/crops/Orijinal-2024-Geometri_Soru_Bankası/Orijinal-2024-Geometri_Soru_Bankası_p0198_q06.png	124
501db30e-3459-5656-9dab-b4195e26943e	Orijinal-Tyt Ayt Geometri Soru Bankası	198	7	0.917	high	apply	/static/crops/Orijinal-Tyt_Ayt_Geometri_Soru_Bankası/Orijinal-Tyt_Ayt_Geometri_Soru_Bankası_p0198_q01.png	117
443cf18e-31c4-5b1f-aa7c-b36cc3e4bb44	Full Matematik-2019-2020-Geometri Soru Bankası	13	7	0.636	mid	skip		98
4a5834a8-b3cb-58f4-bc87-20ceb37ae34f	Bilgi Sarmalı-2022-2023-Tyt Ayt-Geometri Soru Bankası	60	7	0.786	high	apply	/static/crops/Bilgi_Sarmalı-2022-2023-Tyt_Ayt-Geometri_Soru_Bankası/Bilgi_Sarmalı-2022-2023-Tyt_Ayt-Geometri_Soru_Bankası_p0060_q02.png	135
5cce3dcb-f501-5397-89e7-fac3a931f2bd	Mikro-2024-Tyt Ayt-Geometri Soru Bankası	229	7	1.000	high	apply	/static/crops/Mikro-2024-Tyt_Ayt-Geometri_Soru_Bankası/Mikro-2024-Tyt_Ayt-Geometri_Soru_Bankası_p0229_q01.png	134
47f3c3b5-e5f7-59e1-abc8-d97d4a1e0955	Mikro-2024-Tyt Ayt-Geometri Soru Bankası	316	7	0.923	high	apply	/static/crops/Mikro-2024-Tyt_Ayt-Geometri_Soru_Bankası/Mikro-2024-Tyt_Ayt-Geometri_Soru_Bankası_p0316_q01.png	126
5de8fb3a-1c4d-5e77-b91f-27c895f92466	Bilgi Sarmalı-Tyt Ayt-Geometri Soru Bankası	62	7	0.692	mid	skip		114
5bcaeb2a-7c58-5fa4-ad0e-e2f7a8f25763	2023-2024-ACİL-TYT-AYT-Geometrinin İlacı	130	7	1.000	high	apply	/static/crops/2023-2024-ACİL-TYT-AYT-Geometrinin_İlacı/2023-2024-ACİL-TYT-AYT-Geometrinin_İlacı_p0130_q01.png	110
61ecbbd1-1514-5745-9dad-3ae81da096eb	Mikro Orijinal-2025-Ayt-Geometri Soru Bankası	86	7	1.000	high	apply	/static/crops/Mikro_Orijinal-2025-Ayt-Geometri_Soru_Bankası/Mikro_Orijinal-2025-Ayt-Geometri_Soru_Bankası_p0086_q01.png	97
043484e0-c466-5d07-8b88-d1aabc1d8114	Esen Tyt Cografya Soru Bankası	220	7	0.125	low	skip		543
63f2a385-54e1-508e-91c5-b03c19d920ef	Bilgi Sarmalı-Tyt Ayt-Geometri Soru Bankası	134	6	0.692	mid	skip		136
7c6d4b63-7c52-5e4e-b2c1-266f098b3eb0	Esen Tyt Kimya Soru Bankası	72	6	0	error	error		0
93c289d4-24fd-5a02-a34c-2e21df29c1a6	Esen Tyt Kimya Soru Bankası	16	7	0.343	low	skip		759
6081972c-5d6c-52b2-817e-faf837ca522c	Orijinal-2024-Geometri Soru Bankası	168	7	0.714	high	apply	/static/crops/Orijinal-2024-Geometri_Soru_Bankası/Orijinal-2024-Geometri_Soru_Bankası_p0168_q02.png	124
7414bdcd-ebde-5798-83ab-a49a38dd3f6e	Orijinal-2024-Geometri Soru Bankası	91	7	0.929	high	apply	/static/crops/Orijinal-2024-Geometri_Soru_Bankası/Orijinal-2024-Geometri_Soru_Bankası_p0091_q01.png	127
7960fd26-c06b-5af1-8961-f01c9c676627	Bilgi Sarmalı-2022-2023-Tyt Ayt-Geometri Soru Bankası	350	7	1.000	high	apply	/static/crops/Bilgi_Sarmalı-2022-2023-Tyt_Ayt-Geometri_Soru_Bankası/Bilgi_Sarmalı-2022-2023-Tyt_Ayt-Geometri_Soru_Bankası_p0350_q02.png	139
1d08c6cf-16d5-55b0-8ece-1bcbed01829e	Mikro-2024-Tyt Ayt-Geometri Soru Bankası	97	16	1.000	high	apply	/static/crops/Mikro-2024-Tyt_Ayt-Geometri_Soru_Bankası/Mikro-2024-Tyt_Ayt-Geometri_Soru_Bankası_p0097_q08.png	88
7713a321-5822-54bc-b84d-12f8fcc9e642	CAP-2022-2023-TYT AYT-Geometri Soru Bankası	165	6	0.812	high	apply	/static/crops/CAP-2022-2023-TYT_AYT-Geometri_Soru_Bankası/CAP-2022-2023-TYT_AYT-Geometri_Soru_Bankası_p0165_q01.png	124
5174c65c-8e69-5bcf-ba9c-089c7469062a	Esen Tyt Kimya Soru Bankası	148	8	0.568	mid	skip		383
1a20b780-ab47-53a8-848a-6104c016aa5f	345 2025 Tyt Ayt Geometri Soru Bankası 1	57	14	1.000	high	apply	/static/crops/345_2025_Tyt_Ayt_Geometri_Soru_Bankası_1/345_2025_Tyt_Ayt_Geometri_Soru_Bankası_1_p0057_q04.png	132
da36b46d-f085-543d-940d-ac4f2829aab7	Esen Tyt Kimya Soru Bankası	18	8	0.750	high	apply	/static/crops/Esen_Tyt_Kimya_Soru_Bankası/Esen_Tyt_Kimya_Soru_Bankası_p0018_q03.png	382
7c8b8da2-d921-5199-9f96-833756aac3c3	2023-2024-ACİL-TYT-AYT-Geometrinin İlacı	36	7	1.000	high	apply	/static/crops/2023-2024-ACİL-TYT-AYT-Geometrinin_İlacı/2023-2024-ACİL-TYT-AYT-Geometrinin_İlacı_p0036_q01.png	89
33bb80ad-33f1-5f40-b283-6f6eddb7ae61	Esen Tyt Kimya Soru Bankası	18	6	0	error	error		0
275b19d6-eea1-571e-8ed2-3ba003ed0b47	Esen Tyt Kimya Soru Bankası	210	7	0.241	low	skip		525
20f3492a-d728-5da9-845e-efcf443e2cab	CAP-2022-2023-TYT AYT-Geometri Soru Bankası	33	10	0.786	high	apply	/static/crops/CAP-2022-2023-TYT_AYT-Geometri_Soru_Bankası/CAP-2022-2023-TYT_AYT-Geometri_Soru_Bankası_p0033_q04.png	125
6a526304-5073-59cd-a772-1a649bf4ed63	345 2025 Tyt Ayt Geometri Soru Bankası 1	75	6	0	error	error		0
c8cc3130-8017-5b75-9416-d5ac1b620435	Esen Tyt Kimya Soru Bankası	206	7	0.405	low	skip		742
87a73270-26f9-5c2b-a16e-eeb9446cd220	2023-2024-ACİL-TYT-AYT-Geometrinin İlacı	48	7	0.533	mid	skip		148
8b394f8b-4bfc-50f2-befa-2811a08667f5	Orijinal-Tyt Ayt Geometri Soru Bankası	200	9	0.800	high	apply	/static/crops/Orijinal-Tyt_Ayt_Geometri_Soru_Bankası/Orijinal-Tyt_Ayt_Geometri_Soru_Bankası_p0200_q06.png	105
80ac7a65-0ed5-560a-ba87-9e359519b439	2020-2021-Acil-Tyt Ayt Geometrinin ilacı Soru Bankası	48	7	0.615	mid	skip		128
75eeecba-dd71-5319-9326-7b91e7d25cbb	345 Tyt Ayt Geometri Soru Bankası	75	6	0	error	error		0
b01f79f1-77c5-5264-8ece-97c5e54eb4ea	345 2025 Tyt Ayt Geometri Soru Bankası 1	57	10	0.778	high	apply	/static/crops/345_2025_Tyt_Ayt_Geometri_Soru_Bankası_1/345_2025_Tyt_Ayt_Geometri_Soru_Bankası_1_p0057_q01.png	91
92a68f8c-5018-5d9d-951f-ee5f2c068c97	345 2025 Tyt Ayt Geometri Soru Bankası 1	77	6	0.818	high	apply	/static/crops/345_2025_Tyt_Ayt_Geometri_Soru_Bankası_1/345_2025_Tyt_Ayt_Geometri_Soru_Bankası_1_p0077_q01.png	105
986046f9-00f3-5c18-8bff-b6a1f2ddf167	Mikro Orijinal-2025-Ayt-Geometri Soru Bankası	213	1	0.417	low	skip		110
b01204f7-0aaa-5ce4-8528-51ac242d1f51	Full Matematik-2019-2020-Geometri Soru Bankası	147	8	0.786	high	apply	/static/crops/Full_Matematik-2019-2020-Geometri_Soru_Bankası/Full_Matematik-2019-2020-Geometri_Soru_Bankası_p0147_q03.png	121
a7beba2b-341d-5ce2-a324-77c63bf3e1f1	C1CELL-2024-TYT-AYT-Geometri Soru Bankası	202	7	0.929	high	apply	/static/crops/C1CELL-2024-TYT-AYT-Geometri_Soru_Bankası/C1CELL-2024-TYT-AYT-Geometri_Soru_Bankası_p0202_q01.png	234
c70db902-4240-5e6e-bd21-0a07d34baa9b	Mikro Orijinal-2025-Ayt-Geometri Soru Bankası	49	1	0.000	low	skip		112
cb3dce6d-4aeb-53c2-85bd-cb3dd6d97663	345 2025 Tyt Ayt Geometri Soru Bankası 1	63	14	1.000	high	apply	/static/crops/345_2025_Tyt_Ayt_Geometri_Soru_Bankası_1/345_2025_Tyt_Ayt_Geometri_Soru_Bankası_1_p0063_q01.png	109
bb56e453-ecb2-55a6-b03b-eb40b47deb37	Full Matematik-2019-2020-Geometri Soru Bankası	183	8	0.667	mid	skip		104
2fb52485-2742-51f2-8c14-7b89ca366625	Orijinal-2024-Geometri Soru Bankası	101	11	0.923	high	apply	/static/crops/Orijinal-2024-Geometri_Soru_Bankası/Orijinal-2024-Geometri_Soru_Bankası_p0101_q03.png	105
ee80f5f2-b310-5cf7-8739-10c2ecec841e	2023-2024-ACİL-TYT-AYT-Geometrinin İlacı	54	7	1.000	high	apply	/static/crops/2023-2024-ACİL-TYT-AYT-Geometrinin_İlacı/2023-2024-ACİL-TYT-AYT-Geometrinin_İlacı_p0054_q01.png	100
e4f18bf4-714c-52f1-a4dc-1cbf52aed497	Orijinal-Tyt Ayt Geometri Soru Bankası	29	7	0.846	high	apply	/static/crops/Orijinal-Tyt_Ayt_Geometri_Soru_Bankası/Orijinal-Tyt_Ayt_Geometri_Soru_Bankası_p0029_q01.png	116
f4dcd751-8641-55e7-becf-e5f701fcb06d	Bilgi Sarmalı-Tyt Ayt-Geometri Soru Bankası	202	6	0.833	high	apply	/static/crops/Bilgi_Sarmalı-Tyt_Ayt-Geometri_Soru_Bankası/Bilgi_Sarmalı-Tyt_Ayt-Geometri_Soru_Bankası_p0202_q01.png	141
9977a4c3-52f5-50cc-bc84-c5c87d3bf7cf	Orijinal-Tyt Ayt Geometri Soru Bankası	168	7	0	error	error		0
cb5c2204-f72b-5533-bbcf-20c41ae892e6	Full Matematik-2019-2020-Geometri Soru Bankası	77	7	0.727	high	apply	/static/crops/Full_Matematik-2019-2020-Geometri_Soru_Bankası/Full_Matematik-2019-2020-Geometri_Soru_Bankası_p0077_q01.png	111
3615f306-db1b-55d4-b0ef-fcfd231ed95c	Mikro-2024-Tyt Ayt-Geometri Soru Bankası	243	15	1.000	high	apply	/static/crops/Mikro-2024-Tyt_Ayt-Geometri_Soru_Bankası/Mikro-2024-Tyt_Ayt-Geometri_Soru_Bankası_p0243_q05.png	128
ca105380-de80-5d13-a720-7c1f19a48f35	Full Matematik-2019-2020-Geometri Soru Bankası	99	8	0	error	error		0
0583b6e9-ee2c-5fee-a76b-36508ec4f00a	Aktif Ogrenme 0 Baslayanlara Kimya 2019 2020	23	16	0.091	low	skip		229
fcecca7f-038c-5648-ab8f-5661b035a98c	345 2025 Tyt Ayt Geometri Soru Bankası 1	62	9	0.750	high	apply	/static/crops/345_2025_Tyt_Ayt_Geometri_Soru_Bankası_1/345_2025_Tyt_Ayt_Geometri_Soru_Bankası_1_p0062_q01.png	79
fdfe4dd1-ffbd-58a1-8a6e-4be4b316d1da	2020-2021-Acil-Tyt Ayt Geometrinin ilacı Soru Bankası	40	7	0.933	high	apply	/static/crops/2020-2021-Acil-Tyt_Ayt_Geometrinin_ilacı_Soru_Bankası/2020-2021-Acil-Tyt_Ayt_Geometrinin_ilacı_Soru_Bankası_p0040_q01.png	131
09d3d7f9-c5db-5ae1-b603-978f9e5d4e07	Esen Yks Motivasyon Kimya Soru Bankası	65	7	0.647	mid	skip		164
4cacf9de-66bf-5a58-8ff6-1cf3c70a38be	Bilgi Sarmalı-2022-2023-Tyt Ayt-Geometri Soru Bankası	104	12	0.769	high	apply	/static/crops/Bilgi_Sarmalı-2022-2023-Tyt_Ayt-Geometri_Soru_Bankası/Bilgi_Sarmalı-2022-2023-Tyt_Ayt-Geometri_Soru_Bankası_p0104_q05.png	137
2662e716-b9fb-5a46-bfdc-688736eb4754	Full Matematik-2022-2023-Tyt-Matematik Soru Bankası	365	12	0	error	error		0
596c9766-189c-5d22-958d-fe0da0607554	2023-2024-ACİL-TYT-AYT-Geometrinin İlacı	172	10	0.615	mid	skip		95
4250e5bf-1327-5cbc-9c0f-110edd806746	C1CELL-2024-TYT-AYT-Geometri Soru Bankası	202	9	0.562	mid	skip		126
56c981fc-5445-546f-87f9-e57756ca4a9a	Orijinal-2024-Geometri Soru Bankası	91	10	0.909	high	apply	/static/crops/Orijinal-2024-Geometri_Soru_Bankası/Orijinal-2024-Geometri_Soru_Bankası_p0091_q02.png	115
03fff1e8-edfa-5b83-a71b-ea2848533444	Aktif Ogrenme 0 Baslayanlara Kimya 2019 2020	215	11	0.800	high	apply	/static/crops/Aktif_Ogrenme_0_Baslayanlara_Kimya_2019_2020/Aktif_Ogrenme_0_Baslayanlara_Kimya_2019_2020_p0215_q02.png	357
dea90280-9618-56eb-995d-13694c2253c9	Esen Tyt Tarih Soru Bankası	172	8	0	error	error		0
f3b0673e-281c-5202-84e3-652868c15bbc	Bilgi Sarmalı-Tyt Ayt-Geometri Soru Bankası	40	7	0	error	error		0
6c775afc-2905-52c4-a130-2c3e5e1a0bbb	Mikro Orijinal-Tyt Ayt-Geometri Soru Bankası 2	87	9	0.400	low	skip		103
1ccb4a5c-4066-554c-a904-34c3fe271a88	Aktif Ogrenme 0 Baslayanlara Kimya 2019 2020	346	2	0.381	low	skip		204
67964bca-af7a-5f6c-915c-1dcc9b7c6c01	Bilgi Sarmalı-2025-Tyt Ayt-Geometri Soru Bankası	204	7	0.562	mid	skip		131
6d7089ca-4622-5393-9316-7f8e2de7fae1	C1CELL-2024-TYT-AYT-Geometri Soru Bankası	63	8	0.714	high	apply	/static/crops/C1CELL-2024-TYT-AYT-Geometri_Soru_Bankası/C1CELL-2024-TYT-AYT-Geometri_Soru_Bankası_p0063_q04.png	133
8a4ea813-24bd-5c1d-9bcd-4be24d0303ff	345 Tyt Ayt Geometri Soru Bankası	127	10	1.000	high	apply	/static/crops/345_Tyt_Ayt_Geometri_Soru_Bankası/345_Tyt_Ayt_Geometri_Soru_Bankası_p0127_q02.png	141
5a04d1b7-645b-5b1c-8c0a-e5ba6dc3cd68	ACİL-TYT-AYT-Geometri Soru Bankası	114	8	0.818	high	apply	/static/crops/ACİL-TYT-AYT-Geometri_Soru_Bankası/ACİL-TYT-AYT-Geometri_Soru_Bankası_p0114_q05.png	86
2f632e9e-868b-5d20-a3e1-cc28d6cd2ad4	Esen Yks Motivasyon Kimya Soru Bankası	39	6	0.773	high	apply	/static/crops/Esen_Yks_Motivasyon_Kimya_Soru_Bankası/Esen_Yks_Motivasyon_Kimya_Soru_Bankası_p0039_q01.png	306
4324246f-a8e4-59e8-b72f-8f0a41298249	Full Matematik-2019-2020-Geometri Soru Bankası	47	9	0.733	high	apply	/static/crops/Full_Matematik-2019-2020-Geometri_Soru_Bankası/Full_Matematik-2019-2020-Geometri_Soru_Bankası_p0047_q04.png	150
d0e940de-fa46-5bc3-b8f3-65a7b87cf2f6	Full Matematik-2019-2020-Geometri Soru Bankası	53	9	0.750	high	apply	/static/crops/Full_Matematik-2019-2020-Geometri_Soru_Bankası/Full_Matematik-2019-2020-Geometri_Soru_Bankası_p0053_q05.png	111
ed9fccbb-681b-54dd-a15f-1628df7581f6	Full Matematik-2019-2020-Geometri Soru Bankası	59	8	0.800	high	apply	/static/crops/Full_Matematik-2019-2020-Geometri_Soru_Bankası/Full_Matematik-2019-2020-Geometri_Soru_Bankası_p0059_q03.png	100
7b978cf2-82c4-54ed-b9e7-4c8e8eea2596	Orijinal-2024-Geometri Soru Bankası	200	9	0.800	high	apply	/static/crops/Orijinal-2024-Geometri_Soru_Bankası/Orijinal-2024-Geometri_Soru_Bankası_p0200_q06.png	105
74696223-9a3b-5719-bab9-f7435fac6c52	Full Matematik-2019-2020-Geometri Soru Bankası	63	11	0.522	mid	skip		224
ac6c30d2-6ce5-521a-a6de-1c6ada52d901	Full Matematik-Tyt-Matematik Soru Bankası	61	10	0	json_fail	skip		0
8d51edec-d041-5961-a281-2ba8e5658690	Full Matematik-2019-2020-Geometri Soru Bankası	71	8	0.824	high	apply	/static/crops/Full_Matematik-2019-2020-Geometri_Soru_Bankası/Full_Matematik-2019-2020-Geometri_Soru_Bankası_p0071_q03.png	150
fc4b38d6-86fb-5349-a1db-eaa156f911fe	Full Matematik-2019-2020-Geometri Soru Bankası	51	8	0.750	high	apply	/static/crops/Full_Matematik-2019-2020-Geometri_Soru_Bankası/Full_Matematik-2019-2020-Geometri_Soru_Bankası_p0051_q04.png	116
283f8981-e526-5215-9e5e-51f887f44073	Bilgi Sarmal 2024 Ayt Kimya Sopru Bankasi	277	5	0	error	error		0
7ade312e-eb0e-5e76-9fe8-f1bc9265984b	Full Matematik-2019-2020-Geometri Soru Bankası	77	8	0.938	high	apply	/static/crops/Full_Matematik-2019-2020-Geometri_Soru_Bankası/Full_Matematik-2019-2020-Geometri_Soru_Bankası_p0077_q03.png	142
80ccaca0-e18f-5707-ad8e-a8b96aaf5f48	Full Matematik-2019-2020-Geometri Soru Bankası	77	9	0.818	high	apply	/static/crops/Full_Matematik-2019-2020-Geometri_Soru_Bankası/Full_Matematik-2019-2020-Geometri_Soru_Bankası_p0077_q05.png	106
c0728102-adbd-58db-b50d-c81394a2d649	Fizipedia Ayt Fizik Soru Bankası 2025	308	7	0	error	error		0
713b78aa-1899-55cf-8ada-c071a1b4a16a	Full Matematik-2019-2020-Geometri Soru Bankası	71	9	0.786	high	apply	/static/crops/Full_Matematik-2019-2020-Geometri_Soru_Bankası/Full_Matematik-2019-2020-Geometri_Soru_Bankası_p0071_q05.png	131
90ee4b18-42ff-5457-adf0-cc9c87148622	2023-2024-ACİL-TYT-AYT-Geometrinin İlacı	172	11	0	error	error		0
639de7c4-cfc5-5930-a70b-7b37cb6621ee	Full Matematik-2019-2020-Geometri Soru Bankası	63	8	1.000	high	apply	/static/crops/Full_Matematik-2019-2020-Geometri_Soru_Bankası/Full_Matematik-2019-2020-Geometri_Soru_Bankası_p0063_q03.png	121
2aba011b-f418-5365-ba17-62223b3cc94e	Full Matematik-2019-2020-Geometri Soru Bankası	81	9	0.846	high	apply	/static/crops/Full_Matematik-2019-2020-Geometri_Soru_Bankası/Full_Matematik-2019-2020-Geometri_Soru_Bankası_p0081_q05.png	127
7f584376-8ee5-5e68-b594-90554ff93c38	Full Matematik-2019-2020-Geometri Soru Bankası	83	8	0.846	high	apply	/static/crops/Full_Matematik-2019-2020-Geometri_Soru_Bankası/Full_Matematik-2019-2020-Geometri_Soru_Bankası_p0083_q03.png	105
874b0250-544d-56d3-bd4f-c14974ca9bbd	Full Matematik-2019-2020-Geometri Soru Bankası	101	9	0.688	mid	skip		140
3e66a71f-25bc-5a0c-af30-29d01ff36656	Aktif Ogrenme Ayt Kimya 2019 2020	159	19	0.133	low	skip		148
f6e48f8c-da22-5357-b46b-7ca3f984764a	Full Matematik-2022-2023-Tyt Ayt-Geometri Soru Bankası	27	8	0.762	high	apply	/static/crops/Full_Matematik-2022-2023-Tyt_Ayt-Geometri_Soru_Bankası/Full_Matematik-2022-2023-Tyt_Ayt-Geometri_Soru_Bankası_p0027_q04.png	205
ac7d2149-3c9a-579d-b9e7-90473d9db0aa	Full Matematik-2019-2020-Geometri Soru Bankası	107	9	0.867	high	apply	/static/crops/Full_Matematik-2019-2020-Geometri_Soru_Bankası/Full_Matematik-2019-2020-Geometri_Soru_Bankası_p0107_q05.png	139
31330525-9041-5e0d-9fbc-36ae6637379c	Full Matematik-2019-2020-Geometri Soru Bankası	131	8	0.667	mid	skip		126
d8164219-8866-512b-8e2c-b6b248130746	Full Matematik-2019-2020-Geometri Soru Bankası	125	8	0.750	high	apply	/static/crops/Full_Matematik-2019-2020-Geometri_Soru_Bankası/Full_Matematik-2019-2020-Geometri_Soru_Bankası_p0125_q03.png	106
87e05093-fdf2-5531-90ab-0abc7718b7d0	Full Matematik-2019-2020-Geometri Soru Bankası	131	9	0.833	high	apply	/static/crops/Full_Matematik-2019-2020-Geometri_Soru_Bankası/Full_Matematik-2019-2020-Geometri_Soru_Bankası_p0131_q05.png	157
acdc8c21-89c3-53d2-908a-da56b706cb89	345 2025 Tyt Ayt Geometri Soru Bankası 1	253	6	1.000	high	apply	/static/crops/345_2025_Tyt_Ayt_Geometri_Soru_Bankası_1/345_2025_Tyt_Ayt_Geometri_Soru_Bankası_1_p0253_q05.png	149
63653aef-dfd6-5022-b67a-ee731099da41	Full Matematik-2019-2020-Geometri Soru Bankası	145	9	0.929	high	apply	/static/crops/Full_Matematik-2019-2020-Geometri_Soru_Bankası/Full_Matematik-2019-2020-Geometri_Soru_Bankası_p0145_q05.png	133
27ce21b6-cd69-52df-8d6b-077288731698	Full Matematik-2019-2020-Geometri Soru Bankası	145	8	0.846	high	apply	/static/crops/Full_Matematik-2019-2020-Geometri_Soru_Bankası/Full_Matematik-2019-2020-Geometri_Soru_Bankası_p0145_q03.png	123
026d9038-b6d5-5286-965e-24ecc3246104	Full Matematik-2019-2020-Geometri Soru Bankası	147	9	0.833	high	apply	/static/crops/Full_Matematik-2019-2020-Geometri_Soru_Bankası/Full_Matematik-2019-2020-Geometri_Soru_Bankası_p0147_q05.png	187
f22ce093-d25b-5b03-a734-a30766c68052	Full Matematik-2019-2020-Geometri Soru Bankası	135	9	0.692	mid	skip		113
c47480a1-0dfb-5f3f-8362-ff903efa28cd	Orijinal-2024-Geometri Soru Bankası	69	9	0.929	high	apply	/static/crops/Orijinal-2024-Geometri_Soru_Bankası/Orijinal-2024-Geometri_Soru_Bankası_p0069_q06.png	142
fb715a24-0d5a-54b1-80f3-09e543567889	Full Matematik-2022-2023-Tyt Ayt-Geometri Soru Bankası	140	15	0	error	error		0
5eb51a0a-30f3-5114-9b1c-10acf75a6fb9	Full Matematik-2019-2020-Geometri Soru Bankası	13	9	0.545	mid	skip		103
bb3347fb-12d3-51b9-8103-7065ea6f9a73	Orijinal-2024-Geometri Soru Bankası	198	10	1.000	high	apply	/static/crops/Orijinal-2024-Geometri_Soru_Bankası/Orijinal-2024-Geometri_Soru_Bankası_p0198_q02.png	166
16477c12-0ff8-5346-a0a7-51c934a195ad	Full Matematik-2019-2020-Geometri Soru Bankası	17	9	0.583	mid	skip		102
5e284289-e17b-5bc9-95f9-b06d4769924f	Full Matematik-2019-2020-Geometri Soru Bankası	99	9	0	error	error		0
dca850d5-abfd-529d-ae92-2780b754a459	Full Matematik-2019-2020-Geometri Soru Bankası	17	8	0.583	mid	skip		109
5f7b9e96-aa17-5b6e-8cc7-c60bc8d68c89	Full Matematik-2019-2020-Geometri Soru Bankası	13	10	0.583	mid	skip		108
2e6437d2-74e0-5975-8f90-128b946a439c	Full Matematik-2019-2020-Geometri Soru Bankası	21	8	0.769	high	apply	/static/crops/Full_Matematik-2019-2020-Geometri_Soru_Bankası/Full_Matematik-2019-2020-Geometri_Soru_Bankası_p0021_q03.png	107
c4966ecc-5d5d-5996-9ec1-79ceda6abb38	Mikro-2024-Tyt Ayt-Geometri Soru Bankası	241	12	0.778	high	apply	/static/crops/Mikro-2024-Tyt_Ayt-Geometri_Soru_Bankası/Mikro-2024-Tyt_Ayt-Geometri_Soru_Bankası_p0241_q07.png	92
6d19e2f3-8dae-5c2d-b2fd-f33a91333d2b	Full Matematik-2019-2020-Geometri Soru Bankası	25	8	0.364	low	skip		115
ef729990-9bce-52ba-b67e-1e26b157ad66	Full Matematik-2019-2020-Geometri Soru Bankası	199	10	0.500	mid	skip		341
98e6cf14-575f-5015-a401-45708c7c10b4	Full Matematik-2019-2020-Geometri Soru Bankası	181	10	0.194	low	skip		333
84ef017b-e9be-5e6e-9d6e-f3fb2679315d	Full Matematik-2022-2023-Tyt Ayt-Geometri Soru Bankası	222	13	0.944	high	apply	/static/crops/Full_Matematik-2022-2023-Tyt_Ayt-Geometri_Soru_Bankası/Full_Matematik-2022-2023-Tyt_Ayt-Geometri_Soru_Bankası_p0222_q04.png	151
97d5e8f1-cd24-58d9-9494-612af4aed5dd	Full Matematik-2022-2023-Tyt Ayt-Geometri Soru Bankası	193	9	0.846	high	apply	/static/crops/Full_Matematik-2022-2023-Tyt_Ayt-Geometri_Soru_Bankası/Full_Matematik-2022-2023-Tyt_Ayt-Geometri_Soru_Bankası_p0193_q05.png	119
280b55cc-27cb-57ed-a783-6c493dfd2cae	Full Matematik-2022-2023-Tyt-Matematik Soru Bankası	33	9	0	error	error		0
e757387a-f238-553c-8bc1-d405ed972605	Full Matematik-2022-2023-Tyt Ayt-Geometri Soru Bankası	197	9	0.905	high	apply	/static/crops/Full_Matematik-2022-2023-Tyt_Ayt-Geometri_Soru_Bankası/Full_Matematik-2022-2023-Tyt_Ayt-Geometri_Soru_Bankası_p0197_q05.png	175
6dc41008-2adc-51b4-b93f-c2d348871e22	Full-2019-2020-Ayt-Matematik Soru Bankası	169	10	0.929	high	apply	/static/crops/Full-2019-2020-Ayt-Matematik_Soru_Bankası/Full-2019-2020-Ayt-Matematik_Soru_Bankası_p0169_q04.png	131
70391e4b-faae-5936-92db-397e5e462f4f	Full Matematik-2022-2023-Tyt Ayt-Geometri Soru Bankası	107	7	0.900	high	apply	/static/crops/Full_Matematik-2022-2023-Tyt_Ayt-Geometri_Soru_Bankası/Full_Matematik-2022-2023-Tyt_Ayt-Geometri_Soru_Bankası_p0107_q02.png	206
d7698f0a-3cb0-56f4-b174-7f20c3464801	Orijinal-2024-Geometri Soru Bankası	156	11	1.000	high	apply	/static/crops/Orijinal-2024-Geometri_Soru_Bankası/Orijinal-2024-Geometri_Soru_Bankası_p0156_q04.png	107
d667de95-1eac-5d9b-aa01-2141f840bab5	Orijinal-2024-Geometri Soru Bankası	89	10	0.800	high	apply	/static/crops/Orijinal-2024-Geometri_Soru_Bankası/Orijinal-2024-Geometri_Soru_Bankası_p0089_q01.png	104
acf4fc92-36db-5a35-91e2-ccf6000a6e15	Full Matematik-2022-2023-Tyt-Matematik Soru Bankası	147	11	1.000	high	apply	/static/crops/Full_Matematik-2022-2023-Tyt-Matematik_Soru_Bankası/Full_Matematik-2022-2023-Tyt-Matematik_Soru_Bankası_p0147_q02.png	180
5fe413b2-f6e2-504d-b11b-e80e9a530def	Aktif Ogrenme Ayt Kimya 2019 2020	252	5	0.500	mid	skip		156
75f0f5ed-0e49-59fc-94c2-2ac743e7c63c	Full Matematik-2022-2023-Tyt-Matematik Soru Bankası	23	9	1.000	high	apply	/static/crops/Full_Matematik-2022-2023-Tyt-Matematik_Soru_Bankası/Full_Matematik-2022-2023-Tyt-Matematik_Soru_Bankası_p0023_q02.png	174
e20e430a-4da1-55a4-9f92-5b25935bc625	Bilgi Sarmalı-2025-Tyt Ayt-Geometri Soru Bankası	68	12	0.462	low	skip		118
65a7d3d6-6388-56fa-9277-3a7d7636a103	Aktif Ogrenme Ayt Kimya 2019 2020	155	16	0.528	mid	skip		490
e62e83ce-1964-57c4-a050-73a47af3c7c6	Orijinal-2024-Geometri Soru Bankası	89	8	0.923	high	apply	/static/crops/Orijinal-2024-Geometri_Soru_Bankası/Orijinal-2024-Geometri_Soru_Bankası_p0089_q04.png	123
5bac9d22-feff-5d0d-a917-a217d3f80c08	Mikro Orijinal Tyt Fizik Soru Bankası 2025	180	7	0.638	mid	skip		476
69826c54-e8a4-5c66-9ca6-5e4ea855deea	Full Matematik-2022-2023-Tyt Ayt-Geometri Soru Bankası	221	8	0	error	error		0
68dd210c-6af8-5c98-936f-83e1b8567276	Apotemi 2020 2021 Modern Kimya	34	3	0.235	low	skip		585
e65b9267-8b34-55cf-9d84-451e99e3ae03	Full Matematik-Ayt-Matematik Soru Bankası	33	13	1.000	high	apply	/static/crops/Full_Matematik-Ayt-Matematik_Soru_Bankası/Full_Matematik-Ayt-Matematik_Soru_Bankası_p0033_q05.png	180
aa5cb3c9-46b2-54d8-bbbc-c9bc6acd1f50	Full Matematik-Ayt-Matematik Soru Bankası	249	11	0.840	high	apply	/static/crops/Full_Matematik-Ayt-Matematik_Soru_Bankası/Full_Matematik-Ayt-Matematik_Soru_Bankası_p0249_q04.png	297
365fc748-a46a-57ff-9088-247bf83db3ed	Full Matematik-Ayt-Matematik Soru Bankası	15	12	0.875	high	apply	/static/crops/Full_Matematik-Ayt-Matematik_Soru_Bankası/Full_Matematik-Ayt-Matematik_Soru_Bankası_p0015_q04.png	390
84e8bf22-cad6-505d-8d45-b422c8b8622d	Full Matematik-Ayt-Matematik Soru Bankası	139	8	0.846	high	apply	/static/crops/Full_Matematik-Ayt-Matematik_Soru_Bankası/Full_Matematik-Ayt-Matematik_Soru_Bankası_p0139_q06.png	142
15d8c1f8-22fc-5b58-a3b1-d3f04d28b297	Mikro Orijinal-2024-Ayt-Matematik Soru Bankası	171	9	0.846	high	apply	/static/crops/Mikro_Orijinal-2024-Ayt-Matematik_Soru_Bankası/Mikro_Orijinal-2024-Ayt-Matematik_Soru_Bankası_p0171_q03.png	95
5c994438-959e-57d1-95cf-3b720a08c89e	Apotemi 2024 Ayt Kimya Soru Bankasi	219	7	0	error	error		0
33250ef2-a255-5113-9ae2-46b61c4e1744	Full Matematik-Ayt-Matematik Soru Bankası	151	10	0.824	high	apply	/static/crops/Full_Matematik-Ayt-Matematik_Soru_Bankası/Full_Matematik-Ayt-Matematik_Soru_Bankası_p0151_q04.png	149
73b0ac23-6ad4-54ee-af63-71ee63620ee3	Bilgi Sarmal 2025 Tyt Kimya Video Ders Kitabı	30	8	0.036	low	skip		279
cb0da7b8-a29f-5a02-a089-6c241f74a8ed	Full Matematik-Ayt-Matematik Soru Bankası	163	11	0.611	mid	skip		148
ed1712ce-6df0-5a03-9dc3-b7af37e69d37	Full Matematik-Tyt-Matematik Soru Bankası	277	11	0.213	low	skip		604
b9a6c8e5-d163-5303-9496-2ba9419ded1e	Aktif Ogrenme Ayt Kimya 2019 2020	256	7	0.154	low	skip		392
71dcbc44-556a-5848-84cb-dcc947f0f9d9	Full Matematik-Tyt-Matematik Soru Bankası	215	11	0.923	high	apply	/static/crops/Full_Matematik-Tyt-Matematik_Soru_Bankası/Full_Matematik-Tyt-Matematik_Soru_Bankası_p0215_q04.png	245
9153c471-1f1e-58ab-a0f6-37d3657e5313	Full Matematik-2022-2023-Tyt-Matematik Soru Bankası	337	11	0.857	high	apply	/static/crops/Full_Matematik-2022-2023-Tyt-Matematik_Soru_Bankası/Full_Matematik-2022-2023-Tyt-Matematik_Soru_Bankası_p0337_q02.png	126
987ab727-d582-5c14-8a0c-2273e047be77	Full Matematik-Tyt-Matematik Soru Bankası	57	9	0.895	high	apply	/static/crops/Full_Matematik-Tyt-Matematik_Soru_Bankası/Full_Matematik-Tyt-Matematik_Soru_Bankası_p0057_q02.png	177
ba75b0d0-5186-575f-9ced-153db4a9455e	Aktif Ogrenme Ayt Kimya 2019 2020	41	10	0.559	mid	skip		331
8def2b77-985f-5ba9-9b35-62abaa49172d	Bilgi Sarmal 2024 Ayt Kimya Sopru Bankasi	351	7	0	error	error		0
8d93819d-2cc5-5977-add8-d3505d8dc1c2	Full Matematik-Tyt-Matematik Soru Bankası	223	11	0	error	error		0
d3a0e4a2-b208-59ea-93bd-8acfb6d3b4b9	Full Matematik-Tyt-Matematik Soru Bankası	57	10	0.958	high	apply	/static/crops/Full_Matematik-Tyt-Matematik_Soru_Bankası/Full_Matematik-Tyt-Matematik_Soru_Bankası_p0057_q04.png	240
dcda1c39-65b0-5b30-ab4a-b743650eb463	Full Matematik-Tyt-Matematik Soru Bankası	9	8	0.824	high	apply	/static/crops/Full_Matematik-Tyt-Matematik_Soru_Bankası/Full_Matematik-Tyt-Matematik_Soru_Bankası_p0009_q04.png	341
c84076fe-673b-5778-90cd-05f8d5d5e17b	Aktif Ogrenme Ayt Kimya 2019 2020	13	11	0.294	low	skip		362
9690db73-8fe1-511f-a6ed-55f224612706	Full Matematik-Tyt-Matematik Soru Bankası	21	9	0	error	error		0
4395679f-e4b4-53b4-8dbf-985dac7e87da	Full Matematik-Tyt-Matematik Soru Bankası	207	13	0.857	high	apply	/static/crops/Full_Matematik-Tyt-Matematik_Soru_Bankası/Full_Matematik-Tyt-Matematik_Soru_Bankası_p0207_q04.png	126
024a0634-874f-5c17-a68c-67a516806934	Full Matematik-Ayt-Matematik Soru Bankası	363	8	0.778	high	apply	/static/crops/Full_Matematik-Ayt-Matematik_Soru_Bankası/Full_Matematik-Ayt-Matematik_Soru_Bankası_p0363_q03.png	218
d7f7a1fb-a190-57b4-b4ff-a2f98306568f	Apotemi 2024 Ayt Kimya Soru Bankasi	183	5	0.622	mid	skip		437
29cf8c17-d5b6-511b-b7d6-b19a251e180f	Bilgi Sarmal 2024 Ayt Kimya Sopru Bankasi	309	10	1.000	high	apply	/static/crops/Bilgi_Sarmal_2024_Ayt_Kimya_Sopru_Bankasi/Bilgi_Sarmal_2024_Ayt_Kimya_Sopru_Bankasi_p0309_q07.png	134
3f2327d8-6e81-5243-9f1a-949615676db7	Full-2019-2020-Ayt-Matematik Soru Bankası	85	10	0.769	high	apply	/static/crops/Full-2019-2020-Ayt-Matematik_Soru_Bankası/Full-2019-2020-Ayt-Matematik_Soru_Bankası_p0085_q04.png	225
1979b93d-4ee3-50bf-a6c4-8cdf2bf2a469	Full-2019-2020-Ayt-Matematik Soru Bankası	101	9	0.909	high	apply	/static/crops/Full-2019-2020-Ayt-Matematik_Soru_Bankası/Full-2019-2020-Ayt-Matematik_Soru_Bankası_p0101_q05.png	93
bc1f8c93-df43-5120-9da9-732ecd3b987b	Apotemi 2024 Ayt Kimya Soru Bankasi	181	5	0	error	error		0
e1b1ea71-ea0e-551c-bf15-d513aa243073	Aktif Ogrenme 0 Baslayanlara Kimya 2019 2020	20	14	0.250	low	skip		80
9a32a1c8-0e34-58a5-bdba-21e6772d28ff	Full-2019-2020-Ayt-Matematik Soru Bankası	181	8	0.800	high	apply	/static/crops/Full-2019-2020-Ayt-Matematik_Soru_Bankası/Full-2019-2020-Ayt-Matematik_Soru_Bankası_p0181_q03.png	194
e702d8bc-87b6-52c8-9554-3547c9ed0cba	Esen Tyt Kimya Soru Bankası	176	8	0.436	low	skip		504
23aeae43-d53c-5e6c-8f96-4535423d9938	Full Matematik-Ayt-Matematik Soru Bankası	363	9	0	error	error		0
5feaf730-c7fd-5cab-a4e5-680ddc01b676	Aktif Ogrenme Ayt Kimya 2019 2020	155	16	0.694	mid	skip		490
758189d8-2e1e-5be7-a856-4c32bb310f85	Orijinal2024-Ayt-Matematik Soru Bankası	109	7	0.750	high	apply	/static/crops/Orijinal2024-Ayt-Matematik_Soru_Bankası/Orijinal2024-Ayt-Matematik_Soru_Bankası_p0109_q02.png	144
60d31372-780c-534f-973a-701e5f0a763e	Mikro Orijinal Tyt Fizik Soru Bankası 2025	260	7	0.385	low	skip		844
530e1f79-a20f-51a7-b298-3b21f7bad292	Aktif Ogrenme Ayt Kimya 2019 2020	353	32	0.231	low	skip		142
f6226c1f-0da8-57d2-9dfd-246e4774b382	Aktif Ogrenme Ayt Kimya 2019 2020	154	14	0.839	high	apply	/static/crops/Aktif_Ogrenme_Ayt_Kimya_2019_2020/Aktif_Ogrenme_Ayt_Kimya_2019_2020_p0154_q01.png	302
699ac917-f80a-5f9d-80bf-3c9a20a52af5	Apotemi 2024 Ayt Kimya Soru Bankasi	183	7	0.411	low	skip		601
4f05fa91-b2b5-5444-be95-0160e5377a90	Full-2019-2020-Ayt-Matematik Soru Bankası	115	10	0	error	error		0
64313a50-c2a6-559c-a6d6-aac8fa117f9d	Mikro Orijinal-2024-Ayt-Matematik Soru Bankası	281	11	0.814	high	apply	/static/crops/Mikro_Orijinal-2024-Ayt-Matematik_Soru_Bankası/Mikro_Orijinal-2024-Ayt-Matematik_Soru_Bankası_p0281_q04.png	422
afd8eeb2-ece0-5730-9fc4-d228b6d1bb6f	Mikro Orijinal-2024-Tyt-Matematik Soru Bankası	307	2	0.057	low	skip		374
3e7655fb-b88b-551e-80fb-29220326d1dd	Mikro Orijinal-2024-Tyt-Matematik Soru Bankası	102	9	1.000	high	apply	/static/crops/Mikro_Orijinal-2024-Tyt-Matematik_Soru_Bankası/Mikro_Orijinal-2024-Tyt-Matematik_Soru_Bankası_p0102_q04.png	638
fb4a0b93-f91d-520a-b68e-a15a3864ea79	Mikro Orijinal-2024-Tyt-Matematik Soru Bankası	379	6	0.933	high	apply	/static/crops/Mikro_Orijinal-2024-Tyt-Matematik_Soru_Bankası/Mikro_Orijinal-2024-Tyt-Matematik_Soru_Bankası_p0379_q04.png	174
19ee3511-f7ff-5c38-928f-7aaebe1c8a70	Mikro Orijinal-2024-Tyt-Matematik Soru Bankası	141	2	0.111	low	skip		213
0ec06e5a-1c04-549f-9af1-42acaa79d99d	Mikro Orijinal-2024-Ayt-Matematik Soru Bankası	57	8	0	error	error		0
cd10873f-4abc-57e5-9f87-e0bd8dbffc38	Mikro Orijinal-2024-Tyt-Matematik Soru Bankası	397	2	0.556	mid	skip		350
e8a0ee59-3361-5428-aa63-a9ff7244e486	Mikro Orijinal-2024-Tyt-Matematik Soru Bankası	377	2	0.375	low	skip		264
bac57983-c39a-50d5-8690-fc95d3717267	Egsersiz Tyt Fizik Soru Bankası 2021	84	8	0.333	low	skip		434
cb40e9e1-66ed-5fbe-a4f7-9a5be364d990	Mikro Orijinal-2024-Tyt-Matematik Soru Bankası	307	3	0.905	high	apply	/static/crops/Mikro_Orijinal-2024-Tyt-Matematik_Soru_Bankası/Mikro_Orijinal-2024-Tyt-Matematik_Soru_Bankası_p0307_q01.png	206
3206995e-9c4c-5820-b41d-259e2fb5806d	Bilgi Sarmalı-Tyt Ayt-Geometri Soru Bankası	100	8	0.750	high	apply	/static/crops/Bilgi_Sarmalı-Tyt_Ayt-Geometri_Soru_Bankası/Bilgi_Sarmalı-Tyt_Ayt-Geometri_Soru_Bankası_p0100_q04.png	120
1c6912c0-5f41-5a3a-b38f-daa0530d49e0	Bilgi Sarmal Tyt Tarih Soru Bankasi	196	6	0	error	error		0
25c7412a-d7b1-5de5-b1f6-db5a7983e369	Mikro Orijinal-2024-Ayt-Matematik Soru Bankası	354	8	0	error	error		0
3a613622-410e-5c32-b5c6-7e5dd8be744f	Mikro Orijinal-2025-Ayt-Geometri Soru Bankası	60	9	1.000	high	apply	/static/crops/Mikro_Orijinal-2025-Ayt-Geometri_Soru_Bankası/Mikro_Orijinal-2025-Ayt-Geometri_Soru_Bankası_p0060_q01.png	114
f57cd6a3-b8ff-5190-b8e9-c686060f485b	Aktif Ogrenme 2025 Tyt Fizik Soru Bankası	301	61	0.150	low	skip		187
10847384-56e0-5497-a3d3-51ad275b127d	Orijinal-2024-Geometri Soru Bankası	176	9	0.692	mid	skip		111
20e484e9-b059-5aec-a0df-ddb6990beabe	Bilgi Sarmalı-2023-2024-Tyt Ayt-Geometri Soru Bankası	164	10	0.812	high	apply	/static/crops/Bilgi_Sarmalı-2023-2024-Tyt_Ayt-Geometri_Soru_Bankası/Bilgi_Sarmalı-2023-2024-Tyt_Ayt-Geometri_Soru_Bankası_p0164_q03.png	144
f6579f8e-6dff-5b41-aafc-001864b5f68b	Apotemi Tyt Ayt Kimya 2019-2020	281	8	0	error	error		0
2018f57d-47b3-5109-99ef-a2f6f56a6596	345 2025 Tyt Ayt Geometri Soru Bankası 1	237	7	0.917	high	apply	/static/crops/345_2025_Tyt_Ayt_Geometri_Soru_Bankası_1/345_2025_Tyt_Ayt_Geometri_Soru_Bankası_1_p0237_q02.png	109
2045a249-6eee-5285-bb25-f8c19866831e	Bilgi Sarmalı-2022-2023-Tyt Ayt-Geometri Soru Bankası	96	3	0.100	low	skip		557
2378e966-90a4-565a-a9d6-00a454c42951	Bilgi Sarmalı-2023-2024-Tyt Ayt-Geometri Soru Bankası	42	8	0.722	high	apply	/static/crops/Bilgi_Sarmalı-2023-2024-Tyt_Ayt-Geometri_Soru_Bankası/Bilgi_Sarmalı-2023-2024-Tyt_Ayt-Geometri_Soru_Bankası_p0042_q03.png	154
22ebdd6f-f1c5-56cc-a46c-4c245c5f485a	Bilgi Sarmalı-2025-Tyt Ayt-Geometri Soru Bankası	66	12	0.600	mid	skip		141
028392e2-66be-56fa-b1d7-94eaa4904af9	C1CELL-2024-TYT-AYT-Geometri Soru Bankası	38	9	0.923	high	apply	/static/crops/C1CELL-2024-TYT-AYT-Geometri_Soru_Bankası/C1CELL-2024-TYT-AYT-Geometri_Soru_Bankası_p0038_q05.png	140
00e49e5c-d779-5375-bcef-1ab8197bdd30	2023-2024-ACİL-TYT-AYT-Geometrinin İlacı	38	10	0.600	mid	skip		102
03fe3798-e806-50cf-b581-4e4e399943b8	C1CELL-2024-TYT-AYT-Geometri Soru Bankası	36	12	0.462	low	skip		99
26788a2b-a514-59c0-94b5-f04b3cbb36b0	2023-2024-ACİL-TYT-AYT-Geometrinin İlacı	36	11	0.923	high	apply	/static/crops/2023-2024-ACİL-TYT-AYT-Geometrinin_İlacı/2023-2024-ACİL-TYT-AYT-Geometrinin_İlacı_p0036_q03.png	116
0c1b3812-e767-5db0-955c-aa57cdefe50d	2023-2024-ACİL-TYT-AYT-Geometrinin İlacı	40	8	0.455	low	skip		92
0cb6807d-af99-5992-a381-215e2442a210	Full Matematik-2022-2023-Tyt Ayt-Geometri Soru Bankası	307	9	0.778	high	apply	/static/crops/Full_Matematik-2022-2023-Tyt_Ayt-Geometri_Soru_Bankası/Full_Matematik-2022-2023-Tyt_Ayt-Geometri_Soru_Bankası_p0307_q05.png	146
1343ec68-e426-5c7b-8a95-e9615f97a6f6	2020-2021-Acil-Tyt Ayt Geometrinin ilacı Soru Bankası	48	11	0.778	high	apply	/static/crops/2020-2021-Acil-Tyt_Ayt_Geometrinin_ilacı_Soru_Bankası/2020-2021-Acil-Tyt_Ayt_Geometrinin_ilacı_Soru_Bankası_p0048_q03.png	93
0ac624cc-2b3c-5e98-84be-06b4046c4197	345 2025 Tyt Ayt Geometri Soru Bankası 1	237	9	0.846	high	apply	/static/crops/345_2025_Tyt_Ayt_Geometri_Soru_Bankası_1/345_2025_Tyt_Ayt_Geometri_Soru_Bankası_1_p0237_q06.png	124
13bb5c63-054a-542b-99c4-d649db28344e	345 Tyt Ayt Geometri Soru Bankası	257	7	0.909	high	apply	/static/crops/345_Tyt_Ayt_Geometri_Soru_Bankası/345_Tyt_Ayt_Geometri_Soru_Bankası_p0257_q03.png	118
13ef51e3-d383-5118-9fac-31770951b593	Full Matematik-2019-2020-Geometri Soru Bankası	81	8	0.909	high	apply	/static/crops/Full_Matematik-2019-2020-Geometri_Soru_Bankası/Full_Matematik-2019-2020-Geometri_Soru_Bankası_p0081_q03.png	109
02073bfd-43a9-5167-bcad-a68c6f7921f2	Bilgi Sarmalı-Tyt Ayt-Geometri Soru Bankası	394	6	0.812	high	apply	/static/crops/Bilgi_Sarmalı-Tyt_Ayt-Geometri_Soru_Bankası/Bilgi_Sarmalı-Tyt_Ayt-Geometri_Soru_Bankası_p0394_q04.png	177
21bfe2b3-a933-5bf0-aac0-74e18f967084	CAP-2022-2023-TYT AYT-Geometri Soru Bankası	250	8	0	error	error		0
0d51a1e7-e733-549b-8af3-a93e8bacf2bc	Orijinal-Tyt Ayt Geometri Soru Bankası	67	10	0.909	high	apply	/static/crops/Orijinal-Tyt_Ayt_Geometri_Soru_Bankası/Orijinal-Tyt_Ayt_Geometri_Soru_Bankası_p0067_q02.png	100
14f8cf1d-d40b-5593-b613-b40ebef8f5a1	Bilgi Sarmalı-2025-Tyt Ayt-Geometri Soru Bankası	128	11	0.769	high	apply	/static/crops/Bilgi_Sarmalı-2025-Tyt_Ayt-Geometri_Soru_Bankası/Bilgi_Sarmalı-2025-Tyt_Ayt-Geometri_Soru_Bankası_p0128_q03.png	109
14f6dcae-1796-552d-ab13-caa2c84c909e	Bilgi Sarmalı-2023-2024-Tyt Ayt-Geometri Soru Bankası	48	7	0.615	mid	skip		130
033cf8f3-b502-5bf6-82cb-d0a822336181	345 2025 Tyt Ayt Geometri Soru Bankası 1	57	11	0	error	error		0
46860aae-d874-5cb0-918b-ed332c63bfcd	345 2025 Tyt Ayt Geometri Soru Bankası 1	73	8	0.833	high	apply	/static/crops/345_2025_Tyt_Ayt_Geometri_Soru_Bankası_1/345_2025_Tyt_Ayt_Geometri_Soru_Bankası_1_p0073_q05.png	117
13b6f00e-3604-58bf-8235-36f89b78b26e	Mikro-2024-Tyt Ayt-Geometri Soru Bankası	79	11	0.875	high	apply	/static/crops/Mikro-2024-Tyt_Ayt-Geometri_Soru_Bankası/Mikro-2024-Tyt_Ayt-Geometri_Soru_Bankası_p0079_q05.png	103
15996f80-a535-5c04-8625-5c3b54dcb79f	345 2025 Tyt Ayt Geometri Soru Bankası 1	62	13	0.765	high	apply	/static/crops/345_2025_Tyt_Ayt_Geometri_Soru_Bankası_1/345_2025_Tyt_Ayt_Geometri_Soru_Bankası_1_p0062_q04.png	153
1705ea4b-403f-54c7-ad8f-1004b41fb1da	Orijinal-Tyt Ayt Geometri Soru Bankası	170	11	1.000	high	apply	/static/crops/Orijinal-Tyt_Ayt_Geometri_Soru_Bankası/Orijinal-Tyt_Ayt_Geometri_Soru_Bankası_p0170_q04.png	129
176e930a-544d-5a73-b124-1974d7503be3	C1CELL-2024-TYT-AYT-Geometri Soru Bankası	206	12	0.706	high	apply	/static/crops/C1CELL-2024-TYT-AYT-Geometri_Soru_Bankası/C1CELL-2024-TYT-AYT-Geometri_Soru_Bankası_p0206_q06.png	146
15d30fa4-3cc3-5572-951a-af579d472d52	2020-2021-Acil-Tyt Ayt Geometrinin ilacı Soru Bankası	38	10	0.750	high	apply	/static/crops/2020-2021-Acil-Tyt_Ayt_Geometrinin_ilacı_Soru_Bankası/2020-2021-Acil-Tyt_Ayt_Geometrinin_ilacı_Soru_Bankası_p0038_q01.png	116
1854962a-ca8c-5f53-98ff-407dcdd2c78a	Orijinal-Tyt Ayt Geometri Soru Bankası	170	9	1.000	high	apply	/static/crops/Orijinal-Tyt_Ayt_Geometri_Soru_Bankası/Orijinal-Tyt_Ayt_Geometri_Soru_Bankası_p0170_q05.png	138
17cda429-a27d-5d18-8be1-0de1a3e6772a	345 Tyt Ayt Geometri Soru Bankası	267	7	0.750	high	apply	/static/crops/345_Tyt_Ayt_Geometri_Soru_Bankası/345_Tyt_Ayt_Geometri_Soru_Bankası_p0267_q03.png	104
240c8416-d342-5f8d-acaa-c7aa09196768	Mikro Orijinal-Tyt Ayt-Geometri Soru Bankası 2	87	8	0.444	low	skip		97
185702bb-b20f-5261-94a3-f59664ea97a2	Mikro-2024-Tyt Ayt-Geometri Soru Bankası	123	9	0.833	high	apply	/static/crops/Mikro-2024-Tyt_Ayt-Geometri_Soru_Bankası/Mikro-2024-Tyt_Ayt-Geometri_Soru_Bankası_p0123_q05.png	116
30c26fee-e867-5799-a26f-c3422421ec31	C1CELL-2024-TYT-AYT-Geometri Soru Bankası	138	10	0.800	high	apply	/static/crops/C1CELL-2024-TYT-AYT-Geometri_Soru_Bankası/C1CELL-2024-TYT-AYT-Geometri_Soru_Bankası_p0138_q02.png	134
05626a67-28bd-5f36-af27-65c4a925d5df	345 2025 Tyt Ayt Geometri Soru Bankası 1	61	8	0.500	mid	skip		90
0477c9fb-eaf1-53c6-a253-cbc32cf0542b	C1CELL-2024-TYT-AYT-Geometri Soru Bankası	82	9	0.412	low	skip		137
150e13f0-0dd3-5a3c-9ac4-7acca33a560b	2023-2024-ACİL-TYT-AYT-Geometrinin İlacı	32	9	0	error	error		0
302dd557-389c-58c2-8a8d-0e896675741b	C1CELL-2024-TYT-AYT-Geometri Soru Bankası	57	10	0.889	high	apply	/static/crops/C1CELL-2024-TYT-AYT-Geometri_Soru_Bankası/C1CELL-2024-TYT-AYT-Geometri_Soru_Bankası_p0057_q02.png	236
320c7926-fa42-5025-aeec-4a9e97520ade	C1CELL-2024-TYT-AYT-Geometri Soru Bankası	204	11	0.923	high	apply	/static/crops/C1CELL-2024-TYT-AYT-Geometri_Soru_Bankası/C1CELL-2024-TYT-AYT-Geometri_Soru_Bankası_p0204_q03.png	143
316df8ce-46de-5573-af9a-214d4d57976e	Orijinal-2024-Geometri Soru Bankası	57	10	0.385	low	skip		126
31cb921b-a435-53cd-b857-d4eb033a5f0b	345 2025 Tyt Ayt Geometri Soru Bankası 1	49	6	0.800	high	apply	/static/crops/345_2025_Tyt_Ayt_Geometri_Soru_Bankası_1/345_2025_Tyt_Ayt_Geometri_Soru_Bankası_1_p0049_q02.png	137
31445182-6b03-5a44-8324-5e1094b76cdb	Orijinal-Tyt Ayt Geometri Soru Bankası	101	12	0.500	mid	skip		128
07513f28-1ded-5626-afef-e2827c6acf55	Bilgi Sarmalı-2022-2023-Tyt Ayt-Geometri Soru Bankası	104	9	0.625	mid	skip		122
089366b7-5afb-542a-8862-3ccac255b8ae	Bilgi Sarmalı-2022-2023-Tyt Ayt-Geometri Soru Bankası	162	11	0.857	high	apply	/static/crops/Bilgi_Sarmalı-2022-2023-Tyt_Ayt-Geometri_Soru_Bankası/Bilgi_Sarmalı-2022-2023-Tyt_Ayt-Geometri_Soru_Bankası_p0162_q02.png	115
0e381b65-26c1-5d55-979c-9341e6495d9f	2020-2021-Acil-Tyt Ayt Geometrinin ilacı Soru Bankası	60	8	0.875	high	apply	/static/crops/2020-2021-Acil-Tyt_Ayt_Geometrinin_ilacı_Soru_Bankası/2020-2021-Acil-Tyt_Ayt_Geometrinin_ilacı_Soru_Bankası_p0060_q04.png	123
07073caf-cafd-5e9f-90d0-4e3e568c02e2	2020-2021-Acil-Tyt Ayt Geometrinin ilacı Soru Bankası	40	10	0.900	high	apply	/static/crops/2020-2021-Acil-Tyt_Ayt_Geometrinin_ilacı_Soru_Bankası/2020-2021-Acil-Tyt_Ayt_Geometrinin_ilacı_Soru_Bankası_p0040_q02.png	91
0f232fc3-c7c2-56f6-ae65-638feeffc376	C1CELL-2024-TYT-AYT-Geometri Soru Bankası	303	8	1.000	high	apply	/static/crops/C1CELL-2024-TYT-AYT-Geometri_Soru_Bankası/C1CELL-2024-TYT-AYT-Geometri_Soru_Bankası_p0303_q03.png	167
0f67b9c0-4955-519f-b0ed-1effbab3af19	Full Matematik-2019-2020-Geometri Soru Bankası	21	9	0.600	mid	skip		100
0e402969-eff1-5388-aebc-7501ce47c5cb	345 2025 Tyt Ayt Geometri Soru Bankası 1	251	8	0.909	high	apply	/static/crops/345_2025_Tyt_Ayt_Geometri_Soru_Bankası_1/345_2025_Tyt_Ayt_Geometri_Soru_Bankası_1_p0251_q06.png	134
108de5a2-8747-56f6-83af-b342de5dc066	C1CELL-2024-TYT-AYT-Geometri Soru Bankası	187	12	0.909	high	apply	/static/crops/C1CELL-2024-TYT-AYT-Geometri_Soru_Bankası/C1CELL-2024-TYT-AYT-Geometri_Soru_Bankası_p0187_q05.png	106
1b8a630d-8867-58fd-acca-60a076e727da	Bilgi Sarmalı-Tyt Ayt-Geometri Soru Bankası	44	10	0.667	mid	skip		169
1dd1e674-58f1-5175-be17-d3b47a8557cb	Bilgi Sarmalı-2023-2024-Tyt Ayt-Geometri Soru Bankası	360	6	0.846	high	apply	/static/crops/Bilgi_Sarmalı-2023-2024-Tyt_Ayt-Geometri_Soru_Bankası/Bilgi_Sarmalı-2023-2024-Tyt_Ayt-Geometri_Soru_Bankası_p0360_q03.png	119
1da03e81-dd1a-512f-aa17-bfd087e51ea0	Mikro-2024-Tyt Ayt-Geometri Soru Bankası	83	11	0.750	high	apply	/static/crops/Mikro-2024-Tyt_Ayt-Geometri_Soru_Bankası/Mikro-2024-Tyt_Ayt-Geometri_Soru_Bankası_p0083_q03.png	91
1008d1ee-914d-5e5b-a077-2430013b9599	2020-2021-Acil-Tyt Ayt Geometrinin ilacı Soru Bankası	112	10	1.000	high	apply	/static/crops/2020-2021-Acil-Tyt_Ayt_Geometrinin_ilacı_Soru_Bankası/2020-2021-Acil-Tyt_Ayt_Geometrinin_ilacı_Soru_Bankası_p0112_q02.png	146
1d9d5769-fb7e-58de-95f5-508821e71859	2020-2021-Acil-Tyt Ayt Geometrinin ilacı Soru Bankası	38	11	1.000	high	apply	/static/crops/2020-2021-Acil-Tyt_Ayt_Geometrinin_ilacı_Soru_Bankası/2020-2021-Acil-Tyt_Ayt_Geometrinin_ilacı_Soru_Bankası_p0038_q03.png	111
0f971378-1c75-579d-bb71-4ea5f6ea5df1	Bilgi Sarmalı-2025-Tyt Ayt-Geometri Soru Bankası	68	8	0.467	low	skip		135
1eb97730-2641-5747-86dd-598f09cd9c7e	Bilgi Sarmalı-2023-2024-Tyt Ayt-Geometri Soru Bankası	362	8	0.733	high	apply	/static/crops/Bilgi_Sarmalı-2023-2024-Tyt_Ayt-Geometri_Soru_Bankası/Bilgi_Sarmalı-2023-2024-Tyt_Ayt-Geometri_Soru_Bankası_p0362_q05.png	121
09431a30-7875-5e0c-856f-87b180512d21	2023-2024-ACİL-TYT-AYT Geometri Soru Bankası	226	15	0.700	high	apply	/static/crops/2023-2024-ACİL-TYT-AYT_Geometri_Soru_Bankası/2023-2024-ACİL-TYT-AYT_Geometri_Soru_Bankası_p0226_q04.png	88
24a99f4a-d5a7-50ac-a5f9-4934c4a99021	345 Tyt Ayt Geometri Soru Bankası	249	7	1.000	high	apply	/static/crops/345_Tyt_Ayt_Geometri_Soru_Bankası/345_Tyt_Ayt_Geometri_Soru_Bankası_p0249_q05.png	138
082fbd2c-628c-5ba5-9cf9-8927bf831af6	Mikro-2024-Tyt Ayt-Geometri Soru Bankası	97	15	0	error	error		0
366baa84-dff7-5f46-9dfa-dd093bd3e373	345 Tyt Ayt Geometri Soru Bankası	423	8	1.000	high	apply	/static/crops/345_Tyt_Ayt_Geometri_Soru_Bankası/345_Tyt_Ayt_Geometri_Soru_Bankası_p0423_q05.png	78
35bdc27f-9443-56cf-9c10-88240ba88189	C1CELL-2024-TYT-AYT-Geometri Soru Bankası	59	10	0.933	high	apply	/static/crops/C1CELL-2024-TYT-AYT-Geometri_Soru_Bankası/C1CELL-2024-TYT-AYT-Geometri_Soru_Bankası_p0059_q02.png	153
27d5b58c-85f7-5372-9649-c17d0421e48c	Bilgi Sarmalı-2023-2024-Tyt Ayt-Geometri Soru Bankası	66	10	0.562	mid	skip		162
28286ff4-119f-563e-bfe6-c6aad6d5afd0	2020-2021-Acil-Tyt Ayt Geometrinin ilacı Soru Bankası	52	8	0.778	high	apply	/static/crops/2020-2021-Acil-Tyt_Ayt_Geometrinin_ilacı_Soru_Bankası/2020-2021-Acil-Tyt_Ayt_Geometrinin_ilacı_Soru_Bankası_p0052_q03.png	102
283c78bc-199d-5cb5-8e5e-1d705fcb9070	Mikro-2024-Tyt Ayt-Geometri Soru Bankası	81	11	0.917	high	apply	/static/crops/Mikro-2024-Tyt_Ayt-Geometri_Soru_Bankası/Mikro-2024-Tyt_Ayt-Geometri_Soru_Bankası_p0081_q06.png	118
374a4adb-b7ab-5c50-aa45-632e566db218	Mikro-2024-Tyt Ayt-Geometri Soru Bankası	95	15	1.000	high	apply	/static/crops/Mikro-2024-Tyt_Ayt-Geometri_Soru_Bankası/Mikro-2024-Tyt_Ayt-Geometri_Soru_Bankası_p0095_q05.png	97
2797cc39-b9af-5400-b59a-4d1abb45766a	Orijinal-Tyt Ayt Geometri Soru Bankası	87	9	0.900	high	apply	/static/crops/Orijinal-Tyt_Ayt_Geometri_Soru_Bankası/Orijinal-Tyt_Ayt_Geometri_Soru_Bankası_p0087_q05.png	113
1fa3ec83-aeb5-5489-8e38-4ebd0794872f	Bilgi Sarmalı-2025-Tyt Ayt-Geometri Soru Bankası	200	11	0	error	error		0
37819a8f-12d7-5750-b708-cb13122232ad	Orijinal-Tyt Ayt Geometri Soru Bankası	200	10	0.867	high	apply	/static/crops/Orijinal-Tyt_Ayt_Geometri_Soru_Bankası/Orijinal-Tyt_Ayt_Geometri_Soru_Bankası_p0200_q02.png	136
36880120-79e4-58aa-9940-4ac035c4b52d	Bilgi Sarmalı-Tyt Ayt-Geometri Soru Bankası	30	6	0.643	mid	skip		118
26f1491d-c34e-544e-aa55-2c982f4e7d15	CAP-2022-2023-TYT AYT-Geometri Soru Bankası	33	8	0.867	high	apply	/static/crops/CAP-2022-2023-TYT_AYT-Geometri_Soru_Bankası/CAP-2022-2023-TYT_AYT-Geometri_Soru_Bankası_p0033_q05.png	126
43bd2224-3175-5ade-a3b7-1b717f24969d	2020-2021-Acil-Tyt Ayt Geometrinin ilacı Soru Bankası	112	9	1.000	high	apply	/static/crops/2020-2021-Acil-Tyt_Ayt_Geometrinin_ilacı_Soru_Bankası/2020-2021-Acil-Tyt_Ayt_Geometrinin_ilacı_Soru_Bankası_p0112_q06.png	93
33e862f2-0a6b-5feb-aee5-71797a3c7c4e	Bilgi Sarmalı-2022-2023-Tyt Ayt-Geometri Soru Bankası	42	8	0.722	high	apply	/static/crops/Bilgi_Sarmalı-2022-2023-Tyt_Ayt-Geometri_Soru_Bankası/Bilgi_Sarmalı-2022-2023-Tyt_Ayt-Geometri_Soru_Bankası_p0042_q03.png	154
45c06f70-f7ac-555e-9071-d68b5deb2199	Bilgi Sarmalı-2025-Tyt Ayt-Geometri Soru Bankası	354	9	0.842	high	apply	/static/crops/Bilgi_Sarmalı-2025-Tyt_Ayt-Geometri_Soru_Bankası/Bilgi_Sarmalı-2025-Tyt_Ayt-Geometri_Soru_Bankası_p0354_q05.png	162
373f86df-b357-5d60-860e-f13ebf2f7ce6	Mikro-2024-Tyt Ayt-Geometri Soru Bankası	79	16	0.923	high	apply	/static/crops/Mikro-2024-Tyt_Ayt-Geometri_Soru_Bankası/Mikro-2024-Tyt_Ayt-Geometri_Soru_Bankası_p0079_q07.png	119
28001405-6604-5898-8a86-014066b54e38	2023-2024-ACİL-TYT-AYT-Geometrinin İlacı	36	10	0	json_fail	skip		0
467d0a5a-3979-51be-8fc9-55c71463067f	C1CELL-2024-TYT-AYT-Geometri Soru Bankası	34	10	0.812	high	apply	/static/crops/C1CELL-2024-TYT-AYT-Geometri_Soru_Bankası/C1CELL-2024-TYT-AYT-Geometri_Soru_Bankası_p0034_q02.png	161
45e3d443-2ebd-5a0d-8914-a7ceb46b6006	345 Tyt Ayt Geometri Soru Bankası	419	7	0.800	high	apply	/static/crops/345_Tyt_Ayt_Geometri_Soru_Bankası/345_Tyt_Ayt_Geometri_Soru_Bankası_p0419_q02.png	87
48a51338-6fc5-5d0f-8c3c-547c9eac3da8	Bilgi Sarmalı-2023-2024-Tyt Ayt-Geometri Soru Bankası	40	8	0.571	mid	skip		150
4505b3ba-c723-5c63-9cc0-586d5a365720	C1CELL-2024-TYT-AYT-Geometri Soru Bankası	63	11	0.857	high	apply	/static/crops/C1CELL-2024-TYT-AYT-Geometri_Soru_Bankası/C1CELL-2024-TYT-AYT-Geometri_Soru_Bankası_p0063_q03.png	145
4f71f2ea-4f8b-5d8d-ab8c-04a129cd0822	Orijinal-2024-Geometri Soru Bankası	91	8	0.786	high	apply	/static/crops/Orijinal-2024-Geometri_Soru_Bankası/Orijinal-2024-Geometri_Soru_Bankası_p0091_q04.png	117
4f62c211-e3c0-5d31-96c5-1238a828979c	C1CELL-2024-TYT-AYT-Geometri Soru Bankası	202	8	0.600	mid	skip		113
4fa59972-f67d-5d0b-afed-b9b8c05b9577	Bilgi Sarmalı-2023-2024-Tyt Ayt-Geometri Soru Bankası	346	9	0.842	high	apply	/static/crops/Bilgi_Sarmalı-2023-2024-Tyt_Ayt-Geometri_Soru_Bankası/Bilgi_Sarmalı-2023-2024-Tyt_Ayt-Geometri_Soru_Bankası_p0346_q05.png	162
4f1c8e03-b8f8-54af-a605-6c3ee83478c6	Bilgi Sarmalı-Tyt Ayt-Geometri Soru Bankası	48	7	0.615	mid	skip		130
343ebe55-c149-5c74-8f6f-d7568d4ef12e	Mikro-2024-Tyt Ayt-Geometri Soru Bankası	123	11	0	error	error		0
351f53bd-8bf6-5e15-be54-ce2f750b3a50	C1CELL-2024-TYT-AYT-Geometri Soru Bankası	138	12	0.875	high	apply	/static/crops/C1CELL-2024-TYT-AYT-Geometri_Soru_Bankası/C1CELL-2024-TYT-AYT-Geometri_Soru_Bankası_p0138_q05.png	133
5460ac0d-ab0c-5503-af63-c3f229dd3ab4	2020-2021-Acil-Tyt Ayt Geometrinin ilacı Soru Bankası	156	11	0.800	high	apply	/static/crops/2020-2021-Acil-Tyt_Ayt_Geometrinin_ilacı_Soru_Bankası/2020-2021-Acil-Tyt_Ayt_Geometrinin_ilacı_Soru_Bankası_p0156_q04.png	116
54198295-7aa5-5a21-88cb-f52cff09c7ac	CAP-2022-2023-TYT AYT-Geometri Soru Bankası	51	7	0.667	mid	skip		129
537dd7a6-c5b4-5665-9134-772090a3a6d1	Orijinal-2024-Geometri Soru Bankası	93	10	1.000	high	apply	/static/crops/Orijinal-2024-Geometri_Soru_Bankası/Orijinal-2024-Geometri_Soru_Bankası_p0093_q04.png	138
2b9980e9-fe29-5768-9513-e102ebd27d2d	Orijinal-2024-Geometri Soru Bankası	119	8	0.417	low	skip		108
63dc6230-04d3-5be2-bdef-8a134629d26b	Bilgi Sarmalı-Tyt Ayt-Geometri Soru Bankası	30	9	0.600	mid	skip		101
47398261-3b7f-59b0-8e9a-fd7856653684	Mikro-2024-Tyt Ayt-Geometri Soru Bankası	79	12	0.750	high	apply	/static/crops/Mikro-2024-Tyt_Ayt-Geometri_Soru_Bankası/Mikro-2024-Tyt_Ayt-Geometri_Soru_Bankası_p0079_q09.png	121
64bf167c-231f-559d-b2f1-d2c6508ba095	2020-2021-Acil-Tyt Ayt Geometrinin ilacı Soru Bankası	54	11	0.923	high	apply	/static/crops/2020-2021-Acil-Tyt_Ayt_Geometrinin_ilacı_Soru_Bankası/2020-2021-Acil-Tyt_Ayt_Geometrinin_ilacı_Soru_Bankası_p0054_q04.png	107
63267b25-7037-5d63-b71c-957624ba14e7	Orijinal-Tyt Ayt Geometri Soru Bankası	59	10	0.385	low	skip		121
657042fa-01a6-5f2f-9a9c-abbdf1375fe7	C1CELL-2024-TYT-AYT-Geometri Soru Bankası	18	8	0.462	low	skip		102
8afbc517-836e-54eb-b9c7-8abbdd507225	345 2025 Tyt Ayt Geometri Soru Bankası 1	53	6	0.917	high	apply	/static/crops/345_2025_Tyt_Ayt_Geometri_Soru_Bankası_1/345_2025_Tyt_Ayt_Geometri_Soru_Bankası_1_p0053_q02.png	113
8f3d23bb-ce8f-5902-9582-76b833c19229	2020-2021-Acil-Tyt Ayt Geometrinin ilacı Soru Bankası	62	10	1.000	high	apply	/static/crops/2020-2021-Acil-Tyt_Ayt_Geometrinin_ilacı_Soru_Bankası/2020-2021-Acil-Tyt_Ayt_Geometrinin_ilacı_Soru_Bankası_p0062_q01.png	125
8fbd91c8-b0bd-53f2-aaf2-3b085690ef8f	2023-2024-ACİL-TYT-AYT-Geometrinin İlacı	48	9	0.900	high	apply	/static/crops/2023-2024-ACİL-TYT-AYT-Geometrinin_İlacı/2023-2024-ACİL-TYT-AYT-Geometrinin_İlacı_p0048_q06.png	198
67542360-89f3-5270-897a-469a2edd9869	Orijinal-Tyt Ayt Geometri Soru Bankası	93	10	1.000	high	apply	/static/crops/Orijinal-Tyt_Ayt_Geometri_Soru_Bankası/Orijinal-Tyt_Ayt_Geometri_Soru_Bankası_p0093_q04.png	138
67f6b45c-fd49-58b4-ae27-fc6748c711cc	345 2025 Tyt Ayt Geometri Soru Bankası 1	62	12	0.933	high	apply	/static/crops/345_2025_Tyt_Ayt_Geometri_Soru_Bankası_1/345_2025_Tyt_Ayt_Geometri_Soru_Bankası_1_p0062_q02.png	124
19100fcf-a3d2-56a8-a964-39335efd3841	CAP-2022-2023-TYT AYT-Geometri Soru Bankası	43	10	0.882	high	apply	/static/crops/CAP-2022-2023-TYT_AYT-Geometri_Soru_Bankası/CAP-2022-2023-TYT_AYT-Geometri_Soru_Bankası_p0043_q05.png	144
897f730a-ef24-51c8-a6a9-18e3aa5791e8	Bilgi Sarmalı-2023-2024-Tyt Ayt-Geometri Soru Bankası	96	3	0.117	low	skip		557
19e179ab-3581-5465-b685-15ded76fec3c	Orijinal-Tyt Ayt Geometri Soru Bankası	152	11	0.929	high	apply	/static/crops/Orijinal-Tyt_Ayt_Geometri_Soru_Bankası/Orijinal-Tyt_Ayt_Geometri_Soru_Bankası_p0152_q04.png	110
5133c599-8f31-5f9b-a7c0-2d4b76911d14	CAP-2022-2023-TYT AYT-Geometri Soru Bankası	25	7	0	error	error		0
19af471a-4fbc-5cc4-ac2c-7dc3c11ac910	345 2025 Tyt Ayt Geometri Soru Bankası 1	259	8	0.857	high	apply	/static/crops/345_2025_Tyt_Ayt_Geometri_Soru_Bankası_1/345_2025_Tyt_Ayt_Geometri_Soru_Bankası_1_p0259_q05.png	115
2b08a35e-ce97-5293-91f5-693a64fa86de	2020-2021-Acil-Tyt Ayt Geometrinin ilacı Soru Bankası	172	8	0.818	high	apply	/static/crops/2020-2021-Acil-Tyt_Ayt_Geometrinin_ilacı_Soru_Bankası/2020-2021-Acil-Tyt_Ayt_Geometrinin_ilacı_Soru_Bankası_p0172_q04.png	86
1aaf33e7-e349-5883-ad20-d4072a35eb63	Orijinal-2024-Geometri Soru Bankası	200	11	1.000	high	apply	/static/crops/Orijinal-2024-Geometri_Soru_Bankası/Orijinal-2024-Geometri_Soru_Bankası_p0200_q03.png	154
1a06116e-5e15-5f83-b6c6-e182717dc530	Bilgi Sarmalı-2023-2024-Tyt Ayt-Geometri Soru Bankası	58	9	0.692	mid	skip		117
1b1a1155-204c-5b94-bd8c-2e4fdb34cc54	CAP-2022-2023-TYT AYT-Geometri Soru Bankası	49	10	1.000	high	apply	/static/crops/CAP-2022-2023-TYT_AYT-Geometri_Soru_Bankası/CAP-2022-2023-TYT_AYT-Geometri_Soru_Bankası_p0049_q05.png	102
2dba3f5e-f7ca-5abc-8d0d-4f2aa7e164a6	345 2025 Tyt Ayt Geometri Soru Bankası 1	257	7	1.000	high	apply	/static/crops/345_2025_Tyt_Ayt_Geometri_Soru_Bankası_1/345_2025_Tyt_Ayt_Geometri_Soru_Bankası_1_p0257_q03.png	118
3d75a21f-f986-592b-ab31-2bb4e3c39a4a	Bilgi Sarmalı-2023-2024-Tyt Ayt-Geometri Soru Bankası	150	10	0.647	mid	skip		157
2e9a673f-438d-5822-add1-f90abc0541fa	Bilgi Sarmalı-2023-2024-Tyt Ayt-Geometri Soru Bankası	198	8	0.750	high	apply	/static/crops/Bilgi_Sarmalı-2023-2024-Tyt_Ayt-Geometri_Soru_Bankası/Bilgi_Sarmalı-2023-2024-Tyt_Ayt-Geometri_Soru_Bankası_p0198_q03.png	122
2c95e11f-44c6-5d7e-9360-dac75c95fb76	Bilgi Sarmalı-2023-2024-Tyt Ayt-Geometri Soru Bankası	170	6	0.333	low	skip		529
3c369f57-2cdc-560f-bba2-05a6dd3c728a	Bilgi Sarmalı-2022-2023-Tyt Ayt-Geometri Soru Bankası	100	8	0.583	mid	skip		120
2b5940cf-d8c7-5a7d-8993-8500916cca23	Orijinal-Tyt Ayt Geometri Soru Bankası	168	11	0.579	mid	skip		146
3f488da9-54e9-577d-ae0e-2c4836c85a10	345 Tyt Ayt Geometri Soru Bankası	61	8	1.000	high	apply	/static/crops/345_Tyt_Ayt_Geometri_Soru_Bankası/345_Tyt_Ayt_Geometri_Soru_Bankası_p0061_q04.png	89
3da9e42c-9e77-5f8f-83b1-60ea074f85be	Bilgi Sarmalı-Tyt Ayt-Geometri Soru Bankası	58	8	0.846	high	apply	/static/crops/Bilgi_Sarmalı-Tyt_Ayt-Geometri_Soru_Bankası/Bilgi_Sarmalı-Tyt_Ayt-Geometri_Soru_Bankası_p0058_q04.png	106
3d20d44b-28fa-5dde-aea1-f65151c09eab	345 2025 Tyt Ayt Geometri Soru Bankası 1	247	7	1.000	high	apply	/static/crops/345_2025_Tyt_Ayt_Geometri_Soru_Bankası_1/345_2025_Tyt_Ayt_Geometri_Soru_Bankası_1_p0247_q04.png	115
4021b63d-a236-5d85-a288-eaf5a23508b0	Mikro-2024-Tyt Ayt-Geometri Soru Bankası	79	15	0.778	high	apply	/static/crops/Mikro-2024-Tyt_Ayt-Geometri_Soru_Bankası/Mikro-2024-Tyt_Ayt-Geometri_Soru_Bankası_p0079_q06.png	97
409a6b6d-2800-54f3-89b4-5e5c52f07485	Orijinal-2025-Analitik Geometri	22	2	1.000	high	apply	/static/crops/Orijinal-2025-Analitik_Geometri/Orijinal-2025-Analitik_Geometri_p0022_q01.png	220
3e9e9ef4-2da8-56ea-8a06-8ec08ccdde6e	345 Tyt Ayt Geometri Soru Bankası	61	6	1.000	high	apply	/static/crops/345_Tyt_Ayt_Geometri_Soru_Bankası/345_Tyt_Ayt_Geometri_Soru_Bankası_p0061_q05.png	78
41423ab2-1b74-57fe-adbd-2a93c4922104	Bilgi Sarmalı-2022-2023-Tyt Ayt-Geometri Soru Bankası	28	7	0.643	mid	skip		120
41cd9deb-5555-5ab4-86f0-79f11b7a2202	C1CELL-2024-TYT-AYT-Geometri Soru Bankası	243	11	1.000	high	apply	/static/crops/C1CELL-2024-TYT-AYT-Geometri_Soru_Bankası/C1CELL-2024-TYT-AYT-Geometri_Soru_Bankası_p0243_q04.png	121
2b5bf21e-86ea-56a1-94e0-e680c87108cc	Orijinal-2025-Analitik Geometri	40	9	0	error	error		0
2b179230-c301-5695-a13b-8a1eee7f9bc7	345 2025 Tyt Ayt Geometri Soru Bankası 1	317	7	0	error	error		0
5897b071-167d-53ab-a956-9c162277b45a	ACİL-TYT-AYT-Geometri Soru Bankası	192	11	0.750	high	apply	/static/crops/ACİL-TYT-AYT-Geometri_Soru_Bankası/ACİL-TYT-AYT-Geometri_Soru_Bankası_p0192_q05.png	95
5825deff-00cf-5185-8c41-96c72ade4ff6	C1CELL-2024-TYT-AYT-Geometri Soru Bankası	32	9	0.600	mid	skip		82
59be58c4-f5c2-5c84-9497-e5dbcce92265	2023-2024-ACİL-TYT-AYT-Geometrinin İlacı	40	11	0.467	low	skip		136
5926b403-7c89-504d-b9c9-f175c16abcbd	Orijinal-Tyt Ayt Geometri Soru Bankası	59	9	0.455	low	skip		103
57da5082-95f7-510c-847a-8ca6d2bbddd4	Bilgi Sarmalı-Tyt Ayt-Geometri Soru Bankası	62	10	0.571	mid	skip		137
5a8aef4a-eaec-5e51-949b-3ed9850a5b89	Orijinal-2024-Geometri Soru Bankası	95	8	0.857	high	apply	/static/crops/Orijinal-2024-Geometri_Soru_Bankası/Orijinal-2024-Geometri_Soru_Bankası_p0095_q03.png	129
41d03783-e3d8-5629-888b-94cb42fbb2bf	345 Tyt Ayt Geometri Soru Bankası	73	7	1.000	high	apply	/static/crops/345_Tyt_Ayt_Geometri_Soru_Bankası/345_Tyt_Ayt_Geometri_Soru_Bankası_p0073_q03.png	104
5b573fc1-5070-5cc1-9ee7-5de7386855b2	345 Tyt Ayt Geometri Soru Bankası	62	13	0.824	high	apply	/static/crops/345_Tyt_Ayt_Geometri_Soru_Bankası/345_Tyt_Ayt_Geometri_Soru_Bankası_p0062_q04.png	158
5b0605a8-4bf8-5d84-a749-4146175be6df	Bilgi Sarmalı-2022-2023-Tyt Ayt-Geometri Soru Bankası	48	7	0.615	mid	skip		130
68f5d995-f60c-51b5-b303-68cad264c04b	2023-2024-ACİL-TYT-AYT Geometri Soru Bankası	161	12	0.583	mid	skip		105
5adc21ed-6a77-5789-b124-b315d917aa53	Bilgi Sarmalı-2022-2023-Tyt Ayt-Geometri Soru Bankası	60	9	0.786	high	apply	/static/crops/Bilgi_Sarmalı-2022-2023-Tyt_Ayt-Geometri_Soru_Bankası/Bilgi_Sarmalı-2022-2023-Tyt_Ayt-Geometri_Soru_Bankası_p0060_q01.png	146
695b9111-41e8-510b-9962-956e3a0d5171	CAP-2022-2023-TYT AYT-Geometri Soru Bankası	35	10	0.852	high	apply	/static/crops/CAP-2022-2023-TYT_AYT-Geometri_Soru_Bankası/CAP-2022-2023-TYT_AYT-Geometri_Soru_Bankası_p0035_q04.png	276
6b253647-8917-50d9-a0d7-ffc0d4cee7a6	345 2025 Tyt Ayt Geometri Soru Bankası 1	311	6	1.000	high	apply	/static/crops/345_2025_Tyt_Ayt_Geometri_Soru_Bankası_1/345_2025_Tyt_Ayt_Geometri_Soru_Bankası_1_p0311_q02.png	102
6972f2c8-7e27-57e7-a5af-f8d10e8c7247	Orijinal-Tyt Ayt Geometri Soru Bankası	198	11	1.000	high	apply	/static/crops/Orijinal-Tyt_Ayt_Geometri_Soru_Bankası/Orijinal-Tyt_Ayt_Geometri_Soru_Bankası_p0198_q04.png	125
6f097272-f6f9-5c33-94cd-2891b3ce27fd	Bilgi Sarmalı-2022-2023-Tyt Ayt-Geometri Soru Bankası	44	9	0.857	high	apply	/static/crops/Bilgi_Sarmalı-2022-2023-Tyt_Ayt-Geometri_Soru_Bankası/Bilgi_Sarmalı-2022-2023-Tyt_Ayt-Geometri_Soru_Bankası_p0044_q04.png	128
685cc8da-8822-5ba1-8da1-5bff5cdb5019	Bilgi Sarmalı-Tyt Ayt-Geometri Soru Bankası	288	7	0.952	high	apply	/static/crops/Bilgi_Sarmalı-Tyt_Ayt-Geometri_Soru_Bankası/Bilgi_Sarmalı-Tyt_Ayt-Geometri_Soru_Bankası_p0288_q04.png	218
81b0f6bf-8399-533c-952f-4065dd0fd036	345 2025 Tyt Ayt Geometri Soru Bankası 1	77	9	0.765	high	apply	/static/crops/345_2025_Tyt_Ayt_Geometri_Soru_Bankası_1/345_2025_Tyt_Ayt_Geometri_Soru_Bankası_1_p0077_q03.png	142
69faa6e4-7581-5eba-bcc3-62b5f03584f1	Mikro Orijinal-2025-Ayt-Geometri Soru Bankası	213	3	0.615	mid	skip		109
82fc0185-8786-55a4-92a2-f36c49d26e3b	C1CELL-2024-TYT-AYT-Geometri Soru Bankası	28	12	0.500	mid	skip		127
6f05a830-b118-5562-aede-ffa0b1452b7d	Full Matematik-2022-2023-Tyt Ayt-Geometri Soru Bankası	222	11	0.533	mid	skip		119
905fd398-7333-5319-bcd7-f57e471a868d	Mikro-2024-Tyt Ayt-Geometri Soru Bankası	267	12	0.500	mid	skip		165
a930770c-ee0d-53e9-8d02-3da99550d760	C1CELL-2024-TYT-AYT-Geometri Soru Bankası	61	11	0.905	high	apply	/static/crops/C1CELL-2024-TYT-AYT-Geometri_Soru_Bankası/C1CELL-2024-TYT-AYT-Geometri_Soru_Bankası_p0061_q04.png	180
a91b78c9-3280-5e01-aad2-d9e518e4e97c	Mikro-2024-Tyt Ayt-Geometri Soru Bankası	259	15	1.000	high	apply	/static/crops/Mikro-2024-Tyt_Ayt-Geometri_Soru_Bankası/Mikro-2024-Tyt_Ayt-Geometri_Soru_Bankası_p0259_q06.png	89
a6a182f9-0bc7-50d0-93ec-3970efdd3ac3	345 2025 Tyt Ayt Geometri Soru Bankası 1	51	6	0.500	mid	skip		117
a9216769-0351-542b-8eb5-a987ca8cd0a7	C1CELL-2024-TYT-AYT-Geometri Soru Bankası	32	8	0.667	mid	skip		102
3b09bf84-96b0-5b70-a593-9fe743aa3b16	Bilgi Sarmalı-Tyt Ayt-Geometri Soru Bankası	164	8	0.733	high	apply	/static/crops/Bilgi_Sarmalı-Tyt_Ayt-Geometri_Soru_Bankası/Bilgi_Sarmalı-Tyt_Ayt-Geometri_Soru_Bankası_p0164_q05.png	124
909b0e8b-adb1-500b-8604-3ca8608ec423	Orijinal-2024-Geometri Soru Bankası	59	9	0.909	high	apply	/static/crops/Orijinal-2024-Geometri_Soru_Bankası/Orijinal-2024-Geometri_Soru_Bankası_p0059_q06.png	103
a643c90b-641a-5469-91b3-4eefa214b774	Bilgi Sarmalı-2023-2024-Tyt Ayt-Geometri Soru Bankası	62	12	0.688	mid	skip		139
a6ef3940-e75f-57c0-b61a-b156368a413d	Mikro-2024-Tyt Ayt-Geometri Soru Bankası	259	11	0.857	high	apply	/static/crops/Mikro-2024-Tyt_Ayt-Geometri_Soru_Bankası/Mikro-2024-Tyt_Ayt-Geometri_Soru_Bankası_p0259_q05.png	120
70665482-5189-5a9f-8789-5ec3bea61944	Orijinal-Tyt Ayt Geometri Soru Bankası	47	10	0.800	high	apply	/static/crops/Orijinal-Tyt_Ayt_Geometri_Soru_Bankası/Orijinal-Tyt_Ayt_Geometri_Soru_Bankası_p0047_q02.png	135
70c98c87-3f3f-5641-9aec-a45a189d5fed	Orijinal-Tyt Ayt Geometri Soru Bankası	156	9	1.000	high	apply	/static/crops/Orijinal-Tyt_Ayt_Geometri_Soru_Bankası/Orijinal-Tyt_Ayt_Geometri_Soru_Bankası_p0156_q05.png	114
7aea3eb6-b525-5b39-89d9-97d18d4632a8	345 Tyt Ayt Geometri Soru Bankası	53	6	1.000	high	apply	/static/crops/345_Tyt_Ayt_Geometri_Soru_Bankası/345_Tyt_Ayt_Geometri_Soru_Bankası_p0053_q02.png	105
39521e52-37cc-55a4-bfe3-02f0504184b8	Bilgi Sarmalı-2023-2024-Tyt Ayt-Geometri Soru Bankası	284	10	1.000	high	apply	/static/crops/Bilgi_Sarmalı-2023-2024-Tyt_Ayt-Geometri_Soru_Bankası/Bilgi_Sarmalı-2023-2024-Tyt_Ayt-Geometri_Soru_Bankası_p0284_q05.png	140
6f763147-2847-55e1-84f8-b1472c8bd0fb	345 2025 Tyt Ayt Geometri Soru Bankası 1	241	6	0	json_fail	skip		0
3bf78d5a-9557-5100-ab80-4625ee3280f0	2020-2021-Acil-Tyt Ayt Geometrinin ilacı Soru Bankası	62	9	1.000	high	apply	/static/crops/2020-2021-Acil-Tyt_Ayt_Geometrinin_ilacı_Soru_Bankası/2020-2021-Acil-Tyt_Ayt_Geometrinin_ilacı_Soru_Bankası_p0062_q06.png	130
3b5494e0-3725-5f11-8738-d246244aee80	Bilgi Sarmalı-Tyt Ayt-Geometri Soru Bankası	58	11	0.647	mid	skip		139
77608f51-f16d-5916-a101-fb41bbf611a4	C1CELL-2024-TYT-AYT-Geometri Soru Bankası	63	9	0.556	mid	skip		109
b9670b81-8119-5e95-8840-59881fbe807b	Orijinal-2024-Geometri Soru Bankası	176	8	0.941	high	apply	/static/crops/Orijinal-2024-Geometri_Soru_Bankası/Orijinal-2024-Geometri_Soru_Bankası_p0176_q03.png	141
917b0f1f-3289-57fe-8c46-8aaf9bc9cfbf	2020-2021-Acil-Tyt Ayt Geometrinin ilacı Soru Bankası	172	11	0.636	mid	skip		98
9928dd3a-c975-5c23-9c63-433150b37108	CAP-2022-2023-TYT AYT-Geometri Soru Bankası	47	7	0.765	high	apply	/static/crops/CAP-2022-2023-TYT_AYT-Geometri_Soru_Bankası/CAP-2022-2023-TYT_AYT-Geometri_Soru_Bankası_p0047_q03.png	150
d5744be6-39aa-51eb-917b-1e174f14b65b	Orijinal-2024-Geometri Soru Bankası	156	12	1.000	high	apply	/static/crops/Orijinal-2024-Geometri_Soru_Bankası/Orijinal-2024-Geometri_Soru_Bankası_p0156_q06.png	120
49e57867-1d8f-51c3-b16d-b93d72018b50	CAP-2022-2023-TYT AYT-Geometri Soru Bankası	360	16	0.812	high	apply	/static/crops/CAP-2022-2023-TYT_AYT-Geometri_Soru_Bankası/CAP-2022-2023-TYT_AYT-Geometri_Soru_Bankası_p0360_q04.png	185
9f5f5637-6b54-56f7-b442-41f568236988	345 2025 Tyt Ayt Geometri Soru Bankası 1	63	16	0.889	high	apply	/static/crops/345_2025_Tyt_Ayt_Geometri_Soru_Bankası_1/345_2025_Tyt_Ayt_Geometri_Soru_Bankası_1_p0063_q06.png	105
f98fdb4a-4261-502e-ada2-279b5b8da9a2	C1CELL-2024-TYT-AYT-Geometri Soru Bankası	34	9	0.636	mid	skip		82
4bece432-813b-5559-8e68-f03dfad134a2	Bilgi Sarmalı-2025-Tyt Ayt-Geometri Soru Bankası	64	9	0.857	high	apply	/static/crops/Bilgi_Sarmalı-2025-Tyt_Ayt-Geometri_Soru_Bankası/Bilgi_Sarmalı-2025-Tyt_Ayt-Geometri_Soru_Bankası_p0064_q05.png	115
fa34f973-47a6-5644-a496-a0af6012710f	Orijinal-2024-Geometri Soru Bankası	29	11	1.000	high	apply	/static/crops/Orijinal-2024-Geometri_Soru_Bankası/Orijinal-2024-Geometri_Soru_Bankası_p0029_q03.png	130
d5752d65-ce3b-53a5-adad-5701d5823c43	Bilgi Sarmalı-2023-2024-Tyt Ayt-Geometri Soru Bankası	170	8	0.361	low	skip		562
4a7ae6cb-6cbe-5f2e-9961-eed5fd96d85f	345 2025 Tyt Ayt Geometri Soru Bankası 1	325	9	1.000	high	apply	/static/crops/345_2025_Tyt_Ayt_Geometri_Soru_Bankası_1/345_2025_Tyt_Ayt_Geometri_Soru_Bankası_1_p0325_q02.png	96
3ac93b56-7505-50bd-b28e-9aa0ea5df888	2023-2024-ACİL-TYT-AYT-Geometrinin İlacı	48	10	0	error	error		0
4d8b3742-21e0-543c-ab2b-20a889ac7ea5	Bilgi Sarmalı-2022-2023-Tyt Ayt-Geometri Soru Bankası	28	9	0.500	mid	skip		147
4e192de4-90f8-5e4d-8ac1-68ae3ee7c3ce	Bilgi Sarmalı-2025-Tyt Ayt-Geometri Soru Bankası	108	12	0.750	high	apply	/static/crops/Bilgi_Sarmalı-2025-Tyt_Ayt-Geometri_Soru_Bankası/Bilgi_Sarmalı-2025-Tyt_Ayt-Geometri_Soru_Bankası_p0108_q05.png	111
d62437ac-42a7-5c38-a29c-0cb6f632a02e	345 Tyt Ayt Geometri Soru Bankası	241	6	0.333	low	skip		93
5c8f7205-088f-51ac-979b-ebd39e1832a5	Orijinal-Tyt Ayt Geometri Soru Bankası	285	11	0.929	high	apply	/static/crops/Orijinal-Tyt_Ayt_Geometri_Soru_Bankası/Orijinal-Tyt_Ayt_Geometri_Soru_Bankası_p0285_q03.png	122
c6d718af-b743-5bcd-83d6-6d87dee303a6	CAP-2022-2023-TYT AYT-Geometri Soru Bankası	81	7	0.533	mid	skip		143
c738e22e-66e9-5f21-ba42-4278530c71de	Orijinal-Tyt Ayt Geometri Soru Bankası	51	8	0.875	high	apply	/static/crops/Orijinal-Tyt_Ayt_Geometri_Soru_Bankası/Orijinal-Tyt_Ayt_Geometri_Soru_Bankası_p0051_q03.png	124
e82d4614-1a84-5a16-a28a-5a9a48fa378d	345 2025 Tyt Ayt Geometri Soru Bankası 1	327	8	1.000	high	apply	/static/crops/345_2025_Tyt_Ayt_Geometri_Soru_Bankası_1/345_2025_Tyt_Ayt_Geometri_Soru_Bankası_1_p0327_q04.png	117
c2c53eb4-7d00-55ff-9f3c-2164ba13bc42	Bilgi Sarmalı-Tyt Ayt-Geometri Soru Bankası	62	9	0.500	mid	skip		111
a1a197b1-cda4-5595-9840-f8a80651bbf7	C1CELL-2024-TYT-AYT-Geometri Soru Bankası	185	10	0.500	mid	skip		170
61ec35c4-3a4c-5048-a580-64409af0785c	Full Matematik-2019-2020-Geometri Soru Bankası	235	9	0.900	high	apply	/static/crops/Full_Matematik-2019-2020-Geometri_Soru_Bankası/Full_Matematik-2019-2020-Geometri_Soru_Bankası_p0235_q05.png	96
ec14e782-53d0-5f08-8f6a-5d72a718a62c	C1CELL-2024-TYT-AYT-Geometri Soru Bankası	38	10	0.667	mid	skip		143
ebae8af5-5793-55a9-bb23-4d2514ec8f69	Bilgi Sarmalı-Tyt Ayt-Geometri Soru Bankası	166	7	0.846	high	apply	/static/crops/Bilgi_Sarmalı-Tyt_Ayt-Geometri_Soru_Bankası/Bilgi_Sarmalı-Tyt_Ayt-Geometri_Soru_Bankası_p0166_q03.png	112
71b965fc-c7b4-5c2f-a5d2-ffe12bfc5cb0	2020-2021-Acil-Tyt Ayt Geometrinin ilacı Soru Bankası	114	8	1.000	high	apply	/static/crops/2020-2021-Acil-Tyt_Ayt_Geometrinin_ilacı_Soru_Bankası/2020-2021-Acil-Tyt_Ayt_Geometrinin_ilacı_Soru_Bankası_p0114_q03.png	139
62b38957-5fa5-54c5-9b2b-ce4d56c5e4ec	CAP-2022-2023-TYT AYT-Geometri Soru Bankası	171	10	0.938	high	apply	/static/crops/CAP-2022-2023-TYT_AYT-Geometri_Soru_Bankası/CAP-2022-2023-TYT_AYT-Geometri_Soru_Bankası_p0171_q06.png	139
05ed9091-ce75-53a2-b416-5b1b4150fa67	Esen Aps Kimya Soru Bankası	186	7	0.333	low	skip		445
7636c466-7a32-51bd-a2ac-75a14f8da692	Orijinal-2024-Geometri Soru Bankası	91	11	0.900	high	apply	/static/crops/Orijinal-2024-Geometri_Soru_Bankası/Orijinal-2024-Geometri_Soru_Bankası_p0091_q03.png	103
7758359d-5841-5999-a95b-b22806c7e814	CAP-2022-2023-TYT AYT-Geometri Soru Bankası	165	10	0.812	high	apply	/static/crops/CAP-2022-2023-TYT_AYT-Geometri_Soru_Bankası/CAP-2022-2023-TYT_AYT-Geometri_Soru_Bankası_p0165_q05.png	144
73f2bdce-5ab6-578f-a3d1-8e1ff116e333	Mikro-2024-Tyt Ayt-Geometri Soru Bankası	81	15	0.778	high	apply	/static/crops/Mikro-2024-Tyt_Ayt-Geometri_Soru_Bankası/Mikro-2024-Tyt_Ayt-Geometri_Soru_Bankası_p0081_q05.png	100
78562537-4c9b-50e0-b128-0da97c4c0633	Orijinal-Tyt Ayt Geometri Soru Bankası	71	9	0.769	high	apply	/static/crops/Orijinal-Tyt_Ayt_Geometri_Soru_Bankası/Orijinal-Tyt_Ayt_Geometri_Soru_Bankası_p0071_q03.png	135
770e9734-69a3-5692-a37a-da08092c110b	Mikro-2024-Tyt Ayt-Geometri Soru Bankası	81	12	0.909	high	apply	/static/crops/Mikro-2024-Tyt_Ayt-Geometri_Soru_Bankası/Mikro-2024-Tyt_Ayt-Geometri_Soru_Bankası_p0081_q08.png	102
7662aa0f-f8f0-576c-bb98-d4d98c52b48a	345 2025 Tyt Ayt Geometri Soru Bankası 1	77	10	1.000	high	apply	/static/crops/345_2025_Tyt_Ayt_Geometri_Soru_Bankası_1/345_2025_Tyt_Ayt_Geometri_Soru_Bankası_1_p0077_q05.png	121
77915b5f-971c-5c89-a0f5-72668d4b56f3	2023-2024-ACİL-TYT-AYT-Geometrinin İlacı	60	11	1.000	high	apply	/static/crops/2023-2024-ACİL-TYT-AYT-Geometrinin_İlacı/2023-2024-ACİL-TYT-AYT-Geometrinin_İlacı_p0060_q03.png	139
7a7d4e2b-6531-5911-ba33-d5d78d402596	Bilgi Sarmalı-2023-2024-Tyt Ayt-Geometri Soru Bankası	168	8	0.778	high	apply	/static/crops/Bilgi_Sarmalı-2023-2024-Tyt_Ayt-Geometri_Soru_Bankası/Bilgi_Sarmalı-2023-2024-Tyt_Ayt-Geometri_Soru_Bankası_p0168_q02.png	166
7aca4d00-2916-53b5-8451-d3a1c5238127	Bilgi Sarmalı-2025-Tyt Ayt-Geometri Soru Bankası	128	9	0.909	high	apply	/static/crops/Bilgi_Sarmalı-2025-Tyt_Ayt-Geometri_Soru_Bankası/Bilgi_Sarmalı-2025-Tyt_Ayt-Geometri_Soru_Bankası_p0128_q06.png	112
769a77c4-5a8e-5109-a0d9-42f4cd099a82	Orijinal-Tyt Ayt Geometri Soru Bankası	33	8	0.929	high	apply	/static/crops/Orijinal-Tyt_Ayt_Geometri_Soru_Bankası/Orijinal-Tyt_Ayt_Geometri_Soru_Bankası_p0033_q04.png	126
5d1c5955-3555-5e4e-87ad-7d39523d6a88	345 2025 Tyt Ayt Geometri Soru Bankası 1	259	7	0.583	mid	skip		103
7d3759c7-216d-5ce0-a670-764559966462	345 Tyt Ayt Geometri Soru Bankası	259	8	0.857	high	apply	/static/crops/345_Tyt_Ayt_Geometri_Soru_Bankası/345_Tyt_Ayt_Geometri_Soru_Bankası_p0259_q05.png	112
97db28ae-3b90-5d1f-a3bb-589746631af6	Orijinal-2024-Geometri Soru Bankası	123	9	0.923	high	apply	/static/crops/Orijinal-2024-Geometri_Soru_Bankası/Orijinal-2024-Geometri_Soru_Bankası_p0123_q06.png	114
7eb7a666-d9dd-5a77-a732-4ffe1f971c79	Orijinal-Tyt Ayt Geometri Soru Bankası	176	11	0.857	high	apply	/static/crops/Orijinal-Tyt_Ayt_Geometri_Soru_Bankası/Orijinal-Tyt_Ayt_Geometri_Soru_Bankası_p0176_q04.png	129
94fcd929-768e-526c-b64f-a5438177bc80	C1CELL-2024-TYT-AYT-Geometri Soru Bankası	34	11	0.364	low	skip		94
977762ae-2d5d-56cf-84cf-3a2c43dbbc3a	Esen Tyt Ayt Geometri Soru Bankası	37	10	0.818	high	apply	/static/crops/Esen_Tyt_Ayt_Geometri_Soru_Bankası/Esen_Tyt_Ayt_Geometri_Soru_Bankası_p0037_q03.png	214
b7e0fde9-ec1a-5f38-ade8-03f32bfb51c2	C1CELL-2024-TYT-AYT-Geometri Soru Bankası	130	12	0.846	high	apply	/static/crops/C1CELL-2024-TYT-AYT-Geometri_Soru_Bankası/C1CELL-2024-TYT-AYT-Geometri_Soru_Bankası_p0130_q06.png	122
b89e909a-2730-543e-8da8-c171fb065a3a	345 Tyt Ayt Geometri Soru Bankası	127	11	0.857	high	apply	/static/crops/345_Tyt_Ayt_Geometri_Soru_Bankası/345_Tyt_Ayt_Geometri_Soru_Bankası_p0127_q04.png	96
b713b805-f1bb-56d7-bdf3-607840b83052	Full Matematik-2019-2020-Geometri Soru Bankası	51	9	0.360	low	skip		261
0bd40fab-0cb4-516f-ad56-95af35d20bb6	Esen Tyt Kimya Soru Bankası	140	8	0.350	low	skip		590
bccdbf51-411d-511b-98fb-23b18f8c9269	C1CELL-2024-TYT-AYT-Geometri Soru Bankası	243	9	1.000	high	apply	/static/crops/C1CELL-2024-TYT-AYT-Geometri_Soru_Bankası/C1CELL-2024-TYT-AYT-Geometri_Soru_Bankası_p0243_q06.png	160
bbe393f5-8403-584e-b0a6-48f9cd84d8db	Orijinal-2024-Geometri	29	9	0.867	high	apply	/static/crops/Orijinal-2024-Geometri/Orijinal-2024-Geometri_p0029_q02.png	278
cb226b87-65ec-5d06-afbf-32c42adeac02	Bilgi Sarmalı-Tyt Ayt-Geometri Soru Bankası	60	9	0.786	high	apply	/static/crops/Bilgi_Sarmalı-Tyt_Ayt-Geometri_Soru_Bankası/Bilgi_Sarmalı-Tyt_Ayt-Geometri_Soru_Bankası_p0060_q02.png	146
cd30f365-2e6e-5bd7-bbcc-e7448d22e9af	Orijinal-2024-Geometri Soru Bankası	89	11	1.000	high	apply	/static/crops/Orijinal-2024-Geometri_Soru_Bankası/Orijinal-2024-Geometri_Soru_Bankası_p0089_q03.png	150
ab77c3b7-ba43-5bca-8a37-f29775566549	Bilgi Sarmalı-2022-2023-Tyt Ayt-Geometri Soru Bankası	34	8	0.571	mid	skip		129
d0de9de5-2d5a-5d25-a725-7ae9d8ad9334	ACİL-TYT-AYT-Geometri Soru Bankası	192	10	1.000	high	apply	/static/crops/ACİL-TYT-AYT-Geometri_Soru_Bankası/ACİL-TYT-AYT-Geometri_Soru_Bankası_p0192_q03.png	94
ce4364ed-9af7-561b-a5ad-52c21ae56709	Bilgi Sarmalı-2022-2023-Tyt Ayt-Geometri Soru Bankası	198	10	0.812	high	apply	/static/crops/Bilgi_Sarmalı-2022-2023-Tyt_Ayt-Geometri_Soru_Bankası/Bilgi_Sarmalı-2022-2023-Tyt_Ayt-Geometri_Soru_Bankası_p0198_q02.png	137
ced4cfec-c326-5e3d-8481-152f569976ba	Orijinal-Tyt Ayt Geometri Soru Bankası	168	12	0.545	mid	skip		114
f26d74ec-d21e-57b3-a680-0c38cbeb3267	Bilgi Sarmalı-2022-2023-Tyt Ayt-Geometri Soru Bankası	164	10	0.812	high	apply	/static/crops/Bilgi_Sarmalı-2022-2023-Tyt_Ayt-Geometri_Soru_Bankası/Bilgi_Sarmalı-2022-2023-Tyt_Ayt-Geometri_Soru_Bankası_p0164_q03.png	144
cef72fe5-9e1a-5928-a70f-6db36f390e5a	Orijinal-2024-Geometri Soru Bankası	91	9	0.818	high	apply	/static/crops/Orijinal-2024-Geometri_Soru_Bankası/Orijinal-2024-Geometri_Soru_Bankası_p0091_q06.png	114
d78e66fc-d7f8-5e8f-9e6a-35b07ba6d30b	Orijinal-2024-Geometri Soru Bankası	29	9	0.923	high	apply	/static/crops/Orijinal-2024-Geometri_Soru_Bankası/Orijinal-2024-Geometri_Soru_Bankası_p0029_q06.png	109
d8fc72e1-3fa3-509d-aba9-9ded745a8d37	Bilgi Sarmalı-2023-2024-Tyt Ayt-Geometri Soru Bankası	164	8	0.800	high	apply	/static/crops/Bilgi_Sarmalı-2023-2024-Tyt_Ayt-Geometri_Soru_Bankası/Bilgi_Sarmalı-2023-2024-Tyt_Ayt-Geometri_Soru_Bankası_p0164_q05.png	124
b0a4be66-a343-5d90-96a5-6ddb33860f20	2023-2024-ACİL-TYT-AYT Geometri Soru Bankası	239	11	0	error	error		0
f4353510-7c95-5c60-9cd4-4a7ac1fbecc3	Bilgi Sarmalı-2022-2023-Tyt Ayt-Geometri Soru Bankası	46	8	0.750	high	apply	/static/crops/Bilgi_Sarmalı-2022-2023-Tyt_Ayt-Geometri_Soru_Bankası/Bilgi_Sarmalı-2022-2023-Tyt_Ayt-Geometri_Soru_Bankası_p0046_q05.png	121
84367888-3939-5b16-b713-3e5aaf1ab084	Bilgi Sarmalı-2022-2023-Tyt Ayt-Geometri Soru Bankası	102	12	0.692	mid	skip		132
f6a5ce31-ede9-5246-98da-a496814dda7e	345 2025 Tyt Ayt Geometri Soru Bankası 1	243	7	1.000	high	apply	/static/crops/345_2025_Tyt_Ayt_Geometri_Soru_Bankası_1/345_2025_Tyt_Ayt_Geometri_Soru_Bankası_1_p0243_q04.png	160
844ca510-a3ea-5c09-a67a-d0881488ba6a	Bilgi Sarmalı-2023-2024-Tyt Ayt-Geometri Soru Bankası	120	8	0.769	high	apply	/static/crops/Bilgi_Sarmalı-2023-2024-Tyt_Ayt-Geometri_Soru_Bankası/Bilgi_Sarmalı-2023-2024-Tyt_Ayt-Geometri_Soru_Bankası_p0120_q03.png	110
f71044be-7ac9-508d-b30a-c44e363b322d	Bilgi Sarmalı-2023-2024-Tyt Ayt-Geometri Soru Bankası	100	8	0.750	high	apply	/static/crops/Bilgi_Sarmalı-2023-2024-Tyt_Ayt-Geometri_Soru_Bankası/Bilgi_Sarmalı-2023-2024-Tyt_Ayt-Geometri_Soru_Bankası_p0100_q04.png	120
9d9d2b22-6e74-56d4-bd68-d0baa826f071	Mikro-2024-Tyt Ayt-Geometri Soru Bankası	97	10	0.917	high	apply	/static/crops/Mikro-2024-Tyt_Ayt-Geometri_Soru_Bankası/Mikro-2024-Tyt_Ayt-Geometri_Soru_Bankası_p0097_q03.png	119
dabfd74c-b192-5c3a-82e8-6f29c6f5c1c2	Full Matematik-2019-2020-Geometri Soru Bankası	93	10	1.000	high	apply	/static/crops/Full_Matematik-2019-2020-Geometri_Soru_Bankası/Full_Matematik-2019-2020-Geometri_Soru_Bankası_p0093_q04.png	207
ff841282-237a-5625-9174-385bbfb964b8	C1CELL-2024-TYT-AYT-Geometri Soru Bankası	61	10	0.938	high	apply	/static/crops/C1CELL-2024-TYT-AYT-Geometri_Soru_Bankası/C1CELL-2024-TYT-AYT-Geometri_Soru_Bankası_p0061_q02.png	136
f86a4d43-d733-54f5-b5b9-32f5fdba5a57	Orijinal-2024-Geometri Soru Bankası	87	9	0.714	high	apply	/static/crops/Orijinal-2024-Geometri_Soru_Bankası/Orijinal-2024-Geometri_Soru_Bankası_p0087_q05.png	159
fa9a907f-2ccb-5221-a216-48f08ac10836	Mikro-2024-Tyt Ayt-Geometri Soru Bankası	81	16	0.812	high	apply	/static/crops/Mikro-2024-Tyt_Ayt-Geometri_Soru_Bankası/Mikro-2024-Tyt_Ayt-Geometri_Soru_Bankası_p0081_q07.png	145
d65e49f4-4915-5c35-b578-a3f0033ce9d6	Orijinal-Tyt Ayt Geometri Soru Bankası	79	11	0	json_fail	skip		0
c1559f7a-e91d-5cfe-87f5-22d10bb562be	345 2025 Tyt Ayt Geometri Soru Bankası 1	249	7	0.812	high	apply	/static/crops/345_2025_Tyt_Ayt_Geometri_Soru_Bankası_1/345_2025_Tyt_Ayt_Geometri_Soru_Bankası_1_p0249_q05.png	133
1654656f-a3c1-54f1-8275-95fcd164fdbd	Aktif Ogrenme Ayt Kimya 2019 2020	349	29	0.500	mid	skip		80
a1ad5d44-9a21-55e3-af4b-684c51782cb2	Orijinal-2024-Geometri Soru Bankası	67	10	0.909	high	apply	/static/crops/Orijinal-2024-Geometri_Soru_Bankası/Orijinal-2024-Geometri_Soru_Bankası_p0067_q01.png	100
85e45bcc-5599-5294-973c-23b3baeb3f47	Aktif Ogrenme Ayt Kimya 2019 2020	195	31	0.324	low	skip		347
14e3c0b5-f543-5a76-9153-f937566285d6	Aktif Ogrenme Ayt Kimya 2019 2020	260	11	0.145	low	skip		661
a1e7daa5-40dc-5c68-9dd5-bbc500e65319	345 2025 Tyt Ayt Geometri Soru Bankası 1	245	7	0.818	high	apply	/static/crops/345_2025_Tyt_Ayt_Geometri_Soru_Bankası_1/345_2025_Tyt_Ayt_Geometri_Soru_Bankası_1_p0245_q02.png	112
11b641d3-1fa6-508d-929a-54f51983c6e3	Esen Tyt Kimya Soru Bankası	226	7	0.606	mid	skip		736
9b41f934-4645-5d0e-81eb-10822068c639	345 2025 Tyt Ayt Geometri Soru Bankası 1	311	8	0	error	error		0
15795e03-b06c-5c65-9a3d-062090999c9f	345 2024 Ayt Kimya Soru Bankası	203	9	0.833	high	apply	/static/crops/345_2024_Ayt_Kimya_Soru_Bankası/345_2024_Ayt_Kimya_Soru_Bankası_p0203_q03.png	110
c76f2cb0-2382-5143-a189-4e848849b3fd	Esen Tyt Kimya Soru Bankası	132	8	1.000	high	apply	/static/crops/Esen_Tyt_Kimya_Soru_Bankası/Esen_Tyt_Kimya_Soru_Bankası_p0132_q02.png	386
7064347d-e4cc-5598-acac-39e6be57aa5a	Esen Tyt Tarih Soru Bankası	108	6	0.960	high	apply	/static/crops/Esen_Tyt_Tarih_Soru_Bankası/Esen_Tyt_Tarih_Soru_Bankası_p0108_q04.png	247
4ac5755e-fa0d-51dd-8b4a-906d7b69100e	Aktif Ogrenme Ayt Kimya 2019 2020	258	8	0.224	low	skip		528
41750172-68f2-50a3-8e86-071dd8975a25	Esen Tyt Kimya Soru Bankası	72	7	0	error	error		0
31520d95-dae2-5456-a151-8aab886dbd8a	Esen Tyt Kimya Soru Bankası	126	8	0.390	low	skip		404
30ae940a-8b81-568d-a109-fb8fea39dd74	Esen Tyt Kimya Soru Bankası	26	6	0.452	low	skip		448
6e77dc96-1f44-5d4e-b669-07b41c72405b	Aktif Ogrenme Ayt Kimya 2019 2020	39	8	1.000	high	apply	/static/crops/Aktif_Ogrenme_Ayt_Kimya_2019_2020/Aktif_Ogrenme_Ayt_Kimya_2019_2020_p0039_q03.png	203
6e2d8ba6-e2f3-5588-90de-95d10fc994b7	345 2025 Tyt Kimya Soru Bankası	67	10	0.102	low	skip		543
1ce2222e-206b-5b20-ba60-a7bb3d2acd66	345 2025 Ayt Kimya Soru Bankası	311	6	0	error	error		0
24590d84-b8dc-5352-8859-7848d47b0019	Bilgi Sarmal 2024 Ayt Kimya Sopru Bankasi	289	8	0	error	error		0
3385dd58-285f-5db6-85a6-3a8c8414389c	345 2025 Tyt Kimya Soru Bankası	251	9	0	error	error		0
68d4aa89-eb2f-5955-85cc-ab7e507863ff	Aktif Ogrenme Ayt Kimya 2019 2020	170	12	0.560	mid	skip		293
55a828f7-27b3-5e25-a6bd-3d7b0d27c604	Apotemi Tyt Ayt Kimya 2019-2020	151	11	0	error	error		0
271708f6-df69-50d6-aa08-baddeaf14eb8	Aktif Ogrenme Ayt Kimya 2019 2020	273	20	0	error	error		0
8f0ef2cb-2a80-597f-a930-efedfa6413cf	Esen Aps Kimya Soru Bankası	78	7	0.000	low	skip		318
8555e191-e317-5bab-a354-7c2ce606244e	Aktif Ogrenme Ayt Kimya 2019 2020	14	14	0.867	high	apply	/static/crops/Aktif_Ogrenme_Ayt_Kimya_2019_2020/Aktif_Ogrenme_Ayt_Kimya_2019_2020_p0014_q04.png	132
b9042076-199b-5f0f-b566-44787747602d	Aktif Ogrenme Ayt Kimya 2019 2020	221	19	0.882	high	apply	/static/crops/Aktif_Ogrenme_Ayt_Kimya_2019_2020/Aktif_Ogrenme_Ayt_Kimya_2019_2020_p0221_q03.png	190
79ba44ba-bc09-5453-9c01-fe8c8c39bfbf	Aktif Ogrenme Ayt Kimya 2019 2020	13	11	0.588	mid	skip		362
83708451-626a-5542-a105-31a81c5b59eb	Esen Tyt Kimya Soru Bankası	38	6	0.457	low	skip		538
7099c484-5012-5ab8-a8ae-8dea9ee4ae36	Bilgi Sarmal 2024 Ayt Kimya Sopru Bankasi	335	10	0.697	mid	skip		334
9a0f475a-1feb-5c83-b36b-1eb5f54f4c21	Esen Tyt Kimya Soru Bankası	16	6	0.435	low	skip		499
e029642c-89c3-558d-8499-3ccee4e949d8	Bilgi Sarmal 2024 Ayt Kimya Sopru Bankasi	315	11	0.429	low	skip		307
691c2273-8833-58dd-a4c1-4b42f22f4963	Apotemi 2024 Ayt Kimya Soru Bankasi	197	12	0	error	error		0
7ac5be1d-03b7-5a8b-90a7-76d6746db4f7	Esen Yks Motivasyon Kimya Soru Bankası	161	7	0	json_fail	skip		0
f0904d69-7f31-5970-9715-8065617a813a	Bilgi Sarmal 2024 Tyt Kimya Soru Bankasi	178	9	0.957	high	apply	/static/crops/Bilgi_Sarmal_2024_Tyt_Kimya_Soru_Bankasi/Bilgi_Sarmal_2024_Tyt_Kimya_Soru_Bankasi_p0178_q04.png	223
8de9ada9-ff39-5c23-9f64-d7c8bc349393	345 2025 Tyt Matematik Soru Bankası	199	6	0.714	high	apply	/static/crops/345_2025_Tyt_Matematik_Soru_Bankası/345_2025_Tyt_Matematik_Soru_Bankası_p0199_q02.png	161
a6f30f27-9090-55d5-b7e9-67e7f5af6005	Aktif Ogrenme Ayt Kimya 2019 2020	327	10	0.125	low	skip		232
2e82b131-41d9-586e-a62d-5b921c965367	Bilgi Sarmal Tyt Tarih Soru Bankasi	14	11	0.647	mid	skip		177
c448d4e1-f1ca-52cf-aa9f-d933a2199be8	Bilgi Sarmal 2024 Ayt Kimya Sopru Bankasi	268	7	0	error	error		0
d20590de-5862-5e83-ac68-40c5a99e6aa4	Bilgi Sarmal 2024 Ayt Kimya Sopru Bankasi	262	7	0	error	error		0
24961187-a150-5d38-94ab-3194c3e6c068	Esen Tyt Tarih Soru Bankası	172	7	0.152	low	skip		333
e8434bbb-26ed-58b9-9843-c281d4dda3a9	2020-2021-Acil-Problemlerin ilacı	13	11	0	error	error		0
479f0873-bc37-5926-9379-3b71b1b23356	Esen Tyt Tarih Soru Bankası	108	8	0.903	high	apply	/static/crops/Esen_Tyt_Tarih_Soru_Bankası/Esen_Tyt_Tarih_Soru_Bankası_p0108_q03.png	321
09c1dc14-d68b-537a-8ff3-3949305e28ae	345 Tyt Türkçe Soru Bankası	57	7	0.575	mid	skip		767
90817555-74f6-5f16-b39a-d73f7a352a91	Mikro Orijinal-2025-Ayt-Geometri Soru Bankası	86	8	1.000	high	apply	/static/crops/Mikro_Orijinal-2025-Ayt-Geometri_Soru_Bankası/Mikro_Orijinal-2025-Ayt-Geometri_Soru_Bankası_p0086_q03.png	97
2c3b130e-cc08-5d37-a0b0-b5272ac1f335	CAP-2022-2023-TYT-Matematik Soru Bankası	164	10	0	error	error		0
27c39861-c12c-56c1-9a0a-5a694dcb347f	Mikro Orijinal-2025-Ayt-Geometri Soru Bankası	106	8	0.889	high	apply	/static/crops/Mikro_Orijinal-2025-Ayt-Geometri_Soru_Bankası/Mikro_Orijinal-2025-Ayt-Geometri_Soru_Bankası_p0106_q03.png	106
309bb43d-8540-5dde-9a9b-91b071b1e1a1	345 2025 Tyt Türkçe Soru Bankası	57	7	0.385	low	skip		757
810c38d5-1d4a-50da-a323-42dd6e4a4e8c	Mikro Orijinal-2025-Ayt-Geometri Soru Bankası	149	3	0.600	mid	skip		157
c982df10-6615-555d-8b07-c1de4a66894e	Mikro Orijinal-2025-Ayt-Geometri Soru Bankası	97	10	0.727	high	apply	/static/crops/Mikro_Orijinal-2025-Ayt-Geometri_Soru_Bankası/Mikro_Orijinal-2025-Ayt-Geometri_Soru_Bankası_p0097_q04.png	116
7354eaba-4292-50bc-8d74-969a69dbcb35	Mikro Orijinal-2025-Ayt-Geometri Soru Bankası	99	9	0.500	mid	skip		105
21ba793f-ef75-5303-b27b-77c2ac540e21	Mikro Orijinal-2025-Ayt-Geometri Soru Bankası	127	9	1.000	high	apply	/static/crops/Mikro_Orijinal-2025-Ayt-Geometri_Soru_Bankası/Mikro_Orijinal-2025-Ayt-Geometri_Soru_Bankası_p0127_q06.png	95
0cba31e7-a39a-5d3d-8f49-889562c0b14b	Mikro Orijinal-2025-Ayt-Geometri Soru Bankası	185	2	0.500	mid	skip		135
17b326fd-8b8e-5691-875d-ce70c7213120	Mikro Orijinal-2025-Ayt-Geometri Soru Bankası	149	2	0.154	low	skip		158
2b63be61-21ca-5b4c-81a6-cb1accc058fb	Mikro Orijinal-2025-Ayt-Geometri Soru Bankası	195	8	0.769	high	apply	/static/crops/Mikro_Orijinal-2025-Ayt-Geometri_Soru_Bankası/Mikro_Orijinal-2025-Ayt-Geometri_Soru_Bankası_p0195_q04.png	117
5b31c1e6-a720-5051-bc3c-4ac0ae76a492	Mikro Orijinal-2025-Ayt-Geometri Soru Bankası	127	10	1.000	high	apply	/static/crops/Mikro_Orijinal-2025-Ayt-Geometri_Soru_Bankası/Mikro_Orijinal-2025-Ayt-Geometri_Soru_Bankası_p0127_q01.png	108
68539678-0ef8-517a-a8f5-1fe7b73050cf	Bilgi Sarmal Ayt Tarih Soru Bankasi 2020 2021	54	11	0.396	low	skip		417
f59669dd-40ed-5739-bcd9-eb52d5dfb018	Mikro Orijinal-2025-Ayt-Geometri Soru Bankası	127	8	0.778	high	apply	/static/crops/Mikro_Orijinal-2025-Ayt-Geometri_Soru_Bankası/Mikro_Orijinal-2025-Ayt-Geometri_Soru_Bankası_p0127_q04.png	97
926032b7-9ab3-5c89-b8a1-878cafdaee4e	Mikro Orijinal-2025-Ayt-Geometri Soru Bankası	127	11	1.000	high	apply	/static/crops/Mikro_Orijinal-2025-Ayt-Geometri_Soru_Bankası/Mikro_Orijinal-2025-Ayt-Geometri_Soru_Bankası_p0127_q03.png	107
0cb27b74-cf55-5703-9ed4-3a3327de1204	Mikro Orijinal-2025-Ayt-Geometri Soru Bankası	127	12	0.769	high	apply	/static/crops/Mikro_Orijinal-2025-Ayt-Geometri_Soru_Bankası/Mikro_Orijinal-2025-Ayt-Geometri_Soru_Bankası_p0127_q05.png	155
b10fbecf-ba52-5212-b23e-c2e7f5ee9b38	2023-2024-ACİL-TYT-AYT-Geometrinin İlacı	114	8	0.769	high	apply	/static/crops/2023-2024-ACİL-TYT-AYT-Geometrinin_İlacı/2023-2024-ACİL-TYT-AYT-Geometrinin_İlacı_p0114_q03.png	109
4afcfe1e-627e-58f0-af43-24986c447ab3	Mikro Orijinal-2025-Ayt-Geometri Soru Bankası	158	11	0.778	high	apply	/static/crops/Mikro_Orijinal-2025-Ayt-Geometri_Soru_Bankası/Mikro_Orijinal-2025-Ayt-Geometri_Soru_Bankası_p0158_q03.png	99
bf08c5e6-45cb-5b35-a8fb-f3d3ee75612c	Mikro Orijinal-2025-Ayt-Geometri Soru Bankası	154	8	0.909	high	apply	/static/crops/Mikro_Orijinal-2025-Ayt-Geometri_Soru_Bankası/Mikro_Orijinal-2025-Ayt-Geometri_Soru_Bankası_p0154_q03.png	110
abea636e-ddbf-5640-b434-8a57ff3875fa	2023-2024-ACİL-TYT-AYT-Geometrinin İlacı	120	9	0.889	high	apply	/static/crops/2023-2024-ACİL-TYT-AYT-Geometrinin_İlacı/2023-2024-ACİL-TYT-AYT-Geometrinin_İlacı_p0120_q06.png	84
3dbf0fa8-9742-5025-95bb-9679c9f472b6	2023-2024-ACİL-TYT-AYT-Geometrinin İlacı	94	11	0.923	high	apply	/static/crops/2023-2024-ACİL-TYT-AYT-Geometrinin_İlacı/2023-2024-ACİL-TYT-AYT-Geometrinin_İlacı_p0094_q03.png	131
59021dbd-5fd7-5d40-8a45-f71cf20bf87b	2023-2024-ACİL-TYT-AYT-Geometrinin İlacı	120	10	0.909	high	apply	/static/crops/2023-2024-ACİL-TYT-AYT-Geometrinin_İlacı/2023-2024-ACİL-TYT-AYT-Geometrinin_İlacı_p0120_q02.png	105
fa85e551-ca6b-558b-9dee-ec9c509fb868	2023-2024-ACİL-TYT-AYT-Geometrinin İlacı	196	8	1.000	high	apply	/static/crops/2023-2024-ACİL-TYT-AYT-Geometrinin_İlacı/2023-2024-ACİL-TYT-AYT-Geometrinin_İlacı_p0196_q03.png	121
9c28af7b-5e3d-51f0-982d-9b862100ed14	Mikro Orijinal-2025-Ayt-Geometri Soru Bankası	158	10	0	error	error		0
a90b9c52-fb49-53da-a2f4-ca91b3d389b3	2023-2024-ACİL-TYT-AYT-Geometrinin İlacı	124	9	1.000	high	apply	/static/crops/2023-2024-ACİL-TYT-AYT-Geometrinin_İlacı/2023-2024-ACİL-TYT-AYT-Geometrinin_İlacı_p0124_q06.png	94
4a1c7b8d-7ce7-567f-835a-fc906c4f1768	2023-2024-ACİL-TYT-AYT-Geometrinin İlacı	124	11	0.909	high	apply	/static/crops/2023-2024-ACİL-TYT-AYT-Geometrinin_İlacı/2023-2024-ACİL-TYT-AYT-Geometrinin_İlacı_p0124_q03.png	111
a1acd491-5da5-524e-9216-cedecc92c67f	Mikro Orijinal-2025-Ayt-Geometri Soru Bankası	160	8	0.933	high	apply	/static/crops/Mikro_Orijinal-2025-Ayt-Geometri_Soru_Bankası/Mikro_Orijinal-2025-Ayt-Geometri_Soru_Bankası_p0160_q01.png	160
baea9d94-c8d4-51c9-a424-9dcd733deeb1	2023-2024-ACİL-TYT-AYT-Geometrinin İlacı	196	9	0.824	high	apply	/static/crops/2023-2024-ACİL-TYT-AYT-Geometrinin_İlacı/2023-2024-ACİL-TYT-AYT-Geometrinin_İlacı_p0196_q05.png	141
a6d543d4-5df4-5aca-b279-bc737749f443	Mikro Orijinal-2025-Ayt-Geometri Soru Bankası	213	4	0.846	high	apply	/static/crops/Mikro_Orijinal-2025-Ayt-Geometri_Soru_Bankası/Mikro_Orijinal-2025-Ayt-Geometri_Soru_Bankası_p0213_q03.png	109
2d71cd3b-d278-56db-8986-33f2e558419b	2023-2024-ACİL-TYT-AYT-Geometrinin İlacı	200	11	1.000	high	apply	/static/crops/2023-2024-ACİL-TYT-AYT-Geometrinin_İlacı/2023-2024-ACİL-TYT-AYT-Geometrinin_İlacı_p0200_q03.png	104
a4ec3ede-24b4-58f9-8b52-865c9f8b8145	Mikro-2024-Tyt Ayt-Geometri Soru Bankası	26	14	0.300	low	skip		118
8dc8bb80-1726-5d7a-9632-823383f0c6c6	Mikro-2024-Tyt Ayt-Geometri Soru Bankası	44	11	0.833	high	apply	/static/crops/Mikro-2024-Tyt_Ayt-Geometri_Soru_Bankası/Mikro-2024-Tyt_Ayt-Geometri_Soru_Bankası_p0044_q06.png	98
ee38f9ca-506a-5308-8296-db95ebb0b13f	2023-2024-ACİL-TYT-AYT-Geometrinin İlacı	112	9	0	error	error		0
e83bc4d1-2586-503c-86e9-8ab398db78d2	Mikro-2024-Tyt Ayt-Geometri Soru Bankası	44	12	0.700	high	apply	/static/crops/Mikro-2024-Tyt_Ayt-Geometri_Soru_Bankası/Mikro-2024-Tyt_Ayt-Geometri_Soru_Bankası_p0044_q08.png	89
80eec5c1-204b-5ee6-96cd-5914b334ad20	Mikro-2024-Tyt Ayt-Geometri Soru Bankası	26	15	0.333	low	skip		97
1b8a9141-2591-531d-ae4a-c30a1611c794	Mikro-2024-Tyt Ayt-Geometri Soru Bankası	44	14	0.786	high	apply	/static/crops/Mikro-2024-Tyt_Ayt-Geometri_Soru_Bankası/Mikro-2024-Tyt_Ayt-Geometri_Soru_Bankası_p0044_q03.png	118
3a5e02cd-7f51-5b40-b5c2-d01720e28d99	Mikro Orijinal-2025-Ayt-Geometri Soru Bankası	367	3	0.920	high	apply	/static/crops/Mikro_Orijinal-2025-Ayt-Geometri_Soru_Bankası/Mikro_Orijinal-2025-Ayt-Geometri_Soru_Bankası_p0367_q01.png	287
f6dfc586-4018-5609-9989-44645891cef4	Mikro-2024-Tyt Ayt-Geometri Soru Bankası	46	11	0.727	high	apply	/static/crops/Mikro-2024-Tyt_Ayt-Geometri_Soru_Bankası/Mikro-2024-Tyt_Ayt-Geometri_Soru_Bankası_p0046_q06.png	100
b017b59e-9684-5f38-b840-386c38b0e9e6	Mikro-2024-Tyt Ayt-Geometri Soru Bankası	61	13	1.000	high	apply	/static/crops/Mikro-2024-Tyt_Ayt-Geometri_Soru_Bankası/Mikro-2024-Tyt_Ayt-Geometri_Soru_Bankası_p0061_q02.png	99
2bc6d88b-380e-5fdc-8bb3-6398a10490f3	Mikro-2024-Tyt Ayt-Geometri Soru Bankası	61	15	0.818	high	apply	/static/crops/Mikro-2024-Tyt_Ayt-Geometri_Soru_Bankası/Mikro-2024-Tyt_Ayt-Geometri_Soru_Bankası_p0061_q06.png	100
cdc4e069-5784-56bb-bb8a-81c7dad5c743	Mikro-2024-Tyt Ayt-Geometri Soru Bankası	61	12	0.923	high	apply	/static/crops/Mikro-2024-Tyt_Ayt-Geometri_Soru_Bankası/Mikro-2024-Tyt_Ayt-Geometri_Soru_Bankası_p0061_q08.png	136
419b2e07-4234-5600-9acc-54d1f05e8878	Mikro Orijinal-2025-Ayt-Geometri Soru Bankası	295	11	0	error	error		0
ac16ba9e-4103-5ced-bd8e-04cbfe617f0c	Mikro Orijinal-2025-Ayt-Geometri Soru Bankası	213	2	0	error	error		0
095d1aa3-2b4c-5d19-9394-7a4474e0d00f	Mikro-2024-Tyt Ayt-Geometri Soru Bankası	63	11	1.000	high	apply	/static/crops/Mikro-2024-Tyt_Ayt-Geometri_Soru_Bankası/Mikro-2024-Tyt_Ayt-Geometri_Soru_Bankası_p0063_q05.png	99
6fadadde-0572-5df8-9a0d-c6c76f41e64a	Mikro-2024-Tyt Ayt-Geometri Soru Bankası	63	10	1.000	high	apply	/static/crops/Mikro-2024-Tyt_Ayt-Geometri_Soru_Bankası/Mikro-2024-Tyt_Ayt-Geometri_Soru_Bankası_p0063_q03.png	126
2f94c1f6-60de-5237-b0e4-3f6d999599b0	Mikro-2024-Tyt Ayt-Geometri Soru Bankası	63	15	1.000	high	apply	/static/crops/Mikro-2024-Tyt_Ayt-Geometri_Soru_Bankası/Mikro-2024-Tyt_Ayt-Geometri_Soru_Bankası_p0063_q06.png	116
8f10c4db-e13d-5fa4-ad83-9536af14aed2	Mikro-2024-Tyt Ayt-Geometri Soru Bankası	81	13	0.917	high	apply	/static/crops/Mikro-2024-Tyt_Ayt-Geometri_Soru_Bankası/Mikro-2024-Tyt_Ayt-Geometri_Soru_Bankası_p0081_q02.png	109
bd66074f-8b80-5a93-81e4-f7f3464866fa	Mikro-2024-Tyt Ayt-Geometri Soru Bankası	63	16	0.923	high	apply	/static/crops/Mikro-2024-Tyt_Ayt-Geometri_Soru_Bankası/Mikro-2024-Tyt_Ayt-Geometri_Soru_Bankası_p0063_q08.png	115
82a6ddfc-6573-57c0-9bb5-92aad04fd425	Mikro-2024-Tyt Ayt-Geometri Soru Bankası	63	14	1.000	high	apply	/static/crops/Mikro-2024-Tyt_Ayt-Geometri_Soru_Bankası/Mikro-2024-Tyt_Ayt-Geometri_Soru_Bankası_p0063_q04.png	120
8dfba418-e3f9-53c9-b093-82745fb50e2d	Mikro-2024-Tyt Ayt-Geometri Soru Bankası	83	9	1.000	high	apply	/static/crops/Mikro-2024-Tyt_Ayt-Geometri_Soru_Bankası/Mikro-2024-Tyt_Ayt-Geometri_Soru_Bankası_p0083_q06.png	100
d3ab68cd-f5e0-5bfa-ad58-97976824cea9	Mikro-2024-Tyt Ayt-Geometri Soru Bankası	81	14	0.727	high	apply	/static/crops/Mikro-2024-Tyt_Ayt-Geometri_Soru_Bankası/Mikro-2024-Tyt_Ayt-Geometri_Soru_Bankası_p0081_q03.png	103
de065308-4949-51e9-8571-58abe5727803	Mikro-2024-Tyt Ayt-Geometri Soru Bankası	79	13	0.700	high	apply	/static/crops/Mikro-2024-Tyt_Ayt-Geometri_Soru_Bankası/Mikro-2024-Tyt_Ayt-Geometri_Soru_Bankası_p0079_q02.png	101
acbac0b6-30b4-5a76-a02f-5fcfbed08fb9	Mikro-2024-Tyt Ayt-Geometri Soru Bankası	46	10	0	error	error		0
41eed5d7-8440-5b8b-8484-1e87255e8a2a	Mikro-2024-Tyt Ayt-Geometri Soru Bankası	61	16	0.909	high	apply	/static/crops/Mikro-2024-Tyt_Ayt-Geometri_Soru_Bankası/Mikro-2024-Tyt_Ayt-Geometri_Soru_Bankası_p0061_q07.png	103
d4de1192-700d-5754-b33d-a6d985db3193	Mikro-2024-Tyt Ayt-Geometri Soru Bankası	83	10	0.769	high	apply	/static/crops/Mikro-2024-Tyt_Ayt-Geometri_Soru_Bankası/Mikro-2024-Tyt_Ayt-Geometri_Soru_Bankası_p0083_q02.png	114
885e911a-b88d-50a8-8ffb-f062d5549eda	Mikro-2024-Tyt Ayt-Geometri Soru Bankası	95	16	0.846	high	apply	/static/crops/Mikro-2024-Tyt_Ayt-Geometri_Soru_Bankası/Mikro-2024-Tyt_Ayt-Geometri_Soru_Bankası_p0095_q07.png	118
c3d0b224-2fee-5c16-b1d5-747ed1cc8225	Mikro-2024-Tyt Ayt-Geometri Soru Bankası	97	11	0.818	high	apply	/static/crops/Mikro-2024-Tyt_Ayt-Geometri_Soru_Bankası/Mikro-2024-Tyt_Ayt-Geometri_Soru_Bankası_p0097_q05.png	95
6b57d630-a147-52a4-b04b-2bb09fee036c	Mikro-2024-Tyt Ayt-Geometri Soru Bankası	117	12	1.000	high	apply	/static/crops/Mikro-2024-Tyt_Ayt-Geometri_Soru_Bankası/Mikro-2024-Tyt_Ayt-Geometri_Soru_Bankası_p0117_q07.png	101
f62234b7-8e55-52e5-a8a5-755fa0cfe311	Mikro-2024-Tyt Ayt-Geometri Soru Bankası	97	12	1.000	high	apply	/static/crops/Mikro-2024-Tyt_Ayt-Geometri_Soru_Bankası/Mikro-2024-Tyt_Ayt-Geometri_Soru_Bankası_p0097_q07.png	99
660ec9d4-0cd1-5f92-a2c6-abb5d12c0b48	Mikro-2024-Tyt Ayt-Geometri Soru Bankası	117	15	1.000	high	apply	/static/crops/Mikro-2024-Tyt_Ayt-Geometri_Soru_Bankası/Mikro-2024-Tyt_Ayt-Geometri_Soru_Bankası_p0117_q06.png	110
591a08ea-fdd8-56ff-b7bb-abc6d7686c56	Mikro-2024-Tyt Ayt-Geometri Soru Bankası	117	14	1.000	high	apply	/static/crops/Mikro-2024-Tyt_Ayt-Geometri_Soru_Bankası/Mikro-2024-Tyt_Ayt-Geometri_Soru_Bankası_p0117_q04.png	111
afafe27f-af45-51d2-b68b-377985c2b0f9	Mikro-2024-Tyt Ayt-Geometri Soru Bankası	95	12	0	error	error		0
96f1fd89-7602-56c4-a96f-142a0fb23eeb	Mikro-2024-Tyt Ayt-Geometri Soru Bankası	123	10	0.750	high	apply	/static/crops/Mikro-2024-Tyt_Ayt-Geometri_Soru_Bankası/Mikro-2024-Tyt_Ayt-Geometri_Soru_Bankası_p0123_q02.png	110
4d809298-918e-55a8-b6c2-12180cc49d49	Mikro-2024-Tyt Ayt-Geometri Soru Bankası	123	8	0.905	high	apply	/static/crops/Mikro-2024-Tyt_Ayt-Geometri_Soru_Bankası/Mikro-2024-Tyt_Ayt-Geometri_Soru_Bankası_p0123_q03.png	184
32afebf2-72ef-50b6-9aab-dc8b9b54c218	Mikro-2024-Tyt Ayt-Geometri Soru Bankası	117	16	1.000	high	apply	/static/crops/Mikro-2024-Tyt_Ayt-Geometri_Soru_Bankası/Mikro-2024-Tyt_Ayt-Geometri_Soru_Bankası_p0117_q08.png	107
5b960eed-0234-5b47-a7cc-16524da9620a	Mikro-2024-Tyt Ayt-Geometri Soru Bankası	117	11	0.727	high	apply	/static/crops/Mikro-2024-Tyt_Ayt-Geometri_Soru_Bankası/Mikro-2024-Tyt_Ayt-Geometri_Soru_Bankası_p0117_q05.png	129
854814ef-7359-5af6-8019-89910784f539	Mikro-2024-Tyt Ayt-Geometri Soru Bankası	117	10	0.667	mid	skip		108
6668c39c-f06e-5d57-9871-65eb60155e42	Mikro-2024-Tyt Ayt-Geometri Soru Bankası	119	14	0.818	high	apply	/static/crops/Mikro-2024-Tyt_Ayt-Geometri_Soru_Bankası/Mikro-2024-Tyt_Ayt-Geometri_Soru_Bankası_p0119_q04.png	124
c05b6be1-22f6-59d7-98fc-bbbe5b38cb30	Mikro-2024-Tyt Ayt-Geometri Soru Bankası	137	10	0.800	high	apply	/static/crops/Mikro-2024-Tyt_Ayt-Geometri_Soru_Bankası/Mikro-2024-Tyt_Ayt-Geometri_Soru_Bankası_p0137_q03.png	117
38865d5f-7435-5d9d-be3a-d52b191e7b4d	Mikro-2024-Tyt Ayt-Geometri Soru Bankası	117	13	0.800	high	apply	/static/crops/Mikro-2024-Tyt_Ayt-Geometri_Soru_Bankası/Mikro-2024-Tyt_Ayt-Geometri_Soru_Bankası_p0117_q02.png	117
0065b135-5817-59b8-9f15-2039cae0bfd0	Mikro-2024-Tyt Ayt-Geometri Soru Bankası	119	12	0	error	error		0
fe78c085-0d0d-54b9-a930-3502e7e03717	Mikro-2024-Tyt Ayt-Geometri Soru Bankası	137	14	0.900	high	apply	/static/crops/Mikro-2024-Tyt_Ayt-Geometri_Soru_Bankası/Mikro-2024-Tyt_Ayt-Geometri_Soru_Bankası_p0137_q04.png	111
9f4f434a-ac15-50c8-86a8-6071b782c838	Mikro-2024-Tyt Ayt-Geometri Soru Bankası	135	14	0.778	high	apply	/static/crops/Mikro-2024-Tyt_Ayt-Geometri_Soru_Bankası/Mikro-2024-Tyt_Ayt-Geometri_Soru_Bankası_p0135_q03.png	103
04211a21-81e6-581d-9689-8d048e67b463	Mikro-2024-Tyt Ayt-Geometri Soru Bankası	137	11	0.900	high	apply	/static/crops/Mikro-2024-Tyt_Ayt-Geometri_Soru_Bankası/Mikro-2024-Tyt_Ayt-Geometri_Soru_Bankası_p0137_q05.png	111
9d87d258-f60b-5350-9a1c-3efd0196369d	Mikro-2024-Tyt Ayt-Geometri Soru Bankası	119	13	0.800	high	apply	/static/crops/Mikro-2024-Tyt_Ayt-Geometri_Soru_Bankası/Mikro-2024-Tyt_Ayt-Geometri_Soru_Bankası_p0119_q02.png	104
9913ee9f-ccda-5948-9898-c9ca60c82c5c	Mikro-2024-Tyt Ayt-Geometri Soru Bankası	137	12	0.692	mid	skip		129
ea71ceb6-6d04-5039-b9f3-94d98f56096d	Mikro-2024-Tyt Ayt-Geometri Soru Bankası	168	12	0.800	high	apply	/static/crops/Mikro-2024-Tyt_Ayt-Geometri_Soru_Bankası/Mikro-2024-Tyt_Ayt-Geometri_Soru_Bankası_p0168_q07.png	126
48e0887d-5069-5933-ad26-8ff0c1be4f85	Mikro-2024-Tyt Ayt-Geometri Soru Bankası	153	11	0.500	mid	skip		144
ec58499c-bf89-5973-baa6-9c9b57439d96	Mikro-2024-Tyt Ayt-Geometri Soru Bankası	149	12	0.933	high	apply	/static/crops/Mikro-2024-Tyt_Ayt-Geometri_Soru_Bankası/Mikro-2024-Tyt_Ayt-Geometri_Soru_Bankası_p0149_q08.png	130
dda210c6-fce9-5b9a-b83c-d24c8fff07bd	Mikro-2024-Tyt Ayt-Geometri Soru Bankası	168	14	1.000	high	apply	/static/crops/Mikro-2024-Tyt_Ayt-Geometri_Soru_Bankası/Mikro-2024-Tyt_Ayt-Geometri_Soru_Bankası_p0168_q04.png	119
392256cc-38f6-5659-b2b9-08ced6c0b07a	Mikro-2024-Tyt Ayt-Geometri Soru Bankası	168	13	0.929	high	apply	/static/crops/Mikro-2024-Tyt_Ayt-Geometri_Soru_Bankası/Mikro-2024-Tyt_Ayt-Geometri_Soru_Bankası_p0168_q02.png	134
a24fbed8-984b-5894-81f5-a335b56cdeb1	Mikro-2024-Tyt Ayt-Geometri Soru Bankası	137	13	0.727	high	apply	/static/crops/Mikro-2024-Tyt_Ayt-Geometri_Soru_Bankası/Mikro-2024-Tyt_Ayt-Geometri_Soru_Bankası_p0137_q02.png	107
e90e728e-0e7e-5675-9e91-e9936f2b18f0	Mikro-2024-Tyt Ayt-Geometri Soru Bankası	168	11	1.000	high	apply	/static/crops/Mikro-2024-Tyt_Ayt-Geometri_Soru_Bankası/Mikro-2024-Tyt_Ayt-Geometri_Soru_Bankası_p0168_q05.png	128
f36d339d-54ba-587a-96b1-9e721318be1d	Mikro-2024-Tyt Ayt-Geometri Soru Bankası	170	12	1.000	high	apply	/static/crops/Mikro-2024-Tyt_Ayt-Geometri_Soru_Bankası/Mikro-2024-Tyt_Ayt-Geometri_Soru_Bankası_p0170_q07.png	121
1ff4074c-2d49-519a-ad21-81c1f99cda01	Mikro-2024-Tyt Ayt-Geometri Soru Bankası	168	15	0.846	high	apply	/static/crops/Mikro-2024-Tyt_Ayt-Geometri_Soru_Bankası/Mikro-2024-Tyt_Ayt-Geometri_Soru_Bankası_p0168_q06.png	152
faf5b600-099b-5473-8da8-627e8fa3e25b	Mikro-2024-Tyt Ayt-Geometri Soru Bankası	137	15	1.000	high	apply	/static/crops/Mikro-2024-Tyt_Ayt-Geometri_Soru_Bankası/Mikro-2024-Tyt_Ayt-Geometri_Soru_Bankası_p0137_q06.png	102
acc0a675-943b-5546-a550-bbce93f475f5	Mikro-2024-Tyt Ayt-Geometri Soru Bankası	168	16	1.000	high	apply	/static/crops/Mikro-2024-Tyt_Ayt-Geometri_Soru_Bankası/Mikro-2024-Tyt_Ayt-Geometri_Soru_Bankası_p0168_q08.png	123
6c6a6880-527a-52dc-a79b-cebfa1c9a0f6	Mikro-2024-Tyt Ayt-Geometri Soru Bankası	135	13	0	json_fail	skip		0
b0a2da8d-e69a-5f4c-b6ac-f332f6cf524e	Mikro-2024-Tyt Ayt-Geometri Soru Bankası	170	11	1.000	high	apply	/static/crops/Mikro-2024-Tyt_Ayt-Geometri_Soru_Bankası/Mikro-2024-Tyt_Ayt-Geometri_Soru_Bankası_p0170_q05.png	119
eeaaa0af-7181-501e-a0b7-2baecdf113e9	Mikro-2024-Tyt Ayt-Geometri Soru Bankası	170	14	1.000	high	apply	/static/crops/Mikro-2024-Tyt_Ayt-Geometri_Soru_Bankası/Mikro-2024-Tyt_Ayt-Geometri_Soru_Bankası_p0170_q04.png	120
54476a29-e3a6-5a4c-9699-ed47f40a3868	Mikro-2024-Tyt Ayt-Geometri Soru Bankası	170	13	1.000	high	apply	/static/crops/Mikro-2024-Tyt_Ayt-Geometri_Soru_Bankası/Mikro-2024-Tyt_Ayt-Geometri_Soru_Bankası_p0170_q02.png	116
605bb77b-4eb0-5eea-91b6-05635ff8297a	Mikro-2024-Tyt Ayt-Geometri Soru Bankası	170	10	1.000	high	apply	/static/crops/Mikro-2024-Tyt_Ayt-Geometri_Soru_Bankası/Mikro-2024-Tyt_Ayt-Geometri_Soru_Bankası_p0170_q03.png	122
b0f64812-a748-5170-81d0-ed7bc9f384a8	Mikro-2024-Tyt Ayt-Geometri Soru Bankası	172	14	0.933	high	apply	/static/crops/Mikro-2024-Tyt_Ayt-Geometri_Soru_Bankası/Mikro-2024-Tyt_Ayt-Geometri_Soru_Bankası_p0172_q03.png	144
d0b8b04e-fc56-580f-b2f3-b7a58a350e1a	Mikro-2024-Tyt Ayt-Geometri Soru Bankası	172	11	0.900	high	apply	/static/crops/Mikro-2024-Tyt_Ayt-Geometri_Soru_Bankası/Mikro-2024-Tyt_Ayt-Geometri_Soru_Bankası_p0172_q05.png	97
e4be20c9-a096-54a8-873e-f4e467016b23	Mikro-2024-Tyt Ayt-Geometri Soru Bankası	170	16	1.000	high	apply	/static/crops/Mikro-2024-Tyt_Ayt-Geometri_Soru_Bankası/Mikro-2024-Tyt_Ayt-Geometri_Soru_Bankası_p0170_q08.png	106
8565d615-440e-5154-afbd-356a47417d8a	Mikro-2024-Tyt Ayt-Geometri Soru Bankası	172	12	0.917	high	apply	/static/crops/Mikro-2024-Tyt_Ayt-Geometri_Soru_Bankası/Mikro-2024-Tyt_Ayt-Geometri_Soru_Bankası_p0172_q07.png	120
fbea4182-7ecb-5821-88a6-207a0064c110	Mikro-2024-Tyt Ayt-Geometri Soru Bankası	172	13	0.917	high	apply	/static/crops/Mikro-2024-Tyt_Ayt-Geometri_Soru_Bankası/Mikro-2024-Tyt_Ayt-Geometri_Soru_Bankası_p0172_q02.png	113
1950203e-f179-5a3d-a9c2-43b6e3c0a82a	Mikro-2024-Tyt Ayt-Geometri Soru Bankası	170	15	1.000	high	apply	/static/crops/Mikro-2024-Tyt_Ayt-Geometri_Soru_Bankası/Mikro-2024-Tyt_Ayt-Geometri_Soru_Bankası_p0170_q06.png	124
ed083e22-37cb-5acc-acfc-1bf9081c46c0	Mikro-2024-Tyt Ayt-Geometri Soru Bankası	189	8	1.000	high	apply	/static/crops/Mikro-2024-Tyt_Ayt-Geometri_Soru_Bankası/Mikro-2024-Tyt_Ayt-Geometri_Soru_Bankası_p0189_q03.png	113
6418dc13-e49c-542b-8ab0-4cdaa10eeedc	Mikro-2024-Tyt Ayt-Geometri Soru Bankası	172	16	0.700	high	apply	/static/crops/Mikro-2024-Tyt_Ayt-Geometri_Soru_Bankası/Mikro-2024-Tyt_Ayt-Geometri_Soru_Bankası_p0172_q08.png	103
93189215-8842-5f3c-9180-c2e66d9ddd8a	Mikro-2024-Tyt Ayt-Geometri Soru Bankası	189	11	0.867	high	apply	/static/crops/Mikro-2024-Tyt_Ayt-Geometri_Soru_Bankası/Mikro-2024-Tyt_Ayt-Geometri_Soru_Bankası_p0189_q04.png	132
55fc7565-64b0-5a56-bcf2-ba797d55e9fb	Mikro-2024-Tyt Ayt-Geometri Soru Bankası	210	14	0.667	mid	skip		126
e6e5ce01-df21-57fc-b83d-9191d3607570	Mikro-2024-Tyt Ayt-Geometri Soru Bankası	210	13	0.846	high	apply	/static/crops/Mikro-2024-Tyt_Ayt-Geometri_Soru_Bankası/Mikro-2024-Tyt_Ayt-Geometri_Soru_Bankası_p0210_q02.png	114
e89a3b5f-7b9a-55f4-8f62-4215dc51b9ae	Mikro-2024-Tyt Ayt-Geometri Soru Bankası	172	15	0.667	mid	skip		104
f9f1b0c3-37c3-5132-bad0-2a94ff006df5	Mikro-2024-Tyt Ayt-Geometri Soru Bankası	210	11	0.857	high	apply	/static/crops/Mikro-2024-Tyt_Ayt-Geometri_Soru_Bankası/Mikro-2024-Tyt_Ayt-Geometri_Soru_Bankası_p0210_q05.png	121
55a65aa2-22bc-5594-98d6-d299fc708229	Mikro-2024-Tyt Ayt-Geometri Soru Bankası	210	15	0.714	high	apply	/static/crops/Mikro-2024-Tyt_Ayt-Geometri_Soru_Bankası/Mikro-2024-Tyt_Ayt-Geometri_Soru_Bankası_p0210_q06.png	105
c6a3f72f-f82d-5b37-9773-b8327e8d5af4	Mikro-2024-Tyt Ayt-Geometri Soru Bankası	212	10	1.000	high	apply	/static/crops/Mikro-2024-Tyt_Ayt-Geometri_Soru_Bankası/Mikro-2024-Tyt_Ayt-Geometri_Soru_Bankası_p0212_q04.png	117
3b6df4c2-5b0f-55e2-9206-a6d6f3b79820	Mikro-2024-Tyt Ayt-Geometri Soru Bankası	210	12	0.667	mid	skip		125
da4328d5-1246-5cfb-a220-9e11dc828ddf	Mikro-2024-Tyt Ayt-Geometri Soru Bankası	212	11	1.000	high	apply	/static/crops/Mikro-2024-Tyt_Ayt-Geometri_Soru_Bankası/Mikro-2024-Tyt_Ayt-Geometri_Soru_Bankası_p0212_q05.png	120
35b0f173-d14e-5a5d-92ff-28dc29836d33	Mikro-2024-Tyt Ayt-Geometri Soru Bankası	212	13	0.857	high	apply	/static/crops/Mikro-2024-Tyt_Ayt-Geometri_Soru_Bankası/Mikro-2024-Tyt_Ayt-Geometri_Soru_Bankası_p0212_q02.png	147
79a48af0-12a4-57aa-ad37-99d5e8c0475c	Mikro-2024-Tyt Ayt-Geometri Soru Bankası	212	16	0.857	high	apply	/static/crops/Mikro-2024-Tyt_Ayt-Geometri_Soru_Bankası/Mikro-2024-Tyt_Ayt-Geometri_Soru_Bankası_p0212_q08.png	149
56397de6-d602-5a1f-bc96-8bf2fbe7855f	Mikro-2024-Tyt Ayt-Geometri Soru Bankası	212	15	0.812	high	apply	/static/crops/Mikro-2024-Tyt_Ayt-Geometri_Soru_Bankası/Mikro-2024-Tyt_Ayt-Geometri_Soru_Bankası_p0212_q06.png	123
dc4c2ba7-6d7e-5138-a041-d51af1c8b5a5	Mikro-2024-Tyt Ayt-Geometri Soru Bankası	225	15	1.000	high	apply	/static/crops/Mikro-2024-Tyt_Ayt-Geometri_Soru_Bankası/Mikro-2024-Tyt_Ayt-Geometri_Soru_Bankası_p0225_q06.png	125
217bc553-485b-51e7-93e5-7963a778f69e	Mikro-2024-Tyt Ayt-Geometri Soru Bankası	225	14	0.889	high	apply	/static/crops/Mikro-2024-Tyt_Ayt-Geometri_Soru_Bankası/Mikro-2024-Tyt_Ayt-Geometri_Soru_Bankası_p0225_q03.png	103
37eb2f29-312f-586b-99eb-7c93409617a8	Mikro-2024-Tyt Ayt-Geometri Soru Bankası	225	10	0.889	high	apply	/static/crops/Mikro-2024-Tyt_Ayt-Geometri_Soru_Bankası/Mikro-2024-Tyt_Ayt-Geometri_Soru_Bankası_p0225_q04.png	117
818acc64-1dab-56d8-8367-1bceb71c6518	Mikro-2024-Tyt Ayt-Geometri Soru Bankası	225	12	0.667	mid	skip		101
98c360ea-575e-53bd-9436-e109ca2c11d1	Mikro-2024-Tyt Ayt-Geometri Soru Bankası	225	16	0.929	high	apply	/static/crops/Mikro-2024-Tyt_Ayt-Geometri_Soru_Bankası/Mikro-2024-Tyt_Ayt-Geometri_Soru_Bankası_p0225_q07.png	126
d01f2af7-d24d-5c6e-9e9e-de5308e87dc8	Mikro-2024-Tyt Ayt-Geometri Soru Bankası	227	13	0.917	high	apply	/static/crops/Mikro-2024-Tyt_Ayt-Geometri_Soru_Bankası/Mikro-2024-Tyt_Ayt-Geometri_Soru_Bankası_p0227_q02.png	117
fd5c9c00-caa4-5bf8-a9bd-f532882588e7	Mikro-2024-Tyt Ayt-Geometri Soru Bankası	227	12	1.000	high	apply	/static/crops/Mikro-2024-Tyt_Ayt-Geometri_Soru_Bankası/Mikro-2024-Tyt_Ayt-Geometri_Soru_Bankası_p0227_q07.png	121
9924104a-5030-5ee3-ac58-53589ab24b91	Mikro-2024-Tyt Ayt-Geometri Soru Bankası	227	10	0.923	high	apply	/static/crops/Mikro-2024-Tyt_Ayt-Geometri_Soru_Bankası/Mikro-2024-Tyt_Ayt-Geometri_Soru_Bankası_p0227_q04.png	160
8e0ed30f-f8e3-5f25-a7be-2d0a1b79747f	Mikro-2024-Tyt Ayt-Geometri Soru Bankası	227	16	1.000	high	apply	/static/crops/Mikro-2024-Tyt_Ayt-Geometri_Soru_Bankası/Mikro-2024-Tyt_Ayt-Geometri_Soru_Bankası_p0227_q08.png	102
fd46c5f1-e7a1-50f0-afeb-2738a1334652	Mikro-2024-Tyt Ayt-Geometri Soru Bankası	227	14	0.900	high	apply	/static/crops/Mikro-2024-Tyt_Ayt-Geometri_Soru_Bankası/Mikro-2024-Tyt_Ayt-Geometri_Soru_Bankası_p0227_q03.png	122
14083907-14bb-5945-a03c-716140a3ac50	Mikro-2024-Tyt Ayt-Geometri Soru Bankası	225	11	0	error	error		0
fbb2aa58-11b6-5e56-a2db-55255fabe5e9	Mikro-2024-Tyt Ayt-Geometri Soru Bankası	225	13	0	error	error		0
f1278f7f-bf39-58cd-bd55-52e4de778678	Mikro-2024-Tyt Ayt-Geometri Soru Bankası	243	13	0.700	high	apply	/static/crops/Mikro-2024-Tyt_Ayt-Geometri_Soru_Bankası/Mikro-2024-Tyt_Ayt-Geometri_Soru_Bankası_p0243_q01.png	94
063e323f-5276-57ab-becb-341e945abd53	Mikro-2024-Tyt Ayt-Geometri Soru Bankası	241	14	1.000	high	apply	/static/crops/Mikro-2024-Tyt_Ayt-Geometri_Soru_Bankası/Mikro-2024-Tyt_Ayt-Geometri_Soru_Bankası_p0241_q03.png	102
9b660679-2148-5e46-8ac8-ea6ecbfee792	Mikro-2024-Tyt Ayt-Geometri Soru Bankası	243	16	0.923	high	apply	/static/crops/Mikro-2024-Tyt_Ayt-Geometri_Soru_Bankası/Mikro-2024-Tyt_Ayt-Geometri_Soru_Bankası_p0243_q07.png	134
f4a7bb22-ba88-5c3f-9366-effb330b4729	Mikro-2024-Tyt Ayt-Geometri Soru Bankası	241	16	0.909	high	apply	/static/crops/Mikro-2024-Tyt_Ayt-Geometri_Soru_Bankası/Mikro-2024-Tyt_Ayt-Geometri_Soru_Bankası_p0241_q06.png	105
5cdc1837-0c49-5779-86f0-ad521625cf7e	Mikro-2024-Tyt Ayt-Geometri Soru Bankası	227	15	0.833	high	apply	/static/crops/Mikro-2024-Tyt_Ayt-Geometri_Soru_Bankası/Mikro-2024-Tyt_Ayt-Geometri_Soru_Bankası_p0227_q05.png	105
64ccf986-496a-512a-a70e-ea9c96c6dca0	Mikro-2024-Tyt Ayt-Geometri Soru Bankası	259	14	0.900	high	apply	/static/crops/Mikro-2024-Tyt_Ayt-Geometri_Soru_Bankası/Mikro-2024-Tyt_Ayt-Geometri_Soru_Bankası_p0259_q04.png	100
ded93d26-2dd7-5426-a958-8119e6732937	Mikro-2024-Tyt Ayt-Geometri Soru Bankası	259	13	0.700	high	apply	/static/crops/Mikro-2024-Tyt_Ayt-Geometri_Soru_Bankası/Mikro-2024-Tyt_Ayt-Geometri_Soru_Bankası_p0259_q02.png	90
8d81fa01-3092-5663-b0a1-48f4660b4b46	Mikro-2024-Tyt Ayt-Geometri Soru Bankası	299	16	0.917	high	apply	/static/crops/Mikro-2024-Tyt_Ayt-Geometri_Soru_Bankası/Mikro-2024-Tyt_Ayt-Geometri_Soru_Bankası_p0299_q07.png	118
1a735335-b91b-5247-8a02-9436cb599430	Mikro-2024-Tyt Ayt-Geometri Soru Bankası	299	11	0.917	high	apply	/static/crops/Mikro-2024-Tyt_Ayt-Geometri_Soru_Bankası/Mikro-2024-Tyt_Ayt-Geometri_Soru_Bankası_p0299_q06.png	110
4f741970-d133-516d-af5c-43d3ceabd0bc	Mikro-2024-Tyt Ayt-Geometri Soru Bankası	299	13	1.000	high	apply	/static/crops/Mikro-2024-Tyt_Ayt-Geometri_Soru_Bankası/Mikro-2024-Tyt_Ayt-Geometri_Soru_Bankası_p0299_q02.png	120
66aec82b-e3b6-5ea9-8d92-75c959ccde85	Mikro-2024-Tyt Ayt-Geometri Soru Bankası	229	9	0	error	error		0
21a18f4d-12f6-5ff1-8701-3e676e2cc72b	Mikro-2024-Tyt Ayt-Geometri Soru Bankası	286	16	0.600	mid	skip		88
ac5bc565-daa7-5e86-ac17-bbc34cd96ce3	2019-2020-Acil-Matematiğin ilacı Tyt Matematik Soru Bankası	77	9	0.700	high	apply	/static/crops/2019-2020-Acil-Matematiğin_ilacı_Tyt_Matematik_Soru_Bankası/2019-2020-Acil-Matematiğin_ilacı_Tyt_Matematik_Soru_Bankası_p0077_q05.png	86
38838772-c0d2-503a-9ae4-dea7a3d5d9e3	Mikro Orijinal-2025-Ayt-Geometri Soru Bankası	106	7	1.000	high	apply	/static/crops/Mikro_Orijinal-2025-Ayt-Geometri_Soru_Bankası/Mikro_Orijinal-2025-Ayt-Geometri_Soru_Bankası_p0106_q01.png	106
df270dfb-3a50-51cb-bc26-e2e6d07b0bdc	Mikro Orijinal-Tyt Ayt-Geometri Soru Bankası 2	367	2	0.722	high	apply	/static/crops/Mikro_Orijinal-Tyt_Ayt-Geometri_Soru_Bankası_2/Mikro_Orijinal-Tyt_Ayt-Geometri_Soru_Bankası_2_p0367_q02.png	156
c405cb1d-fef0-5763-858f-e1bd9ac3e70f	2019-2020-ACİL-AYT-Matematik Soru Bankası	208	7	0.545	mid	skip		123
5393ffd5-14da-5262-bb03-62d99903d965	2019-2020-Acil-Matematiğin ilacı Tyt Matematik Soru Bankası	95	12	0.640	mid	skip		283
da369599-8563-5de7-bb3a-b2ecdcdc5638	Mikro-2024-Tyt Ayt-Geometri Soru Bankası	301	16	0.929	high	apply	/static/crops/Mikro-2024-Tyt_Ayt-Geometri_Soru_Bankası/Mikro-2024-Tyt_Ayt-Geometri_Soru_Bankası_p0301_q08.png	152
e77d9faf-c3e7-5a77-9c00-49b294b6555f	Mikro-2024-Tyt Ayt-Geometri Soru Bankası	79	14	0.692	mid	skip		123
ac624f4c-0404-5457-af08-27e45c13f4ab	Mikro-2024-Tyt Ayt-Geometri Soru Bankası	286	15	0	error	error		0
45f58f77-e6b7-549e-836a-69b42db0fc7d	Mikro Orijinal-2025-Ayt-Geometri Soru Bankası	127	7	1.000	high	apply	/static/crops/Mikro_Orijinal-2025-Ayt-Geometri_Soru_Bankası/Mikro_Orijinal-2025-Ayt-Geometri_Soru_Bankası_p0127_q02.png	100
aeff3af3-3500-5808-b4bc-3a037e42f09f	2019-2020-ACİL-AYT-Matematik Soru Bankası	27	8	0.895	high	apply	/static/crops/2019-2020-ACİL-AYT-Matematik_Soru_Bankası/2019-2020-ACİL-AYT-Matematik_Soru_Bankası_p0027_q02.png	193
f6420e59-c653-5220-aeb7-2b98a4013398	Mikro Orijinal-2025-Ayt-Geometri Soru Bankası	125	7	0.875	high	apply	/static/crops/Mikro_Orijinal-2025-Ayt-Geometri_Soru_Bankası/Mikro_Orijinal-2025-Ayt-Geometri_Soru_Bankası_p0125_q01.png	100
72a8d7bf-ff03-5c50-bfc2-ef4bfa416153	Mikro Orijinal-2025-Ayt-Geometri Soru Bankası	108	6	0.727	high	apply	/static/crops/Mikro_Orijinal-2025-Ayt-Geometri_Soru_Bankası/Mikro_Orijinal-2025-Ayt-Geometri_Soru_Bankası_p0108_q01.png	127
9b8cb39f-5c01-5470-ae37-bb8385c6ce23	Mikro-2024-Tyt Ayt-Geometri Soru Bankası	301	13	0	json_fail	skip		0
0854935d-9da5-5aed-b867-2383b2fd79d9	Mikro Orijinal-2025-Ayt-Geometri Soru Bankası	193	7	0.833	high	apply	/static/crops/Mikro_Orijinal-2025-Ayt-Geometri_Soru_Bankası/Mikro_Orijinal-2025-Ayt-Geometri_Soru_Bankası_p0193_q01.png	134
d63f6392-b5f7-50e7-9906-d3a951ea7f47	Mikro Orijinal-2025-Ayt-Geometri Soru Bankası	191	7	1.000	high	apply	/static/crops/Mikro_Orijinal-2025-Ayt-Geometri_Soru_Bankası/Mikro_Orijinal-2025-Ayt-Geometri_Soru_Bankası_p0191_q01.png	107
c3b94d90-2611-5e36-afda-0804ae3e6d74	Mikro Orijinal-2025-Ayt-Geometri Soru Bankası	207	7	0.700	high	apply	/static/crops/Mikro_Orijinal-2025-Ayt-Geometri_Soru_Bankası/Mikro_Orijinal-2025-Ayt-Geometri_Soru_Bankası_p0207_q01.png	111
6ab1387f-090a-502c-8b97-ebedec50a11c	2019-2020-Acil-Matematiğin ilacı Tyt Matematik Soru Bankası	270	12	0	error	error		0
2c7ce936-7764-56c4-9a5d-e606891abd30	2019-2020-ACİL-AYT-Matematik Soru Bankası	8	9	0.923	high	apply	/static/crops/2019-2020-ACİL-AYT-Matematik_Soru_Bankası/2019-2020-ACİL-AYT-Matematik_Soru_Bankası_p0008_q03.png	156
54704ffd-085a-5662-b3ab-76a919914f29	Mikro Orijinal-2025-Ayt-Geometri Soru Bankası	149	1	0.846	high	apply	/static/crops/Mikro_Orijinal-2025-Ayt-Geometri_Soru_Bankası/Mikro_Orijinal-2025-Ayt-Geometri_Soru_Bankası_p0149_q02.png	158
7150a49a-d722-5451-9f42-6f06481b3d9f	2019-2020-ACİL-AYT-Matematik Soru Bankası	116	11	0	error	error		0
