id	book	page	q_no	text_len	verdict	reason	text_end_80char
74d2ba6b-abfb-5946-a40b-d492b42fc7b0	Mikro Orijinal-2025-Ayt-Geometri Soru Bankası	213	Örnek 6	130	ok	valid_end_?	|BE|=17$ cm. A, C, E noktaları doğrusal olduğuna göre, Çevre$(ABCD)$ kaç cm'dir?
f58ce890-47d8-5c21-8bac-f6eba748f4da	Mikro Orijinal-2025-Ayt-Geometri Soru Bankası	218	8	147	ok	valid_end_?	=3$ cm. Yukarıdaki verilere göre eşkenar dörtgenin yüksekliği kaç santimetredir?
97f23839-01cd-5515-8b2d-b818d24b36db	Mikro Orijinal-2025-Ayt-Geometri Soru Bankası	223	8.	40	ok	valid_end_?	Verilenlere göre, $|AB| = x$ kaç cm'dir?
1fd5899a-52bb-52a5-bbd7-34805ce4768d	Mikro Orijinal-2025-Ayt-Geometri Soru Bankası	251	6	610	ok	valid_end_?	ekildeki gibi 1 cm olmuştur. Buna göre, başlangıçta klasörün çevresi kaç cm'dir?
704c5dda-bc0c-55d0-9776-9332fe6fbe2c	Mikro Orijinal-2025-Ayt-Geometri Soru Bankası	275	Örnek 3	180	ok	valid_end_?	4 \text{ cm}$ olduğuna göre, eşkenar üçgenin kenar uzunluğu kaç $\text{cm}$'dir?
df2aee81-f4ce-5bd0-bfef-d052414e0077	Mikro Orijinal-2025-Ayt-Geometri Soru Bankası	275	Örnek 6	182	ok	valid_end_?	e ve eşkenar üçgeni kapsayan en küçük çemberlerin yarıçapları oranı ne olabilir?
cd5967de-3464-511c-95ca-9610a49967d0	Mikro Orijinal-2025-Ayt-Geometri Soru Bankası	282	7	305	ok	valid_end_?	, başlangıçtaki mavi kartonun yarıçapının sarı kartonun yarıçapına oranı kaçtır?
4b9cfd4a-f67f-5560-84a1-6306d7c1fa75	Mikro Orijinal-2025-Ayt-Geometri Soru Bankası	295	7.	129	ok	valid_end_?	\widehat{BCD})=120^\circ$. Verilenlere göre, $m(\widehat{AEB})=x$ kaç derecedir?
d919e5f8-7aaf-58c8-8ebd-f545f05c5619	Mikro Orijinal-2025-Ayt-Geometri Soru Bankası	320	Örnek 1	137	ok	valid_end_?	daki tablo oluşturulmuştur. Bu tabloda verilen değerlerden kaç tanesi yanlıştır?
627ea72a-d477-5fcb-8ca8-548ed59fc0cd	Mikro Orijinal-2025-Ayt-Geometri Soru Bankası	295	10.	78	ok	valid_end_?	O merkez, $AO \perp OB$. Verilenlere göre, $m(\widehat{ACB})=x$ kaç derecedir?
c23d074f-9b98-5c73-9772-ed0da9d650a4	Mikro Orijinal-2025-Ayt-Geometri Soru Bankası	295	8.	173	ok	valid_end_?	E çember üzerinde birer nokta olduğuna göre, $m(\widehat{BKC})=x$ kaç derecedir?
7b1c23d9-9ce0-5592-913f-347a318e1550	Mikro Orijinal-2025-Ayt-Geometri Soru Bankası	367	Örnek 2	281	ok	valid_end_.	circ$ döndürülüyor. Buna göre, son durumda D noktasının koordinatlarını bulunuz.
52ba6047-7172-58e1-ad1c-04ab68f415e3	Mikro Orijinal-Tyt Ayt-Geometri Soru Bankası 2	23	Örnek 1	100	ok	valid_end_?	|$, $m(\text{BAC})=30^\circ$. Verilenlere göre, $m(\text{ACD})=x$ kaç derecedir?
1b28a157-fcd6-50b5-914f-06ef417c21ff	Mikro Orijinal-Tyt Ayt-Geometri Soru Bankası 2	23	Örnek 2	138	ok	valid_end_?	|$, $m(\text{BAC})=20^\circ$. Verilenlere göre, $m(\text{BDE})=x$ kaç derecedir?
c132cec2-fb23-5f9d-9be8-e31451bc2e49	Mikro Orijinal-Tyt Ayt-Geometri Soru Bankası 2	23	Örnek 3	118	ok	valid_end_?	|AB|=|AC|$, $|AE|=|DE|$. Verilenlere göre, $m(\text{AED})=\alpha$ kaç derecedir?
e66026c8-b070-5cfd-827b-16db59958122	Mikro Orijinal-Tyt Ayt-Geometri Soru Bankası 2	23	Örnek 4	143	ok	valid_end_?	$m(\text{BAD})=5^\circ$. Verilenlere göre, $m(\text{ADC})=\alpha$ kaç derecedir?
51e7e4cc-9419-518e-a682-75d95985fe97	Mikro Orijinal-Tyt Ayt-Geometri Soru Bankası 2	23	Örnek 5	142	ok	valid_end_?	|$, $m(\text{BAC})=40^\circ$. Verilenlere göre, $m(\text{ADE})=x$ kaç derecedir?
d48204a2-7cc5-5745-aaa0-7b076a9d09bb	Mikro Orijinal-Tyt Ayt-Geometri Soru Bankası 2	23	Örnek 6	107	ok	valid_end_?	0^\circ$, $|AB|=|AC|=|CD|$. Verilenlere göre, BAD açısının ölçüsü kaç derecedir?
7b1cbe40-aed1-52b2-8453-8531f6033278	Mikro Orijinal-Tyt Ayt-Geometri Soru Bankası 2	36	Örnek 1	216	ok	valid_end_?	arıda AB yolu ile kuzey yönünü karşılaştıran gösterimlerden hangileri yanlıştır?
0095b28e-bd0c-536c-ab88-b17087c3e2fa	2019-2020-ACİL-AYT-Matematik Soru Bankası	292	11	218	ok	valid_end_?	$\lim_{x \to -1} (f \circ g)(x) - \lim_{x \to -2} f(x)$ işleminin sonucu kaçtır?
3aef032a-0f5a-5e4d-b79a-92253f786971	Mikro Orijinal-Tyt Ayt-Geometri Soru Bankası 2	42	7.	195	ok	valid_end_?	idehat{BCC'}) = 20^ ext{o}$ olduğuna göre, $m(\widehat{ACB}) = x$ kaç derecedir?
38fe363b-46a9-569b-9602-b96fe34d1b07	2019-2020-ACİL-AYT-Matematik Soru Bankası	299	12	187	ok	valid_end_?	na göre,  $\lim_{h \to 0^+} \frac{\pi r^2 h}{h^2+x^2}$  limitinin değeri kaçtır?
83c0108c-a217-5372-adbb-3fe934f0df2f	Mikro Orijinal-Tyt Ayt-Geometri Soru Bankası 2	122	6	189	ok	valid_end_?	$ cm'dir. G, ABC üçgeninin ağırlık merkezi olduğuna göre, $|BC| = x$ kaç cm'dir?
a9b8e9b6-368e-5492-81a4-aa8c0f470ff5	Mikro Orijinal-Tyt Ayt-Geometri Soru Bankası 2	122	7	128	ok	valid_end_?	$ cm'dir. G, ABC üçgeninin ağırlık merkezi olduğuna göre, $|GK| = x$ kaç cm'dir?
7764fe4f-53df-5e63-9e54-f4c505aeb423	Mikro Orijinal-Tyt Ayt-Geometri Soru Bankası 2	130	Örnek 1	73	ok	valid_end_?	Verilenlere göre, ABC üçgeni aşağıdaki üçgenlerden hangilerine benzerdir?
b2881ab0-909e-5e0b-a058-6df20b4b7806	Mikro Orijinal-Tyt Ayt-Geometri Soru Bankası 2	130	Örnek 2	205	ok	valid_end_?	emlerin hangisi tek başına yapılırsa, ABC üçgenine benzer bir üçgen elde edilir?
303fb397-dcf4-55dc-9062-c8db493d82d4	Mikro Orijinal-Tyt Ayt-Geometri Soru Bankası 2	130	Örnek 3	252	ok	valid_end_?	C})$, III. $m(\widehat{ADB})=m(\widehat{BDC})$ ifadelerinden hangileri doğrudur?
d2ea2009-25dd-525e-94cf-5949374ef918	Mikro Orijinal-Tyt Ayt-Geometri Soru Bankası 2	139	7	121	ok	valid_end_?	arallel CD$ $|AK| = 4$ KB $|EF| = 8$ cm Verilenlere göre, $|CD| = x$ kaç cm dir?
5a35d066-5c9c-5324-a631-d114be673b21	Mikro Orijinal-Tyt Ayt-Geometri Soru Bankası 2	143	7	294	ok	valid_end_?	 olurken $A$ noktası $A'$ noktasına gelmiştir. Buna göre, $|BC| = x$ kaç cm'dir?
5ad11697-cca5-5768-b104-cd3e61585180	2019-2020-ACİL-AYT-Matematik Soru Bankası	322	18	137	ok	valid_end_?	$ teğeti çizilmiştir. $g^{-1}(x) = \frac{6-x}{2}$ olduğuna göre, $f'(2)$ kaçtır?
8011fe4a-2149-5eb5-80b3-edcf09e698fc	Mikro Orijinal-Tyt Ayt-Geometri Soru Bankası 2	160	7	149	ok	valid_end_?	(\widehat{ABC}) = 60^ ext{o}$ Verilenlere göre, Alan(ABC) kaç $\text{cm}^2$ dir?
d04dee2b-f6dc-53a0-a802-02baa50f6f0a	2020-2021-Acil-Tyt Ayt Geometrinin ilacı Soru Bankası	20	9	132	ok	valid_end_?	widehat{BDC}) = 50^ ext{o}$ $m(\widehat{DCA}) = x$ Buna göre, $x$ kaç derecedir?
52d9bc59-20a4-5f5e-a45b-6d253961095b	2019-2020-ACİL-AYT-Matematik Soru Bankası	396	9	118	ok	valid_end_?	erilmiştir.Buna göre,$\\int_{-1}^{1} x \\cdot f(x)dx$integralinin sonucu kaçtır?
ff9ca202-45c4-5f1f-bc06-e9a3629d2ef2	Mikro Orijinal-Tyt Ayt-Geometri Soru Bankası 2	216	6	78	ok	valid_end_?	Verilenlere göre, ABCD paralelkenar alanının $a$ ve $b$ cinsinden eşiti nedir?
3d7b57d5-b7a1-581b-9ca9-2e389b3a82f5	2020-2021-Acil-Tyt Ayt Geometrinin ilacı Soru Bankası	16	10	155	ok	valid_end_?	widehat{ABE}) = 25^ ext{o}$ $m(\widehat{BED}) = x$ Buna göre, $x$ kaç derecedir?
7760986d-79a9-514a-aad2-61ee584b424d	2019-2020-ACİL-AYT-Matematik Soru Bankası	428	12	294	ok	valid_end_?	$ III. $\int_{a}^{b} f(x) dx \ge 0$ ifadelerinden hangileri kesinlikle doğrudur?
fd36dfb0-6127-5429-ab8f-dbcfa616b8df	2020-2021-Acil-Tyt Ayt Geometrinin ilacı Soru Bankası	174	10	101	ok	valid_end_?	, HBC üçgen, $|FG| = 4$ birim, $|GA| = 2$ birim. Buna göre, $|HA|$ kaç birimdir?
39658416-7259-5af4-a780-6f379451b354	Mikro Orijinal-Tyt Ayt-Geometri Soru Bankası 2	279	Örnek 2	126	ok	valid_end_?	ileri aşağıda bir kenar uzunluğu verilen karenin içerisine tam olarak sığabilir?
497a0655-7348-52fd-8a96-08b2cde578fc	Mikro Orijinal-Tyt Ayt-Geometri Soru Bankası 2	279	Örnek 3	163	ok	valid_end_?	 kenar uzunluğu $4$ cm olduğuna göre, eşkenar üçgenin kenar uzunluğu kaç cm'dir?
b7742ccb-aa55-5de5-ab33-39fef90a5038	Mikro Orijinal-Tyt Ayt-Geometri Soru Bankası 2	279	Örnek 5	154	ok	valid_end_?	ngileri aşağıda yarıçapı $5$ cm verilen çemberin içerisine tam olarak sığabilir?
a2e980f0-c6b9-55f2-95bb-afa0ef6fca06	Mikro Orijinal-Tyt Ayt-Geometri Soru Bankası 2	279	Örnek 6	182	ok	valid_end_?	e ve eşkenar üçgeni kapsayan en küçük çemberlerin yarıçapları oranı ne olabilir?
ffcf9976-30c1-5b21-98f8-18a8106269aa	2020-2021-Acil-Tyt Ayt Geometrinin ilacı Soru Bankası	56	11	115	ok	valid_end_?	B$ $|BE| = |EC|$ $|DF| = |FA|$ $|BD| = 12$ birim Buna göre, $|AC|$ kaç birimdir?
d51a223a-1e21-52c4-bee2-e0305623a19b	Mikro Orijinal-Tyt Ayt-Geometri Soru Bankası 2	298	7	129	ok	valid_end_?	widehat{BCD})=120^ ext{o}$ Verilenlere göre, $m(\widehat{AEB})=x$ kaç derecedir?
5d7949e2-ecc1-5dbc-982f-3fc4753145d5	2020-2021-Acil-Tyt Ayt Geometrinin ilacı Soru Bankası	104	7	259	ok	valid_end_?	$ Buna göre, İlker'in kağıt üzerinde bantladığı bölgenin alanı kaç birimkaredir?
6aa1de71-4c55-57ef-9108-70509bbcdc84	2020-2021-Acil-Tyt Ayt Geometrinin ilacı Soru Bankası	114	11	152	ok	valid_end_?	|BA| = 1$ birim $m(\widehat{ABC}) = 135^ ext{o}$ Buna göre, $|AD|$ kaç birimdir?
0816721c-04ba-5068-b7c4-7724482e8516	2019-2020-ACİL-TYT-Soru Bankası	30	17	286	ok	valid_end_?	ların 3 tanesinden küçüktür. $d=12$ olduğuna göre, $a+b+c$ çarpımı en az kaçtır?
d8c3d021-29be-5e24-adde-133173081534	Mikro Orijinal-Tyt Ayt-Geometri Soru Bankası 2	325	Örnek 2	111	ok	valid_end_?	i verilen $AOB$ üçgeninde $A(1, 3)$ olduğuna göre, $B$ noktasının apsisi kaçtır?
8f478ad8-bca3-5dc1-aba6-2ce9b256b0ed	Mikro Orijinal-Tyt Ayt-Geometri Soru Bankası 2	325	Örnek 3	130	ok	valid_end_?	BC$ eşkenar dörtgeninde $B(16, 12)$ olduğuna göre, $A$ noktasının apsisi kaçtır?
9555f5cc-238b-5954-966a-4997bc4eb1e5	Mikro Orijinal-Tyt Ayt-Geometri Soru Bankası 2	325	Örnek 5	120	ok	valid_end_?	irilen $ABCD$ karesinde $B(7, 3)$ olduğuna göre, $D$ noktasının ordinatı kaçtır?
a8d9528e-3e76-56c1-bc84-5d523a2481e3	Mikro Orijinal-Tyt Ayt-Geometri Soru Bankası 2	325	Örnek 6	125	ok	valid_end_?	n $ABCD$ karesinde $A(1, -2)$ olduğuna göre, $C$ noktasının koordinatları nedir?
0275caf6-2718-5ab0-be3d-8cebc5687faa	Mikro Orijinal-Tyt Ayt-Geometri Soru Bankası 2	329	Örnek 1	192	ok	valid_end_?	. $|AB| = 2|BC|$ ve $A(6, 1)$ olduğuna göre, $C$ noktasının koordinatları nedir?
5192241b-ec2e-52de-b926-f39584a9aafa	Mikro Orijinal-Tyt Ayt-Geometri Soru Bankası 2	329	Örnek 3	160	ok	valid_end_?	an $|BC| = 2|AB|$ oranında bölündüğüne göre, $B$ noktasının koordinatları nedir?
ba0a5eb4-25c4-57b5-97ad-9ce386785fba	2019-2020-ACİL-TYT-Soru Bankası	35	14	411	ok	valid_end_?	r. Buna göre, pembe renkli hücrelere yazılacak sayılardan kaç tanesi pozitiftir?
d835d9e9-4999-59ae-8e2c-a6e70dc375e6	Mikro Orijinal-Tyt Ayt-Geometri Soru Bankası 2	367	Örnek 1	266	ok	valid_end_?	zitif yönde $90^\circ$ döndürüldüğünde B noktası kaç birim yer değiştirmiş olur?
bdbd1686-1386-5f87-969e-9908040e159a	Mikro-2024-Tyt Ayt-Geometri Soru Bankası	24	9	86	ok	valid_end_?	 CD EF // BC m(AEF) = (2x-10)° m(BCD) = (x+20)° Buna göre, m(ABC) kaç derecedir?
c9fc1311-f77b-52a7-b3da-4de8904ea447	Mikro Orijinal-2025-Ayt-Geometri Soru Bankası	108	7	116	ok	valid_end_?	= 18$ cm. G, ABC üçgeninin ağırlık merkezi olduğuna göre, $|GK| = x$ kaç cm'dir?
d03f1b1a-22fa-5536-8f9e-b3fddc5ff273	Mikro-2024-Tyt Ayt-Geometri Soru Bankası	26	9.	142	ok	valid_end_?	(\widehat{BEC}) = 70^\circ$ olduğuna göre, $m(\widehat{BCE}) = x$ kaç derecedir?
87f77b03-a521-57c8-90e6-ade491ee423a	Mikro-2024-Tyt Ayt-Geometri Soru Bankası	26	10.	164	ok	valid_end_?	2x$, $m(\widehat{ABC}) = x$ olduğuna göre, $m(\widehat{DCB}) = y$ kaç derecedir?
0a024750-a0fd-51dd-af2e-68a196f5c976	Mikro-2024-Tyt Ayt-Geometri Soru Bankası	44	9	144	ok	valid_end_?	, $m(\widehat{BED})=70^\circ$ olduğuna göre, $m(\widehat{BDE})=x$ kaç derecedir?
b995937d-1962-5aa2-b091-8e7e57a98b88	Mikro-2024-Tyt Ayt-Geometri Soru Bankası	44	13	144	ok	valid_end_?	irc$, $m(\widehat{ACB})=50^\circ$ Buna göre, $m(\widehat{DAC})=x$ kaç derecedir?
36e474ba-c8ea-5575-86ce-68c3de41b908	Mikro-2024-Tyt Ayt-Geometri Soru Bankası	46	9.	134	ok	valid_end_?	idehat{CDF}) = 40^\circ$, $m(\widehat{BAC}) = 5x$. Buna göre, $x$ kaç derecedir?
acf26115-acb4-54f0-947e-378e45c23d47	Mikro-2024-Tyt Ayt-Geometri Soru Bankası	61	10	153	ok	valid_end_?	= 6$ cm $|EC| = 6$ cm $|ED| = 3$ cm olduğuna göre, $|BD| = x$ kaç santimetredir?
f83bcb2d-11d2-56ba-8d0a-88644563db3b	Mikro-2024-Tyt Ayt-Geometri Soru Bankası	63	9	116	ok	valid_end_?	| = 24$ cm $|AB| = 7$ cm olduğuna göre, ADC üçgeninin çevresi kaç santimetredir?
e16c2941-a1d7-53a9-b213-094cd96286ab	Mikro-2024-Tyt Ayt-Geometri Soru Bankası	81	9	181	ok	valid_end_?	|ED| = 8$ cm, $|DC| = 5\sqrt{2}$ cm olduğuna göre, $|AB| = x$ kaç santimetredir?
87d4cbd6-1b05-5297-a64f-f770a1141c0b	Mikro-2024-Tyt Ayt-Geometri Soru Bankası	83	12	153	ok	valid_end_?	dehat{ADC}) = 30^{\circ}$ $|AD| = 8$ cm Buna göre, $|AB| = x$ kaç santimetredir?
895b1e22-f159-5fcb-bbec-9041cd1540fd	Mikro-2024-Tyt Ayt-Geometri Soru Bankası	85	2.	216	ok	valid_end_.	 cm}$. Yukarıdaki verilere göre, $|IFE| = x$'in kaç santimetre olduğunu bulunuz.
694a0f56-7b3b-5af2-ba7a-b5e63278a388	Mikro-2024-Tyt Ayt-Geometri Soru Bankası	95	10	152	ok	valid_end_?	4$ cm, $|DF| = 1$ cm, $|HC| = 3$ cm olduğuna göre, $|BF| = x$ kaç santimetredir?
e38555f8-7964-5c5c-b268-6b2d7bc84de0	Mikro-2024-Tyt Ayt-Geometri Soru Bankası	95	9	157	ok	valid_end_?	3$ cm, $|BD| = 8$ cm, $|DC| = 6$ cm olduğuna göre, $|AE| = x$ kaç santimetredir?
fd54ffb2-4102-5d97-bff0-0c60b23a55e1	Mikro-2024-Tyt Ayt-Geometri Soru Bankası	97	9	133	ok	valid_end_?	$|BD|=|DC|$, $|AE|=3$ cm, $|AC|=4$ cm olduğuna göre, $|EB|=x$ kaç santimetredir?
6b67c843-0905-527d-bc03-ac1947a34bc7	Mikro-2024-Tyt Ayt-Geometri Soru Bankası	119	9	114	ok	valid_end_?	irc$, $|AB|=4$ cm, $|BC|=7$ cm olduğuna göre, Alan$(ABC)$ kaç santimetrekaredir?
c71085e5-f6d9-5a9c-a333-19e4c7f85945	Mikro-2024-Tyt Ayt-Geometri Soru Bankası	123	7	123	ok	valid_end_?	t{2}$ cm, $|DC| = 4$ cm, $|BD| = 2$ cm. Buna göre, $|AC| = x$ kaç santimetredir?
2e61664a-cd56-521f-b231-8a126f4dd95d	Mikro-2024-Tyt Ayt-Geometri Soru Bankası	135	9	119	ok	valid_end_?	|CD|=13$ cm, $|AE|=8$ cm, $|EC|=4$ cm olduğuna göre, $|AD|=x$ kaç santimetredir?
6dad3df8-5db8-59b2-a2a2-d113f4d27ce5	Mikro-2024-Tyt Ayt-Geometri Soru Bankası	147	9	127	ok	valid_end_?	$|AB|=|AC|$, $|BD|=5$ cm, $|DC|=3$ cm olduğuna göre, $|AG|=x$ kaç santimetredir?
0e308028-36d8-5ba6-97af-d8a7a934d438	Mikro-2024-Tyt Ayt-Geometri Soru Bankası	147	13	146	ok	valid_end_?	) $=24 \text{ cm}^2$ olduğuna göre, Alan($\triangle BGC$) kaç santimetrekaredir?
f5efced8-4cbf-573a-abd7-2cbbfceba238	Mikro-2024-Tyt Ayt-Geometri Soru Bankası	149	9.	126	ok	valid_end_?	tay, $|AB|=10$ cm, $|AC|=4$ cm olduğuna göre, Alan$(AGC)$ kaç santimetrekaredir?
c6fd240f-8c52-5999-a435-5ace5a8d12a2	Mikro-2024-Tyt Ayt-Geometri Soru Bankası	149	15.	131	ok	valid_end_?	B]=[AC]$, $|AB|=8$ cm, $|DC|=6$ cm olduğuna göre, Alan$(AKD)$ kaç santimetredir?
f1d3e82e-51c4-50c1-bbf7-62f244e497df	Mikro-2024-Tyt Ayt-Geometri Soru Bankası	153	9	140	ok	valid_end_?	 5$ cm Alan$(ADC) = 12$ $cm^2$ olduğuna göre, Alan$(ABE)$ kaç santimetrekaredir?
05cec5ec-1a60-55f1-b853-1abefc495ccb	Mikro-2024-Tyt Ayt-Geometri Soru Bankası	154	3.	175	ok	valid_end_.	text{DEC}$ olduğuna göre, $m(\widehat{ACE}) = x$'in kaç derece olduğunu bulunuz.
40c536aa-21c5-5f92-83ef-57bd720b3810	Mikro-2024-Tyt Ayt-Geometri Soru Bankası	168	9	143	ok	valid_end_?	 cm, $|EC| = 12$ cm, $|FD| = 10$ cm olduğuna göre, $|AF| = x$ kaç santimetredir?
5fda7264-d808-52ac-a679-9a618344e4c4	Mikro-2024-Tyt Ayt-Geometri Soru Bankası	170	9.	163	ok	valid_end_?	m $|ED| = 4$ cm $|AE| = x$ cm $|DB| = y$ cm olduğuna göre, $x+y$ toplamı kaçtır?
eb2be7f3-dca3-59de-ac0c-ef94210539b1	Mikro-2024-Tyt Ayt-Geometri Soru Bankası	172	9	133	cutoff	alphanumeric_end	r? I. $[AB] \parallel [EF] \parallel [DC]$ II. $|AB| = 9$ cm III. $|DC| = 18$ cm
dd5c0137-a729-59a8-ae6d-318e0dbe4fe3	Mikro-2024-Tyt Ayt-Geometri Soru Bankası	189	7	147	ok	valid_end_?	$ cm $|CD| = 8$ cm $|DE| = 4$ cm olduğuna göre, Alan(ABC) kaç santimetrekaredir?
a3877d1b-6b70-5a7c-a368-d286f60059b6	Mikro-2024-Tyt Ayt-Geometri Soru Bankası	210	16	167	ok	valid_end_?	, $|EC| = 1 \text{ cm}$. Yukarıdaki verilere göre, $|DE| = x$ kaç santimetredir?
42918295-4765-5c05-bd4c-5e992417bcf5	Mikro-2024-Tyt Ayt-Geometri Soru Bankası	227	9	118	ok	valid_end_?	6$ cm, Alan$(ABCE)=64$ cm$^2$ olduğuna göre, Alan$(ABCD)$ kaç santimetrekaredir?
cd746791-5cb8-587b-8339-e6c69cab49d4	Mikro-2024-Tyt Ayt-Geometri Soru Bankası	241	9	125	ok	valid_end_?	 cm, $|DE|=13$ cm, $|AE|=9$ cm olduğuna göre, $|BD|$ köşegeni kaç santimetredir?
c92943a8-2f7c-5536-b0e2-71a9c92e2f61	Mikro-2024-Tyt Ayt-Geometri Soru Bankası	243	12.	130	ok	valid_end_?	 [AB]$ $|DF| = 12$ cm $|CE| = 5$ cm olduğuna göre, $|BF| = x$ kaç santimetredir?
b23fbb9d-fe4d-5454-b638-3fcd39f7b899	Mikro-2024-Tyt Ayt-Geometri Soru Bankası	243	9.	128	ok	valid_end_?	BK| = |KC|$ $|AD| = 5$ cm $|EL| = 1$ cm olduğuna göre, $|AC|$ kaç santimetredir?
f7270ff6-f633-5b12-8539-4d31b35f5f81	Mikro-2024-Tyt Ayt-Geometri Soru Bankası	257	9	109	ok	valid_end_?	widehat{AEF}) = 70^{\circ}$ olduğuna göre, $m(\widehat{DFE}) = x$ kaç derecedir?
60c52392-7dc2-5f15-b21d-9300b4073a56	Mikro-2024-Tyt Ayt-Geometri Soru Bankası	257	11	113	ok	valid_end_?	|AC|$, $|EF| = 3$ cm, $|AF| = 5$ cm olduğuna göre, $|AB| = x$ kaç santimetredir?
b86d376a-c641-5716-814d-8f3dfdb26b8c	Mikro Orijinal-Tyt Ayt-Geometri Soru Bankası 2	38	11	230	ok	valid_end_?	arak verilmiştir. Buna göre, a ile d doğruları arasındaki x açısı kaç derecedir?
ca688f43-356b-5d4e-9cd7-010c371f7b58	Mikro-2024-Tyt Ayt-Geometri Soru Bankası	259	9	106	ok	valid_end_?	(\widehat{AED}) = 75^\circ$ olduğuna göre, $m(\widehat{DCE}) = x$ kaç derecedir?
acb9da7d-539b-56cf-84c2-06aee01e0cc0	Mikro-2024-Tyt Ayt-Geometri Soru Bankası	265	9	121	ok	valid_end_?	F| = (x+4)$ cm $|FC| = (2x-1)$ cm olduğuna göre, Çevre(ABCDE) kaç santimetredir?
a92b3183-b912-511d-bf81-a65e1cf399e9	Mikro-2024-Tyt Ayt-Geometri Soru Bankası	286	9.	164	ok	valid_end_?	m(\widehat{AB}) = 90^\circ$ olduğuna göre, $m(\widehat{CDE}) = x$ kaç derecedir?
e2e95abf-fb4f-529f-a3b2-73122233683c	Mikro-2024-Tyt Ayt-Geometri Soru Bankası	286	12.	111	ok	valid_end_?	(\widehat{ABD}) = 35^\circ$ olduğuna göre, $m(\widehat{BDC}) = x$ kaç derecedir?
1acce595-622f-54e3-b47d-c25ba871fd6c	Mikro Orijinal-Tyt Ayt-Geometri Soru Bankası 2	42	8.	150	ok	valid_end_?	ehat{DBC}) = 10^ ext{o}$ Verilenlere göre, $m(\widehat{ACD}) = x$ kaç derecedir?
8d5b5631-c97a-5a00-8da4-0074452f0965	Mikro-2024-Tyt Ayt-Geometri Soru Bankası	288	16	109	ok	valid_end_?	$m(\widehat{DBC}) = 60^ ext{o}$ olduğuna göre, $m(\widehat{DAB})$ kaç derecedir?
40800336-0928-52f2-90a4-1a99c5850fc2	Mikro-2024-Tyt Ayt-Geometri Soru Bankası	299	9	140	ok	valid_end_?	\perp [EC]$, $|OB|=5$ cm, $|BC|=3$ cm olduğuna göre, $|ED|=x$ kaç santimetredir?
7c261908-f0d2-5d27-b0a9-481f45f14257	Mikro-2024-Tyt Ayt-Geometri Soru Bankası	301	9	134	ok	valid_end_?	 [AB]$ $|ED| = 8$ cm, $|BC| = 3$ cm olduğuna göre, $|AC| = x$ kaç santimetredir?
d035a7d8-c81e-5c22-8258-9dad0ae22f04	Mikro Orijinal-Tyt Ayt-Geometri Soru Bankası 2	52	Örnek 2	139	ok	valid_end_?	ext{ACB}) = 45^ ext{o}$, $|AB| = 6$ cm. Verilenlere göre, $|AC| = x$ kaç cm'dir?
68a3a438-6edb-5c15-9737-8d241e90e7a4	Mikro Orijinal-Tyt Ayt-Geometri Soru Bankası 2	77	8	298	ok	valid_end_?	2 \text{ cm}$, $|BA'|=3 \text{ cm}$ olduğuna göre, $|AB|=x$ kaç $\text{cm}$'dir?
978f4e0b-edd7-5b12-88b1-e51285237db5	Mikro Orijinal-Tyt Ayt-Geometri Soru Bankası 2	77	9	240	ok	valid_end_?	BD|=1 \text{ cm}$, $|DE|=2 \text{ cm}$. Buna göre, $|EC|=x$ kaç $\text{cm}$'dir?
a9ab998f-f939-55b8-92c7-a6498a648419	2020-2021-Acil-Problemlerin ilacı	59	9	112	ok	valid_end_.	aralarındaki yaş farkının sabit olduğu 8 kardeşin yaşları rastgele yazılacaktır.
d415dd1d-1ef3-5469-b722-d9dbc0d8e68b	Mikro-2024-Tyt Ayt-Geometri Soru Bankası	392	11	192	ok	valid_end_.	ölgenin hacmi kaç santimetreküptür? $|AB| = [BC]$, $|AC| = 3$ cm, $|BC| = 8$ cm.
74610717-27c1-5a0b-affa-975a1afd1183	2019-2020-Acil Matematiğin ilacı-1	262	5	229	ok	valid_end_?	ntılı olduğu bilinmektedir. Buna göre, $Y$ marka uç paketinin fiyatı kaç TL'dir?
73858c3e-0036-5d91-9420-fb0fd17d8cf7	Mikro Orijinal-Tyt Ayt-Geometri Soru Bankası 2	112	9	274	ok	valid_end_?	atlama izleri kırmızı ve mavi renkle gösterildiğine göre, $|BD| = x$ kaç cm'dir?
474c3a2b-290e-5259-bdaf-87f6f0336540	Mikro Orijinal-Tyt Ayt-Geometri Soru Bankası 2	122	8	142	ok	valid_end_?	$ cm, $|BC| = 8$ cm, $|BK| = 9$ cm'dir. Verilenlere göre, $|KD| = x$ kaç cm'dir?
4bafad54-2e88-5b97-a69c-b8a021a4d2ca	Mikro Orijinal-Tyt Ayt-Geometri Soru Bankası 2	139	9	117	ok	valid_end_?	rallel CD$ $|AB| = 4$ cm $|CD| = 12$ cm Verilenlere göre, $|FE| = x$ kaç cm dir?
07d4229e-1b04-5893-9f07-bc008458b342	2020-2021-Acil-Tyt Ayt Geometrinin ilacı Soru Bankası	20	8	127	ok	valid_end_?	widehat{ADE}) = 37^ ext{o}$ $m(\widehat{ABC}) = x$ Buna göre, $x$ kaç derecedir?
8acf9ccf-f4ff-5bed-956c-17ab3109250e	Mikro Orijinal-Tyt Ayt-Geometri Soru Bankası 2	160	9	168	ok	valid_end_?	6$ cm $|DC| = 8$ cm Verilenlere göre, ABD üçgeninin alanı kaç $\text{cm}^2$ dir?
ec0c9070-8f77-5298-9a8e-72e5e13d6ee5	2020-2021-Acil-Tyt Ayt Geometrinin ilacı Soru Bankası	20	10	158	ok	valid_end_?	widehat{ABD}) = 30^ ext{o}$ $m(\widehat{EDB}) = x$ Buna göre, $x$ kaç derecedir?
3dab354b-a010-58ee-9acc-ef1ba6a32d1c	2020-2021-Acil-Tyt Ayt Geometrinin ilacı Soru Bankası	22	6	216	ok	valid_end_?	^ ext{o}$ olarak ölçen Duygu, CBE açısının ölçüsünü kaç derece olarak ölçebilir?
7833ac8c-828f-52c6-a103-0708b32a6b02	2020-2021-Acil-Tyt Ayt Geometrinin ilacı Soru Bankası	24	8	174	ok	valid_end_?	hat{BDE})$, $m(\widehat{ACB})=m(\widehat{DFE})$. Buna göre, $|BD|$ kaç birimdir?
651eff2f-b43d-50b6-992b-8d897f915ba2	Mikro Orijinal-Tyt Ayt-Geometri Soru Bankası 2	162	9	142	ok	valid_end_?	Alan(ADE) = $9 \text{ cm}^2$ Verilenlere göre, $\frac{|DE|}{|BC|}$ oranı kaçtır?
9b3cb4a1-83b3-581f-aa22-91652470a227	2020-2021-Acil-Tyt Ayt Geometrinin ilacı Soru Bankası	24	9	175	ok	valid_end_?	hat{EBC})$, $m(\widehat{ABC})=m(\widehat{BED})$. Buna göre, $|DC|$ kaç birimdir?
7d0575eb-21da-57c3-946b-e76790db1b6c	2020-2021-Acil-Tyt Ayt Geometrinin ilacı Soru Bankası	24	11	151	ok	valid_end_?	\widehat{ABC})=100^{\circ}$, $m(\widehat{ABD})=x$. Buna göre, $x$ kaç derecedir?
75c8acbd-44a0-56ec-b30f-3525b5dee0bd	2020-2021-Acil-Tyt Ayt Geometrinin ilacı Soru Bankası	26	9	134	ok	valid_end_?	widehat{BAD})=160^\circ$, $m(\widehat{BAC})=x$ olduğuna göre, $x$ kaç derecedir?
93c76c66-4efe-5f90-9cc7-7ea29ab54dcf	2020-2021-Acil-Tyt Ayt Geometrinin ilacı Soru Bankası	26	10	128	ok	valid_end_?	C|$, $|BD|=|DC|$, $|AE|=|IBFI|$ olduğuna göre, $\frac{|DE|}{|DF|}$ oranı kaçtır?
5214f75e-97fc-5ace-a2b5-3a35633d4dbc	2020-2021-Acil-Tyt Ayt Geometrinin ilacı Soru Bankası	26	11	91	ok	valid_end_?	eşkenar üçgenler, $|BE|=3x-1$ birim, $|CD|=x+7$ birim olduğuna göre, $x$ kaçtır?
0e7a5f3d-e353-5574-8ce9-fef8e48d7ba0	2020-2021-Acil-Tyt Ayt Geometrinin ilacı Soru Bankası	30	8.	108	ok	valid_end_?	 $|AL| = |LE|$, $|BD| = |DC|$, $|KL| = 1$ birim. Buna göre, $|AB|$ kaç birimdir?
127d1818-b38e-540e-808f-7cee183c7583	2020-2021-Acil-Tyt Ayt Geometrinin ilacı Soru Bankası	30	9.	146	ok	valid_end_?	F| = 4$ birim, $|CD| = 10$ birim. Buna göre, $|BC| + |KF|$ toplamı kaç birimdir?
b5c54426-43c5-5f9e-80a2-78496cb9c782	Mikro Orijinal-Tyt Ayt-Geometri Soru Bankası 2	166	8	184	ok	valid_end_?	alı bölgelerin alanları birbirine eşit olduğuna göre, $|AF| = x$ kaç $cm^2$'dir?
3e7fab3b-f79e-586b-83bc-8ae03b0c3193	2020-2021-Acil-Tyt Ayt Geometrinin ilacı Soru Bankası	30	10.	147	ok	valid_end_?	| = 16$ birim, $|DC| = 12$ birim. Buna göre, $|CE| + |AH|$ toplamı kaç birimdir?
c37c1aa6-096d-5fec-8109-88d78c27da11	2020-2021-Acil-Tyt Ayt Geometrinin ilacı Soru Bankası	30	11.	125	ok	valid_end_?	BE| = |EC|$, $|AC| = 6$ birim, $|ED| = 1$ birim. Buna göre, $|AB|$ kaç birimdir?
394b3149-7f1e-5082-9640-7673c2f2da98	2020-2021-Acil-Tyt Ayt Geometrinin ilacı Soru Bankası	32	8	135	ok	valid_end_?	C| = 10$ birim, $|BE| = 4$ birim. Buna göre, ADE üçgeninin çevresi kaç birimdir?
05f50553-8510-51bf-b3be-1809e86ac6da	2020-2021-Acil-Tyt Ayt Geometrinin ilacı Soru Bankası	32	9	114	ok	valid_end_?	| = |KB|$, $KL // BD$, $|AD| = |DC| = 20$ birim. Buna göre, $|KL|$ kaç birimdir?
1451ab60-a3db-5de0-ba58-de59277fe377	2020-2021-Acil-Tyt Ayt Geometrinin ilacı Soru Bankası	32	10	137	ok	valid_end_?	BC}) = 40^\circ$, $m(\widehat{ACB}) = 50^\circ$. Buna göre, $|BC|$ kaç birimdir?
a7fdb4b9-2699-5688-975f-2cc1182c28c8	2020-2021-Acil-Tyt Ayt Geometrinin ilacı Soru Bankası	32	11	136	ok	valid_end_?	widehat{BAC}) = 40^\circ$, $m(\widehat{BED}) = x$. Buna göre, $x$ kaç derecedir?
c9c9523b-39e3-5960-84a6-a426b0b433da	2020-2021-Acil-Tyt Ayt Geometrinin ilacı Soru Bankası	84	12	220	ok	valid_end_?	\perp AC$, $|DF| = 3$ birim, $|EFI| = 9$ birim. Buna göre, $|ADI|$ kaç birimdir?
1cf64a72-d968-5a9b-b75e-fb57114cf488	2020-2021-Acil-Tyt Ayt Geometrinin ilacı Soru Bankası	86	9	133	ok	valid_end_?	D| = 4\sqrt{3}$ birim, $|DA| = 3\sqrt{3}$ birim. Buna göre, $|AC|$ kaç birimdir?
09350ab2-5f66-5451-917a-3e25ae9cbb49	2020-2021-Acil-Tyt Ayt Geometrinin ilacı Soru Bankası	86	10	112	ok	valid_end_?	 // (E), |AF| = |FB|, |FE| = |ED|, |EC| = 2 birim. Buna göre, |AE| kaç birimdir?
f87b25ca-512b-5c8e-8097-fe0bd9e7eb8c	2020-2021-Acil-Tyt Ayt Geometrinin ilacı Soru Bankası	88	8	181	ok	valid_end_?	ehat{DBC})$, $|BC| = 6$ birim, $|CE| = 3$ birim. Buna göre, $|ED|$ kaç birimdir?
7fac718c-9ae7-5171-9434-8856e4e39491	2020-2021-Acil-Tyt Ayt Geometrinin ilacı Soru Bankası	88	9	168	ok	valid_end_?	ehat{ACB})$, $|AE| = 8$ birim, $|CD| = 8$ birim. Buna göre, $|BC|$ kaç birimdir?
20433732-9c2a-5dc0-aebe-da6767bab6f0	2020-2021-Acil-Tyt Ayt Geometrinin ilacı Soru Bankası	88	10	145	ok	valid_end_?	 10$ birim, $|EA| = 4$ birim, $|AB| = 16$ birim. Buna göre, $|AD|$ kaç birimdir?
89ee07a0-1220-5c4d-bd7b-ac459af93b59	2020-2021-Acil-Tyt Ayt Geometrinin ilacı Soru Bankası	88	11	115	ok	valid_end_?	 $ED \perp AC$, $|AE| = |EB|$, $|AD| = 1$ birim. Buna göre, $|DC|$ kaç birimdir?
3377a49e-3b74-527d-981b-24ca434f539c	2020-2021-Acil-Tyt Ayt Geometrinin ilacı Soru Bankası	92	8	129	ok	valid_end_?	|=4\sqrt{5}$ birim, $|DC|=\sqrt{5}$ birim. Buna göre, $A(ABC)$ kaç birimkaredir?
d7f472e8-4dc3-575a-8919-150ba2d5c11d	2020-2021-Acil-Tyt Ayt Geometrinin ilacı Soru Bankası	92	9	146	ok	valid_end_?	idehat{BAD})=15^{\circ}$, $|AB|=12$ birim. Buna göre, $A(ADC)$ kaç birimkaredir?
afc5a28b-0f1f-5c27-85c6-1711f1309801	2020-2021-Acil-Tyt Ayt Geometrinin ilacı Soru Bankası	92	10	128	ok	valid_end_?	3$ birim, $|EC|=5$ birim. Buna göre, $A(ABD) + A(AEC)$ toplamı kaç birimkaredir?
f26c0bb8-bcb5-5497-bd3a-6434cff10c59	2020-2021-Acil-Tyt Ayt Geometrinin ilacı Soru Bankası	92	11	148	ok	valid_end_?	t{ACB})=2 \cdot m(\widehat{BAD})=2\alpha$. Buna göre, $A(ABC)$ kaç birimkaredir?
3e499058-c858-572a-800d-fde0cc82e0f7	2020-2021-Acil-Tyt Ayt Geometrinin ilacı Soru Bankası	94	8	101	ok	valid_end_?	|$, $|BC|=2|EC|$. Buna göre, $\frac{A(\text{DBE})}{A(\text{ABC})}$ oranı kaçtır?
75b72cc5-cf60-58e6-bfd5-22f406de4e2b	2020-2021-Acil-Tyt Ayt Geometrinin ilacı Soru Bankası	94	9	109	ok	valid_end_?	 $|AD|=|DC|$, $|AB|=|EF|=10$ birim. Buna göre, $A(\text{DEF})$ kaç birimkaredir?
7691da65-ad65-5c0f-83d1-2af4bb983740	2020-2021-Acil-Tyt Ayt Geometrinin ilacı Soru Bankası	94	11	160	ok	valid_end_?	 \cdot A(\text{EDC})=24$ birimkare. Buna göre, $A(\text{EBC})$ kaç birimkaredir?
cd596a59-e494-5780-a0d2-d211fbe9733c	2020-2021-Acil-Tyt Ayt Geometrinin ilacı Soru Bankası	96	8	126	ok	valid_end_?	dot |DC|$. Buna göre, $\frac{A(\widehat{ADE})}{A(\widehat{BEDC})}$ oranı kaçtır?
a97f2615-30fa-5713-abea-7eda90385904	2020-2021-Acil-Tyt Ayt Geometrinin ilacı Soru Bankası	96	9	132	ok	valid_end_?	dot |AG|$. Buna göre, $\frac{A(\widehat{DEFG})}{A(\widehat{ABC})}$ oranı kaçtır?
3183c837-19b0-5a8f-a8a8-10e5cbbbf5d3	2020-2021-Acil-Tyt Ayt Geometrinin ilacı Soru Bankası	96	10	156	ok	valid_end_?	$|AD| = |DC|$, $|AE| = 3$ birim. Buna göre, $A(\widehat{ABD})$ kaç birimkaredir?
72572f48-d0bb-53a6-a1be-324f2008ef9e	2020-2021-Acil-Tyt Ayt Geometrinin ilacı Soru Bankası	96	11	131	ok	valid_end_?	E| = |ED|$. Buna göre, $\frac{A(\widehat{ABE})}{A(\widehat{ABC})}$ oranı kaçtır?
0b22f99c-a4df-5ba3-a570-60aeaabc678a	Mikro Orijinal-Tyt Ayt-Geometri Soru Bankası 2	191	Örnek 2	149	ok	valid_end_?	 $|AB|=8$ cm. $[EF]$ orta taban olduğuna göre, ifadelerinden hangileri doğrudur?
6e5c8929-6cd5-5db2-a164-63faf66627c4	2020-2021-Acil-Tyt Ayt Geometrinin ilacı Soru Bankası	100	8	146	ok	valid_end_?	|AB| = 6$ birim, $|AC| = 10$ birim. Buna göre, $A(\text{ABC})$ kaç birimkaredir?
9cc67318-cf6b-5752-aeb4-6b03be56d64c	2020-2021-Acil-Tyt Ayt Geometrinin ilacı Soru Bankası	130	11	133	ok	valid_end_?	 AB$, $|AF| = 4$ birim, $|BC| = 5$ birim. Buna göre, $A(ABCD)$ kaç birimkaredir?
87a10cfb-1e50-5071-9231-bf6a005d1c32	2020-2021-Acil-Tyt Ayt Geometrinin ilacı Soru Bankası	136	9	111	ok	valid_end_?	17}$ birim $IBCI = 8$ birim $Alan(ABCD) = 2x^2$ birimkare Buna göre, $x$ kaçtır?
d3618557-5443-5a9e-8854-3a847dcdf5c3	2020-2021-Acil-Tyt Ayt Geometrinin ilacı Soru Bankası	138	8	113	ok	valid_end_?	|CE| = 3$ birim, $|AF| = |EB| = 6$ birim. Buna göre, $A(ABCD)$ kaç birimkaredir?
9f062822-e70c-53b5-b999-4e94aeceb5a9	2020-2021-Acil-Tyt Ayt Geometrinin ilacı Soru Bankası	138	10	124	ok	valid_end_?	irim, $|DA| = 6$ birim, $|AB| = 10$ birim. Buna göre, $A(AEB)$ kaç birimkaredir?
ee09771f-c94e-506f-9ab5-3cd5294d513d	2020-2021-Acil-Tyt Ayt Geometrinin ilacı Soru Bankası	138	11	117	ok	valid_end_?	 = 3$ birim, $|CE| = 4$ birim, $|EF| = 2$ birim. Buna göre, $|BC|$ kaç birimdir?
16cc8557-c11e-5d2a-83b1-27401beea1ce	2020-2021-Acil-Tyt Ayt Geometrinin ilacı Soru Bankası	140	8	105	ok	valid_end_?	2 \cdot |AL|$, $|DK| = |KC|$. Buna göre, $\frac{A(ALCK)}{A(ABCD)}$ oranı kaçtır?
28e6e63f-801c-51b5-aee6-4f9e049fffbf	2020-2021-Acil-Tyt Ayt Geometrinin ilacı Soru Bankası	140	9	144	ok	valid_end_?	C|$, $|AD| = 6$ birim, $|DC| = 12$ birim. Buna göre, $A(EBFK)$ kaç birimkaredir?
2fcfb040-319e-5b8a-ab1f-7605a7754a2f	Mikro Orijinal-Tyt Ayt-Geometri Soru Bankası 2	197	8	160	ok	valid_end_?	ukları ile oluşturulan düzlemsel şekilde $m(\text{DCF}) = \alpha$ kaç derecedir?
485ca327-f663-5c33-bd1f-a708a63a5e15	2020-2021-Acil-Tyt Ayt Geometrinin ilacı Soru Bankası	140	10	113	ok	valid_end_?	|DK| = |KC|$, $A(ABCD) = 64 \text{ br}^2$. Buna göre, $A(DKL)$ kaç birimkaredir?
9b26f893-f403-546c-a532-179ff7cf78ae	2020-2021-Acil-Tyt Ayt Geometrinin ilacı Soru Bankası	146	8	89	ok	valid_end_?	 $AC \cap BE = \{F\}$ $|DE|=|EC|$ $|CB|=6$ birim Buna göre, $|EF|$ kaç birimdir?
2ae38808-9839-558f-9b38-bf3366194933	2020-2021-Acil-Tyt Ayt Geometrinin ilacı Soru Bankası	146	9	102	ok	valid_end_?	im $|CF|=2\sqrt{2}$ birim $|AF|=4\sqrt{2}$ birim Buna göre, $|GB|$ kaç birimdir?
456fb9d8-97ab-559a-a904-a4e7c89904f1	2020-2021-Acil-Tyt Ayt Geometrinin ilacı Soru Bankası	146	10	96	ok	valid_end_?	egen $EF \perp BC$ $|CF|=3$ birim $|AB|=7$ birim Buna göre, $|EB|$ kaç birimdir?
ad11e4fd-6afe-5b17-a2d2-a0203f92448f	2020-2021-Acil-Tyt Ayt Geometrinin ilacı Soru Bankası	148	8	119	ok	valid_end_?	|EF| = 2$ birim $|AD| = 10$ birim Buna göre, ADE üçgeninin çevresi kaç birimdir?
26e765c6-d385-582a-b498-7a09b92ebf3c	2020-2021-Acil-Tyt Ayt Geometrinin ilacı Soru Bankası	148	9	105	ok	valid_end_?	|DE| = 4\sqrt{2}$ birim $|EG| = \sqrt{2}$ birim Buna göre, $|EFI|$ kaç birimdir?
870579d5-7fad-59fd-be78-c86bbb37b0bf	2020-2021-Acil-Tyt Ayt Geometrinin ilacı Soru Bankası	254	12	112	ok	valid_end_?	denklemleri şekilde verildiğine göre, A noktasının koordinatları toplamı kaçtır?
f3141e98-b06e-55ae-bb7e-5c9e5ef928a5	2020-2021-Acil-Tyt Ayt Geometrinin ilacı Soru Bankası	4	9	122	ok	valid_end_?	widehat{ECF}) = 54^\circ$, $m(\widehat{ABD}) = x$. Buna göre, $x$ kaç derecedir?
ae50bb33-03b8-5b60-80b9-276b352a5310	2020-2021-Acil-Tyt Ayt Geometrinin ilacı Soru Bankası	4	10	155	ok	valid_end_?	idehat{BCD}) = 140^\circ$, $m(\widehat{AEF}) = x$. Buna göre, $x$ kaç derecedir?
0591f3d0-51c2-503c-8ca8-fea4fbd81237	2020-2021-Acil-Tyt Ayt Geometrinin ilacı Soru Bankası	4	11	148	ok	valid_end_?	widehat{BCE}) = 50^\circ$, $m(\widehat{CEF}) = x$. Buna göre, $x$ kaç derecedir?
0585e608-e16f-570b-9216-e4f0ac647f77	2020-2021-Acil-Tyt Ayt Geometrinin ilacı Soru Bankası	6	9	129	ok	valid_end_?	idehat{ABC}) = 135^\circ$, $m(\widehat{DAB}) = x$. Buna göre, $x$ kaç derecedir?
ea23287b-4d18-576b-8318-dc73847a9370	2020-2021-Acil-Tyt Ayt Geometrinin ilacı Soru Bankası	14	10	138	ok	valid_end_?	(\widehat{BCE})=30^{\circ}$, $m(\widehat{ACF})=x$. Buna göre, $x$ kaç derecedir?
88100619-e5d3-5ed9-a49c-ae4c45461b1f	2020-2021-Acil-Tyt Ayt Geometrinin ilacı Soru Bankası	16	8	135	ok	valid_end_?	idehat{EDC}) = 60^ ext{o}$, $m(\widehat{ABD}) = x$ Buna göre, $x$ kaç derecedir?
dceba00b-e6e0-5c7b-b172-2769941d6db8	2020-2021-Acil-Tyt Ayt Geometrinin ilacı Soru Bankası	16	9	152	ok	valid_end_?	dehat{DFC}) = 100^ ext{o}$, $m(\widehat{DEF}) = x$ Buna göre, $x$ kaç derecedir?
d375e288-7eed-5c1f-847a-a2bfd3d18ebc	2020-2021-Acil-Tyt Ayt Geometrinin ilacı Soru Bankası	16	11	123	ok	valid_end_?	idehat{AED}) = 100^ ext{o}$ $m(\widehat{ABC}) = x$ Buna göre, $x$ kaç derecedir?
f51dfbef-24df-5ed3-8569-09633588e391	2020-2021-Acil-Tyt Ayt Geometrinin ilacı Soru Bankası	40	8	107	ok	valid_end_?	|CB| = |BD| = 4$ birim, $|AE| = |ED| = 3$ birim. Buna göre, $|AC|$ kaç birimdir?
820bc3f1-9679-5936-b165-ef7347286d0e	2020-2021-Acil-Tyt Ayt Geometrinin ilacı Soru Bankası	44	8	121	ok	valid_end_?	C$, $|AD|=|DB|$, $|BE|=2$ birim, $|EC|=6$ birim. Buna göre, $|DE|$ kaç birimdir?
f0ce8c3c-e225-5e92-9f56-62821c2203d8	2020-2021-Acil-Tyt Ayt Geometrinin ilacı Soru Bankası	44	9	124	ok	valid_end_?	 $|AD|=4$ birim, $|BD|=2$ birim, $|EC|=5$ birim. Buna göre, $|AE|$ kaç birimdir?
0ebdf0c3-5e2a-59b8-8702-1886ee522a69	2020-2021-Acil-Tyt Ayt Geometrinin ilacı Soru Bankası	44	10	141	ok	valid_end_?	im, $|EF|=9$ birim. A,B,C noktaları doğrusal olduğuna göre, $|BE|$ kaç birimdir?
dee00f4f-a2fb-598f-b622-d437435741be	2020-2021-Acil-Tyt Ayt Geometrinin ilacı Soru Bankası	44	11	126	ok	valid_end_?	parallel DB$, $|IEC|=8$ birim, $|EFI|=2$ birim. Buna göre, $|ADI|$ kaç birimdir?
4472a963-137a-5a74-9260-8d0d88c47922	Mikro Orijinal-Tyt Ayt-Geometri Soru Bankası 2	229	8	122	ok	valid_end_?	 \parallel DC$, $|DC|=3$ cm, $|EB|=5$ cm. Verilenlere göre, $|AB|=x$ kaç cm'dir?
94ce6dfa-ff73-5004-9470-04e67305b79e	2020-2021-Acil-Tyt Ayt Geometrinin ilacı Soru Bankası	46	8	125	ok	valid_end_?	| = |AC|$, $|EDI| = 12$ birim, $|CD| = 9$ birim. Buna göre, $|BE|$ kaç birimdir?
9cfd5c77-f1c4-5716-9c65-197e72125839	2020-2021-Acil-Tyt Ayt Geometrinin ilacı Soru Bankası	46	9	147	ok	valid_end_?	DA| = |AC|$, $|BD| = 6$ birim, $|DE| = 2$ birim. Buna göre, $|AE|$ kaç birimdir?
4ab5697a-4d12-54ff-b17f-0e5500cb9229	2020-2021-Acil-Tyt Ayt Geometrinin ilacı Soru Bankası	46	10	131	ok	valid_end_?	BC$, $|BA| = |AF| = 15$ birim, $|AE| = 9$ birim. Buna göre, $|DC|$ kaç birimdir?
73e56d73-9db2-57f1-8f49-ca73205d0ac1	2020-2021-Acil-Tyt Ayt Geometrinin ilacı Soru Bankası	46	11	124	ok	valid_end_?	A| = |AD|$, $|BD| = 9$ birim, $|DC| = 16$ birim. Buna göre, $|EB|$ kaç birimdir?
c31fa3f0-9959-5fbb-90c3-4da09255a786	2020-2021-Acil-Tyt Ayt Geometrinin ilacı Soru Bankası	48	8	130	ok	valid_end_?	widehat{BAC}) = 80^ ext{o}$ $m(\widehat{ACB}) = x$ Buna göre, $x$ kaç derecedir?
5b1c46cd-2102-5178-a03e-b8afcd91d4d8	2020-2021-Acil-Tyt Ayt Geometrinin ilacı Soru Bankası	48	10	130	ok	valid_end_?	 |EC|$, $|AD| = |DC|$ $|AB| = 4$, $|DF| = 4$ birim Buna göre, $x$ kaç derecedir?
faada050-d1c3-58d7-88ee-475dedc80983	2020-2021-Acil-Tyt Ayt Geometrinin ilacı Soru Bankası	48	9	206	ok	valid_end_?	im ABC açısının açıortayı [BD] doğru parçası olduğuna göre, $|ED|$ kaç birimdir?
65896828-ec4f-5aca-9756-de66e6c7bc1e	2020-2021-Acil-Tyt Ayt Geometrinin ilacı Soru Bankası	52	10	163	ok	valid_end_?	at{BAE})=45^\circ$, $m(\widehat{AEC})=75^\circ$. Buna göre, $|BD|$ kaç birimdir?
cc220070-2483-52a1-8a83-357725fb7a96	2020-2021-Acil-Tyt Ayt Geometrinin ilacı Soru Bankası	52	11	117	ok	valid_end_?	at{ABC})=45^\circ$, $m(\widehat{ACB})=30^\circ$. Buna göre, $|AB|$ kaç birimdir?
6e1069f9-633b-5bd4-a0e3-c041cc77627d	2020-2021-Acil-Tyt Ayt Geometrinin ilacı Soru Bankası	70	8	137	ok	valid_end_?	\widehat{ADC}) = 2 \cdot m(\widehat{DAC}) = 2x$. Buna göre, $|AD|$ kaç birimdir?
2cb90d7b-b0e9-5645-86b6-4589ef7a9bdf	2020-2021-Acil-Tyt Ayt Geometrinin ilacı Soru Bankası	74	10.	130	ok	valid_end_?	| = |FG|$ $|BD| = |DC|$ $|AE| = |EC| = 12$ birim Buna göre, $|KF|$ kaç birimdir?
34f94fca-c742-5da9-8fcf-8d5506c3e41c	2020-2021-Acil-Tyt Ayt Geometrinin ilacı Soru Bankası	80	8	107	ok	valid_end_?	$|CD|=2$ birim, $|BD|=16$ birim, $|AD|=5$ birim. Buna göre, $|AB|$ kaç birimdir?
e3f72aae-081a-5438-86ec-9c679468d271	2020-2021-Acil-Tyt Ayt Geometrinin ilacı Soru Bankası	80	10	116	ok	valid_end_?	|AB|=16$ birim, $|BD|=8$ birim, $|EC|=18$ birim. Buna göre, $|AC|$ kaç birimdir?
b6ec3d44-008c-5efd-b353-c77e4bb00bd6	2020-2021-Acil-Tyt Ayt Geometrinin ilacı Soru Bankası	80	11	157	ok	valid_end_?	 $|DB|=6$ birim, $|BC|=3$ birim, $|CD|=5$ birim. Buna göre, $|AB|$ kaç birimdir?
4609f93c-0b7b-52dd-9bd2-fd0efffc983a	2020-2021-Acil-Tyt Ayt Geometrinin ilacı Soru Bankası	82	10	126	ok	valid_end_?	\widehat{DAB})$, $|CD|=5$ birim, $|DB|=4$ birim. Buna göre, $|AB|$ kaç birimdir?
2a2c6156-ce75-59d3-9d4c-d4fdab4f0f76	2020-2021-Acil-Tyt Ayt Geometrinin ilacı Soru Bankası	82	11	148	ok	valid_end_?	 $|AB|=9$ birim, $|EC|=3$ birim, $|CD|=5$ birim. Buna göre, $|AE|$ kaç birimdir?
44dc5336-aa3f-5225-b4b9-264bcb1756ba	2020-2021-Acil-Tyt Ayt Geometrinin ilacı Soru Bankası	84	10	133	ok	valid_end_?	m, $|IBK| = 3\sqrt{5}$ birim, $|IFE| = 6$ birim. Buna göre, $|KC|$ kaç birimdir?
d292c8f5-1d5e-500f-96b4-6238590bd0dd	2020-2021-Acil-Tyt Ayt Geometrinin ilacı Soru Bankası	84	11	194	ok	valid_end_?	= 4$ birim, $|AE| = 12$ birim, $|EB| = 6$ birim. Buna göre, $|CB|$ kaç birimdir?
cc232d7e-ce11-5136-8efc-06b7f79f748e	2020-2021-Acil-Tyt Ayt Geometrinin ilacı Soru Bankası	118	8	128	ok	valid_end_?	widehat{EFG}) = 25^ ext{o}$ $m(\widehat{EGF}) = x$ Buna göre, $x$ kaç derecedir?
e9907ef9-0d23-5404-9b88-42f818b1b15f	2020-2021-Acil-Tyt Ayt Geometrinin ilacı Soru Bankası	118	11	175	ok	valid_end_?	ABF}) = m(\widehat{FBC})$ Buna göre, ABCD paralelkenarının çevresi kaç birimdir?
88a9e25a-060c-5f79-b76f-6e861124eae4	2020-2021-Acil-Tyt Ayt Geometrinin ilacı Soru Bankası	120	8	128	ok	valid_end_?	 $|DE|=5$ birim, $|DF|=8$ birimdir. Buna göre, $\frac{|AD|}{|DC|}$ oranı kaçtır?
c70b5703-c010-5b72-9237-0e3d12b3a96a	2020-2021-Acil-Tyt Ayt Geometrinin ilacı Soru Bankası	120	10	105	ok	valid_end_?	|FB|$, $|DE|=2 \cdot |EC|$ dir. Buna göre, $\frac{A(ADE)}{A(FEB)}$ oranı kaçtır?
297be61c-772f-52b5-a5f5-c2ab94e4a4b4	2020-2021-Acil-Tyt Ayt Geometrinin ilacı Soru Bankası	122	9.	191	ok	valid_end_?	) = $4 \cdot$ A($\widehat{CEB}$) Buna göre, A($\widehat{CEB}$) kaç birimkaredir?
d5f1fb6c-cfbf-5452-8fb3-95a1cf916e51	2020-2021-Acil-Tyt Ayt Geometrinin ilacı Soru Bankası	122	10.	142	ok	valid_end_?	allel AB$ $|MN| = 2$ birim $|LB| = 6$ birim Buna göre, A(DEGK) kaç birimkaredir?
adc7ed94-9e21-5780-b580-bc036d331bb3	2020-2021-Acil-Tyt Ayt Geometrinin ilacı Soru Bankası	124	9.	105	ok	valid_end_?	rp AC$ $|DC| = 13$ birim $|AE| = 12$ birim Buna göre, $A(ADE)$ kaç birimkaredir?
211c03d2-3e0b-5571-8b76-0e2e4dcca719	2021-2022-Apotemi-Trigonometri	76	14.	365	ok	valid_end_.	ac{|OC| \cdot |AB|}{2} = \frac{1 \cdot (\tan \alpha + \cot \alpha)}{2}$ bulunur.
5c59f127-4ed2-57f9-ab8b-dc91e5b09815	2020-2021-Acil-Tyt Ayt Geometrinin ilacı Soru Bankası	124	10.	115	ok	valid_end_?	erp DB$ $|AD| = 9$ birim $|EB| = 6$ birim Buna göre, $A(ABCD)$ kaç birimkaredir?
236a20e2-a46b-538f-b911-6c9e8a80c85c	2020-2021-Acil-Tyt Ayt Geometrinin ilacı Soru Bankası	126	9	126	ok	valid_end_?	birim, $|EF| = 3$ birim, $|BF| = 4$ birim. Buna göre, $A(ADE)$ kaç birimkaredir?
b2942b84-3193-53cd-972d-0ba6b5873c7f	2020-2021-Acil-Tyt Ayt Geometrinin ilacı Soru Bankası	130	8	124	ok	valid_end_?	 6$ birim, $m(\widehat{DAB}) = 45^\circ$. Buna göre, $A(ABCD)$ kaç birimkaredir?
5daa15aa-2628-511a-98a0-161767e3c4b6	2020-2021-Acil-Tyt Ayt Geometrinin ilacı Soru Bankası	172	9	103	ok	valid_end_?	FD dörtgen, $|DA| = |DF|$, $m(\widehat{DFB}) = x$. Buna göre, $x$ kaç derecedir?
ae1091b0-2a7b-5098-9413-fa9b684638f6	2020-2021-Acil-Tyt Ayt Geometrinin ilacı Soru Bankası	172	10	99	ok	valid_end_?	, EC köşegen, $|EFI| = 6$ birim, $|IEGI = |GA|$. Buna göre, $|FG|$ kaç birimdir?
cf31dcd0-7c2b-52b6-9721-0497b9ca3fc8	2020-2021-Acil-Tyt Ayt Geometrinin ilacı Soru Bankası	180	8	128	ok	valid_end_?	 $m(\widehat{BD})=20^\circ$, $m(\widehat{CAE})=x$. Buna göre, $x$ kaç derecedir?
3467fde8-a9bb-5b4c-a3ce-9f88dbb5ef8a	2020-2021-Acil-Tyt Ayt Geometrinin ilacı Soru Bankası	196	8	144	ok	valid_end_?	$ $|CD| = 4$ birim $|EF| = 3$ birim Buna göre, $|AD| - |EB|$ farkı kaç birimdir?
8f1cfd0b-37ab-5b4a-b2d2-e2afdfa5ccd2	2020-2021-Acil-Tyt Ayt Geometrinin ilacı Soru Bankası	196	9	161	ok	valid_end_?	EI = IBCI$, $IABI = 10$ birim, $IEBI = 6$ birim Buna göre, $|DCI|$ kaç birimdir?
39a6310a-4ea8-51c3-ba33-c37a96798b32	2020-2021-Acil-Tyt Ayt Geometrinin ilacı Soru Bankası	202	11	198	ok	valid_end_?	45^\circ$. Buna göre, boyalı bölgelerin alanları toplamı kaç $\pi$ birimkaredir?
9c30e370-0cd4-5f03-8218-3e3de9d32071	2020-2021-Acil-Tyt Ayt Geometrinin ilacı Soru Bankası	208	8.	150	ok	valid_end_?	mdir. Prizmanın hacmi $64\sqrt{5}$ birimküp olduğuna göre, $|A'C|$ kaç birimdir?
d1a2d796-4909-55c0-9590-9f6120fd4f5b	2020-2021-Acil-Tyt Ayt Geometrinin ilacı Soru Bankası	150	11	110	ok	valid_end_?	 $FG \perp AD$ $|AE| = 3$ birim $|EB| = 1$ birim Buna göre, $|FG|$ kaç birimdir?
afbc8d18-c559-5813-b45a-7d98515f0861	2020-2021-Acil-Tyt Ayt Geometrinin ilacı Soru Bankası	158	8	133	ok	valid_end_?	AD|=|DC|$, $|FD|=4$ birim, $|CE|=8$ birim. Buna göre, $A(DEC)$ kaç birimkaredir?
4f6b5732-1880-5ef0-aec3-e5ec50b6a2a8	2020-2021-Acil-Tyt Ayt Geometrinin ilacı Soru Bankası	160	8	163	ok	valid_end_?	D| = 6\sqrt{2}$ birim, $|AB| = 18$ birim. Buna göre, $A(ABCD)$ kaç birimkaredir?
fe1f76d3-8e5f-534e-a090-8e79bf88d1e4	2020-2021-Acil-Tyt Ayt Geometrinin ilacı Soru Bankası	160	9	139	ok	valid_end_?	$A(ADC) = 10 \text{ br}^2$. Buna göre, $A(ABE) - A(DEC)$ farkı kaç birimkaredir?
54523b8b-be85-549a-8c09-b515014b140e	2020-2021-Acil-Tyt Ayt Geometrinin ilacı Soru Bankası	160	10	157	ok	valid_end_?	ICEI = IEBI$, $A(ABCD) = 32 \text{ br}^2$. Buna göre, $A(DAF)$ kaç birimkaredir?
9127e6d6-a73a-51b0-bae3-bb1d5a8afd68	2020-2021-Acil-Tyt Ayt Geometrinin ilacı Soru Bankası	160	11	150	ok	valid_end_?	\sqrt{3}$ birim, $m(\widehat{DAB}) = 60^\circ$. Buna göre, $|EFI|$ kaç birimdir?
456c98f8-5bae-5296-a990-1d840e152fd6	2020-2021-Acil-Tyt Ayt Geometrinin ilacı Soru Bankası	54	8	124	ok	valid_end_?	im, $m(\widehat{DAC})=x$, $m(\widehat{ABC})=2x$. Buna göre, $|AC|$ kaç birimdir?
aa62ea1c-8c18-541e-b249-68b87e847cd0	2020-2021-Acil-Tyt Ayt Geometrinin ilacı Soru Bankası	54	10	108	ok	valid_end_?	, $|BD|=|DA|$, $|AC|=20$ birim, $|CE|=15$ birim. Buna göre, $|BE|$ kaç birimdir?
f629d323-c0e3-57eb-90a2-02a4e0745ed4	2020-2021-Acil-Tyt Ayt Geometrinin ilacı Soru Bankası	66	8	145	ok	valid_end_?	AB|=24$ birim, $|AD|=12$ birim, $|DC|=18$ birim. Buna göre, $|BF|$ kaç birimdir?
369791aa-bb0e-5180-b8f9-33b507b84c94	2020-2021-Acil-Tyt Ayt Geometrinin ilacı Soru Bankası	66	10	150	ok	valid_end_?	idehat{DCA})$, $|AC|=6$ birim, $|CD|=4$ birim. Buna göre, $|ED|=x$ kaç birimdir?
4192b51c-fb8d-5ae9-a217-17c29f7db33d	2020-2021-Acil-Tyt Ayt Geometrinin ilacı Soru Bankası	66	11	145	ok	valid_end_?	AB|=24$ birim, $|AD|=12$ birim, $|DC|=18$ birim. Buna göre, $|FC|$ kaç birimdir?
609b97c6-c55a-5f04-b154-c365668b509e	2020-2021-Acil-Tyt Ayt Geometrinin ilacı Soru Bankası	68	8	136	ok	valid_end_?	$|AD| = 5$ birim, $|DB| = 4$ birim. Buna göre, $\frac{|DE|}{|EC|}$ oranı kaçtır?
40f48e9b-8791-5c5d-88b4-be914aec4141	2020-2021-Acil-Tyt Ayt Geometrinin ilacı Soru Bankası	68	9	126	ok	valid_end_?	C| = 16$ birim, $|BD| = 4$ birim. Buna göre, ABC üçgeninin çevresi kaç birimdir?
d120ceb3-bce5-514a-b262-79966437931c	2020-2021-Acil-Tyt Ayt Geometrinin ilacı Soru Bankası	68	10	139	ok	valid_end_?	 = 8$ birim, $|BD| = 6$ birim, $|DF| = 3$ birim. Buna göre, $|BC|$ kaç birimdir?
76adc9c8-5e14-50bb-9c34-16feb66a00f3	2020-2021-Acil-Tyt Ayt Geometrinin ilacı Soru Bankası	68	11	114	ok	valid_end_?	]$ açıortay, $|AB| = 3$ birim, $|BC| = 6$ birim. Buna göre, $|BD|$ kaç birimdir?
5ec2e06a-efa8-57e9-bafb-a1ed957c1dd7	2020-2021-Acil-Tyt Ayt Geometrinin ilacı Soru Bankası	100	9	174	ok	valid_end_?	|AE| = 5$ birim, $|BC| = 13$ birim. Buna göre, $A(\text{ABC})$ kaç birimkaredir?
57fb38d3-3a1b-5fbf-8426-8bf4db357b7b	2020-2021-Acil-Tyt Ayt Geometrinin ilacı Soru Bankası	100	10	160	ok	valid_end_?	$|FB| = 9$ birim. Buna göre, $\frac{A(\text{CDE})}{A(\text{BEF})}$ oranı kaçtır?
f274be26-7346-51f0-a40a-9aef27be57b3	Mikro Orijinal-Tyt Ayt-Geometri Soru Bankası 2	298	10	76	ok	valid_end_?	O merkez $AO \perp OB$ Verilenlere göre, $m(\widehat{ACB})=x$ kaç derecedir?
6a721b4d-4170-5181-a810-6c01662d11e1	2020-2021-Acil-Tyt Ayt Geometrinin ilacı Soru Bankası	112	8	147	ok	valid_end_?	3$ birim, $|AD|=9$ birim, $|BC|=7$ birim, $|IM|=x$ birim. Buna göre, $x$ kaçtır?
9b511a7f-088c-5480-ab84-8ebd031b86c5	2020-2021-Acil-Tyt Ayt Geometrinin ilacı Soru Bankası	114	10	172	ok	valid_end_?	im $[AO]$, $[BO]$, $[CO]$ ve $[DO]$ açıortay olduğuna göre, $|AB|$ kaç birimdir?
d8f66c24-19ef-5de4-b35c-3e035bc439d7	2020-2021-Acil-Tyt Ayt Geometrinin ilacı Soru Bankası	182	11	162	ok	valid_end_?	45^\circ$, $m(\text{FAB})=50^\circ$. Buna göre, $m(\text{DCE})=x$ kaç derecedir?
f279de50-268d-5298-a132-4bec48023d0e	2020-2021-Acil-Tyt Ayt Geometrinin ilacı Soru Bankası	184	11.	117	ok	valid_end_?	n, $|CD|=|DB|$, $|AD|=|OD|$, $m(\widehat{COB})=x$. Buna göre, $x$ kaç derecedir?
36f2137a-f900-5ca3-82f7-c5f92f472f6c	2020-2021-Acil-Tyt Ayt Geometrinin ilacı Soru Bankası	188	10	105	ok	valid_end_?	 = 9$ birim, $|BC| = 17$ birim, $|AC| = 8$ birim Buna göre, $|DC|$ kaç birimdir?
d7f788f1-680f-54af-8a87-0e1e62920906	2020-2021-Acil-Tyt Ayt Geometrinin ilacı Soru Bankası	190	10	143	ok	valid_end_?	$ birim $|OE| = \sqrt{5}$ birim $|AB| = 8$ birim Buna göre, $|DC|$ kaç birimdir?
bb5ad990-20ff-5dd7-a288-676773300a83	2020-2021-Acil-Tyt Ayt Geometrinin ilacı Soru Bankası	192	9	138	ok	valid_end_?	$[BA$, O merkezli çembere A noktasında teğet olduğuna göre, $|CB|$ kaç birimdir?
1ee7b617-85eb-59b3-9df4-b16274c799b8	2020-2021-Acil-Tyt Ayt Geometrinin ilacı Soru Bankası	162	9	186	ok	valid_end_?	irim, $|ICBI| = 12$ birim, $|IAB| = 25$ birim. Buna göre, $|IEFI|$ kaç birimdir?
62c7e5c4-a416-5c07-bb66-510af827de87	2020-2021-Acil-Tyt Ayt Geometrinin ilacı Soru Bankası	162	10	116	ok	valid_end_?	el AB$, $|IDCI| = 8$ birim, $|KML| = 12$ birim. Buna göre, $|IAB|$ kaç birimdir?
47a904e6-ff6e-59de-bcc2-5810077973a0	2020-2021-Acil-Tyt Ayt Geometrinin ilacı Soru Bankası	162	11	154	ok	valid_end_?	birim, $|IEC| = 15$ birim, $|IAB| = 24$ birim. Buna göre, $|IBCI|$ kaç birimdir?
ed49ed31-fed3-5b85-9b03-40bf77773b3e	2020-2021-Acil-Tyt Ayt Geometrinin ilacı Soru Bankası	164	9	147	ok	valid_end_?	$, $m(\text{DCA})=30^\circ$, $m(\text{AEF})=x$ olduğuna göre, $x$ kaç derecedir?
84c86f81-2137-564a-bc7a-b4f8d4f62fb8	2020-2021-Acil-Tyt Ayt Geometrinin ilacı Soru Bankası	164	11	152	ok	valid_end_?	=8$ birim, $A(\text{ABCD})=160 \text{ br}^2$ olduğuna göre, $|FB|$ kaç birimdir?
f4801fe0-9cf2-5047-8b90-14e302cb41dc	2020-2021-Acil-Tyt Ayt Geometrinin ilacı Soru Bankası	212	9	109	ok	valid_end_?	 birim, $|AK|=2$ birimdir. Buna göre, $ABCD$ dörtgeninin alanı kaç birimkaredir?
554c43ed-5628-504b-9d63-934444432d49	2020-2021-Acil-Tyt Ayt Geometrinin ilacı Soru Bankası	218	8	175	ok	valid_end_?	=5$ birim, $|FB|=3$ birimdir. Buna göre, silindirin hacmi kaç $\pi$ birimküptür?
b8d94e47-b339-5219-990d-ab5be20ea23a	2020-2021-Acil-Tyt Ayt Geometrinin ilacı Soru Bankası	258	12	72	ok	valid_end_?	$|BC| = 12$ birim olduğuna göre, $ABC$ üçgeninin alanı kaç birimkaredir?
e7471b24-3587-5aa7-a1d1-c4f4d2e5b928	2020-2021-ACİL-AYT Matematik Soru Bankası	168	10	173	ok	valid_end_?	AE| = 4$ cm, $m(\widehat{DFC}) = \alpha$ dır. Buna göre, $\alpha$ kaç derecedir?
7d10c8ea-b384-5412-aa2c-2f6a0eb8e916	2021-2022-Apotemi-Limit	81	9.	257	ok	valid_end_?	m_{x \to 0^+} \frac{|BA|^2}{|\widehat{BC}| \cdot |AD|}$ limitinin değeri kaçtır?
51610a0a-2d68-5d6f-8103-51f4a895798f	2020-2021-ACİL-AYT Matematik Soru Bankası	177	20	135	ok	valid_end_?	5^\circ$, $|BH| = 1$ cm, $|HC| = 2$ cm olduğuna göre, $h^2 + 3h$ toplamı kaçtır?
14de77e4-f976-535b-bf30-22d5786c16f3	Mikro Orijinal-Tyt Ayt-Geometri Soru Bankası 2	367	Örnek 3	304	unclear	unknown_end_$	tanesi doğrudur? I. $(A, 1)$ II. $(B, 2)$ III. $(C, 3)$ IV. $(D, 4)$ V. $(E, 4)$
09bb34f8-9bd6-5f8b-a1ad-0826881841b3	2020-2021-Acil-Tyt Ayt Geometrinin ilacı Soru Bankası	270	10	288	ok	valid_end_?	 $[D'C]$ doğru parçası elde ediliyor. Buna göre, $|A'D'|$ uzunluğu kaç birimdir?
cc632657-386a-5414-a964-cb1d51357e71	2020-2021-Acil-Tyt Ayt Geometrinin ilacı Soru Bankası	270	12	197	ok	valid_end_?	le BAC)=15^\circ$, $m(\angle ACA')=x$. $C \in [A'C']$ olduğuna göre, $x$ kaçtır?
e8f64ca3-9b29-54ab-9b8b-f45488e5345c	Mikro-2024-Tyt Ayt-Geometri Soru Bankası	24	12	80	ok	valid_end_?	[BC \perp {ED} = {H} [BA // EF m(ABC) = 30° olduğuna göre, m(DEF) kaç derecedir?
724151b6-c750-5d8c-92d3-9e5e35913397	Mikro-2024-Tyt Ayt-Geometri Soru Bankası	24	14	80	ok	valid_end_?	[BA // DE m(ABC) = 70° m(CDE) = 130° Buna göre, m(BCD) = x değeri kaç derecedir?
35d719b8-74f7-5d8b-b69f-f8b65953f96d	Mikro-2024-Tyt Ayt-Geometri Soru Bankası	26	12.	158	ok	valid_end_?	(\widehat{CDE}) = 80^\circ$ olduğuna göre, $m(\widehat{DEF}) = x$ kaç derecedir?
fe29d62d-3ed9-519e-9942-12f1ce3b8b6d	Mikro-2024-Tyt Ayt-Geometri Soru Bankası	44	10	120	ok	valid_end_?	, $m(\widehat{BDC})=48^\circ$ olduğuna göre, $m(\widehat{BAC})=x$ kaç derecedir?
44837e40-7a18-58ac-89a8-3af77e0d622a	Mikro-2024-Tyt Ayt-Geometri Soru Bankası	46	12.	139	ok	valid_end_?	 $m(\widehat{ABC}) = 78^\circ$. olduğuna göre, $m(\widehat{EDC})$ kaç derecedir?
cf48401a-1f1b-56f5-b22b-40f5ee2b96dc	Mikro-2024-Tyt Ayt-Geometri Soru Bankası	46	14.	116	ok	valid_end_?	C|$, $m(\widehat{DAE}) = 20^\circ$. Buna göre, $m(\widehat{BAC})$ kaç derecedir?
b17d1b49-fb6a-54ed-a8b4-ee4a9bce4cd8	2020-2021-ACİL-AYT Matematik Soru Bankası	92	8	192	ok	valid_end_?	, $y = f(x)$ fonksiyonunun $[-1, 4]$ aralığındaki ortalama değişim oranı kaçtır?
08800a99-c6ff-5e79-9cd3-21970b1fa06a	Mikro-2024-Tyt Ayt-Geometri Soru Bankası	61	14	139	ok	valid_end_?	= 5$ cm $|AD| = 5$ cm $|CE| = 3$ cm olduğuna göre, $|DE| = x$ kaç santimetredir?
a2937318-7d3d-5ba2-8d11-e48490ef54af	Mikro-2024-Tyt Ayt-Geometri Soru Bankası	63	13	120	ok	valid_end_?	[AC]$ $|BC| = 20$ cm $|DC| = 16$ cm olduğuna göre, $|AD| = x$ kaç santimetredir?
9e30de7a-f2ae-5f52-b71b-c5b893d4fb51	Mikro-2024-Tyt Ayt-Geometri Soru Bankası	79	10	107	ok	valid_end_?	)=60^\circ$, $|AB|=4$ cm, $|BC|=7$ cm olduğuna göre, $|AC|=x$ kaç santimetredir?
f27098b0-b61c-54dd-864d-76e5b246c63f	Mikro-2024-Tyt Ayt-Geometri Soru Bankası	83	8	149	ok	valid_end_?	ED| = 5$ cm $|BC| = 4$ cm $|DC| = 4$ cm Buna göre, $|AB| = x$ kaç santimetredir?
686b1d98-3e6f-5853-850b-4cdcaad1798a	Mikro-2024-Tyt Ayt-Geometri Soru Bankası	95	13	131	ok	valid_end_?	AC]$, $|AE| = 10$ cm, $|BD| = 3$ cm olduğuna göre, $|FC| = x$ kaç santimetredir?
0e0cf489-8ca9-5629-b9dc-0f549a4403f3	Mikro-2024-Tyt Ayt-Geometri Soru Bankası	97	13	137	ok	valid_end_?	 [AB]$, $|DE|=3$ cm, $|EF|=5$ cm olduğuna göre, Çevre $(ABC)$ kaç santimetredir?
57df40c9-68c1-5eaa-ad8b-8ec9c8ba565e	Mikro-2024-Tyt Ayt-Geometri Soru Bankası	97	14	136	ok	valid_end_?	B]$, $|DE|=4\sqrt{3}$ cm, $|DC|=9$ cm olduğuna göre, $|FC|=x$ kaç santimetredir?
a361b357-f675-5193-a6cc-4bad83d6c06c	2022-Apotemi-Turev	186	10	84	ok	valid_end_?	lde, $|AD|+|ED|$ toplamı en küçük değerini aldığında $\tan\alpha$ değeri kaçtır?
90319c08-1ba4-5b26-a6d1-a5073ba77100	2020-2021-Acil-Tyt Ayt Geometrinin ilacı Soru Bankası	194	11	134	ok	valid_end_?	$ birim $|BD| = 2$ birim $|AD| = \sqrt{5}$ birim Buna göre, $|AC|$ kaç birimdir?
fc526bba-af5b-5f1b-9eb0-3126924df0bd	Mikro-2024-Tyt Ayt-Geometri Soru Bankası	119	10	97	ok	valid_end_?	=3|DC|$, Alan$(ABD)=18$ cm$^2$ olduğuna göre, Alan$(ABC)$ kaç santimetrekaredir?
c5fcd68f-423b-5976-8aa1-4058334c963c	Mikro-2024-Tyt Ayt-Geometri Soru Bankası	119	11	135	ok	valid_end_?	2|EC|$, Alan$(ABE)=16$ cm$^2$ olduğuna göre, Alan$(ABCD)$ kaç santimetrekaredir?
9f867bfd-e788-5b0b-a7fd-74e26d39f5c2	Mikro-2024-Tyt Ayt-Geometri Soru Bankası	119	15	127	ok	valid_end_?	AC|$, $|BD|=4$ cm, $|DC|=2$ cm olduğuna göre, Alan$(ABC)$ kaç santimetrekaredir?
ec707f41-e78a-5808-a990-758dbbbc8b2b	Mikro-2024-Tyt Ayt-Geometri Soru Bankası	119	16	110	ok	valid_end_?	=4|DC|$, Alan$(ABC)=60$ cm$^2$ olduğuna göre, Alan$(ABE)$ kaç santimetrekaredir?
b265755a-3a3f-5b41-abb4-b2a717971ded	Mikro-2024-Tyt Ayt-Geometri Soru Bankası	123	12	161	ok	valid_end_?	m, $|BC| = 10$ cm, $|AE| = 6$ cm. Buna göre, Alan$(ABCD)$ kaç santimetrekaredir?
37b0551b-c100-5f4c-92fe-8d257e71ba45	Mikro-2024-Tyt Ayt-Geometri Soru Bankası	135	10	111	ok	valid_end_?	C|=15$ cm, $|AD|=10$ cm, $|DC|=12$ cm olduğuna göre, $|BD|=x$ kaç santimetredir?
c762bfcb-19db-5176-b6c1-49a47f91cb34	Mikro-2024-Tyt Ayt-Geometri Soru Bankası	135	12	122	ok	valid_end_?	C]$, $|AB|=6$ cm, $|BC|=10$ cm olduğuna göre, Alan$(BDC)$ kaç santimetrekaredir?
7ab24a6e-9d77-5229-ba62-0d2374b75244	Mikro-2024-Tyt Ayt-Geometri Soru Bankası	135	15	128	ok	valid_end_?	|DE|=|DC|$, $|EC|=10$ cm, $|BE|=4$ cm olduğuna göre, $|AB|=x$ kaç santimetredir?
733afd36-45b0-57cf-aa6d-3148e5b336c6	Mikro-2024-Tyt Ayt-Geometri Soru Bankası	135	16	123	ok	valid_end_?	AD|=20$ cm, $|AB|=16$ cm, $|BC|=9$ cm olduğuna göre, $|CD|=x$ kaç santimetredir?
12ff729c-ef82-5fc6-951d-fa0834c21df0	Mikro-2024-Tyt Ayt-Geometri Soru Bankası	137	16	114	ok	valid_end_?	$|AE|=|BD|$, $|DE|=3$ cm, $|BE|=9$ cm olduğuna göre, $|EC|=x$ kaç santimetredir?
28c3f7ab-c64e-50ce-8d96-3381e4f2bf71	Mikro-2024-Tyt Ayt-Geometri Soru Bankası	147	12	144	ok	valid_end_?	cm, $|AC|=2\sqrt{10}$ cm, $|BC|=4$ cm olduğuna göre, $|GD|=x$ kaç santimetredir?
e23c2d90-6dd4-5c87-ba24-dcd1ac032db7	Mikro-2024-Tyt Ayt-Geometri Soru Bankası	147	16	128	ok	valid_end_?	|DC|=12$ cm, $|BD|=6$ cm, $|GD|=4$ cm olduğuna göre, $|AG|=x$ kaç santimetredir?
5a5d1f40-204f-5f56-baf4-86d01831a442	Mikro-2024-Tyt Ayt-Geometri Soru Bankası	149	11.	119	ok	valid_end_?	BD|=|DC|$, $|AB|=30$ cm, $|DE|=24$ cm olduğuna göre, $|KD|=x$ kaç santimetredir?
485315b2-d448-5bf3-8e63-8a50c2b9e924	Mikro-2024-Tyt Ayt-Geometri Soru Bankası	149	13.	134	ok	valid_end_?	[BD]=[AC]$, $|BD|=12$ cm, $|DC|=8$ cm olduğuna göre, $|KE|=x$ kaç santimetredir?
3a664366-0b00-52f7-8db9-9a836357906c	Mikro-2024-Tyt Ayt-Geometri Soru Bankası	149	14.	119	ok	valid_end_?	$|AD|=|BD|$, $|AKI|=34$ cm, $|DK|=4$ cm olduğuna göre, $|BC|$ kaç santimetredir?
6173ad4d-2cd0-5e9b-912c-e2a1fc8faad0	Mikro-2024-Tyt Ayt-Geometri Soru Bankası	149	16.	151	ok	valid_end_?	|AB|=18$ cm, $|AE|=9$ cm, $|BF|=8$ cm olduğuna göre, $|ED|=x$ kaç santimetredir?
150df95f-a467-59a7-a3c5-924743a9fa15	Mikro-2024-Tyt Ayt-Geometri Soru Bankası	153	10	136	ok	valid_end_?	AD| = |DB|$ $|BE| = |EC|$ $|AK| = 8$ cm olduğuna göre, $|BC|$ kaç santimetredir?
82603896-6488-5209-b9a9-162dd39c4ccb	Mikro-2024-Tyt Ayt-Geometri Soru Bankası	168	10	176	ok	valid_end_?	8$ cm, $|EL| = 9$ cm, $|AK| = 4$ cm olduğuna göre, $|DF| = x$ kaç santimetredir?
b0becc5d-c3bd-53e1-8611-056a1e94c538	Mikro-2024-Tyt Ayt-Geometri Soru Bankası	172	10	214	cutoff	alphanumeric_end	parallel [DC]$ II. $[AD] \cap [BC] = \{E\}$ III. $|AB| = 4$ cm IV. $|DC| = 8$ cm
878e3f38-a104-56a0-bf87-19c0fe020595	2023-2024 ACİL- AYT Matematik Soru Bankası	182	9	170	ok	valid_end_?	lmiştir. Buna göre, $x_1 + x_2 + x_3$ toplamı aşağıdakilerden hangisine eşittir?
e229f254-f3e3-576e-80ba-b63ad0f1b5f5	Mikro-2024-Tyt Ayt-Geometri Soru Bankası	189	10	152	ok	valid_end_?	 6$ cm $|AD| = 8$ cm $|AB| = 16$ cm olduğuna göre, $|FC| = x$ kaç santimetredir?
daa4f9e0-2715-54cb-84df-f1ec77d30f33	2023-2024 ACİL- AYT Matematik Soru Bankası	72	7	102	ok	valid_end_?	parabolüne, $|TB|=2|BA|$ dır. Buna göre, $TOB$ üçgeninin alanı kaç birimkaredir?
976852c4-2e4d-58ca-94f8-74c08f0b2388	Mikro-2024-Tyt Ayt-Geometri Soru Bankası	210	10	181	ok	valid_end_?	| = 9 \text{ cm}$. Yukarıdaki verilere göre, Alan$(ABCD)$ kaç santimetrekaredir?
695a04ba-ff4a-5a9e-aeab-fdc8c7ece6e1	Mikro-2024-Tyt Ayt-Geometri Soru Bankası	212	12	187	ok	valid_end_?	$|AK|=3$ cm, $|DC|=4$ cm, $|BL|=2$ cm olduğuna göre, $|KL|=x$ kaç santimetredir?
3c410a5d-f2f9-5ec6-83be-5182e4db927f	Mikro-2024-Tyt Ayt-Geometri Soru Bankası	212	14	162	ok	valid_end_?	$, $[CF] \parallel [AB]$, $|EH|=3$ cm olduğuna göre, $|CF|=x$ kaç santimetredir?
5500b3bd-7552-5acc-aceb-adc261f11ace	2020-2021-ACİL-AYT Matematik Soru Bankası	420	14	94	ok	valid_end_?	4$ birimkare olduğuna göre, $\int_a^b (f(x)-g(x))dx$ integralinin sonucu kaçtır?
aae46237-b6cb-5f01-8da9-819c2b16ee00	2019-2020-ACİL-AYT-Matematik Soru Bankası	14	7	171	ok	valid_end_?	e yukarıda gösterilen $h: C \to A$ $h(x)$ fonksiyonu aşağıdakilerden hangisidir?
3359cb38-5c5c-56e5-94c8-974f29416a40	Mikro-2024-Tyt Ayt-Geometri Soru Bankası	227	11	113	ok	valid_end_?	E]$, $|AF|=8$ cm, $|BE|=9$ cm olduğuna göre, Alan$(ABCD)$ kaç santimetrekaredir?
86b56520-d68b-5a16-99db-96b90c2679e0	Mikro-2024-Tyt Ayt-Geometri Soru Bankası	229	11	134	ok	valid_end_?	p [AD]$ $[BH] \perp [DC]$ $|EF|=5$ cm olduğuna göre, $|BH|=x$ kaç santimetredir?
f53da2a0-293d-5d58-b35f-8a604c9114d9	Mikro-2024-Tyt Ayt-Geometri Soru Bankası	229	12	108	ok	valid_end_?	$[BE]$ açıortay $|AE|=16$ cm $|BE|=12$ cm Buna göre, $|EC|=x$ kaç santimetredir?
8d7c112e-573f-5e6a-90ef-c0f25a52f179	Mikro-2024-Tyt Ayt-Geometri Soru Bankası	241	11	111	ok	valid_end_?	cm, $m(\widehat{BAD})=60^\circ$ olduğuna göre, Alan(ABCD) kaç santimetrekaredir?
552208d4-bd13-50bd-9fc6-c6e6a8a6829c	Mikro-2024-Tyt Ayt-Geometri Soru Bankası	241	13	135	ok	valid_end_?	, $m(\widehat{BCD})=30^\circ$ olduğuna göre, $m(\widehat{ADC})=x$ kaç derecedir?
45309fd2-5b06-5a9a-9ef6-e593c45566f6	Mikro-2024-Tyt Ayt-Geometri Soru Bankası	243	14.	140	ok	valid_end_?	|KB|$ $|KE| = 5$ cm $|ELI| = 3$ cm olduğuna göre, Çevre(ABCD) kaç santimetredir?
0bffb29c-6dc3-54ef-b064-92d94e09a64b	2020-2021-ACİL-AYT Matematik Soru Bankası	132	14	101	ok	valid_end_?	$, $[EF]\perp[FC]$ $m(\widehat{DCE})=\alpha$ olduğuna göre, $\tan\alpha$ kaçtır?
4a972c21-81ec-5ca7-a855-939f1e07a0f2	2020-2021-ACİL-AYT Matematik Soru Bankası	311	12.	114	ok	valid_end_?	için, $\lim_{x \to (-1)^+} (fofof...of)(x)$ (9 tane f) ifadesinin sonucu kaçtır?
1cefdc7c-d587-5485-ad9c-c9cfb29168f8	Mikro-2024-Tyt Ayt-Geometri Soru Bankası	257	12	104	ok	valid_end_?	BF]$, $|IF| = 3$ cm, $|EFI| = 1$ cm olduğuna göre, $|DC| = x$ kaç santimetredir?
b6c0c6e5-e706-5a19-9863-deb51441c889	Mikro-2024-Tyt Ayt-Geometri Soru Bankası	257	13	113	ok	valid_end_?	\}$, $2|FI| = |DE|$, $|BF| = 4$ cm olduğuna göre, Çevre(ABCD) kaç santimetredir?
e14a5b8c-7d57-503e-8e99-0e64e392a6f0	Mikro-2024-Tyt Ayt-Geometri Soru Bankası	259	12	113	ok	valid_end_?	hat{CDE}) = 15^\circ$ $|DE| = 4$ cm olduğuna göre, $|AB| = x$ kaç santimetredir?
28dd31d4-7b15-57e1-a240-3f295eec5edb	Mikro-2024-Tyt Ayt-Geometri Soru Bankası	267	14	102	ok	valid_end_?	FH]\perp[AB]$ $|DF|=|FB|$ $|HB|=1$ cm olduğuna göre, $|AH|=x$ kaç santimetredir?
f401fd5f-8558-507b-8d30-13c0b0eac49a	2020-2021-ACİL-TYT Matematik Soru Bankası	37	11	135	ok	valid_end_?	 gibi tanımlanmıştır. Örneğin: Buna göre, eşitliğini sağlayan $a$ değeri kaçtır?
9a014d0b-fa5c-597d-a2dc-48b2922c01ec	2019-2020-ACİL-AYT-Matematik Soru Bankası	193	8.	117	ok	valid_end_?	x) = \left(\frac{1}{a}\right)^x$ üstel fonksiyonunun grafiğine göre, $a$ kaçtır?
6655715c-f600-57e7-b275-8ecaf8698565	Mikro-2024-Tyt Ayt-Geometri Soru Bankası	286	11.	141	ok	valid_end_?	(\widehat{DBC}) = 30^\circ$ olduğuna göre, $m(\widehat{AEB}) = x$ kaç derecedir?
194472d3-4394-5e7f-80a8-68398ff1d794	Mikro-2024-Tyt Ayt-Geometri Soru Bankası	286	14.	114	ok	valid_end_?	(\widehat{BAC}) = 40^\circ$ olduğuna göre, $m(\widehat{ACD}) = x$ kaç derecedir?
867dfa9e-5f9a-51af-9cca-aab9c5850f80	Mikro-2024-Tyt Ayt-Geometri Soru Bankası	288	12	124	ok	valid_end_?	widehat{BAC}) = 20^ ext{o}$ olduğuna göre, $m(\widehat{BDC}) = x$ kaç derecedir?
c6e51c59-1fc4-5ca1-9307-46375d5c5203	Mikro-2024-Tyt Ayt-Geometri Soru Bankası	288	13	119	ok	valid_end_?	widehat{OAC}) = 50^ ext{o}$ olduğuna göre, $m(\widehat{OCA}) = x$ kaç derecedir?
97a72402-a773-5f64-a959-b431d328b4f6	Mikro-2024-Tyt Ayt-Geometri Soru Bankası	288	14	171	ok	valid_end_?	widehat{ODC}) = 50^ ext{o}$ olduğuna göre, $m(\widehat{ABC}) = x$ kaç derecedir?
a61fc46d-cf78-52f0-9fb4-510482f523c0	Mikro-2024-Tyt Ayt-Geometri Soru Bankası	299	12	117	ok	valid_end_?	OA|=10$ cm, $|AC|=12$ cm, $|BC|=9$ cm olduğuna göre, $|DB|=x$ kaç santimetredir?
4ff8517b-f34e-539d-a6c1-a314f5f883c6	Mikro-2024-Tyt Ayt-Geometri Soru Bankası	301	12	156	ok	valid_end_?	1$ cm, $|AE| = 6$ cm, $|EC| = 2$ cm olduğuna göre, $|CD| = x$ kaç santimetredir?
70e78072-ace7-5266-aedf-98317caec9de	Mikro-2024-Tyt Ayt-Geometri Soru Bankası	301	15	119	ok	valid_end_?	[AB]$, $|AE| = 2$ cm, $|DB| = 6$ cm olduğuna göre, $|OE| = x$ kaç santimetredir?
5909196d-d175-5694-b01f-4598126fd39d	2019-2020-ACİL-AYT-Matematik Soru Bankası	271	10.	212	ok	valid_end_?	ıyor. Buna göre, hangisinin bulacağı sonuç teorik olasılık değerine en yakındır?
d9803a2c-a222-58f3-b157-0ec03ad0a264	2019-2020-ACİL-AYT-Matematik Soru Bankası	342	7.	167	ok	valid_end_?	t |bx + \frac{1}{2}|$ olimits  olimitsolduğuna göre, $a \cdot b$ çarpımı kaçtır?
9a058595-3175-5ab1-b3c7-fe66ac9fbe61	2020-2021-ACİL-TYT Matematik Soru Bankası	149	12	92	ok	valid_end_?	rına dayalı sayma düzenine göre, [DXC - CLX] - [V - CL] işleminin sonucu kaçtır?
c6ea3f44-7682-5f0e-b5a6-0b5118bf201d	2019-2020-ACİL-AYT-Matematik Soru Bankası	345	13	382	ok	valid_end_.	f(6) < f(5)$ tir. E) $f$ fonksiyonunun yerel minimum noktasının apsisi $-1$ dir.
d6301ba3-8d06-5129-aaa7-ecd59160fd39	Mikro-2024-Tyt Ayt-Geometri Soru Bankası	316	9	120	ok	valid_end_?	$m(\widehat{ABK})=25^{\circ}$ olduğuna göre, $m(\widehat{DCL})=x$ kaç derecedir?
76ddd723-5cb6-5c13-ad84-8f41427cf19f	Mikro-2024-Tyt Ayt-Geometri Soru Bankası	316	12	130	ok	valid_end_?	$, $|BC|=10$ cm, $|AC|=6$ cm olduğuna göre, çemberin yarıçapı kaç santimetredir?
4bda38ea-0d3a-5e73-bd7b-0fe9da6a1036	2019-2020-ACİL-AYT-Matematik Soru Bankası	404	11	168	ok	valid_end_?	3=2S_2=4b^2$ olduğuna göre, $\int_a^b (f(x)-g(x))dx$ integralinin sonucu kaçtır?
833ef390-922c-53b9-a413-4ab26e21f013	2019-2020-ACİL-AYT-Matematik Soru Bankası	428	10	134	ok	valid_end_?	rilmiştir. Buna göre, $\int_{-2}^{2} (3x^2 - 2x) dx$ integralinin sonucu kaçtır?
586160a7-641a-5b9f-a3b1-c407acebfb9c	2019-2020-Acil Matematiğin ilacı-1	255	10	434	ok	valid_end_?	ınçları sırasıyla $P_M$ ve $P_N$'dir. Buna göre, $\frac{P_M}{P_N}$ oranı kaçtır?
54050f87-c805-5bed-9cd6-54945fae1c0e	2019-2020-Acil Matematiğin ilacı-1	258	11	166	ok	valid_end_?	cekler hazırlanmıştır. Buna göre, hangi kaptaki karışımda bal oranı en fazladır?
0350477b-e080-59ec-a230-0ddc41cef187	2020-2021-Apotemi-Tyt Ayt-Geometri Maestro Soru Bankası	173	6	160	ok	valid_end_?	m, $|DC|=4\sqrt{2}$ cm, $|BF|=x$. Yukarıdaki verilere göre, $|BF|=x$ kaç cm'dir?
72849527-4a45-5ccd-a24d-d16da669b444	2020-2021-Apotemi-Tyt Ayt-Geometri Maestro Soru Bankası	173	8	141	ok	valid_end_?	$ cm, $|BC|=6$ cm. Yukarıdaki verilere göre, FAB üçgeninin alanı kaç $cm^2$ dir?
0af8ce4a-abec-5633-a62c-e14345a4295c	2019-2020-Acil-Matematiğin ilacı Tyt Matematik Soru Bankası	9	10	385	ok	valid_end_?	rı bölgelerin alan değerleri olmak üzere, diğer parçanın alanı kaç birimkaredir?
a35ecddc-e99d-5ed5-bd27-f25b0088ae09	2021-2022-Apotemi-Trigonometri	208	9	110	ok	valid_end_?	 $|AB| = |AD|$, $|BD| = 4$ cm, $|DC| = 6$ cm olduğuna göre, $\cot\alpha$ kaçtır?
7f091b5f-bc8a-5c83-a6a0-71625ebea14a	2019-2020-ACİL-TYT-Soru Bankası	336	26.	172	ok	valid_end_?	g(3)=-1$ II. $f(1)+g(0)=3$ III. $f(-2)+g(2)=0$ ifadelerinden hangileri doğrudur?
6e05fbfc-6123-5d17-950e-862dcd5a5398	2019-2020-ACİL-TYT-Soru Bankası	358	10	236	ok	valid_end_?	alt kümesidir. Buna göre, yukarıda verilen bağıntılardan hangileri fonksiyondur?
f530fc1e-43e6-5e62-9ac7-e0f94aded3b7	Neofizik Ayt Fizik Soru Bankası 2025	212	7	343	ok	valid_end_?	ü ile açısal süratleri arasındaki ilişkiler aşağıdakilerden hangisinde doğrudur?
5249ba40-829a-52b6-b8aa-f092961f015c	2019-2020-Acil-Matematiğin ilacı Tyt Matematik Soru Bankası	71	13	177	ok	valid_end_?	ıyor.  Buna göre, $27 \boxminus (-3x) = 52 \boxminus 2x$ eşitliğinde $x$ kaçtır?
81877e1a-a8c7-5b5e-8fc3-abb64fe0ba92	2020-2021-ACİL-TYT Matematik Soru Bankası	354	9	310	ok	valid_end_?	a göre, yukarıdaki Venn şemasının doğrusal diyagramı aşağıdakilerden hangisidir?
c1b0be20-4dee-5eb3-8a28-30b048f6df25	2021-2022-Apotemi-Trigonometri	76	12.	219	ok	valid_end_?	c{4}{7-x}$ dir. Buna göre $\tan \alpha$ nın alabileceği değerler toplamı kaçtır?
642bfd53-e00d-583c-a815-427b211c360c	2021-2022-Apotemi-Trigonometri	136	7	267	ok	valid_end_.	se $R = 9$ bulunur. Buna göre $\cos(\widehat{CBO}) = \frac{|BC|}{|BD|}$ bulunur.
2174a084-3b9d-544d-9dc5-2e7ad7542014	2021-2022-Apotemi-Trigonometri	136	8	404	ok	valid_end_.	\frac{|BD|}{|BC|} = \frac{3}{5}$. $27 - 5a = 20$. $7 - 5a = 7$. $a = 0$ bulunur.
55a943d2-f4da-5b2c-ae11-33401cb48136	2021-2022-Apotemi-Trigonometri	136	9	434	ok	valid_end_.	}.5.6.\sin\alpha$. $A(\widehat{ADE}) = \frac{1}{2}.5.6.\frac{1}{5} = 3$ bulunur.
549e6fbc-67af-50a5-aafa-0ae849fb3355	2022-2023-ACİL-Analitik Geometri	131	9	227	ok	valid_end_?	ğa öteleniyor. Buna göre, oluşan son şekillerin arakesit alanı kaç birimkaredir?
6ac49cb3-88dd-5bb9-ba10-d3ad434e35f0	2022-Apotemi-integral	199	7	163	ok	valid_end_?	na göre, $\int_{-2}^{3} (f'(x)f(x) + f''(x)f(x)) dx$ integralinin değeri kaçtır?
2b22cb3b-39a6-54ff-a723-20ee59d21cc5	2019-2020-Apotemi-Tyt Matematik Soru Bankası	229	10	282	ok	has_question_ending	renkler hangileridir?}}$ \text{ \text{($B'$: B kümesinin tümleyen kümesidir.)}}$
56ddf39f-f804-5a95-a9ff-12f59523213d	2023-2024-ACİL-TYT Matematik Soru Bankası	314	10	802	ok	valid_end_?	an öğrenci sayısının 2 katına eşit olduğuna göre, sınıfın öğrenci sayısı kaçtır?
c47d4ee6-c867-5e08-93f0-d8dfdb8260b9	2021-2022-Apotemi-Limit	106	10	65	ok	valid_end_.	Trigonometrik fonksiyonlar tanımlı oldukları aralıkta süreklidir.
a0498f63-dafa-5e2e-a344-075d8352fcd1	2019-2020-Acil-Matematiğin ilacı Tyt Matematik Soru Bankası	191	9	80	ok	valid_end_?	Yukarıdaki habere göre, bu silahtan çıkan merminin dakikadaki hızı kaç metredir?
900468a7-dbb6-57e3-a337-7de84fb14dcc	2021-2022-Apotemi-Problemler	184	Örnek 5	333	ok	valid_end_?	ı olduğu görülüyor. Buna göre, bu işlem kaç farklı biçimde gerçekleştirilebilir?
ffe0efa8-6ca5-5ddf-8e79-b3c8c78e6a78	2022-2023-ACİL-Analitik Geometri	125	11	79	ok	valid_end_?	Şekilde verilen sözcüğün d doğrusuna göre yansıması aşağıdakilerden hangisidir?
4cd961df-95f0-5124-91a5-1b8a47c86829	2023-2024 ACİL- AYT Matematik Soru Bankası	86	7	183	ok	valid_end_?	fonksiyonunun negatif değerli ve artan olduğu aralık aşağıdakilerden hangisidir?
b6553fd3-2cbf-5a90-b2c4-bfc70f98bffa	2023-2024 ACİL- AYT Matematik Soru Bankası	118	7	173	ok	valid_end_?	eta+10^\circ)}{\cos(10^\circ+\theta)} = 1$ olduğuna göre, $|BD| = x$ kaç cm'dir?
673803ce-9bdf-587e-8685-2b6eff1ee162	2023-2024 ACİL- AYT Matematik Soru Bankası	146	6	151	ok	valid_end_?	=45^\circ$, $|BD|=|DC|$, $|AC|=2\sqrt{2}$ birim olduğuna göre, $x$ kaç birimdir?
78c5aa4f-fdf2-50ee-a1ba-732dbe661775	2023-2024 ACİL- AYT Matematik Soru Bankası	146	8	147	ok	valid_end_?	=9$ birim, $|BD|=4$ birim, $|EB|=10$ birim olduğuna göre, $|DE|=x$ kaç birimdir?
69ebbe52-af48-5900-9279-95fe3b90a8e4	2023-2024 ACİL- AYT Matematik Soru Bankası	152	9	121	ok	valid_end_?	DC|=4$ birim, $|EB|=2$ birim, $|CE|=1$ birim olduğuna göre, $\tan\alpha$ kaçtır?
d4ab8284-bf19-5e08-9e08-7952625543cc	2023-2024 ACİL- AYT Matematik Soru Bankası	152	10	123	ok	valid_end_?	AD|=2$ birim, $|AE|=1$ birim, $|BE|=3$ birim olduğuna göre, $\cot\alpha$ kaçtır?
52654f6e-6f82-5fd0-824d-ffdda8ca702f	Neofizik Ayt Fizik Soru Bankası 2025	28	5	125	ok	valid_end_.	mde, X cismine yatay $\vec{F}$ kuvveti uygulanarak, sistem harekete geçiriliyor.
6bf9bc7b-b6ca-5c35-9d0a-55023059aece	2022-Apotemi-Turev	186	9	213	ok	valid_end_?	D|=x$ kaç birim olursa izleyici perdeyi en büyük $\alpha$ açısı ile görmüş olur?
f8959ee2-4249-59ec-80d5-d247632f3df7	Neofizik Ayt Fizik Soru Bankası 2025	80	5	319	ok	valid_end_)	ur? (sin $37^\circ = \cos 53^\circ = 0,6$; sin $53^\circ = \cos 37^\circ = 0,8$)
f52d7e8a-c26b-5838-91b1-10aa566e9b55	2019-2020-Acil-Matematiğin ilacı Tyt Matematik Soru Bankası	257	10	130	ok	valid_end_?	re, $\underbrace{(fofofo....of)}_{41 \text{ tane}}(4)$ ifadesinin değeri kaçtır?
f365c3b6-b5f0-5324-8c8a-87ba335a47f8	2023-2024 ACİL- AYT Matematik Soru Bankası	164	9	122	ok	valid_end_?	|=|PD|=|K|$, $|AR|=|RS|=|SD|=\frac{|PR|}{3}$ olduğuna göre, $\sin\theta$ kaçtır?
8b81269b-12e7-5ce5-9178-d9f1c1451e7d	2023-2024 ACİL- AYT Matematik Soru Bankası	166	11	155	ok	valid_end_?	irim, $A(\widehat{BAC}) = 9 - \sin 2\alpha$ birimkare olduğuna göre, $x$ kaçtır?
1fcfb1dd-b165-5fab-9966-2d807afd13b5	2019-2020-Acil-Matematiğin ilacı Tyt Matematik Soru Bankası	297	12.	373	ok	valid_end_?	Buna göre, $(x+1)^{20}$ ifadesinin modellenmesinde kaç farklı çokgen kullanılır?
5eca644b-a922-55f9-a323-cd000c473614	2020-2021-Acil-Tyt Ayt Geometrinin ilacı Soru Bankası	4	7	135	ok	valid_end_?	idehat{BCD}) = 130^\circ$, $m(\widehat{CDE}) = x$. Buna göre, $x$ kaç derecedir?
87253781-6f68-500c-a602-813e407c1796	2020-2021-Acil-Tyt Ayt Geometrinin ilacı Soru Bankası	14	7	121	ok	valid_end_?	$, $|AC|=|CB|$, $|AE|=|AC|$, $m(\widehat{ECB})=x$. Buna göre, $x$ kaç derecedir?
5f774db0-8fb4-50a3-828c-4e4629761c5b	2020-2021-Acil-Tyt Ayt Geometrinin ilacı Soru Bankası	16	7	140	ok	valid_end_?	widehat{ACB}) = 70^ ext{o}$ $m(\widehat{EDB}) = x$ Buna göre, $x$ kaç derecedir?
6d6874e1-50f9-5ff1-bed9-978067108599	2020-2021-Acil-Tyt Ayt Geometrinin ilacı Soru Bankası	18	7	140	ok	valid_end_?	widehat{ACB}) = 40^ ext{o}$ $m(\widehat{DEB}) = x$ Buna göre, $x$ kaç derecedir?
d8499d10-df76-570c-9bad-d7780550479e	2020-2021-Acil-Tyt Ayt Geometrinin ilacı Soru Bankası	24	7	140	ok	valid_end_?	$. $|AD|=|CB|$, $|DC|=6$ birim, $|AB|=16$ birim. Buna göre, $|KL|$ kaç birimdir?
f62b1083-e0fb-52c7-bcaa-b80fa6a7b675	2020-2021-Acil-Tyt Ayt Geometrinin ilacı Soru Bankası	26	7	158	ok	valid_end_?	|EC|$ ve $m(\widehat{BAD})=m(\widehat{DEC})$ olduğuna göre, $|BE|$ kaç birimdir?
df530d7c-47ab-53f4-820f-3fcc7a8b58d2	2020-2021-Acil-Tyt Ayt Geometrinin ilacı Soru Bankası	30	7.	142	ok	valid_end_?	 = 12$ birim, $|AB| = 6$ birim. Buna göre, $DEC$ üçgeninin çevresi kaç birimdir?
2411a364-9f2c-5d53-b346-eb68ca133bc6	2020-2021-Acil-Tyt Ayt Geometrinin ilacı Soru Bankası	32	7	119	ok	valid_end_?	// AF$, $|AB| = |BC| = |CD|$, $|AD| = 24$ birim. Buna göre, $|CF|$ kaç birimdir?
195f28d0-89a5-5d91-ae1a-32f56d87903d	2023-2024 ACİL- AYT Matematik Soru Bankası	230	10	358	ok	valid_end_?	duğuna göre, sarıya boyalı eşkenar üçgenlerin alanları toplamı kaç birimkaredir?
8e9df5a9-2900-5c07-9998-a480891e3129	2023-2024 ACİL- AYT Matematik Soru Bankası	269	6	149	ok	valid_end_?	(x)=1$ $\lim_{x \to b} f(x)=-2$ olduğuna göre, kaç tane $(a, b)$ ikilisi vardır?
301d21e9-fea6-5382-9ed1-2c0d747d64a9	2020-2021-Acil-Tyt Ayt Geometrinin ilacı Soru Bankası	44	7	132	ok	valid_end_?	E$, $|AB|=|AC|$, $|AD|=4$ birim, $|DE|=1$ birim. Buna göre, $|DC|$ kaç birimdir?
977b5a79-ef4d-5ebe-96d3-a1a35aee2e39	2020-2021-Acil-Tyt Ayt Geometrinin ilacı Soru Bankası	46	7	147	ok	valid_end_?	BD| = 4\sqrt{3}$ birim, $|DC| = \sqrt{3}$ birim. Buna göre, $|AD|$ kaç birimdir?
f3fc45c7-977e-5b2c-98b7-484cdc335963	2019-2020-ACİL-AYT-Matematik Soru Bankası	104	8.	172	ok	valid_end_?	göre, $g(x) \ge f(x)$ eşitsizliğini sağlayan $x$ tam sayıları hangi aralıktadır?
9eaeae49-ca0b-5b9b-a684-cca3b0c35eaf	2020-2021-Acil-Tyt Ayt Geometrinin ilacı Soru Bankası	66	7	134	ok	valid_end_?	, $|DE|=3$ birim. Buna göre, D noktasının $[AB]$ kenarına uzaklığı kaç birimdir?
980d0ba6-7c15-58df-83a3-cdce8f68ff0c	2020-2021-Acil-Tyt Ayt Geometrinin ilacı Soru Bankası	68	7	114	ok	valid_end_?	]$ açıortay, $|CD| = 3$ birim, $|BD| = 5$ birim. Buna göre, $|AD|$ kaç birimdir?
b5491ea5-bf13-5e71-b4e5-3397dc0fa639	2019-2020-ACİL-AYT-Matematik Soru Bankası	126	14.	110	ok	valid_end_?	| \perp |FC|$ ve $m(\widehat{DCE}) = \alpha$ olduğuna göre, $\tan\alpha$ kaçtır?
08106289-3402-5126-b85f-99fc4f9ea5dc	2023-2024 ACİL- AYT Matematik Soru Bankası	285	7	129	ok	valid_end_?	(x) = 2$ olduğuna göre, grafiklerinden hangisi $f(x)$ fonksiyonuna ait olabilir?
0a266a85-da7c-57c5-9b7d-ff5ca2ebe92c	2020-2021-Acil-Tyt Ayt Geometrinin ilacı Soru Bankası	76	7	116	ok	valid_end_?	\}$ $|AF| = |FC|$, $|BG| = |GC|$, $DE = 4$ birim Buna göre, $|DC|$ kaç birimdir?
6916d3a4-619c-5f82-abbf-be5cd0d77e1d	2020-2021-Acil-Tyt Ayt Geometrinin ilacı Soru Bankası	80	7	139	ok	valid_end_?	$|AC|=6$ birim, $|AD|=8$ birim, $|AB|=16$ birim. Buna göre, $|BC|$ kaç birimdir?
ac172b17-432f-594e-9c1f-14110a31b2f9	2020-2021-Acil-Tyt Ayt Geometrinin ilacı Soru Bankası	82	7	126	ok	valid_end_?	|AB|=10$ birim, $|DE|=5$ birim, $|EC|=12$ birim. Buna göre, $|AD|$ kaç birimdir?
4ea08e29-e88a-527e-9c77-ffb9acab9a40	2020-2021-Acil-Tyt Ayt Geometrinin ilacı Soru Bankası	84	7	147	ok	valid_end_?	= 6$ birim, $|BE| = 1$ birim, $|FCI| = 5$ birim. Buna göre, $|DE|$ kaç birimdir?
68b9b241-a6e0-5fd3-b6ef-4992389bc544	2020-2021-Acil-Tyt Ayt Geometrinin ilacı Soru Bankası	88	7	107	ok	valid_end_?	$, $BF = 4$ birim, $AE = ED$, $|AC| = 30$ birim. Buna göre, $|FD|$ kaç birimdir?
ff752913-7fd9-516b-99bc-a90612759d68	2019-2020-ACİL-AYT-Matematik Soru Bankası	168	13.	157	ok	valid_end_?	$|AB| = 5$ cm ve $m(\widehat{EFA}) = \alpha$ olduğuna göre, $\tan\alpha$ kaçtır?
047d7288-59c2-52e2-9dae-284f2edcd53f	2020-2021-Acil-Tyt Ayt Geometrinin ilacı Soru Bankası	92	7	103	ok	valid_end_?	\perp BC$, $|AD|=4$ birim, $|EC|=3$ birim. Buna göre, $A(ABC)$ kaç birimkaredir?
d5add317-127a-51d4-98cc-dff3c1c8cea5	2020-2021-Acil-Tyt Ayt Geometrinin ilacı Soru Bankası	94	7	144	ok	valid_end_?	, $|BC|=10$ birim, $|CD|=15$ birim. Buna göre, $A(\text{ABE})$ kaç birimkaredir?
dc804cc0-d8de-500d-9aa7-25dbb46f1558	2019-2020-ACİL-AYT-Matematik Soru Bankası	193	9.	118	ok	valid_end_?	nun grafiği verilmiştir. Buna göre, $f(-1) \cdot f(2)$ çarpımının sonucu kaçtır?
98b2dde8-fb9b-5804-9137-12c02334623d	2020-2021-Acil-Tyt Ayt Geometrinin ilacı Soru Bankası	96	7	149	ok	valid_end_?	| = 6$ birim, $|AC| = 12$ birim. Buna göre, $A(\widehat{ABD})$ kaç birimkaredir?
94c3ac17-70d8-5057-89e0-6678d44cf68c	2020-2021-Acil-Tyt Ayt Geometrinin ilacı Soru Bankası	100	7	140	ok	valid_end_?	$|AE| = 3$ birim, $|EB| = 5$ birim. Buna göre, $A(\text{AED})$ kaç birimkaredir?
f401e8c0-0440-5438-a9fd-c48da2f7ddb0	2020-2021-Acil-Tyt Ayt Geometrinin ilacı Soru Bankası	102	7	132	ok	valid_end_?	B$ $AE \perp ED$ $AD = 6$ birim $BD = 2$ birim Buna göre, $A(ECD)$ oranı kaçtır?
485f8957-0973-5944-b4da-873ce779ee7b	2020-2021-Acil-Tyt Ayt Geometrinin ilacı Soru Bankası	114	7	101	ok	valid_end_?	 $|AE| = |EB|$ $|DE| = 7$ birim $|CB| = 4$ birim Buna göre, $|AC|$ kaç birimdir?
bbea4669-c47f-5a9a-933f-9cc882cd521a	2020-2021-Acil-Tyt Ayt Geometrinin ilacı Soru Bankası	118	7	121	ok	valid_end_?	 |LB|$ $|EC| = (2x)$ birim $|KLI| = (x+3)$ birim Buna göre, $|DE|$ kaç birimdir?
19868612-fbbe-5e5f-86f3-1ab9be68f2ab	2020-2021-Acil-Tyt Ayt Geometrinin ilacı Soru Bankası	126	7	105	ok	valid_end_?	ap DF = \{E\}$, $|AF| = |FB|$. Buna göre, $\frac{A(ADE)}{A(BCEF)}$ oranı kaçtır?
f0ccef7e-740f-5f30-9d8b-4f837844e0fa	2020-2021-Acil-Tyt Ayt Geometrinin ilacı Soru Bankası	130	7	125	ok	valid_end_?	O| = 11$ birim, $|OL| = 9$ birim, $|MO| = |ON|$. Buna göre, $|MN|$ kaç birimdir?
c5a45f0f-1772-5f35-b691-2f6707367044	2020-2021-Acil-Tyt Ayt Geometrinin ilacı Soru Bankası	136	7	110	ok	valid_end_?	$IFCI = IECI$ $IDEI = 12$ birim $IAEI = 9$ birim Buna göre, $IFDI$ kaç birimdir?
08191a06-b136-5448-98d7-b9f17de710be	2020-2021-Acil-Tyt Ayt Geometrinin ilacı Soru Bankası	138	7	129	ok	valid_end_?	DF| = |FG|$, $|GH| = 2$ birim, $|CB| = 8$ birim. Buna göre, $|EF|$ kaç birimdir?
ddd65dff-e0f6-5646-a46a-b512a1e52841	2020-2021-Acil-Tyt Ayt Geometrinin ilacı Soru Bankası	140	7	114	ok	valid_end_?	E = EB$, $DE = 10$ birim, $BF = 2$ birim. Buna göre, $A(ABCD)$ kaç birimkaredir?
b311e228-546f-5704-8b52-ace3442045d7	2020-2021-Acil-Tyt Ayt Geometrinin ilacı Soru Bankası	150	7	134	ok	valid_end_?	t |FG|$ $|DE| = 4$ birim $|BG| = 6$ birim Buna göre, $A(ABCD)$ kaç birimkaredir?
54f5c136-79f2-570f-8dcf-7eed03649da6	2020-2021-Acil-Tyt Ayt Geometrinin ilacı Soru Bankası	152	7	147	ok	valid_end_?	DF|=5\sqrt{2}$ birimdir. Buna göre, karelerin alanları toplamı kaç birimkaredir?
aa484594-b59b-5ee4-8d43-cdf7891ee67e	2020-2021-Acil-Tyt Ayt Geometrinin ilacı Soru Bankası	158	7	159	ok	valid_end_?	at{DBC})=50^\circ$, $m(\widehat{BDC})=65^\circ$. Buna göre, $|CE|$ kaç birimdir?
70016505-8d8c-5705-8aee-1f2720d3c4ce	2020-2021-Acil-Tyt Ayt Geometrinin ilacı Soru Bankası	160	7	219	ok	valid_end_?	 birim. Buna göre, $a$'nın $b$ ve $c$ türünden eşiti aşağıdakilerden hangisidir?
acd5bdcc-c6a8-5a34-9e7b-4eb4c05b06ed	2019-2020-ACİL-AYT-Matematik Soru Bankası	404	12	161	ok	valid_end_?	|f(x)|dx = \int_{-4}^4 f(-x)dx$ olduğuna göre, $S_1-S_3$ farkı kaç birimkaredir?
db5661e9-a6ac-5a3f-a5ec-ac731a1d64b6	2020-2021-Acil-Tyt Ayt Geometrinin ilacı Soru Bankası	162	7	137	ok	valid_end_?	|IEBI|$, $|IDC| = 3$ birim, $|ADI| = 11$ birim. Buna göre, $|ABI|$ kaç birimdir?
e4d9bba3-c61f-5482-9434-80f981a2dcb3	2020-2021-Acil-Tyt Ayt Geometrinin ilacı Soru Bankası	164	7	129	ok	valid_end_?	irim, $m(\text{DAB})=45^\circ$ olduğuna göre, $A(\text{ABCD})$ kaç birimkaredir?
839c7f38-4c32-5938-994b-80f6d99d3557	2020-2021-Acil-Tyt Ayt Geometrinin ilacı Soru Bankası	174	7	109	ok	valid_end_?	are, $FB \cap AK = \{H\}$, $m(\widehat{KHB}) = x$. Buna göre, $x$ kaç derecedir?
c7163462-eb0e-5168-8ba9-b5e7a9cfe268	2020-2021-Acil-Tyt Ayt Geometrinin ilacı Soru Bankası	180	7	140	ok	valid_end_?	 $m(\widehat{AB})=60^\circ$, $m(\widehat{DBF})=x$. Buna göre, $x$ kaç derecedir?
78c8d252-0e50-52c8-abe1-29c13e96956d	2020-2021-Acil-Tyt Ayt Geometrinin ilacı Soru Bankası	182	7	114	ok	valid_end_?	ında teğet, $|DA|=|AC|$, $m(\text{DAC})=48^\circ$. Buna göre, $x$ kaç derecedir?
08f55cce-5885-5cab-b4d7-8686321fa927	2020-2021-Acil-Tyt Ayt Geometrinin ilacı Soru Bankası	184	7.	142	ok	valid_end_?	$m(\widehat{BD})=150^\circ$, $m(\widehat{ACB})=x$. Buna göre, $x$ kaç derecedir?
3b35467e-262a-58cb-9d54-faa83c3ad32a	2023-2024-ACİL-TYT Matematik Soru Bankası	26	12	207	ok	valid_end_?	lmak üzere, $x+y+z=67$ olimits olduğuna göre, boyalı olan dairedeki sayı kaçtır?
adc9c6da-e3eb-5c27-bc29-1005af0dcbdf	2023-2024-ACİL-TYT Matematik Soru Bankası	138	11.	266	ok	valid_end_?	be anahtarı alamamaktadır. Buna göre, $m$ kaç farklı doğal sayı değeri alabilir?
03d10203-5714-5612-b2a4-347ac53f2de5	2020-2021-Acil-Tyt Ayt Geometrinin ilacı Soru Bankası	196	7	121	ok	valid_end_?	 $OC = AB$ $|OCI| = 12$ birim $|ODI| = 15$ birim Buna göre, $|DB|$ kaç birimdir?
92f45aaf-57e1-54d8-8f8e-8427ccb038cd	2020-2021-Acil-Tyt Ayt Geometrinin ilacı Soru Bankası	202	7	144	ok	valid_end_?	 birim, $|BC|=8$ birim. Buna göre, boyalı bölgenin alanı kaç $\pi$ birimkaredir?
633726c5-b567-51eb-9323-0a16db4a34d0	2023-2024-ACİL-TYT Matematik Soru Bankası	150	7	402	ok	valid_end_?	 aşağıdaki ölçümü yapmıştır. Buna göre, Tunahan kalemin boyunu kaç cm bulmuştur?
b5b9ac3f-af2d-5d24-bf68-6d8d5b811730	2020-2021-Acil-Tyt Ayt Geometrinin ilacı Soru Bankası	218	7	151	ok	valid_end_?	m, $|DE|=4\sqrt{5}$ birimdir. Buna göre, silindirin hacmi kaç $\pi$ birimküptür?
1763429a-07b3-5611-ad7a-13fa387c78c1	2023-2024-ACİL-TYT Matematik Soru Bankası	152	10	224	ok	valid_end_?	ç işlem zinciri sağlanmaktadır. Buna göre, $A \cdot B$ çarpımının sonucu kaçtır?
e9304e4f-e4c4-5633-9bfd-011eb181896a	2020-2021-Acil-Tyt Ayt Geometrinin ilacı Soru Bankası	226	7	122	ok	valid_end_?	etrafında $360^\circ$ döndürüldüğünde oluşan cismin hacmi kaç $\pi$ birimküptür?
bad41360-5a61-5f44-8a4b-8b8e17d600af	2020-2021-Acil-Tyt Ayt Geometrinin ilacı Soru Bankası	238	7	178	ok	valid_end_?	de verilenlere göre, OAB üçgensel bölgesinin ağırlık merkezinin ordinatı kaçtır?
dbe131e7-b9f9-5d93-b8b0-aba694f2a400	Neofizik Ayt Fizik Soru Bankası 2025	168	5	256	ok	valid_end_)	ı kaç $\text{Wb}$'dir? ($\sin 37^\circ = 0,6$; $\sin 53^\circ = 0,8$; $\pi = 3$)
98ee41da-9d59-53d5-892c-7fe7a6c41821	2023-2024 ACİL- AYT Matematik Soru Bankası	271	9	144	ok	valid_end_?	f(x) + \lim_{x \to 1^+} f(x) - \lim_{x \to -2^+} f(x)$ toplamının sonucu kaçtır?
24a2c185-79ad-5b9c-823f-11015669a252	2023-2024 ACİL- AYT Matematik Soru Bankası	273	8	209	ok	valid_end_?	veriliyor. Buna göre, $\lim_{x \to 0^-} (f \circ g)(x)$ limitinin sonucu kaçtır?
b8e72733-3540-576e-b111-7d410ba27af5	2020-2021-ACİL-AYT Matematik Soru Bankası	159	14	184	ok	valid_end_?	m $|AC|=13$ birim ve $|BC|=4$ birim olduğuna göre, Alan$(ABC)$ kaç birimkaredir?
a2a6bf31-f241-5333-a394-fa3bd4ec3619	2020-2021-ACİL-AYT Matematik Soru Bankası	162	10	102	ok	valid_end_?	DC|$, $|AB|=2$ birim, $|AC|=1$ birim. Yukarıdaki verilere göre, $\sin C$ kaçtır?
2ec32183-88c2-50b4-b71d-8e5e80a1b20e	2023-2024-ACİL-TYT Matematik Soru Bankası	36	10	297	ok	valid_end_?	'ın okumadığı sayfa sayısı aşağıdaki iki basamaklı sayılardan hangisine eşittir?
48cc7852-4146-5b16-b100-80f65d91e439	2020-2021-ACİL-AYT Matematik Soru Bankası	345	9	134	ok	valid_end_?	psisli noktada teğettir. $g(x) = \frac{x}{f(x)}$ olduğuna göre, $g'(-3)$ kaçtır?
5a87ec0e-b2e9-5007-ac71-53a660ec3aad	2020-2021-ACİL-AYT Matematik Soru Bankası	348	11	109	ok	valid_end_?	nun grafiği verilmiştir. $g(x)=x^2 \cdot f'(x+1)$ olduğuna göre, $g'(2)$ kaçtır?
9f32f64f-79a0-5eb5-bc37-0a1c2278e3ca	2020-2021-ACİL-AYT Matematik Soru Bankası	361	6	151	ok	valid_end_?	\cdot (x-1) \cdot (bx - \frac{1}{2})$ olduğuna göre, $a \cdot b$ çarpımı kaçtır?
5e3643d9-5777-5183-aa08-38bb6b11bc0b	2023-2024-ACİL-TYT Matematik Soru Bankası	292	11	378	ok	valid_end_?	ru olduğuna göre, Zeki'nin merdivendeki konumu aşağıdakilerden hangisi olabilir?
15135616-bafe-51cd-860c-85aba90c4862	2020-2021-ACİL-AYT Matematik Soru Bankası	422	7	117	ok	valid_end_?	fiği verilmiştir. Buna göre, $\int_{-2}^{4} f(x) dx$ integralinin sonucu kaçtır?
4fa94aab-7c46-5231-a9dc-80afea06560c	2020-2021-ACİL-TYT Matematik Soru Bankası	34	9	227	ok	valid_end_?	ç işlem zinciri sağlanmaktadır. Buna göre, $A \cdot B$ çarpımının sonucu kaçtır?
018e55b1-74eb-52e9-844b-65cca8a70e3c	2024-ACİL TYT Matematik Geometri Kitap-1	16	8	195	ok	valid_end_?	 $x-y$ II. $y \cdot z$ III. $x+y+z$ ifadelerinden hangileri çift sayıya eşittir?
234bc68c-88fe-5602-bdf1-f34a824ced4d	2020-2021-ACİL-TYT Matematik Soru Bankası	58	14	502	ok	valid_end_?	ın içinde bulundukları bölgeler 5 kez döndüklerine göre, A sayısı kaç olmalıdır?
622fc3ce-85d6-585e-87ce-2f1726153476	Mikro-2024-Tyt Ayt-Geometri Soru Bankası	392	10	128	ok	valid_end_?	 merkezi, $|AD| = 12$ cm, $|OA| = 5$ cm olduğuna göre, $|OC|$ kaç santimetredir?
52215864-ed21-527c-8684-1e8163e6377b	Neofizik Ayt Fizik Soru Bankası 2025	36	5	320	ok	valid_end_?	larında bulunan sarkaçların konumları aşağıdakilerin hangisindeki gibi olabilir?
d8769257-3929-5303-bbba-afbe5f592762	2021-2022-Apotemi-Limit	92	Örnek 2	161	ok	valid_end_?	sürekli olduğuna göre, aşağıdakilerden hangisi $g$ fonksiyonunun grafiği olamaz?
6d55f566-2cba-51b7-a1e7-274b08fa1ca4	2021-2022-Apotemi-Problemler	54	ÖRNEK 3	520	ok	valid_end_?	0 puan almıştır. Buna göre, öğrenci A testindeki kaç soruyu doğru yanıtlamıştır?
9bd95a6f-649a-5d91-960a-e893ab800c3b	2021-2022-Apotemi-Problemler	56	ÖRNEK 8	435	ok	valid_end_?	rasıyla $30, 20$ ve $22$’dir. Buna göre, yarışmaya katılan sporcu sayısı kaçtır?
282620db-20b3-5034-9136-425cbc0f135e	2021-2022-Apotemi-Problemler	56	ÖRNEK 9	675	ok	valid_end_?	or. Buna göre, son durumda panoda toplam kaç tane mavi renkli dikdörtgen vardır?
630a3471-926f-5d1c-a9d7-f56bf7c6c8f3	2023-2024-ACİL-TYT-AYT Geometri Soru Bankası	7	10.	101	ok	valid_end_?	$[AE \parallel [CF$, $[AE$ açıortay Yukarıdaki verilere göre, $x$ kaç derecedir?
cb206074-2983-5d5e-91b8-39328ba7da48	2021-2022-Apotemi-Problemler	185	Örnek 1	252	ok	valid_end_?	deki sayının toplamına eşittir. Örneğin: $a = 6 + b$'dir. Buna göre, $x$ kaçtır?
118b3501-e876-56b9-8cfc-c790948c9a02	2021-2022-Apotemi-Problemler	185	Örnek 2	299	ok	valid_end_?	rden birine yerleştiriliyor. Buna göre, $a+b$ toplamı kaç farklı değer alabilir?
6681254c-eb09-586f-853a-4bd83fa92b51	2021-2022-Apotemi-Problemler	187	ÖRNEK 1	165	ok	valid_end_?	ştir. Buna göre bu sayı merdiveninin 20. basamağındaki sayıların toplamı kaçtır?
95eeea91-a3a8-5cc4-a0fb-14ea367ed209	2021-2022-Apotemi-Problemler	191	Örnek 1	354	ok	valid_end_?	lı 3'lü toplamdır. Buna göre, aşağıdakilerden hangisi bir sıralı 4'lü toplamdır?
1ba91e68-b7ea-5229-adfb-8776be746c3a	Neofizik Ayt Fizik Soru Bankası 2025	118	6	408	ok	valid_end_?	_K$, $G_L$, $G_M$ arasındaki ilişki aşağıdakilerin hangisinde doğru verilmiştir?
2ae3ab50-a018-5635-a4a1-8fb0a0077a1e	2021-2022-Apotemi-Trigonometri	75	6.	150	ok	valid_end_?	^2\alpha = \frac{1}{3}$ olur. Buna göre, $\alpha$ açısının değeri kaç derecedir?
56ca65de-0497-5aa4-a724-62e11209f696	2021-2022-Apotemi-Trigonometri	76	11.	169	ok	valid_end_.	{\cos y} = 4$ ve $\frac{1}{\sin x} + \frac{2}{\cos y} = 3$ ise $\sin x$ bulunur.
40ae8740-d3ba-5d37-bd8b-d3e4a763a5cc	2021-2022-Apotemi-Trigonometri	136	6	400	ok	valid_end_.	 2.20.\cos\alpha$. $-16 = -40\cos\alpha$ ise $\cos\alpha = \frac{2}{5}$ bulunur.
2155b580-3e17-5b6a-b10b-74e078e695c1	2023-2024-ACİL-TYT-AYT Geometri Soru Bankası	28	12	117	ok	valid_end_?	| = 10$ cm $|BC| = 8$ cm $[AB] \parallel [CD]$ Buna göre, $|AB| = x$ kaç cm'dir?
6f6a058f-9f4b-50d8-831b-e4aa0227eecf	2023-2024-ACİL-TYT-AYT Geometri Soru Bankası	50	11	151	ok	valid_end_?	9$ birim, $|FB| = 6$ birim, $|EC| = 2$ birim Buna göre, $|DE| = x$ kaç birimdir?
fc9be17d-f250-5a54-a0b4-c74959223f70	2023-2024-ACİL-TYT-AYT Geometri Soru Bankası	50	13	162	ok	valid_end_?	AD$ $|AH| = 4 + |HD|$, $|DC| = 6$ birim, $|AC| = x$ Buna göre, $x$ kaç birimdir?
6e147025-da35-5dc6-8dd6-3db8a3ab310d	2023-2024-ACİL-TYT-AYT Geometri Soru Bankası	68	11	118	ok	valid_end_?	hat{ADC})$. $|AB| = 4$ cm, $|BD| = 2$ cm, $|DC| = x$. Buna göre, $x$ kaç cm'dir?
407a4ae2-65d9-5b68-835a-a3c347c24371	2023-2024-ACİL-TYT-AYT Geometri Soru Bankası	68	12	101	ok	valid_end_?	ir karedir. $|FD| = 4$ cm, $|CG| = 9$ cm, $|DC| = x$. Buna göre, $x$ kaç cm'dir?
b3b3ce37-0210-5b61-9757-d2ed82d565dc	2023-2024-ACİL-TYT-AYT Geometri Soru Bankası	71	12	129	ok	valid_end_?	KF| = 1$ cm, $|FB| = 3$ cm, $|AE| = 7$ cm, $|EB| = x$ Buna göre, $x$ kaç cm'dir?
9766dfea-9c5d-5092-8f80-62cdb41f9fe9	2023-2024-ACİL-TYT-AYT Geometri Soru Bankası	71	13	113	ok	valid_end_?	|EC| = 3$ cm, $|DE| = 2$ cm $|FB| = 5$ cm, $|AF| = x$ Buna göre, $x$ kaç cm'dir?
8a8b1e9c-691d-5371-838f-3e2e88eef51d	2023-2024-ACİL-TYT-AYT Geometri Soru Bankası	357	12	262	ok	valid_end_?	 göre, $ABCD$ paralelkenarının ilk konumdaki ağırlık merkezinin ordinatı kaçtır?
fe63749c-360b-5c62-b54b-c54d20614ce8	2023-2024-ACİL-TYT-AYT-Geometrinin İlacı	18	9.	190	ok	valid_end_?	]$ $m(\widehat{BAC}) = 20^ ext{o}$ Buna göre, ABD açısının ölçüsü kaç derecedir?
cc35e9a1-cbc0-5d13-b929-51a773f48b7a	2023-2024-ACİL-TYT-AYT-Geometrinin İlacı	20	10	152	ok	valid_end_?	$m(\widehat{ABD})=30^\circ$, $m(\widehat{EDB})=x$. Buna göre, $x$ kaç derecedir?
3ba4cea2-e2ec-50de-8574-b9cb33014797	2023-2024-ACİL-TYT-AYT-Geometrinin İlacı	20	11	178	ok	valid_end_?	$m(\widehat{BDC})=18^\circ$, $m(\widehat{BAC})=x$. Buna göre, $x$ kaç derecedir?
a086e763-61c7-5aa5-81ac-ceaf2b5f08de	2023-2024-ACİL-TYT-AYT-Geometrinin İlacı	24	10	132	ok	valid_end_?	ADC})=110^{\circ}$. Buna göre, $m(\widehat{ABC})$ açısının ölçüsü kaç derecedir?
4a68d691-7339-52d7-8b17-2c3a8320c373	2023-2024-ACİL-TYT-AYT-Geometrinin İlacı	24	11	151	ok	valid_end_?	\widehat{ABC})=100^{\circ}$, $m(\widehat{ABD})=x$. Buna göre, $x$ kaç derecedir?
2d260b00-e63d-550f-85fb-6755e79d0aef	2022-2023-ACİL-Katı Cisimler	15	5	460	ok	valid_end_?	0 birimdir. Buna göre, müşterinin mutfağında kaç birimkare kullanım alanı kalır?
fda84b44-3cc8-5381-af31-18a8d4cdd7d3	2022-2023-ACİL-Katı Cisimler	39	Örnek 18	185	ok	valid_end_?	ştir. Buna göre, yukarıdaki öncüllerden hangileri bu küpün bir açınımı olabilir?
74f3011c-a85c-524f-b0c3-19674eff0d2d	2023-2024-ACİL-TYT-AYT-Geometrinin İlacı	26	9	182	ok	valid_end_?	) = 120^\circ$. Buna göre, $m(\widehat{ADC}) = x$ açısının ölçüsü kaç derecedir?
662427cb-2ce2-5564-b6ad-d3557b7bcf69	2023-2024-ACİL-TYT-AYT-Geometrinin İlacı	26	10	129	ok	valid_end_?	AC|$, $|BD| = |DC|$, $|AE| = |BF|$. Buna göre, $\frac{|DE|}{|DF|}$ oranı kaçtır?
3460076b-6aee-54e7-8bbc-2f1d88f1e0a7	2022-2023-ACİL-Katı Cisimler	117	9.	272	ok	valid_end_?	ekilde tutulduğunda $|KA|=2$ birim olmaktadır. Buna göre, $|BL|=x$ kaç birimdir?
4eaf12b2-90fc-51d7-9cf3-83fb017a64de	2023-2024-ACİL-TYT-AYT-Geometrinin İlacı	26	11	99	ok	valid_end_?	üçgenler, $|BE| = 3x-1$ birim, $|CD| = x+7$ birim. Buna göre, $x$ değeri kaçtır?
e4d01e92-7648-5efb-bfc0-28dd2a3f6570	2023-2024-ACİL-TYT-AYT-Geometrinin İlacı	30	9	144	ok	valid_end_?	IEFI = 4$ birim. $ICDI = 10$ birim. Buna göre, IBCI + IKFI toplamı kaç birimdir?
e81a831f-01c3-580b-b518-5e234bc526e0	2023-2024-ACİL-TYT-AYT-Geometrinin İlacı	30	10	145	ok	valid_end_?	ABI = 16$ birim. $IDCI = 12$ birim. Buna göre, ICEI + IAHI toplamı kaç birimdir?
b599b9b3-1ae6-531b-97d8-99bab7492ede	2023-2024-ACİL-TYT-AYT-Geometrinin İlacı	30	11	118	ok	valid_end_?	. $IBEI = IECI$. $IAC = 6$ birim. $IED = 1$ birim. Buna göre, IABI kaç birimdir?
19ac615f-f716-57f3-8af2-673412f71a91	2023-2024-ACİL-TYT-AYT-Geometrinin İlacı	80	9	136	ok	valid_end_?	 = 9$ birim, $|HG| = 5$ birim, $|CG| = 4$ birim. Buna göre, $|DE|$ kaç birimdir?
5b892b02-938c-5e32-9c07-58c7a8ce89d7	2023-2024-ACİL-TYT-AYT-Geometrinin İlacı	82	10	131	ok	valid_end_?	widehat{DAB})$ $|CD| = 5$ birim $|DB| = 4$ birim Buna göre, $|AB|$ kaç birimdir?
0b2d7d01-a7c9-5428-adf2-d7a2c285eb37	2023-2024-ACİL-TYT-AYT-Geometrinin İlacı	82	8	110	ok	valid_end_?	AF| = 9$ birim $|BF| = 6$ birim $|CF| = 6$ birim Buna göre, $|CE|$ kaç birimdir?
c4423fc9-d21b-5fe9-acdd-9ad949370b9e	2023-2024-ACİL-TYT-AYT-Geometrinin İlacı	84	8	155	ok	valid_end_?	D| = 2$ birim $|BD| = 4$ birim $|BC| = 12$ birim Buna göre, $|EF|$ kaç birimdir?
1528e20e-6386-50ee-b0e7-16359bc71f22	2023-2024-ACİL-TYT-AYT-Geometrinin İlacı	84	9	129	ok	valid_end_?	lık merkezi, $EG \parallel BC$, $|EG| = 8$ birim Buna göre, $|DC|$ kaç birimdir?
47f00e04-8515-5393-8f10-0fce44d35c64	2023-2024-ACİL-TYT-AYT-Geometrinin İlacı	84	12	233	ok	valid_end_?	 $DE \perp AC$ $|DF| = 3$ birim $|EF| = 9$ birim Buna göre, $|AD|$ kaç birimdir?
adba3a57-5367-5ef0-a210-d0d6a076e019	2023-2024 ACİL- AYT Matematik Soru Bankası	18	7	170	ok	valid_end_?	gibi gösterilmektedir. Buna göre, polinomunun $x+1$ ile bölümünden kalan kaçtır?
224f972f-c88a-539c-8a78-4e9e8f45ea34	2023-2024-ACİL-TYT-AYT-Geometrinin İlacı	86	8	147	ok	valid_end_?	$|DE| = 6$ birim, $|EF| = 2$ birim. Buna göre, $\frac{|EK|}{|AC|}$ oranı kaçtır?
7cc1d8ef-bb8d-5e7b-81ed-824794ccded4	2023-2024-ACİL-TYT-AYT-Geometrinin İlacı	86	11	113	ok	valid_end_?	 \parallel AD$, $IAFI = IFBI$, $IEDI = 2$ birim. Buna göre, $|BC|$ kaç birimdir?
17d93d70-2bf1-5585-af24-e5d338a6fd51	2023-2024 ACİL- AYT Matematik Soru Bankası	28	7	246	ok	valid_end_?	e edilmektedir. Buna göre, elde edilecek denklemin kökleri toplamı en az kaçtır?
cf055e82-d89b-5e91-a118-2fa2ad069f63	Neofizik Tyt Soru Bankası	210	5	321	ok	valid_end_?	_X$, $E_Y$, $E_Z$ arasındaki ilişki aşağıdakilerin hangisinde doğru verilmiştir?
9c41511b-a7c0-51f6-be9d-8f5ea9cee3b0	2023-2024-ACİL-TYT-AYT Geometri Soru Bankası	89	14.	152	ok	valid_end_?	m, $|AD|=x$ cm dir. Taralı alanlar birbirine eşit olduğuna göre, $x$ kaç cm'dir?
230834b7-39dd-5550-a8d9-444d6b35dd03	2023-2024-ACİL-TYT-AYT Geometri Soru Bankası	98	11.	133	ok	valid_end_?	 |EC|$ $|BE| = 6$ cm ve $|DC| = 4$ cm Buna göre, $A(ABC)$ kaç $\text{cm}^2$ dir?
4fb6e674-e971-5be8-a027-63cd723c9bcf	2023-2024-ACİL-TYT-AYT Geometri Soru Bankası	112	8	145	ok	valid_end_?	a göre, $|AD| = x$ uzunluğunun alabileceği tam sayı değerlerinin toplamı kaçtır?
5d82ed29-806f-51dc-8876-1792dddf6a16	2023-2024-ACİL-TYT-AYT Geometri Soru Bankası	209	14	123	ok	valid_end_?	[AB]$, $|EF| = 12$ cm, $|FH| = 3$ cm Buna göre, $A(ABCD)$ kaç $\text{cm}^2$ dir?
97f09ab4-cc1e-5adf-b070-904865e3cc22	2023-2024-ACİL-TYT-AYT Geometri Soru Bankası	209	15	121	ok	valid_end_?	rimkare $A(\triangle AEB) = 25$ birimkare Buna göre, $A(ABCD)$ kaç birimkaredir?
4a62754f-f48b-5575-87cf-12e79ffd251c	2023-2024-ACİL-TYT-AYT Geometri Soru Bankası	229	13	116	ok	valid_end_?	ortay, $[AH] \perp [CD]$ ve $|AK| = 5$ birim olduğuna göre, $|BF|$ kaç birimdir?
d73fe920-5af6-5953-8b76-3d3f55521d0c	2023-2024-ACİL-TYT-AYT Geometri Soru Bankası	417	11	171	ok	valid_end_?	duğuna göre, A noktasından K'ya giden karıncanın alacağı en kısa yol kaç cm'dir?
5aeea23b-a49a-5ed9-8fdd-df6f272c91cc	2023-2024-ACİL-TYT-AYT-Geometrinin İlacı	44	9.	124	ok	valid_end_?	 $|AD|=4$ birim, $|BD|=2$ birim, $|EC|=5$ birim. Buna göre, $|AE|$ kaç birimdir?
06133c2a-6f61-5e90-97cc-7543374ca60f	2023-2024-ACİL-TYT-AYT-Geometrinin İlacı	44	11.	114	ok	valid_end_?	allel DB$, $|DE|=|EC|=8$ birim, $|EFI|=2$ birim. Buna göre, $|AD|$ kaç birimdir?
fe3a423a-3fa7-5e7c-a18e-83081b604321	2023-2024-ACİL-TYT-AYT-Geometrinin İlacı	46	10	125	ok	valid_end_?	\perp BC$, $|BAI| = 15$ birim, $|AE| = 9$ birim. Buna göre, $|DC|$ kaç birimdir?
d9e2485d-0bc8-54dd-9c6b-81a5cc04afab	2023-2024-ACİL-TYT-AYT-Geometrinin İlacı	46	11	126	ok	valid_end_?	| = |ADI|$, $|BD| = 9$ birim, $|DC| = 16$ birim. Buna göre, $|EB|$ kaç birimdir?
3fc9d54f-ec8f-5bb0-b6ac-0e0f0595361d	2023-2024-ACİL-TYT-AYT-Geometrinin İlacı	66	10	140	ok	valid_end_?	{DAC})$, $|AC| = 6$ birim, $|CD| = 4$ birim. Buna göre, $|ED| = x$ kaç birimdir?
605fda12-cefe-5e46-867b-596b971c83b8	2023-2024-ACİL-TYT-AYT-Geometrinin İlacı	136	11	105	ok	valid_end_?	$|BG| = |GC|$ $|DC| = 15$ birim $|AH| = 3$ birim Buna göre, $|FG|$ kaç birimdir?
dadf4552-215a-568c-bcd8-a80b35748230	2023-2024-ACİL-TYT-AYT-Geometrinin İlacı	138	11	125	ok	valid_end_?	birim, $|ICEI| = 4$ birim, $|IEFI| = 2$ birim. Buna göre, $|IBCI|$ kaç birimdir?
b660079b-dfce-562b-b260-c5ae7be09e9b	2023-2024-ACİL-TYT-AYT-Geometrinin İlacı	142	8	143	ok	valid_end_?	L\}$, $|AF| = 8$ birim, $|FB| = 2$ birim. Buna göre, $A(KFLE)$ kaç birimkaredir?
2fc2c3e1-30dc-5eb0-b994-acd512409ec3	2023-2024-ACİL-TYT-AYT-Geometrinin İlacı	142	9	126	ok	valid_end_?	cdot |CE|$, $|AB| = 15$ birim, $|BC| = 9$ birim. Buna göre, $|EB|$ kaç birimdir?
9d49540e-296f-572a-bbc3-43da553514c8	2023-2024-ACİL-TYT-AYT-Geometrinin İlacı	164	9	154	ok	valid_end_?	$m(\widehat{DCA})=30^\circ$, $m(\widehat{AEF})=x$. Buna göre, $x$ kaç derecedir?
113d845b-10c7-5613-8b30-d5a13d132c4b	2020-2021-Acil-Tyt Ayt Geometrinin ilacı Soru Bankası	4	8	135	ok	valid_end_?	idehat{CDE}) = 135^\circ$, $m(\widehat{ACD}) = x$. Buna göre, $x$ kaç derecedir?
ebd48f2b-8c5c-5dd3-b9df-2b5b62a9418c	2023-2024-ACİL-TYT-AYT-Geometrinin İlacı	88	8	181	ok	valid_end_?	ehat{DBC})$, $|BC| = 6$ birim, $|CE| = 3$ birim. Buna göre, $|ED|$ kaç birimdir?
ff6fd5e2-c84a-5258-9515-84616a7668bf	2023-2024 ACİL- AYT Matematik Soru Bankası	62	8	84	ok	valid_end_?	rıda $y=-x^2-8x+a$ parabolü verilmiştir. $|OB|=5|OA|$ olduğuna göre, $a$ kaçtır?
b5180325-8040-5020-b85a-eff6b03efc4b	2020-2021-Acil-Tyt Ayt Geometrinin ilacı Soru Bankası	6	8	159	ok	valid_end_?	widehat{CDE}) = 70^\circ$, $m(\widehat{DEF}) = x$. Buna göre, $x$ kaç derecedir?
e5083ae6-c446-5080-99cb-960c434536cd	2023-2024 ACİL- AYT Matematik Soru Bankası	76	5	676	ok	valid_end_?	irmesi için dağıtım merkezini karayolunun kaçıncı kilometresine kurması gerekir?
8d628db1-4d90-53f1-aa13-ae19486ba146	2023-2024-ACİL-TYT-AYT Geometri Soru Bankası	131	13	128	ok	valid_end_?	[BF]$, $[DC] = 20$ birim, $[BF] = 2 \cdot [CF]$. Buna göre, $[CF]$ kaç birimdir?
4b9fadff-7333-5fbe-9685-4ebb20034471	2023-2024-ACİL-TYT-AYT Geometri Soru Bankası	137	14	99	ok	valid_end_?	$|AB|=3$ birim, $|DE|=2$ birim Buna göre, $\frac{A(DEF)}{A(ABCD)}$ oranı kaçtır?
16bcc811-f58a-55df-a9cd-941732cadc33	2023-2024-ACİL-TYT-AYT Geometri Soru Bankası	158	15	125	ok	valid_end_?	[DE] \perp [EA]$, $|ED| = 2$ cm, $|EA| = 1$ cm Buna göre, $|BD| = x$ kaç cm'dir?
c1fd4b64-58ab-5b35-aee4-b24c5369dec2	2023-2024-ACİL-TYT-AYT-Geometrinin İlacı	4	10	168	ok	valid_end_?	t{BCD}) = 110^\circ$ ve $m(\widehat{AEF}) = x$ olduğuna göre, $x$ kaç derecedir?
60ddcedb-90bd-5d91-881e-8d171938b66b	2023-2024-ACİL-TYT-AYT-Geometrinin İlacı	14	10	148	ok	valid_end_?	widehat{BCE}) = 30^ ext{o}$ $m(\widehat{ACF}) = x$ Buna göre, $x$ kaç derecedir?
8fe2a02b-74a5-579b-8257-d47d945dad00	2020-2021-Acil-Tyt Ayt Geometrinin ilacı Soru Bankası	14	8	121	ok	valid_end_?	(\widehat{ABC})=40^{\circ}$, $m(\widehat{DEF})=x$. Buna göre, $x$ kaç derecedir?
3fad4a31-9bf6-5bcc-bfe3-0182803d154f	2020-2021-Acil-Tyt Ayt Geometrinin ilacı Soru Bankası	14	9	129	ok	valid_end_?	(\widehat{DAC})=38^{\circ}$, $m(\widehat{ABC})=x$. Buna göre, $x$ kaç derecedir?
07326196-0389-5dcd-b767-afcf721b4e02	2020-2021-Acil-Tyt Ayt Geometrinin ilacı Soru Bankası	18	11	98	ok	valid_end_?	$AD \perp BC$ $|AD| = |AE|$ $m(\widehat{EDC}) = x$ Buna göre, $x$ kaç derecedir?
112c6ced-9073-5888-9037-983fa0237904	2023-2024-ACİL-TYT-AYT-Geometrinin İlacı	14	11	122	ok	valid_end_?	widehat{ACB}) = 20^ ext{o}$ $m(\widehat{BAD}) = x$ Buna göre, $x$ kaç derecedir?
ca25f9f9-902a-5bd6-afea-8b43e5a1a355	2023-2024-ACİL-TYT-AYT-Geometrinin İlacı	60	9	114	ok	valid_end_?	, $BF \perp FE$, $|BD|=4$ birim, $|FD|=2$ birim. Buna göre, $|EC|$ kaç birimdir?
432a8078-9e01-50a2-a232-6bdef68a7b89	2020-2021-Acil-Tyt Ayt Geometrinin ilacı Soru Bankası	40	11	170	ok	valid_end_?	 10$ birim, $|DE| = 2$ birim, $|EC| = 17$ birim. Buna göre, $|FC|$ kaç birimdir?
d9612be4-0dc5-53f1-b04a-ed4f9ce783de	2023-2024-ACİL-TYT-AYT-Geometrinin İlacı	60	10	154	ok	valid_end_?	\cap EF = \{K\}$. A, F, D noktaları doğrusal olduğuna göre, $|EF|$ kaç birimdir?
8acf414c-b418-5b18-8b52-9ae3f698b08f	2023-2024-ACİL-TYT-AYT-Geometrinin İlacı	96	10	144	ok	valid_end_?	irc$ $|AD| = |DC|$ $|AE| = 3$ birim Buna göre, $A(\text{ABD})$ kaç birimkaredir?
5f94f7d0-9de4-53c2-b5e1-5dce009be174	2020-2021-Acil-Tyt Ayt Geometrinin ilacı Soru Bankası	60	9	113	ok	valid_end_?	 $BF \perp FE$ $|BD| = 4$ birim $|FD| = 2$ birim Buna göre, $|EC|$ kaç birimdir?
76315ff2-13c7-556b-9289-3397c5451f1e	2020-2021-Acil-Tyt Ayt Geometrinin ilacı Soru Bankası	62	8	137	ok	valid_end_?	t{3}$ birim $|AD|=5$ birim $|BE|=\sqrt{3}$ birim Buna göre, $|DE|$ kaç birimdir?
b9fc114f-ad7f-52f1-b719-a039984a66f3	2023-2024-ACİL-TYT-AYT-Geometrinin İlacı	96	11	121	ok	valid_end_?	C|$ $|BE| = |ED|$ Buna göre, $\frac{A(\text{ABE})}{A(\text{ABC})}$ oranı kaçtır?
52bd3328-204e-542c-a091-3c87072a6613	2023-2024-ACİL-TYT-AYT-Geometrinin İlacı	102	10.	159	ok	valid_end_?	= 32$ birim Buna göre, E noktasının [BC] kenarına en kısa uzaklığı kaç birimdir?
0e81db1c-b4d0-538b-9517-d91aa32c94a9	2020-2021-Acil-Tyt Ayt Geometrinin ilacı Soru Bankası	82	8	109	ok	valid_end_?	 $|AF|=9$ birim, $|BF|=8$ birim, $|CF|=6$ birim. Buna göre, $|CE|$ kaç birimdir?
b080b076-1f12-5b12-8b93-abaed4b61475	2020-2021-Acil-Tyt Ayt Geometrinin ilacı Soru Bankası	84	8	167	ok	valid_end_?	2$ birim, $|BDI| = 4$ birim, $|BC| = 12$ birim. Buna göre, $|EFI|$ kaç birimdir?
71e26e96-b4f7-50dc-b85d-70318d09330e	2023-2024-ACİL-TYT-AYT-Geometrinin İlacı	108	8	151	ok	valid_end_?	}$ $m(\widehat{BAD}) = 60^ ext{o}$ Buna göre, aşağıdakilerden hangisi yanlıştır?
832ba31e-feb6-5b19-b218-b29d04f2f516	2020-2021-Acil-Tyt Ayt Geometrinin ilacı Soru Bankası	102	10	159	ok	valid_end_?	= 32$ birim Buna göre, E noktasının [BC] kenarına en kısa uzaklığı kaç birimdir?
d3ea6da5-432f-57e1-8a1d-fece31d37f0e	2023-2024-ACİL-TYT-AYT-Geometrinin İlacı	146	8	90	ok	valid_end_?	 $AC \cap BE = \{F\}$ $DE = |EC|$ $CB = 6$ birim Buna göre, $|EF|$ kaç birimdir?
18a14f33-38b7-512e-b7e3-f9195c72161c	2023-2024-ACİL-TYT-AYT-Geometrinin İlacı	146	10	103	ok	valid_end_?	$EF \perp BC$ $|CF| = 3$ birim, $|AB| = 7$ birim Buna göre, $|EB|$ kaç birimdir?
ee66f726-9963-573c-b05e-48f530e3a68a	2020-2021-Acil-Tyt Ayt Geometrinin ilacı Soru Bankası	118	10	130	ok	valid_end_?	im $[AE]$, $[BF]$, $[CF]$ ve $[DE]$ açıortay olduğuna göre, $|EF|$ kaç birimdir?
dc0ac887-ab59-51a3-8270-3392422a5505	2020-2021-Acil-Tyt Ayt Geometrinin ilacı Soru Bankası	120	9	93	ok	valid_end_?	enar, $|DE|=|EC|$, $A(ECB)=6$ $br^2$ dir. Buna göre, $A(ABCD)$ kaç birimkaredir?
a0fce6eb-0f61-52f9-85ee-cb80c2de74a5	2023-2024 ACİL- AYT Matematik Soru Bankası	142	5	134	ok	valid_end_?	|=4$ birim, $|AD|=2$ birim, $|BD|=3$ birim olduğuna göre, $|DC|=x$ kaç birimdir?
858cbd11-21ac-5886-aa00-b10a2176c94b	345 2024 Ayt Fizik Soru Bankası	235	6	212	ok	valid_end_?	ynaklar şekildeki gibi bağlanıyor. Buna göre, hangi lambalar sürekli ışık verir?
1b374563-68af-5590-bfe3-ef60131a299c	2020-2021-Acil-Tyt Ayt Geometrinin ilacı Soru Bankası	124	8.	162	ok	valid_end_?	 \sqrt{2}$ birim $|HC| = 2\sqrt{2}$ birim Buna göre, $A(ABCD)$ kaç birimkaredir?
8bea3b6c-17b8-57fd-9605-0e099e48f9ee	2023-2024 ACİL- AYT Matematik Soru Bankası	146	5	114	ok	valid_end_?	cm, $|BC|=8$ cm, $m(\widehat{ABC})=60^\circ$ olduğuna göre, $|AC|=x$ kaç cm'dir?
06b0840c-bd5e-5b64-ad01-8a746a3c1843	2020-2021-Acil-Tyt Ayt Geometrinin ilacı Soru Bankası	126	10	127	ok	valid_end_?	 \cdot |BE|$, $A(DCE) = 40 \text{ br}^2$. Buna göre, $A(ABCD)$ kaç birimkaredir?
ff9e6712-6f78-5dde-babf-510f8b9edf83	2020-2021-Acil-Tyt Ayt Geometrinin ilacı Soru Bankası	140	11	104	ok	valid_end_?	 6$ birim, $|EB| = |BF| = |FC| = 2$ birim. Buna göre, $A(DEF)$ kaç birimkaredir?
417b1cbb-84da-5de6-9865-7327de604eac	2023-2024 ACİL- AYT Matematik Soru Bankası	148	5	106	ok	valid_end_?	 $|BD|=|DC|$, $|AE|=2$ birim, $|AC|=1$ birim olduğuna göre, $\sin\alpha$ kaçtır?
0691e97b-88b1-5992-936f-51aa547c9a11	2020-2021-Acil-Tyt Ayt Geometrinin ilacı Soru Bankası	146	12	133	ok	valid_end_?	$ döndürülüyor. Buna göre, $B'$ noktasının DA doğrusuna uzaklığı kaç birim olur?
df25d467-67f2-59b0-835d-169320812ccc	2023-2024 ACİL- AYT Matematik Soru Bankası	152	7	126	ok	valid_end_?	m, $|EC|=2$ birim, $m(\widehat{DEA})=\alpha$ olduğuna göre, $\tan\alpha$ kaçtır?
5ad91b7e-afdc-5128-b68b-7255a0d5d2c9	2020-2021-Acil-Tyt Ayt Geometrinin ilacı Soru Bankası	164	8	144	ok	valid_end_?	 $|AF|=|FB|$, $|CE|=2$ birim, $|DA|=8$ birim olduğuna göre, $|EF|$ kaç birimdir?
020ced05-0611-5af4-b777-127246dae20e	2023-2024-ACİL-TYT-AYT-Geometrinin İlacı	158	9	246	ok	valid_end_?	k yapıştırılıyor. Buna göre, B ile A' noktaları arasındaki uzaklık kaç birimdir?
fefa5200-6c73-58eb-ad63-96a48bd54898	2020-2021-Acil-Tyt Ayt Geometrinin ilacı Soru Bankası	184	8.	129	ok	valid_end_?	m(\widehat{AFD})=100^\circ$, $m(\widehat{EKC})=x$. Buna göre, $x$ kaç derecedir?
a933e055-3522-52fb-be53-e71b6649f359	2020-2021-Acil-Tyt Ayt Geometrinin ilacı Soru Bankası	190	8	108	ok	valid_end_?	AC$ $|DB| = 9$ birim $|AC| = 6$ birim Buna göre, çemberin yarıçapı kaç birimdir?
2c5e68b3-d9c1-5d60-8703-3e44bd05b939	2023-2024-ACİL-TYT-AYT-Geometrinin İlacı	192	8.	216	ok	valid_end_?	$|MB| = 3$ birim, $|AE| = 8$ birim. Buna göre, $|CE| - |DE|$ farkı kaç birimdir?
9e54b421-16a7-5039-8a6c-8dc6a537f62c	2023-2024-ACİL-TYT-AYT-Geometrinin İlacı	192	9.	146	ok	valid_end_?	BA, O$ merkezli çembere $A$ noktasında teğet olduğuna göre, $|CB|$ kaç birimdir?
a71503ec-d4ae-577a-88f6-1ecf162aec32	2023-2024-ACİL-TYT-AYT-Geometrinin İlacı	92	11	148	ok	valid_end_?	t{ACB})=2 \cdot m(\widehat{BAD})=2\alpha$. Buna göre, $A(ABC)$ kaç birimkaredir?
ab5be7f3-952b-526c-b72b-07b98cd8364c	2023-2024-ACİL-TYT-AYT-Geometrinin İlacı	94	8	96	ok	valid_end_?	 \cdot IDB$, $BC=2 \cdot IECI$. Buna göre, $\frac{A(DBE)}{A(ABC)}$ oranı kaçtır?
9e618cb9-452e-5472-9ae5-78e113644789	2023-2024-ACİL-TYT-AYT-Geometrinin İlacı	94	9	102	ok	valid_end_?	rp BC$, $|AD|=|DC|$, $|AB|=|EF|=10$ birim. Buna göre, $A(DEF)$ kaç birimkaredir?
c6d1d63e-7403-5057-aec7-3803eeae1bb8	2023-2024 ACİL- AYT Matematik Soru Bankası	166	7	167	ok	valid_end_?	birim olduğuna göre, $x$'in $\alpha$ türünden değeri aşağıdakilerden hangisidir?
54f85a25-c260-5c75-94a1-082aed58af32	2023-2024 ACİL- AYT Matematik Soru Bankası	178	7	166	ok	valid_end_?	. Grafikler $P(x_0, y_0)$ noktasında kesiştiğine göre, $\cos x_0$ değeri kaçtır?
4a48f94d-3401-5721-b99b-58a214ba7c3f	2020-2021-ACİL-AYT Matematik Soru Bankası	20	11	172	ok	valid_end_?	gibi gösterilmektedir. Buna göre, polinomunun $x+1$ ile bölümünden kalan kaçtır?
ddf0e01c-ac0b-56eb-9895-ca75003707c2	2020-2021-ACİL-AYT Matematik Soru Bankası	109	6	178	ok	valid_end_?	}{x-2} \ge 0$ eşitsizliğini sağlayan $x$ doğal sayı değerlerinin toplamı kaçtır?
68b67a09-c656-5f37-acc5-e2ac9e88eb39	2020-2021-ACİL-AYT Matematik Soru Bankası	138	14	148	ok	valid_end_?	$|DB| = 12 \text{ birim}$ $m(\text{ACD}) = x$ Buna göre, $\cot x$ değeri kaçtır?
e4964315-d77a-5b59-a405-9e5058504934	2020-2021-ACİL-AYT Matematik Soru Bankası	159	15	136	ok	valid_end_?	DAC})=45^{\circ}$ $|BD|=|DC|$, $|AC|=2\sqrt{2}$ birim olduğuna göre, $x$ kaçtır?
5378986e-286a-5052-b1a0-b3e99215ca20	2023-2024 ACİL- AYT Matematik Soru Bankası	257	7	293	ok	valid_end_?	arında olduğu bilindiğine göre, birinin diğerine kan verebilme olasılığı kaçtır?
2f9d2b15-1602-5286-96d8-aa2632b22ca8	2023-2024 ACİL- AYT Matematik Soru Bankası	263	5	196	ok	valid_end_?	^-} f(-x) = 6$ III. $\lim_{x \to -3} f(x) = 0$ ifadelerinden hangileri doğrudur?
9fb215f1-8bad-5ad9-b222-29634e2ee823	2020-2021-ACİL-AYT Matematik Soru Bankası	180	13	125	ok	valid_end_?	ED|=3$ cm, $|AD|=4$ cm, $|AB|=5$ cm olduğuna göre, $\tan(\widehat{EFA})$ kaçtır?
23840afe-59c0-514c-a21c-05a2515aabea	2020-2021-ACİL-AYT Matematik Soru Bankası	180	16	127	ok	valid_end_?	+\cos40^\circ$, $m(\widehat{BAC})=\alpha$ olduğuna göre, $\alpha$ kaç derecedir?
476979e9-e754-5445-871b-fbf5e140df5b	2020-2021-ACİL-AYT Matematik Soru Bankası	187	17	113	ok	valid_end_?	{4}$ fonksiyonunun grafiği verilmiştir. Buna göre, taralı alan kaç birimkaredir?
5e4ca925-ca58-5513-b6fc-d12fc0ad9c0e	2020-2021-ACİL-AYT Matematik Soru Bankası	205	10	129	ok	valid_end_?	x) = \left(\frac{1}{a}\right)^x$ üstel fonksiyonunun grafiğine göre, $a$ kaçtır?
6d14bf51-d4b2-546b-8f43-34e1846c86e9	2023-2024 ACİL- AYT Matematik Soru Bankası	283	7	250	ok	valid_end_?	lması için aşağıda verilen öteleme simetri hareketlerinden hangisi yapılmalıdır?
04e63b2c-ce50-5503-a3f4-89ada5c52c0c	2023-2024-ACİL-TYT-Matematiğin İlacı	121	12	201	ok	valid_end_?	am sayı olması sağlanacaktır. Buna göre, verilen işlemin sonucu en fazla kaçtır?
d3cd2281-1d4b-5f45-9cf7-ecf6b98af81e	Mikro Orijinal-Tyt Ayt-Geometri Soru Bankası 2	98	8	114	ok	valid_end_?	F \perp BC$ $|BD| = 5$ cm $|BF| = 7$ cm Verilenlere göre, $|FC| = x$ kaç cm'dir?
aa1afff1-22e5-5229-9181-7ba2966a67ca	Mikro Orijinal-Tyt Ayt-Geometri Soru Bankası 2	141	8	130	ok	valid_end_?	m $m(\widehat{BAD}) = m(\widehat{ACB})$ Verilenlere göre, $|AD| = x$ kaç cm dir?
05931f09-87cd-5bc0-976d-6af98e774e6b	Mikro Orijinal-Tyt Ayt-Geometri Soru Bankası 2	160	8	127	ok	valid_end_?	$ $|AE| = |CD|$ $|EC| = 6$ cm Verilenlere göre, Alan(ABE) kaç $\text{cm}^2$ dir?
9e4db0f4-3dae-5cd7-a71a-b733b143e52c	Mikro-2024-Tyt Ayt-Geometri Soru Bankası	229	8	147	ok	valid_end_?	)=45^{\circ}$ $|DE|=|EB|$ $|EF|=1$ cm olduğuna göre, $|AC|=x$ kaç santimetredir?
8da333a9-5a45-5130-92d0-c0ae80575eb8	2023-2024 ACİL- AYT Matematik Soru Bankası	317	7	114	ok	valid_end_?	una $x=4$ apsisli noktada teğettir. $g(x)=f^2(x)$ olduğuna göre, $g'(4)$ kaçtır?
d53f5560-e3e4-5869-bef7-4f7956bc00bb	2023-2024 ACİL- AYT Matematik Soru Bankası	333	6	145	ok	valid_end_?	2 \cdot (x-1) \cdot (bx-\frac{1}{2})$ olduğuna göre, $a \cdot b$ çarpımı kaçtır?
57f1d536-7a25-56d1-bb1d-463cceb7d708	2023-2024 ACİL- AYT Matematik Soru Bankası	333	7	94	ok	valid_end_?	4-cx^3+dx^2+e$ fonksiyonunun grafiği aşağıda verilmiştir. Buna göre, $e$ kaçtır?
0277f387-7079-5846-83b2-4cb8619e5485	2023-2024 ACİL- AYT Matematik Soru Bankası	391	5	147	ok	valid_end_?	x)dx = 13$ olduğuna göre, $\int_{3}^{6} f^{-1}(x)dx$ integralinin sonucu kaçtır?
306c8601-3f2d-51b9-acf2-5249b77ff67c	2020-2021-ACİL-AYT Matematik Soru Bankası	420	13	190	ok	valid_end_?	ere, $2S_2-S_1$ ifadesinin $A$ ve $B$ türünden eşiti aşağıdakilerden hangisidir?
e7eaeaa4-9807-552f-910f-8eb6e4ea9564	2020-2021-ACİL-AYT Matematik Soru Bankası	444	12	105	ok	valid_end_?	yonunun grafiği verilmiştir. $\int_{-1}^2 f(x) dx = -2$ olduğuna göre, a kaçtır?
c115ec91-e78c-580a-b595-3483faf7cb93	2020-2021-ACİL-TYT Matematik Soru Bankası	8	15	404	ok	valid_end_?	r. Buna göre, pembe renkli hücrelere yazılacak sayılardan kaç tanesi pozitiftir?
86079ef1-9ec6-557d-8c9e-5c1f03b0851c	Mikro-2024-Tyt Ayt-Geometri Soru Bankası	147	10	157	ok	valid_end_?	=10$ cm olduğuna göre, boyalı bölgelerin alanları toplamı kaç santimetrekaredir?
b5e367b2-e06b-51fd-9ad5-589fd607dd1b	2023-2024-ACİL-TYT-Matematiğin İlacı	191	7	310	ok	valid_end_)	una göre, aşağıdakilerden hangisi doğrudur? (Şekil birim karelerden oluşmuştur.)
57d45439-f73c-58cd-b5ae-a8ab394f42e6	2023-2024-ACİL-TYT Matematik Soru Bankası	152	7	126	ok	valid_end_?	aşağıdaki gibi tanımlanmıştır. Buna göre, eşitliğini sağlayan $A$ değeri kaçtır?
b9b68448-bc1d-5000-974c-5d785af0daee	2020-2021-ACİL-TYT Matematik Soru Bankası	241	7.	169	ok	valid_end_?	oğrularının grafikleri çizilmiştir. $A(5,-1)$ olduğuna göre, $a-b$ farkı kaçtır?
0d50597f-37bc-5960-96c9-cab318a4be57	2020-2021-ACİL-TYT Matematik Soru Bankası	316	9	638	ok	valid_end_?	a göre, en son sırada 3. kişi atışını yapınca en çok kaç tane bilye kazanabilir?
6ef5d7fc-0343-53f6-bc8b-b9e829847ee6	2023-2024-ACİL-TYT Matematik Soru Bankası	280	8	422	ok	valid_end_?	 iki şekil 147 kez döndürüldüğünde elde edilen şekil aşağıdakilerden hangisidir?
162d0e0f-1e54-53fa-b21e-6cd053d951f4	2023-2024-ACİL-TYT Matematik Soru Bankası	298	5	397	ok	valid_end_?	. $p' \Rightarrow q$ IV. $p \land q$ önermelerinden hangileri birbirine denktir?
844ad1ce-d573-5eda-9ff6-0e83260d10b7	2023-2024-ACİL-TYT Matematik Soru Bankası	330	7.	176	ok	valid_end_?	nımlanıyor. $f(1) < 3$ şartını sağlayan kaç tane bire bir fonksiyon yazılabilir?
d509220d-9531-5cb8-ac98-237e406a5442	2020-2021-ACİL-TYT Matematik Soru Bankası	387	14	140	ok	valid_end_?	ri verilmiştir. Doğrular $a$ apsisli noktada kesiştiklerine göre, $f(a)$ kaçtır?
50fea63f-09fb-5d66-8460-747fd85712c2	2024-ACİL TYT Matematik Geometri Kitap-1	88	9	474	ok	valid_end_?	tre çıta kalmaktadır. Buna göre, bir çıtadan en fazla kaç tane ayak kesilebilir?
6af8da35-6b87-5f68-83e2-b122073e80b0	2020-2021-Apotemi-Tyt Ayt-Geometri Maestro Soru Bankası	125	6	200	ok	valid_end_?	\text{ cm}$ Yukarıdaki verilere göre, KFA üçgeninin alanı kaç $\text{cm}^2$ dir?
c331d402-81cd-5b42-9335-38f43bebe489	2024-ACİL TYT Matematik Geometri Kitap-1	189	6	258	ok	valid_end_?	ehirleri arasındaki uzaklığın C ve D şehirleri arasındaki uzaklığa oranı kaçtır?
0514aff0-ed58-5c39-b274-0cbaf109ba38	2023-2024-ACİL-TYT Matematik Soru Bankası	406	7	254	ok	valid_end_?	ur. Buna göre, $t$ anından kaç saniye sonra yayların uzunlukları oranı 0,8 olur?
811a77e5-29d0-5b37-b2a9-880d7129c4d3	2023-2024-ACİL-TYT-AYT Geometri Soru Bankası	7	9.	162	ok	valid_end_?	+t=270^\circ$ IV. $x+y+z=270^\circ$ ifadelerinden hangileri kesinlikle doğrudur?
c23ac510-9d9d-5df0-aac9-48a07bf11fa4	Neofizik Tyt Soru Bankası	38	8	407	ok	valid_end_?	re cisimler Şekil II'deki gibi üst üste yerleştirilirse P, F ve E nasıl değişir?
9d2a435f-d47a-5af8-b15f-a6922e1b894d	2021-2022-Apotemi-Limit	82	11	104	ok	valid_end_.	ı inceleyelim. Apsisi 1, 2, 3 olan noktaların görüntüleri sırasıyla n, k, m dir.
674b80ab-1041-5d38-9b07-183be58c2ca2	Neofizik Tyt Soru Bankası	106	6	160	ok	valid_end_?	er aynı anda uygulanıyor. Buna göre, cismin hareket durumu için ne söylenebilir?
012e46c0-d215-5360-9d9a-6dfdc49abb16	2021-2022-Apotemi-Problemler	186	Örnek 4	320	ok	valid_end_?	zitif bölenidir. Buna göre, şekilde verilen sistemde $A+B$ toplamı en az kaçtır?
58b1635a-7879-5898-965a-552180a02ba1	Orijinal-2024-Ayt-Trigonometri	25	8	196	ok	valid_end_?	dik üçgeninde \(|DC| = 3 \cdot |BD|\) olduğuna göre, $\sin\alpha$ değeri kaçtır?
38a5b945-79c4-51ba-a184-ead70de81faa	Orijinal-2024-Ayt-Trigonometri	25	10	201	ok	valid_end_?	\(|BH|\) uzunluğunun $\alpha$ türünden değeri aşağıdakilerden hangisine eşittir?
2b0e4bc5-653c-534c-8540-67af7a6c9fa9	Orijinal-2024-Ayt-Trigonometri	27	9	199	ok	valid_end_?	ha$. $\tan\alpha + \tan\beta = \frac{10}{3}$ olduğuna göre, $|AC|$ kaç birimdir?
9c470815-b0a5-5c68-9eed-6cd14035f548	Neofizik Tyt Soru Bankası	208	5	235	ok	valid_end_?	1$, $I_2$, $I_3$ arasındaki ilişki aşağıdakilerden hangisinde doğru verilmiştir?
af65e1c9-c1f8-5082-b231-b8b63c052e5a	Neofizik Tyt Soru Bankası	234	5	263	ok	valid_end_?	X$, $n_Y$, $n_Z$ arasındaki ilişki aşağıdakilerden hangisinde doğru verilmiştir?
76cf0d5b-0b08-5746-8f8a-7f8b8d416669	2021-2022-Apotemi-Trigonometri	61	8	145	ok	valid_end_?	\cot(\widehat{ABC}) + \cot(\widehat{ACB}) = 6$ olduğuna göre, $|BC|$ kaç cm dir?
6e175a29-60ef-583d-a612-873b0575bb53	2021-2022-Apotemi-Trigonometri	61	10	142	ok	valid_end_?	lpha$, $|BC| = 8$ cm. $|AB| = |AC| = 12$ cm olduğuna göre, $\sin \alpha$ kaçtır?
37283598-5444-5ff4-bcf4-f64fc92d4ccd	2023-2024-ACİL-TYT-AYT Geometri Soru Bankası	10	9.	138	ok	valid_end_?	t{DLE}) = 80^{\circ}$ dir. Buna göre, $m(\widehat{FBK}) = \alpha$ kaç derecedir?
a7e0fe7f-9410-5495-9218-c5d54aae4a15	2023-2024-ACİL-TYT-AYT Geometri Soru Bankası	68	10	155	ok	valid_end_?	D| = 3$ cm, $|BD| = 5$ cm, $|AE| = 4$ cm, $|EC| = x$. Buna göre, $x$ kaç cm'dir?
20154066-764e-5eca-af5a-5f85fe615526	2023-2024-ACİL-TYT-AYT Geometri Soru Bankası	71	10	145	ok	valid_end_?	AB]$, $[GE] \parallel [BC]$ $|GE| = 6$ cm, $|BF| = x$ Buna göre, $x$ kaç cm'dir?
5c2192a0-fa56-5dc7-9d5a-259f87b6b9c4	2023-2024-ACİL-TYT-AYT Geometri Soru Bankası	71	11	123	ok	valid_end_?	rallel [BD]$ $|AF| = 2$ cm, $|FD| = 4$ cm, $|DC| = x$ Buna göre, $x$ kaç cm'dir?
37d5e50e-d93a-56b7-84ce-4e13226be71c	2023-2024-ACİL-TYT-AYT Geometri Soru Bankası	95	12	119	ok	valid_end_?	E) = 6$ birimkare, $A(DFE) = 3$ birimkare. Buna göre, $A(ABC)$ kaç birimkaredir?
4511dcfe-993b-5a45-8342-35f0c05e6909	Orijinal-2024-Ayt-Trigonometri	78	10	167	ok	valid_end_?	$\sin\alpha = \frac{3}{5}$ olduğuna göre, $\tan(2\alpha + \beta)$ değeri kaçtır?
176dc54e-4942-5b86-a208-6bc188ded196	2023-2024-ACİL-TYT-AYT Geometri Soru Bankası	98	9.	134	ok	valid_end_?	11$ cm, $|FE| = 5$ cm, $|FK| = 13$ cm Buna göre, $A(BDF)$ kaç $\text{cm}^2$ dir?
c350c4af-cba2-58d7-9916-91145f935641	2023-2024-ACİL-TYT-AYT Geometri Soru Bankası	101	10	106	ok	valid_end_?	llel [AD]$ $|AC| = 8$ cm, $|BD| = |DC| = 5$ cm Buna göre, $|BE| = x$ kaç cm'dir?
9cfe3b12-67f1-5a60-b5d9-e7f982480475	2023-2024-ACİL-TYT-AYT Geometri Soru Bankası	110	7.	153	ok	valid_end_?	> m(\widehat{BCA})$ Buna göre, $x$'in alacağı kaç farklı tam sayı değeri vardır?
fb749b0c-d24d-5d00-a4e5-d6845b9e0b6f	2023-2024-ACİL-TYT-AYT Geometri Soru Bankası	115	9	193	ok	valid_end_?	 göre, $|DE| = x$ uzunluğunun alabileceği tam sayı değerleri toplamı kaç cm'dir?
4912a82f-8100-5a23-9c8d-018c18cb9372	Orijinal-2024-Ayt-Trigonometri	84	9	154	ok	valid_end_?	 birim $|HC| = \tan x - \sin^2 x$ birim Buna göre, $|AB|$ uzunluğu kaç birimdir?
1c18661d-4f05-597a-94f8-7aa9d7062f54	Orijinal-2024-Ayt-Trigonometri	96	9	126	ok	valid_end_?	2}{c} = a+\sqrt{2}b$ bağlantısı olduğuna göre, $m(\widehat{BAC})$ kaç derecedir?
ac3d114c-396b-5224-9fdc-c83a5ec133d2	2023-2024-ACİL-TYT-AYT Geometri Soru Bankası	131	12	155	ok	valid_end_?	= 6$ birim, $[AE] = 8$ birim, $[DC] = 13$ birim. Buna göre, $[EF]$ kaç birimdir?
9204c38d-4d3f-5ecd-8406-f03814be2b36	Orijinal-2024-Ayt-Trigonometri	96	10	160	ok	valid_end_?	b^2=10$, $a-b=3$ eşitlikleri veriliyor. Buna göre, $|AE|$ uzunluğu kaç birimdir?
8a3067a5-6d96-5db8-8b3f-ff957da59bee	2023-2024-ACİL-TYT-AYT Geometri Soru Bankası	134	11	176	ok	valid_end_?	\{K\}$, $[DG] \perp [GC]$, $|AD| = 6$ cm. Buna göre, $|BE|$ uzunluğu kaç cm'dir?
de7dd7f9-bf3d-5800-b164-ba3587291b8a	Orijinal-2024-Ayt-Trigonometri	96	11	191	ok	valid_end_?	$. Dörtgenin köşeleri çember üzerinde olduğuna göre, $\cos\alpha$ değeri kaçtır?
76e25eaa-3c18-5b2f-bf25-17cb0be6f915	Orijinal-2024-Ayt-Trigonometri	104	8.	178	ok	valid_end_?	D| = 10$ birim Yukarıdaki verilere göre, boyalı bölgenin alanı kaç birimkaredir?
f681ab3c-f9ff-5421-b1fd-ff58b9b49434	2023-2024-ACİL-TYT-AYT Geometri Soru Bankası	149	13	114	ok	valid_end_?	en. $[DF] \perp [AB]$, $|AF|=5$ cm, $|FB|=8$ cm. Buna göre, $|EB|=x$ kaç cm'dir?
f57e1c26-1ba3-5973-9524-f45a2e020dc6	Orijinal-2024-Ayt-Trigonometri	104	10.	194	ok	valid_end_?	 \beta$ Yukarıdaki verilere göre, $\frac{\sin \alpha}{\sin \beta}$ oranı kaçtır?
c729501f-f7e2-5bd2-bf09-86f6ba4044c8	2022-2023-ACİL-Katı Cisimler	11	7	131	ok	valid_end_?	G|$, $|BC|=6$ cm, $|AB|=8$ cm, $|GC|=12$ cm'dir. Buna göre, $|AK|=x$ kaç cm'dir?
e6aad69a-65e8-5563-be12-e93090e325fc	2023-2024-ACİL-TYT-AYT Geometri Soru Bankası	164	10	445	ok	valid_end_?	 Şekil 2'de peteğin arkasında kalan kısmı için aşağıdakilerden hangisi doğrudur?
2996d051-0165-5249-bc5c-41e51cf10701	2023-2024-ACİL-TYT-AYT Geometri Soru Bankası	203	13	118	ok	valid_end_?	FC|$, $|AB|=|AD|$, $A(ABCD)=32$ birimkare. Buna göre, $A(EFD)$ kaç birimkaredir?
4005cd81-bae7-5fd4-a283-fecebe876f33	2023-2024-ACİL-TYT-AYT Geometri Soru Bankası	209	12	177	ok	valid_end_?	$|BC| = 6\sqrt{2}$ cm Yukarıdaki verilere göre, $A(ABCD)$ kaç $\text{cm}^2$ dir?
a5c237ac-5008-54b1-a016-53e3baf6e15b	2023-2024-ACİL-TYT-AYT Geometri Soru Bankası	212	13.	106	ok	valid_end_?	] \perp [AB]$, $|DE| = 5$ cm, $|EB| = 8$ cm Buna göre, $A(ABCD)$ kaç $cm^2$ dir?
bd83f1e8-fa7f-5010-afcb-d0e9a18ede08	2023-2024-ACİL-TYT-AYT Geometri Soru Bankası	223	13	116	ok	valid_end_?	F|=2+2|FK|$, $|DC|=4$ cm, $|AF|=9$ cm'dir. Buna göre, Alan(EDKF) kaç $cm^2$'dir?
a4f62e99-1ae0-5d92-99bd-5a3856f28b5f	2023-2024-ACİL-TYT-AYT Geometri Soru Bankası	236	13.	102	ok	valid_end_?	 $|MC| = 3 \cdot |MD|$, $|DK| = 4$ cm Buna göre, $|AB| = x$ uzunluğu kaç cm'dir?
0e9c3d20-66a6-5577-8f10-630164128869	2023-2024-ACİL-TYT-AYT Geometri Soru Bankası	239	9	188	ok	valid_end_?	{ cm}^2$ olduğuna göre, F ile E noktaları arasındaki en kısa uzaklık kaç cm'dir?
1bdd6dc9-86dc-5d69-9b2a-9e787ec2f3c6	2023-2024-ACİL-TYT-AYT Geometri Soru Bankası	242	11	156	ok	valid_end_?	= 35^\circ$, $|AB| = |DC|$ Buna göre, $m(\widehat{ADB}) = \alpha$ kaç derecedir?
22d7a48f-32fc-5e39-9b60-4443cfd67726	345 2024 Ayt Biyoloji Soru Bankası	134	8	147	ok	valid_end_?	larda numaralı yerlere gelmesi gerekenler aşağıdakilerin hangisinde verilmiştir?
d9ea608a-36fb-5ba3-856b-5522813fae45	2023-2024-ACİL-TYT-AYT Geometri Soru Bankası	276	9	164	ok	valid_end_?	 cm, $|BC|=12$ cm ve $|AC|=13$ cm Yukarıdaki verilere göre, $|CD|=x$ kaç cm'dir?
237f5582-4a9f-5891-8933-3cdce0ed1f79	2023-2024-ACİL-TYT-AYT Geometri Soru Bankası	283	16.	133	ok	valid_end_?	O_2$ çeyrek dairelerinin merkezleridir. Buna göre, taralı alan kaç birimkaredir?
c28c16e2-ed68-578b-99ca-bc90358b5c2f	2023-2024-ACİL-TYT-AYT Geometri Soru Bankası	296	9	157	ok	valid_end_?	m}$, $|FC| = 4\sqrt{3} \text{ cm}$ Buna göre, taralı alan kaç $\text{cm}^2$ dir?
5da3e820-b805-5cd5-be0e-9c453fae16b5	2023-2024-ACİL-TYT-AYT Geometri Soru Bankası	396	9	165	ok	valid_end_?	r. $2|DM| = 7|MC|$, $5|KB| = 4|AK|$ olduğuna göre, $|MK|$ uzunluğu kaç birimdir?
b3da2690-b07f-5333-9443-44db3576ed97	2023-2024-ACİL-TYT-AYT Geometri Soru Bankası	399	10.	389	ok	valid_end_?	re geri dönmüştür. Buna göre, bu silindirik yüzeyin taban yarıçapı kaç metredir?
b88df0ce-0818-538e-acb3-1a44e17741cb	2023-2024-ACİL-TYT-AYT-Geometrinin İlacı	4	7	148	ok	valid_end_?	t{FCD}) = 130^\circ$ ve $m(\widehat{CDE}) = x$ olduğuna göre, $x$ kaç derecedir?
5110bcfb-f42d-5276-8d29-8fffb5eef589	Orijinal-2024-Ayt-integral	132	9	200	ok	valid_end_?	} g(x) dx = 5$ olduğuna göre, $\int_{0}^{3} g(x) dx$ integralinin değeri kaçtır?
7dd95472-b64f-566f-841e-9e7bef705ce6	2023-2024-ACİL-TYT-AYT-Geometrinin İlacı	8	5	483	ok	valid_end_?	 oluşan açıların ölçüleri $x$ ve $y$'dir. Buna göre, $\frac{x}{y}$ oranı kaçtır?
6e191371-a0f4-53cb-a413-e6b04ea27d80	2023-2024-ACİL-TYT-AYT-Geometrinin İlacı	14	7	126	ok	valid_end_?	widehat{ABC}) = 42^ ext{o}$ $m(\widehat{ECB}) = x$ Buna göre, $x$ kaç derecedir?
0e2e8d3e-7ffc-5f9b-a165-fa7f0b37365d	2023-2024-ACİL-TYT-AYT-Geometrinin İlacı	16	7	172	ok	valid_end_?	widehat{ACB}) = 70^ ext{o}$ $m(\widehat{EDB}) = x$ Buna göre, $x$ kaç derecedir?
0e0acaf4-d8f0-59b2-b443-aec1af6d5012	2023-2024-ACİL-TYT-AYT-Geometrinin İlacı	18	7.	124	ok	valid_end_?	BC}) = 80^ ext{o}$ $m(\widehat{ACB}) = 40^ ext{o}$ Buna göre, $x$ kaç derecedir?
f8439df1-16e9-5c32-9727-b1db72e08f79	2023-2024-ACİL-TYT-AYT-Geometrinin İlacı	20	7	133	ok	valid_end_?	$m(\widehat{AEC})=80^\circ$, $m(\widehat{BCD})=x$. Buna göre, $x$ kaç derecedir?
b218289b-f2bf-5244-bbe9-f3538a8d37be	2023-2024-ACİL-TYT-AYT-Geometrinin İlacı	24	9	175	ok	valid_end_?	hat{EBC})$, $m(\widehat{ABC})=m(\widehat{BED})$. Buna göre, $|DC|$ kaç birimdir?
da8f0784-124b-5ec7-85ba-301e4aa950cf	2023-2024-ACİL-TYT-AYT-Geometrinin İlacı	26	7	169	ok	valid_end_?	|EC|$. $m(\widehat{BAD}) = m(\widehat{DEC})$ olduğuna göre, $|BE|$ kaç birimdir?
6787d673-ec6e-52bc-b39b-eb2b084abb31	2023-2024-ACİL-TYT-AYT-Geometrinin İlacı	30	7	134	ok	valid_end_?	IBCI = 12$ birim, $AB = 5$ birim. Buna göre, DEC üçgeninin çevresi kaç birimdir?
c5b153a8-3e58-5cc8-b0d2-d700747f5eaf	2023-2024-ACİL-TYT-AYT-Geometrinin İlacı	30	8	105	ok	valid_end_?	E$. $IALI = ILI$. $IBDI = IDCI$. $IKLI = 1$ birim. Buna göre, IABI kaç birimdir?
f4f94f1f-1e6b-5f4a-9f23-454fe0d2baa7	2023-2024-ACİL-TYT-AYT-Geometrinin İlacı	32	7	132	ok	valid_end_?	llel AF$, $AB = BC$, $CD = DE$, $AD = 24$ birim. Buna göre, $|CF|$ kaç birimdir?
c9c22525-ffd5-5801-b4b5-c96cba10b007	2023-2024-ACİL-TYT-AYT-Geometrinin İlacı	36	8	115	ok	valid_end_?	y, $|AE|=\sqrt{5}$ birim, $|DE|=\sqrt{6}$ birim. Buna göre, $|AD|$ kaç birimdir?
5f5978f5-70c4-5650-bbc7-d88954370d13	2023-2024-ACİL-TYT-AYT-Geometrinin İlacı	36	9	139	ok	valid_end_?	 $|DA|=3\sqrt{2}$ birim, $|AB|=4\sqrt{2}$ birim. Buna göre, $|CB|$ kaç birimdir?
76eb1659-473a-5a22-a63a-736745bffa0a	2023-2024-ACİL-TYT-AYT-Geometrinin İlacı	40	7	139	ok	valid_end_?	I = \sqrt{5}$ birim, $AE = \sqrt{17}$ birim olduğuna göre, $|ACI|$ kaç birimdir?
5a29d10c-770c-5bc7-a9aa-a0d43682b7ce	2023-2024-ACİL-TYT-AYT-Geometrinin İlacı	44	7.	132	ok	valid_end_?	E$, $|AD|=|AC|$, $|DE|=4$ birim, $|DC|=1$ birim. Buna göre, $|DC|$ kaç birimdir?
9a080447-fb5f-517b-b0b8-6f27e36bb477	2023-2024-ACİL-TYT-AYT-Geometrinin İlacı	46	7	147	ok	valid_end_?	BD| = 4\sqrt{3}$ birim, $|DC| = \sqrt{3}$ birim. Buna göre, $|AD|$ kaç birimdir?
c6567595-b123-53eb-bc6e-3d4a794b17b9	2023-2024-ACİL-TYT-AYT-Geometrinin İlacı	54	8	124	ok	valid_end_?	im, $m(\widehat{DAC})=x$, $m(\widehat{ABC})=2x$. Buna göre, $|AC|$ kaç birimdir?
c78e1f82-6793-5e52-b4e7-46e857ff68d7	2023-2024-ACİL-TYT-AYT-Geometrinin İlacı	60	8	152	ok	valid_end_?	, $|BE|=12$ birim, $m(\widehat{BEF})=105^\circ$. Buna göre, $|AK|$ kaç birimdir?
738ead3a-4590-55e5-aa9d-ebd6115adc93	2023-2024-ACİL-TYT-AYT-Geometrinin İlacı	68	7.	105	ok	valid_end_?	B$ $[AD]$ açıortay $|CD|=3$ birim $|BD|=5$ birim Buna göre, $|AD|$ kaç birimdir?
1dfc6e6b-1d9a-5547-bb1c-e65a772cb4f9	2023-2024-ACİL-TYT-AYT-Geometrinin İlacı	68	8.	111	ok	valid_end_?	|FC|$ $|AD|=5$ birim $|DB|=4$ birim Buna göre, $\frac{|DE|}{|EC|}$ oranı kaçtır?
c2e816b9-4e9e-52a1-aa94-5e2dc4461feb	2023-2024-ACİL-TYT-AYT-Geometrinin İlacı	68	11.	105	ok	valid_end_?	C$ $[BD]$ açıortay $|AB|=3$ birim $|BC|=6$ birim Buna göre, $|BD|$ kaç birimdir?
a96cd946-cbaa-54a6-ad18-7f056a656b6f	2023-2024-ACİL-TYT-AYT-Geometrinin İlacı	76	7	118	ok	valid_end_?	} $|AF| = |FC|$, $|BG| = |GC|$, $|DE| = 4$ birim Buna göre, $|DC|$ kaç birimdir?
75f6124f-adf4-545d-99bf-4ed267766f4c	2023-2024-ACİL-TYT-AYT-Geometrinin İlacı	80	7	128	ok	valid_end_?	= 8$ birim, $|AB| = 16$ birim, $|CD| = 4$ birim. Buna göre, $|BC|$ kaç birimdir?
18e3676b-8e8a-511d-baa8-44e1ffa6996f	2023-2024-ACİL-TYT-AYT-Geometrinin İlacı	82	7	126	ok	valid_end_?	| = 10$ birim $|DE| = 5$ birim $|EC| = 12$ birim Buna göre, $|AD|$ kaç birimdir?
b66d395a-fa5f-5b45-b17d-14fa32bccf12	Orijinal-2024-Ayt-Trigonometri	138	10	207	ok	valid_end_?	göre, ACE üçgeninin alanının $\alpha$ türünden eşiti aşağıdakilerden hangisidir?
83c3334d-c04d-5f85-9230-a5199cdad32f	2022-2023-ACİL-Katı Cisimler	145	Örnek 12	613	ok	valid_end_?	una göre, başlangıçta rafta bulunan kutuların hacimleri toplamı kaç birimküptür?
210c172c-89d3-54bc-8cc4-ddfeaac42508	2023-2024-ACİL-TYT-AYT-Geometrinin İlacı	84	7	121	ok	valid_end_?	 $AD \parallel DC$ $BE = 1$ birim $FC = 5$ birim Buna göre, $|DE|$ kaç birimdir?
7e995aad-0f58-557e-bffb-193d839f7edd	2022-2023-ACİL-Katı Cisimler	147	Örnek 16	391	ok	valid_end_?	lam hacmi %5 oranında azalıyor. Buna göre, kalemin toplam uzunluğu kaç birimdir?
dbe1b3ec-5823-5e51-9713-63973d6715a5	2022-2023-ACİL-Katı Cisimler	148	Örnek 18	291	ok	valid_end_?	esel koni oluşturuluyor. Buna göre, oluşturulan koninin yüksekliği kaç birimdir?
e341cd59-607a-5ad9-aefe-2511e683abd0	2023-2024-ACİL-TYT-AYT-Geometrinin İlacı	84	10	126	ok	valid_end_?	 birim $|KI| = 3\sqrt{5}$ birim $|FE| = 6$ birim Buna göre, $|KC|$ kaç birimdir?
f0420ec9-f51c-5abe-9097-8d3331086962	Orijinal-2024-Ayt-Trigonometri	142	8	161	ok	valid_end_?	=\frac{1}{4}$, $m(\widehat{CAB})=\alpha$. Buna göre, $\cos\alpha$ değeri kaçtır?
4f8208fc-0e07-5f88-acb6-08498619905b	2023-2024-ACİL-TYT-AYT-Geometrinin İlacı	86	7	142	ok	valid_end_?	ap DB = \{E\}$, $EFI = 3$ birim, $DA = 4$ birim. Buna göre, $|CB|$ kaç birimdir?
12220958-d504-5758-9fb4-13016fb5a389	2023-2024-ACİL-TYT-AYT-Geometrinin İlacı	86	10	135	ok	valid_end_?	llel FB_1$, $FE \parallel ED_1$, $EC = 2$ birim. Buna göre, $|AE|$ kaç birimdir?
f4188341-bcee-526d-9d62-ca6546c9a32d	2023-2024-ACİL-TYT-AYT-Geometrinin İlacı	88	7	102	ok	valid_end_?	el AC$, $BF = AE$, $AB = BD$, $|AC| = 30$ birim. Buna göre, $|FD|$ kaç birimdir?
3dd9f650-8178-57d9-8065-ea389834d82b	2023-2024-ACİL-TYT-AYT-Geometrinin İlacı	92	7	103	ok	valid_end_?	\perp BC$, $|AD|=4$ birim, $|EC|=3$ birim. Buna göre, $A(ABC)$ kaç birimkaredir?
31aeb77c-96e8-566e-9eab-652741f841e0	2023-2024-ACİL-TYT-AYT-Geometrinin İlacı	94	7	157	ok	valid_end_?	$ birim, $|BC|=10$ birim, $|CD|=15$ birim. Buna göre, $A(ABE)$ kaç birimkaredir?
2c45310b-692e-506b-9ff5-0ef05ed3bad2	2023-2024-ACİL-TYT-AYT-Geometrinin İlacı	96	7	121	ok	valid_end_?	| = 2 \cdot |BD|$ $|AC| = 12$ birim Buna göre, $A(\text{ABD})$ kaç birimkaredir?
00e740fb-a341-5e8c-a378-e35c7233a76a	2023-2024-ACİL-TYT-AYT-Geometrinin İlacı	98	7	123	ok	valid_end_?	AD = DC$ $|BE| = 3$ birim $|EC| = 5$ birim Buna göre, $A(ABC)$ kaç birimkaredir?
0f4573dc-3ef7-5316-8cf4-0a26f90cc128	2023-2024-ACİL-TYT-AYT-Geometrinin İlacı	100	7	138	ok	valid_end_?	$|AE| = 3$ birim, $|EB| = 5$ birim. Buna göre, $A(\text{AED})$ kaç birimkaredir?
7f35f317-5b19-501c-b76d-9d05a7a55063	2023-2024-ACİL-TYT-AYT-Geometrinin İlacı	102	7.	133	ok	valid_end_?	$ $|AB| = 6$ birim $|BC| = 2$ birim Buna göre, $A(\text{ECD})$ kaç birimkaredir?
cedb5fb1-28dc-5b84-982d-83d0f500b82d	Orijinal-2024-Ayt-Trigonometri	136	8	130	ok	valid_end_?	dehat{ABC})=\alpha$, $\cos\alpha = \frac{2}{3}$. Buna göre, $|BC|$ kaç birimdir?
b847b8de-83a5-59c8-a9d3-00e7aa73b7e9	Orijinal-2024-Ayt-Trigonometri	136	10	147	ok	valid_end_?	ve F doğrusal, $m(\widehat{ADE})=\alpha$. Buna göre, $\tan\alpha$ değeri kaçtır?
ae08950c-cd0a-5236-aa1e-2d9082d33683	2023-2024-ACİL-TYT-AYT-Geometrinin İlacı	112	11	170	ok	valid_end_?	t{ABC}) = x$ [AB], [AD], [CD] ve [CB] açıortay olduğuna göre, $x$ kaç derecedir?
f4b49282-4910-5f7a-9737-bc8f84b9ac03	2023-2024-ACİL-TYT-AYT-Geometrinin İlacı	114	7	125	ok	valid_end_?	 $|AE| = |EB|$ $|DE| = 7$ birim $|CB| = 4$ birim Buna göre, $|AC|$ kaç birimdir?
7dcd9581-6eec-55ad-8ee9-e45bf9e1a90c	2023-2024-ACİL-TYT-AYT-Geometrinin İlacı	118	7	118	ok	valid_end_?	= |LB|$ $|DC| = (2x)$ birim $|KL| = (x+3)$ birim Buna göre, $|DE|$ kaç birimdir?
60844f06-da4c-5c6e-8583-0d0615859383	2023-2024-ACİL-TYT-AYT-Geometrinin İlacı	118	11	175	ok	valid_end_?	ADF}) = m(\widehat{FBC})$ Buna göre, ABCD paralelkenarının çevresi kaç birimdir?
4dcbf9ae-9999-54ee-ad56-7e01bea0f279	2023-2024-ACİL-TYT-AYT-Geometrinin İlacı	124	7	138	ok	valid_end_?	{ birim}^2$, $A(AFB) = 9 \text{ birim}^2$. Buna göre, $A(ADE)$ kaç birimkaredir?
0ea04e6c-92d1-502d-8987-eb03baa9607b	2023-2024-ACİL-TYT-AYT-Geometrinin İlacı	126	7	105	ok	valid_end_?	ap DF = \{E\}$, $|AF| = |FB|$. Buna göre, $\frac{A(ADE)}{A(BCEF)}$ oranı kaçtır?
cb84fb7d-4c79-5a7b-8b1a-8d93c0a50b22	2023-2024-ACİL-TYT-AYT-Geometrinin İlacı	136	7	110	ok	valid_end_?	$|FC| = |EC|$ $|DE| = 12$ birim $|AE| = 9$ birim Buna göre, $|FD|$ kaç birimdir?
c26fddc2-66e2-57a7-82d2-b3da6684da8a	2023-2024-ACİL-TYT-AYT-Geometrinin İlacı	138	7	169	ok	valid_end_?	 = |IFG|$, $|IGH| = 2$ birim, $|CB| = 8$ birim. Buna göre, $|EFI|$ kaç birimdir?
8abe3c6a-8d07-5290-83ea-62c0c792c619	2023-2024-ACİL-TYT-AYT-Geometrinin İlacı	138	8	118	ok	valid_end_?	 = 3$ birim, $|IAFI| = |IBEI| = 6$ birim. Buna göre, $A(ABCD)$ kaç birimkaredir?
a9cc07eb-9538-5e5e-ac07-5dd548fe6f5c	2023-2024-ACİL-TYT-AYT-Geometrinin İlacı	138	10	129	ok	valid_end_?	m, $|IDAI| = 6$ birim, $|IAB| = 10$ birim. Buna göre, $A(AEB)$ kaç birimkaredir?
963bc3c1-643c-5d9a-82da-c61af871d5dc	2023-2024-ACİL-TYT-AYT-Geometrinin İlacı	140	7	106	ok	valid_end_?	 CE = IEBI, IDEI = 10 birim, BFI = 2 birim. Buna göre, A(ABCD) kaç birimkaredir?
4b5b50b6-9e34-5889-98ae-a2a2b48f0498	2023-2024-ACİL-TYT-AYT-Geometrinin İlacı	140	8	97	ok	valid_end_?	IBLI = 2  A IALI, IDKI = IKCI. Buna göre, A(ALCK) oranının A(ABCD) oranı kaçtır?
8b82e4b3-c6d6-5b89-9d54-ee7317bb8c60	2023-2024-ACİL-TYT-AYT-Geometrinin İlacı	140	9	128	ok	valid_end_?	F I = IFCI, IADI = 6 birim, IDCI = 12 birim. Buna göre, A(EBK) kaç birimkaredir?
11b31256-b7b2-52cc-8e0e-e173817c1d86	2023-2024-ACİL-TYT-AYT-Geometrinin İlacı	146	7	105	ok	valid_end_?	, $FE = 5$ birim, $AE = 1$ birim Buna göre, ABCD karesinin çevresi kaç birimdir?
cd141136-373f-596a-b107-5e8cef94a08f	2023-2024-ACİL-TYT-AYT-Geometrinin İlacı	148	7.	77	ok	valid_end_?	ABCD kare $|DC|=6$ birim $|FB|=1$ birim Buna göre, $A(CEF)$ kaç birimkaredir?
40a76229-2bdc-5256-a733-236cfd9a6b91	2023-2024-ACİL-TYT-AYT-Geometrinin İlacı	148	8.	113	ok	valid_end_?	|$ $|EF|=2$ birim $|AD|=10$ birim Buna göre, ADE üçgeninin çevresi kaç birimdir?
b65c5dea-a1f0-58a2-950d-c6e484e57725	2023-2024-ACİL-TYT-AYT-Geometrinin İlacı	150	7	133	ok	valid_end_?	t |FG|$ $|DE| = 4$ birim $|BG| = 6$ birim Buna göre, $A(ABCD)$ kaç birimkaredir?
6c8d547d-1953-51b5-89dc-d1898f95d7c5	2023-2024-ACİL-TYT-AYT-Geometrinin İlacı	158	7	156	ok	valid_end_?	{DGB})=50^ ext{o}$ $m(\widehat{DRC})=65^ ext{o}$ Buna göre, $|CE|$ kaç birimdir?
8444d613-c7e6-52c1-a564-64982812579e	2023-2024-ACİL-TYT-AYT-Geometrinin İlacı	162	7	124	ok	valid_end_?	E| = |EB|$, $|DC| = 3$ birim, $|AD| = 11$ birim. Buna göre, $|AB|$ kaç birimdir?
b4225507-28d8-5d8a-a89c-3e983ffa3328	2023-2024-ACİL-TYT-AYT-Geometrinin İlacı	162	10	98	ok	valid_end_?	 KM // AB$. $|DC| = 8$ birim, $|KM| = 12$ birim. Buna göre, $|AB|$ kaç birimdir?
a82a9291-129f-5ccc-a5e6-e52e75b0e65b	2023-2024-ACİL-TYT-AYT-Geometrinin İlacı	164	7	122	ok	valid_end_?	|=16$ birim, $m(\widehat{DAB})=45^\circ$. Buna göre, $A(ABCD)$ kaç birimkaredir?
c4cd0648-f1f6-5c58-8301-92bb2fe7d5e4	2023-2024-ACİL-TYT-AYT-Geometrinin İlacı	166	7	133	ok	valid_end_?	erp BC$ $|EB| = 2$ birim $|DA| = 6$ birim Buna göre, $A(AECD)$ kaç birimkaredir?
c9fda7ee-abdb-5c0d-a917-76919f52962c	2023-2024-ACİL-TYT-AYT-Geometrinin İlacı	174	7	109	ok	valid_end_?	are, $FB \cap AK = \{H\}$, $m(\widehat{KRB}) = x$. Buna göre, $x$ kaç derecedir?
042fe5df-c6b2-53a7-a6be-07616448c753	2023-2024-ACİL-TYT-AYT-Geometrinin İlacı	180	7.	141	ok	valid_end_?	 $m(\widehat{AB})=80^\circ$, $m(\widehat{DBF})=x$. Buna göre, $x$ kaç derecedir?
2fef9d2a-155d-5582-918c-e1ac571a127a	2023-2024-ACİL-TYT-AYT-Geometrinin İlacı	180	11.	99	ok	valid_end_?	mber, $m(\widehat{ADO})=x$, $m(\widehat{DCB})=4x$. Buna göre, $x$ kaç derecedir?
20a2fe4f-90dc-5993-8987-c98d501c1e7f	2023-2024-ACİL-TYT-AYT-Geometrinin İlacı	184	7.	139	ok	valid_end_?	$m(\widehat{BD})=150^\circ$, $m(\widehat{ACB})=x$. Buna göre, $x$ kaç derecedir?
c72f5189-9ae8-5362-ac32-8d38ffafcf68	2023-2024-ACİL-TYT-AYT-Geometrinin İlacı	188	10	107	ok	valid_end_?	 = 9$ birim, $|BC| = 17$ birim, $|AC| = 8$ birim Buna göre, $|DC|$ kaç birimdir?
2a416e53-a3a2-555e-a33c-2717977b756f	2023-2024-ACİL-TYT-AYT-Geometrinin İlacı	192	7.	194	ok	valid_end_?	ttir. $|AC| = 2$ birim, $|DB| = \sqrt{2}$ birim. Buna göre, $|AB|$ kaç birimdir?
5d4a99f5-0a1f-5650-a541-cb95d90a106c	345 2025 Tyt Ayt Geometri Soru Bankası 1	63	17	173	ok	valid_end_?	[DK] \perp [DL]$ $|AE| = |EO| = |DB|$ olduğuna göre, $\frac{|LH|}{|HC|}$ kaçtır?
a9959237-1113-5809-a9e8-c6bb19285f06	345 2025 Tyt Ayt Geometri Soru Bankası 1	63	18	116	ok	valid_end_?	$|FE| = 3$ cm $|DF| = 5$ cm $|AC| = 13$ cm olduğuna göre, $|AF| = x$ kaç cm'dir?
29a33abe-4448-5c25-9756-00ff7122b201	345 2025 Tyt Ayt Geometri Soru Bankası 1	63	19	111	ok	valid_end_?	 BC$ $|BE| = |EC|$ $|AD| = 1$ cm $|AC| = 8$ cm olduğuna göre, $|DE|$ kaç cm'dir?
179c32ab-db41-5e92-8271-66ce88bd0bb9	2023-2024-ACİL-TYT-AYT-Geometrinin İlacı	196	7.	128	ok	valid_end_?	\perp AB$, $|OC| = 12$ birim, $|CD| = 15$ birim. Buna göre, $|DB|$ kaç birimdir?
ca3d9a6c-3e11-52f0-8798-70c088a69522	2023-2024-ACİL-TYT-AYT-Geometrinin İlacı	200	7	159	ok	valid_end_?	| = 15$ birim $|CB| = 9$ birim Buna göre, dairenin alanı kaç $\pi$ birimkaredir?
8e63d046-43cd-5dda-9a37-719d7d50817c	2023-2024-ACİL-TYT-AYT-Geometrinin İlacı	218	7	145	ok	valid_end_?	$ birim, $|DE|=4,5$ birimdir. Buna göre, silindirin hacmi kaç $\pi$ birimküptür?
816ad283-2a7c-5f67-8357-85bcb92e9fa5	2023-2024-ACİL-TYT-AYT-Geometrinin İlacı	226	7	182	ok	valid_end_?	etrafında $360^\circ$ döndürüldüğünde oluşan cismin hacmi kaç $\pi$ birimküptür?
28aa90ff-146f-5b36-8543-933a4909aaf2	2023-2024-ACİL-TYT-AYT-Geometrinin İlacı	238	7	102	ok	valid_end_?	de verilenlere göre, OAB üçgensel bölgesinin ağırlık merkezinin ordinatı kaçtır?
430af95d-7282-5813-a5f7-0f6823d846e2	Orijinal-2024-Ayt-Trigonometri	194	11	168	ok	valid_end_?	s 4\alpha = -\cos 2\alpha$ olimitsolduğu na göre, $|BC| = x$ en az kaç birimdir?
a4e59280-fa74-59b6-91e1-b90f5295d561	2023-2024 ACİL- AYT Matematik Soru Bankası	66	9	145	ok	valid_end_?	A, D, E noktaları doğrusal ve $2|OB| = |OA|$ olduğuna göre, $|DE|$ kaç birimdir?
ef8fcadf-81b1-5188-80c9-55c923723fb7	Mikro Orijinal-2025-Ayt-Geometri Soru Bankası	154	7	138	ok	valid_end_?	$ cm, $m(\widehat{ABC}) = 60^\circ$. Verilenlere göre, Alan(ABC) kaç $cm^2$ dir?
0ca0c95f-d0bc-571d-bc82-6758aafe57bd	Orijinal-2024-Ayt-integral	118	7	278	ok	valid_end_?	azla olduğuna göre, $\int_{1}^{9} (f(x) + f'(x)) dx$ integralinin değeri kaçtır?
9e95e67a-b787-5746-b67c-6744591e1111	2023-2024 ACİL- AYT Matematik Soru Bankası	98	11	289	ok	valid_end_?	eniş çözüm kümesi B olduğuna göre, $A \cap B$ kümesi aşağıdakilerden hangisidir?
938e9897-4741-55b0-90a6-fb232f616da8	2023-2024-ACİL-TYT-Matematiğin İlacı	35	10	405	ok	valid_end_?	le$ eşitliği bilindiğine göre, Ferhat Paşa Antlaşması kaç yılında imzalanmıştır?
c01f557b-06a5-5f00-98b4-6514713796e5	2023-2024 ACİL- AYT Matematik Soru Bankası	124	7	174	ok	valid_end_?	$ ve $\tan \alpha = \frac{1}{2}$ olduğuna göre, $A(ABCD)$ kaç $\text{cm}^2$ dir?
72ab9354-e7e9-5c7b-ab24-8e5a3a4bcb8e	2023-2024 ACİL- AYT Matematik Soru Bankası	144	6	202	ok	valid_end_?	\widehat{ADE}) = $ Alan$(\widehat{ECF})$ olduğuna göre, $|CF| = x$ kaç birimdir?
fb119a58-fb2e-56a7-9ea8-bb14d4efeb3d	2023-2024 ACİL- AYT Matematik Soru Bankası	146	7	187	ok	valid_end_?	rim, $2m(\widehat{B})=m(\widehat{C})=2\alpha$ olduğuna göre, $cos\alpha$ kaçtır?
7abb2fcb-9380-5132-bbbb-69ced21525de	2023-2024 ACİL- AYT Matematik Soru Bankası	148	6	113	ok	valid_end_?	, $|CF|=|AE|=2$ birim, $|ED|=|AB|=6$ birim olduğuna göre, $|EF|=x$ kaç birimdir?
afe611b9-623c-5ad0-b1e7-c3a2ce3b1f1d	2023-2024 ACİL- AYT Matematik Soru Bankası	158	11	198	ok	valid_end_?	0^\circ$, $|DC| = 1$ birim olduğuna göre, boyalı üçgenin alanı kaç birimkaredir?
9e87995f-8354-5667-a1ef-784877382eb7	2023-2024 ACİL- AYT Matematik Soru Bankası	172	9	96	ok	valid_end_?	, \pi]$ aralığında grafiği verilen $f(x)$ fonksiyonu aşağıdakilerden hangisidir?
71d9928a-f5f5-5f6b-a166-5601ed14e44a	Orijinal-2024-Ayt-Trigonometri	192	12	247	ok	valid_end_?	EO| = |DC| = \sqrt{3} \cdot |AB|$ olduğuna göre, $x$ aşağıdakilerden hangisidir?
91a251a8-65ec-57e9-a0dc-e203f4a118b5	Mikro Orijinal-2025-Ayt-Geometri Soru Bankası	407	5	209	ok	valid_end_?	izması yapılıyor. Buna göre, oluşturulan prizmanın yüzey alanı kaç birimkaredir?
fc81e44d-4d6c-508d-b2e2-d358b5f3d402	2023-2024 ACİL- AYT Matematik Soru Bankası	263	7	236	ok	valid_end_?	$'dir. III. $\lim_{x \to (-1)^+} f(x)$ yoktur. ifadelerinden hangileri doğrudur?
a8c72797-83ec-5542-ae16-0d01a5ddce37	Mikro Orijinal-Tyt Ayt-Geometri Soru Bankası 2	40	7	50	ok	valid_end_?	Verilenlere göre, $m(\text{EDC})=x$ kaç derecedir?
2d206676-1209-5dfc-97c7-635c14523cb5	Mikro Orijinal-Tyt Ayt-Geometri Soru Bankası 2	98	7	114	ok	valid_end_?	F \perp BC$ $|AD| = 5$ cm $|AE| = 4$ cm Verilenlere göre, $|BF| = x$ kaç cm'dir?
0f912484-9f48-5ddc-9996-4faeb9cda3c7	2023-2024 ACİL- AYT Matematik Soru Bankası	289	6	139	ok	valid_end_?	göre, $\lim_{x \to -3^+} f(x) - \lim_{x \to 3^-} f(x)$ toplamının değeri kaçtır?
cbbcd8d0-ba64-5877-9645-233c1bb294eb	Mikro Orijinal-Tyt Ayt-Geometri Soru Bankası 2	120	7	117	ok	valid_end_?	\perp BG$ $|AG| = 16$ cm $|BG| = 15$ cm Verilenlere göre, $|BC| = x$ kaç cm dir?
2cef916b-9658-53fb-9df6-f7afae5b09a9	Orijinal-2024-Ayt-Trigonometri	198	11	109	ok	valid_end_?	=|CD|$, $|AC|=8$ birim, $|AD|=12$ birim Buna göre, $|BD|$ uzunluğu kaç birimdir?
d6aacf6e-cc8b-5340-8e55-a340f47cfe4c	Mikro Orijinal-Tyt Ayt-Geometri Soru Bankası 2	162	7	247	ok	valid_end_?	widehat{BAC}) = 60^{\circ}$ Verilenlere göre, şedin alanı kaç $\text{cm}^2$ dir?
682433f7-78f6-55c1-967c-fa021f68f9a3	345 2025 Tyt Ayt Geometri Soru Bankası 1	59	7	128	ok	valid_end_?	$|AB| = |AD|$ $|AE| = 3$ cm $|EC| = 10$ cm olduğuna göre, $|DC| = x$ kaç cm'dir?
0bf36580-cd1c-556a-9342-23349c29a33b	Mikro Orijinal-Tyt Ayt-Geometri Soru Bankası 2	197	7	126	ok	valid_end_?	E| = |EA|$ $|DC| = 4$ cm $|AB| = 10$ cm Verilenlere göre, $|BC| = x$ kaç cm'dir?
fb9a3706-d2de-5f27-9bfe-c7fbcf173f19	Mikro Orijinal-Tyt Ayt-Geometri Soru Bankası 2	199	7	154	ok	valid_end_?	0$ cm $m(\widehat{AED}) = 45^\circ$ Verilenlere göre, Alan(ABCD) kaç $cm^2$ dir?
c7b36f67-481a-5e1e-be70-14fec655cf7c	Mikro Orijinal-Tyt Ayt-Geometri Soru Bankası 2	214	7	139	ok	valid_end_?	dehat{ECB})$, $|AE| = 4$ cm. Verilenlere göre, Alan(ABCD) kaç $\text{cm}^2$ dir?
5fdded58-db0b-5c1b-a918-f4145b6e2d9c	345 2025 Tyt Ayt Geometri Soru Bankası 1	61	6	106	ok	valid_end_?	{AD}| = 4$ cm, $|\text{CD}| = 6$ cm olduğuna göre, $|\text{BD}| = x$ kaç cm'dir?
897816c2-1ed4-5b0d-b555-27fa1ad233bc	345 2024 Ayt Biyoloji Soru Bankası	358	7	547	ok	valid_end_?	kısımda biriktiği için ışığa yönelme olmuştur. ifadelerinden hangileri doğrudur?
4f02cbc7-5bf4-5e81-98e9-093851587bad	345 2024 Ayt Fizik Soru Bankası	175	7	421	ok	valid_end_?	ru çekiliyor. Buna göre, K ve L makaralarının tur sayıları için ne söylenebilir?
30e2931c-6035-5975-ad4a-59747e96d153	2023-2024 ACİL- AYT Matematik Soru Bankası	387	8	123	ok	valid_end_?	lmiştir. $\int_{2}^{7} f(x)dx = 21$ olduğuna göre, boyalı alan kaç birimkaredir?
19aab24c-7cdf-55a4-b9b5-4641292542a6	2023-2024 ACİL- AYT Matematik Soru Bankası	387	10	177	ok	valid_end_?	2=3$ birimkare olduğuna göre, $\int_{-1}^{5} f(x)dx$ integralinin değeri kaçtır?
dcc63299-e0b6-59db-b714-2b948a7bf4b4	2023-2024 ACİL- AYT Matematik Soru Bankası	391	6	178	ok	valid_end_?	x)dx = 10$ olduğuna göre, $\int_{0}^{3} f^{-1}(x)dx$ integralinin değeri kaçtır?
b19ba845-4146-516e-8e81-a538089b5ce5	2023-2024 ACİL- AYT Matematik Soru Bankası	391	7	180	ok	valid_end_?	- \int_{-4}^{4} f(-x)dx = 10$ olduğuna göre, $S_1 - S_3$ farkı kaç birimkaredir?
b1996312-c5a8-5111-841f-37ace36951bd	Mikro-2024-Tyt Ayt-Geometri Soru Bankası	61	9	135	ok	valid_end_?	= 6$ cm $|AB| = 5$ cm $|DC| = 3$ cm olduğuna göre, $|BC| = x$ kaç santimetredir?
73c2815c-f7c4-55c6-84d0-5347cbb6efa5	345 2024 Ayt Biyoloji Soru Bankası	278	6	177	ok	valid_end_?	n fazla fotosentez yapanları aşağıdakilerin hangisinde doğru olarak verilmiştir?
efc96bfb-77c5-5bbb-8be8-6787c46db7cb	Mikro-2024-Tyt Ayt-Geometri Soru Bankası	117	9	117	ok	valid_end_?	= 3|BC|$, Alan(ABCD) = $42 cm^2$ olduğuna göre, Alan(DBC) kaç santimetrekaredir?
a33281d4-cb64-5252-9753-8206170f3e6f	Mikro-2024-Tyt Ayt-Geometri Soru Bankası	137	9	107	ok	valid_end_?	|BD|=24$ cm, $|DC|=8$ cm, $|AD|=6$ cm olduğuna göre, $|AC|=x$ kaç santimetredir?
c337c5f5-4b1d-555a-b3a3-1794bb62c68a	Mikro-2024-Tyt Ayt-Geometri Soru Bankası	212	9	200	ok	valid_end_?	)=60^\circ$, $|EF|=6$ cm, $|AE|=2$ cm olduğuna göre, $|DE|=x$ kaç santimetredir?
64467168-e756-55db-ab98-1e0397b1c9d5	2023-2024-ACİL-TYT Matematik Soru Bankası	36	11	679	ok	valid_end_?	lduğuna göre, şef yemeğin suyu kaynadıktan kaç dakika sonra yemeğe tuz atmıştır?
b5b3b2e9-b1d4-5441-895a-86924e2e17da	2023-2024-ACİL-TYT Matematik Soru Bankası	48	8	126	ok	valid_end_?	a iki tane sonuçlandırılmış bölme işlemi verilmiştir. Buna göre, A en az kaçtır?
dd51f5cf-626d-5ca4-8390-eddb832031c1	Mikro-2024-Tyt Ayt-Geometri Soru Bankası	288	9	153	ok	valid_end_?	\widehat{ODC}) = 50^ ext{o}$ olduğuna göre, $m(\widehat{AD}) = x$ kaç derecedir?
28eb2e8a-8f4a-5a28-a4f8-50ba892bf8be	2023-2024-ACİL-TYT Matematik Soru Bankası	48	11	140	ok	valid_end_?	 sonuçlandırılmış bir bölme işlemi verilmiştir. Buna göre, x - y toplamı kaçtır?
db965fa8-0588-5a18-b68f-f12af40bf49f	2023-2024-ACİL-TYT Matematik Soru Bankası	152	9	287	ok	valid_end_?	 toplama işlemi olsaydı yapılan bu yerleştirme işleminin sonucunu kaç artırırdı?
83cc597d-2239-56c6-bbf5-72d6215b5a3f	Orijinal-2024-Geometri Soru Bankası	71	9	74	ok	valid_end_?	Yukarıdaki verilere göre, x.y çarpımının eşiti aşağıdakilerden hangisidir?
30187ade-b86c-566a-ba86-b74674b6ae47	Orijinal-2024-Geometri Soru Bankası	77	9	150	ok	valid_end_?	lde G noktası, ABC üçgeninin ağırlık merkezi olduğuna göre, $|AC|=x$ kaç cm'dir?
8f01dcb8-34fe-5844-be5d-6353a9009093	2024-ACİL TYT Matematik Geometri Kitap-1	17	10	483	ok	valid_end_?	. II. $A \cdot B$ çifttir. III. $A+B$ çifttir. ifadelerinden hangileri doğrudur?
8c59d9bc-4e79-5329-9be2-1739c7524149	2024-ACİL TYT Matematik Geometri Kitap-1	63	6	192	ok	valid_end_?	a yazılmıştır. Buna göre, sarıya boyanmış bölgelerdeki sayıların toplamı kaçtır?
48bd3647-1c0b-5a22-877f-0d38c1a92c14	2023-2024-ACİL-TYT Matematik Soru Bankası	232	6	300	ok	valid_end_?	nulmuştur. Buna göre, sürahideki limonatanın kaçta kaçı C bardağına konulmuştur?
8b7cd275-b64b-5615-a280-d4c514f7c565	2024-ACİL TYT Matematik Geometri Kitap-1	88	10	611	ok	valid_end_?	ayıp $1\frac{3}{3}$ kesrini elde etmek istiyor. Buna göre, a + b toplamı kaçtır?
d74b7359-90ba-5b17-be51-3a2fc4a36cc5	2024-ACİL TYT Matematik Geometri Kitap-1	90	10	289	ok	valid_end_?	an kesri belirtmek için bu şekilde kaç birim kare daha yeşil renge boyanmalıdır?
daf60e8d-7d32-52bf-b9a4-eec59f20d7a9	2024-ACİL TYT Matematik Geometri Kitap-1	99	6	173	ok	valid_end_?	şeklinde tanımlanmıştır. Buna göre, verilen eşitliği sağlayan $x$ değeri kaçtır?
279595dd-9d57-5fdf-be11-dac6161da25c	2023-2024-ACİL-TYT Matematik Soru Bankası	272	6	386	ok	valid_end_?	arda oluşan karışımın %a ve %b'si tahin oluyor. Buna göre, $a+b$ toplamı kaçtır?
60fc09cc-5851-564b-b1fe-4b26ad3964ee	345 2024 Ayt Matematik Soru Bankası	251	7	224	ok	valid_end_?	un türevi olan $f'(x)$ fonksiyonunun grafiği aşağıdakilerden hangileri olabilir?
ce403426-9264-56d4-a1ba-eb21c47c89a7	2024-ACİL TYT Matematik Geometri Kitap-1	140	19	280	ok	valid_end_?	zaklık gösterilmiştir. Buna göre, gösterilen uzaklığın bilimsel gösterimi nedir?
f5639579-fdcb-5b8b-b3fb-27d372444963	2024-ACİL TYT Matematik Geometri Kitap-1	140	22	443	ok	valid_end_?	ablonun üçüncü satırındaki tüm sayıların çarpımı $9^a$ dır. Buna göre, a kaçtır?
8641bd16-fedf-5f10-9961-0435cc79d589	2023-2024-ACİL-TYT Matematik Soru Bankası	348	10	288	ok	valid_end_?	e olduğuna göre, D noktasının ordinatını veren ifade aşağıdakilerden hangisidir?
2ff22f4c-fa97-556c-90c8-229dac5cb3ad	2024-ACİL TYT Matematik Geometri Kitap-1	152	16	337	ok	valid_end_?	köşesinde olduğuna göre, $\sqrt{48}$ sayısı kaç nolu karenin kenarı üzerindedir?
4fd10851-434e-58e7-bfef-3963274de4cf	2024-ACİL TYT Matematik Geometri Kitap-1	152	17	408	ok	valid_end_?	inin sol kefesine kütleleri $5$ gr olan cisimlerden en az kaç tane konulmalıdır?
cbf3a417-8261-5556-b2cd-881d30a6b2a8	2024-ACİL TYT Matematik Geometri Kitap-1	152	18	290	ok	valid_end_?	 arası $\sqrt{1050}$ birim olduğuna göre, $2^m \cdot 5^n$ çarpımı en çok kaçtır?
406a3158-6ab9-5bb1-9cad-29c584371b32	2023-2024-ACİL-TYT Matematik Soru Bankası	356	7	74	ok	valid_end_?	Yukarıdakilerden hangilerinde fonksiyonların grafikleri doğru çizilmiştir?
d2762107-b1bd-55e1-a3d9-cd3469c6bd3d	2024-ACİL TYT Matematik Geometri Kitap-1	160	13	184	ok	valid_end_?	kolata parçaları Şekil II'de verilmiştir. Buna göre, x'in uzunluğu kaç birimdir?
52c73695-6717-5fc2-89cc-696fd5930e4c	Mikro-2024-Tyt Ayt-Geometri Soru Bankası	392	9	118	ok	valid_end_?	TH| \perp (ABC)$, $|TH| = 8$ cm, $|HD| = 3$ cm olduğuna göre, santimetrekaredir?
fd3dbd59-459d-5cbd-8a8c-190e04b752e3	2024-ACİL TYT Matematik Geometri Kitap-1	194	9	275	ok	valid_end_?	ği sayılarla orantılı olduğuna göre, sepetteki toplam meyve sayısı en az kaçtır?
836c07f5-2138-5f6b-ae33-d09e77006b37	Orijinal-2024-Geometri Soru Bankası	123	8	191	ok	valid_end_?	cm $|DE| = 4$ cm Yukarıdaki verilere göre, Alan($\widehat{ABC}$) kaç $cm^2$ dir?
6fada6ed-0e82-5303-a640-64579af60c6a	Orijinal-2024-Ayt-integral	87	Örnek 11	157	ok	valid_end_?	ştir. $A+B=3C$ ve $\int_{-2}^{3} f(x) dx = 18$ olduğuna göre, $B$ değeri kaçtır?
93426aa0-8948-54c4-ac8b-45ec6171b831	Orijinal-2024-Ayt-integral	110	SORU-9	218	ok	valid_end_?	d}x = 4$  olduğuna göre, $\int_1^3 f(x) \mathrm{d}x$ integralinin sonucu kaçtır?
f0fbf33d-7f14-5f66-a1ec-2faadad4a5f1	Orijinal-2024-Ayt-integral	110	SORU-11	238	ok	valid_end_?	i aşağıda verilmiştir.  Buna göre, mavi boyalı bölgenin alanı kaç birim karedir?
5aa582bc-f37c-5a95-9fb7-33907c9258a0	Orijinal-2024-Ayt-integral	110	SORU-12	167	ok	valid_end_?	rabolü B noktasında x eksenine teğet ise boyalı bölgenin alanı kaç birimkaredir?
573bdeff-1a60-591a-9f11-bdaee07fe334	345 2024 Ayt Kimya Soru Bankası	73	7	155	ok	valid_end_?	dilerek çözeltiler hazırlanmıştır. Buna göre, aşağıdakilerden hangisi yanlıştır?
718b567c-45b2-594f-972f-e8d9bbb9f6fa	Orijinal-2024-Ayt-integral	152	7	235	ok	valid_end_?	t_{-2}^{p} f'(2x+4) dx = \frac{1}{6}$ olduğuna göre, $p \cdot k$ değeri kaçtır?
36858a61-e8cf-5aaa-a0ca-ea0e9389d1ab	Orijinal-2024-Ayt-integral	156	6	205	ok	valid_end_?	nı 27 birimkare olduğuna göre $\int_{0}^{a} f(x) dx$ integralinin değeri kaçtır?
8fbfccbd-a843-529d-bd89-f0e7b3a169c0	Orijinal-2024-Geometri Soru Bankası	210	8	154	ok	valid_end_?	 $|AE| = |EB|$, $|DF| = 8$ cm. Yukarıda verilenlere göre, $|AD| = x$ kaç cm'dir?
5cbc086a-7b3c-5e84-8d1d-3945b6fb1700	Orijinal-2024-Geometri Soru Bankası	267	8	143	ok	valid_end_?	50^{\circ}$. Yukarıda verilenlere göre, $m(\widehat{CDA})=\alpha$ kaç derecedir?
4818f367-5f92-5003-9ce5-ec47ec2c684d	345 2025 Ayt Matematik Soru Bankası	111	10	137	ok	valid_end_?	$|CE| = 2$ cm $|BC| = 2$ cm $|CD| = 10$ cm olduğuna göre, $|DE| = x$ kaç cm'dir?
5b9936f7-69e8-56b0-a857-e833e04e01c9	Orijinal-2024-Ayt-Trigonometri	122	6	304	ok	valid_end_?	ıştır. Trigonometrik fonksiyon grafikleri Buna göre, $a \cdot b$ çarpımı kaçtır?
dcc28d78-4273-5b94-8a83-6c459a2e07e4	2023-2024-ACİL-TYT-AYT Geometri Soru Bankası	7	11.	120	ok	valid_end_?	 Yukarıdaki verilere göre, $x$'in $c$ türünden eşiti aşağıdakilerden hangisidir?
c15b7d26-9afe-52c2-aa94-8cecfd7dc9aa	2023-2024-ACİL-TYT-AYT Geometri Soru Bankası	10	10.	138	ok	valid_end_?	t{CDA}) = 35^{\circ}$ dir. Buna göre, $m(\widehat{CBA}) = \alpha$ kaç derecedir?
b40e4bdf-56eb-5b0b-b424-0b99410ae4b8	2023-2024-ACİL-TYT-AYT Geometri Soru Bankası	10	11.	125	ok	valid_end_?	idehat{DEF}) = 20^{\circ}$ dir. Buna göre, $m(\widehat{CDE}) = x$ kaç derecedir?
e7464338-753d-5b05-894b-a9826381fa57	345 2025 Tyt Ayt Geometri Soru Bankası 1	27	7	119	ok	valid_end_?	$m(\text{BFC})=250^ ext{o}$ olduğuna göre, $m(\text{CDE})=\alpha$ kaç derecedir?
ef6e35d0-74e8-5482-849b-cea837922977	345 2025 Tyt Ayt Geometri Soru Bankası 1	107	5	122	ok	valid_end_?	rac{|BC|}{|BF|} = \frac{3}{5}$, $|AB| = 15$ cm olduğuna göre, $|DE|$ kaç cm'dir?
5dda18a2-bd85-51ce-b128-d230ff9815cd	345 2025 Tyt Ayt Geometri Soru Bankası 1	123	7	114	ok	valid_end_?	 $[AB] \perp [AC]$ $|AB| = 3$ cm $|BC| = 5$ cm olduğuna göre, $|EF|$ kaç cm'dir?
495211b4-9cad-5151-b021-39bc9ad87697	345 2025 Tyt Ayt Geometri Soru Bankası 1	127	8	143	ok	valid_end_?	BD| = 7$ cm, $|DC| = 9$ cm, $|AC| = 16$ cm olduğuna göre, $|EC| = x$ kaç cm'dir?
70d32006-60d7-5a29-ad8e-c89669f25145	345 2025 Tyt Ayt Geometri Soru Bankası 1	127	9	121	ok	valid_end_?	cm, $m(\widehat{BAC}) = 2m(\widehat{DAC})$ olduğuna göre, $|BD| = x$ kaç cm'dir?
a93c608b-6dec-5d3d-a7b8-3830158b4153	345 2025 Tyt Ayt Geometri Soru Bankası 1	173	8	116	ok	valid_end_?	\perp [BC]$, $|AD| = 6$ cm, $|AB| = 10$ cm olduğuna göre, $|DC| = x$ kaç cm'dir?
6ac34af2-6add-520d-a429-23b0ec8234a9	345 2025 Tyt Ayt Geometri Soru Bankası 1	179	7	134	ok	valid_end_?	üçgeninin iç açıortaylarının kesim noktası olduğuna göre; Çevre(ABC) kaç cm'dir?
9ab756bb-0bf4-5ad5-a125-9917b9b76668	345 2025 Tyt Ayt Geometri Soru Bankası 1	213	8	209	ok	valid_end_?	rleri. $S_1 = 10 \text{ cm}^2$ olduğuna göre, $S_2 + S_3$ kaç $\text{cm}^2$ dir?
4a113d68-f133-5ac7-a026-c959867f7fdb	345 2025 Tyt Ayt Geometri Soru Bankası 1	219	7	147	ok	valid_end_?	 $cm^2$, $A(AFE)=49$ $cm^2$ olduğuna göre, boyalı bölgenin alanı kaç $cm^2$ dir?
edca30f6-2cf9-599f-9e2a-4360f54118db	2023-2024-ACİL-TYT-AYT Geometri Soru Bankası	22	10	132	ok	valid_end_?	^{\circ}$, $2|AB| = |DC|$. Buna göre, $m(\widehat{ACB}) = \alpha$ kaç derecedir?
d7fbaac3-b56f-5c18-a446-fa37ece503a4	345 2025 Tyt Ayt Geometri Soru Bankası 1	223	5	122	ok	valid_end_?	erp DB$, $|AE| = 5$ cm ve $|DB| = 8$ cm olduğuna göre, Alan(ABC) kaç $cm^2$ dir?
b5b67a12-eacf-58f8-bb7e-4eabe0eb7dda	345 2025 Tyt Ayt Geometri Soru Bankası 1	257	8	144	ok	valid_end_?	B|=4$ cm, $|DA|=9$ cm, $|DC|=16$ cm olduğuna göre, yamuğun alanı kaç $cm^2$'dir?
9841224d-f600-56f1-8c76-37be8acaf148	345 2025 Tyt Ayt Geometri Soru Bankası 1	265	8	128	ok	valid_end_?	DC| = 6$ cm, $|AD| = 8$ cm, $|AB| = 12$ cm olduğuna göre, $|CF| = x$ kaç cm'dir?
46d7befa-df62-52e9-b9d5-da76da990c58	345 2025 Tyt Ayt Geometri Soru Bankası 1	303	12	103	ok	valid_end_?	| = |FC|$, $|DE| = |EC|$ olduğuna göre, boyalı alanın $A(ABCD)$'ye oranı kaçtır?
837303b1-7f49-59a5-97d6-93829eeeb2fc	2023-2024-ACİL-TYT-AYT Geometri Soru Bankası	50	12	136	ok	valid_end_?	rim, $|AF| = 2$ birim, $|FD| = 1$ birim, $|EC| = x$ Buna göre, $x$ kaç birimdir?
d9882e21-e9c9-5f59-b079-90e9aa48f29e	2023-2024-ACİL-TYT-AYT Geometri Soru Bankası	53	12.	359	ok	valid_end_?	uştur. Buna göre, Şekil 2'de görünen pembe renkli bölgenin çevresi kaç birimdir?
1847364a-70bc-592a-9f40-896a937f07c4	2023-2024-ACİL-TYT-AYT Geometri Soru Bankası	68	14	133	ok	valid_end_?	 $|AC| = 3$ cm, $|DE| = 9$ cm, $|BE| = 19$ cm. Buna göre, $|BC| = x$ kaç cm'dir?
1f9237ac-b435-585b-9fec-7470bd0c5b01	2023-2024-ACİL-TYT Matematik Soru Bankası	30	7	393	ok	valid_end_?	, mavi kutulardan birinin birim türünden yüksekliğinin rakamları toplamı kaçtır?
1324d318-362b-5877-8781-2c6e129add94	2023-2024-ACİL-TYT-AYT Geometri Soru Bankası	71	14	145	ok	valid_end_?	BF| = 5$ cm, $|FE| = 3$ cm, $|EC| = 6$ cm, $|AE| = x$ Buna göre, $x$ kaç cm'dir?
4724fc41-c074-575b-8556-1baefd35bb20	2023-2024-ACİL-TYT-Matematiğin İlacı	31	12	327	ok	valid_end_?	maklı farklı sayılardır. Buna göre, Apartman Görevlisi ücreti en çok kaç TL'dir?
025fc511-d615-50d5-b2ad-f119ba0c109b	2023-2024-ACİL-TYT Matematik Soru Bankası	48	7	141	ok	valid_end_?	r pozitif tam sayı olduğuna göre, $\frac{A}{B} \cdot C$ işleminin sonucu kaçtır?
8db77751-74a2-5129-9d9e-a67e17f58fc8	2023-2024-ACİL-TYT-AYT Geometri Soru Bankası	86	12	274	ok	valid_end_?	e aydınlanmıştır. $[AA'] // [B'C']$ Buna göre, $\frac{|AD|}{|DB|}$ oranı kaçtır?
cd4c0330-cd1e-5906-a19b-1b3eb72fb814	2023-2024-ACİL-TYT-AYT Geometri Soru Bankası	89	13.	141	ok	valid_end_?	A(AEK)=S_1$, $A(KDC)=S_2$ cm$^2$ dir. Buna göre, $S_1-S_2$ farkı kaç cm$^2$ dir?
df66caff-0ee5-5e50-ace7-5d1eab8140be	2023-2024-ACİL-TYT-AYT Geometri Soru Bankası	92	13	139	ok	valid_end_?	A(\text{CED})=8$ birimkaredir. Buna göre, $\frac{|AH|-|DN|}{|EK|}$ oranı kaçtır?
bae5352e-37c5-5927-87f5-00a4ea7edb33	2023-2024-ACİL-TYT-AYT Geometri Soru Bankası	95	14	220	ok	valid_end_?	birim. Buna göre, taralı bölgenin alanının $BDE$ üçgeninin alanına oranı kaçtır?
301b1fee-1ae1-5c46-b9c4-35370d98b258	Orijinal-2024-Ayt-Trigonometri	138	6	282	ok	valid_end_?	$\beta$ açıldığında $y$ birim olmaktadır. Buna göre, $\frac{x}{y}$ oranı kaçtır?
887b531d-0e3b-5e0f-b9f8-7a7e947a3226	2023-2024-ACİL-TYT-AYT Geometri Soru Bankası	101	13	176	ok	valid_end_?	m, $|DC| = 4$ cm, $|BC| = 3$ cm Buna göre, taralı bölgenin alanı kaç $cm^2$ dir?
88e9072b-d8da-53a4-ac91-4d7d2871bcbe	2023-2024-ACİL-TYT-AYT Geometri Soru Bankası	108	15	192	ok	valid_end_?	, $[EC] = 8 \text{ cm}$ Buna göre, taralı alanlar toplamı kaç $\text{cm}^2$ dir?
89251915-60ef-5e5e-bebf-462c262f60f4	Orijinal-2024-Ayt-Trigonometri	164	11	186	ok	valid_end_?	|CE| = |ED|$ $m(\widehat{BGE}) = \alpha$ Buna göre, $\tan \alpha$ değeri kaçtır?
b98a5399-6cb1-506c-9a20-0eec672e3122	2023-2024-ACİL-TYT-AYT Geometri Soru Bankası	112	9	389	ok	valid_end_?	ın eşitsizliği kanıtlaması için aşağıdaki üçgenlerden hangisini çizmesi gerekir?
a3b4a14e-e8c7-5bf6-911f-a3155a05951e	2023-2024-ACİL-TYT-AYT Geometri Soru Bankası	122	14.	153	ok	valid_end_?	perp [GD]$ $|AD| = 3$ cm ve $|DC| = 1$ cm'dir. Buna göre, $|BC| = x$ kaç cm'dir?
57daf280-f599-5919-9ec2-317fa85dd25c	2023-2024-ACİL-TYT-AYT Geometri Soru Bankası	128	12	153	ok	valid_end_?	irc$, $|AH| = 4$ birim, $|HE| = 3$ birim. Buna göre, $A(AECD)$ kaç birimkaredir?
95008d58-d5fd-58de-b328-ab4cb2febcef	2023-2024-ACİL-TYT-AYT Geometri Soru Bankası	131	14	134	ok	valid_end_?	erp [AB]$, $[EB] = 15$ birim, $[EC] = 20$ birim. Buna göre, $[DF]$ kaç birimdir?
353846c5-783b-5efd-b686-bcae085169cf	2023-2024-ACİL-TYT-AYT Geometri Soru Bankası	140	12	141	ok	valid_end_?	$, $|BF| = 12$ birim, A(ABCD) = 96 birimkare Buna göre, $|EF| = x$ kaç birimdir?
d74725e5-edfd-5a6c-9e8e-1a2baabb2bcf	2023-2024-ACİL-TYT-AYT Geometri Soru Bankası	152	14.	116	ok	valid_end_?	$, $[BD]\cap[HC]=\{E\}$. $|HE|=2$ cm, $|AH|=1$ cm. Buna göre, $|EC|$ kaç cm'dir?
f7f01615-8df7-538a-8242-fa8fff81bd49	2023-2024-ACİL-TYT-AYT Geometri Soru Bankası	158	13	106	ok	valid_end_?	 \perp [BC]$, $A(\triangle DEC) = 9$ cm$^2$ Buna göre, $A(ABCD)$ kaç cm$^2$ dir?
4e09a1b2-114f-5726-b8ad-ddfab2ee98e6	2023-2024-ACİL-TYT-AYT Geometri Soru Bankası	158	14	121	ok	valid_end_?	[EF] \perp [BC]$ $|AD| = 5$ cm, $|DC| = 10$ cm Buna göre, $|BE| = x$ kaç cm'dir?
20909161-f92e-5134-bbc4-f933ba0348ad	2023-2024-ACİL-TYT-AYT Geometri Soru Bankası	164	12	539	ok	valid_end_?	eşlik tam açılırsa camın hangi boyutlarındaki dikdörtgen kısmını güneşten korur?
29d4e25c-549a-5dc6-8427-3a4ccea6d6b7	Orijinal-2024-Ayt-Trigonometri	196	6	117	ok	valid_end_?	rim $|BC|=21$ birim $m(\widehat{CAB})=\alpha$ Buna göre, $\alpha$ kaç derecedir?
541749ca-7261-55b7-bd14-b9a8ad99aca1	2023-2024-ACİL-TYT-AYT Geometri Soru Bankası	180	11	101	ok	valid_end_?	öşegen, $|EC|=|AF|=13$ birim, $|EF|=10$ birim. Buna göre, $|DE|=x$ kaç birimdir?
e57e8b70-cea4-5013-9e85-61c662c9c747	2023-2024-ACİL-TYT-AYT Geometri Soru Bankası	180	12	146	ok	valid_end_?	|EF|=7$ birim. Buna göre, $|EA|=x$'in alabileceği değerler toplamı kaç birimdir?
8a821639-56b4-530d-82c2-d4cd144b5b4d	2023-2024-ACİL-TYT-AYT Geometri Soru Bankası	180	13	113	ok	valid_end_?	105^\circ$, $|DE|=|BE|$, $|BE|=6\sqrt{2}$ birim. Buna göre, $|AB|$ kaç birimdir?
7380b392-88e7-5e86-b4be-335960899873	2023-2024-ACİL-TYT-AYT Geometri Soru Bankası	203	12	99	ok	valid_end_?	|AB|=|AD|$, $|EF|=5$ birim. Buna göre, $|AC|^2+|BD|^2$ toplamı kaç birimkaredir?
00be13f2-8fb9-50c5-9235-190cfce94ebc	2023-2024-ACİL-TYT-AYT Geometri Soru Bankası	206	10	130	ok	valid_end_?	, $|AD|=8$ cm, $m(\widehat{BAD})=30^\circ$. Buna göre, $A(DECF)$ kaç $cm^2$ dir?
75ca6944-992c-5b55-b565-8f76fce04dc7	2023-2024-ACİL-TYT-AYT Geometri Soru Bankası	209	13	122	ok	valid_end_?	 |EA|$ $|BC| = 8$ cm, $|BE| = 17$ cm Buna göre, $A(ABCD)$ kaç $\text{cm}^2$ dir?
5dd559f9-1d55-5452-bfba-8d20810755ec	2023-2024-ACİL-TYT-AYT Geometri Soru Bankası	212	14.	107	ok	valid_end_?	 \perp [BD]$, $|DC| = 4$ cm, $|AB| = 10$ cm Buna göre, $A(ABCD)$ kaç $cm^2$ dir?
3a0255dd-39fe-5418-a36c-8ebf5df22b65	2023-2024-ACİL-TYT-AYT Geometri Soru Bankası	245	14	102	ok	valid_end_?	(\widehat{ABO}) = 15^\circ$ olduğuna göre, $m(\widehat{OCA}) = x$ kaç derecedir?
b2f16733-aee6-5819-8efa-7143811ead06	2023-2024-ACİL-TYT-AYT Geometri Soru Bankası	262	13	211	ok	valid_end_?	KLMN dikdörtgen ve $|KN|=3\sqrt{3}$ birim olduğuna göre, $|A'M|=x$ kaç birimdir?
8ef23030-6c09-5431-9938-18dd720ddbd2	345 2025 Tyt Kimya Soru Bankası	157	7	292	ok	valid_end_?	e oranı $(\frac{m_X}{m_Y}) = \frac{5}{9}$'dur. ifadelerinden hangileri doğrudur?
a68d83a8-57e0-5349-9e54-2d04a434b4d6	2023-2024-ACİL-TYT-AYT Geometri Soru Bankası	265	10.	110	ok	valid_end_?	DB] \perp [AB]$, $|OD|=3$ cm ve $|OA|=4$ cm'dir. Buna göre, $|AB|=x$ kaç cm'dir?
e0fca17a-0ed2-5772-a951-8ad1d6b7c835	2023-2024-ACİL-TYT-AYT Geometri Soru Bankası	299	12.	176	ok	valid_end_?	E| = |DC| = 6$ birim olduğuna göre, yeşil bölgenin alanı kaç $\pi$ birimkaredir?
87a2c154-634c-54b5-9aa1-79a51029f746	2023-2024-ACİL-TYT-AYT Geometri Soru Bankası	307	14	90	ok	valid_end_?	kenarortayların kesim noktasıdır. $2|CD| = |BD|$ Buna göre, $|GD|$ kaç birimdir?
34ccee86-3744-5486-bf7d-56414140d6fb	2023-2024-ACİL-TYT-AYT Geometri Soru Bankası	372	16	151	ok	valid_end_?	im, $|EH|=14$ birim ve $|AK|=|LG|=2$ birimdir. Buna göre, $|KL|=x$ kaç birimdir?
6ef145fa-8fa4-53a0-a4fb-393f9321d8e1	Orijinal-Tyt Ayt Geometri Soru Bankası	79	10.	141	ok	valid_end_?	\{E\}$, $[AD]=[BD]$, $|EG|=2$ cm. Yukarıdaki verilere göre, $|BE|=x$ kaç cm'dir?
ae0e32bd-0675-5cb7-b94c-ea1a26359481	345 2024 Ayt Fizik Soru Bankası	31	6	330	ok	valid_end_)	ir? ($\sin37^\circ = 0,6$, $\cos37^\circ = 0,8$, $g = 10 \text{ m/s}^2$ alınız.)
e8b0be4e-7cef-5bf7-ae77-26a3a73e61ac	2023-2024-ACİL-TYT-AYT Geometri Soru Bankası	384	15	431	ok	valid_end_?	ir köşesi ile yeşil karenin bir köşesi arasındaki uzaklık en çok kaç birim olur?
b6efd671-2238-5fbc-a12c-7869922db2b5	345 2024 Ayt Fizik Soru Bankası	83	8	339	ok	valid_end_?	 değişkenler ve bu değişkenlerle ilgili verilen bilgilerden kaç tanesi doğrudur?
483c596f-db62-5b27-915d-3fc90bab44e7	2023-2024-ACİL-TYT-AYT Geometri Soru Bankası	417	10	536	ok	valid_end_?	l 2'deki konuma getirildiğinde silindirin içinde bulunan su hangi oranda azalır?
cab5a5e8-8087-5d06-8f59-46b05e2a346a	2023-2024-ACİL-TYT-AYT Geometri Soru Bankası	429	16	156	ok	valid_end_?	$ ve $B$ noktalarında kesişmektedir. Buna göre, Çevre($A O_1 O_2$) kaç birimdir?
798498ea-855b-51d0-9333-9b9fcaac97c5	2023-2024-ACİL-TYT-AYT-Geometrinin İlacı	4	8	148	ok	valid_end_?	t{CDE}) = 135^\circ$ ve $m(\widehat{ACD}) = x$ olduğuna göre, $x$ kaç derecedir?
5b346ecc-6dd7-548b-8447-957b3138134f	2023-2024-ACİL-TYT-AYT-Geometrinin İlacı	4	9	135	ok	valid_end_?	at{ECF}) = 54^\circ$ ve $m(\widehat{ABD}) = x$ olduğuna göre, $x$ kaç derecedir?
48665792-4f57-5cdb-a139-40b5c9ebb683	Orijinal-2024-Ayt-integral	112	7	249	ok	valid_end_?	eşittir. Buna göre, $\int_{2}^{8} (f(x) + f'(x)) dx$ integralinin değeri kaçtır?
8cf933ef-d062-5ede-9955-22eb8e4d6c68	2023-2024-ACİL-TYT-AYT-Geometrinin İlacı	4	11	161	ok	valid_end_?	at{BCE}) = 50^\circ$ ve $m(\widehat{CEF}) = x$ olduğuna göre, $x$ kaç derecedir?
e5fc1491-8567-5a42-b737-fb126af2b46d	345 2024 Ayt Kimya Soru Bankası	139	8	160	ok	valid_end_?	şağıda verilmiştir. Buna göre tepkimenin yavaş adımı aşağıdakilerden hangisidir?
59948ef7-2b77-5446-8687-e5e7cefa7808	Orijinal-2024-Ayt-Trigonometri	108	7	260	ok	valid_end_?	yla açılarak Şekil 2 oluşturuluyor. Buna göre, $\frac{|AD|}{|BC|}$ oranı kaçtır?
8e60f55d-e259-5eb1-a2c6-70d2efb5ad0d	2023-2024-ACİL-TYT-AYT-Geometrinin İlacı	12	11	122	ok	valid_end_?	widehat{BDC}) = 40^ ext{o}$ $m(\widehat{ACB}) = x$ Buna göre, $x$ kaç derecedir?
10bf4cc1-8f3b-5376-9169-880b0d2fc9be	Orijinal-Tyt Ayt Geometri Soru Bankası	89	9.	159	ok	valid_end_?	 şekilde $m(\widehat{ACB})=m(\widehat{ADC})$ olduğuna göre, $|AE|=x$ kaç cm'dir?
42151a2a-336a-53e7-87b7-937b830e7ab8	2023-2024-ACİL-TYT-AYT-Geometrinin İlacı	14	8	154	ok	valid_end_?	widehat{ACB}) = 60^ ext{o}$ $m(\widehat{DEF}) = x$ Buna göre, $x$ kaç derecedir?
f8f386c4-fcd8-5ad0-b3de-86b982b6352b	2023-2024-ACİL-TYT-AYT-Geometrinin İlacı	14	9	132	ok	valid_end_?	widehat{DAC}) = 38^ ext{o}$ $m(\widehat{ABC}) = x$ Buna göre, $x$ kaç derecedir?
81506029-4caa-5b8a-a631-b0ae347df52d	Orijinal-Tyt Ayt Geometri Soru Bankası	97	8.	47	ok	valid_end_?	Yukarıda verilenlere göre, $|DB|=x$ kaç cm'dir?
491cfe31-2bc9-58a1-b215-0f7d5d23739a	2023-2024-ACİL-TYT-AYT-Geometrinin İlacı	16	10	159	ok	valid_end_?	widehat{ABE}) = 25^ ext{o}$ $m(\widehat{BED}) = x$ Buna göre, $x$ kaç derecedir?
449e5113-c75a-50bc-88f3-1d96482b66e3	2023-2024-ACİL-TYT-AYT-Geometrinin İlacı	18	8.	174	ok	valid_end_?	widehat{ABE}) = 84^ ext{o}$ $m(\widehat{BFD}) = x$ Buna göre, $x$ kaç derecedir?
0065b275-c3a5-563c-9fbe-ed7ad0deff30	2023-2024-ACİL-TYT-AYT-Geometrinin İlacı	20	8	124	ok	valid_end_?	$m(\widehat{ADE})=37^\circ$, $m(\widehat{ABC})=x$. Buna göre, $x$ kaç derecedir?
a84b31dc-2c5e-5bff-8436-5ac73c6252d7	2023-2024-ACİL-TYT-AYT-Geometrinin İlacı	20	9	129	ok	valid_end_?	$m(\widehat{BDC})=50^\circ$, $m(\widehat{DCA})=x$. Buna göre, $x$ kaç derecedir?
f68a4281-55dd-500a-9903-56cee903dead	Orijinal-Tyt Ayt Geometri Soru Bankası	23	8	233	ok	valid_end_?	şekilde gösterildiği gibi yerleştirdiğinde açı ölçer üzerindeki x değeri kaçtır?
943f18ab-0081-58d2-ad9f-a2e910f6c437	2023-2024-ACİL-TYT-AYT-Geometrinin İlacı	24	8	190	ok	valid_end_?	hat{BDE})$, $m(\widehat{ACB})=m(\widehat{DFE})$. Buna göre, $|BD|$ kaç birimdir?
f8f01c91-b5f2-5bb8-a4a7-0646cefff07e	2023-2024-ACİL-TYT-AYT-Geometrinin İlacı	26	8	156	ok	valid_end_?	}) = 60^\circ$, $|AC| = 5$ birim. Buna göre, ABC üçgeninin çevresi kaç birimdir?
e2565076-f99d-5612-88c7-c68777c7586a	2023-2024-ACİL-TYT-AYT-Geometrinin İlacı	38	11	115	ok	valid_end_?	 = IBDI = 3 birim, IADI = 6 birim, IECI = 9 birim. Buna göre, IBCI kaç birimdir?
fdecdbbd-2fb4-585d-821d-215b76717904	345 Tyt Ayt Geometri Soru Bankası	21	7	205	ok	valid_end_?	|\text{AL}|$, $|\text{BC}| = |\text{CP}|$ olduğuna göre, $\alpha$ kaç derecedir?
39f97604-83e2-5c9d-8823-ba713bd223d4	345 Tyt Ayt Geometri Soru Bankası	79	7	123	ok	valid_end_?	perp [BC]$ $|FB| = \sqrt{3}$ cm $|CD| = 5$ cm  olduğuna göre, $|AE|$ kaç cm'dir?
d68934cd-2530-5339-87b4-d7fceb8d7c19	2023-2024-ACİL-TYT-AYT-Geometrinin İlacı	40	10	120	ok	valid_end_?	0$ birim, $|BDI| = IDCI = 4$ birim olduğuna göre, $|ADI|$ uzunluğu kaç birimdir?
ba070620-c959-51fd-906a-38de29eb9c27	345 Tyt Ayt Geometri Soru Bankası	173	7	127	ok	valid_end_?	= 6$ cm. $[AD]$, $[EC]$'nin kenar orta dikmesi olduğuna göre; $|BD|$ kaç cm'dir?
39878298-cc99-51cf-ae22-024c3d75c9d1	345 Tyt Ayt Geometri Soru Bankası	375	16	130	ok	valid_end_?	ölgenin alanı $28 \text{ cm}^2$ olduğuna göre, $|DE| = x$ kaç $\text{cm}^2$ dir?
9fbde5d2-1094-59dd-961e-e38302e7daa5	2023-2024-ACİL-TYT-AYT-Geometrinin İlacı	44	8.	121	ok	valid_end_?	C$, $|AD|=|DB|$, $|BE|=2$ birim, $|EC|=8$ birim. Buna göre, $|DE|$ kaç birimdir?
ec2c14f5-0a78-5f15-98df-8e91fd47b9d9	2023-2024-ACİL-TYT-AYT-Geometrinin İlacı	44	10.	143	ok	valid_end_?	, $|EF|=9$ birim. A, B, C noktaları doğrusal olduğuna göre, $|BE|$ kaç birimdir?
dc35d066-92f8-562d-b7cf-20e80d198d5d	Orijinal-2024-Geometri Soru Bankası	180	10.	132	ok	valid_end_?	F| = 4$ cm, $|AB| = 10$ cm'dir. Yukarıdaki verilere göre, $|AD| = x$ kaç cm'dir?
b5f9e738-7544-5520-a371-6a9f97e58dcd	2023-2024-ACİL-TYT-AYT-Geometrinin İlacı	66	8	152	ok	valid_end_?	 = 5$ birim, $|DC| = 8$ birim, $|FC| = 4$ birim. Buna göre, $|BF|$ kaç birimdir?
0414819d-a25d-517a-b2c1-3797ee8893ed	2023-2024-ACİL-TYT-AYT-Geometrinin İlacı	66	11	147	ok	valid_end_?	24$ birim, $|AD| = 12$ birim, $|DC| = 18$ birim. Buna göre, $|FC|$ kaç birimdir?
5cbce013-7986-537d-b51d-e319f9de5540	2023-2024-ACİL-TYT-AYT-Geometrinin İlacı	68	10.	120	ok	valid_end_?	tay $|AE|=6$ birim $|EC|=8$ birim $|DF|=3$ birim Buna göre, $|BC|$ kaç birimdir?
768e9123-6ca3-567e-90ff-3b0a70699eaf	2023-2024-ACİL-TYT-AYT-Geometrinin İlacı	74	10	105	ok	valid_end_?	C$ $KF // BC$ $AE = ED$ $BD = DC$ $FE = AG = 12$ Buna göre, $|KF|$ kaç birimdir?
6757861e-5420-5687-ac74-cdac86643bc0	2023-2024-ACİL-TYT-AYT-Geometrinin İlacı	80	8	115	ok	valid_end_?	= 2$ birim, $|BD| = 16$ birim, $|AD| = 5$ birim. Buna göre, $|AB|$ kaç birimdir?
cd73650f-a765-5e89-a0d3-57e966aed39d	2023-2024-ACİL-TYT-AYT-Geometrinin İlacı	80	11	167	ok	valid_end_?	 = 6$ birim, $|BC| = 3$ birim, $|CD| = 5$ birim. Buna göre, $|AB|$ kaç birimdir?
90ee5744-12a1-5de9-bc31-1d0f2ff453ca	Orijinal-Tyt Ayt Geometri Soru Bankası	210	8	153	ok	valid_end_?	, $|AE| = |EB|$, $|DF| = 8$ cm. Yukarıdaki verilere göre, $|AD| = x$ kaç cm'dir?
affb3949-8eee-5039-973a-46199b51f182	Orijinal-Tyt Ayt Geometri Soru Bankası	269	9	43	ok	valid_end_?	Yukarıda verilenlere göre, x kaç derecedir?
dd52f2a4-b6ca-5e9b-8e24-d18d4015f4ca	2023-2024-ACİL-TYT-AYT-Geometrinin İlacı	82	11	146	ok	valid_end_?	| = 9$ birim, $|EC| = 3$ birim, $|CD| = 5$ birim Buna göre, $|AE|$ kaç birimdir?
4be1a9a7-7f83-58b3-a809-ddb86fa217db	2023-2024-ACİL-TYT-AYT-Geometrinin İlacı	82	9	191	ok	valid_end_?	$ birim $|BC| = 4$ birim $C' \in AC$ $E \in AC$ Buna göre, $|AC'|$ kaç birimdir?
8562fa76-ce14-5bf6-9c43-31eaf0bf1125	2023-2024-ACİL-TYT-AYT-Geometrinin İlacı	84	11	187	ok	valid_end_?	D| = 4$ birim $|AE| = 12$ birim $|EB| = 6$ birim Buna göre, $|CB|$ kaç birimdir?
a54187a6-e342-577d-845f-21f34b97fd47	2023-2024-ACİL-TYT-AYT-Geometrinin İlacı	88	10	147	ok	valid_end_?	 10$ birim, $|AD| = 4$ birim, $|DB| = 16$ birim. Buna göre, $|AD|$ kaç birimdir?
7370d106-b8cd-52dd-b3de-ec31c9f372e5	2023-2024-ACİL-TYT-AYT-Geometrinin İlacı	88	11	119	ok	valid_end_?	 \parallel AC$, $|AE| = |EB|$, $|AD| = 1$ birim. Buna göre, $|DC|$ kaç birimdir?
8a050e1c-0006-577c-8138-0f4a2e7d3498	2023-2024-ACİL-TYT-AYT-Geometrinin İlacı	92	10	146	ok	valid_end_?	 birim. Buna göre, $A(\widehat{ABD})+A(\widehat{AEC})$ toplamı kaç birimkaredir?
0aa793d0-f847-5857-840e-74734f7a1339	2023-2024-ACİL-TYT-AYT-Geometrinin İlacı	96	9	123	ok	valid_end_?	 = 2 \cdot |AG|$ Buna göre, $\frac{A(\text{DEFG})}{A(\text{ABC})}$ oranı kaçtır?
2129ca4b-81ba-5790-a1ce-2e96241977a7	2023-2024-ACİL-TYT-AYT-Geometrinin İlacı	98	8	173	ok	valid_end_?	 = 8$ birim, $|BD| = 4$ birim Buna göre, boyalı bölgenin alanı kaç birimkaredir?
672cdcc7-9925-5fbb-ac41-c1e57bed5d59	2023-2024-ACİL-TYT-AYT-Geometrinin İlacı	98	11	121	ok	valid_end_?	C$ $A(BDE) = 30$ birimkare, $|EB| = 5$ birim Buna göre, $|AC|$ kaç birimkaredir?
b242fa83-c235-558e-90ef-3f11243cf5be	2023-2024-ACİL-TYT-AYT-Geometrinin İlacı	100	9	174	ok	valid_end_?	|AE| = 5$ birim, $|BC| = 13$ birim. Buna göre, $A(\text{ABC})$ kaç birimkaredir?
4ffafa1b-09cb-5132-82cf-c30fbb4c306c	2023-2024-ACİL-TYT-AYT-Geometrinin İlacı	104	7	265	ok	valid_end_?	. Buna göre, İlker'in kağıt üzerinde bantladığı bölgenin alanı kaç birimkaredir?
c595831c-1435-5350-a780-6af54eedd950	2023-2024-ACİL-TYT-AYT-Geometrinin İlacı	114	10	168	ok	valid_end_?	 birim $[AO], [BO], [CO]$ ve $[DO]$ açıortay olduğuna göre, $|AB|$ kaç birimdir?
b509cadb-2d93-5171-aced-b670522df232	2023-2024-ACİL-TYT-AYT-Geometrinin İlacı	114	11	157	ok	valid_end_?	|BA| = 1$ birim $m(\widehat{ABC}) = 135^{\circ}$ Buna göre, $|AD|$ kaç birimdir?
6292dc73-75d1-54b6-a04a-d23417ee2d61	2023-2024-ACİL-TYT-AYT-Geometrinin İlacı	118	9	110	ok	valid_end_?	AE]$ açıortay $FE \parallel AB$ $|FE| = 4$ birim Buna göre, $|BC|$ kaç birimdir?
542ec198-b26b-5c61-9034-87d8ec729faa	Orijinal-Tyt Ayt Geometri Soru Bankası	133	7	152	ok	valid_end_?	| = 3$ cm, $|EF| = 4$ cm. Yukarıda verilenlere göre, Alan$(EFC)$ kaç $cm^2$ dir?
fa03210b-d084-5730-b532-522bc945fd10	Orijinal-Tyt Ayt Geometri Soru Bankası	184	8	189	ok	valid_end_?	 = 6 \text{ cm}$'dir. Yukarıda verilenlere göre, $|EC| = x$ kaç $\text{cm}$'dir?
a2e32743-74a5-5de0-8c05-437fe1259e3a	2023-2024-ACİL-TYT-AYT-Geometrinin İlacı	120	8	121	ok	valid_end_?	|$, $|DE|=5$ birim, $|DF|=8$ birim. Buna göre, $\frac{|AD|}{|DC|}$ oranı kaçtır?
36f60dd3-5d68-52b8-a365-5cbda7f6ed0b	345 2024 Tyt Matematik Soru Bankası	161	6	176	ok	valid_end_?	ımlanıyor. Buna göre, $\frac{\boxed{29}-\boxed{17}}{8}$ işleminin sonucu kaçtır?
db60d367-b73f-5383-aaf7-5bbe8abc06e0	345 2024 Ayt Kimya Soru Bankası	279	8	66	ok	valid_end_?	Yukarıdaki bileşiklerden hangileri cis-trans izomerliği göstermez?
b74dd444-299c-5bae-9c24-2e1e63c47797	2023-2024-ACİL-TYT-AYT-Geometrinin İlacı	124	8	192	ok	valid_end_?	irim}$, $|HC| = 2\sqrt{2} \text{ birim}$. Buna göre, $A(ABCD)$ kaç birimkaredir?
30adc623-00b2-500a-8df2-a183b51fd00f	2023-2024-ACİL-TYT-AYT-Geometrinin İlacı	124	10	138	ok	valid_end_?	\text{ birim}$, $|EB| = 6 \text{ birim}$. Buna göre, $A(ABCD)$ kaç birimkaredir?
89f76df6-63c3-503a-a34e-632670eb1a23	2023-2024-ACİL-TYT-AYT-Geometrinin İlacı	136	9	99	ok	valid_end_?	B| = 4^{17}$ br $|BC| = 8^7$ br Alan(ABCD) $= 2^x$ br$^2$ Buna göre, $x$ kaçtır?
f341b754-180f-5465-abab-ef5a111faab2	Orijinal-2024-Geometri Soru Bankası	97	7	79	ok	valid_end_?	ABC bir üçgen, EFKL bir karedir. Yukarıdaki verilere göre, $|EL|=x$ kaç cm'dir?
30165e9d-8246-5142-b64f-a7db80d5ef66	2023-2024-ACİL-TYT-AYT-Geometrinin İlacı	140	10	107	ok	valid_end_?	I, IDKI = IKCI, A(ABCD) = $64 \text{ br}^2$. Buna göre, A(DKL) kaç birimkaredir?
e13caa27-68d8-566e-81e5-e98f7d14bc38	Orijinal-Tyt Ayt Geometri Soru Bankası	309	8	305	ok	valid_end_?	$120^\circ$ yapıldığında pergel ile çizilecek dairenin alanı kaç birimkare olur?
a7a52050-e379-5e07-bf36-2ffaa0108cb6	2023-2024-ACİL-TYT-AYT-Geometrinin İlacı	142	11	121	ok	valid_end_?	 AC$, $|AE| = 2$ birim, $|EF| = 6$ birim. Buna göre, $A(ABCD)$ kaç birimkaredir?
90788f56-7304-51c6-b9dd-a18fd4194280	2023-2024-ACİL-TYT-AYT-Geometrinin İlacı	146	9	105	ok	valid_end_?	, $CF = 2\sqrt{2}$ birim, $AF = 4\sqrt{2}$ birim Buna göre, $|GB|$ kaç birimdir?
c9bf6a10-9c74-5322-9e12-83bee803bd9c	2023-2024-ACİL-TYT-AYT-Geometrinin İlacı	146	11	78	ok	valid_end_?	ABCD kare, $|AE| = 7$ birim, $|CE| = 13$ birim Buna göre, $|EB|$ kaç birimdir?
428269c7-445e-5c38-ae9c-10e1ece5a6ef	2023-2024-ACİL-TYT-AYT-Geometrinin İlacı	148	9.	100	ok	valid_end_?	CF$ $|DE|=4\sqrt{2}$ birim $|EG|=\sqrt{2}$ birim Buna göre, $|EF|$ kaç birimdir?
e13529c6-3568-59ed-9552-f6ff7bc11840	345 2024 Tyt Matematik Soru Bankası	380	8	533	ok	valid_end_?	- muz II. kola - vanilya III. zeytin - çikolata ürünlerinden hangileri olabilir?
ef33f016-43c7-5985-93fb-dfd4a1717673	2023-2024-ACİL-TYT-AYT-Geometrinin İlacı	162	9	147	ok	valid_end_?	 8$ birim, $|CB| = 12$ birim, $|AB| = 25$ birim. Buna göre, $|EF|$ kaç birimdir?
c5c3cf2e-7c8e-537a-b92b-cc50250044c7	2023-2024-ACİL-TYT-AYT-Geometrinin İlacı	162	11	139	ok	valid_end_?	10$ birim, $|EC| = 15$ birim, $|AB| = 24$ birim. Buna göre, $|BC|$ kaç birimdir?
a2d502bf-2201-5b86-825d-f1d2cf784278	2023-2024-ACİL-TYT-AYT-Geometrinin İlacı	164	8	145	ok	valid_end_?	, $|AF|=|FB|$, $|ICE|=2$ birim, $|DA|=8$ birim. Buna göre, $|EFI|$ kaç birimdir?
5edc9313-b6b1-535f-9f75-1444db49a852	2023-2024-ACİL-TYT-AYT-Geometrinin İlacı	164	11	143	ok	valid_end_?	im, $|DE|=8$ birim, $A(ABCD)=160 \text{ br}^2$. Buna göre, $|FBI|$ kaç birimdir?
d0dc23ee-c2f3-5b8b-83e7-bc48a7f9b108	2023-2024-ACİL-TYT-AYT-Geometrinin İlacı	166	8	168	ok	valid_end_?	3})$ birim $|DC| = (2\sqrt{7} - \sqrt{3})$ birim Buna göre, $|DA|$ kaç birimdir?
d079b8ba-b954-51da-be6c-bef3a2ab917c	Orijinal-2024-Geometri Soru Bankası	142	9	165	ok	valid_end_?	rıdaki verilere göre, $|AC| = x$'in alabileceği en büyük tam sayı değeri kaçtır?
88e9f1a6-3e45-5374-b369-e00befc6591b	2023-2024-ACİL-TYT-AYT-Geometrinin İlacı	166	10	121	ok	valid_end_?	AD| = |BC| = |DE|$ $m(\widehat{DEC}) = 40^{\circ}$ Buna göre, $x$ kaç derecedir?
149b83d0-fd2e-5383-8715-6bfdbb3cf108	2023-2024-ACİL-TYT-AYT-Geometrinin İlacı	166	11	209	ok	valid_end_?	rim $A(AFED) \over A(LBCK)} = \frac{13}{11}$ olduğuna göre, $|KE|$ kaç birimdir?
abbdd70f-1805-5e19-93db-71a086a01851	Orijinal-Tyt Ayt Geometri Soru Bankası	97	10.	303	ok	valid_end_?	rı için, $|FE|=2|FK|$ olduğuna göre, çocuklar arası uzaklık $|EF|$ kaç metredir?
fbf09b4c-2a64-5295-9d95-87967ff362e5	2023-2024-ACİL-TYT-AYT-Geometrinin İlacı	172	8	101	ok	valid_end_?	$DF \perp EC$, $|EGI|=|GBI|$, $|ABI|=10$ birim. Buna göre, $|FGI|$ kaç birimdir?
6fdad85f-a3ef-5b94-9213-3caae0336a5a	2023-2024-ACİL-TYT-AYT-Geometrinin İlacı	172	9	99	ok	valid_end_?	, ABFD dörtgen, $|DA|=|DF|$, $m(\widehat{DFB})=x$. Buna göre, $x$ kaç derecedir?
d579a331-61cf-5a4f-a9a4-26a0f5b282d6	345 2024 Ayt Matematik Soru Bankası	129	14	123	ok	valid_end_?	 $m(\widehat{BAC}) = x$, $m(\widehat{ACB}) = 2x$ olduğuna göre, $\cos x$ kaçtır?
4a834dc8-5654-5a77-9367-521d8c3aec57	345 2025 Tyt Ayt Geometri Soru Bankası 1	271	10.	97	ok	valid_end_?	e $E, F, G$ ve $H$ kenar orta noktaları olduğuna göre, Çevre$(EFGH)$ kaç cm'dir?
b8698bff-f24f-5b20-b436-df4817662ac4	2023-2024-ACİL-TYT-AYT-Geometrinin İlacı	182	9	122	ok	valid_end_?	|=|AB|$, $m(\text{ABC})=70^\circ$. Buna göre, ADC açısının ölçüsü kaç derecedir?
7e4b60a6-383f-5608-ab66-7e4bed5f7a7b	2023-2024-ACİL-TYT-AYT-Geometrinin İlacı	182	11	146	ok	valid_end_?	$m(\text{BD})=45^\circ$, $m(\text{FAB})=50^\circ$. Buna göre, $x$ kaç derecedir?
54d82137-52ca-5f9c-8627-6c526685136b	2023-2024-ACİL-TYT-AYT-Geometrinin İlacı	184	11.	117	ok	valid_end_?	n. $|CD|=|OB|$, $|AD|=|OD|$, $m(\widehat{COB})=x$. Buna göre, $x$ kaç derecedir?
9514ecfb-cc7f-5aa5-98a4-ce0667d9689b	Orijinal-2024-Geometri Soru Bankası	9	8.	146	ok	valid_end_?	xt{ABC}) = x$, $m(\text{BCK}) = x$. Yukarıdaki verilere göre, $x$ kaç derecedir?
37612fbd-028b-5922-9ce3-2fb497ba5f8b	2023-2024-ACİL-TYT-AYT-Geometrinin İlacı	190	10.	143	ok	valid_end_?	sqrt{5}$ birim $|OF| = 3$ birim $|AB| = 8$ birim Buna göre, $|DC|$ kaç birimdir?
7becd4a7-8356-5a52-a33c-c2ca989adc1c	345 2024 Ayt Matematik Soru Bankası	89	8	203	ok	valid_end_?	ikkate alındığında görünmeyen diğer eşitsizlik aşağıdakilerden hangisi olabilir?
f253129c-806d-51a0-85b9-9c152d7f0228	345 2024 Ayt Matematik Soru Bankası	89	7	207	ok	valid_end_?	e olup ortak çözüm kümesi $(2, \infty)$ olmaktadır. Buna göre, $a-b-c-d$ kaçtır?
7d18e075-b59d-506a-9b4d-95e61a2759d3	2023-2024-ACİL-TYT-AYT-Geometrinin İlacı	194	8	172	ok	valid_end_?	CM| = 3$ birim $AC \cap DB = \{E\}$ olimits olduğuna göre, $|EFI|$ kaç birimdir?
fb623ec6-8c72-587e-a02d-bed7641e2838	2023-2024-ACİL-TYT-AYT-Geometrinin İlacı	194	12	432	ok	valid_end_?	cdot r_t$ eşitliğinde a ve b gerçel sayılardır. Buna göre, $a+b$ toplamı kaçtır?
a06935ff-94ce-52b6-89ce-573081763213	2023-2024-ACİL-TYT-AYT-Geometrinin İlacı	200	9	138	ok	valid_end_?	birim $|DC| = 6\sqrt{2}$ birim Buna göre, dairenin alanı kaç $\pi$ birimkaredir?
2c1a0235-5585-53db-9487-7aac36a512d6	2023-2024-ACİL-TYT-AYT-Geometrinin İlacı	206	8	170	ok	valid_end_?	 teğettir. $|AO|=|MD|=6$ birim. Buna göre, $|FC|-|FB|$ farkı kaç $\pi$ birimdir?
0a749b34-e596-51e6-a499-b6d42ba71ead	Orijinal-2024-Geometri Soru Bankası	273	5	156	ok	valid_end_?	ehat{CAB}) = 48^\circ$ olduğuna göre, $m(\widehat{BDC}) = \alpha$ kaç derecedir?
17b2e082-3003-55be-a5d1-4f4075ced878	2023-2024-ACİL-TYT-AYT-Geometrinin İlacı	208	8	143	ok	valid_end_?	irim. Prizmanın hacmi $64\sqrt{5}$ birimküp olduğuna göre, $|A'C|$ kaç birimdir?
53c22804-a5ab-5f2b-bd68-b2fd4faea6b6	2023-2024-ACİL-TYT-AYT-Geometrinin İlacı	212	9	121	ok	valid_end_?	birim ve $|AKI|=2$ birimdir. Buna göre, ABCD dörtgeninin alanı kaç birimkaredir?
3d3f6391-3eb4-558a-8493-d9cae49b602c	Orijinal-2024-Geometri Soru Bankası	401	5	174	ok	valid_end_?	an yatırılmış olan dik silindirin içerisindeki suyun hacmi kaç $\pi$ cm$^3$ tür?
791aa0fc-9bbe-5de0-8407-8580c1288447	345 2024 Ayt Matematik Soru Bankası	125	12.	85	ok	valid_end_?	dikdörtgen $|GB|=2$ cm, $|BC|=4$ cm, $|FD|=1$ cm olduğuna göre, $\cos x$ kaçtır?
ea4ff5ef-f12a-5473-b3cd-c08fdcff638f	345 2025 Ayt Matematik Soru Bankası	71	5	235	ok	valid_end_?	T_g$ olmak üzere, $|T_f - T_g| = 6$ olduğuna göre, $|AB|$ uzunluğu kaç birimdir?
1c16d1ff-157c-5c0b-b94f-6a3d389fe8e3	2023-2024-ACİL-TYT-AYT-Geometrinin İlacı	280	12	143	ok	valid_end_?	noktalarından biri C noktasıdır. Buna göre, $A(\widehat{ABC})$ kaç birimkaredir?
14fcd897-63e4-57b5-b423-1777af10ca19	345 2025 Ayt Matematik Soru Bankası	111	8	135	ok	valid_end_?	 T noktasında teğettir. E, [DC]'nin orta noktası olduğuna göre, $\cot x$ kaçtır?
6bfebc55-3c3a-5f31-86dd-f682b651fc12	Mikro Orijinal-2025-Ayt-Geometri Soru Bankası	108	8	131	ok	valid_end_?	m. G noktası ABC üçgeninin ağırlık merkezi olduğuna göre, $|AD| = x$ kaç cm'dir?
84a83f2e-0980-54e4-804d-56b25cc55fe9	Mikro Orijinal-2025-Ayt-Geometri Soru Bankası	193	9	147	ok	valid_end_?	 Kenar uzunlukları verilen ABCD ikizkenar yamuğunun köşegen uzunluğu kaç cm'dir?
3598bf7d-e6d9-5332-bdcb-94353f4feb90	2023-2024-ACİL-TYT-Matematiğin İlacı	35	11	260	ok	valid_end_?	e $yx$ iki basamaklı sayılardır. Buna göre, $BCA$ açısının ölçüsü kaç derecedir?
875d90ce-8c14-50eb-aeee-67b009e5012d	345 2024 Ayt Matematik Soru Bankası	111	11.	120	ok	valid_end_?	$|EB|=4$ cm, $|CD|=3$ cm, $|ED|=\sqrt{2}$ cm olduğuna göre, $|BC|=x$ kaç cm'dir?
57f20eac-080d-5197-9932-d485d1abb48d	345 2024 Ayt Matematik Soru Bankası	99	15	113	ok	valid_end_?	|$, $|AD| = |BD|$, $|DC| = 5$ cm, $|AC| = 12$ cm olduğuna göre, $\cot x$ kaçtır?
8b96fff6-8b14-516e-a9d6-f20a8b24c37f	ACİL-2025-TYT-Soeu Bankası	161	8	164	ok	valid_end_?	 = 30^\circ$ $|AB| = 2^n$ birim ve $|AC| = 4^n$ birimdir. Buna göre, $n$ kaçtır?
5b4dd508-90f9-533f-97b6-3140e8a48f1f	Orijinal-Tyt Ayt Geometri Soru Bankası	99	11	68	ok	valid_end_?	G: ABC üçgeninin ağırlık merkezi olduğuna göre, $|AE|=x$ kaç cm'dir?
430ac41e-2dfb-5eac-9301-3cb7c3dba319	2023-2024-ACİL-TYT-Matematiğin İlacı	61	11	266	ok	valid_end_?	şılık geldiğine göre, payda kısmında $+$ işaretinden sonra kaç tane kare vardır?
61d55d92-0aa2-58db-be05-88ec172f515b	345 2024 Ayt Matematik Soru Bankası	183	6	302	ok	valid_end_?	rek F noktasına ulaşıyor. Buna göre, karıncanın gittiği toplam yol kaç birimdir?
f72eb914-2bb7-5255-9dc7-90f4b121603b	345 2025 Tyt Ayt Geometri Soru Bankası 1	73	6	124	ok	valid_end_?	AB| = |BD| = 13$ cm $|AC| = 12\sqrt{2}$ cm olduğuna göre, $|DC| = x$ kaç cm'dir?
3735f8a2-8943-57a9-935b-a0cf38f4cef5	345 2025 Tyt Ayt Geometri Soru Bankası 1	179	6	144	ok	valid_end_?	ehat{BAC})$, $|AC| = 10$ cm, $|AD| = 6$ cm olduğuna göre, $|EB| = x$ kaç cm'dir?
9b519cd3-beca-57d8-8d6e-c5ada6901762	345 2025 Tyt Ayt Geometri Soru Bankası 1	335	6	140	ok	valid_end_?	DK| = 2$ cm $|DE| = 3$ cm $|BF| = 8$ cm olduğuna göre, $|AE| + |FB|$ kaç cm'dir?
5f465168-425b-53a9-b900-fc14c66ba0b4	Mikro Orijinal-Tyt Ayt-Geometri Soru Bankası 2	65	6	392	ok	valid_end_?	$ olduğunu hesaplamıştır. Buna göre, gri kartonun hipotenüs uzunluğu kaç cm dir?
e9332231-11d3-59db-8d80-ea3a5127bdba	Mikro Orijinal-Tyt Ayt-Geometri Soru Bankası 2	77	7	319	ok	valid_end_?	|DE|=14 \text{ cm}$, $|AE|=6 \text{ cm}$, $|BC|=|DC|$ olduğuna göre, $x$ kaçtır?
1c63d970-e8cc-57c3-8877-d1d3c9ed4315	Mikro Orijinal-Tyt Ayt-Geometri Soru Bankası 2	120	8	133	ok	valid_end_?	dehat{ACG}) = 30^ ext{o}$ $|AB| = 9$ cm Verilenlere göre, $|GC| = x$ kaç cm dir?
cd86122a-b288-5545-a0fa-805cc3b115b2	Mikro Orijinal-Tyt Ayt-Geometri Soru Bankası 2	178	8	160	ok	valid_end_?	Verilenlere göre, $|DC| = x$'in alabileceği en küçük tam sayı değeri kaç cm'dir?
cf1527f4-29d7-54e6-aefb-78c5be9c12d0	345 2025 Tyt Biyoloji Soru Bankası	117	6	413	ok	valid_end_?	m taksonların en yakın ortak atası X'tir. yargılarından hangilerine varılabilir?
d8075d5a-4bef-51ca-9026-3f368340288e	345 2024 Ayt Matematik Soru Bankası	133	8	161	ok	valid_end_?	\alpha$ $m(\widehat{DCE}) = \beta$ olduğuna göre, $\sin(\alpha - \beta)$ kaçtır?
6aa1ca70-b5f1-5753-a8c6-9bd15f616a2e	Orijinal-2025-Ayt-Matematik Türev	107	5	266	ok	valid_end_?	fonksiyonlarının grafikleri aşağıdakilerden hangisinde doğru olarak verilmiştir?
a8dbdabd-d425-5dce-8c7f-1d2260e53d88	Orijinal-2024-Geometri	44	ÖRNEK 5	108	ok	valid_end_.	2x$, $y>-x$ ve $x-y<0$ eşitsizliğinin sağladığı bölgede bulunan noktayı bulunuz.
ec84ee55-55c4-558d-86fd-61959b04a6c5	Mikro-2024-Tyt Ayt-Geometri Soru Bankası	241	10	143	ok	valid_end_?	LI|=2$ cm, $|IF|=7$ cm, $|IKLJ|=9$ cm olduğuna göre, $|DL|=x$ kaç santimetredir?
b53b40de-7719-5565-a61a-62c550702cca	345 2024 Ayt Matematik Soru Bankası	225	13	158	ok	valid_end_?	 (f(2-x) - a \cdot f(2)) = \lim_{x \to 2^+} (fof)(x)$ olduğuna göre, $a$ kaçtır?
08c22963-c022-5aa7-a78e-44c2ef63837d	Orijinal-2024-Geometri Soru Bankası	17	8.	146	ok	valid_end_?	{\circ}$'dir. Yukarıdaki verilere göre, $m(\widehat{ABE})=\alpha$ kaç derecedir?
652d7640-a2de-5a98-96c8-8b37d6696e50	Orijinal-2024-Geometri Soru Bankası	17	9.	158	ok	valid_end_?	CB})=30^{\circ}$. Yukarıdaki verilere göre, $ADC$ açısının ölçüsü kaç derecedir?
d5af1537-aa4a-53a2-aa92-ea51b515d5cb	Orijinal-2024-Geometri Soru Bankası	17	10.	200	ok	valid_end_?	=20^{\circ}$. Yukarıdaki verilere göre, $m(\widehat{BAC})=\alpha$ kaç derecedir?
146262b7-d489-5d85-bd02-04e1cc582fb7	Orijinal-2024-Geometri Soru Bankası	17	11.	161	ok	valid_end_?	EC})=30^{\circ}$. Yukarıdaki verilere göre, $BAC$ açısının ölçüsü kaç derecedir?
99ff1a35-7124-52ce-aa8d-3c07ff490e02	Orijinal-2024-Geometri Soru Bankası	19	8.	142	ok	valid_end_?	$m(\widehat{EBC})=42^ ext{o}$ olduğuna göre, $m(\widehat{BED})=x$ kaç derecedir?
8e140363-ac5f-50a5-a700-5041e400248e	Orijinal-2024-Geometri Soru Bankası	19	9.	121	ok	valid_end_?	o}$, [AE] ve [BD] iç açıortay olduğuna göre, $m(\widehat{ACB})=x$ kaç derecedir?
09b1dc57-c15e-5c0b-bae4-ac7d787a19d7	2024-ACİL TYT Matematik Geometri Kitap-1	19	10	183	ok	valid_end_?	el Sayılar denir. Buna göre, bu üçgensel sayılardan kaç tanesi 150'den küçüktür?
bd3bc66b-85da-576f-9ac6-fb0313477317	345 2024 Ayt Matematik Soru Bankası	111	10.	127	ok	valid_end_?	AB|=5$ cm, $|CE|=2$ cm, $|BC|=2$ cm, $|CD|=10$ cm olduğuna göre, $x$ kaç cm'dir?
7f7a76d1-f6a4-548a-ba36-9f68e6ae226e	345 2024 Ayt Matematik Soru Bankası	115	10	139	ok	valid_end_?	C})=2\alpha$ $|AB|=4$ cm $|AC|=8\sqrt{2}$ cm olduğuna göre, $\cos\alpha$ kaçtır?
78875c32-f721-5b2c-9044-7871a5dab438	2024-ACİL TYT Matematik Geometri Kitap-1	77	8	386	ok	valid_end_?	nulduğuna göre, yolun tamamına en çok kaç tane sarı uyarı levhası konulmuş olur?
3b2581c9-340d-5891-b208-66f7c00f3ff5	345 2024 Ayt Matematik Soru Bankası	115	11	138	ok	valid_end_?	widehat{E}=\frac{3}{4}$ olduğuna göre, $\sin\widehat{A}+\tan\widehat{B}$ kaçtır?
a85d611f-32e2-5953-a7f6-b32ba8e58d5f	2024-ACİL TYT Matematik Geometri Kitap-1	90	9	236	ok	valid_end_?	aç tane daha konulursa kutudaki tüm küplerin ağırlıkları toplamı 18,6 gram olur?
40d674f8-41f1-5c16-8725-2f540c9893d9	2024-ACİL TYT Matematik Geometri Kitap-1	127	18	522	ok	valid_end_?	r. III. $a+b+c$ toplamı en çok $13$'tür. ifadelerinden hangileri daima doğrudur?
267d6a07-2973-51fd-9edd-653a088442f5	2024-ACİL TYT Matematik Geometri Kitap-1	158	10	262	ok	valid_end_?	})^{-1}$ birim boşluk bırakılmıştır. Buna göre, kasanın yüksekliği kaç birimdir?
569e3ebe-5bd5-5413-b5c5-1507b6cbafc3	345 Tyt Ayt Geometri Soru Bankası	25	6	162	ok	valid_end_?	 = 25^\circ$, $|AE| = |ED|$ olduğuna göre, $m(\widehat{EBD}) = x$ kaç derecedir?
23e32b4d-988e-55cf-9f43-680cf2a4f57b	345 Tyt Ayt Geometri Soru Bankası	29	6	127	ok	valid_end_?	rallel [EF]$, $x+y=220^{\circ}$ olduğuna göre, $m(\widehat{BCD})$ kaç derecedir?
9d71a398-9bac-568d-9477-f4f0aff76995	Orijinal-2024-Ayt-Trigonometri	25	9	186	ok	valid_end_?	r, \(|DC| = 7\) br ve \(|CB| = 8\) br olduğuna göre, $\cot\alpha$ değeri kaçtır?
f136fbfb-f8f2-5fb7-bbdc-f309689a8cce	Orijinal-2024-Ayt-Trigonometri	27	8	146	ok	valid_end_?	p [CE]$, $|DF| = 3$ br, $|EF| = 1$ br olduğuna göre, $\tan\alpha$ değeri kaçtır?
fc9ae06a-7d9a-56e3-9f1d-0f2f8f85a0b7	345 Tyt Ayt Geometri Soru Bankası	171	6	136	ok	valid_end_?	(\widehat{BCA}) = 65^\circ$ olduğuna göre, $m(\widehat{AKE}) = x$ kaç derecedir?
ec66e380-82df-59de-bf33-d5764a1da1a2	Orijinal-2024-Ayt-Trigonometri	27	11	178	ok	valid_end_?	im, $|AD| = 15$ birim, $|DC| = 16$ birim. Buna göre, $\sin\alpha$ değeri kaçtır?
f5a8ccbf-97ad-5dd7-977c-691d504900f2	345 Tyt Ayt Geometri Soru Bankası	177	6	122	ok	valid_end_?	C]$, $[AE] \perp [BD]$, $[BD] = 30\sqrt{2}$ cm olduğuna göre, $|BC|$ kaç cm'dir?
7ae2b425-768d-508e-8405-3db045f0e2d8	345 Tyt Ayt Geometri Soru Bankası	323	7	115	ok	valid_end_?	 $[BE] \perp [DC]$, $|DE|=7$ cm, $|EC|=1$ cm olduğuna göre, $|BD|=x$ kaç cm'dir?
18cbfb0d-caa4-585b-963b-1dc0fa9a4fcc	345 Tyt Ayt Geometri Soru Bankası	376	19	113	ok	valid_end_?	açıortay $|DE|=5$ cm $|EF|=6$ cm olduğuna göre, $A(ABCD)$ kaç $\text{cm}^2$ dir?
49aba062-6366-5a68-8bc8-32b2a472433a	345 Tyt Ayt Geometri Soru Bankası	377	25	127	ok	valid_end_?	 $|AF|=|FB|=12$ cm, $|GC|=20$ cm olduğuna göre, Alan(GEB) kaç $\text{cm}^2$ dir?
95db3cc7-1619-5f32-bdb0-9bba22420e0f	345 Tyt Ayt Geometri Soru Bankası 2	62	8	139	ok	valid_end_?	perp ED$, $|DC| = 3$ cm, $|OD| = 9\sqrt{2}$ cm olduğuna göre, $|AC|$ kaç cm'dir?
9789ffaf-c1de-5beb-8532-63534ba4a171	345 2024 Ayt Matematik Soru Bankası	263	7	204	ok	valid_end_?	x=-1$ apsisli noktada teğettir. Buna göre, $(fog)'(1)$ ifadesinin değeri kaçtır?
097850ed-d999-503c-a100-641e324b9b23	345 2024 Ayt Matematik Soru Bankası	323	11.	295	ok	valid_end_?	a}^{b} [h(x)-g(x)] dx + \int_{b}^{c} [f(x)-h(x)] dx$ integralinin değeri kaçtır?
f24417f4-83ea-5dcf-949f-e1b52080a0fa	Orijinal-2024-Ayt-Trigonometri	122	9	307	ok	valid_end_?	una göre, $a, b$ ve $c$ sayılarının doğru sıralanışı aşağıdakilerden hangisidir?
b56fa809-315b-56ea-8281-12efded2d411	Orijinal-Tyt Ayt Geometri Soru Bankası	81	5	155	ok	valid_end_?	[AD] = \{K\}$, $|AG| = 16$ cm. Yukarıda verilenlere göre, $|KG| = x$ kaç cm'dir?
98583537-0dc0-57a0-888f-7e87d1f329d9	345 2024 Ayt Matematik Soru Bankası	353	4	310	ok	valid_end_?	itliği bilinmektedir. Buna göre, $d - a$ farkı aşağıdakilerden hangisi olabilir?
11e055b7-0bed-5a87-9257-8ffa0439f518	Mikro Orijinal-2025-Ayt-Geometri Soru Bankası	154	9	143	ok	valid_end_?	 BC$, $|BD| = 4$ cm, $|AC| = 12$ cm. Verilenlere göre, Alan(ADC) kaç $cm^2$ dir?
55c59551-0b6d-5de3-93e0-43942d16ed63	Mikro Orijinal-2025-Ayt-Geometri Soru Bankası	191	9	131	ok	valid_end_?	$, $|AF|=8$ cm, $|FB|=7$ cm, $|DE|=3$ cm. Verilenlere göre, $|EC|=x$ kaç cm'dir?
bebb0bd4-587c-5f61-a702-87479bcc4a30	Mikro Orijinal-2025-Ayt-Geometri Soru Bankası	193	8	154	ok	valid_end_?	, $|AB|=10$ cm. Çevresi 30 cm olan ABCD ikizkenar yamuğunun $|DC|=x$ kaç cm'dir?
04d3badb-5858-5670-b6f0-966e34b8ec7e	Mikro Orijinal-Tyt Ayt-Geometri Soru Bankası 2	197	9	135	ok	valid_end_?	AF| = 8$ cm $|FB| = 7$ cm $|DE| = 3$ cm Verilenlere göre, $|EC| = x$ kaç cm'dir?
ec729466-8dd1-596d-a6ef-0cf8b956ad3c	2023-2024-ACİL-TYT-AYT-Geometrinin İlacı	174	11	102	ok	valid_end_?	 FCP üçgen, $|FP| = |FC|$, $m(\widehat{DCP}) = x$. Buna göre, $x$ kaç derecedir?
b9433597-0f7a-50bf-9bdd-8bfe9f3f5f46	2023-2024-ACİL-TYT-AYT-Geometrinin İlacı	222	8	147	ok	valid_end_?	E|=5$ birimdir. Buna göre, piramidin hacminin yanal alanına oranı sayıca kaçtır?
a7c9e74f-ec2e-5217-9507-a1cc6558de0c	2023-2024-ACİL-TYT-AYT-Geometrinin İlacı	244	12	203	ok	valid_end_?	belerinin konumunu belirten bu noktalar doğrusaldır. Buna göre, k değeri kaçtır?
27ca20cd-9a98-537a-87d3-0d86c6981873	2023-2024-ACİL-TYT-AYT-Geometrinin İlacı	250	12	86	ok	valid_end_?	nlere göre, cam parçasının koordinat düzleminde kapladığı alan kaç birimkaredir?
7f07b9f4-6d1b-5333-b32a-77e0b5fdc6e6	Mikro Orijinal-2025-Ayt-Geometri Soru Bankası	97	7	118	ok	valid_end_?	p BC$ $|AE|=|EC|$ $|BF|=6$ cm $|EF|=4$ cm Verilenlere göre, $|AB|=x$ kaç cm'dir?
92c9d10e-9a14-5915-be8c-985d1f804f25	Mikro Orijinal-2025-Ayt-Geometri Soru Bankası	97	8	103	ok	valid_end_?	 $|BK|=|KE|$ $|EC|=|BD|=4$ cm $|DC|=6$ cm Verilenlere göre, $|AB|=x$ kaç cm'dir?
8709149b-869f-5743-9c1b-76a9dab69e7e	Orijinal-Tyt Ayt Geometri Soru Bankası	115	5	245	ok	valid_end_?	la BAC ve DAE dik üçgenlerinin ağırlık merkezi olduğuna göre, $|KL|$ kaç cm'dir?
23f5b70e-7415-5b29-8d1a-945bb4b656c1	Orijinal-Tyt Ayt Geometri Soru Bankası	131	8	303	ok	valid_end_?	= 12 \text{ cm}^2$dir. Buna göre, $B'FA'$ üçgeninin alanı kaç $\text{cm}^2$ dir?
0e9d6ec5-2c48-5143-9be5-9de44fa0068e	2023-2024-ACİL-TYT-Matematiğin İlacı	65	8	114	ok	valid_end_?	nıyor. Buna göre, $ \frac{0,6}{0,3} - \frac{0,2}{0,5} $ işleminin sonucu kaçtır?
a8d0b5de-0626-5a74-a294-0d380856aa8a	345 Tyt Fizik Soru Bankası	242	5	309	ok	valid_end_?	ve M grafiklerini çiziyor. Buna göre, öğrenci hangi grafikleri yanlış çizmiştir?
e9b16b1d-7f18-5502-a07f-91710159d798	2023-2024-ACİL-TYT-AYT-Geometrinin İlacı	192	11.	173	ok	valid_end_?	da teğettir. $|OD| = 8$ birim, $|DM| = 5$ birim. Buna göre, $|BC|$ kaç birimdir?
462d8198-3126-5fea-a767-168644143ef5	2023-2024-ACİL-TYT-AYT-Geometrinin İlacı	272	9	149	ok	valid_end_?	üldüğünde $A'B'C'D'$ karesi elde ediliyor. Buna göre, $|A'B|$ kaç santimetredir?
2ec334ca-b99e-550e-8db1-f3bbf08e7500	Orijinal-Tyt Ayt Geometri Soru Bankası	210	7	169	ok	valid_end_?	$ cm, $|AE| = 6$ cm. Yukarıdaki verilere göre, Alan(ABCD) kaç $\text{cm}^2$ dir?
8664a7e8-ea9c-5cfa-b48e-af777ea1b986	345 2024 Ayt Kimya Soru Bankası	291	10	343	ok	valid_end_?	r birbirleriyle cis-trans izomerliği gösterir. ifadelerinden hangileri doğrudur?
ac7aa9f7-1e88-52c1-9d1c-d676636f6821	2023-2024-ACİL-TYT-Matematiğin İlacı	155	9	307	ok	valid_end_?	rultuda eklenince $166$ cm'lik bir uzunluk elde ediliyor. Buna göre, $x$ kaçtır?
cda9bca0-8672-5839-b60e-1a28e1f7272d	345 Tyt Kimya Soru Bankası	269	7	79	ok	valid_end_?	Yukarıdaki kavram haritasında ilaç ile ilgili verilenlerden hangileri doğrudur?
87664f20-8901-5528-997f-528526ab1727	Orijinal-2024-Geometri Soru Bankası	99	8	49	ok	valid_end_?	Yukarıda verilenlere göre, $|DC| = x$ kaç cm'dir?
d9e46814-297a-56e9-9742-15483201caef	Orijinal-2024-Geometri Soru Bankası	142	11	151	ok	valid_end_?	daki verilere göre, $|AD| = x$'in alabileceği kaç farklı tam sayı değeri vardır?
b2180952-79cd-5a19-914b-ac5f75cb07a9	345 2024 Ayt Fizik Soru Bankası	21	8	395	ok	valid_end_?	event, Mert ve Sarp'ın bağıl hızlarıyla ilgili aşağıdakilerden hangisi doğrudur?
39e22c57-fb84-5df1-ae34-a2f71faef7ef	Viral-2025-Tyt Matematik	250	8	195	ok	valid_end_?	a göre şekilde oluşturulan denklemlerin çözüm kümesi aşağıdakilerden hangisidir?
42da9aa4-96b9-5170-8bc4-b44e0d4de00f	345 2024 Tyt Matematik Soru Bankası	305	6	221	ok	valid_end_?	re göre, Nur ve Ada'nın yola çıkmayı planladığı saat aşağıdakilerden hangisidir?
624e9ab7-48fb-578b-9098-d59161611067	ACİL-TYT-AYT-Geometri Soru Bankası	180	6	222	ok	valid_end_?	8\sqrt{3}$ birim, $|C'E| - |EB| = 14$ birim. Buna göre, $|AC| = x$ kaç birimdir?
cd3f3aac-1bf3-5e51-968c-00bb3c9a965d	Orijinal-2024-Geometri Soru Bankası	113	12	75	ok	valid_end_?	Numaralandırılmış yazı tahtaları üzerindeki bilgilerden hangileri doğrudur?
767c1305-f0f3-5b6e-97aa-7b357ade2e1c	Orijinal-2024-Geometri Soru Bankası	117	8	133	ok	valid_end_?	AC}$) < $90^\circ$ Alan(ABC) = $84$ $cm^2$ olduğuna göre, $|BC| = x$ kaç cm'dir?
65fbf972-034a-50bf-a120-6671179ad489	Orijinal-2024-Geometri Soru Bankası	117	11	120	ok	valid_end_?	|AD| = 17$ cm $|DC| = 12$ cm Yukarıdaki verilere göre, Alan(ADC) kaç $cm^2$ dir?
80bae5ef-0fcd-53ef-a574-6d26d1563e09	Orijinal-2024-Geometri Soru Bankası	117	9	145	ok	valid_end_?	 boyalı üçgenlerin alanları birbirine eşit olduğuna göre, $|AC| = x$ kaç cm'dir?
1cec54fe-3b99-5117-a35f-a1540ee7b8e7	Orijinal-2024-Geometri Soru Bankası	119	12	71	ok	valid_end_?	Yukarıdaki verilere göre, ABD üçgensel bölgesinin alanı kaç $cm^2$ dir?
8b0d809a-d3fe-5bd8-a45d-9a3cf78b3bb3	Orijinal-2024-Geometri Soru Bankası	121	8.	80	ok	valid_end_?	Alan$(ABC) = 150 \text{ cm}^2$ olduğuna göre, Alan$(AED)$ kaç $\text{cm}^2$ dir?
f246660a-2884-5263-99e4-df5f384ec58c	Orijinal-2024-Geometri Soru Bankası	121	9.	80	ok	valid_end_?	Yukarıdaki şekilde $[CL] = 2[BK]$ olduğuna göre, $[LE]=x$ kaç $\text{cm}^2$ dir?
db7ae64d-aa72-5345-be13-2ee9c15c7653	Orijinal-2024-Geometri Soru Bankası	125	10.	127	ok	valid_end_?	|DC|=10$ cm, $|AD|=17$ cm. Buna göre, ABC üçgeninin alanı kaç $\text{cm}^2$ dir?
fce2172c-5144-520f-8103-0eb2d71aa6b2	Orijinal-2024-Geometri Soru Bankası	125	11.	134	ok	valid_end_?	H|=6$ cm, $|BH|=8$ cm. Buna göre, AHC dik üçgeninin alanı kaç $\text{cm}^2$ dir?
b008456e-a32a-509c-9a35-7542daed70c9	345 2024 Ayt Matematik Soru Bankası	23	7	512	ok	valid_end_?	+6$ birim olduğuna göre a uzunluğu aşağıdakilerden hangisi ile ifade edilebilir?
2a5ebdf8-5aa5-50bb-8aab-3a5b88c6b5cf	345 2024 Ayt Fizik Soru Bankası	75	7	377	ok	valid_end_?	ir. Buna göre, aşağıda verilen karşılaştırmalardan hangisi kesinlikle yanlıştır?
c819d88f-c649-5741-9788-9dbedce9eb03	Orijinal-2024-Geometri Soru Bankası	99	10	49	ok	valid_end_?	Yukarıda verilenlere göre, $|FP| = x$ kaç cm'dir?
27e6fa0a-ac20-5456-8906-25a05c874b3e	Orijinal-2024-Geometri Soru Bankası	99	11	70	ok	valid_end_?	G: ABC üçgeninin ağırlık merkezi olduğuna göre, $|AE| = x$ kaç cm'dir?
e0e26e90-d388-56b1-96ee-69b3c51cb45a	Orijinal-2024-Geometri Soru Bankası	101	8.	154	ok	valid_end_?	AE| = 8$ cm, $|EC| = 2$ cm'dir. Yukarıdaki verilere göre, $|BD| = x$ kaç cm'dir?
fa355b9a-6223-5bd2-9d0c-f74ee6f66894	Orijinal-2024-Geometri Soru Bankası	101	9.	172	ok	valid_end_?	, $|HC| = 4$ cm, $|BH| = 6$ cm. Yukarıdaki verilere göre, $|AE| = x$ kaç cm'dir?
7b8d04f8-e49d-53e6-b96c-b10e43f081b9	Orijinal-2024-Geometri Soru Bankası	9	7.	148	ok	valid_end_?	G}) = \alpha$. Yukarıdaki verilere göre, $m(\text{BFG}) = \alpha$ kaç derecedir?
8dbc5b5f-38cd-512a-8991-c819c55f0450	345 2024 Tyt Matematik Soru Bankası	407	11.	431	ok	valid_end_?	uracaktır. Buna göre, Zehra, rezervasyonlarını kaç farklı şekilde oluşturabilir?
1ff909cb-d03c-5f85-a9e2-4657c5f0e7f6	345 2025 Tyt Ayt Geometri Soru Bankası 1	71	8	163	ok	valid_end_?	widehat{CDA}) = 75^{\circ}$ olduğuna göre, $m(\widehat{ABC}) = x$ kaç derecedir?
c98f2494-8e18-53f1-850a-8aab411306b2	345 2024 Ayt Fizik Soru Bankası	201	7	445	ok	valid_end_)	n bağıntı nedir? ($\vec{E}_K$, $\vec{E}_L$: elektrik alanların büyüklükleridir.)
f5d34e8a-372b-53d8-826a-25b68444266a	Orijinal-2024-Geometri Soru Bankası	214	8	137	ok	valid_end_?	= 2$ cm, $|DE| = 15$ cm. Yukarıdaki verilere göre, $|AD| = x$ kaç santimetredir?
6c39af38-8b9d-5116-b2c5-588148fc0fcc	345 2024 Ayt Matematik Soru Bankası	125	8.	110	ok	valid_end_?	m, $|AB|=2\sqrt{5}$ cm, $|AO|=5$ cm olduğuna göre, $\tan(\widehat{CAB})$ kaçtır?
4246616d-8a17-536f-81c1-18b086d8c206	Bilgi Sarmal 2024 Ayt Kimya Sopru Bankasi	225	6	215	unclear	unknown_end_$	 -1,66 \text{ V}$ $Zn^{2+}_{(suda)} + 2e^- \to Zn_{(k)}$ $E^o = -0,76 \text{ V}$
f54479d3-7efa-5358-b30b-5d06467b4df5	Orijinal-2024-Geometri Soru Bankası	226	8	71	ok	valid_end_?	Yukarıda verilenlere göre, boyalı bölgenin alanı kaç $\text{cm}^2$ dir?
67f008a5-5fc8-589d-9ea9-73716f40d602	Orijinal-2024-Geometri Soru Bankası	180	8.	140	ok	valid_end_?	 = 1$ cm, $|HB| = 4$ cm'dir. Yukarıdaki verilere göre, $|HC| = x$ cm kaç cm'dir?
21f3d6ec-37e3-5a09-9f46-61ac3050bb8f	Orijinal-2024-Geometri Soru Bankası	180	9.	134	ok	valid_end_?	BC| = 5$ cm, $|BE| = 6$ cm'dir. Yukarıdaki verilere göre, $|AE| = x$ kaç cm'dir?
c1d5b90d-da8d-5bc3-88ad-bba6641fced6	Orijinal-2024-Geometri Soru Bankası	180	12.	198	ok	valid_end_?	, $|FB| = 3$ cm, $|AD| = 6$ cm'dir. Yukarıdaki verilere göre, $|AC|$ kaç cm'dir?
df7a97a7-f37e-5c52-b14d-953795ffc3c2	Orijinal-2024-Geometri Soru Bankası	186	10	146	ok	valid_end_?	, $|AE|=2 \text{ cm}$'dir. Yukarıdaki verilere göre, $|AB|$ kaç $\text{cm}$'dir?
eccfdfce-d875-5f65-989b-b42409ccee0a	Orijinal-2024-Geometri Soru Bankası	198	8	137	ok	valid_end_?	$|HB|=5$ cm ve $|EH|=12$ cm'dir. Yukarıda verilenlere göre, $|EC|=x$ kaç cm'dir?
5e427e8b-4f77-5b10-a6dc-8387a6a4d99b	Orijinal-2024-Geometri Soru Bankası	198	11	142	ok	valid_end_?	CD eşkenar dörtgeninin alanı $36 \text{ cm}^2$ olduğuna göre, $|AE|$ kaç cm'dir?
70c95917-ca3b-5ab9-8d84-ed23493db0c6	Orijinal-2024-Geometri Soru Bankası	200	10	152	ok	valid_end_?	usal, $|HK|=18$ cm, $|HA|=13$ cm. Yukarıdaki verilere göre, $|AE|=x$ kaç cm'dir?
bbc55f97-ce7c-5ccf-898a-822db9211705	Orijinal-2024-Geometri Soru Bankası	200	12	135	ok	valid_end_?	BC|$, $[DH]=3$ cm. Yukarıda verilenlere göre, Alan($ADE$) kaç $\text{cm}^2$ dir?
d650fdd1-e362-52ce-af34-c639cf13d2fd	Bilgi Sarmalı-2023-2024-Ayt-Matematik Soru Bankası	157	9	179	ok	valid_end_?	AD})=x$ olimits  olduğuna göre, $AE$ uzunluğu aşağıdakilerden hangisine eşittir?
9f013e7d-2789-5a2c-9f81-29b5cbbee457	Orijinal-2024-Geometri Soru Bankası	208	12.	141	ok	valid_end_?	2}$ cm $|BC| = 6$ cm $|AB| = 8$ cm Yukarıda verilenlere göre, $|AE|$ kaç cm'dir?
2b0123f9-d587-5d6b-a777-5a1e165ede8f	Orijinal-2024-Geometri Soru Bankası	210	12	112	ok	valid_end_?	 $|EC| = 3$ cm, $|DE| = 9$ cm. Yukarıda verilenlere göre, $|EB| = x$ kaç cm'dir?
287a2f43-6e09-5dd7-a2c6-3e9204275e58	Orijinal-2024-Geometri Soru Bankası	212	9	224	ok	valid_end_?	=|EC|$, $|AE|=6$ cm. Yukarıdaki verilere göre, Alan(ABCD) kaç santimetrekaredir?
bd43d267-fde8-514a-a325-034cc771102d	345 2024 Ayt Fizik Soru Bankası	289	8	232	ok	valid_end_)	, cismin yaptığı hareketin frekansı kaç $\text{s}^{-1}$ dir? ($\pi = 3$ alınız.)
8a7e8443-1c88-51dd-8481-b4fe0e27ac45	345 2025 Tyt Ayt Geometri Soru Bankası 1	71	7	125	ok	valid_end_?	 $|AB| = 12\sqrt{3}$ cm $[BD]$ açıortay olduğuna göre, $|BD| - |DC|$ kaç cm'dir?
c3334a58-05ff-5a9b-ae18-02d338791d99	Orijinal-2024-Geometri Soru Bankası	15	9	181	ok	valid_end_?	30^ ext{o}$'dir. Yukarıdaki verilere göre, $m(\widehat{ACD}) = x$ kaç derecedir?
5aa6f713-4fac-5deb-9768-59565d266b11	Orijinal-2024-Geometri Soru Bankası	47	8	121	ok	valid_end_?	=|AD|$, $|BD|=6$ cm, $|DC|=4$ cm. Yukarıdaki verilere göre, $|AC|=x$ kaç cm'dir?
6b294629-60ca-59a7-95b3-ccb92aacd941	Orijinal-2024-Geometri Soru Bankası	77	8	142	ok	valid_end_?	GBC})$, $|BG|=10$ cm, $|AC|=16$ cm. Yukarıdaki verilere göre, $|AB|$ kaç cm'dir?
a9de99f7-f65a-582e-b4f4-9764847dc5c5	Orijinal-2024-Geometri Soru Bankası	170	9	161	ok	valid_end_?	EH|=1$ cm $|AC|=8\sqrt{3}$ cm Yukarıda verilenlere göre, BD uzunluğu kaç cm'dir?
cfc2d3f8-93cb-5fa3-a6f0-d75216d71da3	Orijinal-2024-Geometri Soru Bankası	83	8	198	ok	valid_end_?	Yukarıda verilenlere göre, $\frac{|AD|}{|DC|}$ oranı aşağıdakilerden hangisidir?
51a53bcd-c5b5-5f75-a124-e4b94f4c872e	Orijinal-2024-Geometri Soru Bankası	170	11	128	ok	valid_end_?	|$ $|BL|=|LC|$ $|EF|=12$ birim Yukarıda verilenlere göre, $|KL|=x$ kaç birimdir?
b1c3b3dd-5b9e-54fe-9c60-2fabe847289c	Orijinal-2024-Geometri Soru Bankası	170	10	169	ok	valid_end_?	at{ECD})=m(\hat{EAD})=m(\hat{ADC})=30^\circ$ olduğuna göre, $|BC|=x$ kaç cm'dir?
4328529e-a7a5-5b80-a1d1-fe1f0e4b9c43	Orijinal-2024-Geometri Soru Bankası	17	7.	165	ok	valid_end_?	BC})=52^{\circ}$. Yukarıdaki verilere göre, $DAE$ açısının ölçüsü kaç derecedir?
2657d8d0-d856-5945-b5f0-0f3cbfcf2582	Orijinal-2024-Geometri Soru Bankası	19	7.	154	ok	valid_end_?	$m(\widehat{ABE})=22^ ext{o}$ olduğuna göre, $m(\widehat{BEC})=x$ kaç derecedir?
3cb30b51-3104-5fa7-8971-d01f3d65791a	Orijinal-2024-Geometri Soru Bankası	99	9	45	ok	valid_end_?	Yukarıda verilenlere göre, $|AC|$ kaç cm'dir?
6508c76b-0268-5083-b5d3-19d28e302e9d	Orijinal-2024-Geometri Soru Bankası	113	8	182	ok	valid_end_?	 şekilde $m(\widehat{BGN}) = m(\widehat{NGC})$ olduğuna göre, $|NC|$ kaç cm'dir?
28d5cd9c-b89a-57cc-b4cf-939e1683eeb6	Orijinal-2024-Geometri Soru Bankası	127	8	95	ok	valid_end_?	lanı $48 \text{ cm}^2$ olduğuna göre, AND üçgeninin alanı kaç $\text{cm}^2$ dir?
71ebcf6d-6d1f-533c-990a-faee9e70c35a	Orijinal-2024-Geometri Soru Bankası	133	7	144	ok	valid_end_?	$|BD|=3$ cm, $|EF|=4$ cm. Yukarıda verilenlere göre, Alan$(EFC)$ kaç cm$^2$ dir?
616fb7b2-0820-55e9-b515-004f77a47dd1	Orijinal-2024-Geometri Soru Bankası	182	8	120	ok	valid_end_?	|$ $|BH|=6$ cm $|EC|=10$ cm Yukarıda verilenlere göre, Alan(DEC) kaç $cm^2$ dir?
def4cfe8-745b-57f3-b937-22cfdea8090a	Orijinal-2024-Geometri Soru Bankası	411	9	177	ok	valid_end_?	DC) $= 9 \text{ cm}^2$ olduğuna göre, dik piramidin hacmi kaç $\text{cm}^3$ tür?
1671541d-703c-5f4e-b481-1bdc4e37c9f8	Orijinal-2024-Geometri Soru Bankası	212	10	114	ok	valid_end_?	, $[AC]=5\sqrt{2}$ cm, $|ED|=1$ cm. Yukarıdaki verilere göre, $|EB|$ kaç cm'dir?
ff66c2a5-c8ff-575d-8fe6-abdea31d43a5	345 2024 Ayt Matematik Soru Bankası	323	7.	204	ok	valid_end_?	3} (g(x)-f(x)) dx = -14$ olduğuna göre, $S_2$ bölgesinin alanı kaç birimkaredir?
833d1e70-582e-537c-8788-24d872b8842b	345 2025 Ayt Matematik Soru Bankası	137	5	129	ok	valid_end_?	 3$ cm $|FB| = 1$ cm $|ED| = 2$ cm $|AE| = 4$ cm olduğuna göre, $\cot x$ kaçtır?
e0bd3e9c-11ef-53d5-ad40-cd6d5b4beb0b	Orijinal-2024-Geometri Soru Bankası	212	11	156	ok	valid_end_?	DE|=2$ cm, $|AK|=5$ cm. Yukarıdaki verilere göre, Çevre(ABCD) kaç santimetredir?
ca848969-0d42-5c8e-a92f-ed3a79d92920	345 2025 Tyt Ayt Geometri Soru Bankası 1	97	7	109	ok	valid_end_?	 $|EF| = 3$ cm $|CE| = 4$ cm $|DC| = 7$ cm olduğuna göre, $|AD| = x$ kaç cm'dir?
bc11f498-4e7c-5939-ad63-82b3e1288d1f	345 2025 Tyt Ayt Geometri Soru Bankası 1	173	7	123	ok	valid_end_?	 = 6$ cm $[AD]$, $[EC]$'nin kenar orta dikmesi olduğuna göre; $|BD|$ kaç cm'dir?
26446d2a-62d4-5bf6-b2c3-299a677cfdf5	345 2025 Tyt Ayt Geometri Soru Bankası 1	305	23	143	ok	valid_end_?	D)=120 \text{ cm}^2$ olduğuna göre, boyalı bölgenin alanı kaç $\text{cm}^2$ dir?
38dfd510-8c46-540a-a925-3fd46b2e0f36	345 2025 Tyt Ayt Geometri Soru Bankası 1	335	7	128	ok	valid_end_?	$|BF| = |FC|$ $|EF| = 6$ cm $|AE| = 16$ cm olduğuna göre, $|AB| = x$ kaç cm'dir?
21711226-59c9-5076-8fdb-7945bddc93c6	Orijinal-2024-Geometri Soru Bankası	212	12	147	ok	valid_end_?	)=100^\circ$. Yukarıdaki verilere göre, $m(\widehat{ACD})=\alpha$ kaç derecedir?
2c5052b0-3d00-5400-a2ab-da5573b2278d	345 2024 Tyt Matematik Soru Bankası	15	5	155	ok	valid_end_?	r. Buna göre, aynı mantıkla hazırlanmış işlem sistematiğinde $A \cdot B$ kaçtır?
3fc7035b-55ef-5932-a572-c723bae58bec	Orijinal-2024-Geometri	16	Çıkmış Soru (2018/TYT)	589	ok	valid_end_?	arı arasındaki mavi çizgi ile gösterilen uzaklığı kaç kilometre olarak hesaplar?
d20a7a63-7a6c-53c5-ba19-7537d45fe1d8	Orijinal-2024-Geometri Soru Bankası	31	7	122	ok	valid_end_?	=|BD|$, $|BE|=2$ cm, $|DE|=3$ cm. Yukarıdaki verilere göre, $|EC|=x$ kaç cm'dir?
cd15a71c-7eb6-57a7-8146-7a012a568b92	Orijinal-2024-Geometri Soru Bankası	37	7	521	ok	valid_end_)	ğuna göre, anten kaç birim kısalmıştır? (Radyo anteni her durumda düzlemseldir.)
06fa8510-b130-5449-9ede-810efc32bba9	Orijinal-2024-Geometri Soru Bankası	39	7	258	ok	valid_end_?	i ipi ok yönünde $12$ metre ilerlediğinde yükün A ucu yerden kaç metre yükselir?
d1cf79e7-3bef-5c3c-8261-83c1e04a3221	Orijinal-2024-Geometri Soru Bankası	47	7	164	ok	valid_end_?	]$, $[ET]\perp[BD]$. Yukarıdaki verilere göre, $\frac{|HT|}{|CD|}$ oranı kaçtır?
02086bab-fcea-58c2-84fd-8363cbf21c4c	Orijinal-2024-Geometri Soru Bankası	51	7.	135	ok	valid_end_?	hat{AEC})=60^\circ$, $|EC|=8$ cm. Yukarıdaki verilere göre, $|BH|=x$ kaç cm'dir?
b0d0f74c-b973-5a2c-a116-1b94472617f7	Orijinal-2024-Geometri	105	5	251	ok	valid_end_?	{3})$ olan noktanın $xoy$ düzlemindeki koordinatları aşağıdakilerden hangisidir?
7583e68a-4734-5dc5-845a-45ec0f4d6877	Orijinal-2024-Geometri Soru Bankası	59	7.	151	cutoff	alphanumeric_end	B] [PE] $\perp$ [AC] [PF] $\perp$ [BC] $|PF| = 2$ cm $|PE| = 3$ cm $|PD| = 4$ cm
b67fb549-0ff9-5b23-bf97-4f5b358ada63	Orijinal-2024-Geometri Soru Bankası	67	7.	125	ok	valid_end_?	ıortay, $|AB|=6$ cm, $|BC|=9$ cm. Yukarıdaki verilere göre, $|DC|=x$ kaç cm'dir?
01769344-c9be-579d-8365-4cbffaa592d3	Orijinal-2024-Geometri Soru Bankası	69	7.	138	ok	valid_end_?	$ cm, $|BD| = 6$ cm, $|DC| = 3$ cm. Buna göre, ABC üçgeninin çevresi kaç cm'dir?
62ae6702-417a-589c-9111-beb642acf211	Orijinal-2024-Geometri Soru Bankası	73	5	164	ok	valid_end_?	 = 12$ cm'dir. Yukarıda verilenlere göre, $|AB| = |BD| = x$ uzunluğu kaç cm'dir?
706bf868-d765-596e-b528-631cb623715b	Orijinal-2024-Geometri Soru Bankası	77	11	124	ok	valid_end_?	$|BD|=12$ cm, $m(\widehat{DBC})=45^\circ$. Yukarıdaki şekilde $|AG|$ kaç cm'dir?
4666b855-95cf-53e0-874b-4ff25e42dae5	345 Tyt Ayt Geometri Soru Bankası	29	7	136	ok	valid_end_?	, $m(\widehat{CFE})=42^{\circ}$ olduğuna göre, $m(\widehat{BED})$ kaç derecedir?
4a0a87c3-675c-55cb-957f-793080ee35e5	345 Tyt Ayt Geometri Soru Bankası	123	7	114	ok	valid_end_?	n, $[AB] \perp [AC]$, $|AB|=3$ cm, $|BC|=5$ cm olduğuna göre, $|EF|$ kaç cm'dir?
2593204f-488c-5246-a16c-53206e75a75e	345 Tyt Ayt Geometri Soru Bankası	171	7	115	ok	valid_end_?	y, $|EB| = 4$ cm, $|AB| = 6$ cm, $|AC| = 9$ cm olduğuna göre, $|EC|$ kaç cm'dir?
a996fe89-75d0-5dd9-b537-51a7db02c470	345 Tyt Ayt Geometri Soru Bankası	173	8	133	ok	valid_end_?	\perp [BC]$, $|AD| = 6$ cm, $|AB| = 10$ cm olduğuna göre, $|DC| = x$ kaç cm'dir?
01b45900-b2df-5cdf-9a46-e57aab1ff480	345 Tyt Ayt Geometri Soru Bankası	175	7	100	ok	valid_end_?	in, $G_2$, $ADG_1$ üçgeninin ağırlık merkezi olduğuna göre, $|G_2B|$ kaç cm'dir?
5a45c8e5-8703-5f48-96d6-f7fef5eee697	345 Tyt Ayt Geometri Soru Bankası	253	6	211	ok	valid_end_?	genin alanı $16 \text{ cm}^2$ olduğuna göre, Alan(ABCD) kaç $\text{cm}^2$ dir?
ace249a4-9c87-57eb-9a46-fbb50028488f	345 Tyt Ayt Geometri Soru Bankası	259	7	141	ok	valid_end_?	\widehat{AKD})=72^\circ$ olduğuna göre, $m(\widehat{AED})=\alpha$ kaç derecedir?
56464207-5994-5278-ad86-0de90df30419	345 Tyt Ayt Geometri Soru Bankası	305	23	140	ok	valid_end_?	D)=120 \text{ cm}^2$ olduğuna göre, boyalı bölgenin alanı kaç $\text{cm}^2$ dir?
d557caa7-aed3-556a-be9b-e6d9219b5473	345 Tyt Ayt Geometri Soru Bankası	375	15	143	ok	valid_end_?	m, $|AD| = 15$ cm, $|DC| = 20$ cm olduğuna göre, $A(EFG)$ kaç $\text{cm}^2$ dir?
c0498812-a5c4-5399-84e2-608371aba7b9	345 Tyt Ayt Geometri Soru Bankası 2	9	11	98	ok	valid_end_?	 $[AC]$ ve $[BE]$, O merkezli çemberin çaplarıdır. Buna göre, $x$ kaç derecedir?
7786a93c-fb0c-5081-9519-ffd5983ef865	Orijinal-Tyt Ayt Geometri Soru Bankası	15	9	181	ok	valid_end_?	30^{\circ}$'dir. Yukarıdaki verilere göre, $m(\widehat{ACD}) = x$ kaç derecedir?
0455554c-e592-5060-9973-996f57e15012	Orijinal-Tyt Ayt Geometri Soru Bankası	21	6	199	ok	valid_end_?	$[C'D] \parallel [AB]$ olduğuna göre, $m(\widehat{ABD}) = \alpha$ kaç derecedir?
6aa21721-be87-56dd-aa12-64b029cbafb7	Orijinal-Tyt Ayt Geometri Soru Bankası	37	8	376	ok	valid_end_?	tasına kadar toplam uzunluğu 18 metre olduğuna göre, Murat kaç metre yürümüştür?
6bd8f245-80d1-5013-9b01-a54213f2b5a1	Bilgi Sarmalı-2022-2023-Tyt-Matematik Soru Bankası	365	9	101	ok	valid_end_?	siyonu verilmiştir. Buna göre, $\int_{-5}^6 f'(x)dx$ integralinin değeri kaçtır?
2955e950-8207-5474-afee-97b9654902a6	Orijinal-Tyt Ayt Geometri Soru Bankası	81	7	308	ok	valid_end_?	E] = \{G\}$ olduğuna göre, $\frac{|GF|}{|DG|}$ oranı aşağıdakilerden hangisidir?
8c580faf-2e06-51ae-b419-68c90626c5a3	Orijinal-Tyt Ayt Geometri Soru Bankası	83	6	134	ok	valid_end_?	|=|EF|$, $|BF|=|FC|$, $|DK|=2$ cm. Yukarıda verilen şekilde $|AC|=x$ kaç cm'dir?
cd7b3980-5dd2-5c4c-9d04-dbc1c009d381	Orijinal-Tyt Ayt Geometri Soru Bankası	111	8	141	ok	valid_end_.	duğuna göre, $|AC|=x$ kaç cm'dir? $|BC|=\sqrt{73}$ cm, $|AD|=1$ cm, $|BD|=5$ cm.
c1723f2c-e108-5927-9060-5b75d6b5ffac	345 2024 Ayt Kimya Soru Bankası	273	7	120	ok	valid_end_?	zomerlik türlerinin eşleştirilmesi aşağıdakilerden hangisinde doğru verilmiştir?
74a67d9a-9670-584f-9d4a-030dac35076c	Orijinal-Tyt Ayt Geometri Soru Bankası	182	8	121	ok	valid_end_?	|$ $|BH|=6$ cm $|EC|=10$ cm Yukarıda verilenlere göre, Alan(DEC) kaç $cm^2$ dir?
0f5e4037-bdb7-5de4-9658-1ba62ec9767d	345 Tyt Fizik Soru Bankası	238	6	265	ok	valid_end_?	 hava basıncı $P_H$ dir. Buna göre, $P_K$, $P_L$, $P_H$ arasındaki ilişki nedir?
f3d1b0ac-8af8-5c62-8dc3-68f85a05d4cd	Orijinal-Tyt Ayt Geometri Soru Bankası	208	8	122	ok	valid_end_?	4$ cm, $|HC|=6$ cm. Yukarıda verilenlere göre, Alan(ABCD) kaç $\text{cm}^2$ dir?
23ff2f9d-fa7f-52c9-bf7c-76671b315bbc	Orijinal-Tyt Ayt Geometri Soru Bankası	269	8	173	ok	valid_end_?	{FED}) = 105^ ext{o}$'dir. Buna göre, $m(\widehat{ALF}) = \alpha$ kaç derecedir?
55074a2a-f4f1-5d05-96aa-dad72027f3d3	Orijinal-Tyt Ayt Geometri Soru Bankası	279	8	129	ok	valid_end_?	|$ ve $|CD|=20$ cm'dir. Yukarıda verilenlere göre, çemberin yarıçapı kaç cm'dir?
4dddca85-e618-50ae-bc9e-62d0d87c209d	345 2024 Ayt Kimya Soru Bankası	301	5	72	ok	valid_end_?	Yukarıda verilen bileşiklerden hangilerinin IUPAC adı doğru verilmiştir?
56bd20e7-2e23-54d8-a16c-fbfb0ebbc5d0	Orijinal-2024-Geometri Soru Bankası	95	7.	123	ok	valid_end_?	ıortay, $|AE|=4$ cm, $|EC|=6$ cm. Yukarıdaki verilere göre, $|BC|=x$ kaç cm'dir?
6088dd0d-ad5a-5aeb-8fe8-c624bf13a609	345 2024 Ayt Matematik Soru Bankası	87	7	153	ok	valid_end_?	x^2-25}{f(x)} \le 0$ eşitsizliğini sağlamayan tam sayı değerleri çarpımı kaçtır?
51cc8856-fb33-5a94-89bb-c399456d3a20	Orijinal-2024-Geometri Soru Bankası	9	9.	138	ok	valid_end_?	) = 50^\circ$. Yukarıdaki verilere göre, $m(\text{ABC}) = \alpha$ kaç derecedir?
96619fdd-6131-5e5b-99a5-1744ee0368d1	Bilgi Sarmalı-2024-Ayt-Matematik Soru Bankası	11	7	143	ok	valid_end_?	 aşağıdaki gibidir. $f(0) - f(2) = f(-1) - f(1) + 14$ olduğuna göre, $k$ kaçtır?
0360e747-af13-5d99-a32b-b093a2104ebd	345 2024 Ayt Matematik Soru Bankası	109	11	107	ok	valid_end_?	cm, $|AB| = |BC|$, $|EC| = |AB| + |AE|$ olduğuna göre, $\sin x + \cos x$ kaçtır?
76b11362-d156-5161-bad7-d5fea601a21c	345 2024 Ayt Matematik Soru Bankası	111	12.	85	ok	valid_end_?	=6$ cm, $|AC|=4$ cm, $m(\widehat{ABC})=30^\circ$ olduğuna göre, $\sin x$ kaçtır?
fcb9a49b-b9ad-546f-b1da-0e3ca02e6c93	345 2024 Ayt Matematik Soru Bankası	111	13.	105	ok	valid_end_?	c$, $m(\widehat{ABC})=15^\circ$, $|BC|=6$ br olduğuna göre, $|AB|=x$ kaç br'dir?
536ea5cd-b377-536e-bac2-0f08459f823d	345 2024 Ayt Matematik Soru Bankası	113	9	98	ok	valid_end_?	| = 6$ cm $|BC| = 7$ cm olimits olduğuna göre, $\cos C + \cos A$ çarpımı kaçtır?
f20c0948-50e7-52d3-8c7a-94d9f581ac84	345 2024 Ayt Matematik Soru Bankası	123	15	79	ok	valid_end_?	ABCD kare $|BE|=3$ cm, $|EC|=2$ cm, $|DF|=1$ cm olduğuna göre, $\tan x$ kaçtır?
fd5875e1-1544-5401-bf7a-d21fff7cb247	Orijinal-2024-Geometri Soru Bankası	99	7	258	ok	valid_end_?	sındaki uzaklık $4$ cm olduğuna göre, dik üçgenin hipotenüs uzunluğu kaç cm'dir?
69591d8e-24d2-5b21-a19a-f6aaa6463fc8	Orijinal-2024-Geometri Soru Bankası	9	10.	218	ok	valid_end_?	 = 100^\circ$. Yukarıdaki verilere göre, $m(\text{FGH}) = \alpha$ kaç derecedir?
81f16f71-7429-5344-8ae0-84fbd3053502	345 2024 Ayt Matematik Soru Bankası	151	7	1212	ok	valid_end_?	9 \Rightarrow \pi > 3,6$ bulmuştur. Buna göre, aşağıdakilerden hangisi doğrudur?
42236442-2aea-5147-845c-0aebcf09c487	ACİL-TYT-AYT-Geometri Soru Bankası	38	5	251	ok	valid_end_?	\circ$ açıldığında $|DA'|=11$ birim olduğuna göre, $|DC|$ uzunluğu kaç birimdir?
582b922e-6de6-5a3e-8ec0-90c4610bcbe4	Orijinal-2024-Geometri Soru Bankası	101	7.	160	ok	valid_end_?	, $|TC| = 3$ cm, $|NC| = 4$ cm. Yukarıdaki verilere göre, $|AF| = x$ kaç cm'dir?
fb4a6be3-023d-5e7a-bb71-fab3ef31b239	Orijinal-2024-Geometri Soru Bankası	244	9	123	ok	valid_end_?	$ cm $|DC| = 5$ cm $A(ABE) = A(AECD)$ olduğuna göre, $\frac{x}{y}$ oranı kaçtır?
d4852724-a63f-547d-a91d-66312b5dbe27	Orijinal-2024-Geometri Soru Bankası	121	7.	81	ok	valid_end_?	ukarıdaki şekilde $[BD]=2[DC]$ olduğuna göre, Alan$(ABC)$ kaç $\text{cm}^2$ dir?
b3cadea9-f5d1-5336-a147-c66b16a6671a	Orijinal-2024-Geometri Soru Bankası	15	8	215	ok	valid_end_?	xt{o}$'dir. Yukarıdaki verilere göre, $m(\widehat{ECF}) = \alpha$ kaç derecedir?
7c866f11-29c6-5616-9161-d918a205dff4	Orijinal-2024-Geometri Soru Bankası	15	11	155	ok	valid_end_?	66^ ext{o}$ Yukarıdaki verilere göre, $m(\widehat{ACB}) = \alpha$ kaç derecedir?
73bbf5b3-8c16-55bc-836c-fd44138eceb2	Orijinal-2024-Geometri Soru Bankası	17	12.	201	ok	valid_end_?	=65^{\circ}$. Yukarıdaki verilere göre, $m(\widehat{BDC})=\alpha$ kaç derecedir?
f5ce4df3-d51b-533f-9440-b230e7a5785b	Orijinal-2024-Geometri Soru Bankası	125	7.	143	ok	valid_end_?	 $|HC|=6$ cm, $|AB|=5$ cm. Buna göre, ABD üçgeninin alanı kaç $\text{cm}^2$ dir?
2cec3bcb-ea89-5767-874c-cfaac730ccf6	Orijinal-2024-Geometri Soru Bankası	133	5	206	ok	valid_end_?	 bölgelerin alanları birbirine eşit olduğuna göre, $|BE| = |FD| = x$ kaç cm'dir?
5906977c-c09b-5231-851b-8d1c9f926596	345 2025 Ayt Fizik Soru Bankası	9	5	282	ok	valid_end_)	vetin bileşkesi kaç $\text{N}$'dir? ($\sin53^\circ = 0,8$, $\cos53^\circ = 0,6$)
ce0580f4-6476-5f24-930c-795de67adc7f	345 2024 Ayt Matematik Soru Bankası	291	7	208	ok	valid_end_?	ni bulunuz. Soru ve çözüm kağıdında verilen bilgilere göre $g(6)$ değeri kaçtır?
06a9ad05-c567-5235-a3bb-8c1c8949a6ae	345 2025 Ayt Fizik Soru Bankası	27	5	384	ok	valid_end_)	$: düzlemin tepki kuvveti, $F_s$: sürtünme kuvveti, $T$: ipteki gerilme kuvveti)
f084cc34-c2e0-5430-8b4c-3cfeef07f522	Orijinal-2024-Geometri Soru Bankası	244	12	138	ok	valid_end_?	E]$ $|DC| = 4$ cm $|DE| = 5$ cm Yukarıdaki verilere göre, $|AB| = x$ kaç cm dir?
7f169f61-60c6-5192-96cc-3b8d947bdf4f	345 2024 Ayt Matematik Soru Bankası	301	7	307	ok	valid_end_?	 toplamının en az olması için $O_1$ merkezli dairenin yarıçapı kaç br olmalıdır?
da1bdb6b-bdf2-5435-8254-aa202915c163	Orijinal-2024-Geometri Soru Bankası	246	9	69	ok	valid_end_?	Yukarıdaki verilere göre, $|\text{AE}| + |\text{HC}|$ toplamı kaçtır?
fb5505fc-fbe2-5626-b24c-29f169697c50	Orijinal-2024-Geometri Soru Bankası	246	11	59	ok	valid_end_?	Yukarıdaki verilere göre, Alan(ABCD) kaç $\text{cm}^2$ dir?
fef9eb0d-c9f3-5552-a1f0-e07533c02501	Orijinal-2024-Geometri Soru Bankası	248	9.	159	ok	valid_end_?	]$ $|AD| = 3|CD|$ $|HC| = 3$ cm Yukarıdaki verilere göre, $|BC| = x$ kaç cm'dir?
bb117d62-073d-5773-8668-da9eb01f6648	Orijinal-2024-Geometri Soru Bankası	248	10.	171	ok	valid_end_?	4$ cm $|AE| = 4$ cm Yukarıdaki verilere göre, Alan$(ABCD)$ kaç $\text{cm}^2$dir?
3b80c496-b8ff-50a5-870d-dc2849300413	Orijinal-2024-Geometri Soru Bankası	248	11.	153	ok	valid_end_?	| = 6$ cm $|AD| = 4\sqrt{2}$ cm Yukarıdaki verilere göre, $|DC| = x$ kaç cm'dir?
4f5c938e-947c-504a-876f-3d7b1152c759	Orijinal-2024-Geometri Soru Bankası	248	12.	160	ok	valid_end_?	]$ $|AD| = 6$ cm $|BC| = 10$ cm Yukarıdaki verilere göre, $|EF| = x$ kaç cm'dir?
b5ca2cb9-95b9-50de-aaca-b6704bbb922c	Orijinal-2024-Geometri Soru Bankası	263	9.	124	ok	valid_end_?	ehat{OBA}) = 25^\circ$ olduğuna göre, $m(\widehat{AOB}) = \alpha$ kaç derecedir?
937ae9c4-648f-5137-bf2f-733843c0fa94	Orijinal-2024-Geometri Soru Bankası	265	10.	149	ok	valid_end_?	 35^\circ$. Yukarıdaki verilere göre, $m(\widehat{AED}) = \alpha$ kaç derecedir?
c7f9bd91-ef2e-55d1-aed1-78a0490da980	Orijinal-2024-Geometri Soru Bankası	265	12.	137	ok	valid_end_?	ktasında çembere teğet olduğuna göre, $m(\widehat{DBA}) = \alpha$ kaç derecedir?
b8304ddd-0bd8-5fe0-910d-d4cfc47e84b0	C1CELL-2024-TYT-AYT-Geometri Soru Bankası	11	11	172	ok	valid_end_?	\text{BAD}) = m(\text{DAE})$, $m(\text{BCE}) = x$. Buna göre, $x$ kaç derecedir?
d2cf8de3-35ee-5495-9bc4-fe277afd0df3	Orijinal-2024-Geometri Soru Bankası	326	11	106	ok	valid_end_?	rac{|AC|}{|BC|}=\frac{1}{2}$ oranında içten bölen C noktasının koordinatı nedir?
e900b31e-1926-5674-820a-ce3f640a0ade	C1CELL-2024-TYT-AYT-Geometri Soru Bankası	287	12	142	ok	valid_end_?	52^\circ$, $m(\widehat{ABC}) = x$. Yukarıda verilenlere göre, $x$ kaç derecedir?
50471b31-1b3a-5896-998b-18aecbf8cac1	345 2024 Tyt Matematik Soru Bankası	23	8	396	ok	valid_end_?	ine yerleştirilerek yatay ünitede elde edilebilecek sonuç en fazla kaç olabilir?
990a589e-f262-50fe-8c2e-edde569c52df	Orijinal-2024-Geometri Soru Bankası	31	10	129	ok	valid_end_?	 [BD]$, $[AH]=8$ cm, $[HD]=2$ cm. Yukarıdaki verilere göre, $|EC|=x$ kaç cm'dir?
c11a3ea7-6c4a-549b-b4c6-0d5db00581de	Apotemi 2019 2020 Tyt Ayt Fizik Soru Bankası	180	6	184	ok	valid_end_)	ızıyla yukarı yönde atılırsa, yere kaç $t$ sürede yere gelir? (Sürtünme yoktur.)
9e675dbe-e309-58c0-981f-081585710742	Orijinal-2024-Geometri Soru Bankası	269	11.	53	ok	valid_end_?	Yukarıda verilenlere göre, $ABC$ açısı kaç derecedir?
218de30f-fa56-591e-a637-57b34401eb2c	Orijinal-2024-Geometri Soru Bankası	281	9.	47	ok	valid_end_?	Yukarıda verilenlere göre, $|BD|=x$ kaç cm'dir?
3c5e8738-d913-5d7a-9b59-f499ff405378	Orijinal-2024-Geometri Soru Bankası	79	9.	85	ok	valid_end_?	çgen G noktası ABC üçgeninin ağırlık merkezi olduğuna göre, $|CH|=x$ kaç cm'dir?
d7728cfe-8624-5b28-81d2-eade7690ced9	Orijinal-2024-Geometri Soru Bankası	79	11.	148	ok	valid_end_?	t{BAC})$ $|AC|=2|AD|$ $|EB|=3$ cm Yukarıdaki verilere göre, $|AE|=x$ kaç cm'dir?
fd53029b-3d38-5a89-b3b1-6a891c801351	Orijinal-2024-Geometri Soru Bankası	83	6	142	ok	valid_end_?	EF|$ $|BF| = |FC|$ $|DK| = 2$ cm Yukarıda verilen şekilde $|AC| = x$ kaç cm'dir?
6461c6b0-2fe5-5f3a-9e3b-1e7eee979b04	Orijinal-2024-Geometri Soru Bankası	285	11.	144	ok	valid_end_?	 cm. ABCD dik yamuğu teğetler dörtgeni olduğuna göre, Alan(ABCD) kaç $cm^2$'dir?
bdd92aaf-bd5d-5111-aac3-40742f8c0887	345 2025 Ayt Fizik Soru Bankası	159	6	194	ok	valid_end_?	eri sırasıyla $m_K$, $m_L$, $m_M$ olduğuna göre, bunlar arasındaki ilişki nedir?
c075d798-a52b-5d50-b4dc-4087dc90f335	345 2024 Tyt Matematik Soru Bankası	151	17	318	ok	valid_end_?	una göre, kırmızı nesnenin kg cinsinden ağırlığı aşağıdakilerden hangisi olamaz?
b7c80a59-ab5f-55e1-b7b1-94e83ca87590	Orijinal-2024-Geometri Soru Bankası	180	7.	147	ok	valid_end_?	CE| = 5$ cm, $|EB| = 4$ cm'dir. Yukarıdaki verilere göre, $|AE| = x$ kaç cm'dir?
4915a534-3905-5353-a647-823bf00aad8a	Orijinal-2024-Geometri Soru Bankası	184	9	178	ok	valid_end_?	text{ cm}$'dir. ABCD paralelkenar olduğuna göre, $|EC| = x$ kaç $\text{cm}$'dir?
0d3b6ea0-2b80-5d27-a997-31eeeb28222d	Orijinal-2024-Geometri Soru Bankası	190	8	168	ok	valid_end_?	\text{ cm}^2$ dir. Buna göre, ABCD paralelkenarının alanı kaç $\text{cm}^2$ dir?
e688bac2-eff9-5987-8509-2352ed6cc04b	Orijinal-2024-Geometri Soru Bankası	200	7	136	ok	valid_end_?	|=15$ cm. Yukarıdaki verilere göre, $AED$ üçgeninin alanı kaç $\text{cm}^2$ dir?
7af3dd04-256d-5a1e-9732-142749113d2c	Orijinal-2024-Geometri Soru Bankası	210	7	169	ok	valid_end_?	$ cm, $|AE| = 6$ cm. Yukarıda verilenlere göre, $A(ABCD)$ kaç $\text{cm}^2$ dir?
30f5bde9-34ee-582d-bebf-0448563a8df1	Orijinal-2024-Geometri Soru Bankası	212	7	140	ok	valid_end_?	3$ cm, $|EC|=12$ cm. Yukarıdaki verilere göre, Alan(ABCD) kaç $\text{cm}^2$ dir?
56d3cf84-dc6a-5dfb-b2fa-2ac5e63d55a8	Fizipedia Ayt Fizik Soru Bankası 2025	258	6	162	ok	valid_end_?	a göre gezegen KL ve LM aralıklarında açısal momentumu hakkında ne söylenebilir?
8074ea19-a94f-5fe0-8100-5aa47df4c5e3	Orijinal-2024-Geometri Soru Bankası	95	11.	166	ok	valid_end_?	=2$ cm, $|BC|=9$ cm. Yukarıdaki verilere göre, ADE üçgeninin çevresi kaç cm'dir?
05d205e3-4c6c-5d59-a660-14401d6f772e	Orijinal-2024-Geometri Soru Bankası	214	7	107	ok	valid_end_?	p [AC]$, $|DH| = 12$ cm, $|CH| = |AH| + 6$ olduğuna göre, $|BH| = x$ kaç cm'dir?
85f0307b-67cc-54d2-a860-353164fb6278	Orijinal-2024-Geometri Soru Bankası	97	9	81	ok	valid_end_?	ukarıdaki verilere göre, $\frac{|CD|}{|BD|} + \frac{|AF|}{|FD|}$ toplamı kaçtır?
c853fde8-cfab-53b3-a124-67ac3df9a696	Orijinal-2024-Geometri Soru Bankası	413	11.	222	ok	valid_end_?	ak tekrar B noktasına varan karıncanın aldığı en kısa yolun uzunluğu kaç cm'dir?
e0d8bc50-decf-5d69-8769-d979d09a68f8	Full Matematik-Ayt-Matematik Soru Bankası	159	6	137	ok	valid_end_?	sin x|$ II. $|1 - \cos x|$ III. $|1 - \tan x|$ ifadelerinden hangileri olabilir?
677a7ec0-c04d-57f8-ba55-2affe138a593	Orijinal-2024-Geometri Soru Bankası	101	12.	184	ok	valid_end_?	alpha$'dır. Yukarıdaki verilere göre, $m(\widehat{BCD}) = \alpha$ kaç derecedir?
cd9ceb11-4bbb-58b6-9fe5-2d10ba6058d8	Orijinal-2024-Geometri Soru Bankası	107	6	295	ok	valid_end_?	şekilde $|EC|=9$ cm ve $|DE|=3$ cm olduğuna göre, ilk şekilde $|AC|$ kaç cm'dir?
a8109324-bd02-5afb-bc27-fd68b0390c23	Orijinal-2024-Geometri Soru Bankası	121	10.	69	ok	valid_end_?	Yukarıda verilenlere göre, ADE üçgeninin alanı kaç $\text{cm}^2$ dir?
5b09fa0e-bcc1-5166-89d4-858454913322	Orijinal-2024-Geometri Soru Bankası	125	8.	137	ok	valid_end_?	$|DE|=4$ cm, $|AC|=12$ cm. Buna göre, AED üçgeninin alanı kaç $\text{cm}^2$ dir?
215fe42e-a934-50cf-8eb6-0b91c5d60f37	Orijinal-2024-Geometri Soru Bankası	125	9.	134	ok	valid_end_?	C|=8$ cm, $|AB|=6$ cm'dir. Buna göre, ABC üçgeninin alanı kaç $\text{cm}^2$ dir?
231ca783-ed7c-57e3-a781-15c2b4dbaf28	Orijinal-2024-Geometri Soru Bankası	125	12.	152	ok	valid_end_?	 $|AD|=4$ cm, $|AC|=6$ cm. Buna göre, ABC üçgeninin alanı kaç $\text{cm}^2$ dir?
869023f1-ec49-569e-bf8a-87114c9de558	Orijinal-2024-Geometri Soru Bankası	129	9.	121	ok	valid_end_?	N| = |F|$ Yukarıda verilenlere göre, $\frac{Alan(ABF)}{Alan(EDF)}$ oranı kaçtır?
cfc53e85-180c-5a5d-b879-c07cdb98e1c8	345 2025 Ayt Biyoloji Soru Bankası	294	6	395	ok	valid_end_?	unuma katılmadan önce, sindirilmek zorundadır. ifadelerinden hangileri doğrudur?
4bc67a17-182c-5dd1-aa98-9163adaf08b8	Orijinal-2024-Geometri Soru Bankası	131	6	186	ok	valid_end_?	olduğuna göre, sarı renge boyalı bölgelerin alanları oranı $\frac{A}{B}$ kaçtır?
90efd815-2506-596f-90d7-774ebe1907b6	Full-2019-2020-Ayt-Matematik Soru Bankası	169	8	175	ok	valid_end_?	x) - \lim_{x\to a} f(x)$ eşitliğini sağlayan $a$ tam sayılarının toplamı kaçtır?
2494c5b9-e8a0-547b-8910-bfbaba5c5f61	Full-2019-2020-Ayt-Matematik Soru Bankası	83	8	168	ok	valid_end_?	\alpha = \frac{4}{3}$'tür. Yukarıdaki verilere göre, $\sin\alpha$ değeri kaçtır?
6f642a4d-60b8-5c49-97b5-9401ec137b84	Orijinal-2024-Geometri Soru Bankası	154	8	110	ok	valid_end_?	E]$, $|DN|=|EC|$. Yukarıda verilen şekilde $m(\text{NFE})=\alpha$ kaç derecedir?
a418d47c-dd51-5869-8c6b-f6ae3434fafb	Orijinal-2024-Geometri Soru Bankası	156	8	147	ok	valid_end_?	|HD| = 2|AF|$, $|KC| = 12$ cm. Yukarıda verilenlere göre, $|KF| = x$ kaç cm'dir?
1449729b-c258-58ec-8c44-480fa67636bc	345 2025 Ayt Biyoloji Soru Bankası	302	5	354	ok	valid_end_?	k ATP, oksijenin kullanıldığı evrede üretilir. ifadelerinden hangileri doğrudur?
eeff3417-d339-56a5-8201-70cc7e445a10	345 2025 Ayt Biyoloji Soru Bankası	108	10	187	ok	valid_end_?	landırılmış yapılarla ilgili aşağıdakilerden hangisi her durumda doğru değildir?
bca50276-f215-580a-84bc-4480ac4308b1	345 2025 Tyt Ayt Geometri Soru Bankası 1	35	6	132	ok	valid_end_?	miştir. Buna göre, $x=30^ ext{o}$ durumlarının hangilerinde $x=30^ ext{o}$ olur?
d91e2422-296f-5e25-87a6-217d30b23638	Orijinal-2024-Geometri Soru Bankası	176	11.	165	ok	valid_end_?	6$ cm, $|CD| = 12$ cm. ABCD deltoidinde verilenlere göre, $|BE| = x$ kaç cm'dir?
ba54c62f-22f6-5c19-a6e9-c0e3ebf17270	Orijinal-2024-Geometri Soru Bankası	180	11.	177	ok	valid_end_?	rinin kesim noktasıdır. $|AE| = 18$ cm olduğuna göre, $|O_1O_2| = x$ kaç cm'dir?
e6dae5d9-f681-53fa-9306-b2ce173ba63a	Orijinal-2024-Geometri Soru Bankası	182	9	138	ok	valid_end_?	 cm $|DH|=4$ cm $|AH|=9$ cm Yukarıdaki verilere göre, Alan(ABCD) kaç $cm^2$ dir?
8122f50a-4124-55a5-a39e-fb12cdf2ccf4	Orijinal-2024-Geometri Soru Bankası	184	8	189	ok	valid_end_?	 = 8 \text{ cm}$'dir. Yukarıda verilenlere göre, $|EC| = x$ kaç $\text{cm}$'dir?
267127c3-d5a3-5a69-b134-815262a67551	Orijinal-2024-Geometri Soru Bankası	184	12	185	ok	valid_end_?	 şekilde $[AE] \cap [BD] = \{K\}$ olduğuna göre, $|DK| = x$ kaç $\text{cm}$'dir?
137b9205-9436-5961-a084-9c8aaf37b465	Orijinal-2024-Geometri Soru Bankası	186	9	164	ok	valid_end_?	$, $|EC|=12 \text{ cm}$. Yukarıdaki verilere göre, $|BC|=x$ kaç $\text{cm}$'dir?
3d63566b-efe7-5d13-884d-d1ed5efc269d	Orijinal-2024-Geometri Soru Bankası	188	8	204	ok	valid_end_?	$|BC| = 9 \text{ cm}$ Yukarıda verilenlere göre, $|EF| = x$ kaç $\text{cm}$'dir?
ddbb0b81-de9d-590e-b5e3-988879533db9	Orijinal-2024-Geometri Soru Bankası	190	9	163	ok	valid_end_?	$|HC| = 13 \text{ cm}$ Yukarıdaki verilere göre, $|DH| = x$ kaç $\text{cm}$ dir?
ef367bd4-d077-5118-ae2b-ff18f69b21c6	345 2025 Ayt Fizik Soru Bankası	73	5	275	ok	valid_end_?	, L'den M'ye $3t$ sürede gelmektedir. Buna göre, $\frac{h_2}{h_1}$ oranı kaçtır?
0714b950-e4f7-58e8-a7cd-ec88be4015dd	Orijinal-2024-Geometri Soru Bankası	194	8	223	ok	valid_end_?	 paralelkenarının alanı $48 \text{ cm}^2$ olduğuna göre, Çevre(ABCD) kaç cm'dir?
752a7cda-2196-5310-89b2-a4e81c42bb3f	Orijinal-2024-Geometri Soru Bankası	200	8	153	ok	valid_end_?	$ cm, $m(\text{ADC})=m(\text{CDE})=60^\circ$ olduğuna göre, $|AF|=x$ kaç cm'dir?
8071422d-cf97-5faa-9d68-e0398b3906d3	Orijinal-2024-Geometri Soru Bankası	208	8.	122	ok	valid_end_?	4$ cm $|HC| = 6$ cm Yukarıda verilenlere göre, Alan(ABCD) kaç $\text{cm}^2$ dir?
b9f47666-b517-591a-a83f-399ff8114ba7	Orijinal-2024-Geometri Soru Bankası	210	10	132	ok	valid_end_?	|CF| = 5$ cm, $|FB| = 4$ cm. Yukarıdaki verilere göre, $|AC|$ kaç santimetredir?
a8039746-6fbb-5002-ac90-74efcfd86578	Orijinal-2024-Geometri Soru Bankası	210	11	152	ok	valid_end_?	$|EC| = 17$ cm, $|AB| = 25$ cm. Yukarıdaki verilere göre, $|BC| = x$ kaç cm'dir?
6e99e2b4-4420-50bd-943c-01d604979a09	Orijinal-2024-Geometri Soru Bankası	212	8	148	ok	valid_end_?	6$ cm, $|EB|=10$ cm. Yukarıdaki verilere göre, Alan(ABCD) kaç $\text{cm}^2$ dir?
21afd5fa-1284-59c8-a750-1615fe484389	Orijinal-2024-Geometri Soru Bankası	228	7	125	ok	valid_end_?	DE|=10$ cm. Yukarıda verilenlere göre, Alan($\Delta DEC$) kaç $\text{cm}^2$ dir?
d47ebd83-704f-5b49-9807-4e43f7eeaef8	Orijinal-2024-Geometri Soru Bankası	214	10	187	ok	valid_end_?	cm, $|EC| = 6$ cm. Yukarıdaki verilere göre, Alan$(ABCD)$ kaç $\text{cm}^2$ dir?
1fe470ff-60c6-52dd-acb2-af42db07d7d5	Orijinal-2024-Geometri Soru Bankası	214	11	138	ok	valid_end_?	]$, $[KF] = [FC]$, $|AC| = 20$ cm. Yukarıda verilenlere göre, $|FT|$ kaç cm'dir?
2c10f825-388e-5b2c-9ee9-c331f3e08b85	Orijinal-2024-Geometri Soru Bankası	230	8	106	ok	valid_end_?	$ $|DE| = 7$ cm $|AE| = 12$ cm Yukarida verilenlere göre, $|BE| = x$ kaç cm'dir?
9421a938-7e2d-5faf-8440-cbb6635f71e9	Orijinal-2024-Geometri Soru Bankası	244	11	202	ok	valid_end_?	 cm $|BH| = 15$ cm Yukarıdaki verilere göre, $Alan(KLFE)$ kaç $\text{cm}^2$ dir?
5b4efa51-adee-5afe-a2ca-417e230cb967	Orijinal-2024-Geometri Soru Bankası	246	10	66	ok	valid_end_?	Yukarıdaki verilere göre, $|\text{FD}| = x$ kaç $\text{cm}^2$ dir?
d819eb72-fd75-5058-afc5-8d1730640573	Orijinal-2024-Geometri Soru Bankası	248	7.	181	ok	valid_end_?	m $|AB| = 16$ cm $|BC| = 17$ cm Yukarıdaki verilere göre, $|AE| = x$ kaç cm'dir?
7b4ce315-e248-5def-b027-172c9890f293	Orijinal-2024-Geometri Soru Bankası	254	5	287	ok	valid_end_?	7$ birim, $|DB|=8$ birim olduğuna göre, ABCD dik yamuğunun çevresi kaç birimdir?
21a2ea5c-6741-516e-a416-253bf08a8610	Orijinal-2024-Geometri Soru Bankası	265	7.	191	ok	valid_end_?	lı yarım çembere teğet olduğuna göre, $m(\widehat{DKB}) = \alpha$ kaç derecedir?
d413a234-3362-5394-8a94-c45b93fe077a	Orijinal-2024-Geometri Soru Bankası	269	9.	45	ok	valid_end_?	Yukarıda verilenlere göre, $x$ kaç derecedir?
5bffce3f-98a5-5659-bb87-7efc95ae712d	Orijinal-2024-Geometri Soru Bankası	269	10.	91	ok	valid_end_?	ktasında çembere teğet olduğuna göre; $m(\widehat{CED}) = \alpha$ kaç derecedir?
45b5571e-5bca-5cde-9ce3-e0941d33134d	Orijinal-2024-Geometri Soru Bankası	279	7	148	ok	valid_end_?	 $[AB] \parallel [O_1O_2]$ ve $|O_1O_2|=7$ cm'dir. Buna göre, $|AB|$ kaç cm'dir?
3225e7f2-5e12-5cbf-9cac-c7eb4bcad1e2	Orijinal-2024-Geometri Soru Bankası	313	5	227	ok	valid_end_.	{E\}$ $m(\widehat{FOD}) = m(\widehat{BD}) = 75^\circ$ $|CE| = 6 \text{ cm}$'dir.
c5e5437f-36eb-5445-bb11-679dc5765980	Orijinal-2024-Geometri Soru Bankası	330	7	87	ok	valid_end_?	rtgen, $[AB] \perp [BC]$. Yukarıda verilenlere göre, $A(ABCD)$ kaç birimkaredir?
e7ff8ebb-743b-586b-90ab-90eecb7b9e09	C1CELL-2024-TYT-Matematik Soru Bankası	178	5	169	ok	valid_end_?	. $|x-z|-|x-y|+|z-y|=0$ olduğuna göre $z$ sayısı için, hangileri doğru olabilir?
2e36d0b2-7d94-5853-9465-d3e39f082857	Orijinal-2024-Geometri Soru Bankası	226	9	59	ok	valid_end_?	Yukarıda verilenlere göre, Alan(EHC) kaç $\text{cm}^2$ dir?
a27c93ab-c793-5a04-9d1b-121cb278f0f9	Orijinal-2024-Geometri Soru Bankası	226	10	60	ok	valid_end_?	Yukarıda verilen ABCD karesinin alanı kaç $\text{cm}^2$ dir?
c51284e7-fbc0-5a9f-90dc-77d039e8cebc	Orijinal-2024-Geometri Soru Bankası	228	9	136	ok	valid_end_?	EC|$, $|DF|=4$ cm. Yukarıda verilenlere göre, boyalı alan kaç $\text{cm}^2$ dir?
1cf3bb64-6691-5c29-8a4a-990766483b37	Orijinal-2024-Geometri Soru Bankası	228	10	162	ok	valid_end_?	C|=5$ cm. Yukarıda verilenlere göre, ABCD karesinin alanı kaç $\text{cm}^2$ dir?
296ff599-dc60-5abd-8443-cd76be06a056	Orijinal-2024-Geometri Soru Bankası	230	9	137	ok	valid_end_?	cm $|HE| = 4$ cm $|HF| = 7$ cm Yukarida verilenlere göre, $|HL| = x$ kaç cm'dir?
9e54d8be-16a9-50d3-a39d-e133002e281a	Mikro Orijinal Tyt Fizik Soru Bankası 2025	334	5	340	ok	valid_end_?	$E_M$ arasındaki büyüklük ilişkisi aşağıdakilerden hangisinde doğru verilmiştir?
a868a192-73d6-55ae-a23a-ca81e3528d8a	Fizipedia Tyt Fizik Soru Bankası 2025	340	5	332	ok	valid_end_)	n odak uzaklıkları oranı $\frac{f_1}{f_2}$ kaçtır? (Asal eksen eşit bölmelidir.)
c6a2b589-9a45-553e-b3b7-a3497f90995e	C1CELL-2025-Matematik Soru Bankası	302	5	236	ok	valid_end_?	noktadan çizilen teğetin eğimi $24$ olduğuna göre, $f'(2)+g'(2)$ toplamı kaçtır?
429a9d37-d97d-53d6-a65b-08300cc2c1f3	Orijinal-2024-Geometri Soru Bankası	246	8	69	ok	valid_end_?	ABCD ikizkenar yamuk olduğuna göre, Alan(ABCD) kaç $\text{cm}^2$ dir?
da74ab36-4bab-5753-b18e-6a039b6e6992	Orijinal-2024-Geometri Soru Bankası	248	8.	185	ok	valid_end_?	4$ cm $|AD| = 12$ cm Yukarıdaki verilere göre, Alan$(AHE)$ kaç $\text{cm}^2$dir?
2670bf73-222f-5310-b686-b6152bc7d143	Orijinal-2024-Geometri Soru Bankası	267	12	144	ok	valid_end_?	85^{\circ}$. Yukarıda verilenlere göre, $m(\widehat{ACB})=\alpha$ kaç derecedir?
ad1e4d6a-057a-521b-82e9-0ba525fa2975	Mikro Orijinal-2024-Tyt-Matematik Soru Bankası	332	10	56	ok	valid_end_?	İkinci ölçümde 420 gr olan Bazal ilk ölçümde kaç gr'dır?
ff443f83-c126-5ae3-a2e2-a8a1fb112ef1	Orijinal-2024-Geometri Soru Bankası	285	9.	142	ok	valid_end_?	m, $|EC|=1$ cm, A, E, C doğrusal. Yukarıdaki verilere göre, $|AE|=x$ kaç cm'dir?
eeecc803-603c-5390-af9e-adc7fc4b56c0	Orijinal-2024-Geometri Soru Bankası	287	8.	61	ok	valid_end_?	B, C, D doğrusal noktalar olduğuna göre; $|AC|=x$ kaç cm'dir?
ed68bb5d-9ce8-5b4b-877f-43c8a86de13e	Orijinal-2024-Geometri Soru Bankası	301	9	122	ok	valid_end_?	|=2$ cm $|CO|=4$ cm Yukarıdaki verilere göre, boyalı alan kaç $\text{cm}^2$ dir?
125807e3-30ac-56c4-99b0-87625027e2ee	C1CELL-2024-TYT-AYT-Geometri Soru Bankası	11	12	216	ok	valid_end_?	50^\circ$, $m(\text{DEF}) = 40^\circ$. Buna göre, $m(\text{CDE})$ kaç derecedir?
67e7b450-6f0c-591b-9223-f6a24443ae66	C1CELL-2024-TYT-AYT-Geometri Soru Bankası	109	12	258	ok	valid_end_?	eriliyor. $|EF|=4$ br, $|ED|=6$ br ve $|DC|=10$ br Buna göre, $|BC|$ kaç br'dir?
27ba6169-7ff2-57f7-95b8-61bafa097c17	C1CELL-2024-TYT-AYT-Geometri Soru Bankası	215	12	158	ok	valid_end_?	DAB}) = 60^ ext{o}$ Yukarıda verilenlere göre, $m(\widehat{ABC})$ kaç derecedir?
66e45255-a9cc-599b-a0d5-02453eb5cb32	C1CELL-2024-TYT-AYT-Geometri Soru Bankası	217	12	184	ok	valid_end_?	|DC| = 28$ br $C, 3|AE| = 5|ED|$ Yukarıda verilenlere göre, $|KL|$ kaç birimdir?
17cb62be-f638-5fd0-8639-5f06ccef4b16	Fizipedia Ayt Fizik Soru Bankası 2025	82	4	613	ok	valid_end_?	sa 1. oturaktaki öğrencinin eline düşer. yargılarından hangileri doğru olabilir?
c2d7afe3-c651-5a1e-8334-0b58383b8fa6	Orijinal-2024-Geometri Soru Bankası	361	10	154	ok	valid_end_?	\sqrt{3}, 2)$'dir. Buna göre, A köşesinin koordinatı aşağıdakilerden hangisidir?
4f3722b2-587b-5c1b-82d6-1cc72e0fa7d2	Fizipedia Ayt Fizik Soru Bankası 2025	278	6	296	ok	valid_end_)	, hız ve ivmesi aşağıdakilerden hangisidir? (Noktalar arası uzaklıklar eşittir.)
29783b66-d9b7-5927-8ba1-3f1e88b66f13	Orijinal-Tyt Ayt Geometri Soru Bankası	123	9	135	ok	valid_end_?	 $|AE|=9$ cm, $|CD|=6$ cm. Yukarıdaki verilere göre, Alan$(BCE)$ kaç $cm^2$ dir?
29896f6d-59d6-592d-afab-13ce0b987299	Orijinal-2024-Geometri Soru Bankası	198	9	145	ok	valid_end_?	 cm, $|HB|=4$ cm. Yukarıda verilenlere göre, Alan$(ABCD)$ kaç $\text{cm}^2$ dir?
43a5bf29-5991-5f5a-b485-1436fdd56db4	Fizipedia Tyt Fizik Soru Bankası 2025	42	8	251	ok	valid_end_?	'ın $0-t$ zaman aralığında konum-zaman grafiği aşağıdakilerden hangisi olabilir?
b653964c-7e3c-5438-815d-7f8836087fec	Orijinal-2024-Geometri Soru Bankası	411	8	164	ok	valid_end_?	birim, $[BC] = 4$ birim. Yukarıdaki verilere göre, cismin hacmi kaç birimküptür?
0158eb21-9d82-5500-b443-aa58b09eb7fb	345 2025 Ayt Fizik Soru Bankası	119	6	226	ok	valid_end_?	r. Buna göre, cismin $6 \text{ s}$'ye sonundaki hızının büyüklüğü kaç $m/s$'dir?
fbcb6da9-c57d-5fea-b851-d4dcd04f2b68	Full Matematik-2019-2020-Geometri Soru Bankası	205	7	311	ok	valid_end_?	 $|AB|=4$ birim olduğuna göre, BAŞARI yazan bölgenin çevresi kaç $\pi$ birimdir?
4cb31277-7641-52f3-87b8-4987db3dd06c	Full Matematik-2022-2023-Tyt Ayt-Geometri Soru Bankası	33	7	434	ok	valid_end_?	 kenarı olan kibrit çöpü ile oluşturduğu $\alpha$ açısının ölçüsü kaç derecedir?
7c7676d6-7aa1-590e-8a97-78e72d95fa53	Full Matematik-2022-2023-Tyt Ayt-Geometri Soru Bankası	81	7	140	ok	valid_end_?	G noktası, ABC dik üçgeninin ağırlık merkezidir. Buna göre, [GD] = x kaç cm dir?
cf76275b-d2a8-581c-b3a0-fb6fff49839e	Full Matematik-2022-2023-Tyt Ayt-Geometri Soru Bankası	129	6	568	ok	valid_end_?	na göre, elde edilen son şekildeki yeşil boyalı bölgenin alanı kaç birimkaredir?
d567b767-8a34-5685-998b-d2339819d473	Full Matematik-2022-2023-Tyt Ayt-Geometri Soru Bankası	169	7	310	ok	valid_end_?	$ çizgisinden geçmektedir. $|OA|=|BC|$ ve $|OB|=|OC|$ olduğuna göre, $x$ kaçtır?
607f43c3-4ee5-5337-9741-7888860c29d6	Full Matematik-2022-2023-Tyt Ayt-Geometri Soru Bankası	189	7	231	ok	valid_end_?	$|KL|=5$ cm ve $|LM|=12$ cm'dir. Yukarıda verilenlere göre, $|DN|=x$ kaç cm dir?
bd694dc2-874f-5ef2-b29b-026cdc18c31f	Full Matematik-2022-2023-Tyt-Matematik Soru Bankası	249	5	136	ok	valid_end_?	wedge$, $\vee$ sembolleri hangi sırayla yerleştirilirse tüm denklikler sağlanır?
f6886b3e-423b-540f-a1f0-c6dededb8ff3	Mikro Orijinal-2025-Ayt-Geometri Soru Bankası	43	8	131	ok	valid_end_?	c$, $m(\text{DBC})=10^\circ$. Verilenlere göre, $m(\text{ACD})=x$ kaç derecedir?
b2f461cd-56cc-50b6-8e0c-a4cfef15625c	345 2025 Ayt Matematik Soru Bankası	101	10.	92	ok	valid_end_?	[AC]$, $[AD] \perp [BC]$, $|BD|=2$ cm, $|CD|=8$ cm olduğuna göre, $cotx$ kaçtır?
2f0ebad9-e34c-5f90-bfff-7c8dd3f1c4ff	C1CELL-2024-TYT-AYT-Geometri Soru Bankası	51	12	156	ok	valid_end_?	iliyor. $m(\widehat{ACB}) = 2m(\widehat{BAD})$ olduğuna göre, $|BD|$ kaç br'dir?
c4a30d08-7859-5262-a361-b78b6a12298f	Full-2019-2020-Ayt-Matematik Soru Bankası	91	6	157	ok	valid_end_?	, \pi]$ aralığındaki grafiği aşağıda verilmiştir. Buna göre, $b-a$ farkı kaçtır?
25ae2912-370a-5a28-8d77-c9dd4fbc7eaf	Full-2019-2020-Ayt-Matematik Soru Bankası	95	7	184	ok	valid_end_?	ere göre, $\cos\theta$ ifadesinin $k$ türünden eşiti aşağıdakilerden hangisidir?
c70e0c44-c024-576e-b343-753c74acd381	Full-2019-2020-Ayt-Matematik Soru Bankası	97	7	108	ok	valid_end_?	|=1$ cm, $m(\widehat{EAC})=x$. Yukarıdaki verilere göre, $\tan x$ değeri kaçtır?
ff6ab347-1f31-53c7-a992-2fd99b5f4980	Orijinal-2024-Geometri Soru Bankası	29	8	135	ok	valid_end_?	cm $|BE| = 5$ cm $|EC| = 11$ cm Yukarıdaki verilere göre, $|AE| = x$ kaç cm'dir?
821530b1-69c2-56fa-829f-b11010018f67	Orijinal-2024-Geometri Soru Bankası	156	9	139	ok	valid_end_?	AC] = \{K\}$, $|AK| = 6$ cm. Yukarıda verilenlere göre, Çevre(ABCDE) kaç cm'dir?
caa3e715-a34c-5e1e-ab0b-c7d441371693	C1CELL-2024-TYT-AYT-Geometri Soru Bankası	293	12	126	ok	valid_end_?	|CE|=|EA|$ $|OB|=6$ br $|BD|=2$ br Yukarıda verilenlere göre, $|EA|$ kaç br'dir?
c63e19fd-6185-589a-8d10-da741cf8d159	Mikro Orijinal-2024-Ayt-Matematik Soru Bankası	151	7	297	ok	valid_end_?	$\sin(\alpha + \theta) > \sin(\alpha + \beta)$ ifadelerinden hangileri doğrudur?
ec78bc14-c6e8-543a-a259-aa73d8845bd4	Mikro Orijinal-2024-Ayt-Matematik Soru Bankası	166	7	114	ok	valid_end_?	, $|AB|=|BE|$, $m(\widehat{BKF})=\alpha$. Buna göre, $\cot\alpha$ değeri kaçtır?
71ae0bbd-a485-5564-be79-a952191cb09d	Mikro Orijinal-2024-Ayt-Matematik Soru Bankası	320	6	256	ok	valid_end_?	 göre; $a$, $b$ ve $c$ değerlerinin doğru sıralanışı aşağıdakilerden hangisidir?
e2a1a383-2613-5afd-87c8-5aa91f1da2e2	345 2025 Ayt Matematik Soru Bankası	43	8	214	ok	valid_end_?	 edip sıfır puan verdiğine göre; Didem, çözümün kaçıncı adımında hata yapmıştır?
0138da61-b9a5-58de-a7bd-62ec31b66218	Full Matematik-2022-2023-Tyt Ayt-Geometri Soru Bankası	167	6	402	ok	valid_end_?	erilere göre, başlangıçta verilen ABCD ikizkenar yamuğunun çevresi kaç birimdir?
0478e70f-1293-544a-a930-ca399a906e6c	Full Matematik-2022-2023-Tyt Ayt-Geometri Soru Bankası	285	6	202	ok	valid_end_?	=6$ birim, $|AD|=12$ birim. Buna göre, bu kesik piramidin hacmi kaç birimküptür?
67a7daf8-ad5e-5e91-baf4-229e08633e12	345 2025 Ayt Matematik Soru Bankası	89	7	196	ok	valid_end_?	osu ve ortak çözüm kümesi $[2, \infty)$ olmaktadır. Buna göre, $a-b-c-d$ kaçtır?
5ee9274e-624f-5430-a242-bd54524dbdd2	Full Matematik-Ayt-Matematik Soru Bankası	87	6	197	ok	valid_end_?	. $k \cdot m - n < 0$ II. $k+n>0$ III. $k+n<m$ ifadelerinden hangileri doğrudur?
d721c9d2-bec8-5e64-801d-96dd5aeb0938	345 2025 Ayt Matematik Soru Bankası	99	15	111	ok	valid_end_?	$, $|DC| = 5 \text{ cm}$, $|AC| = 12 \text{ cm}$ olduğuna göre, $\cot x$ kaçtır?
e011d880-895d-576b-8efa-6436a528485d	345 2025 Ayt Matematik Soru Bankası	101	15.	130	ok	valid_end_?	llel [CD]$, $|AD|=3$ cm, $|AB|=6$ cm, $|CD|=11$ cm olduğuna göre, $sinx$ kaçtır?
d2306b13-3c8f-57db-9df1-fca43528b6ca	345 2025 Ayt Matematik Soru Bankası	109	11	107	ok	valid_end_?	cm, $|AB| = |BC|$, $|EC| = |AB| + |AE|$ olduğuna göre, $\sin x + \cos x$ kaçtır?
05d68897-6eb3-5116-93af-f84e182ce603	345 2025 Ayt Matematik Soru Bankası	111	11	128	ok	valid_end_?	= 4$ cm $|CD| = 3$ cm $|ED| = \sqrt{2}$ cm olduğuna göre, $|BC| = x$ kaç cm'dir?
88f5a13a-5e74-588d-8308-021c1f6df027	345 2025 Ayt Matematik Soru Bankası	111	12	89	ok	valid_end_?	$ cm $|AC| = 4$ cm $m(\widehat{ABC}) = 30^\circ$ olduğuna göre, $\sin x$ kaçtır?
24c3839b-3dae-5ee7-b928-a03acd4ed967	345 2025 Ayt Matematik Soru Bankası	111	13	111	ok	valid_end_?	m(\widehat{ABC}) = 15^\circ$ $|BC| = 6$ br olduğuna göre, $|AB| = x$ kaç br'dir?
de659ab3-cfb6-5280-953b-0109f4d86c42	345 2025 Ayt Matematik Soru Bankası	113	9.	120	ok	valid_end_?	C|=6$ cm, $|BC|=7$ cm olduğuna göre, $\cos\hat{C} - \cos\hat{A}$ çarpımı kaçtır?
77011d84-9797-5553-b8ab-1db59370262a	345 2025 Ayt Matematik Soru Bankası	113	10.	111	ok	valid_end_?	 bölgesinde birim çember üzerindedir. Buna göre, $\cos(2\pi - u)$ değeri kaçtır?
6918e379-b232-5757-881f-e734786a5936	345 2025 Ayt Matematik Soru Bankası	115	10	145	ok	valid_end_?	=2\alpha$, $|AB|=4$ cm, $|AC|=8\sqrt{2}$ cm olduğuna göre, $\cos \alpha$ kaçtır?
ba2cb733-3efc-56ee-9345-77d4c9929381	Full-2019-2020-Ayt-Matematik Soru Bankası	87	8	172	ok	valid_end_?	)=\beta$. Yukarıdaki verilere göre, $\frac{\sin\alpha}{\sin\beta}$ oranı kaçtır?
d4f5a10a-ec12-55d8-a58f-d784180fedd4	Mikro Orijinal-2024-Tyt-Matematik Soru Bankası	309	6	244	ok	valid_end_?	na göre, $[(A \setminus B) \times A]$ kartezyen çarpımının eleman sayısı kaçtır?
b4e7a9f8-f98c-5af6-86b8-d7d29fdecc39	345 2025 Ayt Matematik Soru Bankası	177	8.	213	ok	valid_end_?	 c$ $|AB| = \log_b a$ $\log_b (c \cdot d) = 5$ olduğuna göre, $\log_b d$ kaçtır?
d75fb822-4658-55b7-aabb-b1a10c5bb6dd	Mikro Orijinal-2025-Ayt-Geometri Soru Bankası	39	7	154	ok	valid_end_?	$m(\text{BEC}) = 95^\circ$. Verilenlere göre, $m(\text{BFC}) = x$ kaç derecedir?
fc50cccb-294e-51f2-9790-b286f95a62f3	Fizipedia Ayt Fizik Soru Bankası 2025	206	3	408	ok	valid_end_?	vet ($F_E$) ile manyetik kuvvet ($F_B$) nin yönü verilenlerden hangisi olabilir?
17defa32-f10b-5c40-9653-907e80d14091	Orijinal-Tyt Ayt Geometri Soru Bankası	154	7	123	ok	valid_end_?	EAK})=28^\circ$. Yukarıdaki verilere göre, $m(\text{EDK})=\alpha$ kaç derecedir?
197a6bc1-4bea-5145-9cbd-3a39a21d8775	Orijinal-2024-Geometri Soru Bankası	154	7	124	ok	valid_end_?	AK})=28^\circ$. Yukarıda verilenlere göre, $m(\text{EDK})=\alpha$ kaç derecedir?
1e907205-74ae-5d6b-a9a1-500aedb71027	345 2025 Ayt Kimya Soru Bankası	139	6	196	ok	valid_end_?	hız sabitinin $(k)$ sayısal değeri aşağıdakilerden hangisinde doğru verilmiştir?
27aae9f5-4801-54cc-9b25-c0c3c67d08f9	Orijinal-Tyt Ayt Geometri Soru Bankası	202	5	309	ok	valid_end_?	anı $32\text{ cm}^2$ olduğuna göre, KLMN eşkenar dörtgeninin çevresi kaç cm'dir?
284ab82c-0b14-52f1-93fb-bff51b6e5d3b	Orijinal-2025-Analitik Geometri	147	5	360	ok	valid_end_?	amda yürüdüğü yol dönüşte yürüdüğü yoldan 6 birim fazla olduğuna göre, a kaçtır?
2bed1896-a37c-514e-b828-b54d51978cea	Orijinal-2024-Geometri Soru Bankası	57	7	69	ok	valid_end_?	ABC eşkenar üçgenin çevresi $27$ cm olduğuna göre, $|DF|$ kaç cm'dir?
d8d2f894-1c64-5fdc-9025-8e896967c25b	345 2025 Ayt Matematik Soru Bankası	211	Soru 3	424	ok	valid_end_?	Buna göre $a, b$ ve $c$ sayılarının doğru sıralanışı aşağıdakilerden hangisidir?
6937d209-5eff-597c-8fc5-eeca747dc5ad	345 2025 Ayt Matematik Soru Bankası	211	8	462	ok	valid_end_?	 mavi doğru parçaları için numaralan biçiminde verilenlerden hangileri olabilir?
c720262e-2ecf-5295-a2bd-56462e614e22	345 2025 Ayt Matematik Soru Bankası	213	6	176	ok	valid_end_?	(x)$ grafiklerinin bir kısmı verilmiştir. Buna göre, $a \cdot b$ çarpımı kaçtır?
46af08f2-5382-5ab0-8f01-cda454537ce6	Orijinal-2024-Geometri Soru Bankası	170	7	158	ok	valid_end_?	n dörtgende $m(\hat{B})+m(\hat{C})=90^\circ$ olduğuna göre, $|AD|=x$ kaç cm'dir?
5f1395b7-0d63-5bdb-97cd-a38fbaca96d6	345 Tyt Ayt Geometri Soru Bankası	77	6	148	ok	valid_end_?	$ cm, $|AD| = 5\sqrt{2}$ cm, $|AB| = 6$ cm olduğuna göre, $|CD| = x$ kaç cm'dir?
9af8915d-bdea-57b6-9c32-272fc4516a48	345 2025 Tyt Ayt Geometri Soru Bankası 1	71	6	125	ok	valid_end_?	rp AC$ $|BD| = 5\sqrt{2}$ cm $|EC| = 7$ cm olduğuna göre, $|AD| = x$ kaç cm'dir?
bea4364e-6e6c-5a9d-87b9-27a1760f28d1	Orijinal-2024-Geometri Soru Bankası	198	7	142	ok	valid_end_?	$ cm, $|EC|=7$ cm. Yukarıda verilenlere göre, Alan$(DEC)$ kaç $\text{cm}^2$ dir?
dbf1a26b-d9b4-5251-b367-5b719eb89ebf	345 2025 Ayt Matematik Soru Bankası	225	13	72	ok	valid_end_?	Aşağıda $f(x)$ fonksiyonunun grafiği verilmiştir. Buna göre, $a$ kaçtır?
98bd2753-0ce3-5ab9-a34b-722059f3eb5c	345 2025 Ayt Kimya Soru Bankası	273	7	120	ok	valid_end_?	zomerlik türlerinin eşleştirilmesi aşağıdakilerden hangisinde doğru verilmiştir?
32853a26-47ca-5d58-a4fb-76c5f653004b	345 2025 Ayt Matematik Soru Bankası	115	11	144	ok	valid_end_?	dehat{C}=\frac{3}{4}$ olduğuna göre, $\sin \widehat{A}+\tan \widehat{B}$ kaçtır?
1db0a945-bae9-5c6b-920f-820d4182b0f0	345 2025 Tyt Ayt Geometri Soru Bankası 1	269	8	113	ok	valid_end_?	C$, $|AD|=|BC|$, $|AB|=|AC|$, $|EC|=6$ cm olduğuna göre, $|AB|-|DC|$ kaç cm'dir?
3ee2b5f3-0c45-58cb-a343-9364ca6142b8	Mikro Orijinal-2025-Ayt-Geometri Soru Bankası	75	9	40	ok	valid_end_?	Verilenlere göre, $|AD| = x$ kaç cm'dir?
5432d684-15a0-5740-8900-b7a72c4ce738	Orijinal-Tyt Ayt Geometri Soru Bankası	29	9	123	ok	valid_end_?	 3|CD|$ $|AD| = 7$ cm $|BC| = 9$ cm Yukarıdaki verilere göre, $|CD|$ kaç cm'dir?
5aa0b6cd-7932-557a-9fd4-7a42e7767be5	Orijinal-2024-Geometri Soru Bankası	350	6	203	ok	valid_end_?	le 0$, $x \ge 0$, $y \ge 2x-2$ eşitsizlik sisteminin belirttiği bölgede bulunur?
76af5de2-45dd-50ad-9b8c-165de5a5d133	Orijinal-2024-Geometri Soru Bankası	31	9	157	ok	valid_end_?	|BD|=|DC|$, $|AD|=6\sqrt{2}$ cm. Yukarıda verilenlere göre, $|BE|=x$ kaç cm'dir?
72ae81d9-2aec-5aac-a0b0-1ea67adec54c	345 2025 Ayt Matematik Soru Bankası	63	7	424	ok	valid_end_?	|HB|$ ve $m(\widehat{TEH})=30^\circ$ olmaktadır. Buna göre, $|GF|$ kaç metredir?
cdcff3f3-84dc-50c9-afb5-51cf553c932d	Orijinal-2025-Analitik Geometri	95	6	273	ok	valid_end_?	AB|=|AD|$ ve $A(20,0)$ olduğuna göre $D$ köşesinin koordinatları toplamı kaçtır?
c273370d-615b-5498-9605-68ddb9bf0ba2	Orijinal-2024-Geometri Soru Bankası	79	10.	136	ok	valid_end_?	G]=\{E\}$ $|AD|=|BD|$ $|EG|=2$ cm Yukarıdaki verilere göre, $|BE|=x$ kaç cm'dir?
785efb18-ad47-5242-a969-4a7c372a5c14	345 2024 Tyt Matematik Soru Bankası	45	7	499	ok	valid_end_?	 deliğinden geçirip kemeri bağladığında kemerin çevresinin uzunluğu kaç cm olur?
5b6c3333-2eff-5b89-bdf0-4e75eb8ebce9	Orijinal-2024-Tyt Ayt-Fonksiyonlar	100	5	282	ok	valid_end_?	let g(2) < f(1)$ III. $(k(-2) - h(-2)) > h(1)$ ifadelerinden hangileri doğrudur?
c1c67e63-dd79-536b-9b0a-d4aeee8c930a	345 2025 Ayt Matematik Soru Bankası	65	6	264	ok	valid_end_?	 bilgilere göre, kum yığınının en tepesinden yer zeminine uzaklığı kaç metredir?
eed95cc5-2de2-53c3-bfef-f88f184be3b7	Orijinal-2024-Geometri Soru Bankası	47	10	142	ok	valid_end_?	|$, $|AD|=3$ cm, $|DC|=4$ cm'dir. Yukarıdaki verilere göre, $|BC|=x$ kaç cm'dir?
f82e1b4e-4add-51ab-856c-e71fe2bb7468	Orijinal-2024-Geometri Soru Bankası	47	11	136	ok	valid_end_?	|AD|=14$ birim, $|DC|=2$ birim. Yukarıdaki verilere göre, $|BD|=x$ kaç birimdir?
2a150667-2c4c-5521-ae98-b6a516972358	Orijinal-2024-Geometri Soru Bankası	67	9.	157	ok	valid_end_?	karıdaki şekilde $m(\widehat{BAD})>90^\circ$ olduğuna göre, $|AB|=x$ kaç cm'dir?
33c0e66d-2a04-5c65-9157-c9c460dde2e6	345 2025 Ayt Matematik Soru Bankası	101	9.	112	ok	valid_end_?	ac{3}{5}$ ve $cot\beta = \frac{6}{7}$ olduğuna göre, $\frac{|ED|}{|EC|}$ kaçtır?
088df48c-64d2-59eb-8466-93cc1d0c7b84	Orijinal-2024-Geometri Soru Bankası	51	8.	152	ok	valid_end_?	rc$, $|FK|=3$ cm, $|FE|=1$ cm. Yukarıdaki verilere göre, $|AB|=|AC|$ kaç cm'dir?
962a9ca8-5dd2-5ee3-bbbd-f1eb99224eb3	Orijinal-2024-Geometri Soru Bankası	51	10.	140	ok	valid_end_?	rusal, $|BD|=16$ cm, $|AE|=4$ cm. Yukarıdaki verilere göre, $|EC|=x$ kaç cm'dir?
7992c16a-d5e9-5963-8ba9-b3b61f816d0a	Orijinal-2024-Geometri Soru Bankası	51	11.	141	ok	valid_end_?	$ cm, $|AD|=10$ cm, $|BC|=22$ cm. Yukarıdaki verilere göre, $|AC|=x$ kaç cm'dir?
aea774cc-e3cf-5b23-90a4-63c826913ea4	Orijinal-2024-Geometri Soru Bankası	51	12.	131	ok	valid_end_?	=4$ cm, $m(\widehat{ABC})=2m(\widehat{DAC})$ olduğuna göre, $|AC|=x$ kaç cm'dir?
7490cdd8-0df8-540a-ade5-466af5040f5d	Orijinal-2024-Geometri Soru Bankası	57	8	49	ok	valid_end_?	Yukarıda verilenlere göre, $|AD| = x$ kaç cm'dir?
b8867026-7ae6-56e5-82dc-aceb28f2f5a8	Orijinal-2024-Geometri Soru Bankası	57	9	49	ok	valid_end_?	Yukarıda verilenlere göre, $|AD| = x$ kaç cm'dir?
d9ad6d47-01c0-5a33-a5a9-5b3a210873b4	Orijinal-2024-Geometri Soru Bankası	67	8.	186	ok	valid_end_?	or. $m(\widehat{ACD})=30^\circ$ ve $|AB|=4$ cm olduğuna göre, $|DC|$ kaç cm'dir?
3d0cfc3d-134d-5cb6-b949-b84d8bab7d35	Orijinal-2024-Geometri Soru Bankası	67	11.	197	ok	valid_end_?	'dir. D, ABC üçgeninin iç bölgesinde bir nokta olduğuna göre, $|AB|$ kaç cm'dir?
6e814d37-cf8c-52c7-ae62-acf491382252	Orijinal-2024-Geometri Soru Bankası	69	8.	163	ok	valid_end_?	 cm, $|BF| = 2|FD|$. Yukarıdaki verilere göre, $\frac{|EC|}{|BE|}$ oranı kaçtır?
f035cdf2-a84c-5835-9447-2e846518fdf0	Orijinal-2024-Geometri Soru Bankası	69	10.	137	ok	valid_end_?	$7|ED| = 3|EC|$, $|AD| = 8$ cm. Yukarıdaki verilere göre, $|BC| = x$ kaç cm'dir?
a9174afe-8b4b-50ad-ae43-2462d2029e64	Orijinal-2024-Geometri Soru Bankası	69	12.	132	ok	valid_end_?	 cm, $|BD| = 4$ cm, $|DC| = 12$ cm. Yukarıdaki verilere göre, $|AC|$ kaç cm'dir?
aa03e7b5-1b85-54d3-b66e-067227115f96	345 2025 Ayt Matematik Soru Bankası	213	ÖSYM Köşesi	238	ok	valid_end_?	göre, $a, b$ ve $c$ sayılarının işaretleri sırasıyla aşağıdakilerden hangisidir?
57510c61-44c9-5ed9-ae10-eb831d947c6e	Orijinal-2024-Geometri Soru Bankası	97	8	46	ok	valid_end_?	Yukarıdaki verilere göre, $|DB|=x$ kaç cm'dir?
db075f74-6c91-53fd-b681-9523cc873b6a	Orijinal-2025-Analitik Geometri	37	Çıkmış Soru (2020 AYT)	236	ok	valid_end_?	 üzerindedir. $a+b=15$ olduğuna göre, D noktasının koordinatları toplamı kaçtır?
86343d8a-1ced-5218-a7e0-c10da42e686d	Orijinal-2024-Geometri Soru Bankası	95	10.	179	ok	valid_end_?	|AB|=20$ cm. Yukarıdaki verilere göre, BDEF paralelkenarının çevresi kaç cm'dir?
ba6f0b9b-e328-5cb8-954b-853032abd0eb	345 2025 Ayt Matematik Soru Bankası	323	7.	268	ok	valid_end_?	f(x)) dx = -14$ olimits  olduğuna göre, $S_2$ bölgesinin alanı kaç birimkaredir?
bab92d84-76fa-5c5d-8be2-3f6cd2665180	345 2025 Ayt Matematik Soru Bankası	347	Soru 1	316	ok	valid_end_?	üzere, $f(0) = 5$ olduğuna göre, $f(6)$ değeri aşağıdakilerden hangisi olabilir?
c754932f-6a09-5927-bbbf-33192cea1970	Orijinal-Tyt Ayt Geometri Soru Bankası	69	9.	157	ok	valid_end_?	m $|ED| = 4$ cm $|DC| = 10$ cm Yukarıda verilenlere göre, $|AB| = x$ kaç cm'dir?
e97419eb-897e-5ee5-b82b-96cab58026b3	Orijinal-Tyt Ayt Geometri Soru Bankası	69	10.	175	ok	valid_end_?	ir. Yukarıdaki verilere göre, $x.y$ çarpımının eşiti aşağıdakilerden hangisidir?
d088a335-82f4-59d5-94df-aeb3895b2ec3	345 2025 Tyt Ayt Geometri Soru Bankası 1	107	6	142	ok	valid_end_?	]$ açıortay, $|AB| = 4$ cm, $|BD| = 12$ cm olduğuna göre, $|FD| = x$ kaç cm'dir?
e0b77965-5707-5ff5-8ad8-c8c1c06c1400	345 2025 Tyt Ayt Geometri Soru Bankası 1	117	7	127	ok	valid_end_?	DE| = 3$ cm, $|AB| = 4$ cm, $|BC| = 16$ cm olduğuna göre, $|BD| = x$ kaç cm'dir?
f8ff3dc4-4755-5730-8d79-927255dbfd0d	Aktif Ogrenme Ayt Kimya 2019 2020	170	7	200	ok	valid_end_?	ilen deney sonuçlarına göre tepkimenin hız bağıntısı aşağıdakilerden hangisidir?
271fc4fe-56ce-58ad-8372-b35650309f15	345 2025 Tyt Ayt Geometri Soru Bankası 1	149	6	125	ok	valid_end_?	 $|AD|=|AE|=5$ cm, $|AB|=8$ cm, $|EC|=10$ cm olduğuna göre, $|BE|=x$ kaç cm'dir?
cd7e7044-2c5b-5f95-a022-3ded4e22c766	Orijinal-Tyt Ayt Geometri Soru Bankası	47	8.	123	ok	valid_end_?	=|AD|$, $|BD|=6$ cm, $|DC|=4$ cm. Yukarıdaki verilere göre, $|AC|=x$ kaç cm'dir?
4dce7522-6591-5bbb-bf91-3a7188f04945	Orijinal-Tyt Ayt Geometri Soru Bankası	51	12	141	ok	valid_end_?	$m(\widehat{ABC})=2m(\widehat{DAC})=2\alpha$ olduğuna göre, $|AC|=x$ kaç cm'dir?
6429d3e4-e037-5de3-b05b-92a31427c0e0	Orijinal-Tyt Ayt Geometri Soru Bankası	51	10	150	ok	valid_end_?	rusal, $|BD|=16$ cm, $|AE|=4$ cm. Yukarıdaki verilere göre, $|EC|=x$ kaç cm'dir?
8562ecf1-5a4f-59c0-b801-443a15882d76	Orijinal-Tyt Ayt Geometri Soru Bankası	51	11	220	ok	valid_end_?	zerinde bir P noktasında çakışıyor. Buna göre $|HD|$ uzunluğu kaç santimetredir?
409220f0-840a-5164-9ae1-30a6cf303499	Orijinal-Tyt Ayt Geometri Soru Bankası	57	9.	49	ok	valid_end_?	Yukarıda verilenlere göre, $|AD| = x$ kaç cm'dir?
a60e1abf-aa4e-52c2-9518-aa7b45b5c739	Orijinal-Tyt Ayt Geometri Soru Bankası	59	8.	62	ok	valid_end_?	Yukarıda verilenlere göre, eşkenar üçgenin çevresi kaç cm'dir?
ece1d16a-28ce-55a6-b03e-b6edffe8df20	345 2024 Tyt Matematik Soru Bankası	225	6	452	ok	valid_end_?	ki bilgilere göre, B'deki maket için kullanılacak toplam malzeme kaç $cm^3$'tür?
ee2bfb16-328a-5a9e-b59c-93a535531693	345 2025 Tyt Ayt Geometri Soru Bankası 1	207	8	149	ok	valid_end_?	$|BD|=2|DC|$, $|AB|=4\sqrt{2}$ cm olduğuna göre, $|AC|=x$ kaç $\text{cm}^2$ dir?
f7b7c974-c46d-5870-9ee2-79a412a62a21	345 2025 Tyt Ayt Geometri Soru Bankası 1	213	11	134	ok	valid_end_?	D|$, $|AD| = 4$ cm, $|AB| = 8$ cm olduğuna göre, $A(ADC)$ kaç $\text{cm}^2$ dir?
ef4822ef-6451-5dd7-8baf-d779bb4812e7	Orijinal-Tyt Ayt Geometri Soru Bankası	186	10.	134	ok	valid_end_?	E|=5$ cm, $|AE|=2$ cm'dir. Yukarıdaki verilere göre, $|AB|$ kaç $\text{cm}$'dir?
5e5b49a6-9fcd-5931-8381-4b9e08c73622	Orijinal-Tyt Ayt Geometri Soru Bankası	188	8	200	ok	valid_end_?	$|BC| = 9 \text{ cm}$ Yukarıda verilenlere göre, $|EF| = x$ kaç $\text{cm}$'dir?
e8a14843-54e6-510b-b165-46d6d01cc5a7	Orijinal-Tyt Ayt Geometri Soru Bankası	111	10	145	ok	valid_end_.	göre, $|BC|=x$ kaç cm'dir? $|AB|=5\sqrt{2}$ cm, $|AC|=13$ cm, $|AB| \perp |BC|$.
44ea9a3b-7411-561d-8b9a-a1732f757b60	345 2025 Tyt Ayt Geometri Soru Bankası 1	243	6	161	ok	valid_end_?	| = 11$ cm, $|AB| = 12$ cm, $|AD| = 20$ cm olduğuna göre, $|DC| = x$ kaç cm'dir?
63fd86d9-b13a-576b-b569-40cf22d35e36	345 2025 Start Matematik	98	17.	273	ok	valid_end_?	seviyelerinin birim cinsinden temsil ettikleri kesirli sayıların toplamı kaçtır?
cabed06f-ce51-5daa-bf6e-bd9be1099a29	345 2025 Start Matematik	154	15	418	ok	valid_end_?	ntimetre cinsinden alabileceği tam sayı değeri aşağıdakilerden hangisi olabilir?
1916945e-53bb-5308-ba07-a9a4bd6f4907	Orijinal-Tyt Ayt Geometri Soru Bankası	117	8.	147	ok	valid_end_?	circ$. Alan($\widehat{ABC}$) = $84$ $cm^2$ olduğuna göre, $|BC| = x$ kaç cm'dir?
6cfcbbd2-d34c-5b05-8f29-1253770d0cc4	Orijinal-Tyt Ayt Geometri Soru Bankası	117	9.	155	ok	valid_end_?	 boyalı üçgenlerin alanları birbirine eşit olduğuna göre, $|AC| = x$ kaç cm'dir?
2de4a68f-9b0a-5642-bd45-acc91ae597a6	Orijinal-Tyt Ayt Geometri Soru Bankası	117	10.	165	ok	valid_end_?	| = 5$ cm. Yukarıdaki verilere göre Alan($\widehat{ADC}$) kaç santimetrekaredir?
7b09bdb3-39a8-54bc-84fb-83a55da4fc40	Orijinal-Tyt Ayt Geometri Soru Bankası	117	11.	137	ok	valid_end_?	 $|DC| = 12$ cm. Yukarıdaki verilere göre, Alan($\widehat{ADC}$) kaç $cm^2$ dir?
53297f0a-b3d1-552e-b36c-44a35bc26a7c	Orijinal-Tyt Ayt Geometri Soru Bankası	117	12.	216	ok	valid_end_?	 $|DE| = 2$ cm. Yukarıda verilenlere göre, boyalı bölgenin alanı kaç $cm^2$ dir?
278922ab-3132-532c-ba81-df83939231c4	345 2025 Start Matematik	210	12	154	ok	valid_end_?	ştır. Buna göre, $a+b$ toplamının alabileceği kaç farklı tam sayı değeri vardır?
4fa1322d-de26-5084-a0ff-3339964166b7	Orijinal-Tyt Ayt Geometri Soru Bankası	121	10.	179	ok	valid_end_?	m}$'dir. Yukarıda verilenlere göre, $ADE$ üçgeninin alanı kaç $\text{cm}^2$ dir?
30b579d2-b859-5754-b3e3-b8985bcfb19c	345 2025 Start Matematik	222	15	165	ok	valid_end_?	rilen değerlere göre, $|a|+|b|-|c|$ ifadesinin eşiti aşağıdakilerden hangisidir?
f202b96a-0c0b-50a9-aa4a-699fd43bb236	Orijinal-Tyt Ayt Geometri Soru Bankası	123	8	175	ok	valid_end_?	 $|DF|=2$ cm, $|DE|=4$ cm. Yukarıdaki verilere göre, Alan$(ABC)$ kaç $cm^2$ dir?
286711b6-2346-54ac-b0b6-f558fdcb4053	Orijinal-Tyt Ayt Geometri Soru Bankası	123	12	171	ok	valid_end_?	6\sqrt{2}$ cm. Yukarıdaki verilere göre, DBC dik üçgeninin alanı kaç $cm^2$ dir?
e046e56b-4842-5ae1-b1fc-aecfc3a848a4	Orijinal-Tyt Ayt Geometri Soru Bankası	125	8.	141	ok	valid_end_?	|=4$ cm, $|AC|=12$ cm'dir. Buna göre, AED üçgeninin alanı kaç $\text{cm}^2$ dir?
3b86bf38-70e6-520e-92df-75f1bf456746	Orijinal-Tyt Ayt Geometri Soru Bankası	125	10.	120	ok	valid_end_?	=10$ cm, $|AD|=17$ cm'dir. Buna göre, ABC üçgeninin alanı kaç $\text{cm}^2$ dir?
0dbb96cb-c852-5013-ae9b-48ca795f30bb	Orijinal-Tyt Ayt Geometri Soru Bankası	125	11.	151	ok	valid_end_?	$ cm, $|CH|=8$ cm'dir. Buna göre, AHC dik üçgeninin alanı kaç $\text{cm}^2$ dir?
5a7f30d2-702e-50a7-85dd-20793a5de569	Orijinal-Tyt Ayt Geometri Soru Bankası	125	12.	156	ok	valid_end_?	D|=4$ cm, $|AB|=6$ cm'dir. Buna göre, ABC üçgeninin alanı kaç $\text{cm}^2$ dir?
60a5621f-3cfd-5a74-a130-0e93abb76023	Orijinal-Tyt Ayt Geometri Soru Bankası	129	10.	144	ok	valid_end_?	, $Alan(FBC) = 36$ cm$^2$. Yukarıdaki verilere göre, $Alan(EBF)$ kaç cm$^2$ dir?
341fa51b-dc52-56dd-ad72-787893980f81	345 2025 Tyt Ayt Geometri Soru Bankası 1	263	10.	136	ok	valid_end_?	, $|DC|=3$ cm $|AH|=|HB|=8$ cm, $|BC|=13$ cm olduğuna göre, $|DF|=x$ kaç cm'dir?
197e3847-393a-515f-af35-edd072540863	345 2025 Tyt Ayt Geometri Soru Bankası 1	21	6.	149	ok	valid_end_?	) = 3\alpha$, $m(\widehat{ABF}) = \alpha$ olduğuna göre, $\alpha$ kaç derecedir?
257cf7c2-771f-52c7-954e-dc39d3507cb3	345 2025 Tyt Ayt Geometri Soru Bankası 1	23	7.	165	ok	valid_end_?	widehat{DCA}) = 75^ ext{o}$ olduğuna göre, $m(\widehat{BEF}) = x$ kaç derecedir?
df229f0d-1001-52aa-8f78-d87397aa0815	345 2025 Tyt Ayt Geometri Soru Bankası 1	27	6	125	ok	valid_end_?	 ext{o}$ $m(\text{TCB})=20^ ext{o}$ olduğuna göre, $\alpha+\beta$ kaç derecedir?
26cab989-f933-50be-b3e4-57a14e56f712	345 2025 Tyt Ayt Geometri Soru Bankası 1	31	7.	154	ok	valid_end_?	BC})=70^\circ$ olduğuna göre, $m(\widehat{DFG})-m(\widehat{ADE})$ kaç derecedir?
8825f38d-e016-54b6-a91d-5c3905ffc67e	345 2025 Tyt Ayt Geometri Soru Bankası 1	73	7	134	ok	valid_end_?	 = $60^\circ$ $|BC| = |CD| = 2\sqrt{3}$ cm olduğuna göre, $|AD| = x$ kaç cm'dir?
ace16212-1dcc-5c4e-9e53-6f3dbb0f0701	345 2025 Tyt Ayt Geometri Soru Bankası 1	89	5	509	ok	valid_end_?	. Buna göre, makasın bağlantı noktasının bir gri uca olan uzaklığı kaç birimdir?
738b9401-d8f4-52c3-ae22-2608a5e48e6c	345 2025 Tyt Ayt Geometri Soru Bankası 1	97	6	148	ok	valid_end_?	$[BC] = [EC]$ $|AB| = 8$ cm $|ED| = 15$ cm olduğuna göre, $|BE| = x$ kaç cm'dir?
75890acb-b4f6-5d9d-ae6f-2c6539105d6b	345 2025 Tyt Ayt Geometri Soru Bankası 1	97	9	124	ok	valid_end_?	$ $|EF| = 1$ cm $|FD| = 3$ cm olduğuna göre, boyalı bölgenin çevresi kaç cm'dir?
3748b787-a0c6-570f-96ee-b2ee0e367f7e	345 2025 Tyt Ayt Geometri Soru Bankası 1	100	6	133	ok	valid_end_?	 $|AC| = 5$ cm $|BC| = 3$ cm $|ED| = 2$ cm olduğuna göre, $|CD| = x$ kaç cm'dir?
45380967-46cf-5dbd-b8d0-cd9464376d7f	345 2025 Tyt Ayt Geometri Soru Bankası 1	101	8.	147	ok	valid_end_?	BC]$ $|AE| = |BC|$ $|AB| = 3$ cm $|EC| = 1$ cm olduğuna göre, $|DE|$ kaç cm'dir?
033518d4-feee-5329-a275-90eebaa09254	345 2025 Tyt Ayt Geometri Soru Bankası 1	109	6	125	ok	valid_end_?	, $[BD] = 3|AD|$, $[DE] = [EF]$, $|EG| = 2$ cm olduğuna göre, $|GC|$ kaç cm'dir?
e065fa4f-f3ab-5e0b-b349-a0af6cc680b3	345 2025 Tyt Ayt Geometri Soru Bankası 1	113	5.	163	ok	valid_end_?	 10$ cm, $|EF| = 8$ cm. B, E ve D doğrusal olduğuna göre, $|ED| = x$ kaç cm'dir?
e7d648a3-4d09-5c4d-a568-9f0cb3eee445	345 2025 Tyt Ayt Geometri Soru Bankası 1	115	6.	161	ok	valid_end_?	B) \perp [AC]$ $|HG| = 2,5$ cm, $|AB| = 18$ cm olduğuna göre, $|DC|$ kaç cm'dir?
8a9e443e-a372-55a6-9080-e236eb10f954	345 2025 Tyt Ayt Geometri Soru Bankası 1	115	7.	162	ok	valid_end_?	G, ABC üçgensel bölgesinin ağırlık merkezi olduğuna göre, $|BE|$ = x kaç cm'dir?
40133938-2b51-5e87-9304-59b8b171e755	345 2025 Tyt Ayt Geometri Soru Bankası 1	117	6	127	ok	valid_end_?	$, $|BD| = |DC|$, $|AE| = 1$ cm, $|EC| = 3$ cm olduğuna göre, $|BD|$ kaç cm'dir?
bc257542-15d6-5f7c-8164-8187b355ae7c	345 2025 Tyt Ayt Geometri Soru Bankası 1	117	10	169	ok	valid_end_?	| = 16$ cm, $|AB| = 24$ cm, $|BD| = 30$ cm olduğuna göre, $|AC| = x$ kaç cm'dir?
c636ac0f-e554-5aa7-8e61-2d52f6295ad5	345 2025 Tyt Ayt Geometri Soru Bankası 1	119	6.	56	ok	valid_end_?	ABCD eşkenar dörtgen olduğuna göre, $|CE|=x$ kaç cm'dir?
7595f4e4-ca97-565f-a0e0-f1f229847067	345 2025 Tyt Ayt Geometri Soru Bankası 1	119	8.	113	ok	valid_end_?	E})$, $|AE|=10$ cm, $|FB|=6$ cm, $|DC|=4$ cm olduğuna göre, $|CE|=x$ kaç cm'dir?
46dc88e9-6c1f-5a22-82d5-61948454cacb	345 2025 Tyt Ayt Geometri Soru Bankası 1	121	6.	155	ok	valid_end_?	 = 6$ cm $[EC] = 8$ cm olduğuna göre, $m(\widehat{DEF}) = \alpha$ kaç derecedir?
6b5f8b7e-348e-52e6-82dd-bb4416482918	345 2025 Tyt Ayt Geometri Soru Bankası 1	121	10.	125	ok	valid_end_?	m, $[EC] = 24$ cm $[DE] = [DC] = 13$ cm olduğuna göre, $|AB| + |AD|$ kaç cm'dir?
978e2fd0-cc90-5f7c-ae86-97a359c9a7ca	345 2025 Tyt Ayt Geometri Soru Bankası 1	123	6	129	ok	valid_end_?	DC]$ $|FG| = 3$ cm $|FC| = 3$ cm $|AE| = 4$ cm olduğuna göre, $|AD|$ kaç cm'dir?
826e4c55-c7ea-565d-af81-077cd3cfda41	345 2025 Tyt Ayt Geometri Soru Bankası 1	125	6.	122	ok	valid_end_?	idehat{BAD})$ $|AB| = |AC|$ $|BC| = 12$ cm olduğuna göre, $|AD| = x$ kaç cm'dir?
b7467439-0109-5930-8456-ebcf49c222fb	345 2025 Tyt Ayt Geometri Soru Bankası 1	125	7.	133	ok	valid_end_?	|CD| = 7$ cm $|BC| = 15$ cm $|AB| = 20$ cm olduğuna göre, $|ED| = x$ kaç cm'dir?
5d430663-cb27-551a-8d18-4d5dc96f59de	345 2025 Tyt Ayt Geometri Soru Bankası 1	127	7	151	ok	valid_end_?	$|EC| = \sqrt{2}$ cm, $|AB| = |AC| = 3$ cm olduğuna göre, $|DB| = x$ kaç cm'dir?
d9297cc9-d236-50a0-b5f9-79520dc9ebbc	345 2025 Tyt Ayt Geometri Soru Bankası 1	127	10	182	ok	valid_end_?	m, $|AB| = 7$ cm. A, H ve D noktaları doğrusal olduğuna göre, $|HF|$ kaç cm'dir?
272ae5a3-ded5-5879-b795-6d3387b23073	345 2025 Tyt Ayt Geometri Soru Bankası 1	127	11	142	ok	valid_end_?	 = 15^\circ$, $|CE| = 4$ cm, $|AB| = 9$ cm olduğuna göre, $|AD| = x$ kaç cm'dir?
70b3469e-3123-5337-998a-299085d0ece0	345 2025 Tyt Ayt Geometri Soru Bankası 1	143	7	283	ok	valid_end_?	lar aynı birim cinsinden olduğuna göre, x ile ifade edilen uzunluk kaç birimdir?
8b4ce391-3d60-53a7-a4c6-9307f8173771	345 2025 Tyt Ayt Geometri Soru Bankası 1	143	6	118	ok	valid_end_?	açıortay, $|AD|=d_1$, $|BE|=6$ cm, $|CE|=8$ cm olduğuna göre, $|AD|$ kaç cm'dir?
61ec7d54-7b7c-55b9-ae98-cbf3e73159c0	345 2025 Tyt Ayt Geometri Soru Bankası 1	147	6	120	ok	valid_end_?	$|AC|=3$ cm, $|AB|=4$ cm, $|DC|=5$ cm olduğuna göre, $\frac{|EF|}{|BC|}$ kaçtır?
70ec2869-a298-5785-9c87-829c353d7f6c	345 2025 Tyt Ayt Geometri Soru Bankası 1	157	7.	121	ok	valid_end_?	, $[AD] \perp [BC]$, $|AG| = 2\sqrt{3}$ cm olduğuna göre, $|GC| = x$ kaç cm'dir?
af2c2317-400d-5a55-898c-922d117178b7	345 2025 Tyt Ayt Geometri Soru Bankası 1	157	9.	116	ok	valid_end_?	ap [BE] = \{G\}$, [DE] açıortay, $|GD| = 1$ cm olduğuna göre, $|BC|$ kaç cm'dir?
1236afc0-9fcd-5ac8-af42-cb2ad31d6b31	Orijinal-Tyt Ayt Geometri Soru Bankası	154	11	106	ok	valid_end_?	BN düzgün beşgen. Yukarıdaki verilere göre $m(\text{ECD})=\alpha$ kaç derecedir?
4ac08729-2080-5c66-944b-cd0e8853ddfa	345 2025 Tyt Ayt Geometri Soru Bankası 1	297	7	114	ok	valid_end_?	$|BH| = 2|HC|$ $|EC| = 4$ cm $|BF| = 7$ cm olduğuna göre, $|EH| = x$ kaç cm'dir?
0b80a94f-721b-547d-b76f-c6999801d6ea	345 2025 Tyt Ayt Geometri Soru Bankası 1	175	8.	183	ok	valid_end_?	$ABC$'nin iç açıortaylarının kesim noktası olduğuna göre, $|BC| = x$ kaç cm'dir?
a4bf52a2-1403-59a7-9fc5-d7cef19038a2	345 2025 Tyt Ayt Geometri Soru Bankası 1	175	6.	275	ok	valid_end_?	 yerleştirildiğinde şekildeki uzunluk değerleri oluşuyor. Buna göre, $x$ kaçtır?
0f00e236-2c88-553d-a810-c7e4418f49c9	345 2025 Tyt Ayt Geometri Soru Bankası 1	175	7.	162	ok	valid_end_?	in, $G_2$, $ADG_1$ üçgeninin ağırlık merkezi olduğuna göre, $|G_2B|$ kaç cm'dir?
f84f10ba-1dc9-5c9e-b289-6657a4fc5bbc	345 2025 Tyt Ayt Geometri Soru Bankası 1	177	6.	121	ok	valid_end_?	BC]$, $[AD] \perp [AC]$, $[BD] = 3\sqrt{2}$ cm olduğuna göre, $|BC|$ kaç cm'dir?
60d7a2d9-93f9-5ec1-aee5-ce506d3f8524	345 2025 Tyt Ayt Geometri Soru Bankası 1	177	7.	151	ok	valid_end_?	\parallel [BC]$, $|HG| = 3$ cm, $|HE| = 12$ cm olduğuna göre, $|AB|$ kaç cm'dir?
fffb61ba-9f5e-5589-b3c0-45cf74876d66	Orijinal-Tyt Ayt Geometri Soru Bankası	156	8.	154	ok	valid_end_?	|HD| = 2|AF|$, $|KC| = 12$ cm. Yukarıda verilenlere göre, $|KF| = x$ kaç cm'dir?
df4a5b5e-c305-59cc-af00-b931b16a0c37	Orijinal-Tyt Ayt Geometri Soru Bankası	168	8	323	ok	valid_end_?	t{o}$ olduğuna göre, $m(\widehat{B ext{A}D}) = 2m(\widehat{BCD})$ kaç derecedir?
aadf98b8-b758-56a8-90e7-79fac1c3e2f5	345 2025 Tyt Ayt Geometri Soru Bankası 1	183	6	79	ok	valid_end_?	Yukarıdaki verilere göre, $x$'in alabileceği kaç farklı tam sayı değeri vardır?
978bb3c3-8127-56a6-b293-f088abe2e2e7	Orijinal-Tyt Ayt Geometri Soru Bankası	164	8	224	ok	valid_end_?	 levhayı dik ortalamaktadır. Buna göre, $m(\widehat{KXH})=\alpha$ kaç derecedir?
31ffaeff-9397-5a12-b7df-f208ddc91e15	345 2025 Tyt Ayt Geometri Soru Bankası 1	197	6	123	ok	valid_end_?	6$ cm, $|CD| = 8$ cm olduğuna göre, boyalı bölgenin alanı kaç $\text{cm}^2$ dir?
45417928-29df-5ed3-97b4-74d221211e0e	345 2025 Tyt Ayt Geometri Soru Bankası 1	201	9	107	ok	valid_end_?	p AC$, $|AB| = 8$ cm, $A(DBC) = 60$ cm$^2$ olduğuna göre, $|BC| = x$ kaç cm'dir?
7703b020-1411-52c8-8df0-c0ade3d23dd2	Orijinal-Tyt Ayt Geometri Soru Bankası	170	12.	149	ok	valid_end_?	$|AC|=12$ cm. Yukarıda verilenlere göre, $[BD]$ köşegeninin uzunluğu kaç cm'dir?
f72b8d33-0950-5a5c-b81c-520700768244	345 2025 Tyt Ayt Geometri Soru Bankası 1	207	7	180	ok	valid_end_?	 cm, $|DC|=4$ cm, $|BD|=2$ cm, $|FB|=x$ cm. $S_1=S_2$ olduğuna göre, $x$ kaçtır?
575176f3-8286-5162-b0ff-9fb7b581e387	345 2025 Tyt Ayt Geometri Soru Bankası 1	211	8.	183	ok	valid_end_?	 \text{ cm}$ olimits olduğuna göre, boyalı bölgenin alanı kaç $\text{cm}^2$ dir?
33edcc76-d8c7-5a35-975a-46c553ca8755	345 2025 Tyt Ayt Geometri Soru Bankası 1	211	9.	153	ok	valid_end_?	}$ $|CD| = 8 \text{ cm}$ olimits olduğuna göre, Alan(EDB) kaç $\text{cm}^2$ dir?
ed391f28-a119-5f51-9d48-a38dca7c7082	345 2025 Tyt Ayt Geometri Soru Bankası 1	213	10	138	ok	valid_end_?	G, ABC üçgensel bölgesinin ağırlık merkezi olduğuna göre, $|GH| = x$ kaç cm'dir?
1210fe32-fc38-5dbf-bc36-912c150b32ba	345 2025 Tyt Ayt Geometri Soru Bankası 1	309	5	155	ok	valid_end_?	ehat{CDE}) = 38^\circ$ olduğuna göre, $m(\widehat{DCB}) = \alpha$ kaç derecedir?
be65b82d-f58a-570f-9f8b-366b8e065553	345 2025 Tyt Ayt Geometri Soru Bankası 1	215	7.	51	ok	valid_end_?	Yukarıdaki verilere göre, Alan(ABC) kaç $cm^2$ dir?
ac4d887d-e847-5e66-838a-a3f6c25c938a	Orijinal-Tyt Ayt Geometri Soru Bankası	170	10.	190	ok	valid_end_?	widehat{EAD})=m(\widehat{ADC})=30^{\circ}$ olduğuna göre, $|BC|$ = x kaç cm'dir?
0af84439-7398-57c8-ade4-a6e6ec49ffde	345 2025 Tyt Ayt Geometri Soru Bankası 1	215	10.	143	ok	valid_end_?	p [AC]$, $[AD] = 12$ cm, $[DC] = 18$ cm olduğuna göre, Alan(ABC) kaç $cm^2$ dir?
f8a1b32c-7a3a-5a4d-a1de-aff0281ddd29	345 2025 Tyt Ayt Geometri Soru Bankası 1	217	7.	139	ok	valid_end_?	AD|=3\sqrt{2}$ cm, Çevre$(ABC)=36$ cm olduğuna göre, Alan$(ABC)$ kaç $cm^2$ dir?
732656df-5b02-5c13-9724-fbee5efde6f7	345 2025 Tyt Ayt Geometri Soru Bankası 1	217	8.	161	ok	valid_end_?	yalı bölgenin alanı $48 \text{ cm}^2$ olduğuna göre, Alan$(ABC)$ kaç $cm^2$ dir?
4b262f09-e890-50ad-8d8c-dd927d814446	Orijinal-Tyt Ayt Geometri Soru Bankası	176	10.	120	ok	valid_end_?	n, $|IKL|=7$ cm. E ve F orta noktalar olduğuna göre, $|BD|$ uzunluğu kaç cm'dir?
edc7cb11-657e-5a4b-bcf2-7b1b6b09d67c	345 2025 Tyt Ayt Geometri Soru Bankası 1	219	6	107	ok	valid_end_?	$, $|AD|=|DE|=5$ cm, $|BE|=|EC|=8$ cm olduğuna göre, M - N farkı kaç $cm^2$ dir?
d503bdf0-1965-53d7-ad6b-704bc17bcd58	345 2025 Tyt Ayt Geometri Soru Bankası 1	219	8	105	ok	valid_end_?	 $DE \perp BC$, $AB=2|BE|$, $|BD|=8$ cm olduğuna göre, Alan(ABC) kaç $cm^2$ dir?
d641b602-28e4-58d6-8970-4228cdd24533	345 2025 Tyt Ayt Geometri Soru Bankası 1	219	10	373	ok	valid_end_?	geninin alanının $\frac{3}{2}$ katı olduğuna göre, $\frac{|C'B'|}{|AC|}$ kaçtır?
261ec27b-e068-579e-a629-df1978b0206f	345 2025 Tyt Ayt Geometri Soru Bankası 1	221	6.	58	ok	valid_end_?	Şekilde verilenlere göre, Alan(ACD) kaç $\text{cm}^2$ dir?
b2bd6643-99c7-5e38-8b8e-c5c4baafaa1b	Orijinal-Tyt Ayt Geometri Soru Bankası	176	9.	143	ok	valid_end_?	c$ dir. ABCD deltoidinde $|AC|=6$ cm olduğuna göre, Alan$(ABCD)$ kaç $cm^2$ dir?
d4c90aa5-da05-5510-91c4-8d968c690fdc	Orijinal-Tyt Ayt Geometri Soru Bankası	182	12	124	ok	valid_end_?	ir. $|EF|=|FC|$ $|EK|=|KB|$ Yukarıdaki verilere göre, Alan(ABCD) kaç $cm^2$ dir?
c271d318-d3ad-5837-a4c7-98b7cf8f416f	Orijinal-Tyt Ayt Geometri Soru Bankası	184	9	189	ok	valid_end_?	text{ cm}$'dir. ABCD paralelkenar olduğuna göre, $|EC| = x$ kaç $\text{cm}$'dir?
7e34a3f8-91ae-561c-a991-e3b155586376	Orijinal-Tyt Ayt Geometri Soru Bankası	186	9.	156	ok	valid_end_?	AE|=4$ cm, $|EC|=12$ cm. Yukarıdaki verilere göre, $|BC|=x$ kaç $\text{cm}$'dir?
99004fc8-0518-5e3b-905f-f5b794f5d858	345 2025 Tyt Ayt Geometri Soru Bankası 1	237	8	134	ok	valid_end_?	 $|AD| = 5$ cm $|BC| = 4$ cm $|DE| = 3$ cm olduğuna göre, $|EC| = x$ kaç cm'dir?
fd71ded1-70eb-5e96-95db-61c1b936d7d2	345 2025 Tyt Ayt Geometri Soru Bankası 1	245	6	143	ok	valid_end_?	\perp [BC]$ $|DE| = 20$ cm $|DE| = 16$ cm olduğuna göre, Çevre(ABCD) kaç cm'dir?
d8ec5c52-b77e-54aa-be10-edae18c30296	345 2025 Tyt Ayt Geometri Soru Bankası 1	247	6	141	ok	valid_end_?	$A(ADE) = 11$ $cm^2$ $A(ABF) = 5$ $cm^2$ olduğuna göre, $A(DFC)$ kaç $cm^2$ dir?
00fc8ea9-1084-5c67-86bc-92e10abe0984	Orijinal-Tyt Ayt Geometri Soru Bankası	121	8.	125	ok	valid_end_?	. Alan$(ABC)=160 \text{ cm}^2$ olduğuna göre, Alan$(AED)$ kaç $\text{cm}^2$ dir?
6f90cb8c-16e2-54b6-9e50-402a975f6a88	345 2025 Tyt Ayt Geometri Soru Bankası 1	257	6	115	ok	valid_end_?	4$ cm, $|AB|=6$ cm, $|EF|=13$ cm, $|DC|=18$ cm olduğuna göre, $|AE|$ kaç cm'dir?
e530a8af-64d8-5275-a94f-26c7ed428162	345 2025 Tyt Ayt Geometri Soru Bankası 1	259	6.	125	ok	valid_end_?	, $|BC|=15$ cm. Boyalı alan $120 \text{ cm}^2$ olduğuna göre, $|DC|$ kaç cm'dir?
7fff00d0-2493-5b9a-9c85-9a3aed901f16	345 2025 Tyt Ayt Geometri Soru Bankası 1	261	8	174	ok	valid_end_?	rac{|CF|}{|FC|} = \frac{1}{5}$ olduğuna göre, boyalı alanlar oranı kaç olabilir?
cccc15ae-684a-50c6-9321-4e84b7996d27	345 2025 Tyt Ayt Geometri Soru Bankası 1	263	6.	134	ok	valid_end_?	 \perp [AD]$ $|CD|=10$ cm $|CB|=7$ cm olduğuna göre, $\frac{|AE|}{|ED|}$ kaçtır?
64f9aed5-5349-5a1e-b521-ed9947d63251	345 2025 Tyt Ayt Geometri Soru Bankası 1	325	7	112	ok	valid_end_?	BD]$, $[EF]=6$ cm, $|DE|=8$ cm, $|EB|=12$ cm olduğuna göre, $|FC|=x$ kaç cm'dir?
18f11db6-7f32-53cc-a7f2-a59f367d3368	345 2025 Tyt Ayt Geometri Soru Bankası 1	265	10	113	ok	valid_end_?	DE| = |DC|$, $|AD| = |AB|$, $|BE| = 12$ cm olduğuna göre, $|BC| = x$ kaç cm'dir?
69217f50-6920-5ee2-a97d-541f4bb227d0	345 2025 Tyt Ayt Geometri Soru Bankası 1	269	7	155	ok	valid_end_?	, $m(\widehat{EAB})=12^\circ$ olduğuna göre, $m(\widehat{ADB})=x$ kaç derecedir?
d1f80848-3617-513d-b797-e1a48bc4aa31	Orijinal-2025-Analitik Geometri	116	10	244	ok	valid_end_?	or. $|A'B'| = 6\sqrt{2}$ cm olduğuna göre, eşkenar üçgenin alanı kaç $cm^2$ dir?
5344e306-8e0f-57ae-b5cc-d6ad243b2ab6	345 2025 Tyt Ayt Geometri Soru Bankası 1	331	7	130	ok	valid_end_?	[DB]$, $|CG|=8$ cm, $|AE|=14$ cm, $|DB|=28$ cm olduğuna göre, $|FB|$ kaç cm'dir?
2b5d4f0b-5006-513f-8ad5-30a8e286fed1	345 2025 Tyt Ayt Geometri Soru Bankası 1	289	7.	112	ok	valid_end_?	, $|DC| = |DE| = |BE|$ olduğuna göre, $m(\widehat{DAE}) = \alpha$ kaç derecedir?
6bd5d50e-993e-5682-9837-6b01b1e70eed	345 2025 Tyt Ayt Geometri Soru Bankası 1	289	8.	157	ok	valid_end_?	\circ}$, $|EB| = |AD|$ olduğuna göre, $m(\widehat{CAB}) = \alpha$ kaç derecedir?
53608b5b-0bf1-5ada-b6a7-1d6193283a8a	345 2025 Tyt Ayt Geometri Soru Bankası 1	291	7	199	ok	valid_end_?	 = 5\sqrt{2}$ cm K, köşegenlerin kesim noktası olduğuna göre; $|KH|$ kaç cm'dir?
07eb1b51-ac0a-5189-8b0d-7dd8b9360320	345 2025 Tyt Ayt Geometri Soru Bankası 1	294	1	131	ok	valid_end_?	=6$ cm, $|BE|=8$ cm, $|BC|=|AB|+2$ cm olduğuna göre, Çevre(ABCD) kaç $cm^2$'dir?
5e60d559-988d-56ac-8012-3f6ec5786eec	345 2025 Tyt Ayt Geometri Soru Bankası 1	294	2	131	ok	valid_end_?	 \parallel [GE]$. $|AB|=20$ cm, $|BC|=24$ cm olduğuna göre, $|GF|=x$ kaç cm'dir?
2a821cba-7d5b-5fa4-9e71-55fef7169050	345 2025 Tyt Ayt Geometri Soru Bankası 1	297	6	118	ok	valid_end_?	$|AC| \sim |BD| = |G|$ $|BE| = 1$ cm $|EC| = 2$ cm olduğuna göre, $|BF|$ kaçtır?
bc5f5bcf-9db1-5922-ba44-8fce993fb3a9	345 2025 Tyt Ayt Geometri Soru Bankası 1	304	21.	145	ok	valid_end_?	{ cm}$, $Alan(ADF) = Alan(BEC)$ olduğuna göre, $|DE| = x$ kaç $\text{cm}^2$ dir?
8a0dace6-bdfe-58d3-8d4d-1a18faf2f583	Orijinal-Tyt Ayt Geometri Soru Bankası	194	8	239	ok	valid_end_?	 paralelkenarının alanı $48 \text{ cm}^2$ olduğuna göre, Çevre(ABCD) kaç cm'dir?
30b8e587-0502-5322-b912-2a213821b859	345 2025 Tyt Ayt Geometri Soru Bankası 1	306	26	230	ok	valid_end_?	 $100 \text{ cm}^2$ olduğuna göre, boyalı alanlar toplamı kaç $\text{cm}^2$ dir?
43912f1b-cbcf-5cb0-a2ca-2c86c896abea	345 2025 Tyt Ayt Geometri Soru Bankası 1	309	6	122	ok	valid_end_?	\widehat{BED}) = 150^\circ$ olduğuna göre, $m(\widehat{DCB}) = x$ kaç derecedir?
d43e10a2-64a0-5250-acfc-b8a8d1250b88	345 2025 Tyt Ayt Geometri Soru Bankası 1	311	7	108	ok	valid_end_?	\perp [CD]$, $|DE|=|EC|+11$ cm, $|BE|=24$ cm olduğuna göre, $|BD|=x$ kaç cm'dir?
a035a9ae-1b06-5fd5-a6e9-00b3bda879b3	345 2025 Tyt Ayt Geometri Soru Bankası 1	315	7.	150	ok	valid_end_?	= 7 \text{ cm}$, $|AE| = 11 \text{ cm}$ olduğuna göre, $A(ABCD)$ kaç $cm^2$'dir?
14cfa04e-b649-5d48-9998-641e658e350d	345 2025 Tyt Ayt Geometri Soru Bankası 1	315	8.	161	ok	valid_end_?	. $[BF]$ ve $[CF]$ açıortay olduğuna göre, boyalı bölgenin alanı kaç $cm^2$'dir?
64aeac65-acd1-5e80-8f62-20799d6d1be7	Orijinal-Tyt Ayt Geometri Soru Bankası	198	10	180	ok	valid_end_?	, $|BD|=18$ cm. Yukarıda verilenlere göre, eşkenar dörtgenin çevresi kaç cm'dir?
0a325184-df64-551f-8526-2aff8d06e313	345 2025 Tyt Ayt Geometri Soru Bankası 1	319	9.	110	ok	valid_end_?	BE|=|EC|=10$ cm $|DB|=|DA|=17$ cm $|AC|=12$ cm olduğuna göre, $|DE|$ kaç cm'dir?
4fe9ead0-68a7-5bb0-9763-35ed563fda4e	345 2025 Tyt Ayt Geometri Soru Bankası 1	325	6	122	ok	valid_end_?	 cm, $|AC|=32$ cm, $|DE|=50$ cm olduğuna göre, Alan(ABCD) kaç $\text{cm}^2$ dir?
13736e26-d2c2-5d7f-9664-e9d64c9cea86	345 2025 Tyt Ayt Geometri Soru Bankası 1	325	8	133	ok	valid_end_?	]$, $|DE|=|EB|$, $|EF|=3$ cm, $|FC|=1$ cm olduğuna göre, Çevre(ABCD) kaç cm'dir?
5104e137-aa06-50e6-9558-720a215a19cd	345 2025 Tyt Ayt Geometri Soru Bankası 1	327	6.	155	ok	valid_end_?	D|$, $|FG|=7$ cm, $|EF|=10$ cm olduğuna göre, boyalı alan kaç $\text{cm}^2$ dir?
bab813e1-71ea-5dc5-b6e3-6da52f23bc17	Orijinal-Tyt Ayt Geometri Soru Bankası	198	9	143	ok	valid_end_?	6$ cm, $|BH|=4$ cm. Yukarıda verilenlere göre, Alan(ABCD) kaç $\text{cm}^2$ dir?
d80ecc1b-8c6d-534f-b12e-cae4ddf1d8cc	Orijinal-Tyt Ayt Geometri Soru Bankası	198	12	168	ok	valid_end_?	CAD})$, $|BH|=1$ cm. Yukarıdaki verilere göre, Alan(ABCD) kaç $\text{cm}^2$ dir?
4d2fa5e3-1cb1-5fcb-a29e-b3404cc75cc3	345 2025 Tyt Ayt Geometri Soru Bankası 1	329	10	116	ok	valid_end_?	 $|AB| = |AD|$, Çevre(ABCD) $= 36$ birim olduğuna göre, Çevre(ABE) kaç birimdir?
2701ca5c-6009-52a6-8c97-63461e25c8a2	Orijinal-Tyt Ayt Geometri Soru Bankası	200	12.	146	ok	valid_end_?	BC]$, $|DH| = 3$ cm. Yukarıda verilenlere göre, Alan(ADE) kaç $\text{cm}^2$ dir?
6626f06a-c792-5b93-848c-6c44788783f8	Orijinal-Tyt Ayt Geometri Soru Bankası	200	11.	167	ok	valid_end_?	de $x^2 + y^2 = 128$ olduğuna göre, ABCD eşkenar dörtgeninin çevresi kaç cm'dir?
dda8b3c6-814b-5d26-8171-b7867d568eee	345 2025 Tyt Ayt Geometri Soru Bankası 1	331	9	127	ok	valid_end_?	$ cm, $|DF|=8$ cm. D, G ve H doğrusal olduğuna göre, $\frac{|BC|}{|BH|}$ kaçtır?
f134a356-6561-51ba-872f-52165ee30881	Orijinal-Tyt Ayt Geometri Soru Bankası	208	10	145	ok	valid_end_?	5$ cm, $|FC|=1$ cm. Yukarıda verilenlere göre, Alan(ABCD) kaç $\text{cm}^2$ dir?
a7365dab-bbbe-58ff-a782-632bb0f151de	345 2025 Tyt Ayt Geometri Soru Bankası 1	333	7.	179	ok	valid_end_?	kenar orta noktaları olduğuna göre, boyalı bölgenin alanı kaç $\text{cm}^2$ dir?
6c7d4972-e0a5-5944-88e0-200f8b00ab67	345 2025 Tyt Ayt Geometri Soru Bankası 1	333	8.	123	ok	valid_end_?	 DB = \{F\}$, $|AE| = |AC|$, $|BC| = 6$ cm olduğuna göre, $|BE| = x$ kaç cm'dir?
24241f44-2484-566c-b4ba-84f7d9fbaa07	345 Tyt Fizik Soru Bankası	196	7	289	ok	valid_end_?	tıldığında $P_3$ oluyor. Buna göre, $P_1$, $P_2$, $P_3$ arasındaki ilişki nedir?
259bea25-3c46-5e6b-b775-b578883cf442	345 Tyt Fizik Soru Bankası	262	7	329	ok	valid_end_?	e bir miktar aşağı itilirse, T ve h nicelikleri ilk durumuna göre nasıl değişir?
755331bb-ef3d-5375-ad41-1357c0042248	345 2025 Tyt Ayt Geometri Soru Bankası 1	335	9	121	ok	valid_end_?	AD| = |AE|$ $|DE| = |EC|$ $|AF| = 1$ cm olduğuna göre, Çevre$(ABCD)$ kaç cm'dir?
e3e3bb97-7ccf-501d-b2c9-e073415118f6	Orijinal-Tyt Ayt Geometri Soru Bankası	208	12	149	ok	valid_end_?	BC|=6$ cm, $|AB|=8$ cm. Yukarıda verilenlere göre, $|AE|$ kaç $\text{cm}^2$ dir?
73426a93-dcd9-5a0e-bf10-e74a01470c7f	345 Tyt Fizik Soru Bankası	248	7	717	ok	valid_end_?	sa römorkların tekerlekleri ile zemin arasındaki basınç, ilk duruma göre azalır?
ba0d80a8-28c4-549c-bfae-ec1bd35ced99	Orijinal-Tyt Ayt Geometri Soru Bankası	246	9	204	unclear	unknown_end_$	 $|AD| = |BC|$ $|DE| = 4 \text{ cm}$ $|EH| = 5 \text{ cm}$ $|BH| = 8 \text{ cm}$
6cc7e672-f28b-534f-9e80-bcd4da44b32a	Orijinal-Tyt Ayt Geometri Soru Bankası	246	10	211	unclear	unknown_end_$	idehat{ABC})$ $|AF| = 6 \text{ cm}$ $|AE| = 10 \text{ cm}$ $|EB| = 9 \text{ cm}$
551a09d2-b88a-56a3-812d-878ca48070ff	Orijinal-Tyt Ayt Geometri Soru Bankası	246	11	187	unclear	unknown_end_$	 [AB]$ $m(\widehat{AED}) = 45^\circ$ $|EH| = 6 \text{ cm}$ $|EC| = 1 \text{ cm}$
a42e5e76-57d5-5d2e-88cb-cc1358c4fc71	Orijinal-Tyt Ayt Geometri Soru Bankası	246	12	155	unclear	unknown_end_$	 $[AC] \perp [BD]$ $[AD] = [BC]$ $|AB| = 12 \text{ cm}$ ve $|DC| = 4 \text{ cm}$
551c1ce8-807b-5e4d-9ec1-c29034295dc8	Orijinal-Tyt Ayt Geometri Soru Bankası	248	8.	179	ok	valid_end_?	DC| = 4$ cm $|AD| = 12$ cm Yukarıdaki verilere göre, Alan($AHE$) kaç $cm^2$'dir?
25cf57ce-0b1f-512a-bbb2-6d80a074b06c	Orijinal-Tyt Ayt Geometri Soru Bankası	248	9.	166	ok	valid_end_?	| = 3 \cdot |CD|$ $|HC| = 3$ cm Yukarıdaki verilere göre, $|BC| = x$ kaç cm'dir?
fadb2bfc-2cba-55f2-9b74-9864a1c007f2	Orijinal-Tyt Ayt Geometri Soru Bankası	248	10.	165	ok	valid_end_?	ED| = 4$ cm $|AE| = 4$ cm Yukarıdaki verilere göre, Alan($ABCD$) kaç $cm^2$'dir?
cedf0ca9-fce4-5d18-a5be-3fcd7a71e68c	Orijinal-Tyt Ayt Geometri Soru Bankası	248	11.	153	ok	valid_end_?	| = 8$ cm $|AD| = 4\sqrt{2}$ cm Yukarıdaki verilere göre, $|DC| = x$ kaç cm'dir?
db9f3445-95e6-5a3b-a327-42e617f0476d	345 2025 Tyt Biyoloji Soru Bankası	129	6	166	ok	valid_end_?	tir.  Bu tablodaki bilgilere göre aşağıdakilerden hangisi kesin olarak söylenir?
8433af41-7d26-527e-badd-d1d706fb365a	Orijinal-Tyt Ayt Geometri Soru Bankası	248	12.	156	ok	valid_end_?	 [EB]$ $|AD| = 6$ cm $|BC| = 10$ cm Yukarıdaki verilere göre, $|EF|$ kaç cm'dir?
55b836b9-ed3d-5d3d-8b51-d455490a538a	Orijinal-Tyt Ayt Geometri Soru Bankası	263	10	69	ok	valid_end_?	Yukarıda verilenlere göre, $m(\widehat{CBE}) = \alpha$ kaç derecedir?
f911e56f-a578-57e7-853a-3c3d80256740	Orijinal-Tyt Ayt Geometri Soru Bankası	265	9.	163	ok	valid_end_?	irc}$ dir. Yukarıda verilenlere göre, $m(\widehat{DAE}) = \alpha$ kaç derecedir?
363aee19-b375-56b3-980f-67a00bab20f9	Orijinal-Tyt Ayt Geometri Soru Bankası	265	11.	180	ok	valid_end_?	irc}$ dir. Yukarıda verilenlere göre, $m(\widehat{ADC}) = \alpha$ kaç derecedir?
65a3f055-6f50-56bd-a558-31392d822870	Orijinal-Tyt Ayt Geometri Soru Bankası	267	12.	143	ok	valid_end_?	=85^{\circ}$. Yukarıdaki verilere göre, $m(\widehat{ACB})=\alpha$ kaç derecedir?
b7ddfcd1-3766-5fe2-b3a6-bd0eae79ad5d	Orijinal-Tyt Ayt Geometri Soru Bankası	269	11	51	ok	valid_end_?	Yukarıda verilenlere göre, ABC açısı kaç derecedir?
e537e0cf-1bc2-5242-a66e-50a032751f8e	Orijinal-Tyt Ayt Geometri Soru Bankası	279	10	135	ok	valid_end_?	 $|BF|=9$ cm, $|FC|=8$ cm. Yukarıda verilenlere göre, Alan(EBFK) kaç $cm^2$'dir?
a0f19a90-513f-5ed4-89c2-ef9d49be8d89	Orijinal-Tyt Ayt Geometri Soru Bankası	210	12	111	ok	valid_end_?	, $|EC| = 3$ cm, $|DE| = 9$ cm. Yukarıdaki verilere göre, $|EB| = x$ kaç cm'dir?
d831ab2f-6be4-5779-ad4e-b8001d9e22b6	Orijinal-Tyt Ayt Geometri Soru Bankası	279	12	117	ok	valid_end_?	0$ cm, $|AC|=12$ cm, $|BC|=9$ cm. Yukarıdaki verilere göre, $|BD|=x$ kaç cm'dir?
0c4c1e78-9ddd-59ae-a7e4-87c03ced23c9	Orijinal-Tyt Ayt Geometri Soru Bankası	212	9.	234	ok	valid_end_?	|AE|=6$ cm. Yukarıdaki verilere göre, Alan(ABCD) kaç $\text{santimetrekare}$dir?
0ce3e408-323b-5d3a-8f8a-73ed2f243787	Orijinal-Tyt Ayt Geometri Soru Bankası	283	9	172	ok	valid_end_?	[AC]$, M merkezli çembere C noktasında teğet olduğuna göre, $|BC|=x$ kaç cm'dir?
18c30a26-e6a5-58f7-9f82-cd419c5c6a4a	Orijinal-2025-Ayt-Matematik Türev	88	7	159	ok	valid_end_?	li noktada teğet olan doğru verilmiştir. Buna göre $f(1) - f'(1)$ değeri kaçtır?
80fa66c2-d5b4-5215-9ea4-d156001bd037	345 2025 Tyt Fizik Soru Bankası	111	Soru 6	253	ok	valid_end_)	ğu güç kaç kilowatttır? ($g = 10 \text{ m/s}^2$ alınız. Sürtünmeler önemsizdir.)
34fa97b2-540a-51bd-afdd-5cb1e2c3bde2	345 Tyt Kimya Soru Bankası	79	6	183	ok	valid_end_?	elementler arasında oluşan bileşik ile ilgili aşağıdakilerden hangisi yanlıştır?
1708a2cb-1ee6-5cb6-9dde-12a0e3eb7f4a	345 2025 Tyt Fizik Soru Bankası	117	Soru 7	381	ok	valid_end_)	vvetinin yaptığı işin kaç katı olur? ($\vec{F_k}$: Kinetik sürtünme kuvvetidir.)
ae68f51a-bea5-5b2c-8315-6bfe84120294	345 2025 Tyt Fizik Soru Bankası	122	Q 3.	240	ok	valid_end_)	r. Buna göre, elektrik motorunun verimi % kaçtır? ($g=10 \text{ m/s}^2$ alınız.)
81feb17f-609a-5602-80f1-f41b9687140d	Orijinal-2025-Ayt-Matematik Türev	103	Örnek 9	250	ok	valid_end_?	cdot f(x)$ fonksiyonlarından hangileri $(a, b)$ aralığında kesinlikle azalandır?
01a60ef0-6c83-5aa4-94aa-4005b6f73233	Orijinal-2025-Ayt-Matematik Türev	127	6	366	ok	valid_end_?	$f(0)=1$ ve $g(0)=2$ eşitlikleri veriliyor. Buna göre, $(f/g)(3)$ değeri kaçtır?
e5962eb6-8c5a-5c7d-b7a8-83a20ffed94a	Orijinal-2025-Ayt-Polinom parabol	14	Çıkmış Soru (2019 / AYT)	297	ok	valid_end_?	arçaları aşağıda verilmiştir. Buna göre bu polinomun katsayıları toplamı kaçtır?
46c1122c-729b-5cb8-8eff-7cd1cf0706db	Orijinal-Tyt Ayt Geometri Soru Bankası	212	11.	161	ok	valid_end_?	, $|AK|=5$ cm. Yukarıdaki verilere göre, Çevre(ABCD) kaç $\text{santimetre}$dir?
25d93a5f-0b1d-5743-99bf-886ef70a1eee	Orijinal-Tyt Ayt Geometri Soru Bankası	212	12.	147	ok	valid_end_?	)=100^\circ$. Yukarıdaki verilere göre, $m(\widehat{ACD})=\alpha$ kaç derecedir?
7d94bb81-ec99-5bac-be53-47f25cfc65dc	Orijinal-Tyt Ayt Geometri Soru Bankası	214	8.	131	ok	valid_end_?	$|EC|=2$ cm, $|DE|=15$ cm. Yukarıdaki verilere göre, $|AD|=x$ kaç santimetredir?
9b9fc485-162d-5b0e-b30a-0f822e10196f	Orijinal-Tyt Ayt Geometri Soru Bankası	214	11.	136	ok	valid_end_?	TC|$, $[KF] = |FC|$, $|AC|=20$ cm. Yukarıda verilenlere göre, $|FT|$ kaç cm'dir?
57d0c77a-e241-5460-a594-e62d67c53c7e	Orijinal-Tyt Ayt Geometri Soru Bankası	242	8.	149	ok	valid_end_?	$ $|DC| = 6$ cm $|AB| = 13$ cm Yukarıda verilenlere göre, $|AD| = x$ kaç cm'dir?
036ba617-a9f1-597e-b1b6-2aa9750203a8	Orijinal-Tyt Ayt Geometri Soru Bankası	242	10.	139	ok	valid_end_?	$|BC| = 14$ cm $|AB| = 10$ cm Yukarıdaki verilere göre, $|DC| = x$ kaç birimdir?
f19debba-da6a-50f1-895f-196596a704e2	Orijinal-Tyt Ayt Geometri Soru Bankası	242	12.	149	ok	valid_end_?	 [AB]$ $|DC| = 4$ cm $|AB| = 10$ cm Yukarıdaki verilere göre, $|KL|$ kaç cm'dir?
71c2a118-640b-508d-aee5-0e5d2c7e1b6c	Orijinal-Tyt Ayt Geometri Soru Bankası	244	11	220	ok	valid_end_?	BH| = 15 \text{ cm}$ Yukarıdaki verilere göre, Alan(KLFE) kaç $\text{cm}^2$ dir?
0de879cf-65eb-5091-b515-9ba5f5e8995d	Orijinal-Tyt Ayt Geometri Soru Bankası	244	12	163	ok	valid_end_?	 $|DE| = 5 \text{ cm}$ Yukarıdaki verilere göre, $|AB| = x$ kaç $\text{cm}$ dir?
beed7161-e394-518c-97d6-e07f31707f3d	Orijinal-2025-Ayt-Polinom parabol	46	9	173	ok	valid_end_?	htada yapmış fakat bu işlemlerin bölümlerini silmiştir. Buna göre $P(7)$ kaçtır?
bf1bae30-d6c6-522b-8793-3e43f1306acd	345 2025 Tyt Fizik Soru Bankası	247	7	716	ok	valid_end_?	sa römorkların tekerlekleri ile zemin arasındaki basınç, ilk duruma göre azalır?
941e132d-0233-56bb-befd-959d2567a72d	Orijinal-Tyt Ayt Geometri Soru Bankası	214	10.	172	ok	valid_end_?	|DE|=10$ cm, $|EC|=6$ cm. Yukarıdaki verilere göre, Alan$(ABCD)$ kaç $cm^2$ dir?
e468da61-f505-5d9e-9ef8-263e47100078	Orijinal-Tyt Ayt Geometri Soru Bankası	246	8	159	unclear	unknown_end_$	rallel [DC]$ $[AD] = [BC]$ $m(\widehat{DBA}) = 22,5^\circ$ $|BD| = 8 \text{ cm}$
bff5bbc5-ace3-53e0-8db3-d9c01aa53560	Orijinal-2025-Ayt-Polinom parabol	159	10	302	ok	valid_end_?	3x+6$ III. $f(x)=-x^2+21x+49$ ifadelerindeki fonksiyonlardan hangileri olabilir?
aa76a9bd-8962-5811-a2a3-49e0d3a27f2d	Orijinal-2025-Ayt-Polinom parabol	163	7	331	ok	valid_end_?	ini sağlayan $2$ tane negatif tam sayı vardır. ifadelerinden hangileri doğrudur?
98a4524d-9af0-5b66-ba2b-f988d7db5bf9	Orijinal-2025-Limit	10	ÖRNEK - 7	186	ok	valid_end_?	im_{x \to -2^+} f(x) + \lim_{x \to 1^-} f(x) = 12$ Buna göre, $a$ değeri kaçtır?
eea12e90-e716-5c68-a0fd-30ef2a3cbab7	345 2025 Tyt Kimya Soru Bankası	79	6	183	ok	valid_end_?	elementler arasında oluşan bileşik ile ilgili aşağıdakilerden hangisi yanlıştır?
48229c3e-8332-52af-999b-8b9415b7c135	Acil-2024-AYT Matematik Kitap-1	146	4	184	ok	valid_end_?	ext{HC}|$ $m(\text{BAH}) = \alpha$ Şekildeki verilere göre, $\sin\alpha$ kaçtır?
fb2ce983-9b1a-541a-a788-91b9021f63fd	Acil-2024-AYT Matematik Kitap-1	152	5	180	ok	valid_end_?	ACB})=\alpha$ olduğuna göre, $\tan\alpha + \cot\alpha$ toplamının değeri kaçtır?
8156c277-cc7f-56d0-8ece-b805de128c2e	345 2025 Tyt Kimya Soru Bankası	113	11.	132	ok	valid_end_?	lmiştir. Buna göre, bu katılar ile ilgili verilen bilgilerden hangisi yanlıştır?
76c2272b-2b7d-540d-85e0-6bb6ad03494b	345 Tyt Kimya Soru Bankası	201	12	68	ok	valid_end_?	Yukarıdaki maddelerle ilgili verilen bilgilerden hangileri doğrudur?
6ee7c783-09c4-572e-80cb-b4cf40c67081	Orijinal-2025-Limit	18	ÖRNEK - 5	404	ok	valid_end_?	imitsiz olduğu $2$ farklı $x_k$ değeri vardır. ifadelerinden hangileri doğrudur?
6b84e3e0-aef3-56a2-8f5b-391865ca70a7	Orijinal-2025-Limit	75	8	188	ok	valid_end_?	\alpha \to \frac{\pi}{2}^-} \frac{k-f(\alpha)}{\alpha}$ limitinin değeri kaçtır?
f7b8a6fd-86a5-511e-a978-18f047ae19b3	Orijinal-2025-Limit	99	Örnek 10	295	ok	valid_end_?	nu $\mathbb{R} \setminus \{1\}$'de süreklidir. ifadelerinden hangileri doğrudur?
3a0f9abd-f053-58e1-a406-4cf9b26bc2f6	Orijinal-2025-Limit	110	8	286	ok	valid_end_?	na göre, $\lim_{a \to 12} \frac{f(a)}{|AO| \cdot |MN|}$ limitinin değeri kaçtır?
f23c381a-00ab-515f-89a2-6a9fefe4a411	Acil-2024-AYT Matematik Kitap-1	17	5	240	ok	valid_end_?	 $\text{der}[P(x^2) \cdot (3x^2 - 1)] = A$'dır. Buna göre, $A - B$ farkı kaçtır?
c9b5d4e6-e48e-5b03-b36a-c43a21a9fb12	Acil-2024-AYT Matematik Kitap-1	167	8	158	ok	valid_end_?	a $\alpha$ ve $\beta$'dır. $\sin\alpha = 0,6$ olduğuna göre, $\tan\beta$ kaçtır?
7d20981d-2211-5595-a2fd-0faf054ca77b	345 Tyt Ayt Geometri Soru Bankası	13	7.	162	ok	valid_end_?	CD}) = 110°, m(\text{BFD}) = 120° olduğuna göre, $\beta - \alpha$ kaç derecedir?
42632dad-476d-54e1-be41-a3042be03f12	345 Tyt Ayt Geometri Soru Bankası	31	9	137	ok	valid_end_?	\widehat{BEA})=63^\circ$ olduğuna göre, $m(\widehat{ACB})=\alpha$ kaç derecedir?
b5402296-79b8-5fed-91f8-2346ab8914a9	345 Tyt Kimya Soru Bankası	185	8	225	ok	valid_end_?	göre, bu tepkimeye ilişkin çizilen, yukarıdaki grafiklerden hangileri yanlıştır?
ce6af963-b9ab-5bef-aa2d-14a623c382da	345 Tyt Ayt Geometri Soru Bankası	49	6	159	ok	valid_end_?	sqrt{3}$ birim, $|CD| = 4\sqrt{3}$ birim olduğuna göre, $|AB| = x$ kaç birimdir?
02795479-7ddb-5e82-8131-6768a2c864eb	345 Tyt Sosyal Bilgiler Soru Bankası	227	8	180	ok	valid_end_?	ir. Buna göre tablodaki kaç numaralı ilişkilendirmede bir yanlışlık yapılmıştır?
ce54bdaf-c2db-566b-a292-6b234bd9b72a	345 2025 Tyt Kimya Soru Bankası	269	7.	79	ok	valid_end_?	Yukarıdaki kavram haritasında ilaç ile ilgili verilenlerden hangileri doğrudur?
e5779149-c8da-5481-9746-b73bb200913d	Orijinal-2025-Limit	122	7	262	ok	valid_end_?	L|=|L M|$ olduğuna göre, $\lim_{r \to 0^+} \frac{K}{L}$ limitinin değeri kaçtır?
9491ae04-eabe-551b-817a-546162f22d99	345 Tyt Ayt Geometri Soru Bankası	75	10.	174	ok	valid_end_?	$|BE| = 2|ED|$ $|FD| = 2$ cm $|DC| = 6$ cm olduğuna göre, $|FG| = x$ kaç cm'dir?
d2d0f945-c119-525f-8b97-5d621092a338	345 2025 Tyt Matematik Soru Bankası	45	7	499	ok	valid_end_?	 deliğinden geçirip kemeri bağladığında kemerin çevresinin uzunluğu kaç cm olur?
715ca8bb-5881-5e4d-9ee6-974ff8850f41	345 Tyt Ayt Geometri Soru Bankası	169	8	175	ok	valid_end_?	edir. $|AB|=|BL|=10$ cm, $|LC|=8$ cm olduğuna göre, Alan($A'KM$) kaç $cm^2$'dir?
af6cc0f0-7608-5a16-ba10-0f739add1de3	ACİL-2025-Matematiğin İlacı Polinom	53	8	46	ok	valid_end_?	Yukarıdaki bölme işlemine göre, $B(1)$ kaçtır?
be6172d7-18ea-50c5-9b78-d9fa841ed1c3	345 2025 Tyt Matematik Soru Bankası	65	4	227	ok	valid_end_?	Şekil 3'ü gören Ahmet, aynı şekle arkadan baksa aşağıdakilerden hangisini görür?
0f2d703a-e6cf-59ed-a0d1-0e4675969830	345 2025 Tyt Matematik Soru Bankası	79	8	426	ok	valid_end_?	ıdır. Buna göre, tüm tabletteki ilk ve son semboller aşağıdakilerden hangisidir?
ea3c376e-51ba-5134-86b7-6f9b59cf28fd	345 Tyt Ayt Geometri Soru Bankası	197	6	123	ok	valid_end_?	6$ cm, $|CD| = 8$ cm olduğuna göre, boyalı bölgenin alanı kaç $\text{cm}^2$ dir?
490f3dae-d79c-5e4a-b41c-9a91cad85b1f	ACİL-2025-Matematiğin İlacı Polinom	61	8	146	ok	valid_end_?	yla $2, 3,$ ve $1$ yazılırsa kalan bölümlerinde oluşan sayıların toplamı kaçtır?
e387fce9-fe6c-58e0-8d34-a1dcea5ed3d2	345 Tyt Ayt Geometri Soru Bankası	215	8	133	ok	valid_end_?	 [FD] // [BC], [BG] = [GD], [FE] = [ED] olduğuna göre, $\frac{S_1}{S_2}$ kaçtır?
f5da0b45-0012-560b-b480-59704ad3ea16	345 Tyt Ayt Geometri Soru Bankası	217	8	162	ok	valid_end_?	 Boyalı bölgenin alanı $48 \text{ cm}^2$ olduğuna göre, $A(ABC)$ kaç $cm^2$ dir?
366569e0-b966-5da7-814e-b2e9a45327d8	345 Tyt Ayt Geometri Soru Bankası	267	8.	253	ok	valid_end_?	5}$ ve $\frac{AH}{EF} = \frac{1}{3}$ olduğuna göre, $|DE|$ kaç $\text{cm}^2$dir?
1c343674-a2aa-5a19-8ef9-82e3b6b03081	345 2025 Tyt Matematik Soru Bankası	171	5	625	ok	valid_end_?	$ üç basamaklı sayıları için $H(43a) = H(5aa)$ olduğuna göre, $a$ rakamı kaçtır?
2c5bd054-c7c2-5126-9bcd-b66bfb0ff996	345 Tyt Ayt Geometri Soru Bankası	319	9	124	ok	valid_end_?	 = 10$ cm $|DB| = |DA| = 17$ cm $|AC| = 12$ cm olduğuna göre, $|DE|$ kaç cm'dir?
c1b8cc06-c1b4-54e1-96ea-c0a3449b16e9	345 Tyt Ayt Geometri Soru Bankası	323	11	137	ok	valid_end_?	idehat{BCD})=60^{\circ}$, $|CD|=\sqrt{3}$ cm olduğuna göre, $|AB|=x$ kaç cm'dir?
e9456eb2-1088-523a-b7cf-44f29f299420	345 2025 Tyt Matematik Soru Bankası	233	Soru 5	485	ok	valid_end_?	öre, son durumda B ve D firmalarının kasalarındaki paraların toplamı kaç TL'dir?
874a25c6-e959-5667-8cc9-bd5eed845217	345 2025 Tyt Matematik Soru Bankası	385	13	89	ok	valid_end_?	 grafik, $y=f(x)$ fonksiyonuna aittir. Buna göre, $f(4).f(-1)+f(5).f(1)$ kaçtır?
b762e615-979f-5e0c-85c3-480293edb92f	345 Tyt Ayt Geometri Soru Bankası	389	8	127	ok	valid_end_?	) = 45^\circ$ $|DF| = 8,5$ cm $|BF| = 15,5$ cm olduğuna göre, $|CE|$ kaç cm'dir?
593eb55e-cba9-5ade-b37b-e255e3f6553e	ACİL-2025-Matematiğin İlacı Polinom	73	12	184	ok	valid_end_?	lduğuna göre, $|BC|=a$ ifadesinin $x$ türünden eşiti aşağıdakilerden hangisidir?
cd3f800a-e451-5b50-8f3c-8585de21bc48	345 Tyt Ayt Geometri Soru Bankası 2	62	10	143	ok	valid_end_?	l, $AC \perp DB$, $|DC| = |CB|$, $|AC| = 4$ cm olduğuna göre, $|AE|$ kaç cm'dir?
da1a0660-79f3-5f63-b615-599a1ed7c888	345 Tyt Ayt Geometri Soru Bankası	7	7.	185	ok	valid_end_?	(\text{EDC}) = 165^\circ$ olduğuna göre, $m(\text{BCD}) = \alpha$ kaç derecedir?
9e6829b9-5d2c-5aa9-98de-8f8fb645bc6b	345 Tyt Ayt Geometri Soru Bankası	7	6.	159	ok	valid_end_?	(\text{DGF}) = 124^\circ$ olduğuna göre, $m(\text{ABC}) = \alpha$ kaç derecedir?
04c20231-3678-588d-ac75-8c40657b15a5	345 Tyt Ayt Geometri Soru Bankası	17	6	175	ok	valid_end_?	iç teğet çemberinin merkezi olduğuna göre, $m(\widehat{ACE}) = x$ kaç derecedir?
3feebd08-bd04-57cb-8e92-d0d2034844d1	345 Tyt Ayt Geometri Soru Bankası	21	6	140	ok	valid_end_?	DE}) = 3\alpha$, $m(\text{ABF}) = \alpha$ olduğuna göre, $\alpha$ kaç derecedir?
b45f35df-de9c-56b4-b729-ccdf1a551d45	345 Tyt Ayt Geometri Soru Bankası	23	7.	155	ok	valid_end_?	(\widehat{DCA}) = 75^\circ$ olduğuna göre, $m(\widehat{BEF}) = x$ kaç derecedir?
dff63340-7f6e-5cb6-b53a-bca586cdeebb	345 Tyt Ayt Geometri Soru Bankası	23	8.	166	ok	valid_end_?	\widehat{BCD}) = 125^\circ$ olduğuna göre, $m(\widehat{DEF}) = x$ kaç derecedir?
2c205789-83a5-507e-9c51-e5f1a56bd830	345 Tyt Ayt Geometri Soru Bankası	23	9.	154	ok	valid_end_?	EC}) = 80^\circ$, $|AB| = |AD|$ olduğuna göre, $m(\widehat{BAC})$ kaç derecedir?
3365924e-4372-5131-b540-d855f5f8f911	345 Tyt Ayt Geometri Soru Bankası	25	8	194	ok	valid_end_?	(\widehat{DCF}) = 60^\circ$ olduğuna göre, $m(\widehat{BAE}) = x$ kaç derecedir?
725e95db-0e24-5aec-91f4-c153f40296c1	345 Tyt Ayt Geometri Soru Bankası	27	6.	128	ok	valid_end_?	ext{o}$, $m(\text{TCB})=20^ ext{o}$ olduğuna göre, $\alpha+\beta$ kaç derecedir?
d4951a36-871e-5437-93cb-e8458f5deeca	345 Tyt Ayt Geometri Soru Bankası	27	7.	128	ok	valid_end_?	$m(\text{BFC})=250^ ext{o}$ olduğuna göre, $m(\text{CDE})=\alpha$ kaç derecedir?
e0d1c2bd-c7e6-58c3-8ac8-cf8496159aa7	345 Tyt Ayt Geometri Soru Bankası	59	6	191	ok	valid_end_?	|EF| = (2x+7)$ cm $|AG| = (2x+20)$ cm olduğuna göre, $\frac{|EF|}{|ED|}$ kaçtır?
700ba068-8774-554c-bbfe-a4739bbcfe00	345 Tyt Ayt Geometri Soru Bankası	63	15	154	ok	valid_end_?	circ$ $|CD| = 7\sqrt{3}$ cm $|CB| = 19$ cm olduğuna göre, $|AD| = x$ kaç cm'dir?
52b04b9b-e95d-5fc0-87ab-06b7518b00d5	345 Tyt Ayt Geometri Soru Bankası	73	8	143	ok	valid_end_?	sqrt{2}$ cm, $m(\widehat{BAD}) = 45^\circ$ olduğuna göre, $|BC| = x$ kaç cm'dir?
a3ed204d-b83d-561f-a186-9046d505300a	345 Tyt Ayt Geometri Soru Bankası	97	6.	139	ok	valid_end_?	BC] = [EC]$, $|AB| = 8$ cm, $|ED| = 15$ cm olduğuna göre, $|BE| = x$ kaç cm'dir?
1251dc4a-e9ed-5788-96c3-fb2dc4ee1569	345 Tyt Ayt Geometri Soru Bankası	97	7.	113	ok	valid_end_?	|EF| = 3$ cm, $|CE| = 4$ cm, $|DC| = 7$ cm olduğuna göre, $|AD| = x$ kaç cm'dir?
e13c3f1c-384a-59a6-9763-53ca9c15bfff	345 Tyt Ayt Geometri Soru Bankası	97	9.	128	ok	valid_end_?	 $|EF| = 1$ cm, $|FD| = 3$ cm olduğuna göre, boyalı bölgenin çevresi kaç cm'dir?
d28c6cb9-ae67-5f6d-af22-4c357774e1a6	345 Tyt Ayt Geometri Soru Bankası	100	6	142	ok	valid_end_?	|AC| = 5$ cm, $|BC| = 3$ cm, $|ED| = 2$ cm olduğuna göre, $|CD| = x$ kaç cm'dir?
1173a2fd-6e3d-528e-bc01-dbfc59e79a8c	345 Tyt Ayt Geometri Soru Bankası	101	8.	147	ok	valid_end_?	BC]$ $[AE] = [BC]$ $|AB| = 3$ cm $|EC| = 1$ cm olduğuna göre, $|DE|$ kaç cm'dir?
e340182b-6eb0-5f75-9be4-35307134d149	345 Tyt Ayt Geometri Soru Bankası	101	10.	134	ok	valid_end_?	 $|AB| = 6$ cm $|EB| = 8$ cm $|ED| = 9$ cm olduğuna göre, $|BC| = x$ kaç cm'dir?
99fdfba1-9a64-5fb5-b56e-7b5314807439	345 Tyt Ayt Geometri Soru Bankası	103	6.	154	ok	valid_end_?	 $|EF| = 2$ cm $|ED| = 6$ cm $|BC| = 7$ cm olduğuna göre, $|AD| = x$ kaç cm'dir?
940bef15-669f-57de-8bd0-2ed23d8e24c8	345 Tyt Ayt Geometri Soru Bankası	107	5.	128	ok	valid_end_?	rac{|BC|}{|BF|} = \frac{3}{5}$, $|AB| = 15$ cm olduğuna göre, $|DE|$ kaç cm'dir?
54ab6826-2c06-5634-82a6-3f6e1a508bdf	345 Tyt Ayt Geometri Soru Bankası	109	6.	132	ok	valid_end_?	, $[BD] = 3|AD|$, $[DE] = [EF]$, $|EG| = 2$ cm olduğuna göre, $|GC|$ kaç cm'dir?
96c5dac9-6fc2-55dc-8ff3-a645af346b9e	345 Tyt Ayt Geometri Soru Bankası	111	6	355	ok	valid_end_?	linde boyalı bir bölge oluşmaktadır. Buna göre, bu yamuğun çevresi kaç birimdir?
c79aff44-c34d-546e-8a49-e1dc47a96592	345 Tyt Ayt Geometri Soru Bankası	115	6	161	ok	valid_end_?	B] \perp [AC]$ $|HG| = 2,5$ cm, $|AB| = 18$ cm olduğuna göre, $|DC|$ kaç cm'dir?
bf78a84a-a12a-548f-8ed2-1a2ffc840d1a	345 Tyt Ayt Geometri Soru Bankası	117	10	198	ok	valid_end_?	|BD| = 30$ cm. B, C ve D doğrusal noktalar olduğuna göre, $|AC| = x$ kaç cm'dir?
dfb86b68-c1c2-51d7-9c58-6fa5935868d6	345 Tyt Ayt Geometri Soru Bankası	117	6	127	ok	valid_end_?	$, $|BD| = |DC|$, $|AE| = 1$ cm, $|EC| = 3$ cm olduğuna göre, $|DC|$ kaç cm'dir?
369f4a97-2e75-5bab-a1d9-9312ad07bdf2	345 Tyt Ayt Geometri Soru Bankası	119	8	110	ok	valid_end_?	{BDE})$ $|AE|=10$ cm $|FB|=6$ cm $|DC|=4$ cm olduğuna göre, $|CB|=x$ kaç cm'dir?
57525830-3c53-59b1-a636-47b40c241061	345 Tyt Ayt Geometri Soru Bankası	121	6.	139	ok	valid_end_?	4$ cm, $|FC|=6$ cm, $|EC|=8$ cm olduğuna göre, $m(\widehat{DEF})$ kaç derecedir?
9bb8f2ba-e89b-5231-b1df-90a11ced509d	345 Tyt Ayt Geometri Soru Bankası	121	7.	111	ok	valid_end_?	e, $[AB] \perp [AC]$, $|EH|=2$ cm, $|HF|=3$ cm olduğuna göre, $|BG|$ kaç cm'dir?
6ed320a9-47f3-511d-b6b8-b307ca24548c	345 Tyt Ayt Geometri Soru Bankası	123	6	128	ok	valid_end_?	p [DG]$, $|BG|=2$ cm, $|FC|=3$ cm, $|AE|=4$ cm olduğuna göre, $|AD|$ kaç cm'dir?
1e430bb6-c798-5029-b6c8-32b448aee349	345 Tyt Ayt Geometri Soru Bankası	123	8	133	ok	valid_end_?	3$ cm, $|DE|=4$ cm, $|AE|=6$ cm, $|AB|=8$ cm olduğuna göre, $|BC|=x$ kaç cm'dir?
2ee92aaf-708d-5949-bfb7-2bf81b21c114	345 Tyt Ayt Geometri Soru Bankası	125	8.	160	ok	valid_end_?	dot |DE|$ $|BC| = 4$ cm A, D ve E doğrusal olduğuna göre, $|AC| = x$ kaç cm'dir?
1aa62049-d039-52ab-902d-9193fcd8e918	Orijinal-Tyt Ayt Geometri Soru Bankası	427	8.	192	ok	valid_end_?	360^ ext{o}$ döndürülmesiyle elde edilen cismin tüm alanı kaç $\text{cm}^2$ dir?
008dfccc-7b29-5065-91b4-f679812c98ed	Orijinal-2025-Logaritma Diziler	132	9	224	ok	valid_end_?	 bir dizi olmak üzere $a_1 = 2$ $a_2 = 4$ $a_3 = k$  olduğuna göre $a_4$ kaçtır?
0ae07335-f0e9-5da4-9a3c-dced4425fc78	345 Tyt Ayt Geometri Soru Bankası	129	4	320	ok	valid_end_?	cuna yapıştırılarak oluşmaktadır. Buna göre, $\frac{|K'D|}{|CL'|}$ oranı kaçtır?
74e4ec2c-0cac-5586-b388-1df7a2d88c0e	345 Tyt Ayt Geometri Soru Bankası	137	7	308	ok	valid_end_?	ılıyor. E noktası $[GH']$'nın orta noktası olduğuna göre, $|A'H'|=x$ kaç cm'dir?
388ea9ba-de40-505e-bc83-73362fbd3c8a	Acil-2024-AYT Matematik Kitap-1	146	3	298	ok	valid_end_?	 cm $\sin\alpha = \frac{\sqrt{93}}{17}$ olduğuna göre, $|\text{BC}|$ kaç cm'dir?
275b18b7-4fcf-50a4-8de4-8f10f8bb210a	345 Tyt Ayt Geometri Soru Bankası	153	7	70	ok	valid_end_?	G, ABC üçgeninin ağırlık merkezi olduğuna göre, $[BD] = x$ kaç cm'dir?
8c1bb785-fce7-5211-b94d-de38ed4d3e32	345 Tyt Ayt Geometri Soru Bankası	157	7	144	ok	valid_end_?	AD| = 2\sqrt{3}$ cm, $|AG| = 2\sqrt{3}$ cm olduğuna göre, $|GC| = x$ kaç cm'dir?
68b6b26d-ffae-5ee3-abaf-b7d8c718acbb	345 Tyt Ayt Geometri Soru Bankası	165	10	85	ok	valid_end_?	çgeninde verilenlere göre, $x$'in alabileceği kaç farklı tam sayı değeri vardır?
61d8732c-11e8-5fab-bb3b-10a076053ed5	345 Tyt Ayt Geometri Soru Bankası	171	9	124	ok	valid_end_?	m, $|CD| = 6$ cm, $|AB| = 7$ cm olduğuna göre, $m(\widehat{ADC})$ kaç derecedir?
dd7ec771-36dc-5b4d-9c1c-d4d1e7330c13	345 Tyt Ayt Geometri Soru Bankası	173	10	124	ok	valid_end_?	C]$ açıortay, $|BE| = 2$ cm, $|DC| = 3$ cm olduğuna göre, $|ED| = x$ kaç cm'dir?
1844a374-ff3d-591e-b496-ef7ba43c7e5c	345 Tyt Ayt Geometri Soru Bankası	175	8	160	ok	valid_end_?	$ABC$'nin iç açıortaylarının kesim noktası olduğuna göre, $|BC| = x$ kaç cm'dir?
884d114b-76f8-5b5b-a286-00146b53d373	345 Tyt Ayt Geometri Soru Bankası	183	8	150	ok	valid_end_?	A}) = m(\widehat{ACB})$ $|BC| = 12$ cm olduğuna göre, Çevre(DEC) kaç $cm^2$'dir?
39b93743-c123-5c12-ae14-90b6e3401a9a	345 Tyt Ayt Geometri Soru Bankası	203	6	175	ok	valid_end_?	 $S_2$ bulundukları bölgelerin alanları olduğuna göre, $\frac{S_1}{S_2}$ kaçtır?
7659a581-30f5-5751-8a38-a892b17aaaee	345 Tyt Ayt Geometri Soru Bankası	203	5	187	ok	valid_end_?	n alanları $|AF|=1$ cm $|FE|=|EC|=2$ cm olduğuna göre, $\frac{S_1}{S_2}$ kaçtır?
f72b32ca-5a43-5fec-9215-130c1d234e04	345 Tyt Ayt Geometri Soru Bankası	211	8	178	ok	valid_end_?	 $|BF|=3 \text{ cm}$ olduğuna göre, boyalı bölgenin alanı kaç $\text{cm}^2$ dir?
03954282-f97b-5e9a-b46f-a97032edb891	345 Tyt Ayt Geometri Soru Bankası	219	8	97	ok	valid_end_?	E \perp BC$, $|AB|=2|BE|$, $|BD|=8$ cm. olduğuna göre, Alan(ABC) kaç $cm^2$ dir?
5e5b7397-8523-5c68-bd24-e855fe1f81fa	345 Tyt Ayt Geometri Soru Bankası	219	6	164	ok	valid_end_?	 M ve N bulundukları bölgelerin alanı olduğuna göre, $M-N$ farkı kaç $cm^2$ dir?
953b0e29-a0a6-53a0-9e78-a768fba7d869	345 Tyt Ayt Geometri Soru Bankası	221	6.	130	ok	valid_end_?	at{ADB}) = m(\widehat{DBC}) = 75^\circ$ olduğuna göre, Alan(ACD) kaç $cm^2$ dir?
06928b86-d8a4-5fc3-b094-570e390f1d2c	345 Tyt Ayt Geometri Soru Bankası	223	5	121	ok	valid_end_?	\perp DB$, $|AE| = 5$ cm, $|DB| = 8$ cm olduğuna göre, Alan(ABC) kaç $cm^2$ dir?
916b1164-a2b3-5695-9947-1aaa3113f467	345 Tyt Ayt Geometri Soru Bankası	245	7	143	ok	valid_end_?	] \cong [BC]$ $|BD| = 6$ cm, $|AE| = 8$ cm olduğuna göre, $|EC| = x$ kaç cm'dir?
34473dd3-8f79-589d-9637-934235f7d049	345 Tyt Ayt Geometri Soru Bankası	257	6	125	ok	valid_end_?	4$ cm, $|AB|=6$ cm, $|EF|=13$ cm, $|DC|=18$ cm olduğuna göre, $|AE|$ kaç cm'dir?
8b9dce65-525f-53bb-995a-df98bcfc1cad	345 Tyt Ayt Geometri Soru Bankası	257	8	155	ok	valid_end_?	m, $|DA|=9$ cm, $|DC|=16$ cm olduğuna göre, yamuğun alanı kaç $\text{cm}^2$ dir?
e878c7bb-ae09-529c-9c19-52810fb3b4ea	345 Tyt Ayt Geometri Soru Bankası	263	6	143	ok	valid_end_?	 [AD]$, $|CD| = 10$ cm, $|CB| = 7$ cm olduğuna göre, $\frac{|AE|}{|ED|}$ kaçtır?
0bf76345-b9f4-52da-9af2-3063d2c204ba	345 Tyt Ayt Geometri Soru Bankası	263	10	150	ok	valid_end_?	$ cm, $|AH| = |HB| = 8$ cm, $|BC| = 13$ cm olduğuna göre, $|DF| = x$ kaç cm'dir?
65f24790-4056-5d29-83ec-d2aec84ac92a	345 Tyt Ayt Geometri Soru Bankası	267	6.	192	ok	valid_end_?	FD) = 9 \text{ cm}^2$ olduğuna göre, boyalı bölgenin alanı kaç $\text{cm}^2$dir?
a477475b-049b-54e6-a1dd-7493ca11a7ef	345 Tyt Ayt Geometri Soru Bankası	289	7	104	ok	valid_end_?	 = |AE|$, $|DC| = |DE| = |BE|$. Olduğuna göre, $m(\widehat{DAE})$ kaç derecedir?
54718f6d-7a50-51f5-97a9-2bf72ba5bef1	345 Tyt Ayt Geometri Soru Bankası	289	8	145	ok	valid_end_?	}) = 116^\circ$, $|EB| = |AD|$. Olduğuna göre, $m(\widehat{CAB})$ kaç derecedir?
3017dae3-ab55-5456-bf40-fed4937d0f71	345 Tyt Ayt Geometri Soru Bankası	293	6	113	ok	valid_end_?	]$ açıortay, $|EF|=7$ cm. Çevre$(ABCD)=100$ cm olduğuna göre, $|BC|$ kaç cm'dir?
0c018375-a5f3-5301-b5ad-5b41e550c160	345 Tyt Ayt Geometri Soru Bankası	293	7	140	ok	valid_end_?	|=8$ cm, $|FC|=12$ cm, $|FB|-|AF|=3$ cm olduğuna göre, Çevre$(ABCD)$ kaç cm'dir?
0bd6f393-adeb-5b1c-bca2-da7afc23b36d	345 Tyt Ayt Geometri Soru Bankası	295	7.	124	ok	valid_end_?	, $|AD| = 7$ cm, $|FE| = 8$ cm, $|AB| = 12$ cm olduğuna göre, $|CG|$ kaç cm'dir?
19b5a141-ffe7-5f41-9429-10c5194be7f0	345 Tyt Ayt Geometri Soru Bankası	297	6	132	ok	valid_end_?	p |BD| = \{G\}$ $|BE| = 1$ cm $|EC| = 2$ cm olduğuna göre, $|BF| / |FG|$ kaçtır?
273220d8-3d5b-5366-bf23-af19abaf6ce9	345 Tyt Ayt Geometri Soru Bankası	304	17.	177	ok	valid_end_?	ölgenin alanı $36 \text{ cm}^2$ olduğuna göre, Alan(ABCD) kaç $\text{cm}^2$ dir?
c7211032-9ef8-555d-a4ea-a38eef0d15e0	345 Tyt Ayt Geometri Soru Bankası	304	21.	135	ok	valid_end_?	 = 6$ cm, Alan(ADF) = Alan(BEC) olduğuna göre, $|DE| = x$ kaç $\text{cm}^2$ dir?
76e32562-c365-59ac-b8e8-ff9c92560143	345 Tyt Ayt Geometri Soru Bankası	306	26	220	ok	valid_end_?	 $100 \text{ cm}^2$ olduğuna göre, boyalı alanlar toplamı kaç $\text{cm}^2$ dir?
28694a1d-378d-563b-aeaf-3a9201c7cee3	345 Tyt Ayt Geometri Soru Bankası	309	6	122	ok	valid_end_?	idehat{BED}) = 150^ ext{o}$ olduguna göre, $m(\widehat{DCB}) = x$ kaç derecedir?
dc333e6c-9857-544d-95b8-6e9106bbccd6	345 Tyt Ayt Geometri Soru Bankası	311	6	111	ok	valid_end_?	 BC$, $|AD|=|DE|$, $|EB|=3$ cm, $|AE|=10$ cm olduğuna göre, $|DF|=x$ kaç cm'dir?
dd20c183-299b-5007-b6e3-2ec0e3aaaa96	345 Tyt Ayt Geometri Soru Bankası	311	8	117	ok	valid_end_?	]$, $m(\widehat{ADE})=45^\circ$, $|EB|=3$ cm olduğuna göre, $|BC|=x$ kaç cm'dir?
aa029cb8-1741-564f-863d-25b38aa30b6d	345 Tyt Ayt Geometri Soru Bankası	315	Soru 7	144	ok	valid_end_?	C| = 7 \text{ cm}$ $|AE| = 11 \text{ cm}$ olduğuna göre, A(ABCD) kaç cm$^2$ dir?
ea5128c5-70f1-52df-b74f-02dac13c7cb0	345 Tyt Ayt Geometri Soru Bankası	315	Soru 8	157	ok	valid_end_?	$ $[BF]$ ve $[CF]$ açıortay olduğuna göre, boyalı bölgenin alanı kaç cm$^2$ dir?
4e6bf73f-8b58-573e-9bc1-235ce0718f87	345 Tyt Ayt Geometri Soru Bankası	315	Soru 9	175	ok	valid_end_?	cm}$ $|FB| = 7 \text{ cm}$ olduğuna göre, boyalı alanlar toplamı kaç cm$^2$ dir?
b7fdcbcb-8139-50d0-9cf1-2f9a0850ddaa	345 Tyt Ayt Geometri Soru Bankası	319	7	165	ok	valid_end_?	AC] \cap [ED] = \{G\}$, B, H ve F doğrusal olduğuna göre, $|AG| = x$ kaç cm'dir?
67a82b73-edf9-5b35-b6d1-b038c98b6381	ACİL-2025-Matematiğin İlacı Polinom	41	8.	46	ok	valid_end_?	Yukarıdaki bölme işlemine göre, $B(2)$ kaçtır?
73b5d18f-69d1-582b-8965-987858844e7c	345 Tyt Ayt Geometri Soru Bankası	327	6	155	ok	valid_end_?	D|$, $|FG|=7$ cm, $|EF|=10$ cm olduğuna göre, boyalı alan kaç $\text{cm}^2$ dir?
3656e91c-eeea-5858-9a95-8e88bbeb580e	345 Tyt Ayt Geometri Soru Bankası	327	8	152	ok	valid_end_?	EF|=3$ cm, $|BF|=2$ cm olduğuna göre, $\text{Alan}(ABCD)$ kaç $\text{cm}^2$ dir?
e5e117eb-533e-5bda-9444-9f19b42544ac	345 Tyt Ayt Geometri Soru Bankası	329	8	110	ok	valid_end_?	n, $|EB|=|EC|=|E|$, $|EF|=5$ cm, $|FC|=4$ cm olduğuna göre, $|GB|=x$ kaç cm'dir?
e4d881d8-6409-53fa-a5cc-a22885e38086	345 Tyt Ayt Geometri Soru Bankası	331	6	283	ok	valid_end_?	|HP|=4$ cm olduğuna göre, $AD$ ile $KL$ kenarları arasındaki uzaklık kaç cm'dir?
406c0c32-e41a-58c4-8762-a60c2c5fcfdc	345 Tyt Ayt Geometri Soru Bankası	331	9	127	ok	valid_end_?	$ cm, $|DF|=8$ cm. D, G ve H doğrusal olduğuna göre, $\frac{|BC|}{|BH|}$ kaçtır?
8063e9d7-4bc7-5829-b845-d657fda538dc	345 Tyt Ayt Geometri Soru Bankası	333	7.	179	ok	valid_end_?	kenar orta noktaları olduğuna göre, boyalı bölgenin alanı kaç $\text{cm}^2$ dir?
aa6e49cd-3cba-51d6-9dc3-20b43ff1427d	345 Tyt Ayt Geometri Soru Bankası	333	8.	125	ok	valid_end_?	 DB = \{F\}$, $|AE| = |AC|$, $|BC| = 6$ cm olduğuna göre, $|BE| = x$ kaç cm'dir?
1bd7a579-264c-5375-bae4-7a13a5f91fc3	345 Tyt Ayt Geometri Soru Bankası	339	7.	143	ok	valid_end_?	 $m(\widehat{EAB}) = m(\widehat{EBC})$ olduğuna göre, Alan(ABCD) kaç $cm^2$'dir?
3b14da8f-7a6a-55c0-85e9-40eb185636ea	345 Tyt Ayt Geometri Soru Bankası	339	10.	134	ok	valid_end_?	 = $4$ $cm^2$, Alan(ABE) = $21$ $cm^2$ olduğuna göre, Alan(BEGC) kaç $cm^2$'dir?
6e1ede97-852d-5731-8934-4ae3afaaa40b	345 Tyt Ayt Geometri Soru Bankası	339	11.	176	ok	valid_end_?	L) = $6$ $cm^2$, Alan(KFB) = $5$ $cm^2$ olduğuna göre, Alan(CLK) kaç $cm^2$'dir?
e82fdf5d-2120-5277-8840-69a508c9da99	Orijinal-2025-Tyt-Matematik Porblemler	48	7	545	ok	valid_end_)	angi biri tükendiğinde diğer pillerde bu pille birlikte çıkarılıp atılmaktadır.)
75462ea3-223a-56da-bf8a-7130eba152bc	Orijinal-Tyt Ayt Geometri Soru Bankası	363	16	396	ok	valid_end_?	çgeninin ağırlık merkezi, $G(a, b)$ noktasıdır. Buna göre, $a+b$ toplamı kaçtır?
33952181-ef66-5c1d-a107-83dab77e9306	Orijinal-2025-Tyt-Matematik Porblemler	163	6	383	ok	valid_end_?	finin alt alta geldiği toplam 16 sütun vardır. ifadelerinden hangileri doğrudur?
1878eeea-4875-5ad7-b81c-5bde7e211582	Orijinal-2025-Tyt-Matematik Porblemler	187	12	461	ok	valid_end_?	$ eksik olduğuna göre bu restorana salı günü gelen toplam müşteri sayısı kaçtır?
a79d62ee-6634-5549-82bc-c24212755191	Orijinal-Tyt Ayt Geometri Soru Bankası	9	7.	168	ok	valid_end_?	 = \alpha$. Yukarıdaki verilere göre, $m(\widehat{BFG}) = \alpha$ kaç derecedir?
cca6900c-19ea-529d-883c-c45daa19e102	345 Tyt Ayt Geometri Soru Bankası	351	6	221	ok	valid_end_?	m, $|BD| = 16$ cm olduğuna göre, boyalı bölgelerin çevreleri toplamı kaç cm'dir?
92651c6d-2c90-5ec8-ae7a-ae804cb944d9	345 Tyt Ayt Geometri Soru Bankası	355	7	119	ok	valid_end_?	 = 7$ cm $|FG| = 11$ cm A, B ve E doğrusal olduğuna göre, $|GF| = x$ kaç cm'dir?
a2ebf525-82ca-581b-808a-840b15cffb33	345 Tyt Ayt Geometri Soru Bankası	357	6	116	ok	valid_end_?	\perp |AD|$ $|AB| = |EF| = 6$ cm $|ED| = 3$ cm olduğuna göre, $|BC|$ kaç cm'dir?
979bf0e7-9a42-5994-9909-1088fcf55cf9	345 Tyt Ayt Geometri Soru Bankası	357	7	107	ok	valid_end_?	|EA| = |EB|$ $|AB| = 10$ cm $|BC| = 17$ cm olduğuna göre, $|CE| = x$ kaç cm'dir?
f3e3cba0-9913-50ef-820a-346ac03c00d8	345 Tyt Ayt Geometri Soru Bankası	359	6	133	ok	valid_end_?	$ cm, $|FB| = 3\sqrt{3}$ cm, $|AD| = 4$ cm olduğuna göre, $|EC| = x$ kaç cm'dir?
bd4a8b62-f0e1-5f2a-8c6f-b5cc0e3c1dac	345 Tyt Ayt Geometri Soru Bankası	361	6	109	ok	valid_end_?	[AE]$, $[CG] \perp [DB]$, $[AF]=[GB]$ olduğuna göre, $\frac{|DF|}{|CG|}$ kaçtır?
9fae5013-1b7a-5980-b0d1-a2d0e517e43c	345 Tyt Ayt Geometri Soru Bankası	361	7	132	ok	valid_end_?	dehat{AED})=45^{\circ}$, $|DE|=6\sqrt{2}$ cm olduğuna göre, $|BF|=x$ kaç cm'dir?
bae71618-47ba-5d32-9063-61f68a42137f	345 Tyt Ayt Geometri Soru Bankası	363	7	107	ok	valid_end_?	m $|EB|=17$ cm $|ED|^2+|EA|^2=261$ cm$^2$ olduğuna göre, Çevre(ABCD) kaç cm'dir?
1803444e-09f5-5ac0-a2f3-012cf5e44882	345 Tyt Ayt Geometri Soru Bankası	363	8	129	ok	valid_end_?	)$ $|DE|=|BF|$ $|AE|=2\sqrt{6}$ cm $|EC|=5$ cm olduğuna göre, $|EF|$ kaç cm'dir?
e674b328-3d23-515d-9570-60763e195542	345 Tyt Ayt Geometri Soru Bankası	373	8	152	ok	valid_end_?	|=|EG|$ $|DG|=1$ cm $|GC|=10$ cm olduğuna göre, $A(ABCD)$ kaç $\text{cm}^2$ dir?
91bd577c-f479-595a-b4d3-972e252451fc	345 Tyt Ayt Geometri Soru Bankası	376	22	144	ok	valid_end_?	enin ağırlık merkezi olduğuna göre; boyalı bölgenin alanı kaç $\text{cm}^2$ dir?
c76ddb8a-5cca-5fa3-a93b-f60fbd294fe3	345 Tyt Ayt Geometri Soru Bankası	377	28	105	ok	valid_end_?	ortay, $|EB|=3$ cm, $|AC|=10$ cm olduğuna göre, Alan(DAE) kaç $\text{cm}^2$ dir?
7861b6d0-0700-51c4-9971-313869e21068	345 Tyt Ayt Geometri Soru Bankası	379	7	121	ok	valid_end_?	 \perp [DB]$, $|DE| = 4$ cm, $|EF| = 5$ cm olduğuna göre, $|AE| = x$ kaç cm'dir?
d72465df-a286-5ea5-99eb-b2c58cfdfe3f	345 Tyt Ayt Geometri Soru Bankası	385	5	155	ok	valid_end_?	|HG| = 4$ cm olduğuna göre, $A(\overset{\triangle}{AEH})$ kaç $\text{cm}^2$ dir?
466a9508-c8ba-5d95-b776-60a8275f6c2b	345 Tyt Ayt Geometri Soru Bankası	385	7	126	ok	valid_end_?	EB| = 10$ cm $|AD| = 12$ cm $|DC| = 19$ cm olduğuna göre, $|DF| = x$ kaç cm'dir?
8fc09a76-385f-59c5-a766-75dd1a1daae2	345 Tyt Ayt Geometri Soru Bankası	387	7	108	ok	valid_end_?	 doğrusal, $|BG|=3$ cm, $|BC|=9$ cm olduğuna göre, $|AH|=x$ kaç $\text{cm}$'dir?
c2203312-b0ef-5b30-a168-3ce7cb366751	345 Tyt Ayt Geometri Soru Bankası	389	9	116	ok	valid_end_?	EF| = |FC|$ $|AD| = 6$ cm $|DE| = 7$ cm olduğuna göre, $A(ABCD)$ kaç $cm^2$ dir?
31837879-f10a-5f08-826a-5233de2fa3da	345 Tyt Ayt Geometri Soru Bankası	393	6	111	ok	valid_end_?	 $|FC| = 3$ cm $|EF| = 4$ cm $|DE| = 5$ cm olduğuna göre, $|GE| = x$ kaç cm'dir?
7c3e5ce3-044d-5bb4-a52f-2d716c59c9db	345 Tyt Ayt Geometri Soru Bankası	393	7	121	ok	valid_end_?	circ$ $|BD| = |CE|$, $|AD| = 2\sqrt{3}$ cm olduğuna göre, $|AF| = x$ kaç cm'dir?
0bee030f-32ea-5552-87f2-313c0f55cc92	345 Tyt Ayt Geometri Soru Bankası	395	7	140	ok	valid_end_?	ehat{KDE})$, $|DK|=7\sqrt{2}$ cm, $|KE|=17$ cm olduğuna göre, $|DE|$ kaç cm'dir?
ae19ac9b-749a-58e0-a830-3a6fefcd0b0c	345 Tyt Ayt Geometri Soru Bankası	407	5	168	ok	valid_end_?	 $S_2$ bulundukları bölgelerin alan değerleri olduğuna göre, $S_1 - S_2$ kaçtır?
cc4c8a7c-d2c6-5bd0-aa4e-cc32817faab1	Orijinal2024-Ayt-Matematik Soru Bankası	95	11	130	ok	valid_end_?	NM]=5$ br, $[ML]=4$ br, $[KL]=10$ br olduğuna göre, $\cos \alpha$ değeri kaçtır?
9912056a-6cd0-5154-9943-701bb99228f6	345 Tyt Ayt Geometri Soru Bankası	419	8	118	ok	valid_end_?	 = 54^\circ$, $[AC] = 6$ cm, $[DF] = 8$ cm olduğuna göre, $[AF] = x$ kaç cm'dir?
970a4d80-3bb7-5b18-897b-b016c8f1018b	345 Tyt Ayt Geometri Soru Bankası	419	9	150	ok	valid_end_?	= 44^\circ$. Düzgün beşgenin çevresi 20 cm olduğuna göre, $[EF] = x$ kaç cm'dir?
97356393-1dea-5f70-bb85-4ba2b4c2044c	Orijinal2024-Ayt-Matematik Soru Bankası	95	12	141	ok	valid_end_?	rtay, $[LN]=3$ birim, $[NM]=5$ birim olduğuna göre, $\cos \alpha$ değeri kaçtır?
a3cdfb11-e90b-51ca-bb05-c29b768e6696	Orijinal2024-Ayt-Matematik Soru Bankası	95	13	176	ok	valid_end_?	na göre, $|MN|$ uzunluğunun $\alpha$ türünden değeri aşağıdakilerden hangisidir?
b1d2de3f-cc2f-5ef8-8109-81a35116ea77	Orijinal2024-Ayt-Matematik Soru Bankası	95	14	104	ok	valid_end_?	e, $3 \cdot |TK| = |NT|$ ve $[MT] \perp [TP]$ Buna göre, $\cot x$ değeri kaçtır?
6616445f-5290-5ffa-9066-0f8207f8a93c	345 Tyt Ayt Geometri Soru Bankası	437	7	144	ok	valid_end_?	OT})$, $|ND| = 3$ cm, $|EN| = 5$ cm olduğuna göre, $|PO| = |NT| = x$ kaç cm'dir?
e819a20c-3a76-538b-9f37-0128ac3e81d0	345 Tyt Ayt Geometri Soru Bankası	439	5	345	ok	valid_end_?	n çevresi 30 birim olduğuna göre, dikdörtgenlerden birinin çevresi kaç birimdir?
621dcca6-1fb4-5e1a-8d54-a26ca41ce1df	345 Tyt Ayt Geometri Soru Bankası 2	13	7	141	ok	valid_end_?	dehat{AD}) = 30^\circ$ olduğuna göre, $m(\widehat{ABC}) = \alpha$ kaç derecedir?
693efc7a-0281-52a2-b4e2-443cae22e964	345 Tyt Ayt Geometri Soru Bankası 2	21	6	162	ok	valid_end_?	ve $D$ noktaları çember üzerinde olduğuna göre, $m(\widehat{AB})$ kaç derecedir?
e0d20804-7768-54b2-be1b-1f72731d95ed	345 Tyt Ayt Geometri Soru Bankası 2	21	5	175	ok	valid_end_?	taları çember üzerinde olduğuna göre, $m(\widehat{DAB}) = \alpha$ kaç derecedir?
12e5dc09-8da2-5a01-a84a-20365e511701	Orijinal-Tyt Ayt Geometri Soru Bankası	9	10.	238	ok	valid_end_?	100^\circ$. Yukarıdaki verilere göre, $m(\widehat{FGH}) = \alpha$ kaç derecedir?
838a050d-593d-5119-bead-221a9cd5213e	345 Tyt Ayt Geometri Soru Bankası 2	49	16	167	ok	valid_end_?	B| = 25$ cm $E$ noktası çember üzerinde olduğuna göre, $|AB| = x$ kaç $cm^2$dir?
ce9bdc5e-199f-5ed0-8840-344b39298a82	345 Tyt Ayt Geometri Soru Bankası 2	65	5	378	ok	valid_end_?	irim olduğuna göre, Şekil 2'de A ve B' noktaları arasındaki mesafe kaç birimdir?
d1c8bb6b-79cd-5e1e-ac5f-1417831bdcb7	345 Tyt Ayt Geometri Soru Bankası 2	66	10	197	ok	valid_end_?	im ve çemberin A noktasına en uzak noktası D olduğuna göre, $|AD|$ kaç birimdir?
dc3c58eb-1d12-5eb1-8564-e1cf9844377f	345 Tyt Ayt Geometri Soru Bankası 2	79	7	174	ok	valid_end_?	merkezli çembere $A$ noktasında teğet olduğuna göre, $|BC|$ kaç $\text{cm}$'dir?
2d4eface-cfa1-598f-a264-93124092e73d	345 Tyt Ayt Geometri Soru Bankası 2	91	6	212	ok	valid_end_?	a da kesmektedir. $|AB|=12$ birim olduğuna göre, çemberin yarıçapı kaç birimdir?
f380a952-5232-5e8a-9966-225829b90b28	Orijinal-Tyt Ayt Geometri Soru Bankası	11	7.	225	unclear	unknown_end_$	EDC}) = 110^\circ$, $m(\widehat{DCB}) = 70^\circ$, $m(\widehat{CBA}) = 40^\circ$
87da6c90-a3f4-5ddc-9f2a-1f24f8ed930e	Orijinal-Tyt Ayt Geometri Soru Bankası	17	7.	161	ok	valid_end_?	{ABC})=52^\circ$. Yukarıdaki verilere göre, $DAE$ açısının ölçüsü kaç derecedir?
3bd76f26-55a0-5852-9831-beed345fce4c	Orijinal-Tyt Ayt Geometri Soru Bankası	17	9.	156	ok	valid_end_?	{ACB})=30^\circ$. Yukarıdaki verilere göre, $ADC$ açısının ölçüsü kaç derecedir?
793dce38-5641-5621-a0d9-bc734dc835ce	Orijinal-Tyt Ayt Geometri Soru Bankası	17	11.	157	ok	valid_end_?	{DEC})=30^\circ$. Yukarıdaki verilere göre, $BAC$ açısının ölçüsü kaç derecedir?
7da91a24-bbaa-5957-bcb3-2ed13cdec968	Orijinal-Tyt Ayt Geometri Soru Bankası	19	7.	171	ok	valid_end_?	}) = 22^ ext{o}$ Yukarıdaki verilere göre, $m(\widehat{BEC}) = x$ kaç derecedir?
c348411f-eecb-5333-9b38-94048552175f	Orijinal-Tyt Ayt Geometri Soru Bankası	19	12.	127	ok	valid_end_?	[BD]$ ve $[CD]$ açıortay olmak üzere, $m(\widehat{CAD}) = \alpha$ kaç derecedir?
a05fb6d6-9606-599d-b88f-3738f5b5ebcb	345 Tyt Ayt Geometri Soru Bankası 2	139	8	197	ok	valid_end_?	dan kırılıp Şekil 2'deki gibi eksenler üzerine geliyor. Buna göre, $a+b$ kaçtır?
0594dfbc-5ade-5479-ad9e-137e86f748de	345 Tyt Ayt Geometri Soru Bankası 2	147	9	112	ok	valid_end_?	D|$, $2|EB| = 3|AE|$ olduğuna göre, $B$ noktasının koordinatları toplamı kaçtır?
8eafc115-df80-5267-aeaa-cc5c74aaa64c	345 Tyt Ayt Geometri Soru Bankası 2	172	6	239	ok	valid_end_?	 noktasından geçen $d$ doğrusunun denklemi $y=mx+n$ olduğuna göre, $m+n$ kaçtır?
a8590ae9-8b23-5e13-bccd-263b2c1ddc53	Orijinal-Tyt Ayt Geometri Soru Bankası	59	11.	46	ok	valid_end_?	Yukarıdaki verilere göre, $|DC|=x$ kaç cm'dir?
60f35e4f-653e-542b-b888-38cf6ba79d2a	Orijinal-Tyt Ayt Geometri Soru Bankası	95	8.	136	ok	valid_end_?	4$ cm, $|DC|=7$ cm. Yukarıda verilenlere göre, $\frac{|BE|}{|EC|}$ oranı kaçtır?
f29b251d-50f2-5248-8906-d78e149610e7	Orijinal2024-Ayt-Matematik Soru Bankası	35	12	86	ok	valid_end_?	 ve $c$ birer pozitif gerçek sayıdır. Buna göre, $x_1 \cdot y_1$ çarpımı kaçtır?
2131dd09-2d1a-5a68-ad87-b2d6aa7d41ea	345 Tyt Ayt Geometri Soru Bankası 2	319	7.	554	ok	valid_end_?	lindir veya koni görebilmek için aşağıdaki kartonlardan hangisi kullanılmalıdır?
ed373abb-3583-515e-a443-e63b4c029205	Orijinal-Tyt Ayt Geometri Soru Bankası	361	10	168	ok	valid_end_?	qrt{3}, 2)$'dir. Buna göre, $A$ köşesinin koordinatı aşağıdakilerden hangisidir?
ee58b7a0-a59f-5bda-9a51-f066e02c6dde	345 Tyt Biyoloji Soru Bankası	16	3	495	ok	valid_end_?	ılmıştır. Bu deney, aşağıdakilerden hangisini araştırmak için yapılmış olabilir?
c46e648c-08fc-5ef3-bc75-a796f4c77500	Orijinal-Tyt Ayt Geometri Soru Bankası	31	7.	147	ok	valid_end_?	|DC|$, $|BE|=2$ cm, $|DE|=3$ cm. Yukarıda verilenlere göre, $|EC|=x$ kaç cm'dir?
c944dbb2-c0f5-5258-ac61-242499d6a7ec	Orijinal-Tyt Ayt Geometri Soru Bankası	33	7.	152	ok	valid_end_?	 6$ cm, $|BD| = 4\sqrt{2}$ cm. Yukarıda verilenlere göre, $|CD| = x$ kaç cm'dir?
1dc24b8a-0434-5454-9b20-0e07194fd2d9	Orijinal-Tyt Ayt Geometri Soru Bankası	33	10.	137	ok	valid_end_?	}) = 15^\circ$, $|AC| = 8$ cm. Yukarıda verilenlere göre, $|BC| = x$ kaç cm'dir?
587e0ac7-f0c3-5f55-b87d-a5085ca16e65	345 2025 Ayt Matematik Soru Bankası	123	15.	83	ok	valid_end_?	D kare $|BE| = 3$ cm $|EC| = 2$ cm $|DF| = 1$ cm olduğuna göre, $\tan x$ kaçtır?
2f5ecece-baad-55a3-b80a-201da35b2df8	Orijinal2024-Ayt-Matematik Soru Bankası	41	15	231	ok	valid_end_?	lur. Buna göre, beşgen için ifadesinin değeri aşağıdakilerden hangisine eşittir?
e31f0407-d824-5aa7-8d70-55e67086655a	345 2025 Ayt Matematik Soru Bankası	131	11.	162	ok	valid_end_?	(\widehat{DAE}) = m(\widehat{EAB})$ olduğuna göre, $\tan(\widehat{ADC})$ kaçtır?
41c74375-0148-59f1-9586-c649a433e956	345 2025 Ayt Matematik Soru Bankası	137	6	194	ok	valid_end_?	gösterildiği biçimde yerleştirilmiştir. Buna göre, $\tan(\widehat{AOB})$ kaçtır?
40de4301-2ee3-550c-be20-7bbbd0ab16d0	Orijinal-2025-Analitik Geometri	18	Çıkmış Soru (2018 / TYT)	305	ok	valid_end_?	arı arasındaki mavi çizgi ile gösterilen uzaklığı kaç kilometre olarak hesaplar?
d53e1723-e16a-5543-9e7b-8a95b6a61444	Orijinal-2025-Analitik Geometri	44	8	442	ok	valid_end_?	 $m_1 \cdot m_2 = -1$ III. $m_1^2 = m_2^2 - 2$ ifadelerinden hangileri doğrudur?
a3c945d6-7830-5b40-b4c0-06b514fe5748	Orijinal-Tyt Ayt Geometri Soru Bankası	47	7.	168	ok	valid_end_?	, $[ET] \perp [BD]$. Yukarıdaki verilere göre, $\frac{|HT|}{|CD|}$ oranı kaçtır?
a1ea8760-8bb7-5737-b868-11cd4a369b2b	Orijinal-Tyt Ayt Geometri Soru Bankası	47	11.	139	ok	valid_end_?	AD|=14$ birim, $|DC|=2$ birim. Yukarıda verilenlere göre, $|BD|=x$ kaç birimdir?
14d4da24-f32e-5bf3-bc36-0861c70ea693	Orijinal-Tyt Ayt Geometri Soru Bankası	53	5	667	ok	valid_end_?	makaslardan birinin şekildeki görünümünde gri uçları arası uzaklık kaç birimdir?
e014fd5d-80da-59df-8b2a-fe9de73bd795	Orijinal-Tyt Ayt Geometri Soru Bankası	57	7.	69	ok	valid_end_?	ABC eşkenar üçgenin çevresi $27$ cm olduğuna göre, $|DF|$ kaç cm'dir?
95903b34-444e-5678-b827-1e59cddefad0	Orijinal-Tyt Ayt Geometri Soru Bankası	59	7.	55	ok	valid_end_?	ABC eşkenar üçgen olduğuna göre, Çevre(ABC) kaç cm'dir?
a83dd3fb-9fad-52dd-87dd-7e44b12cc753	Orijinal-Tyt Ayt Geometri Soru Bankası	69	7.	132	ok	valid_end_?	= 5$ cm $|BD| = 6$ cm $|DC| = 3$ cm Buna göre, ABC üçgeninin çevresi kaç cm'dir?
7c03d3ec-c9d1-571e-bb8b-b218d5e6ae3b	Orijinal-Tyt Ayt Geometri Soru Bankası	79	7.	135	ok	valid_end_?	p [GD]$, $|BD|=10$ cm, $|DC|=8$ cm. Yukarıdaki verilere göre, $|AG|$ kaç cm'dir?
73994e4f-1788-51a0-bee2-93cb9dde4bb9	Orijinal-Tyt Ayt Geometri Soru Bankası	79	9.	133	ok	valid_end_?	 cm. G noktası ABC üçgeninin ağırlık merkezi olduğuna göre, $|CH|=x$ kaç cm'dir?
f9bf2fa5-6879-5893-bb82-e948fa677077	Orijinal-Tyt Ayt Geometri Soru Bankası	91	8.	147	ok	valid_end_?	{DBC})$, $|AD|=4|DC|$, $|BD|=6$ cm. Yukarıdaki verilere göre, $|AB|$ kaç cm'dir?
4eb0299b-ca83-565b-b985-afd1466e3eeb	Orijinal-Tyt Ayt Geometri Soru Bankası	95	7.	117	ok	valid_end_?	ortay, $|AE|=4$ cm, $|EC|=6$ cm. Yukarıda verilenlere göre, $|BC|=x$ kaç cm'dir?
7b61708a-37ce-546c-b75d-fdac2a824239	Orijinal-Tyt Ayt Geometri Soru Bankası	95	10.	166	ok	valid_end_?	AB|=20$ cm. Yukarıda verilenlere göre, BDEF paralelkenarının çevresi kaç cm'dir?
5c081403-e085-5308-89b7-45d2da907885	Orijinal-Tyt Ayt Geometri Soru Bankası	99	10	47	ok	valid_end_?	Yukarıda verilenlere göre, $|FP|=x$ kaç cm'dir?
5a8ea05f-2a01-5451-9916-66db466c2e34	Orijinal-Tyt Ayt Geometri Soru Bankası	101	7	153	ok	valid_end_?	, $|TC| = 3$ cm, $|NC| = 4$ cm. Yukarıdaki verilere göre, $|AF| = x$ kaç cm'dir?
bcc44a6c-f3fa-5037-9abc-c38808e66a8e	Orijinal-Tyt Ayt Geometri Soru Bankası	113	8.	178	ok	valid_end_?	 şekilde $m(\widehat{BGN}) = m(\widehat{NGC})$ olduğuna göre, $|NC|$ kaç cm'dir?
979a3b13-0dbc-581d-8a10-e044dcb66893	Orijinal-2024-Tyt Ayt-Fonksiyonlar	132	8	182	ok	valid_end_?	nksiyonunun grafiği verilmiştir. Buna göre, $(fof)(-5)$ ifadesinin eşiti kaçtır?
706a9bb2-5509-576c-8e4d-a28064bff525	Orijinal-Tyt Ayt Geometri Soru Bankası	129	9.	124	ok	valid_end_?	| = |BF|$. Yukarıdaki verilere göre, $\frac{Alan(ABF)}{Alan(EDF)}$ oranı kaçtır?
9a2c5465-1ad0-5278-87b8-eebe29f40c56	Orijinal-Tyt Ayt Geometri Soru Bankası	180	10.	132	ok	valid_end_?	F| = 4$ cm, $|AB| = 10$ cm'dir. Yukarıdaki verilere göre, $|AD| = x$ kaç cm'dir?
fa1c9131-7a5c-5c68-94c4-30cdb1d6f9fb	Orijinal-2025-Analitik Geometri	32	7	586	ok	valid_end_?	tir. Buna göre robottan sinyal alınan son noktanın koordinatları toplamı kaçtır?
c9dad5e6-1d2b-5463-bf07-b3c3beefad5e	Orijinal-2024-Tyt Ayt-Fonksiyonlar	124	7	320	ok	valid_end_?	duğuna göre, $f(m) - 1 = 0$ eşitliğini sağlayan $m$ değerlerinin toplamı kaçtır?
ab96932d-1983-5994-96e9-1ad4340a7ae7	Orijinal-2024-Tyt Ayt-Fonksiyonlar	124	8	297	ok	valid_end_?	 ve $c$ sayılarının küçükten büyüğe doğru sıralanışı aşağıdakilerden hangisidir?
0cdcd1d9-f3d2-5e8b-92f8-201669842afb	Orijinal-Tyt Ayt Geometri Soru Bankası	117	7.	138	ok	valid_end_?	$|DC| = 12$ cm. Yukarıda verilenlere göre, Alan($\widehat{ADC}$) kaç $cm^2$ dir?
ca1ee622-6b7a-5f97-973a-b23ea2c51971	Orijinal-Tyt Ayt Geometri Soru Bankası	121	9.	74	ok	valid_end_?	Yukarıdaki şekilde $[CL]=2[BK]$ olduğuna göre, $[LE]$ kaç $\text{cm}$'dir?
14bb2b56-9d56-59d0-bfaf-89ead145d3ad	Orijinal-Tyt Ayt Geometri Soru Bankası	125	7.	147	ok	valid_end_?	C|=6$ cm, $|AB|=5$ cm'dir. Buna göre, ABD üçgeninin alanı kaç $\text{cm}^2$ dir?
485f555b-cf5a-5675-a3d5-d7ee4dbe1baf	Orijinal-Tyt Ayt Geometri Soru Bankası	140	8.	170	ok	valid_end_?	ıda verilenlere göre, $|AB|=x$'in alabileceği kaç farklı tam sayı değeri vardır?
70af7ef0-60a4-5afb-9ef3-26de7b3661d0	Orijinal-Tyt Ayt Geometri Soru Bankası	170	7.	174	ok	valid_end_?	rtgende $m(\hat{B})+m(\hat{C})=90^{\circ}$ olduğuna göre, $|AD|$ = x kaç cm'dir?
e273a3f3-0ca9-56f3-98ec-526c9f44b325	Orijinal-Tyt Ayt Geometri Soru Bankası	172	8.	166	ok	valid_end_?	$ cm. $[CK]$ ve $[AL]$ köşegeni üzerinde kesiştiklerine göre, $|AD|$ kaç cm'dir?
b7a1bb29-feab-58e1-90d4-c741d579d717	Orijinal-Tyt Ayt Geometri Soru Bankası	176	7.	130	ok	valid_end_?	$|DC|=|ED|=5$ cm, $|AE|=4$ birim. Yukarıdaki verilere göre, $|AB|=x$ kaç cm'dir?
a00e6297-7c58-51b7-877a-dbd389bd3f60	Orijinal-Tyt Ayt Geometri Soru Bankası	186	8.	65	ok	valid_end_?	ABCD paralelkenar olduğuna göre, $A(ABCD)$ kaç $\text{cm}^2$ dir?
ba8a4aaa-fcf6-50ca-b3c0-c0ea83e48504	345 2025 Ayt Matematik Soru Bankası	357	6.	333	ok	valid_end_?	enin alanı $A_2$ olmak üzere $\frac{A_1+A_2}{A_2-A_1}$ ifadesinin değeri kaçtır?
4c502947-6503-5436-8406-9bf50f56b30b	345 2025 Ayt Matematik Soru Bankası	323	8.	152	ok	valid_end_?	\int_{-2}^{2} [f(x) \cdot g(x) + f'(x) \cdot g(x)] dx$ ifadesinin değeri kaçtır?
ed72b858-7ff0-5df6-97fc-15815d000042	Orijinal-Tyt Ayt Geometri Soru Bankası	188	7	147	ok	valid_end_?	) = $36 \text{ cm}^2$ Yukarıdaki verilere göre, Alan(FCE) kaç $\text{cm}^2$ dir?
98f4ca74-cc7f-55b0-90e5-5aa12019c387	345 Tyt Fizik Soru Bankası	244	5	263	ok	valid_end_?	nı göstermek isteyen bir öğrenci bu düzeneklerden hangi ikilisini kullanmalıdır?
96a4f0e0-44cb-5c8a-8211-d5e9d1bbf666	Orijinal-Tyt Ayt Geometri Soru Bankası	200	7.	157	ok	valid_end_?	| = 15$ cm. Yukarıdaki verilere göre, AED üçgeninin alanı kaç $\text{cm}^2$ dir?
882090ea-08da-5ff8-94fc-e1dbb27e0648	Orijinal-Tyt Ayt Geometri Soru Bankası	208	7	116	ok	valid_end_?	1$ cm, $|AD|=3$ cm. Yukarıda verilenlere göre, Alan(ABCD) kaç $\text{cm}^2$ dir?
3709eb00-63ce-5fc2-9aca-21b985eb0522	Orijinal-Tyt Ayt Geometri Soru Bankası	214	7.	99	ok	valid_end_?	DH] \perp [AC]$, $|DH|=12$ cm, $|CH|=|AH|+6$ olduğuna göre, $|BH|=x$ kaç cm'dir?
4888c00e-5ea9-5299-ae88-e3932baf7d22	Orijinal-Tyt Ayt Geometri Soru Bankası	242	7.	142	ok	valid_end_?	$ $|AB| = 17$ cm $|DC| = 7$ cm Yukarıda verilenlere göre, $|KL| = x$ kaç cm'dir?
27f083ac-4283-5795-afc3-60be66f9a753	Orijinal-Tyt Ayt Geometri Soru Bankası	244	7	155	ok	valid_end_?	4$ cm $|EB| = 7$ cm Yukarıda verilenlere göre, Alan(ABCD) kaç $\text{cm}^2$ dir?
a01b0b71-ea04-5b71-977f-a97102963c52	345 2025 Start Matematik	10	16	224	ok	valid_end_?	n pistonu en az kaç mm yukarı bastırılırsa şırınga tüpünün içinde boşluk kalmaz?
db51b898-0e65-5712-b459-851ae9013ef0	Orijinal-Tyt Ayt Geometri Soru Bankası	246	7	168	unclear	unknown_end_$	D]$ $[AD] = [BC]$ $[AD] \perp [DB]$ $|DC| = 5 \text{ cm}$ $|AB| = 13 \text{ cm}$
37a1e6be-9d1a-524b-9c23-039af2cfd75c	345 2025 Start Matematik	20	18	204	ok	valid_end_?	ldeki gibi ikişer dosya olduğuna göre, bu 15 dosyalıkta toplam kaç dosya vardır?
dcee54f9-160a-59e2-b1cd-4fdc590be021	Orijinal-Tyt Ayt Geometri Soru Bankası	265	7.	184	ok	valid_end_?	yı yarım çembere teğet olduğuna göre, $m(\widehat{BKC}) = \alpha$ kaç derecedir?
f54c61aa-50f1-50ea-bf2f-67702f9cb802	345 2025 Start Matematik	42	16	206	ok	valid_end_?	r birbirine ve çerçeveye teğet olduğuna göre, sarı lambanın çapı (?) kaç cm'dir?
60cbb30e-2a21-507c-b047-73fff7a839fc	345 2025 Start Matematik	54	16	355	ok	valid_end_?	üç parçanın uzunlukları toplamı santimetre cinsinden aşağıdakilerden hangisidir?
899f5dd6-d48a-55d2-ba56-39a30d88c95a	Orijinal-Tyt Ayt Geometri Soru Bankası	281	7.	69	ok	valid_end_?	B merkezli çeyrek çembere göre verilenlere göre, $|CD|=x$ kaç cm'dir?
c443b3d2-5ff3-503f-8caf-2df40d85b7e3	345 2025 Start Matematik	76	13	203	ok	valid_end_?	luk değerleri şekil üzerinde gösterilmiştir. Buna göre, $x$ uzunluğu kaç br'dir?
993bfe5e-3231-536f-9247-60379e8eaff7	Orijinal-Tyt Ayt Geometri Soru Bankası	287	7.	97	ok	valid_end_?	arları çemberi B, C, D, E noktalarında kestiğine göre, $x+y$ toplamı kaç cm'dir?
f832275b-fc91-55f1-83e2-6cc2c6c90ec6	Orijinal-Tyt Ayt Geometri Soru Bankası	212	10.	125	ok	valid_end_?	qrt{2}$ cm, $|ED|=1$ cm. Yukarıdaki verilere göre, $|EB|$ kaç $\text{cm}^2$ dir?
9e378873-a20b-5f72-8c7a-9fa613fde7f8	345 2025 Start Matematik	148	13	86	ok	valid_end_?	r tam sayı olmak üzere, yukarıdaki tanımlamalara göre, ifadesinin değeri kaçtır?
95d026f2-e4b8-5d3b-8415-6d6a3911bbd4	Orijinal-Tyt Ayt Geometri Soru Bankası	228	9	113	ok	valid_end_?	$|DE|=|EC|$. $|DF|=4$ cm. Yukarıda verilenlere göre, boyalı alan kaç $cm^2$ dir?
18fc4ee1-7073-516d-97c7-0dd950a3cc1c	Orijinal-Tyt Ayt Geometri Soru Bankası	230	8.	106	ok	valid_end_?	$ $|DE| = 7$ cm $|AE| = 12$ cm Yukarıda verilenlere göre, $|BE| = x$ kaç cm'dir?
920566de-71b3-5b22-baee-99890ce9a080	Orijinal-Tyt Ayt Geometri Soru Bankası	234	6	173	ok	valid_end_?	4 \text{ cm}$'dir. Yukarıda verilenlere göre, $S_1 - S_2$ kaç $\text{cm}^2$'dir?
be564e1a-2b7e-55b9-b967-ceb9bf8e3f28	Orijinal-Tyt Ayt Geometri Soru Bankası	244	9	135	ok	valid_end_?	 5$ cm Alan($\Delta$ABE) = Alan(AECD) olduğuna göre, $\frac{x}{y}$ oranı kaçtır?
367260c1-e60e-5802-9f6c-22a12d6d6ab3	345 2025 Tyt Ayt Geometri Soru Bankası 1	101	9.	124	ok	valid_end_?	widehat{BEC})$ $|ED| = 3$ cm $|BD| = 6$ cm olduğuna göre, $|CE| = x$ kaç cm'dir?
cb6c49d7-66a1-5b50-88c1-fbf3cc59441b	345 2025 Tyt Ayt Geometri Soru Bankası 1	101	10.	138	ok	valid_end_?	 $|AB| = 6$ cm $|EB| = 8$ cm $|ED| = 9$ cm olduğuna göre, $|BC| = x$ kaç cm'dir?
4cba753a-eb01-5f44-a57f-8e2148491642	345 2025 Tyt Ayt Geometri Soru Bankası 1	105	5	99	ok	valid_end_?	F // AE$ $|AD| = 4|ED|$ $|CH| = 7$ cm olduğuna göre, $5|AB| - 4|GE|$ kaç cm'dir?
c546985d-8948-57eb-94ae-24054d3745cf	345 2025 Tyt Ayt Geometri Soru Bankası 1	121	7.	111	ok	valid_end_?	 $[AB] \perp [AC]$ $[EH] = 2$ cm $[HF] = 3$ cm olduğuna göre, $|BG|$ kaç cm'dir?
5d15dbe6-d779-5a37-8e2a-474a43ccbbbf	345 2025 Tyt Ayt Geometri Soru Bankası 1	123	8	137	ok	valid_end_?	 $|DE| = 4$ cm $|AE| = 6$ cm $|AB| = 8$ cm olduğuna göre, $|BC| = x$ kaç cm'dir?
5d370a2e-39b8-51be-ac59-09362200825d	345 2025 Tyt Ayt Geometri Soru Bankası 1	125	8.	160	ok	valid_end_?	dot |DE|$ $|BC| = 4$ cm A, D ve E doğrusal olduğuna göre, $|AC| = x$ kaç cm'dir?
cc488da3-73b1-58c8-96a7-18403f1487b2	Orijinal-Tyt Ayt Geometri Soru Bankası	265	10.	157	ok	valid_end_?	circ}$ dir. Yukarıdaki verilere göre, $m(\widehat{AED}) = \alpha$ kaç derecedir?
2396f4bd-16e9-5f17-95da-0e0d7d51a1cc	Orijinal-Tyt Ayt Geometri Soru Bankası	267	10.	145	ok	valid_end_?	ECB})=48^{\circ}$. Yukarıdaki verilere göre, $m(\widehat{ABC})=x$ kaç derecedir?
d4bd3462-e439-55f7-9c32-f458fead6caf	345 2025 Ayt Kimya Soru Bankası	261	8	78	ok	valid_end_?	Lewis yapı formülü verilen bileşikle ilgili aşağıdakilerden hangisi yanlıştır?
3196687b-fc8e-5ab5-ae1f-edf66c8942a6	345 Tyt Kimya Soru Bankası	79	9	265	ok	valid_end_)	ri kovalent bağ sayısı yargılarından hangileri ortaktır? ($_{1}H, _{6}C, _{8}O$)
e43f658b-559a-5b63-9faa-fcf31ee94661	345 2025 Start Matematik	212	12	293	ok	valid_end_?	antimetre cinsinden değer aralığını veren eşitsizlik aşağıdakilerden hangisidir?
cf14e7b3-c1e4-5a41-8729-2efce4924a58	345 2025 Start Matematik	224	13	254	ok	valid_end_?	ilen kütlelerine göre $|a-b| - |-a|$ ifadesinin eşit aşağıdakilerden hangisidir?
f6e20896-fa24-55f3-b395-c10abaf07198	345 2025 Start Matematik	226	13	192	ok	valid_end_?	lmektedir. Buna göre, verilen eşitliği sağlayan $x$ değerlerinin toplamı kaçtır?
73610e74-31fb-56cd-9c5f-896acf5bd192	345 2025 Tyt Ayt Geometri Soru Bankası 1	7	6	173	ok	valid_end_?	(\text{DGF}) = 124^\circ$ olduğuna göre, $m(\text{ABC}) = \alpha$ kaç derecedir?
28a66f91-f175-5512-bb57-2fd28a0274fd	345 2025 Tyt Ayt Geometri Soru Bankası 1	27	8	144	ok	valid_end_?	t{o}$ $m(\text{BDC})=60^ ext{o}$ olduğuna göre, $m(\text{AED})=x$ kaç derecedir?
c08d8bd2-e936-502e-be60-268963928491	345 2025 Tyt Ayt Geometri Soru Bankası 1	23	8.	180	ok	valid_end_?	idehat{BCD}) = 125^ ext{o}$ olduğuna göre, $m(\widehat{DEF}) = x$ kaç derecedir?
535d21f7-95b6-58d2-bcd6-e391617c605e	345 2025 Tyt Ayt Geometri Soru Bankası 1	25	8.	182	ok	valid_end_?	c$, $m(\text{DCF}) = 60^\circ$ olduğuna göre, $m(\text{BAE}) = x$ kaç derecedir?
14a67195-5d29-5acf-b94a-dda9824d5b4b	345 2025 Tyt Ayt Geometri Soru Bankası 1	31	8.	142	ok	valid_end_?	c$, $m(\widehat{EAC})=28^\circ$ olduğuna göre, $m(\widehat{ABC})$ kaç derecedir?
301bfe50-4700-5e9c-ae2a-1e0adb30f2d6	345 2025 Tyt Ayt Geometri Soru Bankası 1	31	9.	137	ok	valid_end_?	\widehat{BEA})=63^\circ$ olduğuna göre, $m(\widehat{ACB})=\alpha$ kaç derecedir?
4dd81a46-251e-5a26-b1b0-989af6ca5de8	345 2025 Tyt Ayt Geometri Soru Bankası 1	75	7.	97	ok	valid_end_?	 $|EB| = 3$ cm $|AB| = 5$ cm $|AC| = 6$ cm olduğuna göre, $|EC| = x$ kaç cm'dir?
d09376d6-9622-5055-821c-39e31b2442fd	345 2025 Tyt Ayt Geometri Soru Bankası 1	75	10.	166	ok	valid_end_?	$|BE| = 2|ED|$ $|FD| = 2$ cm $|DC| = 8$ cm olduğuna göre, $|FG| = x$ kaç cm'dir?
acae7c0e-7ebf-520d-8b2f-e9e7a9a50e6a	345 2025 Tyt Ayt Geometri Soru Bankası 1	77	7	232	ok	valid_end_?	 $|BC| = 6$ cm, $|AB| = 3\sqrt{7}$ olduğuna göre, Şekil 2'de $|AB'|$ kaç cm'dir?
7ffdd9fe-0a22-57ff-9c33-cd3645bcd050	345 2025 Tyt Ayt Geometri Soru Bankası 1	77	8	149	ok	valid_end_?	$ cm, $|AB| = 8$ cm, $|BC| = 8\sqrt{5}$ cm olduğuna göre, Çevre(DBE) kaç cm'dir?
6fd6bc86-bfbc-5e9b-a5fd-145b97ef10e7	345 2025 Tyt Ayt Geometri Soru Bankası 1	81	8	137	ok	valid_end_?	(\widehat{ACD}) = 50^\circ$ olduğuna göre, $m(\widehat{ABC}) = x$ kaç derecedir?
5ddf3afd-f159-5d0d-a6f4-bd9e35b75d03	345 2025 Tyt Ayt Geometri Soru Bankası 1	201	10	170	ok	valid_end_?	 = \frac{1}{3}$ olduğuna göre, $A$ ile $D$ arasındaki en kısa mesafe kaç cm'dir?
898ef427-371f-55b8-b6e2-6d4a4a27281c	345 2025 Tyt Ayt Geometri Soru Bankası 1	201	11	132	ok	valid_end_?	C) = S_2$, $S_1 = 2S_2$, $|AF| + |DE| = 20$ cm olduğuna göre, $|AF|$ kaç cm'dir?
3f5687de-db7f-51fb-b430-c0562776ba68	345 2025 Tyt Ayt Geometri Soru Bankası 1	201	12	123	ok	valid_end_?	 = 4$ cm, $|AD| = 8$ cm, $A(AED) = A(DBC)$ olduğuna göre, $|EB| = x$ kaç cm'dir?
8dba6668-f30a-5741-a68e-1a17f0325594	345 2025 Tyt Ayt Geometri Soru Bankası 1	211	10.	168	ok	valid_end_?	sqrt{3} + 1) \text{ cm}$ olimits olduğuna göre, Alan(ABC) kaç $\text{cm}^2$ dir?
07dce765-487a-5231-b85d-833c15eba373	345 2025 Tyt Ayt Geometri Soru Bankası 1	215	8.	146	ok	valid_end_?	lel [BC]$, $[BG] = [GD]$, $[FE] = [ED]$ olduğuna göre, $\frac{S_1}{S_2}$ kaçtır?
2ad549cd-4987-56b3-a604-25704f391f13	345 2025 Tyt Ayt Geometri Soru Bankası 1	221	8.	107	ok	valid_end_?	ı bölgelerin alanları eşit olduğuna göre, $|\text{AD}| = x$ kaç $\text{cm}$'dir?
c7593e3b-f81d-55c5-88ac-930a10f57edd	345 2025 Tyt Ayt Geometri Soru Bankası 1	153	6	137	ok	valid_end_?	\perp [BC]$ $|BD| = 12$ cm, $|DC| = 18$ cm olduğuna göre, $|GD| = x$ kaç cm'dir?
0f8ce67c-15f9-511f-9578-bc26689df552	345 2025 Tyt Ayt Geometri Soru Bankası 1	7	7	185	ok	valid_end_?	(\text{EDC}) = 165^\circ$ olduğuna göre, $m(\text{BCD}) = \alpha$ kaç derecedir?
e06a99a7-1ce4-5b8a-94d4-4e76986b557c	345 2025 Tyt Ayt Geometri Soru Bankası 1	11	6	102	ok	valid_end_?	 üçgen, $|DB|=|EB|$, $|CG|=|CH|$ olduğuna göre, $m(\text{DFH})=x$ kaç derecedir?
1558c182-17ca-50d1-b44b-762b0fb76b73	345 2025 Tyt Ayt Geometri Soru Bankası 1	13	6	175	ok	valid_end_?	idehat{BCD}) = 150^ ext{o}$ olduğuna göre, $m(\widehat{BFD}) = x$ kaç derecedir?
801bb620-ca93-5fdc-b2fe-be0e799e1307	345 2025 Tyt Ayt Geometri Soru Bankası 1	13	7	218	ok	valid_end_?	 $m(\widehat{BFD}) = 120^ ext{o}$ olduğuna göre, $\beta - \alpha$ kaç derecedir?
4433614b-514e-53aa-8963-f003fcc1c848	345 2025 Tyt Ayt Geometri Soru Bankası 1	17	5	218	ok	valid_end_?	ehat{BTC}) = \alpha + 20^\circ$ olduğuna göre, $m(\widehat{BTC})$ kaç derecedir?
b6680705-5119-501a-be05-cacb4455d681	345 2025 Tyt Ayt Geometri Soru Bankası 1	17	6	179	ok	valid_end_?	iç teğet çemberinin merkezi olduğuna göre, $m(\widehat{ACE}) = x$ kaç derecedir?
e87282e6-2d9e-558d-838a-c877c9347f6b	345 2025 Tyt Ayt Geometri Soru Bankası 1	21	7.	171	ok	valid_end_?	= 60^\circ$, $|AB| = |AL|$, $|BC| = |CP|$ olduğuna göre, $\alpha$ kaç derecedir?
0c76ebe5-5763-5049-a3e0-0d6e22505445	345 2025 Tyt Ayt Geometri Soru Bankası 1	21	9.	247	ok	valid_end_?	ın A tepe açısı $100^\circ$ olduğuna göre, x ile ifade edilen açı kaç derecedir?
b233622d-46f9-5d6a-8433-deeec6f79190	345 2025 Tyt Ayt Geometri Soru Bankası 1	251	7	228	ok	valid_end_?	a göre, boyalı bölgelerin alanları farkının mutlak değeri kaç $\text{cm}^2$ dir?
c1141fd9-da62-54bd-9e7f-cb03c4aafa94	345 2025 Tyt Ayt Geometri Soru Bankası 1	253	8.	202	ok	valid_end_?	CD)} = \frac{13}{23}$  Yukarıdaki verilere göre, $|EF| = x$ kaç $\text{cm}$'dir?
eef2b896-8b31-57ba-9744-409e40aa3428	345 2025 Tyt Ayt Geometri Soru Bankası 1	269	9	154	ok	valid_end_?	[DE] \perp [EF]$, $|DE|=15$ cm, $|EF|=10$ cm olduğuna göre, $|DC|=x$ kaç cm'dir?
bfc0f162-cf42-5dfd-9d3b-f0832d3f12ca	345 2025 Tyt Ayt Geometri Soru Bankası 1	315	9.	180	ok	valid_end_?	m}$, $|FB| = 7 \text{ cm}$ olduğuna göre, boyalı alanlar toplamı kaç $cm^2$'dir?
9dda096d-3b24-52e8-964b-99ff6c9061ed	345 2025 Tyt Ayt Geometri Soru Bankası 1	125	9.	257	ok	valid_end_?	t{o}$ $P \in [KM]$ $T \in [LM]$ olduğuna göre, $m(\widehat{KML})$ kaç derecedir?
34ec55fd-560f-5104-a095-35fe6ed5571f	345 2025 Tyt Ayt Geometri Soru Bankası 1	165	7.	83	ok	valid_end_?	ilde verilenlere göre, $|BC|$'nin alabileceği kaç farklı tam sayı değeri vardır?
23972081-d0df-53a4-afc1-42fcfa1c0541	345 2025 Tyt Ayt Geometri Soru Bankası 1	165	10.	130	ok	valid_end_?	$|DC|=7$ cm olduğuna göre, $x$'in alabileceği kaç farklı tam sayı değeri vardır?
08675020-9a55-5c24-ab43-9751ec9fcd88	345 2025 Tyt Ayt Geometri Soru Bankası 1	165	11.	120	ok	valid_end_?	$|BC|=5$ cm, $|DC|=6$ cm olduğuna göre, $x$ kaç farklı tam sayı değeri alabilir?
53d0ead9-1aae-50d0-b132-30748c66c909	345 2025 Tyt Ayt Geometri Soru Bankası 1	175	10.	194	ok	valid_end_?	|FE| = 7$ cm, $|FD| = 15$ cm ve $|AE| = 24$ cm olduğuna göre, $|BC|$ kaç cm'dir?
17b562a4-8105-50cf-af79-5daebd7d4fd5	345 2025 Tyt Ayt Geometri Soru Bankası 1	183	8	48	ok	valid_end_?	Yukarıdaki verilere göre, Çevre(DEC) kaç cm'dir?
a82e0030-b7a1-5f5b-ab38-0daf0c8db7a7	345 2025 Tyt Ayt Geometri Soru Bankası 1	183	9	33	ok	valid_end_?	Buna göre, $|KD| = x$ kaç cm'dir?
9cb605a8-577b-5fe8-8fc0-ef7ed80988c0	345 2025 Tyt Ayt Geometri Soru Bankası 1	285	6.	171	ok	valid_end_?	FE| = 3$ cm, $|EB| = 4$ cm, $|AF| = 5$ cm olduğuna göre, Çevre(ABCD) kaç cm'dir?
80089211-2373-58ca-818d-92171916ac04	345 2025 Tyt Ayt Geometri Soru Bankası 1	331	8	135	ok	valid_end_?	GB|$, $|BG|=3\sqrt{5}$ cm, $|FG|=3$ cm olduğuna göre, Alan(ABCD) kaç $cm^2$ dir?
b0ca40f5-82a4-54ed-9718-df6dab0e79f6	345 2025 Tyt Ayt Geometri Soru Bankası 1	291	5	198	ok	valid_end_?	lelkenarın köşegenlerinin kesim noktası olduğuna göre; $|AE| + |EG|$ kaç cm'dir?
5bc10093-0d48-5fd5-8c77-6d3713d78cb9	345 2025 Tyt Ayt Geometri Soru Bankası 1	295	7	120	ok	valid_end_?	tay $|AD| = 7$ cm $|FE| = 8$ cm $|AB| = 12$ cm olduğuna göre, $|CG|$ kaç cm'dir?
13dc13bf-4aed-5e19-9eb1-f7db09f9b5e4	345 2025 Tyt Ayt Geometri Soru Bankası 1	304	17.	180	ok	valid_end_?	bölgenin alanı $36 \text{ cm}^2$ olduğuna göre, $A(ABCD)$ kaç $\text{cm}^2$ dir?
a805ffde-5c38-50ec-a182-1a1df1ccbf22	345 2025 Tyt Ayt Geometri Soru Bankası 1	304	18.	170	ok	valid_end_?	 $Alan(AFG) = 6 \text{ cm}^2$ olduğuna göre, $Alan(ABCD)$ kaç $\text{cm}^2$ dir?
a108a744-ab12-53b8-a3dd-eccfc32865e2	345 2025 Tyt Ayt Geometri Soru Bankası 1	304	19.	184	ok	valid_end_?	bölgenin alanı $30 \text{ cm}^2$ olduğuna göre, $A(ABCD)$ kaç $\text{cm}^2$ dir?
47f55dd0-b865-57ef-badf-b6643421d107	345 2025 Tyt Ayt Geometri Soru Bankası 1	305	25	178	ok	valid_end_?	|DE|=7 \text{ cm}$. Olduğuna göre, boyalı alanlar toplamı kaç $\text{cm}^2$ dir?
75f055ed-cef5-552f-a7d9-455d81e56805	345 2025 Tyt Ayt Geometri Soru Bankası 1	327	7.	165	ok	valid_end_?	ukları bölgelerin alan değerleri olduğuna göre, $S_2-S_1$ kaç $\text{cm}^2$ dir?
fd8dfb50-b02d-5ae7-99ed-397c12f3fc23	345 2025 Tyt Ayt Geometri Soru Bankası 1	327	ÇIKMIŞ SORU	235	ok	valid_end_?	. Buna göre, Burcu'nun gemisinin şekilde görünen yüzünün alanı kaç birimkaredir?
a8b13f34-ddd9-57b4-838e-99a40fe4e3d5	345 2025 Tyt Ayt Geometri Soru Bankası 1	329	8	116	ok	valid_end_?	[EB] = [EC]$, $[EF] = 5$ cm, $[FC] = 4$ cm olduğuna göre, $|GB| = x$ kaç cm'dir?
8ca3256e-5a74-5a51-8d7b-f8da6a66a540	345 2025 Tyt Ayt Geometri Soru Bankası 1	329	9	131	ok	valid_end_?	 $DE ot AB$, $|AE| = 1$ cm, $|BC| = 5$ cm olduğuna göre, $|DF| = x$ kaç cm'dir?
c3e4b732-4a0d-584f-b247-567420ffbc8b	Acil-2024-AYT Matematik Kitap-1	21	4	320	ok	valid_end_?	$ polinomunun $x-2$ ile bölümünden kalan $32+(1-2^2)$ olduğuna göre, $a$ kaçtır?
64d5ddbb-abae-54d8-91a6-990c20996e59	345 2025 Tyt Fizik Soru Bankası	115	Soru 1	138	ok	valid_end_)	e $W_S$ olduğuna göre, $\frac{W_T}{W_S}$ oranı kaçtır? (Sürtünmeler önemsizdir.)
cf723c1b-4ba8-513b-9a36-8f678953f964	345 2025 Tyt Ayt Geometri Soru Bankası 1	329	7	115	ok	valid_end_?	FK| = |KE|$, $|AF| = 1$ cm, $|KC| = 3$ cm olduğuna göre, Çevre(ABCD) kaç cm'dir?
020a5a0c-e76b-5ab9-b65f-e927ae24c6e8	Orijinal-Tyt Ayt Geometri Soru Bankası	411	10	141	ok	valid_end_?	ıda verilen cismin yüksekliği $[TH]$ olduğuna göre, hacmi kaç $\text{cm}^3$ tür?
8b8861bf-2a6b-5e73-90b7-84462e2fc47a	Acil-2024-AYT Matematik Kitap-1	84	5	279	ok	valid_end_?	eğerleri ifade eden en geniş aralık $(-\infty, 2]$ olduğuna göre, $f(3)$ kaçtır?
9dca6d7a-0031-592a-b70b-20f0e0bb98a7	Orijinal-2025-Ayt-Polinom parabol	85	8	162	ok	valid_end_?	perp |BC|$ $m^2 - n^2 = 61$ olduğuna göre ABC üçgeninin alanı kaç birim karedir?
f3c046a3-74a3-5382-b061-5596cae0e820	345 2025 Tyt Ayt Geometri Soru Bankası 1	293	8	117	ok	valid_end_?	[EA]$ açıortay $|AF| = 3$ cm $|AB| = 5$ cm olduğuna göre, $|AE| = x$ kaç cm'dir?
bbed309e-fdca-5039-a2a2-5ae4291bf81c	345 2025 Tyt Ayt Geometri Soru Bankası 1	303	13	185	ok	valid_end_?	bölgenin alanı $24 \text{ cm}^2$ olduğuna göre, $A(ABCD)$ kaç $\text{cm}^2$ dir?
acafe651-7b30-5b15-b8ff-83c4afebb6fa	345 2025 Tyt Ayt Geometri Soru Bankası 1	303	14	151	ok	valid_end_?	$Alan(DEHF) = 12 \text{ cm}^2$ olduğuna göre, $Alan(AHB)$ kaç $\text{cm}^2$ dir?
5824817f-1af6-5870-a2fe-43144ac4203c	Acil-2024-AYT Matematik Kitap-1	136	2	100	ok	valid_end_?	 hangileri başlangıç kenarı $[AC$, bitim kenarı $[AB$ olan negatif yönlü açıdır?
92c8d52a-87df-580a-9ed2-22a5aefbd8cf	Acil-2024-AYT Matematik Kitap-1	144	4	182	ok	valid_end_?	ıdının bir yüzünün alanına eşit olduğuna göre, A kağıdının çevresi kaç birimdir?
7667e304-4227-52a7-ab25-b4ab23866a67	345 2025 Tyt Ayt Geometri Soru Bankası 1	303	15	165	ok	valid_end_?	 $Alan(BFH) = 3 \text{ cm}^2$ olduğuna göre, $Alan(EFHC)$ kaç $\text{cm}^2$ dir?
66828ccd-0221-5446-a2fb-5fa268657090	Acil-2024-AYT Matematik Kitap-1	146	5	209	ok	valid_end_?	|$ $m(\text{AED}) = \alpha$ bilgileri veriliyor. Buna göre, $\sin\alpha$ kaçtır?
ab9e7eb5-2ee2-5b7d-9fd1-a964bb62b253	345 2025 Tyt Ayt Geometri Soru Bankası 1	304	20.	173	ok	valid_end_?	 cm}$, $|AB| = 12 \text{ cm}$ olduğuna göre, $Alan(ABCD)$ kaç $\text{cm}^2$ dir?
5d82b817-ea40-50a0-a446-bfcace445e57	Acil-2024-AYT Matematik Kitap-1	152	3	127	ok	valid_end_?	 ve $C(-1,0)$ dır. $m(\widehat{AOC})=\alpha$ olduğuna göre, $\cot\alpha$ kaçtır?
e4078f2e-a886-5e36-b688-b35695005bdb	Acil-2024-AYT Matematik Kitap-1	152	6	197	ok	valid_end_?	gileri veriliyor. Buna göre, $\cot\beta - 2\tan\alpha$ ifadesinin değeri kaçtır?
3b8047b4-0cd2-5be3-a594-6908640fd31b	Acil-2024-AYT Matematik Kitap-1	178	4	140	ok	valid_end_?	3$ birim, $[AB] = 5$ birim, $[CD] = 7$ birim Buna göre, $|DE| = x$ kaç birimdir?
b7782581-69c2-5074-b16c-efb6951eda16	Acil-2024-AYT Matematik Kitap-1	180	5	265	ok	valid_end_?	45^\circ$ ve $m(\widehat{CDB}) = 105^\circ$ dir. Buna göre, $|BC|$ kaç metredir?
ee42defc-0cd4-5205-9967-fb98b57c80f6	345 2025 Tyt Kimya Soru Bankası	223	10.	100	ok	valid_end_?	mış bir tuzlu su için çizilen, yukarıdaki grafiklerden hangileri doğru olabilir?
97a752bb-b767-5862-a5f0-813a1eeb9a5c	345 2025 Tyt Kimya Soru Bankası	201	10.	88	ok	valid_end_?	ki karışımlar ile ilgili verilen bilgilerden hangilerinde yanlışlık yapılmıştır?
0b67f55f-e6a6-5ce2-8ff8-2aec3955b30a	345 2025 Tyt Kimya Soru Bankası	201	12.	68	ok	valid_end_?	Yukarıdaki maddelerle ilgili verilen bilgilerden hangileri doğrudur?
503cd840-2978-5859-befa-bb017ed6de58	345 2025 Tyt Matematik Soru Bankası	273	13	718	ok	valid_end_?	tmiştir. Buna göre başlangıçta çıktı almak için işaretlenen sayfa sayısı kaçtır?
21872c85-594c-51ef-b52b-e1954892c359	345 2025 Tyt Matematik Soru Bankası	305	6	221	ok	valid_end_?	re göre, Nur ve Ada'nın yola çıkmayı planladığı saat aşağıdakilerden hangisidir?
755cdc79-106e-561f-8e1d-a9b4bc962845	345 2025 Tyt Matematik Soru Bankası	113	18	354	ok	valid_end_?	\frac{a-a}{5}| = |b-c|$ eşitliğini sağladığına göre, $a-|b|+|c|$ toplamı kaçtır?
3b8b1573-656d-5a6b-8030-421d53472b45	345 Tyt Ayt Geometri Soru Bankası	47	6	127	ok	valid_end_?	$ birim, $|LB| = 9$ birim, $|KL| = 16$ birim olduğuna göre, $|AB|$ kaç birimdir?
ac7b6556-16dd-5bda-8a10-cc073865c2bf	ACİL-2025-TYT-Soeu Bankası	384	7	114	ok	valid_end_?	ği verilmiştir. Buna göre, $\int\limits_0^4 f'(x)dx$ integralinin değeri kaçtır?
9b1ab580-eb96-5daf-96ac-0d2f4d2b7a6b	345 Tyt Ayt Geometri Soru Bankası	221	6.	95	ok	valid_end_?	erilen boyalı bölgelerin alanları eşit olduğuna göre, $|AD| = x$ kaç $cm^2$ dir?
b02a6b31-b73d-5a49-b7d4-4de9e3f08947	345 Tyt Ayt Geometri Soru Bankası	245	6	147	ok	valid_end_?	\perp [BC]$ $|DB| = 20$ cm $|DE| = 16$ cm olduğuna göre, Çevre(ABCD) kaç cm'dir?
3e1521d3-7f4d-5e43-9097-616d22f7b928	345 Tyt Ayt Geometri Soru Bankası	247	7	157	ok	valid_end_?	GH] = 4$ birim $[EF] = 7$ birim olduğuna göre, Alan(ABCD) kaç $\text{cm}^2$ dir?
4680533d-4560-532b-96f6-2a076d311feb	345 Tyt Ayt Geometri Soru Bankası	427	9	81	ok	valid_end_?	BCDEF düzgün altıgen, $|FC| = |CH| = 6$ cm olduğuna göre, $|DG| = x$ kaç cm'dir?
fcc84fcb-f5bd-5023-9c82-34e1796630d9	345 Tyt Ayt Geometri Soru Bankası	429	8	116	ok	valid_end_?	, $|HD| = 1 \text{ cm}$, $|DC| = 4 \text{ cm}$ olduğuna göre, $|FH|$ kaç cm'dir?
8e802178-10bf-5ce4-9467-c32ccfe3410c	345 Tyt Ayt Geometri Soru Bankası	111	5	128	ok	valid_end_?	ED] \parallel [BC]$, $|AF|=|FE|=|EB|$ olduğuna göre, $\frac{|EH|}{|BC|}$ kaçtır?
c5eda384-e2f4-5650-acbb-fd36901218ed	Orijinal-2025-Logaritma Diziler	138	10	129	ok	valid_end_?	tmetik dizilerinin ilk üç terimi verilmiştir. Buna göre, $x+y+z$ toplamı kaçtır?
c0e1d086-3510-52aa-8a1b-edae1147e504	345 Tyt Ayt Geometri Soru Bankası	293	8	106	ok	valid_end_?	ve $[BE]$ açıortay, $|EA|=3$ cm, $|AB|=5$ cm olduğuna göre, $|AE|=x$ kaç cm'dir?
8dc1a05d-75bf-5e19-ac0d-529c0ce84ddf	345 Tyt Ayt Geometri Soru Bankası	304	18.	168	ok	valid_end_?	$, Alan(AFG) = $6 \text{ cm}^2$ olduğuna göre, Alan(ABCD) kaç $\text{cm}^2$ dir?
3958f0c4-d5d0-5ece-bc1d-8a80458bf14f	345 Tyt Ayt Geometri Soru Bankası	304	19.	185	ok	valid_end_?	ölgenin alanı $30 \text{ cm}^2$ olduğuna göre, Alan(ABCD) kaç $\text{cm}^2$ dir?
cc6e1ef3-8372-571d-8cb0-23260a9ae1e9	345 Tyt Ayt Geometri Soru Bankası	304	20.	148	ok	valid_end_?	, $|EF| = 2$ cm, $|AB| = 12$ cm olduğuna göre, Alan(ABCD) kaç $\text{cm}^2$ dir?
6e6924b7-0f6d-57ad-96a7-ae43b46436c5	345 Tyt Ayt Geometri Soru Bankası	323	9	141	ok	valid_end_?	F] \parallel [DC]$, $|AG|=4|GB|$, $|EF|=16$ cm olduğuna göre, $|DC|$ kaç cm'dir?
8129c14d-3807-561b-bff9-f8243485faa2	345 Tyt Ayt Geometri Soru Bankası	323	10	172	ok	valid_end_?	=m(\widehat{EBC})=40^{\circ}$ olduğuna göre, $m(\widehat{BED})=x$ kaç derecedir?
dfb762c3-f9f1-5d6e-9071-3f0fb65105c7	345 Tyt Ayt Geometri Soru Bankası	329	9	121	ok	valid_end_?	ortay, $DE ot AB$, $|AE|=1$ cm, $|BC|=5$ cm olduğuna göre, $|DF|=x$ kaç cm'dir?
881a0c15-bfd5-5b8c-b209-4bc80bba52f8	345 Tyt Ayt Geometri Soru Bankası	329	10	114	ok	valid_end_?	$, $|AB|=|AD|$, Çevre(ABCD) $= 36$ birim olduğuna göre, Çevre(ABE) kaç birimdir?
c03b0802-3bfc-5bb1-9047-97d836c282a0	345 Tyt Ayt Geometri Soru Bankası	331	8	135	ok	valid_end_?	GB]$, $|BG|=3\sqrt{5}$ cm, $|FG|=3$ cm olduğuna göre, Alan(ABCD) kaç $cm^2$'dir?
1b77a2de-ffea-51f3-97f3-b3ca38030c30	Orijinal-2025-Tyt-Matematik Porblemler	149	8	464	ok	valid_end_?	bu mesafede ortalama 7 litre yakıt tükettiğine göre A - K yolu kaç kilometredir?
839cb135-248b-5931-892e-b1730b844e25	345 Tyt Ayt Geometri Soru Bankası	121	10.	127	ok	valid_end_?	 $|EC|=24$ cm, $|DE|=13$ cm, $|DC|=13$ cm olduğuna göre, $|AB|+|AD|$ kaç cm'dir?
ac30136f-0194-5565-92b4-60d0356ace60	345 Tyt Ayt Geometri Soru Bankası	127	9.	138	ok	valid_end_?	C}) = 2\alpha$ $m(\widehat{DBC}) = \alpha$ olduğuna göre, $|BD| = x$ kaç cm'dir?
c9d131c1-3168-54de-880e-c9931b5968bf	345 Tyt Ayt Geometri Soru Bankası	127	8.	140	ok	valid_end_?	$|BD| = 7$ cm $|DC| = 9$ cm $|AC| = 16$ cm olduğuna göre, $|EC| = x$ kaç cm'dir?
a3dd6bc5-6dd9-5904-9922-f1d26ac5f2f9	ACİL-2025-Matematiğin İlacı Polinom	169	5	200	ok	valid_end_?	 = x+1$ $|DK| = 3$ br $|KL| = 2$ br Yukarıda verilenlere göre, $x$ kaç birimdir?
5117e1a0-cee2-53c5-ae5b-e1b8c079670b	345 Tyt Ayt Geometri Soru Bankası	165	11	66	ok	valid_end_?	Şekilde verilenlere göre, $x$ kaç farklı tam sayı değeri alabilir?
7c03de0d-d32a-59f7-8d93-7f289776d096	345 Tyt Ayt Geometri Soru Bankası	175	9	154	ok	valid_end_?	 $m(\widehat{CBD}) = \alpha$'nın alacağı en büyük tam sayı değeri kaç derecedir?
d48cf869-4de6-5721-a2e6-3c11f4cec313	345 Tyt Ayt Geometri Soru Bankası	211	10	140	ok	valid_end_?	, $|BC|=\sqrt{3}+1 \text{ cm}$ olduğuna göre, Alan($ABC$) kaç $\text{cm}^2$ dir?
aafba189-4f64-5337-b969-1bc572f37fcf	345 Tyt Ayt Geometri Soru Bankası	219	10	256	ok	valid_end_?	geninin alanının $\frac{3}{2}$ katı olduğuna göre, $\frac{|C'B'|}{|AC|}$ kaçtır?
b0fcb79b-2899-52a6-b587-68a1de3266d0	ACİL-2025-Matematiğin İlacı Polinom	179	Örnek	148	ok	valid_end_?	 Buna göre, $a$, $b$ ve $c$'nin işaretleri sırasıyla aşağıdakilerden hangisidir?
5ae4cf29-8340-5fe7-bf32-d46855de3aeb	Orijinal-Tyt Ayt Geometri Soru Bankası	305	7.	142	ok	valid_end_?	ire diliminin alanı. $|AD|=2|DE|$ olduğuna göre, $\frac{S_1}{S_2}$ oranı kaçtır?
265d82a4-7815-5512-b6cd-149f00ba1e8a	Orijinal-Tyt Ayt Geometri Soru Bankası	319	7	663	ok	valid_end_?	kliği ilk duruma göre $8$ birim azalıyor. Buna göre telin uzunluğu kaç birimdir?
6ff32235-6a4b-5d29-891e-8068964c31ab	Orijinal-Tyt Ayt Geometri Soru Bankası	320	9	408	ok	valid_end_?	, başlangıçtaki mavi kartonun yarıçapının sarı kartonun yarıçapına oranı kaçtır?
9e6740f4-9fe7-54a6-aa30-47733211ee2c	Orijinal-Tyt Ayt Geometri Soru Bankası	330	7.	55	ok	valid_end_?	Yukarıda verilenlere göre, Alan(ABCD) kaç birimkaredir?
ac508076-163a-5de7-aca8-9ae7d9990ecc	Orijinal-Tyt Ayt Geometri Soru Bankası	411	7	159	ok	valid_end_?	$ birim $|BC| = 4$ birim Yukarıdaki verilere göre, cismin hacmi kaç birimküptür?
5056ca0f-5d4a-5d88-93dc-3a1881cf466d	Orijinal-Tyt Ayt Geometri Soru Bankası	29	11	163	ok	valid_end_?	$|DC| = 2$ cm $|BC| = \sqrt{69}$ cm Yukarıdaki verilere göre, $|AB|$ kaç cm'dir?
da31a81a-f296-54d3-858e-15662e3a6789	Orijinal-Tyt Ayt Geometri Soru Bankası	31	9.	153	ok	valid_end_?	|BD|=|DC|$, $|AD|=6\sqrt{2}$ cm. Yukarıda verilenlere göre, $|BE|=x$ kaç cm'dir?
de500db9-1b1d-50f7-a102-dedd8a0a15c0	Orijinal-Tyt Ayt Geometri Soru Bankası	31	11.	517	ok	valid_end_?	n kısa uzaklığı, $|CD|$'nin uzunluğuna eşit olduğuna göre; $|A'D|$ kaç birimdir?
5e1a0203-26f2-55d8-8213-374eae5e4416	Orijinal-Tyt Ayt Geometri Soru Bankası	33	9.	128	ok	valid_end_?	, $m(\widehat{A}) = 135^\circ$. Yukarıdaki verilere göre, $|AB| = x$ kaç cm'dir?
cf0d1303-4ffc-57c9-8f08-1cd21f599ec3	Orijinal-Tyt Ayt Geometri Soru Bankası	9	8.	160	ok	valid_end_?	ABC}) = x$, $m(\widehat{BCK}) = x$. Yukarıdaki verilere göre, $x$ kaç derecedir?
a86bda2a-524f-5774-b99c-66009c910e2c	Orijinal-Tyt Ayt Geometri Soru Bankası	9	9.	152	ok	valid_end_?	 50^\circ$. Yukarıdaki verilere göre, $m(\widehat{ABC}) = \alpha$ kaç derecedir?
cd3e0e02-0c0a-5abc-9460-3da6e8a9289b	345 Tyt Ayt Geometri Soru Bankası	363	6	94	ok	valid_end_?	n $|BT|=1$ cm $|CT|=\sqrt{30}$ cm $|DT|=15$ cm olduğuna göre, $|AT|$ kaç cm'dir?
96bd1f11-708c-573e-853d-216819e49fd0	345 Tyt Ayt Geometri Soru Bankası	363	9	98	ok	valid_end_?	DE]\perp[EB]$ $|AC|=13$ cm $|EC|=4\sqrt{3}$ cm olduğuna göre, $|AE|$ kaç cm'dir?
535c7a56-0d0f-55c7-807f-d48e392d2e25	345 Tyt Ayt Geometri Soru Bankası	373	6	148	ok	valid_end_?	5^\circ$ $|EF|=2$ cm $|BC|=5$ cm olduğuna göre, $A(ABCD)$ kaç $\text{cm}^2$ dir?
6d92b93c-324f-5ddb-bcd7-052cbef53668	345 Tyt Ayt Geometri Soru Bankası	376	24	128	ok	valid_end_?	erp[EC]$ $|DF|=6$ cm $|FC|=10$ cm olduğuna göre, $A(EFC)$ kaç $\text{cm}^2$ dir?
7fa8928e-69df-5f25-854e-9f9add28f177	345 Tyt Ayt Geometri Soru Bankası	377	27	115	ok	valid_end_?	=7$ cm, $|FC|=6$ cm olduğuna göre, $\frac{\text{A(BFC)}}{\text{A(EDC)}}$ kaçtır?
00335af4-c26c-54f9-b8eb-67ad484195c3	345 Tyt Ayt Geometri Soru Bankası	387	5	125	ok	valid_end_?	 $|AE|=7$ cm. D, G ve E doğrusal olduğuna göre, $A(GFCH)$ kaç $\text{cm}^2$ dir?
5635be95-c8f0-5494-a72e-2d316dff8e9f	345 Tyt Ayt Geometri Soru Bankası 2	31	7	152	ok	valid_end_?	|FB|$ olimits  olimits  olimits olduğuna göre, $m(\widehat{DAB})$ kaç derecedir?
65edd3d1-78dd-524b-8a53-844b63a0a43c	Orijinal2024-Ayt-Matematik Soru Bankası	91	8	301	ok	valid_end_?	\beta$ III. $0 < \tan\beta < \cot\alpha$ ifadelerinden hangileri daima doğrudur?
dd66c9bb-9cd8-59c9-94e2-523f36d8a337	Orijinal2024-Ayt-Matematik Soru Bankası	103	6	431	ok	valid_end_?	in(24\alpha - 8\beta) = -\cos\beta$ ifadelerinden hangileri kesinlikle doğrudur?
ab22b2ba-1d75-5cbd-8187-8b1f8bb71245	ACİL-2025-Matematiğin İlacı Polinom	191	Örnek	72	ok	valid_end_?	Aşağıda $y=f(x)$ parabolü verilmiştir. Buna göre, $f(10)$ değeri kaçtır?
b40f5c0a-b6c2-5609-a049-a66094c89ce2	ACİL-2025-Matematiğin İlacı Polinom	205	Örnek	123	ok	valid_end_?	 = 3x+3$, $|BC| = 5-x$. Buna göre, dikdörtgenin alanının en büyük değeri kaçtır?
695742a8-66f5-5e7b-bcae-d75973077b9c	Orijinal-Tyt Ayt Geometri Soru Bankası	15	8	215	ok	valid_end_?	circ}$'dir. Yukarıdaki verilere göre, $m(\widehat{EGF}) = \alpha$ kaç derecedir?
144e5a3d-e2eb-581e-b321-d0fdfdeb4029	Orijinal-Tyt Ayt Geometri Soru Bankası	15	11	153	ok	valid_end_?	66^{\circ}$ Yukarıdaki verilere göre, $m(\widehat{ACB}) = \alpha$ kaç derecedir?
3ef4beae-7221-57bf-b265-0231675bccab	ACİL-2025-Matematiğin İlacı Polinom	231	ÖRNEK	74	ok	valid_end_?	$(x-2)(x-5) \le 0$ eşitsizliğinin çözüm kümesi aşağıdakilerden hangisidir?
cad3cfc1-c85e-5605-9aec-9e0f218ecdce	ACİL-2025-Matematiğin İlacı Polinom	237	Örnek	90	ok	valid_end_?	cdot (x^2-5x) < 0$ eşitsizliğini sağlayan kaç farklı $x$ tam sayı değeri vardır?
a743cdf4-3f91-5fba-950c-f949dd56224b	Orijinal-2025-Ayt-Polinom parabol	38	11	176	ok	valid_end_?	 fonksiyonlara ait grafik parçaları verilmiştir. Buna göre $P(6)$ değeri kaçtır?
453fb8da-9555-5c24-937b-9eaed37c4883	ACİL-2025-Matematiğin İlacı Polinom	240	Örnek	93	ok	valid_end_?	-15}{(x-1)^2} < 0$ eşitsizliğini sağlayan kaç farklı $x$ tam sayı değeri vardır?
da68da85-cbd3-54e9-851c-0f785f216170	ACİL-2025-Matematiğin İlacı Polinom	252	Örnek	86	ok	valid_end_?	c{|x-2|}{|x|-5} \le 0$$ eşitsizliğini sağlayan kaç farklı $x$ tam sayısı vardır?
ef822c42-1bb1-5f34-9c01-2d57159c60a7	Orijinal2024-Ayt-Matematik Soru Bankası	107	6	216	ok	valid_end_?	]$'dir. Buna göre, $\frac{S_1}{S_2}$ ifadesinin eşit aşağıdakilerden hangisidir?
a3af4a77-bbb0-59c8-b63f-357e78224104	ACİL-2025-Matematiğin İlacı Polinom	258	ÖRNEK	83	ok	has_question_ending	tsizlik sisteminin çözüm kümesi aşağıdakilerden hangisidir? $x^2-4x>0$ $2x-10>0$
1cc5c75c-9ddc-526f-a694-aa7ea05f68c5	ACİL-2025-Matematiğin İlacı Polinom	261	ÖRNEK	162	ok	valid_end_?	\frac{f(x)}{g(x)} \ge 0$ eşitsizliğinin çözüm kümesi aşağıdakilerden hangisidir?
48da7d0e-95bf-598c-b3ef-cb9e1c40cd4b	Orijinal-2025-Ayt-Matematik Türev	79	ÖRNEK - 2	88	ok	valid_end_?	ri verilen fonksiyonlardan hangileri $[1, 2]$ aralığında Rolle teoremini sağlar?
4d5700c0-4716-5d9d-9a22-849b69e89659	Orijinal2024-Ayt-Matematik Soru Bankası	127	6	230	ok	valid_end_?	n kalan kısmı, I, II ve III ifadelerinde verilen şekillerden hangileri olabilir?
861cd1d0-7855-56e5-babd-97a320f90f78	ACİL-2025-Matematiğin İlacı Polinom	221	7	113	ok	valid_end_?	ri verilmiştir. $n=1$ olduğuna göre, $a+b+c$ toplamı aşağıdakilerden hangisidir?
9629b44d-6beb-5f88-858e-96c47c9d96eb	ACİL-2025-Matematiğin İlacı Sayılar-1	54	7	176	ok	valid_end_?	 karşılık geldiğine göre, $\text{EBOB(A, B)} + \text{EKOK(A, B)}$ değeri kaçtır?
3af365ae-e6df-5f28-82b2-c17177410d5b	ACİL-2025-Matematiğin İlacı Sayılar-1	109	Örnek	110	ok	valid_end_?	ır. Yukarıdaki bölme işlemine göre, $k$'nın alabileceği değerler toplamı kaçtır?
3d51429c-1cc3-5a01-97b8-15c467409597	Orijinal-2025-Ayt-Polinom parabol	121	11	164	ok	valid_end_?	 karedir. $x^2-16x+m=0$ denkleminin kökleri $a$ ve $b$ olduğuna göre $m$ kaçtır?
ae89c357-a804-5a4e-ab8c-7c174faf0e46	ACİL-2025-Matematiğin İlacı Sayılar-1	111	8	170	ok	valid_end_?	ğinde kalan değişmediğine göre, n sayısının alabileceği değerler toplamı kaçtır?
412753e5-fcc0-5436-bfd9-f8334198a4bb	ACİL-2025-Matematiğin İlacı Sayılar-1	111	12	78	ok	valid_end_?	x, y ve z birer doğal sayıdır.Yukarıdaki bölme işlemine göre, z sayısı kaçtır?
fe56838d-6418-5bae-bc5a-86dec36678b3	Orijinal2024-Ayt-Matematik Soru Bankası	119	15	268	ok	valid_end_?	e, $\sin(2\pi - \alpha) \cdot |EB|$ ifadesinin eşiti aşağıdakilerden hangisidir?
7f9299ea-dccb-5a1e-9c62-53ee8d5b3749	Orijinal2024-Ayt-Matematik Soru Bankası	125	8	244	ok	valid_end_?	irine paralel ve her iki çizgi arası mesafe $x$ birimdir. Buna göre, $x$ kaçtır?
c78e2c80-caa1-5d3e-9229-ca4849398dc0	Orijinal2024-Ayt-Matematik Soru Bankası	127	7	296	ok	valid_end_?	 |KH| = |LM|$ ve $|KL| < |KM|$ olduğuna göre, $\sin a$ ifadesinin değeri kaçtır?
88f0fa51-0ca6-52a1-834e-62de21a3892d	ACİL-TYT-AYT-Geometri Soru Bankası	263	7	155	ok	valid_end_?	|KO|=5$ birim, $|EC|=2$ birim ve $|AK|=9$ birim ise Alan(ABCD) kaç birimkaredir?
bcb8cbfb-d7e7-520c-8e87-7e48b13fa50d	ACİL-2025-Matematiğin İlacı Sayılar-2	42	6	184	ok	valid_end_?	a göre $\boxed{2k} + \triangle 3k = 21$ olimits olduğuna göre $k$ değeri kaçtır?
3f04a20a-8131-5197-bacd-a3e58172a380	Orijinal-2025-Limit	81	7	170	ok	valid_end_?	kleri verilmiştir. Buna göre, $\lim_{x \to 2^-} \frac{g(x)}{x-2}$ değeri kaçtır?
bf8bb9cf-64b9-502b-a7f0-58ccd0e3f566	Orijinal-2025-Limit	97	7	267	ok	valid_end_?	III. $\lim_{x \to 3^-} f(x)$ vardır. ifadelerinden hangileri her zaman doğrudur?
a6b9fc37-4f6f-5b2b-9b22-a157d4c85d8c	Orijinal-2025-Limit	110	10	208	ok	valid_end_?	 $f''(x)$ III. $|f(x)|$ fonksiyonlarından hangileri $x=a$ noktasında süreklidir?
b03d1b86-fe77-5023-b979-e5d383784aa4	Orijinal-2025-Limit	122	9	193	ok	valid_end_?	$, A, F, D doğrusal. Buna göre, $\lim_{x \to 8^-} \frac{S_1}{S_2}$ oranı kaçtır?
d5dd0383-4e63-5b78-aaa9-cedec762cdb7	Orijinal-2025-Limit	49	6	169	ok	valid_end_?	 verilmiştir. Buna göre, $\lim_{x \to -1^-} (fof)(x+3)$ limitinin değeri kaçtır?
4f687ec3-4520-5054-ab4d-4cae4f823225	Orijinal2024-Ayt-Matematik Soru Bankası	261	10.	556	ok	valid_end_?	oldsymbol{\star} + \lim_{x \to 3} \boldsymbol{\bullet}$ işleminin sonucu kaçtır?
99662a23-1c5f-5889-ac80-1c39a5611fa2	Orijinal-2025-Limit	124	9	143	ok	valid_end_?	}) = \alpha$. Buna göre, $\lim_{x \to 0^+} \frac{y}{x}$ limitinin değeri kaçtır?
d5a034d9-25e8-547b-adda-8c2647716070	345 2025 Tyt Matematik Soru Bankası	9	13	149	ok	valid_end_?	lmiştir. Buna göre, aynı mantıkla hazırlanmış işlem sistematiğinde $A+B$ kaçtır?
d8512b5a-c95e-57a3-8972-523ec5c16e1b	Orijinal-2025-Logaritma Diziler	19	8	297	ok	valid_end_?	 oluyor. Buna göre, $\log_x y^2$ ifadesinin alabileceği değerler çarpımı kaçtır?
f8e7ba23-cc09-515c-94dc-476920886ba9	Orijinal2024-Ayt-Matematik Soru Bankası	367	5	329	ok	valid_end_?	{2} |f(x)| dx = 8$ eşitlikleri sağlanmaktadır. Buna göre, $f'(0)$ değeri kaçtır?
ea43423d-3cb3-5636-a963-461497119382	Orijinal2024-Ayt-Matematik Soru Bankası	379	5	248	ok	valid_end_?	 ile Şekil 2'deki gri boyalı bölgelerin alanları eşit olduğuna göre, $a$ kaçtır?
e8ec5f22-a36b-580a-9305-71dacf9e74af	Orijinal2024-Ayt-Matematik Soru Bankası	384	11	330	ok	valid_end_?	 fonksiyonu gerçel sayılar kümesinde sürekli olduğuna göre $g(3)$ değeri kaçtır?
5ba99d53-5ed9-5380-a8fa-657f4d360a15	Orijinal2024-Ayt-Matematik Soru Bankası	295	9	251	ok	valid_end_?	(foh)(x)$ fonksiyonuna $x = 4$ apsisli noktasından çizilen teğetin eğimi kaçtır?
9c7014e8-8b33-5200-8452-4fe08e08b082	Orijinal2024-Ayt-Matematik Soru Bankası	301	8	353	ok	valid_end_.	n ekstremum noktasıdır. E) $(7,\infty)$ aralığında $y=f(x)$ fonksiyonu artandır.
7e7020dc-8992-59be-893d-eb5fa41d2a33	345 Tyt Ayt Geometri Soru Bankası	62	11.	157	ok	valid_end_?	|OD| = 2$ cm, $|OF| = 3$ cm, $|OE| = 4$ cm olduğuna göre, Çevre(ABC) kaç cm'dir?
b117dbdf-9504-52f0-90d3-dc0a882ccb46	345 Tyt Ayt Geometri Soru Bankası	62	12.	161	ok	valid_end_?	[KE] = [KD] = 3$ cm, $|AB| = 8\sqrt{3}$ cm olduğuna göre, $|KF| = x$ kaç cm'dir?
635b7db8-3f47-5224-82dd-45bd201ad382	Orijinal2024-Ayt-Matematik Soru Bankası	321	10	285	ok	valid_end_?	g(x)$ fonksiyonunun grafiği elde ediliyor. Buna göre, $(f'og)(3)$ değeri kaçtır?
ff1d606c-dd8a-5679-94ba-683121beb648	Aktif Ogrenme Ayt Kimya 2019 2020	105	Soru 30b	54	ok	valid_end_?	20°C'de 720 gram doygun çözeltide kaç gram su bulunur?
8930b86e-33aa-5949-a09d-14b58132b5c1	345 2025 Tyt Matematik Soru Bankası	389	14	107	ok	valid_end_?	 B \to C$ tanımlı fonksiyonlardır. Buna göre, $(hof)(4) + (foh^{-1})(6)$ kaçtır?
7528c0f3-1959-5fd6-a7a4-2f56d66c8213	345 2025 Tyt Sosyal Bilgiler Soru Bankası	261	7	708	ok	valid_end_?	evaplarında birden fazla şekilsel bölge örneğine ait özellik ön plana çıkmıştır?
8f0499f1-d1ae-5b54-a986-c95976910773	ACİL-2025-TYT-Soeu Bankası	384	5	137	ok	valid_end_?	ri verilmiştir. Buna göre, $\int\limits_A^B f'(x)dx$ integralinin değeri kaçtır?
2af50da2-13d9-5b6e-8ee9-710593bcd76a	Orijinal2024-Ayt-Matematik Soru Bankası	291	7	168	ok	valid_end_?	öre, $f(x) \cdot f'(x) > 0$ eşitsizliğini sağlayan $x$ tam sayıları kaç tanedir?
45468b37-7343-5382-8471-dd7dca0f56e2	345 Tyt Ayt Geometri Soru Bankası	27	8.	147	ok	valid_end_?	{o}$, $m(\text{BDC})=60^ ext{o}$ olduğuna göre, $m(\text{AED})=x$ kaç derecedir?
0f6ca02a-6ffb-5f31-9de8-912b822a6cb2	345 Tyt Ayt Geometri Soru Bankası	27	9.	375	ok	valid_end_?	 durumda A, B ve C doğrusal olduğuna göre, x ile ifade edilen açı kaç derecedir?
94d43be3-e6e8-523e-9292-48b1eea9684e	345 Tyt Ayt Geometri Soru Bankası	29	8	128	ok	valid_end_?	32^{\circ}$, $|AD|=|AE|$ olduğuna göre, $m(\widehat{ABC})=\alpha$ kaç derecedir?
1c44a4cd-d64f-5273-b7b9-14ed7a489aba	ACİL-2025-TYT-Soeu Bankası	299	11	213	ok	valid_end_?	n süreklidir. Buna göre, $\lim_{x \to 3^+} g(x)=2$ olduğuna göre, $g(3)$ kaçtır?
e88e9ff0-5ac8-5171-bbc7-6e550af6a4db	ACİL-2025-TYT-Soeu Bankası	301	10	131	ok	valid_end_?	lmiştir. $f-g$ fonksiyonu $x=-2$'de sürekli olduğuna göre, $a+b$ toplamı kaçtır?
b05f6a77-ce80-5603-9914-d67f393a392e	345 Tyt Ayt Geometri Soru Bankası	247	6	160	ok	valid_end_?	 cm}^2$ $A(ABF) = 5 \text{ cm}^2$ olduğuna göre, $A(DFC)$ kaç $\text{cm}^2$ dir?
ae13a4b3-ed45-5f0c-b264-b0da8d6481d9	345 Tyt Ayt Geometri Soru Bankası	255	7.	121	ok	valid_end_?	sqrt{13})$ cm, $|AB|=(7+\sqrt{13})$ cm olduğuna göre, Alan(ABCD) kaç $cm^2$ dir?
af514f63-5f21-552d-a555-207ded97c7fe	345 Tyt Ayt Geometri Soru Bankası	255	6.	131	ok	valid_end_?	AD|=24$ cm, $|AB|-|CD|=10$ cm olduğuna göre, $m(\widehat{DBC})=x$ kaç derecedir?
6e7c3640-df5b-5bdd-a449-10d1a2a43d47	345 Tyt Ayt Geometri Soru Bankası	285	6	171	ok	valid_end_?	FE| = 3$ cm, $|EB| = 4$ cm, $|AF| = 5$ cm olduğuna göre, Çevre(ABCD) kaç cm'dir?
8ef4e469-4882-5aa8-806c-fd114fd18077	345 Tyt Ayt Geometri Soru Bankası	73	9	123	ok	valid_end_?	, $|BD| = 2$ cm, $|DC| = (\sqrt{17}-1)$ cm olduğuna göre, $|AC| = x$ kaç cm'dir?
88bf9fd1-6c7e-591f-84c9-f474e2a26423	345 Tyt Ayt Geometri Soru Bankası	77	8	149	ok	valid_end_?	$ cm, $|AB| = 8$ cm, $|BC| = 8\sqrt{5}$ cm olduğuna göre, Çevre(DBE) kaç cm'dir?
60f3e97f-0d46-51e3-942a-eac7dd882f48	345 Tyt Ayt Geometri Soru Bankası	81	8	130	ok	valid_end_?	ehat{ACD})=50^\circ$ olimits  olduğuna göre, $m(\widehat{ABC})=x$ kaç derecedir?
0d14adf5-6f05-5d7c-8745-5f8754c1a971	345 Tyt Ayt Geometri Soru Bankası	107	6.	146	ok	valid_end_?	]$ açıortay, $|AB| = 4$ cm, $|BD| = 12$ cm olduğuna göre, $|FD| = x$ kaç cm'dir?
573523d2-eb95-52cd-9014-e054c082d8ab	345 Tyt Ayt Geometri Soru Bankası	329	7	109	ok	valid_end_?	en, $|FK|=|KE|$, $|AF|=1$ cm, $|KC|=3$ cm olduğuna göre, Çevre(ABCD) kaç cm'dir?
f8dea569-46a1-57a5-b2d1-12cdc4bfdfd2	Viral-2025-Tyt Matematik	252	6	87	ok	valid_end_?	aki denklem sistemlerinden hangilerinin çözüm kümesi $(1, 1)$ sıralı ikilisidir?
9b38ef0c-4ceb-53ee-9379-2bcca52b30ed	345 Tyt Ayt Geometri Soru Bankası	175	10	163	ok	valid_end_?	 $|FE| = 7$ cm, $|FD| = 15$ cm, $|AE| = 24$ cm olduğuna göre, $|BC|$ kaç cm'dir?
c513281f-a24a-50f7-bc96-d64f5838a6f0	345 Tyt Ayt Geometri Soru Bankası	183	6	164	ok	valid_end_?	$|AD| = x$ cm olduğuna göre, x'in alabileceği kaç farklı tam sayı değeri vardır?
9a515095-4c2c-5232-b6f3-1491315818e4	345 Tyt Ayt Geometri Soru Bankası	211	9	130	ok	valid_end_?	ext{ cm}$, $|CD|=8 \text{ cm}$ olduğuna göre, Alan($EDB$) kaç $\text{cm}^2$ dir?
c702b81d-70e7-5d00-beea-78a882493721	ACİL-2025-TYT-Soeu Bankası	252	9.	132	ok	valid_end_?	şağıdakilerden hangisi aritmetik bir dizinin ardışık üç terimini göstermektedir?
0261a6fd-c364-5d98-b67b-469c126b854b	Orijinal2024-Ayt-Matematik Soru Bankası	363	9	326	ok	valid_end_?	ğıda verilmiştir. $\int_{b}^{c} f(x) dx - d$. Buna göre, $b+c+d$ toplamı kaçtır?
8a6551ee-70d4-5f18-a1f6-24bbc86f90cf	ACİL-2025-TYT-Soru Bankası	185	8	244	ok	valid_end_?	inin çözüm kümesi boş küme olduğuna göre, a'nın en büyük tam sayı değeri kaçtır?
bfe8ba36-cfd8-59cf-b491-9b28c15ba6fd	Orijinal2024-Ayt-Matematik Soru Bankası	411	8	330	ok	valid_end_?	C'D' dikdörtgenlerinin kırmızı renkli birimkarelerinin çakışma olasılığı kaçtır?
e447f1c6-844a-5344-8197-a795a8422cd0	Orijinal-Tyt Ayt Geometri Soru Bankası	17	10.	194	ok	valid_end_?	})=20^\circ$. Yukarıdaki verilere göre, $m(\widehat{BAC})=\alpha$ kaç derecedir?
855432f8-5ab0-5860-bd09-b1642418219b	Orijinal-Tyt Ayt Geometri Soru Bankası	17	12.	177	ok	valid_end_?	t{ACD})=65^\circ$. Yukarıdaki verilere göre, $m(\widehat{BDC})=x$ kaç derecedir?
b8ee522f-b73b-5b64-bbad-a0560946f3b5	Orijinal-Tyt Ayt Geometri Soru Bankası	19	8.	159	ok	valid_end_?	}) = 42^ ext{o}$ Yukarıdaki verilere göre, $m(\widehat{BED}) = x$ kaç derecedir?
fc870e6b-1f98-5fde-ba9d-b424e8458990	Pes PRofesyonel Anlam ve Problem Soruları 2020 2021	192	7.	493	ok	valid_end_?	lirsin." şeklinde cevap vermiştir. Buna göre, Deniz'in elindeki para kaç TL'dir?
10cb1c25-6aa5-5989-a259-1e573c320474	ACİL-2025-TYT-Soeu Bankası	346	9	387	ok	valid_end_.	0) < f(5)$ tir. E) $f''$ fonksiyonunun yerel minimum noktasının apsisi $-1$ dir.
7d4a126f-5cd0-5909-a271-6ca4d21715a3	Pes PRofesyonel Anlam ve Problem Soruları 2020 2021	64	8	264	ok	valid_end_?	\text{ sayısı}$ $224. \text{ satıra}$ yazılır. ifadelerinden hangileri doğrudur?
f1a451c6-9bcd-53bf-a2f4-6cc5712e96fc	Pes PRofesyonel Anlam ve Problem Soruları 2020 2021	208	7	238	ok	valid_end_?	cek alması gereken bu kişi aşağıdaki yemek listelerinden hangisini seçmemelidir?
993b9aa1-bcb9-5721-b9d1-6e7a1c2a8b8c	ACİL-TYT-AYT-Geometri Soru Bankası	62	5	161	ok	valid_end_?	 birim, $|EC| = 8$ birim, $|DC| = 12$ birim. Buna göre, $|BD| = x$ kaç birimdir?
2d76b9f2-14f3-509f-bc91-e7f7302b891d	ACİL-TYT-AYT-Geometri Soru Bankası	81	Q 3.	148	ok	valid_end_?	2$ birim $|DE| = 4$ birim $|BC| = x$ Yukarıdaki verilere göre, $x$ kaç birimdir?
e4e6d790-cb98-5cf1-8b38-dd404a426054	ACİL-TYT-AYT-Geometri Soru Bankası	166	5	161	ok	valid_end_?	 = 5$ birim, $|\text{BC}| = 9$ birim. Buna göre, $|\text{AB}| = x$ kaç birimdir?
a4c2e029-2bab-5257-877c-ff195ff10b58	ACİL-TYT-AYT-Geometri Soru Bankası	175	Q 4.	123	ok	valid_end_?	FB|$ ve $A(ABCD)=72 \text{ cm}^2$ olduğuna göre, $A(KEF)$ kaç $\text{cm}^2$'dir?
f4c9ba84-0d05-5bd9-b7ac-eb4493df68de	ACİL-TYT-AYT-Geometri Soru Bankası	192	7	414	ok	valid_end_?	ki görünüş oluşmaktadır. Buna göre, $A'B'C'D'$ dörtgeninin alanı kaç $cm^2$'dir?
8aa23f9b-918c-5eac-8a49-574a1a40ef74	ACİL-TYT-AYT-Geometri Soru Bankası	210	5	513	ok	valid_end_?	 göre, tahtaların üst üste geldiği bölgelerin alanları toplamı kaç birimkaredir?
8b81eec6-6f4c-5140-a1bf-67ba9471952b	ACİL-TYT-AYT-Geometri Soru Bankası	289	7	336	ok	valid_end_?	nda teğettir. Buna göre, kağıt rulonun üst yüzeyinin alanı kaç $\text{cm}^2$dir?
37ee1acd-8677-536d-b928-f2c03c4e4d1f	ACİL-2025-Matematiğin İlacı Sayılar-2	76	7	265	ok	valid_end_?	üçgenin kenarları için eşitsizliğini sağlayan kaç farklı tam sayı değeri vardır?
33c63db6-f7a4-5546-9942-34ba9d1d85fd	ACİL-TYT-AYT-Geometri Soru Bankası	376	7	111	ok	valid_end_?	|AB|=6\sqrt{2}$ cm, $|TC|=10$ cm olduğuna göre, piramidin yüksekliği kaç cm'dir?
fdcf594f-206a-58da-b18f-e1c997acbccb	Pes PRofesyonel Anlam ve Problem Soruları 2020 2021	104	9	327	ok	valid_end_?	lam değerinin eşit olabilmesi için Ayla kumbarasına kaç adet 25 kuruş atmalıdır?
f965aa9a-da43-5c6d-880f-118a4653cc70	Aktif Ogrenme 0 Baslayanlara Kimya 2019 2020	57	Örnek: 26	108	ok	valid_end_?	(+)$ ve $(-)$ yükler günümüzde hangi atom altı taneciklere karşılık gelmektedir?
9e70ba0d-3e8c-539f-844e-1d8be7ee0ace	Aktif Ogrenme 0 Baslayanlara Kimya 2019 2020	82	Örnek: 35	83	ok	valid_end_?	arıda periyodik tablodaki elementlerle ilgili aşağıdakilerden hangisi yanlıştır?
b0d36459-b09a-58fe-afda-79d10763db78	Aktif Ogrenme 0 Baslayanlara Kimya 2019 2020	84	Soru: 38b	217	ok	valid_end_?	ı 3'tür. III. Son katmanda 3 elektron bulunur. yargılarından hangileri doğrudur?
a642811a-e303-5247-8b5b-50417d8b7f07	Aktif Ogrenme 0 Baslayanlara Kimya 2019 2020	88	Soru: 42a	267	ok	valid_end_?	nıdır. III. Atom numarası en büyük olan Z'dir. yargılarından hangileri doğrudur?
cceace22-f452-5d81-9713-4cdd8e024be5	Aktif Ogrenme 0 Baslayanlara Kimya 2019 2020	92	Soru: 46	107	ok	valid_end_?	Z elementlerinin sınıflandırılması aşağıdakilerden hangisinde doğru verilmiştir?
51447cfa-ecdc-534e-9095-d158908cf707	Aktif Ogrenme 0 Baslayanlara Kimya 2019 2020	121	Örnek 9	140	ok	valid_end_?	 oluşan en iyonik ve en sağlam bağ aşağıdakilerden hangisinde doğru verilmiştir?
2a93969a-7478-53db-b325-5fbdc74d98be	Aktif Ogrenme 0 Baslayanlara Kimya 2019 2020	128	Örnek: 15	122	ok	valid_end_)	mamış elektron sayısı en fazladır? ($_{1}H, _{6}C, _{7}N, _{8}O, _{9}F, _{16}S$)
02b5f5bb-fc67-52e5-89eb-1119dfac0a4b	Aktif Ogrenme 0 Baslayanlara Kimya 2019 2020	128	Soru: 16a	111	ok	valid_end_)	angilerinin Lewis gösterimi verilmiştir? ($_{17}Cl, _{8}O, _{9}F, _{6}C, _{1}H$)
98b0c0aa-43db-5729-8c2f-f475ccb53ad3	Aktif Ogrenme 0 Baslayanlara Kimya 2019 2020	133	Örnek: 19	108	ok	valid_end_)	leri polar kovalent bağ içerir? ($_{1}H, _{6}C, _{7}N, _{8}O, _{11}Na, _{17}Cl$)
d65731bd-9c0a-584f-a64f-9d70611895e2	Aktif Ogrenme 0 Baslayanlara Kimya 2019 2020	133	Örnek: 20	105	ok	valid_end_)	 türlerden hangileri apolardır? ($_{1}H, _{6}C, _{7}N, _{8}O, _{11}Na, _{17}Cl$)
b9c9081b-834e-5fc0-b1ea-e6cbd0d596f9	Aktif Ogrenme 0 Baslayanlara Kimya 2019 2020	133	Soru: 20b	207	ok	valid_end_?	omu oktete, hidrojen atomu dublete ulaşmıştır. yargılarından hangileri doğrudur?
79bc3c5c-e67d-5ced-b1a1-65b2bbc16780	Aktif Ogrenme 0 Baslayanlara Kimya 2019 2020	136	Soru: 24b	117	ok	valid_end_?	 bağ ilgili bilgiler verilmiştir. Buna göre, bu bilgilerden kaç tanesi doğrudur?
b69a2a6c-2359-5dd9-8c60-2a2b053e43ac	Aktif Ogrenme 0 Baslayanlara Kimya 2019 2020	142	Örnek: 26	69	ok	valid_end_?	Yukarıda verilen 1, 2 ve 3 nolu bağlardan hangileri hidrojen bağıdır?
4c5a4fe8-7ae7-5a59-9e8d-329609bf0b67	ACİL-TYT-AYT-Geometri Soru Bankası	16	8	156	ok	valid_end_?	i bilinmektedir. Buna göre, $x$'in alabileceği farklı değerlerin toplamı kaçtır?
76211a64-e336-5741-a869-e2ef8235a88c	PES-Konu özetleri-Problemler Kampı	20	ÖRNEK - 30	178	ok	valid_end_?	yorlar. A ve B arası 820 km olduğuna göre, araçlar kaç saat sonra karşılaşırlar?
5861ec1f-b7fa-5b46-aba2-aee21cb02a2e	PES-Konu özetleri-Problemler Kampı	20	ÖRNEK - 31	212	ok	valid_end_?	yor. Buna göre, ikinci karşılaşmaları A noktasından en az kaç metre uzakta olur?
142775ee-0236-5cfd-a701-4c1c9e6846ea	PES-Konu özetleri-Problemler Kampı	20	2019-MSÜ	525	ok	valid_end_?	, otomobilin trafiğin yoğun olduğu yerlerde geçirdiği toplam süre kaç dakikadır?
5b0994c2-6ce7-5022-9509-2692ff2604b1	PES-Konu özetleri-Problemler Kampı	21	Örnek-32	237	ok	valid_end_?	 olduğuna göre, kırtasiyecinin bu ürünlerden elde ettiği kâr oranı yüzde kaçtır?
242215a5-6bd1-52da-9502-88d529afd3c2	Pes PRofesyonel Anlam ve Problem Soruları 2020 2021	208	8	318	ok	valid_end_?	I. $t - k = 6$'dır. III. $e - f = h - 15$'tir. ifadelerinden hangileri doğrudur?
395b73ff-46a7-58c7-a3ba-89dcd1641886	Aktif Ogrenme 0 Baslayanlara Kimya 2019 2020	166	Örnek 1	218	ok	valid_end_?	hip olma V. Belirli bir şekle sahip olma özelliklerinden kaç tanesi yazılabilir?
cb1ee9bb-456f-5a4f-879c-7bd21e7bc5cc	Aktif Ogrenme 0 Baslayanlara Kimya 2019 2020	166	Örnek 2	101	ok	valid_end_?	ilgili yukarıdaki şekil incelendiğin- de aşağıdaki ifadelerden hangisi doğrudur?
0ce18b23-2c49-5c67-b4d9-f38a140a272b	Aktif Ogrenme 0 Baslayanlara Kimya 2019 2020	175	Örnek: 10	387	ok	valid_end_?	en sıcaklık gerçek sıcaklıktan daima büyüktür. yargılarından hangileri doğrudur?
eae52a23-1c32-5c29-bda7-cadb79c12d65	Aktif Ogrenme 0 Baslayanlara Kimya 2019 2020	175	Soru: 10a	261	ok	valid_end_?	irc}C$'ye bağıl nem %45 olduğu anda hissedilen sıcaklıklar kaç $^{\circ}C$ olur?
a8f5ae51-2f9a-56fa-bb4a-b11411223753	Aktif Ogrenme 0 Baslayanlara Kimya 2019 2020	179	Örnek: 14	356	ok	valid_end_?	kler arası çekim kuvveti en fazla olan Z'dir. yargılarından kaç tanesi doğrudur?
53abd1ef-2a67-5432-bfb7-9237b4a684c4	Aktif Ogrenme 0 Baslayanlara Kimya 2019 2020	179	Soru: 14b	297	ok	valid_end_?	dış basınçta Y sıvısı $60^{\circ}C$'de kaynar. yargılarından hangileri doğrudur?
0d15e47c-95d0-5bb4-8920-c995843c9e43	Aktif Ogrenme 0 Baslayanlara Kimya 2019 2020	179	Soru: 14c	363	ok	valid_end_?	ti daha fazladır. III. Y sıvısı daha uçucudur. yargılarından hangileri doğrudur?
3f305fe6-ead4-53f9-92e9-4e7a00391d7f	Aktif Ogrenme 0 Baslayanlara Kimya 2019 2020	181	Örnek: 15	142	ok	valid_end_?	terilmiştir. Bu hal değişimi ile ilgili olarak aşağıdakilerden hangisi doğrudur?
555660e3-2d2b-5f57-9fd9-5ec96900bf81	Aktif Ogrenme 0 Baslayanlara Kimya 2019 2020	181	Örnek: 16	299	ok	valid_end_?	nsizlik azalır. III. 3 nolu olay ısı verendir. yargılarından hangileri doğrudur?
7e25c989-d310-52b0-9aa6-c99e3276fa85	Aktif Ogrenme 0 Baslayanlara Kimya 2019 2020	181	Soru: 16a	309	ok	valid_end_?	ensizlik artar. III. 3 nolu olay ısı verendir. yargılarından hangileri doğrudur?
b9c792b7-1991-5aae-883d-afa3ca1cc9b1	Aktif Ogrenme 0 Baslayanlara Kimya 2019 2020	181	Soru: 16b	142	ok	valid_end_?	nli hale geçmiştir. III. Kırağılaşma olayıdır. yargılarından hangileri doğrudur?
2fa19c73-c9de-5400-aa9e-87fc56614750	Aktif Ogrenme 0 Baslayanlara Kimya 2019 2020	182	Örnek: 17	158	ok	valid_end_?	inden hangilerinin oda sıcaklığında ($25^ ext{o} ext{C}$) fiziksel hali sıvıdır?
0991c6db-8052-5d47-bcb5-3954788fc2b6	Aktif Ogrenme 0 Baslayanlara Kimya 2019 2020	182	Soru: 17b	167	ok	valid_end_?	Buna göre X, Y ve Z sıvıları ile ilgili aşağıdaki yargılardan hangisi yanlıştır?
2e3f168d-1c93-5a6b-aab0-7ba508e9cda7	ACİL-TYT-AYT-Geometri Soru Bankası	247	6	142	ok	valid_end_?	widehat{ADC}) = 40^\circ$. Buna göre, $m(\widehat{ECD}) = \alpha$ kaç derecedir?
82c16d08-be20-5485-8c02-7f7a17a65617	ACİL-TYT-AYT-Geometri Soru Bankası	368	8.	273	ok	valid_end_?	 alanı $8\pi$ $\text{m}^2$ olduğuna göre, silindirin hacmi kaç $\text{m}^3$ tür?
dd685ae4-aed2-5b11-9093-192dc96f6ec5	Aktif Ogrenme 0 Baslayanlara Kimya 2019 2020	211	Soru 2a	224	ok	valid_end_?	aptaki katı kütlesinde 22 gramlık azalma olduğuna göre $CaO$ katısı kaç gramdır?
ce77bd74-b8b6-5c6c-9add-982569a2ef1e	ACİL-2025-TYT-Soru Bankası	315	7	424	ok	valid_end_?	 B)$ kümesinin eleman sayısı en az 4 ifadelerinden hangileri her zaman doğrudur?
3ab79cf6-368e-56a9-8cc4-39ed49ff1ece	ACİL-TYT-AYT-Geometri Soru Bankası	166	7	158	ok	valid_end_?	DC}| = 4$ cm, $|\text{AF}| = 9$ cm'dir. Buna göre, A(EDKF) kaç $\text{cm}^2$dir?
26993228-737b-5693-a337-875a265e0b22	ACİL-TYT-AYT-Geometri Soru Bankası	175	Q 5.	119	ok	valid_end_?	 cm}^2$, $A(AEF)=2 \text{ cm}^2$ olduğuna göre, $A(ABCD)$ kaç $\text{cm}^2$'dir?
71dbf9d3-3dd9-5201-b34b-709806419b6b	ACİL-TYT-AYT-Geometri Soru Bankası	175	Q 3.	161	ok	valid_end_?	cm}$ ve $A(KBC)=20 \text{ cm}^2$ olduğuna göre, $A(AKED)$ kaç $\text{cm}^2$'dir?
883fe05b-c1fd-5452-846a-fc9978c46a18	Aktif Ogrenme 0 Baslayanlara Kimya 2019 2020	254	Örnek: 54	262	ok	valid_end_?	olabilir. III. Z uçan balonların doldurulmasında kullanılır. hangileri doğrudur?
2d051146-8735-516c-8a13-84712aa4077a	Aktif Ogrenme 0 Baslayanlara Kimya 2019 2020	128	Örnek: 16	117	ok	valid_end_)	erinin Lewis gösterimi yanlıştır? ($_{7}N, _{6}C, _{16}S, _{1}H, _{15}P, _{9}F$)
fb56eb02-613d-5f31-8f1e-f76b55e06a55	Aktif Ogrenme 0 Baslayanlara Kimya 2019 2020	133	Soru: 19a	84	ok	valid_end_?	rıda verilen moleküllerden hangilerinin kimyasal bağ türü yanlış belirtilmiştir?
7a7d9744-5a79-5c9c-b3ae-960f2d51117a	Aktif Ogrenme 0 Baslayanlara Kimya 2019 2020	134	Soru: 21b	110	ok	valid_end_?	hangisinde bağlar polar olmasına rağmen molekülde kutuplaşma (polarlık) oluşmaz?
c82ebecd-2fb6-513d-a19c-cdbe188a851b	Aktif Ogrenme 0 Baslayanlara Kimya 2019 2020	134	Soru: 21c	177	ok	valid_end_?	 Polar bir moleküldür. III. X, 6A grubundadır. yargılarından hangileri doğrudur?
d2e9f6da-586f-5f30-939e-164ad468b5a2	Aktif Ogrenme 0 Baslayanlara Kimya 2019 2020	142	Örnek: 27	155	ok	valid_end_?	inde yoğun fazda (katı ve sıvı halde) moleküller arasında hidrojen bağı görülür?
c625fd67-e38b-5524-9b0a-ed590894407e	PES-Konu özetleri-Problemler Kampı	112	9	211	ok	valid_end_?	rı satır ve sütunların sonunda verilmiştir. Buna göre, $\frac{c-d}{b-a}$ kaçtır?
d7e2ef0d-0127-5be7-a99a-aa05289d10f0	PES-Konu özetleri-Problemler Kampı	115	9	383	ok	valid_end_?	siktir. Buna göre, boş süt tanklarının birer kaç TL'lik süt ile tam dolmaktadır?
69ee837a-0d4f-567d-bc08-6a03ec50b0e5	ACİL-TYT-AYT-Geometri Soru Bankası	81	Q 3.	141	ok	valid_end_?	C| = 5$ cm $|BC| = 10$ cm $|AD| = x$ Yukarıdaki verilere göre, $x$ kaç birimdir?
04242b1a-65e5-5840-b6dc-fee5cbfb29c9	ACİL-TYT-AYT-Geometri Soru Bankası	81	Q 5.	140	ok	valid_end_?	 cm $|CE| = 1$ cm $|BC| = 6$ cm Yukarıdaki verilere göre, $|DF| = x$ kaç cm'dir?
6a68c403-7828-5b73-9ed9-11c31327f546	Aktif Ogrenme 0 Baslayanlara Kimya 2019 2020	20	Soru 13b	223	ok	valid_end_?	ahrişe neden olur. III. Çamaşır suyu olabilir. yargılarından hangileri doğrudur?
e2021d93-d9dc-529f-b569-7912234a9169	Aktif Ogrenme 0 Baslayanlara Kimya 2019 2020	44	Soru: 9b	136	ok	valid_end_?	$ taneciklerinde a, b ve c sayıları aşağıdakilerin hangisinde doğru verilmiştir?
53852634-6bba-50d1-8fc5-5c7d2ede8b80	Aktif Ogrenme 0 Baslayanlara Kimya 2019 2020	174	Örnek: 9	181	ok	valid_end_)	 hangisinde doğru olarak verilmiştir? (S $\rightarrow$ kapların yüzey kesitleri)
c6abae30-ab73-5583-b715-b889479e5c35	Aktif Ogrenme 0 Baslayanlara Kimya 2019 2020	177	Örnek 12	249	ok	valid_end_?	ıvının içerisine tuz eklenirse a değeri artar. yargılarından hangileri doğrudur?
920bfff7-be53-5e16-9a7d-6336bea33c86	Aktif Ogrenme 0 Baslayanlara Kimya 2019 2020	318	Örnek: 9	277	ok	valid_end_?	değiştirir. III. Y nötrleşme tepkimesi vermez. yargılarından hangileri doğrudur?
199338a4-df7e-52f6-ba6d-622e32610129	Aktif Ogrenme 0 Baslayanlara Kimya 2019 2020	320	Soru: 12b	179	ok	valid_end_?	, X, Y ve Z elementleri aşağıdaki seçeneklerde verilenlerden hangileri olabilir?
51edad62-80d7-5ba7-9aa3-8bfde810f5ff	Aktif Ogrenme 0 Baslayanlara Kimya 2019 2020	93	Soru : 47a	254	ok	valid_end_?	etal, ametal, yarı metal ve soygazlar bulunur. yargılarından hangileri doğrudur?
f531da5f-82ab-5851-9719-d2a712018e63	Aktif Ogrenme 0 Baslayanlara Kimya 2019 2020	346	Örnek: 1	193	ok	valid_end_?	 kısmı hidrofobtur. V. Sert sularda etkindir. yargılarından kaç tanesi doğrudur?
811c6149-a4a7-5fcd-984f-e2edb124a9f2	Aktif Ogrenme 0 Baslayanlara Kimya 2019 2020	354	Örnek 8	247	ok	valid_end_?	yapışmaz tava ve tencere yapımında kullanılır. yargılarından hangileri doğrudur?
66c6f850-a452-506e-a6bc-b9432ce54542	Aktif Ogrenme 2023 2024 Biyoloji	16	Örnek 5	72	ok	valid_end_?	Aşağıda verilen "açıklama-özellik" eşleştirmelerinden hangisi yanlıştır?
6b1a0ef2-e904-58ff-a263-959bfbc2a374	Aktif Ogrenme 2023 2024 Biyoloji	28	Soru: 16	171	ok	valid_end_?	ölümlerden hangisi amino asitlerin birbirinden farklı olmasını sağlayan gruptur?
41588146-d47c-53d6-ba35-1c988cded5a4	Aktif Ogrenme 2023 2024 Biyoloji	28	Soru: 19	91	ok	valid_end_?	ğ ve karbonhidratlarla ilgili aşağıda verilen eşleştirmelerden hangisi doğrudur?
fa4a0621-96fb-5879-ae40-ae284a58208a	Aktif Ogrenme 2023 2024 Biyoloji	31	Örnek: 20	292	ok	valid_end_?	r beklenmiştir. Bu deneyle ilgili aşağıda verilen ifadelerden hangisi yanlıştır?
f3fa05a9-4da6-5b98-a228-040045840d33	Sure Ayt Edebiyat Soru Bankasi 2023	284	10	77	ok	valid_end_?	Numaralanmış eserlerden hangisi verilen sanatçılardan biriyle eşleştirilemez?
feba232e-6768-5ee6-9b64-7dd7b8d29d11	Aromat -2023-2024-Matematik Soru Bankası	55	6	289	ok	valid_end_?	göre, harflendirilen kutulardan hangisinin içindeki sayı rasyonel sayı değildir?
d3858e8b-ea36-5a90-9822-c5d005de6172	Aktif Ogrenme 2023 2024 Biyoloji	115	Örnek: 4	135	ok	valid_end_?	Buna göre; hücre yapısı olarak prokaryot olan canlılar hangi alemlerde yer alır?
5aa26043-6256-531f-9aab-18109d7a58d6	Aktif Ogrenme 2023 2024 Biyoloji	115	Soru: 5	248	ok	valid_end_?	adır. III. Bir hayatta kalma stratejisidir. yorumlarından hangileri yapılabilir?
ffd3147f-2b0b-5588-b19e-c3a6e84caa13	Aktif Ogrenme 2023 2024 Biyoloji	130	Soru 13b	68	ok	valid_end_?	Aşağıda verilen hayvanlardan hangisi diğerlerinden daha gelişmiştir?
9e1ac5e9-5d74-531c-b5fc-3a938cbae0b7	Aktif Ogrenme 2023 2024 Biyoloji	133	Örnek 16	105	ok	valid_end_?	rimi aşağıda verilmiştir. Bu virüsün yapısında aşağıdakilerden hangisi bulunmaz?
2c94677b-d54f-5c4b-883c-d52a4a5f0adc	Aktif Ogrenme 2023 2024 Biyoloji	171	Örnek 5	147	ok	valid_end_?	ırlamıştır. Bu öğrenci, haritada kullandığı kaç numaralı ifadede hata yapmıştır?
3548d261-0ac8-5553-bbbf-ae3e36d97113	Aktif Ogrenme 2023 2024 Biyoloji	171	Soru 6	172	ok	valid_end_?	n kromozom takım sayıları, aşağıdakilerin hangisinde doğru sıra ile verilmiştir?
03f1d836-b2f1-5c2d-acce-0e971b862a18	Aktif Ogrenme 2023 2024 Biyoloji	207	Örnek 8	563	ok	valid_end_?	, öğrencilerin mutasyon olduğunu düşündüğü soy ağacı aşağıdakilerden hangisidir?
555e8666-f29b-54c2-92d5-48d39450f999	Aktif Ogrenme 2023 2024 Biyoloji	209	Örnek 11	141	ok	valid_end_?	ak verilmiştir. X ile gösterilen bireyin çekinik fenotipli olma olasılığı nedir?
81cb2f18-fd77-57c0-ba7f-0a6827e82dac	Aktif Ogrenme 2025 Tyt Fizik Soru Bankası	20	Soru 1	203	ok	valid_end_?	 $m_M$ dir. Buna göre, K, L ve M maddelerinin kütleleri arasındaki ilişki nedir?
554e4269-6ead-518e-85f3-3b9732f7982d	Aktif Ogrenme 2025 Tyt Fizik Soru Bankası	27	Örnek 16	177	ok	valid_end_?	tlesi $d_1$, L sıvısınınki $d_2$ dir. Buna göre, $\frac{d_1}{d_2}$ oranı kaçtır?
e1448645-5134-59fc-89c1-fa7e47becf2f	Aktif Ogrenme 2025 Tyt Fizik Soru Bankası	27	Örnek 15	341	ok	valid_end_?	ın özkütlesi $d_3$ tür. Buna göre, aşağıdakilerden hangisi kesinlikle yanlıştır?
aaa3bb77-96fe-5072-9365-699a626fad0f	Aktif Ogrenme 2025 Tyt Fizik Soru Bankası	27	Soru 16	264	ok	valid_end_?	 \text{ cm}^3$'ünün kütlesi $5 \text{ g}$'dır. yargılarından hangileri doğrudur?
2afb6719-3c21-532d-b013-12cce541b23d	Aktif Ogrenme 2025 Tyt Fizik Soru Bankası	29	Örnek 17	311	ok	valid_end_?	 ağırlıklarına karşı dayanıklılıkları eşittir. yargılarından hangileri doğrudur?
5521cb0d-8727-5dc4-88ba-1d409ac53ccc	Aktif Ogrenme 2025 Tyt Fizik Soru Bankası	29	Örnek 18	267	ok	valid_end_?	K$, $D_L$ ve $D_M$'dir. Buna göre $D_K$, $D_L$ ve $D_M$ arasındaki ilişki nedir?
7cd19f33-2fa7-576d-b22e-d6f0eb4cc3fc	Aktif Ogrenme 2025 Tyt Fizik Soru Bankası	29	Soru 18	327	ok	valid_end_?	K$, $D_L$ ve $D_M$'dir. Buna göre $D_K$, $D_L$ ve $D_M$ arasındaki ilişki nedir?
6087ee37-0fe6-5045-a45d-a4332a4b7059	Aktif Ogrenme 2025 Tyt Fizik Soru Bankası	30	Soru: 19	330	ok	valid_end_?	tığında düşmesi yerçekiminin bir sonucudur. yargılarından hangileri yapılabilir?
e75e1ea1-61b7-51ef-8f7c-46dc9d4525e3	Aktif Ogrenme 2025 Tyt Fizik Soru Bankası	30	Örnek: 20	402	ok	valid_end_?	ti, K sıvısının kohezyon kuvvetinden küçüktür. yargılarından hangileri doğrudur?
f362df73-4671-5024-b33f-1523acec5a71	Aktif Ogrenme 2025 Tyt Fizik Soru Bankası	30	Soru: 20a	257	ok	valid_end_?	 M sıvısının kohezyon kuvvetine eşittir. yargılarından hangileri doğru olabilir?
1f07ee32-120c-5fa7-871a-97c592f55f66	Aktif Ogrenme 2025 Tyt Fizik Soru Bankası	30	Soru: 20b	114	ok	valid_end_?	aldırılıyor. Buna göre, borudaki sıvı hangi şekillerdeki gibi dengede kalabilir?
3a2ae879-175b-5230-8916-4d9156f7ba71	Aktif Ogrenme 2025 Tyt Fizik Soru Bankası	31	Örnek 21	391	ok	valid_end_?	 ve civanın yüzey gerilim katsayıları eşittir. yargılarından hangileri doğrudur?
6d3cd6ab-f884-5785-98b9-41e469e73462	ACİL-2025-Problemin İlacı	97	12	484	ok	valid_end_?	oplam tutarından 8100 lira fazladır. Buna göre, buzdolabının fiyatı kaç liradır?
f2cc1fff-866e-5755-8bbb-624f97dbed69	Aktif Ogrenme 2025 Tyt Fizik Soru Bankası	41	Örnek 1	193	ok	valid_end_?	basınçlar sırasıyla $P_1$ ve $P_2$ olduğuna göre $\frac{P_1}{P_2}$ oranı kaçtır?
e5eb6cbb-fce0-51ab-996c-c3a83c49f71c	Aktif Ogrenme 2025 Tyt Fizik Soru Bankası	43	Örnek: 4	191	ok	valid_end_?	$, $h_2$ ve $h_3$ tür. Buna göre, $h_1$, $h_2$ ve $h_3$ arasındaki ilişki nedir?
410e81ab-bf75-5bb6-94b4-85f58266cc91	Aktif Ogrenme 2025 Tyt Fizik Soru Bankası	44	Örnek 6	150	ok	valid_end_?	dir. Prizmaların taralı parçaları kesilip atılırsa $P_K$ ve $P_L$ nasıl değişir?
cf929dcf-d1e6-5cdd-b6e2-c25efae5a783	Aktif Ogrenme 2025 Tyt Fizik Soru Bankası	48	Örnek 12	190	ok	valid_end_?	una göre, kap Şekil II'deki gibi çevrilirse $P_1$ ve $P_2$ için ne söylenebilir?
786f388e-95d3-5ec7-ad7e-103d015f3f07	Aktif Ogrenme 2025 Tyt Fizik Soru Bankası	48	Soru 12	193	ok	valid_end_?	 göre, kap Şekil II'deki gibi çevrildiğinde $P_1$ ve $P_2$ için ne söylenebilir?
8a252101-736a-5ad6-b467-d3951cef1ea2	Aktif Ogrenme 2025 Tyt Fizik Soru Bankası	48	Örnek 13	188	ok	valid_end_?	i sıvı basıncının zamanla değişim grafiği aşağıdakilerden hangisi gibi olabilir?
2593b11f-64b5-5531-9563-9cf7676f8b44	Aktif Ogrenme 2025 Tyt Fizik Soru Bankası	48	Soru 13	211	ok	valid_end_?	vı basıncının zamana göre değişim grafiği aşağıdakilerden hangisi gibi olabilir?
94c4586e-cf1f-53a1-bbda-0ca36fa95219	Aktif Ogrenme 2025 Tyt Fizik Soru Bankası	50	Örnek 16	208	ok	valid_end_?	uvvetinin büyüklüğü $F_2$ olmaktadır. Buna göre, $\frac{F_1}{F_2}$ oranı kaçtır?
3bd43190-7eb1-5530-810d-672353189943	Aktif Ogrenme 2025 Tyt Fizik Soru Bankası	54	Örnek 22	302	ok	valid_end_?	. Kutu ısıtılırsa içerideki gaz basıncı artar. yargılarından hangileri doğrudur?
d41edb5c-12fc-5b72-aa9a-07d1b82fab3b	Aktif Ogrenme 2025 Tyt Fizik Soru Bankası	54	Soru: 22b	170	ok	valid_end_?	olmaktadır. Buna göre, kaba bir miktar daha sıvı eklenirse V ve P nasıl değişir?
dd85cbb1-3845-568f-9838-a8f7d9fb7f80	Aktif Ogrenme 2025 Tyt Fizik Soru Bankası	54	Örnek: 23	246	ok	valid_end_?	artar. III. Yükseklere çıkılırsa $h$ değişmez. yargılarından hangileri doğrudur?
ed9a5387-e6eb-5460-b1dc-2f754866c556	Aktif Ogrenme 2025 Tyt Fizik Soru Bankası	55	Örnek : 25	174	ok	valid_end_?	r. Buna göre, kap Şekil II'deki konuma getirilirse $P_G$ ve $P_S$ nasıl değişir?
f9daeb3d-042c-56a6-80ed-b761b1a7b51a	Aktif Ogrenme 2025 Tyt Fizik Soru Bankası	55	Soru : 25	172	ok	valid_end_?	a göre, ip kesilip sistem yeni dengeye ulaştığında $P_G$ ve $P_S$ nasıl değişir?
36442fbf-fb97-51ff-bd98-56b25d718546	Aktif Ogrenme 2025 Tyt Fizik Soru Bankası	73	Örnek 5	189	ok	valid_end_?	ine etki eden kaldırma kuvvetleri $F_X$, $F_Y$ ve $F_Z$ arasındaki ilişki nedir?
b8d2dc92-f58b-5d05-b837-9cbe42b54f96	Aktif Ogrenme 2025 Tyt Fizik Soru Bankası	76	Örnek: 11	198	ok	valid_end_?	yor. Buna göre, K ve L cisimlerinin kütlelerinin oranı $\frac{m_K}{m_L}$ kaçtır?
2016bdcc-002c-5770-aa28-9dfabc092d85	Aktif Ogrenme 2025 Tyt Fizik Soru Bankası	93	Soru 7a	195	ok	valid_end_)	kları $D_K$, $D_L$, $D_M$ arasındaki ilişki nedir? (Skaladaki bölmeler eşittir.)
beea706d-47ed-5a4a-9c29-637920b89a21	Aktif Ogrenme 2025 Tyt Fizik Soru Bankası	93	Örnek 7	285	ok	valid_end_?	lığı daha düşük olan bir sıvı kullanma değişikliklerinden hangileri yapılabilir?
e57f8e9e-bc52-5ea4-9af8-aee96b5ea855	Aktif Ogrenme 2025 Tyt Fizik Soru Bankası	94	Örnek : 9	230	ok	valid_end_?	enerjileri eşittir. III. Isı sığaları eşittir. yargılarından hangileri doğrudur?
2562463c-6415-500a-b8ce-6c08c8814f0c	Aktif Ogrenme 2025 Tyt Fizik Soru Bankası	97	Örnek 13	285	ok	valid_end_?	 ısıdan erime için verilen ısıdan daha fazladır. yargılardan hangileri doğrudur?
82fc3864-7f10-501c-a8e9-48d6ad54b6a2	Aktif Ogrenme 2025 Tyt Fizik Soru Bankası	97	Soru 14	230	ok	valid_end_?	III. Yoğuşma süresi donma süresinden fazladır. yargılarından hangileri doğrudur?
8deba4d6-d988-51eb-aa92-f86fb02c3a81	Aktif Ogrenme 2025 Tyt Fizik Soru Bankası	101	Örnek 20	379	ok	valid_end_?	ğın içine soğuk su konulmalıdır. işlemlerinden hangileri tek başına yapılabilir?
39d2ff85-c83b-5651-95f2-3991c5fe0b9e	Aktif Ogrenme 2025 Tyt Fizik Soru Bankası	102	Örnek 21	299	ok	valid_end_?	ama katsayıları $\lambda_K$, $\lambda_L$ ve $\lambda_M$ arasındaki ilişki nedir?
bcb35047-8ce7-5820-b78e-b88fd15a400f	Aktif Ogrenme 2025 Tyt Fizik Soru Bankası	102	Soru 21a	101	ok	valid_end_?	ıçapı $r_1$ olan levhanın sıcaklığı artırıldığında $r_1$ ve $r_2$ nasıl değişir?
128a93fe-bac5-57f5-9967-1365f5a05506	Aktif Ogrenme 2025 Tyt Fizik Soru Bankası	102	Soru 21b	105	ok	valid_end_?	n kesilen şekildeki cismin sıcaklığı azaltıldığında r ve $\theta$ nasıl değişir?
fedd274e-ca42-5231-916d-30b4df366018	Aktif Ogrenme 2025 Tyt Fizik Soru Bankası	102	Örnek 22	288	ok	valid_end_?	 Soğutma sistemlerinde suyun tercih edilmesi olaylarının hangilerinde etkilidir?
b2697e27-170a-5a4e-a7a1-f0ca70d11fc2	Aktif Ogrenme 2025 Tyt Fizik Soru Bankası	102	Soru 22	170	ok	valid_end_?	 göre K, L ve M noktalarının sıcaklıkları aşağıdakilerden hangisi gibi olabilir?
56c3e836-b48a-5cb8-ab66-77aa0763942b	Aktif Ogrenme Ayt Kimya 2019 2020	134	13	90	ok	valid_end_?	 enerji-tepkime koordinatı verilen tepkime aşağıdakilerden hangisine ait olamaz?
b0cdb738-dec9-5436-aa42-fbc581de5ffe	Aktif Ogrenme 2025 Tyt Fizik Soru Bankası	111	Örnek 3	197	ok	valid_end_?	 ulaşmaktadır. Buna göre, sporcunun aldığı yol ve yer değiştirmesi kaç metredir?
0ac83828-9ded-52d2-a0dc-f3a8843ffd90	Aktif Ogrenme 2025 Tyt Fizik Soru Bankası	111	Soru 4a	147	ok	valid_end_?	'de ulaşmaktadır. Buna göre, cismin ortalama hız ve ortalama sürati kaç m/s'dir?
55e41f11-3fcf-5a07-a45e-6747d9c3e5f9	Aktif Ogrenme 2025 Tyt Fizik Soru Bankası	111	Örnek 4	146	ok	valid_end_)	rüngeyi izleyerek 5 sn'de gelen bir cismin, sürat ve hızı kaç m/s'dir? ($\pi=3$)
3c7e3f8c-460d-53df-a851-a13269ecd69c	Aktif Ogrenme 2025 Tyt Fizik Soru Bankası	111	Soru 4b	192	ok	valid_end_?	. Yer değiştirme III. Hız niceliklerinden hangileri her iki araç için eşit olur?
51494080-2adc-5435-ab97-367bb85a981e	Aktif Ogrenme 2025 Tyt Fizik Soru Bankası	112	Örnek: 5	135	ok	valid_end_?	 \text{ m/s}$'ye çıkarmaktadır. Buna göre, aracın ivmesi kaç $\text{m/s}^2$ dir?
e95b5231-a6e5-5f2a-b797-c05a66dba648	Aktif Ogrenme 2025 Tyt Fizik Soru Bankası	113	Örnek 7	282	ok	valid_end_?	 - 15) s aralığında yer değiştirmesi sıfırdır. yargılarından hangileri doğrudur?
39ef11d1-4f63-50e2-9f2f-abd4eb8f58e0	Aktif Ogrenme 2025 Tyt Fizik Soru Bankası	113	Soru 7b	172	ok	valid_end_?	una göre, araçların hızla- rının büyüklüklerinin oranı $\frac{V_K}{V_L}$ kaçtır?
2ad1f478-f4c3-5137-a661-2726d0024530	Aktif Ogrenme 2025 Tyt Fizik Soru Bankası	113	Örnek 8	164	ok	valid_end_?	 göre, (0 - 15) saniye aralığında aracın aldığı yol ve yer değiştirme kaç m'dir?
f94bd14b-eb20-501e-a4d4-0a10a29cd266	Aktif Ogrenme 2025 Tyt Fizik Soru Bankası	113	Soru 8	176	ok	valid_end_?	racın aldığı yol ve yer değiştirme büyüklükleri aşağıdakilerden hangisi gibidir?
8da80b7c-c1dd-52b8-a259-cbcd5095f170	Aktif Ogrenme 2025 Tyt Fizik Soru Bankası	116	Örnek: 12	350	ok	valid_end_?	lığında, araçların yer değiştirmeleri eşittir. yargılarından hangileri doğrudur?
5f4133c8-e729-5d53-a6b1-267708b13db5	Aktif Ogrenme 2025 Tyt Fizik Soru Bankası	116	Örnek: 13	170	ok	valid_end_?	kildeki gibidir. Buna göre, 5. saniyede araçlar arasındaki uzaklık kaç metredir?
6a1e48f2-3741-5660-9dd0-4683ce79fd17	Aktif Ogrenme 2025 Tyt Fizik Soru Bankası	118	Örnek: 15	169	ok	valid_end_?	 hızı $50 \text{ m/s}$ olduğuna göre, $3.$ saniyedeki hızı kaç $\text{m/s}$'dir?
1757f17c-21f0-53d2-ab64-63ce04516200	Aktif Ogrenme 2025 Tyt Fizik Soru Bankası	118	Soru: 15	292	ok	valid_end_?	dır. III. Araç $t$ anında yön değiştirmiştir. yargılarından hangileri yanlıştır?
48eae57c-892b-5d52-a94c-2118c96feadc	Aktif Ogrenme 2025 Tyt Fizik Soru Bankası	118	Örnek: 16	313	ok	valid_end_?	maktadır. III. $t$ anında yön değiştirmiştir. yargılarından hangileri yanlıştır?
38d3dc1a-66e0-57e5-9471-c877596a6f11	Aktif Ogrenme 2025 Tyt Fizik Soru Bankası	118	Soru: 16	142	ok	valid_end_?	fikleri şekildeki gibidir. Buna göre, hangi araçların ivmesi sıfırdan farklıdır?
a06b5e99-b8a7-5779-9b82-f5918eb82c75	Aktif Ogrenme 2025 Tyt Fizik Soru Bankası	119	Örnek 17	210	ok	valid_end_?	ekildeki gibidir. Buna göre, $t$ anından kaç saniye sonra araçlar karşılaşırlar?
9e2affc2-f1df-5f7a-9940-607d0353a5ef	Aktif Ogrenme 2025 Tyt Fizik Soru Bankası	120	Örnek: 19	182	ok	valid_end_?	li tamamen terk etmesi için şekildeki konumdan sonra kaç saniye geçmesi gerekir?
4188827c-e8c6-5a82-8388-bc4cfda934b7	Aktif Ogrenme 2025 Tyt Fizik Soru Bankası	130	Soru: 6b	207	ok	valid_end_?	m yolun hangi bölümlerinde dengelenmemiş kuvvetlerin etkisinde hareket etmiştir?
d3d4f6b9-c20f-56ca-9e7c-075f8b84baf5	Aktif Ogrenme 2025 Tyt Fizik Soru Bankası	130	Örnek: 7	171	ok	valid_end_?	göre, hangi zaman aralığında dengelenmiş kuvvetlerin etkisinde hareket etmiştir?
e6667df5-abce-5383-826c-370cda31201d	Aktif Ogrenme 2025 Tyt Fizik Soru Bankası	130	Soru: 7	183	ok	valid_end_?	il hangi zaman aralıklarında dengelenmiş kuvvetlerin etkisinde hareket etmiştir?
ca306de8-8e1d-5b75-bebb-bbc3dd1a5970	Aktif Ogrenme Ayt Kimya 2019 2020	159	Soru : 19a	146	ok	valid_end_?	ye, aşağıdaki işlemlerden hangisi uygulanırsa Şekil-2'deki diyagram elde edilir?
e9d9f370-2601-5c01-857b-dcc96b65985d	Aktif Ogrenme 2025 Tyt Fizik Soru Bankası	139	Örnek 19	503	ok	valid_end_?	daha küçük bir sürtünme kuvvetine maruz kalır. yargılarından hangileri doğrudur?
afe22e25-98d0-5222-924e-e4486402be10	Aktif Ogrenme 2025 Tyt Fizik Soru Bankası	139	Soru 19b	523	ok	valid_end_)	net kuvvet etki eder. yargılarından hangileri doğrudur? ($g = 10 \text{ m/s}^2$)
6ce7665a-b426-5e29-9458-94620ed5feaf	Aktif Ogrenme Ayt Kimya 2019 2020	162	17	44	ok	valid_end_?	Tepkime entalpisi ($\Delta H$) kaç kcal'dir?
ec54df92-13b5-5cd1-bc96-98ed33c1341a	Aktif Ogrenme Ayt Kimya 2019 2020	162	15	49	ok	valid_end_?	Tepkimenin geri aktifleşme enerjisi kaç kcal'dir?
dcc9971f-fa4c-5132-ad84-2dee38612308	Aktif Ogrenme 2025 Tyt Fizik Soru Bankası	159	Soru 19	294	ok	valid_end_?	urana kadar yatayda aldığı yollar $X_1$, $X_2$ ve $X_3$ arasındaki ilişki nedir?
bb0f1f9e-1d41-5c0a-8cd6-eda55134a89d	Aktif Ogrenme 2025 Tyt Fizik Soru Bankası	159	Soru 20	264	ok	valid_end_)	ünde hızla ok yönünde atılırsa hangi noktada durur? (Noktalar eşit aralıklıdır.)
d280c842-96c0-527d-b0db-a2cc837bf057	Aktif Ogrenme Ayt Kimya 2019 2020	172	Soru 1b	131	ok	valid_end_?	 anında dengeye ulaşıyor. Buna göre, yukarıdaki grafiklerden hangileri doğrudur?
25336e86-e38c-592d-8b86-9729a2112b57	Aktif Ogrenme 2025 Tyt Fizik Soru Bankası	175	Örnek 1	265	ok	valid_end_?	çubukla yün kumaşın toplam yükü değişmemiştir. yargılarından hangileri doğrudur?
ae3a4143-21d7-53a6-8af9-0c98d3fdaf78	Aktif Ogrenme 2025 Tyt Fizik Soru Bankası	181	Örnek 11	341	ok	valid_end_?	imleri birbirinden ayrılıyor. Buna göre, cisimlerin son yük cinsleri nasıl olur?
ba4f5a38-bfa8-5862-8ee6-b91cece1ca7b	Aktif Ogrenme 2025 Tyt Fizik Soru Bankası	184	Örnek: 13	185	ok	valid_end_?	yüklü cisim arasındaki etkileşim sonucunda aşağıdakilerden hangisi gerçekleşmez?
e8d90118-4e3e-5e87-a54d-00ee987cf3e5	Aktif Ogrenme 2025 Tyt Fizik Soru Bankası	185	Örnek : 14	228	ok	valid_end_?	troskobun yapraklarının hareketiyle ilgili aşağıdakilerden hangileri söylenemez?
d8448aad-302a-5f82-8473-b56aaf33612d	Aktif Ogrenme Ayt Kimya 2019 2020	181	Soru : 14b	190	ok	valid_end_?	n grafiği yukarıda verilmiştir. Buna göre, tepkimenin denge sabiti $K_c$ kaçtır?
62e2ed5a-5dde-5052-a395-c1236279fe59	Aktif Ogrenme 2025 Tyt Fizik Soru Bankası	205	Örnek 5	205	ok	valid_end_?	N noktaları arası eşdeğer direnç $R_2$'dir. Buna göre, $\frac{R_1}{R_2}$ kaçtır?
fdcd1366-0ea1-5a5d-aa7d-97b063f1fd27	Aktif Ogrenme 2025 Tyt Fizik Soru Bankası	209	Örnek 11	190	ok	valid_end_?	luşturulmuştur. Buna göre, voltmetre ve ampermetrenin gösterdiği değerler nedir?
9ff37df9-6ac0-559e-beb1-ed2dd631cb40	Aktif Ogrenme 2025 Tyt Fizik Soru Bankası	213	Örnek 15	519	ok	valid_end_?	çıkar. ifadelerini kullanıyor. Buna göre, hangi öğrencilerin ifadeleri doğrudur?
916c4ba0-2a2c-543e-819f-db6052671526	Aktif Ogrenme 2025 Tyt Fizik Soru Bankası	235	Örnek 1	205	ok	valid_end_?	ktedir. Buna göre, Y mıknatısı, X mıknatısına kaç F büyüklüğünde kuvvet uygular?
51f21b2a-bdbb-5808-ae4f-a5978f8156d3	Aktif Ogrenme 2025 Tyt Fizik Soru Bankası	239	Örnek 7	322	ok	valid_end_?	an şiddeti K ve L noktalarındakinden büyüktür. yargılarından hangileri doğrudur?
5dfa8342-3b1b-598b-91de-d16e805d553d	Aktif Ogrenme 2025 Tyt Fizik Soru Bankası	240	Örnek: 8	113	ok	valid_end_?	nda oluşturduğu manyetik alanla ilgili olarak aşağıdakilerden hangisi yanlıştır?
131d6008-35b1-5b4a-a262-d94496cea0a9	Aktif Ogrenme 2025 Tyt Fizik Soru Bankası	241	Örnek 9	384	ok	valid_end_?	{L}$ artarsa manyetik alanın büyüklüğü azalır. yargılarından hangileri doğrudur?
7f19e75d-d212-5e09-a6f7-bcb44106d018	Aktif Ogrenme 2025 Tyt Fizik Soru Bankası	241	Soru 9b	336	ok	valid_end_?	ı artırılırsa, mıknatısın kutup şiddeti artar. yargılarından hangileri doğrudur?
8b5dbe2b-1044-5837-9313-69b36efd8258	Aktif Ogrenme 2025 Tyt Fizik Soru Bankası	252	Soru: 7	369	ok	valid_end_?	 1 yönünde çekilirse tam gölge alanı değişmez. yargılarından hangileri doğrudur?
f621a2d0-e267-59db-b71d-bca9a870a34f	Aktif Ogrenme 2025 Tyt Fizik Soru Bankası	253	Örnek 8	211	ok	valid_end_?	noktalarında bulunan gözlemcilerden hangileri her iki ışık kaynağını da göremez?
b85e40b0-d8a7-5aa6-be81-3df0d38570f2	Aktif Ogrenme 2025 Tyt Fizik Soru Bankası	255	Örnek 11	284	ok	valid_end_?	kaynakları ile küresel cisimden oluşan düzenek aşağıdakilerden hangisi olabilir?
52a32fe6-e685-5122-8eb6-956fc05bd7c7	Aktif Ogrenme 2025 Tyt Fizik Soru Bankası	259	Örnek : 15	180	ok	valid_end_?	izlemektedir. Buna göre, düzlem aynalar arasındaki açı ($\alpha$) kaç derecedir?
e8d30306-a698-5976-a738-8748ff293d07	Aktif Ogrenme 2025 Tyt Fizik Soru Bankası	267	Örnek : 24	163	ok	valid_end_?	sal ekseni L noktasından kesmektedir. Buna göre, aynanın merkezi nerede bulunur?
8c9737ba-1935-5019-ae4f-5381234eb808	Aktif Ogrenme 2025 Tyt Fizik Soru Bankası	268	Örnek: 26	172	ok	valid_end_)	ir. Buna göre, hangilerinin izlediği yol doğru çizilmiştir? (F: odak, M: merkez)
7e56fcca-6f2b-53d2-b3a5-41547334f4c7	Aktif Ogrenme 2025 Tyt Fizik Soru Bankası	269	Örnek 28	226	ok	valid_end_?	inden geri dönüyor. Buna göre, K ve L bölgelerinde bulunan aynaların türü nedir?
a8e1552f-0444-5924-9801-8e1bee8f2edd	Aktif Ogrenme 2025 Tyt Fizik Soru Bankası	271	Örnek : 31	187	ok	valid_end_?	olmaktadır. Buna göre, cisim I, II ve III bölgelerinden hangilerine konulmuştur?
08983d77-d43e-52f2-a53e-be53735d8620	Aktif Ogrenme 2025 Tyt Fizik Soru Bankası	279	Örnek 37	227	ok	valid_end_?	gönderiliyor. Buna göre, ışın 1, 2, 3 ve 4 nolu yollardan hangilerini izleyemez?
c3e37556-b31f-5e14-bf1b-aa3e65cc34cc	Aktif Ogrenme 2025 Tyt Fizik Soru Bankası	280	Örnek: 38	295	ok	valid_end_?	rilmesi işlemlerinden hangileri tek başına yapılırsa ışın tam yansıma yapabilir?
43beec58-304c-5291-b9c2-538525048dfc	Aktif Ogrenme 2025 Tyt Fizik Soru Bankası	281	Örnek 40	173	ok	valid_end_?	ışık ışını I, II ve III ortamlarında gösterilen yollardan hangilerini izleyemez?
88f0802b-94b0-52d8-9240-9959ba09f8df	Aktif Ogrenme 2025 Tyt Fizik Soru Bankası	284	Örnek: 45	358	ok	valid_end_?	ışın için sınır açısı $48^\circ$ den küçüktür. yargılarından hangileri doğrudur?
4aa3ec58-8f7b-5f54-8957-fe09550c14a4	Aktif Ogrenme 2025 Tyt Fizik Soru Bankası	284	Soru: 46	273	ok	valid_end_?	ışık ışını Z ortamına 1, 2, 3, 4 ve 5 yollarından hangisini izleyerek geçebilir?
a279f1b8-be76-5a11-9253-5d3517f257da	Aktif Ogrenme 2025 Tyt Fizik Soru Bankası	295	Soru: 55b	211	ok	valid_end_?	edir. Buna göre 1, 2 ve 3 nolu ışınların rengi aşağıdakilerden hangisi olabilir?
f97a63b0-de88-5bd7-860c-b0f04c20abcd	Aktif Ogrenme 2025 Tyt Fizik Soru Bankası	299	Örnek : 59	322	ok	valid_end_?	k vardır. III. Z kutusunda tümsek ayna vardır. yargılarından hangileri doğrudur?
ce3bd92a-5b5d-568d-a8ab-ab508e04a3be	Aktif Ogrenme 2025 Tyt Fizik Soru Bankası	334	Örnek 1	258	ok	valid_end_?	aniyede ürettiği dalga sayısına frekans denir. yargılarından hangileri doğrudur?
44d51bb2-aeb2-5bac-a109-d11f67245eb4	Aktif Ogrenme Ayt Kimya 2019 2020	258	Soru: 8c	443	unclear	unknown_end_$	 \text{ volt}$ $Ag^+_{(suda)} + e^- \to Ag_{(k)} \quad E^0 = +0,80 \text{ volt}$
8cf1c2d1-7aba-5a06-8e89-941d29a12152	Aktif Ogrenme Ayt Kimya 2019 2020	262	Soru: 12a	206	ok	valid_end_)	lindedir. Buna göre, aşağıdakilerden hangisi yanlıştır? ($PbS$ suda az çözünür.)
dc5f698c-fa8c-5590-ba60-4e4e1c11dcd5	Aktif Ogrenme Ayt Kimya 2019 2020	260	Soru 11b	466	unclear	unknown_end_$	 \text{ volt}$ $Ag^+_{(suda)} + e^- \to Ag_{(k)} \quad E^0 = +0,80 \text{ volt}$
cc46e38f-349a-5c70-8227-52c91ee85b63	Aktif Ogrenme Ayt Kimya 2019 2020	62	Soru: 10	52	ok	valid_end_?	Gazlarla ilgili; grafiklerinden hangileri yanlıştır?
32c1ae89-1123-59cf-8a40-b54f422c5f4f	Aktif Ogrenme Ayt Kimya 2019 2020	67	Örnek 18	155	ok	valid_end_)	duğuna göre, $CH_4$ gazının kısmi basıncı kaç atm'dir? ($CH_4$: $16$, $He$: $4$)
9d2e47be-4f0e-5830-bc94-bfb6313ae775	Aktif Ogrenme Ayt Kimya 2019 2020	70	Örnek 21	334	ok	valid_end_)	 kaç atm olur? (Saf suyun $27 \text{ }^\circ C$'de buhar basıncı $0,1$ atm'dir.)
6e823c66-b199-52ff-998a-1f765154eb2c	Aktif Ogrenme Ayt Kimya 2019 2020	72	Örnek: 24	98	ok	valid_end_?	 K musluğu açıldığında kaptaki son basınç $3.8$ atm oluyor. Buna göre, V kaçtır?
271e8b0c-da56-5130-b69c-5372ec791905	Aktif Ogrenme Ayt Kimya 2019 2020	74	Örnek: 27	295	ok	valid_end_?	dir. III. $T_3$ sıcaklığında gaz en idealdir. yargılarından hangileri yanlıştır?
4b6c9c4a-271d-512a-9b39-50e2e12111f2	Aktif Ogrenme Ayt Kimya 2019 2020	225	Örnek 24	192	ok	valid_end_?	erilmiştir. Buna göre, $X_n Y_m$ tuzu için çözünürlük çarpımı ($K_{çç}$) kaçtır?
9e4f2bef-de9d-5ca4-b0aa-4f899e3212a9	Aktif Ogrenme Ayt Kimya 2019 2020	225	Soru 24a	180	ok	valid_end_?	rafiği gibidir. Buna göre, $X_n Y_m$ tuzunun formülü aşağıdakilerden hangisidir?
841f98ef-d910-5e95-95a1-2aaede221dd2	Aktif Ogrenme Ayt Kimya 2019 2020	225	Soru 24b	186	ok	valid_end_?	fiği gibidir. Buna göre, $X_n Y_m$ tuzunun çözünürlük çarpımı ($K_{çç}$) kaçtır?
91e12b6b-3921-50a7-9ca0-9598005ad053	Vaf Ayt Turk Dili ve Edebiyatı	122	8	105	ok	valid_end_?	 numaralanmış bu şiirlerin temsil ettiği şiir anlayışları sırasıyla verilmiştir?
99e9d3b7-ff96-5424-b3a6-7c326e6188a1	Vaf Ayt Turk Dili ve Edebiyatı	138	8	98	ok	valid_end_?	çılar bağlı oldukları uluslara göre ikişerli eşleştirilirse hangisi dışta kalır?
5b11adf8-e70b-5ccb-82f7-f5ee8c445a2f	Aktif Ogrenme Ayt Kimya 2019 2020	242	9	232	ok	valid_end_?	b$ tuzu için çözünürlük çarpımı ($K_{çç}$) bağıntısı aşağıdakilerden hangisidir?
edce2bd4-05cc-5768-8673-f1e9de0e60c0	Aktif Ogrenme Ayt Kimya 2019 2020	309	Soru 13b	182	ok	valid_end_)	ir. Buna göre, hangi moleküllerde yanlışlık yapılmıştır? ($_1H, _4Be, _6C, _7N$)
9970dc11-ede6-5aef-90b5-33c5e0882da1	Aktif Ogrenme Ayt Kimya 2019 2020	310	Soru: 15b	153	ok	valid_end_)	ğıdakilerden hangisinde doğru verilmiştir? ($_{1}H$, $_{4}Be$, $_{5}B$, $_{7}N$)
a564a3a5-4b70-529e-9539-2fececbb55ef	Aktif Ogrenme Ayt Kimya 2019 2020	105	Örnek 30	61	ok	valid_end_?	5°C'de 480 gram doygun çözeltide en fazla kaç gram X çözünür?
7cd58f20-1a46-5e85-8ab1-e0f13ec98dbe	Aktif Ogrenme Ayt Kimya 2019 2020	105	Soru 30a	57	ok	valid_end_?	10°C'de 390 gram doygun çözeltide kaç gram X çözünmüştür?
4f744b67-5f85-5e1a-bf0c-15f7aa1418b1	Aktif Ogrenme Ayt Kimya 2019 2020	106	Örnek: 32	181	ok	valid_end_)	eltinin doygun olması için kaç gram X eklenmelidir? (Buharlaşma ihmal edilecek.)
a2c69c0d-049a-500a-8518-81c08dbe5edd	Aktif Ogrenme Ayt Kimya 2019 2020	106	Soru: 32a	153	ok	valid_end_?	ye ısıtılıyor. Buna göre, çözeltinin doygun olması için kaç gram X eklenmelidir?
9cfda189-1f4e-5ea2-9ef3-70929d834e39	Aktif Ogrenme Ayt Kimya 2019 2020	339	Soru: 20b	65	ok	valid_end_?	Yukarıda formülleri verilen bileşiklerden doğru adlandırılnıştir?
f1d39639-b3de-5875-957e-43b4128967ae	Aktif Ogrenme Ayt Kimya 2019 2020	267	Örnek 16	184	ok	valid_end_?	i kapların hangilerinde çözeltilere daldırılan metal çubuklarda aşınma gözlenir?
6c782223-5fa7-55b5-b302-db9ed2dcae0b	Aromat Ayt 2024 Fen Bilimleri Model Sorular Net 30	7	AROMAT MODEL	364	ok	valid_end_)	 göre $x$ kaç metredir? ($g = 10 \text{ m/s}^2$ alınız. Sürtünmeler önemsizdir.)
4d7633f9-804d-5f96-af57-9ba6e4ff61f9	Aromat Ayt 2024 Fen Bilimleri Model Sorular Net 30	34	KILAVUZ SORU	337	ok	valid_end_?	cdot 10^{-4} \text{ mol } X_2Y_3$ çözünmüştür. yargılarından hangileri doğrudur?
1e58ea5e-d245-5308-9d28-171dc5e048c7	Aktif Ogrenme Ayt Kimya 2019 2020	387	Soru: 11a	182	ok	valid_end_?	. Karbon atomunun hibritleşme türü $sp^2$ dir. yargılarından hangileri doğrudur?
7bbc064d-fe13-5ee8-b30d-130eeeb07efa	Aktif Ogrenme Ayt Kimya 2019 2020	155	Soru 16a	150	ok	valid_end_?	rı aşağıda verilmiştir. Tepkimesi için hız bağıntısı aşağıdakilerden hangisidir?
d4104efc-530b-5c95-8db0-3a8ac6d8d5c8	Aktif Ogrenme Ayt Kimya 2019 2020	157	Örnek 17	352	ok	valid_end_?	T_2$ sıcaklığında hız sabitleri ($k$) aynıdır. yargılarından hangileri doğrudur?
65a175ef-fe96-50db-859f-90d88c48166d	Aktif Ogrenme Ayt Kimya 2019 2020	159	Örnek : 19	329	ok	valid_end_?	Her iki durumda tepkime entalpileri farklıdır. yargılarından hangileri doğrudur?
b2712c63-1661-56a4-a626-d2cbc8dbb166	Aktif Ogrenme Ayt Kimya 2019 2020	194	Soru: 30b	155	ok	valid_end_)	sayısının değişimi aşağıdakilerin hangisinde doğru verilmiştir? (Ne soy gazdır.)
b82f3b92-a885-5e21-9f5f-4d5a362d150b	Aktif Ogrenme Ayt Kimya 2019 2020	354	Soru: 33c	77	ok	valid_end_?	Yukarıdaki bileşiklerin karşısında verilen özelliklerden hangileri yanlıştır?
9f6bddf0-fcaa-5d43-a8c9-12d4d9b0a458	Aktif Ogrenme Ayt Kimya 2019 2020	221	Örnek: 19	178	ok	valid_end_?	na ait grafik yandaki gibidir. Buna göre, $HCl$ çözeltisinin hacmi kaç $mL$'dir?
b2586530-e7b7-59e5-819f-4534b7b5b7ca	Aramot Tyt 2023 Fen Bilimleri Model Sorular	52	AROMAT MODELİ	80	ok	valid_end_?	Verilen bu hücreler karşılaştırıldığında aşağıdakilerden hangisi ortak değildir?
b09c3982-b7eb-53c4-9063-46352d714daf	Orijinal2024-Ayt-Matematik Soru Bankası	253	7	400	ok	valid_end_?	)=6$'dır. III. $\lim_{x \to -1^-} f(x)=6$'dır. ifadelerinden hangileri doğrudur?
2bcaf7be-014b-50e2-9498-47dfaee55f50	Aktif Ogrenme Ayt Kimya 2019 2020	263	Örnek: 13	272	unclear	unknown_end_$	circ = -0,13 \ V$ $Ni^{2+}(suda) + 2e^- \rightarrow Ni(k)$ $E^\circ = -0,25 \ V$
f5589694-cf83-5e89-a2b5-73f5220f027b	Aktif Ogrenme Ayt Kimya 2019 2020	273	Örnek 20	172	ok	valid_end_)	ir? (Elektron verme eğilimleri: $K > Na > H > Br > Cl$ şeklinde sıralanmalıdır.)
f3cad879-e429-58a4-b1be-b476ef6dea64	Orijinal2024-Ayt-Matematik Soru Bankası	289	11	176	ok	valid_end_?	)$, $f'(-1)$, $f'(-3)$ değerlerinin doğru sıralaması aşağıdakilerden hangisidir?
75f9cd30-996d-53c4-868d-40263c82849f	Aktif Ogrenme Ayt Kimya 2019 2020	297	Örnek:	229	ok	valid_end_?	bileşiğinin molekül formülü aşağıdakilerden hangisinde doğru olarak verilmiştir?
2b7590d1-99a7-5c9c-85f5-41fb26e2729c	Aromat-2024-Matematik Net 30	63	AROMAT MODELİ	225	ok	valid_end_?	indeki grafiği şekilde gösterilmiştir. $f(3)-f(0)=35$ olduğuna göre, $c$ kaçtır?
d6bc6ae7-24e8-5891-8b47-734d981ba97c	Bilgi Sarmal 2024 Ayt Kimya Sopru Bankasi	25	9	105	ok	valid_end_?	 $r_2$ ile gösterilen yarıçaplar aşağıdakilerin hangisinde doğru gösterilmiştir?
9bfbb7e5-28c0-55b7-acda-ff059bba126a	Aktif Ogrenme Ayt Kimya 2019 2020	393	Örnek : 14	160	ok	valid_end_?	. Amino asittir. III. Monokarboksilik asittir. yargılarından hangileri doğrudur?
40173672-4e1b-5c37-a578-1886fabbfc3e	Viral-2025-Tyt Matematik	223	10	84	ok	valid_end_?	ıda bazı işlemler tanımlanmıştır. Buna göre C sayısı aşağıdakilerden hangisidir?
6a2296e6-1aae-5a91-aa6e-066203c2970e	ACİL-2025-TYT-Soeu Bankası	165	11	124	ok	valid_end_?	ksiyonunun grafiği aşağıda verilmiştir. Buna göre, boyalı alan kaç birimkaredir?
24d4622a-d640-5368-8c03-8b36160250e5	Orijinal2024-Ayt-Matematik Soru Bankası	395	9	336	ok	valid_end_?	r. Buna göre, tüm kartlar yerleştirildiğinde kaç farklı görüntü oluşturulabilir?
02a3e9bc-6984-5d9e-b1fc-490cc41627d0	Mikro Orijinal Tyt Fizik Soru Bankası 2025	314	8	614	ok	valid_end_)	ıdakilerden hangisi doğrudur? (Leğen içi yansımalar önemsiz kabul edilmektedir.)
9c9582d6-f7e6-57ec-9001-0e3336206fa4	Apotemi 2019 2020 Modern Fizik Konu Anlatımlı Soru Bankası	26	12	185	ok	valid_end_?	M nin açısal hızları $\omega_K$, $\omega_L$, $\omega_M$ arasındaki ilişki nedir?
818aaf38-0c0d-522b-9f35-25c79b1ce0f2	Apotemi 2019 2020 Modern Fizik Konu Anlatımlı Soru Bankası	150	12	315	ok	valid_end_?	 \lambda_P + \lambda_S$ III. $E_R = E_P + E_S$ ifadelerinden hangileri doğrudur?
cd9b2841-9d3a-5150-9087-dabdc79d2f9d	Apotemi 2019 2020 Modern Fizik Konu Anlatımlı Soru Bankası	156	9	208	ok	valid_end_?	000 \mathring{A}$ ve $\lambda$'dır. Buna göre, $\lambda$ kaç $\mathring{A}$'dur?
5c4b0445-6916-551b-ba41-6ca6d0bd152f	Apotemi 2019 2020 Tyt Ayt Fizik Soru Bankası	50	8	191	ok	valid_end_?	e iken II konumunda ters çevriliyor. Kabın ters çevrilmiş durumu nasıl olabilir?
e0bda8e7-d48c-586d-86ad-b75b36de82c3	ACİL-2025-TYT-Soeu Bankası	227	11	254	ok	valid_end_?	 birimdir. Posta kutusunun hacmi 4 birimküp olduğuna göre, $a+b$ toplamı kaçtır?
93f0de78-67f4-56b2-baca-47b790adfa32	Apotemi 2019 2020 Tyt Ayt Fizik Soru Bankası	138	9.	90	ok	valid_end_?	özdeş kare bölmeli bir levhanın ağırlık merkezinin koordinatları $(x, y)$ nedir?
83d6c0ca-bec2-51ba-8563-23000002723e	Apotemi 2019 2020 Tyt Ayt Fizik Soru Bankası	138	11.	176	ok	valid_end_?	ilmiştir. Buna göre, bu tel sisteminin kütle merkezi P ucundan kaç $x$ ötededir?
670e6663-46a0-5a75-924e-13096c2c6e40	Apotemi 2019 2020 Tyt Ayt Fizik Soru Bankası	146	10	382	ok	valid_end_)	 aracının sol şeride çıkışı ve tekrar sağ şeride geçiş sürelerini ihmal ediniz.)
4727114a-418a-536b-8aa0-6f4b7767b8cd	Apotemi 2019 2020 Tyt Ayt Fizik Soru Bankası	224	10	335	ok	valid_end_?	una göre, $I_1$, $I_2$ ve $W_1$, $W_2$ nin büyüklükleri arasındaki ilişki nedir?
78421dce-7e4f-53e3-a00f-82627761b974	Apotemi 2019 2020 Tyt Ayt Fizik Soru Bankası	278	9.	178	ok	valid_end_?	$I_K$, $I_L$, $I_M$ dir. Buna göre; $I_K$, $I_L$, $I_M$ arasındaki ilişki nedir?
99af2f4a-1b87-5574-81e2-8381b9adbfee	Bilgi Sarmalı Ayt 2024 Fizik Soru Bankası	71	9	354	ok	valid_end_?	$ ve $\vec{v}_M$ arasındaki ilişki aşağıdakilerden hangisinde doğru verilmiştir?
85b98ace-7a54-5157-8c11-ff0ca12e4f87	Orijinal2024-Ayt-Matematik Soru Bankası	373	8	250	ok	valid_end_?	 (h(x)-f(x)) dx = 23$ olduğuna göre, gri boyalı bölgenin alanı kaç birimkaredir?
ba405463-1ddd-503f-83a9-21be9d0ee288	Apotemi 2019 2020 Tyt Ayt Fizik Soru Bankası	426	8	184	ok	valid_end_)	oyu kaç $\text{A}^{\circ}$ dur? (hc = $12400 \text{ eV} \cdot \text{A}^{\circ}$)
c8d236fe-a868-548d-b1a8-bac1e8f33ff0	Apotemi 2019 2020 Tyt Ayt Fizik Soru Bankası	180	7	209	ok	valid_end_)	ine göre, $h$ yüksekliği kaç $m$ dir? ($g = 10 \text{ m/s}^2$, sürtünme yoktur.)
f007700d-49d9-5762-9c92-97eb8e0d8c37	Apotemi 2019 2020 Tyt Ayt Fizik Soru Bankası	154	6	156	ok	valid_end_?	gibidir. Buna göre, cismin sürat-zaman grafiği aşağıdakilerden hangisi olabilir?
88f9c239-6a2b-5e55-9350-3e420ff02255	Apotemi 2019 2020 Modern Fizik Konu Anlatımlı Soru Bankası	58	6	181	unclear	unknown_end_$	 oluyor. Buna göre, $V$ kaç $\text{m/s}$'dir? $(g=10 \text{ m/s}^2, I_T = mr^2)$
ab4d75a2-f3db-5f9f-8f0a-c411b4459f57	Apotemi 2019 2020 Tyt Ayt Fizik Soru Bankası	190	8.	181	ok	valid_end_)	ederse cisme yapılan iş kaç $J$ olur? ($g = 10 \text{ m/s}^2$, sürtünme yoktur.)
323281fe-f6ae-5879-9f93-78495e210ebe	Apotemi 2019 2020 Modern Fizik Konu Anlatımlı Soru Bankası	132	Örnek 8	282	ok	valid_end_?	ır. III. Grafiğin eğimi Hubble sabitini verir. yargılarından hangileri doğrudur?
fb39f469-77e8-574d-aac8-d6047b2bd07e	Apotemi 2019 2020 Modern Fizik Konu Anlatımlı Soru Bankası	146	7	315	ok	valid_end_?	_1$, $\lambda_2$, $\lambda_3$ arasındaki ilişki aşağıdakilerden hangisi gibidir?
d9788b20-593d-5ac8-ba05-d12ac4044872	Apotemi 2019 2020 Tyt Ayt Fizik Soru Bankası	308	7	194	ok	valid_end_?	$P_S$, $P_R$, $P_P$ dir. Buna göre; $P_S$, $P_R$, $P_P$ arasındaki ilişki nedir?
2e95c16f-eb77-506c-b610-d9c35ed5d0f0	Apotemi 2020 2021 Modern Kimya	36	ÖRNEK 2	145	ok	valid_end_)	ndeki değişimleri, hangilerinde doğru verilmiştir? (Metalik aktiflik: $Mg > Ag$)
96fa27bb-4575-5b94-abee-87b9474fef32	Apotemi 2020 2021 Modern Kimya	68	6	189	ok	valid_end_)	text{Ag}^{+}$ iyon derişimi $(X)$ kaç molardır? (Nernst sabitini $0,06$ alınız.)
bcef3219-a640-5153-903a-40c913bc8604	Apotemi 2020 2021 Modern Kimya	88	ÖRNEK 7	203	ok	valid_end_)	hangileri oluşur? (s ve p orbitallerinin en büyük baş kuantum sayıları aynıdır.)
ffd588f0-7025-515e-94bc-2f15503abb9a	Apotemi 2020 2021 Modern Kimya	95	Örnek 10	307	ok	valid_end_?	i bağı yoktur. IV. H-C-H bağı açısı artmıştır. yargılarından hangileri doğrudur?
4fa04e52-5083-5442-a4c7-6e2145d9413c	ACİL-2025-TYT-Soru Bankası	101	6	65	ok	valid_end_?	$a,b$ şeklinde tanımlanıyor. Buna göre, ifadesinin sonucu kaçtır?
07359518-53f4-56f8-82d7-57ff742bcce3	ACİL-2025-TYT-Soeu Bankası	346	8	135	ok	valid_end_?	ir daire dilimi elde ediliyor. Buna göre, bu dilimin alanı en çok kaç $cm^2$dir?
279ccd89-643d-52d0-bf9e-f26787721a12	Aktif Ogrenme 2023 2024 Biyoloji	76	Soru 8	112	ok	valid_end_?	lerinin özellikleri veril- miştir. Verilen bilgilerden hangileri doğru değildir?
45f74013-5aa0-5e0d-81aa-fedc3838b2eb	Apotemi 2019 2020 Tyt Ayt Fizik Soru Bankası	100	6	165	ok	valid_end_?	ekildeki gibidir. Buna göre, $\vec{a}+\vec{b}+\vec{c}$ nin şiddeti kaç birimdir?
b80df851-4488-59b6-b7b7-85fbb1f1c1ed	Apotemi 2019 2020 Tyt Ayt Fizik Soru Bankası	332	7	155	ok	valid_end_?	ldeki gibi çekiliyor. Buna göre, R direncinden geçen akım şiddeti ve yönü nedir?
f4fdfde8-f1ed-59b5-bf11-965bf364fed4	Apotemi 2020 2021 Modern Kimya	166	7	67	ok	valid_end_?	Aşağıdakilerden hangisi yukarıdaki bileşiğin yapı izomeri değildir?
5399875a-05ac-5444-a969-2bfcdb1858ff	Apotemi 2020 2021 Modern Kimya	180	ÖRNEK 3	188	ok	valid_end_?	österir. III. İki tür fonksiyonel grup içerir. yargılarından hangileri doğrudur?
ba2217b6-b2af-571b-aa21-35457c533bcc	Apotemi 2020 2021 Modern Kimya	205	ÖRNEK 2	66	ok	valid_end_?	Yukarıdaki tepkimelerin hangilerinin sonucunda bir aldehit oluşur?
13f5d0d6-7028-5fb8-9c9e-d71b6114e4d0	ACİL-2025-TYT-Soru Bankası	57	6	447	ok	valid_end_?	'nin bir tam sayı katı olmuştur. Buna göre, Selami'nin ödemesi kaç TL tutmuştur?
aa1a0321-4d7a-5966-ba00-441c8e693aff	Apotemi 2019 2020 Tyt Ayt Fizik Soru Bankası	192	8	153	ok	valid_end_?	 kuvvet $45 \text{ m}$ yol aldırıyor. Kuvvet uygulayan sistemin gücü kaç wattır?
fedd8fd5-5a2d-5861-adc8-31d6bda2a622	Apotemi 2019 2020 Tyt Ayt Fizik Soru Bankası	228	10	355	ok	valid_end_?	ın momentumu ile füzeninki eşit büyüklüktedir. yargılarından hangileri doğrudur?
cbfc4245-d2e4-5987-b3a7-dd1d93f96da2	Apotemi 2019 2020 Tyt Ayt Fizik Soru Bankası	248	7	353	ok	valid_end_?	öre, ipin kutu içinde kalan görünmeyen kısmında toplam kaç boncuk bulunmaktadır?
38e10cb4-f706-5054-97dd-c6782e9e4ab9	Apotemi 2019 2020 Tyt Ayt Fizik Soru Bankası	248	25	583	ok	valid_end_?	ayısından 2 fazla olduğuna göre, bileklikte kullanılan toplam taş sayısı kaçtır?
ba6f4c28-948f-517c-bfcd-6831d1c79950	Apotemi 2024 Ayt Kimya Soru Bankasi	41	8	261	ok	valid_end_?	labilmesi için aynı sı-}$caklıkta kabın hacmi bastırılarak % kaç azaltılmalıdır?
97d9a98d-a52f-5d1e-93a6-034a6373d133	Apotemi 2024 Ayt Kimya Soru Bankasi	43	8.	259	ok	valid_end_)	eri kaçtır? ($Mol \text{ kütleleri}: H = 1 \text{ g/mol}, C = 12 \text{ g/mol}$)
95fee154-6bf2-509f-a891-b4402789f0cb	ACİL-2025-TYT-Soru Bankası	264	6	457	ok	valid_end_?	lamı 50 olduğunda durduruluyor. Buna göre, çark en fazla kaç tur atmış olabilir?
57c9c802-de89-5799-a277-58ea138da121	Apotemi 2024 Ayt Kimya Soru Bankasi	55	8.	122	ok	valid_end_?	zının sıcaklıkları bir miktar azaltılırsa; değişmelerinden hangileri doğru olur?
1cdc005d-a36e-57c8-a26d-888b0b7a02d6	Apotemi 2024 Ayt Kimya Soru Bankasi	55	9.	180	ok	valid_end_?	X_4$ gazına dönüşmektedir. Buna göre, ilk yoğunluğun son yoğunluğa oranı kaçtır?
88b4a289-143e-5972-a7db-42a7f3759514	ACİL-2025-TYT-Soru Bankası	290	6	409	ok	valid_end_?	 ve III numaralı saatlerin şu andaki doğru zamanları aşağıdakilerden hangisidir?
40cb1982-36d8-572d-bf53-66ce33a7b1f3	ACİL-2025-TYT-Soru Bankası	306	5	813	ok	valid_end_?	an öğrenci sayısının 2 katına eşit olduğuna göre, sınıfın öğrenci sayısı kaçtır?
65fcaa40-8d15-55b1-b035-b8217882dc66	Apotemi 2020 2021 Modern Kimya	17	Örnek 1	176	ok	valid_end_?	a göre, metallerin aktiflik sırası aşağıdakilerden hangisinde doğru verilmiştir?
91fe6127-b9fc-55e6-b705-c18aa6e9ffed	Apotemi 2020 2021 Modern Kimya	18	Örnek 4	164	ok	valid_end_?	lerinin aktiflik sıralaması aşağıdakilerden hangisinde doğru olarak verilmiştir?
c8b29da9-4524-5e7f-b4d2-b3c852b5786e	Apotemi 2020 2021 Modern Kimya	28	ÖRNEK 3	246	ok	valid_end_?	şırken zamanla $Ag^+$ iyonunun miktarı azalır. yargılarından hangileri doğrudur?
e078b145-0e65-5824-8239-639e338b6ee5	Apotemi 2020 2021 Modern Kimya	37	Örnek 1	225	ok	valid_end_?	 III. $X = Y$ ise $E_{pil}$ gerilimi sıfırdır. yargılarından hangileri doğrudur?
56069b80-4a6d-58d8-8378-7c34eb28dc56	Apotemi 2020 2021 Modern Kimya	45	ÖRNEK 3	259	ok	valid_end_)	I. kabın katodunda kaç gram Mg katısı toplanır? (Mg: $24$ g/mol, Fe: $56$ g/mol)
59560def-2131-55d3-a1f0-bb858826c309	Apotemi 2020 2021 Modern Kimya	45	ÖRNEK 6	239	ok	valid_end_?	yılarının karşılaştırılması aşağıdakilerden hangisinde doğru olarak verilmiştir?
f81bcba8-f534-5574-931c-ecd8d9d22626	Apotemi 2020 2021 Modern Kimya	68	5	270	ok	valid_end_)	a, yargılarından hangileri doğrudur? (Metalik aktiflik: $\text{Al} > \text{Ag}$)
65e5dc1b-b588-59be-bb82-246e698e810a	ACİL-TYT-AYT-Geometri Soru Bankası	175	Q 1.	123	ok	valid_end_?	}$, $|DE|=2 \text{ birim}$ olduğuna göre, $\frac{A(DEF)}{A(ABCD)}$ oranı kaçtır?
56e06f9a-bc6c-58a5-836b-515575495966	Apotemi 2024 Ayt Kimya Soru Bankasi	95	11	253	ok	valid_end_)	? (Mol kütlesi: $H=1 \text{ g/mol}$, $C=12 \text{ g/mol}$, $O=16 \text{ g/mol}$)
fe9beb68-a7f8-5094-b4d5-76fe1e9f3d63	Apotemi 2020 2021 Modern Kimya	88	ÖRNEK 5	172	ok	valid_end_?	kez atom O'dur. III. Kaba formülü $CH_2O$'dur. yargılarından hangileri doğrudur?
a9a515fa-e356-5aa9-8b39-55437788252b	Apotemi 2020 2021 Modern Kimya	94	ÖRNEK 5	107	ok	valid_end_)	österimi aşağıdakilerden hangisinde doğru olarak verilmiştir? ($_{14}$Si, $_1$H)
a60db26b-cb8b-50a4-b6bc-308e85b5df2b	Apotemi 2020 2021 Modern Kimya	94	ÖRNEK 7	183	ok	valid_end_)	 ext{o}$dir. IV. Apolardır. yargılarından hangileri doğrudur? ($_{6}$X, $_{8}$Y)
e9355a46-aa9e-5a49-84e4-197045073243	Apotemi 2020 2021 Modern Kimya	96	ÖRNEK 13	226	ok	valid_end_)	 IV. VSEPR ifadesi $AX_3$ tür. yargılarından hangileri doğrudur? ($ _1H$, $_6C$)
62a56aed-c2df-5524-a8b9-af4a238722d8	Apotemi 2020 2021 Modern Kimya	162	Örnek 4	190	ok	valid_end_?	. III. Hidroksibenzen olarak adlandırılabilir. yargılarından hangileri doğrudur?
cc477acd-e0ba-5f55-ae38-8bc6dc6ddb35	ACİL-TYT-AYT-Geometri Soru Bankası	175	Q 2.	114	ok	valid_end_?	[DF] = \{E\}$, $|AF|=|FB|$ olduğuna göre, $\frac{A(ADE)}{A(BCEF)}$ oranı kaçtır?
c9a287ec-ffae-522c-a201-74981ff569d9	Apotemi 2020 2021 Modern Kimya	182	ÖRNEK 1	222	ok	valid_end_?	. III. Sulu çözeltisi elektrik akımını iletir. yargılarından hangileri doğrudur?
6425b9d3-5957-533a-9bf0-141c6a3522c0	Apotemi 2020 2021 Modern Kimya	192	ÖRNEK 2	72	ok	valid_end_?	İzobütil alkol bileşiğinin yapı izomeri, I. II. III. hangileri olabilir?
d1d70dd2-c90c-5cfe-ae1b-e351dcc70a95	Apotemi 2020 2021 Modern Kimya	236	Örnek 3	190	ok	valid_end_?	II. 1,4 - Bütandioik asit olarak adlandırılır. yargılarından hangileri doğrudur?
3b6daa54-27e2-5287-b043-60cbecca764e	Apotemi 2020 2021 Modern Kimya	275	12	307	unclear	unknown_end_$	00 \text{ V}$ $Ag^+(suda) + e^- \to Ag(k) \quad E^\circ_{ind} = +0,80 \text{ V}$
5e00a3fc-f5cf-5674-a2d5-8e088f32ad06	ACİL-TYT-AYT-Geometri Soru Bankası	271	5.	130	ok	valid_end_?	erp OB$, $|BC| = |CO|$, $|CD| = 6\sqrt{3}$ cm'dir. Buna göre, $|BD|$ kaç cm'dir?
1f794445-242c-5e0e-9247-004b45ed722d	ACİL-TYT-AYT-Geometri Soru Bankası	293	6	200	ok	valid_end_?	kları bölgelerin alanlarını gösterdiğine göre, aşağıdakilerden hangisi doğrudur?
c8888355-f2cd-5181-8526-38781606b175	ACİL-TYT-AYT-Geometri Soru Bankası	303	6	98	ok	valid_end_?	BC|$, $B(4,0)$, $C(0,3)$ Yukarıdaki verilere göre, boyalı alan kaç birimkaredir?
11038b5e-2ccb-5884-891e-24259f36af7c	ACİL-TYT-AYT-Geometri Soru Bankası	384	8	99	ok	valid_end_?	u kabındaki suyun hacminin, COD diliminden yaptığı koninin hacmine oranı kaçtır?
a29b6dcb-e5d3-59a2-90ed-cabc05298c2f	Apotemi 2024 Ayt Kimya Soru Bankasi	25	5	168	ok	valid_end_?	aplarının sınıflandırılması aşağıdakilerden hangisinde doğru olarak verilmiştir?
6d443d2d-584a-5c39-ac2d-0c943bff413b	Apotemi 2024 Ayt Kimya Soru Bankasi	61	5	258	ok	valid_end_?	larının mol kütleleri $(M_X, M_Y)$ arasındaki ilişki aşağıdakilerden hangisidir?
7c2387c9-bd13-5c8e-b4d3-255773818ea5	345 2024 Ayt Biyoloji Soru Bankası	81	5	110	ok	valid_end_?	ten bükülmesi sırasında, grafiklerde verilen değişmelerden hangisi gerçekleşmez?
81b71ea5-3a0d-532a-a706-a39e826b0c28	Esen Tyt Ayt Biyoloji Soru Bankası	158	10	105	ok	valid_end_?	ma sırasında gerçekleşen değişimlerle ilgili; grafiklerinden hangileri doğrudur?
82afc93f-f585-5936-980d-bcd9bc66c6bc	Aramot Tyt 2023 Fen Bilimleri Model Sorular	63	AROMAT MODELİ	59	ok	valid_end_?	Verilen besin zincirinde aşağıdakilerden hangisi yanlıştır?
4cef604f-9c0d-5ea8-b783-c3c8b1e3107a	Bilgi Sarmalı-2022-2023-Tyt Ayt-Geometri Soru Bankası	136	7	179	ok	valid_end_?	. Yukarıdaki verilere göre, DBC üçgensel bölgesinin alanı kaç $\text{cm}^2$ dir?
d3b4bdc9-0084-5eb1-8f2d-975da6050f32	ACİL-TYT-AYT-Geometri Soru Bankası	81	Q 1.	115	ok	valid_end_?	$|DB| = 8$ cm $|AC| = 8$ cm $|DC| = x$ Yukarıdaki verilere göre, $x$ kaç cm'dir?
999c7e51-91a1-5c29-b44c-116e084228dc	ACİL-TYT-AYT-Geometri Soru Bankası	81	Q 2.	171	ok	valid_end_?	t |ED|$ $|DC| = 2$ birim, $|AK| = x$ Yukarıdaki verilere göre, $x$ kaç birimdir?
2dafc784-f263-5aee-8263-61ab64e221dc	ACİL-TYT-AYT-Geometri Soru Bankası	108	9.	128	ok	valid_end_?	EB| = 12$ cm, $|CD| = 13$ cm, $|DE| = 5$ cm. Buna göre, Alan(AEC) kaç $cm^2$dir?
6ab34515-2262-5d59-a608-6efac21551dc	Aktif Ogrenme 0 Baslayanlara Kimya 2019 2020	350	Örnek: 5	222	ok	valid_end_?	ının ve kirin molekül yapısı birbirine benzer. yargılarından hangileri doğrudur?
3f832dae-8599-5e6b-b03b-9befb4f49d66	Aktif Ogrenme 2023 2024 Biyoloji	79	Soru: 9b	239	ok	valid_end_?	ri yapmıştır. Bu deneyde kontrol grubu olarak yer alan hastalar hangi gruptadır?
f2e20486-a334-5561-8fab-2d1f96c084a7	Aktif Ogrenme 2023 2024 Biyoloji	79	Örnek: 10	169	ok	valid_end_?	 bitki gelişimine etkisinin anlaşılması için hangi gruplar karşılaştırılmalıdır?
aecaec99-2483-5846-b893-633be7934add	PES-Konu özetleri-Problemler Kampı	42	11	465	ok	valid_end_?	nde oluşan şeklin uzunluğunun a ve b cinsinden eşiti aşağıdakilerden hangisidir?
9c18a039-1a24-5902-a7f2-9ff6b64ca2c9	PES-Konu özetleri-Problemler Kampı	86	12	297	ok	valid_end_?	ören bir kişi bu zamanlayıcıyı aşağıdaki sürelerden hangisine göre ayarlamıştır?
324fcc53-b956-57ef-96a1-1205626ce2cc	PES-Konu özetleri-Problemler Kampı	106	10	395	ok	valid_end_?	işi Özgür ve Yusuf beraber bitirdiklerine göre, işin tamamı kaç günde bitmiştir?
896211c3-7e87-5da5-b6ed-2ff050dcba1e	Esen Aylık Planlı Biyoloji Soru Bankası	28	7	155	ok	valid_end_?	lmiştir. Bu tabloda numaralanmış yerlere aşağıdakilerden hangisi getirilmelidir?
930f7376-f036-5eba-bd36-2a2051938aac	Esen Aps Biyoloji Soru Bankası	156	13	100	ok	valid_end_.	suyuna azot ve fosfor elementlerinin ilavesine bağlı gelişim grafiği aşağıdadır.
d3baac74-b621-5d22-998c-36e686f8cb01	Bilgi Sarmalı-2022-2023-Tyt Ayt-Geometri Soru Bankası	398	5	491	ok	valid_end_?	. $|a-b|=4$'tür. III. $|OB|=\frac{25}{3}$'tür. ifadelerinden hangileri doğrudur?
2a50132b-a080-5667-8383-415eddae643e	Aktif Ogrenme 2025 Tyt Fizik Soru Bankası	97	Örnek 14	293	ok	valid_end_?	addenin ortalama kinetik enerjisi artmaktadır. yargılarından hangileri doğrudur?
d39d701f-70d1-5085-ab35-ad1faffef6ac	Aktif Ogrenme 0 Baslayanlara Kimya 2019 2020	23	Örnek 16	71	ok	valid_end_?	Aşağıdaki laboratuvar malzemelerinden hangisinin adı doğru verilmiştir?
d7178a95-d3be-5079-af89-9e3451f9a9b6	Aktif Ogrenme 2025 Tyt Fizik Soru Bankası	76	Soru: 11	198	ok	valid_end_?	yor. Buna göre, K ve L cisimlerinin kütlelerinin oranı $\frac{m_K}{m_L}$ kaçtır?
5cb482ad-44ba-5fb3-b6dd-64a2a8913bb7	Aktif Ogrenme 2025 Tyt Fizik Soru Bankası	175	Örnek 2	303	ok	valid_end_?	cins yüklüdür. III. L ile M zıt cins yüklüdür. yargılarından hangileri doğrudur?
8091308b-808e-5adc-839f-af8da643b371	Aktif Ogrenme 2025 Tyt Fizik Soru Bankası	205	Örnek 6	120	ok	valid_end_?	cin iç direnci önemsizdir. Buna göre, devrenin eşdeğer direnci kaç $\Omega$'dur?
3e49682e-2ad2-506d-b6fe-d336e49790fa	Bilgi Sarmalı-2022-2023-Tyt-Matematik Soru Bankası	159	8	326	ok	valid_end_?	re, $\frac{\sin(3x^\circ) + \tan(2y^\circ)}{\sqrt{3}}$ ifadesinin değeri kaçtır?
187f2810-1f04-59a7-a853-9339031433bb	Aktif Ogrenme 2025 Tyt Fizik Soru Bankası	280	Örnek: 39	370	ok	valid_end_?	büyütülmesi işlemlerinden hangileri tek başına yapılırsa $\alpha$ açısı küçülür?
6f04fb74-ae23-58c9-bf68-446782151207	Aktif Ogrenme 2025 Tyt Fizik Soru Bankası	281	Soru 40	251	ok	valid_end_?	a göre, bunlar arasındaki ilişki aşağıdakilerin hangisinde doğru gösterilmiştir?
fc59ea02-fcf0-5edb-98d6-2fc21827bd41	Aktif Ogrenme 2025 Tyt Fizik Soru Bankası	284	Örnek: 46	257	ok	valid_end_?	 göre, ortamların kırma indisleri $n_X$, $n_Y$ ve $n_Z$ arasındaki ilişki nedir?
da5fae90-5056-5d17-b209-2f24c7de3d0b	Aktif Ogrenme 2025 Tyt Fizik Soru Bankası	285	Örnek : 48	138	ok	valid_end_?	defter yalnız mavi ışığı soğurmaktadır. Buna göre, defter hangi renkte gözlenir?
c32c4edd-2620-58e0-b048-fad6aa10869a	Aktif Ogrenme 2025 Tyt Fizik Soru Bankası	302	Soru: 62b	210	ok	valid_end_?	i gibi konuluyor. Buna göre, K cisminin düzenekteki son görüntüsü nerede oluşur?
b1bd5eec-18c6-52ab-906f-bb93c1992842	Aktif Ogrenme 2025 Tyt Fizik Soru Bankası	149	Soru 3	312	ok	valid_end_?	a göre, $F_X$, $F_Y$ kuvvetlerinin yaptığı işler oranı $\frac{W_X}{W_Y}$ kaçtır?
1780a5b6-821a-5737-94e9-d701e50f0ded	Aktif Ogrenme 2025 Tyt Fizik Soru Bankası	335	Örnek 4	257	ok	valid_end_?	yu ($\lambda$) III. Frekans (f) niceliklerinden hangileri birbirinden farklıdır?
aa2cd601-592c-5359-8e0c-40f6e6e1b420	Aktif Ogrenme 2025 Tyt Fizik Soru Bankası	336	Örnek: 6	291	ok	valid_end_?	e, bunlar arasındaki ilişki aşağıdakilerden hangisinde doğru olarak verilmiştir?
b0df271c-704b-5ac4-aaf6-af9c7802f3d4	Aktif Ogrenme 2025 Tyt Fizik Soru Bankası	119	Soru 17	254	ok	valid_end_?	text{ s}$ sonra birbirini tamamen geçtiğine göre, L aracının hızı kaç $m/s$'dir?
00849143-12bd-5b05-ad0a-3cd06be0d06b	Aktif Ogrenme 2025 Tyt Fizik Soru Bankası	119	Örnek 18	176	ok	valid_end_?	/s}$'ye çıkarıyor. Buna göre, aracın $5 \text{ saniyede aldığı yol kaç } m$'dir?
598d7292-45d9-5335-848b-66725e9efabf	Aktif Ogrenme 2025 Tyt Fizik Soru Bankası	129	Örnek 5	340	ok	valid_end_?	 cisim dengelenmiş kuvvetlerin etkisinde olur. yargılarından hangileri doğrudur?
76f96f68-b33d-5fae-9392-da5d4f008fd9	Aktif Ogrenme 2025 Tyt Fizik Soru Bankası	248	Soru 2	342	ok	valid_end_?	a göre, bunlar arasındaki ilişki aşağıdakilerin hangisinde doğru gösterilmiştir?
4405c7c1-29d9-56ec-bdfc-fd7683a47097	Aktif Ogrenme 2025 Tyt Fizik Soru Bankası	253	Soru 8	176	ok	valid_end_?	lmiştir. Buna göre, hangi noktadan ışık kaynağına bakıldığında kaynak görülemez?
1e020be0-d740-538c-a124-e7c2f33ef228	Aktif Ogrenme 2025 Tyt Fizik Soru Bankası	268	Soru: 26	150	ok	valid_end_?	 şekildeki gibi yollanıyor. Buna göre, hangi ışınlar asal eksene paralel yansır?
55cd758a-4af0-5feb-9322-5ad1f1cf8119	Apotemi 2024 Ayt Kimya Soru Bankasi	187	6	456	ok	valid_end_?	26 \ V$  kaplarından hangilerinde yükseltgenme-indirgenme tepkimesi gerçekleşir?
a1ed7503-a9f8-5379-8ea8-f6628ce75ee9	PES-Konu özetleri-Problemler Kampı	19	Örnek - 29	170	ok	valid_end_?	olan araç diğerinden 2 saat önce B noktasına vardığına göre, AB yolu kaç km dir?
14fef49c-51d4-57e3-a83f-a5619670591c	PES-Konu özetleri-Problemler Kampı	21	Örnek-33	264	ok	valid_end_?	una göre, grafikte Türk lirasının bulunduğu dilimin açısal değeri kaç derecedir?
11920c7e-7ef1-5eda-9101-aa3c9da878d6	PES-Konu özetleri-Problemler Kampı	22	20 - TYT	611	ok	valid_end_?	göre, Ceyda cuma günü planladığı günlük adım sayısından kaç adım fazla atmıştır?
7ab53879-075b-5212-b988-6a7f59156fac	Aktif Ogrenme Ayt Kimya 2019 2020	68	Soru: 20a	184	ok	valid_end_)	mmHg ise $C_2H_4$ gazının kısmi basıncı kaç mmHg'dir? ($C_2H_4$: 40, $SO_3$: 80)
f5b75b3f-f06b-5f55-a57a-0b46c3a09649	Aktif Ogrenme Ayt Kimya 2019 2020	70	Soru 22a	250	ok	valid_end_)	g olur? (Saf suyun $1 \text{ }^\circ C$'de buhar basıncı $22 \text{ mmHg}$'dir.)
5965337b-0012-5bd1-98f4-545e50b90346	Aktif Ogrenme Ayt Kimya 2019 2020	70	Soru 22b	247	ok	valid_end_)	g olur? (Saf suyun $1 \text{ }^\circ C$'de buhar basıncı $24 \text{ mmHg}$'dir.)
6254a09b-96aa-5d11-af3b-b294d3cd580f	Aktif Ogrenme Ayt Kimya 2019 2020	72	Örnek: 25	134	ok	valid_end_)	a piston 1 noktasında duruyor. Buna göre, V kaçtır? (Bölmeler eşit aralıklıdır.)
294ca9a1-8e4f-55be-8c45-7fb48b5bc8cc	Aktif Ogrenme Ayt Kimya 2019 2020	78	11	58	ok	valid_end_?	Gazlarla ilgili; çizilen grafiklerden hangileri yanlıştır?
d1ef4467-700f-5380-b9a5-9f6a63357711	Apotemi 2024 Ayt Kimya Soru Bankasi	235	9	70	ok	valid_end_?	Yukarıda verilen bileşik çiftlerinden hangileri birbiri ile izomerdir?
b244029e-fb0d-59ea-954e-81a3718609e8	Apotemi 2024 Ayt Kimya Soru Bankasi	247	6	185	ok	valid_end_?	ti ile belirtilmiştir. Buna göre, " " işareti hangi hatalı yerde kullanılmıştır?
b98f671b-45f5-553a-8fc3-071b239f46d6	Aktif Ogrenme Ayt Kimya 2019 2020	106	Örnek: 33	90	ok	valid_end_?	}C$'de 510 gram doygun çözelti $10^{\circ}C$'ye soğutulduğunda kaç gram X çöker?
0457fbeb-87cf-58a9-89e4-bd572caa3f30	Aktif Ogrenme 0 Baslayanlara Kimya 2019 2020	161	8	69	ok	valid_end_?	Yukarıda 1, 2 ve 3 nolu etkileşimlerden hangileri zayıf etkileşimdir?
afe30f7d-f443-5460-b053-4785b87d1bfb	Apotemi Tyt Ayt Kimya 2019-2020	73	9	408	ok	valid_end_.	ip bileşikleri vardır. E) Al havada kolaylıkla oksitlenerek $Al_2O_3$ e dönüşür.
b1440da0-165c-5d2f-af01-7aad77995ff6	Aktif Ogrenme 0 Baslayanlara Kimya 2019 2020	196	8	72	ok	valid_end_?	$42^\circ C$'de %40 bağıl nemde hissedilen sıcaklık kaç $^\circ C$ olur?
037bd31b-61ff-5914-8308-90bf1d1c59dd	Esen Ayt Tarih Soru Bankası	82	6	177	ok	valid_end_?	miştir. Buna göre hangi tarım ürünündeki uygulamanın verimi artırması beklenmez?
7e8dfeaf-8cfb-526f-aaf6-d5c4101cf165	Apotemi 2024 Ayt Kimya Soru Bankasi	187	7	212	ok	valid_end_)	 = -0,76 \ V$, $log2 = 0,3$. Nernst denklemindeki $0,059$ yerine $0,06$ alınız.)
19972ad5-ea9a-5375-9aa4-9952bbafd1c6	Apotemi 2024 Ayt Kimya Soru Bankasi	191	7	144	ok	valid_end_?	retlenmiştir. Buna göre, tablodaki işaretlemelerden hangileri doğru yapılmıştır?
ffa840ab-db71-5042-b947-b223f29a8db5	Apotemi Tyt Ayt Kimya 2019-2020	155	10	167	ok	valid_end_?	} \rightarrow 2SO_{3(g)}$ tepkime ile ilgili, grafiklerinden hangileri doğrudur?
fdb953ad-e396-5afb-aa93-0391b5c27489	Apotemi Tyt Ayt Kimya 2019-2020	167	11	67	ok	valid_end_?	Yukarıdaki olaylardan hangilerinin nedeni doğru olarak verilmiştir?
44ce82f3-4d6e-58e3-baa1-3df34517e405	Aktif Ogrenme 0 Baslayanlara Kimya 2019 2020	211	Örnek 2	209	ok	valid_end_?	. II. Z maddesi üründür. III. a değeri 22'dir. verilenlerden hangileri doğrudur?
045ef0ed-c11d-52d7-ac91-2199ba1486e0	Apotemi 2024 Ayt Kimya Soru Bankasi	251	12	225	ok	valid_end_?	ükseltgenme ve indirgenme tepkimesi verebilir. yargılarından hangileri doğrudur?
d21b47e4-13c6-5fa4-9af2-80033eea9c1f	Aktif Ogrenme 0 Baslayanlara Kimya 2019 2020	213	Soru 5b	203	ok	valid_end_?	 göre, bileşikteki elementlerin kütlece birleşme oranı $\frac{m_X}{m_Y}$ kaçtır?
e251fadc-5492-5703-81e8-a741770fa045	Bilgi Sarmalı-2023-2024-Tyt Ayt-Geometri Soru Bankası	92	8	160	ok	valid_end_?	2.|GE|$, $|AB|=12$ cm, $|BG|=8$ cm. Yukarıdaki verilere göre, $|AC|$ kaç cm'dir?
c87c9477-34f1-50ce-ae10-0d6443cd82d0	Apotemi Tyt Ayt Kimya 2019-2020	309	7	239	unclear	unknown_end_$	$H_2C=CH-CH_2-CH_3$ ve $H_3C-CH_2-CH_2-CH_3$ III. $CH_2=CH-OH$ ve $CH_3-C=O$ $H$
388cfc35-0d2e-5505-a483-5ebf9a7064e1	Bilgi Sarmalı-2023-2024-Tyt Ayt-Geometri Soru Bankası	190	7	150	ok	valid_end_?	BEC)=15 \text{ cm}^2$. Yukarıdaki verilere göre, $A(ABE)$ kaç $\text{cm}^2$ dir?
2b4b9699-3b17-5a87-9fad-cef369f7e876	Apotemi 2024 Ayt Kimya Soru Bankasi	266	13	69	ok	valid_end_?	Aşağıda adı verilen polimerlerden hangisinin formülü yukarıda yoktur?
977bd139-232f-566e-b17a-7b4464ccc1b3	Aramot Tyt 2023 Fen Bilimleri Model Sorular	11	KILAVUZ SORU	350	ok	valid_end_)	 $T_C$ arasındaki ilişki nedir? (Başlangıçta tüm odaların sıcaklıkları eşittir.)
b5caa291-8bb7-571d-8223-80feff3893d1	Aramot Tyt 2023 Fen Bilimleri Model Sorular	12	KILAVUZ SORU	388	ok	valid_end_?	uzama katsayıları $\lambda_X$, $\lambda_Y$, $\lambda_Z$ arasındaki ilişki nedir?
ea7e1e88-83d9-5d95-bd61-82287e5e79fc	Aramot Tyt 2023 Fen Bilimleri Model Sorular	16	AROMAT MODELİ	306	ok	valid_end_?	e kuvvetleri $T_1$, $T_2$ ve $T_3$ arasındaki ilişki aşağıdakilerden hangisidir?
546c754c-6933-547f-9efb-20e66e5e1f08	Aramot Tyt 2023 Fen Bilimleri Model Sorular	16	KILAVUZ SORU	142	ok	valid_end_?	 gibidir. Buna göre, lambaların parlaklık sıralaması aşağıdakilerden hangisidir?
69ee5e52-967d-5c26-bba9-2c9c7c1d89b0	Aramot Tyt 2023 Fen Bilimleri Model Sorular	26	KILAVUZ SORU	73	ok	valid_end_?	Aşağıdaki laboratuvar araç gereçlerinden hangisi yanlış adlandırılmıştır?
bc6c9153-51cd-5811-a99f-a6a9c344f75a	Aramot Tyt 2023 Fen Bilimleri Model Sorular	26	AROMAT MODELİ	176	ok	valid_end_?	 Buna göre şişedeki kimyasal ile ilgili aşağıdaki ifadelerden hangisi yanlıştır?
8966b6ed-1669-576b-aba1-24ab09a3580f	Aramot Tyt 2023 Fen Bilimleri Model Sorular	30	AROMAT MODELİ	137	ok	valid_end_?	daki etkileşim modellenmiştir. Buna göre aşağıdaki ifadelerden hangisi doğrudur?
b7096bd0-9a72-5c88-a79e-678c2c5cc94f	Aramot Tyt 2023 Fen Bilimleri Model Sorular	42	K KILAVUZ SORU	277	ok	valid_end_?	III. Donmaya başlama sıcaklıkları $3>2>1$'dir. yargılarından hangileri doğrudur?
15a27e20-7ec1-51cc-9425-d975a7941ab8	Aramot Tyt 2023 Fen Bilimleri Model Sorular	50	KILAVUZ SORU	216	ok	valid_end_?	iştir. Bu şartlarda belirtilen hücre verilen moleküllerie hangilerini sentezler?
f948374d-0e6e-5b63-bf98-3bfab01f6861	Aramot Tyt 2023 Fen Bilimleri Model Sorular	63	KILAVUZ SORU	65	ok	valid_end_?	Verilen besin ağına göre aşağıdaki ifadelerden hangisi yanlıştır?
6b3b542f-1c1a-5876-ab2f-8c50a56e7ee3	Aromat -2023-2024-Matematik Soru Bankası	49	5	223	ok	valid_end_?	arak aşağıdaki tablo dolduruluyor. Buna göre, boyalı kutuya yazılan sayı kaçtır?
940a192d-8ef9-5b8a-bf2a-a0d4218e02d1	Aromat -2023-2024-Matematik Soru Bankası	111	8	194	ok	valid_end_?	 bu boyalı bölge aşağıdaki eşitsizlik sistemlerinden hangisinin çözüm kümesidir?
7bc73bd1-123c-5385-9fe8-db781d16de64	Aktif Ogrenme 0 Baslayanlara Kimya 2019 2020	278	8	172	ok	valid_end_?	terilmiştir. Buna göre X bileşiğinin molekül formülü aşağıdakilerden hangisidir?
ebbbcb1c-a14b-508a-aef0-ab15432be329	Aromat -2023-2024-Matematik Soru Bankası	275	4	636	ok	valid_end_?	n'ın çektiği toplardan biri 6 numaralı toptur. ifadelerinden hangileri doğrudur?
2f5b78b6-2b64-5418-82cc-4366f88bbd29	Apotemi Tyt Ayt Kimya 2019-2020	205	10	51	ok	valid_end_?	Buna göre, aşağıdaki ifadelerden hangisi yanlıştır?
2d541512-eeeb-5776-970e-e975c142c029	Apotemi Tyt Ayt Kimya 2019-2020	277	9	278	ok	valid_end_?	yükseltgenme gerilimi $+0,44 \text{ volttur}$. yargılarından hangileri doğrudur?
18911ba1-21bd-5dd7-8f8a-2cb315808199	Aromat -2023-2024-Matematik Soru Bankası	385	6	399	ok	valid_end_?	na göre, $x$ sayısının alabileceği değerlerin kümesi aşağıdakilerden hangisidir?
cc560b70-3bf3-5900-813d-070224d4f5e2	Apotemi Tyt Ayt Kimya 2019-2020	211	8	253	ok	valid_end_?	imelere göre, diyagramda ifade edilen tepkimenin $\Delta H$ değeri kaç kkal'dir?
a19875e2-2c7a-5209-87cc-e7558da0126e	Apotemi Tyt Ayt Kimya 2019-2020	215	8	251	ok	valid_end_?	}$ değeri $-113 \text{ kkal}$ olduğuna göre grafikteki $\text{x}$ değeri kaçtır?
4c4d9507-312c-5c59-a925-ff19314c1729	Esen Aps Cografya Soru Bankası	74	6	92	ok	valid_end_?	aralandırılan yer şekilleri, aşağıdakilerin hangisinde doğru olarak verilmiştir?
72b15ea2-6d9e-570d-9193-24f5ec748571	Aromat Tyt Sosyal Bilimler Model Sorular 2023	23	AROMAT MODELİ	363	ok	valid_end_.	ir. • Doğal bitki örtüsü kışın yapraklarını döken ağaçlardan oluşan ormanlardır.
2186cb7d-e06c-55b4-acbb-fb2387e7639d	Aromat 2024 Ayt Fen Bilimleri	8	AROMAT MODELİ	571	ok	valid_end_?	k başına yaparak el arabasını dengelemesi uyguladığı torkun büyüklüğünü artırır?
13b85c33-2ba8-5cda-acb8-c80825dd7412	Aromat 2024 Ayt Fen Bilimleri	12	AROMAT MODELİ	502	ok	valid_end_?	m arttırılırsa çerçevenin dönme yönü değişmez. yargılarından hangileri doğrudur?
728e9d0b-3469-5bd2-865b-2bf66103de4a	Aromat 2024 Ayt Fen Bilimleri	12	KILAVUZ SORU	365	ok	valid_end_?	eti artırılırsa manyetik torkun şiddeti artar. yargılarından hangileri doğrudur?
c68593ea-75a3-524d-bf02-29bebc5668ad	Aromat 2024 Ayt Fen Bilimleri	12	AROMAT MODELİ	316	ok	valid_end_?	{B}_2$ manyetik alanlarının yönleri ile ilgili aşağıdakilerden hangisi doğrudur?
905ef745-9297-50e9-966e-b146c682732d	Aromat 2024 Ayt Fen Bilimleri	26	KILAVUZ SORU	460	ok	valid_end_)	rından hangileri doğrudur? ($CH_4: 16, He: 4$) (Piston hacmi önemsenmeyecektir.)
26d0fad2-ab65-50cb-aca2-282a76ed2cca	Aromat 2024 Ayt Fen Bilimleri	27	KILAVUZ SORU	224	ok	valid_end_)	25$ atm olduğuna göre kapta kaç gram He gazı vardır? (N: 14, C: 12, He: 4, H: 1)
8729d837-8714-5d8e-a2f6-40acaf54b04d	Aromat 2024 Ayt Fen Bilimleri	29	AROMAT MODELİ	195	ok	valid_end_?	ıda verilmiştir. Verilen bilgilere göre aşağıdaki ifadelerden hangisi yanlıştır?
047fec32-b6d1-5c19-9e21-5f981a422ac5	Aromat 2024 Ayt Fen Bilimleri	30	KILAVUZ SORU	182	ok	valid_end_?	en grafik aşağıda verilmiştir. Buna göre aşağıdaki ifadelerden hangisi doğrudur?
88b7062b-49e6-5c08-875a-ae31ca4908f2	Aromat 2024 Ayt Fen Bilimleri	30	AROMAT MODELİ	228	ok	valid_end_?	alı eğriye dönüşmesi için aşağıda verilen işlemlerden hangisi yapılmış olabilir?
4079b569-ecca-5c06-be04-3f5cf213be63	Apotemi Tyt Ayt Kimya 2019-2020	275	9	290	ok	valid_end_?	Yukarıdaki elektrokimyasal pille ilgili aşağıdaki ifadelerden hangisi yanlıştır?
1e4eb872-acfa-590d-8eae-001e1b87892f	Aromat 2024 Ayt Fen Bilimleri	38	KILAVUZ SORU	346	ok	valid_end_)	gerilimi ($E_{pil}$) kaç V olur? (Nernst eşitliğindeki katsayıyı $0,06$ alınız.)
af7417ce-dbe1-5aea-9980-acde3e783d1f	Aromat 2024 Ayt Fen Bilimleri	39	KILAVUZ SORU	107	ok	valid_end_)	gisinin Lewis formülü yanlıştır? ($_{1}H, _{6}C, _{7}N, _{8}O, _{15}P, _{17}Cl$)
49f04766-c75d-5736-a1e8-bd94180913f1	Aramot Tyt 2023 Fen Bilimleri Model Sorular	7	KILAVUZ SORU	195	ok	valid_end_?	n hangilerinin hareketlerinde hem durma hem de yön değiştirmeden bahsedilebilir?
d866897b-bc28-50bb-851c-53d701afeb48	Aramot Tyt 2023 Fen Bilimleri Model Sorular	13	KILAVUZ SORU	249	ok	valid_end_?	puzuna dokundurulursa elektroskobun yapraklarının hareketi için ne söylenebilir?
71b82786-f63f-52b8-80b3-6ce8e564dc97	Aromat 2024 Ayt Fen Bilimleri	55	AROMAT MODELİ	158	ok	valid_end_?	alandırılarak gösterilmiştir. Buna göre aşağıdaki ifadelerden hangisi yanlıştır?
cb48edcb-e247-50ad-bae1-cc6235a51893	Aramot Tyt 2023 Fen Bilimleri Model Sorular	44	K KILAVUZ SORU	152	ok	valid_end_?	idrofil uçtur. III. Kir ile a kısmı etkileşir. ifadelerinden hangileri doğrudur?
29666a23-bd9d-564b-9541-b506286f7783	Aromat 2024 Ayt Fen Bilimleri Model Sorular	15	KILAVUZ SORU	273	ok	valid_end_?	 $\omega_K$, $\omega_L$ arasındaki büyüklük ilişkisi aşağıdakilerden hangisidir?
ffce8e68-9b3b-5665-9050-82e6e179ac85	Aromat 2024 Ayt Fen Bilimleri Model Sorular	23	KILAVUZ SORU	176	ok	valid_end_?	tedir. Buna göre $K_1$ ve $K_2$ aşağıdakilerden hangisinde doğru gösterilmiştir?
ff595ab1-24c8-561f-9dd4-194a0c3c67eb	Aromat 2024 Ayt Fen Bilimleri Model Sorular	27	AROMAT MODELİ	327	ok	valid_end_)	eki toplam basınç kaç mmHg olur? ($27^\circ C$'de $P_{H_2O}$: 55 mmHg, KCl: 122)
c1faf37a-bde7-56c7-9626-f4f2977d17fe	Aromat 2024 Ayt Fen Bilimleri Model Sorular	38	KILAVUZ SORU	370	ok	valid_end_)	gerilimi ($E_{pil}$) kaç V olur? (Nernst eşitliğindeki katsayıyı $0,06$ alınız.)
4f9a0a2a-89ed-5f99-9e63-b074a0c10e89	Aromat 2024 Ayt Fen Bilimleri Model Sorular	47	AROMAT MODELİ	98	ok	valid_end_?	snenin ışık ışınlarının algılanması sürecinde sırası ile hangilerinden iletilir?
c4cb5798-834e-55d2-b32b-0ec6aca8da59	ACİL-2025-Matematiğin İlacı Polinom	171	8	244	ok	valid_end_?	e, $w = z+p$ olarak tanımlanıyor. olduğuna göre, $Re(w) + Im(w)$ toplamı kaçtır?
d37107fe-efe0-5bdb-8abe-601c9a32e4c9	Aromat 2024 Ayt Fen Bilimleri Model Sorular	55	AROMAT MODELİ	158	ok	valid_end_?	alandırılarak gösterilmiştir. Buna göre aşağıdaki ifadelerden hangisi yanlıştır?
aedbf94e-c295-5d31-9f0d-41f9d784e8ec	Aromat 2024 Ayt Fen Bilimleri	8	KILAVUZ SORU	304	ok	has_question_ending	 $T_1$, $T_2$, $T_3$ arasındaki büyüklük ilişkisi nedir? $(\sin 30^\circ = 0,5)$
93a5898a-0776-56cc-a77b-5d3dd08a14c5	Aromat 2024 Ayt Fen Bilimleri Net 30	12	KILAVUZ SORU	371	ok	valid_end_?	eti artırılırsa manyetik torkun şiddeti artar. yargılarından hangileri doğrudur?
c9f5fe9e-1e8d-56b9-826b-06eebe2a293b	Aromat 2024 Ayt Fen Bilimleri Net 30	15	KILAVUZ SORU	282	ok	valid_end_?	 $\omega_K$, $\omega_L$ arasındaki büyüklük ilişkisi aşağıdakilerden hangisidir?
15e06a61-2cfa-55cd-a915-5680ba72ca43	Aromat 2024 Ayt Fen Bilimleri Net 30	26	KILAVUZ SORU	437	ok	valid_end_)	arından hangileri doğrudur? ($CH_4$: 16, He: 4)(Piston hacmi önemsenmeyecektir.)
8fad464b-51a3-5fda-aca1-8450917b2dd8	Aromat 2024 Ayt Fen Bilimleri Net 30	27	KILAVUZ SORU	232	ok	valid_end_)	olduğuna göre kapta kaç gram He gazı vardır? (N: $14$, C: $12$, He: $4$, H: $1$)
c28a524d-db3a-5657-b4cc-2b611d1f6736	Aromat 2024 Ayt Fen Bilimleri Net 30	27	AROMAT MODELİ	333	ok	valid_end_)	i toplam basınç kaç mmHg olur? ($27^\circ C$'de $P_{H_2O}: 55$ mmHg, $KCl: 122$)
0f0e60f5-6bc4-51c3-9e78-40954e960df7	Aromat 2024 Ayt Fen Bilimleri Net 30	38	KILAVUZ SORU	316	ok	valid_end_)	e pil gerilimi (E_pil) kaç V olur? (Nernst eşitliğindeki katsayıyı 0,06 alınız.)
76260a1f-cba3-554c-a751-e7a1f43e6706	Aromat -2023-2024-Matematik Soru Bankası	129	9	115	ok	valid_end_?	ndeki sayıların çarpımı birbirine eşittir. Buna göre, A sayısının değeri kaçtır?
daed6ae5-77df-5914-9f9d-25368016a53a	Aromat 2024 Ayt Fen Bilimleri Net 30	55	KILAVUZ SORU	130	ok	valid_end_?	şematize edilmiştir. Hangi bölümlerde $NaCl$'nin geri emilim işlemi gerçekleşir?
0ea7dd56-d253-5420-bef5-2782b35fa39d	Aromat 2024 Ayt Fen Bilimleri Net 30	55	AROMAT MODELİ	158	ok	valid_end_?	alandırılarak gösterilmiştir. Buna göre aşağıdaki ifadelerden hangisi yanlıştır?
bbb2349e-ac5a-504d-8559-32719b452480	Aromat Ayt 2023 2024 Fizik Soru Bankası	15	5	291	ok	valid_end_)	\cos60^\circ = \frac{1}{2}$; $\sin60^\circ = \cos30^\circ = \frac{\sqrt{3}}{2}$)
aa2e652b-d2f5-5077-9219-66f8e960bd46	Aromat 2024 Ayt Fen Bilimleri	27	KILAVUZ SORU	325	ok	valid_end_)	 olur? ($Mg(NO_3)_2: 148$) (Karışımın toplam hacmi $1000$ ml kabul edilecektir.)
1e9a158a-bbc5-53d1-af4e-88e1425a9a9d	Aromat Ayt 2023 2024 Fizik Soru Bankası	95	5	344	ok	valid_end_?	ortak hızı ve hareket yönü, aşağıdakilerden hangisinde doğru olarak verilmiştir?
d875d1c9-cb33-5379-ba52-164d0433898a	Aromat Ayt 2023 2024 Fizik Soru Bankası	179	7	458	ok	valid_end_?	manyetik alanlarının yönleri aşağıdakilerden hangisinde doğru verilmiş olabilir?
a79301ca-c89d-5f7a-bcff-bdf11c0eb933	Esen Ayt Tarih Soru Bankası	204	6	456	ok	valid_end_?	etimindeki payı rüzgâr gücünden fazladır. yargılarından hangilerine varılabilir?
b8b51552-2f37-57d1-b96d-72e16f036b3a	Aromat Tyt Sosyal Bilimler Model Sorular 2023	23	AROMAT MODELİ	166	ok	valid_end_?	erin aşağıdaki özelliklerinden hangisinin kesinlikle farklı olduğu söylenebilir?
3de1ae21-36de-56bf-ab1f-c5aa8d3fff57	Aromat -2023-2024-Matematik Soru Bankası	299	8	602	ok	valid_end_?	oluşturulan aşağıdaki bileşik önermelerden hangisinin doğruluk değeri yanlıştır?
9407f6f9-d33c-581e-953e-566a67c02f35	Aktif Ogrenme Ayt Kimya 2019 2020	310	Örnek: 16	113	ok	valid_end_)	 ile oluşturduğu bileşiğin VSEPR gösterimi aşağıdakilerden hangisidir? ($_{1}H$)
bdf23185-0a56-57d9-a709-ffdb00099612	Aktif Ogrenme Ayt Kimya 2019 2020	341	Soru : 21a	147	unclear	unknown_end_$	şiğinin yapı izomeridir? I. $CH_3$ II. $CH_3-CH_2-C=CH_2$ III. $CH_3-CH=CH-CH_3$
c518f0c7-ae6d-5bda-a94d-a7dc15845636	Aromat Ayt 2023 2024 Fizik Soru Bankası	271	5	255	ok	valid_end_?	ayı gerçekleştiren elektronun açısal momentumu $\frac{h}{\pi}$ kadar azalmıştır?
e19e592a-ece1-574c-8585-7fd43c65501a	Aktif Ogrenme Ayt Kimya 2019 2020	273	Örnek 21	155	ok	valid_end_)	angisidir? (Elektron verme eğilimleri: $K > Na > H > Br > Cl > OH$ şeklindedir.)
f2834d6e-127b-500a-98b5-92eb6d837632	Aromat 2024 Ayt Fen Bilimleri	34	Soru 2	320	ok	valid_end_?	de $5 \cdot 10^{-4}$ mol $X_2Y_3$ çözünmüştür. yargılarından hangileri doğrudur?
7997ce4d-41e9-57ab-b367-fcd429088cb6	Aromat 2024 Ayt Fen Bilimleri	45	KILAVUZ SORU	279	ok	valid_end_?	miterler sinaptik boşluğa ekzositozla verilir. ifadelerinden hangileri doğrudur?
cd9bbdc3-274d-5e15-986c-faccc7d42f0b	Aromat 2024 Ayt Fen Bilimleri Model Sorular	49	AROMAT MODELİ	109	ok	valid_end_?	ri tabloda verilmiştir. Numaralı bölümlere aşağıdakilerden hangisi yazılmalıdır?
df23d809-3671-50f5-ad4b-7015d12818f7	Bilgi Sarmalı-2024-Ayt-Matematik Soru Bankası	313	8	393	ok	valid_end_?	0$ III. $\lim_{x \to c} \frac{g(x)}{h(x)} = 0$ ifadelerinden hangileri doğrudur?
c1b7746c-8388-568a-bd8a-8d3c76a33141	Aromat Ayt 2023 2024 Fizik Soru Bankası	299	5	355	ok	valid_end_?	a eyemlerinden hangilerinin yapılması ampermetreden akım geçmesini sağlayabilir?
688cbccb-cc08-5d79-a445-f2f29fe01bd9	Aromat 2024 Ayt Fen Bilimleri Net 30	5	AROMAT MODELİ	414	ok	valid_end_)	}^2$'dir? ($g = 10 \text{ m/s}^2$; $\sin 37^\circ = 0,6$; $\cos 37^\circ = 0,8$)
6cdaedbe-dd06-5365-a576-9798d282111f	Aromat Ayt 2023 2024 Fizik Soru Bankası	157	7	225	ok	valid_end_?	sayısı şekilde verilmiştir. Buna göre sığaçların $\frac{C_K}{C_L}$ oranı kaçtır?
bc9defd3-1ea7-5c8c-97af-f87d96941216	Aromat Ayt 2024 Fen Bilimleri Model Sorular Net 30	5	AROMAT MODELİ	358	ok	valid_end_)	kaç m/s$^2$ olur? ($g = 10$ m/s$^2$; $\sin37^\circ = 0,6$; $\cos37^\circ = 0,8$)
d66d6491-77aa-5f0a-88d6-1c87ea4022a1	Aromat Ayt 2024 Fen Bilimleri Model Sorular Net 30	12	AROMAT MODELİ	502	ok	valid_end_?	m arttırılırsa çerçevenin dönme hızı değişmez. yargılarından hangileri doğrudur?
f218ea7f-149e-563b-afc6-2656ae972cfe	Aromat Ayt 2024 Fen Bilimleri Model Sorular Net 30	23	KILAVUZ SORU	174	ok	valid_end_?	iştir. Buna göre $K_1$ ve $K_2$ aşağıdakilerden hangisinde doğru gösterilmiştir?
9dc051a5-7cbe-55f3-89ee-02e876a87c3a	Aromat Ayt 2024 Fen Bilimleri Model Sorular Net 30	26	KILAVUZ SORU	505	ok	valid_end_)	ri doğrudur? ($\text{CH}_4: 16, \text{He}: 4$) (Piston hacmi önemsenmeyecektir.)
43503794-3bb3-5a85-97be-38183261a64f	Aromat Ayt 2024 Fen Bilimleri Model Sorular Net 30	26	KILAVUZ SORU	579	ok	valid_end_)	e}$ ulaşır. yargılarından hangileri doğrudur? ($\text{HF}: 20, \text{SO}_2: 80$)
ec035e27-f095-53e6-a5c3-6c39288877f0	Aromat Ayt 2024 Fen Bilimleri Model Sorular Net 30	28	KILAVUZ SORU	305	ok	valid_end_)	Hg olur? (Su için $K_s=0,52$, $T^\circ C$'de $P_{H_2O}=42,88$ mmHg $H_2O$: $18$)
be076d76-4029-5413-8427-0d91f4272895	Esen Ayt Tarih Soru Bankası	202	5	191	ok	valid_end_?	eri verilmiştir. Bu madenler aşağıdakilerin hangisinde doğru olarak verilmiştir?
c77598cd-519d-50d4-b1cd-d979ccbc511d	Aromat 2024 Ayt Fen Bilimleri Model Sorular	28	KILAVUZ SORU	305	ok	valid_end_)	r? (Su için $K_b$: $0,52$, $T^\circ C$'de $P_{H_2O}$: $42,88$ mmHg $H_2O$: $18$)
f7626984-4b02-59e7-ac40-df3a115f13c8	Esen Ayt Tarih Soru Bankası	104	5	174	ok	valid_end_?	tir. Şemaya göre, Marmaray ile ilgili aşağıdaki yargılardan hangisine varılamaz?
3cd11cac-ab3d-5724-b976-833687815632	Aromat 2024 Ayt Fen Bilimleri	55	KILAVUZ SORU	126	ok	valid_end_?	i şematize edilmiştir. Hangi bölümlerde NaCl'nin geri emilim işlemi gerçekleşir?
54bf9470-19f3-5046-b6c3-e381ea61976a	Aromat 2024 Ayt Fen Bilimleri	56	M AROMAT MODELİ	91	ok	valid_end_?	r dişi bir insanda, verilen yapıların hangilerinden östrojen hormonu salgılanır?
e5349612-2b2a-5847-a124-58bebf7c3585	Aromat 2024 Ayt Fen Bilimleri Net 30	27	KILAVUZ SORU	325	ok	valid_end_)	 olur? ($Mg(NO_3)_2: 148$) (Karışımın toplam hacmi $1000$ mL kabul edilecektir.)
6d00edb7-e5ad-55d7-aedc-65f59f5ba674	Aromat 2024 Ayt Fen Bilimleri Net 30	33	AROMAT MODELİ	352	ok	valid_end_?	ve edildiğinde ortam pH'sı $7$'den büyük olur. ifadelerinden hangileri doğrudur?
88494f67-4546-5baf-90d8-eae64f211337	Esen Ayt Tarih Soru Bankası	50	6	154	ok	valid_end_?	 Şemada verilenlerden hangisi, ülke nüfusunun niteliğinin iyileştiğini gösterir?
00408666-f550-5c38-aab5-f3c4076a3a94	Aromat 2024 Ayt Fen Bilimleri Net 30	49	AROMAT MODELİ	109	ok	valid_end_?	ri tabloda verilmiştir. Numaralı bölümlere aşağıdakilerden hangisi yazılmalıdır?
1b035f2a-f8c7-5c8d-a441-0e225e9429df	Aromat 2024 Ayt Fen Bilimleri Net 30	54	M AROMAT MODELİ	209	ok	valid_end_?	ması, III. doku asitliğinin artması olaylarından hangileri neden olmuş olabilir?
14b1d8d6-74b9-5201-95a1-7b5a6ce29df6	Aromat Ayt 2024 Fen Bilimleri Model Sorular Net 30	38	KILAVUZ SORU	322	ok	valid_end_)	gerilimi ($E_{pil}$) kaç V olur? (Nernst eşitliğindeki katsayıyı $0,06$ alınız.)
48dfb7dc-f299-54ec-b7ef-8c8cd5b2ae67	Aromat Ayt 2024 Fen Bilimleri Model Sorular Net 30	47	AROMAT MODELİ	98	ok	valid_end_?	snenin ışık ışınlarının algılanması sürecinde sırası ile hangilerinden iletilir?
d1eb5d83-c731-5752-9001-b307f4055e19	Aromat Ayt 2024 Fen Bilimleri Model Sorular Net 30	50	KILAVUZ SORU	131	ok	valid_end_?	matize edilmiştir. Bu yapılarla ilgili yapılan açıklamalardan hangisi yanlıştır?
de5b8f28-1a39-50f4-aa25-37ed08aeda4a	Esen Ayt Tarih Soru Bankası	50	7	116	ok	valid_end_?	nin, aşağıdakilerden hangisi yönüyle farklı oldukları kesin olarak söylenebilir?
dffc0d59-f39f-5c8f-83ad-11779583c8de	Aromat Tyt Sosyal Bilimler Model Sorular 2023	23	KILAVUZ SORU	119	ok	valid_end_?	ortalaması verilen merkez aşağıdaki iklim bölgelerinden hangisinde yer alabilir?
852dd478-6f95-5b9d-87ef-1bd275d82c22	Bilgi Sarmalı-2025-Ayt-Matematik Soru Bankası	244	14	222	ok	valid_end_?	 sırasıyla aşağıdaki gibi yazılıyor. Bu tabloda $x=y$ olduğuna göre, $n$ kaçtır?
b515dc01-554d-5f42-bd8a-78bee5de8206	Aromat Ayt 2024 Fen Bilimleri Model Sorular Net 30	20	AROMAT MODELİ	363	ok	valid_end_?	_K$, $f_L$, $f_M$ ise aralarındaki büyüklük ilişkisi aşağıdakilerden hangisidir?
1130e63c-edb1-5b09-84c7-41545c40ef68	Aromat Ayt 2024 Fen Bilimleri Model Sorular Net 30	27	AROMAT MODELİ	344	ok	valid_end_)	g olur? ($27^\circ C$'de $P_{H_2O}$: 55 mmHg, KCl: 122) (K: 39, O: 16, Cl: 35,5)
53b19cfa-6272-5e8e-b7b3-3c81c6b6b988	Aromat Ayt 2024 Fen Bilimleri Model Sorular Net 30	29	AROMAT MODELİ	203	ok	valid_end_?	ıda verilmiştir. Verilen bilgilere göre aşağıdaki ifadelerden hangisi yanlıştır?
015a2913-716f-5fe6-8fd9-ad7053b015c4	Bilgi Sarmalı-2023-2024-Ayt-Matematik Soru Bankası	157	7	324	ok	valid_end_?	birimkaredir. III. $|AC|=|AD|=\cos\alpha$ dur. İfadelerinden hangileri doğrudur?
5adfa9db-ec5e-5d24-bf1c-7c687a5ac636	Aktif Ogrenme Ayt Kimya 2019 2020	406	10	329	ok	valid_end_?	zomerdir. III. Kapalı formülü $C_3H_6O_2$ dir. yargılarından hangileri doğrudur?
41001b46-0be8-5f8a-9635-b05849e83cc7	Aromat Ayt 2024 Fen Bilimleri Model Sorular Net 30	40	AROMAT MODELİ	231	ok	valid_end_?	den büyük, b açısı $109,5^\circ$'den küçüktür. ifadelerinden hangileri doğrudur?
73efd24c-797a-5942-bc39-ee7db880c7d7	Aromat Ayt 2024 Fen Bilimleri Model Sorular Net 30	49	AROMAT MODELİ	109	ok	valid_end_?	ri tabloda verilmiştir. Numaralı bölümlere aşağıdakilerden hangisi yazılmalıdır?
2aa9887f-77c6-547f-bc6e-dcc99bdd541c	Aromat Ayt 2024 Fen Bilimleri Model Sorular Net 30	50	AROMAT MODELİ	223	ok	valid_end_?	 rastlanabilecek sindirim ürünleri ile ilgili aşağıdakilerden hangisi yanlıştır?
c380a9a7-abb4-5af6-a26b-3109cab546a4	Aromat Ayt 2024 Fen Bilimleri Model Sorular Net 30	56	AROMAT MODELİ	91	ok	valid_end_?	r dişi bir insanda, verilen yapıların hangilerinden östrojen hormonu salgılanır?
4d069f73-a5ee-50e1-8683-a942165bb55e	Bilgi Sarmalı-2025-Tyt Ayt-Geometri Soru Bankası	80	11.	144	ok	valid_end_?	, $|BD| = 6$ cm, $|DC| = 4$ cm. Yukarıdaki verilere göre, $|CE| = x$ kaç cm'dir?
d1154ca8-13f1-596e-9b21-c4b5c83b97fb	Bilgi Sarmalı-2025-Tyt Ayt-Geometri Soru Bankası	214	9.	159	ok	valid_end_?	DC$ üçgeninin alanı 8 cm$^2$ dir. Yukarıdaki verilere göre, $|AD|=x$ kaç cm'dir?
be0a887b-1933-586b-9503-03ea3f24d650	Bilgi Sarmalı-2025-Tyt Ayt-Geometri Soru Bankası	228	10.	115	ok	valid_end_?	 10$ cm, $|BE| = 4\sqrt{5}$ cm. Yukarıdaki verilere göre, $|AE| = x$ kaç cm'dir?
5e8ae81e-15c9-55d6-bf2d-d8e863b51c16	Bilgi Sarmalı-2023-2024-Ayt-Matematik Soru Bankası	157	2022 / AYT	225	ok	valid_end_?	rilmiştir. $m(\widehat{KOL})=\alpha$  olduğuna göre, $\tan\alpha$ değeri kaçtır?
7c25715b-df87-5223-92c5-98a9201ae7f8	Aromat-2023-Ayt-Matematik Soru Bankası	211	7	262	ok	valid_end_?	 ..., b_n, ...)$ Buna göre, "?" ile gösterilen terim aşağıdakilerden hangisidir?
5c33fb31-c773-500f-85ae-d109b1f76e17	Aromat-2023-Ayt-Matematik Soru Bankası	247	7	241	ok	valid_end_?	f(1)}{\lim_{x \to 1^-} f(x) + \lim_{x \to -1^+} f(-1)}$ işleminin sonucu kaçtır?
9351ee26-a2e0-5fbf-95b1-f7ed69ebe020	Aromat-2023-Tyt-Matematik Net 30	28	AROMAT MODELİ	210	ok	valid_end_?	nlarının grafikleri şekilde gösterilmiştir. Buna göre, $(g-f)(2)$ değeri kaçtır?
4346c6df-d217-513c-9549-222778df25e6	Aromat-2023-Tyt-Matematik Net 30	29	Soru 2	223	ok	valid_end_?	sağlandığına göre, $a$ gerçek sayısıyla ilgili aşağıdakilerden hangisi doğrudur?
74b073fb-261a-56c0-aaf1-b6e9c361091e	Aromat-2023-Ayt-Matematik Soru Bankası	249	6	246	ok	valid_end_?	mindeki I. II. III. grafiklerinden hangileri $f$ fonksiyonunun grafiği olabilir?
38448ac1-d7c9-58d5-9b3e-471013c49e5f	Aromat-2023-Ayt-Matematik Soru Bankası	109	8	144	ok	valid_end_?	ablosu aşağıdaki şekilde gösterilmiştir. Buna göre, $a$ tam sayısı en az kaçtır?
3e678716-c002-5733-82ef-0e7c5d3cd35b	Aromat-2023-Tyt-Matematik Net 30	29	Soru 1	202	ok	valid_end_?	i aralıklardan hangisinin $f$ fonksiyonu altındaki görüntüsü yanlış verilmiştir?
4c8afd45-2cc1-5576-a508-09ca19d4a90a	Aromat-2023-Tyt-Matematik Net 30	32	AROMAT MODELİ	440	ok	valid_end_?	ghtarrow r')$ önermesi doğru olduğuna göre, Elif kaç numaralı merkezi seçmiştir?
a46fbf88-49fa-5d9d-b0e8-be7e81927405	Aromat-2024-Matematik Net 30	29	AROMAT MODELİ	225	ok	valid_end_?	birim olduğuna göre, "?" ile gösterilen sarı renkli açının ölçüsü kaç derecedir?
5491deba-3b3f-519c-a5d4-c1edfa3d23ff	Aromat-2024-Matematik Net 30	29	AROMAT MODELİ	220	ok	valid_end_?	enkli bölgenin alanı birbirine eşittir. Buna göre, $\sin(\widehat{DBC})$ kaçtır?
84c67603-0ae8-597c-a829-53b043b949f6	Aromat-2024-Matematik Net 30	51	KILAVUZ SORU	218	ok	valid_end_?	_2$ doğruları şekilde gösterilmiştir. Buna göre, $f'(0) + f'(5)$ toplamı kaçtır?
14bd4d5b-e5dc-5ca5-b475-ba7013d331e9	Aromat-2024-Matematik Net 30	62	KILAVUZ SORU	227	ok	valid_end_?	ir. Buna göre, $\int_{0}^{2} x^2 \cdot f'(x^3+1) dx$ integralinin değeri kaçtır?
054364f7-3eaf-5f3c-8264-7d15c39c85d0	Aromat-2024-Matematik Net 30	21	KILAVUZ SORU	211	ok	valid_end_?	\cdot g(x) \le 0$ eşitsizliğini sağlayan kaç tane pozitif $x$ tam sayısı vardır?
7a22d451-fe26-549f-a60b-27267c1a8222	Bilgi Sarmal 2024 Ayt Kimya Sopru Bankasi	20	4	28	cutoff	few_words	4. grup elementi hangisidir?
b03d17d4-fbed-53bc-a026-c053581cc4cd	Bilgi Sarmalı-Tyt Ayt-Geometri Soru Bankası	80	10	134	ok	valid_end_?	, $|GE| = 2$ cm, $|GD| = 3$ cm. Yukarıdaki verilere göre, $|GC|$ = x kaç cm'dir?
f1f63479-a8d6-5a6c-9dde-2297b1ba4cc6	Bilgi Sarmal 2024 Ayt Kimya Sopru Bankasi	20	2	43	ok	valid_end_?	Atom çapı en büyük olan element hangisidir?
921e9b82-d40c-569f-9cd6-6448e5b5e3e7	Aromat-2024-Matematik Net 30	62	AROMAT MODELİ	245	ok	valid_end_?	}{\sqrt{x}} dx = 10$ olduğuna göre, mavi renkli bölgenin alanı kaç birimkaredir?
63f97136-13ef-555b-8b81-6d34c0f715c5	Aromat-2024-Matematik Net 30	62	AROMAT MODELİ	266	ok	valid_end_?	g'(x^2+2) \cdot x dx = 6$ olduğuna göre, boyalı bölgenin alanı kaç birimkaredir?
33d1e7d8-d94d-5bdc-8079-40286ef4c910	Bilgi Sarmal 2024 Ayt Kimya Sopru Bankasi	137	6	190	ok	valid_end_?	rilmiştir. Deney sonuçlarına göre aynı sıcaklıkta hız sabiti k'nin birimi nedir?
05aec49e-7249-5973-8a3d-405e0056d551	Bilgi Sarmal 2024 Ayt Kimya Sopru Bankasi	143	6	273	ok	valid_end_?	caklığında hız sabitinin değeri daha büyüktür. yargılarından hangileri doğrudur?
d07e2b7c-1e57-564c-b86b-d048b605fa43	Bilgi Sarmal 2024 Ayt Kimya Sopru Bankasi	147	6	155	ok	valid_end_?	aki gibidir.  Buna göre, tepkime hız denklemi hangi seçenekte doğru verilmiştir?
ab539c60-0ec1-5421-95f2-74011fa4a7eb	Bilgi Sarmal 2024 Ayt Kimya Sopru Bankasi	176	13	72	ok	valid_end_?	25°C'deki sulu çözeltiler için, çizilen grafiklerden hangileri doğrudur?
60d9fd11-11e0-59e2-9a6f-effd9c99b084	Bilgi Sarmal Turk Dili ve Edebiyatı Sosyal Bilimler 1	23	19	75	ok	valid_end_?	Bu parçada Neşet Ertaş'la ilgili aşağıdakilerden hangisine değinilmemiştir?
c99a31e8-10b3-5caf-92d2-81da453d657f	C1CELL-2024-TYT-AYT-Geometri Soru Bankası	51	8	150	ok	valid_end_?	$|AE| = 3$ br, $|EB| = 5$ br ve $|BC| = 10$ br olduğuna göre, $|ED|$ kaç br'dir?
917e1fa4-ba69-5d25-92d2-c8b82866f296	C1CELL-2024-TYT-AYT-Geometri Soru Bankası	59	11	161	ok	valid_end_?	]=4$ br, $[KD]=6$ br ve $[EC]=12$ br. Buna göre, $|AB|+|AC|$ toplamı kaç br'dir?
ada9104a-c476-5941-aa18-3eb7d57494b4	C1CELL-2024-TYT-AYT-Geometri Soru Bankası	95	11	177	ok	valid_end_?	br, $|FC|=16$ br ve $|BD|=20$ br olarak veriliyor. Buna göre, $|BF|$ kaç br'dir?
f38c4e6b-8787-5cea-88d7-4593aad66629	C1CELL-2024-TYT-AYT-Geometri Soru Bankası	107	8	134	ok	valid_end_?	$|AC| = 5$ br, $|AD| = 10$ br ve $|CD| = 6$ br olduğuna göre, $|BC|$ kaç br'dir?
96046819-df76-5c8a-a38e-64102d8c8289	C1CELL-2024-TYT-AYT-Geometri Soru Bankası	134	11	152	ok	valid_end_?	m(\widehat{AEC})$, $|AC|=9$ br ve $|EC|=6$ br'dir. Buna göre, $|BD|$ kaç br'dir?
e7bd4352-f3c6-54a7-88c0-65e8a46203af	C1CELL-2024-TYT-AYT-Geometri Soru Bankası	159	10.	58	ok	valid_end_?	Yukarıda verilenlere göre, $A(ABC)$ kaç $\text{br}^2$ dir?
78e5e701-63f0-5a6b-961d-858e534862fc	C1CELL-2024-TYT-AYT-Geometri Soru Bankası	234	9	194	ok	valid_end_?	text{ br}^2$ olduğuna göre, turuncu boyalı bölgenin alanı kaç $\text{br}^2$ dir?
c9040bff-8741-538d-808d-cc7731e537b9	C1CELL-2024-TYT-AYT-Geometri Soru Bankası	245	12	195	ok	valid_end_?	r. Yukarıda verilenlere göre, A(ABCD) - A($\widehat{AKB}$) farkı kaç $br^2$'dir?
0fbb097d-4ac7-5da5-9a92-15acd3a241a4	C1CELL-2024-TYT-AYT-Geometri Soru Bankası	255	10.	149	ok	valid_end_?	$ $br^2$ ve $|BF|=|FC|$'dir. Yukarıda verilenlere göre, $A(KEL)$ kaç $br^2$ dir?
927506a7-a764-5038-ae72-de1540f484d4	Bilgi Sarmal 2024 Ayt Kimya Sopru Bankasi	204	7	251	ok	valid_end_?	iler aşağıdaki tabloda verilmiştir. Buna göre aşağıdakilerden hangisi yanlıştır?
d3e36ae3-f2ff-5183-9225-56441aaef374	Bilgi Sarmal 2024 Ayt Kimya Sopru Bankasi	225	5	322	ok	valid_end_.	}$'tur. II. $E_{pil} > 0,59 \text{ V}$'tur. III. $E_{pil} < 0,59 \text{ V}$'tur.
249cf720-5f06-5eb9-a028-fe4e1b1d816b	Bilgi Sarmal 2024 Ayt Kimya Sopru Bankasi	235	6	247	ok	valid_end_)	$E_{pil}$ değeri artar. yargılarından hangileri doğrudur? ($YCl$ suda çözünmez.)
3596d11f-7279-55b6-a1d1-634b24ffbea8	Bilgi Sarmal 2024 Ayt Kimya Sopru Bankasi	249	6	352	ok	valid_end_)	0_{Cu/Cu^{2+}} = -0,34V$, $E^0_{Ag/Ag^{+}} = -0,80V$, $E^0_{H^{+}/H_2} = 0,00V$)
ea2a2dcc-cb92-5189-ab9e-72e120c5605b	Bilgi Sarmal 2024 Ayt Kimya Sopru Bankasi	300	2	128	ok	valid_end_?	rılırken karbon atomlarına ait aşağıdaki numaralandırmalardan hangisi yanlıştır?
960b3846-50c4-56f9-a647-43aac1eb572b	Bilgi Sarmal 2024 Ayt Kimya Sopru Bankasi	301	8	91	ok	valid_end_?	ksi benzen bileşiğinin yapı formülü aşağıdakilerin hangisinde doğru verilmiştir?
1bb5ca5e-c5e9-5e84-9a3f-e9b9a63b5cbc	Bilgi Sarmal 2024 Ayt Kimya Sopru Bankasi	301	9	59	ok	valid_end_?	Yukarıdaki bileşiklerden hangisinin adı yanlış verilmiştir?
d6c531ca-8f0a-5608-a6f5-8eb8862ba73b	Bilgi Sarmal 2024 Ayt Kimya Sopru Bankasi	307	9.	73	ok	valid_end_?	Yukarıda verilen aromatik bileşiklerden hangileri bazik özellik gösterir?
62d7b88f-6293-5067-9893-f83011a8f7e5	Bilgi Sarmal 2024 Ayt Kimya Sopru Bankasi	309	13	113	ok	valid_end_?	 yanlış (Y) olarak işaretlenmesi aşağıdakilerin hangisinde doğru gösterilmiştir?
b2137a78-1d6b-5976-afdf-1a96367b4ec1	Bilgi Sarmal 2024 Ayt Kimya Sopru Bankasi	300	3	94	ok	valid_end_?	klerin adları ile eşleştirilmesi aşağıdakilerin hangisinde doğru gösterilmiştir?
d2fd02ff-4093-55fd-8198-70ebe2ad672d	Bilgi Sarmal 2024 Ayt Kimya Sopru Bankasi	341	10	244	ok	valid_end_?	\text{a}$ polar, $\text{b}$ apolar moleküldür. verilenlerden hangileri doğrudur?
cbac6300-b964-5630-87c0-8fd73d576853	Bilgi Sarmal 2024 Ayt Kimya Sopru Bankasi	359	7	340	ok	valid_end_?	saplanır. Buna göre, şekildeki elektrokimyasal hücrenin potansiyeli kaç volttur?
0730b527-7912-53dc-a87e-c929210fbfb7	Bilgi Sarmal 2024 Tyt Kimya Soru Bankasi	16	12	302	ok	valid_end_.	ler yapılıdır. II. madde farklı tür atomlardan ve aynı tür moleküllerden oluşur.
31435830-54bc-562e-814e-ab9e1abb73f0	Bilgi Sarmal 2024 Tyt Kimya Soru Bankasi	14	9	198	cutoff	alphanumeric_end	ir? I. H, O, N - Zaç yağı II. H, C, O - Karınca asidi III. H, O, Na - Sud kostik
ae8b7b33-b800-599d-9fb7-503eca121a57	Bilgi Sarmal 2024 Tyt Kimya Soru Bankasi	24	9	71	ok	valid_end_?	Yukarıda verilen laboratuvar malzemelerinden hangilerinin adı doğrudur?
d79dd175-53c8-5da6-bae4-c2262a672f6a	Bilgi Sarmal 2024 Tyt Kimya Soru Bankasi	64	11	113	ok	valid_end_?	lı sütunda yer alan elementlerle ilgili aşağıdaki ifadelerden hangisi yanlıştır?
e7eb840b-148c-514a-8f0a-7a85e4a570aa	Sure Ayt Edebiyat Soru Bankasi 2023	226	16	81	ok	valid_end_?	u tabloda numaralanmış yerlere sırasıyla aşağıdakilerden hangisi getirilmelidir?
af936d8d-efbf-508b-a67b-4a884babe532	Viral-2025-Tyt Matematik	250	7	195	ok	valid_end_?	a göre şekilde oluşturulan denklemlerin çözüm kümesi aşağıdakilerden hangisidir?
833674f6-1271-58e2-a16e-3acec0672125	345 2025 Tyt Sosyal Bilgiler Soru Bankası	97	7	74	ok	valid_end_?	Verilen merkezlerle ilgili olarak aşağıdaki yorumlardan hangisi yanlıştır?
1f3fcbc7-6709-54d6-98d3-0b5eae56f916	Bilgi Sarmal 2024 Tyt Kimya Soru Bankasi	177	3	183	ok	valid_end_?	 + \frac{3}{2}O_{2(g)}$ tepkimesi için; çizilen grafiklerden hangileri doğrudur?
90e025ad-e1bd-5c1c-911e-0255c32fa744	Bilgi Sarmal 2025 Tyt Kimya Video Ders Kitabı	72	BİRLİKTE ÇÖZELİM	331	ok	valid_end_?	ri, gerçek sıcaklık değerinden küçük olabilir. yargılarından hangileri doğrudur?
60c9f98e-eec6-5982-b6c8-72d3e0f76f2b	Apotemi 2019 2020 Modern Fizik Konu Anlatımlı Soru Bankası	52	8	207	ok	valid_end_?	se, sistemin açısal momentumunun büyüklüğü ve eylemsizlik momenti nasıl değişir?
00697df1-05fd-5a12-b5f6-8f0269217e68	Aromat 2024 Ayt Fen Bilimleri Model Sorular	7	KILAVUZ SORU	247	ok	valid_end_)	ismin L noktasındaki hızı kaç $\text{m/s}$'dir? (g = $10 \text{ m/s}^2$ alınız.)
d6594497-d515-5192-9bad-23ddd0662fa2	Bilgi Sarmal 2025 Tyt Kimya Video Ders Kitabı	28	SIRA SENDE - 4	73	ok	valid_end_?	Yukarıda verilen grup türlerinden hangisinin özel adı yanlış verilmiştir?
8b265cb7-e143-5570-a983-d2afeb4dc2c0	Bilgi Sarmal 2025 Tyt Kimya Video Ders Kitabı	48	BİRLİKTE ÇÖZELİM	99	ok	valid_end_)	eküllerden hangisinin Lewis gösterimi yanlıştır? ($_1H, _6C, _7N, _8O, _{17}Cl$)
812e0b78-0837-53f8-a518-9333f9de1f7e	Bilgi Sarmal 2025 Tyt Kimya Video Ders Kitabı	50	BİRLİKTE ÇÖZELİM	115	ok	valid_end_)	ilerinin polarlığı doğru verilmiştir? ($_1H$, $_7B$, $_6C$, $_7N$, $_8O$, $_9F$)
9774bc46-ad68-5370-a36b-23c87ea8f03b	Bilgi Sarmal 2025 Tyt Kimya Video Ders Kitabı	24	SIRA SENDE - 11	274	ok	valid_end_?	. $X^{2+}$ iyonu ile Z atomu izoelektroniktir. ifadelerinden hangileri doğrudur?
911f7264-1b48-5212-bb41-853cf8558cd4	Bilgi Sarmal 2025 Tyt Kimya Video Ders Kitabı	64	SIRA SENDE - 2	230	ok	valid_end_?	II. $3.$ olay süblimleşme olarak adlandırılır. yargılarından hangileri doğrudur?
69d8f09b-e42b-569d-92ef-929dbbbbd0d5	Bilgi Sarmal 2025 Tyt Kimya Video Ders Kitabı	67	BİRLİKTE ÇÖZELİM	255	ok	valid_end_?	ları açılıyor. Buna göre, bu sıvıların zemine ulaşma süreleri ilişkisi nasıldır?
75c9fc5a-c068-5787-bb1c-071bc00f3bc6	Bilgi Sarmal 2025 Tyt Kimya Video Ders Kitabı	80	BİRLİKTE ÇÖZELİM	252	ok	valid_end_?	IV. Demirin paslanması Bu olaylardan hangileri sulardaki sertlikten kaynaklanır?
766085ff-8c5c-5247-9aea-518459122721	Bilgi Sarmal 2025 Tyt Kimya Video Ders Kitabı	104	BİRLİKTE ÇÖZELİM	216	ok	valid_end_)	 şeklindedir. yargılarından hangileri doğrudur? ($r$ = tanecik boyutu büyüklüğü)
5680fc5d-a756-53c8-b073-c6c2ef356eae	Bilgi Sarmal 2025 Tyt Kimya Video Ders Kitabı	106	SIRA SENDE - 4	135	ok	valid_end_?	çözünür / çözünmezliğinin doğru işaretlenmesi hangi seçenekte doğru verilmiştir?
6c042bdb-072a-5cfa-80e3-65446977d8d0	Bilgi Sarmal 2025 Tyt Kimya Video Ders Kitabı	107	BİRLİKTE ÇÖZELİM	139	ok	valid_end_)	lan fazın tanecik boyutu hangi seçenekte doğru verilmiştir? (Tanecik boyutu = r)
15f14964-19b3-5803-9b7d-7f99eb618677	Bilgi Sarmal 2025 Tyt Kimya Video Ders Kitabı	112	SIRA SENDE - 14	166	ok	valid_end_?	e, bu çözeltilerin kaynama noktaları ilişkisi hangi seçenekte doğru verilmiştir?
731ee622-d437-5b0d-a502-d4dab6c60b33	Bilgi Sarmal 2025 Tyt Kimya Video Ders Kitabı	114	SIRA SENDE - 17	358	ok	valid_end_?	ılırsa toplama kabına ilk önce X sıvısı gider. İfadelerinden hangileri doğrudur?
b5da6ed6-73f9-50b1-81a0-852df1d75156	Bilgi Sarmal 2025 Tyt Kimya Video Ders Kitabı	114	SIRA SENDE - 18	279	ok	valid_end_?	omojen karışımlarının ayrılmasında kullanılır. İfadelerinden hangileri doğrudur?
fe247397-0c08-50c4-aa5f-82d29f477d0d	Bilgi Sarmal 2025 Tyt Kimya Video Ders Kitabı	125	BİRLİKTE ÇÖZELİM	203	ok	valid_end_)	ması hangi seçenekte doğru verilmiştir? (\"+\": Tepkime var, \"-\": Tepkime yok)
f43cdd1f-545f-5380-afd9-c6a4dafdafba	Bilgi Sarmal 2025 Tyt Kimya Video Ders Kitabı	131	BİRLİKTE ÇÖZELİM	159	ok	valid_end_)	n özelliklerden hangisi yanlış işaretlenmiştir? (+: Özellik var, -: Özellik yok)
3c1dc3df-6497-5a44-ab7a-0e82086eda69	Bilgi Sarmal 2025 Tyt Kimya Video Ders Kitabı	132	BİRLİKTE ÇÖZELİM	53	ok	valid_end_?	Aşağıda verilen maddelerden hangisi polimer değildir?
dccd3c1f-3c12-576d-834a-4e55a15f996b	Bilgi Sarmal 2025 Tyt Kimya Video Ders Kitabı	111	BİRLİKTE ÇÖZELİM	170	ok	valid_end_?	ıdaki çözeltilerin kaynama noktaları ilişkisi hangi seçenekte doğru verilmiştir?
db3e7a12-eb7d-5268-b099-e8e863e060ad	Bilgi Sarmal 2025 Tyt Kimya Video Ders Kitabı	112	SIRA SENDE - 15	233	ok	valid_end_?	re bu çözeltilerin kaynama noktaları ilişkisi hangi seçenekte doğru verilmiştir?
0295e6c2-1e1f-5073-83c4-d346ef0fc17c	Bilgi Sarmal 2025 Tyt Kimya Video Ders Kitabı	112	BİRLİKTE ÇÖZELİM	280	ok	valid_end_?	. Saf suya göre kaynama noktası daha düşüktür. yargılarından hangileri doğrudur?
c06b85a1-7640-528f-8c1f-1d8a9c14d682	Bilgi Sarmal 2025 Tyt Kimya Video Ders Kitabı	121	SIRA SENDE - 4	226	ok	valid_end_?	engi verilmiştir. Buna göre A ve B çözeltileri verilenlerden hangileri olabilir?
416a6b9d-6c96-5038-b124-64e92ec70100	Bilgi Sarmal Tyt Tarih Soru Bankasi	196	8	178	ok	valid_end_?	olu'nun Ermenilerden kurtarılmasını sağlayan komutan aşağıdakilerden hangisidir?
d1507201-8ab9-5649-b292-6bd50cb0d2c3	Bilgi Sarmal Tyt Tarih Soru Bankasi	194	9	178	ok	valid_end_?	aki gibidir. Gamze'nin, yukarıdaki sorulardan hangisine verdiği cevap yanlıştır?
2f25f327-fdb2-557d-ad00-a1e76ab570b5	Cap Tyt Fizik Soru Bankası 2023 2024	26	10	527	ok	valid_end_?	n su yüzeyinde kalması verilenlerden hangileri yüzey gerilimi ile açıklanabilir?
8b6f1712-e554-59b9-b609-3555ecda9481	Bilgi Sarmal Tyt Sosyal Bilimler Video Ders Kitabı 2025	104	SIRA SENDE - 1	84	ok	valid_end_?	rıda verilen çizgi ölçeğin kesir ölçekteki karşılığı aşağıdakilerden hangisidir?
e2fd7a62-7265-54a1-ae3c-893bd2f87bc4	Bilgi Sarmalı Ayt 2024 Fizik Soru Bankası	75	8	160	ok	valid_end_?	idir. Buna göre, $\vec{F_1}$, $\vec{F_2}$ ve $\vec{F_3}$'ün bileşkesi kaç N dur?
ebde4806-dd1b-55c4-9471-7675595ceeb9	Bilgi Sarmalı Ayt 2024 Fizik Soru Bankası	85	7	214	ok	valid_end_?	ğıdaki grafikler çiziliyor. Buna göre, bu grafiklerden hangileri doğru olabilir?
7f38e565-d9ec-52de-8ca9-93436aebfe47	Bilgi Sarmalı Ayt 2024 Fizik Soru Bankası	111	6	257	ok	valid_end_)	rac{h}{x}$ oranı kaçtır? ($\sin37^\circ=0,6$, $\cos37^\circ=0,8$; $g=10\ m/s^2$)
c457c9e5-ddce-5b0d-9d52-8a57d328ade9	Cap Tyt Fizik Soru Bankası 2023 2024	144	9	304	ok	valid_end_?	III. L'den K'ye $-$ yük geçişi olmuştur. yargılarından hangileri doğru olabilir?
ca387747-fe27-5ffa-ab6b-f3707a44071b	Bilgi Sarmali Ayt Tarih Soru Bankasi 2021 2022	54	11	106	ok	valid_end_?	ritasında harflerle gösterilen hangi devletleri silerse hatasını düzeltmiş olur?
308e8452-f465-565a-8f32-5532571189a4	Bilgi Sarmalı Ayt 2024 Fizik Soru Bankası	69	7	307	ok	valid_end_)	lişki aşağıdakilerden hangisinde doğru verilmiştir? (Bölmeler eşit aralıklıdır.)
164cb8b8-8b44-5d33-b5d2-569822445af3	Bilgi Sarmalı Ayt 2024 Fizik Soru Bankası	159	7	183	ok	valid_end_)	z 6 s'de ulaşabildiğine göre, T kaç saniyedir? (Noktalar arası uzaklıklar eşit.)
26fc19c7-9366-5e2f-8625-8a1ad23c6cc3	Bilgi Sarmalı Ayt 2024 Fizik Soru Bankası	160	4	630	ok	valid_end_?	lınım periyodu $T_K$, L noktasındayken $T_L$ ise $\frac{T_K}{T_L}$ oranı kaçtır?
064a5ced-c8d7-51f2-af72-127a9e8b574e	Esen 2025 Aps Ayt Fizik Soru Bankası	61	8	166	ok	valid_end_?	sürtünmeler önemsiz olduğuna göre $P_1$, $P_2$ ve $P_3$ arasındaki ilişki nedir?
06a55712-ad9c-5f67-b5ed-be4e0080013f	Aktif Ogrenme 2025 Tyt Fizik Soru Bankası	266	Örnek: 23	215	ok	valid_end_?	z noktaları olduğuna göre, hangi ışınların izledikleri yollar doğru çizilmiştir?
62579c34-3221-58ba-aafb-086abbc16ed9	Bilgi Sarmalı Ayt 2024 Fizik Soru Bankası	11	9	254	ok	valid_end_?	ibi yerleştirilince $R_2$ olmaktadır. Buna göre, $\frac{R_1}{R_2}$ oranı kaçtır?
b55a7ce9-49d5-532f-83ad-3bc5aa1d7eb6	Bilgi Sarmalı Ayt 2024 Fizik Soru Bankası	19	8	228	ok	valid_end_?	 > \alpha = \beta$ olduğuna göre; $m_X$, $m_Y$ ve $m_Z$ arasındaki ilişki nedir?
456f5a47-5d50-5bec-9e8b-467b26a3f6e8	Bilgi Sarmalı Ayt 2024 Fizik Soru Bankası	139	7	264	ok	valid_end_)	aç N'dur? ($\sin 37^\circ = 0.6$; $\cos 37^\circ = 0.8$; $g = 10 \text{ m/s}^2$)
0217dbde-9b1a-5bd2-995c-3d8fda1c8e30	Bilgi Sarmalı Ayt 2024 Fizik Soru Bankası	141	8	459	ok	valid_end_?	_K, \omega_L, \omega_M$ arasındaki ilişkiler aşağıdakilerin hangisinde doğrudur?
e8d63d13-9c70-5b76-b450-8f4aac82093c	Bilgi Sarmalı Ayt 2024 Fizik Soru Bankası	15	9	255	ok	valid_end_?	re; $\vec{F_2}$ ve $\vec{F_3}$ kuvvetleri verilenlerden hangileri gibi olabilir?
251d3b4a-4d80-5a76-a2c1-5d3e9f66e94b	Esen Yks Motivasyon Biyoloji	89	6	145	cutoff	alphanumeric_end	er almaz? 1. Domates 2. Pırasa 3. Lavanta 4. Eğrelti otu 5. Papatya 6. Çam ağacı
dbe55eba-5800-507c-a54e-40bc6f47fc14	Bilgi Sarmalı Ayt 2024 Fizik Soru Bankası	33	5	248	ok	valid_end_?	 P_M \sin \beta$ III. $P_K > P_M$ bağıntılarından hangileri kesinlikle doğrudur?
b3674860-d2a0-54c1-ad4c-67a621cbb7dd	Apotemi 2019 2020 Tyt Ayt Fizik Soru Bankası	276	7	105	ok	valid_end_?	k sabiti $2\epsilon$ olan yalıtkan yerleştirmek için yapılması gereken iş nedir?
9f3fdc4c-d6c8-56f3-9826-c4dba713c0c8	Bilgi Sarmalı Ayt 2024 Fizik Soru Bankası	79	7	316	ok	valid_end_?	inin kütleleri $m_X$, $m_Y$, $m_Z$ arasındaki ilişki aşağıdakilerden hangisidir?
083083eb-8b31-5c69-9fa6-36d99b0fdc31	Aktif Ogrenme 2025 Tyt Fizik Soru Bankası	72	Örnek: 3	241	ok	valid_end_?	ın uyguladığı kaldırma kuvvetleri $F_K$, $F_L$ ve $F_M$ arasındaki ilişki nedir?
0aeebc4e-b688-5824-9eb9-e8bf5039b4fd	Apotemi 2022 2023 Modern Fizik	202	6	260	ok	valid_end_)	ğlanacak üretecin potansiyel farkı kaç volt olabilir? ($hc = 12400 \text{ eVÅ}$)
0b70a507-bb90-56b7-843d-0848cbe21cd2	Bilgi Sarmalı Ayt 2024 Fizik Soru Bankası	319	5	392	ok	valid_end_?	leri $E_1$, en az $E_2$ kadar oluyor. Buna göre, $\frac{E_1}{E_2}$ oranı kaçtır?
3346281d-4001-5e31-a6d9-1dc2ec1e8991	345 2025 Tyt Biyoloji Soru Bankası	16	3	499	ok	valid_end_?	anılıyor. Bu deney, aşağıdakilerden hangisini araştırmak için yapılmış olabilir?
3732db60-6db3-5eba-82c7-1d1eb579049e	Esen Yks Motivasyon Biyoloji	15	8	365	ok	valid_end_?	en olan reaksiyon hızı aşağıdaki seçeneklerin hangisinde doğru ifade edilmiştir?
a49698b8-c642-5d61-b958-71f2174b69c8	Apotemi 2019 2020 Tyt Ayt Fizik Soru Bankası	432	8	370	ok	valid_end_?	arın nötron ve proton sayıları eşit olmalıdır. yargılarından hangileri doğrudur?
675a5841-4ef2-5eb6-aaab-8e5c53aeb772	Aromat 2024 Ayt Fen Bilimleri Model Sorular	46	AROMAT MODELİ	142	ok	valid_end_?	verilmiştir. Verilen moleküllerle ilgili aşağıdakilerden hangisi ortak değildir?
46c517a9-2781-5717-9925-fd2c08873a05	Bilgi Sarmalı Tyt 2024 Fizik Soru Bankası	40	Soru 5	701	ok	valid_end_?	 durumlar için verilen basınç karşılaştırmalarından hangisi kesinlikle doğrudur?
68c98bd7-095d-56b3-aa38-d8a8411dd1c4	Apotemi 2019 2020 Tyt Ayt Fizik Soru Bankası	324	7	206	ok	valid_end_?	 olduğuna göre, $P$ noktasının bileşke manyetik alanı kaç $K\frac{i}{\ell}$ dir?
ab86d8bf-89fc-5241-88b4-befa0cb88d9f	Apotemi 2024 Ayt Kimya Soru Bankasi	39	9	281	ok	valid_end_?	n atom sayısı III. Ortalama kinetik enerjisi niceliklerinden hangileri değişmez?
f5a7c8fa-4ede-54f2-b355-439e277c9019	Bilgi Sarmalı Tyt 2024 Fizik Soru Bankası	168	7	248	ok	valid_end_?	atılıyor. X cismi uzaklaştırıldığında K ve L üzerindeki yük dağılımı nasıl olur?
7c22e343-221d-5799-8df5-accef4c9591a	Bilgi Sarmalı-2022-2023-Tyt Ayt-Geometri Soru Bankası	10	11	163	ok	valid_end_?	$m(\widehat{FBC}) = 30^{\circ}$ Buna göre, $m(\widehat{ABC}) = x$ kaç derecedir?
491c9287-ef4e-55a4-8fb1-2b0e5e4126b5	Bilgi Sarmalı-2022-2023-Tyt Ayt-Geometri Soru Bankası	14	7	238	ok	valid_end_?	 = \alpha$. Yukarıdaki verilere göre, $m(\widehat{FED}) = \alpha$ kaç derecedir?
f16c5eaf-f5a2-51c2-95df-9ae8dd17a933	Bilgi Sarmalı-2022-2023-Tyt Ayt-Geometri Soru Bankası	14	8	192	ok	valid_end_?	, $m(\widehat{BKE}) = \alpha$. Yukarıdaki verilere göre, $\alpha$ kaç derecedir?
f63b6dd9-3c19-5f3d-8c06-ef7ceb098c93	Bilgi Sarmalı-2022-2023-Tyt Ayt-Geometri Soru Bankası	24	9	155	ok	valid_end_?	m(\widehat{ACB}) = 60^{\circ}$. Buna göre, $m(\widehat{BDE}) = x$ kaç derecedir?
1fe3089b-4ace-5f01-a3a9-d700b5e51baa	Bilgi Sarmalı-2022-2023-Tyt Ayt-Geometri Soru Bankası	24	10	167	ok	valid_end_?	0^{\circ}$. Yukarıdaki verilere göre, $m(\widehat{BAD}) = \alpha$ kaç derecedir?
60d16af9-6b62-52a6-8915-96e5463e76f3	Bilgi Sarmalı-2022-2023-Tyt Ayt-Geometri Soru Bankası	24	11	154	ok	valid_end_?	dehat{ACB}) = 40^{\circ}$. Buna göre, $m(\widehat{DFB}) = \alpha$ kaç derecedir?
3e154bff-9ae5-57ea-8820-001e927d8f95	Bilgi Sarmalı-2022-2023-Tyt Ayt-Geometri Soru Bankası	24	12	119	ok	valid_end_?	, $m(\widehat{DAE}) = 48^{\circ}$. Buna göre, BAC açısının ölçüsü kaç derecedir?
7eb8c508-8605-5698-916d-a4b469cbc44a	Bilgi Sarmalı-2022-2023-Tyt Ayt-Geometri Soru Bankası	30	6	160	ok	valid_end_?	0^{\circ}$. Yukarıdaki verilere göre, $m(\widehat{AED}) = \alpha$ kaç derecedir?
f5a4e54b-18f8-56f8-ba6a-9d374877525a	Bilgi Sarmalı-2022-2023-Tyt Ayt-Geometri Soru Bankası	28	8	143	ok	valid_end_?	$|BD|=|DC|=|DE|$. Yukarıdaki verilere göre, $EAC$ açısının ölçüsü kaç derecedir?
593afb5d-2b8e-59ee-8b83-d73516853a05	Bilgi Sarmalı-2022-2023-Tyt Ayt-Geometri Soru Bankası	30	7	175	ok	valid_end_?	0^{\circ}$. Yukarıdaki verilere göre, $m(\widehat{DEB}) = \alpha$ kaç derecedir?
9903820c-2784-5282-adbf-8332f72f7c66	Bilgi Sarmalı-2022-2023-Tyt Ayt-Geometri Soru Bankası	48	6	133	ok	valid_end_?	$|BC|=4\sqrt{3}$ cm, $|DC|=x$ cm. Yukarıdaki verilere göre, $|DC|=x$ kaç cm'dir?
e08d20bf-fda3-5e4d-be22-429ba105a3cc	Bilgi Sarmalı-2022-2023-Tyt Ayt-Geometri Soru Bankası	46	12	192	ok	valid_end_?	cm, $|DF|=2\sqrt{7}$ cm. Yukarıdaki verilere göre, $|BE|-|FC|$ farkı kaç cm'dir?
10f7ff38-ac1f-5210-b46f-65e4a2e6aa11	Cap Ayt Fizik Soru Bankası 2023 2024	202	14	278	ok	valid_end_?	oluşturduğu bileşke elektrik alan yönü Şekil - II'de verilenlerden hangisi olur?
8b5fa42a-6bff-5ce0-abf6-93077ba3f340	Bilgi Sarmalı-2022-2023-Tyt Ayt-Geometri Soru Bankası	48	9	169	ok	valid_end_?	 $|DE|=|DF|=15$ cm, $|AC|=13$ cm. Yukarıdaki verilere göre, $|CF|=x$ kaç cm'dir?
182f7d5f-e2f6-5926-abb2-48bba7b51924	Aktif Ogrenme 2025 Tyt Fizik Soru Bankası	150	Örnek : 6	173	ok	valid_end_)	 göre, işçinin bu işlem sırasında sağladığı güç kaç watt'tır? ($g = 10$ m/s$^2$)
194878f3-5307-5052-914c-e34cf0bba783	Aktif Ogrenme 2025 Tyt Fizik Soru Bankası	238	Örnek: 6	161	ok	valid_end_?	n oluşturmaktadır. Buna göre, L noktasında oluşan manyetik alanın şiddeti nedir?
c407cb48-bc54-5382-a62d-9e85b69d3278	Bilgi Sarmalı-2022-2023-Tyt Ayt-Geometri Soru Bankası	54	7	141	ok	valid_end_?	DC|=4$ cm ve $|BC|=7$ cm Yukarıdaki verilere göre, DAC açısının tanjantı kaçtır?
8232e1a6-63d4-51a3-b642-35c1a27deaa4	Bilgi Sarmalı Tyt 2024 Fizik Soru Bankası	332	6	208	ok	valid_end_?	una göre, kaba bir miktar daha cıva ilave edilirse $h_1$ ve $h_2$ nasıl değişir?
625b3075-bbb3-579f-8b56-4021dc24c925	Bilgi Sarmalı-2022-2023-Tyt Ayt-Geometri Soru Bankası	12	7	255	ok	valid_end_?	 = \alpha$. Yukarıdaki verilere göre, $m(\widehat{CBA}) = \alpha$ kaç derecedir?
9b2d954d-9ac7-5d84-a3d2-bc1a58e4058e	Bilgi Sarmalı-2022-2023-Tyt Ayt-Geometri Soru Bankası	222	7	141	ok	valid_end_?	$ cm. Yukarıdaki verilere göre, BKLM dikdörtgeninin alanı kaç $\text{cm}^2$ dir?
9537fd81-488d-50d0-8a71-1d0d746a71ea	Bilgi Sarmalı-2022-2023-Tyt Ayt-Geometri Soru Bankası	222	10	112	ok	valid_end_?	. $|AE|=|EF|$ ve $|BF|=|FC|$ dir. Yukarıdaki verilere göre, $|EC|=x$ kaç cm'dir?
1bb6e1b8-5149-57f3-bb66-d6f3be5c4cd5	Bilgi Sarmalı-2022-2023-Tyt Ayt-Geometri Soru Bankası	26	7	156	ok	valid_end_?	)=20^{\circ}$ Yukarıdaki verilere göre, $m(\widehat{ABC})=\alpha$ kaç derecedir?
c748dbb7-9b81-59b9-b2df-816ed2ead90b	Bilgi Sarmalı-2022-2023-Tyt Ayt-Geometri Soru Bankası	28	6	254	ok	valid_end_?	rıdaki verilere göre, $m(\widehat{ADB})+m(\widehat{BCD})$ toplamı kaç derecedir?
55b50a98-c2a4-5c00-a483-351aad2d3f2c	Bilgi Sarmalı-2022-2023-Tyt Ayt-Geometri Soru Bankası	226	9.	134	ok	valid_end_?	=3 \text{ cm}$, $[EF]=6 \text{ cm}$ Yukarıdaki verilere göre, $|BE|$ kaç cm'dir?
ff3f1e13-b6fc-5cff-93d4-c02b9adbd020	Bilgi Sarmalı-2022-2023-Tyt Ayt-Geometri Soru Bankası	240	10	177	ok	valid_end_?	CD}) = 60^\circ$. Yukarıdaki verilere göre, yamuğun alanı kaç $\text{cm}^2$ dir?
b3543933-6f28-54a2-b097-2605c6f8468d	Bilgi Sarmalı-2022-2023-Tyt Ayt-Geometri Soru Bankası	242	8	197	ok	valid_end_?	$|BE|=2$ cm, $|AB|=2\sqrt{5}$ cm. Yukarıdaki verilere göre, $|FC|=x$ kaç cm'dir?
f3fcc2b8-fb21-52dc-a379-87b81c43c58d	Bilgi Sarmalı-2022-2023-Tyt Ayt-Geometri Soru Bankası	242	9	181	ok	valid_end_?	 $|AE|=10$ cm, $|DC|=21$ cm, $|EF|=x$. Yukarıdaki verilere göre, $x$ kaç cm'dir?
6dd3cf78-dfe0-522f-8a60-0af4a2a9c223	Bilgi Sarmalı-2022-2023-Tyt Ayt-Geometri Soru Bankası	242	10	189	ok	valid_end_?	rim, $|EF|=8$ birim. Buna göre, ABCD yamuksal bölgesinin alanı kaç birimkaredir?
6885a58c-3f7a-5847-b221-0297eb94078d	Bilgi Sarmalı-2022-2023-Tyt Ayt-Geometri Soru Bankası	46	7	137	ok	valid_end_?	=15^\circ$, $|AC|=10\sqrt{2}$ br. Yukarıdaki verilere göre, $|BA|=x$ kaç br'dir?
20681486-8e9a-50f6-9006-4a8fe10c2a47	Bilgi Sarmalı-2022-2023-Tyt Ayt-Geometri Soru Bankası	246	9	133	ok	valid_end_?	$|DE| = 10$ cm, $|DC| = 15$ cm  Yukarıdaki verilere göre, $|EB| = x$ kaç cm'dir?
5f6968bd-1cd1-5303-b89c-e8e3f14695b9	Bilgi Sarmalı-2022-2023-Tyt Ayt-Geometri Soru Bankası	248	8.	220	ok	valid_end_?	FD) = 2 \cdot A(EBCF)$ Yukarıdaki verilere göre, $|EF| = x$ kaç $\text{cm}$'dir?
99a146c4-0033-522c-8b1a-14c799952e1d	Bilgi Sarmalı-2022-2023-Tyt Ayt-Geometri Soru Bankası	262	8	144	ok	valid_end_?	rc$, $m(\widehat{CDA})=\alpha$ Yukarıdaki verilere göre, $\alpha$ kaç derecedir?
c4efefa3-818d-5477-b467-3d090ee550ea	Bilgi Sarmalı-2022-2023-Tyt Ayt-Geometri Soru Bankası	270	7	201	ok	valid_end_?	 70^\circ$. Yukarıdaki verilere göre, $m(\widehat{LOK}) = \alpha$ kaç derecedir?
1770487a-4cb0-5126-b830-1925dd2b69c4	Apotemi 2022 2023 Modern Fizik	191	ÖRNEK 2	365	ok	valid_end_?	klerinden hangileri hem saçılan elektron hem saçılan foton için eşit değerdedir?
182ba32c-ec95-5e8e-8984-41c94b67531b	Bilgi Sarmalı Ayt 2024 Fizik Soru Bankası	191	5	253	ok	valid_end_?	min potansiyel enerjisi $U_2$ oluyor. Buna göre, $\frac{U_1}{U_2}$ oranı kaçtır?
a0aa1d67-6140-5540-a91e-05b8237da012	Apotemi 2024 Ayt Kimya Soru Bankasi	151	10	123	ok	valid_end_?	maklar yukarıda verilmiştir. Buna göre, aşağıdaki ifadelerden hangisi yanlıştır?
189f6191-07fb-55cc-a346-bbf33d6245b4	Aromat 2024 Ayt Fen Bilimleri Net 30	12	AROMAT MODELİ	502	ok	valid_end_?	m arttırılırsa çerçevenin dönme hızı değişmez. yargılarından hangileri doğrudur?
8e273ee2-d5fc-523e-ba36-58df381be934	Bilgi Sarmalı-2022-2023-Tyt Ayt-Geometri Soru Bankası	58	7.	143	ok	valid_end_?	, $|DA|=12$ cm, $|DC|=6$ cm, $|BD|=x$. Yukarıdaki verilere göre, $x$ kaç cm'dir?
a97dbb90-d48e-56d0-8c39-afe7b4a2519c	Bilgi Sarmalı-2022-2023-Tyt Ayt-Geometri Soru Bankası	62	9	138	ok	valid_end_?	)=m(\widehat{DBC})$, $|EC|=2$ cm. Yukarıdaki verilere göre, $|BD|=x$ kaç cm'dir?
97404dd9-8771-5a66-b126-fc9bec33ccbd	Bilgi Sarmalı-2022-2023-Tyt Ayt-Geometri Soru Bankası	66	6	158	ok	valid_end_?	 6$ cm, $|HC|=3$ cm, $|BD|=5$ cm. Yukarıdaki verilere göre, $|DC|=x$ kaç cm'dir?
613b40cb-ea5e-5aea-9770-49255d2109c9	Bilgi Sarmalı-2022-2023-Tyt Ayt-Geometri Soru Bankası	78	10.	156	ok	valid_end_?	 $|AB| = 10$ cm, $|BD| = 8$ cm. Yukarıdaki verilere göre, $|DC| = x$ kaç cm'dir?
4ab43d18-48cd-5031-867f-5be1ff5fca8a	Bilgi Sarmalı-2022-2023-Tyt Ayt-Geometri Soru Bankası	80	7	149	ok	valid_end_?	BC]$, $|BD| = |DC|$, $|FG| = 2$ cm. Yukarıdaki verilere göre, $|AD|$ kaç cm'dir?
0fb74ef0-52f5-5a52-b900-16740881be9d	Aktif Ogrenme 2025 Tyt Fizik Soru Bankası	78	Örnek: 16	356	ok	valid_end_?	 özkütlesi sudan büyük olduğu için batmıştır. yargılarından hangileri yanlıştır?
1f7f2f68-f6c4-5c4a-9269-2c4c122ad7f2	Bilgi Sarmalı-2022-2023-Tyt Ayt-Geometri Soru Bankası	82	8	176	ok	valid_end_?	]$, $|KD| = 15$ cm, $|DC| = 20$ cm, $|EB| = 7$ cm. Buna göre, $|KE|$ kaç cm'dir?
abc3cb34-750d-5ba0-81a5-8f3ae6b94009	Bilgi Sarmalı-2022-2023-Tyt Ayt-Geometri Soru Bankası	100	7	183	ok	valid_end_?	idehat{BED}) = 84^{\circ}$ Buna göre, $m(\widehat{BDC}) = \alpha$ kaç derecedir?
f3227272-a049-544f-a636-79402f8f96dd	Bilgi Sarmalı-2022-2023-Tyt Ayt-Geometri Soru Bankası	114	9.	181	ok	valid_end_?	, $|EC| = 4$ cm, $|DC| = 5$ cm. Yukarıdaki verilere göre, $|BD| = x$ kaç cm'dir?
e8daea1f-12ea-56c9-aa87-5d395654c07c	Bilgi Sarmalı-2022-2023-Tyt Ayt-Geometri Soru Bankası	126	9.	146	ok	valid_end_?	, Alan$(DEF) = 6 \text{ cm}^2$. Yukarıdaki verilere göre, $|DB| = x$ kaç cm'dir?
52472f7d-cd51-536c-8630-f50dbfd16053	Bilgi Sarmalı-2022-2023-Tyt Ayt-Geometri Soru Bankası	132	7	138	ok	valid_end_?	, $|DE|=4$ cm, $|BC|=18$ cm Yukarıdaki verilere göre, Alan(AECD) kaç $cm^2$ dir?
5a72d101-d7d7-533f-abc1-999d232e9a5d	Bilgi Sarmalı-2022-2023-Tyt Ayt-Geometri Soru Bankası	150	10	189	ok	valid_end_?	m. Yukarıdaki verilere göre, $x$'in alabileceği en küçük tam sayı değeri kaçtır?
7f4a50d1-da6f-50de-984c-7d1de4aaf491	Bilgi Sarmalı-2022-2023-Tyt Ayt-Geometri Soru Bankası	220	7	129	ok	valid_end_?	$, $|AF| = 6$ cm. Yukarıdaki verilere göre, karenin alanı kaç $\text{cm}^2$ dir?
c2700323-017e-545e-b98f-034c1de10bab	Bilgi Sarmalı-2022-2023-Tyt Ayt-Geometri Soru Bankası	240	7	176	ok	valid_end_?	idehat{DAB}) + m(\widehat{ABC}) = 90^\circ$. Buna göre, $|AB| = x$ kaç birimdir?
47a186af-8e20-59a5-83d1-ec03d08d4eef	Bilgi Sarmalı-2022-2023-Tyt Ayt-Geometri Soru Bankası	242	7	142	ok	valid_end_?	. $|AD|=4$ cm, $|BC|=12$ cm. Yukarıdaki verilere göre, $|AB|=|DC|=x$ kaç cm'dir?
3425f55c-cef8-5b59-9fe4-4d88ca2193c8	Bilgi Sarmalı-2022-2023-Tyt Ayt-Geometri Soru Bankası	248	7.	178	ok	valid_end_?	DC| = 10 \text{ cm}$ Yukarıdaki verilere göre, $\frac{|EF|}{|FC|}$ oranı kaçtır?
5f4e12ec-ba77-5cec-a925-849749e31c23	Bilgi Sarmalı-2022-2023-Tyt Ayt-Geometri Soru Bankası	66	8	136	ok	valid_end_?	 $|AE|=|FE|$. Yukarıdaki verilere göre, $m(\widehat{CBF})=\alpha$ kaç derecedir?
c7fef115-df11-59a4-9f21-e4bf88622b20	Bilgi Sarmalı-2022-2023-Tyt Ayt-Geometri Soru Bankası	66	7	121	ok	valid_end_?	DE|=|BE|=|EC|=6$ cm, $|FD|=8$ cm. Yukarıdaki verilere göre, $|AF|=x$ kaç cm'dir?
d90b500b-f931-5f64-8c08-72ec328f9a84	Bilgi Sarmalı-2022-2023-Tyt Ayt-Geometri Soru Bankası	66	10	188	ok	valid_end_?	135^{\circ}$. Yukarıdaki verilere göre, $m(\widehat{ADC})=\alpha$ kaç derecedir?
974eee36-fe71-5035-9203-ded5034735f0	Bilgi Sarmalı-2022-2023-Tyt Ayt-Geometri Soru Bankası	78	9.	156	ok	valid_end_?	 $|AC| = 6$ cm, $|CD| = 21$ cm. Yukarıdaki verilere göre, $|BC| = x$ kaç cm'dir?
01c54ceb-a79d-5e35-ae12-a238d56b91f3	Bilgi Sarmalı-2022-2023-Tyt Ayt-Geometri Soru Bankası	80	10	138	ok	valid_end_?	, $|GE| = 2$ cm, $|GD| = 3$ cm. Yukarıdaki verilere göre, $|GC| = x$ kaç cm'dir?
f4b25988-0300-513a-acde-847be5b2e0d8	Bilgi Sarmalı-2022-2023-Tyt Ayt-Geometri Soru Bankası	80	11	168	ok	valid_end_?	, $|BE| = 6$ cm, $|CD| = 8$ cm. Yukarıdaki verilere göre, $|BC| = x$ kaç cm'dir?
f6e6ffa8-dab0-5093-9c10-1fa2a6e19af0	Bilgi Sarmalı-2022-2023-Tyt Ayt-Geometri Soru Bankası	82	11	202	ok	valid_end_?	 6$ cm, $|LC| = 4$ cm. Yukarıdaki verilere göre, $|DK| - |DL|$ farkı kaç cm'dir?
66c5e9f6-b2d4-5276-b7a3-55937230cf08	Bilgi Sarmalı-2022-2023-Tyt Ayt-Geometri Soru Bankası	82	12	194	ok	valid_end_?	 birim, $|AD| = 4$ birim, $|BC| = 11$ birim. Buna göre, $|AC| = x$ kaç birimdir?
f41fba4e-ed4e-5c52-aee5-730142df266a	Bilgi Sarmalı-2023-2024-Ayt-Matematik Soru Bankası	159	8	319	ok	valid_end_?	 dir. Buna göre, $\sin(3x^\circ) \cdot \tan(2y^\circ)$ ifadesinin değeri kaçtır?
eed17adf-7b9c-54d7-b27b-fedb5acf9325	Bilgi Sarmalı-2022-2023-Tyt Ayt-Geometri Soru Bankası	100	9	135	ok	valid_end_?	, $m(\widehat{AFD}) = \alpha$. Yukarıdaki verilere göre, $\alpha$ kaç derecedir?
218c675e-7066-52f6-b6a5-b104061bb14a	Bilgi Sarmalı-2022-2023-Tyt Ayt-Geometri Soru Bankası	102	10	137	ok	valid_end_?	 $[CE] = 2$ cm, $[BC] = 10$ cm. Yukarıdaki verilere göre, $|DE| = x$ kaç cm'dir?
d89054b9-c945-5095-bf03-b6d6588787a5	Bilgi Sarmalı-2022-2023-Tyt Ayt-Geometri Soru Bankası	102	9	160	ok	valid_end_?	E})$, $|BD| = 9$ cm, $|EC| = 4$ cm. Yukarıdaki verilere göre, $|AD|$ kaç cm'dir?
b2e0ca7f-5603-5042-bb0f-aadbb7307a7c	Bilgi Sarmalı-2022-2023-Tyt Ayt-Geometri Soru Bankası	284	10	146	ok	valid_end_?	10$ cm, $|DC|=4$ cm. Yukarıdaki verilere göre, Alan(ABCD) kaç $\text{cm}^2$ dir?
929fa80c-3250-5348-a671-fb810294d5ac	Bilgi Sarmalı-2022-2023-Tyt Ayt-Geometri Soru Bankası	296	11.	113	ok	valid_end_?	=14$ cm. Yukarıdaki verilere göre, boyalı alanlar toplamı kaç $\text{cm}^2$ dir?
a40643a3-3abd-5da9-b463-3288a05973df	Bilgi Sarmalı-2022-2023-Tyt Ayt-Geometri Soru Bankası	304	8	309	ok	valid_end_?	ğu 10 m olduğuna göre, koçun gezebileceği en büyük bölgenin alanı kaç $m^2$ dir?
b7693934-b284-59d9-8fab-6d0a47dc16af	Aktif Ogrenme 2025 Tyt Fizik Soru Bankası	11	Soru : 11	213	ok	valid_end_?	{K} = \vec{M}$ III. $|\vec{L}| = 2|\vec{M}|$ eşitliklerinden hangileri doğrudur?
fec99881-0123-5a4e-a9bf-ba6e13ee3548	Bilgi Sarmalı-2022-2023-Tyt-Matematik Soru Bankası	23	11	275	ok	valid_end_?	iyor. Buna göre, I. $a<b$ II. $d<b$ III. $c<a$ ifadelerinden hangileri doğrudur?
1dd25711-219b-59a4-b569-d105e69b3679	Bilgi Sarmalı-2022-2023-Tyt Ayt-Geometri Soru Bankası	58	11.	168	ok	valid_end_?	, $|AK|=|KC|$, $|BD|=6$ birim, $|FC|=4$ birim. Buna göre, $|DF|=x$ kaç birimdir?
53614722-fcd7-52f6-9d5f-549a397d3db4	Bilgi Sarmalı-2022-2023-Tyt Ayt-Geometri Soru Bankası	58	12.	132	ok	valid_end_?	]$, $|BD|=|DC|$, $|AE|=6$ birim, $|EB|=4$ birim. Buna göre, $|AC|$ kaç birimdir?
07fab5fb-75ac-57b1-81d4-9e3f79e6ca3a	Bilgi Sarmalı-2022-2023-Tyt Ayt-Geometri Soru Bankası	112	7.	135	ok	valid_end_?	B|$, $|AD| = 3|CD|$, $|BC| = 8$ cm. Yukarıdaki verilere göre, $|AB|$ kaç cm'dir?
f49dd973-74b9-50b9-861e-5a26235a676c	Bilgi Sarmalı-2022-2023-Tyt Ayt-Geometri Soru Bankası	112	8.	171	ok	valid_end_?	$ cm, $|EC| = 7$ cm. Yukarıdaki verilere göre, $\frac{|DE|}{|DC|}$ oranı kaçtır?
679cc840-f4d7-541c-8e67-859e6bda2212	Bilgi Sarmalı-2022-2023-Tyt Ayt-Geometri Soru Bankası	114	10.	180	ok	valid_end_?	 80^\circ$. Yukarıdaki verilere göre, $m(\widehat{EBC}) = \alpha$ kaç derecedir?
5048c11d-424a-5ebe-9bdf-9baa01ac1e53	Bilgi Sarmalı-2022-2023-Tyt Ayt-Geometri Soru Bankası	126	10.	168	ok	valid_end_?	m, $|AC| = 18$ birim. Buna göre, ADC üçgensel bölgesinin alanı kaç birimkaredir?
9b8d59e8-bbd6-56ba-b050-2239d1ce5228	Bilgi Sarmalı-2022-2023-Tyt Ayt-Geometri Soru Bankası	126	11.	138	ok	valid_end_?	$, $|AB| = 6$ birim, $|BC| = 12$ birim. Buna göre, Alan$(BDC)$ kaç birimkaredir?
0fe1a6fb-2f82-5e3c-bb03-9e85a6b1e24b	Bilgi Sarmalı-2022-2023-Tyt Ayt-Geometri Soru Bankası	134	9.	148	ok	valid_end_?	an(ADK) = $12$ $br^2$ dir. Yukarıdaki verilere göre, Alan(EFCKD) kaç $br^2$ dir?
e946e26a-e4cc-5ac4-afcb-3b0ea4f10ed4	Bilgi Sarmalı-2022-2023-Tyt Ayt-Geometri Soru Bankası	146	12	155	ok	valid_end_?	irim. Buna göre, $x$'in alabileceği farklı tam sayı değerlerinin toplamı kaçtır?
79f13fa6-437c-5262-b2b7-337231629f36	Bilgi Sarmalı-2022-2023-Tyt Ayt-Geometri Soru Bankası	148	8	216	ok	valid_end_?	 göre, $|AN|$'nin birim cinsinden alabileceği kaç farklı tam sayı değeri vardır?
c338ab56-73c2-509a-87b4-42a5fa393731	Bilgi Sarmalı-2022-2023-Tyt Ayt-Geometri Soru Bankası	150	8	192	ok	valid_end_?	ğuna göre, $x$'in birim cinsinden alabileceği kaç farklı tam sayı değeri vardır?
5b0992a1-2362-535d-8e2d-f6e17c650c2a	Bilgi Sarmalı-2022-2023-Tyt Ayt-Geometri Soru Bankası	156	9	193	ok	valid_end_?	 ABC üçgensel bölgesinin alanının 2 katı olduğuna göre, $|ED|=x$ kaç $cm^2$ dir?
b2dcde65-9e14-5901-80b5-ca8c20199794	Bilgi Sarmalı-2022-2023-Tyt Ayt-Geometri Soru Bankası	166	7	123	ok	valid_end_?	. $|AB|=4\sqrt{3}$ cm. Yukarıdaki verilere göre, $|DK|=x$ kaç $\text{cm}^2$ dir?
1aea2250-d1dd-51a6-b2b2-75056d3e43f0	Bilgi Sarmalı-2022-2023-Tyt Ayt-Geometri Soru Bankası	182	8	202	ok	valid_end_?	ir. Yukarıdaki verilere göre, ABCD paralelkenarının alanı kaç $\text{cm}^2$ dir?
e2eb546e-8e09-5d76-bbb3-f36574bd85b6	Bilgi Sarmalı-2022-2023-Tyt Ayt-Geometri Soru Bankası	184	8	176	ok	valid_end_?	}$. Yukarıdaki verilere göre, CDEF paralelkenarının çevresi kaç $\text{cm}$'dir?
d7412a09-a55d-5e90-ba0b-ead058bf09f6	Bilgi Sarmalı-2022-2023-Tyt Ayt-Geometri Soru Bankası	186	8	165	ok	valid_end_?	AEF)=16$ cm$^2$. Yukarıdaki verilere göre, $FDL$ üçgeninin alanı kaç cm$^2$ dir?
8bc1d04f-9b89-5dc9-a945-a4b1c1bbc0e3	Bilgi Sarmalı-2022-2023-Tyt Ayt-Geometri Soru Bankası	186	7	193	ok	valid_end_?	cm$^2$, $A(PMCN)=12$ cm$^2$. Yukarıdaki verilere göre, $A(ABCD)$ kaç cm$^2$ dir?
35b8f55f-cd20-5d92-a000-d65bca7a477e	Bilgi Sarmalı-2022-2023-Tyt Ayt-Geometri Soru Bankası	186	10	152	ok	valid_end_?	AF|=15$ cm, $|AE|=17$ cm. Yukarıdaki verilere göre, Alan($ABCD$) kaç cm$^2$ dir?
42e67ebe-4c2c-5abe-8d24-bebd31bd9d92	Bilgi Sarmalı-2022-2023-Tyt Ayt-Geometri Soru Bankası	198	8.	132	ok	valid_end_?	cm, $|FC| = 6$ cm, $|EF| = 12$ cm. Yukarıdaki verilere göre, Ç(ABCD) kaç cm'dir?
73e263b4-2303-5c4b-ad9f-235582ba2f27	Bilgi Sarmalı-2022-2023-Tyt Ayt-Geometri Soru Bankası	198	9.	184	ok	valid_end_?	3}$ birim. Buna göre, ABCD eşkenar dörtgensel bölgesinin alanı kaç birimkaredir?
64ba9e2a-286c-577f-84cd-942ad1364a37	Bilgi Sarmalı-2022-2023-Tyt Ayt-Geometri Soru Bankası	352	7	215	ok	valid_end_?	mıştır. $E(1, 4)$ olduğuna göre, ACHI karesel bölgesinin alanı kaç birimkaredir?
fa1f0d2b-dcd5-5743-be16-e82852d6b49a	Bilgi Sarmalı-2022-2023-Tyt Ayt-Geometri Soru Bankası	362	11	112	ok	valid_end_?	en, $C(0, 8)$, $D(-4, 11)$. Yukarıdaki verilere göre, $A(OAB)$ kaç birimkaredir?
16b7d28f-db65-5ca2-bfd0-1c104f27b89d	Bilgi Sarmalı-2022-2023-Tyt Ayt-Geometri Soru Bankası	310	6	166	ok	valid_end_?	et, $|AT|=|BC|$ Yukarıdaki verilere göre, boyalı alanlar toplamı kaç $cm^2$ dir?
3bb62df4-9cc0-5474-927e-4c969238bbcc	Bilgi Sarmalı-2022-2023-Tyt Ayt-Geometri Soru Bankası	380	6	151	ok	valid_end_?	 [CM]$, $|GD|=4$ cm, $|CM|=6$ cm. Yukarıdaki verilere göre, $|KB|=x$ kaç cm'dir?
3ecd73a1-e140-509f-b20b-1a44d0426f71	CAP-2022-2023-TYT AYT-Geometri Soru Bankası	55	7	137	ok	valid_end_?	B|+4$ ve $|BC|=3 \text{ cm}$'dir. Yukarıdaki verilere göre, $|CD|=x$ kaç cm dir?
ead8dac9-6ee2-5662-bace-c0fc8d0cf02d	Bilgi Sarmalı-2022-2023-Tyt-Matematik Soru Bankası	248	10	178	ok	valid_end_?	. Buna göre, yukarıdakilerden hangileri $y=g(x)$ fonksiyonunun grafiği olabilir?
a0f862d0-9e9c-5f81-a880-ac357eba08ec	Aktif Ogrenme 2025 Tyt Fizik Soru Bankası	96	Örnek 12	191	ok	valid_end_?	. Buna göre, K ve L cisimlerinin ısı sığalarının oranı $\frac{c_K}{c_L}$ kaçtır?
148a116d-42bd-590f-a7ad-7dc2c50702f2	Bilgi Sarmalı-2022-2023-Tyt-Matematik Soru Bankası	31	7	405	ok	valid_end_?	ık aralığında $14$ tane $a$ tam sayısı vardır. ifadelerinden hangileri doğrudur?
a16a77c7-efec-5d9b-89eb-5e5178b41e97	CAP-2022-2023-TYT AYT-Geometri Soru Bankası	177	8	127	ok	valid_end_?	, $|AH|=9$ cm ve $|HD|=4$ cm dir. Yukarıdaki verilere göre, $|HE|=x$ kaç cm dir?
108760e0-fc9a-5e76-ac95-624ddb953f45	CAP-2022-2023-TYT AYT-Geometri Soru Bankası	179	10	148	ok	valid_end_?	 $|HC| = 4\sqrt{2}$ cm dir. Yukarıdaki verilere göre, Alan(ABCD) kaç $cm^2$ dir?
6044d43c-7064-574c-b2ae-c7925385bb51	CAP-2022-2023-TYT AYT-Geometri Soru Bankası	183	8	108	ok	valid_end_?	, $|DE|=1$ cm ve $|EC|=3$ cm dir. Yukarıdaki verilere göre, $|AH|=x$ kaç cm dir?
00a5550b-c25a-5249-a392-4052bf5084d2	CAP-2022-2023-TYT AYT-Geometri Soru Bankası	183	10	114	ok	valid_end_?	 \perp [AF]$ ve $|AB|=16$ cm dir. Yukarıdaki verilere göre, $|KC|=x$ kaç cm dir?
0c9bbd2d-17b3-51cf-8782-33f5626aa95b	CAP-2022-2023-TYT AYT-Geometri Soru Bankası	236	11.	163	ok	valid_end_?	{ABD}) = 35^\circ$. Yukarıdaki verilere göre, $m(\text{AED}) = x$ kaç derecedir?
17199a70-114d-5a94-a281-87a274b60500	CAP-2022-2023-TYT AYT-Geometri Soru Bankası	256	7.	197	ok	valid_end_?	cm. Yukarıdaki verilere göre, taralı bölgenin alanı kaç $\pi$ $\text{cm}^2$ dir?
2beab404-610a-5cdf-b657-599b350a808c	Bilgi Sarmalı-2022-2023-Tyt-Matematik Soru Bankası	71	12.	217	ok	valid_end_?	+n=8$ II. $\frac{b}{m}=4$ III. $\frac{a}{n}=2$ ifadelerinden hangileri doğrudur?
28419a6d-514b-5a5d-abf9-07dac8fe77a6	Bilgi Sarmalı-2022-2023-Tyt-Matematik Soru Bankası	160	10	264	ok	valid_end_?	 ile yaptığı açının ölçüsü $15^\circ$ dir. Buna göre, antenin boyu kaç metredir?
7ce20a12-ddda-5b39-b63a-27238c3c8479	Bilgi Sarmalı-2022-2023-Tyt-Matematik Soru Bankası	160	11	243	ok	valid_end_?	lde ediliyor. $\tan\alpha = \frac{5}{12}$ olduğuna göre, $\sin x$ değeri kaçtır?
527be76a-1b23-593b-9da1-57abe61e61c9	Bilgi Sarmalı-2022-2023-Tyt-Matematik Soru Bankası	162	9	353	ok	valid_end_?	üksekliği 240 metre olduğuna göre, saat 14.02'de yerden yüksekliği kaç metredir?
90eb3fcf-a8c3-579b-8d86-ed2f460ce3be	CAP-2022-2023-TYT AYT-Geometri Soru Bankası	325	9	323	ok	valid_end_?	at sisteminde $A(1, 4)$ ve $B(-2, 6)$ noktaları arasındaki uzaklık kaç birimdir?
85536c26-3a3e-50ac-b988-2963d037509a	Aktif Ogrenme 2023 2024 Biyoloji	213	9	45	ok	valid_end_?	Fenotipinde kaç tane baskın karakter görülür?
68d394cb-0db0-59db-ab95-2edcf21fe197	Aktif Ogrenme 2025 Tyt Fizik Soru Bankası	62	7	275	ok	valid_end_?	i sıvı basıncının zamana göre değişim grafiği aşağıdakilerden hangisi gibi olur?
fec3825f-1981-5993-a3db-1796fae61d0b	Aktif Ogrenme 2025 Tyt Fizik Soru Bankası	73	Soru: 5a	187	ok	valid_end_?	ine etki eden kaldırma kuvvetleri $F_X$, $F_Y$ ve $F_Z$ arasındaki ilişki nedir?
75e2fc4b-72e3-5170-aa53-2c38e750e8df	Aktif Ogrenme 2025 Tyt Fizik Soru Bankası	74	Soru: 7	499	ok	valid_end_?	lu bir kaba bırakıldığında askıda kalır. yargılarından hangileri doğru olabilir?
7d205d7a-ab62-5f59-bd7a-ee7e439bf151	Aktif Ogrenme 2025 Tyt Fizik Soru Bankası	94	Örnek : 10	165	ok	valid_end_?	kildeki gibidir. Buna göre, K ve L'nin özısıları oranı $\frac{c_K}{c_L}$ kaçtır?
05ceb78a-a7fa-5726-ad80-db239a3c927e	Aktif Ogrenme 2025 Tyt Fizik Soru Bankası	179	Soru 7	157	ok	valid_end_?	ir. Buna göre, yukarıdaki yük dağılımı modellerinin hangileri doğru verilmiştir?
efe9d993-04a6-5ed3-9740-f923fb7d06d7	Aktif Ogrenme 2025 Tyt Fizik Soru Bankası	181	Soru 11a	295	ok	valid_end_?	sından çıkarılıyor. Buna göre K, L ve M kürelerinin son yük cinsleri nasıl olur?
c4ba98c1-d27d-5488-9e37-f6805c13ef62	Bilgi Sarmalı-2022-2023-Tyt-Matematik Soru Bankası	235	10.	331	ok	valid_end_?	banında 144 tane bilye bulunan bir yapıda kullanılan toplam bilye sayısı kaçtır?
ec19e06c-35a4-5fca-880b-46fa4ac452db	Bilgi Sarmalı-2022-2023-Tyt-Matematik Soru Bankası	235	13.	231	ok	valid_end_?	{3}$ birimdir. Buna göre, $|A_1A_2|+|A_2A_3|+|A_3A_4|+...$ toplamı kaç birimdir?
358a8be2-9adf-588f-bc14-0ea2e1e854a9	Aktif Ogrenme 2025 Tyt Fizik Soru Bankası	192	9	118	ok	valid_end_?	izgileri şekildeki gibidir. Buna göre X, Y ve Z cisimlerinin yük cinsleri nedir?
7ea8f1df-5436-53d5-82d6-31a4c892863d	Bilgi Sarmalı-2022-2023-Tyt-Matematik Soru Bankası	166	10	124	ok	valid_end_?	$[KB]$ açıortay. $|EK| = \sqrt{3}$, $|BK| = 2$ olduğuna göre, $|EB|$ kaç cm dir?
d8b8fdaf-fdc5-583a-a628-27ed633d7a08	Bilgi Sarmalı-2022-2023-Tyt-Matematik Soru Bankası	95	15.	154	ok	valid_end_?	$(gof)(x) < 12$ eşitsizliğini sağlayan $x$ tam sayı değerlerinin toplamı kaçtır?
b34c034b-d427-548b-a50a-468d62919612	Aktif Ogrenme 2023 2024 Biyoloji	120	Soru : 9a	87	ok	valid_end_?	 görselleri verilen canlı türlerinden hangisi prokaryot hücre yapısına sahiptir?
db0d153e-cea0-5a96-a3d0-378bf7e077ba	Bilgi Sarmalı-2022-2023-Tyt-Matematik Soru Bankası	250	6	247	ok	valid_end_?	r. III. $\lim_{x \to -2} (f(x)-f(-x))$ vardır. ifadelerinden hangileri doğrudur?
c22fad26-43f0-55c4-9464-b83470e06b2c	Aktif Ogrenme 2025 Tyt Fizik Soru Bankası	43	Örnek: 5	184	ok	valid_end_?	göre, tabana yaptıkları basınçlar $P_K$, $P_L$ ve $P_M$ arasındaki ilişki nedir?
d81c2475-4f3f-5038-a9de-547005c28c86	Bilgi Sarmalı-2022-2023-Tyt-Matematik Soru Bankası	325	11.	255	ok	valid_end_?	 en kısa sürede D noktasına ulaşıyor. Buna göre, B ile C arası kaç kilometredir?
430bb68e-34f7-5fca-a31d-d78670ad8726	Bilgi Sarmalı-2022-2023-Tyt-Matematik Soru Bankası	334	14	165	ok	valid_end_?	çekmektedir. $|CB| = 4 \text{ km}$. Buna göre, $|AC|$ mesafesi en az kaç km'dir?
1587d7e1-6391-50bb-a277-94d881bd4195	Aktif Ogrenme 2025 Tyt Fizik Soru Bankası	50	Soru 16	176	ok	valid_end_?	lerinin büyüklüğü $F_1$ ve $F_2$ dir. Buna göre, $\frac{F_1}{F_2}$ oranı kaçtır?
22d8cdf1-6adf-5cae-871a-50a200c8e7d1	CAP-2023-2024-AYT-Matematik Soru Bankası	102	11.	156	ok	valid_end_?	m $|AB|=16$ birim Yukarıdaki verilere göre, $\cos(\widehat{ADC})$ değeri kaçtır?
56cc3f8e-e450-592b-b283-4623f284fc64	Aktif Ogrenme 2025 Tyt Fizik Soru Bankası	148	Örnek : 2	265	ok	valid_end_?	r değiştirme miktarı $\Delta x$ niceliklerinden hangisinin bilinmesi gereklidir?
d132d1ea-053b-587b-a2ea-6de5a1077768	Aktif Ogrenme 2025 Tyt Fizik Soru Bankası	152	Soru : 8	184	ok	valid_end_?	e, cisimlerin kinetik enerjileri $E_K$, $E_L$, $E_M$ arasındaki ilişki nasıldır?
1f4fb5e8-f8f0-55df-b665-961b3a0e325b	Apotemi 2019 2020 Tyt Ayt Fizik Soru Bankası	336	7	343	ok	valid_end_?	çekilirse, R direncinden 4 yönünde akım geçer. yargılarından hangileri doğrudur?
b7e8b981-b405-53cc-9e16-8f56af60c9ea	Aktif Ogrenme 2025 Tyt Fizik Soru Bankası	235	Örnek 2	228	ok	valid_end_?	iklerine göre, mıknatıs kutupları ile ilgili aşağıdakilerden hangisi söylenemez?
d90f8ca2-6564-50bc-b79d-be76dae31a7a	Aktif Ogrenme 2025 Tyt Fizik Soru Bankası	244	9	68	ok	valid_end_?	Görseli yukarıda verilenlerden hangilerinde mıknatıs kullanılmıştır?
1fbb19a4-50ea-5c60-a44b-2207b5b08ddb	Aktif Ogrenme 2025 Tyt Fizik Soru Bankası	75	Örnek 9	305	ok	valid_end_?	ına eşittir. III. Taşırma kabı ağırlaşmıştır. yargılarından hangileri yanlıştır?
81925e66-c23a-5d4e-a5da-f24067b021a5	Aktif Ogrenme Ayt Kimya 2019 2020	62	Örnek: 10	51	ok	valid_end_?	Gazlarla ilgili; grafiklerinden hangileri doğrudur?
47e5182f-94f5-5b7d-af3c-08a6d25e9102	Aktif Ogrenme Ayt Kimya 2019 2020	64	Örnek 14	255	ok	valid_end_)	 idealliğe en yakındır. yargılarından hangileri doğrudur? ($CO_2: 44, SO_2: 64$)
643a7de6-3e18-50bd-a041-5a9d967fdb01	Aktif Ogrenme Ayt Kimya 2019 2020	70	Soru 21	332	ok	valid_end_)	asınç kaç atm'dir? (Suyun $27 \text{ }^\circ C$'de buhar basıncı $0,1$ atm'dir.)
9fc5d9ec-1490-58d1-a96b-39874cd94cb2	Aktif Ogrenme Ayt Kimya 2019 2020	70	Örnek 22	253	ok	valid_end_)	lur? (Y sıvısının $25 \text{ }^\circ C$'de buhar basıncı $10 \text{ mmHg}$'dir.)
b9c8b2c1-313c-56b9-9f1e-733df1417b21	Aktif Ogrenme Ayt Kimya 2019 2020	39	Soru 7	109	ok	valid_end_?	_3$ ile gösterilen yarıçap türleri aşağıdakilerden hangisinde doğru verilmiştir?
153b7081-3adf-5443-bccd-8f55b7212399	Aktif Ogrenme 2025 Tyt Fizik Soru Bankası	352	8	251	ok	valid_end_?	ve Z dalgalarından hangileri engelden yansıdıktan sonra doğrusal hale gelebilir?
32eb94ba-bd61-51dc-af42-c9d3019a76fd	Bilgi Sarmalı-2023-2024-Ayt-Matematik Soru Bankası	35	5	299	ok	valid_end_?	 \in [0, 1] : h(x) = f(x)\}$ olduğuna göre, aşağıdakilerden hangisi boş kümedir?
5b5949c6-595e-520a-aadb-465d36d89251	Bilgi Sarmalı-2023-2024-Ayt-Matematik Soru Bankası	43	11	256	ok	valid_end_?	$ polinomudur. $P(x)=4 \cdot (2x^2-x-15)$ olduğuna göre, $a+b+c$ toplamı kaçtır?
94843c3d-f9cb-5ec1-96d8-eb33076436ef	Aktif Ogrenme Ayt Kimya 2019 2020	104	Örnek: 28	237	ok	valid_end_?	stonu sabit sıcaklıkta a noktasına getirmek işlemlerinden hangileri yapılabilir?
7e2a5fa6-93f9-5230-b0aa-a675e70117ef	Bilgi Sarmalı-2023-2024-Ayt-Matematik Soru Bankası	38	7	152	ok	valid_end_.	$y=f(x)$, $y=a \cdot f(x)$ ve $y=b-f(x)$ fonksiyonlarının grafikleri aşağıdadır.
bae2fb7e-e08d-5c4c-a56c-10e6aabb3299	Bilgi Sarmalı-2023-2024-Ayt-Matematik Soru Bankası	133	15	160	ok	valid_end_?	]$, $|AE| = 1$ cm, $|BE| = 3$ cm Buna göre, $\tan(\widehat{AEC})$ değeri kaçtır?
9de4d3f5-29ad-594e-9c36-855048b7277c	Bilgi Sarmalı-2023-2024-Ayt-Matematik Soru Bankası	150	7	146	ok	valid_end_?	 = \tan\alpha \cdot \tan\beta + \tan\alpha - \tan\beta$ işleminin sonucu kaçtır?
4ee8462f-f0d7-5fce-9e9f-78e26bda00ee	Bilgi Sarmalı-2023-2024-Ayt-Matematik Soru Bankası	246	9	242	ok	valid_end_?	{x \to x_0^-} f(x)$ biçiminde tanımlanıyor. Buna göre, $(gof)(2)$ değeri kaçtır?
8c2d2913-bc63-592d-9c11-00f9172954ae	Aktif Ogrenme Ayt Kimya 2019 2020	116	10	526	ok	valid_end_.	ı-ğındakinden fazladır. E) X'in doymamış çözeltisi ısıtılırsa doygun hâle geçer.
5224a938-be50-5ceb-96fa-67f14148ef65	Aktif Ogrenme Ayt Kimya 2019 2020	118	11	167	ok	valid_end_)	C'de doygun olması için kaç gram X eklenmelidir? (Buharlaşma ihmal edilecektir.)
5c0f67df-c217-50d9-b4f9-6510013e693a	Aktif Ogrenme Ayt Kimya 2019 2020	118	14	158	ok	valid_end_)	inin doygun olması için kaç gram X eklenmelidir? (Buharlaşma ihmal edilecektir.)
cf35346e-8f8b-51c2-b2a6-4109d9021a38	Bilgi Sarmalı-2023-2024-Ayt-Matematik Soru Bankası	258	9	157	ok	valid_end_?	rekli olduğuna göre, $g$ fonksiyonunun grafiği aşağıdakilerden hangisi olabilir?
e4c39fa9-6b8e-5dae-a1e6-a5884a2758e3	Bilgi Sarmalı-2023-2024-Ayt-Matematik Soru Bankası	181	13.	148	ok	valid_end_?	AB| = \log_3 27$ br, $|DC| = \log_2 256$ olduğuna göre, $|BD| = x$ kaç birimdir?
ea0645b1-8433-506a-b8e1-76c3a2ea450d	Bilgi Sarmalı-2023-2024-Ayt-Matematik Soru Bankası	192	11	131	ok	valid_end_?	anlarının dik koordinat düzlemindeki görünümü grafiklerinden hangileri olabilir?
8e43a256-c0bf-543b-a29c-ce752157365c	Apotemi 2024 Ayt Kimya Soru Bankasi	219	10	144	ok	valid_end_?	retlenmiştir. Buna göre, tablodaki işaretlemelerden hangileri doğru yapılmıştır?
039b235a-913a-5fc4-ace1-c7195245f8f5	Bilgi Sarmalı-2023-2024-Ayt-Matematik Soru Bankası	213	14.	246	ok	valid_end_?	 dairede yazan sayı $C$'dir. Buna göre, $B-\frac{A}{C}$ işleminin sonucu kaçtır?
9fbf8862-dcfc-5b80-9bd3-1bb9323e86b6	Apotemi 2024 Ayt Kimya Soru Bankasi	247	8	95	ok	valid_end_?	siyon sonucunda oluşan kararlı X bileşiğinin formülü aşağıdakilerden hangisidir?
49d32152-f8c7-5236-89e8-1afd581a60db	Bilgi Sarmalı-2023-2024-Ayt-Matematik Soru Bankası	246	6	355	ok	valid_end_?	 = c$ olup $b < c < a$ olduğuna göre, aşağıdaki sıralamalardan hangisi doğrudur?
6bb2456c-6906-5df0-9f7c-dcad82830e03	Bilgi Sarmalı-2023-2024-Ayt-Matematik Soru Bankası	305	8	248	ok	valid_end_?	na göre, $\lim_{x \to 1} \frac{f(x) \cdot g(x)}{h(x)}$ ifadesinin değeri kaçtır?
c87bfdff-c94d-595b-9ac0-2603b16c46ff	Bilgi Sarmalı-2023-2024-Ayt-Matematik Soru Bankası	315	11	234	ok	valid_end_?	ine göre, $2 \cdot P(x)+Q(x+1)$ polinomunun $(x-1)$ ile bölümünden kalan kaçtır?
563a1cc7-815c-51ec-91c9-41c7f1693340	Bilgi Sarmalı-2023-2024-Ayt-Matematik Soru Bankası	246	7	207	ok	valid_end_?	)(x) = 1$ III. $\lim_{x \to 2^+} (fof)(x) = 1$ ifadelerinden hangileri doğrudur?
a1c1c71c-b554-59e0-94a9-49e794551a64	Bilgi Sarmalı-2023-2024-Tyt Ayt-Geometri Soru Bankası	34	8	193	ok	valid_end_?	BE| = |EC|$ Yukarıdaki verilere göre, $m(\widehat{EDC}) = \alpha$ kaç derecedir?
cdff152c-8070-56d6-9baf-d32637727063	Bilgi Sarmalı-2023-2024-Tyt Ayt-Geometri Soru Bankası	40	9	186	ok	valid_end_?	sqrt{15}$ birim, $|BE|=4$ birim, $|FC|=3$ birim. Buna göre, $|DF|$ kaç birimdir?
2aec294d-0561-5ab0-b3a2-894e84b6d32e	Bilgi Sarmalı-2023-2024-Tyt Ayt-Geometri Soru Bankası	46	11	192	ok	valid_end_?	cm. $|DF|=2\sqrt{7}$ cm. Yukarıdaki verilere göre, $|BE|-|FC|$ farkı kaç cm'dir?
9d5d625f-60b5-5665-a5cc-108659b8838d	Bilgi Sarmalı-2023-2024-Tyt Ayt-Geometri Soru Bankası	48	6	132	ok	valid_end_?	$|BC|=4\sqrt{3}$ cm, $|DC|=x$ cm. Yukarıdaki verilere göre, $|DC|=x$ kaç cm'dir?
a1444ea8-c0da-56ef-b879-1b0b339c46d6	Bilgi Sarmalı-2023-2024-Tyt Ayt-Geometri Soru Bankası	48	9	169	ok	valid_end_?	 $|DE|=|DF|=15$ cm, $|AC|=13$ cm. Yukarıdaki verilere göre, $|CF|=x$ kaç cm'dir?
ee4a9f9b-0be1-57f5-92a4-e9aabe724514	Bilgi Sarmalı-2023-2024-Tyt Ayt-Geometri Soru Bankası	58	11.	172	ok	valid_end_?	, $|AK|=|KC|$, $|BD|=6$ birim, $|FC|=4$ birim. Buna göre, $|DF|=x$ kaç birimdir?
541fe49c-31da-57e6-bad0-70105e607bd9	Bilgi Sarmalı-2023-2024-Tyt Ayt-Geometri Soru Bankası	58	12.	136	ok	valid_end_?	]$, $|BD|=|DC|$, $|AE|=6$ birim, $|EB|=4$ birim. Buna göre, $|AC|$ kaç birimdir?
e5509aee-d569-5969-9327-66153a2658e0	Bilgi Sarmalı-2023-2024-Tyt Ayt-Geometri Soru Bankası	58	10.	162	ok	valid_end_?	idehat{ECB})$, $|AB|=6$ birim, $|AE|=4$ birim. Buna göre, $|EC|=x$ kaç birimdir?
75bf804c-b6af-5a4a-8afa-c15251f8ae80	Bilgi Sarmalı-2023-2024-Tyt Ayt-Geometri Soru Bankası	66	8.	129	ok	valid_end_?	, $|AD|=|FE|$ Yukarıdaki verilere göre, $m(\widehat{CBF})=\alpha$ kaç derecedir?
b1dd9eed-5857-5982-84ae-f0e0ab8dd2f4	Bilgi Sarmalı-2023-2024-Tyt Ayt-Geometri Soru Bankası	70	8	145	ok	valid_end_?	B})=25^\circ$ Yukarıdaki verilere göre, $m(\widehat{DAC})=\alpha$ kaç derecedir?
858f6e5d-4bf6-5b06-aa58-6aaac8ed0629	Bilgi Sarmalı-2023-2024-Tyt Ayt-Geometri Soru Bankası	78	10	155	ok	valid_end_?	, $|AB| = 10$ cm, $|BD| = 8$ cm Yukarıdaki verilere göre, $|DC| = x$ kaç cm'dir?
14882043-64ce-535e-b27a-9260c330abf9	Bilgi Sarmalı-2023-2024-Tyt Ayt-Geometri Soru Bankası	78	12	152	ok	valid_end_?	y, $|EC| = 8$ cm, $|AE| = 4$ cm Yukarıdaki verilere göre, $|BD| = x$ kaç cm'dir?
91208d27-6fd1-5e7e-a30c-3c4a885b1734	Bilgi Sarmalı-2023-2024-Tyt Ayt-Geometri Soru Bankası	102	10	137	ok	valid_end_?	 $|CE| = 2$ cm, $|BC| = 10$ cm. Yukarıdaki verilere göre, $|DE| = x$ kaç cm'dir?
4cb75be6-860a-5a1e-bcee-f400658af437	Bilgi Sarmalı-2023-2024-Tyt Ayt-Geometri Soru Bankası	108	7	132	ok	valid_end_?	C| = 5|FC|$, $|FK| = 4$ cm, $|DE| = x$ cm. Yukarıdaki verilere göre, $x$ kaçtır?
1fbd7f45-fc27-5289-829e-96dad9f09629	Bilgi Sarmalı-2023-2024-Tyt Ayt-Geometri Soru Bankası	112	8.	163	ok	valid_end_?	=8$ cm, $|EC|=7$ cm. Yukarıdaki verilere göre, $\frac{|DE|}{|DC|}$ oranı kaçtır?
a8a23ee1-24c0-5083-9e29-85659aa2c1d4	Bilgi Sarmalı-2023-2024-Tyt Ayt-Geometri Soru Bankası	120	6	167	ok	valid_end_?	0$ cm, $|AB|=15$ cm, $|ML|=8$ cm. Yukarıdaki verilere göre, $|KL|=x$ kaç cm'dir?
784db43a-e95f-54dd-8e51-cc7a18d08f59	Bilgi Sarmalı-2023-2024-Ayt-Matematik Soru Bankası	357	7	352	ok	valid_end_?	= 4$ III. $\int_1^2 (hoh)(x)dx = \frac{15}{2}$ ifadelerinden hangileri doğrudur?
bd8bed62-0c3d-5bff-b88f-2f9862b9ba76	Bilgi Sarmalı-2023-2024-Tyt Ayt-Geometri Soru Bankası	126	8.	169	ok	valid_end_?	arıdaki verilere göre, $\frac{\text{Alan}(ABD)}{\text{Alan}(BDC)}$ oranı kaçtır?
5c251397-5951-5bd2-be44-9c8c2d5f68b7	Bilgi Sarmalı-2023-2024-Tyt Ayt-Geometri Soru Bankası	132	9	180	ok	valid_end_?	C|=6$ cm Yukarıdaki verilere göre, BED üçgensel bölgesinin alanı kaç $cm^2$ dir?
d8c48ceb-cbf6-50bc-96dd-4ebab981251c	Bilgi Sarmalı-2023-2024-Tyt Ayt-Geometri Soru Bankası	134	8.	204	ok	valid_end_?	|EC|=8 \text{ cm}$. Yukarıdaki verilere göre, Alan$(ABC)$ kaç $\text{cm}^2$ dir?
d2a9b06d-da7d-5fcd-b0c7-d32f331cb9e3	Apotemi 2024 Ayt Kimya Soru Bankasi	237	11	251	ok	valid_end_?	r. IV. Y'nin fonksiyonel grubu karboksiliktir. yargılarından hangileri doğrudur?
d8d57114-73e9-561d-ab43-82fe1c2a0d24	Bilgi Sarmalı-2023-2024-Ayt-Matematik Soru Bankası	368	2019 / AYT	220	ok	valid_end_?	 f(x)dx = 3$ olduğuna göre, boyalı bölgelerin alanları toplamı kaç birimkaredir?
cfac004f-f434-53c9-9534-468081468db0	Apotemi Tyt Ayt Kimya 2019-2020	65	7	235	ok	valid_end_?	I. $Q_3$, $Y_{(g)}$'nin 2. elektron ilgisidir. yargılarından hangileri doğrudur?
25daef2f-b7dc-5801-9f00-94bd18ea3778	Bilgi Sarmalı-2023-2024-Tyt Ayt-Geometri Soru Bankası	10	9	154	ok	valid_end_?	widehat{ABC}) = 40^\circ$. Buna göre, $m(\widehat{EDF}) = \alpha$ kaç derecedir?
d9c569a1-0773-5ea2-b41d-cabcf0bffd0a	Bilgi Sarmalı-2023-2024-Tyt Ayt-Geometri Soru Bankası	12	7	226	ok	valid_end_?	) = \alpha$ Yukarıdaki verilere göre, $m(\widehat{CBA}) = \alpha$ kaç derecedir?
9a68db7e-e012-5da9-848a-a6b358e10245	Bilgi Sarmalı-2023-2024-Tyt Ayt-Geometri Soru Bankası	24	9	139	ok	valid_end_?	$m(\widehat{ACB}) = 60^{\circ}$ Buna göre, $m(\widehat{BDE}) = x$ kaç derecedir?
d9f9d5d5-c470-5d9a-acaf-8c6f33c26032	Bilgi Sarmalı-2023-2024-Tyt Ayt-Geometri Soru Bankası	24	10	181	ok	valid_end_?	10^{\circ}$ Yukarıdaki verilere göre, $m(\widehat{BAD}) = \alpha$ kaç derecedir?
4672b0a0-554f-5ed9-b95e-ab1b07f2adf9	Bilgi Sarmalı-2023-2024-Tyt Ayt-Geometri Soru Bankası	58	7.	143	ok	valid_end_?	, $|DA|=12$ cm, $|DC|=6$ cm, $|BD|=x$. Yukarıdaki verilere göre, $x$ kaç cm'dir?
d43172e6-bdb8-571a-a629-3be70f3dcf66	Bilgi Sarmalı-2023-2024-Tyt Ayt-Geometri Soru Bankası	66	6.	155	ok	valid_end_?	|=6$ cm, $|HC|=3$ cm, $|BD|=5$ cm Yukarıdaki verilere göre, $|DC|=x$ kaç cm'dir?
c773ef33-602e-5290-8baa-d554a3aa2017	Bilgi Sarmalı-2023-2024-Tyt Ayt-Geometri Soru Bankası	78	7	143	ok	valid_end_?	t{BCD})$, $|AD| = 5$ birim, $|DB| = 4$ birim Buna göre, $|DC| = x$ kaç birimdir?
fb03ce4e-589c-59be-a2c8-f868c6285c85	Bilgi Sarmalı-2023-2024-Tyt Ayt-Geometri Soru Bankası	84	5	328	ok	valid_end_?	\alpha + \beta$'dir. Yukarıdaki verilere göre, $\frac{|AB|}{|BD|}$ oranı kaçtır?
f6cd7668-a664-5cdb-bd6d-697a9a8d4a5b	Bilgi Sarmalı-2023-2024-Tyt Ayt-Geometri Soru Bankası	10	10	156	ok	valid_end_?	idehat{CDE}) = 130^\circ$. Buna göre, $m(\widehat{BCD}) = \alpha$ kaç derecedir?
9aeee242-d845-5c6a-b127-42cdec991afe	Bilgi Sarmalı-2023-2024-Tyt Ayt-Geometri Soru Bankası	24	11	153	ok	valid_end_?	idehat{ACB}) = 40^{\circ}$ Buna göre, $m(\widehat{DFB}) = \alpha$ kaç derecedir?
cdf48f57-33a0-5328-9937-dc48b040ce82	Bilgi Sarmalı-2023-2024-Tyt Ayt-Geometri Soru Bankası	30	6	152	ok	valid_end_?	110^{\circ}$. Yukarıdaki verilere göre, $m(\widehat{AED})=\alpha$ kaç derecedir?
ea328de9-32f6-520a-8f62-d72e0a34d57f	Bilgi Sarmalı-2023-2024-Tyt Ayt-Geometri Soru Bankası	30	7	202	ok	valid_end_?	=40^{\circ}$. Yukarıdaki verilere göre, $m(\widehat{DEB})=\alpha$ kaç derecedir?
21ff3a8e-1682-5beb-935d-a956237c5db9	Bilgi Sarmalı-2023-2024-Tyt Ayt-Geometri Soru Bankası	112	6.	147	ok	valid_end_?	t m(\widehat{DAC})$, $|ED|=6$ cm. Yukarıdaki verilere göre, $|AB|=x$ kaç cm'dir?
afc0b63d-26fa-5856-a254-8540523c6dad	Bilgi Sarmalı-2023-2024-Tyt Ayt-Geometri Soru Bankası	222	7	126	ok	valid_end_?	AE|=|EF|$ ve $|BF|=|FC|$'dir. Yukarıdaki verilere göre, $|EC|$ = $x$ kaç cm'dir?
536c6fe7-1242-5cf3-b332-a60e17fbc7e8	Bilgi Sarmalı-2023-2024-Tyt Ayt-Geometri Soru Bankası	134	6.	156	ok	valid_end_?	EC)=S_2 \text{ cm}^2$. Yukarıdaki verilere göre, $\frac{S_1}{S_2}$ oranı kaçtır?
fbacdeed-8d8c-5515-9256-7714a155b7a0	Bilgi Sarmalı-2023-2024-Tyt Ayt-Geometri Soru Bankası	240	10	178	ok	valid_end_?	D}) = 60^{\circ}$ Yukarıdaki verilere göre, yamuğun alanı kaç $\text{cm}^2$ dir?
d87f04eb-0e69-5103-b41b-fe32a99ae199	Bilgi Sarmalı-2023-2024-Tyt Ayt-Geometri Soru Bankası	240	11	229	ok	valid_end_?	irim, $|DC| = 10$ birim, $|EF| = 6$ birim Buna göre, $A(ABCD)$ kaç birimkaredir?
0913ea06-0b4b-5001-a386-a66105332879	Bilgi Sarmalı-2023-2024-Tyt Ayt-Geometri Soru Bankası	154	6	292	ok	valid_end_?	$ II. $V_A > V_B = V_C$ III. $n_A < n_B < n_C$ ifadelerinden hangileri doğrudur?
1a8af5bb-d5f9-5504-bf21-2395a7a04a7a	Bilgi Sarmalı-2023-2024-Tyt Ayt-Geometri Soru Bankası	242	8.	179	ok	valid_end_?	=|DE|=2$ cm, $|AB|=2\sqrt{5}$ cm. Yukarıdaki verilere göre, $|FC|=x$ kaç cm'dir?
8d58e096-1dbe-5172-ac43-50e2b9212890	Bilgi Sarmalı-2023-2024-Tyt Ayt-Geometri Soru Bankası	242	9.	181	ok	valid_end_?	 $|AE|=10$ cm, $|DC|=21$ cm. $|EF|=x$. Yukarıdaki verilere göre, $x$ kaç cm'dir?
58e96976-d9db-5c9d-bc11-0516d503e63f	Bilgi Sarmalı-2023-2024-Tyt Ayt-Geometri Soru Bankası	242	10.	182	ok	valid_end_?	rim, $|EF|=8$ birim. Buna göre, ABCD yamuksal bölgesinin alanı kaç birimkaredir?
72e0ca86-7b5e-5099-b842-2ee1e756c2fa	Bilgi Sarmalı-2023-2024-Tyt Ayt-Geometri Soru Bankası	246	7	248	ok	valid_end_?	i göstermektedir. Yukarıdaki verilere göre, ABCD yamuğunun alanı kaç $cm^2$ dir?
97877167-6545-5ba4-ab1b-80dc16313c62	Bilgi Sarmalı-2023-2024-Tyt Ayt-Geometri Soru Bankası	246	8	148	ok	valid_end_?	m, $|AB|=12$ cm, $|DE|=|EC|$. Yukarıdaki verilere göre, $A(BEF)$ kaç $cm^2$ dir?
4cf851b3-b76d-5b42-ab21-b2bab7a36bd9	Bilgi Sarmalı-2023-2024-Tyt Ayt-Geometri Soru Bankası	246	9	221	ok	valid_end_?	daki görsel elde edilmiştir. $|AB|=14$ cm olduğuna göre, $|KL|=x$ kaç $cm^2$dir?
ed9b8f01-30ed-5ffe-826a-aa4b5e303acf	Bilgi Sarmalı-2023-2024-Tyt Ayt-Geometri Soru Bankası	186	8.	165	ok	valid_end_?	A(AEF)=16$ cm$^2$. Yukarıdaki verilere göre, FDL üçgeninin alanı kaç cm$^2$ dir?
d67f7f52-8793-5744-a85c-43cdb99debeb	Bilgi Sarmalı-2023-2024-Tyt Ayt-Geometri Soru Bankası	246	10	125	ok	valid_end_?	cm, $|DE|=10$ cm, $|DC|=15$ cm Yukarıdaki verilere göre, $|EB|=x$ kaç $cm^2$dir?
7285d914-1117-5b5c-916f-d0b53ab1b4e7	Bilgi Sarmalı-2023-2024-Tyt Ayt-Geometri Soru Bankası	248	7.	180	ok	valid_end_?	cm, $|AD| = 6$ cm Yukarıdaki verilere göre, yamuğun alanı kaç $\text{cm}^2$ dir?
46f0fe85-d3aa-52c9-81a1-6caf8c736961	Bilgi Sarmalı-2023-2024-Tyt Ayt-Geometri Soru Bankası	190	6	138	ok	valid_end_?	2$ cm, $4|DF|=3|FC|$. Yukarıdaki verilere göre, $A(ABCD)$ kaç $\text{cm}^2$ dir?
10d35ea5-ca58-5ad7-bb22-e217806cb5d8	Bilgi Sarmalı-2023-2024-Tyt Ayt-Geometri Soru Bankası	248	8.	162	ok	valid_end_?	cm ve $|DC| = 10$ cm Yukarıdaki verilere göre, $\frac{|EF|}{|FC|}$ oranı kaçtır?
0addf538-99f9-555a-b67b-8692ffdb6559	Bilgi Sarmalı-2023-2024-Tyt Ayt-Geometri Soru Bankası	248	9.	195	ok	valid_end_?	cdot A(AEFD) = 2 \cdot A(EBCF)$ Yukarıdaki verilere göre, $|EF| = x$ kaç cm'dir?
5edb839b-11ff-577c-af3b-77019f2f42ab	Bilgi Sarmalı-2023-2024-Tyt Ayt-Geometri Soru Bankası	200	10	152	ok	valid_end_?	\circ}$, $|AB| = |BC| = 4\sqrt{3}$ birim. Buna göre, $A(ABCD)$ kaç birimkaredir?
1be5c075-7f5e-5c6c-99f3-96e144ae10f6	Bilgi Sarmalı-2023-2024-Tyt Ayt-Geometri Soru Bankası	262	8.	151	ok	valid_end_?	\circ$, $m(\text{CDA})=\alpha$ Yukarıdaki verilere göre, $\alpha$ kaç derecedir?
78d1b854-8e64-515f-b897-3c27918c5efd	Bilgi Sarmalı-2023-2024-Tyt Ayt-Geometri Soru Bankası	328	7	300	ok	valid_end_?	doğruları çiziliyor. Buna göre, ABCD dikdörtgeninin alanı kaç $\text{cm}^2$ dir?
dadbd320-f6d1-56f4-9c5d-2ca9655cc7f8	Bilgi Sarmalı-2023-2024-Tyt Ayt-Geometri Soru Bankası	220	8	135	ok	valid_end_?	, $|AE| = 2$ cm, $|ED| = 8$ cm. Yukarıdaki verilere göre, $|EF| = x$ kaç cm'dir?
8ed94553-ff1f-590c-8666-22aba57fee14	Bilgi Sarmalı-2023-2024-Tyt Ayt-Geometri Soru Bankası	242	7.	142	ok	valid_end_?	, $|AD|=4$ cm, $|BC|=12$ cm. Yukarıdaki verilere göre, $|AB|=|DC|=x$ kaç cm'dir?
5fcce3b9-f9ce-5f92-ac31-440c6760420c	Bilgi Sarmalı-2023-2024-Ayt-Matematik Soru Bankası	327	12	168	ok	valid_end_?	 verilmiştir. Buna göre, $P(x)$ polinomunun $(x-1)$ ile bölümünden kalan kaçtır?
6bdc818f-28f7-534f-8635-2cbb50cd1d11	Bilgi Sarmalı-2023-2024-Tyt Ayt-Geometri Soru Bankası	288	10.	188	ok	valid_end_?	C]$, $|DE|=4$ cm, $|DF|=5$ cm. Yukarıdaki verilere göre, $|DG|=x$ kaç $cm^2$dir?
c63bea33-d629-55da-a7c7-38f0ac89394a	Bilgi Sarmalı-2023-2024-Tyt Ayt-Geometri Soru Bankası	296	11.	118	ok	valid_end_?	=14$ cm. Yukarıdaki verilere göre, boyalı alanlar toplamı kaç $\text{cm}^2$ dir?
c1b67ac0-e273-5867-b0a0-f1b07844b080	Bilgi Sarmalı-2023-2024-Problemler Soru Bankası	29	2023 / MSÜ	394	ok	valid_end_?	labildiğine göre, toplam kaç kişi sipariş et-tiğinden farklı bir kahve almıştır?
da36c2ac-5738-5e23-a045-604bbaa38940	Bilgi Sarmalı-2023-2024-Problemler Soru Bankası	70	2023 / MSÜ	421	ok	valid_end_?	dönüşü gidişinden $10$ dakika daha az sürdüğüne göre, dönüşü kaç saat sürmüştür?
15697f07-5207-5d43-acf2-c75caafb3b05	Bilgi Sarmalı-2023-2024-Problemler Soru Bankası	79	ÖRNEK - 7	270	ok	valid_end_?	 grafiklerin hangisinde o sınıfa ait kız öğrenci sayısı sınıfın %40'ına eşittir?
2dbdbcc9-de47-5a75-9233-79f0259db28b	Bilgi Sarmalı-2023-2024-Tyt Ayt-Geometri Soru Bankası	318	11	251	ok	valid_end_?	üğünde oluşan cismin hacmi $V_2$ dir. Buna göre, $\frac{V_1}{V_2}$ oranı kaçtır?
102fc030-748e-5836-82f2-dc10d5814f1d	Bilgi Sarmalı-2023-2024-Tyt Ayt-Geometri Soru Bankası	394	8	278	ok	valid_end_?	 geliyor. Buna göre, son durumda $A'$ noktasının yerden yüksekliği kaç birimdir?
b5120412-1481-58d1-894c-ff288c65525f	Apotemi Tyt Ayt Kimya 2019-2020	277	7	249	unclear	unknown_end_$	{ V}$ $Cu_{(k)} \to Cu_{(suda)}^{2+} + 2e^{-} \quad E^{\circ} = -0,34 \text{ V}$
d6a26845-d026-5122-9d28-ea0bc8336129	Bilgi Sarmalı-2023-2024-Tyt-Matematik Soru Bankası	20	12	149	ok	valid_end_?	 kalan değerleri tablodaki sütunlarda verilmiştir. Buna göre $Y-X$ farkı kaçtır?
02383e32-8ecd-5501-917b-b81a0bd05c35	Apotemi Tyt Ayt Kimya 2019-2020	299	11	143	ok	valid_end_?	 gösterimi AX$_3$ tür. III. Enol yapısındadır. yargılarından hangileri doğrudur?
2dc13db8-87d5-5b7d-8698-a7495f0d5c64	Aktif Ogrenme 2025 Tyt Fizik Soru Bankası	159	Örnek 20	281	ok	valid_end_)	enerji ile aynı yönde atılırsa hangi noktada durur? (Noktalar eşit aralıklıdır.)
2df61be4-6687-5871-8b45-fcc0162352bd	Aktif Ogrenme 2025 Tyt Fizik Soru Bankası	242	Örnek: 11	337	ok	valid_end_?	e çubuk mıknatısın S kutbu yere daha yakındır. yargılarından hangileri doğrudur?
53b9d170-2a7e-5023-a7c2-41026ead3207	Bilgi Sarmalı-2023-2024-Tyt-Matematik Soru Bankası	104	13	341	ok	valid_end_?	Buna göre, $x$'in değeri $\text{cm}$ cinsinden aşağıdakilerden hangisi olabilir?
572331cb-1277-5c63-b1c8-5416164e2ce6	Bilgi Sarmalı-2023-2024-Tyt-Matematik Soru Bankası	114	13	262	ok	valid_end_?	i soru) eşitliğini sağlayan $x$ ve $y$ sayıları için $x \cdot y$ çarpımı kaçtır?
44b790bf-4b52-58f0-a249-77804c7999b8	Bilgi Sarmalı-2023-2024-Tyt Ayt-Geometri Soru Bankası	158	5	139	ok	valid_end_?	C|$, $3|FM| = 2|ME|$, $|FK| = 4$ cm Yukarıdaki verilere göre, $|AB|$ kaç cm'dir?
64a50b08-c101-5948-96be-67e7d2b2750f	Bilgi Sarmalı-2023-2024-Tyt Ayt-Geometri Soru Bankası	166	7	123	ok	valid_end_?	, $|AB|=4\sqrt{3}$ cm. Yukarıdaki verilere göre, $|DK|=x$ kaç $\text{cm}^2$ dir?
9e3b5ddf-f567-548d-b7ce-f341317b745b	Bilgi Sarmalı-2023-2024-Tyt Ayt-Geometri Soru Bankası	170	7	90	ok	valid_end_?	 Şekil-I'deki E noktasının, Şekil-II'deki C' noktasına olan uzaklığı kaç cm'dir?
5d76a1f9-2950-5c9e-a6f0-9d23cb7ef64b	Bilgi Sarmalı-2023-2024-Tyt Ayt-Geometri Soru Bankası	172	5	386	ok	valid_end_?	 göre, çerçeveye yerleştirilen aynanın yansıtıcı yüzeyinin alanı kaç $cm^2$ dir?
de2ff112-f672-5ea8-b718-90356b56825a	Bilgi Sarmalı-2023-2024-Tyt Ayt-Geometri Soru Bankası	176	7	137	ok	valid_end_?	|EC|$, $|AC|=12\sqrt{3}$ cm, $|BD|=x$. Yukarıdaki verilere göre, $x$ kaç cm'dir?
8f051dac-5888-5d32-a8c5-ec1d33f744a7	Bilgi Sarmalı-2023-2024-Tyt Ayt-Geometri Soru Bankası	182	8.	204	ok	valid_end_?	. Yukarıdaki verilere göre, $ABCD$ paralelkenarının alanı kaç $\text{cm}^2$ dir?
7c9d2240-4909-53c9-a2da-d1332ee83ec3	Bilgi Sarmalı-2023-2024-Tyt Ayt-Geometri Soru Bankası	186	9.	181	ok	valid_end_?	|FD|=10$ cm. Yukarıdaki verilere göre, ABCD paralelkenarının çevresi kaç cm dir?
04fd95cf-06cc-5180-8d61-83393286ceac	Bilgi Sarmalı-2023-2024-Tyt Ayt-Geometri Soru Bankası	186	10.	152	ok	valid_end_?	$|AF|=15$ cm, $|AE|=17$ cm. Yukarıdaki verilere göre, Alan(ABCD) kaç cm$^2$ dir?
1eb61123-ad05-5405-baff-182a6ffa12d8	Bilgi Sarmalı-2023-2024-Tyt Ayt-Geometri Soru Bankası	188	8.	130	ok	valid_end_?	 cm$^2$, $A(BEC) = 16$ cm$^2$ Yukarıdaki verilere göre, $A(ABE)$ kaç cm$^2$ dir?
5296e502-d586-5e2a-aee3-b929834677b5	Bilgi Sarmalı-2023-2024-Tyt Ayt-Geometri Soru Bankası	188	9.	150	ok	valid_end_?	$|EF| = 4$ cm, $|FC| = 9$ cm Yukarıdaki verilere göre, $A(ABCD)$ kaç cm$^2$ dir?
54c9dcc8-e6af-5d99-ac72-40388889fcc8	Bilgi Sarmalı-2023-2024-Tyt Ayt-Geometri Soru Bankası	190	10	176	ok	valid_end_?	KC)=20 \text{ cm}^2$. Yukarıdaki verilere göre, $A(ABCD)$ kaç $\text{cm}^2$ dir?
eddbf386-8b6d-55a9-ad79-81d06513b25e	Bilgi Sarmalı-2023-2024-Tyt Ayt-Geometri Soru Bankası	198	10.	154	ok	valid_end_?	FC| = 4$ cm ve $|BF| = 9$ cm. Yukarıdaki verilere göre, $A(ABCD)$ kaç $cm^2$dir?
01742c0d-912a-56c1-9acf-49af29fbebb2	Bilgi Sarmalı-2023-2024-Tyt Ayt-Geometri Soru Bankası	200	12	116	ok	valid_end_?	= 5$ cm ve $|EC| = 9$ cm olduğuna göre, $ABCD$ deltoidinin alanı kaç $cm^2$ dir?
c4708af5-af10-5ffc-b29b-0900f5311f0a	Bilgi Sarmalı-2023-2024-Tyt Ayt-Geometri Soru Bankası	208	7	187	ok	valid_end_?	|=6$ cm ve $A(ABC)=48$ cm$^2$ Yukarıdaki verilere göre, $A(DEC)$ kaç cm$^2$ dir?
d17c66fa-8c76-54c3-8418-537bafa7ad23	Bilgi Sarmalı-2023-2024-Tyt Ayt-Geometri Soru Bankası	212	11	137	ok	valid_end_?	DC|=9$ cm, $|AD|=13$ cm. Yukarıdaki verilere göre, $|AF|=x$ kaç $\text{cm}$'dir?
20a9571f-7fe7-5a22-8c0a-18c937200dc4	Egsersiz Tyt Fizik Soru Bankası 2021	320	9	210	ok	valid_end_?	ığı kırma indisleri $n_K$, $n_L$ ve $n_M$ için aşağıdakilerden hangisi doğrudur?
f460d01d-4645-5b66-bec5-325bbf11d6ca	Apotemi Tyt Ayt Kimya 2019-2020	321	10	206	ok	valid_end_?	kimesi verir. III. Polardır. ifadelerinden hangileri her ikisi için de doğrudur?
21db010f-ab72-5472-bd49-10d061940b9e	Bilgi Sarmalı-2023-2024-Tyt-Matematik Soru Bankası	54	12	236	ok	valid_end_?	{Y} = 5$ ve $\text{X} \text{Y} = 120$ olduğuna göre, $x+y$ toplamı en az kaçtır?
efdebde5-3f77-5c79-92c4-40c90c4d3346	Bilgi Sarmalı-2023-2024-Tyt-Matematik Soru Bankası	58	8	307	ok	valid_end_?	+ \text{kare} 2 - \text{yuvarlak} 5 = 63$ denklemini sağlayan $A$ değeri kaçtır?
429f1684-2e1c-5c29-99e6-5a259d8c10af	Bilgi Sarmalı-2023-2024-Tyt-Matematik Soru Bankası	70	13	246	ok	valid_end_?	uluyor. Örneğin: $a,bc = a,bc$ $a.bc = ab,c$ Buna göre, İşleminin sonucu kaçtır?
d2c99f17-ddad-56c5-9390-27088ecb57b5	Aramot Tyt 2023 Fen Bilimleri Model Sorular	26	KILAVUZ SORU	71	ok	valid_end_?	Aşağıdaki güvenlik işaretlerinden hangisinin anlamı yanlış verilmiştir?
40b6b168-956c-5c02-95d7-54d227a5f664	Esen Aps Cografya Soru Bankası	80	9	121	ok	valid_end_?	rumu özelliklerine ait olanlar aşağıdakilerin hangisinde doğru eşleştirilmiştir?
8ec65d7f-e0c4-5c89-a985-7afe5345837f	Aramot Tyt 2023 Fen Bilimleri Model Sorular	37	AROMAT MODELİ	132	ok	valid_end_?	 grafiği aşağıda verilmiştir. Buna göre aşağıdaki ifadelerden hangisi yanlıştır?
3033d5bd-bb91-5645-9a4e-49d35e4aaedd	Aktif Ogrenme 2025 Tyt Fizik Soru Bankası	52	Örnek : 19	247	ok	valid_end_?	üktedir. III. Sistemde kuvvet kazancı vardır. yargılarından hangileri yanlıştır?
f4e76bb6-7e48-5d78-93dd-8eaf8e786ad9	Aramot Tyt 2023 Fen Bilimleri Model Sorular	46	M AROMAT MODELİ	105	ok	valid_end_?	at çeşitleri verilmiştir. Verilen moleküllerden hangileri dehidrasyonla oluşmaz?
36008c89-569d-56c0-95f6-6856e7f84fb8	Aktif Ogrenme 2025 Tyt Fizik Soru Bankası	242	Örnek: 10	347	ok	valid_end_?	. Pusulalar manyetik kutupları gösterir. yargılarından hangilerine ulaşılabilir?
379314ab-85ef-5c2c-8cc9-0fc4f81be8cd	Aktif Ogrenme 2025 Tyt Fizik Soru Bankası	291	Örnek 51	245	ok	valid_end_?	ildeki gibidir. Buna göre, merceğin cinsi ve odak uzaklığı için ne söylenebilir?
e96812e4-8696-54fb-a47f-9adaa6f16fb5	Bilgi Sarmalı-2023-2024-Tyt-Matematik Soru Bankası	158	7	289	ok	valid_end_?	rıdaki tabloya göre, $K = L + M + N + 69$ eşitliğini sağlayan $x$ değeri kaçtır?
08af17c3-db9d-54c0-be93-66a009eb9e39	Bilgi Sarmalı-2024-Ayt-Logaritmik Diziler	22	Örnek - 24	368	ok	valid_end_)	ğine göre, $f^{-1}(2)$ kaçtır? (Vida her seferinde tahtanın içinde kalmaktadır.)
940ba634-4971-58a0-8f61-ee2a9a097b11	Bilgi Sarmalı-2023-2024-Tyt-Matematik Soru Bankası	326	9	293	ok	valid_end_?	2})$ III. $k \in [0, 1)$ ise $(\log g)(k) > 1$ ifadelerinden hangileri doğrudur?
0b1e18e6-5bdf-5829-82c4-b3a3e6194b3d	Bilgi Sarmalı-2024-Ayt-Logaritmik Diziler	37	Örnek - 26	156	ok	valid_end_?	n aşağıdaki eşitlik tanımlanmıştır. Buna göre, ifadesinin eşit olan sayı kaçtır?
7a05a129-e6c2-5b6c-a791-3dd64da1e70d	Esen Ayt Tarih Soru Bankası	176	6	157	ok	valid_end_?	mları numaralandırmıştır. Buna göre, Müge'nin çıkarımlarından hangisi yanlıştır?
2abfc45b-abf9-5002-85e5-b02e85aac2d7	Aromat -2023-2024-Matematik Soru Bankası	93	7	498	ok	valid_end_?	ilmesi için diğer zarın üst yüzünde aşağıdaki görüntülerden hangisi oluşmalıdır?
80415468-5590-5cc3-b98f-72b30f2582ea	Bilgi Sarmalı-2024-Ayt-Matematik Soru Bankası	11	8	165	ok	valid_end_?	miştir. $f$ fonksiyonu için $A \cap f(A)$ kümesinde kaç farklı tam sayı bulunur?
369f8367-e6b2-5124-8fa0-b4bc0c947221	Aktif Ogrenme 2025 Tyt Fizik Soru Bankası	72	Örnek: 4	174	ok	valid_end_?	ere etki eden kaldırma kuvvetleri $F_K$, $F_L$ ve $F_M$ arasındaki ilişki nedir?
7b50ccd5-2122-5e48-8712-33e91e24a3d7	Bilgi Sarmalı-2023-2024-Tyt-Matematik Soru Bankası	338	13	792	ok	valid_end_?	yırmış ve $2x^2+x-21$ polinomunun çarpanlarını bulmuştur. Buna göre, $b$ kaçtır?
65b84565-91ed-5df5-b239-49756b6668b4	Bilgi Sarmalı-2023-2024-Tyt-Matematik Soru Bankası	214	11	243	ok	valid_end_?	ra beğendiği kıyafeti almak için kasada 216 TL ödeme yaptığına göre, $X$ kaçtır?
35bcd196-6b7a-564b-8e1d-9a3cb002f2f2	Bilgi Sarmalı-2023-2024-Tyt-Matematik Soru Bankası	370	13.	444	ok	valid_end_?	an 2. durumdaki konuma geliyor. Buna göre, $a \cdot b$ çarpımının sonucu kaçtır?
a36cc74f-a429-5934-89cb-fb7886c5e5eb	Aromat 2024 Ayt Fen Bilimleri	27	AROMAT MODELİ	324	ok	valid_end_)	ki toplam basınç kaç mmHg olur? ($27^{\circ}C$'de $P_{H_2O}: 55$ mmHg, KCI: 122)
5ac1239b-df26-5a70-8671-7ebf6147e5e0	Bilgi Sarmalı-2024-Ayt-Logaritmik Diziler	22	Örnek - 25	316	ok	valid_end_?	üplerden her birinin bir ayrıt uzunluğu $b$ cm olacaktır. Buna göre, $b$ kaçtır?
ac1f5d35-6033-56f2-9b27-30f4fe7d61b7	Bilgi Sarmalı-2024-Ayt-Matematik Soru Bankası	143	10	329	ok	valid_end_)	rilenlere göre, tan$ ext{a}$ kaçtır? (Destek çubuklarının kalınlığı önemsizdir.)
4b5d7f9e-2650-5f74-8a1c-a95b296e31c6	Esen Aps Fizik Soru Bankası 3	76	6	336	ok	valid_end_)	 için çizilen grafiklerden hangileri doğru olabilir? (Buharlaşmalar önemsizdir.)
9333ee80-0893-509b-a293-7b761578ff17	Aromat -2023-2024-Matematik Soru Bankası	305	7	464	ok	valid_end_?	nermesi yanlış olduğuna göre, Fidan'ın randevu saati aşağıdakilerden hangisidir?
a08eb9b4-8e79-51c3-8351-96cdd83ca952	Bilgi Sarmalı-2024-Ayt-Matematik Soru Bankası	58	13	370	ok	valid_end_?	ı $(x^2+5x+14) \text{ cm}^2$ olduğuna göre, oluşan bu şeklin çevresi kaç cm'dir?
31836e9b-6e57-526c-8b7e-6d2cc0857d18	Cap Tyt Fizik Soru Bankası 2023 2024	198	13	322	ok	valid_end_?	rcadığı elektrik enerjisi III. Çalışma gerilimi niceliklerinden hangileri artar?
3261aa64-84cc-5f9e-a5e7-f5ed6d91b28a	Fizipedia Tyt Fizik Soru Bankası 2025	168	6	489	ok	valid_end_?	re lambaların parlaklık sıralaması aşağıdakilerden hangisinde doğru verilmiştir?
495273a9-5c47-5473-8ca5-50a4e4844d6d	Aromat 2024 Ayt Fen Bilimleri	39	KILAVUZ SORU	120	ok	valid_end_?	^2$ ve $sp$ hibritleşmesi yapan C atomlarının sayısı aşağıdakilerden hangisidir?
bca3326a-1c3d-503f-b08f-7d4b330abccb	Bilgi Sarmalı-2024-Ayt-Logaritmik Diziler	91	7	211	ok	valid_end_?	te konuluyor. Oluşan şeklin yüksekliği $a^{\log_2 a}$ olduğuna göre, $a$ kaçtır?
230a8d7b-738c-5812-a045-9faa977c5dfb	Aromat 2024 Ayt Fen Bilimleri Model Sorular	48	KILAVUZ SORU	89	ok	valid_end_?	1. durumdan 2. duruma geçen sarkomerle ilgili aşağıdakilerden hangisi yanlıştır?
e6d80fc0-d7ca-5195-9061-33a63bcf58ab	Aromat 2024 Ayt Fen Bilimleri Model Sorular	55	KILAVUZ SORU	128	ok	valid_end_?	şematize edilmiştir. Hangi bölümlerde $NaCl$'nin geri emilim işlemi gerçekleşir?
7e187422-cce7-554d-9496-31ac725c5680	Aromat Tyt Sosyal Bilimler Model Sorular 2023	22	AROMAT MODELİ	138	ok	valid_end_?	miştir. Bu yerlerin hangileri tundra iklimi bölgeleri içerisinde yer almaktadır?
ec3a479f-afa8-5e2d-bd6b-477729a55aae	Bilgi Sarmalı-2024-Ayt-Matematik Soru Bankası	97	10	156	ok	valid_end_?	C|$ olduğuna göre, $g(x)$ parabolünün denklemi aşağıdakilerden hangisi olabilir?
186b770d-b9b2-5e0f-bebe-bdb3cc06016c	Bilgi Sarmalı-2024-Ayt-Matematik Soru Bankası	108	9	165	ok	valid_end_?	araboller B ve D noktalarında kesişmektedirler.  Buna göre, $|AC|$ kaç birimdir?
763fab63-268c-50dd-a7a7-740dbc19e856	Aromat 2024 Ayt Fen Bilimleri Net 30	15	AROMAT MODELİ	356	ok	valid_end_?	iceliklerinden hangilerinin büyüklüklerinin eşit olduğu kesinlikle söylenebilir?
cbccc6fd-f42c-5d09-8231-5cc9bae071f3	Bilgi Sarmalı-2024-Ayt-Matematik Soru Bankası	29	9	259	ok	valid_end_?	dot b| + |b \cdot c| + |c \cdot a|$ işleminin sonucu aşağıdakilerden hangisidir?
54f1b2fa-08e7-57ad-a5cd-430cdde78870	Bilgi Sarmalı-2024-Ayt-Matematik Soru Bankası	38	9	224	ok	valid_end_?	a göre $a, b$ ve $c$ sayıları işaretleri sırasıyla aşağıda- kilerden hangisidir?
cfe8deef-950b-5844-a83b-645689926d93	Bilgi Sarmalı-2024-Ayt-Matematik Soru Bankası	43	11	254	ok	valid_end_?	x)$ polinomudur. $P(x)=4\cdot(2x^2+x+15)$ olduğuna göre, $a+b+c$ toplamı kaçtır?
53a3cf20-9813-5c38-a77d-5680c00007e0	Aromat 2024 Ayt Fen Bilimleri Model Sorular	7	AROMAT MODEL	360	ok	valid_end_)	 göre $x$ kaç metredir? (g = $10 \text{ m/s}^2$ alınız. Sürtünmeler önemsizdir.)
871973bb-15b3-5113-a186-c30a116a8629	Aromat 2024 Ayt Fen Bilimleri Model Sorular	8	KILAVUZ SORU	343	ok	valid_end_)	a $T_1$, $T_2$, $T_3$ arasındaki büyüklük ilişkisi nedir? ($\sin30^\circ = 0,5$)
ac460409-b3fa-5915-858f-5c366d063a9f	Aromat 2024 Ayt Fen Bilimleri Model Sorular	15	AROMAT MODELİ	356	ok	valid_end_?	iceliklerinden hangilerinin büyüklüklerinin eşit olduğu kesinlikle söylenebilir?
148e3c58-9dfc-5c95-8845-2bb09e1443e7	Bilgi Sarmalı-2024-Tyt Problemler Soru Bankası	79	ÖRNEK - 6	186	ok	valid_end_?	. $x = 2$ II. $y = 6$ III. $\alpha = 45^\circ$ ifadelerinden hangileri doğrudur?
3cd4e2b3-8665-5cf5-a58e-a847d0f3f4cf	Bilgi Sarmalı-2024-Ayt-Matematik Soru Bankası	181	13	149	ok	valid_end_?	AB| = \log_x 27$ br, $|DC| = \log_x 256$ olduğuna göre, $|BD| = x$ kaç birimdir?
43f5dd4a-ad83-55d7-a0e8-7333fe79dcbe	Aromat 2024 Ayt Fen Bilimleri	48	KILAVUZ SORU	151	ok	valid_end_?	1. durumdan 2. duruma geçen sarkomerle ilgili aşağıdakilerden hangisi yanlıştır?
427aeafc-3276-55b3-aa9c-1535ceaa58b2	Aromat 2024 Ayt Fen Bilimleri	50	AROMAT MODELİ	297	ok	valid_end_?	 rastlanabilecek sindirim ürünleri ile ilgili aşağıdakilerden hangisi yanlıştır?
3f603b39-a078-5264-8e8b-dbc90a00e794	Bilgi Sarmalı-2025-Ayt-Matematik Soru Bankası	12	2	226	ok	valid_end_?	ünmesi istenmektedir. Buna göre, bu küreler kaç farklı şekilde sıralanabilirler?
465b009f-9335-5ce4-84bb-7d5512853cb4	Bilgi Sarmalı-2025-Ayt-Matematik Soru Bankası	12	3	537	ok	valid_end_?	köşelerinin yerden yükseklikleri birbirine eşit olduğuna göre, $h$ kaç birimdir?
8141e537-f7aa-579c-bd63-746adb252e6b	Bilgi Sarmalı-2025-Ayt-Matematik Soru Bankası	12	5	426	ok	valid_end_?	erçevenin Şekil-II'deki en altta bulunan köşesinin yerden yüksekliği kaç cm'dir?
2698d9fc-6d59-512e-ae84-f0d2e3d7925c	Bilgi Sarmalı-2025-Ayt-Matematik Soru Bankası	12	6	376	ok	valid_end_?	 Buna göre; kırmızı kutunun hacmi, mavi kutunun hacminden kaç birimküp fazladır?
3ac49f40-eb10-525b-bb4d-dffe5b2e16dc	Bilgi Sarmalı-2025-Ayt-Matematik Soru Bankası	12	7	493	ok	valid_end_?	\text{ birim}$ olduğuna göre, kırmızı küpün bir ayrıtının uzunluğu kaç birimdir?
313a2b9f-3779-5cec-9c8c-8d9e2564edf0	Bilgi Sarmalı-2024-Ayt-Matematik Soru Bankası	196	13	286	ok	valid_end_?	 - |AB| = \frac{1}{2}$ birim olduğuna göre, $\log_2 a$ ifadesinin değeri kaçtır?
896c979a-ac72-5010-b8ca-064c9b7ebed9	Aromat 2024 Ayt Fen Bilimleri	53	KILAVUZ SORU	53	ok	valid_end_?	Alveollerle ilgili aşağıdakilerden hangisi yanlıştır?
9d345c50-838a-5a6d-9faf-570489be965e	Bilgi Sarmalı-2024-Ayt-Matematik Soru Bankası	143	11	111	ok	valid_end_?	 dört eş dikdörtgene bölünmüştür. Şekilde verilenlere göre, tan$ ext{a}$ kaçtır?
bf91c3fd-5c39-5d84-a360-12eb72d8f9ed	Bilgi Sarmalı-2024-Ayt-Matematik Soru Bankası	143	13	138	ok	valid_end_?	| ext{BE}| = 2$ cm, $m( ext{BDE}) = x$. Yukarıdaki verilere göre, tan$x$ kaçtır?
3ba8df2d-de90-504e-a8a1-47477cc8856d	Aktif Ogrenme 2025 Tyt Fizik Soru Bankası	130	Örnek: 6	293	ok	valid_end_?	uğu anda dengelenmiş kuvvetlerin etkisindedir. yargılarından hangileri doğrudur?
686dd353-ac97-5952-bfbd-0879cada4e5d	Aromat 2024 Ayt Fen Bilimleri Net 30	29	AROMAT MODELİ	203	ok	valid_end_?	ıda verilmiştir. Verilen bilgilere göre aşağıdaki ifadelerden hangisi yanlıştır?
c10f6ee8-4c4a-5f76-ac2e-89107cdcc132	Bilgi Sarmalı-2023-2024-Ayt-Matematik Soru Bankası	155	16	362	ok	valid_end_?	noktanın yerden en yüksek noktaya çıkması için en az kaç saniye geçmesi gerekir?
4042da4c-9a96-54a1-a119-d82116d90b07	Aktif Ogrenme 2025 Tyt Fizik Soru Bankası	275	Örnek 36	246	ok	valid_end_?	h_Y$ ve $h_Z$ arasındaki ilişki aşağıdakilerden hangisinde doğru gösterilmiştir?
9e018f86-fd4f-5ba0-adc9-94d67b10fa8b	Aromat 2024 Ayt Fen Bilimleri Net 30	56	AROMAT MODELİ	94	ok	valid_end_?	işi bir insanda, verilen yapılarından hangilerinden östrojen hormonu salgılanır?
4585ab68-9109-5402-853d-dd716caab0d9	Aramot Tyt 2023 Fen Bilimleri Model Sorular	19	M AROMAT MODELİ	256	ok	valid_end_?	 II. genlik, III. frekans niceliklerinden hangileri L dalgasınınkinden büyüktür?
4d022387-1af3-52fc-9073-6e7ef69750c5	Bilgi Sarmalı-2024-Ayt-Matematik Soru Bankası	166	7	166	ok	valid_end_?	e $|BC|=(1+\cos 24^{\circ})$ birimdir.  Buna göre, $|AC|$ uzunluğu kaç birimdir?
4a0874a3-9199-566f-ae4e-7c2ea1f18b2f	Aktif Ogrenme 2025 Tyt Fizik Soru Bankası	73	Soru: 6	156	ok	valid_end_?	Buna göre, cisimlerin özkütleleri $d_X$, $d_Y$ ve $d_Z$ arasındaki ilişki nedir?
c69a97c8-759d-59e6-b755-8b9be6ee32af	Bilgi Sarmalı-2024-Ayt-Matematik Soru Bankası	351	10	178	ok	valid_end_?	 $\int_{-1}^{2} |x^2 \cdot f'(x) - 2x \cdot f(x)|dx$ integralinin değeri kaçtır?
e889f294-15fb-53bd-b75a-5a323538f3e5	Bilgi Sarmalı-2024-Ayt-Matematik Soru Bankası	365	11	93	ok	valid_end_?	x)$ fonksiyonu verilmiştir. $\int_{-5}^{5} f'(x) dx$ integralinin değeri kaçtır?
a0717f09-82f4-5d47-adeb-ea2dfbf72c33	Bilgi Sarmalı-2024-Ayt-Matematik Soru Bankası	246	9	242	ok	valid_end_?	{x \to x_0^-} f(x)$ biçiminde tanımlanıyor. Buna göre, $(gof)(2)$ değeri kaçtır?
c957c5fa-9c4e-5bbc-9e71-3f2e0502551f	Bilgi Sarmalı-2024-Ayt-Matematik Soru Bankası	246	7	207	ok	valid_end_?	)(x) = 1$ III. $\lim_{x \to 2^-} (fof)(x) = 1$ ifadelerinden hangileri doğrudur?
3d64e0d1-3ca4-59cf-bef0-b114455eb022	Bilgi Sarmalı-2024-Ayt-Matematik Soru Bankası	268	11	181	ok	valid_end_?	= \lim_{x \to a} f(x)$'dir. Buna göre, $a$ tam sayısı kaç farklı değer alabilir?
fb0373c6-e12d-5920-ac43-e262d076894d	Bilgi Sarmalı-2024-Ayt-Matematik Soru Bankası	325	8	378	ok	valid_end_?	den alanı en büyük olanın $x$-ekseni üzerindeki kenarının uzunluğu kaç birimdir?
466588b3-42b3-5101-ad47-5a60f41d1186	Bilgi Sarmalı-2024-Tyt Problemler Soru Bankası	59	ÖRNEK - 5	146	ok	valid_end_?	e 30 kilogram su katılıyor. Son durumda oluşan karışımın şeker oranı % kaç olur?
bc2ed585-12b8-54bc-9e34-5e29936be584	Bilgi Sarmalı-2024-Tyt Problemler Soru Bankası	69	ÖRNEK - 8	219	ok	valid_end_?	a ilk kez E noktasında karşılaşırlar. Buna göre, $\frac{V_1}{V_2}$ oranı kaçtır?
ec79ed49-dee0-5d43-8c55-986d0c563f73	Bilgi Sarmalı-2024-Tyt Problemler Soru Bankası	72	10	215	ok	valid_end_?	göre, aynı anda harekete başlayan Leyla ile Mecnun kaç saat sonra karşılaşırlar?
0bd150f2-c888-546f-88cc-80639729585b	Bilgi Sarmalı-2024-Tyt Problemler Soru Bankası	72	10	290	ok	valid_end_?	öre, aynı anda harekete başlayan Leyla ile Mec-nun kaç saat sonra karşılaşırlar?
450065bd-4e64-5773-9da5-ba5f7a4043ed	Bilgi Sarmalı-2025-Ayt-Matematik Soru Bankası	264	7	271	ok	valid_end_?	(4-x) = 0$ IV. $\lim_{x \to -2^+} f(3x+1) = 6$ ifadelerinden hangileri doğrudur?
c33291f8-53ec-58a4-8e0e-69aa5db189b5	Bilgi Sarmalı-2025-Ayt-Matematik Soru Bankası	96	11	271	ok	valid_end_?	$g(x) - h(x) < 0$ eşitsizlik sisteminin çözüm kümesi aşağıdakilerden hangisidir?
6082ecab-c8fe-5cef-83f0-7ef1cc9705c6	Aromat Ayt 2023 2024 Fizik Soru Bankası	223	7	476	ok	valid_end_?	süresinin sonunda K ve L uydularının konumları aşağıdakilerden hangisi olabilir?
3eb88620-34db-5d83-bba9-cdded854a8f1	Cap Ayt Fizik Soru Bankası 2023 2024	206	31	467	ok	valid_end_?	ksel kuvvvetlere karşı pozitif iş yapılmıştır. yargılarından hangileri doğrudur?
cdc7a011-5f8a-5614-8a58-883e83145ee8	Bilgi Sarmalı-2025-Ayt-Matematik Soru Bankası	321	10	400	ok	valid_end_?	I. $\lim_{x \to \infty} \frac{g(x)}{h(x)} = b$ ifadelerinden hangileri doğrudur?
e31c84d0-e7b7-5054-882b-38c879e10208	Aromat Ayt 2024 Fen Bilimleri Model Sorular Net 30	6	KILAVUZ SORU	314	ok	valid_end_)	tir? ($g = 10 \text{ m/s}^2$ alınız; $\sin53^\circ = 0.8$; $\cos53^\circ = 0.6$)
e90c7f0c-5570-5232-9c11-6d6ad19fb633	Bilgi Sarmalı-2025-Ayt-Matematik Soru Bankası	115	10	180	ok	valid_end_?	geni verilmiştir. $BC=4-DC$ Yukarıdaki verilere göre, Alan(ABCD) kaç $br^2$ dir?
d0e219cb-e6ea-50ed-8a77-db3eb0d78101	Bilgi Sarmalı-2025-Ayt-Matematik Soru Bankası	351	10	178	ok	valid_end_?	liniyor. Buna göre, $f$ fonksiyonunun grafiği grafiklerinden hangileri olabilir?
d1db3a37-31a0-50bb-98c7-834e38e231f0	Aromat Ayt 2024 Fen Bilimleri Model Sorular Net 30	32	KILAVUZ SORU	363	ok	valid_end_?	ur. III. $X^-$ $Y^-$'den daha kuvvetli bazdır. yargılarından hangileri doğrudur?
1f86eeb1-a50e-5d7f-8e0a-8ceba137e538	Bilgi Sarmalı-2025-Ayt-Matematik Video Ders Kitabı	273	BİRLİKTE ÇÖZELİM - 14	218	ok	valid_end_?	isleri sırasıyla $a$ ve $b$ olduğuna göre, $f(a)+f(b)$ toplamının değeri kaçtır?
c240b16a-036b-5ecd-bfa8-9b966966453b	Bilgi Sarmalı-2025-Ayt-Matematik Video Ders Kitabı	315	BİRLİKTE ÇÖZELİM - 12	326	ok	valid_end_?	boyalı bölgenin alanının yeşil boyalı bölgenin alanından kaç birimkare fazladır?
b36696ce-6683-584d-9d68-f039eba2de06	Bilgi Sarmalı-2025-Tyt Ayt-Geometri Soru Bankası	18	7.	208	ok	valid_end_?	 45^\circ$. Yukarıdaki verilere göre, $m(\widehat{CBA}) = \alpha$ kaç derecedir?
69bacd71-30aa-5b46-9ec5-e621da304a86	Aromat Ayt 2024 Fen Bilimleri Model Sorular Net 30	50	AROMAT MODELİ	127	ok	valid_end_?	lar numaralandırılmıştır. Bu yapılarla ilgili aşağıdakilerden hangisi yanlıştır?
199c6bbc-4064-55aa-a1ff-f043305b9992	Bilgi Sarmalı-2025-Tyt Ayt-Geometri Soru Bankası	38	5.	300	ok	valid_end_?	t{CKF}) = 55^\circ$. Yukarıdaki verilere göre, $m(\widehat{ABC})$ kaç derecedir?
db904600-9396-5fa7-b2a9-7c199411f120	Bilgi Sarmalı-2025-Tyt Ayt-Geometri Soru Bankası	44	6.	124	ok	valid_end_?	 $|AC| = 17$ cm, $|DC| = 15$ cm Yukarıdaki verilere göre, $|BD| = x$ kaç cm'dir?
d7c8d494-105b-5459-bbd1-d5bb5a7b9241	Bilgi Sarmalı-2025-Tyt Ayt-Geometri Soru Bankası	50	7.	138	ok	valid_end_?	=|DC|$, $|AD|=3$ cm, $|EC|=5$ cm. Yukarıdaki verilere göre, $|BE|=x$ kaç cm'dir?
10f864e2-4711-59d1-8beb-228ca0a23135	Bilgi Sarmalı-2025-Tyt Ayt-Geometri Soru Bankası	52	8	616	ok	valid_end_?	direğinin uzunluğu Şekil 1'deki bağlantı direğinin uzunluğundan kaç cm fazladır?
b0a128a2-ad85-5f65-a7b5-d9ac72ecb5a5	Bilgi Sarmalı-2025-Tyt Ayt-Geometri Soru Bankası	66	7.	170	ok	valid_end_?	{ECB})$, $|AB| = 6$ birim, $|AE| = 4$ birim. Buna göre, $|EC| = x$ kaç birimdir?
d863d9ab-7c14-504a-af90-4c51a621b215	Bilgi Sarmalı-2025-Tyt Ayt-Geometri Soru Bankası	68	7.	134	ok	valid_end_?	 $[DF] = 6\sqrt{3}$ birim, $[CE] = 4$ birim. Buna göre, $[DE] = x$ kaç birimdir?
2fe4fc05-a75b-5723-8588-cbd499587833	Bilgi Sarmalı-2025-Tyt Ayt-Geometri Soru Bankası	82	7.	140	ok	valid_end_?	ıortay, $|EC|=3$ cm, $|AD|=5$ cm. Yukarıdaki verilere göre, $|BC|=x$ kaç cm'dir?
057f90b9-9c20-5070-81f5-7b05f1f5f8bc	Bilgi Sarmalı-2025-Tyt Ayt-Geometri Soru Bankası	84	7.	132	ok	valid_end_?	lel[BC]$, $|BD|=|DC|$, $|FG|=2$ cm. Yukarıdaki verilere göre, $|AD|$ kaç cm'dir?
f366dd83-8d15-5b50-a0c7-ce4d377dcf7e	Bilgi Sarmalı-2025-Tyt Ayt-Geometri Soru Bankası	86	7.	203	ok	valid_end_?	 cm, $|BD| = 10$ cm. Yukarıdaki verilere göre, DKC üçgeninin çevresi kaç cm'dir?
798012fc-a891-5aa1-9212-9d9f4cd74660	Bilgi Sarmalı-2025-Tyt Ayt-Geometri Soru Bankası	88	8.	176	ok	valid_end_?	]$, $[KD] = 15$ cm, $[DC] = 20$ cm, $[EB] = 7$ cm. Buna göre, $|KE|$ kaç cm'dir?
e79ef376-ece5-5445-bc0f-12d96548553f	Bilgi Sarmalı-2025-Tyt Ayt-Geometri Soru Bankası	98	5	538	ok	valid_end_?	 ext{o}$ olduğuna göre, kırmızı ile siyah şeritler arasındaki açı kaç derecedir?
f5f56be8-2e19-50e7-8094-376ba07ada90	Bilgi Sarmalı-2025-Tyt Ayt-Geometri Soru Bankası	104	8.	170	ok	valid_end_?	 birim, $|AC| = 9$ birim, $|BC| = 15$ birim. Buna göre, $|AB| = x$ kaç birimdir?
8ee0778d-f0c3-54b0-a202-bec8934d1de5	Bilgi Sarmalı-2025-Tyt Ayt-Geometri Soru Bankası	106	8.	135	ok	valid_end_?	{ABC})$, $|AD| = 5$ birim, $|DB| = 3$ birim. Buna göre, $|AC| = x$ kaç birimdir?
94c4f34b-30af-5306-a988-46b3f74a7652	Bilgi Sarmalı-2025-Tyt Ayt-Geometri Soru Bankası	110	6.	125	ok	valid_end_?	C| = 5|FC|$, $|FK| = 4$ cm, $|DE| = x$ cm. Yukarıdaki verilere göre, $x$ kaçtır?
35cb6f85-007e-5e61-af39-9adaa9cc8818	Bilgi Sarmalı-2025-Ayt-Matematik Soru Bankası	201	14	168	ok	valid_end_?	Buna göre, bu öğrenci bu işlemleri yaparken ilk kez hangi adımda hata yapmıştır?
90da9a96-0cd5-5e1c-a20e-3e33be95560e	Bilgi Sarmalı-2025-Tyt Ayt-Geometri Soru Bankası	128	8	140	ok	valid_end_?	$ cm, $|AB|=16$ cm, $|AC|=32$ cm. Yukarıdaki verilere göre, $|DE|=x$ kaç cm'dir?
4d3da75f-68e6-5784-9b81-965b0848c298	Bilgi Sarmalı-2025-Tyt Ayt-Geometri Soru Bankası	130	7.	135	ok	valid_end_?	2}=10$ cm, Alan$(DEC)=30$ cm$^2$. Yukarıdaki verilere göre, $|AB|=x$ kaç cm'dir?
8e418ee5-9961-54bb-85a8-97b52388f250	Bilgi Sarmalı-2025-Tyt Ayt-Geometri Soru Bankası	130	11.	132	ok	valid_end_?	irc}$, $|AB|=6$ birim, $|BC|=12$ birim. Buna göre, Alan$(BDC)$ kaç birimkaredir?
b12a77b4-58c7-53d6-83fe-cdaf4f5f6396	Bilgi Sarmalı-2025-Tyt Ayt-Geometri Soru Bankası	134	7.	185	ok	valid_end_?	. Yukarıdaki verilere göre, AGC üçgensel bölgesinin alanı kaç $\text{cm}^2$ dir?
dd542b73-7853-554c-bdef-a93874f4d63d	Bilgi Sarmalı-2025-Ayt-Matematik Soru Bankası	207	11.	271	ok	valid_end_?	|CD|-|AB|=\frac{1}{2}$ birim olduğuna göre, $\log_2 a$ ifadesinin değeri kaçtır?
372ba50e-b3a5-5ef8-aa95-114621bdeee3	Esen Ayt Tarih Soru Bankası	148	9	169	ok	valid_end_?	politikalarının dayandığı çevre ilkeleri, aşağıdakilerin hangisinde verilmiştir?
346e6a5e-86fa-5994-a978-1d9a1b9bd37d	Bilgi Sarmalı-2025-Tyt Ayt-Geometri Soru Bankası	154	5.	411	ok	valid_end_?	$|A'F|$ uzunluklarının cm cinsinden doğru sıralanışı aşağıdakilerden hangisidir?
4b73936d-6016-51ec-a81f-d50187421a86	Bilgi Sarmalı-2025-Tyt Ayt-Geometri Soru Bankası	184	7.	148	ok	valid_end_?	$ cm, $|FE| = 6$ cm. Yukarıdaki verilere göre, $|AF| + |BF|$ toplamı kaç cm'dir?
23bade22-2bf1-500f-8a2f-28d75c204593	Bilgi Sarmalı-2025-Tyt Ayt-Geometri Soru Bankası	186	8.	191	ok	valid_end_?	^2$ dir. Yukarıdaki verilere göre, $ABCD$ paralelkenarının alanı kaç $cm^2$ dir?
c27ae6b6-5b41-5e37-918a-3202064e3b41	Bilgi Sarmalı-2025-Tyt Ayt-Geometri Soru Bankası	194	5.	503	ok	valid_end_?	uğuna göre, I. şekildeki mukavvanın görünen yüzünün alanı kaç $\text{cm}^2$ dir?
d55e096b-df4a-5cbb-81c9-efe472a6c334	Bilgi Sarmalı-2025-Tyt Ayt-Geometri Soru Bankası	202	7.	167	ok	valid_end_?	[AB] \perp [AD]$. Yukarıdaki verilere göre, ABCD deltoidinin çevresi kaç cm'dir?
01bea2b5-b881-5e4c-8181-bef3de4fdad1	Bilgi Sarmalı-2025-Tyt Ayt-Geometri Soru Bankası	206	5	163	ok	valid_end_?	[AB] = 6\sqrt{2}$ cm. Yukarıdaki verilere göre, $A(ABCD)$ kaç $\text{cm}^2$ dir?
104f57d3-5056-5c00-8a9c-b6a734abb959	Bilgi Sarmalı-2025-Tyt Ayt-Geometri Soru Bankası	244	7.	137	ok	valid_end_?	[AC]$. $|AD|=4$ cm, $|BC|=12$ cm. Yukarıdaki verilere göre, $|AB|=x$ kaç cm'dir?
95b1b417-4479-54ad-89e6-0fcc6763ad60	Bilgi Sarmalı-2025-Tyt Ayt-Geometri Soru Bankası	266	8.	152	ok	valid_end_?	circ$, $m(\text{CDA})=\alpha$. Yukarıdaki verilere göre, $\alpha$ kaç derecedir?
68ee6146-94c5-5515-b3a7-f961413254dc	Bilgi Sarmalı-2025-Tyt Ayt-Geometri Soru Bankası	292	5	163	ok	valid_end_?	arı doğrusaldır. $|AD|=10$ cm ve $|DB|=6$ cm olduğuna göre, $|DC|=x$ kaç cm dir?
eb6a0fef-b1a2-54ea-b840-a219b0191ad8	Bilgi Sarmalı-2025-Ayt-Matematik Soru Bankası	173	11	162	ok	valid_end_?	, $|EA| = 1$ cm, $|BE| = 3$ cm. Buna göre, $\tan (\widehat{AEC})$ değeri kaçtır?
5453ee15-2723-54bd-a788-a325b0c93038	Aktif Ogrenme 2025 Tyt Fizik Soru Bankası	73	Örnek 6	153	ok	valid_end_?	Buna göre, cisimlerin özkütleleri $d_X$, $d_Y$ ve $d_Z$ arasındaki ilişki nedir?
d16254ba-0b16-52fa-b92e-07baa01b0237	Bilgi Sarmalı-2025-Tyt Ayt-Geometri Soru Bankası	310	5	404	ok	valid_end_?	erin birer ucu A ve B noktalarına gelmektedir. Buna göre, $|AB|=x$ kaç birimdir?
6f030d6b-2671-5c31-a06e-4856d58a37fc	Bilgi Sarmalı-2025-Ayt-Matematik Soru Bankası	137	9	207	ok	valid_end_?	 $120^\circ$ olmaktadır. Şekilde verilenlere göre, $\sin(\widehat{DBA})$ kaçtır?
b0a0f71e-6d91-572f-b730-825892ca268b	Bilgi Sarmalı-2025-Tyt-Matematik Soru Bankası	10	BİLGİ SARMAL	226	ok	valid_end_?	ünmesi istenmektedir. Buna göre, bu küreler kaç farklı şekilde sıralanabilirler?
82d1aa30-8d4e-5ba6-a0dc-ee03f73cf623	Bilgi Sarmalı-2025-Tyt-Matematik Soru Bankası	10	BİLGİ SARMAL	398	ok	valid_end_?	erçevenin Şekil-II deki en altta bulunan köşesinin yerden yüksekliği kaç cm dir?
e2c1fe39-d0fe-58c0-a2cf-45ba191ece0b	Bilgi Sarmalı-2025-Tyt-Matematik Soru Bankası	10	TYT	350	ok	valid_end_?	 Buna göre; kırmızı kutunun hacmi, mavi kutunun hacminden kaç birimküp fazladır?
a302445d-30f5-5902-8ffc-5777163e7208	Bilgi Sarmalı-2025-Tyt-Matematik Soru Bankası	10	BİLGİ SARMAL	312	ok	valid_end_?	amı $16$ birim olduğuna göre, kırmızı küpün bir ayrıtının uzunluğu kaç birimdir?
a2ef4461-8e9b-540c-bdcf-e9846151359b	Bilgi Sarmalı-2025-Ayt-Matematik Soru Bankası	147	9	208	ok	valid_end_?	C}) = 30^\circ$  olduğuna göre, $\sin\alpha$ değeri aşağıdakilerden hangisi-dir?
1b6c696e-b7ac-54c3-a80f-abe10f24dfd6	Bilgi Sarmalı-2025-Ayt-Matematik Soru Bankası	276	10	283	ok	valid_end_?	una göre, $a, b$ ve $c$ sayılarının doğru sıralanışı aşağıdakilerden hangisidir?
5f81d4d1-a122-51ad-ad98-0fedfad6b321	Aromat 2024 Ayt Fen Bilimleri Model Sorular	12	AROMAT MODELİ	502	ok	valid_end_?	m arttırılırsa çerçevenin dönme hızı değişmez. yargılarından hangileri doğrudur?
affb29fb-a026-50ab-91d3-a564a68c4f32	Bilgi Sarmalı-2025-Ayt-Matematik Soru Bankası	339	13	399	ok	valid_end_?	eki en küçük gerçek sayı $k$ olduğuna göre $10 \cdot k$ işleminin sonucu kaçtır?
6218c736-cda1-5468-a4b2-7565265e71da	Aromat 2024 Ayt Fen Bilimleri	10	KILAVUZ SORU	279	ok	valid_end_?	$, $q_2$, $q_3$ yüklerinden hangilerinin negatif olduğu kesinlikle söylenebilir?
6574807d-9d58-5a8b-b9c9-6ab7de746950	Aktif Ogrenme 2025 Tyt Fizik Soru Bankası	266	Örnek: 22	336	ok	valid_end_?	nın eğrilik yarıçapı III. Işık şiddeti niceliklerinden hangileri artırılmalıdır?
451624fd-5c28-5c9a-88ce-71bb37a296f3	Bilgi Sarmalı-2025-Ayt-Matematik Soru Bankası	349	10	155	ok	valid_end_?	miştir. Buna göre, $\int_{-1}^2 (f'(x)+2x-|f(x)|)dx$ integralinin değeri kaçtır?
949fdc27-378d-521f-af82-041a8e83f9cc	Bilgi Sarmalı-2025-Ayt-Matematik Soru Bankası	371	10	237	ok	valid_end_?	}$ olduğuna göre, $[0, 10]$ aralığında $f$ fonksiyonunun kaç farklı kökü vardır?
b660124c-5f78-582a-b96d-3b0738c9f512	Aromat-2023-Tyt-Matematik Net 30	28	AROMAT MODELİ	228	ok	valid_end_?	 $f(a) - f(g(a)) < 0$ şartını sağlayan $a$ tam sayı değerlerinin toplamı kaçtır?
4e5e1b58-098d-5eab-ae19-32a2492cd17d	Bilgi Sarmalı-2025-Tyt-Matematik Soru Bankası	212	8	463	ok	valid_end_?	tapların raf zeminine temas ettikleri kısımların toplam uzunluğu kaç birim olur?
db31c72a-4236-5e96-bab5-7bea5b35ae44	Bilgi Sarmalı-2025-Ayt-Matematik Soru Bankası	299	22	172	ok	valid_end_?	rilmiştir. $x>0$ olmak üzere $g(3x^2+1)=x^2-f(x)$ olduğuna göre, $g'(0)$ kaçtır?
d78665b2-4bdd-57e0-927f-6a06c9a690f7	Esen Tyt Ayt Geometri Soru Bankası	159	9.	144	ok	valid_end_?	$|DE| = |D'C'| = 2|EC'|$, $|EC'| = 5$ birimdir. Buna göre, $|CC'|$ kaç birimdir?
4188af29-b534-52d0-b208-30a21cb331c5	Bilgi Sarmalı-2025-Tyt-Matematik Soru Bankası	306	7	476	ok	valid_end_?	erinin yerine yazılabilecek rakamlar sırasıyla aşağıdakilerden hangisi olabilir?
0e91fb34-ea23-5615-b350-69d64fd13ed5	Bilgi Sarmalı-2025-Tyt Ayt-Geometri Soru Bankası	48	9.	185	ok	valid_end_?	DE] = 6$ birim, $|AB| = |AC| = 5\sqrt{3}$ birim. Buna göre, $|BD|$ kaç birimdir?
596f50ca-579c-5a0d-b03f-ec83acc1dbfe	Bilgi Sarmalı-2025-Tyt Ayt-Geometri Soru Bankası	50	9.	170	ok	valid_end_?	0$ cm, $|DC|=7$ cm, $|BC|=14$ cm. Yukarıdaki verilere göre, $|AB|=x$ kaç cm'dir?
7ff7df7f-64df-5f3e-8d63-64e13c1e4e4d	Bilgi Sarmalı-2025-Tyt Ayt-Geometri Soru Bankası	64	8.	110	ok	valid_end_?	, $|AB|=|AD|$, $|BD|=4$ birim, $|DC|=6$ birim. Buna göre, $|AC|=x$ kaç birimdir?
488e86ac-1cad-529a-8e42-eb3991930311	Bilgi Sarmalı-2025-Tyt Ayt-Geometri Soru Bankası	64	12.	178	ok	valid_end_?	135^{\circ}$. Yukarıdaki verilere göre, $m(\widehat{ADC})=\alpha$ kaç derecedir?
ca11ecb5-58d8-5053-9067-d7cf3f9e9bcf	Bilgi Sarmalı-2025-Tyt Ayt-Geometri Soru Bankası	66	8.	184	ok	valid_end_?	= |KC|$, $|BD| = 6$ birim, $|FC| = 4$ birim. Buna göre, $|DF| = x$ kaç birimdir?
6ab9b020-039a-567e-863f-7a8fa7085e67	Bilgi Sarmalı-2025-Tyt Ayt-Geometri Soru Bankası	66	10.	170	ok	valid_end_?	, $|DE| = 8$ cm, $|EF| = 6$ cm. Yukarıdaki verilere göre, $|AH| = x$ kaç cm'dir?
7404e720-347d-5e49-927e-56f8f38502df	Bilgi Sarmalı-2025-Tyt Ayt-Geometri Soru Bankası	66	9.	139	ok	valid_end_?	| = |KC|$, $|AH| = 24$ cm, $|HC| = x$. Yukarıdaki verilere göre, $x$ kaç cm'dir?
5e816a53-d764-58f2-b44d-8f0d86e99dd2	Bilgi Sarmalı-2025-Tyt Ayt-Geometri Soru Bankası	68	9.	146	ok	valid_end_?	\widehat{DBC})$, $[EC] = 2$ cm. Yukarıdaki verilere göre, $[BD] = x$ kaç cm'dir?
ca70daa1-92f6-56b1-b90c-ca13d7568b87	Bilgi Sarmalı-2025-Tyt Ayt-Geometri Soru Bankası	68	10.	155	ok	valid_end_?	$[HD] = 1$ cm, $2[BC] = 3[CE]$. Yukarıdaki verilere göre, $[DE] = x$ kaç cm'dir?
9efd2382-a7d5-58bc-8a76-64bd6a173d90	Bilgi Sarmalı-2025-Tyt Ayt-Geometri Soru Bankası	76	7.	141	ok	valid_end_?	|=|EC|$, $|AE|=4$ cm, $|ED|=2$ cm Yukarıdaki verilere göre, $|AB|=x$ kaç cm'dir?
a3d8221c-cbd8-5503-90d8-b493c2ad9556	Bilgi Sarmalı-2025-Tyt Ayt-Geometri Soru Bankası	88	10.	199	ok	valid_end_?	AC]$, $[BK] = 6$ cm, $[LC] = 4$ cm. Yukarıdaki verilere göre, $|DE|$ kaç cm'dir?
47340ea9-62e5-51ec-994c-77fc2c2650bc	Bilgi Sarmalı-2025-Tyt Ayt-Geometri Soru Bankası	88	11.	194	ok	valid_end_?	 6$ cm, $[LC] = 4$ cm. Yukarıdaki verilere göre, $|DK| - |DL|$ farkı kaç cm'dir?
523287a0-5939-51b4-8045-07f46a10fed2	Bilgi Sarmalı-2025-Tyt Ayt-Geometri Soru Bankası	132	10.	186	ok	valid_end_?	= 36 \text{ cm}^2$. Yukarıdaki verilere göre, Alan$(CEF)$ kaç $\text{cm}^2$ dir?
cb1e0485-9485-5cad-acdd-f77538cdd167	Bilgi Sarmalı-2025-Tyt Ayt-Geometri Soru Bankası	132	11.	190	ok	valid_end_?	Şekilde Alan$(ADE) = \frac{9}{7}$ olduğuna göre, $\frac{h_1}{h_2}$ oranı kaçtır?
003c1497-0fdb-5bda-af32-7ed425deb8dd	Bilgi Sarmalı-2025-Tyt Ayt-Geometri Soru Bankası	134	8.	188	ok	valid_end_?	 $|DC|=6\sqrt{2}$ cm. Yukarıdaki verilere göre, Alan(BDC) kaç $\text{cm}^2$ dir?
56cb2202-c3d5-505e-afcd-d49755e48483	Aromat-2023-Ayt-Matematik Soru Bankası	260	15	132	ok	valid_end_?	irimdir. Buna göre, $\lim_{\alpha \to 0^+} \frac{1-|DB|}{2-|AC|}$ değeri kaçtır?
372668d7-8f4a-5cec-93c9-ca2002c98be1	Bilgi Sarmalı-2025-Tyt Ayt-Geometri Soru Bankası	134	9.	144	ok	valid_end_?	Alan(ADF) = Alan(FEC). Yukarıdaki verilere göre, $|CE|=x$ kaç $\text{cm}^2$ dir?
61bb91ef-05df-529c-a1fc-1a4a0c898b8e	Bilgi Sarmalı-2025-Tyt Ayt-Geometri Soru Bankası	134	10.	209	ok	valid_end_?	]=2$ cm, $|AD|=5$ cm. Yukarıdaki verilere göre, Alan(ADB) kaç $\text{cm}^2$ dir?
76e530be-d845-5362-8891-305178e03ab9	Bilgi Sarmalı-2025-Tyt Ayt-Geometri Soru Bankası	134	11.	181	ok	valid_end_?	llel [AC]$. Buna göre, $\frac{\text{Alan(GDF)}}{\text{Alan(ABC)}}$ oranı kaçtır?
a376a3ca-ac18-5015-b5db-2166ecef8b54	Bilgi Sarmalı-2025-Tyt Ayt-Geometri Soru Bankası	20	8	180	ok	valid_end_?	c}, m(\widehat{BKE}) = \alpha$ Yukarıdaki verilere göre, $\alpha$ kaç derecedir?
f867a510-4bdd-57b9-a0ed-e610f9bd0bf8	Bilgi Sarmalı-2025-Tyt Ayt-Geometri Soru Bankası	30	12.	114	ok	valid_end_?	|EC|$, $m(\text{DAE}) = 48^\circ$. Buna göre, BAC açısının ölçüsü kaç derecedir?
582084ce-f90f-5af2-ae01-8132055208e5	Bilgi Sarmalı-2025-Tyt Ayt-Geometri Soru Bankası	34	8	151	ok	valid_end_?	C})=40^\circ$ Yukarıdaki verilere göre, $m(\widehat{DEB})=\alpha$ kaç derecedir?
c5c36075-e6bd-5014-aa2f-5d319f27e040	Bilgi Sarmalı-2025-Tyt Ayt-Geometri Soru Bankası	46	9.	179	ok	valid_end_?	cm, $|EF|=5$ cm, $|FC|=1$ cm. Buna göre, $|AE|^2+|DF|^2$ toplamı kaç $cm^2$ dir?
67985bcd-8728-5cc5-be83-34e1a18b5d90	Apotemi 2019 2020 Tyt Ayt Fizik Soru Bankası	110	6	184	ok	valid_end_?	gerilme kuvveti $T=7P$ olduğuna göre, makaralardan birinin ağırlığı kaç $P$ dir?
6977f6d9-cc69-5b11-8519-d49a1924cc42	Aktif Ogrenme 2025 Tyt Fizik Soru Bankası	293	Örnek : 53	434	ok	valid_end_?	gelen ışınları toplayacak biçimde kırmaktadır. yorumlarından hangileri doğrudur?
6ea5367b-afca-50b2-b404-ba5eba6689f7	Aktif Ogrenme 2025 Tyt Fizik Soru Bankası	273	Örnek 34	227	ok	valid_end_?	tablo oluşturulmuştur. Buna göre, kutulardaki aynanın türü için ne söylenebilir?
72e06fa7-cac4-5484-a20c-9ea81bd60a9c	Aktif Ogrenme 2025 Tyt Fizik Soru Bankası	292	Örnek: 52	350	ok	valid_end_?	gisinde bu merceğe gönderilen ışınların izledikleri yollar doğru gösterilmiştir?
7ae56861-9cc5-5984-846e-ceecbf71795f	Aktif Ogrenme 2025 Tyt Fizik Soru Bankası	136	Örnek: 15	380	ok	valid_end_?	r. III. Eşit sürede Yiğit daha fazla yol alır. yargılarından hangileri doğrudur?
f6937d96-5689-5602-9bf5-c60759473996	Aromat-2024-Matematik Net 30	31	M AROMAT MODELİ	394	ok	valid_end_?	{4}$ II. $\frac{\pi}{3}$ III. $\frac{3\pi}{4}$ değerlerinden hangileri olabilir?
c439acb3-6350-5224-95ac-9d5212175054	Bilgi Sarmalı-2025-Tyt-Matematik Soru Bankası	366	13	372	ok	valid_end_?	alara ayırdığında $6$ cm'lik bir parça artıyor. Buna göre, $a-b$ çarpımı kaçtır?
c989edbd-0f82-54d5-a347-5f7b266711dd	Aromat-2024-Matematik Net 30	49	AROMAT MODELİ	338	ok	valid_end_?	nımlanmaktadır. $f(2) = 4$ ve $f'(2) = 2$ olduğuna göre, $g'(-2)$ değeri kaçtır?
c780c324-630d-51e4-8465-d107b59c4358	Bilgi Sarmalı-2025-Tyt-Matematik Video Ders Kitabı	49	BİRLİKTE ÇÖZELİM - 9	195	ok	valid_end_?	şin katları yeşil renge boyanıyor. Buna göre, kaç tane sütun tümüyle boyasızdır?
7cf5bec9-441c-5610-a7e3-6debf94da290	Aromat-2024-Matematik Net 30	51	AROMAT MODELİ	351	ok	valid_end_?	, $f(0)$, $f(1)$ ve $f(2)$ arasındaki doğru sıralama aşağıdakilerden hangisidir?
bf4fe6e2-8ae6-5c06-83a6-447caa653bb6	Bilgi Sarmalı-2025-Tyt-Matematik Video Ders Kitabı	137	BİRLİKTE ÇÖZELİM - 8	367	ok	valid_end_?	arının uzunluklarının alabileceği farklı değerlerin toplamı en çok kaç metredir?
f536cf10-5f08-51b2-93f8-4bac85695b51	Bilgi Sarmalı-2025-Tyt-Matematik Video Ders Kitabı	177	BİRLİKTE ÇÖZELİM - 11	509	ok	valid_end_?	ladığına göre; a, b ve c otellerinde 1. gün konaklayan kişi sayısı en az kaçtır?
bab1cdd6-f1ef-529c-b01e-2fcb37208d07	Bilgi Sarmalı-2025-Tyt-Matematik Video Ders Kitabı	177	BİRLİKTE ÇÖZELİM - 12	458	ok	valid_end_?	alan yakıt miktarının 2 katı olduğu anda iki araç arasındaki mesafe kaç km olur?
7ba79ebc-b888-52ac-9bbf-658ef7863d4c	Bilgi Sarmalı-2025-Tyt-Matematik Video Ders Kitabı	199	BİRLİKTE ÇÖZELİM - 8	310	ok	valid_end_?	una göre, Venn şemasındaki boyalı bölgenin üç basamaklı kaç tane elemanı vardır?
d0f312b7-57e5-5a82-acae-9e3576e4dc26	Bilgi Sarmalı-2025-Tyt-Matematik Video Ders Kitabı	281	ÖSYM TİPİ 1	109	ok	valid_end_?	 sayısının alabileceği değerler gösterilmiştir. Buna göre $x$ hangi aralıktadır?
e53f1240-3bf0-5827-88f0-c80c231621d9	Bilgi Sarmalı-2025-Tyt-Matematik Video Ders Kitabı	286	ÖSYM TİPİ 1	296	ok	valid_end_.	 $f(x)$ fonksiyonunun $x$ eksenini kestiği noktaların apsisleri toplamı $1$'dir.
f26cbd83-3411-55c3-b21e-9a4373c107fd	Bilgi Sarmalı-Tyt Ayt-Geometri Soru Bankası	10	8	248	ok	valid_end_?	{m}(\text{EBF}) = 70^\circ$ olduğuna göre, $\text{m}(\text{DBG})$ kaç derecedir?
07c3383e-faa9-5c4a-a5c3-3145e68ad10c	Bilgi Sarmalı-2025-Ayt-Matematik Soru Bankası	416	19	245	ok	valid_end_?	öre, bu bilgisayarın şifresini en fazla kaç farklı denemede kesinlikle açabilir?
50123686-b80b-511a-a19c-6f7c7c100388	Bilgi Sarmalı-Tyt Ayt-Geometri Soru Bankası	10	11	214	ok	valid_end_?	t{FKC}) = 30^\circ$. Buna göre, $\text{m}(\text{ABC}) = \text{x}$ kaç derecedir?
998d6b48-0935-5768-98c1-3ec9728851eb	Bilgi Sarmalı-Tyt Ayt-Geometri Soru Bankası	12	7	255	ok	valid_end_?	 = \alpha$. Yukarıdaki verilere göre, $m(\widehat{CBA}) = \alpha$ kaç derecedir?
90f871dd-e0e8-5c96-b22b-1ce0a2d63ec9	Bilgi Sarmalı-2025-Ayt-Matematik Video Ders Kitabı	187	BİRLİKTE ÇÖZELİM - 16	301	ok	valid_end_?	ükten büyüğe sıralanmış ardışık terimleridir. Buna göre, $x+y+z$ toplamı kaçtır?
3748ad4c-4694-5d69-939c-2a5d8b018c0e	Bilgi Sarmalı-2025-Ayt-Matematik Video Ders Kitabı	315	ÖSYM TİPİ - 1	341	ok	valid_end_?	f(x^2)dx = 6$ olduğuna göre, $\int_{-1}^{1} f(2x)dx$ integralinin değeri kaçtır?
a9384c6d-d861-51b8-939c-dbad7fbf1ab0	Bilgi Sarmalı-2025-Tyt Ayt-Geometri Soru Bankası	102	8.	166	ok	valid_end_?	70^ ext{o}$ Yukarıdaki verilere göre, $m(\widehat{ABC}) = \alpha$ kaç derecedir?
923dad33-5d4b-5b9a-8816-a186d12cf046	Bilgi Sarmalı-Tyt Ayt-Geometri Soru Bankası	24	10.	169	ok	valid_end_?	) = 10^\circ$. Yukarıdaki verilere göre, $m(\text{BAD}) = \alpha$ kaç derecedir?
ccc478d2-dbf8-5ee7-af4a-94add66bbf7f	Bilgi Sarmalı-Tyt Ayt-Geometri Soru Bankası	26	7.	156	ok	valid_end_?	)=20^{\circ}$ Yukarıdaki verilere göre, $m(\widehat{ABC})=\alpha$ kaç derecedir?
c7ae226a-0841-5a17-9204-55f441de85f2	Bilgi Sarmalı-2025-Tyt Ayt-Geometri Soru Bankası	104	9.	160	ok	valid_end_?	E})$, $|BD| = 9$ cm, $|EC| = 4$ cm. Yukarıdaki verilere göre, $|AD|$ kaç cm'dir?
cfc3de64-26a3-582a-9959-603429a4e355	Bilgi Sarmalı-2025-Tyt Ayt-Geometri Soru Bankası	106	9.	146	ok	valid_end_?	, $|BE| = 6$ cm, $|FC| = 9$ cm. Yukarıdaki verilere göre, $|AF| = x$ kaç cm'dir?
eb579ebe-1937-556c-8d78-3d0b7e320660	Bilgi Sarmalı-Tyt Ayt-Geometri Soru Bankası	60	7	154	ok	valid_end_?	dehat{BAC})=30^\circ$. Yukarıdaki verilere göre, $|FD|+|DE|$ toplamı kaç cm'dir?
257abb22-9984-5904-8a30-cfae0da2725a	Bilgi Sarmalı-2025-Tyt Ayt-Geometri Soru Bankası	110	7.	140	ok	valid_end_?	 $|KC| = 2|EK|$, $|EF| = 6$ cm. Yukarıdaki verilere göre, $|DE| = x$ kaç cm'dir?
be6cfd60-fa53-5f51-bf60-1d8760867893	Bilgi Sarmalı-Tyt Ayt-Geometri Soru Bankası	66	6	162	ok	valid_end_?	 6$ cm, $|HC|=3$ cm, $|BD|=5$ cm. Yukarıdaki verilere göre, $|DC|=x$ kaç cm'dir?
79966d98-85c5-538b-adcc-99adc96c291e	Bilgi Sarmalı-2025-Tyt Ayt-Geometri Soru Bankası	110	9.	140	ok	valid_end_?	|$, $3|FM| = 2|ME|$, $|FK| = 4$ cm. Yukarıdaki verilere göre, $|AB|$ kaç cm dir?
b7d7c557-77a7-5e4c-aa07-d1d853235b4d	Bilgi Sarmalı-2025-Tyt Ayt-Geometri Soru Bankası	128	12	135	ok	valid_end_?	=|LC|$, $|BL|=3\sqrt{2}$ cm. Yukarıdaki verilere göre, Alan(ABC) kaç $cm^2$ dir?
be72cbd2-e715-5501-8952-ba74fa8623a0	Bilgi Sarmalı-Tyt Ayt-Geometri Soru Bankası	70	6	311	ok	valid_end_?	teki gibi B'A''C'' eşkenar üçgeni oluşmaktadır. Buna göre, $|A C''|$ kaç cm'dir?
81e221eb-5a57-5ec3-b4dd-5d17d5f8a3ea	Bilgi Sarmalı-Tyt Ayt-Geometri Soru Bankası	70	8	147	ok	valid_end_?	)=25^ ext{o}$ Yukarıdaki verilere göre, $m(\widehat{DAC})=\alpha$ kaç derecedir?
2eeef853-fe78-5f48-89ba-e0646e269915	Bilgi Sarmalı-Tyt Ayt-Geometri Soru Bankası	80	7	149	ok	valid_end_?	BC]$, $[BD] = [DC]$, $|FG| = 2$ cm. Yukarıdaki verilere göre, $|AD|$ kaç cm'dir?
65196b11-6566-55a1-9a23-c12bc83f9c98	Bilgi Sarmalı-Tyt Ayt-Geometri Soru Bankası	80	12	168	ok	valid_end_?	, $|BE| = 6$ cm, $|CD| = 8$ cm. Yukarıdaki verilere göre, $|BC|$ = x kaç cm'dir?
ecc68eda-2a52-512d-bc59-69aad663786f	Bilgi Sarmalı-Tyt Ayt-Geometri Soru Bankası	82	8	170	ok	valid_end_?	rp [AB]$, $|KD|=15$ cm, $|DC|=20$ cm, $|EB|=7$ cm. Buna göre, $|KE|$ kaç cm'dir?
de82bddc-26b1-54de-ab66-e0b40990b4bc	Bilgi Sarmalı-Tyt Ayt-Geometri Soru Bankası	88	5	110	ok	valid_end_?	 $|AE|=|EC|$, $|BD|=2|DF|=2|FC|$. Yukarıdaki verilere göre, $|AB|=x$ kaç cm'dir?
3965c770-d33e-5439-b6f7-3cbbbb78f908	Bilgi Sarmalı-2025-Tyt Ayt-Geometri Soru Bankası	130	8.	161	ok	valid_end_?	arıdaki verilere göre, $\frac{\text{Alan}(ABD)}{\text{Alan}(BDC)}$ oranı kaçtır?
6dc35787-3cc5-5376-8a40-7e8f95e6c7d1	Bilgi Sarmalı-2025-Tyt Ayt-Geometri Soru Bankası	130	9.	130	ok	valid_end_?	[EC]=2$ cm, Alan$(DEF)=6$ cm$^2$. Yukarıdaki verilere göre, $|DB|=x$ kaç cm'dir?
510567b6-17e0-5f7f-8008-4cab739d9056	Bilgi Sarmalı-2025-Tyt Ayt-Geometri Soru Bankası	212	10	179	ok	valid_end_?	]$, $|KL|=5$ cm, $|DC|=9$ cm Yukarıdaki verilere göre, Çevre$(ABCD)$ kaç cm'dir?
a62041d8-7f36-5ab8-a397-e2bdaa5ec9af	Bilgi Sarmalı-Tyt Ayt-Geometri Soru Bankası	102	7.	134	ok	valid_end_?	, $[AC] = 8$ cm, $[CE] = 2$ cm. Yukarıdaki verilere göre, $|DB| = x$ kaç cm'dir?
c13e5276-722b-5b67-8479-c37266fe7774	Bilgi Sarmalı-2025-Tyt Ayt-Geometri Soru Bankası	212	8	147	ok	valid_end_?	cm, $|AB|=13$ cm Yukarıdaki verilere göre, $BFC$ üçgeninin alanı kaç $cm^2$'dir?
2e1943fd-8ab7-5367-81fd-880f72edde17	Bilgi Sarmalı-2025-Tyt Ayt-Geometri Soru Bankası	212	11	124	ok	valid_end_?	 cm, $|FC|=9$ cm, $|BF|=6$ cm Yukarıdaki verilere göre, $|DE|=x$ kaç $cm^2$'dir?
3239dfbe-f6f7-5123-9c47-e984ade7f155	Bilgi Sarmalı-2025-Tyt Ayt-Geometri Soru Bankası	212	9	126	ok	valid_end_?	9$ cm, $|DC|=12$ cm, $|EF|=10$ cm Yukarıdaki verilere göre, $|FB|=x$ kaç cm'dir?
b0f0f354-4439-56ec-a72f-b35c84e110e0	Bilgi Sarmalı-Tyt Ayt-Geometri Soru Bankası	120	8	129	ok	valid_end_?	rtay, $|AD| = 6$ cm, $|BC| = 12$ cm Yukarıdaki verilere göre, $|AC|$ kaç cm'dir?
26fbb2b4-26c4-523b-9196-565c08012185	Bilgi Sarmalı-2025-Tyt Ayt-Geometri Soru Bankası	214	10.	136	ok	valid_end_?	=5$ cm, $|BC|=\sqrt{13}$ cm. Yukarıdaki verilere göre, $A(ABCD)$ kaç cm$^2$ dir?
c58e7e6b-637b-5088-9690-ee6d42c46eb5	Bilgi Sarmalı-2025-Tyt Ayt-Geometri Soru Bankası	188	9.	153	ok	valid_end_?	 = 8$ cm ve $|FD| = 10$ cm. Buna göre, ABCD paralelkenarının çevresi kaç cm dir?
6da66f73-508f-5649-8731-7bfd80453709	Bilgi Sarmalı-2025-Tyt Ayt-Geometri Soru Bankası	188	11.	185	ok	valid_end_?	) = 20 \text{ cm}^2$. Yukarıdaki verilere göre, $A(ABCD)$ kaç $\text{cm}^2$ dir?
a304d793-49d0-5ded-84b4-069dc6abdfa9	Bilgi Sarmalı-2025-Tyt Ayt-Geometri Soru Bankası	188	12.	148	ok	valid_end_?	 $|EC| = 16$ cm, $|ED| = 4$ cm. Yukarıdaki verilere göre, $|BC| = x$ kaç cm dir?
a6b0d683-401e-54c1-b3d2-9ee10eee0daf	Bilgi Sarmalı-2025-Tyt Ayt-Geometri Soru Bankası	200	10.	153	ok	valid_end_?	|FC| = 4$ cm ve $|BF| = 9$ cm. Yukarıdaki verilere göre, A(ABCD) kaç $cm^2$ dir?
e37d939a-7272-5d92-8a34-817122fb0c00	Bilgi Sarmalı-2025-Tyt Ayt-Geometri Soru Bankası	200	12.	153	ok	valid_end_?	, $|KE| = 6$ cm, $|KG| = 7$ cm. Yukarıdaki verilere göre, $|AF| = x$ kaç cm'dir?
82a4f1f6-a54e-51ca-b014-d43f15db3cfa	Bilgi Sarmalı-2025-Tyt Ayt-Geometri Soru Bankası	202	12.	118	ok	valid_end_?	| = 6$ cm ve $|EC| = 9$ cm olduğuna göre, ABCD deltoidinin alanı kaç $cm^2$ dir?
eaf82b1a-817d-5824-a8ab-1bf1e987e204	Bilgi Sarmalı-Tyt Ayt-Geometri Soru Bankası	198	7	120	ok	valid_end_?	 $[DE] = [EC]$, $|AB| = 12$ cm. Yukarıdaki verilere göre, $|AE| = x$ kaç cm'dir?
6ab4024d-2ef2-5f65-831c-44fbf96536f6	Bilgi Sarmalı-2025-Tyt Ayt-Geometri Soru Bankası	296	11.	132	ok	valid_end_?	=14$ cm. Yukarıdaki verilere göre, boyalı alanlar toplamı kaç $\text{cm}^2$ dir?
89f45bde-5280-54ab-8794-34f2cb80cce3	Bilgi Sarmalı-Tyt Ayt-Geometri Soru Bankası	214	11	171	ok	valid_end_?	 9\sqrt{2} \text{ cm}$ Yukarıdaki verilere göre, $|EF| = x$ kaç $\text{cm}$'dir?
1f849aa0-7384-5849-929b-e6a6f6d14626	Bilgi Sarmalı-Tyt Ayt-Geometri Soru Bankası	220	7	121	ok	valid_end_?	] = [EC]$, $|AF| = 6$ cm Yukarıdaki verilere göre, karenin alanı kaç $cm^2$ dir?
426b4fde-c019-5bd3-8910-7208f8486578	Bilgi Sarmalı-Tyt Ayt-Geometri Soru Bankası	226	6	134	ok	valid_end_?	|AE|=12$ cm, $|AB|=4\sqrt{10}$ cm Yukarıdaki verilere göre, $|FE|=x$ kaç cm'dir?
ecbf0a29-6a06-554a-ad45-8be7ae2a9924	Bilgi Sarmalı-Tyt Ayt-Geometri Soru Bankası	242	7.	161	ok	valid_end_?	}$, $|BC|=12 \text{ cm}$'dir. Yukarıdaki verilere göre, $|AB|= |DC|$ kaç cm'dir?
b540733f-4e5a-58fc-b279-c79806869595	Aromat-2024-Matematik Net 30	62	AROMAT MODELİ	272	ok	valid_end_?	irimkare daha fazladır. $\int_{0}^{4} f(2x+4) dx = 7$ olduğuna göre, $a$ kaçtır?
0d053d9d-6dee-5f97-bcc7-77938ec04762	Bilgi Sarmalı-Tyt Ayt-Geometri Soru Bankası	310	7	385	ok	valid_end_?	maralı parçanın alanı, $\textcircled{5}$ numaralı parçanın alanının kaç katıdır?
6d71d74b-b53f-5465-8c83-eed5acad3b93	Bilgi Sarmalı-Tyt Ayt-Geometri Soru Bankası	377	3.	557	ok	valid_end_?	üşümleri uygulanıyor. Buna göre son durumda, 1 numaralı bölgede hangi renk olur?
e05a125c-4d7f-5b67-8056-a7e77af76a30	Bilgi Sarmalı-2025-Tyt Ayt-Geometri Soru Bankası	134	12.	201	ok	valid_end_?	ABC)=48 \text{ cm}^2$. Yukarıdaki verilere göre, $A(DEC)$ kaç $\text{cm}^2$ dir?
d871331e-81c5-5cfa-9f6e-981c0692abc9	C1CELL-2024-Problemler Soru Bankası	9	5	522	ok	valid_end_?	örden pdf silmiştir. Buna göre, Gülşah'ın eklemiş olduğu yeni pdf sayısı kaçtır?
fabaff84-dffd-598b-bdc2-54fc4ea02974	Bilgi Sarmalı-2025-Tyt Ayt-Geometri Soru Bankası	152	8.	216	ok	valid_end_?	 göre, $|AN|$ nun birim cinsinden alabileceği kaç farklı tam sayı değeri vardır?
7a6abc89-cb57-5fa9-b4b0-f7557de619ea	C1CELL-2024-Problemler Soru Bankası	59	8	317	ok	valid_end_?	$5940$ TL zarar almıştır. Buna göre, kırmızı çubuğun uzunluğu kaç santimetredir?
80a5daf8-b831-5699-920a-221dba2281de	Bilgi Sarmalı-2025-Tyt Ayt-Geometri Soru Bankası	246	8.	145	ok	valid_end_?	perp [BD]$, $|AB| = 8$ br, $|DC| = 6$ br. Buna göre, $A(ABCD)$ kaç birimkaredir?
4e6e6526-35e1-5c64-9319-f94e83d80fba	Bilgi Sarmalı-2025-Tyt Ayt-Geometri Soru Bankası	246	9.	173	ok	valid_end_?	) = 135^\circ$, $|DE| = 6$ cm, $|EC| = 12$ cm. Buna göre, $|AD| = x$ kaç cm'dir?
8d5b85de-18f1-55e4-8377-88d941c52149	Bilgi Sarmalı-2025-Tyt Ayt-Geometri Soru Bankası	246	11.	159	ok	valid_end_?	AB| = 12$ cm, $|BC| = 20$ cm. Yukarıdaki verilere göre, $A(BEC)$ kaç $cm^2$ dir?
21cbff01-7923-52cf-9244-51c189be8ebe	Bilgi Sarmalı-2025-Tyt Ayt-Geometri Soru Bankası	262	6	439	ok	valid_end_?	una göre, son durumda ışınlar arasında oluşan geniş açının ölçüsü kaç derecedir?
121e45a6-049d-523d-82d4-20ff7508412f	Bilgi Sarmalı-2025-Tyt Ayt-Geometri Soru Bankası	268	12.	186	ok	valid_end_?	taları çember üzerinde olduğuna göre, $m(\widehat{BFE}) = \alpha$ kaç derecedir?
f3bf6938-1427-5910-8303-97160ecf7c4d	Bilgi Sarmalı-2025-Tyt Ayt-Geometri Soru Bankası	280	8	144	ok	valid_end_?	|KC|=7$ cm, $|BC|=8$ cm. P $\in \text{AK}$ olmak üzere, $|PB|$ en az kaç cm'dir?
58a33599-c2b1-583e-bb45-5f551be9964e	345 2025 Tyt Fizik Soru Bankası	113	Soru 7	199	ok	valid_end_?	na göre, bu aletlerin 1 günde harcadıkları toplam elektrik enerjisi kaç kWh'dir?
f01367cc-be56-5763-9271-fd222b3f4016	C1CELL-2024-Problemler Soru Bankası	179	5	366	ok	valid_end_?	or. Buna göre, Anıl'ın bu küpleri kullanarak adını doğru yazma olasılığı kaçtır?
50d85e0d-c39f-5a53-983f-a623b921b293	C1CELL-2024-TYT-AYT-Geometri Soru Bankası	11	7	150	ok	valid_end_?	rc$, $m(\text{ACF}) = 2m(\text{ACD})$. Buna göre, $m(\text{BAC})$ kaç derecedir?
8e76dfe3-8f77-5fd2-9238-6d8bdc41b4b1	Bilgi Sarmalı-2025-Tyt Ayt-Geometri Soru Bankası	358	9.	167	ok	valid_end_?	uları arasında kalan alan $16 \ br^2$ olarak verilmiştir. Buna göre, $a$ kaçtır?
12b645bd-c8f5-5675-9cd6-8b91fe5a19a5	C1CELL-2024-TYT-AYT-Geometri Soru Bankası	24	7.	287	ok	valid_end_?	= m($\widehat{EAB}$) = $15^ ext{o}$ Buna göre, m($\widehat{CBE}$) kaç derecedir?
77c2a807-c3a7-550b-913d-d530a6ba8eb7	Bilgi Sarmalı-2025-Tyt Ayt-Geometri Soru Bankası	362	6	118	ok	valid_end_?	 $D(-8, 0)$, $B(0, 4)$'tür. Yukarıdaki verilere göre, $A(OBC)$ kaç birimkaredir?
2d62c646-900b-5229-878b-c14107c41a83	C1CELL-2024-TYT-AYT-Geometri Soru Bankası	30	7	157	ok	valid_end_?	circ$, $m(\widehat{ACB})=40^\circ$. Buna göre, $m(\widehat{DEF})$ kaç derecedir?
9092126d-d5a5-5770-a24e-40f948d397a5	C1CELL-2024-TYT-AYT-Geometri Soru Bankası	30	12	218	ok	valid_end_?	t{FED})=75^\circ$ olarak veriliyor. Buna göre, $m(\widehat{EFC})$ kaç derecedir?
ac7178f1-728d-5bb7-95bd-5c9275b31fbd	C1CELL-2024-TYT-AYT-Geometri Soru Bankası	32	7.	139	ok	valid_end_?	F})=20^{\circ}$'dir. Yukarıdaki verilere göre, $m(\widehat{BCP})$ kaç derecedir?
468c3381-0a87-5197-92bc-e1b5df7991e3	C1CELL-2024-TYT-AYT-Geometri Soru Bankası	32	11.	207	ok	valid_end_?	BEC})=80^{\circ}$ olarak veriliyor. Buna göre, $m(\widehat{CAE})$ kaç derecedir?
dd1de7b8-35fd-5e37-b8a5-3085e47cfd65	C1CELL-2024-TYT-AYT-Geometri Soru Bankası	53	7.	111	ok	valid_end_?	|BD| = |DC| + 2$ br, $|AB| = 10$ br, $|AC| = 9$ br Buna göre, $|BC|$ kaç br'dir?
904d2946-c972-5413-8ff0-619ca3e5323d	C1CELL-2024-TYT-AYT-Geometri Soru Bankası	59	9	122	ok	valid_end_?	 br, $[AD]=8$ br ve $[DC]=14$ br olarak veriliyor. Buna göre, $|AB|$ kaç br'dir?
26b5386e-021f-57c7-8758-ea5d1a0565dc	C1CELL-2024-TYT-AYT-Geometri Soru Bankası	61	7.	166	ok	valid_end_?	\parallel [AB]$, $|EC|=6$ br, $|DE|=18$ $br^2$ olduğuna göre, $|BF|$ kaç br'dir?
e77dd9a9-b383-5039-88d7-309c8f92e6ee	C1CELL-2024-TYT-AYT-Geometri Soru Bankası	61	9.	234	ok	valid_end_?	|=4|FC|$, $6|EK|$ olarak veriliyor. Buna göre, $\frac{|BT|}{|TC|}$ oranı kaçtır?
a84d8035-1151-5202-b322-6bf341479b0d	C1CELL-2024-TYT-AYT-Geometri Soru Bankası	63	7.	172	ok	valid_end_?	CD}) = 15^\circ$, $|AC| = 3$ br, $|AB| = 5$ br olduğuna göre, $|DC|$ kaç br'dir?
3415edc9-05bd-518f-a85a-a55861d06edd	C1CELL-2024-TYT-AYT-Geometri Soru Bankası	65	7	154	ok	valid_end_?	circ$, $|DC| = 2|AD|$, $|BD| = 9$ br. Buna göre, $|DC| - |AD|$ farkı kaç br'dir?
c5c9cdc1-0303-5eae-8442-8f36373632de	C1CELL-2024-TYT-AYT-Geometri Soru Bankası	67	7	185	ok	valid_end_?	r. $m(\widehat{BCA})=75^\circ$ ve $|AB|=12$ br olduğuna göre, $|CD|$ kaç br'dir?
2af52cfb-dbf3-5de2-8a27-b2f44733d945	C1CELL-2024-TYT-AYT-Geometri Soru Bankası	80	7	172	ok	valid_end_?	$ olarak veriliyor. $|DC|=6$ br, $|AB|=8$ br olduğuna göre, $|AD|$ kaç birimdir?
ddbf4e99-03f1-5e11-a91b-2e8e224ee96d	C1CELL-2024-TYT-AYT-Geometri Soru Bankası	105	7	144	ok	valid_end_?	FE|$, $|AE|=|EC|$, $|AB|=18$ br ve $|DC|=8$ br olduğuna göre, $|BD|$ kaç br'dir?
316bbd4e-513c-5200-8a42-ad6fd81e6c42	C1CELL-2024-TYT-AYT-Geometri Soru Bankası	105	8	107	ok	valid_end_?	 açıortay $|BD|=4$ br, $|BC|=6$ br, $Ç(ABC)=25$ br Buna göre, $|EC|$ kaç br'dir?
63f90c7c-755c-596a-84b3-623c26edbe26	C1CELL-2024-TYT-AYT-Geometri Soru Bankası	109	7	178	ok	valid_end_?	widehat{KBA})=2m(\widehat{ABE})=2m(\widehat{EBC})$ Buna göre, $|AK|$ kaç br'dir?
2539a83a-0669-5089-bc9d-8c1b680171a5	C1CELL-2024-TYT-AYT-Geometri Soru Bankası	111	7.	115	ok	valid_end_?	emberinin merkezi, $|DE|=2|EB|$ ve $|AB|=9$ br olduğuna göre, $|AE|$ kaç br'dir?
cf8da90f-a49e-5e6e-9bbf-19dc98bc4d28	C1CELL-2024-TYT-AYT-Geometri Soru Bankası	126	7	143	ok	valid_end_?	F]$, $[AF] = 2[FC]$, $[DE] = 4$ br. Yukarıdaki verilere göre, $|BC|$ kaç br'dir?
8353129a-9c05-5266-950b-02ff66c1efe7	C1CELL-2024-TYT-AYT-Geometri Soru Bankası	128	7	218	ok	valid_end_?	 6$ br $|FB| = 8$ br $|AB| = 12$ br Yukarıdaki verilere göre, $|ED|$ kaç br'dir?
0f3096db-b7bd-5038-9696-c194db88989e	C1CELL-2024-TYT-AYT-Geometri Soru Bankası	128	10	124	ok	valid_end_?	 2|EC|$ $|FE| = 2$ br $|AB| = 8$ br Yukarıdaki verilere göre, $|DC|$ kaç br'dir?
ac4c767c-d22f-5e27-ad13-6c00dd048572	C1CELL-2024-TYT-AYT-Geometri Soru Bankası	130	7	156	ok	valid_end_?	]$, $[AB] \perp [BC]$, $|FE|=3$ br. Yukarıdaki verilere göre, $|AC|$ kaç br'dir?
bb4b930c-0f67-504f-8d9e-d7d963f5b899	C1CELL-2024-TYT-AYT-Geometri Soru Bankası	130	10	136	ok	valid_end_?	|=4$ br, $|AB|=16$ br. Yukarıdaki verilere göre, $\frac{|EC|}{|AF|}$ kaç br'dir?
62b3b95b-92a4-5715-bb48-3a85c3be8d54	C1CELL-2024-TYT-AYT-Geometri Soru Bankası	132	7	162	ok	valid_end_?	br, $|BD| = 6$ br, $|DC| = 3$ br olarak veriliyor. Buna göre, $|AB|$ kaç br'dir?
5513e509-0024-52ac-9807-61b4971a1251	C1CELL-2024-TYT-AYT-Geometri Soru Bankası	136	7.	135	ok	valid_end_?	|=8$ br, $|DE|=4$ br. Yukarıdaki verilere göre, $\frac{EC+DC}{BD}$ oranı kaçtır?
afac9aa0-3b97-594e-8f50-f0d5f1e797ac	C1CELL-2024-TYT-AYT-Geometri Soru Bankası	138	8	184	ok	valid_end_?	$|AD|=2\sqrt{6}$ br. Yukarıdaki verilere göre, $m(\widehat{BDC})$ kaç derecedir?
8a6709fe-7e94-5dc0-8ea2-b8820ffa38f0	C1CELL-2024-TYT-AYT-Geometri Soru Bankası	147	7.	168	ok	valid_end_?	C = 13$ br olarak veriliyor. Buna göre, $ADBC$ dörtgeninin alanı kaç $br^2$ dir?
619c1734-1f5b-5b54-b502-6c02e71115f5	C1CELL-2024-TYT-AYT-Geometri Soru Bankası	152	8.	150	ok	valid_end_?	br^2$ dir. Yukarıda verilenlere göre, sarı boyalı bölgenin alanı kaç $br^2$ dir?
6ea71ccb-5da5-548b-9629-22799373f39b	C1CELL-2024-TYT-AYT-Geometri Soru Bankası	155	7	138	ok	valid_end_?	 = 8$ br, $[AE] = 4$ br. Buna göre, turuncu boyalı üçgenin alanı kaç $br^2$ dir?
78ed64d5-3ab6-5825-806f-6a7d6f706869	C1CELL-2024-TYT-AYT-Geometri Soru Bankası	155	10	172	ok	valid_end_?	| = 9$ br. Buna göre, turuncu boyalı üçgenlerin alanları toplamı kaç $br^2$ dir?
eb09eaf9-5d0c-5a3c-bc79-e0f54fdd0522	C1CELL-2024-TYT-AYT-Geometri Soru Bankası	157	7.	152	ok	valid_end_?	$|AD| = 4$ br, $|AB| = 6$ br. Yukarıdaki verilere göre, $A(ADC)$ kaç $br^2$ dir?
744e7400-0f4f-5438-b67a-8831e235cd65	C1CELL-2024-TYT-AYT-Geometri Soru Bankası	159	8.	58	ok	valid_end_?	Yukarıda verilenlere göre, $A(ABC)$ kaç $\text{br}^2$ dir?
a31e7794-624e-53b1-ade6-9ba453e855c0	C1CELL-2024-TYT-AYT-Geometri Soru Bankası	161	8	182	ok	valid_end_?	 ve $|DE|=4$ br olarak veriliyor. Buna göre, AEF üçgeninin alanı kaç $br^2$ dir?
d3f154e4-c626-583a-9d6f-603fb73adc00	C1CELL-2024-TYT-AYT-Geometri Soru Bankası	170	7.	136	ok	valid_end_?	göre, $|AB|$ ve $|BC|$ nin en azından en küçük tamsayı değerleri toplamı kaçtır?
706ab765-cfcd-5f14-ad7b-6b252d92550c	C1CELL-2024-TYT-AYT-Geometri Soru Bankası	172	7	158	ok	valid_end_?	{BAC})$ olduğuna göre, $C(\widehat{ABC})$'nin alabileceği en büyük değer kaçtır?
ad3bbd11-8141-5709-8698-f2db34e8b2d0	C1CELL-2024-TYT-AYT-Geometri Soru Bankası	178	11	155	ok	valid_end_?	re göre, $|KE|$'nin birim cinsinden alabileceği en büyük tam sayı değeri kaçtır?
4ee49f1d-9adf-50af-b9e0-8322290c2ad5	Bilgi Sarmalı-2025-Tyt Ayt-Geometri Soru Bankası	214	11.	136	ok	valid_end_?	, $|HB|=6$ cm, $|AK|=15$ cm. Yukarıdaki verilere göre, $A(ABCD)$ kaç cm$^2$ dir?
c5afeaf2-df6b-51da-857d-e7adc9b8f0be	Bilgi Sarmalı-2025-Tyt Ayt-Geometri Soru Bankası	214	12.	136	ok	valid_end_?	 $|AE|=|DF|=15$ cm, $|BC|=25$ cm. Yukarıdaki verilere göre, $|EF|=x$ kaç cm'dir?
a779d2c2-a4cc-5a44-82da-58a411c69687	C1CELL-2024-TYT-AYT-Geometri Soru Bankası	202	11.	198	ok	valid_end_?	{CBD}) = 12^\circ$. Yukarıda verilenlere göre, $m(\widehat{BDC})$ kaç derecedir?
f06e7e53-480c-558f-af14-6c50d4fe5f48	Bilgi Sarmalı-2025-Tyt Ayt-Geometri Soru Bankası	223	2	496	ok	valid_end_?	tığına göre, resmin Şekil-2'de görünmeyen bölümünün alanı kaç $\text{cm}^2$ dir?
a186d308-ce09-578c-b54d-e6409c07fbc8	Bilgi Sarmalı-2025-Tyt Ayt-Geometri Soru Bankası	244	9.	162	ok	valid_end_?	 $[AE]=10$ cm, $[DC]=21$ cm. $[EF]=x$. Yukarıdaki verilere göre, $x$ kaç cm'dir?
85b63d9a-5d44-551e-aaaa-120947e3e319	Bilgi Sarmalı-2025-Tyt Ayt-Geometri Soru Bankası	244	10.	189	ok	valid_end_?	rim, $|EF|=8$ birim. Buna göre, ABCD yamuksal bölgesinin alanı kaç birimkaredir?
10e3d471-fdaf-548a-8c3a-81dcacb6ff6c	Bilgi Sarmalı-2025-Tyt Ayt-Geometri Soru Bankası	244	11.	147	ok	valid_end_?	\widehat{ADC})=140^{\circ}$. Buna göre, $m(\widehat{AEC})=\alpha$ kaç derecedir?
03f94c29-f71e-5ed0-bd20-f3803c3f53cb	Bilgi Sarmalı-2025-Tyt Ayt-Geometri Soru Bankası	244	12.	179	ok	valid_end_?	$, $m(\widehat{ABE})=20^{\circ}$. Buna göre, $m(\widehat{DEB})=x$ kaç derecedir?
a86a680d-4c14-50f8-ae73-e36f3f8a7b12	C1CELL-2024-TYT-AYT-Geometri Soru Bankası	215	7	137	ok	valid_end_?	0$ br $|DC| = 7$ br $|AB| = 32$ br Yukarıda verilenlere göre, $|AC|$ kaç br'dir?
09ba207c-29e6-534b-8d20-e42283292855	C1CELL-2024-TYT-AYT-Geometri Soru Bankası	217	7	168	ok	valid_end_?	$|DE| = 6$ br $|BC| = 14$ br Yukarıda verilenlere göre, $|DF| = x$ kaç birimdir?
e71e1806-fa68-528a-be65-49360250be29	C1CELL-2024-TYT-AYT-Geometri Soru Bankası	217	9	174	ok	valid_end_?	|AF| = |FD|$ $[BG]$ açıortay Yukarıda verilenlere göre, $|CD| = x$ kaç birimdir?
7ab42079-90fb-56d3-8d30-154274128e8c	C1CELL-2024-TYT-AYT-Geometri Soru Bankası	219	7.	139	ok	valid_end_?	|DC|=4$ br, $|AB|=7$ br, $A(DEF C)=2A(ABFE)$ olduğuna göre, $|EF|$ kaç birimdir?
7fe51e71-da8d-5adf-a933-567402ace3c7	C1CELL-2024-TYT-AYT-Geometri Soru Bankası	221	7.	168	ok	valid_end_?	|AF| = 4$ br $A(ABCD) = 48$ $br^2$ Yukarıda verilenlere göre, $|EC|$ kaç br'dir?
0305e211-d565-512c-8106-393cb7100a92	C1CELL-2024-TYT-AYT-Geometri Soru Bankası	230	7.	159	ok	valid_end_?	|$, $|EF| = 3$ br, $|CE| = 12$ br. Yukarıda verilenlere göre, $|DC|$ kaç br'dir?
219f6e89-7e8f-5b15-8d62-738de39d5220	C1CELL-2024-TYT-AYT-Geometri Soru Bankası	232	7.	238	ok	valid_end_?	E| = 4\sqrt{3}$ br $|AL| = 4$ br Yukarıda verilenlere göre, $|DC|$ kaç birimdir?
b87992d7-5729-58ce-94e3-741d0b11ebd8	C1CELL-2024-TYT-AYT-Geometri Soru Bankası	243	7	137	ok	valid_end_?	$, $|AK|=|EC|=12$ br, $|DK|=3$ br. Yukarıda verilenlere göre, $|KE|$ kaç br'dir?
7cbe3546-f53c-5b9b-9d70-570eac48fa7e	Bilgi Sarmalı-2025-Tyt Ayt-Geometri Soru Bankası	390	8	278	ok	valid_end_?	a oluyor. Buna göre, son durumda $A'$ noktasının yerden yüksekliği kaç birimdir?
fd4b997d-16d3-5ccf-8bd6-63e2d1a37e48	C1CELL-2024-TYT-AYT-Geometri Soru Bankası	251	10	123	ok	valid_end_?	{BDC}) = 32^\circ$. Yukarıda verilenlere göre, $m(\widehat{AEF})$ kaç derecedir?
4edd102e-d14d-5c2d-a5cf-345728f46cd6	C1CELL-2024-TYT-AYT-Geometri Soru Bankası	253	7.	102	ok	valid_end_?	|CE|$ $|FG|=2|BF|$ $|BG|=6$ br Yukarıda verilenlere göre, $|DH|=x$ kaç birimdir?
978b903d-3b9f-555a-ac01-2a560c46b594	C1CELL-2024-TYT-AYT-Geometri Soru Bankası	253	9.	199	ok	valid_end_?	genlerinin kesiştiği nokta $[FG]$ üzerinde olduğuna göre, $|DC|=x$ kaç birimdir?
c82f8db6-2ae0-5e92-bd1f-eb2d221c3ca4	C1CELL-2024-TYT-AYT-Geometri Soru Bankası	255	7.	139	ok	valid_end_?	inin alanı $96$ $br^2$ dir. Buna göre, ABCD dikdörtgeninin alanı kaç $br^2$ dir?
f5d06798-499c-562c-b5cb-a0d39ba46510	C1CELL-2024-TYT-AYT-Geometri Soru Bankası	264	7.	79	ok	valid_end_?	ABCD kare $|DE|=2$ br $|EB|=8$ br Yukarıda verilenlere göre, $|EC|$ kaç br'dir?
0fa342fc-032f-50ab-aee1-a2398e2a0fc6	C1CELL-2024-TYT-AYT-Geometri Soru Bankası	281	7.	131	ok	valid_end_?	 teğet, $|OD|=6$ br, $|OA|=10$ br. Yukarıda verilenlere göre, $|AB|$ kaç br'dir?
64eabd0d-4504-5fbe-8755-06d071030a3b	Aktif Ogrenme 2025 Tyt Fizik Soru Bankası	11	Örnek : 11	270	ok	valid_end_?	vec{K}$ ve $\vec{L}$'nin doğrultuları aynıdır. yargılarından hangileri doğrudur?
cb65ea0f-659c-5d09-9c66-d0f0ff57991b	C1CELL-2024-TYT-AYT-Geometri Soru Bankası	283	7.	141	ok	valid_end_?	 3$ br $|OE| = 4$ br $|AD| = 5$ br Yukarıda verilenlere göre, $|BC|$ kaç br'dir?
4a191579-c493-55d2-8749-cc7c995222b1	C1CELL-2024-TYT-AYT-Geometri Soru Bankası	287	8	161	ok	valid_end_?	 $m(\widehat{CFB}) = 80^\circ$. Buna göre, $m(\widehat{OCD}) = x$ kaç derecedir?
b44b7f34-ca8f-5536-9713-1c2bb25a0e6d	C1CELL-2024-TYT-AYT-Geometri Soru Bankası	287	9	142	ok	valid_end_?	widehat{EAB}) = 70^\circ$, $m(\widehat{EDC}) = x$. Buna göre, $x$ kaç derecedir?
437c2cc5-4f73-5774-8118-bea0122d13e0	C1CELL-2024-TYT-AYT-Geometri Soru Bankası	287	11	149	ok	valid_end_?	 $m(\widehat{BAD}) = 56^\circ$. Buna göre, $m(\widehat{FTA}) = x$ kaç derecedir?
fcf1e4d1-89f5-51a2-8efa-5a8eb8128b10	C1CELL-2024-TYT-AYT-Geometri Soru Bankası	299	7.	130	ok	valid_end_?	|=6$ br, $|BC|=3$ br. Yukarıda verilenlere göre, çemberin yarıçapı kaç birimdir?
e48b9a75-613b-55bd-9b54-9ba6acb79af2	C1CELL-2024-TYT-AYT-Geometri Soru Bankası	303	7	169	ok	valid_end_?	a verilenlere göre, D merkezli $\widehat{BE}$ yayının uzunluğu kaç $\pi$ br'dir?
b452df6e-8d5a-5815-814d-db8a33d990fb	C1CELL-2024-TYT-AYT-Geometri Soru Bankası	342	7.	175	ok	valid_end_?	lmiştir. Buna göre, büyük piramidin hacmi, küçük piramidin hacminin kaç katıdır?
1b89b35c-99e2-5a37-9fb8-238033a02c87	C1CELL-2024-TYT-Matematik Soru Bankası	10	6	82	ok	valid_end_?	karıda tanımlanan işleme göre, işleminin sonucu $32$'dir. Buna göre, $x$ kaçtır?
6550635d-8e44-5b3c-8edb-378327bd00d4	Bilgi Sarmal 2024 Ayt Kimya Sopru Bankasi	289	7	313	ok	valid_end_?	 yanlış (Y) olarak işaretlenmesi aşağıdakilerin hangisinde doğru gösterilmiştir?
8105dcbc-336e-5c84-a70b-105862c318a1	Aktif Ogrenme 2025 Tyt Fizik Soru Bankası	301	Örnek 61	228	ok	valid_end_?	iler K, L ve M cisimlerinden hangilerinin görüntüsünü cisimden daha büyük görür?
6d0f10b9-ad7e-5ee4-88d6-af5e7f2e639a	Bilgi Sarmal 2024 Ayt Kimya Sopru Bankasi	307	11.	71	ok	valid_end_?	Yukarıda verilen bileşiklerden hangileri, bileşiğinin konum izomeridir?
39def2fb-c865-5a14-bddf-51d364245579	Bilgi Sarmal 2024 Ayt Kimya Sopru Bankasi	309	9	64	ok	valid_end_?	Yukarıdaki bileşiklerden hangisinin IUPAC adı doğru verilmiştir?
8489e701-30a6-5ffc-b449-1b58361531c8	Aktif Ogrenme 2025 Tyt Fizik Soru Bankası	285	Örnek : 47	393	ok	valid_end_?	. I ışık şiddeti artırılırsa $\Delta X$ artar. yargılarından hangileri doğrudur?
87218988-af00-5d4b-87d2-5ee284d44551	Aktif Ogrenme 2025 Tyt Fizik Soru Bankası	152	Örnek : 8	180	ok	valid_end_?	e, cisimlerin kinetik enerjileri $E_X$, $E_Y$, $E_Z$ arasındaki ilişki nasıldır?
8874b4dc-7b6b-5371-b9b6-c77babcf2b5e	Aktif Ogrenme 2025 Tyt Fizik Soru Bankası	52	Soru : 19	459	ok	valid_end_)	larından hangileri doğrudur? (Piston ve yatak etki eden sürtünmeler önemsizdir.)
891fad43-1c16-56ef-9066-6e9781f79cf6	Aktif Ogrenme 2025 Tyt Fizik Soru Bankası	149	Örnek 3	273	ok	valid_end_?	etki eden kuvvetlerin yaptığı işler $W_K$, $W_L$, $W_M$ arasındaki ilişki nedir?
8a58dda3-dc8e-5ad0-ba94-3a269d653ee2	Aktif Ogrenme 2025 Tyt Fizik Soru Bankası	211	Örnek 12	180	ok	valid_end_?	 $V_1$, $V_2$ ve $V_3$ olmaktadır. Buna göre, $V_1$, $V_2$ ve $V_3$ kaç volttur?
a65502c8-c642-56ae-84db-ca401716c9b8	Bilgi Sarmal 2024 Ayt Kimya Sopru Bankasi	260	8	85	ok	valid_end_)	ıdaki eşleştirmelerden hangileri doğrudur? ($_{1}H, _{6}C, _{7}N, _{8}O, _{9}F$)
67b01dad-3e0a-527d-9ec5-9f24e35f8195	Aromat 2024 Ayt Fen Bilimleri	10	AROMAT MODELİ	474	ok	valid_end_)	ri doğrudur? ($\sin30^\circ = \frac{1}{2}$; $\cos30^\circ = \frac{\sqrt{3}}{2}$)
8dd2a8fd-b71b-5198-8afb-119b0ac87401	Apotemi 2019 2020 Tyt Ayt Fizik Soru Bankası	308	6	168	ok	valid_end_?	a bir ampermetre bağlarsa, X lambası diğer durumlara göre daha fazla ışık verir?
e90ced88-762e-561f-886c-ba16e00c341e	Bilgi Sarmal 2024 Ayt Kimya Sopru Bankasi	266	7.	117	ok	valid_end_?	ler için bilgiler verilmiştir. Buna göre verilen bilgilerden hangileri doğrudur?
26ff7ec4-6bc7-5255-b16e-3521a8655bee	Bilgi Sarmal 2024 Ayt Kimya Sopru Bankasi	272	11	150	ok	valid_end_)	Nemst eşitliğindeki logaritmik terimin katsayısı- nı $\frac{0,0592}{n}$ alınız.)
40953c74-1e94-55a2-8b87-81f66beba5a3	Bilgi Sarmal 2024 Ayt Kimya Sopru Bankasi	277	6	64	ok	valid_end_?	Metil siklobütan, yukarıda verilen hangileri ile gösterilebilir?
fe763250-f65a-5d1e-b6e6-87435c0406bf	Bilgi Sarmal 2024 Ayt Kimya Sopru Bankasi	277	7	67	ok	valid_end_?	Yukarıdakilerden hangileri 1,3 - dikloropropan bileşiği- ne aittir?
f6343fd2-615f-5137-8c75-d5e5e1042678	Bilgi Sarmal 2024 Ayt Kimya Sopru Bankasi	321	11	154	ok	valid_end_?	iyer alkol olarak sınıflandırılması aşağıdakilerin hangisinde doğru verilmiştir?
6c242a88-6be6-505c-a49b-06bd13ea56c0	Fizipedia Tyt Fizik Soru Bankası 2025	246	6	478	ok	valid_end_?	lgaların dalga boyu kaynaktan uzaklaştıkça aşağıdakilerden hangisi gibi değişir?
6cf4a193-e3ce-5e20-93d0-e066522168fe	Bilgi Sarmalı-Tyt Ayt-Geometri Soru Bankası	10	9	253	ok	valid_end_?	ext{ABC}) = 40^\circ$. Buna göre, $\text{m}(\text{EDF}) = \alpha$ kaç derecedir?
1e865173-5331-54ab-91ef-32b2f7124504	Bilgi Sarmalı-Tyt Ayt-Geometri Soru Bankası	14	6	189	ok	valid_end_?	}) = 70^ ext{o}$ Yukarıdaki verilere göre, $m(\widehat{AOB}) = x$ kaç derecedir?
6ea04fb8-d86c-533e-b419-f6a450c52069	Bilgi Sarmalı-Tyt Ayt-Geometri Soru Bankası	16	6	187	ok	valid_end_?	$, $m(\widehat{BKE}) = \alpha$ Yukarıdaki verilere göre, $\alpha$ kaç derecedir?
637487d9-1fa6-553b-95e9-ba27dc13e040	Bilgi Sarmalı-Tyt Ayt-Geometri Soru Bankası	28	7	159	ok	valid_end_?	a$, $|BC|=2|DE|$, $|AD|>|DB|$. Yukarıdaki verilere göre, $\alpha$ kaç derecedir?
ebce9a53-f24b-5f90-aa3d-69de24e4ca84	Bilgi Sarmalı-Tyt Ayt-Geometri Soru Bankası	30	7	173	ok	valid_end_?	 40^\circ$. Yukarıdaki verilere göre, $m(\widehat{DEB}) = \alpha$ kaç derecedir?
b121cdec-6334-5a97-ae39-80d9d08aae34	Bilgi Sarmalı-Tyt Ayt-Geometri Soru Bankası	34	8	183	ok	valid_end_?	, $|BE|=|EC|$ Yukarıdaki verilere göre, $m(\widehat{EDC})=\alpha$ kaç derecedir?
7776c5d3-afa3-50a8-bc38-35e8a0a3f394	Bilgi Sarmalı-Tyt Ayt-Geometri Soru Bankası	42	8	185	ok	valid_end_?	DE| = 6$ birim, $|AB| = |AC| = 5\sqrt{3}$ birim. Buna göre, $|BD|$ kaç birimdir?
f7f72ec1-a077-5e13-94ae-577a6127ac1b	Bilgi Sarmalı-Tyt Ayt-Geometri Soru Bankası	44	8.	301	ok	valid_end_?	 arasındaki uzaklık $18\sqrt{3}$ cm olduğuna göre, cetvelin uzunluğu kaç cm'dir?
52017df9-7806-547d-ae89-96687808861f	Bilgi Sarmalı-Tyt Ayt-Geometri Soru Bankası	48	6.	134	ok	valid_end_?	 $|BC|=4\sqrt{3}$ cm, $|DC|=x$ cm Yukarıdaki verilere göre, $|DC|=x$ kaç cm'dir?
3b017695-4e9b-56d7-9e81-7e3aed7709e7	Bilgi Sarmalı-Tyt Ayt-Geometri Soru Bankası	48	9.	436	ok	valid_end_?	ldüğünde D noktası D' noktasına üzerine geliyor. Buna göre, $|A'D'|$ kaç cm'dir?
73fdd5fe-2c29-50a7-84dd-b7ebeaaefeb0	Bilgi Sarmalı-Tyt Ayt-Geometri Soru Bankası	50	6	162	ok	valid_end_?	0$ cm, $[DC]=7$ cm, $[BC]=14$ cm. Yukarıdaki verilere göre, $|AB|=x$ kaç cm'dir?
b933863a-5eea-5f67-a65b-4e4b3d71df27	Bilgi Sarmalı-Tyt Ayt-Geometri Soru Bankası	134	10.	155	ok	valid_end_?	, Alan$(ADK)=12$ br$^2$. Yukarıdaki verilere göre, Alan$(EFCKD)$ kaç br$^2$ dir?
d95608de-a0f7-530b-8fe5-e873275fcde1	Bilgi Sarmalı-Tyt Ayt-Geometri Soru Bankası	150	10	177	ok	valid_end_?	 x$. Yukarıdaki verilere göre, x'in alabileceği en küçük tam sayı değeri kaçtır?
c7d4b770-91eb-5dc3-96a0-950327ab6cf9	Bilgi Sarmalı-Tyt Ayt-Geometri Soru Bankası	162	10	124	ok	valid_end_?	t{EAF})=18^{\circ}$. Yukarıdaki verilere göre, $m(\widehat{EDF})$ kaç derecedir?
de27f28b-f9a0-571f-9c53-9ce8681958db	Bilgi Sarmalı-Tyt Ayt-Geometri Soru Bankası	182	8	206	ok	valid_end_?	. Yukarıdaki verilere göre, $ABCD$ paralelkenarının alanı kaç $\text{cm}^2$ dir?
673d7d21-e9a4-5861-b02c-14d8d503d26e	Bilgi Sarmalı-Tyt Ayt-Geometri Soru Bankası	188	9.	146	ok	valid_end_?	$|EF|=4$ $cm$, $|FC|=9$ $cm$ Yukarıdaki verilere göre, $A(ABCD)$ kaç $cm^2$ dir?
ab26125d-589e-553c-82a3-0920410fbdd3	Bilgi Sarmal 2024 Tyt Kimya Soru Bankasi	78	8	57	ok	valid_end_?	Yukarıdaki bileşik adlandırmalarından hangisi yanlış-tır?
5cef48f6-6565-510d-9ada-9ca20d63b7bc	Bilgi Sarmalı-Tyt Ayt-Geometri Soru Bankası	190	10	336	ok	valid_end_?	an gözlüğün, camlarının ön yüzeylerinin alanları toplamı kaç $\text{cm}^2$ olur?
c0137476-281f-5bad-8eee-0bc85181d2a5	Bilgi Sarmalı-Tyt Ayt-Geometri Soru Bankası	346	9.	183	ok	valid_end_?	8)$, $B(7, b)$ ve $C(a, 4)$'tür. Yukarıdaki verilere göre, $a+b$ toplamı kaçtır?
84fce5aa-8025-52f2-a846-70ac4a979c26	Bilgi Sarmalı-Tyt Ayt-Geometri Soru Bankası	62	8	180	ok	valid_end_?	BD] = 5\sqrt{3}$ br. Yukarıdaki verilere göre, $|AB| + |AC|$ toplamı kaç br'dir?
7e0bd894-7d28-57c9-892e-a329debfccb4	Bilgi Sarmalı-Tyt Ayt-Geometri Soru Bankası	62	12	144	ok	valid_end_?	 4[DI]$, $[DE] = 3\sqrt{3}$ cm. Yukarıdaki verilere göre, $[EF] = x$ kaç cm'dir?
bb966020-20d8-50d2-988a-8b61b6409071	Bilgi Sarmalı-Tyt Ayt-Geometri Soru Bankası	62	11	94	ok	valid_end_?	enar üçgen, $[BD] = [DC]$, $[KC] = 4$ birim. Buna göre, $[AE] = x$ kaç birimdir?
6d6c0c8a-e175-5b8f-bdc3-8b12d5b3d766	Bilgi Sarmalı-Tyt Ayt-Geometri Soru Bankası	66	8	134	ok	valid_end_?	 $|AD|=|FE|$. Yukarıdaki verilere göre, $m(\widehat{CBF})=\alpha$ kaç derecedir?
056e3cfb-9791-56e3-bbd5-0dc7555d81e6	Bilgi Sarmalı-Tyt Ayt-Geometri Soru Bankası	82	11	196	ok	valid_end_?	|BK|=6$ cm, $|LC|=4$ cm. Yukarıdaki verilere göre, $|DK|-|DL|$ farkı kaç cm'dir?
c2deb51a-ccc4-5a14-8d52-6aec6add6e9d	Bilgi Sarmalı-Tyt Ayt-Geometri Soru Bankası	82	12	186	ok	valid_end_?	D|=10$ birim, $|AD|=4$ birim, $|BC|=11$ birim. Buna göre, $|AC|=x$ kaç birimdir?
7078ab9e-66a4-55d0-8f20-ba97d7ef4c18	Bilgi Sarmalı-Tyt Ayt-Geometri Soru Bankası	96	Soru 3	358	ok	valid_end_?	 $|BC| = 10$ cm, $|A_1H_2| = 13$ cm Yukarıdaki verilere göre, $|AH|$ kaç cm dir?
1f278fa0-f61b-5f8e-81ff-245c178adee9	Bilgi Sarmalı-Tyt Ayt-Geometri Soru Bankası	102	12.	164	ok	valid_end_?	{ACD}) = 110^\circ$. Yukarıdaki verilere göre, $m(\widehat{ABC})$ kaç derecedir?
d24ece9b-5814-58ec-a144-6f679bbe0bd6	Bilgi Sarmalı-Tyt Ayt-Geometri Soru Bankası	116	5	264	ok	valid_end_?	xt{AC}| = 8$ cm $|\text{AB}| = |\text{AE}|$ Buna göre, $|\text{DC}|$ kaç cm dir?
ff9d872b-d1e8-578d-8d3d-82ecaed565dc	Bilgi Sarmalı-Tyt Ayt-Geometri Soru Bankası	124	8	147	ok	valid_end_?	 $|AB| = 16$ cm, $|AC| = 32$ cm Yukarıdaki verilere göre, $|DE| = x$ kaç cm'dir?
80020892-ef4f-50b5-8214-9688acaaf22c	Bilgi Sarmalı-Tyt Ayt-Geometri Soru Bankası	126	9.	146	ok	valid_end_?	, Alan$(DEF) = 6 \text{ cm}^2$. Yukarıdaki verilere göre, $|DB| = x$ kaç cm'dir?
d6aaa433-afd4-56f2-aea6-827feaf8462c	Bilgi Sarmalı-Tyt Ayt-Geometri Soru Bankası	208	7	184	ok	valid_end_?	=6$ cm ve $A(ABC)=48$ cm$^2$. Yukarıdaki verilere göre, $A(DEC)$ kaç cm$^2$ dir?
b2884d7f-5ada-5abd-9959-515773423cfc	Bilgi Sarmalı-Tyt Ayt-Geometri Soru Bankası	214	8	161	ok	valid_end_?	 $|ED| = 6 \text{ cm}$ Yukarıdaki verilere göre, $|EF| = x$ kaç $\text{cm}$'dir?
e8c43781-be37-5453-98c2-08084703ac9f	Bilgi Sarmalı-Tyt Ayt-Geometri Soru Bankası	228	6	122	ok	valid_end_?	[DF]$, $|DE| = 3$ cm, $|EF| = 6$ cm Yukarıdaki verilere göre, $|BE|$ kaç cm'dir?
aca94ada-aaf2-52e9-8ac5-ead41e9a258b	Bilgi Sarmalı-Tyt Ayt-Geometri Soru Bankası	240	9	152	ok	valid_end_?	|AD| = 3$ cm ve $|AB| = 12$ cm. Yukarıdaki verilere göre, $|BC| = x$ kaç cm'dir?
b9b721f5-6cde-5d96-9019-9b04d3786058	Bilgi Sarmalı-Tyt Ayt-Geometri Soru Bankası	242	8.	183	ok	valid_end_?	 $|AB|=2\sqrt{5} \text{ cm}$'dir. Yukarıdaki verilere göre, $|FC|=x$ kaç cm'dir?
5ef86f95-2a54-529a-a4d5-4b04290d68d3	Bilgi Sarmalı-Tyt Ayt-Geometri Soru Bankası	242	10.	204	ok	valid_end_?	 \text{ birim}$'dir. Buna göre, ABCD yamuksal bölgesinin alanı kaç birimkaredir?
3440c2f8-4c51-5cd5-a9eb-d981f6d05a9d	Bilgi Sarmalı-Tyt Ayt-Geometri Soru Bankası	246	9	177	ok	valid_end_?	|AB| = 12$ cm, $|DE| = |EC|$. Yukarıdaki verilere göre, $A(BEF)$ kaç $cm^2$ dir?
db97001f-d169-5be4-b5f8-f38face70369	Bilgi Sarmalı-Tyt Ayt-Geometri Soru Bankası	246	10	132	ok	valid_end_?	 $|DE| = 10$ cm, $|DC| = 15$ cm Yukarıdaki verilere göre, $|EB| = x$ kaç cm'dir?
a18d5378-4319-5801-9adb-872f090e5584	Bilgi Sarmalı-Tyt Ayt-Geometri Soru Bankası	248	7	192	ok	valid_end_?	{ cm}^2$. Yukarıdaki verilere göre, $DFC$ üçgeninin alanı kaç $\text{cm}^2$ dir?
656fb48b-6a95-508a-bb04-96ba8a8b724c	Bilgi Sarmalı-Tyt Ayt-Geometri Soru Bankası	248	10	235	ok	valid_end_?	$|AB| = 14 \text{ cm}$ Yukarıdaki verilere göre, $|EF| = x$ kaç $\text{cm}$'dir?
dceabdc8-ba2e-54ba-8fcb-2ba4263f005e	C1CELL-2024-Problemler Soru Bankası	133	7	653	ok	valid_end_?	TL olduğuna göre, kaç adet bozuk para olması gereken bölümden farklı bölümdedir?
4ea352f7-32fb-582a-b572-e7d6f59bb183	C1CELL-2025-Matematik Soru Bankası	98	7	216	ok	valid_end_?	r. Parabolün simetri ekseni $x=a-6$ doğrusu olduğuna göre, $a+b$ toplamı kaçtır?
d274c236-a855-5809-9aba-f1b98780d18f	Bilgi Sarmal 2024 Tyt Kimya Soru Bankasi	154	11	228	ok	valid_end_)	 tepkimeyle ilgili, çizilen grafiklerden hangileri doğrudur? ($O$: 16, $Mg$: 24)
7cc82365-157f-5f63-9222-3e5f4fa11966	C1CELL-2025-Matematik Soru Bankası	139	7.	126	ok	valid_end_?	, $|AB|=6$ br, $|BC|=4$ br, $m(\widehat{DAB})=x$ olduğuna göre, $\cos x$ kaçtır?
27630fe6-c8c9-5330-9254-00b873379628	C1CELL-2025-Matematik Soru Bankası	139	9.	169	ok	valid_end_?	ukarıda verilenlere göre, $|DC|$'nin x türünden eşit aşağıdakilerden hangisidir?
170ec88b-e142-5a06-a0b3-3f3196426636	C1CELL-2025-Matematik Soru Bankası	139	11.	195	ok	valid_end_?	t{EAB})=x$ olduğuna göre, $|FB|$'nin x türünden eşit aşağıdakilerden hangisidir?
9e25c9ee-198e-5574-a35b-c25b070c6370	C1CELL-2024-TYT-AYT-Geometri Soru Bankası	80	8	166	ok	valid_end_?	C]$ olarak veriliyor. $|AE|=6$ br, $|EF|=2$ br olduğuna göre, $|BC|$ kaç br'dir?
61c5178c-4d83-5d3b-9d5e-e62235d4ad22	C1CELL-2024-TYT-AYT-Geometri Soru Bankası	80	10	162	ok	valid_end_?	]$ olarak veriliyor. $|AE|=16$ br, $|EC|=4$ br olduğuna göre, $|AD|$ kaç br'dir?
b747c58f-2668-5840-b163-698c3ea0bf87	C1CELL-2024-TYT-AYT-Geometri Soru Bankası	80	12	186	ok	valid_end_?	E|=3\sqrt{3}$ br ve $|EC|=3$ br olduğuna göre, ABC üçgeninin çevresi kaç br'dir?
36361b3c-d78b-5b7e-b9e8-99444f880d9b	C1CELL-2024-TYT-AYT-Geometri Soru Bankası	82	8	102	ok	valid_end_?	|$, $|AD|=|DC|=10$ br, $|BD|=9$ br ve $|AC|=16$ br Buna göre, $|AB|$ kaç br'dir?
d90f363e-4621-578b-92d5-f6f549cfe314	C1CELL-2024-TYT-AYT-Geometri Soru Bankası	82	10	129	ok	valid_end_?	C})$, $|AB|=5$ br ve $|BC|=11$ br olarak veriliyor. Buna göre $|AC|$ kaç br'dir?
ccc8914f-2e3c-5f8f-9e12-6b3721c1dc43	C1CELL-2024-TYT-AYT-Geometri Soru Bankası	82	11	95	ok	valid_end_?	AD|=|AC|$, $|BD|\cdot|DC|=80$ br$^2$, $|AB|=12$ br Buna göre, $|AD|$ kaç br'dir?
7499f044-a352-5c7a-ab8f-f212a3e1191d	C1CELL-2024-TYT-AYT-Geometri Soru Bankası	82	12	146	ok	valid_end_?	at{BCD})=30^\circ$, $|AB|=|BC|$, $|BD|=|AC|=12$ br Buna göre, $|CD|$ kaç br'dir?
203e5229-2939-518d-a9d2-0bcf70aab22a	C1CELL-2024-TYT-AYT-Geometri Soru Bankası	86	8	150	ok	valid_end_?	AC]$, $|AB| = |AC|$, $|BH| = 6$ br, $|DE| = 5$ br. Buna göre, $|EF|$ kaç br'dir?
caf6d63e-6c4f-57ae-b60a-ea686636a12a	C1CELL-2025-Matematik Soru Bankası	155	5	129	ok	valid_end_?	, $|EB|=4$ br, $m(\widehat{ADC})=x$. Yukarıda verilenlere göre, $\tan x$ kaçtır?
01a7f11e-5409-5562-9bd4-2dd7e7a44412	C1CELL-2024-TYT-AYT-Geometri Soru Bankası	86	10	181	ok	valid_end_?	rak veriliyor. $|BE| = 17$ br ve $|DE| = 8$ br olduğuna göre, $|AE|$ kaç br'dir?
be2e0342-9802-5ee8-bb90-b65215bbd2f6	Bilgi Sarmal 2024 Tyt Kimya Soru Bankasi	106	9	139	ok	valid_end_?	nda oluşturdukları kararlı bileşik ile ilgili aşağıdakilerden hangisi yanlıştır?
47c8ce39-ce04-5603-ac8f-d726f1b69a97	C1CELL-2024-TYT-AYT-Geometri Soru Bankası	88	8.	207	ok	valid_end_?	40$ br, $[DH] + [EK] = 12$ br ve $|AB| = |AC|$ olduğuna göre, $|HK|$ kaç br'dir?
0da97c5c-613a-542f-9133-cb02f698f0a6	C1CELL-2024-TYT-AYT-Geometri Soru Bankası	88	9.	140	ok	valid_end_?	allel [AB]$, $[BK] \parallel [AC]$, $|AK| = 6$ br. Buna göre, $|AB|$ kaç br'dir?
f6b67513-ec33-58c2-b3f1-f91bf01c4791	C1CELL-2024-TYT-AYT-Geometri Soru Bankası	36	11.	173	ok	valid_end_?	$ olarak veriliyor. $|EC|=|DC|$ olduğuna göre, $m(\widehat{ACB})$ kaç derecedir?
f9b27a52-0b20-53e5-8fd6-f94f2a23f09b	C1CELL-2025-Matematik Soru Bankası	167	7	136	ok	valid_end_?	m(\widehat{ECD})=2\alpha$ Yukarıda verilenlere göre, $\tan\alpha$ değeri kaçtır?
95c9d09f-f3e9-51e8-919c-a461b0d0a134	C1CELL-2024-TYT-AYT-Geometri Soru Bankası	38	12.	148	ok	valid_end_?	=a$ br, $|AD|=\sqrt{2-a^2}$ br'dir. Buna göre, $m(\widehat{BDC})$ kaç derecedir?
d39e9d7b-6ed9-5c09-bdfb-2049c1ec1b04	C1CELL-2025-Matematik Soru Bankası	169	7.	120	ok	valid_end_?	$, $|AC| = 4$ br, $|AB| = 6$ br. Yukarıda verilenlere göre, $|BC|$ kaç birimdir?
9369c84f-786f-518c-989d-8f042c7f802f	C1CELL-2024-TYT-AYT-Geometri Soru Bankası	44	8	263	ok	valid_end_?	idehat{DCD'}$) = $124^ ext{o}$'dir. Buna göre, m($\widehat{BAC}$) kaç derecedir?
e31a70ef-5f3f-5978-af6f-f855660a7d7d	C1CELL-2024-TYT-AYT-Geometri Soru Bankası	51	11	139	ok	valid_end_?	D| = |DC| + 2$ br, $|EC| = |DC|$ ve $|AE| = 2$ br. Buna göre, $|AB|$ kaç br'dir?
98b45d8d-3984-5eb1-bfa0-dbc1c4476cb3	Aktif Ogrenme 2025 Tyt Fizik Soru Bankası	78	Örnek: 15	307	ok	valid_end_?	. Gemiye etki eden kaldırma kuvveti değişmez. yargılarından hangileri yanlıştır?
995b010f-65cb-5d75-8fdd-68e7bbb42e20	Bilgi Sarmal 2024 Tyt Kimya Soru Bankasi	136	7	119	ok	valid_end_)	ewis yapısı doğru verilmiştir? ($_{1}H$, $_{8}O$, $_{9}F$, $_{12}Mg$, $_{17}Cl$)
2ed12b59-7ad8-54b9-94b4-b90f51e9288b	Bilgi Sarmalı-Tyt Ayt-Geometri Soru Bankası	262	9	137	ok	valid_end_?	$m(\widehat{DEB})=20^\circ$. Buna göre, $m(\widehat{DCD})=\alpha$ kaç derecedir?
a3664434-c755-5a1f-a611-c7ff039cfcbd	Bilgi Sarmalı-Tyt Ayt-Geometri Soru Bankası	288	9	178	ok	valid_end_?	$, $|DE| = 4$ cm, $|DF| = 5$ cm Yukarıdaki verilere göre, $|DG| = x$ kaç cm'dir?
ce83c393-a644-5ea3-b1e1-e875900bf4ec	C1CELL-2024-TYT-AYT-Geometri Soru Bankası	11	10	206	ok	valid_end_?	H}) = m(\text{SPN})$ olarak veriliyor. Buna göre, $m(\text{PSM})$ kaç derecedir?
73024935-9993-5adc-bed5-5b28a32c6067	C1CELL-2024-TYT-AYT-Geometri Soru Bankası	14	6.	363	ok	valid_end_?	i arkadaşın yürüdükleri yollar birbirine dik oluyor. Buna göre, $\alpha$ kaçtır?
9b4db4eb-b6b1-5284-839c-9fc6a963d64a	C1CELL-2024-TYT-AYT-Geometri Soru Bankası	14	8.	334	ok	valid_end_?	rc$ dir. Buna göre, diğer kapak ile duvar arasında oluşan dar açı kaç derecedir?
308d6c68-7aca-53bb-8a55-fddfcaca43ad	C1CELL-2024-TYT-AYT-Geometri Soru Bankası	20	9	225	ok	valid_end_?	 = 110^\circ$ olarak veriliyor. Buna göre, $m(\widehat{DCE}) = x$ kaç derecedir?
d6b84480-7cf8-5bcf-ba24-9e27b3bdaf0f	C1CELL-2024-TYT-AYT-Geometri Soru Bankası	65	11	156	ok	valid_end_?	br, $|AB| = 4\sqrt{3}$ br. Buna göre, A ve D noktaları arası uzaklık kaç br'dir?
6dda3d81-9eb2-57e1-8e5e-793a689da089	C1CELL-2024-TYT-AYT-Geometri Soru Bankası	126	8	161	ok	valid_end_?	EF|$, $|DG| = 6$ br, $|AC| = 9$ br. Yukarıdaki verilere göre, $|GF|$ kaç br'dir?
33dd2982-74a4-5ddc-b885-9aa0bdbff147	C1CELL-2024-TYT-AYT-Geometri Soru Bankası	126	9	172	ok	valid_end_?	$ br, $|DC| = 8$ br. Yukarıdaki verilere göre, $\frac{|AH|}{|EC|}$ oranı kaçtır?
1b2a3fb9-ecb6-5dba-bf1b-cdbf15806a0b	C1CELL-2024-TYT-AYT-Geometri Soru Bankası	126	11	128	ok	valid_end_?	BD|$, $|FD| = 6$ br, $|GE| = 4$ br. Yukarıdaki verilere göre, $|AG|$ kaç br'dir?
9da27b39-b953-57c2-a59d-6c466f966ece	C1CELL-2024-TYT-AYT-Geometri Soru Bankası	126	12	201	ok	valid_end_?	D| = x$ br, $|EF| = y$ br. Yukarıdaki verilere göre, $\frac{x}{y}$ oranı kaçtır?
ea7304fd-e0b5-5e25-8377-80f15c6b6522	C1CELL-2024-TYT-AYT-Geometri Soru Bankası	128	9	165	ok	valid_end_?	[AC]$, $|BD| = 2$ br, $|KC| = 6$ br Yukarıdaki verilere göre, $|BC|$ kaç br'dir?
a65fe5a5-7a9b-5dde-b275-133dd9e84c21	C1CELL-2024-TYT-AYT-Geometri Soru Bankası	128	11	154	ok	valid_end_?	 2$ br $|GC| = 1$ br $|HE| = 12$ br Yukarıdaki verilere göre, $|BG|$ kaç br'dir?
acdd4cc2-a64b-5d5a-9942-1a06cab000c2	C1CELL-2024-TYT-AYT-Geometri Soru Bankası	130	8	153	ok	valid_end_?	lel [AC]$, $|BE|=6$ br, $|AB|=15$ br, $|GD|=5$ br. Buna göre, $|BF|$ kaç br'dir?
4caddedb-fb1c-5c21-afa4-dc4a6228b54a	C1CELL-2024-TYT-AYT-Geometri Soru Bankası	130	11	127	ok	valid_end_?	|=2|AL|$, $|FG|=2$ br, $|GC|=4$ br. Yukarıdaki verilere göre, $|AK|$ kaç br'dir?
5593b344-f965-5b62-b0fb-3cf78e7d6164	C1CELL-2024-TYT-AYT-Geometri Soru Bankası	132	8	115	ok	valid_end_?	 \parallel [AC]$, $|FE| = 2|FC|$, $|BG| = |AG|$ olduğuna göre $|GD|$ kaç br'dir?
be6cd388-a1b9-5804-8b1d-725f1c5cdcdc	C1CELL-2024-TYT-AYT-Geometri Soru Bankası	132	9	144	ok	valid_end_?	br, $|AC| = 20$ br, $|AE| = 2|EB|$. Yukarıdaki verilere göre, $|BC|$ kaç br'dir?
06fcbb85-f0dd-5a51-b589-c8a59db20f6e	C1CELL-2024-TYT-AYT-Geometri Soru Bankası	132	10	120	ok	valid_end_?	E| = 2|ED|$, $|DC| = 2|BD|$. Verilenlere göre, $\frac{|BF|}{|AF|}$ oranı kaçtır?
e781d271-dd23-5ec5-8dcd-b01eeba74321	C1CELL-2024-TYT-AYT-Geometri Soru Bankası	132	11	119	ok	valid_end_?	FC|$, $|DG| = |GE|$, $|BE| = 4$ br. Yukarıdaki verilere göre, $|BC|$ kaç br'dir?
007be82a-1ada-5639-98dd-c63cc04ad98a	C1CELL-2024-TYT-AYT-Geometri Soru Bankası	134	9	171	ok	valid_end_?	40^{\circ}$ ve $[AE] \perp [AF]$ olarak veriliyor. Buna göre, $|AE|$ kaç br'dir?
2a7a8565-c73d-57f9-bf38-85dcad879417	C1CELL-2024-TYT-AYT-Geometri Soru Bankası	134	12	44	ok	valid_end_?	Yukarıdaki verilere göre, $|BC|$ kaç br'dir?
98ee1ed9-8b99-50d5-b81b-af744fa2ff41	C1CELL-2024-TYT-AYT-Geometri Soru Bankası	136	12.	173	ok	valid_end_?	2$ br, $|EF|=3$ br, $|BK|=4$ br, $|KC|=8$ br. Buna göre, $|KF|-|DK|$ kaç br'dir?
4560071a-ff4c-5a13-930a-fcecf0a57677	C1CELL-2024-TYT-AYT-Geometri Soru Bankası	138	11	85	ok	valid_end_?	=4$ br, $|AB|=4$ br, $|CD|=4$ br. Yukarıdaki verilere göre, $|AC|$ kaç birimdir?
a167b0d9-4712-51de-b155-7f89776c82b0	C1CELL-2024-TYT-AYT-Geometri Soru Bankası	138	9	101	ok	valid_end_?	|AC|=6$ br, $m(\widehat{DAC})=m(\widehat{BAD})$. Buna göre, $|AB|$ kaç birimdir?
3920010f-960b-5271-b694-dfa8c1901959	C1CELL-2024-TYT-AYT-Geometri Soru Bankası	147	10.	208	ok	valid_end_?	K| = 3$ br ve $|KE| = 4$ br olduğuna göre, $ABC$ üçgeninin alanı kaç $br^2$ dir?
b78e4720-2f2a-5303-bcab-5b241c6d646c	C1CELL-2024-TYT-AYT-Geometri Soru Bankası	150	7	107	ok	valid_end_?	, $|EC|=3|AE|$. Yukarıdaki verilere göre, $\frac{A(DBCE)}{A(ADE)}$ oranı kaçtır?
0cfc2f61-14c8-506c-a0b4-d8c47517caa0	C1CELL-2024-TYT-AYT-Geometri Soru Bankası	150	8	207	ok	valid_end_?	$br^2$ cinsinden alanları olduğuna göre, $\frac{S_1+S_3}{S_2+S_3}$ oranı kaçtır?
5a926925-f34a-533a-98b2-356c035439f7	C1CELL-2024-TYT-AYT-Geometri Soru Bankası	150	9	120	ok	valid_end_?	$, $|FC|=2|BD|$. Yukarıdaki verilere göre, $\frac{A(BGD)}{A(ECF)}$ oranı kaçtır?
d6debd32-48a1-56b0-b297-4b78ccd37fdb	C1CELL-2024-TYT-AYT-Geometri Soru Bankası	150	10	182	ok	valid_end_?	E|$ olarak veriliyor. Yukarıdaki verilere göre, mavi boyalı alan kaç $br^2$ dir?
4de5ed31-5d00-5c51-a430-a02433837ee1	C1CELL-2024-TYT-AYT-Geometri Soru Bankası	281	9.	148	ok	valid_end_?	AC|=2$ br, $|BC|=8$ br. Yukarıda verilenlere göre, çemberin yarıçapı kaç br'dir?
a78bd1bc-f6db-5624-b8ba-a28c97b9daf5	C1CELL-2024-TYT-AYT-Geometri Soru Bankası	281	10.	122	ok	valid_end_?	AB|=6$ br, $|BC|=4$ br. Yukarıda verilenlere göre, çemberin yarıçapı kaç br'dir?
e3e83a55-45fe-56cf-8175-9ee4932c9bae	C1CELL-2024-TYT-AYT-Geometri Soru Bankası	281	11.	137	ok	valid_end_?	oğrusal, $|AE|=6$ br, $|EF|=2$ br. Yukarıda verilenlere göre, $|CD|$ kaç br'dir?
17e0b862-fd70-5738-9971-a3729a224344	C1CELL-2024-TYT-AYT-Geometri Soru Bankası	285	8.	141	ok	valid_end_?	rc$, $m(\widehat{CAD}) = 30^\circ$. Buna göre, $m(\widehat{DEA})$ kaç derecedir?
96896513-858c-5912-8218-0b31fd28869c	C1CELL-2024-TYT-AYT-Geometri Soru Bankası	289	8	157	ok	valid_end_?	t{ACF})=30^{\circ}$ Yukarıda verilenlere göre, $m(\widehat{AEB})$ kaç derecedir?
a8e2422d-d359-5c3f-a616-7716c077d8c5	C1CELL-2024-TYT-AYT-Geometri Soru Bankası	289	12	97	ok	valid_end_?	EF|$, $m(\widehat{BKC})=80^{\circ}$ Buna göre, $m(\widehat{EDC})$ kaç derecedir?
66697ffc-b76e-5080-b2c1-20437e00171d	C1CELL-2024-TYT-AYT-Geometri Soru Bankası	291	11	169	ok	valid_end_?	m(\widehat{BDC}) = 22^{\circ}$'dir. Buna göre, $m(\widehat{AFE})$ kaç derecedir?
976ec834-1890-5364-b73e-451246f01a2b	C1CELL-2024-TYT-AYT-Geometri Soru Bankası	293	8	113	ok	valid_end_?	AL|=12$ br $|KF|=4$ br $|DL|=|CK|$ Yukarıda verilenlere göre, $|EK|$ kaç br'dir?
de200a17-6679-5571-a40d-50d3d5d5131b	C1CELL-2024-TYT-AYT-Geometri Soru Bankası	293	10	114	ok	valid_end_?	 \perp [EF]$ $|BK|=4$ br, $|AK|=2$ br, $|KC|=6$ br Buna göre, $|KD|$ kaç br'dir?
65d2736f-1084-5541-b0f5-a50fafe92d5b	C1CELL-2024-TYT-AYT-Geometri Soru Bankası	299	8.	158	ok	valid_end_?	r, $|CF|=13$ br, $|EF|=10$ br, $|OE|=x$ br. Yukarıda verilenlere göre, x kaçtır?
e18372ae-23a9-56f3-8a16-abd8d2443c78	C1CELL-2024-TYT-AYT-Geometri Soru Bankası	309	9	183	ok	valid_end_?	arıda verilenlere göre, yeşil boyalı bölgelerin alanları toplamı kaç $br^2$ dir?
0099ae76-4317-5cdf-92f3-c5c65e29adea	C1CELL-2024-TYT-AYT-Geometri Soru Bankası	88	10.	178	ok	valid_end_?	 |AC|$, $|ED| = 2\sqrt{6}$ br ve $|FK| = 5$ br olduğuna göre, $|BK|$ kaç br'dir?
cf240c7e-abcf-5566-9180-c37bc02b7ad2	C1CELL-2024-TYT-AYT-Geometri Soru Bankası	88	11.	174	ok	valid_end_?	] = 12$ br ve $m(\widehat{ABC}) = 120^{\circ}$ olduğuna göre, $|EF|$ kaç br'dir?
e176d068-bb66-59e7-ba74-8989f9885efd	C1CELL-2025-Matematik Soru Bankası	302	7	228	ok	valid_end_?	ir. $g(x)=x \cdot f^2(x)$ fonksiyonu için $g'(a)=112$ olduğuna göre, $a$ kaçtır?
589e48b6-a60a-5296-b726-e613760d584d	C1CELL-2024-TYT-AYT-Geometri Soru Bankası	88	12.	198	ok	valid_end_?	 $|DE| = 6$ br, $|EF| = 2$ br ve $|FK| = 1$ br olduğuna göre, $|AD|$ kaç br'dir?
41fbaa80-5c3b-5243-8dea-41d5b76856ac	C1CELL-2024-TYT-AYT-Geometri Soru Bankası	95	9	253	ok	valid_end_?	 br, $|NR|=9$ br, $|RS|=6$ br ve $|DM|-2|PR|$'dir. Buna göre, $|PR|$ kaç br'dir?
6e419936-c5d7-5022-8e78-f0025ca92eeb	C1CELL-2024-TYT-AYT-Geometri Soru Bankası	93	12.	200	ok	valid_end_?	or. $|BK|=8\sqrt{3}$ birim ve $|DF|=5$ birim olduğuna göre, $|KE|$ kaç birimdir?
9c513602-df10-5722-9693-e59556fdb442	C1CELL-2024-TYT-AYT-Geometri Soru Bankası	95	10	139	ok	valid_end_?	AB]$, $[KG] \parallel [AC]$, $|FD|+|EG|=6$ br Buna göre, $|AF|+|AG|$ kaç br'dir?
8db3b767-35e5-595f-b2c6-42f59a0520a5	C1CELL-2024-TYT-AYT-Geometri Soru Bankası	105	10	150	ok	valid_end_?	nın açıortayıdır. $|FC|=3|EF|$ ve $|BC|=12$ br olduğuna göre, $|EB|$ kaç br'dir?
f6a3ea1a-2e98-527e-9fdf-ce3bd974e96f	C1CELL-2024-TYT-AYT-Geometri Soru Bankası	105	11	129	ok	valid_end_?	{ACB})=2m(\widehat{ADB})$ $|EC|=2|EB|$ $|AC|=8$ br Buna göre, $|AB|$ kaç br'dir?
316db4ca-c3a0-51a0-b452-dd6c9a1ce740	Bilgi Sarmal 2025 Tyt Kimya Video Ders Kitabı	66	SIRA SENDE - 7	131	ok	valid_end_?	i verilmiştir. Buna göre bu katıların türleri hangi seçenekte doğru verilmiştir?
65db6845-0e2a-5c80-8443-5189a3c3e0f1	Bilgi Sarmal 2025 Tyt Kimya Video Ders Kitabı	74	SIRA SENDE - 19	320	ok	valid_end_?	i gazların sıcaklığı $273 \text{ Kelvin}$'dir. yargılarından hangileri doğrudur?
f1481c52-89db-5186-8b66-dea20dbac446	Bilgi Sarmal 2025 Tyt Kimya Video Ders Kitabı	76	SIRA SENDE - 21	262	ok	valid_end_?	rasında kinetik enerjisi artmıştır. yargılarından hangileri kesinlikle doğrudur?
d82c650a-39d0-5d79-9eed-93b53b9017a6	Bilgi Sarmal 2025 Tyt Kimya Video Ders Kitabı	76	BİRLİKTE ÇÖZELİM	382	ok	valid_end_?	t değerinden daha büyük değerde sabit kalırdı. ifadelerinden hangileri doğrudur?
5c8a41bb-bb10-5226-8c34-d995cfebe87b	C1CELL-2024-TYT-AYT-Geometri Soru Bankası	105	12	148	ok	valid_end_?	nın açıortayıdır. $2|AD|=3|AE|$ ve $|BD|=9$ br olduğuna göre, $|BE|$ kaç br'dir?
74811650-eb7b-5be8-a13c-ead673a1ba37	C1CELL-2024-TYT-AYT-Geometri Soru Bankası	111	8.	163	ok	valid_end_?	widehat{ACB})=45^\circ$ ve $|AC|=6\sqrt{3}$ br olduğuna göre, $|AB|$ kaç br'dir?
fccfb5bb-8011-5779-aa32-d5f858ea455a	C1CELL-2024-TYT-AYT-Geometri Soru Bankası	111	10.	206	ok	valid_end_?	iyor. $|DC|=7$ br, $|AC|=10$ br ve $|BC|=9$ br olduğuna göre, $|AB|$ kaç br'dir?
1688d5d1-af18-53f0-ad0d-51b67ff8ea23	C1CELL-2024-TYT-AYT-Geometri Soru Bankası	111	11.	155	ok	valid_end_?	kezi. $|BD|=2$ br, $|DC|=5$ br ve $|EC|=10$ br olduğuna göre, $|BE|$ kaç br'dir?
cb066f29-a199-5917-88b0-18a63dafa6df	C1CELL-2024-TYT-AYT-Geometri Soru Bankası	113	8	137	ok	valid_end_?	AC]$, $[AD]\perp[BC]$, $|AE|=6$ br ve $|FD|=2$ br. Buna göre, $|BE|$ kaç br'dir?
20ba4bd4-f276-5970-acfb-409625119976	C1CELL-2024-TYT-AYT-Geometri Soru Bankası	113	9	139	ok	valid_end_?	|=8$ br, $|BF|=4$ br ve $|AF|=\frac{24}{5}$ br olduğuna göre, $|AE|$ kaç br'dir?
ec3ef042-85be-524e-9ac2-c5d65a3a8860	C1CELL-2024-TYT-AYT-Geometri Soru Bankası	113	10	131	ok	valid_end_?	ı, $[AB]\perp[BC]$, $|AB|=6$ br ve $|BD|=2$ br olduğuna göre, $|DE|$ kaç br'dir?
dec614c8-735f-5f67-a5b9-c2ee74511436	C1CELL-2024-TYT-AYT-Geometri Soru Bankası	113	11	140	ok	valid_end_?	|AB|$, $|ED|=4$ br, $|AD|=6$ br ve $|BD|=8$ br olduğuna göre, $|DC|$ kaç br'dir?
ab477e72-f945-547d-b2ef-d282924874e9	C1CELL-2024-TYT-AYT-Geometri Soru Bankası	113	12	138	ok	valid_end_?	E]$, $|AE|=10$ br, $|AD|=8$ br ve $|AB|=13$ br olduğuna göre, $|BC|$ kaç br'dir?
1ce8d4be-d907-59b0-b7e8-a64317b74154	C1CELL-2024-TYT-AYT-Geometri Soru Bankası	152	10.	199	ok	valid_end_?	 $br^2$ ve $A(NFK)=21$ $br^2$ olduğuna göre, ABC üçgeninin alanı kaç $br^2$ dir?
d3a71326-9e07-5a9f-a39b-d0a64375da08	C1CELL-2024-TYT-AYT-Geometri Soru Bankası	152	12.	188	ok	valid_end_?	E|=5$ $br$ ve $|DF|=6$ $br$ olduğuna göre, ABC üçgeninin çevresi kaç $br^2$ dir?
60dec025-920e-5941-8510-7a5662594490	C1CELL-2024-TYT-AYT-Geometri Soru Bankası	155	11	156	ok	valid_end_?	BC| = |BE| = 8$ br, $|ED| = 8$ br. Yukarıda verilenlere göre, $|AB|$ kaç br'dir?
b970825a-27ed-53fe-85fb-0ef218f2715c	C1CELL-2024-TYT-AYT-Geometri Soru Bankası	161	7	160	ok	valid_end_?	ve $|AC|=14$ br olarak veriliyor. Buna göre, BEC üçgeninin alanı kaç $br^2$ dir?
99e7dd48-3b1c-5ef0-98fb-8659f551f409	C1CELL-2024-TYT-AYT-Geometri Soru Bankası	167	7	464	ok	valid_end_)	Not: Sarı + Kırmızı = Turuncu, Sarı + Kırmızı + Mavi = Beyaz rengi verilmiştir.)
35db9c72-4c9d-55ea-aaba-037b8a7d82b6	C1CELL-2024-TYT-AYT-Geometri Soru Bankası	170	8.	181	ok	valid_end_?	. $|AD|=|BD|$ II. $|AC|>|DC|$ III. $|BD|<|DC|$ ifadelerinden hangileri doğrudur?
29606c61-74f0-5973-8bd4-0ca28179bfcd	C1CELL-2024-TYT-AYT-Geometri Soru Bankası	172	9	172	ok	valid_end_?	0$'dır. II. $|b-c|+|a-b|=b$'dir. III. $c<a<2c$ ifadelerinden hangileri doğrudur?
24d4481d-a63d-5dda-9fe8-17b9d130b590	C1CELL-2024-TYT-AYT-Geometri Soru Bankası	178	10	213	ok	valid_end_?	r. Buna göre, $x$'in alabileceği en küçük iki tam sayı değerinin toplamı kaçtır?
cffc059c-eeaa-5ceb-a615-8d149ef523ed	C1CELL-2024-TYT-AYT-Geometri Soru Bankası	187	9	124	ok	valid_end_?	dehat{KDC}) = 20^ ext{o}$, $m(\widehat{BAK}) = x$. Buna göre, $x$ kaç derecedir?
972ac6f2-c41d-5e0d-acaf-3caaee592f54	C1CELL-2024-TYT-AYT-Geometri Soru Bankası	187	10	108	ok	valid_end_?	| = |AK|$, $m(\widehat{KEF}) = x$. Yukarıda verilenlere göre, $x$ kaç derecedir?
ea73f9ac-46bd-583c-953b-1d1768d75858	C1CELL-2024-TYT-AYT-Geometri Soru Bankası	202	10.	189	ok	valid_end_?	rc$, $m(\widehat{FDC}) = 20^\circ$. Buna göre, $m(\widehat{ADE})$ kaç derecedir?
895eca06-68ee-53aa-93b1-e45d34905c6e	C1CELL-2024-TYT-AYT-Geometri Soru Bankası	204	8	154	ok	valid_end_?	2}$ br, $|AB|=7$ br, $|BC|=14$ br. Yukarıda verilenlere göre, $|AD|$ kaç br'dir?
9d653afe-314e-5022-940e-6b1965652f93	C1CELL-2024-TYT-AYT-Geometri Soru Bankası	202	12.	203	ok	valid_end_?	ABF}) = 120^\circ$. Yukarıda verilenlere göre, $m(\widehat{AEC})$ kaç derecedir?
6400a6bc-684a-54cb-bddd-ff535d3393ca	C1CELL-2024-TYT-AYT-Geometri Soru Bankası	204	10	149	ok	valid_end_?	]=[AD]$, $[BH]=2$ br, $[CD]=4$ br. Yukarıda verilenlere göre, $|HC|$ kaç br'dir?
7218a965-1129-5160-9d48-66631d28e804	C1CELL-2024-TYT-AYT-Geometri Soru Bankası	204	12	159	ok	valid_end_?	ABC})+m(\widehat{BCD})=120^\circ$. Yukarıda verilenlere göre, $|EF|$ kaç br'dir?
62f48ab7-2e8f-535a-a4f3-9fee466c7d9a	C1CELL-2024-TYT-AYT-Geometri Soru Bankası	206	11.	187	ok	valid_end_?	24 \text{ br}$ Yukarıda verilenlere göre, ABCD dörtgeninin alanı kaç $br^2$ dir?
bdf36019-97ca-55f3-8d7e-c36646129ec0	C1CELL-2024-TYT-AYT-Geometri Soru Bankası	215	8	171	ok	valid_end_?	) + m(\widehat{CBA}) = 90^ ext{o}$ Yukarıda verilenlere göre, $|EF|$ kaç br'dir?
ec79e729-fe0d-5839-a7cf-f34c9d370f3b	C1CELL-2024-TYT-AYT-Geometri Soru Bankası	215	11	171	ok	valid_end_?	}$ $m(\widehat{DAB}) = 71^ ext{o}$ Yukarıda verilenlere göre, $|AB|$ kaç br'dir?
8409cc12-fc38-534e-9bc3-99f683350bd3	C1CELL-2024-TYT-AYT-Geometri Soru Bankası	217	8	203	ok	valid_end_?	|CD| = 2|DF|$ C, D ve F doğrusal Yukarıda verilenlere göre, $|DF|$ kaç birimdir?
53c1eefb-95fd-5a59-a0cd-9621e824d62d	C1CELL-2024-TYT-AYT-Geometri Soru Bankası	217	11	139	ok	valid_end_?	C|$ $|AB| = 8$ br $|DC| = 12$ br Yukarıda verilenlere göre, $|AD|$ kaç birimdir?
01701d47-6b9d-5306-abd3-22ebb4bb6161	C1CELL-2024-TYT-AYT-Geometri Soru Bankası	219	9.	115	ok	valid_end_?	$3|AB|=4|DC|$, $|DE|=2|AE|$ olduğuna göre, $\frac{A(EDC)}{A(CEB)}$ oranı kaçtır?
2210ab28-4cab-54c8-94ab-fd4ae0fba95f	C1CELL-2024-TYT-AYT-Geometri Soru Bankası	219	11.	188	ok	valid_end_?	FC|$, $A(HBCF)=18$ $br^2$ olduğuna göre, $A(GHFE)-A(AGED)$ farkı kaç $br^2$ dir?
fc6bc4ec-f963-51cb-a4b9-fb79f872933a	C1CELL-2024-TYT-AYT-Geometri Soru Bankası	219	12.	130	ok	valid_end_?	ED)$, $|FB|=12$ br, $|EC|=2$ br, $|AF|=5$ br olduğuna göre, $|DE|$ kaç birimdir?
33175eca-9c5d-5f4e-94af-b5da98a34c22	C1CELL-2024-TYT-AYT-Geometri Soru Bankası	221	8.	150	ok	valid_end_?	|DC| = 8$ br $|AB| = 10$ br Yukarıda verilenlere göre, $A(ABCD)$ kaç $br^2$ dir?
acfda925-6976-5ff2-8e70-8d7f0fc0d47d	C1CELL-2024-TYT-AYT-Geometri Soru Bankası	221	11.	149	ok	valid_end_?	$|AB| = 8$ br $|DC| = 2$ br Yukarıda verilenlere göre, $A(ABCD)$ kaç $br^2$ dir?
b22c8249-3e80-5515-ba95-01ca3c8c0db1	C1CELL-2024-TYT-AYT-Geometri Soru Bankası	221	12.	199	ok	valid_end_?	(\widehat{ECB}) = 60^\circ$ Yukarıda verilenlere göre, $A(ABCD)$ kaç $br^2$ dir?
ed8a1533-96fb-504b-8d8b-4e60a10653d4	C1CELL-2024-TYT-AYT-Geometri Soru Bankası	230	8.	153	ok	valid_end_?	yı, $|DB| = 12$ br, $|DF| = 7$ br. Yukarıda verilenlere göre, $|EF|$ kaç br'dir?
ca4fb9f5-2879-53bb-a782-6f54661f7188	C1CELL-2024-TYT-AYT-Geometri Soru Bankası	230	9.	147	ok	valid_end_?	sal, $|CE| = 2$ br, $|EB| = 6$ br. Yukarıda verilenlere göre, $|DF|$ kaç br'dir?
cec72975-c534-52c0-9f32-3ada7bf1a0d2	C1CELL-2024-TYT-AYT-Geometri Soru Bankası	232	9.	221	ok	valid_end_?	$ br, $|EL| = 6$ br Yukarıda verilenlere göre, $\frac{|ME|}{|MA|}$ oranı kaçtır?
e526bd09-6253-526e-bc2d-92d95bb7a5de	C1CELL-2024-TYT-AYT-Geometri Soru Bankası	232	12.	183	ok	valid_end_?	 = 20$ br Yukarıda verilenlere göre, ABCD paralelkenarının çevresi kaç birimdir?
d78f241a-3215-5cee-bc17-cfca5bf74ac2	C1CELL-2024-TYT-AYT-Geometri Soru Bankası	393	6	325	ok	valid_end_?	eyi eşit alanlı iki bölgeye ayırıyor. Buna göre, karenin alanı kaç birimkaredir?
dfad16ee-fef0-55f2-a68d-1599e1e1de5c	C1CELL-2024-TYT-AYT-Geometri Soru Bankası	20	10	233	ok	valid_end_?	BAE}) = 15^\circ$ olarak veriliyor. Buna göre, $m(\widehat{EAC})$ kaç derecedir?
46a4ee96-5097-5d72-96b3-92d73829c82e	C1CELL-2024-TYT-AYT-Geometri Soru Bankası	22	9	211	ok	valid_end_?	dehat{GDF}) = m(\widehat{FDC})$ olduğuna göre, $m(\widehat{DAC})$ kaç derecedir?
afaa59e2-a22e-50cf-b48f-75c72affe8d0	C1CELL-2024-TYT-AYT-Geometri Soru Bankası	28	9.	121	ok	valid_end_?	, $m(\widehat{ABC})=55^{\circ}$ olduğuna göre, $m(\widehat{DAB})$ kaç derecedir?
c4916411-715a-5878-927d-3016e948328f	C1CELL-2024-TYT-AYT-Geometri Soru Bankası	28	11.	153	ok	valid_end_?	. $m(\widehat{ABC})=69^{\circ}$ olduğuna göre, $m(\widehat{FAC})$ kaç derecedir?
7a7315d4-7648-5b03-b0ed-b9c1ca96e23a	C1CELL-2024-TYT-AYT-Geometri Soru Bankası	243	12	164	ok	valid_end_?	=6$ br, $|HF|=2$ br, $|HK|=6$ br. Yukarıda verilenlere göre, Ç(ABCD) kaç br'dir?
36a7f67e-0bde-53c7-b421-cb3c7058d700	C1CELL-2024-TYT-AYT-Geometri Soru Bankası	245	10	188	ok	valid_end_?	=6$ br, $|BC|=2\sqrt{19}$ br. Yukarıda verilenlere göre, A(ABCD) kaç $br^2$'dir?
6bdc3674-ed59-500e-8a55-42a2a3791f66	C1CELL-2024-TYT-AYT-Geometri Soru Bankası	245	8	141	ok	valid_end_?	|FK|=9$ br, $|EK|=|KB|=6$ br. Yukarıda verilenlere göre, A(ABCD) kaç $br^2$'dir?
dcfbe12c-5808-576f-9081-04409adf4e59	C1CELL-2024-TYT-AYT-Geometri Soru Bankası	251	8	152	ok	valid_end_?	] = 6$ br, $[EC] = 13$ br, $[EF] = x$ br. Yukarıda verilenlere göre, $x$ kaçtır?
dd0f04a2-dc75-5e54-9a0b-bf765d332c47	C1CELL-2024-TYT-AYT-Geometri Soru Bankası	251	11	143	ok	valid_end_?	br, $[AB] = 30$ br, $[FC] = [RC]$. Yukarıda verilenlere göre, $[EF]$ kaç br'dir?
b157a055-9ff9-5043-940b-5477e5d85599	C1CELL-2024-TYT-AYT-Geometri Soru Bankası	251	9	161	ok	valid_end_?	e $G$ doğrusal. Yukarıda verilenlere göre, $m(\widehat{EGC}) = x$ kaç derecedir?
8d77f884-e3a7-5fa0-a53d-231d993e52e8	C1CELL-2024-TYT-AYT-Geometri Soru Bankası	251	12	147	ok	valid_end_?	r, $[EB] = 16$ br, $[BC] = 13$ br. Yukarıda verilenlere göre, $[EF]$ kaç br'dir?
9ea6c387-4ad6-5e28-a44c-098740fc568e	C1CELL-2024-TYT-AYT-Geometri Soru Bankası	253	10.	127	ok	valid_end_?	C|=6$ br $|AD|=10$ br $|DK|=13$ br Yukarıda verilenlere göre, $|AE|$ kaç br'dir?
14a2a8f0-bbce-58ba-8aa4-ae424316e411	C1CELL-2024-TYT-AYT-Geometri Soru Bankası	253	12.	151	ok	valid_end_?	hat{DEC})$ $|AE|=3$ br $|ED|=5$ br Yukarıda verilenlere göre, $|BK|$ kaç br'dir?
124a917e-2867-51e1-8212-bc9b7140dd1b	C1CELL-2024-TYT-AYT-Geometri Soru Bankası	330	12.	237	ok	valid_end_?	 br}$ ve $|DE|=8 \text{ br}$'dir. Buna göre, bu prizmanın hacmi kaç birimküptür?
a15e16ff-cb02-5073-8db1-fe9074f7e0ae	C1CELL-2024-TYT-AYT-Geometri Soru Bankası	332	12	227	ok	valid_end_?	e boyalı yüzeyinin alanı $9\cdot15$ $br^2$ olduğuna göre, hacmi kaç birimküptür?
365be93c-90d1-55af-9882-a333e0779208	C1CELL-2024-TYT-AYT-Geometri Soru Bankası	338	11	140	ok	valid_end_?	180^ ext{o}$ döndürüldüğünde oluşacak kapalı şeklin hacmi kaç $\text{br}^3$ tür?
91d0f454-9fba-5793-a737-c65ec8d47ddb	C1CELL-2024-TYT-AYT-Geometri Soru Bankası	338	12	118	ok	valid_end_?	360^ ext{o}$ döndürüldüğünde oluşacak kapalı şeklin hacmi kaç $\text{br}^3$ tür?
e733342f-b559-5422-8402-5394158bfc2d	C1CELL-2024-TYT-AYT-Geometri Soru Bankası	370	8.	191	ok	valid_end_?	verilmiştir. Buna göre, yeşil boyalı bölgelerin alanları toplamı kaç $br^2$ dir?
800e1a62-2637-5f1f-a126-1c0120829d24	Cap Tyt Fizik Soru Bankası 2023 2024	132	9	211	ok	valid_end_?	tleri tablodaki gibidir. Buna göre hangi cisme sürtünme kuvveti etki etmektedir?
82494fcc-b791-53a7-a8cf-705ee4f09627	Aktif Ogrenme 2025 Tyt Fizik Soru Bankası	71	Örnek 2	319	ok	valid_end_?	nın yoğunluğu artarsa, kaldırma kuvveti artar. yargılarından hangileri doğrudur?
8510c405-90b1-5c11-9e93-ed0e181d95f4	345 2025 Tyt Fizik Soru Bankası	249	8	698	ok	valid_end_?	 durumlar için verilen basınç karşılaştırmalarından hangisi kesinlikle doğrudur?
2db27f11-0f0c-5fa8-92f7-8bb48fcf8a64	Cap Ayt Fizik Soru Bankası 2023 2024	14	7	409	ok	valid_end_?	 tornavidanın dönme eksenine göre torku büyür. yargılarından hangileri doğrudur?
7881540c-1cbf-51df-bdbf-ab178fefaa4c	Bilgi Sarmal 2025 Tyt Kimya Video Ders Kitabı	64	BİRLİKTE ÇÖZELİM	105	ok	valid_end_?	eğişim diyagramı verilmiştir. Buna göre aşağıdaki ifadelerden hangisi yanlıştır?
87a6adaa-aa37-5a1b-9ac3-4f5377867f6c	Cap Ayt Fizik Soru Bankası 2023 2024	129	17	335	ok	valid_end_?	larının yapacağı hareket çeşitleri aşağıdakilerden hangisinde doğru verilmiştir?
ba8f0c16-84c6-598a-b9c0-d4187b623bcc	C1CELL-2024-TYT-Matematik Soru Bankası	202	9	225	ok	valid_end_?	00 gram şeker ile 100 gram sıvı yağının toplam kalorisinden kaç kalori fazladır?
dbf764d1-a26d-57be-8d85-fa363861ad43	Cap Ayt Fizik Soru Bankası 2023 2024	182	9	210	ok	valid_end_?	L'ye sabit hızla gelirken elektriksel kuvvetlerin yaptığı pozitif iş kaç eV'dir?
de7f4468-b9ec-5582-89c5-d5b13dbd8725	Cap Ayt Fizik Soru Bankası 2023 2024	206	30	490	ok	valid_end_?	 Y ve Z noktaları arasındaki ivmeden büyüktür. yargılarından hangileri doğrudur?
e93ea6b7-426f-52bb-8e6e-60ddfe10cc20	Cap Ayt Fizik Soru Bankası 2023 2024	248	5	264	ok	valid_end_?	göre, dalgalar engelleri geçtiğinde verilen görünümlerden hangisi gibi olabilir?
4b3fdf75-b75e-5c0b-9bda-3e8b097161b2	C1CELL-2024-TYT-Matematik Soru Bankası	210	7	410	ok	valid_end_?	}$'u olduğuna göre, işaretledikleri son iki sayı kaç farklı şekilde seçilebilir?
b553836c-1a91-583b-99d5-4111fe8399a9	Bilgi Sarmalı-2024-Ayt-Matematik Soru Bankası	410	7	476	ok	valid_end_?	sine rastgele 4 kez basıldığında çözüm videosunun 1.00'de olma olasılığı kaçtır?
6b37d7be-1033-5074-b8f5-bc3c1a85a91a	C1CELL-2024-TYT-Matematik Soru Bankası	21	14	108	ok	valid_end_?	mak üzere, işlemler veriliyor. Buna göre, eşitliğini sağlayan $a$ değeri kaçtır?
3390e428-14cc-5cb4-b5ab-d52d623ea450	Cap Ayt Tarih Soru Bankasi	128	7	88	ok	valid_end_?	arzları arasındaki farkı gösteren tabloya göre aşağıdakilerden hangisi doğrudur?
bb4e1be3-bbc2-5596-b6bd-2136a8451978	Bilgi Sarmal Turk Dili ve Edebiyatı Sosyal Bilimler 1	113	35	219	ok	valid_end_?	m doğa olayı geniş bölgeleri etkilemiştir. yargılarından hangileri söylenebilir?
59609d17-569f-52ea-bae3-2b1230906220	C1CELL-2024-TYT-Matematik Soru Bankası	66	8	285	ok	valid_end_?	CD yerine en fazla 18 farklı sayı yazılabilir. ifadelerinden hangileri doğrudur?
193cd2cf-b8e9-506e-8e5c-b5b5b30a9a34	C1CELL-2025-Matematik Soru Bankası	50	12	317	ok	valid_end_?	^2-2x^3)$ II. $+(x^2-2x+3)$ III. $-(x^2-2x^2)$ ifadelerinden hangileri olabilir?
721ff998-7b55-5721-a0ef-1b8fea463603	Cap Tyt Fizik Soru Bankası 2023 2024	90	10	358	ok	valid_end_?	göre, havaların daha sıcak olduğu ağustosta $a$ ve $b$ mesafeleri nasıl değişir?
3aa82d2b-2798-57a4-9bb6-75e6129bab2f	Cap Tyt Fizik Soru Bankası 2023 2024	120	6	748	ok	valid_end_?	arasında yapılan iş $1600 \text{ joule}$ olur. yargılarından hangileri doğrudur?
174e727d-d4f2-559d-901b-d4964366ae5b	Egsersiz Tyt Fizik Soru Bankası 2021	262	8	401	ok	valid_end_?	_X$ ve $F_Y$ niceliklerinin değişimleri için aşağıdakilerden hangisi doğru olur?
7aaf1667-d61a-50da-9c4e-bb50af7e7491	Bilgi Sarmalı-2022-2023-Tyt Ayt-Geometri Soru Bankası	250	9.	164	ok	valid_end_?	6$ cm, $2|EC| = |BF|$ Yukarıdaki verilere göre, $A(ABCD)$ kaç $\text{cm}^2$ dir?
15d6880d-148f-5a4a-ab8f-034150f65b83	Fizipedia Tyt Fizik Soru Bankası 2025	340	7	304	ok	valid_end_?	 merceklerin odak uzaklıklarının büyüklük sıralaması aşağıdakilerden hangisidir?
c3946ef4-2197-57b6-a97d-658e0aabeaa1	Bilgi Sarmalı-2022-2023-Tyt Ayt-Geometri Soru Bankası	62	12	130	ok	valid_end_?	 $|AD|=4|DI|$, $|DE|=3\sqrt{3}$ cm. Yukarıdaki verilere göre, $|EF|$ kaç cm'dir?
89da424f-722b-50e8-8cba-a1302a07ae5b	Bilgi Sarmalı-2022-2023-Tyt Ayt-Geometri Soru Bankası	78	8.	142	ok	valid_end_?	2|BD| = 3|DC|$, $|BC| = 15$ cm. Yukarıdaki verilere göre, $|EF| = x$ kaç cm'dir?
679acddf-315f-50d6-a13e-7410814ef4fa	Bilgi Sarmalı-2022-2023-Tyt Ayt-Geometri Soru Bankası	78	12.	153	ok	valid_end_?	, $|EC| = 8$ cm, $|AE| = 4$ cm. Yukarıdaki verilere göre, $|BD| = x$ kaç cm'dir?
ca72ae4e-58ed-53a4-b30e-cacd50490771	Bilgi Sarmalı-2022-2023-Tyt Ayt-Geometri Soru Bankası	80	12	168	ok	valid_end_?	, $|BE| = 6$ cm, $|CD| = 8$ cm. Yukarıdaki verilere göre, $|BC| = x$ kaç cm'dir?
b6d9c094-67d9-54e7-86ff-fc7f51cb1982	C1CELL-2024-TYT-Matematik Soru Bankası	305	12	303	ok	valid_end_?	yıdır. Buna göre, $x$ ve $y$ ikilisi sırasıyla aşağıdakilerden hangisi olabilir?
c116634b-8639-5387-92ce-8b48a2abcb2a	Bilgi Sarmalı-2022-2023-Tyt Ayt-Geometri Soru Bankası	90	8	162	ok	valid_end_?	, $|AE| = 9$ cm, $|AC| = 12$ cm Yukarıdaki verilere göre, $|FC| = x$ kaç cm'dir?
8dec1349-3973-549c-9ac5-90b18dd2da0c	Bilgi Sarmalı-2022-2023-Tyt Ayt-Geometri Soru Bankası	92	9	150	ok	valid_end_?	hat{ACB})=30^\circ$, $|AH|=4$ cm. Yukarıdaki verilere göre, $|PA|=x$ kaç cm'dir?
cbda4cf1-25f6-5eff-a42f-c1eb41f46c4e	Bilgi Sarmalı-2022-2023-Tyt Ayt-Geometri Soru Bankası	102	8	154	ok	valid_end_?	 $|AC| = 12$ cm, $|BE| = 9$ cm, $|EC| = 8$ cm. Buna göre, $|AD| = x$ kaç cm'dir?
8b53653c-4611-5fdf-af32-821ab2365948	Bilgi Sarmalı-2022-2023-Tyt Ayt-Geometri Soru Bankası	280	10	163	ok	valid_end_?	AB|$, $|AB| = 10$ cm, $|BC| = 3$ cm Yukarıdaki verilere göre, $|DC|$ kaç cm'dir?
864c18ec-a35c-57d4-8e0f-eb3e898fd7d6	Bilgi Sarmalı-2022-2023-Tyt Ayt-Geometri Soru Bankası	288	8	204	ok	valid_end_?	 [CE]$, $|CA|=5$ cm, $|DE|=6$ cm. Yukarıdaki verilere göre, $|KF|=x$ kaç cm'dir?
4e5b745c-b921-57b5-8440-387a5d0479b5	Bilgi Sarmalı-2022-2023-Tyt Ayt-Geometri Soru Bankası	288	10	185	ok	valid_end_?	 [DE]$, $|DE|=4$ cm, $|EF|=5$ cm. Yukarıdaki verilere göre, $|DG|=x$ kaç cm'dir?
fdb49036-25f4-5daf-9a43-19b842b4721e	C1CELL-2024-TYT-Matematik Soru Bankası	315	11	115	ok	valid_end_?	erilmiştir. Buna göre, $f(2)$ nin alabileceği tam sayı değerleri toplamı kaçtır?
631b7df0-9125-5e6b-acf1-d5a275ac5d9d	C1CELL-2024-TYT-Matematik Soru Bankası	335	6	374	ok	valid_end_?	lirse rafın sağ ucundan 1 birim boşluk kalıyor. Buna göre, $a-b$ çarpımı kaçtır?
796009a4-6f91-5d24-9fae-6b726d07fa1f	Bilgi Sarmalı-2022-2023-Tyt Ayt-Geometri Soru Bankası	58	10.	158	ok	valid_end_?	idehat{ECB})$, $|AB|=6$ birim, $|AE|=4$ birim. Buna göre, $|EC|=x$ kaç birimdir?
d49b6f76-0dff-5c1b-8cee-4def7f7d11fd	Bilgi Sarmalı-2022-2023-Tyt Ayt-Geometri Soru Bankası	114	7.	280	ok	valid_end_?	$|BC| = 4$ cm. $|DC'| = 10$ cm. Yukarıdaki verilere göre, $|AB| = x$ kaç cm'dir?
928139f6-fc41-51ec-a5ff-d7a27c5e2ae3	Bilgi Sarmalı-2022-2023-Tyt Ayt-Geometri Soru Bankası	124	8	147	ok	valid_end_?	 $|AB| = 16$ cm, $|AC| = 32$ cm Yukarıdaki verilere göre, $|DE| = x$ kaç cm'dir?
884c199d-38b5-50e9-9494-e4144db03746	Bilgi Sarmalı-2022-2023-Tyt Ayt-Geometri Soru Bankası	126	8.	169	ok	valid_end_?	arıdaki verilere göre, $\frac{\text{Alan}(ABD)}{\text{Alan}(BDC)}$ oranı kaçtır?
4b9a6358-b374-5a87-a63f-5e0c120fec6e	Bilgi Sarmalı-2022-2023-Tyt Ayt-Geometri Soru Bankası	130	8	166	ok	valid_end_?	lanı 24 birimkare olduğuna göre, ABC üçgensel bölgesinin alanı kaç birimkaredir?
9053316f-1f70-5f40-90b2-dff4875f375b	Bilgi Sarmalı-2022-2023-Tyt Ayt-Geometri Soru Bankası	130	10	140	ok	valid_end_?	m, $|BC|=6$ cm, $|CD|=8$ cm Yukarıdaki verilere göre, Alan(ABCD) kaç $cm^2$ dir?
ac6f3d00-daaa-52c0-852a-ff87eb23bab3	Bilgi Sarmalı-2022-2023-Tyt Ayt-Geometri Soru Bankası	146	8	153	ok	valid_end_?	$ cm. Yukarıdaki verilere göre, $|BC|$'nin tam sayi değerlerinin toplamı kaçtır?
819198cd-e42b-52dd-92e4-c197424c87cb	Bilgi Sarmalı-2022-2023-Tyt Ayt-Geometri Soru Bankası	186	9	185	ok	valid_end_?	D|=10$ cm. Yukarıdaki verilere göre, $ABCD$ paralelkenarının çevresi kaç cm dir?
79c4f891-54da-59d6-9f37-0c029d0ff75d	Bilgi Sarmalı-2022-2023-Tyt Ayt-Geometri Soru Bankası	194	6	164	ok	valid_end_?	)=45^{\circ}$ Yukarıdaki verilere göre, $m(\widehat{BDE})=\alpha$ kaç derecedir?
c1e451a5-778c-583f-8cbd-ed9c8d4eb4f9	Bilgi Sarmalı-2022-2023-Tyt Ayt-Geometri Soru Bankası	194	7	167	ok	valid_end_?	6$ cm, $|EC|=17$ cm Yukarıdaki verilere göre, Alan$(DEC)$ kaç $\text{cm}^2$ dir?
924c69b3-6f47-5a3a-a3e7-157a0bd4f4ef	Bilgi Sarmalı-2022-2023-Tyt Ayt-Geometri Soru Bankası	200	9	106	ok	valid_end_?	|AB| = [DC] = 6$ cm, $|BD| = 4$ cm. Yukarıdaki verilere göre, $|EC|$ kaç cm'dir?
7f694d5f-722a-5075-8933-160a29264d5b	Bilgi Sarmalı-2022-2023-Tyt Ayt-Geometri Soru Bankası	200	10	148	ok	valid_end_?	^\circ$, $|AB| = |BC| = 4\sqrt{3}$ birim. Buna göre, $A(ABCD)$ kaç birimkaredir?
a41626a6-fcb8-5cf5-92f4-0c3f97ad0f7e	Bilgi Sarmalı-2022-2023-Tyt Ayt-Geometri Soru Bankası	212	7	143	ok	valid_end_?	|DC|=6$ cm, $|DF|=8$ cm. Yukarıdaki verilere göre, $|AD|=x$ kaç $\text{cm}$'dir?
f5067eec-471c-5c56-b409-9fcaf8dc46f1	Bilgi Sarmalı-2022-2023-Tyt Ayt-Geometri Soru Bankası	212	10	132	ok	valid_end_?	D|=15$ cm, $|AE|=11$ cm. Yukarıdaki verilere göre, $|ED|=x$ kaç $\text{cm}$'dir?
c8ab27d0-9eac-5b4f-a918-9086d62ad203	Bilgi Sarmalı-2022-2023-Tyt Ayt-Geometri Soru Bankası	212	11	131	ok	valid_end_?	DC|=9$ cm, $|AD|=13$ cm. Yukarıdaki verilere göre, $|AF|=x$ kaç $\text{cm}$'dir?
81cd4ffa-d71c-5767-b584-13bd04ea5a93	C1CELL-2025-Matematik Soru Bankası	139	10.	169	ok	valid_end_?	ukarıda verilenlere göre, $|BC|$'nin x türünden eşit aşağıdakilerden hangisidir?
d23796e3-68ad-55b3-9416-2c915acadfe6	Bilgi Sarmalı-2022-2023-Tyt Ayt-Geometri Soru Bankası	366	8	152	ok	valid_end_?	$ cm, $|AB|=25$ cm, $|LK|=15$ cm. Yukarıdaki verilere göre, $|BC|=x$ kaç cm'dir?
32656c41-86b1-58eb-aef9-289ff7b33d4f	C1CELL-2025-Matematik Soru Bankası	139	12.	50	ok	valid_end_?	Şekildeki küpte verilenlere göre, $\tan x$ kaçtır?
d2bda1e4-3faf-54e2-b907-53f20e6da826	C1CELL-2025-Matematik Soru Bankası	153	9	212	ok	valid_end_?	|AB|=|CD|$ ve $|FC|=4$ birim olduğuna göre, $\tan(\widehat{BAE})$ değeri kaçtır?
171855b0-c26e-509c-97a7-7788aa6c2772	C1CELL-2025-Matematik Soru Bankası	155	6	123	ok	valid_end_?	, $|EF|=5$ br, $m(\widehat{EKB})=x$. Yukarıda verilenlere göre, $\tan x$ kaçtır?
fc78b2d5-25db-5444-b19a-96dbad516f16	C1CELL-2025-Matematik Soru Bankası	161	11.	194	ok	valid_end_?	BC}$) + cot($\widehat{DBE}$) = $\frac{34}{15}$ olduğuna göre, |AD| kaç birimdir?
84004bfc-8d24-5bcf-a7a0-ed267457885f	C1CELL-2025-Matematik Soru Bankası	163	9	209	ok	valid_end_?	br. Yukarıda verilen kenar uzunluklarına göre $\sin4x$'in pozitif değeri kaçtır?
db41f348-5be7-5ac5-a35d-49a09c35e864	C1CELL-2025-Matematik Soru Bankası	169	8.	125	ok	valid_end_?	r, $|EC| = 7$ br, $|AE| = 2$ br. Yukarıda verilenlere göre, $|BC|$ kaç birimdir?
54976070-9c6f-5120-97a2-ed8efabfd0cb	C1CELL-2025-Matematik Soru Bankası	169	9.	173	ok	valid_end_?	r, $|CD| = 2$ br, $|CE| = 5$ br. Yukarıda verilenlere göre, $|DE|$ kaç birimdir?
5086e43b-c63a-5c57-8bac-04ceb6972701	C1CELL-2025-Matematik Soru Bankası	169	10.	158	ok	valid_end_?	r, $|DE| = 6$ br, $|AB| = 9$ br. Yukarıda verilenlere göre, $|BC|$ kaç birimdir?
a78e1f29-a864-57ce-b1ca-8e41e192975d	Aromat Tyt 2023 2024 Fizik Soru Bankası	319	7	201	ok	valid_end_?	ldeki gibi oluşmaktadır. Buna göre A, B, C toplarının renkleri hangisi olabilir?
a7b3f56f-96f5-593e-bb1d-f47aaa60e8bc	Neofizik Ayt Fizik Soru Bankası 2025	136	6	286	ok	valid_end_?	i sırasıyla $F_K$, $F_L$, $F_M$ olduğuna göre bunlar arasındaki ilişki nasıldır?
945eb17b-221f-5d9a-ae51-433e72acebdd	C1CELL-2025-Matematik Soru Bankası	272	6	336	ok	valid_end_?	$x=2$ değeri I, II ve III numaralı fonksiyonlardan hangilerinin eşik noktasıdır?
7abc7efd-450d-57aa-a75a-a79217a4494a	Bilgi Sarmalı-2022-2023-Tyt-Matematik Soru Bankası	38	7	428	ok	valid_end_?	 $x=a$ noktasında alıyorsa $a \in (4, 5)$ tir. ifadelerinden hangileri doğrudur?
6cdc4f68-f566-5666-a740-364f1d74aca0	Bilgi Sarmalı-2022-2023-Tyt-Matematik Soru Bankası	38	8	242	ok	valid_end_?	 > 0$ II. $b \cdot c > 0$ III. $a \cdot c > 0$ ifadelerinden hangileri doğrudur?
ad1164be-6729-5d6d-b211-7ed10e26341d	Cap Tyt Fizik Soru Bankası 2023 2024	156	9	321	ok	valid_end_?	uladığı kuvvet F ise $q_2$ yükünün $q_3$ yüküne uyguladığı kuvvetler kaç F olur?
578231fb-12f7-5ad0-90b4-0679cb67e533	Bilgi Sarmalı-2022-2023-Tyt-Matematik Soru Bankası	43	15	255	ok	valid_end_?	(x)$ polinomudur. $P(x)=4\cdot(2x^2-x+5)$ olduğuna göre, $a+b+c$ toplamı kaçtır?
8341f034-1b11-51e6-819f-94b49ad047b0	Bilgi Sarmalı-2022-2023-Tyt Ayt-Geometri Soru Bankası	304	10	245	ok	valid_end_?	, $|AC| = 6$ cm'dir. Yukarıdaki verilere göre, $A_2 - A_1$ farkı kaç $cm^2$ dir?
5a43bd32-93d7-5fcf-9b53-faf90833df1c	CAP-2022-2023-TYT AYT-Geometri Soru Bankası	9	6	138	ok	valid_end_?	}$ ve $m(\widehat{ADE}) = 75^ ext{o}$'dir. Yukarıdaki verilere göre, $x$ kaçtır?
504029bb-6022-5780-ae76-b308ce48985f	Bilgi Sarmalı-2022-2023-Tyt Ayt-Geometri Soru Bankası	316	8	84	ok	valid_end_?	EFGH küp, $|EK|=2$ cm, $|KD|=4$ cm. Yukarıdaki verilere göre, $|KB|$ kaç cm dir?
62834922-46d5-5d67-b01e-5033110029ed	CAP-2022-2023-TYT AYT-Geometri Soru Bankası	23	8	141	ok	valid_end_?	ir. Yukarıdaki verilere göre, $x$'in alabileceği tam sayı değerleri kaç tanedir?
39952967-e56b-50f7-8fbc-c9250f137837	CAP-2022-2023-TYT AYT-Geometri Soru Bankası	25	6	175	ok	valid_end_?	B})=20^\circ$ dir. Yukarıdaki verilere göre, $m(\widehat{FCB})=x$ kaç derecedir?
118f2a46-a9b8-5a44-b605-940370854c2f	CAP-2022-2023-TYT AYT-Geometri Soru Bankası	27	6	132	ok	valid_end_?	{CAE})=18^\circ$ dir. Yukarıdaki verilere göre, $m(\text{ABC})=x$ kaç derecedir?
54e9e88a-9223-5ec7-b80a-87e87800f7df	Bilgi Sarmalı-2022-2023-Tyt Ayt-Geometri Soru Bankası	394	8	276	ok	valid_end_?	 da oluyor. Buna göre, son durumda A' noktasının yerden yüksekliği kaç birimdir?
cefc5673-89e3-5dfc-845a-211931978038	Bilgi Sarmalı-2022-2023-Tyt Ayt-Geometri Soru Bankası	396	11	278	ok	valid_end_?	olan P noktasının $x'Oy'$ düzlemindeki koordinatları aşağıdakilerden hangisidir?
40db8f29-e46f-5461-97b4-1aed198e925e	CAP-2022-2023-TYT AYT-Geometri Soru Bankası	33	6	132	ok	valid_end_?	 $|HC|=2|BH|$ ve $|AH|=4$ cm'dir. Yukarıdaki verilere göre, $|AC|=x$ kaç cm dir?
4c4025c1-c781-559f-a76d-a36717466859	CAP-2022-2023-TYT AYT-Geometri Soru Bankası	37	6	145	ok	valid_end_?	 $|ED|=5$ cm ve $|BD|=12$ cm dir. Yukarıdaki verilere göre, $|AB|=x$ kaç cm dir?
ad5e2798-dee4-57e8-be65-79d3ddc2f21b	CAP-2022-2023-TYT AYT-Geometri Soru Bankası	37	8	134	ok	valid_end_?	]$, $|AE|=9$ cm ve $|EB|=6$ cm dir. Yukarıdaki verilere göre, $|EC|$ kaç cm dir?
cf197758-7e3e-5c30-8ece-51e38cd5f06a	CAP-2022-2023-TYT AYT-Geometri Soru Bankası	39	6	153	ok	valid_end_?	C|=4$ cm ve $|DB|=8$ cm'dir. Yukarıdaki verilere göre, Çevre$(ADEF)$ kaç cm'dir?
6885b789-f774-50c2-92c2-b7e858cab0d5	CAP-2022-2023-TYT AYT-Geometri Soru Bankası	47	6	172	ok	valid_end_?	, $|AD|=8$ cm ve $|FE|=3$ cm dir. Yukarıdaki verilere göre, $|PF|=x$ kaç cm dir?
d8ef7d9f-ef53-59e7-ba63-71376eb777f5	CAP-2022-2023-TYT AYT-Geometri Soru Bankası	55	6	206	ok	valid_end_?	 ve $|BC|=y \text{ cm}$'dir. Yukarıdaki verilere göre, $x+y$ toplamı kaç cm dir?
fd39d0ce-9ba0-5165-85ef-505bcc029494	CAP-2022-2023-TYT AYT-Geometri Soru Bankası	61	6	176	ok	valid_end_?	 ve $B, D, C$ doğrusal noktalardır. Yukarıdaki verilere göre, $|BC|$ kaç cm dir?
4db3451b-92d3-5539-9491-dbaf7829f227	CAP-2022-2023-TYT AYT-Geometri Soru Bankası	67	7	136	ok	valid_end_?	, $|ED|=4$ cm ve $|DC|=8$ cm dir. Yukarıdaki verilere göre, $|AC|=x$ kaç cm dir?
6747a88d-d3eb-506c-9d7a-17e787ac03aa	CAP-2022-2023-TYT AYT-Geometri Soru Bankası	77	6	116	ok	valid_end_?	ıortay, $|DE|=4$ cm, $|AD|=2$ cm. Yukarıdaki verilere göre, $|BC|=x$ kaç cm dir?
355d9e01-d507-5a94-8ce1-5ba1cde67d46	CAP-2022-2023-TYT AYT-Geometri Soru Bankası	79	6.	59	ok	valid_end_?	Yukarıdaki verilere göre, $\frac{|AF|}{|HC|}$ oranı kaçtır?
849acfa1-b377-5e0d-b3b5-30dd2c7fc75f	CAP-2022-2023-TYT AYT-Geometri Soru Bankası	81	7	147	ok	valid_end_?	circ}$, $|BD|=2$ cm, $|EC|=4$ cm. Yukarıdaki verilere göre, $|DE|=x$ kaç cm dir?
7fc48ed8-1811-5f0a-b667-fdba96ab8705	CAP-2022-2023-TYT AYT-Geometri Soru Bankası	85	6	142	ok	valid_end_?	cm, $|DE|=4$ cm ve $|BE|=3$ cm dir. Yukarıdaki verilere göre, $EC=x$ kaç cm dir?
d09a983b-a601-5297-a026-04a2bf60648a	CAP-2022-2023-TYT AYT-Geometri Soru Bankası	87	6	149	ok	valid_end_?	=6$ cm. Yukarıdaki verilere göre, $\frac{Alan(BFD)}{Alan(EDC)} $ kaç cm$^2$ dir?
5af0069c-f3a0-5905-bc9f-cedb121382cc	CAP-2022-2023-TYT AYT-Geometri Soru Bankası	89	8.	176	ok	valid_end_?	rıdaki verilere göre, $\frac{\text{Alan}(BFED)}{\text{Alan}(ABC)}$ oranı kaçtır?
42530f88-784b-5ebf-aea3-56ff6533ec6e	CAP-2022-2023-TYT AYT-Geometri Soru Bankası	91	6	159	ok	valid_end_?	$|AC|=4 \text{ cm}$ Yukarıdaki verilere göre, Alan$(BDC)$ kaç $\text{cm}^2$ dir?
967d78b7-c7a3-5b9a-8a2e-437d84efda7f	Cap Ayt Fizik Soru Bankası 2023 2024	172	9	463	ok	valid_end_?	urarak yük büyüklüğünü arttırmak işlemlerinden hangileri tek başına yapılabilir?
b55fa965-13d7-54ec-9ad5-9934a29c8e3c	CAP-2022-2023-TYT AYT-Geometri Soru Bankası	91	10	171	ok	valid_end_?	10 \text{ cm}$ dir. Yukarıdaki verilere göre, Alan$(ADC)$ kaç $\text{cm}^2$ dir?
ea5472cb-cc68-5467-8c05-ea16bac54bf2	CAP-2022-2023-TYT AYT-Geometri Soru Bankası	101	10	131	ok	valid_end_?	D] = |DC| = 12 \text{ cm}$'dir. Yukarıdaki verilere göre, $|AE| = x$ kaç cm'dir?
4418afa2-cd48-50d9-87c6-433eb06b6b52	CAP-2022-2023-TYT AYT-Geometri Soru Bankası	110	14	235	ok	valid_end_?	katlanması ile elde edilmiştir. Yukarıdaki verilere göre, $|BD| = x$ kaç cm'dir?
846034dc-ac26-5986-90d6-48343cec42a3	CAP-2022-2023-TYT AYT-Geometri Soru Bankası	115	17	312	ok	valid_end_?	de iç açılarının sıralaması aşağıdakilerden hangisinde doğru olarak verilmiştir?
83ca70b4-b9f7-59ea-a31c-5fcf6fc40fa2	CAP-2022-2023-TYT AYT-Geometri Soru Bankası	139	6.	194	ok	valid_end_?	BAD}) = 80^ ext{o}$ Yukarıdaki verilere göre, $m(\text{DCB}) = x$ kaç derecedir?
c19a823e-238f-57fc-ad00-929b0870f386	CAP-2022-2023-TYT AYT-Geometri Soru Bankası	143	6	168	ok	valid_end_?	| = 8$ cm, $|AD| = 7$ cm ve $|BC| = 15$ cm olduğuna göre, $|EF| = x$ kaç cm dir?
29bb575e-7575-5977-849f-4a89d0f9431a	CAP-2022-2023-TYT AYT-Geometri Soru Bankası	145	6	161	ok	valid_end_?	cm ve $|DC|=7$ cm dir. Yukarıdaki verilere göre, $|AD|+|BC|$ toplamı kaç cm dir?
f0f36629-8efb-5ff0-9ecb-515e4811d2f6	CAP-2022-2023-TYT AYT-Geometri Soru Bankası	147	6	150	ok	valid_end_?	| = 6$ cm ve $|AD| = 3$ cm'dir. Yukarıdaki verilere göre, $|DC| = x$ kaç cm'dir?
a15afe3e-bb24-5c6c-b79b-65b84bd83aff	CAP-2022-2023-TYT AYT-Geometri Soru Bankası	153	6	143	ok	valid_end_?	, $|FH|=6$ cm ve $|AH|=4$ cm'dir. Yukarıdaki verilere göre, $|FD|=x$ kaç cm dir?
c1131230-5c75-504a-8f45-a72d60da3f49	CAP-2022-2023-TYT AYT-Geometri Soru Bankası	157	6	139	ok	valid_end_?	, $|AB|=6$ cm ve $|AE|=4$ cm dir. Yukarıdaki verilere göre, $|BC|=x$ kaç cm dir?
0a5898f0-bff2-5e3c-aa62-7b386ebfea52	CAP-2022-2023-TYT AYT-Geometri Soru Bankası	159	6	180	ok	valid_end_?	frac{16}{5}$ cm'dir. Yukarıdaki verilere göre, Alan(ABCD) kaç $\text{cm}^2$ dir?
74a6d364-8e46-5b63-a2f7-fe7743d7c3c6	CAP-2022-2023-TYT AYT-Geometri Soru Bankası	167	6	122	ok	valid_end_?	ay, $|AB|=6$ cm, $|BC|=10$ cm dir.Yukarıdaki verilere göre, $|EF|=x$ kaç cm dir?
f0616433-01fc-58e3-8e4e-dd58eaf7368a	CAP-2022-2023-TYT AYT-Geometri Soru Bankası	169	6	139	ok	valid_end_?	 $|AB|=8$ cm ve $|BC|=14$ cm'dir. Yukarıdaki verilere göre, $|FE|=x$ kaç cm dir?
7cd920f0-fdc4-585e-a4f2-286e5dac2f1a	CAP-2022-2023-TYT AYT-Geometri Soru Bankası	173	6	177	ok	valid_end_?	le}{CFE}$)$=12$ cm$^2$ dir. Yukarıdaki verilere göre, Alan(ABCD) kaç cm$^2$ dir?
b78400a1-8221-58eb-9083-07b8cff2c6bb	CAP-2022-2023-TYT AYT-Geometri Soru Bankası	177	6	109	ok	valid_end_?	|=10$ cm, $|DE|=6\sqrt{2}$ cm. Yukarıdaki verilere göre, Çevre(ABCD) kaç cm dir?
d12038b9-5c2f-57c1-8fa5-831d1825a61d	CAP-2022-2023-TYT AYT-Geometri Soru Bankası	183	6	122	ok	valid_end_?	=12$ cm ve $[DE] \perp [AH]$'dir. Yukarıdaki verilere göre, $|EF|=x$ kaç cm dir?
5c9fa4dc-a2a5-5f7c-8aae-259f3c90416c	CAP-2022-2023-TYT AYT-Geometri Soru Bankası	185	6	152	ok	valid_end_?	AH| = 6$ cm dir. Yukarıdaki verilere göre, $m(\widehat{AHB}) = x$ kaç derecedir?
6091580b-d1ee-52c5-a076-5aa11ba4f5d5	CAP-2022-2023-TYT AYT-Geometri Soru Bankası	185	9	339	ok	valid_end_?	p [KL]$, $[KL] \parallel [MN]$ dir. Yukarıdaki verilere göre, $|FH|$ kaç cm dir?
3c5e2d7d-c0ea-5d52-a2d3-e519a92a4d9b	CAP-2022-2023-TYT AYT-Geometri Soru Bankası	187	6	129	ok	valid_end_?	 $|AB|=6$ cm ve $|BC|=10$ cm dir. Yukarıdaki verilere göre, $|EF|=x$ kaç cm dir?
9f6be579-20f4-5e38-9a74-32f62faaa143	Neofizik Tyt Soru Bankası	114	13	158	ok	valid_end_?	göre, bu hareketlinin sürat-zaman grafiği aşağıdakilerden hangisi gibi olabilir?
d9b27884-5434-5623-9a6f-d36d34307f64	CAP-2022-2023-TYT AYT-Geometri Soru Bankası	189	6	305	ok	valid_end_?	ise $\text{Alan}(APD) = \text{Alan}(PDC)$ dir. ifadelerinden hangileri doğrudur?
fed97438-18c6-5537-8b79-4eddf5f3c744	CAP-2022-2023-TYT AYT-Geometri Soru Bankası	191	6	147	ok	valid_end_?	 = 10$ cm ve $|DC| = 8$ cm dir. Yukarıdaki verilere göre, $|BE| = x$ kaç cm dir?
0f29a352-fc6f-5779-b6bf-93c84c1edac6	CAP-2022-2023-TYT AYT-Geometri Soru Bankası	191	10	154	ok	valid_end_?	| = 8$ cm ve $|FC| = 6$ cm dir. Yukarıdaki verilere göre, $|EC| = x$ kaç cm dir?
fbf1de0b-2a38-5eb3-a007-80c31d650cd8	CAP-2022-2023-TYT AYT-Geometri Soru Bankası	195	6	127	ok	valid_end_?	] \perp [ED]$ ve $|EF|=4$ cm'dir. Yukarıdaki verilere göre, $|FD|=x$ kaç cm dir?
e5f200ca-290c-5fed-abb0-4b6c41b5699f	CAP-2022-2023-TYT AYT-Geometri Soru Bankası	197	7	150	ok	valid_end_?	$|AH|=12$ cm ve $|AB|=10$ cm dir. Yukarıdaki verilere göre, $|AD|=x$ kaç cm dir?
37113ffb-e43b-55ce-9a34-ed803faa03e7	CAP-2022-2023-TYT AYT-Geometri Soru Bankası	197	6	128	ok	valid_end_?	 $|AE|=8$ cm ve $|BC|=10$ cm dir. Yukarıdaki verilere göre, $|HE|=x$ kaç cm dir?
6369ac18-15dc-5003-bc4a-570fe4fa9ef3	CAP-2022-2023-TYT AYT-Geometri Soru Bankası	200	11	113	ok	valid_end_?	E|=6$ cm ve $|EC|=8$ cm dir. Yukarıdaki verilere göre, Alan(EBC) kaç $cm^2$ dir?
3f86ca24-a11e-5792-8711-7b221f142942	CAP-2022-2023-TYT AYT-Geometri Soru Bankası	200	10	134	ok	valid_end_?	, $|GB|=4$ cm ve $|BC|=6$ cm'dir. Yukarıdaki verilere göre, $|BE|=x$ kaç cm dir?
346f1806-354a-5222-84dd-05488c3a98c7	CAP-2022-2023-TYT AYT-Geometri Soru Bankası	200	12	141	ok	valid_end_?	}$ ve Alan(FBC) $=27$ $cm^2$ dir. Yukarıdaki verilere göre, $|BC|=x$ kaç cm dir?
dc442ea2-0fbb-5809-8e3f-7e78d16edf0e	CAP-2022-2023-TYT AYT-Geometri Soru Bankası	203	12	465	ok	valid_end_?	erilenlere göre, P noktasının $[G'F']$ doğru parçasına olan uzaklığı kaç cm dir?
b8fb7166-d412-550b-9e74-6983311f8651	CAP-2022-2023-TYT AYT-Geometri Soru Bankası	206	11	191	ok	valid_end_?	6 \text{ cm}^2$ dir. Yukarıdaki verilere göre, Alan(ABCD) kaç $\text{cm}^2$ dir?
f706a48d-dfd2-5bdf-bc62-e922f1da6a81	CAP-2022-2023-TYT AYT-Geometri Soru Bankası	209	12	114	ok	valid_end_?	p[BE]=\{F\}$'dir. Yukarıda verilenlere göre, $m(\widehat{AFE})=x$ kaç derecedir?
e18a2d94-dced-5307-b58e-45d4dce5685f	CAP-2022-2023-TYT AYT-Geometri Soru Bankası	211	7	336	ok	valid_end_?	| = |A'C|$ dir. Yukarıdaki verilere göre, $m(\widehat{BA'C}) = x$ kaç derecedir?
7c60a683-8dc2-5d37-bdca-73900a9797cd	CAP-2022-2023-TYT AYT-Geometri Soru Bankası	213	12	290	ok	valid_end_?	usal noktalardır. Buna göre, E noktasının A' noktasına olan uzaklığı kaç cm'dir?
c888f12f-1e6c-5e4a-8aaf-8de399f56394	CAP-2022-2023-TYT AYT-Geometri Soru Bankası	217	27	452	ok	valid_end_?	 = \beta$ dır. Yukarıdaki verilere göre, $\alpha + \beta$ toplamı kaç derecedir?
8549111e-a111-56aa-992e-69125ecddbf1	CAP-2022-2023-TYT AYT-Geometri Soru Bankası	228	6	89	unclear	unknown_end_$	C, O merkezli çembere A ve C noktalarında teğet, $m(\widehat{ABC}) = 80^{\circ}$
6afe0049-2dc1-5264-b136-495e80ad885c	CAP-2022-2023-TYT AYT-Geometri Soru Bankası	232	6	201	ok	valid_end_?	{EDB}) = 40^\circ$. Yukarıdaki verilere göre, $m(\text{AKC}) = x$ kaç derecedir?
d68597f7-5934-5e08-a99f-2bb4a91f9a74	C1CELL-2025-Matematik Soru Bankası	211	12	261	ok	valid_end_?	\log_2(x-1)$'dir. Buna göre, $x$'in alabileceği en küçük tam sayı değeri kaçtır?
70764001-9e75-512d-9c9e-12c653e87ea6	C1CELL-2025-Matematik Soru Bankası	215	6	69	ok	valid_end_?	Yukarıdaki işlemler tanımlanıyor. Buna göre, işleminin sonucu kaçtır?
808eb7f4-6942-5d2e-a8e2-2f249a3c4119	CAP-2022-2023-TYT AYT-Geometri Soru Bankası	236	8.	196	ok	valid_end_?	{ACD}) = 7a^\circ$. Yukarıdaki verilere göre, $m(\text{BDC}) = x$ kaç derecedir?
067f6a42-90b1-54fe-910c-7066e73706ce	CAP-2022-2023-TYT AYT-Geometri Soru Bankası	238	6	155	ok	valid_end_?	 = 8$ cm, $|HE| = 14$ cm Yukarıdaki verilere göre, çemberin yarıçapı kaç cm'dir?
222873d8-655e-5d14-8539-a231180c0f6c	CAP-2022-2023-TYT AYT-Geometri Soru Bankası	240	8	148	ok	valid_end_?	=2$ cm, $|EB|=4$ cm, $|BC|=5$ cm. Yukarıdaki verilere göre, $|HC|=x$ kaç cm dir?
1407efa0-f34a-5baf-a6fe-fb294035c1b2	CAP-2022-2023-TYT AYT-Geometri Soru Bankası	240	Örnek 1	176	ok	valid_end_?	=6$ cm, $|DF|=3$ cm, $|FE|=4$ cm. Yukarıdaki verilere göre, $|BE|=x$ kaç cm dir?
57e6e834-9f5c-52ef-891d-4dca0cb2477f	CAP-2022-2023-TYT AYT-Geometri Soru Bankası	248	7.	140	ok	valid_end_?	12$ cm. Yukarıdaki verilere göre, C noktasının [AB] ye olan uzaklığı kaç cm dir?
db2c2ef1-39d4-5c20-a0e5-a5cea4c394c3	CAP-2022-2023-TYT AYT-Geometri Soru Bankası	250	6	144	ok	valid_end_?	llel [BC]$, $|AB| = 12$ cm, $|BC| = 14$ cm olduğuna göre, $|ED| = x$ kaç cm dir?
d851bee5-bd51-553b-87d1-dfba229ff011	CAP-2022-2023-TYT AYT-Geometri Soru Bankası	285	33	288	ok	valid_end_?	e, $a$, $b$, $c$ arasındaki ilişki aşağıdakilerden hangisinde doğru verilmiştir?
b648bcb9-8e9c-59c9-ae56-dcfbd1a7fb31	CAP-2022-2023-TYT AYT-Geometri Soru Bankası	293	7.	63	ok	valid_end_?	Şekildeki küpte $|FP|=|PE|$ olduğuna göre, $\cos\alpha$ kaçtır?
764c585f-e2af-5677-99f1-0d7172217c45	Bilgi Sarmalı-2022-2023-Tyt-Matematik Soru Bankası	155	16.	377	ok	valid_end_?	anın yerden $21$ metre yüksekliğe çıkması için en az kaç saniye geçmesi gerekir?
164e422a-93a4-57a1-8438-16fe9cf0dc43	Bilgi Sarmalı-2022-2023-Tyt-Matematik Soru Bankası	166	11	541	ok	valid_end_?	 \frac{132}{17} $ radyanlık açı ile dönmüştür. ifadelerinden hangileri doğrudur?
7999d876-29e8-5b42-b35a-78197f4a886e	CAP-2022-2023-TYT AYT-Geometri Soru Bankası	364	29	235	ok	valid_end_?	defa $90^{\circ}$ ar derece döndürülünce aşağıdaki görüntülerden hangisi oluşur?
d52f2db6-877e-5dd7-b672-c4111cf5c599	C1CELL-2025-Matematik Soru Bankası	316	7	340	ok	valid_end_?	I. $x > 0$ için her iki fonksiyon da artandır. ifadelerinden hangileri doğrudur?
94de1dbf-c1ac-55a8-a748-b47be55cafa6	C1CELL-2025-Matematik Soru Bankası	330	8	366	ok	valid_end_?	ullanarak $(fog)'(x)$ değerini hesapladığında yanlış sonucu bulduğunu anlayamaz?
7acd7a82-a843-5d9e-98c2-550317fc4a34	Bilgi Sarmalı-2022-2023-Tyt-Matematik Soru Bankası	81	13.	124	ok	valid_end_?	iştir. Tabloda çözüm kümesi verilen eşitsizlik aşağıdakilerden hangisi olabilir?
6005551d-f0f6-572f-a788-a19ad246fa99	CAP-2022-2023-TYT-Matematik Soru Bankası	120	8	141	ok	valid_end_?	b+9|+|a-6|=7$ olduğuna göre, $a.b$ çarpımının alabileceği en büyük değer kaçtır?
9743ece1-3c40-5d5b-8165-f30e70f3a2d5	Bilgi Sarmalı-2022-2023-Tyt-Matematik Soru Bankası	266	7	200	ok	valid_end_?	tir. Buna göre, $\lim_{x \to 2} \frac{P(x)}{x^2-3x-2}$ ifadesinin değeri kaçtır?
c56163f7-8deb-5543-9f20-d80dc4db82fe	C1CELL-2025-Matematik Soru Bankası	383	6	72	ok	valid_end_?	Tahtada yazılı olan eşitlikte karalanmış olan bölgede yazan sayı kaçtır?
a679f31b-149f-56e6-9dba-a7b13f223d64	C1CELL-2025-Matematik Soru Bankası	389	6	298	ok	valid_end_?	$\int_{-1}^{1} g(x) dx = \int_{0}^{3} g(x) dx$ ifadelerinden hangileri doğrudur?
99d586f3-c225-5cb5-996f-5a97d0cd8a48	CAP-2022-2023-TYT-Matematik Soru Bankası	264	4	396	ok	valid_end_?	re, Masal'ın masaya koyduğu üç kartın görünümü aşağıdakilerden hangisi olabilir?
89f91b46-c159-5f08-949e-fe750e2138ab	Cap Ayt Fizik Soru Bankası 2023 2024	119	7	315	ok	valid_end_)	ur? ($\sin 37^\circ = 0,6$, $\cos 37^\circ = 0,8$ ve sürtünmeler önemsenmeyecek)
23343844-1200-54a6-9c5a-3ef115f0371f	CAP-2022-2023-TYT-Matematik Soru Bankası	338	7	165	ok	valid_end_?	 \perp [EF]$. Boyalı bölgenin alanı $14 \text{ cm}^2$ olduğuna göre, $x$ kaçtır?
3840816c-7d29-50d6-b4da-37573dd16f82	CAP-2023-2024-AYT-Matematik Soru Bankası	41	7	198	ok	valid_end_?	. $a + b + c > 0$ III. $\frac{b}{a} > 0$ ifadelerinden hangileri daima doğrudur?
2093448d-60c2-528d-be15-e791f9b7229d	CAP-2023-2024-AYT-Matematik Soru Bankası	56	6	166	ok	valid_end_?	BCD kare ve $[DC] \perp [Oy$ olduğuna göre, ABCD karesinin alanı kaç $br^2$ dir?
7645a59b-d9cf-5388-ae8f-fb7e384d4f51	CAP-2023-2024-AYT-Matematik Soru Bankası	59	8	240	ok	valid_end_?	a \cdot b \cdot c \cdot d \cdot e \cdot f < 0$ ifadelerinden hangileri doğrudur?
78171348-7efd-5b5f-a125-a1841c22bd97	Cap Ayt Fizik Soru Bankası 2023 2024	25	7	210	ok	valid_end_?	rılmıştır. Buna göre sistemin kütle merkezi $O_1$ noktasından kaç $r$ uzaktadır?
85d2dd81-a45a-5eaa-9da2-39f9d893b90f	Cap Ayt Fizik Soru Bankası 2023 2024	56	7	335	ok	valid_end_)	e doğru verilmiştir? ($g=10$ m/s$^2$) (sin$53^ ext{o}=0,8$; cos$53^ ext{o}=0,6$)
1636ebe9-9060-5bf2-bf7d-760e8fa4830e	CAP-2023-2024-AYT-Matematik Soru Bankası	106	6.	178	ok	valid_end_?	m $|AC| = 13$ birim Yukarıda verilen bilgilere göre, $\sin\alpha$ değeri kaçtır?
d8032324-e369-5f18-92db-be1c8193f90a	CAP-2023-2024-AYT-Matematik Soru Bankası	121	10.	125	ok	valid_end_?	4|FCI|$, $m(\widehat{EFA})=x$. Yukarıdaki verilere göre, $\cot x$ değeri kaçtır?
e89f0346-c188-5396-879c-f718eb3fec25	Cap Ayt Fizik Soru Bankası 2023 2024	162	8	398	cutoff	alphanumeric_end	üşme hareketi II. Yukarı yönlü düşey atış hareketi III. Yatay atış IV. Eğik atış
63e3ba78-aa43-59d0-a329-b9e7930da28d	Cap Ayt Fizik Soru Bankası 2023 2024	281	8	55	ok	valid_end_?	Yukarıda verilen parçacık-aile eşleştirilmesi nasıldır?
0617a705-8076-5c0d-96f4-98e644c05ad8	CAP-2023-2024-AYT-Matematik Soru Bankası	254	5	227	ok	valid_end_?	f)(x-3) = 4$ III. $\lim_{x \to -3} f(x-3) = 3$ ifadelerinden hangileri doğrudur?
84acf6ae-c84c-5396-a57d-f77cf3996633	CAP-2023-2024-AYT-Matematik Soru Bankası	258	15	217	ok	valid_end_?	yor. Buna göre, $f(x)$ fonksiyonunun grafiği, grafiklerinden hangileri olabilir?
584db51e-bb04-55c1-85b6-3eb74c94c14b	CAP-2023-2024-AYT-Matematik Soru Bankası	262	32	317	ok	valid_end_?	 olduğuna göre, $f(x)$ fonksiyonunun grafiği aşağıdakilerden hangileri olabilir?
df6e5b08-a63b-5f23-ae90-8df0c6edc852	CAP-2023-2024-AYT-Matematik Soru Bankası	264	38	258	ok	valid_end_?	0} g(x)=8$ III. $\lim_{x \to -2} g(x)=3$ ifadelerinden hangileri daima doğrudur?
71ae08fc-8a40-5fa5-93da-eefcf5225a13	CAP-2023-2024-AYT-Matematik Soru Bankası	263	37	170	ok	valid_end_?	{2}$, $|TL| = \frac{3}{2}$ Yukarıdaki verilere göre, $|EL|$ uzunluğu kaç cm'dir?
4c14d5c9-8f04-5610-bf2c-6ccb332c1713	Bilgi Sarmalı-2022-2023-Tyt-Matematik Soru Bankası	351	9	132	ok	valid_end_?	Buna göre, $\int_{-2}^{3} \frac{f'(x)-f(x)}{x^2} dx$ integralinin değeri kaçtır?
62290172-21c6-5c28-8472-05f2f671a465	Bilgi Sarmalı-2022-2023-Tyt-Matematik Soru Bankası	351	10	177	ok	valid_end_?	int_{-1}^{3} |x^2 \cdot f''(x) - 2x \cdot f'(x)| dx$ integralinin değeri kaçtır?
254cc703-fadb-532f-9e31-c428c1230014	CAP-2023-2024-AYT-Matematik Soru Bankası	355	8	162	ok	valid_end_?	, $\int_{3}^{4} (3x-9) dx$ integralinin değeri aşağıdakilerden hangisi olabilir?
1f1f43bb-d274-5133-934e-cbc073f16505	Mikro Orijinal Tyt Fizik Soru Bankası 2025	208	8	485	ok	valid_end_?	laklığının ilk duruma göre değişimi aşağıdakilerin hangisinde doğru verilmiştir?
20638042-b9e0-5163-b7a4-e3e7a49f9087	Neofizik Tyt Soru Bankası	152	7	239	ok	valid_end_?	göre, hangi devrelerdeki anahtar kapatılırsa K lambasının ışık şiddeti değişmez?
86c1655d-c1e8-541b-9970-bc1b90902669	CAP-2023-2024-AYT-Matematik Soru Bankası	382	6	311	ok	valid_end_?	 temas etme olasılığı $\frac{1}{2}$'dir. ifadelerinden hangileri daima doğrudur?
4f2f9ec2-67a9-5735-9e3c-56502ca4f94b	Cap Ayt Fizik Soru Bankası 2023 2024	240	17	479	ok	valid_end_?	t aralığında oluşan indüksiyon akımı sabittir. yargılarından hangileri doğrudur?
28f4a3a3-d33e-5027-b159-4f79c5210ff4	Bilgi Sarmalı-2022-2023-Tyt-Problemler Soru Bankası	127	12	677	ok	valid_end_?	r. Buna göre, ışıldak söndüğünde dijital saat aşağıdakilerden hangisi gibi olur?
29d54374-1a4b-5111-93dc-da3b07261d6b	Bilgi Sarmalı-2023-2024-Ayt-Matematik Soru Bankası	277	15.	402	ok	valid_end_?	de tanımlanmaktadır. $f(3)=1$ ve $f'(3)=7$ olduğuna göre, $g'(3)$ değeri kaçtır?
89fa0a14-e57d-5b1b-aa4b-c47302524a53	CAP-2023-AYT-Matematik -AL-Soru Bankası	75	14	207	ok	valid_end_?	\frac{a}{d} = -\frac{b}{e}$ III. $a.b.c.d.e.f$ ifadelerinden hangileri doğrudur?
e82bc156-d8d6-56e6-8df4-b88411644ac2	Bilgi Sarmalı-2022-2023-Tyt-Matematik Soru Bankası	359	8.	113	ok	valid_end_?	afiği verilmiştir. Buna göre, $\int_{1}^{3} f(x) dx$ integralinin değeri kaçtır?
2c46a262-2891-552b-9c26-d76fa5d52219	Bilgi Sarmalı-2022-2023-Tyt-Matematik Soru Bankası	365	8	169	ok	valid_end_?	c{7}{2} br^2$ olduğuna göre, $\int_{-3}^5 x f'(x)dx$ integralinin değeri kaçtır?
747a58f0-3504-5c0f-a684-96db98e538ae	Bilgi Sarmalı-2022-2023-Tyt-Matematik Soru Bankası	378	9	178	ok	valid_end_?	larının 1. türevi f', g' ve h' grafikleri aşağıdakilerden hangisi gibi olabilir?
a9424dbd-cea4-5165-bc8c-bb8e91f67588	CAP-2023-AYT-Matematik -AL-Soru Bankası	136	11	195	ok	valid_end_?	$ eşitsizliğinin çözüm kümesi $(-3, 7)$ olduğuna göre, $(m+n+k)$ toplamı kaçtır?
aff43604-3e3a-589c-bd90-137e48880377	CAP-2023-AYT-Matematik -AL-Soru Bankası	146	6	142	ok	valid_end_?	perp BE$, $m(\widehat{CBE})=\theta$ olduğuna göre, $(\sin\theta)$ değeri kaçtır?
4ad43eea-684d-5288-9ac3-c363b6a8a772	Cap Tyt Fizik Soru Bankası 2023 2024	83	11	326	ok	valid_end_?	azladır. III. K ve L aynı cins metal olabilir. yargılarından hangileri doğrudur?
e1618c93-29f1-54af-91e1-e6c16bb0767c	Cap Tyt Fizik Soru Bankası 2023 2024	85	8	220	ok	valid_end_?	z seviyesinde kaynamakta olan suyun sıcaklığını X termometresi kaç "X" gösterir?
1f303bc1-1e81-5d17-bd27-d307b4acd0a8	Full Matematik-2019-2020-Geometri Soru Bankası	101	8.	179	ok	valid_end_?	=45^\circ$ dir. Yukarıdaki verilere göre, $A(\text{ADC})$ kaç $\text{cm}^2$ dir?
5b525bd4-95d0-5025-b804-f9072b44038c	Cap Tyt Fizik Soru Bankası 2023 2024	87	8	182	ok	valid_end_?	 göre tencerenin ve suyun ısınması ısının hangi yolla yayılması ile gerçekleşir?
f9f24738-c808-5744-966d-fe2696f1c6f7	CAP-2023-AYT-Matematik -AL-Soru Bankası	203	7	47	ok	valid_end_?	Yukarıda verilenlere göre, $|OA|$ kaç birimdir?
b3ac3920-97b2-5b7b-a010-32af72cd8b5d	CAP-2023-AYT-Matematik -AL-Soru Bankası	207	18	179	ok	valid_end_?	 $\cos(\alpha) = \frac{3}{5}$ olduğuna göre $\sin(\widehat{BAC})$ değeri kaçtır?
e6b9b91e-c6c9-5be2-aa56-ec3009b5098e	Cap Tyt Fizik Soru Bankası 2023 2024	90	11	263	ok	valid_end_?	nin erime sıcaklığı $110^{\circ}\text{C}$'dir. yargılarından hangileri doğrudur?
e8757463-2366-5610-bffd-dacd83753402	CAP-2023-AYT-Matematik -AL-Soru Bankası	213	36	137	ok	valid_end_?	 $m(\widehat{ABO}) = \alpha$ olduğuna göre, $A(\widehat{ABD})$ kaç birimkaredir?
5b4199c0-1961-53be-828e-af5d6ec8c817	Cap Tyt Fizik Soru Bankası 2023 2024	100	9	189	ok	valid_end_?	rasındaki uzaklık, I. $36m$ II. $20m$ III. $0$ verilenlerden hangileri olabilir?
cbd25a20-5322-5e9e-a094-65cbb21f7af4	CAP-2023-AYT-Matematik -AL-Soru Bankası	215	45	233	ok	valid_end_?	+ |NLI| = \frac{3}{2}$ birim. Buna göre, boyalı bölgenin alanı kaç birimkaredir?
4b867c86-d966-5911-afde-59789613eb1a	Cap Tyt Fizik Soru Bankası 2023 2024	104	8	213	ok	valid_end_?	kildeki gibi olduğuna göre, aracın $t$ anındaki hızının, ilk hızına oranı nedir?
8f35ece4-63b6-5d44-a80f-0d87820d14d6	Cap Tyt Fizik Soru Bankası 2023 2024	156	10	251	ok	valid_end_?	{E}_K$, $\vec{E}_L$ ve $\vec{E}_M$ arasındaki ilişki aşağıdakilerden hangisidir?
61997a1c-0151-5920-a4bf-ab16e0d470d9	Cap Tyt Fizik Soru Bankası 2023 2024	187	7	185	ok	valid_end_?	şık vermesi için hangi anahtarın/anahtarların kapatılması gerekir ve yeterlidir?
53857e4a-728c-532d-ad8b-e3d180904da5	Cap Tyt Fizik Soru Bankası 2023 2024	261	12	227	ok	valid_end_)	ekil-IV'teki gölge şekli oluşabilir? ($\bullet$: Tam gölge, $\circ$: Yarı gölge)
e474b723-5c7b-5073-81be-900790bb92a8	Bilgi Sarmalı-2023-2024-Ayt-Matematik Soru Bankası	121	11.	158	ok	valid_end_?	0^\circ$, $|AD| = 2|DB|$ olduğuna göre, $\cos(\widehat{CDA})$ nın değeri kaçtır?
0ab6a45c-c805-51ff-8c11-b358fe6b95fc	CAP-2023-AYT-Matematik -AL-Soru Bankası	316	5	226	ok	valid_end_?	fof)(x-3)=4$ III. $\lim_{x \to -3^+} f(x-3)=3$ ifadelerinden hangileri doğrudur?
3a67bac2-614f-5959-9c95-fc8fb29725fb	CAP-2023-AYT-Matematik -AL-Soru Bankası	323	26	294	ok	valid_end_?	ayısı vardır. III. $\lim_{x \to 0^+} f(x) = 2$ ifadelerinden hangileri doğrudur?
7a643957-a4aa-5132-97e6-b2b9562b6836	Cap Tyt Fizik Soru Bankası 2023 2024	65	11	262	ok	valid_end_?	 III. Moleküllerinin ortalama kinetik enerjisi niceliklerinden hangileri azalır?
7e1d6f90-636b-5161-96f0-77b760249efc	Cap Tyt Fizik Soru Bankası 2023 2024	230	8	294	ok	valid_end_?	leri hem büyük tokmak hem de ince çubuğun çıkardığı sesler için farklı olabilir?
cb2260d6-af3f-5b63-8dd7-c938cc44c719	Bilgi Sarmalı-2023-2024-Ayt-Matematik Soru Bankası	23	11	285	ok	valid_end_?	Buna göre, I. $d < b$ II. $d < a$ III. $c < a$ ifadelerinden hangileri doğrudur?
48a5ad56-7519-57e8-a083-dbdf22eeba12	Bilgi Sarmalı-2023-2024-Ayt-Matematik Soru Bankası	38	8	440	ok	valid_end_?	 $x=a$ noktasında alıyorsa $a \in (4, 5)$ tir. ifadelerinden hangileri doğrudur?
c614f1a3-ec97-5456-a1b1-c6b7ddd2f48f	Bilgi Sarmalı-2023-2024-Ayt-Matematik Soru Bankası	147	14.	181	ok	valid_end_?	a göre, ABCD dikdörtgeninin alanı birimkare türünden aşağıdakilerden hangisidir?
992849c2-1eb6-5d47-a65a-f8eb96901224	Bilgi Sarmalı-2023-2024-Ayt-Matematik Soru Bankası	162	9	353	ok	valid_end_?	üksekliği 240 metre olduğuna göre, saat 14.02'de yerden yüksekliği kaç metredir?
048c349f-e2aa-5a64-8683-b6ea36010300	Bilgi Sarmalı-2023-2024-Ayt-Matematik Soru Bankası	248	10	178	ok	valid_end_?	. Buna göre, yukarıdakilerden hangileri $y=g(x)$ fonksiyonunun grafiği olabilir?
1ba39064-cf15-5b2b-aab4-ec79c74b5b6a	Bilgi Sarmalı-2023-2024-Ayt-Matematik Soru Bankası	85	12	254	ok	valid_end_?	esi $[-2, -1] \cup [4, 6]$ olarak bulunuyor. Buna göre $a+b+c+d$ toplamı kaçtır?
acaf0636-c078-5ccb-93d8-30f7618743dc	Full Matematik-2022-2023-Tyt Ayt-Geometri Soru Bankası	140	12	174	ok	valid_end_?	 5 \text{ cm}^2$ dir. Yukarıdaki verilere göre, $A(EBFD)$ kaç $\text{cm}^2$ dir?
5bd9ecd8-8a11-5fe3-a128-ea8f1a31fc50	Bilgi Sarmalı-2023-2024-Ayt-Matematik Soru Bankası	97	9.	161	ok	valid_end_?	C|$ olduğuna göre, $g(x)$ parabolünün denklemi aşağıdakilerden hangisi olabilir?
6cc1e139-cd8c-5e9a-b8fb-1289d745b1b1	Bilgi Sarmalı-2023-2024-Ayt-Matematik Soru Bankası	97	10.	129	ok	valid_end_?	eri birbirlerini tepe noktalarında kesmektedir. Buna göre, $g(0)$ değeri kaçtır?
25d9c668-09d7-5e7c-b943-b92c8c4ee385	345 2025 Tyt Fizik Soru Bankası	111	Soru 3	302	ok	valid_end_)	}$'dür. Buna göre, $h$ yüksekliği kaç metredir? ($g = 10 \text{ m/s}^2$ alınız.)
29e72734-46e6-5b06-a4a7-ada244d0fe50	Mikro Orijinal Tyt Fizik Soru Bankası 2025	304	6	531	ok	valid_end_)	aki ilişki aşağıdakilerden hangisi gibi olabilir? (Enerji kayıpları önemsizdir.)
cb5cd9ba-dae1-5e62-8fec-9c63bb32936a	Full Matematik-2022-2023-Tyt-Matematik Soru Bankası	17	8	343	ok	valid_end_?	ve bu süreler sonunda panonun görünümü yukarıda verilenlerden hangisi gibi olur?
31a78e86-1eec-50da-8cf1-184a9b9576f7	CAP-2022-2023-TYT AYT-Geometri Soru Bankası	9	8	259	ok	valid_end_?	(\widehat{AEC}) = x^ ext{o}$'dir. Yukarıdaki verilere göre, $y-x$ kaç derecedir?
5856b263-8454-58f9-b1a7-0569392e2d81	CAP-2022-2023-TYT AYT-Geometri Soru Bankası	11	9	348	ok	valid_end_?	ha, \beta$ ve $\theta$ ile ilgili aşağıda verilen ifadelerden hangisi yanlıştır?
f429f465-af51-5e88-97dc-bf0c5ca1686c	CAP-2022-2023-TYT AYT-Geometri Soru Bankası	11	10	238	ok	valid_end_?	, $m(\widehat{FEK}) = (x+10)^{\circ}$ dir. Yukarıdaki verilere göre, $x$ kaçtır?
f137fd00-3588-51f1-94c1-6fe527febee9	CAP-2022-2023-TYT AYT-Geometri Soru Bankası	27	7	177	ok	valid_end_?	{EBC})=30^\circ$ dir. Yukarıdaki verilere göre, $m(\text{BED})=x$ kaç derecedir?
2d626392-ac4c-5486-90b9-42f60aa6d454	CAP-2022-2023-TYT AYT-Geometri Soru Bankası	27	10	154	ok	valid_end_?	DAC})=25^\circ$ dir. Yukarıdaki verilere göre, aşağıdakilerden hangisi doğrudur?
46de31cb-1bfa-558e-a3e9-9f9b8afe3579	CAP-2022-2023-TYT AYT-Geometri Soru Bankası	31	7	129	ok	valid_end_?	6$ cm ve $|AD|=2\sqrt{2}$ cm dir. Yukarıdaki verilere göre, $|BD|=x$ kaç cm dir?
309a12ad-280f-5e60-9f95-586d526159ce	CAP-2022-2023-TYT AYT-Geometri Soru Bankası	37	10	150	ok	valid_end_?	, $|AD|=|DC|$ ve $|HC|=4$ cm dir. Yukarıdaki verilere göre, $|BH|=x$ kaç cm dir?
43b1d519-42e2-5e5b-a884-7092c0cabeff	CAP-2022-2023-TYT AYT-Geometri Soru Bankası	39	10	158	ok	valid_end_?	, $|DE|=3$ cm ve $|EC|=4$ cm'dir. Yukarıdaki verilere göre, $|PA|=x$ kaç cm'dir?
36958453-6c1a-5a23-ad2c-17e9b141ab01	CAP-2022-2023-TYT AYT-Geometri Soru Bankası	43	8	185	ok	valid_end_?	|=4$ cm ve $|PF|=2\sqrt{3}$ cm dir. Yukarıdaki verilere göre, $|BC|$ kaç cm dir?
3a92c910-96cd-5d72-8ad0-4e94542810a8	CAP-2022-2023-TYT AYT-Geometri Soru Bankası	43	7	202	ok	valid_end_?	PD|=5$ cm, $|PF|=3\sqrt{2}$ cm dir. Yukarıdaki verilere göre, $|AB|$ kaç cm dir?
dd001c12-da9b-5d95-90d0-cec10ceed021	CAP-2022-2023-TYT AYT-Geometri Soru Bankası	73	7	149	ok	valid_end_?	| = 3$ cm ve $|EB| = 2$ cm dir. Yukarıdaki verilere göre, $|DC| = x$ kaç cm dir?
af19c7c9-7af5-5a25-9dec-689c4d3c1bf1	CAP-2022-2023-TYT AYT-Geometri Soru Bankası	73	8	148	ok	valid_end_?	| = 3$ cm ve $|AC| = 6$ cm dir. Yukarıdaki verilere göre, $|DC| = x$ kaç cm dir?
b5db882a-1a93-55d1-91f7-89db11500dbf	Full Matematik-2022-2023-Tyt-Matematik Soru Bankası	117	11	383	ok	valid_end_?	n büyüklükleri arasındaki sıralama aşağıdakilerden hangisinde doğru verilmiştir?
3aaedca1-56e6-5978-94f5-477f099c1b9c	Full Matematik-2022-2023-Tyt-Matematik Soru Bankası	119	10	277	ok	valid_end_?	 Buna göre, en son elde edilen eş parçalardan birinin uzunluğu kaç milimetredir?
284fa3d9-c9b6-5db2-b002-01536bf74675	Bilgi Sarmalı-2023-2024-Ayt-Matematik Soru Bankası	416	10	161	ok	valid_end_?	türevinin grafiği verilmiştir. $f(3k) = k^2 - 1$ olduğuna göre, $f(-2k)$ kaçtır?
f447b12a-2c24-54ad-b3b4-28f1dc2fa401	Bilgi Sarmalı-2023-2024-Tyt Ayt-Geometri Soru Bankası	46	8	134	ok	valid_end_?	=[DC]$, $|AD|=3$ cm, $|EC|=5$ cm. Yukarıdaki verilere göre, $|BE|=x$ kaç cm'dir?
5931085e-fa5b-5c65-b3d4-344ef9d84499	Bilgi Sarmalı-2023-2024-Tyt Ayt-Geometri Soru Bankası	52	5	496	ok	valid_end_?	'deki kaldıracın A' ve B' uçlarının yerden yükseklikleri toplamı kaç metre olur?
96ae0d4c-faad-52c7-ae0f-222e17422387	Bilgi Sarmalı-2023-2024-Tyt Ayt-Geometri Soru Bankası	58	8.	112	ok	valid_end_?	, $[AB]=[AD]$, $[BD]=4$ birim, $[DC]=6$ birim. Buna göre, $|AC|=x$ kaç birimdir?
fce88d07-91dc-5211-812d-897aff852eb6	Bilgi Sarmalı-2023-2024-Tyt Ayt-Geometri Soru Bankası	78	8	141	ok	valid_end_?	$2|BD| = 3|DC|$, $|BC| = 15$ cm Yukarıdaki verilere göre, $|EF| = x$ kaç cm'dir?
c250f171-da54-5e1c-87cf-1260863b9e8e	Bilgi Sarmalı-2023-2024-Tyt Ayt-Geometri Soru Bankası	102	12	171	ok	valid_end_?	{ACD}) = 110^\circ$. Yukarıdaki verilere göre, $m(\widehat{ABC})$ kaç derecedir?
55319d8c-4b0b-5e1e-9735-3b180988b2a5	Bilgi Sarmalı-2023-2024-Tyt Ayt-Geometri Soru Bankası	112	7.	129	ok	valid_end_?	|=|EB|$, $|AD|=3|CD|$, $|BC|=8$ cm. Yukarıdaki verilere göre, $|AB|$ kaç cm'dir?
601be55e-8324-50ba-a37e-8e2af5265eb9	Bilgi Sarmalı-2023-2024-Tyt Ayt-Geometri Soru Bankası	132	10	208	ok	valid_end_?	t{ACE})$ Yukarıdaki verilere göre, DHC üçgensel bölgesinin alanı kaç $cm^2$ dir?
96b09e12-1223-5d7d-a3ee-7a84236094fe	Bilgi Sarmalı-2023-2024-Tyt Ayt-Geometri Soru Bankası	134	10.	177	ok	valid_end_?	 12 \text{ br}^2$. Yukarıdaki verilere göre, Alan$(EFCK)$ kaç $\text{br}^2$ dir?
9f037d5d-9c27-5f33-a615-ff58dfa4981b	Bilgi Sarmalı-2023-2024-Tyt Ayt-Geometri Soru Bankası	288	8.	207	ok	valid_end_?	E]$, $|CA|=5$ cm, $|DE|=6$ cm. Yukarıdaki verilere göre, $|KF|=x$ kaç $cm^2$dir?
8e91405d-b42f-5334-8567-c5bea37a4989	Bilgi Sarmalı-2023-2024-Ayt-Matematik Soru Bankası	340	12	323	ok	valid_end_?	iştirdiğinde yerden yüksekliği $6$ birim oluyor. Buna göre, $\cos\alpha$ kaçtır?
941b54b8-d9f7-5e6c-a2ac-db367b0f0c1e	Egsersiz Tyt Fizik Soru Bankası 2021	210	5	289	ok	valid_end_?	larının ışık şiddetleri arasındaki büyüklük ilişkisi aşağıdakilerden hangisidir?
eb104a37-baa5-5c31-8af9-5b37173377cf	Full Matematik-2022-2023-Tyt-Matematik Soru Bankası	149	9.	349	ok	valid_end_?	elmektedir. Buna göre, terazide tartılan bilekliklerin toplam fiyatı kaç TL'dir?
47feeaf1-b7ac-5c34-9b23-a8dc0dc89592	Bilgi Sarmalı-2023-2024-Problemler Soru Bankası	69	Örnek 8	222	ok	valid_end_?	ilk kez E noktasında karşılaşıyorlar. Buna göre, $\frac{V_1}{V_2}$ oranı kaçtır?
943ada5c-a850-5a9f-84c9-1219dfe9834a	Bilgi Sarmalı-2023-2024-Tyt Ayt-Geometri Soru Bankası	310	6	166	ok	valid_end_?	. $|AT|=|TB'C|$ Yukarıdaki verilere göre, boyalı alanlar toplamı kaç $cm^2$ dir?
abd3c790-0ec9-5413-a89f-afbab8036d10	Bilgi Sarmalı-2023-2024-Tyt Ayt-Geometri Soru Bankası	186	7.	200	ok	valid_end_?	cm$^2$, $A(PMCN)=12$ cm$^2$. Yukarıdaki verilere göre, $A(ABCD)$ kaç cm$^2$ dir?
13425be2-1ff5-59ce-82f6-8b34a8ba26b3	Bilgi Sarmalı-2023-2024-Tyt Ayt-Geometri Soru Bankası	192	6.	389	ok	valid_end_?	LMN paralelkenarının çevresi 30 metre olduğuna göre, $A(KLMN)$ kaç metrekaredir?
751043e9-54b2-5170-85b0-1e3437738c25	Egsersiz Tyt Fizik Soru Bankası 2021	328	6	248	ok	valid_end_?	r. Buna göre, X, Y ve Z gözlemcileri mumları aşağıdakilerden hangisi gibi görür?
9955892f-d58a-5a65-9d1e-4dfcd56f412a	Esen 2024 Motivasyon Fizik 2	12	5	306	ok	valid_end_?	oluyor. Buna göre $\omega_X$, $\omega_Y$, $\omega_Z$ arasındaki ilişki nasıldır?
d6159403-472f-554e-9fdf-f7dae8fbbdee	Bilgi Sarmalı-2023-2024-Tyt-Matematik Soru Bankası	196	8	601	ok	valid_end_?	e, 1. faturada gösterilen puant tarifesinde elektrik tüketim miktarı kaç KW'dir?
58878c23-c55a-5b60-aca6-3f76f66dc97e	Bilgi Sarmalı-2023-2024-Tyt Ayt-Geometri Soru Bankası	216	7	193	ok	valid_end_?	dir. Yukarıdaki verilere göre, A ile D' noktaları arasındaki uzaklık kaç cm'dir?
8a8abb6d-34e7-571b-93c0-a487ce54606b	Bilgi Sarmalı-2023-2024-Tyt-Matematik Soru Bankası	132	12	273	ok	valid_end_?	oxed{a-b}) $ eşitliğini sağlayan $a$ ve $b$ değerleri için $a+b$ toplamı kaçtır?
e2282bd4-9e5a-5596-9246-221d578593f7	Bilgi Sarmalı-2023-2024-Tyt-Matematik Soru Bankası	264	15	197	ok	valid_end_?	ştir. Buna göre, hangi öğrencinin aldığı puanların standart sapması en düşüktür?
0060de98-f7d3-5042-b653-5120ef37e831	Esen 2025 Aps Ayt Fizik Soru Bankası	153	5	277	ok	valid_end_?	üklükleri $L_X$, $L_Y$ ve $L_Z$ olduğuna göre bunlar arasındaki ilişki nasıldır?
7fcc6ddb-1d14-5a50-a278-f92572aef33b	Esen 2025 Aps Ayt Matemat,k Soru Bankası	30	2	228	ok	valid_end_?	Buna göre a, b ve c sayılarının işaretleri sırasıyla aşağıdakilerden hangisidir?
95a1590d-5adb-5506-89d0-6ed5421e83d7	Esen 2025 Aps Ayt Matemat,k Soru Bankası	47	6	251	ok	valid_end_?	si $[-2, -1] \cup [4, 6]$ olarak bulunuyor. Buna göre, $a+b+c+d$ toplamı kaçtır?
6346f8c2-56d4-5403-ad3c-73c73d3a4cf6	CAP-2022-2023-TYT AYT-Geometri Soru Bankası	209	14	446	ok	valid_end_?	$ değerini buluyor. Yukarıda verilenlere göre, Alan(ABCD) kaç $\text{cm}^2$ dir?
e3e2869f-9111-5708-a15b-fe5e8a7617d6	CAP-2022-2023-TYT AYT-Geometri Soru Bankası	210	3	514	ok	valid_end_?	arıdaki verilere göre, Şekil 3 deki taralı bölgenin alanı kaç $\text{cm}^2$ dir?
ad545ba5-3b1c-57cb-a704-6e484acd9b43	CAP-2022-2023-TYT AYT-Geometri Soru Bankası	215	21	292	ok	valid_end_?	''| = 10$ cm dir. Buna göre, camın $[D'C]$ kenarının duvara uzaklığı kaç cm dir?
e6f6b601-f643-565a-90eb-ef1e7a4872c4	CAP-2022-2023-TYT AYT-Geometri Soru Bankası	223	52	320	ok	valid_end_?	re göre, $(B'EFG) \cap (AGFD)$ bölgesinin alanının değeri kaç $\text{cm}^2$ dir?
a3b09444-ecb1-573d-ae55-2de74234e647	CAP-2022-2023-TYT AYT-Geometri Soru Bankası	228	7	88	ok	valid_end_.	] çaplı yarım çembere A noktasında teğet ve $m(\widehat{ACB}) = 20^{\circ}$ dir.
32534bf4-5169-52e2-a7aa-197b938fe5dd	CAP-2022-2023-TYT AYT-Geometri Soru Bankası	228	8	86	unclear	unknown_end_$	ezli çemberde $m(\widehat{BAO}) = 20^{\circ}$ ve $m(\widehat{OCB}) = 10^{\circ}$
aea1af4b-1208-59ec-b791-34c76ed365a6	CAP-2022-2023-TYT AYT-Geometri Soru Bankası	228	10	102	unclear	unknown_end_$	ğet noktaları $m(\widehat{ABC}) = 80^{\circ}$ ve $m(\widehat{DCB}) = 70^{\circ}$
7d4a02b5-00d2-5536-b7fd-9fa0932c947f	CAP-2022-2023-TYT AYT-Geometri Soru Bankası	230	8	177	ok	valid_end_?	{DAE})=20^ ext{o}$. Yukarıdaki verilere göre $m(\widehat{DHE})=x$ kaç derecedir?
4edb5114-533a-5d72-8e1e-c7e3a8a8d21a	CAP-2022-2023-TYT AYT-Geometri Soru Bankası	230	10	274	ok	valid_end_?	dehat{BDE})+m(\widehat{BCE})=360^ ext{o}$ dir. ifadelerinden hangileri doğrudur?
071b72c7-b6e8-5b01-9d9e-d64c34d49f32	CAP-2022-2023-TYT AYT-Geometri Soru Bankası	232	7	119	ok	valid_end_?	t{BAC}) = 80^\circ$. Yukarıdaki verilere göre $m(\text{ACB}) = x$ kaç derecedir?
6d19b2bd-beab-5b3d-8c70-51dbaa460966	CAP-2022-2023-TYT AYT-Geometri Soru Bankası	232	8	212	ok	valid_end_?	{DCB}) = 20^\circ$. Yukarıdaki verilere göre, $m(\text{ADC}) = x$ kaç derecedir?
b103290e-6a9e-5274-aa79-0eb03816ea8f	CAP-2022-2023-TYT AYT-Geometri Soru Bankası	234	9	378	ok	valid_end_?	\frac{m}{n}$ dir. Yukarıdaki verilere göre $m(\widehat{AKB}) = x$ kaç radyandır?
555555ff-42e0-5997-8b64-c01cc95dda59	CAP-2022-2023-TYT AYT-Geometri Soru Bankası	234	10	173	ok	valid_end_?	{ABC}) = 66^ ext{o}$ Yukarıdaki verilere göre, $m(\widehat{DAC})$ kaç derecedir?
b4e0b21d-479b-5b92-83bb-820e79aa9ad4	CAP-2022-2023-TYT AYT-Geometri Soru Bankası	254	8.	170	ok	valid_end_?	t{2}$ cm. Yukarıdaki verilere göre, taralı bölgenin alanı kaç $\text{cm}^2$ dir?
191c7ac9-eea4-505e-b4f7-b3d9b0444782	CAP-2022-2023-TYT AYT-Geometri Soru Bankası	254	9.	297	ok	valid_end_?	daki verilere göre, $\frac{\text{sarı alan}}{\text{kırmızı alan}}$ oranı kaçtır?
3c2dbec6-7bdc-5eee-885f-58d09ce218e6	CAP-2022-2023-TYT AYT-Geometri Soru Bankası	256	8.	132	ok	valid_end_?	Yukarıdaki verilere göre, taralı bölgelerin toplamı kaç $\pi$ $\text{cm}^2$ dir?
9f7b470f-9307-5ba1-9e76-f67aacad0eaf	CAP-2022-2023-TYT AYT-Geometri Soru Bankası	256	10.	202	ok	valid_end_?	cm. Yukarıdaki verilere göre, taralı bölgenin alanı kaç $\pi$ $\text{cm}^2$ dir?
ca3b0ea1-f723-5fd5-a4a6-880c30f70c3a	Bilgi Sarmalı-2023-2024-Tyt-Matematik Soru Bankası	278	9	395	ok	valid_end_?	or. Buna göre, aşağıdaki bileşik önermelerden hangisinin doğruluk değeri '1'dir?
27c2c63b-edf8-517c-8101-20cd8fcfd78e	CAP-2022-2023-TYT AYT-Geometri Soru Bankası	258	7.	207	ok	valid_end_?	6$ cm'dir. Yukarıdaki verilere göre boyalı bölgenin alanı kaç $\text{cm}^2$ dir?
056ff528-bf95-5335-8771-2462b973406a	CAP-2022-2023-TYT AYT-Geometri Soru Bankası	260	7	168	ok	valid_end_?	ları kapalı bölgelerin alanlarıdır. $S_1=S_2$ olduğuna göre $|CE|=x$ kaç cm dir?
fe82037d-87e5-5b11-978b-dcc54af1b190	CAP-2022-2023-TYT AYT-Geometri Soru Bankası	260	8	175	ok	valid_end_?	ıkları kapalı bölgelerin alanları. $A_1=A_2$ olduğuna göre, $|AB|=x$ kaç cm dir?
7bd04508-20d0-581e-b9d8-06b51c837cd3	CAP-2022-2023-TYT AYT-Geometri Soru Bankası	77	7	113	ok	valid_end_?	H|$, $[HF] // [DE]$, $[DE]=6$ cm. Yukarıdaki verilere göre, $|HF|=x$ kaç cm dir?
fb49bf28-671b-5a5b-a70a-518d3e33f5de	CAP-2022-2023-TYT AYT-Geometri Soru Bankası	77	8	156	ok	valid_end_?	=8$ cm, $|BD|=4$ cm, $|AE|=6$ cm. Yukarıdaki verilere göre, $|EC|=x$ kaç cm dir?
58140f4e-95ec-5161-938b-7f92e7b346f2	CAP-2022-2023-TYT AYT-Geometri Soru Bankası	77	10	154	ok	valid_end_?	|GE|=4$ cm, $|GF|=3$ cm. Yukarıdaki verilere göre, $|AB|-|AC|$ farkı kaç cm dir?
3ed59390-b640-5a08-a0a0-934a8d03cc77	Bilgi Sarmalı-2023-2024-Tyt-Matematik Soru Bankası	318	11	237	ok	valid_end_?	şağıda verilmiştir. Buna göre, $(2g + f)(\frac{3}{2})$ ifadesinin değeri kaçtır?
7f940b7a-fc89-5863-87e0-c081926cef57	CAP-2022-2023-TYT AYT-Geometri Soru Bankası	79	10.	153	ok	valid_end_?	| = 6$ cm ve $|DF| = 4$ cm dir. Yukarıdaki verilere göre, $|BC| = x$ kaç cm dir?
aba088f5-8d26-5ff8-a473-852f10def9d7	CAP-2022-2023-TYT AYT-Geometri Soru Bankası	81	7	146	ok	valid_end_?	, $|DB|=5$ cm ve $|BE|=6$ cm dir. Yukarıdaki verilere göre, $|EC|=x$ kaç cm dir?
054fefe3-be71-5571-a1e4-0bd42a8d1144	CAP-2022-2023-TYT AYT-Geometri Soru Bankası	81	7	169	ok	valid_end_?	]=\{H\}$, $[AE] \cap [BC]=\{F\}$. Yukarıdaki verilere göre, $|FH|=x$ kaç cm dir?
3ab2c7a5-27e0-50e2-8977-ce376ce0e68d	CAP-2022-2023-TYT AYT-Geometri Soru Bankası	85	7	122	ok	valid_end_?	cm $|DC|=6$ cm dir. Yukarıdaki verilere göre, Alan$(ADC)$ kaç $\text{cm}^2$ dir?
c1633104-35b9-5099-a911-5b8a9b299e83	CAP-2022-2023-TYT AYT-Geometri Soru Bankası	85	8	101	ok	valid_end_?	10$ cm $|BC|=12$ cm Yukarıdaki verilere göre, Alan$(ABC)$ kaç $\text{cm}^2$ dir?
74085549-709f-59da-81c8-8f6e8b88ae07	CAP-2022-2023-TYT AYT-Geometri Soru Bankası	87	7	139	ok	valid_end_?	cm dir. Yukarıdaki verilere göre, Alan(ABCD) nin en büyük değeri kaç cm$^2$ dir?
8e756b76-d238-5c8a-94f0-43eb6b1d6d4a	CAP-2022-2023-TYT AYT-Geometri Soru Bankası	91	7	174	ok	valid_end_?	=6 \text{ cm}$ dir. Yukarıdaki verilere göre, Alan$(BFC)$ kaç $\text{cm}^2$ dir?
8eb61286-d509-5b0c-88cb-a90009958d63	CAP-2022-2023-TYT AYT-Geometri Soru Bankası	91	8	172	ok	valid_end_?	=6 \text{ cm}$ dir. Yukarıdaki verilere göre, Alan$(ABE)$ kaç $\text{cm}^2$ dir?
ee6ea1b9-7522-585c-bb0f-549a067d0a5f	CAP-2022-2023-TYT AYT-Geometri Soru Bankası	93	7	52	ok	valid_end_?	Yukarıdaki verilere göre, Alan(ABDC) kaç $cm^2$ dir?
0b7c6073-88ce-5cf8-a73e-478a5d608d3d	CAP-2022-2023-TYT AYT-Geometri Soru Bankası	93	8	148	ok	valid_end_?	lan(ABC) = $9 \cdot$ Alan(ADE) dir. Yukarıdaki verilere göre, $|AB|$ kaç cm dir?
757409d3-22c8-5c5c-bf07-0795040eabaf	CAP-2022-2023-TYT AYT-Geometri Soru Bankası	101	13	367	ok	valid_end_?	lam $150 \text{ m}$ yol almıştır. Yukarıdaki verilere göre, $|BC|$ kaç metredir?
b7484136-b11f-5141-a863-16889a288c46	CAP-2022-2023-TYT AYT-Geometri Soru Bankası	101	12	202	ok	valid_end_?	C| = 4\sqrt{5} \text{ cm}$'dir. Yukarıdaki verilere göre, $|AD| = x$ kaç cm'dir?
d5ee74ae-6a82-5006-b369-727104b88b86	CAP-2022-2023-TYT AYT-Geometri Soru Bankası	117	28	369	ok	valid_end_?	$m(\widehat{BAC})=m(\widehat{DCE})$ dir. ifadelerinden hangileri daima doğrudur?
1ad604df-d5e2-5ca0-9283-3937c6f1d068	CAP-2022-2023-TYT AYT-Geometri Soru Bankası	143	7	133	ok	valid_end_?	= 20$ cm ve $|DM| = 3|MK|$ dir. Yukarıdaki verilere göre, $|KL| = x$ kaç cm dir?
b82cf623-4869-5f47-a9db-3810c74b498a	Bilgi Sarmalı-2024-Ayt-Logaritmik Diziler	11	ÖRNEK - 14	215	unclear	unknown_end_$	x) = (\frac{1}{5})^{x-1} + 3$ II. $g: \mathbb{R} \to \mathbb{R}^+$, $g(x) = 5^x$
c704ded3-432e-59a2-b0b8-14d7d5d84161	CAP-2022-2023-TYT AYT-Geometri Soru Bankası	263	13	146	ok	valid_end_?	, $|DE| = 4$ cm, $|EC| = 9$ cm. Yukarıdaki verilere göre, $|DE| = x$ kaç cm dir?
47497492-e139-562f-9786-805aa15b1990	CAP-2022-2023-TYT AYT-Geometri Soru Bankası	272	13	168	ok	valid_end_?	BC| = 6$ cm'dir. Yukarıdaki verilere göre, taralı bölgenin alanı kaç $cm^2$'dir?
f8208776-958c-5156-81ef-1aa98d56759d	CAP-2022-2023-TYT AYT-Geometri Soru Bankası	275	15	213	ok	valid_end_?	|=|AB|$ ve $|MC|=6$ cm dir. Yukarıdaki verilere göre, $S_1 - S_2$ kaç $cm^2$dir?
ab150f85-cdb7-5b69-9d9f-f14839b0b86e	CAP-2022-2023-TYT AYT-Geometri Soru Bankası	281	20	288	ok	valid_end_?	lduğuna göre, aşağıdaki görüntülerden kaç tanesi kesinlikle elde edilmiş olamaz?
b2b9f231-e3c0-5879-9d09-5cc255e33832	Bilgi Sarmalı-2024-Ayt-Logaritmik Diziler	134	11	355	ok	valid_end_?	 III. $(a_{n+1}+b_n)$ üçgensel sayı dizisidir. ifadelerinden hangileri doğrudur?
46af7c9a-b7c2-5d66-b1f3-7542db72438e	CAP-2022-2023-TYT AYT-Geometri Soru Bankası	293	11.	176	ok	valid_end_?	3$ cm'dir. Yukarıda verilenlere göre, $|AP|+|PT|+|TN|$ toplamı en az kaç cm'dir?
e0e42175-373a-5401-b669-dd183b72b979	CAP-2022-2023-TYT AYT-Geometri Soru Bankası	293	9.	179	ok	valid_end_?	^2$'dir. Yukarıda verilenlere göre, prizmanın yanal alanı kaç $\text{cm}^2$'dir?
cf54234f-0984-5889-af68-e9accc6bd94b	CAP-2022-2023-TYT AYT-Geometri Soru Bankası	293	12.	170	ok	valid_end_?	rilenlere göre, D ile N noktaları arasındaki yüzeyden en kısa mesafe kaç cm'dir?
7c7c63c3-8ba0-5f3a-a571-10238a5964fd	CAP-2022-2023-TYT AYT-Geometri Soru Bankası	295	11	192	ok	valid_end_?	AD|=3$ cm'dir. Yukarıda verilenlere göre, piramidin hacmi kaç $\text{cm}^3$ tür?
76ef3600-9a7a-53dd-8ef4-26c31229834b	CAP-2022-2023-TYT AYT-Geometri Soru Bankası	304	10	353	ok	valid_end_?	e kadar yükseldiğini bulmak için aşağıdaki eşitliklerden hangisi kullanılabilir?
95250e9f-b28d-52a3-8ee6-fa906ffa1932	Esen Aps Geometri Soru Bankası	88	5	212	ok	valid_end_?	enar uzunluklarından ikisi 4 ve 6 cm olan üçgenlerden hangileri şanslı üçgendir?
02979e6a-bd26-5da2-80ea-d08e4ac5df0f	CAP-2022-2023-TYT AYT-Geometri Soru Bankası	312	15	216	ok	valid_end_?	erine sahip olduğuna göre, bu prizmanın hacmi en çok kaç $\text{cm}^3$ olabilir?
9e5df0ac-5f7e-59c7-9d76-daeeeebfd5bd	Esen Aps Kimya Soru Bankası	60	7	115	ok	valid_end_?	k isimleri verilmiştir. Bu bileşiklerden hangisinin suya verdiği iyon yanlıştır?
248fd026-8f3b-5a9f-b1df-be78c6206e92	Bilgi Sarmalı-2024-Ayt-Matematik Soru Bankası	38	11	137	ok	valid_end_?	grafik- leri şekilde verilmiştir. $(f-g)(a)=8$ olimitsolduğuna göre, $b$ kaçtır?
dbad651e-2f19-5c7f-8da2-c17419e35c57	Esen Aps Kimya Soru Bankası	104	6	421	ok	valid_end_?	r. Buna göre bu durum ve sonuçları ile ilgili aşağıdakilerden hangisi yanlıştır?
d98e32d2-5766-57e5-86c6-1efcc5c7ebf1	CAP-2022-2023-TYT-Matematik Soru Bankası	77	11	283	ok	valid_end_?	or.  Buna göre, Kevser'in alta yazdığı sayının $15$ ile bölümünden kalan kaçtır?
79213fe8-084e-550c-a114-539b80312012	Esen Aps Kimya Soru Bankası	160	5	141	ok	valid_end_?	emleri verilmiştir. Buna göre tablodaki ayırma yöntemlerinden hangisi yanlıştır?
2c138c80-1f33-50f9-9bb2-859077538477	CAP-2022-2023-TYT-Matematik Soru Bankası	33	10	59	ok	valid_end_?	Yukarıdaki işlem tanımlarına göre, işleminin sonucu kaçtır?
28b50051-2585-5e5f-a7f6-0500dadd993f	CAP-2022-2023-TYT AYT-Geometri Soru Bankası	145	8	156	ok	valid_end_?	$|EF|=10$ cm ve $|BC|=18$ cm dir. Yukarıdaki verilere göre, $|FC|=x$ kaç cm dir?
beaafe0e-2e48-52de-b643-06b9d6d0f467	CAP-2022-2023-TYT AYT-Geometri Soru Bankası	145	10	179	ok	valid_end_?	 $|AH|=3$ cm ve $|HB|=12$ cm dir. Yukarıdaki verilere göre, $|DE|=x$ kaç cm dir?
faa9444a-14a9-5e63-a549-e2c78f9d7f96	CAP-2022-2023-TYT AYT-Geometri Soru Bankası	157	7	151	ok	valid_end_?	, $|AF|=6$ cm ve $|CH|=4$ cm dir. Yukarıdaki verilere göre, $|BD|=x$ kaç cm dir?
c0235e72-5e7a-5d79-9d81-857e09e4650e	CAP-2022-2023-TYT AYT-Geometri Soru Bankası	157	8	148	ok	valid_end_?	 $|AH|=4$ cm ve $|HD|=12$ cm dir. Yukarıdaki verilere göre, $|DC|=x$ kaç cm dir?
ba7e6674-ab11-5223-a3c1-0423b33ea8b2	CAP-2022-2023-TYT AYT-Geometri Soru Bankası	159	10	173	ok	valid_end_?	 ve $|HE|=5$ cm dir. Yukarıdaki verilere göre, Alan(ABCD) kaç $\text{cm}^2$ dir?
fbb48a92-0281-5734-ad01-d4667f6ed85d	CAP-2022-2023-TYT AYT-Geometri Soru Bankası	161	7	129	ok	valid_end_?	an$(ABCD)=120$ cm$^2$ dir. Yukarıdaki verilere göre, Alan$(AFE)$ kaç cm$^2$ dir?
82d32f4e-17da-5bb2-90c4-af4643507837	CAP-2022-2023-TYT AYT-Geometri Soru Bankası	167	10	150	ok	valid_end_?	, $|CE|=10$ cm ve $|ED|=4$ cm dir.Yukarıdaki verilere göre, $|AE|=x$ kaç cm dir?
14a373b8-f91e-5e36-889a-2de0f2674884	CAP-2022-2023-TYT AYT-Geometri Soru Bankası	171	9	411	ok	valid_end_?	enleri kesilip katlanan kağıt geri açılınca elde edilen şeklin alanı kaç cm dir?
f641aee4-0226-553a-bc73-2c8685e01291	CAP-2022-2023-TYT AYT-Geometri Soru Bankası	193	10	120	ok	valid_end_?	| = 2$ cm ve $|HE| = 1$ cm dir. Yukarıdaki verilere göre, $|HD| = x$ kaç cm dir?
d9247ee3-5aaf-5af7-a9a1-dbb8f30a8388	CAP-2022-2023-TYT AYT-Geometri Soru Bankası	195	7	147	ok	valid_end_?	 $|EC|=9$ cm ve $|AD|=18$ cm dir. Yukarıdaki verilere göre, $|FE|=x$ kaç cm dir?
aac4264c-6a00-59eb-a67c-35ff5d47d85a	CAP-2022-2023-TYT AYT-Geometri Soru Bankası	195	8	139	ok	valid_end_?	$[BD]$ köşegendir. Yukarıdaki verilere göre, $m(\widehat{AEB})=x$ kaç derecedir?
e0c7f9af-6ba3-5fb2-9f3d-0c89cc0bcf5f	CAP-2022-2023-TYT AYT-Geometri Soru Bankası	197	8	126	ok	valid_end_?	lan$(BEF)=60$ cm$^2$ dir. Yukarıdaki verilere göre, Alan$(ABCD)$ kaç cm$^2$ dir?
c2063ed6-5324-59bc-bef7-df23fa21899e	CAP-2022-2023-TYT AYT-Geometri Soru Bankası	197	10	129	ok	valid_end_?	lan$(ABCD)=90$ cm$^2$ dir. Yukarıdaki verilere göre, Alan$(EBH)$ kaç cm$^2$ dir?
58138fbc-92de-5400-82c7-1955e2599661	CAP-2022-2023-TYT AYT-Geometri Soru Bankası	206	14	273	ok	valid_end_?	t{ m}^2$ olduğuna göre, Şekil 1 deki kapının genişliği olan $|EF|$ kaç metredir?
9fbb3bae-0802-54ab-920f-090a38add28a	Bilgi Sarmalı-2024-Ayt-Matematik Soru Bankası	121	10	146	ok	valid_end_?	m(\text{OAB}) = \alpha$ olduğuna göre, $\cos \alpha$ aşağıdakilerden hangisidir?
2b52f17c-4e5a-5f61-80ec-f777178592d0	CAP-2022-2023-TYT-Matematik Soru Bankası	206	10	244	ok	valid_end_?	. Çocuk giyim bölümünden yapılan alışverişler, tüm alışverişlerin yüzde kaçıdır?
1bd5a86e-8b3e-5a00-add1-5f9270867a52	CAP-2023-2024-AYT-Matematik Soru Bankası	31	10	181	ok	valid_end_?	 doğrusunun üzerinde olduğuna göre, $f(x)$ fonksiyonunun en küçük değeri kaçtır?
73098948-de99-5dd5-8b5b-97202c85360b	CAP-2023-2024-AYT-Matematik Soru Bankası	31	11	135	ok	valid_end_?	apsisli noktada kesişmektedir. $(gof)(a) = 64$ olduğuna göre, $m$ değeri kaçtır?
27badde2-acf9-5a36-8fc7-1c145f4fc2a9	CAP-2023-2024-AYT-Matematik Soru Bankası	52	10	160	ok	valid_end_?	= f(x-a) - b$ $h(x) = f(x-m) + n$ olduğuna göre, $\frac{a+b}{m-n}$ oranı kaçtır?
39b5f9cb-9cb4-5d36-8a16-8144112fbd24	CAP-2022-2023-TYT-Matematik Soru Bankası	136	8	227	ok	valid_end_?	nın boyu $\frac{1}{4}$ cm'dir. Buna göre, $(125)^{n-7}$ ifadesinin eşitî kaçtır?
4c9a7e75-ccc9-5972-b8b3-1b87bfa56278	Bilgi Sarmalı-2024-Ayt-Matematik Soru Bankası	149	7	210	ok	valid_end_?	sını açıortaydır. Buna göre, C noktasının y eksenine olan uzaklığı kaç birimdir?
8e3956e6-9bc3-57af-9e7d-30ab9c63ae39	Bilgi Sarmalı-2024-Ayt-Matematik Soru Bankası	149	10	190	ok	valid_end_?	)=x$ olduğuna göre, özdeş dikdörtgenlerden bir tanesinin alanı kaç birimkaredir?
172657e4-f9e8-595b-936e-4b37f50199e0	Bilgi Sarmalı-2024-Ayt-Matematik Soru Bankası	235	13.	220	ok	valid_end_?	2/3$ birimdir. Buna göre, $|A_1A_2|+|A_2A_3|+|A_3A_4|+...$ toplamı kaç birimdir?
1de28c33-7485-5890-b66d-695eb7cf728e	Bilgi Sarmalı-2024-Ayt-Matematik Soru Bankası	256	15	446	unclear	unknown_end_}	1^+} \frac{g(x)}{x-2}$ \item $c = \lim_{x \to 0} \frac{h(x)-x}{x}$ \end{itemize}
a9501d6e-64d8-5a69-9f51-4875dd3e9224	Esen Apt Ayt Fizik 2025	99	5	190	ok	valid_end_?	da verilmiştir. Buna göre bu tepkimeyle ilgili aşağıdakilerden hangisi doğrudur?
9346a8a9-3200-587e-bdf8-4d82ff41b156	CAP-2022-2023-TYT-Matematik Soru Bankası	352	7	270	ok	valid_end_?	'deki boyalı bölgelerin alanları toplamı 36 birimkare olduğuna göre, $x$ kaçtır?
2c8a71b4-3aea-597b-b8e0-805b20d21a84	CAP-2023-2024-AYT-Matematik Soru Bankası	74	6	177	ok	valid_end_?	x) \cdot g(x) \geq 0$ eşitsizliğini sağlayan $x$ tam sayılarının çarpımı kaçtır?
3de5c321-a262-5d2d-8e40-7720b8155f15	CAP-2023-2024-AYT-Matematik Soru Bankası	357	8	157	ok	valid_end_?	r. A ve B bulundukları bölgelerin alanlarıdır. Buna göre, $(A-B)$ değeri kaçtır?
84fd4e3e-b765-57e9-b1cf-e40938d12ae7	CAP-2023-2024-AYT-Matematik Soru Bankası	372	8	274	ok	valid_end_)	eysel olasılığı kaçtır? (Öğrenciler bu beş meslek dışında tercih yapmayacaktır.)
fac8a6d2-baae-5b96-8350-15d56e514361	Esen Aylık Planlı Biyoloji Soru Bankası	76	5	519	ok	valid_end_.	. E) V numaralı organdan II ve IV numaralı organları uyaracak hormon salgılanır.
3f7504b8-0c8d-51be-81df-e1c153d5ed9d	Bilgi Sarmalı-2024-Ayt-Matematik Soru Bankası	334	13	347	ok	valid_end_?	$ lik açı yapmaktadır. Buna göre, E noktasının zeminden yüksekliği kaç $cm$ dir?
ef484677-416a-5de5-b61e-6e33cbcb91cc	CAP-2023-2024-AYT-Matematik Soru Bankası	168	7	151	ok	valid_end_?	(2, \frac{1}{3})$ noktasında kesişiyor. Buna göre, $a^2 \cdot b$ çarpımı kaçtır?
b8942472-2e3c-5b0d-9822-1064c979a4e2	CAP-2023-2024-AYT-Matematik Soru Bankası	168	10	122	ok	valid_end_?	og_b(x-n)$ fonksiyonlarının grafikleri verilmiştir. Buna göre, $a+b+m+n$ kaçtır?
b643a15b-179d-538b-bdc4-7e14b6914d0d	Esen Ayt Fizik Soru Bankası	206	6	290	ok	valid_end_?	 enerjileri $E_X$, $E_Y$ ve $E_Z$ olduğuna göre, bunlar arasındaki ilişki nedir?
b4958a87-7e30-5f00-8e75-1a51d812c768	Esen Ayt Kimya Soru Bankası	30	5	526	ok	valid_end_.	mentidir. E) 1 ve 3 numaralı bölgede bulunan elementler baş grup elementleridir.
9dee5933-d5c6-5e6a-98cb-db8c492f9aeb	Bilgi Sarmalı-2025-Ayt-Matematik Soru Bankası	119	10	356	ok	valid_end_)	uğuna göre, gülle yerden en çok kaç metre yükseğe çıkabilir? (1 birim = 1 metre)
e1470090-b1d1-5e8f-8302-0056a33db05a	CAP-2023-2024-AYT-Matematik Soru Bankası	84	13	44	ok	valid_end_?	Yukarıdaki verilere göre, $x$ kaç radyandır?
6ee50b32-981d-5dac-afa4-1164c234181a	CAP-2023-2024-AYT-Matematik Soru Bankası	94	10	543	ok	valid_end_?	sin x$'tir. ifadelerinden kaç tanesini sadece grafiklere bakarak yorumlayabilir?
bb0ba54e-3b28-534b-bb5a-b4369bfb6224	Bilgi Sarmalı-2025-Ayt-Matematik Soru Bankası	50	11	254	ok	valid_end_?	x)$ polinomudur. $P(x)=4\cdot(2x^2-x+15)$ olduğuna göre, $a+b+c$ toplamı kaçtır?
19efe15f-c622-53a1-bb52-b3351570af34	CAP-2023-2024-AYT-Matematik Soru Bankası	121	8.	138	ok	valid_end_?	$ birim, $m(\widehat{DAB})=x$. Yukarıdaki verilere göre, $\tan x$ değeri kaçtır?
ad1951e9-653c-50cc-88f8-9536c0ffc28d	CAP-2023-2024-AYT-Matematik Soru Bankası	121	12.	312	ok	valid_end_?	. $\tan(\widehat{CAB})=\frac{1}{3}$ olduğuna göre, $\sin(\widehat{CAD})$ kaçtır?
99ed743f-98dc-5dd8-a5e2-fa0a516a2367	CAP-2023-2024-AYT-Matematik Soru Bankası	123	12.	169	ok	valid_end_?	|HC| = 3$ birim. Yukarıda verilenlere göre, $\sin(\widehat{BAH})$ değeri kaçtır?
64187903-9c4b-515b-b098-71b4991732a7	CAP-2023-2024-AYT-Matematik Soru Bankası	129	9.	199	ok	valid_end_?	lpha + \sin^4\alpha}{1-\sin 2\alpha}$ ifadesi aşağıdakilerden hangisine eşittir?
6a0180c3-9feb-5b63-b6b7-0f95b5325bb5	CAP-2023-2024-AYT-Matematik Soru Bankası	129	11.	131	ok	valid_end_?	|=|EC|$ ve $m(\widehat{DAE})=\alpha$'dır. Buna göre, $\sin\alpha$ değeri kaçtır?
021e66a8-d13b-5176-ab00-3b2ac8aa4ac6	CAP-2023-2024-AYT-Matematik Soru Bankası	129	12.	169	ok	valid_end_?	enlere göre, $\tan\alpha + \tan\beta$ toplamı aşağıdakilerden hangisine eşittir?
af3399db-55c5-58fc-bb3a-3940b164fcbb	Esen Ayt Tarih Soru Bankası	118	9	177	ok	valid_end_?	ellikler verilmiştir. Bu özelliklerden yanlışı olan, aşağıdakilerden hangisidir?
444b17cc-3d36-59ce-a5e2-0ab8824bdc69	Bilgi Sarmalı-2025-Ayt-Matematik Soru Bankası	207	13.	217	ok	valid_end_?	g_3 9 = 2$ olur. Buna göre, toplamının sonucu aşağıdakilerden hangisine eşittir?
67a9a1d8-a2e8-5dee-93cd-7cccaff5acdd	Bilgi Sarmalı-2025-Ayt-Matematik Soru Bankası	221	13	365	ok	valid_end_?	m olduğuna göre, $x$ tam sayısının alabileceği farklı değerlerin toplamı kaçtır?
16d95d53-9c3b-5b82-b13c-0bdcd9687888	CAP-2023-2024-AYT-Matematik Soru Bankası	141	9	106	ok	valid_end_?	ini sağlayan $\theta$ açısı için, $(\sec^2\theta - 2)$ ifadesinin değeri kaçtır?
d339b2f1-536f-5a24-b760-9975488e7e8c	Bilgi Sarmalı-2025-Ayt-Matematik Soru Bankası	66	9	258	ok	valid_end_?	. Buna göre, $P(x) \cdot Q(x+1) + Q(x+2)$ polinomunun katsayılar toplamı kaçtır?
fb22fc0b-f3a3-5813-8169-ad81d82ec0b4	CAP-2023-2024-AYT-Matematik Soru Bankası	259	22	157	ok	valid_end_?	im_{x \to 1^-} (f-g)(x) + \lim_{x \to 1^+} (gof)(x-2)$ ifadesinin değeri kaçtır?
07fd2fa3-78e9-5b0d-b820-c883f0b6a25e	CAP-2023-2024-AYT-Matematik Soru Bankası	260	26	303	ok	valid_end_?	ı vardır. III. $\lim_{x \to 0} (f(x) - 2) = 0$ ifadelerinden hangileri doğrudur?
5aea53af-3333-5ed6-9aa9-94f7f0ee0cf3	Bilgi Sarmalı-2025-Ayt-Matematik Soru Bankası	86	12	196	ok	valid_end_?	lmiştir. Buna göre, $m-n+p$ işleminin sonucunun en büyük tam sayı değeri kaçtır?
bf059d85-cb22-531d-985a-69c005896ce8	Bilgi Sarmalı-2025-Ayt-Matematik Soru Bankası	167	9	184	ok	valid_end_?	unluğu $\frac{2\pi}{5}$ radyan olduğuna göre, $|AB|$ aşağıdakilerden hangisidir?
c783ec17-8497-5c40-9627-5989363edfb1	Bilgi Sarmalı-2025-Ayt-Matematik Soru Bankası	195	13	205	ok	valid_end_?	x-3}$ gramdır. Buna göre, $a$'nın $b$ türünden eşiti aşağıdakilerden hangisidir?
c9dac2a8-afc9-590e-a604-9c5735730fbb	CAP-2023-AYT-Matematik -AL-Soru Bankası	146	8	40	ok	valid_end_?	Yukarıdaki verilere göre $x$ kaç cm'dir?
2cfe9579-a4e8-572b-ba0d-48f3b1b8debc	CAP-2023-AYT-Matematik -AL-Soru Bankası	146	7	54	ok	valid_end_?	Buna göre, $\alpha$ dar açısının ölçüsü kaç derecedir?
2dfb3a82-c561-505f-b36d-4c0e2c0efdee	CAP-2023-AYT-Matematik -AL-Soru Bankası	154	10	544	ok	valid_end_?	sin x$'tir. ifadelerinden kaç tanesini sadece grafiklere bakarak yorumlayabilir?
ff898dc1-4bcf-555a-8f2f-f301637bee9c	CAP-2023-AYT-Matematik -AL-Soru Bankası	162	7	150	ok	valid_end_?	idehat{BDC})=\alpha$ dır. Yukarıdaki verilere göre, $\tan \alpha$ değeri kaçtır?
08ccda09-0ac6-5cf3-bd4b-45398f492964	CAP-2023-AYT-Matematik -AL-Soru Bankası	162	8	140	ok	valid_end_?	DC|=12$ birimdir. Yukarıdaki verilere göre, $\cos(\widehat{ADB})$ değeri kaçtır?
7517e74a-9b16-5778-8679-112d1e2a129b	Bilgi Sarmalı-2025-Ayt-Matematik Soru Bankası	264	9	185	ok	valid_end_?	^+} (f(\sqrt{x})) + \lim_{x \to 1^-} (f(\frac{2}{x}))$ ifadesinin değeri kaçtır?
3e7d618f-4488-5bf4-bf60-e2662c6ddc46	CAP-2023-AYT-Matematik -AL-Soru Bankası	162	11	165	ok	valid_end_?	AB|=16$ birimdir. Yukarıdaki verilere göre, $\cos(\widehat{ADC})$ değeri kaçtır?
154b0a13-7054-534f-8e59-fb03962b3ec7	Bilgi Sarmalı-2025-Ayt-Matematik Soru Bankası	266	8	313	ok	valid_end_?	fonksiyonları için $\lim_{x \to 1^-} (f \circ g)(x)$ ifadesinin değeri kaç olur?
df3f945c-eeef-53b2-bbb2-6a9dbf5c7f69	CAP-2023-AYT-Matematik -AL-Soru Bankası	164	9	153	ok	valid_end_?	m $m(\text{DAC}) = \alpha$ Yukarıdaki verilere göre, $\cos\alpha$ değeri kaçtır?
f5d47aa5-3df8-57ae-bb94-21f804fa53da	Full-2019-2020-Ayt-Matematik Soru Bankası	185	10	205	ok	valid_end_?	]^2) \cdot (1-[CD]^2)$ ifadesinin $x$ türünden eşiti aşağıdakilerden hangisidir?
e287970c-24ce-5636-8dab-b48017b52095	Bilgi Sarmalı-2025-Ayt-Matematik Soru Bankası	266	10	160	ok	valid_end_?	\lim_{x \to 3^-} f(x)$ dir. Buna göre, $a$ tam sayısı kaç farklı değer alabilir?
c6dda94b-917f-5f0a-aa9f-ca0b9d7bd0ff	Bilgi Sarmalı-2025-Ayt-Matematik Soru Bankası	277	14	231	ok	valid_end_?	a \to 0^+} \frac{\text{Alan}(EDCB)}{\text{Alan}(AOB)}$ ifadesinin değeri kaçtır?
dc070ba7-7190-5238-84fa-b2040578982d	CAP-2023-2024-AYT-Matematik Soru Bankası	318	27	313	ok	valid_end_?	 maksimumunun apsisleri toplamı $1$'dir. ifadelerinden hangileri daima doğrudur?
10ce9c12-e950-59c9-b4bb-a1f966987aec	Bilgi Sarmalı-2025-Ayt-Matematik Soru Bankası	277	16	210	ok	valid_end_?	AH})=\alpha$ olduğuna göre, $\lim_{\theta \to 0} |AC|$ ifadesinin değeri kaçtır?
37b591a2-751a-5a12-b620-de66ce596092	CAP-2023-AYT-Matematik -AL-Soru Bankası	10	11	192	ok	valid_end_?	2f-g+h)(2) = 7$ III. $(f^2-g^2+h^2)(1) = 33$ eşitliklerinden hangileri doğrudur?
4348e6d6-d598-5316-af23-f92ecae1b490	Esen Tyt Ayt Geometri Soru Bankası	59	7.	258	ok	valid_end_?	le C köşeleri çakışacak şekilde yapıştırılmıştır. Buna göre, $|AE'|$ kaç cm'dir?
89c896bf-4fb8-5869-976a-3a394dca1a06	Bilgi Sarmalı-2025-Tyt Ayt-Geometri Soru Bankası	62	6	528	ok	valid_end_?	i kaldıracın $A'$ ve $B'$ uçlarının yerden yükseklikleri toplamı kaç metre olur?
252f524e-8b3a-5334-86a9-e9d029afb234	Bilgi Sarmalı-2025-Tyt Ayt-Geometri Soru Bankası	68	11.	98	ok	valid_end_?	enar üçgen, $[BD] = [DC]$, $[KC] = 4$ birim. Buna göre, $[AE] = x$ kaç birimdir?
1b55eb75-19f5-58e4-ac8c-ed50d0227b77	Bilgi Sarmalı-2025-Tyt Ayt-Geometri Soru Bankası	82	8.	138	ok	valid_end_?	$ cm, $|EC|=8$ cm, $2|BC|=5|BF|$. Yukarıdaki verilere göre, $|DB|=x$ kaç cm'dir?
f5bfdfcb-6855-559c-b21f-b2f16f079ab0	Bilgi Sarmalı-2025-Tyt Ayt-Geometri Soru Bankası	82	9.	139	ok	valid_end_?	DAE})$, $|BD|=4$ cm, $|DE|=2$ cm. Yukarıdaki verilere göre, $|EC|=x$ kaç cm'dir?
e11d27fa-ccf7-5345-bbcd-5d5aaf47aba0	Bilgi Sarmalı-2025-Tyt Ayt-Geometri Soru Bankası	84	10.	131	ok	valid_end_?	=|EC|$, $|GE|=2$ cm, $|GD|=3$ cm. Yukarıdaki verilere göre, $|GC|=x$ kaç cm'dir?
b2347959-015d-5390-a6c1-f24795d0a402	Bilgi Sarmalı-2025-Tyt Ayt-Geometri Soru Bankası	84	11.	163	ok	valid_end_?	$[FE]\parallel[BC]$, $|KG|=3$ cm. Yukarıdaki verilere göre, $|DC|=x$ kaç cm'dir?
77cae0c9-8cc8-51e2-b4ea-a0635fdc8f82	Bilgi Sarmalı-2025-Tyt Ayt-Geometri Soru Bankası	84	12.	180	ok	valid_end_?	D|=|BD|$, $|BE|=6$ cm, $|CD|=8$ cm. Yukarıdaki verilere göre, $|BC|$ kaç cm'dir?
727d716c-f3fe-5ffb-92fc-2ab3a2860adb	Bilgi Sarmalı-2025-Tyt Ayt-Geometri Soru Bankası	86	11.	166	ok	valid_end_?	\circ}$, $|AB| = |GC| = 14$ cm. Yukarıdaki verilere göre, $|AC| = x$ kaç cm'dir?
8f888101-6a7e-5f79-8007-c222fd1e9991	Bilgi Sarmalı-2025-Tyt Ayt-Geometri Soru Bankası	88	12.	194	ok	valid_end_?	 birim, $|AD| = 4$ birim, $|BC| = 11$ birim. Buna göre, $|AC| = x$ kaç birimdir?
f1bc95c3-f86d-56f7-ac23-abaa703007c1	Bilgi Sarmalı-2025-Tyt Ayt-Geometri Soru Bankası	132	7.	142	ok	valid_end_?	= 60 \text{ cm}^2$. Yukarıdaki verilere göre, Alan$(ABC)$ kaç $\text{cm}^2$ dir?
a4b4515e-51e3-5730-9ab3-6083475f6d04	Bilgi Sarmalı-2025-Tyt Ayt-Geometri Soru Bankası	132	9.	186	ok	valid_end_?	r, Alan$(DEFG) = 24 \text{ br}^2$. Buna göre, Alan$(ABC)$ kaç $\text{br}^2$ dir?
aca0ed21-9b42-57a5-8114-81e243630df2	Bilgi Sarmalı-2025-Tyt Ayt-Geometri Soru Bankası	30	9.	127	ok	valid_end_?	circ$, $m(\text{ACB}) = 60^\circ$. Buna göre, $m(\text{BDE}) = x$ kaç derecedir?
d457e240-8b4f-501b-8497-48a8253e1fba	Bilgi Sarmalı-2025-Tyt Ayt-Geometri Soru Bankası	30	11.	146	ok	valid_end_?	, $m(\text{ACB}) = 40^\circ$. Buna göre, $m(\text{DFB}) = \alpha$ kaç derecedir?
9b7e4747-5230-5eea-8dcf-2b3005ac5e98	Bilgi Sarmalı-2025-Tyt Ayt-Geometri Soru Bankası	184	10.	150	ok	valid_end_?	 80^\circ$. Yukarıdaki verilere göre, $m(\widehat{EBC}) = \alpha$ kaç derecedir?
3c37187e-eb4b-5bec-993a-6a569ff68563	Bilgi Sarmalı-2025-Tyt Ayt-Geometri Soru Bankası	184	11.	125	ok	valid_end_?	 $|EF| = 5$ cm, $|BC| = 13$ cm. Yukarıdaki verilere göre, $|DC| = x$ kaç cm'dir?
9a43b50a-5f64-59c6-a316-681adebc0d72	Bilgi Sarmalı-2025-Tyt Ayt-Geometri Soru Bankası	186	11.	148	ok	valid_end_?	$cm^2$, $A(DKC) = 15$ $cm^2$. Yukarıdaki verilere göre, $A(LBK)$ kaç $cm^2$ dir?
375827ef-ab9f-590e-9186-e0988a1c2b15	Bilgi Sarmalı-2025-Tyt Ayt-Geometri Soru Bankası	188	8.	189	ok	valid_end_?	{ cm}^2$. Yukarıdaki verilere göre, $FDL$ üçgeninin alanı kaç $\text{cm}^2$ dir?
5b52c8eb-50d3-5f9d-b20c-ed14d4318e33	CAP-2023-AYT-Matematik -AL-Soru Bankası	69	10	176	ok	valid_end_?	}{3a}\right)-\left(f\left(\frac{b}{a}-3\right)\right)$ toplamının değeri kaçtır?
b61d9f39-18d6-5d7c-a185-ef15a5798752	CAP-2023-AYT-Matematik -AL-Soru Bankası	74	11	138	ok	valid_end_?	iştir. Buna göre, $|c-a|+|a-b|+|c|$ ifadesinin eşiti aşağıdakilerden hangisidir?
ed64a16c-5d3c-59ed-82de-e6ce547f1bad	CAP-2023-AYT-Matematik -AL-Soru Bankası	75	15	435	ok	valid_end_?	 kullanırsa top en yüksek noktaya çıkana kadar yatayda kaç metre yol almış olur?
4cf60965-fbc2-532d-968f-902b270ea5ea	Esen Tyt Cografya Soru Bankası	286	5	68	ok	valid_end_?	Yukarıda verilen özelliklerden hangileri kırsal yerleşmelere aittir?
d59f4ff9-5f1a-5c99-906e-c6752b607e6b	Bilgi Sarmalı-2025-Tyt Ayt-Geometri Soru Bankası	110	10.	202	ok	valid_end_?	m, $|BF| = 10$ cm, $3|AN| = 2|BR|$. Yukarıdaki verilere göre, $|CK|$ kaç cm dir?
5afa7e42-9e54-5d18-a0b6-2e58a891341f	Aktif Ogrenme 2025 Tyt Fizik Soru Bankası	260	Örnek: 18	173	ok	valid_end_?	una göre, gözlemci L, M, P, N ve R noktalarından hangisinin görüntüsünü göremez?
5e3b0c8f-cf54-580a-ab87-274de20aac1e	Apotemi 2019 2020 Tyt Ayt Fizik Soru Bankası	322	8.	189	ok	valid_end_?	dir. Buna göre, merkezdeki bileşke manyetik alan şiddeti kaç $K\frac{I}{r}$ dir?
06663267-8b2a-5238-b46a-08d1bd7528f0	Bilgi Sarmalı-2025-Tyt Ayt-Geometri Soru Bankası	226	11.	116	ok	valid_end_?	rp[EF]$, $|DF|=2$ cm, $|FC|=6$ cm Yukarıdaki verilere göre, $|AE|=x$ kaç cm'dir?
d808e7ab-3510-54dc-bec4-a31740ae4db5	Bilgi Sarmalı-2025-Tyt Ayt-Geometri Soru Bankası	244	8.	166	ok	valid_end_?	=|DE|=2$ cm, $|AB|=2\sqrt{5}$ cm. Yukarıdaki verilere göre, $|FC|=x$ kaç cm'dir?
52a6dcde-503e-5d2e-b0ff-efce6a9f2b35	Aktif Ogrenme 2025 Tyt Fizik Soru Bankası	135	Örnek 14	522	ok	valid_end_?	irine uyguladığı kuvvetler eşit büyüklüktedir. yargılarından hangileri doğrudur?
dee02a3d-1595-55a8-9e85-915f189732e9	CAP-2023-AYT-Matematik -AL-Soru Bankası	312	9	257	ok	valid_end_?	x+1)$ fonksiyonu $x=-5$ noktasında süreklidir. ifadelerinden hangileri doğrudur?
bb29ac47-7792-5b7e-8fba-8c9412acea0b	CAP-2023-AYT-Matematik -AL-Soru Bankası	322	23	166	ok	valid_end_?	im_{x \to 1^-} (f-g)(x)}{\lim_{x \to 2^+} (gof)(x+2)}$ ifadesinin değeri kaçtır?
7af6647b-56d2-5256-8808-09c3abbc8bea	Bilgi Sarmalı-2025-Tyt Ayt-Geometri Soru Bankası	380	7	368	ok	valid_end_?	ni koordinatları $A'(a, b)$ şeklinde olduğuna göre, $a ullet b$ çarpımı kaçtır?
0ecc158b-8c44-5b09-af01-11440dd236a2	CAP-2023-AYT-Matematik -AL-Soru Bankası	325	36	208	ok	valid_end_?	leldir. Buna göre, $\lim_{a \to 4^-} \frac{|AB|}{|AC|}$ limitinin değeri kaçtır?
f0cdc07a-e005-5331-8461-19d7368afeac	Esen Tyt Kimya Soru Bankası	140	5	140	ok	valid_end_?	oğru ise "D", yanlış ise "Y" şeklinde cevapladığında kaç numaralı çıkışa ulaşır?
ff8c63ae-e7d6-5a0a-ae28-1c2b03147ffc	Bilgi Sarmalı-2025-Tyt Ayt-Geometri Soru Bankası	394	5	280	ok	valid_end_?	an $P$ noktasının $x'Oy'$ düzlemindeki koordinatları aşağıdakilerden hangisidir?
cbb61872-2a31-5aac-979c-ba7b3e8ae794	CAP-2023-AYT-Matematik -AL-Soru Bankası	325	37	176	ok	valid_end_?	 - TTL \cdot \frac{3}{2}}$ Yukarıdaki verilere göre, $|LE|$ uzunluğu kaç cm'dir?
770dc094-7e96-5727-97ba-a4c9c9ec364d	CAP-2023-AYT-Matematik -AL-Soru Bankası	340	8	176	ok	valid_end_?	)$ için $f(a^-) \cdot f'(a^+) < 0$ şartını sağlayan $a$ değerler toplamı kaçtır?
73ccb677-7866-56e4-8cf6-8d4db56d060e	Aromat 2024 Ayt Fen Bilimleri Model Sorular	13	AROMAT MODELİ	293	ok	valid_end_?	 sonucu R ucunda biriken yüklerin işareti aşağıdakilerden hangisi gibi olabilir?
b908c803-d0e1-5720-81fb-3b4a18003815	CAP-2023-AYT-Matematik -AL-Soru Bankası	168	6	168	ok	valid_end_?	=4$ cm, $|AC|=3$ cm. Buna göre, $(16\cos^2\alpha - 9\cos^2\beta)$ değeri kaçtır?
cd9cf68f-c2dc-59db-ab5a-7fe136065f93	CAP-2023-AYT-Matematik -AL-Soru Bankası	168	7	158	ok	valid_end_?	 \alpha$, $m(\widehat{CAE}) = \beta$'dir. Buna göre, $\cot\alpha$ değeri kaçtır?
27146895-7eb8-5126-86b0-3a1e0208c8dd	Bilgi Sarmalı-2025-Tyt-Matematik Soru Bankası	126	6	172	ok	valid_end_?	 I. $b>0$ II. $c>0$ III. $1 < \frac{a}{b} < 2$ ifadelerinden hangileri doğrudur?
4512f1da-05bc-59e5-ac80-1daca1a9db45	CAP-2023-AYT-Matematik -AL-Soru Bankası	191	12	166	ok	valid_end_?	enlere göre, $\tan\alpha + \tan\beta$ toplamı aşağıdakilerden hangisine eşittir?
abd3ef4e-6dfd-5d02-b458-3e02e92b07a2	CAP-2023-AYT-Matematik -AL-Soru Bankası	203	9	117	ok	valid_end_?	ni sağlayan $\theta$ açısı için, $(\sec^2 \theta - 2)$ ifadesinin değeri kaçtır?
05d15c30-fbf9-557b-8aa7-bf08d6294188	CAP-2023-AYT-Matematik -AL-Soru Bankası	205	8	239	ok	valid_end_?	ac{|BC|}{|AD|} + \frac{|CD|}{|AD|}$ toplamının eşiti aşağıdakilerden hangisidir?
38326467-6816-5a74-9b5d-a07e9cbac268	CAP-2023-AYT-Matematik -AL-Soru Bankası	377	7	255	ok	valid_end_?	 bx + c$ ve $f(-2) = f(3) = 0$'dır. Buna göre, $(c+a)$ toplamının değeri kaçtır?
da49cfd7-8bfd-5dd1-afcb-a958a3dadef8	Bilgi Sarmalı-2025-Tyt-Matematik Soru Bankası	286	8	469	ok	valid_end_?	verilmiştir. Buna göre, $\square - \triangle + \bullet$ işleminin sonucu kaçtır?
e733e2af-02ea-596f-bfd3-f1087383bc87	CAP-2023-AYT-Matematik -AL-Soru Bankası	421	9	245	ok	valid_end_?	duğuna göre, $A, B$ ve $C$ arasındaki doğru sıralama aşağıdakilerden hangisidir?
4565f238-1b51-5e58-b11f-3d615d8676d5	CAP-2023-AYT-Matematik -AL-Soru Bankası	425	16	331	ok	valid_end_)	3(e-1)$ ifadelerinden hangileri olabilir? ($\pi \approx 3,14$, $e \approx 2,71$)
eebeeabd-be95-56be-a178-326e12217d05	Bilgi Sarmalı-Tyt Ayt-Geometri Soru Bankası	28	9	162	ok	valid_end_?	=40^ ext{o}$. Yukarıdaki verilere göre, $m(\widehat{CBD})=\alpha$ kaç derecedir?
1d11b998-4316-543e-bc23-2f66805eff7c	Bilgi Sarmalı-2025-Tyt-Matematik Soru Bankası	146	6	226	ok	valid_end_?	müş el kantarları ile tartılıyor. Buna göre, $a$ aşağıdakilerden hangisi olamaz?
8ae72a4c-cabf-5f2e-a0b5-193d009abe51	CAP-2023-AYT-Matematik -AL-Soru Bankası	266	14	373	ok	valid_end_?	 $a_1=b_2$ II. $a_2+b_2=20$ III. $a_3-b_3=100$ ifadelerinden hangileri doğrudur?
d92ced58-68ce-53fb-bb55-160559f68eb7	Bilgi Sarmalı-2025-Tyt-Matematik Soru Bankası	164	8	322	ok	valid_end_?	 için yapılmıştır. Buna göre, K'nin alabileceği en büyük tam sayı değeri kaçtır?
3dffa891-b416-5061-ac55-b831090fe26b	Bilgi Sarmalı-2025-Tyt-Matematik Soru Bankası	290	15	197	ok	valid_end_?	ştir. Buna göre, hangi öğrencinin aldığı puanların standart sapması en düşüktür?
6e622872-4caa-5e28-ae36-bfa9efa2b05e	CAP-2023-AYT-Matematik -AL-Soru Bankası	298	10	380	ok	valid_end_?	ğini sağlayan 3 tane $x$ gerçek sayısı vardır. ifadelerinden hangileri doğrudur?
b79f924b-f8cb-577c-91f6-00cf31a7d6ea	CAP-2023-AYT-Matematik -AL-Soru Bankası	298	13	289	ok	valid_end_?	lim_{x \to -4^-} \frac{3f(x)}{f(x)} = -2$ dir. ifadelerinden hangileri doğrudur?
1d861626-4cae-5b51-a755-f963f3491d3b	CAP-2023-AYT-Matematik -AL-Soru Bankası	300	10	231	ok	valid_end_?	$ III. $\lim_{x \to 0^-} (fof)(x+1) = 6$ ifadelerinden hangileri daima doğrudur?
56918e1e-3aca-528e-a124-b871897f1e2d	Bilgi Sarmalı-2025-Tyt-Matematik Soru Bankası	316	11	81	ok	valid_end_?	ukarıda verilen $A$, $B$ ve $C$ kümeleri için aşağıdakilerden hangisi yanlıştır?
1e9cf245-fb30-53a2-852b-c142203167cd	Bilgi Sarmalı-2025-Tyt-Matematik Soru Bankası	316	15	90	ok	valid_end_?	enn şemaları verilen $A$ ve $B$ kümeleri için aşağıdakilerden hangisi yanlıştır?
a4f7303e-1c0e-5e59-9c79-103758439814	Bilgi Sarmalı-Tyt Ayt-Geometri Soru Bankası	58	9.	120	ok	valid_end_?	, $|AB|=|AC|$, $|BD|=6$ birim, $|DC|=2$ birim. Buna göre, $|AD|=x$ kaç birimdir?
eea9fea7-9032-53a8-ab93-e47ecc660da0	Esen Yks Motivasyon Biyoloji	77	5	75	ok	valid_end_?	Canlıların sınıflandırılması ile ilgili, grafiklerinden hangileri doğrudur?
c8987444-7a06-5300-a293-574e6924eca8	Bilgi Sarmalı-Tyt Ayt-Geometri Soru Bankası	130	10	133	ok	valid_end_?	, $|BC|=6$ cm, $|CD|=8$ cm. Yukarıdaki verilere göre, Alan(ABCD) kaç $cm^2$ dir?
8707d5c7-c893-5e3b-9e61-6f2cef97ff8b	Bilgi Sarmalı-Tyt Ayt-Geometri Soru Bankası	134	8.	181	ok	valid_end_?	$|AG|=10$ cm, $|EC|=8$ cm. Yukarıdaki verilere göre, Alan$(ABC)$ kaç cm$^2$ dir?
6d7a8549-322c-51e6-8579-7279aaafea80	Bilgi Sarmalı-Tyt Ayt-Geometri Soru Bankası	162	11	125	ok	valid_end_?	$|BK|=|KC|$, $|FL|=10\text{ cm}$. Yukarıdaki verilere göre, $|CL|=x$ kaç cm'dir?
9e6043ae-3dc5-559c-a0d6-21166f1f09dd	Bilgi Sarmalı-Tyt Ayt-Geometri Soru Bankası	170	6	398	ok	valid_end_?	 maviye boyanıyor. Buna göre, oluşan mavi renkli bölgenin alanı kaç $cm^2$ olur?
9636a8a0-ca98-574a-9c31-a215bfa7e67f	Esen Yks Motivasyon Biyoloji	97	5	230	ok	valid_end_?	 göre biyoloğun incelediği canlının aşağıdakilerden hangisi olduğu söylenebilir?
2088c311-831c-55c5-944c-36c74681d81b	Bilgi Sarmalı-Tyt Ayt-Geometri Soru Bankası	186	8	163	ok	valid_end_?	A(AEF)=16$ cm$^2$. Yukarıdaki verilere göre, FDL üçgeninin alanı kaç cm$^2$ dir?
3183e1c2-cd59-56ad-8a52-9ac239151296	Bilgi Sarmalı-Tyt Ayt-Geometri Soru Bankası	188	8.	154	ok	valid_end_?	$ $cm^2$, $A(EKC)=20$ $cm^2$ Yukarıdaki verilere göre, $A(ABCD)$ kaç $cm^2$ dir?
e929cb2e-763c-5c9a-95f3-003812d4febf	Bilgi Sarmalı-Tyt Ayt-Geometri Soru Bankası	194	6	163	ok	valid_end_?	|DE|=16$ cm, $|EC|=17$ cm  Yukarıdaki verilere göre, Alan($DEC$) kaç $cm^2$ dir?
c9d00101-0f92-53e7-82fc-cfc90864886d	Bilgi Sarmalı-Tyt Ayt-Geometri Soru Bankası	194	7	368	ok	valid_end_?	a III. şekil elde ediliyor.  Buna göre, $FEKH$ dörtgeninin alanı kaç $cm^2$ dir?
bd9a016c-0933-5e4b-ac07-073c4bf201bd	Bilgi Sarmalı-Tyt Ayt-Geometri Soru Bankası	360	6	140	ok	valid_end_?	, 0)$, $d_1 \cap d_2 = \{K\}$ Yukarıdaki verilere göre, $A(ADK)$ kaç $br^2$ dir?
cc159fcd-5f35-5265-937c-32509065086e	Edebiyat Sokagi Ayt Edebiyat Soru Bankasi	286	7	98	ok	valid_end_?	anmış yerlerdeki bilgi yanlışlığını gidermek için hangileri yer değiştirmelidir?
6ca9ff43-b254-527c-b1f9-df9a2a2d8edb	Aktif Ogrenme 2025 Tyt Fizik Soru Bankası	267	Örnek : 25	215	ok	valid_end_?	n L, M ve N ışınlarından hangileri yansıdıktan sonra kendi üzerinden geri döner?
564ed55a-713a-5e1a-be13-ea877236404f	Bilgi Sarmalı-Tyt Ayt-Geometri Soru Bankası	66	7	134	ok	valid_end_?	 [BE]$, $|EC|=6$ cm, $|FD|=8$ cm. Yukarıdaki verilere göre, $|AF|=x$ kaç cm'dir?
7136ff7a-90cb-5f21-951c-0d18c112146b	Bilgi Sarmalı-Tyt Ayt-Geometri Soru Bankası	111	5	400	ok	valid_end_?	ştır. $|BC|=20$ cm olduğuna göre, A'B'C' üçgensel bölgesinin çevresi kaç cm'dir?
4c940d5d-f664-5737-8879-3589f2286b2d	Bilgi Sarmalı-Tyt Ayt-Geometri Soru Bankası	220	8	126	ok	valid_end_?	$, $|AE| = 2$ cm, $|ED| = 8$ cm Yukarıdaki verilere göre, $|EF| = x$ kaç cm'dir?
60d0787a-348e-575b-8c8a-0215d422b90d	Bilgi Sarmalı-Tyt Ayt-Geometri Soru Bankası	228	9	350	ok	valid_end_?	 dir. III. $A(ABA'KCD') = S_2$ dir. ifadelerinden hangileri kesinlikle doğrudur?
3cfe7cb5-e42d-5e03-84c8-df26ceebc898	Bilgi Sarmalı-Tyt Ayt-Geometri Soru Bankası	240	11	230	ok	valid_end_?	rim, $|DC| = 10$ birim, $|EF| = 6$ birim. Buna göre, $A(ABCD)$ kaç birimkaredir?
e89e2fad-85cd-5ff8-864e-a80acc3ebea1	Bilgi Sarmalı-Tyt Ayt-Geometri Soru Bankası	242	9.	197	ok	valid_end_?	$, $|DC|=21 \text{ cm}$, $|EF|=x$'tir. Yukarıdaki verilere göre, $x$ kaç cm'dir?
c2573d68-d769-5e2a-996c-14984d55c513	Bilgi Sarmalı-Tyt Ayt-Geometri Soru Bankası	246	7	229	ok	valid_end_?	ki görsel oluşturul-muştur. $|AB| = 14$ cm olduğuna göre, $|KL| = x$ kaç cm'dir?
de7b1629-65c4-5058-897b-4f1cc202d4d1	Bilgi Sarmalı-Tyt Ayt-Geometri Soru Bankası	250	7	221	ok	valid_end_?	AF) = 9 \text{ cm}^2$ Yukarıdaki verilere göre, $A(FHBK)$ kaç $\text{cm}^2$ dir?
4ec23b0d-1180-5a24-b017-fcff2c6ec390	Esen Yks Motivasyon Fizik Testleri	201	5	333	ok	valid_end_?	nda K yüzücüsü, L yüzücüsünü yere göre hangi yönde hareket ediyormuş gibi görür?
b5936632-b0ea-54fb-b005-23cd11f85dd1	Esen Yks Motivasyon Fizik Testleri	215	6	296	ok	valid_end_)	dir, } \sin 30^\circ = 0,5; \cos 30^\circ = \sqrt{3}/2$) ($g = 10 \text{ N/kg}$)
502809e8-36e9-593d-a39d-f64f233f217a	Esen Yks Motivasyon Fizik Testleri	221	5	235	ok	valid_end_?	n hız-zaman grafiği şekildeki gibi oluyor. Buna göre, $F_L$ kuvveti kaç $F$'dir?
62c10380-5b7e-516b-a611-ab5e68396b39	C1CELL-2024-Problemler Soru Bankası	126	5	520	ok	valid_end_?	zliğini sağlayan 15 farklı $x$ değeri vardır.  ifadelerinden hangileri doğrudur?
f173eff8-b3d8-5077-98b1-05b448046e06	Bilgi Sarmalı-2025-Tyt-Matematik Soru Bankası	380	10	549	ok	valid_end_?	 yükseklikleri sırasıyla $54$ ve $48$ birim olduğuna göre, $x+y$ toplamı kaçtır?
cb999189-c281-5eaa-8105-7083440c51e6	Bilgi Sarmalı-2025-Tyt-Matematik Soru Bankası	401	8	481	ok	valid_end_?	inin bu sayının tam ortasında bulunan rakama bölümünden kalanı kaç olarak bulur?
82ea083c-269e-5220-b0a8-43d51c40974c	Bilgi Sarmalı-2025-Tyt-Matematik Video Ders Kitabı	49	BİRLİKTE ÇÖZELİM - 10	141	ok	valid_end_?	elirleniyor. Buna göre, banka kartının güvenlik kodu aşağıdakilerden hangisidir?
82ac3769-53b9-5ff8-9453-7dad0da805d2	Bilgi Sarmalı-2025-Tyt-Matematik Video Ders Kitabı	71	ÖSYM TİPİ - 2	253	ok	valid_end_?	re, iplerin uzunlukları arasındaki farkın metre cinsinden pozitif değeri kaçtır?
2baa10b5-cfa9-5275-af60-1cc11dca210a	Bilgi Sarmalı-Tyt Ayt-Geometri Soru Bankası	266	8	204	ok	valid_end_?	at{BCD}) = 20^ ext{o}$ olduğuna göre, $m(\widehat{FKC}) = \alpha$ kaç derecedir?
11aaf029-ce24-5457-8bd8-b182934931d9	Bilgi Sarmalı-Tyt Ayt-Geometri Soru Bankası	266	7	156	ok	valid_end_?	, $|OA| = |CD| = |DE|$ olduğuna göre, $m(\widehat{AEC}) = \alpha$ kaç derecedir?
02767245-7e38-5852-b037-98c9135afe3d	Bilgi Sarmalı-Tyt Ayt-Geometri Soru Bankası	292	10	196	ok	valid_end_?	4^{\circ}$. Yukarıdaki verilere göre, $m(\widehat{ABC}) = \alpha$ kaç derecedir?
5c5760c4-26ab-50f6-bd79-899dcc1291b8	C1CELL-2024-TYT-AYT-Geometri Soru Bankası	11	8	183	ok	valid_end_?	DCG})$. $m(\text{DEA}) = 52^\circ$ olduğuna göre, $m(\text{BAD})$ kaç derecedir?
cc4237cb-706d-58c7-8dd3-86eed9fcfb21	C1CELL-2024-TYT-AYT-Geometri Soru Bankası	53	8.	123	ok	valid_end_?	DC]$, $[AD] = 12$ br, $[DC] = 9$ br, $[BC] = 8$ br Buna göre, $|AB|$ kaç br'dir?
385d854e-d4b5-513f-a5c0-cf1b394a45c9	C1CELL-2024-TYT-AYT-Geometri Soru Bankası	55	7	105	ok	valid_end_?	br $|AC|=6\sqrt{2}$ br Verilenlere göre, $|AE|^2+|EC|^2$ toplamı kaç $br^2$ dir?
cbd11858-7ddb-54ed-98ff-0eacfe7f1787	C1CELL-2024-TYT-AYT-Geometri Soru Bankası	57	9.	260	ok	valid_end_?	 $||AF|-|FD||$ farkının en büyük değeri 13 br'dir. Buna göre, $|CD|$ kaç br'dir?
9debfeb6-d0e9-5898-b81b-98d05fe38106	C1CELL-2024-TYT-AYT-Geometri Soru Bankası	63	12.	44	ok	valid_end_?	Şekilde verilenlere göre, $|AD|$ kaç br'dir?
7ede5ba4-1227-5cec-ae2a-c01627cbc2fd	C1CELL-2024-TYT-AYT-Geometri Soru Bankası	65	9	171	ok	valid_end_?	= 9$ br ve $|CD| = 7\sqrt{2}$ br olarak veriliyor. Buna göre, $|AD|$ kaç br'dir?
df9c21e7-3d87-546b-9541-0d9cd55dfe8a	C1CELL-2024-TYT-AYT-Geometri Soru Bankası	67	8	129	ok	valid_end_?	at{ACB})=22,5^\circ$, $|AB|=(2\sqrt{2}-2)$ br'dir. Buna göre, $|BC|$ kaç br'dir?
e98aeb95-0318-59c2-8999-021051289182	C1CELL-2024-TYT-AYT-Geometri Soru Bankası	67	9	168	ok	valid_end_?	veriliyor. $|AB|=|AE|=4\sqrt{2}$ br olduğuna göre, $|CD|-|BE|$ farkı kaç br'dir?
58d3b510-82b0-5a21-ae0d-722ac9741a25	C1CELL-2024-TYT-AYT-Geometri Soru Bankası	67	11	219	ok	valid_end_?	 ve $m(\widehat{BCD})=30^\circ$ olduğuna göre, $\frac{|AE|}{|BF|}$ oranı kaçtır?
dccd7f05-3ab8-59b5-b035-bfda50725e26	C1CELL-2024-TYT-AYT-Geometri Soru Bankası	67	10	182	ok	valid_end_?	ehat{BCA})=15^\circ$, $|FE|=3$ br, $|AD|=5$ br olduğuna göre, $|BC|$ kaç br'dir?
35787d0e-6de8-52b2-abcc-639d4c5c541e	C1CELL-2024-TYT-AYT-Geometri Soru Bankası	126	10	157	ok	valid_end_?	$ br, $|DC| = 4$ br, $|FE| = 8$ br. Yukarıdaki verilere göre, $|GE|$ kaç br'dir?
1291ce8e-577e-583d-82c8-c0806cb6584b	C1CELL-2024-TYT-AYT-Geometri Soru Bankası	128	8	168	ok	valid_end_?	2$ br, $|DE| = 3$ br, $|DC| = 9$ br Yukarıdaki verilere göre, $|AB|$ kaç br'dir?
8c704cb6-9d66-52cb-ae1f-b0afc85dd587	C1CELL-2024-TYT-AYT-Geometri Soru Bankası	281	12.	278	ok	valid_end_?	. Yukarıda verilenlere göre, $[AB]$ ile $[DK]$ arası en kısa uzaklık kaç br'dir?
d4b587ad-d7b3-5422-8bde-a833d13fd1c8	C1CELL-2024-TYT-AYT-Geometri Soru Bankası	215	9	182	ok	valid_end_?	) + m(\widehat{CBF}) = 90^ ext{o}$ Yukarıda verilenlere göre, $|AF|$ kaç br'dir?
72de617c-b543-5c5d-a7bc-77d5ff2f7cb4	C1CELL-2024-TYT-AYT-Geometri Soru Bankası	215	10	172	ok	valid_end_?	ABD}) = 35^ ext{o}$ Yukarıda verilenlere göre, $m(\widehat{ADB})$ kaç derecedir?
0fa67d80-c363-5620-98db-ffe331c4ec8d	C1CELL-2024-TYT-AYT-Geometri Soru Bankası	219	8.	165	ok	valid_end_?	 [AD]$, $|AD|=10$ br, $|BF|-|CE|=16$ br olduğuna göre, $A(ABCD)$ kaç $br^2$ dir?
5b182e11-a34a-58a1-9930-3631e2ebb3cf	C1CELL-2024-TYT-AYT-Geometri Soru Bankası	219	10.	127	ok	valid_end_?	 $|AD|=3$ br, $|AB|=10$ br, $|BC|=4$ br olduğuna göre, $A(ABCD)$ kaç $br^2$ dir?
67626d37-9bd5-577e-b0cc-10c9ea159dbb	C1CELL-2024-TYT-AYT-Geometri Soru Bankası	221	9.	198	ok	valid_end_?	$|FC| = 6$ br $|BF| = 8$ br Yukarıda verilenlere göre, $A(ABCD)$ kaç $br^2$ dir?
d928280c-a108-5b37-977c-8cee66aaef72	C1CELL-2024-TYT-AYT-Geometri Soru Bankası	221	10.	164	ok	valid_end_?	$|BE| = 6$ br $|CE| = 4$ br Yukarıda verilenlere göre, $A(ABCD)$ kaç $br^2$ dir?
18955e00-3265-5aba-a14d-ab857bf9a8d5	C1CELL-2024-TYT-AYT-Geometri Soru Bankası	230	10.	142	ok	valid_end_?	E]$, $|BF| = 4$ br, $|AD| = 6$ br. Yukarıda verilenlere göre, $|DC|$ kaç br'dir?
07c29612-aeaa-57d4-a1f5-fb7e3e4d6478	C1CELL-2024-TYT-AYT-Geometri Soru Bankası	230	12.	126	ok	valid_end_?	, $|BC| = 6$ br, $|AF| = 2$ br. Yukarıda verilenlere göre, $C(ABCD)$ kaç br'dir?
86352e98-1ff4-5137-a659-f9ac7b117607	C1CELL-2024-TYT-AYT-Geometri Soru Bankası	232	8.	159	ok	valid_end_?	 br $|KB| = 10$ br $|KE| = 3$ br Yukarıda verilenlere göre, $|DK|$ kaç birimdir?
8b6355d9-72f5-50a2-a487-a0d10d72b204	C1CELL-2024-TYT-AYT-Geometri Soru Bankası	232	11.	112	ok	valid_end_?	, $|DF| = 2|FC|$, $|AC| = 56$ br Yukarıda verilenlere göre, $|KL|$ kaç birimdir?
d3f618ee-a3f1-5892-a9f1-acf55e5c2191	C1CELL-2024-TYT-AYT-Geometri Soru Bankası	234	12	121	ok	valid_end_?	) = 4 \text{ br}^2$. Yukarıda verilenlere göre, $A(ABCD)$ kaç $\text{br}^2$ dir?
e1f7d891-79db-5cb8-b2ed-4590004f7114	C1CELL-2024-TYT-AYT-Geometri Soru Bankası	30	8	129	ok	valid_end_?	$ olarak veriliyor. $|AD|=|EC|$ olduğuna göre, $m(\widehat{BAD})$ kaç derecedir?
982abac4-5118-5f80-bfcd-b85c5fe131bf	C1CELL-2024-TYT-AYT-Geometri Soru Bankası	243	10	157	ok	valid_end_?	hat{BCD})=60^\circ$, $|AE|=6$ br. Yukarıda verilenlere göre, Ç(ABCD) kaç br'dir?
d6dbbb0a-6b12-572b-a631-a6a61c1869b5	C1CELL-2024-TYT-AYT-Geometri Soru Bankası	243	8	119	ok	valid_end_?	8$ br, $|AC|=12$ br, $|BC|=15$ br. Yukarıda verilenlere göre, $|EC|$ kaç br'dir?
00a59384-2fc2-5cfd-9ba9-3bd9f69210c1	C1CELL-2024-TYT-AYT-Geometri Soru Bankası	264	10.	103	ok	valid_end_?	|BC|=10$ br $C(EBCF)-C(AEFD)=8$ br Yukarıda verilenlere göre, $|FA|$ kaç br'dir?
24079659-88c5-5839-b501-dfdfe4ccfd6a	C1CELL-2024-TYT-AYT-Geometri Soru Bankası	266	11.	150	ok	valid_end_?	|FE|$ $|CK| = 10$ br $|KE| = 6$ br Yukarıda verilenlere göre, $|OF|$ kaç br'dir?
2b95d729-95ac-5e6c-97c3-372399440887	C1CELL-2024-TYT-AYT-Geometri Soru Bankası	268	9	111	ok	valid_end_?	\perp[CG]$ $|DE|=6$ br $|AG|=4$ br Yukarıda verilenlere göre, $|GF|$ kaç br'dir?
49e9bf4b-c74f-5d1c-a5e9-8af33c7975d1	Fizipedia Ayt Fizik Soru Bankası 2025	98	5	246	ok	valid_end_?	öre cisim L noktasından geçerken momentumu kaç $\text{kg} \cdot \text{m/s}$'dir?
e0d51022-039c-5342-a914-cf93b09a797d	C1CELL-2024-TYT-Matematik Soru Bankası	10	8	82	ok	valid_end_?	karıda tanımlanan işleme göre, işleminin sonucu $61$'dir. Buna göre, $x$ kaçtır?
e27b12f5-16c2-5756-96a7-e761e5cad344	CAP-2023-AYT-Matematik -AL-Soru Bankası	119	13	212	ok	valid_end_?	ğlayan $x$ değerleri aşağıdaki seçeneklerin hangisinde doğru olarak verilmiştir?
4972512f-1fb8-568b-9af4-6f6e1a472784	Fizipedia Ayt Fizik Soru Bankası 2025	238	5	336	ok	valid_end_?	asıyla $N_1$, $N_2$ ve $N_3$ oluyor. Buna göre aşağıdakilerden hangisi doğrudur?
530822a3-386b-57aa-99aa-ec5fb5100e4a	C1CELL-2025-Matematik Soru Bankası	82	11	272	ok	valid_end_?	} - \boxed{\square} = 3+5i$ olimitsolduğuna göre, $a$'nın pozitif değeri kaçtır?
352fd430-0543-59b6-b63d-557eed5711fb	C1CELL-2025-Matematik Soru Bankası	120	12	260	unclear	unknown_end_$	n üstten kopan parçası olabilir? I. $|x^2-6x+8|$ II. $\sqrt{x-2}$ III. $(2-x)^2$
9e50c6c4-f0dd-5d07-adaf-a3f2d3554783	Esen Tyt FizikSoru Bankası	176	8	402	ok	valid_end_?	 uzama katsayısı M'ninkine eşittir. yargılarından hangileri kesinlikle doğrudur?
9e8dcd5d-49d4-500a-8526-55193a17c541	Aktif Ogrenme 2025 Tyt Fizik Soru Bankası	241	Soru 9a	177	ok	valid_end_?	 Y ve Z mıknatıslarını ittiğine göre, 1, 2 ve 3 numaralı kutupların cinsi nedir?
9f3f0d68-41de-5655-9064-456b41874da7	Apotemi 2019 2020 Tyt Ayt Fizik Soru Bankası	276	8	163	ok	valid_end_?	ldeki sığacın X-Y uçları arasındaki eşdeğer sığa kaç $\epsilon \frac{A}{d}$'dir?
18af67b2-86d8-58d1-a01b-30a613481727	C1CELL-2025-Matematik Soru Bankası	290	8	194	ok	valid_end_?	II. $f'(1^+)=\frac{1}{2}$ III. $f'(1)$ yoktur. ifadelerinden hangileri doğrudur?
942ea306-e712-5b3c-97c9-835872c9a20e	Fizipedia Tyt Fizik Soru Bankası 2025	10	Q 5.	180	ok	valid_end_?	 dallardan bir tanesi dışarıda kalıyor. Buna göre eşleşmeyen alt dal hangisidir?
5379aea9-a290-5b33-ae99-548d349c017e	Cap Ayt Fizik Soru Bankası 2023 2024	129	15	454	ok	valid_end_)	ızı sürekli artar. verilenlerinden hangileri doğrudur? (Sürtünmeler önemsizdir.)
f66e993b-29d6-593d-84f1-f2cdb2717ce3	Cap Ayt Fizik Soru Bankası 2023 2024	130	21	226	ok	valid_end_?	r. Buna göre, I. Ortak kütlenin momentum vektörü verilenlerden hangisi olabilir?
ffeea413-ea19-585f-a113-bccf68f77f92	C1CELL-2025-Matematik Soru Bankası	268	6	232	ok	valid_end_?	ır. $\lim_{a \to 3} m$ değerinin $k$ türünden değeri aşağıdakilerden hangisidir?
2747c4b3-676a-5390-b869-cf67eef35233	Cap Ayt Fizik Soru Bankası 2023 2024	115	7	384	ok	valid_end_?	 ile $\Delta P_I$, $\Delta P_{II}$, $\Delta P_{III}$ arasındaki ilişki nasıldır?
7162a703-69d7-5ac0-9b12-8ccdc9584b65	Full Matematik-2019-2020-Geometri Soru Bankası	15	7.	128	ok	valid_end_?	{BAC})=46^{\circ}$ Yukarıdaki verilere göre, $m(\widehat{FDE})=x$ kaç derecedir?
ce5519ab-3c22-59a4-aae0-68860b466d08	Full Matematik-2019-2020-Geometri Soru Bankası	15	9.	139	ok	valid_end_?	{BAE})=70^{\circ}$ Yukarıdaki verilere göre, $m(\widehat{AED})=x$ kaç derecedir?
da41efef-c554-5c9e-8a0d-0b18548d5409	Full Matematik-2019-2020-Geometri Soru Bankası	17	7.	175	ok	valid_end_?	B| = |AC|$. Yukarıdaki verilere göre, $m(\widehat{CAE}) = \alpha$ kaç derecedir?
795f0b0e-e09d-5e57-9121-e9d7f5eead15	Egsersiz Tyt Fizik Soru Bankası 2021	240	7	153	ok	valid_end_?	öre, bu durumlardan hangilerindeki temel prensip "basınç farkı" oluşturmaktadır?
f3ae2a02-bd90-528f-af2c-75f5a4cdd8ff	Full Matematik-2019-2020-Geometri Soru Bankası	43	7.	168	ok	valid_end_?	arıdaki verilere göre, $|BC|$'nin alabileceği kaç farklı tam sayı değeri vardır?
76227518-07ad-5459-9ba4-ac226e7e8c1f	Full Matematik-2019-2020-Geometri Soru Bankası	53	8.	121	ok	valid_end_?	cm, $|AC|=10$ cm ve $|BC|=15$ cm. Yukarıdaki verilere göre, $|DC|=x$ kaç cm dir?
4a617bd3-e86d-59eb-9e07-d7886edcb0ed	Full Matematik-2019-2020-Geometri Soru Bankası	55	7.	122	ok	valid_end_?	=4$ cm, $|CD|=6$ cm. Yukarıdaki verilere göre, $\frac{|BE|}{|FD|}$ oranı kaçtır?
7ce2b24d-69c7-5fd2-97e8-0fc07a5990ce	Full Matematik-2019-2020-Geometri Soru Bankası	59	7.	167	ok	valid_end_?	AB| = 6$ cm, $|ED| = 3$ cm'dir. Yukarıdaki verilere göre, $|BC| = x$ kaç cm'dir?
b0e1e710-11d9-5ec9-a5de-b84a116aea9f	Full Matematik-2019-2020-Geometri Soru Bankası	67	7.	175	ok	valid_end_?	 cm. ABC üçgeninin ağırlık merkezi G noktasıdır. Buna göre, $|DG|=x$ kaç cm dir?
ac068081-23c6-5db0-a0a0-332733a8a893	Full Matematik-2019-2020-Geometri Soru Bankası	71	7.	141	ok	valid_end_?	perp [DL]$, $[DL] \perp [AC]$. Yukarıdaki verilere göre, $|KD|+|FL|$ kaç cm dir?
38df3ee8-5cd6-5182-b776-d3983445916b	Full Matematik-2019-2020-Geometri Soru Bankası	73	7.	179	ok	valid_end_?	NM| = 7$ cm. Yukarıdaki verilere göre, Ç($\overset{\triangle}{ABC}$) kaç cm dir?
e183b3a3-ce68-548f-abdd-bc4f5814e320	Full Matematik-2019-2020-Geometri Soru Bankası	81	7.	136	ok	valid_end_?	 $|EC| = 2|DC|$, $|BE| = 4$ cm. Yukarıdaki verilere göre, $|AE| = x$ kaç cm dir?
50e7c56e-9c19-5224-b8e4-cb42d147518c	Full Matematik-2019-2020-Geometri Soru Bankası	83	9.	171	ok	valid_end_?	m. G noktası, ABC üçgeninin ağırlık merkezidir. Buna göre, $x+y$ toplamı kaçtır?
965c63b1-2b1b-5feb-910b-5c30833340ec	Full Matematik-2019-2020-Geometri Soru Bankası	99	7.	173	ok	valid_end_?	. Yukarıdaki verilere göre, $A(\overset{\triangle}{ABC})$ kaç $\text{cm}^2$ dir?
c506c6ca-569f-5659-b9ef-694b54a1b5a7	Full Matematik-2019-2020-Geometri Soru Bankası	101	7.	188	ok	valid_end_?	\text{ABC})=30 \text{ cm}^2$ dir. Yukarıdaki verilere göre, $|BD|=x$ kaç cm dir?
4712e902-6ff8-5b25-b5b5-8d902b4f8b7b	Full Matematik-2019-2020-Geometri Soru Bankası	105	8.	223	ok	valid_end_?	. Yukarıdaki verilere göre, $A(\overset{\triangle}{DEC})$ kaç $\text{cm}^2$ dir?
f0f5d740-d776-5cba-9b98-13e826d24951	Full Matematik-2019-2020-Geometri Soru Bankası	107	7.	139	ok	valid_end_?	= 15$ cm, $|AD| = 25$ cm dir. Yukarıdaki verilere göre, $A(ABC)$ kaç $cm^2$ dir?
f3877137-9764-5b4d-973d-331f89f811d6	Full Matematik-2019-2020-Geometri Soru Bankası	109	9.	246	ok	valid_end_?	2$. Yukarıdaki verilere göre, boyalı bölgelerin alanları toplamı kaç $cm^2$'dir?
306a0252-e4a0-563b-900e-fa3b7216806e	Full Matematik-2019-2020-Geometri Soru Bankası	111	7.	179	ok	valid_end_?	)=8 \text{ cm}^2$ dir. Yukarıdaki verilere göre, $A(ABC)$ kaç $\text{cm}^2$ dir?
782d1998-c507-5908-b436-47423646198c	Full Matematik-2019-2020-Geometri Soru Bankası	111	8.	169	ok	valid_end_?	=5 \text{ cm}^2$ dir. Yukarıdaki verilere göre, $A(EBFD)$ kaç $\text{cm}^2$ dir?
9b9c2548-1644-5a86-bb5e-f33a572ec9da	Full Matematik-2019-2020-Geometri Soru Bankası	127	7.	170	ok	valid_end_?	, $|AE| = 6$ cm, $|BC| = 9$ cm. Yukarıdaki verilere göre, $|BE| = x$ kaç cm dir?
a9590982-bd0e-5f02-bb5a-c571037fc800	Full Matematik-2019-2020-Geometri Soru Bankası	131	7.	160	ok	valid_end_?	, $[DH] \perp [BC]$, $|EF|=6$ cm. Yukarıdaki verilere göre, $|DH|=x$ kaç cm dir?
ccdc9844-c738-5d2e-ad05-305c62a22b2d	Full Matematik-2019-2020-Geometri Soru Bankası	135	7.	153	ok	valid_end_?	EF| = 8$ cm, $|FB| = 10$ cm. Yukarıdaki verilere göre, $A(ABCD)$ kaç cm$^2$ dir?
3873797f-1bf6-5cbb-968f-6d51616b3f37	Full Matematik-2019-2020-Geometri Soru Bankası	145	7.	135	ok	valid_end_?	|=6$ cm, $|BC|=5$ cm. Yukarıdaki verilere göre, $A(ABCD)$ kaç $\text{cm}^2$ dir?
2132346f-4c2f-5b7d-a98f-fc4de7a7109c	Full Matematik-2019-2020-Geometri Soru Bankası	147	7.	104	ok	valid_end_?	=|FE|$, $|AE|=3|EB|$ ve $A(AED)=15 cm^2$ olduğuna göre, $A(DFC)$ kaç $cm^2$ dir?
062a2e9a-362a-516b-bb5c-d0f10c091810	Full Matematik-2019-2020-Geometri Soru Bankası	175	7.	185	ok	valid_end_?	B$ teğet değme noktasıdır. Buna göre, $m(\widehat{ECD}) = \alpha$ kaç derecedir?
6b663692-606c-5183-afe4-3d623de22095	Full Matematik-2019-2020-Geometri Soru Bankası	185	7.	114	ok	valid_end_?	\perp [OD]$, $|BC|=3|CD|=6$ cm'dir. Yukarıdaki verilere göre, $|OC|$ kaç cm'dir?
ea05ac24-d1d6-5a47-b0ea-aa75b29316e4	Cap Tyt Fizik Soru Bankası 2023 2024	39	9.	306	ok	valid_end_?	$ ve $P_M$ arasındaki doğru ilişki aşağıdakilerden hangisinde doğru verilmiştir?
3603c2ba-03d3-5ae0-bce6-76797fddac8b	Full Matematik-2022-2023-Tyt Ayt-Geometri Soru Bankası	85	8.	210	ok	valid_end_?	 elde ediliyor. $|AB|=|AC|$ ve $|BC|=12$ cm olduğuna göre, $|B'C|=x$ kaç cm'dir?
6ff67317-9848-540c-928b-5b41f2e2ddf8	Cap Tyt Fizik Soru Bankası 2023 2024	126	10	232	ok	valid_end_?	 ve LM aralığında hareketi süresince enerji dönüşümü aşağıdakilerden hangisidir?
7543e8c7-4692-57f1-b89d-5eb9a9425faa	Full Matematik-2022-2023-Tyt Ayt-Geometri Soru Bankası	139	7	157	ok	valid_end_?	 $|BC| = 8$ cm'dir. Yukarıdaki verilere göre, $A(\widehat{ABD})$ kaç $cm^2$ dir?
95f4a243-f40a-573d-8674-56bd6c6784a5	Full Matematik-2022-2023-Tyt Ayt-Geometri Soru Bankası	197	7.	142	ok	valid_end_?	bölgenin alanı $36 \text{ cm}^2$ dir. Buna göre, $A(BFK)$ kaç $\text{cm}^2$ dir?
307d53e6-3502-5e96-98ab-a1b6135c2ebf	CAP-2022-2023-TYT AYT-Geometri Soru Bankası	9	7	152	ok	valid_end_?	00^ ext{o}$'dir. Yukarıdaki verilere göre, $m(\widehat{DEF}) = x$ kaç derecedir?
c87d310b-9e8f-575a-8db7-e0add518dbd4	CAP-2022-2023-TYT AYT-Geometri Soru Bankası	31	10	134	ok	valid_end_?	cm $|DC|=3$ cm ve $|BC|=12$ cm dir. Yukarıdaki verilere göre, $|AD|$ kaç cm dir?
ef3c4baf-7664-5906-b605-3226bf281e7c	CAP-2022-2023-TYT AYT-Geometri Soru Bankası	33	7	137	ok	valid_end_?	, $|BH|=2$ cm ve $|HC|=4$ cm dir. Yukarıdaki verilere göre, $|DC|=x$ kaç cm dir?
b1fce946-8d10-57e7-bdba-4436887a1dee	CAP-2022-2023-TYT AYT-Geometri Soru Bankası	39	8	166	ok	valid_end_?	=(a+11)$ cm ve $|PD|=(a+3)$ cm'dir. Yukarıdaki verilere göre, $|CH|$ kaç cm'dir?
c4d1c85c-385a-59be-9c1d-84220e19ddb9	CAP-2022-2023-TYT AYT-Geometri Soru Bankası	55	8	157	ok	valid_end_?	{ cm}$, $|BC|=12 \text{ cm}$'dir. Yukarıdaki verilere göre, $|DC|=x$ kaç cm dir?
95c18ba7-3222-5953-851f-df496b7e2598	CAP-2022-2023-TYT AYT-Geometri Soru Bankası	61	7	193	ok	valid_end_?	E]$. $|DG|+|GF|+|GE|=12$ cm. Yukarıdaki verilere göre, Çevre $(ABC)$ kaç cm dir?
6aa493cc-9ad9-53b7-a59c-f333f42bc234	CAP-2022-2023-TYT AYT-Geometri Soru Bankası	61	8	188	ok	valid_end_?	39$ cm. $|GD|=4$ cm. $|GE|=3$ cm. Yukarıdaki verilere göre, $|DE|=x$ kaç cm dir?
8669ead7-0520-51ed-b492-01c959965477	Full Matematik-2022-2023-Tyt-Matematik Soru Bankası	55	8	520	ok	valid_end_?	ayısıdır. Buna göre, B markalı araçlardan birine en fazla kaç koli yüklenebilir?
7f5e86b7-86b9-5ec7-a454-9b703af0d523	Full Matematik-2022-2023-Tyt-Matematik Soru Bankası	113	7	473	ok	valid_end_?	gerçek sıcaklığını Kelvin cinsinden belirten denklem aşağıdakilerden hangisidir?
c62b468b-c8aa-54d3-8d43-75adc3811a7c	CAP-2022-2023-TYT AYT-Geometri Soru Bankası	234	7	136	ok	valid_end_?	}) = 28^ ext{o}$ Yukarıdaki verilere göre, $m(\widehat{BAE}) = x$ kaç derecedir?
0cba51c5-9bec-5914-bd87-c9221de7b214	CAP-2022-2023-TYT AYT-Geometri Soru Bankası	248	8.	179	ok	valid_end_?	|=2|CD|$, $|BD|=3$ cm, $|OB|=2$ cm. Yukarıdaki verilere göre, $|PO|$ kaç cm dir?
ea3c4d67-1352-5544-82c9-3ebb1dbce7a0	Edebiyat Sokagi Paragraf ileri Duzey	292	5	97	ok	valid_end_?	sanlarından hangisi ülkesinin maçı için en uzun seyahat yapmayı göze almaktadır?
ccb799d1-cca8-586d-8872-ef07fdd85cd9	CAP-2022-2023-TYT AYT-Geometri Soru Bankası	89	7.	187	ok	valid_end_?	$ Alan$(EFC) = S_2$ $cm^2$ Yukarıdaki verilere göre, $S_1 + S_2$ kaç $cm^2$ dir?
c9b9259d-d17f-56c6-ad2f-20b66ac1fbf2	CAP-2022-2023-TYT AYT-Geometri Soru Bankası	98	15	278	ok	valid_end_?	mektedir. Yukarıdaki verilere göre $A(\overset{\triangle}{ABC})$ kaç $br^2$ dir?
1bd31c32-eb9d-51b9-8c5d-6b2d3a088a1d	CAP-2022-2023-TYT AYT-Geometri Soru Bankası	110	11	127	ok	valid_end_?	| = 2$ cm ve $|DB| = 3$ cm'dir. Yukarıdaki verilere göre, $|AF| = x$ kaç cm'dir?
d028aa68-3e3a-5b7d-8cac-370dc6e29df9	CAP-2022-2023-TYT AYT-Geometri Soru Bankası	112	6	203	ok	valid_end_?	xt{ cm}^2$ ve $4\sqrt{3}\text{ cm}^2$ dir. Buna göre, şeklin çevresi kaç cm'dir?
72c84252-0eb7-5c7e-8779-8692ffe0a382	CAP-2022-2023-TYT AYT-Geometri Soru Bankası	115	18	289	ok	valid_end_?	ralı üçgenlerin alanları toplamının ABC üçgeninin alanına oranı en fazla kaçtır?
c91a1990-1834-5e20-89a8-2d055e3497c4	CAP-2022-2023-TYT AYT-Geometri Soru Bankası	139	7.	139	ok	valid_end_?	E|$ $|DE| = 5$ cm $|EC| = 3$ cm Yukarıdaki verilere göre, $|BC| = x$ kaç cm dir?
b52c2cd2-ba45-58cc-b29d-1028bf9239ea	CAP-2022-2023-TYT AYT-Geometri Soru Bankası	143	8	167	ok	valid_end_?	$ ve $|AB| = 6\sqrt{2}$ cm dir. Yukarıdaki verilere göre, $|DC| = x$ kaç cm dir?
4cef5e1b-d00b-5f0d-b325-170e1319764a	CAP-2022-2023-TYT AYT-Geometri Soru Bankası	260	9	179	ok	valid_end_?	C|=8$ cm. Yukarıdaki verilere göre, taralı bölgenin alanı kaç $\text{cm}^2$ dir?
8c8494e0-bb23-5d49-a43f-cc08fc43dfcc	CAP-2022-2023-TYT AYT-Geometri Soru Bankası	260	11	179	ok	valid_end_?	C|=8$ cm. Yukarıdaki verilere göre taralı alanların farkı kaç $\text{cm}^2$ dir?
0e903e22-8604-5d4d-ac30-42e0869dfc07	CAP-2022-2023-TYT-Matematik Soru Bankası	60	11	149	ok	valid_end_?	klı ve $ab$ iki basamaklı doğal sayılardır. Buna göre, $a+b+c+d$ toplamı kaçtır?
6914564c-d3d8-5824-948b-ffcfe28391cf	CAP-2022-2023-TYT-Matematik Soru Bankası	84	12	111	ok	valid_end_?	tanımlı iki işlem verilmiştir. Buna göre, eşitliğini sağlayan $x$ değeri kaçtır?
775bb276-fefe-53b6-880f-cabf772ca545	CAP-2022-2023-TYT-Matematik Soru Bankası	86	8.	87	ok	valid_end_?	llu teraziler dengede olduğuna göre, ? yerine aşağıdakilerden hangisi gelebilir?
c314ac13-2e24-5c68-b48e-b977fb7dfb08	Egsersiz Tyt Fizik Soru Bankası 2021	328	8	439	ok	valid_end_?	e verilen tam yansımalı cam prizmalardan hangisini yerleştirirse amacına ulaşır?
e3dc7a10-f2a8-568d-9527-f6f12d68051d	CAP-2022-2023-TYT-Matematik Soru Bankası	40	20	573	ok	valid_end_?	erem yazdığı bu programı çalıştırdığında sayılardan kaç tanesinin yeri değişmez?
0775cfd2-5fc4-5678-8c7b-8fd69963e16d	Full Matematik-2022-2023-Tyt-Matematik Soru Bankası	333	9	181	ok	valid_end_?	$ $h(7) = 8^2$ dir. Buna göre, $(f \circ h)(0) + (g \circ f)(2)$ toplamı kaçtır?
9d0639d7-6c0e-5e50-b6e1-2997df86a3b9	CAP-2022-2023-TYT AYT-Geometri Soru Bankası	145	7	150	ok	valid_end_?	 $|DC|=8$ cm ve $|BC|=12$ cm dir. Yukarıdaki verilere göre, $|AD|=x$ kaç cm dir?
c4a4e1d7-7d4c-5695-a168-ec2e134c10ba	CAP-2022-2023-TYT AYT-Geometri Soru Bankası	149	8	151	ok	valid_end_?	|=6$ cm ve $|DC|=8$ cm dir. Yukarıdaki verilere göre, Alan(ABCD) kaç $cm^2$ dir?
b2e55a4c-351b-5997-ab17-9381ca0c1f90	CAP-2022-2023-TYT AYT-Geometri Soru Bankası	153	7	148	ok	valid_end_?	, $|BE|=8$ cm ve $|HD|=6$ cm dir. Yukarıdaki verilere göre, $|BK|=x$ kaç cm dir?
def6e693-9aff-54fe-9a4e-ad807456b1b8	CAP-2022-2023-TYT AYT-Geometri Soru Bankası	153	8	189	ok	valid_end_?	p [BD] = \{G\}$ ve $|HG|=4$ cm dir. Yukarıdaki verilere göre, $|BD|$ kaç cm dir?
144656d1-ee57-522f-b84d-770e0b99ad35	CAP-2022-2023-TYT AYT-Geometri Soru Bankası	157	10	134	ok	valid_end_?	 $|DE|=3$ cm ve $|BC|=10$ cm dir. Yukarıdaki verilere göre, $|AB|=x$ kaç cm dir?
3b98dab4-0fce-536f-a02b-d32bc04e365a	Full Matematik-2022-2023-Tyt-Matematik Soru Bankası	368	11	493	ok	valid_end_?	una göre, Elif bu ölçümde dikdörtgenin çevresini kaç santimetre eksik ölçmüştür?
54b2fb52-1efa-582d-9a61-f07815d85c50	CAP-2022-2023-TYT AYT-Geometri Soru Bankası	161	8	189	ok	valid_end_?	an$(KFEH)=20$ cm$^2$ dir. Yukarıdaki verilere göre, Alan$(ABCD)$ kaç cm$^2$ dir?
e948b157-b368-5091-bd68-5cce75c07da9	CAP-2022-2023-TYT AYT-Geometri Soru Bankası	161	10	169	ok	valid_end_?	Yukarıdaki verilere göre, $\frac{Alan(ENG)+Alan(NKL)}{Alan(ABCD)}$ oranı kaçtır?
8c4df8ee-d4e4-5515-b2f0-b3d979d61f7f	CAP-2022-2023-TYT AYT-Geometri Soru Bankası	165	8	142	ok	valid_end_?	erp [AD]$ ve $|BC| = 8$ cm dir. Yukarıdaki verilere göre, $|ED| = x$ kaç cm dir?
f98092d1-20cc-5771-a542-faae9edf0b09	CAP-2022-2023-TYT AYT-Geometri Soru Bankası	167	7	147	ok	valid_end_?	m, $|HE|=5$ cm ve $|DC|=5$ cm dir.Yukarıdaki verilere göre, $|BC|=x$ kaç cm dir?
9ceb21ec-aa48-5eaf-a804-56d80ce10b37	CAP-2022-2023-TYT AYT-Geometri Soru Bankası	167	8	134	ok	valid_end_?	$, $|BH|=|HC|$ ve $|EF|=6$ cm dir.Yukarıdaki verilere göre, $|FD|=x$ kaç cm dir?
653307f8-3b65-5560-ba98-3120d64470f4	CAP-2022-2023-TYT AYT-Geometri Soru Bankası	169	7	171	ok	valid_end_?	 $|ED|=2|AE|$ ve $|BK|=6$ cm dir. Yukarıdaki verilere göre, $|KH|=x$ kaç cm dir?
e32baf73-655b-5f26-82a0-5f7b3c37a2a2	CAP-2022-2023-TYT AYT-Geometri Soru Bankası	169	10	146	ok	valid_end_?	, $|BF|=4$ cm ve $|FC|=5$ cm dir. Yukarıdaki verilere göre, $|DF|=x$ kaç cm dir?
913085e1-d09b-5e46-97c9-8586a0f5d940	CAP-2022-2023-TYT AYT-Geometri Soru Bankası	171	8	173	ok	valid_end_?	cm ve B, A, E doğrusal noktalardır. Yukarıdaki verilere göre, $|AB|$ kaç cm dir?
b22c1316-b277-5506-b18e-db119999b583	CAP-2022-2023-TYT AYT-Geometri Soru Bankası	173	7	194	ok	valid_end_?	le}{AGH}$)$=10$ cm$^2$ dir. Yukarıdaki verilere göre, Alan(ABCD) kaç cm$^2$ dir?
513bf8f0-7235-5123-9ab0-997f7ec3c142	CAP-2022-2023-TYT AYT-Geometri Soru Bankası	173	8	164	ok	valid_end_?	ıdaki verilere göre, $\frac{\text{Alan(EFGH)}}{\text{Alan(ABCD)}}$ oranı kaçtır?
423c63ca-eabc-5070-a4a6-43bb611c0b25	CAP-2022-2023-TYT AYT-Geometri Soru Bankası	189	8	191	ok	valid_end_?	cm}^2$ dir. Yukarıdaki verilere göre, $\text{Alan}(ABCD)$ kaç $\text{cm}^2$ dir?
31c37076-58b9-5084-b9a2-0640b68432da	CAP-2022-2023-TYT AYT-Geometri Soru Bankası	191	7	151	ok	valid_end_?	| = 6$ cm ve $|HC| = 4$ cm dir. Yukarıdaki verilere göre, $|EF| = x$ kaç cm dir?
444e7e5a-1b2c-5b7b-862e-68d92e396458	CAP-2022-2023-TYT AYT-Geometri Soru Bankası	191	8	173	ok	valid_end_?	e $[DC] \cap [BE] = \{H\}$ dir. Yukarıdaki verilere göre, $|HE| = x$ kaç cm dir?
e2946887-d646-5ec1-b902-4a7432f7a7d1	CAP-2022-2023-TYT AYT-Geometri Soru Bankası	191	9	405	ok	valid_end_?	 120$ cm dir. Yukarıdaki verilere göre, D noktasının zemine uzaklığı kaç cm dir?
7cc23398-fdd5-5738-95a6-5388d34caff5	CAP-2022-2023-TYT AYT-Geometri Soru Bankası	193	7	137	ok	valid_end_?	 = 5$ cm ve $|DC| = 10$ cm dir. Yukarıdaki verilere göre, $|FB| = x$ kaç cm dir?
e09cd9ec-e5b3-5fd2-ad88-0b519a20a5a3	CAP-2022-2023-TYT AYT-Geometri Soru Bankası	206	13	207	ok	valid_end_?	2 \text{ cm}^2$ dir. Yukarıdaki verilere göre, Alan(FKEH) kaç $\text{cm}^2$ dir?
dc9bdbf8-b2e5-58aa-91fb-2d0ab7de4d13	Full Matematik-Ayt-Matematik Soru Bankası	121	10	252	ok	valid_end_?	si $[-2, -1] \cup [4, 6]$ olarak bulunuyor. Buna göre, $a+b+c+d$ toplamı kaçtır?
70714643-ed8f-5056-8109-66734eb21fcb	CAP-2022-2023-TYT-Matematik Soru Bankası	262	8.	304	ok	valid_end_?	ightarrow s$ III. $q \Rightarrow p$ önermelerinden hangileri her zaman doğrudur?
157d403e-d08b-5b8c-bd81-7ff430a7680e	Full Matematik-Ayt-Matematik Soru Bankası	177	9	194	ok	valid_end_?	E|=|EC|$ ve $m(\widehat{DCB})=\alpha$ olduğuna göre, $\cos\alpha$ değeri kaçtır?
8e62650e-fb6c-5575-a1c2-ea017bef3294	CAP-2023-2024-AYT-Matematik Soru Bankası	44	9	105	ok	valid_end_?	en $f(x)$, $g(x)$ ve $h(x)$ fonksiyonlarından hangileri çift fonksiyon olabilir?
936c28be-2e9f-5d3a-84f0-f6ac6e6e0795	CAP-2023-2024-AYT-Matematik Soru Bankası	58	6	343	ok	valid_end_?	 indiği yatayda aldığı yol ve çıktığı en büyük yüksekliğin toplamı kaç metredir?
9ca6bf4c-a280-563c-bd16-18662f74d79a	CAP-2022-2023-TYT-Matematik Soru Bankası	134	13	243	ok	valid_end_?	\cdot 3)^1-1$ sayısı gösterilmektedir. Buna göre, $x+y$ işleminin sonucu kaçtır?
e2e4a00d-bf64-5214-9b74-4902ccff60fa	CAP-2022-2023-TYT-Matematik Soru Bankası	136	11	214	ok	valid_end_?	dovicintilyon)}}{\text{6 oktodesilyon}}$ sayısının sondan kaç basamağı sıfırdır?
6c72ab1b-56d4-5a54-8d3b-10426a83d5f9	CAP-2022-2023-TYT-Matematik Soru Bankası	142	11	527	ok	valid_end_?	rklı sayıların ışığı yandığına göre hesaplanan değerlerin çarpımı en çok kaçtır?
8f7156a7-1a67-5e71-94e6-969aeb3db6f8	Esen Aps Geometri Soru Bankası	76	7	112	ok	valid_end_?	, $|AB|=6$ birim, Alan(ABDE) $=2$Alan(DEC)'dir. Buna göre $|DE|=x$ kaç birimdir?
ad5b7520-cdea-5286-b57a-bbea29572927	CAP-2022-2023-TYT-Matematik Soru Bankası	164	11	265	ok	valid_end_?	Buna göre, kalan şeklin alanını veren cebirsel ifade aşağıdakilerden hangisidir?
17b42e4b-f4e4-5535-ba5e-cd3d7d3b9cd2	Mikro Orijinal-2024-Ayt-Matematik Soru Bankası	179	12	176	ok	valid_end_?	una göre, $|BC|$ uzunluğunun $\alpha$ türünden eşiti aşağıdakilerden hangisidir?
af830ccd-51ff-5214-a16f-a651069ed254	CAP-2023-2024-AYT-Matematik Soru Bankası	359	8	192	ok	valid_end_?	 \end{cases}$ olduğuna göre, $\int_{-4}^{6} g(x) dx$ integralinin değeri kaçtır?
131e500d-dcad-5e8d-b59a-f3930e3bb35e	CAP-2023-2024-AYT-Matematik Soru Bankası	361	16	268	ok	valid_end_)	3(e-1)$ ifadelerinden hangileri olabilir? ($\pi \approx 3,14$, $e \approx 2,71$)
416ebfc7-7873-5b10-95b5-c64d9d71bdfe	Full Matematik-Tyt-Matematik Soru Bankası	21	10.	465	ok	valid_end_?	A435$ ve $6A82$ dört basamaklı sayıları için, ifadesinin en büyük değeri kaçtır?
5c7c5fc0-db6f-5c45-86c8-67f727e0aea9	Full Matematik-Tyt-Matematik Soru Bankası	55	7	600	ok	valid_end_?	lığı $308$ K olarak ölçüldüğüne göre, aynı maddenin sıcaklığı kaç Fahrenheittir?
4b729efe-bbad-56e5-bcfe-fc9e3bb15810	CAP-2023-2024-AYT-Matematik Soru Bankası	230	6	210	ok	valid_end_?	göre, $\lim_{x \to 3^+} g(x) + \lim_{x \to -2^-} g(x)$ toplamının değeri kaçtır?
b5724326-d59a-5808-9ace-d5decb394c7d	Full Matematik-Tyt-Matematik Soru Bankası	79	9	179	ok	valid_end_?	x)$ işlemi yapıyor. Buna göre, Eren'in bulacağı sonuç doğru sonucun kaç katıdır?
7cb30d51-36cd-5638-af01-bac176e3d48d	CAP-2023-2024-AYT-Matematik Soru Bankası	12	7	163	ok	valid_end_?	, $f(x) - g(x) > 0$ eşitsizliğini sağlayan $x$ doğal sayılarının toplamı kaçtır?
ba8def98-ad46-54b1-b191-29acf23d2653	Full Matematik-Tyt-Matematik Soru Bankası	85	9	219	ok	valid_end_?	z$, $z^x$ olarak veriliyor. Üçgenlerin çevreleri eşit olduğuna göre, $m$ kaçtır?
60719774-35b1-554c-8475-5559ee4586ef	Full Matematik-Tyt-Matematik Soru Bankası	99	7	140	ok	valid_end_?	arıdaki ifade tanımlanmıştır. Buna göre, $\frac{a}{b}$ ifadesinin değeri kaçtır?
de9dc621-ee93-59cc-805b-ca31297be070	Esen Aps Kimya Soru Bankası	94	9	298	ok	valid_end_?	1)$ puan almıştır. Bu tablonun değerlendirilmesi sonucunda Ceyhun kaç puan alır?
3f6d1a91-8941-5a97-925b-8486acb951c6	CAP-2023-2024-AYT-Matematik Soru Bankası	106	7.	215	ok	valid_end_?	karıdaki verilere göre, $\frac{b}{a}$ ifadesi aşağıdakilerden hangisine eşittir?
e0a57811-c841-5dc3-adfc-8bc1d2213004	CAP-2023-2024-AYT-Matematik Soru Bankası	259	20	280	ok	valid_end_?	üreksiz olduğu $x$ değerleri toplamı $-2$'dir. ifadelerinden hangileri doğrudur?
23276b23-bd9f-5225-9a81-17fa8937755d	Full-2019-2020-Ayt-Matematik Soru Bankası	85	7	123	ok	valid_end_?	$m(\widehat{AOD})=\alpha$. Yukarıdaki verilere göre, $\tan\alpha$ değeri kaçtır?
651335f6-b9c3-5f8f-a83e-da16cd5c8156	CAP-2023-2024-AYT-Matematik Soru Bankası	230	6	210	ok	valid_end_?	göre, $\lim_{x \to -1^+} g(x) + \lim_{x \to 3^-} g(x)$ toplamının değeri kaçtır?
06f65a54-ea5e-5745-bdd1-28a9f4ff6b89	Full-2019-2020-Ayt-Matematik Soru Bankası	101	7.	132	ok	valid_end_?	}{2}$, $m(\widehat{ADC}) = x$. Yukarıdaki verilere göre, $\sin x$ değeri kaçtır?
4c8b4ba9-eff5-56cb-b351-1cbb26b4257b	CAP-2023-2024-AYT-Matematik Soru Bankası	238	10.	226	ok	valid_end_?	 III. $\lim_{x \to -1^+} (fof)(x+1) = 6$ ifadelerinden hangileri daima doğrudur?
dfcd7788-7dae-5218-a4de-54c055e8dc21	Full Matematik-Ayt-Matematik Soru Bankası	139	9.	134	ok	valid_end_?	$m(\widehat{BAC})=\alpha$. Yukarıdaki verilere göre, $\sin\alpha$ değeri kaçtır?
c5710813-ccd7-5636-9a00-94c25c6e3ef3	Full-2019-2020-Ayt-Matematik Soru Bankası	169	7	147	ok	valid_end_?	im_{x\to -1^+} (fof)(x) - \lim_{x\to -1^-} (fof)(x-2)$ toplamının değeri kaçtır?
845f6e14-710b-5283-bd13-df29de2aba9e	Full-2019-2020-Ayt-Matematik Soru Bankası	171	8.	296	ok	valid_end_?	1$ noktasında $f$ fonksiyonu sürekli değildir. ifadelerinden hangileri doğrudur?
1978ddf1-b32f-503f-9933-1cd3812445b9	Esen Aps Fizik Soru Bankası 3	10	6	224	ok	valid_end_?	una göre Fevzi aşağıdaki eşleştirmelerden hangisini yaparsa doğru sonuca ulaşır?
7df1bd2e-8cdb-5162-91ef-1a4393a2c6cd	Esen Aps Fizik Soru Bankası 3	16	6	59	ok	valid_end_?	Yukarıdaki durumların hangilerinde özkütleden yararlanılır?
d01ca24c-75f8-5777-93c8-067838567833	Full-2019-2020-Ayt-Matematik Soru Bankası	183	7.	341	ok	valid_end_?	= 3$ III. $\lim_{x \to 1} (g \circ g)(x) = 2$  ifadelerinden hangileri doğrudur?
a770381b-81ef-5fce-880b-177eb0eab23f	CAP-2023-AYT-Matematik -AL-Soru Bankası	164	8	172	ok	valid_end_?	m $m(\text{DEB}) = \alpha$ Yukarıdaki verilere göre, $\cos\alpha$ değeri kaçtır?
ec6615a5-5b0c-56e1-93dd-f4af70525e34	CAP-2023-AYT-Matematik -AL-Soru Bankası	164	10	129	ok	valid_end_?	$ $m(\text{ADB}) = \alpha$ Yukarıdaki verilere göre, $\cos\alpha$ değeri kaçtır?
75b6d290-b5ab-5ebb-90bf-661b3c5652c2	CAP-2023-AYT-Matematik -AL-Soru Bankası	209	25	70	ok	valid_end_?	Yukarıdaki verilere göre, $|BC|$'nin eşiti aşağıdakilerden hangisidir?
03351417-9fcc-5a19-83a6-6dc2b9613b2c	CAP-2023-AYT-Matematik -AL-Soru Bankası	228	9	191	ok	valid_end_?	. $b > a > c$ III. $|b-a| - |a-c| - |c-b| = 0$ ifadelerinden hangileri doğrudur?
53e281ec-0fcf-5f77-8556-7d9c9048d33b	CAP-2023-AYT-Matematik -AL-Soru Bankası	302	9	117	ok	valid_end_?	ği aşağıda verilmiştir. Buna göre, $\lim_{x\to 0} f(x)$ limitinin değeri kaçtır?
a6bedf0d-c3c2-5beb-b6f0-091f004e22ad	CAP-2023-2024-AYT-Matematik Soru Bankası	289	6	119	ok	valid_end_?	)$ noktasında teğettir. $g(x) = f(5-f(x))$ olduğuna göre, $g'(2)$ değeri kaçtır?
bd0294d9-cc21-5755-a468-7744811e95fe	CAP-2023-2024-AYT-Matematik Soru Bankası	289	8	202	ok	valid_end_?	(x) = (2x+1) \cdot g(x^2+1)$ olduğuna göre, $s'(-3) \cdot b'(1)$ çarpımı kaçtır?
b9c82208-9f14-57d7-bddc-4ace45c36b7f	Esen Aps Kimya Soru Bankası	160	8	69	ok	valid_end_?	Yukarıda verilen karışımlarla ilgili yargılarından hangisi yanlıştır?
4455d580-5d1c-558b-8d70-e7cfdf567032	CAP-2023-AYT-Matematik -AL-Soru Bankası	306	12	168	ok	has_question_ending	iştir. Buna göre, limittinin değeri kaçtır? $\lim_{x \to x_0} \frac{\sin 2x}{x}$
f16b5284-f897-5fa4-87b4-5d70b3ceffb3	CAP-2023-AYT-Matematik -AL-Soru Bankası	177	8	246	ok	valid_end_?	. III. $b - a < \frac{\pi}{4}$'tür. yargılarından hangileri kesinlikle doğrudur?
b14b8207-5f47-5e15-ae39-0eb5b1ec3923	CAP-2023-AYT-Matematik -AL-Soru Bankası	183	8.	146	ok	valid_end_?	birim, $m(\widehat{DAB}) = x$. Yukarıdaki verilere göre, $\tan x$ değeri kaçtır?
4815ac5f-d593-52f1-89e3-1dfa3111b663	CAP-2023-AYT-Matematik -AL-Soru Bankası	183	10.	132	ok	valid_end_?	|FC|$, $m(\widehat{EFA}) = x$. Yukarıdaki verilere göre, $\cot x$ değeri kaçtır?
a589ace5-a22a-54d5-9aba-f088c15d1423	CAP-2023-AYT-Matematik -AL-Soru Bankası	183	12.	148	ok	valid_end_?	BEC}) = \beta$. Yukarıdaki verilere göre, $\tan(\alpha - 2\beta)$ değeri kaçtır?
93caff98-987b-5615-a052-409d6ecc68bc	CAP-2023-AYT-Matematik -AL-Soru Bankası	185	10	99	ok	valid_end_?	|EC| ve m($\widehat{EDC}$) = $\alpha$ olduğuna göre, tan $\alpha$ değeri kaçtır?
069e8878-52fc-50c1-ad8b-413bff91e06a	CAP-2023-AYT-Matematik -AL-Soru Bankası	185	12	99	ok	valid_end_?	im, |ADI = |ODI, |BC| = 2|OB| olduğuna göre, cot($\widehat{CEA}$) değeri kaçtır?
0e59b90f-bc3f-5095-874a-9b0b19e997e9	CAP-2023-AYT-Matematik -AL-Soru Bankası	187	8	127	ok	valid_end_?	C| = 5$ cm ve $|CD| = 1$ cm'dir. Buna göre, $\cos(\widehat{DAC})$ değeri kaçtır?
87200ebe-962e-5560-83ff-ec57824d4774	CAP-2023-AYT-Matematik -AL-Soru Bankası	191	11	129	ok	valid_end_?	|=|EC|$ ve $m(\widehat{DAE})=\alpha$'dır. Buna göre, $\sin\alpha$ değeri kaçtır?
cde1c393-beef-58ed-91e7-838c677c1ccb	CAP-2023-AYT-Matematik -AL-Soru Bankası	379	15	322	ok	valid_end_?	ordinat düzlemindeki grafiklerden hangileri $y = g(x)$ fonksiyonunun grafiğidir?
c355d2a1-b0cb-57bd-9cff-72df1bcf4cf7	CAP-2023-AYT-Matematik -AL-Soru Bankası	380	20	304	ok	valid_end_?	 $y = 5x-3$ tür. III. $g'(-1) = -5$ tir. ifadelerinden hangileri daima doğrudur?
5d116621-3ce2-5793-b0bf-3ae9e401420a	CAP-2023-AYT-Matematik -AL-Soru Bankası	396	8	156	ok	valid_end_?	int_1^x \frac{t}{\sqrt{x-1}}dt$ ve $g(1)=3$ olduğuna göre, $g(4)$ değeri kaçtır?
76801e31-c7a5-55b3-9076-8a628cf54485	Mikro Orijinal Tyt Fizik Soru Bankası 2025	158	4	1150	ok	valid_end_?	 = 14$  I, II ve III numaralı satırlardaki değerlerden hangileri doğru olabilir?
68ef9d79-a5d5-5a9f-9b84-f07d7234ebfd	CAP-2023-AYT-Matematik -AL-Soru Bankası	424	12	134	ok	valid_end_?	ir. Buna göre, $\int_{-1}^{1} \frac{2f'(x)}{x^2} dx$ integralinin değeri kaçtır?
367aeede-5dd2-5e48-ac29-6e8296c103b3	Mikro Orijinal Tyt Fizik Soru Bankası 2025	178	5	380	ok	valid_end_?	 dış yüzeyindeki net elektrik yükünün işareti aşağıdakilerden hangisi gibi olur?
73e8d325-f4ba-54fc-b663-2ffc7afb290e	Mikro Orijinal Tyt Fizik Soru Bankası 2025	280	6	300	ok	valid_end_)	asındaki ilişki nedir? (Silindirlerin bölmelerinin hacimleri birbirine eşittir.)
3b3f28f2-d30c-562c-8b53-fee89da94b19	Mikro Orijinal Tyt Fizik Soru Bankası 2025	308	8	525	ok	valid_end_)	tür. yargılarından hangileri kesinlikle doğrudur? (Enerji kayıpları önemsizdir.)
75004cfb-591c-5a02-976f-77c3e5ab451a	Mikro Orijinal-2024-Tyt-Matematik Soru Bankası	178	6	427	ok	valid_end_?	erin pist üzerine düştüğü bölgeler aşağıdakilerden hangisinde doğru verilmiştir?
c4685259-99af-551a-9e5f-7621d13463be	Esen Apt Ayt Fizik 2025	81	8	80	ok	valid_end_.	Bir tepkimenin potansiyel enerji-tepkime koordinatı grafiği aşağıda verilmiştir.
00fce9c9-e1e3-587b-a8bf-9cff3d974e5e	Mikro Orijinal-2024-Ayt-Matematik Soru Bankası	2	1	25	cutoff	few_words	Buna göre, $f(2)$ kaçtır?
77bfeeed-3ca3-5019-bbd2-0a6288acc4b4	Egsersiz Tyt Fizik Soru Bankası 2021	42	10	316	ok	valid_end_?	açlarından hangilerinin ortalama hız ve ortalama süratlerinin değerleri eşittir?
9988553c-23a4-5b8c-96c5-d18afffb7196	Mikro Orijinal-2024-Ayt-Matematik Soru Bankası	124	Örnek 1	282	ok	valid_end_.	re; mavi, yeşil ve kırmızı renge karşılık gelen fonksiyonları sırasıyla bulunuz.
bd1c3b8f-cf20-5a90-b1c0-4e992dd41723	Esen Apt Ayt Fizik 2025	177	10	112	ok	valid_end_?	p^3$ hibritleşmesi yapan karbon atomlarının sayıları aşağıdakilerden hangisidir?
ccf9d5fa-080c-5b52-9308-ccf2d191f0ac	Esen Apt Ayt Fizik 2025	187	11	254	unclear	unknown_end_$	isinde doğru verilmiştir? $CH_2=CH-CH_2-C(R_2)=CH-CH_2-CH_3$ $|$ $R_1$ $|$ $R_3$
6eba6113-8e3c-5a0d-87dd-98e50b826378	Mikro Orijinal-2024-Ayt-Matematik Soru Bankası	181	7	124	ok	valid_end_?	 $m(\widehat{BAC})=2x$, $m(\widehat{ABC})=x$. Buna göre, $\tan x$ değeri kaçtır?
a0896ffd-d1f3-56a0-90a0-999746d8b00f	Egsersiz Tyt Fizik Soru Bankası 2021	6	10	175	ok	valid_end_?	ış (Y) olma durumları hatasız değerlendirildiğinde kaç numaralı çıkışa ulaşılır?
b5017abe-ce18-58c5-9f49-c98650db6141	Esen Apt Ayt Fizik 2025	193	11.	395	ok	valid_end_.	etendir. E) I. adımdaki tepkimede n değeri $\ge 1000$ şeklinde ifade edilebilir.
cb8f2159-c880-55a6-a585-62af94f59cef	Esen 2025 Aps Ayt Fizik Soru Bankası	95	7	165	ok	valid_end_)	 potansiyel enerjisi kaç Joule'dür? ($k = 9 \cdot 10^9 \frac{N \cdot m^2}{C^2}$)
13ef78f4-12ee-5d9b-aadf-0bad6698719e	Esen Apt Ayt Fizik 2025	201	8	88	ok	valid_end_?	da yapı formülü verilen bileşiklerden hangilerinin yaygın adı doğru yazılmıştır?
ca1f8cb5-24b8-5097-bdc1-0a588163e00f	Egsersiz Tyt Fizik Soru Bankası 2021	186	6	197	ok	valid_end_)	n üzerinden geçen elektrik akımı kaç amperdir? (elektron yükü: $1,6.10^{-19}$ C)
75ac5798-84c2-5e45-8563-c58ee28e0959	Mikro Orijinal-2024-Ayt-Matematik Soru Bankası	301	Örnek 6	201	ok	valid_end_.	> 0$ III. $f'(3) - f'(4) < 0$ ifadelerinden hangilerinin doğru olduğunu bulunuz.
ae967e51-4e38-5db1-9d3e-ee6f7e73b7a8	Mikro Orijinal-2024-Ayt-Matematik Soru Bankası	302	Örnek 4	237	ok	valid_end_.	ır. III. $f(3) > 0$ ifadelerinin hangilerinin kesinlikle doğru olduğunu bulunuz.
cf5fff7d-12b8-5c2e-99bd-5be6a4bb86ee	Mikro Orijinal-2024-Ayt-Matematik Soru Bankası	179	11	271	ok	valid_end_?	|$ $5 \cdot \tan\alpha = 16 \cdot \tan\beta$ olduğuna göre, $\sin\theta$ kaçtır?
50f1e31c-066c-53a7-8842-195fc9a39358	Mikro Orijinal-2024-Ayt-Matematik Soru Bankası	322	7	274	ok	valid_end_?	m(\widehat{BOC})$ ve $f(4)=2$ olduğuna göre, $\frac{f'(1)}{f'(4)}$ oranı kaçtır?
ae7d2436-02c4-581f-8490-faba8ae3a19d	Mikro Orijinal-2025-Ayt-Geometri Soru Bankası	19	8	234	ok	valid_end_?	e x, y ve z açıları küçükten büyüğe doğru sıralanışı aşağıdakilerden hangisidir?
7f185deb-77e0-5364-b7a6-5a7dd88beb63	Esen Ayt Fizik Soru Bankası	48	5	149	ok	valid_end_?	 şekildeki gibidir. Cismin $8 \text{ saniye}$ sonraki hızı kaç $\text{m/s}$'dir?
8e795496-0166-56e4-8858-91c7f53fec4a	Esen Ayt Fizik Soru Bankası	82	10	186	ok	valid_end_?	, Şekil - II ve Şekil - III'teki olaylardan hangilerinde momentum değişimi olur?
97e0d2ba-d041-5c54-b31a-0cf6300c6c55	Esen Ayt Fizik Soru Bankası	180	6	243	ok	valid_end_?	atif akımın frekansına bağlı olarak değişimi, grafiklerinden hangileri olabilir?
dda0d99a-b4b5-562e-8a16-f5a8bf2db801	Egsersiz Tyt Fizik Soru Bankası 2021	334	7	318	ok	valid_end_?	duğuna göre, $n_M$, $n_K$ ve $n_Y$ arasındaki ilişki aşağıdakilerden hangisidir?
a6942999-980e-5e11-a905-b36799be00b7	Esen Ayt Fizik Soru Bankası	314	8	129	ok	valid_end_?	alan Ceyda'nın hazırladığı görsellerle yaptığı sunumlarından hangileri doğrudur?
ef409a22-ed7a-5d1d-abcb-81c0b4b1156b	Mikro Orijinal-2024-Ayt-Matematik Soru Bankası	360	6	203	ok	valid_end_?	ği verilmiştir. Buna göre, mavi renk ile boyalı bölgenin alanı kaç birimkaredir?
6f8164b5-d995-5efd-ad22-2b90ac537e06	Esen Aps Cografya Soru Bankası	40	11	143	ok	valid_end_?	azı bilgiler verilmiştir. Bu bilgilerden hangilerinin doğru olduğu söylenebilir?
7d335b7d-cde5-53f2-b8b8-68821242af2f	Esen Aps Cografya Soru Bankası	114	6	162	ok	valid_end_?	ellikler kar yağışı için verilseydi, kaç numaralı özelliğin değişmesi gerekirdi?
b2e8ef29-1d2e-514c-9fa1-c509f8ffd908	Cap Tyt Fizik Soru Bankası 2023 2024	187	8	154	ok	valid_end_?	ektedirler. S anahtarı açılırsa K ve L lambalarının parlaklıkları nasıl değişir?
c680a367-5971-5105-a653-4971c5f87cf0	Esen Ayt Kimya Soru Bankası	158	7	541	ok	valid_end_?	çözeltisi ısıtıldığında doygun hâle gelebilir. yargılarından hangileri doğrudur?
b5d35b68-8624-553a-96d1-d24e9109320d	Aromat 2024 Ayt Fen Bilimleri Net 30	11	KILAVUZ SORU	357	ok	valid_end_?	 kuvvetin yönü ve büyüklüğü aşağıdakilerden hangisinde doğru olarak verilmiştir?
ba551067-b648-51f5-94b0-0cefb10814b9	Esen Aps Fizik Soru Bankası 3	136	6	189	ok	valid_end_?	nir. Buna göre verilenlerden hangileri atmosfer basıncının varlığını kanıtlamaz?
ac5c3aad-6c0b-5df3-ae8f-0eb41be30122	Esen Aps Fizik Soru Bankası 3	152	8	372	ok	valid_end_?	er aşağıdaki cevapları veriyor. Buna göre hangi öğrencilerin cevapları doğrudur?
210bef91-1e27-561b-9ced-d3ada92954df	Esen Aps Kimya Soru Bankası	12	8	146	ok	valid_end_?	evapları verilmiştir. Buna göre sorulardan hangisinin cevabı yanlış verilmiştir?
c6d478b1-0c30-58a7-9cca-47c6c830ae81	Cap Ayt Fizik Soru Bankası 2023 2024	204	25	283	ok	valid_end_?	apılan değişiklikler sonunda levhaların yükleri hangi şekilde doğru verilmiştir?
0e3fab47-3e25-5608-8339-501a449566b2	Esen Ayt Tarih Soru Bankası	36	9	152	ok	valid_end_?	ştir. Bu enerji piramidi haritada numaralandırılan bölgelerden hangisine aittir?
498c2b43-2d23-5b48-977e-d925739caa1d	Esen Aps Cografya Soru Bankası	156	7	91	ok	valid_end_?	retmeninin sorusunu, numaralandırılan öğrencilerden hangisi doğru cevaplamıştır?
f920abc4-4c3d-571e-80cb-1e4c46fdd04d	Esen Ayt Tarih Soru Bankası	242	8	81	ok	valid_end_?	u gazete haberine göre aşağıdaki yargılardan hangisi kesin olarak çıkarılabilir?
66ebb8cf-09b8-5370-9765-b2a7af206c8f	Esen Aps Kimya Soru Bankası	56	9	179	ok	valid_end_?	 | 6$ şeklindedir. şeklinde olduğuna göre aşağıda ifadelerden hangisi yanlıştır?
ced42d01-0bce-56b7-af1f-9249fbc2593f	Cap Ayt Fizik Soru Bankası 2023 2024	262	7	307	ok	valid_end_?	 eşittir. III. Kaynakların hız büyüklükleri farklıdır. hangileri doğru olabilir?
725fbdcb-449d-5a1c-b586-6c37e2c8f5ed	Mikro Orijinal-2024-Tyt-Matematik Soru Bankası	52	Örnek 4	243	ok	valid_end_?	samaklı $5A$ ve $BA$ santimetredir. Buna göre, şalın uzunluğu kaç santimetredir?
82f89b15-6a14-5cb7-b810-4b78bd3b7fb9	Esen Aps Kimya Soru Bankası	124	8	511	ok	valid_end_)	(H = 1 g/mol, C = 12 g/mol, N = 14 g/mol, O = 16 g/mol, Avogadro sayısı = $N_A$)
46b4c3d0-8133-5e11-88f2-500d7718db58	Mikro Orijinal-2024-Tyt-Matematik Soru Bankası	141	Örnek 1	310	ok	valid_end_.	eden-kitle indeksinin alabileceği değer aralığını mutlak değer ile ifade ediniz.
f8c1a9d2-97d5-5e0b-aadd-704d13a2e8c8	Mikro Orijinal-2024-Ayt-Matematik Soru Bankası	185	8	172	ok	valid_end_?	-a^x$ üstel fonksiyonunun grafiği verilmiştir. Buna göre, $a+2b$ toplamı kaçtır?
e92c0eaf-87cb-51db-b5c0-d38e21ab85d0	Mikro Orijinal-2024-Tyt-Matematik Soru Bankası	213	Örnek 1	188	ok	valid_end_?	arı ölçülmüştür. Buna göre, bir adet pembe renkli legonun uzunluğu kaç birimdir?
04ec2a97-fea2-5f68-987b-54a178d6577c	Mikro Orijinal-2024-Tyt-Matematik Soru Bankası	213	Örnek 3	349	ok	valid_end_?	ri toplam 2700 TL olduğuna göre, kaç kişi gidiş-dönüş olarak tek bilet almıştır?
ec9aed74-04f6-56a7-9450-3a6497c444b4	Mikro Orijinal-2024-Tyt-Matematik Soru Bankası	213	Örnek 4	247	ok	valid_end_?	 ilk turda birer maç yapmıştır. Buna göre, ilk turda toplam kaç maç yapılmıştır?
16a0428c-5fe4-598f-a230-a04db99051f1	Mikro Orijinal-2024-Tyt-Matematik Soru Bankası	219	Örnek 1	178	ok	valid_end_?	in toplam 30 tane çekmece yaptığına göre, kaç tane gri renkli komidin yapmıştır?
3ab26d65-ed07-544a-af2f-108c13bce0c1	Mikro Orijinal-2024-Tyt-Matematik Soru Bankası	219	Örnek 2	336	ok	valid_end_?	indiğine göre, meyve suyu ve pasta sipariş veren Betül kaç lira hesap ödemiştir?
64d6b849-d62f-55da-996c-e2f50f043bd7	Mikro Orijinal-2024-Tyt-Matematik Soru Bankası	219	Örnek 3	391	ok	valid_end_?	nan beyaz renkli tişört sayısı siyah renkli tişört sayısından kaç adet fazladır?
151f7437-8c8f-5e62-8c36-ebc0d2d86f34	Mikro Orijinal-2024-Tyt-Matematik Soru Bankası	219	Örnek 4	173	ok	valid_end_?	t görüntüsü verilmiştir. Buna göre sohbetin gerçekleştiği gün 1 Euro kaç TL'dir?
ecdea168-aed3-5c8d-96b3-fba334a9383b	Mikro Orijinal-2024-Tyt-Matematik Soru Bankası	220	Örnek 1	334	ok	valid_end_?	ısı 11 olduğuna göre, bu öğrencilerden kaç tanesi haftada 3 gün ders almaktadır?
202cb1a9-2070-52b3-8aab-046ac0affbaf	Mikro Orijinal-2024-Tyt-Matematik Soru Bankası	220	Örnek 4	356	ok	valid_end_?	ktı." demiştir. Buna göre, Mehmet bu GSM operatörüne kaç yılında abone olmuştur?
05e78a8e-bc86-514b-aa06-60ac1886b72d	Esen Apt Ayt Fizik 2025	55	11	269	ok	valid_end_?	uğuna göre başlangıçta $Mg(NO_3)_2$ çözeltisinin derişimi ($X$) kaç $mol/L$'dir?
d2574c9b-db57-5a6c-a797-d66c8af6cd91	Mikro Orijinal-2024-Tyt-Matematik Soru Bankası	244	Örnek 1	226	ok	valid_end_?	na göre, iki kutunun gerçek ağırlıkları arasındaki farkın pozitif değeri kaçtır?
41dbc85d-40ca-5b6c-bd41-4ace51ce1006	Mikro Orijinal-2024-Tyt-Matematik Soru Bankası	244	Örnek 2	245	ok	valid_end_?	 göre, bu iki karışım birleştirildiğinde oluşan karışımın isot yüzdesi kaç olur?
390f120d-7d15-5b51-87e9-ac3745f00e14	Mikro Orijinal-2024-Tyt-Matematik Soru Bankası	244	Örnek 3	421	ok	valid_end_?	ımı kalmıştır. Buna göre, Sevcan Hanım kaç kutu fincan takımı siparişi almıştır?
424290e8-f19c-57f1-8d7c-ab7d54af8255	Mikro Orijinal-2024-Tyt-Matematik Soru Bankası	250	Örnek 1	378	ok	valid_end_?	 kalemlerin herbirini 5 TL'den sattığına göre, toplam kaç kalem bozuk çıkmıştır?
e6ae829b-41ff-5ae3-86b7-720134658116	Esen Apt Ayt Fizik 2025	81	11	103	ok	valid_end_.	ek elementlerine ayrışması ile ilgili entalpi-zaman grafiği aşağıda verilmiştir.
7b3ca7d5-53a9-5b14-b2d7-9b7498c62027	Mikro Orijinal-2024-Tyt-Matematik Soru Bankası	263	Örnek 2	310	ok	valid_end_?	arısını ise hızlı şarj aleti ile şarj ederse toplam şarj süresi kaç dakika olur?
d4251af9-240b-563d-ad16-3802c49565eb	Mikro Orijinal-2024-Tyt-Matematik Soru Bankası	263	Örnek 3	246	ok	valid_end_?	 verilen işçi sayılarıyla devam edilirse 100 ürünün hazırlanması kaç saat sürer?
5f864e57-5705-5f0b-a028-69544c31d57f	Mikro Orijinal-2024-Tyt-Matematik Soru Bankası	263	Örnek 4	237	ok	valid_end_?	an işin oranlarını gösteren doğrusal grafiklerdir. Buna göre, $m$ değeri kaçtır?
f726c6eb-9572-538c-abfa-eea4bf1a7bed	Mikro Orijinal-2024-Tyt-Matematik Soru Bankası	267	Örnek 1	152	ok	valid_end_?	arla harekete başlıyor. A'dan hareket eden araç kaç saat sonra diğerine yetişir?
d6664b49-b5d8-527c-ae17-37c718c8079c	Mikro Orijinal-2024-Tyt-Matematik Soru Bankası	267	Örnek 2	187	ok	valid_end_?	asında yan yana geliyorlar. Buna göre, A ile B noktaları arası kaç kilometredir?
8f01e2e6-9ad2-5672-8f0e-add3754280fd	Mikro Orijinal-2024-Tyt-Matematik Soru Bankası	267	Örnek 3	167	ok	valid_end_?	da ve aynı yönde koşmaya başlarlarsa kaç dakika sonra ilk kez yan yana gelirler?
4bad20be-890d-5e06-ac82-1375dcd8c5a0	Mikro Orijinal-2024-Tyt-Matematik Soru Bankası	267	Örnek 4	185	ok	valid_end_?	aat sonra karşılaşmışlardır. Buna göre, A ve B noktaları arası kaç kilometredir?
b68138f4-ded6-50d1-90f6-ac948ceb7eaf	Mikro Orijinal-2024-Tyt-Matematik Soru Bankası	267	Örnek 5	172	ok	valid_end_?	dan zıt yönlerde koşmaya başladıklarında kaç dakika sonra ilk kez karşılaşırlar?
7224c313-1477-5aaf-b564-3c2496e7faaa	Mikro Orijinal-2024-Tyt-Matematik Soru Bankası	267	Örnek 6	210	ok	valid_end_?	resi 480 metre olduğuna göre iki koşucu kaç dakika sonra ilk kez yan yana gelir?
49d78e2a-2805-5b1a-bd1e-17273714be3c	Mikro Orijinal-2024-Tyt-Matematik Soru Bankası	269	Örnek 2	214	ok	valid_end_?	ları sırasıyla 2 metre ve 4 metredir. Buna göre, ipin tamamı kaç saniyede yanar?
1c555cf0-1777-5e97-8d3c-de47c2601b22	Mikro Orijinal-2024-Tyt-Matematik Soru Bankası	269	Örnek 3	203	ok	valid_end_?	eket eden araçların 4 saat gittikten sonra aralarındaki mesafe kaç kilometredir?
e4147d8d-2c97-5a1b-b638-19b9ccd2928c	Mikro Orijinal-2024-Tyt-Matematik Soru Bankası	269	Örnek 4	240	ok	valid_end_?	öre değişimi verilmiştir. Buna göre, aracın yolculuğu toplam kaç saat sürmüştür?
d988029f-743e-52c7-aff8-4610fb049ae6	Mikro Orijinal-2024-Tyt-Matematik Soru Bankası	274	Örnek 3	213	ok	valid_end_)	iği dosya kaç gigabyte'dır? ($1 \text{ GB} = 1000 \text{ MB}$ kabul edilmiştir.)
87117ec5-a4e3-560d-a59f-7991f979eef6	Mikro Orijinal-2024-Tyt-Matematik Soru Bankası	274	Örnek 4	468	ok	valid_end_?	eyerek 3 saatte giden bir sürücü aynı yolu 2 saatte gitseydi kaç TL ceza öderdi?
c1382e11-6c64-5b65-9b9a-5d41f174bcc1	Mikro Orijinal-2024-Tyt-Matematik Soru Bankası	285	Örnek 1	408	ok	valid_end_?	önme 3. Adım $\rightarrow$ Dönme Yukarıdaki adımlardan hangileri doğru olabilir?
bcfbdb6e-5815-5894-8ee5-1b67976e76ad	Mikro Orijinal-2024-Tyt-Matematik Soru Bankası	285	Örnek 2	237	ok	valid_end_?	ıgen sayısından 18 fazla olduğuna göre, şekilde kaç tane altıgen kullanılmıştır?
88f938b9-7d6e-5a15-9128-87d5cbddc395	Mikro Orijinal-2024-Tyt-Matematik Soru Bankası	285	Örnek 3	236	ok	valid_end_?	Buna göre, kesilen parça açıldığında oluşan şekil yukarıdakilerden hangisi olur?
c5e370c1-19fa-545f-aeb3-25751184a75b	Mikro Orijinal-2024-Tyt-Matematik Soru Bankası	287	Örnek 2	246	ok	valid_end_?	 kadar rakamların tamamı yerleştiriliyor. Buna göre, $a \cdot b$ çarpımı kaçtır?
25be7751-f4af-586a-b0c7-49e51dc39970	Mikro Orijinal-2024-Tyt-Matematik Soru Bankası	287	Örnek 3	372	ok	valid_end_?	gileri verilmiştir. Buna göre, yukarıda boyama işlemlerinden hangileri olabilir?
8681d205-d7ed-56e2-ae2c-23fffbc7d8f2	Mikro Orijinal-2024-Tyt-Matematik Soru Bankası	307	Örnek 1	420	ok	valid_end_?	erden hangileri Venn şemasında pembe renk ile gösterilen bölgeyi ifade edebilir?
dbc8eca5-a9b3-55b4-8de3-db70231fe579	Esen Apt Ayt Fizik 2025	149	7	498	ok	valid_end_)	)$ $E^{\circ} = +0,80V$) ($Na^{+}(suda) + e^{-} \to Na(k)$ $E^{\circ} = -2,71V$)
886ca996-cd36-5597-ac09-adcd90dba047	Mikro Orijinal-2024-Tyt-Matematik Soru Bankası	319	Örnek 3	526	ok	valid_end_?	lerinden üçünün de doğru olduğu bilindiğine göre, verilen işlemin sonucu kaçtır?
16784d99-2426-501f-b6bd-0609b8ba76bc	Mikro Orijinal-2024-Tyt-Matematik Soru Bankası	319	Örnek 4	319	ok	valid_end_?	r. $(p \implies q)' \land r$ önermesinin doğru olduğuna göre okul müdürü kimdir?
bdf4fc51-e5f8-5204-b3bf-800a3342b06d	Mikro Orijinal-2024-Tyt-Matematik Soru Bankası	345	Örnek 2	76	ok	valid_end_?	4 tanesi $d$ doğrusu üzerinde olan 7 nokta ile kaç farklı doğru çizilebilir?
5d8f641b-4336-5a83-9c0e-238496ee1d01	Mikro Orijinal-2024-Tyt-Matematik Soru Bankası	345	Örnek 3	271	ok	valid_end_?	kaç farklı üçgen oluşturulur? c) Bu noktalar ile kaç farklı dörtgen oluşturulur?
80ecff1e-fae5-5f49-a1d6-db5f9b3967eb	Mikro Orijinal-2024-Tyt-Matematik Soru Bankası	345	Örnek 4	44	ok	valid_end_?	Yukarıdaki şekillerde kaç tane üçgen vardır?
8b5eb1c2-5272-52ee-b0d8-9f50e8ff62b3	Mikro Orijinal-2024-Tyt-Matematik Soru Bankası	345	Örnek 5	186	ok	valid_end_?	ne kare vardır? c) Gri renkli dikdörtgeni kapsayan kaç farklı dikdörtgen vardır?
2928494c-7dce-51dd-9b79-fb21011bfb87	Mikro Orijinal-2024-Tyt-Matematik Soru Bankası	359	Örnek 1	144	ok	valid_end_?	enn şemasıyla verilen bağıntılardan hangileri A'dan B'ye bir fonksiyon belirtir?
e35092de-3d72-5c9e-abb0-e911d2d39e59	Mikro Orijinal-2024-Tyt-Matematik Soru Bankası	377	Örnek 1	182	ok	valid_end_?	nlarının grafiği verilmiştir. Buna göre, $f(-3) - g(4)$ işleminin sonucu kaçtır?
d9b7890a-d976-5f86-a689-479c11bdc989	Mikro Orijinal-2024-Tyt-Matematik Soru Bankası	377	Örnek 4	278	ok	valid_end_?	ll. p < m < n$ $lll. m < n < p$ sıralamalarından hangileri kesinlikle yanlıştır?
e5e94877-6a0c-5359-b762-3fee72a9519d	Mikro Orijinal-2024-Tyt-Matematik Soru Bankası	397	Örnek 1	235	ok	valid_end_?	r. $P(x)$ polinomunun katsayılar toplamı $-12$ olduğuna göre, $a$ değeri kaçtır?
8cb4ec5a-1d3b-5dae-9141-fedc2b1fa1e3	Mikro Orijinal-2025-Ayt-Geometri Soru Bankası	27	Örnek 1	122	ok	valid_end_?	\widehat{BAH})=40^{\circ}$ Verilenlere göre, $m(\widehat{ACD})=x$ kaç derecedir?
22a850bd-e7ce-5e6d-b145-82c1ac538316	Mikro Orijinal-2025-Ayt-Geometri Soru Bankası	27	Örnek 3	154	ok	valid_end_?	widehat{DBC})=30^{\circ}$. Verilenlere göre, $m(\widehat{BDC})=x$ kaç derecedir?
cfa656f8-846b-53bd-86b5-c8807ec60818	Mikro Orijinal-2025-Ayt-Geometri Soru Bankası	27	Örnek 4	103	ok	valid_end_?	DE]$ açıortay, $|BD|=|DC|$. Verilenlere göre, EDC açısının ölçüsü kaç derecedir?
e181819f-d4f7-5ab8-866d-254026ff4a91	Mikro Orijinal-2025-Ayt-Geometri Soru Bankası	27	Örnek 5	136	ok	valid_end_?	 $|BE|=|EC|$, $|AB|=|DC|$. Verilenlere göre, $m(\widehat{BAC})=x$ kaç derecedir?
f888c31d-14f3-5ef2-a8c4-11a4509b9c12	Mikro Orijinal-2025-Ayt-Geometri Soru Bankası	27	Örnek 6	170	ok	valid_end_?	widehat{EAD})=50^{\circ}$. Verilenlere göre, $m(\widehat{ADC})=x$ kaç derecedir?
5b35181d-d200-53c6-92a9-095f03ffae23	Mikro Orijinal-2025-Ayt-Geometri Soru Bankası	37	Örnek 1	215	ok	valid_end_?	karıda AB yolu ile kuzey yönünü karşılaştıran gösterimlerden hangileri doğrudur?
2077f830-950b-5f48-bcea-a02a103214c0	Mikro Orijinal-2025-Ayt-Geometri Soru Bankası	37	Örnek 3	227	ok	valid_end_?	usulasının görüntüsü yukarıda verilen pusula görüntülerinden hangileri olabilir?
352a03f8-6072-50f3-8ae3-dddca241a37b	Mikro Orijinal-2025-Ayt-Geometri Soru Bankası	53	Örnek 2	151	ok	valid_end_?	hat{CAD}) = 15^ ext{o}$, $|AC| = 6$ cm. Verilenlere göre, $|AD| = x$ kaç cm'dir?
b2ff6c77-19de-508f-9c7b-be9aeafa1330	Aktif Ogrenme 2025 Tyt Fizik Soru Bankası	268	Örnek: 27	197	ok	valid_end_?	nının izlediği yol şekildeki gibi olduğuna göre, $\frac{f_1}{f_2}$ oranı kaçtır?
b32d7dd3-7d8c-521f-bc0a-cb8b5f72ba5c	Aktif Ogrenme 2025 Tyt Fizik Soru Bankası	71	Örnek 1	182	ok	valid_end_?	i olmaktadır. Buna göre, suyun cisme uyguladığı kaldırma kuvveti kaç Newton'dur?
b38fb5fd-a525-53d9-8a3a-d1cd9d1147c4	Fizipedia Tyt Fizik Soru Bankası 2025	242	3	541	ok	valid_end_)	er durum için okların en sağda olanının ilk hareketi temsil ettiği düşünülecek.)
b7b6f97e-35c9-5aa5-9e78-68e4a22c4eb5	Aktif Ogrenme 2025 Tyt Fizik Soru Bankası	132	Örnek: 9	356	ok	valid_end_?	. X cismi düzgün doğrusal hareket yapmaktadır. yargılarından hangileri doğrudur?
baff591c-cc76-5ebb-89fa-0fc8a04f1204	Aramot Tyt 2023 Fen Bilimleri Model Sorular	8	KILAVUZ SORU	262	ok	valid_end_)	, cismin hareket ivmesi kaç $\text{m/s}^2$ dir? (g = $10 \text{ m/s}^2$ alınız.)
bbc76cc4-ae72-5b02-9a99-28b6029a38d0	Aktif Ogrenme 2025 Tyt Fizik Soru Bankası	242	Soru: 11	214	ok	valid_end_?	ığı yerlerin ekvatora uzaklıkları $d_1$, $d_2$ ve $d_3$ arasındaki ilişki nedir?
0862be9b-95df-55ba-bbe1-66615ca5aaca	Esen Aylık Planlı Biyoloji Soru Bankası	230	10	353	ok	valid_end_.	n içinde polen tüpü gelişir. E) 5 numaralı yapının içinde tohum taslağı gelişir.
bc50749b-946b-58d8-8af4-df7a82518fb2	Apotemi 2019 2020 Tyt Ayt Fizik Soru Bankası	372	7.	176	ok	valid_end_?	X yeşil, Y sarı, Z siyah olduğuna göre; K, L, M hangi renkli kaynaklar olabilir?
7f17efe9-4c60-5340-8874-0b5046d91fb8	Full Matematik-Ayt-Matematik Soru Bankası	191	12	322	ok	valid_end_?	0 = \boxed{BA}$ olduğuna göre, bu koşulu sağlayan AB sayılarının toplamı kaçtır?
817c5b0c-0b50-5001-adf2-d57a6ca6f42f	Esen Ayt Fizik Soru Bankası	262	9	182	ok	valid_end_?	eckmark$" içermiyorsa "$\times$" ile işaretlenirse aşağıdakilerden hangisi olur?
c034b225-7072-579b-8879-30f7ae49999e	Aromat 2024 Ayt Fen Bilimleri	6	KILAVUZ SORU	225	ok	valid_end_)	 - L noktaları arasındaki uzaklık kaç metredir? ($g = 10 \text{ m/s}^2$ alınız.)
2f6f54d8-bd37-562d-9c5d-e2f1f19be124	Esen Ayt Tarih Soru Bankası	128	7	164	ok	valid_end_?	lmiştir. Bu bilgilerden yararlanarak, aşağıdaki yargılardan hangisine varılamaz?
c908cead-26c7-5c70-bcf8-5e593a7b576d	Aktif Ogrenme 2025 Tyt Fizik Soru Bankası	159	Örnek 19	313	ok	valid_end_?	re dik bir kuvvet uygulamak değişikliklerinden hangileri tek başına yapılabilir?
cb39602a-49ef-5cd5-9268-b15597d9bfc0	Aromat Tyt 2023 2024 Fizik Soru Bankası	299	5	487	ok	valid_end_?	 indisleri; $n_X$, $n_Y$, $n_{su}$ arasındaki ilişki aşağıdakilerden hangisidir?
d2d6a76b-6e40-50fc-85b8-38946d51d221	Apotemi 2022 2023 Modern Fizik	89	Örnek 3	348	ok	valid_end_)	l çizgiler dalga tepelerini, kesikli çizgiler dalga çukurlarını göstermektedir.)
ef44ed52-42ec-5f5d-9357-e76338d07c00	Esen Tyt Ayt Geometri Soru Bankası	51	8	322	ok	valid_end_?	ap [DF] = \{K\}$ olmaktadır. $|FC| = 6$ cm olduğuna göre, $|KF| = x$ kaç cm'dir?
e7644cb9-369e-5873-bb7b-ff7321a7e31e	Aktif Ogrenme 2025 Tyt Fizik Soru Bankası	133	Örnek 10	489	ok	valid_end_?	 artması cisme etki eden net kuvveti arttırır. yargılarından hangileri doğrudur?
f7b32b2f-697e-5661-b369-895b7b60b728	Aktif Ogrenme 2025 Tyt Fizik Soru Bankası	76	Örnek: 12	245	ok	valid_end_?	d$ özkütleli sıvıya konulduğunda ipteki gerilme kuvvetinin büyüklüğü kaç N olur?
fc504da4-63d7-5e38-a791-a4cd0672c914	Aromat Ayt 2024 Fen Bilimleri Model Sorular Net 30	7	KILAVUZ SORU	263	ok	valid_end_)	ndaki hızı kaç $\frac{\text{m}}{\text{s}}$'dir? ($g = 10 \text{ m/s}^2$ alınız.)
9cd2dd15-16d9-5a2d-87c4-247f61337901	Esen Ayt Tarih Soru Bankası	166	6	99	ok	valid_end_?	, hangi öğrenciler meteorolojik kökenli ekstrem doğa olaylarına örnek vermiştir?
019a711b-0451-56cf-ab79-85913cf7e2de	C1CELL-2024-TYT-AYT-Geometri Soru Bankası	95	7	151	ok	valid_end_?	allel [AC]$ $|BE|=3|EC|$, $|KF|=3$ br Buna göre, $|BD|+|DK|$ toplamı kaç br'dir?
0269c4d6-9eba-5e67-9c5b-924f0d0bfa17	Full Matematik-2019-2020-Geometri Soru Bankası	241	7.	108	ok	valid_end_?	_1$ doğrusu A, B, C, D noktalarından geçmektedir. $d_1$ doğrusunun eğimi kaçtır?
067b95db-d55a-5cac-b0f0-0bef08029120	345 Tyt Ayt Geometri Soru Bankası	259	6	148	ok	valid_end_?	, $|BC|=15$ cm. Boyalı alan $120 \text{ cm}^2$ olduğuna göre, $|DC|$ kaç cm'dir?
0729d8ba-b81b-5a9e-a88b-2314bf1ff1d1	2020-2021-Acil-Tyt Ayt Geometrinin ilacı Soru Bankası	36	7	96	ok	valid_end_?	= |BD| = |DC|$ $|AC| = 3$ birim $|AB| = 2$ birim Buna göre, $|BC|$ kaç birimdir?
0827d8d6-bab9-5b82-8a48-30cbe3f492f6	345 2025 Tyt Ayt Geometri Soru Bankası 1	283	5.	109	ok	valid_end_?	, $|BE| = |EC|$, $|AD| = 10$ cm olduğuna göre, Alan(ABCD) kaç $\text{cm}^2$ dir?
0b8a0f66-a4cb-572f-af77-fae811a53e02	Bilgi Sarmalı-2025-Tyt Ayt-Geometri Soru Bankası	46	7.	139	ok	valid_end_?	C]\perp[DC]$, $|AD|=9$ birim, $|BC|=13$ birim. Buna göre, $|DC|=x$ kaç birimdir?
0cd4d66d-f966-5869-bb29-4654b52f586e	Orijinal-2024-Geometri Soru Bankası	89	7.	157	ok	valid_end_?	3$ cm, $|BD|=6$ cm, $|DC|=4$ cm. Yukarıda verilenlere göre, $|AE|=x$ kaç cm'dir?
0d6adac4-2fe0-5e64-898c-f371fc226512	Bilgi Sarmalı-2022-2023-Tyt Ayt-Geometri Soru Bankası	230	7	468	ok	valid_end_?	il - I'deki ABF açısının ölçüsü derece cinsinden aşağıdakilerden hangisi olamaz?
0fe7d59c-4a83-554a-bcee-97392c616e78	Orijinal-2024-Geometri	19	Örnek 3	184	ok	valid_end_?	(1, -5)$ dir. Buna göre, $B$ köşesinin koordinatları aşağıdakilerden hangisidir?
108d59dd-7d89-5d7e-8cce-f756b634c351	Orijinal-2024-Geometri Soru Bankası	146	5	593	ok	valid_end_?	umlandığından 3,5 metre daha az uzattığına göre, duvarın kalınlığı kaç metredir?
12d7919b-a271-550a-8463-013a31726ec2	C1CELL-2024-TYT-AYT-Geometri Soru Bankası	206	7.	200	ok	valid_end_?	nin alanı $39 \text{ br}^2$ olduğuna göre, BCF üçgeninin alanı kaç birimkaredir?
f2a666e1-ec75-5efa-aaad-73f20148da05	Esen Tyt Tarih Soru Bankası	22	6.	117	ok	valid_end_?	in araştırmalarında dikkat etmesi gereken hususlardan hangisine vurgu yapmıştır?
1445126c-2b77-5b6c-9105-8705ba508d1b	2020-2021-Acil-Tyt Ayt Geometrinin ilacı Soru Bankası	38	7	142	ok	valid_end_?	|=|CD|$, $|AB|=2$ birim, $|AE|=6$ birim. Buna göre, şeklin çevresi kaç birimdir?
1690bf8f-2ba6-53fe-adb1-cf38a9aacc26	Bilgi Sarmalı-2023-2024-Tyt Ayt-Geometri Soru Bankası	60	7	154	ok	valid_end_?	dehat{BAC})=30^\circ$. Yukarıdaki verilere göre, $|FD|+|DE|$ toplamı kaç cm'dir?
16fa62d7-e1f2-56d9-952c-a86b2040d021	Orijinal-2024-Geometri Soru Bankası	176	7.	137	ok	valid_end_?	 = |ED| = 5$ cm, $|AE| = 4$ cm. Yukarıdaki verilere göre, $|AB| = x$ kaç cm'dir?
183c4f82-6921-593e-b89c-684b661996c4	2020-2021-Acil-Tyt Ayt Geometrinin ilacı Soru Bankası	60	7	98	ok	valid_end_?	$DE \perp BC$ $|BD| = 12$ birim $|AD| = 4$ birim Buna göre, $|EC|$ kaç birimdir?
18dcc2e4-91b1-51f0-8874-67d096280735	345 2025 Tyt Ayt Geometri Soru Bankası 1	269	6	153	ok	valid_end_?	2$ cm, $|AB|=5$ cm, $|FC|=6$ cm, $|DC|=9$ cm olduğuna göre, $|EG|=x$ kaç cm'dir?
18feb5ae-1c91-56a9-9163-ffd8c72020d4	345 2025 Tyt Ayt Geometri Soru Bankası 1	25	6.	153	ok	valid_end_?	D}) = 25^\circ$, $|AE| = |ED|$ olduğuna göre, $m(\text{EBD}) = x$ kaç derecedir?
1ade9c73-f83e-51c6-87a9-b4c1938861f6	Bilgi Sarmalı-2022-2023-Tyt Ayt-Geometri Soru Bankası	62	7	126	ok	valid_end_?	[AB]$, $|DF|=6\sqrt{3}$ birim, $|CE|=4$ birim. Buna göre, $|DB|=x$ kaç birimdir?
1ae70556-1860-58b3-a498-92e006b62329	Bilgi Sarmalı-2022-2023-Tyt Ayt-Geometri Soru Bankası	102	7	134	ok	valid_end_?	, $[AC] = 8$ cm, $[CE] = 2$ cm. Yukarıdaki verilere göre, $|DB| = x$ kaç cm'dir?
1cc381e8-3ccf-53b2-bab7-0ed4ce688bca	2020-2021-Acil-Tyt Ayt Geometrinin ilacı Soru Bankası	54	7	97	ok	valid_end_?	en, $|AB|=|AC|$, $|BD|=7$ birim, $|DC|=9$ birim. Buna göre, $|AD|$ kaç birimdir?
1ceb59a0-2913-58b9-a80e-b41ecfc9d2a0	345 Tyt Ayt Geometri Soru Bankası	283	5.	105	ok	valid_end_?	 EC$, $|BE|=|EC|$, $|AD|=10$ cm olduğuna göre, Alan(ABCD) kaç $\text{cm}^2$ dir?
1d231bd3-c105-58f2-82e3-01624e018914	Orijinal-2024-Geometri Soru Bankası	29	7	129	ok	valid_end_?	 $DH = 6$ cm $BD = |DC| = 8$ cm Yukarıdaki verilere göre, $|AH| = x$ kaç cm'dir?
1d418334-406c-56f2-a687-9a4d17b9735b	C1CELL-2024-TYT-AYT-Geometri Soru Bankası	245	7	211	ok	valid_end_?	ı bölgelerin alanları farkı $30 \text{ br}^2$ olduğuna göre, Ç(ABCD) kaç br'dir?
6d747219-e052-53c6-9713-cefc18749900	Esen Tyt Ayt Geometri Soru Bankası	11	10	220	ok	valid_end_?	kaynağı veriliyor. A, B, C ışınlarından hangileri X noktasından gelmiş olabilir?
1e41c940-0b30-5749-8a71-33b0a3c7522d	ACİL-TYT-AYT-Geometri Soru Bankası	340	5	207	ok	valid_end_?	 verilmiştir. $|AB|=1$ ve $K(20,0)$ olduğuna göre, M noktasının ordinatı kaçtır?
00819130-c9d0-5a5b-b87c-30701cf78ad1	Full Matematik-2022-2023-Tyt Ayt-Geometri Soru Bankası	9	6	413	ok	valid_end_?	den sonra oluşan üç kâğıdın, köşelerindeki en büyük açının ölçüsü kaç derecedir?
2550580e-ba61-5f30-85fb-022d6500d44f	345 Tyt Ayt Geometri Soru Bankası	62	9.	98	ok	valid_end_?	 $m(\text{DBC}) = 15^\circ$, $|AD| = 2$ cm olduğuna göre, $|DC| = x$ kaç cm'dir?
aac95eb3-87aa-5a52-b855-31b4cd6da9b9	Esen Tyt FizikSoru Bankası	42	6	170	ok	valid_end_?	ştir. Buna göre hangi sistemlerin yaptığı hareket türleri doğru işaretlenmiştir?
c803a103-f7eb-5436-b89a-a21955311a4a	Esen Tyt FizikSoru Bankası	224	6	548	ok	valid_end_?	III. K noktası, çukur engelin odak noktasıdır. yargılarından hangileri doğrudur?
2b82e650-a209-528e-b709-8cb824f363fc	345 2025 Tyt Ayt Geometri Soru Bankası 1	254	Örnek Soru	79	ok	valid_end_?	ABCD dik yamuk, $[AC] \perp [BD]$. Şekilde verilenlere göre, $|DC| = x$ kaçtır?
2c8835a5-3d8f-5a15-9258-d436dbfe28ba	2020-2021-Acil-Tyt Ayt Geometrinin ilacı Soru Bankası	112	7	130	ok	valid_end_?	irc$, $m(\widehat{ABC})=124^\circ$. Buna göre, $m(\widehat{ADC})$ kaç derecedir?
2d73798a-3ef6-594f-95c3-5845350bbf10	345 Tyt Ayt Geometri Soru Bankası	127	7.	147	ok	valid_end_?	}$ $EC = \sqrt{2}$ cm $|AB| = |AC| = 3$ cm olduğuna göre, $|DB| = x$ kaç cm'dir?
30a87057-85b1-596d-b5a1-fe80b9ef262a	Bilgi Sarmalı-2022-2023-Tyt Ayt-Geometri Soru Bankası	42	7	184	ok	valid_end_?	circ}$, $|AE| = 6$ birim, $|BD| = 25$ birim. Buna göre, $|CD| = x$ kaç birimdir?
08651162-b87f-5a60-b7d8-7e9f9181c0f5	Bilgi Sarmalı-2022-2023-Tyt Ayt-Geometri Soru Bankası	104	8	129	ok	valid_end_?	 = \{F\}$, $|BF| = 3|FE|$, $|AE| = 4$ birim. Buna göre, $|EC| = x$ kaç birimdir?
337ce485-61c5-5fa3-968a-a4a6b0256648	C1CELL-2024-TYT-AYT-Geometri Soru Bankası	398	6	519	ok	valid_end_?	rc$ döndürme, x ekseninde öteleme dönüşümlerinden hangileri uygulanmış olabilir?
33ce411b-1bbe-57eb-914c-5e757cb74f79	2023-2024-ACİL-TYT-AYT-Geometrinin İlacı	60	7	98	ok	valid_end_?	 $DE \perp BC$, $|BE|=12$ birim, $|AD|=4$ birim. Buna göre, $|EC|$ kaç birimdir?
1ad442ae-7bd0-5300-a5e8-c3597a22c0a0	Esen Yks Motivasyon Fizik Testleri	145	6	274	ok	valid_end_?	t ediyor. Buna göre, aşağıdaki karşılaştırmalardan hangisi kesinlikle yanlıştır?
3ee75e55-afc0-5591-9d59-41c633dcf4fd	Esen Tyt Ayt Geometri Soru Bankası	241	10.	328	ok	valid_end_?	, tabanın ağırlık merkezi olan O noktasının yer düzlemine uzaklığı kaç birimdir?
0b7a3d62-e0ad-5b04-98a0-0d4f9fe1e944	Orijinal-2024-Geometri Soru Bankası	93	8.	157	ok	valid_end_?	$|DC| = 5$ cm, $|BK| = 14$ cm. Yukarıda verilenlere göre, $|BD| = x$ kaç cm'dir?
3c44e729-0dc8-595a-8896-d17e67a14252	345 Tyt Ayt Geometri Soru Bankası	57	10	104	ok	valid_end_?	 EC $|FD| = |DC|$ $|EA| = 9$ cm $|FC| = 11$ cm olduğuna göre, $|AB|$ kaç cm'dir?
0bb80b4d-1a41-5dab-a843-32d8edf8d753	Orijinal-Tyt Ayt Geometri Soru Bankası	176	8.	163	ok	valid_end_?	$|BN|=4$ cm, $|NC|=9$ cm. Yukarıda verilenlere göre, Alan$(HKD)$ kaç $cm^2$ dir?
3db17614-a30a-54cc-9c08-bbb53c83ac27	Mikro-2024-Tyt Ayt-Geometri Soru Bankası	267	9	88	ok	valid_end_?	üzgün altıgen $|AH|=1$ cm $|HB|=3$ cm olduğuna göre, $|EH|=x$ kaç santimetredir?
94a49e4a-514a-5ced-b6a5-1e6b682b20c9	Esen Tyt Kimya Soru Bankası	64	8	209	ok	valid_end_?	ağlarda kısmi negatif $(\delta^-)$ ve kısmi pozitif $(\delta^+)$ özellik yoktur?
443cf18e-31c4-5b1f-aa7c-b36cc3e4bb44	Full Matematik-2019-2020-Geometri Soru Bankası	13	7.	119	ok	valid_end_?	(\text{EAD})=40^\circ$. Yukarıdaki verilere göre, $m(\text{BAC})$ kaç derecedir?
7c6d4b63-7c52-5e4e-b2c1-266f098b3eb0	Esen Tyt Kimya Soru Bankası	72	6	258	ok	valid_end_?	lemektedir. Buna göre, bu öğrencinin yaptığı işaretlemelerden hangisi hatalıdır?
46d670c9-d808-5ac6-bde1-7d340e396293	345 Tyt Ayt Geometri Soru Bankası	427	7	98	ok	valid_end_?	n, $CF \perp BD$, $|DH| = |EH|$, $|FH| = 4$ cm olduğuna göre, $|BD|$ kaç cm'dir?
475e98ad-4983-538e-adc6-4bd7bd4fea1d	Bilgi Sarmalı-2023-2024-Tyt Ayt-Geometri Soru Bankası	42	7.	182	ok	valid_end_?	\circ$, $|AE| = 6$ birim, $|BD| = 25$ birim. Buna göre, $|CD| = x$ kaç birimdir?
47f3c3b5-e5f7-59e1-abc8-d97d4a1e0955	Mikro-2024-Tyt Ayt-Geometri Soru Bankası	316	7	149	ok	valid_end_?	 cm, $|AF|=5$ cm, $|DF|=5$ cm olduğuna göre, Alan$(ABCD)$ kaç santimetrekaredir?
4a5834a8-b3cb-58f4-bc87-20ceb37ae34f	Bilgi Sarmalı-2022-2023-Tyt Ayt-Geometri Soru Bankası	60	7	156	ok	valid_end_?	hat{BAC})=30^{\circ}$. Yukarıdaki verilere göre, $|FD|+|DE|$ toplamı kaç cm'dir?
10ceda2c-3daa-5d43-9eb7-2b7e3db23cfa	Orijinal-2024-Geometri Soru Bankası	198	12	168	ok	valid_end_?	D})$, $|BH|=1$ cm. Yukarıdaki verilere göre, Alan$(ABCD)$ kaç $\text{cm}^2$ dir?
4d2432c7-67ca-5b5f-8178-2635365ae36b	Full Matematik-2019-2020-Geometri Soru Bankası	85	7.	269	ok	valid_end_?	 paralel, $|AB|=6$ m ve $|BC|=42$ m olduğuna göre, kulenin uzunluğunu kaç m dir?
118f6da4-1a49-54be-b99a-357cd27cc419	C1CELL-2024-TYT-AYT-Geometri Soru Bankası	61	8.	163	ok	valid_end_?	k veriliyor. $|BE|=3\sqrt{5}$ br, $|DF|=12$ br olduğuna göre, $|AB|$ kaç br'dir?
501db30e-3459-5656-9dab-b4195e26943e	Orijinal-Tyt Ayt Geometri Soru Bankası	198	7	148	ok	valid_end_?	|EC|=7$ cm. Yukarıda verilenlere göre, Alan($\Delta DEC$) kaç $\text{cm}^2$ dir?
57afaa79-53ee-5c98-aff6-061760ac12de	Mikro Orijinal-2025-Ayt-Geometri Soru Bankası	213	Örnek 5	76	ok	valid_end_?	ABCD eşkenar dörtgen, $[AC]$ köşegen. Verilenlere göre, $|BC|=x$ kaç cm'dir?
846a5fae-23a0-5ab0-b19d-24ed094581a3	Esen Yks Motivasyon Fizik Testleri	101	7	404	ok	valid_end_)	lir? (Isı alışverişinin sadece K ve L maddeleri arasında olduğu düşünülecektir.)
5bcaeb2a-7c58-5fa4-ad0e-e2f7a8f25763	2023-2024-ACİL-TYT-AYT-Geometrinin İlacı	130	7.	135	ok	valid_end_?	O| = 9$ birim, $|OL| = 11$ birim, $|MO| = |ON|$. Buna göre, $|ON|$ kaç birimdir?
5cce3dcb-f501-5397-89e7-fac3a931f2bd	Mikro-2024-Tyt Ayt-Geometri Soru Bankası	229	7	146	ok	valid_end_?	|=9$ cm $|AD|=7$ cm $|DC|=3$ cm olduğuna göre, Alan(ABCD) kaç santimetrekaredir?
5de8fb3a-1c4d-5e77-b91f-27c895f92466	Bilgi Sarmalı-Tyt Ayt-Geometri Soru Bankası	62	7	132	ok	valid_end_?	 $[DF] = 6\sqrt{3}$ birim, $[CE] = 4$ birim. Buna göre, $[DB] = x$ kaç birimdir?
6081972c-5d6c-52b2-817e-faf837ca522c	Orijinal-2024-Geometri Soru Bankası	168	7.	164	ok	valid_end_?	C}) = 140^ ext{o}$. Yukarıdaki verilere göre, AEC açısının ölçüsü kaç derecedir?
61ecbbd1-1514-5745-9dad-3ae81da096eb	Mikro Orijinal-2025-Ayt-Geometri Soru Bankası	86	7.	114	ok	valid_end_?	F \perp BC$ $|CD| = 5$ cm $|AE| = 4$ cm Verilenlere göre, $|BF| = x$ kaç cm'dir?
043484e0-c466-5d07-8b88-d1aabc1d8114	Esen Tyt Cografya Soru Bankası	220	7	56	ok	valid_end_?	Grafiğe göre, aşağıdaki yargılardan hangisine varılamaz?
63f2a385-54e1-508e-91c5-b03c19d920ef	Bilgi Sarmalı-Tyt Ayt-Geometri Soru Bankası	134	6.	144	ok	valid_end_?	lan$(ABC)=S_2$ cm$^2$. Yukarıdaki verilere göre, $\frac{S_1}{S_2}$ oranı kaçtır?
5aec1ef9-4704-54ad-90b5-ac4e4bee79d2	Fizipedia Ayt Fizik Soru Bankası 2025	148	6	287	ok	valid_end_?	er birer kaldıraç sistemi ile eşleştirilirse aşağıdakilerden hangisi doğru olur?
93c289d4-24fd-5a02-a34c-2e21df29c1a6	Esen Tyt Kimya Soru Bankası	16	7	172	ok	valid_end_?	mark$" ile işaretlenmiştir. Buna göre, hangisinde yanlış işaretleme yapılmıştır?
33bb80ad-33f1-5f40-b283-6f6eddb7ae61	Esen Tyt Kimya Soru Bankası	18	6	158	ok	valid_end_?	ilmiştir. Buna göre, sorulardan hangisinin cevabı karşısında yanlış verilmiştir?
da36b46d-f085-543d-940d-ac4f2829aab7	Esen Tyt Kimya Soru Bankası	18	8	175	ok	valid_end_?	/$" işareti kullanılmıştır. Buna göre, hangisinde yanlış işaretleme yapılmıştır?
6a526304-5073-59cd-a772-1a649bf4ed63	345 2025 Tyt Ayt Geometri Soru Bankası 1	75	6.	148	ok	valid_end_?	 = 60^ ext{o}$ $|BF| = 2$ cm $|AE| = 4$ cm olduğuna göre, $|CD| = x$ kaç cm'dir?
1a20b780-ab47-53a8-848a-6104c016aa5f	345 2025 Tyt Ayt Geometri Soru Bankası 1	57	14.	137	ok	valid_end_?	|AC| = 17$ cm $|EC| = 6$ cm $|BE| = 24$ cm olduğuna göre, $|AD| = x$ kaç cm'dir?
7414bdcd-ebde-5798-83ab-a49a38dd3f6e	Orijinal-2024-Geometri Soru Bankası	91	7.	138	ok	valid_end_?	=4$ cm, $|BD|=5$ cm, $|DC|=7$ cm. Yukarıdaki verilere göre, $|EA|=x$ kaç cm'dir?
75eeecba-dd71-5319-9326-7b91e7d25cbb	345 Tyt Ayt Geometri Soru Bankası	75	6.	148	ok	valid_end_?	 = 60^ ext{o}$ $|BE| = 2$ cm $|AE| = 4$ cm olduğuna göre, $|CD| = x$ kaç cm'dir?
1d08c6cf-16d5-55b0-8ece-1bcbed01829e	Mikro-2024-Tyt Ayt-Geometri Soru Bankası	97	16	86	ok	valid_end_?	kenar üçgen, $|DC|=1$ cm, $|AB|=4$ cm olduğuna göre, $|AD|=x$ kaç santimetredir?
ae1df73d-847d-5f9b-ba81-f27c25f62587	Fizipedia Ayt Fizik Soru Bankası 2025	168	8	510	ok	valid_end_?	 U noktasına taşımak için yapılan iş sıfırdır. yargılarından hangileri doğrudur?
7713a321-5822-54bc-b84d-12f8fcc9e642	CAP-2022-2023-TYT AYT-Geometri Soru Bankası	165	6	158	ok	valid_end_?	] \perp [DC]$ ve $|KF| = 3$ cm'dir. Yukarıdaki verilere göre, $|AF|$ kaç cm dir?
d3626f19-2c0a-5740-a3b4-5fc3620ac362	Esen Tyt Kimya Soru Bankası	140	7	214	ok	valid_end_)	i yanlıştır? ($H=1 \ g/mol$, $N=14 \ g/mol$, $O=16 \ g/mol$, $N_A=6,02.10^{23}$)
7960fd26-c06b-5af1-8961-f01c9c676627	Bilgi Sarmalı-2022-2023-Tyt Ayt-Geometri Soru Bankası	350	7	156	ok	valid_end_?	(0, 4)$, $D(6, 0)$, $E(8, 0)$ Yukarıdaki verilere göre, $A(ABC)$ kaç $br^2$ dir?
5174c65c-8e69-5bcf-ba9c-089c7469062a	Esen Tyt Kimya Soru Bankası	148	8	180	ok	valid_end_?	uşturur. Buna göre tablodaki karışımlardan hangileri yanlış sınıflandırılmıştır?
604c4d92-669a-5943-8649-31c87100cf01	Fizipedia Ayt Fizik Soru Bankası 2025	274	8	341	ok	valid_end_)	rlerinin yönü hangisinde doğru verilmiştir? (Noktalar arası uzaklıklar eşittir.)
7c8b8da2-d921-5199-9f96-833756aac3c3	2023-2024-ACİL-TYT-AYT-Geometrinin İlacı	36	7	92	ok	valid_end_?	|AD|=|BD|=|DC|$, $|AC|=3$ birim, $|AB|=2$ birim. Buna göre, $|BC|$ kaç birimdir?
c8cc3130-8017-5b75-9416-d5ac1b620435	Esen Tyt Kimya Soru Bankası	206	7	198	ok	valid_end_?	 tabloda verilen yağların eldesi ile ilgili açık- lamalardan hangileri doğrudur?
275b19d6-eea1-571e-8ed2-3ba003ed0b47	Esen Tyt Kimya Soru Bankası	210	7.	110	ok	valid_end_?	li bazı bilgiler verilmiştir. Buna göre, şemadaki bilgilerden hangisi yanlıştır?
7f718e44-4d79-56a0-9d4f-b5f1e630d7d8	Bilgi Sarmalı-2025-Tyt Ayt-Geometri Soru Bankası	364	2020 / MSÜ	661	ok	valid_end_?	aktadır. Buna göre, Şekil 2'de A ve B noktaları arasındaki uzaklık kaç birimdir?
80ac7a65-0ed5-560a-ba87-9e359519b439	2020-2021-Acil-Tyt Ayt Geometrinin ilacı Soru Bankası	48	7	201	ok	valid_end_?	$m(\widehat{AEB}) = m(\widehat{BDC}) = 30^ ext{o}$ Buna göre, $|ED|$ kaç cm dir?
1f423e60-7950-5fc5-be18-7b52a590ca21	CAP-2022-2023-TYT AYT-Geometri Soru Bankası	25	8	151	ok	valid_end_?	. Yukarıdaki verilere göre, $|BC|=x$ in alacağı en büyük tam sayı değeri kaçtır?
87a73270-26f9-5c2b-a16e-eeb9446cd220	2023-2024-ACİL-TYT-AYT-Geometrinin İlacı	48	7	201	ok	valid_end_?	$m(\widehat{AEB}) = m(\widehat{BDC}) = 30^ ext{o}$ Buna göre, $|ED|$ kaç cm'dir?
20f3492a-d728-5da9-845e-efcf443e2cab	CAP-2022-2023-TYT AYT-Geometri Soru Bankası	33	10	133	ok	valid_end_?	$|AB|=3|AC|$ ve $|BC|=20$ cm dir. Yukarıdaki verilere göre, $|AH|=x$ kaç cm dir?
8b394f8b-4bfc-50f2-befa-2811a08667f5	Orijinal-Tyt Ayt Geometri Soru Bankası	200	9.	157	ok	valid_end_?	t{CBA}) = 45^\circ$, $|EC| = 8\sqrt{2}$ cm olduğuna göre, $|KC| = x$ kaç cm'dir?
8c1b27a0-659c-5c2f-92d9-4b42b57fd745	Bilgi Sarmalı-2025-Tyt Ayt-Geometri Soru Bankası	178	5	401	ok	valid_end_?	 maviye boyanıyor. Buna göre, oluşan mavi renkli bölgenin alanı kaç $cm^2$ olur?
92a68f8c-5018-5d9d-951f-ee5f2c068c97	345 2025 Tyt Ayt Geometri Soru Bankası 1	77	6	152	ok	valid_end_?	$ cm, $|AD| = 5\sqrt{2}$ cm, $|AB| = 6$ cm olduğuna göre, $|CD| = x$ kaç cm'dir?
986046f9-00f3-5c18-8bff-b6a1f2ddf167	Mikro Orijinal-2025-Ayt-Geometri Soru Bankası	213	Örnek 1	87	ok	valid_end_?	kenar dörtgeninde $[BD]$ ve $[AC]$ köşegen olduğuna göre, $|FB| = x$ kaç cm'dir?
9977a4c3-52f5-50cc-bc84-c5c87d3bf7cf	Orijinal-Tyt Ayt Geometri Soru Bankası	168	7	174	ok	valid_end_?	140^ ext{o}$'dir. Yukarıdaki verilere göre, $AEC$ açısının ölçüsü kaç derecedir?
47889951-5b5d-5b5f-afac-3863373302d9	Full Matematik-2022-2023-Tyt Ayt-Geometri Soru Bankası	33	9	570	ok	valid_end_?	ğına göre, Engin'in bulduğu sonuç ile doğru cevap arasındaki fark kaç derecedir?
a7beba2b-341d-5ce2-a324-77c63bf3e1f1	C1CELL-2024-TYT-AYT-Geometri Soru Bankası	202	7.	326	ok	valid_end_?	rçası $\widehat{BCD}$ açısını iki eşit açıya bölmektedir. Buna göre, $x$ kaçtır?
b01f79f1-77c5-5264-8ece-97c5e54eb4ea	345 2025 Tyt Ayt Geometri Soru Bankası 1	57	10.	111	ok	valid_end_?	D| = |GD| = |DC|$ $|EA| = 9$ cm $|FC| = 11$ cm olduğuna göre, $|AB|$ kaç cm'dir?
ca105380-de80-5d13-a720-7c1f19a48f35	Full Matematik-2019-2020-Geometri Soru Bankası	99	8.	142	ok	valid_end_?	. Yukarıdaki verilere göre, $A(\overset{\triangle}{ADC})$ kaç $\text{cm}^2$ dir?
b01204f7-0aaa-5ce4-8528-51ac242d1f51	Full Matematik-2019-2020-Geometri Soru Bankası	147	8.	117	ok	valid_end_?	=|LC|$ ve $A(ABCD)=32 cm^2$ olduğuna göre, boyalı bölgenin alanı kaç $cm^2$ dir?
bb5ed218-3646-53c1-bf01-397f9c5693dd	Mikro-2024-Tyt Ayt-Geometri Soru Bankası	85	3.	206	ok	valid_end_.	 cm}$. Yukarıdaki verilere göre, $|IEC| = x$'in kaç santimetre olduğunu bulunuz.
c5498483-a84c-5f3e-adec-740a48d2b288	CAP-2022-2023-TYT AYT-Geometri Soru Bankası	269	12	480	ok	valid_end_?	tasına doğru tekrar döndürülen daire, d doğrusuna kaç cm daha az temas etmiştir?
c70db902-4240-5e6e-bd21-0a07d34baa9b	Mikro Orijinal-2025-Ayt-Geometri Soru Bankası	49	Örnek 1	136	ok	valid_end_?	len dik üçgenlerin hangisinde uzunluğu verilmeyen kenar diğerlerinden farklıdır?
c9fe4c52-f747-50fc-a7bd-e6be603bba42	CAP-2022-2023-TYT AYT-Geometri Soru Bankası	383	5	387	ok	valid_end_?	n apsisi 2 olduğuna göre, B noktasının koordinatları aşağıdakilerden hangisidir?
1742d5b2-ef96-5955-8635-b0af6a9a5d13	Full Matematik-2019-2020-Geometri Soru Bankası	29	10	167	ok	valid_end_?	una göre, şekil 2 elde edilen A' ve C noktaları arasındaki uzaklık kaç birimdir?
bb56e453-ecb2-55a6-b03b-eb40b47deb37	Full Matematik-2019-2020-Geometri Soru Bankası	183	8.	140	ok	valid_end_?	= 65^\circ$ Yukarıdaki verilere göre, $m(\widehat{ABD}) = \alpha$ kaç derecedir?
cb3dce6d-4aeb-53c2-85bd-cb3dd6d97663	345 2025 Tyt Ayt Geometri Soru Bankası 1	63	14	138	ok	valid_end_?	| = 8\sqrt{3}$ cm $|EF| = 2\sqrt{3}$ cm olduğuna göre, $|FC| - |CD|$ kaç cm'dir?
cb5c2204-f72b-5533-bbcf-20c41ae892e6	Full Matematik-2019-2020-Geometri Soru Bankası	77	7.	164	ok	valid_end_?	{3}$ cm, $|AD| = 4\sqrt{2}$ cm. Yukarıdaki verilere göre, $|DC| = x$ kaç cm dir?
f06c7b50-01eb-5895-9fe3-27223bac29b6	Full Matematik-2022-2023-Tyt Ayt-Geometri Soru Bankası	335	8	410	ok	valid_end_?	tası ile çakışmaktadır. Buna göre, $A'$ noktasının koordinatları çarpımı kaçtır?
d13e1c77-1a9c-5c4f-b04d-c51b9a7f7765	CAP-2022-2023-TYT AYT-Geometri Soru Bankası	212	8	276	ok	valid_end_?	 2\sqrt{3}$ cm olduğuna göre, A noktasının D noktasına olan uzaklığı kaç cm'dir?
2fb52485-2742-51f2-8c14-7b89ca366625	Orijinal-2024-Geometri Soru Bankası	101	11.	128	ok	valid_end_?	D|$, $|CD| = 10$ cm, $|AC| = 8$ cm. Yukarıdaki verilere göre, $|BC|$ kaç cm'dir?
d569532c-2ec0-54c8-b381-124539b3e4b4	Orijinal-Tyt Ayt Geometri Soru Bankası	93	7.	368	ok	valid_end_?	ehat{F}) = m(\widehat{C}) + m(\widehat{E})$ yukarıdakilerden hangileri doğrudur?
87b7034a-c55d-56bc-88e1-2212afd0a245	Full Matematik-2022-2023-Tyt-Matematik Soru Bankası	221	10	479	ok	valid_end_?	 120 TL ödediğine göre, Mehmet Bey'in malzeme maliyetine göre kârı yüzde kaçtır?
e4f18bf4-714c-52f1-a4dc-1cbf52aed497	Orijinal-Tyt Ayt Geometri Soru Bankası	29	7	129	ok	valid_end_?	 $DH = 6$ cm $BD = |DC| = 8$ cm Yukarıdaki verilere göre, $|AH| = x$ kaç cm'dir?
2662e716-b9fb-5a46-bfdc-688736eb4754	Full Matematik-2022-2023-Tyt-Matematik Soru Bankası	365	12	157	ok	valid_end_?	re$ içindeki denklemlerin kökleridir. Buna göre, $r-k$ ifadesinin değeri kaçtır?
ec92331c-7bd2-5806-b66d-ef252bab9ae8	2023-2024-ACİL-TYT-AYT Geometri Soru Bankası	40	9	313	ok	valid_end_?	ine paralel olduğuna göre, C'nin son halinin zemine uzaklığı en az kaç birimdir?
ee80f5f2-b310-5cf7-8739-10c2ecec841e	2023-2024-ACİL-TYT-AYT-Geometrinin İlacı	54	7	112	ok	valid_end_?	, $DA \perp AC$, $|BD|=7$ birim, $|DC|=9$ birim. Buna göre, $|AD|$ kaç birimdir?
3615f306-db1b-55d4-b0ef-fcfd231ed95c	Mikro-2024-Tyt Ayt-Geometri Soru Bankası	243	15.	127	ok	valid_end_?	2|BF|$ $|AD| = |AB|$ $|BC| = 18$ cm olduğuna göre, $|DE| = x$ kaç santimetredir?
dea90280-9618-56eb-995d-13694c2253c9	Esen Tyt Tarih Soru Bankası	172	8	245	ok	valid_end_?	iği cevaplara göre bu sorulardan alması gereken puan aşağıdakilerden hangisidir?
f3b0673e-281c-5202-84e3-652868c15bbc	Bilgi Sarmalı-Tyt Ayt-Geometri Soru Bankası	40	7.	126	ok	valid_end_?	 \perp [DC]$, $|AD|=9$ birim, $|BC|=13$ birim. Buna göre, $|DC|=x$ kaç birimdir?
f4dcd751-8641-55e7-becf-e5f701fcb06d	Bilgi Sarmalı-Tyt Ayt-Geometri Soru Bankası	202	6	164	ok	valid_end_?	D|$, $|KE| = 5$ cm, $|FC| = 18$ cm. Yukarıdaki verilere göre, $|BD|$ kaç cm'dir?
fcecca7f-038c-5648-ab8f-5661b035a98c	345 2025 Tyt Ayt Geometri Soru Bankası 1	62	9	117	ok	valid_end_?	^ ext{o}$ $|AD| = 2 \text{ cm}$ Yukarıdaki verilere göre, $|DC| = x$ kaç cm'dir?
fdfe4dd1-ffbd-58a1-8a6e-4be4b316d1da	2020-2021-Acil-Tyt Ayt Geometrinin ilacı Soru Bankası	40	7	130	ok	valid_end_?	irim, $|BD| = \sqrt{3}$ birim, $|DC| = 5$ birim. Buna göre, $|AC|$ kaç birimdir?
a1ab5c3e-9538-56f9-929c-e6a1126a1ec5	Full Matematik-Ayt-Matematik Soru Bankası	155	9	693	unclear	unknown_end_$	ası kaç metredir? $(\sin20^ ext{o} \approx 0,34$, $\sin80^ ext{o} \approx 0,98)$
03fff1e8-edfa-5b83-a71b-ea2848533444	Aktif Ogrenme 0 Baslayanlara Kimya 2019 2020	215	Örnek 11	354	ok	valid_end_?	 gram artar. III. Başlangıçta 7 gram Y vardır. yargılarından hangileri doğrudur?
22071325-1ed5-55c2-b5c4-5bf6922ceeed	Esen Yks Motivasyon Biyoloji	83	7	528	ok	valid_end_?	ntibiyotiğine göre daha etkili olmuştur. yargılarından hangilerine ulaşılabilir?
4250e5bf-1327-5cbc-9c0f-110edd806746	C1CELL-2024-TYT-AYT-Geometri Soru Bankası	202	9.	198	ok	valid_end_?	dehat{ABD}) = m(\widehat{ADC})$ olduğuna göre, $m(\widehat{ADB})$ kaç derecedir?
0583b6e9-ee2c-5fee-a76b-36508ec4f00a	Aktif Ogrenme 0 Baslayanlara Kimya 2019 2020	23	Soru 16a	79	ok	valid_end_?	Yukarıdaki laboratuvar malzemeleri ve adları hangisinin doğru eşleştirilmiştir?
ae0e2056-dcc9-52d5-9b9a-75ecfa564072	Full Matematik-Ayt-Matematik Soru Bankası	105	10	264	ok	valid_end_?	ki çizime göre, parabolik kısmı ifade eden fonksiyon aşağıdakilerden hangisidir?
09d3d7f9-c5db-5ae1-b603-978f9e5d4e07	Esen Yks Motivasyon Kimya Soru Bankası	65	7	344	ok	valid_end_.	n atom çapı Z'ninkinden büyüktür. E) Değerlik elektron sayıları $Z > Y > X$'tir.
4cacf9de-66bf-5a58-8ff6-1cf3c70a38be	Bilgi Sarmalı-2022-2023-Tyt Ayt-Geometri Soru Bankası	104	12	165	ok	valid_end_?	e$(ADE) = 18$ cm. Yukarıdaki verilere göre, BCED dörtgeninin çevresi kaç cm'dir?
0febf159-10c5-5fd4-b61f-1567a2664720	Apotemi 2020 2021 Modern Kimya	216	ÖRNEK 5	329	ok	valid_end_)	şağıdakilerden hangisi olabilir? ($Mol$ kütlesi: $C = 12$ g/mol, $O = 16$ g/mol)
56c981fc-5445-546f-87f9-e57756ca4a9a	Orijinal-2024-Geometri Soru Bankası	91	10.	133	ok	valid_end_?	=8$ cm, $|DC|=4$ cm, $|FC|=6$ cm. Yukarıdaki verilere göre, $|AE|=x$ kaç cm'dir?
744889a5-f8e9-5698-90fc-c41435cc309e	Esen Yks Motivasyon Fizik Testleri	59	7	262	ok	valid_end_?	 basınçlar $P_1$, $P_2$, $P_3$ olduğuna göre, bunlar arasındaki ilişki nasıldır?
596c9766-189c-5d22-958d-fe0da0607554	2023-2024-ACİL-TYT-AYT-Geometrinin İlacı	172	10	99	ok	valid_end_?	, EC köşegen, $|IEFI|=6$ birim, $|IEGI|=|IGA|$. Buna göre, $|FGI|$ kaç birimdir?
5a04d1b7-645b-5b1c-8c0a-e5ba6dc3cd68	ACİL-TYT-AYT-Geometri Soru Bankası	114	8	172	ok	valid_end_?	= x$ Yukarıdaki verilere göre, $x$'in alacağı kaç farklı tam sayı değeri vardır?
79b3412b-d792-5c8d-a325-868b01638093	Esen Yks Motivasyon Kimya Soru Bankası	109	8	695	ok	valid_end_?	uğunda B hâli elde edilebilir. Öğrencilerden hangisinin yaptığı yorum yanlıştır?
1603cf1b-6f8c-5a4b-9877-f1f9d543beb6	Apotemi 2020 2021 Modern Kimya	38	Örnek 3	223	cutoff	alphanumeric_end	circ = -0,76$ Volt $Cu^{2+}_{(suda)} + 2e^- \to Cu_{(k)}$ $E^\circ = +0,34$ Volt
64100c8e-bac2-5b64-ba76-e2bb1d1c08dd	Full Matematik-2019-2020-Geometri Soru Bankası	73	9.	116	ok	valid_end_?	, $|CE| = 5$ cm, $|AD| = 4$ cm. Yukarıdaki verilere göre, $|BC| = x$ kaç cm dir?
1b2a3365-3f80-534b-9e18-97b66b2ff3cc	Aktif Ogrenme Ayt Kimya 2019 2020	194	Soru: 30a	133	ok	valid_end_?	mol sayısı ve derişiminin değişimi aşağıdakilerden hangisinde doğru verilmiştir?
67964bca-af7a-5f6c-915c-1dcc9b7c6c01	Bilgi Sarmalı-2025-Tyt Ayt-Geometri Soru Bankası	204	7.	148	ok	valid_end_?	, $2|ED|=|BC|=2\sqrt{3}$ cm. Yukarıdaki verilere göre, $A(ABCD)$ kaç cm$^2$ dir?
1ccb4a5c-4066-554c-a904-34c3fe271a88	Aktif Ogrenme 0 Baslayanlara Kimya 2019 2020	346	Örnek: 2	193	ok	valid_end_?	nur. III. Y, X'e göre suda daha fazla köpürür. yargılarından hangileri doğrudur?
6c775afc-2905-52c4-a130-2c3e5e1a0bbb	Mikro Orijinal-Tyt Ayt-Geometri Soru Bankası 2	87	9	38	ok	valid_end_?	Verilenlere göre, $|AD|=x$ kaç cm'dir?
6d7089ca-4622-5393-9316-7f8e2de7fae1	C1CELL-2024-TYT-AYT-Geometri Soru Bankası	63	8.	178	ok	valid_end_?	DBC}) = 45^\circ$ olarak veriliyor. Buna göre, $\frac{|BC|}{|AD|}$ oranı kaçtır?
ac6c30d2-6ce5-521a-a6de-1c6ada52d901	Full Matematik-Tyt-Matematik Soru Bankası	61	10	243	ok	valid_end_?	 göre, sonucu tam okunamayan MCH testinin sonucu aşağıdakilerden hangisi olamaz?
7b978cf2-82c4-54ed-b9e7-4c8e8eea2596	Orijinal-2024-Geometri Soru Bankası	200	9	143	ok	valid_end_?	m(\text{CKB})=45^\circ$. $|EC|=8\sqrt{2}$ cm olduğuna göre, $|KC|=x$ kaç cm'dir?
283f8981-e526-5215-9e5e-51f887f44073	Bilgi Sarmal 2024 Ayt Kimya Sopru Bankasi	277	5	75	ok	valid_end_?	Sikloalkanlara ait yukarıdaki sistematik adlandırmalardan hangisi doğrudur?
8a4ea813-24bd-5c1d-9bcd-4be24d0303ff	345 Tyt Ayt Geometri Soru Bankası	127	10.	174	ok	valid_end_?	 cm $|AB| = 7$ cm A, H ve D noktaları doğrusal olduğuna göre, $|HF|$ kaç cm'dir?
2f632e9e-868b-5d20-a3e1-cc28d6cd2ad4	Esen Yks Motivasyon Kimya Soru Bankası	39	6	458	ok	valid_end_.	'nin kütle numarası 19'dur. E) X'in proton sayısı Z'nin nötron sayısına eşittir.
c0728102-adbd-58db-b50d-c81394a2d649	Fizipedia Ayt Fizik Soru Bankası 2025	308	7	225	ok	valid_end_?	ır. Buna göre İnci'nin hazırladığı panodaki dalgalar aşağıdakilerden hangisidir?
30147d50-1918-5d09-8319-f54e54ea71ee	Bilgi Sarmal 2025 Tyt Kimya Video Ders Kitabı	24	SIRA SENDE - 9	175	ok	valid_end_?	 izobardır. III. X ve Z tanecikleri izotoptur. ifadelerinden hangileri doğrudur?
90ee4b18-42ff-5457-adf0-cc9c87148622	2023-2024-ACİL-TYT-AYT-Geometrinin İlacı	172	11	109	ok	valid_end_?	F|=|FB|$, $|BGI|=|GFI|$, Çevre$(BCG)=18$ birim. Buna göre, $|AFI|$ kaç birimdir?
327d93a6-e36a-567d-842b-af5a4a9fc06c	Bilgi Sarmal 2025 Tyt Kimya Video Ders Kitabı	47	SIRA SENDE - 16	203	ok	valid_end_?	areti ile işaretlenmiştir. Buna göre yapılan işaretlemelerden hangisi yanlıştır?
4324246f-a8e4-59e8-b72f-8f0a41298249	Full Matematik-2019-2020-Geometri Soru Bankası	47	9.	163	ok	valid_end_?	 Yukarıdaki verilere göre, $x$ in alabileceği kaç farklı tam sayı değeri vardır?
fc4b38d6-86fb-5349-a1db-eaa156f911fe	Full Matematik-2019-2020-Geometri Soru Bankası	51	8	165	ok	valid_end_?	\text{ cm}$, $|AB|=10 \text{ cm}$ Yukarıdaki verilere göre, $|AD|=x$ kaç cm dir?
d0e940de-fa46-5bc3-b8f3-65a7b87cf2f6	Full Matematik-2019-2020-Geometri Soru Bankası	53	9.	147	ok	valid_end_?	rc}$, $|BD|=8$ cm, $5|CD|=3|BC|$. Yukarıdaki verilere göre, $|AD|=x$ kaç cm dir?
ed9fccbb-681b-54dd-a15f-1628df7581f6	Full Matematik-2019-2020-Geometri Soru Bankası	59	8.	135	ok	valid_end_?	AB| = 4$ cm, $|BC| = 5$ cm'dir. Yukarıdaki verilere göre, $|AC| = x$ kaç cm'dir?
639de7c4-cfc5-5930-a70b-7b37cb6621ee	Full Matematik-2019-2020-Geometri Soru Bankası	63	8.	133	ok	valid_end_?	, $|AG| = 4$ cm, $|DG| = 2$ cm. Yukarıdaki verilere göre, $|EC| = x$ kaç cm dir?
74696223-9a3b-5719-bab9-f7435fac6c52	Full Matematik-2019-2020-Geometri Soru Bankası	63	11.	155	ok	valid_end_?	noktası, ABC dik üçgeninin ağırlık merkezidir. Buna göre, $|GD| = x$ kaç cm dir?
8d51edec-d041-5961-a281-2ba8e5658690	Full Matematik-2019-2020-Geometri Soru Bankası	71	8.	164	ok	valid_end_?	{10}$ cm, $|DE|=8$ cm, $|DF|=2$ cm. Yukarıdaki verilere göre, $|AC|$ kaç cm dir?
713b78aa-1899-55cf-8ada-c071a1b4a16a	Full Matematik-2019-2020-Geometri Soru Bankası	71	9.	145	ok	valid_end_?	4$ cm, $|CD|=8$ cm, $|BD|=15$ cm. Yukarıdaki verilere göre, $|EC|=x$ kaç cm dir?
6ea581cc-de5a-54b4-b3c1-b4de2f217024	Full Matematik-2019-2020-Geometri Soru Bankası	73	10.	370	ok	valid_end_?	rıdaki verilere göre, DEF eşkenar üçgeni biçimindeki kağıdın çevresi kaç cm dir?
7ade312e-eb0e-5e76-9fe8-f1bc9265984b	Full Matematik-2019-2020-Geometri Soru Bankası	77	8.	183	ok	valid_end_?	$|EF| = 3$ cm ve $|EH| = 6$ cm. Yukarıdaki verilere göre, $|AD| = x$ kaç cm dir?
80ccaca0-e18f-5707-ad8e-a8b96aaf5f48	Full Matematik-2019-2020-Geometri Soru Bankası	77	9.	136	ok	valid_end_?	widehat{BCD})$, $|BC| = 12$ cm. Yukarıdaki verilere göre, $|BD| = x$ kaç cm dir?
2aba011b-f418-5365-ba17-62223b3cc94e	Full Matematik-2019-2020-Geometri Soru Bankası	81	9.	147	ok	valid_end_?	 = \frac{2}{3}$, $|AB| = 6$ cm. Yukarıdaki verilere göre, $|DE| = x$ kaç cm dir?
39adf7cb-200f-5d16-b6e3-624eb0b272ed	Aktif Ogrenme 0 Baslayanlara Kimya 2019 2020	20	Örnek 13	84	ok	valid_end_?	ıda verilen tehlike işaretlerinden hangisinin risk kategorisi doğru verilmiştir?
7f584376-8ee5-5e68-b594-90554ff93c38	Full Matematik-2019-2020-Geometri Soru Bankası	83	8.	123	ok	valid_end_?	ED|$. $|BD| = |DC|$, $|FE| = 3$ cm. Yukarıdaki verilere göre, $|AC|$ kaç cm dir?
f6e48f8c-da22-5357-b46b-7ca3f984764a	Full Matematik-2022-2023-Tyt Ayt-Geometri Soru Bankası	27	8	259	ok	valid_end_?	= 35^ ext{o}$ yukarıdaki verilere göre, $m(\text{EDC'}) = \alpha$ kaç derecedir?
fb715a24-0d5a-54b1-80f3-09e543567889	Full Matematik-2022-2023-Tyt Ayt-Geometri Soru Bankası	140	15	196	ok	valid_end_?	arıdaki verilere göre, boyalı bölgelerin alanları toplamı kaç $\text{cm}^2$ dir?
d41dbb53-5b4b-51b5-b9eb-953df02829d2	Full Matematik-2022-2023-Tyt Ayt-Geometri Soru Bankası	169	10	286	ok	valid_end_?	r. Buna göre, tavşan resminin kapladığı bölgenin çevresinin uzunluğu kaç cm dir?
608c04cb-e971-59e9-8b7d-afe6d6746c07	Full Matematik-2022-2023-Tyt Ayt-Geometri Soru Bankası	173	10	323	ok	valid_end_?	öre, eve benzer yapının yamuk biçimindeki çatısının alanı kaç $\text{cm}^2$ dir?
a51f30e1-62fc-54ca-bdbe-8ed4b47bc54f	345 2025 Tyt Ayt Geometri Soru Bankası 1	263	7.	137	ok	valid_end_?	oktasıdır. $|AD|=4\sqrt{5}$ cm, $|BC|=10$ cm olduğuna göre, $|EG|=x$ kaç cm'dir?
3ac5a095-0e43-59d4-8f07-2a85ea131b09	Apotemi 2020 2021 Modern Kimya	38	Örnek 2	289	ok	valid_end_?	ması işlemlerinden hangileri ayrı ayrı uygulandığında pilin gerilimi sıfır olur?
d34e5a8b-5abb-5087-9d5d-cc5e63bb32e7	Full Matematik-2022-2023-Tyt Ayt-Geometri Soru Bankası	293	9	436	ok	valid_end_?	esaplanıyor. Buna göre, özdeş prizmalardan birinin yüzey alanı kaç birimkaredir?
d748ba5a-9861-5afe-a69e-1426c7a8b7c8	Full Matematik-2022-2023-Tyt Ayt-Geometri Soru Bankası	325	9	232	ok	valid_end_?	lan EK doğrusu üzerindedir. Buna göre, ECOF dikdörtgeninin çevresi kaç birimdir?
bddb842b-b091-51cb-ab87-0d96fee3f2db	Full Matematik-2022-2023-Tyt-Matematik Soru Bankası	97	11	274	ok	valid_end_?	nümün elde edilebilmesi için $x$ in alabileceği en küçük tam sayı değeri kaçtır?
7de93582-6e73-54a4-afd5-d0dd8bc5b171	Full Matematik-2022-2023-Tyt-Matematik Soru Bankası	113	9	579	ok	valid_end_?	bir kâğıda not ediyor. Buna göre, Kenan'ın bulabileceği kaç farklı sonuç vardır?
3e66a71f-25bc-5a0c-af30-29d01ff36656	Aktif Ogrenme Ayt Kimya 2019 2020	159	Soru : 19b	137	ok	valid_end_?	ilen tepkimede katalizör kullanılırsa X, Y ve Z değerlerinden hangileri değişir?
acdc8c21-89c3-53d2-908a-da56b706cb89	345 2025 Tyt Ayt Geometri Soru Bankası 1	253	6.	216	ok	valid_end_?	ölgenin alanı $16 \text{ cm}^2$ olduğuna göre, Alan(ABCD) kaç $\text{cm}^2$ dir?
3fa0d303-e23d-566b-af58-d203c5f3c1b5	Apotemi 2020 2021 Modern Kimya	120	ÖRNEK 5	210	ok	valid_end_?	rimetil hekzandır. III. Doymuş hidrokarbondur. yargılarından hangileri doğrudur?
d22d4426-8167-5071-9b92-9e104c68acec	Fizipedia Tyt Fizik Soru Bankası 2025	330	6	332	ok	valid_end_?	ın ışığı kırma indislerinin sütun grafiği aşağıdakilerden hangisi gibi olabilir?
321dcc06-26e7-5494-9063-3aaf84b3801e	Full Matematik-2019-2020-Geometri Soru Bankası	89	8.	234	ok	valid_end_?	|AB|=6$ birim, $|AD|=2$ birim. Yukarıdaki verilere göre, $|DB'|=x$ kaç birimdir?
5e284289-e17b-5bc9-95f9-b06d4769924f	Full Matematik-2019-2020-Geometri Soru Bankası	99	9.	159	ok	valid_end_?	. Yukarıdaki verilere göre, $A(\overset{\triangle}{ABC})$ kaç $\text{cm}^2$ dir?
874b0250-544d-56d3-bd4f-c14974ca9bbd	Full Matematik-2019-2020-Geometri Soru Bankası	101	9.	157	ok	valid_end_?	|AB|=6$ cm dir. Yukarıdaki verilere göre, $A(\text{ABK})$ kaç $\text{cm}^2$ dir?
ac7d2149-3c9a-579d-b9e7-90473d9db0aa	Full Matematik-2019-2020-Geometri Soru Bankası	107	9.	162	ok	valid_end_?	, $|DC| = 9$ cm, $|AC| = 12$ cm Yukarıdaki verilere göre, $|EH| = x$ kaç cm dir?
43d13672-c791-5472-bb62-96831dd3f547	Full Matematik-2019-2020-Geometri Soru Bankası	111	9.	176	ok	valid_end_?	=18 \text{ cm}^2$ dir. Yukarıdaki verilere göre, $A(ABD)$ kaç $\text{cm}^2$ dir?
d8164219-8866-512b-8e2c-b6b248130746	Full Matematik-2019-2020-Geometri Soru Bankası	125	8	142	ok	valid_end_?	{C}) = 70^\circ$. Yukarıdaki verilere göre, $m(\hat{F}) = \alpha$ kaç derecedir?
31330525-9041-5e0d-9fbc-36ae6637379c	Full Matematik-2019-2020-Geometri Soru Bankası	131	8.	170	ok	valid_end_?	circ}$, $|DC|=7$ cm, $|AD|=4$ cm. Yukarıdaki verilere göre, $|BC|=x$ kaç cm dir?
87e05093-fdf2-5531-90ab-0abc7718b7d0	Full Matematik-2019-2020-Geometri Soru Bankası	131	9.	177	ok	valid_end_?	6$ cm, $|DC|=8$ cm, $|BC|=14$ cm. Yukarıdaki verilere göre, $|EF|=x$ kaç cm dir?
f22ce093-d25b-5b03-a734-a30766c68052	Full Matematik-2019-2020-Geometri Soru Bankası	135	9.	144	ok	valid_end_?	CEB}) = 28^{\circ}$. Yukarıdaki verilere göre, $m(\widehat{DBE})$ kaç derecedir?
27ce21b6-cd69-52df-8d6b-077288731698	Full Matematik-2019-2020-Geometri Soru Bankası	145	8.	165	ok	valid_end_?	$ cm ve $|AB|=11$ cm. Yukarıdaki verilere göre, $A(ABCD)$ kaç $\text{cm}^2$ dir?
63653aef-dfd6-5022-b67a-ee731099da41	Full Matematik-2019-2020-Geometri Soru Bankası	145	9.	155	ok	valid_end_?	m, $|EC|=8$ cm ve $|DC|=10$ cm. Yukarıdaki verilere göre, $|AD|$ = x kaç cm dir?
026d9038-b6d5-5286-965e-24ecc3246104	Full Matematik-2019-2020-Geometri Soru Bankası	147	9.	163	ok	valid_end_?	FC|$ ve boyalı bölgenin alanı $12 cm^2$ olduğuna göre, $A(ABCD)$ kaç $cm^2$ dir?
0ad79826-c0d8-5e45-8a22-501431ae90bf	Full Matematik-2022-2023-Tyt Ayt-Geometri Soru Bankası	37	9	311	ok	valid_end_?	edilen $A'$ noktası ile başlangıçtaki C noktası arasındaki uzaklık kaç birimdir?
3ef45849-4371-5239-a322-13924a00a6c9	Full Matematik-2022-2023-Tyt Ayt-Geometri Soru Bankası	39	7	288	ok	valid_end_?	. Buna göre, şekil 2 deki katlanmış haldeki kağıt için $[AD'] = x$ kaç birimdir?
f131338b-9d05-5f39-83e9-d1685a8ac163	Full Matematik-2022-2023-Tyt Ayt-Geometri Soru Bankası	65	8	269	ok	valid_end_?	gibi katlanıyor. Şekil 2'de $BD \perp DA'$ olduğuna göre, $|AB|=x$ kaç birimdir?
952e84e9-49d4-540d-9efe-3e8ada4144b7	Full Matematik-2022-2023-Tyt Ayt-Geometri Soru Bankası	237	9	409	ok	valid_end_?	, başlangıçtaki mavi kartonun yarıçapının sarı kartonun yarıçapına oranı kaçtır?
c4a97bc7-6cfe-5274-b0ae-2dae51b4c558	Full Matematik-2022-2023-Tyt Ayt-Geometri Soru Bankası	257	9	367	ok	valid_end_?	ortak elemanları olmaktadır. $|BE| = 6$ cm olduğuna göre, $|AD| = x$ kaç cm dir?
8c2f5083-5637-53d2-9375-363eb4d40c7c	Full Matematik-2022-2023-Tyt-Matematik Soru Bankası	31	10	343	ok	valid_end_?	d{4}}{\boxed{7}}$ bölümünün değerini gösteren sembol aşağıdakilerden hangisidir?
280b55cc-27cb-57ed-a783-6c493dfd2cae	Full Matematik-2022-2023-Tyt-Matematik Soru Bankası	33	9	146	ok	valid_end_?	$, $AA$ ve $BB$ iki basamaklı sayılar için, olduğuna göre, $A-B$ çarpımı kaçtır?
bb3347fb-12d3-51b9-8103-7065ea6f9a73	Orijinal-2024-Geometri Soru Bankası	198	10	182	ok	valid_end_?	, $|BD|=18$ cm. Yukarıda verilenlere göre, eşkenar dörtgenin çevresi kaç cm'dir?
4b161116-e1c4-5114-8f77-c8eab1c06026	Esen Tyt Kimya Soru Bankası	54	6	238	ok	valid_end_?	una göre, X ve Y elementleri ile ilgili aşağıdaki ifadelerden hangisi yanlıştır?
37555dee-5e72-5fa6-8e54-c36e4057c4f4	Full Matematik-2022-2023-Tyt-Matematik Soru Bankası	85	7	617	ok	valid_end_?	klığı 308 K olarak ölçüldüğüne göre, aynı maddenin sıcaklığı kaç Fahrenheit'tir?
dec10dac-30b7-5e08-90f8-07cdbda1c81f	Full Matematik-2022-2023-Tyt-Matematik Soru Bankası	251	9	265	ok	valid_end_?	na göre, $(p \Rightarrow q) \lor r'$ önermesi aşağıdakilerden hangisine denktir?
4dff6a6b-47e3-5b25-88a2-70a126685ac3	Apotemi 2020 2021 Modern Kimya	236	Örnek 2	170	ok	valid_end_?	 göre adı formik asittir. III. İndirgenebilir. yargılarından hangileri doğrudur?
d6236905-0dcc-5c0b-9d4b-2dc81bd25169	Fizipedia Tyt Fizik Soru Bankası 2025	46	5	196	ok	valid_end_?	ildeki gibi olan araçların konum-zaman grafiği aşağıdakilerden hangisi olabilir?
c47480a1-0dfb-5f3f-8362-ff903efa28cd	Orijinal-2024-Geometri Soru Bankası	69	9.	165	ok	valid_end_?	 $|ED| = 4$ cm, $|DC| = 10$ cm. Yukarıdaki verilere göre, $|AB| = x$ kaç cm'dir?
c4966ecc-5d5d-5996-9ec1-79ceda6abb38	Mikro-2024-Tyt Ayt-Geometri Soru Bankası	241	12	110	ok	valid_end_?	riangle ABE$) $=9 \text{ cm}^2$ olduğuna göre, Alan(ABCD) kaç santimetrekaredir?
52610734-4b55-56cd-8344-9ca9d9414852	Bilgi Sarmal 2024 Ayt Kimya Sopru Bankasi	145	6	339	ok	valid_end_?	 $TH = k \cdot [N_2] \cdot [O_2]$ şeklindedir. yargılarından hangileri doğrudur?
5eb51a0a-30f3-5114-9b1c-10acf75a6fb9	Full Matematik-2019-2020-Geometri Soru Bankası	13	9.	134	ok	valid_end_?	text{BCD})=20^\circ$. Yukarıdaki verilere göre, $m(\text{ABC})=x$ kaç derecedir?
5f7b9e96-aa17-5b6e-8cc7-c60bc8d68c89	Full Matematik-2019-2020-Geometri Soru Bankası	13	10.	129	ok	valid_end_?	ACD})=80^\circ$. Yukarıdaki verilere göre, $m(\text{ABC})=\alpha$ kaç derecedir?
dca850d5-abfd-529d-ae92-2780b754a459	Full Matematik-2019-2020-Geometri Soru Bankası	17	8.	147	ok	valid_end_?	 65^\circ$. Yukarıdaki verilere göre, $m(\widehat{ABC}) = \alpha$ kaç derecedir?
16477c12-0ff8-5346-a0a7-51c934a195ad	Full Matematik-2019-2020-Geometri Soru Bankası	17	9.	141	ok	valid_end_?	140^\circ$. Yukarıdaki verilere göre, $m(\widehat{BAC}) = \alpha$ kaç derecedir?
2e6437d2-74e0-5975-8f90-128b946a439c	Full Matematik-2019-2020-Geometri Soru Bankası	21	8.	125	ok	valid_end_?	 $|BE|=|EC|$. Yukarıdaki verilere göre, $m(\widehat{CDE})=\alpha$ kaç derecedir?
6d19e2f3-8dae-5c2d-b2fd-f33a91333d2b	Full Matematik-2019-2020-Geometri Soru Bankası	25	8.	178	ok	valid_end_?	0^{\circ}$. Yukarıdaki verilere göre, $m(\widehat{AED}) = \alpha$ kaç derecedir?
98e6cf14-575f-5015-a401-45708c7c10b4	Full Matematik-2019-2020-Geometri Soru Bankası	181	10.	49	ok	valid_end_?	Yukarıdaki verilere göre, $\alpha$ değeri kaçtır?
ef729990-9bce-52ba-b67e-1e26b157ad66	Full Matematik-2019-2020-Geometri Soru Bankası	199	10.	141	ok	valid_end_?	olduğuna göre, ayçiçeğinin orta kısmındaki boyalı olmayan alan kaç birimkaredir?
70391e4b-faae-5936-92db-397e5e462f4f	Full Matematik-2022-2023-Tyt Ayt-Geometri Soru Bankası	107	7	198	ok	valid_end_?	rim, $|CD|=13$ birim Yukarıdaki verilere göre, $\frac{|AB|}{|BC|}$ oranı kaçtır?
97d5e8f1-cd24-58d9-9494-612af4aed5dd	Full Matematik-2022-2023-Tyt Ayt-Geometri Soru Bankası	193	9	171	ok	valid_end_?	AE) = 4 \text{ cm}^2$. Yukarıdaki verilere göre, $|EF| = x$ kaç $\text{cm}$ dir?
e757387a-f238-553c-8bc1-d405ed972605	Full Matematik-2022-2023-Tyt Ayt-Geometri Soru Bankası	197	9.	210	ok	valid_end_?	25 \text{ cm}^2$ dir. Yukarıdaki verilere göre, $A(ABCD)$ kaç $\text{cm}^2$ dir?
69826c54-e8a4-5c66-9ca6-5e4ea855deea	Full Matematik-2022-2023-Tyt Ayt-Geometri Soru Bankası	221	8	238	ok	valid_end_?	. Buna göre, Burcu'nun gemisinin şekilde görünen yüzünün alanı kaç birimkaredir?
84ef017b-e9be-5e6e-9d6e-f3fb2679315d	Full Matematik-2022-2023-Tyt Ayt-Geometri Soru Bankası	222	13	157	ok	valid_end_?	|EF|=12$ birim, $|AF|=8$ birim. Yukarıdaki verilere göre, $|DF|=x$ kaç birimdir?
48cad88b-d4a9-51cd-83d4-b6f27b897696	Full Matematik-2022-2023-Tyt Ayt-Geometri Soru Bankası	227	5	428	ok	valid_end_?	m(\widehat{ABC}) = 40^\circ$ olduğuna göre, $m(\widehat{AC})$ = x kaç derecedir?
cd824688-d190-52e4-ae76-4c3acb0ed704	Full Matematik-2022-2023-Tyt Ayt-Geometri Soru Bankası	335	10	229	ok	valid_end_?	zlemindeki $A(2,6 ext{/} ext{3})$ noktasının $x'Oy'$ düzlemindeki apsisi kaçtır?
62067cfa-7dbf-5692-97dd-2a966fbd8ca2	Full Matematik-2022-2023-Tyt-Matematik Soru Bankası	21	9	238	ok	valid_end_?	örüntüdeki tüm sayıların toplamının A türünden eşiti aşağıdakilerden hangisidir?
75f0f5ed-0e49-59fc-94c2-2ac743e7c63c	Full Matematik-2022-2023-Tyt-Matematik Soru Bankası	23	9	170	ok	valid_end_?	una göre, pembe boyalı sütunlarda bulunan koltukların numaraları toplamı kaçtır?
d667de95-1eac-5d9b-aa01-2141f840bab5	Orijinal-2024-Geometri Soru Bankası	89	10.	125	ok	valid_end_?	CB})$, $|AB|=3$ cm, $|AD|=2$ cm. Yukarıda verilenlere göre, $|DC|=x$ kaç cm'dir?
6dc41008-2adc-51b4-b93f-c2d348871e22	Full-2019-2020-Ayt-Matematik Soru Bankası	169	10	127	ok	valid_end_?	ştir. Buna göre, $\lim_{x\to 2} \frac{f(2x-1)}{f(5-x)}$ limitinin değeri kaçtır?
5c994438-959e-57d1-95cf-3b720a08c89e	Apotemi 2024 Ayt Kimya Soru Bankasi	219	7	72	ok	valid_end_?	Yukarıdaki molekül çiftlerinden hangilerinde cis - trans izomeri vardır?
d7698f0a-3cb0-56f4-b174-7f20c3464801	Orijinal-2024-Geometri Soru Bankası	156	11	118	ok	valid_end_?	en, $|KC| = 7$ cm, $|GK| = 17$ cm. Yukarıda verilenlere göre, $|EK|$ kaç cm'dir?
acf4fc92-36db-5a35-91e2-ccf6000a6e15	Full Matematik-2022-2023-Tyt-Matematik Soru Bankası	147	11	201	ok	valid_end_?	9 \text{ cm}^3$ ve $x-y=1 \text{ cm}$ olduğuna göre, $x \cdot y$ çarpımı kaçtır?
5fe413b2-f6e2-504d-b11b-e80e9a530def	Aktif Ogrenme Ayt Kimya 2019 2020	252	Örnek: 5	160	ok	valid_end_?	fazladır. Buna göre, yukarıdaki pil ile ilgili aşağıdakilerden hangisi doğrudur?
5bac9d22-feff-5d0d-a917-a217d3f80c08	Mikro Orijinal Tyt Fizik Soru Bankası 2025	180	7	384	ok	valid_end_?	 $\theta$ oluyor. Buna göre, aşağıdaki yargılardan hangisi kesinlikle yanlıştır?
e0683615-da97-5dd8-a517-b4c48b752fdd	CAP-2022-2023-TYT AYT-Geometri Soru Bankası	63	8	219	ok	valid_end_?	A})=48^\circ$ dir. Yukarıdaki verilere göre, $m(\widehat{ABD})=x$ kaç derecedir?
a99e285d-4659-5411-bc12-9dd5f5e43b31	Mikro Orijinal Tyt Fizik Soru Bankası 2025	200	7	413	ok	valid_end_?	 $\varepsilon_3$ arasındaki ilişki aşağıdakilerden hangisinde doğru verilmiştir?
e20e430a-4da1-55a4-9f92-5b25935bc625	Bilgi Sarmalı-2025-Tyt Ayt-Geometri Soru Bankası	68	12.	146	ok	valid_end_?	 4[AD]$, $[DE] = 3\sqrt{3}$ cm. Yukarıdaki verilere göre, $[EF] = x$ kaç cm'dir?
65a7d3d6-6388-56fa-9277-3a7d7636a103	Aktif Ogrenme Ayt Kimya 2019 2020	155	Örnek 16	226	ok	valid_end_?	eğeri $10^5$ tir. III. Tepkime mekanizmalıdır. yargılarından hangileri doğrudur?
e62e83ce-1964-57c4-a050-73a47af3c7c6	Orijinal-2024-Geometri Soru Bankası	89	8.	126	ok	valid_end_?	[BC]$, $|AD|=16$ cm, $|DB|=4$ cm. Yukarıdaki verilere göre, $|DH|=x$ kaç cm'dir?
68dd210c-6af8-5c98-936f-83e1b8567276	Apotemi 2020 2021 Modern Kimya	34	ÖRNEK 3	99	ok	valid_end_)	ektrokimyasal pilin $E_{pil}$ değeri kaç volttur? (0,0592 değerini 0,06 alınız.)
365fc748-a46a-57ff-9088-247bf83db3ed	Full Matematik-Ayt-Matematik Soru Bankası	15	12	378	ok	valid_end_?	x)$ polinomu yeşil boyalı bölgenin elemanıdır. $P(1)+Q(-1)+O(1)$ toplamı kaçtır?
626289ad-2bfe-5d75-98e0-4925eff1b3e7	Full Matematik-Ayt-Matematik Soru Bankası	31	12	195	ok	valid_end_?	çülüyor. Buna göre, 1. ölçümün yapıldığı cetveldeki m nin pozitif değeri kaçtır?
aa5cb3c9-46b2-54d8-bbbc-c9bc6acd1f50	Full Matematik-Ayt-Matematik Soru Bankası	249	11	318	ok	valid_end_?	x) = 3$. III. $\lim_{x \to 2^+} (gog)(x) = 2$. ifadelerinden hangileri doğrudur?
454cfc26-d751-519e-9be8-0c6b4c417326	Mikro Orijinal-2024-Ayt-Matematik Soru Bankası	128	8	303	ok	valid_end_?	) < h(c)$ koşulları sağlandığına göre aşağıdaki sıralamalardan hangisi doğrudur?
f736a6c2-3a10-5f5b-9704-d869d3f757da	Full Matematik-2022-2023-Tyt-Matematik Soru Bankası	279	7	392	ok	valid_end_?	tür. Buna göre, başlangıçta en kısa iki mumun uzunluklarının toplamı kaç cm'dir?
79e08d4e-df78-52bc-9716-2db6303639c9	Full Matematik-2022-2023-Tyt-Matematik Soru Bankası	281	7	355	ok	valid_end_?	 $K_A$, $K_B$ ve $K_C$ olduğuna göre, aşağıdaki sıralamalardan hangisi doğrudur?
e65b9267-8b34-55cf-9d84-451e99e3ae03	Full Matematik-Ayt-Matematik Soru Bankası	33	13	181	ok	valid_end_?	nden $|CD|$ ve $|BD|$ uzunluklarıdır. Buna göre, $|AD|+|BC|$ toplamı kaç cm'dir?
73b0ac23-6ad4-54ee-af63-71ee63620ee3	Bilgi Sarmal 2025 Tyt Kimya Video Ders Kitabı	30	SIRA SENDE - 8	103	ok	valid_end_?	tvelde belirtilen elementler ile ilgili aşağıdaki ifadelerden hangisi yanlıştır?
48da353a-c10c-5fdf-9be4-976450996c57	Full Matematik-Ayt-Matematik Soru Bankası	43	11	286	ok	valid_end_?	ibi bir kutu yapılıyor. Buna göre, $x$'in alabileceği değerlerin toplamı kaçtır?
7a03c972-729e-5fc6-bcb5-48410f2877d7	Aromat 2024 Ayt Fen Bilimleri Net 30	34	K KILAVUZ SORU	336	ok	valid_end_?	cdot 10^{-4} \text{ mol } X_2Y_3$ çözünmüştür. yargılarından hangileri doğrudur?
0ccfbcbd-34f7-5d8f-be4d-10a5918a4eff	Full Matematik-Ayt-Matematik Soru Bankası	139	11.	439	ok	valid_end_?	,6$ ve $\tan 42^\circ \approx 0,9$ olduğuna göre, araç kuyruğu kaç kilometredir?
7af2cc5b-dbeb-516e-826d-2b60e7099a49	Apotemi 2020 2021 Modern Kimya	27	ÖRNEK 1	116	ok	valid_end_?	cre potansiyelleri verilen Cd - Sn pilinin standart pil potansiyeli kaç Volttur?
33250ef2-a255-5113-9ae2-46b61c4e1744	Full Matematik-Ayt-Matematik Soru Bankası	151	10	167	ok	valid_end_?	öre, $\cos 88^\circ + \cos 173^\circ - \tan 183^\circ$ ifadesinin değeri kaçtır?
cb0da7b8-a29f-5a02-a089-6c241f74a8ed	Full Matematik-Ayt-Matematik Soru Bankası	163	11	193	ok	valid_end_?	$ birim, $|BC| = 5$ birim. Yukarıdaki verilere göre, $\cos\alpha$ değeri kaçtır?
812442b5-fea4-5261-a1ac-6aa9dbc530c9	Apotemi 2020 2021 Modern Kimya	20	Örnek 2	279	ok	valid_end_?	r. III. X metali $Y^{2+}$ iyonlarını indirger. yargılarından hangileri doğrudur?
4c5d4577-d7cd-5708-a441-ddc422edaae4	Full Matematik-Ayt-Matematik Soru Bankası	267	12	172	ok	valid_end_?	lere göre, $\lim_{x \to 1^+} \frac{A(KBCNO)}{A(OPRM)}$ ifadesinin değeri kaçtır?
9153c471-1f1e-58ab-a0f6-37d3657e5313	Full Matematik-2022-2023-Tyt-Matematik Soru Bankası	337	11	143	ok	valid_end_?	mayla tanımlanmıştır. Buna göre, $f(-2) + f(\frac{1}{3}) + f(4)$ toplamı kaçtır?
861090e7-2372-50ba-88c3-bc0e2e28c966	Apotemi 2020 2021 Modern Kimya	18	Örnek 3	232	ok	valid_end_)	eri doğrudur? (Elementlerin elektron verme istekleri: $Fe > H_2 > Cu > Ag > Au$)
322c82b2-0b45-5b0f-8337-3b8df634128f	Full Matematik-Ayt-Matematik Soru Bankası	125	7	229	ok	valid_end_?	(x) < 0$ III. $f(x) \cdot g(x) < 0$ eşitsizliklerinden hangileri daima doğrudur?
84e8bf22-cad6-505d-8d45-b422c8b8622d	Full Matematik-Ayt-Matematik Soru Bankası	139	8.	155	ok	valid_end_?	 $z \cdot \cos C + x \cdot \cos B$ ifadesinin değeri aşağıdakilerden hangisidir?
ab91d05c-bea9-540f-a249-eedaf9b22ee5	Full Matematik-Ayt-Matematik Soru Bankası	207	9	282	ok	valid_end_?	x) = \log_{\frac{1}{2}} (x)$ tir. III. $a-b=8$ ifadelerinden hangileri doğrudur?
ed53564f-687a-58e4-b5a7-610ecc46ca0d	Full Matematik-Ayt-Matematik Soru Bankası	213	12	244	ok	valid_end_?	de yerleştirildiğinde tüm eşitlikler sağlanmaktadır. Buna göre, A sayısı kaçtır?
8def2b77-985f-5ba9-9b35-62abaa49172d	Bilgi Sarmal 2024 Ayt Kimya Sopru Bankasi	351	7	96	ok	valid_end_?	 tepkime zincirinde elde edilen Z bileşiği hangi seçenekte doğru gösterilmiştir?
902ab4eb-dc09-5ac7-852f-745cfb4af933	Apotemi 2020 2021 Modern Kimya	192	ÖRNEK 1	140	ok	valid_end_?	II. $CH_3-O-CH-CH_3$ III. $CH_3-O-CH_2-CH_2-CH_3$ hangileri ile yapı izomeridir?
15d8c1f8-22fc-5b58-a3b1-d3f04d28b297	Mikro Orijinal-2024-Ayt-Matematik Soru Bankası	171	9	124	ok	valid_end_?	AD| = 2$ birim, $m(\text{EFC}) = \alpha$. Buna göre, $\tan\alpha$ değeri kaçtır?
c16ff632-4f7d-55a0-8edd-94013a08c069	Full Matematik-Tyt-Matematik Soru Bankası	215	9	164	ok	valid_end_?	g(1)=5-1=4$ $h(7)=7^2=49$ 'dur. Buna göre, $(foh)(0) + (gof)(2)$ toplamı kaçtır?
71dcbc44-556a-5848-84cb-dcc947f0f9d9	Full Matematik-Tyt-Matematik Soru Bankası	215	11	228	ok	valid_end_?	x) < 0 \text{ ise} \end{cases}$ Buna göre, $g(1)+g(6)$ toplamının değeri kaçtır?
8d93819d-2cc5-5977-add8-d3505d8dc1c2	Full Matematik-Tyt-Matematik Soru Bankası	223	11	191	ok	valid_end_?	e, $P(x)$ polinomunun $x-2$ ile bölümünden kalan $12$ olduğuna göre, $k$ kaçtır?
5f2aa2b8-119a-5084-8cf2-46cfa654b5ce	Full Matematik-Tyt-Matematik Soru Bankası	223	12	231	ok	valid_end_?	x) = a-b$ olduğuna göre, $P(x+1)$ polinomunun $x-1$ ile bölümünden kalan kaçtır?
adbcf62b-0bae-5736-812c-e78b1a4a2b9d	Full Matematik-Tyt-Matematik Soru Bankası	229	12	390	ok	valid_end_?	 girilen veriler için $x_1$ ve $x_2$ değerleri aşağıdakilerden hangisi olabilir?
ed1712ce-6df0-5a03-9dc3-b7af37e69d37	Full Matematik-Tyt-Matematik Soru Bankası	277	11	63	ok	valid_end_?	Buna göre, bu kafilede ağırlığı $55$ kg olan kaç sporcu vardır?
aec21ba4-dca1-55a2-ad50-0bbeb76d9606	Bilgi Sarmal 2025 Tyt Kimya Video Ders Kitabı	39	BİRLİKTE ÇÖZELİM	143	ok	valid_end_?	kimyasal türlerin doğru sınıflandırılması sırasıyla hangi seçenekte verilmiştir?
5dd1ee51-66ad-55f8-91d2-c30718ce0723	Full Matematik-Ayt-Matematik Soru Bankası	313	14	336	ok	valid_end_?	emsil etmektedir. Buna göre, $(f \circ g)'(p \circ p)$ ifadesinin değeri kaçtır?
30f17b88-5a11-5287-b785-821efbb3808e	Full Matematik-Ayt-Matematik Soru Bankası	327	13	201	ok	valid_end_?	r. $\int_{1}^{x} f(t)dt = (8x-2)x^2$ olimitsolduğuna göre, $f(3)$ değeri kaçtır?
b9a6c8e5-d163-5303-9496-2ba9419ded1e	Aktif Ogrenme Ayt Kimya 2019 2020	256	Örnek: 7	239	unclear	unknown_end_$	$ ext{Zn}_{(s)} \to \text{Zn}^{2+}_{(aq)} + 2e^- \quad E^0 = +0.76 \text{ Volt}$
dcda1c39-65b0-5b30-ab4a-b743650eb463	Full Matematik-Tyt-Matematik Soru Bankası	9	8	339	ok	valid_end_?	 5$ sayısı elde edilmektedir. Buna göre, $[AK] - [EL]$ ifadesinin değeri kaçtır?
9690db73-8fe1-511f-a6ed-55f224612706	Full Matematik-Tyt-Matematik Soru Bankası	21	9.	149	ok	valid_end_?	 ve $BB$ iki basamaklı sayıları için, olduğuna göre, $A \cdot B$ çarpımı kaçtır?
b1ea91f2-4d38-5eea-9c73-cfba9ed89d80	Full Matematik-Tyt-Matematik Soru Bankası	49	12	158	ok	valid_end_?	yukarıdakiyle özdeş olan bardakların hangisine boşaltılırsa bardaktaki su taşar?
4bf1f159-ab8c-5aed-84ff-3906d71c4591	Full Matematik-Tyt-Matematik Soru Bankası	55	9	136	ok	valid_end_?	^2$ sayısı gösterilmektedir.  Buna göre,  eşitliğini sağlayan $x$ değeri kaçtır?
ba75b0d0-5186-575f-9ced-153db4a9455e	Aktif Ogrenme Ayt Kimya 2019 2020	41	Örnek 10	246	ok	valid_end_?	 Z'nin elektron dağılımında en son $2p^4$ tür. yargılarından hangileri doğrudur?
987ab727-d582-5c14-8a0c-2273e047be77	Full Matematik-Tyt-Matematik Soru Bankası	57	9	170	ok	valid_end_?	|EF|$ ve $|4CD|=|AF|=99$ birim olduğuna göre, bir kalemin uzunluğu kaç birimdir?
d3a0e4a2-b208-59ea-93bd-8acfb6d3b4b9	Full Matematik-Tyt-Matematik Soru Bankası	57	10	234	ok	valid_end_?	lde bazı kitaplar devrilmiştir. Buna göre, iki raf arasındaki mesafe kaç cm dir?
bb38471a-fd6a-50b6-b320-6eb7b4606eaf	Aktif Ogrenme 0 Baslayanlara Kimya 2019 2020	98	Soru: 51a	219	ok	valid_end_?	n atom numarası 17'dir. III. T bir soy gazdır. yargılarından hangileri doğrudur?
b8add499-6bbd-5ad3-be4a-440d589e0960	Full Matematik-Tyt-Matematik Soru Bankası	73	9	361	ok	valid_end_?	 kez bastığına göre, hesap makinesinin ekranında görünen sayı en fazla kaç olur?
bc1f8c93-df43-5120-9da9-732ecd3b987b	Apotemi 2024 Ayt Kimya Soru Bankasi	181	5	232	unclear	unknown_end_$	Volt}$ $2H^+_{(suda)} + 2e^- \rightarrow H_{2(g)} \quad E^o = 0,00 \text{ Volt}$
aa978304-90b2-56e0-afa5-56a38648e3b5	Full Matematik-Tyt-Matematik Soru Bankası	81	10	283	ok	valid_end_?	ıkıyor. Buna göre, torbalardaki bilye sayıları aşağıdakilerden hangisi olabilir?
07eca7d0-5e56-5ad5-bbb1-ae846d70e747	Full Matematik-Tyt-Matematik Soru Bankası	81	11	447	ok	valid_end_?	en sayıyı B olarak hesapladığına göre, $\frac{A+B}{A}$ ifadesinin değeri kaçtır?
eb914a30-edb0-5ca7-935f-9148ad2bfa28	Full Matematik-Tyt-Matematik Soru Bankası	99	9	185	ok	valid_end_?	 sayısına olan uzaklığı $\sqrt{n}$ birimdir. $y = 8x$ olduğuna göre, $A$ kaçtır?
776bda34-9a73-552e-a0f6-318642148a8b	Full Matematik-Tyt-Matematik Soru Bankası	105	9	246	ok	valid_end_?	a göre, mavi boyalı bölgenin alanı aşağıdakilerden hangisi ile ifade edilebilir?
5ffabdb9-886f-57cd-8c45-ef745c04ad52	Full Matematik-Tyt-Matematik Soru Bankası	203	11.	333	ok	valid_end_?	n yarısından 3 fazladır. Örneğin: şeklindedir. olduğuna göre, $x$ değeri kaçtır?
4395679f-e4b4-53b4-8dbf-985dac7e87da	Full Matematik-Tyt-Matematik Soru Bankası	207	13	127	ok	valid_end_?	mayla tanımlanmıştır. Buna göre, $f(-2) + f(\frac{1}{3}) + f(4)$ toplamı kaçtır?
c84076fe-673b-5778-90cd-05f8d5d5e17b	Aktif Ogrenme Ayt Kimya 2019 2020	13	Örnek : 11	75	ok	valid_end_?	Bir element için yukarıda verilen kuantum sayılarından hangileri yanlıştır?
65531412-de09-5889-aa94-0f1f4f33bfbd	Full-2019-2020-Ayt-Matematik Soru Bankası	201	11	479	ok	valid_end_?	anıdır. III. 6. yeşil bölgenin bir elemanıdır. ifadelerinden hangileri doğrudur?
77e34eb0-c8fa-5bc3-83d3-5c8d1e4402ce	Full-2019-2020-Ayt-Matematik Soru Bankası	205	11.	261	ok	valid_end_?	olduğuna göre, $\boxed{h \circ p} - \boxed{p \circ p}$ ifadesinin değeri kaçtır?
29cf8c17-d5b6-511b-b7d6-b19a251e180f	Bilgi Sarmal 2024 Ayt Kimya Sopru Bankasi	309	10	71	ok	valid_end_?	Verilen moleküllerle ilgili aşağıdaki açıklamalardan hangisi yanlıştır?
e9e6908e-3704-5d4b-9358-842403d96665	Full Matematik-Ayt-Matematik Soru Bankası	355	15	114	ok	valid_end_?	afiği verilmiştir. Buna göre, $\int_{-2}^4 f'(x) dx$ integralinin değeri kaçtır?
024a0634-874f-5c17-a68c-67a516806934	Full Matematik-Ayt-Matematik Soru Bankası	363	Q 8.	201	ok	valid_end_?	II. $\int_{0}^{27,5} (20-0,8)dx$ integrallerinden hangilerinin sonucuna eşittir?
23aeae43-d53c-5e6c-8f96-4535423d9938	Full Matematik-Ayt-Matematik Soru Bankası	363	Q 9.	262	ok	valid_end_?	_{1}^{3} (h(x)-g(x))dx + \int_{2}^{5} (f(x)-h(x))dx$ integralinin değeri kaçtır?
614513ee-309a-5903-ad80-ae2c6fd7206b	Full Matematik-Ayt-Matematik Soru Bankası	373	9	203	ok	valid_end_?	 rastgele açılan bir kartta; \text{ veya } harflerinin bulunma olasılığı kaçtır?
d7f7a1fb-a190-57b4-b4ff-a2f98306568f	Apotemi 2024 Ayt Kimya Soru Bankasi	183	5	565	unclear	unknown_end_$	\text{e}^- \to \text{Zn}_{(\text{k})} \quad \text{E}^\circ = -0,76 \text{ volt}$
d86dc79b-b8fd-51ee-aae4-ddabf8f795b8	Bilgi Sarmal 2025 Tyt Kimya Video Ders Kitabı	7	BİRLİKTE ÇÖZELİM	79	ok	valid_end_?	Yukarıdaki kimya disiplinlerinden hangilerinin çalışma alanı doğru verilmiştir?
b2369bc4-fc34-564b-b224-1d86d30e046a	Full-2019-2020-Ayt-Matematik Soru Bankası	13	7	129	ok	valid_end_?	 verilmiştir. Buna göre, $\frac{f(3)-f(1)}{f^{-1}(-3)-f^{-1}(5)}$ değeri kaçtır?
904f1853-e458-5420-ae69-a6705b346974	Full-2019-2020-Ayt-Matematik Soru Bankası	83	9	197	ok	valid_end_?	,984, 0,176, 0,173} kümesinin birer elemanı olduğuna göre, T + P toplamı kaçtır?
3f2327d8-6e81-5243-9f1a-949615676db7	Full-2019-2020-Ayt-Matematik Soru Bankası	85	10	219	ok	valid_end_?	pha\right)}{\sin(2\alpha-3\beta)}$ ifadesinin eşitli aşağıdakilerden hangisidir?
e1b1ea71-ea0e-551c-bf15-d513aa243073	Aktif Ogrenme 0 Baslayanlara Kimya 2019 2020	20	Örnek 14	84	ok	valid_end_?	ike işaretleri ve karşısında belirtilen madde hangisinde doğru eşleştirilmiştir?
c6b1d65f-9011-54f7-a194-0e7bfa7499d9	Full-2019-2020-Ayt-Matematik Soru Bankası	95	10	207	ok	valid_end_?	ğıdaki gibi modellemiştir. Yukarıda verilenlere göre, $x$ uzunluğu kaç birimdir?
1979b93d-4ee3-50bf-a6c4-8cdf2bf2a469	Full-2019-2020-Ayt-Matematik Soru Bankası	101	9.	112	ok	valid_end_?	m, $|AB| = 6$ cm. Yukarıdaki verilere göre, $\tan(\widehat{EAF})$ değeri kaçtır?
12d20593-c4d7-568e-bd01-dbc5373f03d4	Full-2019-2020-Ayt-Matematik Soru Bankası	111	13.	423	ok	valid_end_?	. 256 sayılarından hangileri boyalı bölge ile gösterilen kümenin bir elemanıdır?
4f05fa91-b2b5-5444-be95-0160e5377a90	Full-2019-2020-Ayt-Matematik Soru Bankası	115	10	184	ok	valid_end_?	, log(98) / log(10) ifadesinin ondalık gösterimindeki rakamların toplamı kaçtır?
e702d8bc-87b6-52c8-9554-3547c9ed0cba	Esen Tyt Kimya Soru Bankası	176	8	170	ok	valid_end_?	arada verilen bilgi asit veya bazların fayda ve zararları ile ilişkili değildir?
72b67035-0f9d-5d40-9976-ce31c40a0af9	Full-2019-2020-Ayt-Matematik Soru Bankası	125	11	298	ok	valid_end_?	emin sonucu 1 olmaktadır. Buna göre, $3^{A-B}$ sayısının tam sayı değeri kaçtır?
24ff9083-3318-5bb4-b4e4-9e8f374a9ec8	Full-2019-2020-Ayt-Matematik Soru Bankası	129	11.	257	ok	valid_end_?	eciklerinin ortalama çapı $0,1$ mm olan bir plajın eğimi yaklaşık olarak kaçtır?
0c41e8db-e350-5cde-82d1-2189391078f1	Full-2019-2020-Ayt-Matematik Soru Bankası	141	10.	357	ok	valid_end_?	adımdaki $10^2 = 100$ sayısı hangi iki üçgen sayının toplamı olarak yazılabilir?
f3e287df-f2c0-5d6e-83b5-ec915c4ba127	Bilgi Sarmal 2024 Ayt Kimya Sopru Bankasi	20	3	52	ok	valid_end_?	Elektronegatifliği en fazla olan element hangisidir?
47050a44-54b5-5e2a-b968-ec814d81bd4f	Mikro Orijinal Tyt Fizik Soru Bankası 2025	330	8	450	ok	valid_end_)	nınkinden büyüktür. yargılarından hangileri yanlıştır? (Birim kareler özdeştir.)
f6226c1f-0da8-57d2-9dfd-246e4774b382	Aktif Ogrenme Ayt Kimya 2019 2020	154	Örnek: 14	307	ok	valid_end_?	i $k$ artar. III. Etkin çarpışma sayısı artar. yargılarından hangileri doğrudur?
f6ff1ac0-26b1-5d60-a889-4eeb9763018d	Bilgi Sarmal 2025 Tyt Kimya Video Ders Kitabı	70	SIRA SENDE - 11	128	ok	valid_end_?	aynama noktaları ve buhar basınçları ilişkisi hangi seçenekte doğru verilmiştir?
fa492821-f968-51e1-9f7d-e063e6dac04c	Bilgi Sarmal 2024 Ayt Kimya Sopru Bankasi	20	6	86	ok	valid_end_?	artlarda oksijenli bileşiğinin bazik karakteri en fazla olan element hangisidir?
f2da9d3c-0e03-580e-a7ea-f13ba830a3d5	Mikro Orijinal Tyt Fizik Soru Bankası 2025	138	6	580	ok	valid_end_)	ece sıcak çorba ile eklenen soğuk çorba arasında gerçekleştiği varsayılacaktır.)
60d31372-780c-534f-973a-701e5f0a763e	Mikro Orijinal Tyt Fizik Soru Bankası 2025	260	7	256	ok	valid_end_?	_L$ II. $P_X > P_Y$ III. $P_M > P_N$ büyüklük ilişkilerinden hangileri doğrudur?
29c0ab1f-ab8d-5890-be2c-f09cba43c8ef	345 2025 Start Matematik	164	15	206	ok	valid_end_?	oranı birbirine eşit olduğuna göre, kısa termosun kapağının uzunluğu kaç cm'dir?
530e1f79-a20f-51a7-b298-3b21f7bad292	Aktif Ogrenme Ayt Kimya 2019 2020	353	Soru : 32a	81	ok	valid_end_?	ukarıdaki formülleri verilen bileşiklerden hangileri aren sınıfı bir bileşiktir?
41db3723-5039-5993-a8bc-e36e8f9062c5	345 2025 Start Matematik	170	13	324	ok	valid_end_?	göre, boş telefon bataryası yüksek güçteki şarj aletiyle kaç dakikada tam dolar?
326a87dc-1dd0-5283-aa72-b2c95d2de8d2	Full-2019-2020-Ayt-Matematik Soru Bankası	161	10	263	ok	valid_end_?	kilde inceliyor. Buna göre, Betül aşağıdaki ifadelerden hangisinin incelemiştir?
98a8d5c5-5484-50cd-8470-e6f363d71244	Full-2019-2020-Ayt-Matematik Soru Bankası	169	9	355	ok	valid_end_?	 küçük parçayı bulamamıştır. Buna göre, Kaan'ın verebileceği doğru cevap kaçtır?
9a32a1c8-0e34-58a5-bdba-21e6772d28ff	Full-2019-2020-Ayt-Matematik Soru Bankası	181	8	179	ok	valid_end_?	göre, $\lim_{|OK| \to 4^-} \frac{A(KBCDONO)}{A(OPRM)}$ ifadesinin değeri kaçtır?
5feaf730-c7fd-5cab-a4e5-680ddc01b676	Aktif Ogrenme Ayt Kimya 2019 2020	155	Soru 16b	249	ok	valid_end_?	sal değeri 2 dir. III. Tepkime derecesi 2 dir. yargılarından hangileri doğrudur?
758189d8-2e1e-5be7-a856-4c32bb310f85	Orijinal2024-Ayt-Matematik Soru Bankası	109	7	86	ok	valid_end_?	 ADC birer üçgen olmak üzere, yukarıdaki verilere göre, $x$ açısı kaç derecedir?
699ac917-f80a-5f9d-80bf-3c9a20a52af5	Apotemi 2024 Ayt Kimya Soru Bankasi	183	7	638	unclear	unknown_end_$	\text{e}^- \to \text{Ag}_{(\text{k})} \quad \text{E}^\circ = -0,80 \text{ Volt}$
8b52cbfc-d06a-5c48-b53a-33ef69879c25	2019-2020-ACİL-TYT-Soru Bankası	224	10	342	ok	valid_end_?	çiler 16. tuğlalarını ördüklerinde başlangıçtan itibaren kaç dakika geçmiş olur?
f79e6f78-bfc8-5ef7-8189-422e650545e6	Mikro Orijinal-2024-Ayt-Matematik Soru Bankası	99	9	130	ok	valid_end_?	eri birbirlerini tepe noktalarında kesmektedir. Buna göre, $g(0)$ değeri kaçtır?
dc1b53d5-c028-55a4-91da-bce346568f54	Mikro Orijinal-2024-Tyt-Matematik Soru Bankası	319	Örnek 2	366	ok	valid_end_?	, L II. N, İ, L III. N, İ, L yukarıdakilerden hangileri doğru yazılmış olabilir?
0ec06e5a-1c04-549f-9af1-42acaa79d99d	Mikro Orijinal-2024-Ayt-Matematik Soru Bankası	57	8	328	ok	valid_end_?	t=-2$ 5. Adım: Ç.K = {4, -2}  Buna göre, bu öğrenci hangi adımda hata yapmıştır?
37d147d4-ef6f-5533-a5e0-af1f74a4d1eb	Mikro Orijinal-2024-Tyt-Matematik Soru Bankası	171	15	356	ok	valid_end_?	e, eşleşme işleminden sonra kutuların görünümü aşağıdakilerden hangisi olabilir?
9d8aa9a3-0a78-5dd3-9f12-c5ad16ec2417	Mikro Orijinal-2024-Ayt-Matematik Soru Bankası	315	9	121	ok	valid_end_?	ksenleri kestiği noktalar aşağıda verilmiştir. Buna göre, $P'(1)$ değeri kaçtır?
4459d645-d462-5d31-a590-01ec64f3065c	Mikro Orijinal-2024-Ayt-Matematik Soru Bankası	320	7	343	ok	valid_end_?	(2)$, $g(2)$ ve $h(2)$ değerlerinin doğru sıralanışı aşağıdakilerden hangisidir?
18eaddb7-1a2d-52b6-9009-aa8a4f526dbb	Mikro Orijinal-2024-Ayt-Matematik Soru Bankası	158	6	179	ok	valid_end_?	iyonunun grafiğinin bir kısmı verilmiştir. Buna göre $a - b - c$ çarpımı kaçtır?
1055ef75-f667-55cc-9683-65c4432a1944	Mikro Orijinal-2024-Ayt-Matematik Soru Bankası	158	8	275	ok	valid_end_?	ksiyonlarının grafiklerin renkleri aşağıdakilerden hangisinde doğru verilmiştir?
ab0e9fc4-4605-5b98-b398-e4b675cb637a	Mikro Orijinal-2024-Ayt-Matematik Soru Bankası	171	13	115	ok	valid_end_?	AC| = 3|BC|$ ve $m(\text{CÔB}) = \alpha$. Buna göre, $\tan\alpha$ değeri kaçtır?
1c6912c0-5f41-5a3a-b38f-daa0530d49e0	Bilgi Sarmal Tyt Tarih Soru Bankasi	196	6	105	ok	valid_end_?	u olarak dolduran öğrencinin etkinlik kâğıdı aşağıdaki seçeneklerden hangisidir?
64313a50-c2a6-559c-a6d6-aac8fa117f9d	Mikro Orijinal-2024-Ayt-Matematik Soru Bankası	281	11	286	ok	valid_end_?	ının hacmine eşit olacak biçimde tanımlanıyor. Buna göre, $f'(1)$ değeri kaçtır?
2ba5efb7-ab52-510e-a642-0d04d70a081d	Mikro Orijinal-2024-Ayt-Matematik Soru Bankası	226	14	262	ok	valid_end_?	göre, yukarıda verilen taralı dikdörtgenlerin alanları toplamı kaç birimkaredir?
fb4a0b93-f91d-520a-b68e-a15a3864ea79	Mikro Orijinal-2024-Tyt-Matematik Soru Bankası	379	6	172	ok	valid_end_?	i şekilde verilmiştir. $|BC|=3$ birim ve $f(-g(a))=7$ olduğuna göre, $a$ kaçtır?
19644e52-1eff-5505-9366-07a08efd5bb5	Mikro Orijinal-2024-Ayt-Matematik Soru Bankası	239	9	411	ok	valid_end_?	 noktasının koordinatları toplamı biçiminde tanımlanan dizinin 5. terimi kaçtır?
25c7412a-d7b1-5de5-b1f6-db5a7983e369	Mikro Orijinal-2024-Ayt-Matematik Soru Bankası	354	8	293	ok	valid_end_?	 $\int_a^d (f(x)-g(x)) dx + \int_a^d (f(x)-h(x)) dx$ integralinin değeri kaçtır?
5402c85c-9d0f-5868-b940-19ebc7b8ade3	Mikro Orijinal-2024-Ayt-Matematik Soru Bankası	302	Örnek 2	229	ok	valid_end_.	siyonunun $[a, b]$ kapalı aralığında artan ve azalanlık durumlarını inceleyiniz.
f6579f8e-6dff-5b41-aafc-001864b5f68b	Apotemi Tyt Ayt Kimya 2019-2020	281	8	134	ok	valid_end_)	? ($E^o_{Al^{3+}/Al} = -1,66 \ V$, $E^o_{Zn^{2+}/Zn} = -0,76 \ V$, $log2 = 0,3$)
8a0ed2e2-ac2b-5595-a15d-756f3d4f35cc	Cap Ayt Tarih Soru Bankasi	198	6	237	ok	valid_end_?	nin etnik çeşitliliğinin sona erdiğine çıkarımlarından hangilerine ulaşılabilir?
3e7655fb-b88b-551e-80fb-29220326d1dd	Mikro Orijinal-2024-Tyt-Matematik Soru Bankası	102	9	618	ok	valid_end_?	tteki bütün uygulamaların simgeleri, ekrandaki bölmelerin kaçta kaçında bulunur?
5bb16fff-bcf3-5a1c-b95f-1c2996cacbf9	Mikro Orijinal-2024-Tyt-Matematik Soru Bankası	115	12	252	ok	valid_end_?	eninin çevresi $50 \text{ cm}$ olduğuna göre, karenin çevresi kaç santimetredir?
58818140-7116-5878-bee0-51f29e43548e	Bilgi Sarmalı-2025-Tyt-Matematik Soru Bankası	368	8	273	ok	valid_end_?	ları toplamını $cm^2$ cinsinden veren cebirsel ifade aşağıdakilerden hangisidir?
4aadfa89-8775-58e1-8b62-069b576b4160	Mikro Orijinal-2024-Tyt-Matematik Soru Bankası	240	9	366	ok	valid_end_?	m senin şimdiki yaşına gelmeme 5 yıl var." Buna göre, Erkan'ın doğum yılı nedir?
afd8eeb2-ece0-5730-9fc4-d228b6d1bb6f	Mikro Orijinal-2024-Tyt-Matematik Soru Bankası	307	Örnek 2	345	ok	valid_end_?	ük doğal sayı ile sarıya boyalı bölgedeki en küçük doğal sayının toplamı kaçtır?
cb40e9e1-66ed-5fbe-a4f7-9a5be364d990	Mikro Orijinal-2024-Tyt-Matematik Soru Bankası	307	Örnek 3	254	ok	valid_end_?	 Buna göre, $(A \setminus B) \times C$ kartezyen kümesinin eleman sayısı kaçtır?
19ee3511-f7ff-5c38-928f-7aaebe1c8a70	Mikro Orijinal-2024-Tyt-Matematik Soru Bankası	141	Örnek 2	214	ok	valid_end_?	 Buna göre, $\frac{x-50}{|x-50|} - \frac{y-50}{|y-50|}$ işleminin sonucu kaçtır?
7aff2b15-f90d-5050-8588-b79c20f30fdc	Mikro Orijinal-2024-Tyt-Matematik Soru Bankası	160	11	302	ok	valid_end_?	kasiyer para üstü olarak İsmail Bey'e mor renkli banknottan kaç tane vermelidir?
b4c2aefa-3099-5a19-a6a7-371ad397c134	Mikro Orijinal-2024-Tyt-Matematik Soru Bankası	375	6	166	ok	valid_end_?	r. $f(m+2)=-2$ ve $f(n)=-1$ olduğuna göre, $m+n$ toplamının değeri kaç olabilir?
e8a0ee59-3361-5428-aa63-a9ff7244e486	Mikro Orijinal-2024-Tyt-Matematik Soru Bankası	377	Örnek 2	340	ok	valid_end_?	 $f(a) < f(c)$ III. $f(b) - f(a) > 0$ yukarıdaki ifadelerden hangileri doğrudur?
cd10873f-4abc-57e5-9f87-e0bd8dbffc38	Mikro Orijinal-2024-Tyt-Matematik Soru Bankası	397	Örnek 2	501	ok	valid_end_?	ıt veren öğrenci ödülü kazanacaktır. Buna göre, hangi öğrenci ödülü kazanmıştır?
8ae29693-9ba5-5b60-88eb-2bf16cf05870	Mikro Orijinal-2025-Ayt-Geometri Soru Bankası	27	Örnek 2	110	ok	valid_end_?	|=|ED|$, $|BE|=|EC|$. Verilenlere göre, $m(\widehat{AEC})=\alpha$ kaç derecedir?
43ad2eeb-0c5a-57bf-a8e8-6db379f29bc0	Mikro Orijinal-2025-Ayt-Geometri Soru Bankası	39	11	244	ok	valid_end_?	erilmiştir. Buna göre, $a$ ile $d$ doğruları arasındaki $x$ açısı kaç derecedir?
bac57983-c39a-50d5-8690-fc95d3717267	Egsersiz Tyt Fizik Soru Bankası 2021	84	8	153	ok	valid_end_?	 II ve III numaralı görsellerden hangilerinde sürtünmeyi azaltmak amaçlanmıştır?
bb8efe4e-68d5-519e-a540-4f1e9c3dd72b	Aromat 2024 Ayt Fen Bilimleri	7	AROMAT MODEL	357	ok	valid_end_)	lduğuna göre $x$ kaç metredir? (g = $10 \text{ m/s}^2$. Sürtünmeler önemsizdir.)
1576fc4d-ae55-5bf0-a21f-f6710759c314	2023-2024-ACİL-TYT-AYT Geometri Soru Bankası	34	14	289	ok	valid_end_?	 sabit kalmak şartıyla saat yönünde $60^ ext{o}$ döndürürse $|CC'|$ kaç cm olur?
55a44925-d6eb-5ab7-8f67-fcd04de691af	Mikro Orijinal-2024-Tyt-Matematik Soru Bankası	334	10	311	ok	valid_end_?	t haftayı planladığı sayıda soru çözerek tamamladığına göre, $a-b$ farkı kaçtır?
49477f24-9ea5-5ae3-92d4-b5687b6b99fb	Mikro Orijinal-2024-Tyt-Matematik Soru Bankası	343	10	141	ok	valid_end_?	ğer ikisinin turadır. Bu madeni paralar kaç farklı biçimde yan yana dizilebilir?
3206995e-9c4c-5820-b41d-259e2fb5806d	Bilgi Sarmalı-Tyt Ayt-Geometri Soru Bankası	100	8	146	ok	valid_end_?	= |BC|$, $|BE| = 6$ birim, $|EH| = 3$ birim. Buna göre, $|HC| = x$ kaç birimdir?
b55f2935-2e3b-56e6-8a32-f154ca551669	Cap Tyt Fizik Soru Bankası 2023 2024	252	6	226	ok	valid_end_?	i I, II ve III nolu düzeneklerden hangileri gibi tutarsa ise amacına ulaşabilir?
d677b9b2-f9cf-5a5c-a5c9-e348268cd73c	Mikro Orijinal Tyt Fizik Soru Bankası 2025	360	7.	266	ok	valid_end_?	, $v_L$ ve $v_M$ süratleri aşağıdakilerden hangisinde doğru karşılaştırılmıştır?
fd2c509a-bfdb-5c78-a609-b259715427c2	Cap Tyt Fizik Soru Bankası 2023 2024	282	7	392	ok	valid_end_?	zenek su içerisine konulmalıdır. işlemlerinden hangileri tek başına yapılabilir?
3a613622-410e-5c32-b5c6-7e5dd8be744f	Mikro Orijinal-2025-Ayt-Geometri Soru Bankası	60	9	127	ok	valid_end_?	 = 24$ cm. Verilenlere göre, boyalı dik üçgenlerin çevreleri toplamı kaç cm'dir?
10847384-56e0-5497-a3d3-51ad275b127d	Orijinal-2024-Geometri Soru Bankası	176	9.	145	ok	valid_end_?	 dir. ABCD deltoidinde $|AC| = 6$ cm olduğuna göre, Alan$(ABCD)$ kaç cm$^2$ dir?
1ee182d3-6e25-5e7c-8bb6-d44ee1271231	Orijinal-2024-Geometri Soru Bankası	89	9.	159	ok	valid_end_?	 şekilde $m(\widehat{ACB})=m(\widehat{ADE})$ olduğuna göre, $|AE|=x$ kaç cm'dir?
f57cd6a3-b8ff-5190-b8e9-c686060f485b	Aktif Ogrenme 2025 Tyt Fizik Soru Bankası	301	Soru 61a	214	ok	valid_end_?	yor. Buna göre K, L ve M bölgelerinin hangilerinde ıraksak mercek bulunmaktadır?
2018f57d-47b3-5109-99ef-a2f6f56a6596	345 2025 Tyt Ayt Geometri Soru Bankası 1	237	7	125	ok	valid_end_?	| = |EB|$ $|BC| = 10$ cm Çevre$(EBCF) = 28$ cm olduğuna göre, $|EF|$ kaç cm'dir?
26788a2b-a514-59c0-94b5-f04b3cbb36b0	2023-2024-ACİL-TYT-AYT-Geometrinin İlacı	36	11	115	ok	valid_end_?	1$ birim, $|DC|=\sqrt{35}$ birim. Buna göre, ABC üçgeninin çevresi kaç birimdir?
2045a249-6eee-5285-bb25-f8c19866831e	Bilgi Sarmalı-2022-2023-Tyt Ayt-Geometri Soru Bankası	96	Soru 3	350	ok	valid_end_?	tir. $|BC|=10$ cm, $|A_1H_2|=13$ cm Yukarıdaki verilere göre, $|AH|$ kaç cm dir?
20e484e9-b059-5aec-a0df-ddb6990beabe	Bilgi Sarmalı-2023-2024-Tyt Ayt-Geometri Soru Bankası	164	10.	158	ok	valid_end_?	4$ $cm^2$, $A(APB)=12$ $cm^2$ Yukarıdaki verilere göre, $A(DPC)$ kaç $cm^2$ dir?
21bfe2b3-a933-5bf0-aac0-74e18f967084	CAP-2022-2023-TYT AYT-Geometri Soru Bankası	250	8	137	ok	valid_end_?	 = 12$ cm, $|O_2B| = 9$ cm dir. Yukarıdaki verilere göre, $|DE| = x$ kaç cm dir?
22ebdd6f-f1c5-56cc-a46c-4c245c5f485a	Bilgi Sarmalı-2025-Tyt Ayt-Geometri Soru Bankası	66	12.	201	ok	valid_end_?	0^ ext{o}$. Yukarıdaki verilere göre, $m(\widehat{ABF}) = \alpha$ kaç derecedir?
2378e966-90a4-565a-a9d6-00a454c42951	Bilgi Sarmalı-2023-2024-Tyt Ayt-Geometri Soru Bankası	42	8.	185	ok	valid_end_?	DE| = 8$ birim, $|AB| = |AC| = 5\sqrt{3}$ birim. Buna göre, $|BD|$ kaç birimdir?
23dfdcce-6ceb-5ce1-b576-172e86b98bbc	2023-2024-ACİL-TYT-AYT-Geometrinin İlacı	54	9	227	ok	valid_end_?	{DAB})=30^\circ$, $m(\widehat{ACB})=40^\circ$. Buna göre, $|AF|=x$ kaç birimdir?
e41adfbe-3762-550d-a00c-2d9330528a25	Cap Ayt Fizik Soru Bankası 2023 2024	184	7	461	ok	valid_end_?	e elektriksel kuvvet ok yönündedir. yargılarından hangileri kesinlikle doğrudur?
e7b0876c-530a-5a57-8d42-ccc89056e62f	Egsersiz Tyt Fizik Soru Bankası 2021	214	8	254	ok	valid_end_?	ıstır. III. Y cismi demir çubuktur. yargılarından hangileri kesinlikle doğrudur?
00e49e5c-d779-5375-bcef-1ab8197bdd30	2023-2024-ACİL-TYT-AYT-Geometrinin İlacı	38	10	125	ok	valid_end_?	, IABI = 10 birim, IBEI = 8 birim, IECI = 2 birim. Buna göre, ICFI kaç birimdir?
01620938-4d6c-55fa-82f7-fbdd84a91454	2023-2024-ACİL-TYT-AYT-Geometrinin İlacı	114	9	149	ok	valid_end_?	KM \perp KL$, $|AC| = 6$ birim, $|DB| = 4$ birim Buna göre, $|ML|$ kaç birimdir?
02073bfd-43a9-5167-bcad-a68c6f7921f2	Bilgi Sarmalı-Tyt Ayt-Geometri Soru Bankası	394	6	187	ok	valid_end_?	aki verilere göre, çemberin merkezinin koordinatları aşağıdakilerden hangisidir?
02683cd0-19df-57c7-8c5e-30f9d1effe12	Full Matematik-2022-2023-Tyt Ayt-Geometri Soru Bankası	325	8	414	ok	valid_end_?	 2'deki gibi x ekseni üzerine gelmiştir. Buna göre, KB' doğrusunun eğimi kaçtır?
028392e2-66be-56fa-b1d7-94eaa4904af9	C1CELL-2024-TYT-AYT-Geometri Soru Bankası	38	9.	142	ok	valid_end_?	 veriliyor. Buna göre, $\frac{m(\widehat{ACB})}{m(\widehat{BAD})}$ oranı kaçtır?
033cf8f3-b502-5bf6-82cb-d0a822336181	345 2025 Tyt Ayt Geometri Soru Bankası 1	57	11.	147	ok	valid_end_?	5^{\circ}$ $|AB| = |BC|$ $|DE| = 3\sqrt{2}$ cm olduğuna göre, $|BE|$ kaç cm'dir?
03fe3798-e806-50cf-b581-4e4e399943b8	C1CELL-2024-TYT-AYT-Geometri Soru Bankası	36	12.	156	ok	valid_end_?	rc}$, $m(\widehat{CED})=10^{\circ}$ Buna göre, $m(\widehat{CDE})$ kaç derecedir?
09f66bb0-9fa4-55cb-b3b6-f901710b32cc	CAP-2022-2023-TYT AYT-Geometri Soru Bankası	163	7	146	ok	valid_end_?	| = 2$ cm ve $|FC| = 6$ cm dir. Yukarıdaki verilere göre, $|EF| = x$ kaç cm dir?
0a2bd478-674d-5fb1-ad6d-bf2107cf9773	345 2025 Tyt Ayt Geometri Soru Bankası 1	75	8.	134	ok	valid_end_?	widehat{ABC}) = 120^ ext{o}$ $|CD| = 3$ cm olduğuna göre, $|AB| = x$ kaç cm'dir?
0ac624cc-2b3c-5e98-84be-06b4046c4197	345 2025 Tyt Ayt Geometri Soru Bankası 1	237	9	145	ok	valid_end_?	 $|DE| = 3$ cm $|AD| = 6$ cm $|BC| = 7$ cm olduğuna göre, $|AB| = x$ kaç cm'dir?
0c1b3812-e767-5db0-955c-aa57cdefe50d	2023-2024-ACİL-TYT-AYT-Geometrinin İlacı	40	8	110	ok	valid_end_?	I = IDI = 4$ birim, $IAEI = IEDI = 3$ birim olduğuna göre, $|ACI|$ kaç birimdir?
0cb6807d-af99-5992-a381-215e2442a210	Full Matematik-2022-2023-Tyt Ayt-Geometri Soru Bankası	307	9	154	ok	valid_end_?	(a,b)$, $D(2,-2)$, $L(c,d)$. Yukarıdaki verilere göre, $a+b+c+d$ toplamı kaçtır?
0d51a1e7-e733-549b-8af3-a93e8bacf2bc	Orijinal-Tyt Ayt Geometri Soru Bankası	67	10	123	ok	valid_end_?	ehat{ABD})=45^\circ$, $|BE|=6$ cm. Yukarıda verilenlere göre, $|AB|$ kaç cm'dir?
1343ec68-e426-5c7b-8a95-e9615f97a6f6	2020-2021-Acil-Tyt Ayt Geometrinin ilacı Soru Bankası	48	11	140	ok	valid_end_?	$|BD| = 2$ birim $m(\widehat{BAC}) = 75^ ext{o}$ Buna göre, $|AC|$ kaç birimdir?
13b6f00e-3604-58bf-8235-36f89b78b26e	Mikro-2024-Tyt Ayt-Geometri Soru Bankası	79	11	115	ok	valid_end_?	rc$, $|AC|=2\sqrt{3}$ cm, $|BC|=5$ cm olduğuna göre, $|AB|=x$ kaç santimetredir?
13bb5c63-054a-542b-99c4-d649db28344e	345 Tyt Ayt Geometri Soru Bankası	257	7	117	ok	valid_end_?	cm, $|EC|=12$ cm, $|AD|=17$ cm, $|DE|=20$ cm olduğuna göre, $|AB|=x$ kaç cm'dir?
13ef51e3-d383-5118-9fac-31770951b593	Full Matematik-2019-2020-Geometri Soru Bankası	81	8.	127	ok	valid_end_?	, $|AD| = 6$ cm, $|BD| = 2$ cm. Yukarıdaki verilere göre, $|BC| = x$ kaç cm dir?
14f6dcae-1796-552d-ab13-caa2c84c909e	Bilgi Sarmalı-2023-2024-Tyt Ayt-Geometri Soru Bankası	48	7	161	ok	valid_end_?	BAD})=15^{\circ}$, $|AB|=8$ cm. Yukarıdaki verilere göre, $|AC|$ = x kaç cm'dir?
14f8cf1d-d40b-5593-b613-b40ebef8f5a1	Bilgi Sarmalı-2025-Tyt Ayt-Geometri Soru Bankası	128	11	115	ok	valid_end_?	$, $[AD]=2$ birim, $|DE|=4\sqrt{3}$ birim. Buna göre, $A(ABC)$ kaç birimkaredir?
150e13f0-0dd3-5a3c-9ac4-7acca33a560b	2023-2024-ACİL-TYT-AYT-Geometrinin İlacı	32	9	121	ok	valid_end_?	|$, $KL \parallel BD$, $|AD| = |DC| = 20$ birim. Buna göre, $|KL|$ kaç birimdir?
46860aae-d874-5cb0-918b-ed332c63bfcd	345 2025 Tyt Ayt Geometri Soru Bankası 1	73	8	141	ok	valid_end_?	qrt{2}$ cm m($\widehat{BAD}$) = $45^\circ$ olduğuna göre, $|BC| = x$ kaç cm'dir?
15996f80-a535-5c04-8625-5c3b54dcb79f	345 2025 Tyt Ayt Geometri Soru Bankası 1	62	13	230	ok	valid_end_?	t{ cm}$, $|AB| = 16 \text{ cm}$ Yukarıdaki verilere göre, $|KM| = x$ kaç cm'dir?
15d30fa4-3cc3-5572-951a-af579d472d52	2020-2021-Acil-Tyt Ayt Geometrinin ilacı Soru Bankası	38	10	138	ok	valid_end_?	$|AB|=10$ birim, $|BE|=8$ birim, $|EC|=2$ birim. Buna göre, $|DF|$ kaç birimdir?
1705ea4b-403f-54c7-ad8f-1004b41fb1da	Orijinal-Tyt Ayt Geometri Soru Bankası	170	11.	136	ok	valid_end_?	|BL|=|LC|$, $|EF|=12$ birim. Yukarıda verilenlere göre, $|KL|$ = x kaç birimdir?
176e930a-544d-5a73-b124-1974d7503be3	C1CELL-2024-TYT-AYT-Geometri Soru Bankası	206	12.	192	ok	valid_end_?	7} \text{ br}$ Yukarıda verilenlere göre, ABCD dörtgeninin alanı kaç $br^2$ dir?
17cda429-a27d-5d18-8be1-0de1a3e6772a	345 Tyt Ayt Geometri Soru Bankası	267	7.	155	ok	valid_end_?	 $m(\hat{ABE}) = 40^\circ$ olduğuna göre, $m(\hat{EBC}) = \alpha$ kaç derecedir?
183b0e4c-b141-589c-85ba-19644868d744	Full Matematik-2022-2023-Tyt Ayt-Geometri Soru Bankası	23	9	256	ok	valid_end_?	deki görünüm elde edilmiştir. Buna göre, $m(\text{DBE}) = \alpha$ kaç derecedir?
183df77e-10bd-528d-864c-0ef18588be2d	Bilgi Sarmalı-2023-2024-Tyt Ayt-Geometri Soru Bankası	28	9	197	ok	valid_end_?	})=40^\circ$. Yukarıdaki verilere göre, $m(\widehat{CBD})=\alpha$ kaç derecedir?
1854962a-ca8c-5f53-98ff-407dcdd2c78a	Orijinal-Tyt Ayt Geometri Soru Bankası	170	9.	172	ok	valid_end_?	 cm, $|AC|=8\sqrt{3}$ cm. Yukarıda verilenlere göre, $|BD|$ uzunluğu kaç cm'dir?
185702bb-b20f-5261-94a3-f59664ea97a2	Mikro-2024-Tyt Ayt-Geometri Soru Bankası	123	9	137	ok	valid_end_?	$|BD| = 9$ cm. Çevre$(ABC) = 75$ cm olduğuna göre, $|ED| = x$ kaç santimetredir?
240c8416-d342-5f8d-acaa-c7aa09196768	Mikro Orijinal-Tyt Ayt-Geometri Soru Bankası 2	87	8	36	ok	valid_end_?	Verilenlere göre, $|BE|$ kaç cm'dir?
2ee3adbe-fda1-5f14-8a5b-abd3d20a24cc	CAP-2022-2023-TYT AYT-Geometri Soru Bankası	35	7	155	ok	valid_end_?	irc}$ ve $|AE|=6\sqrt{2}$ cm'dir. Yukarıdaki verilere göre, $|BC|=x$ kaç cm dir?
302dd557-389c-58c2-8a8d-0e896675741b	C1CELL-2024-TYT-AYT-Geometri Soru Bankası	57	10.	283	ok	valid_end_?	ve $||FE|-|DE||$ farkının en büyük değeri 5 br olduğuna göre, $|BG|$ kaç br'dir?
30c26fee-e867-5799-a26f-c3422421ec31	C1CELL-2024-TYT-AYT-Geometri Soru Bankası	138	10	163	ok	valid_end_?	DAC})$, $|BD|=4$ br, $|FE|=2$ br. Yukarıdaki verilere göre, $|FC|$ kaç birimdir?
50199e1a-cadc-5ab4-b0dc-e1a8a1ef084f	2023-2024-ACİL-TYT-AYT Geometri Soru Bankası	368	11	414	ok	valid_end_?	lırsa dairenin $d_1$ doğrusu üzerinde kalan parçasının alanı kaç birimkare olur?
31445182-6b03-5a44-8324-5e1094b76cdb	Orijinal-Tyt Ayt Geometri Soru Bankası	101	12	193	ok	valid_end_?	alpha$'dır. Yukarıdaki verilere göre, $m(\widehat{BCD}) = \alpha$ kaç derecedir?
316df8ce-46de-5573-af9a-214d4d57976e	Orijinal-2024-Geometri Soru Bankası	57	10	49	ok	valid_end_?	Yukarıda verilenlere göre, $|AD| = x$ kaç cm'dir?
31cb921b-a435-53cd-b857-d4eb033a5f0b	345 2025 Tyt Ayt Geometri Soru Bankası 1	49	6	151	ok	valid_end_?	|=2\sqrt{3}$ birim, $|CD|=4\sqrt{3}$ birim olduğuna göre, $|AB|=x$ kaç birimdir?
320c7926-fa42-5025-aeec-4a9e97520ade	C1CELL-2024-TYT-AYT-Geometri Soru Bankası	204	11	137	ok	valid_end_?	$, $|AB|=|AD|=13$ br, $|DC|=8$ br. Yukarıda verilenlere göre, $|BC|$ kaç br'dir?
32296cd5-dc55-55a0-b1e6-2d0ddf55a40c	Bilgi Sarmalı-Tyt Ayt-Geometri Soru Bankası	394	8	276	ok	valid_end_?	na gelir. Buna göre, son durumda $A'$ noktasının yerden yüksekliği kaç birimdir?
328f24d2-a267-5bad-b111-96ada5ed19bd	Full Matematik-2019-2020-Geometri Soru Bankası	195	8.	390	ok	valid_end_?	Yukarıdaki verilen uzunluklara göre, ABCD dikdörtgeninin alanı kaç birimkaredir?
0477c9fb-eaf1-53c6-a253-cbc32cf0542b	C1CELL-2024-TYT-AYT-Geometri Soru Bankası	82	9	198	ok	valid_end_?	idehat{BDF})=135^\circ$ olarak verilmiştir. Verilenlere göre, $|BF|$ kaç br'dir?
05626a67-28bd-5f36-af27-65c4a925d5df	345 2025 Tyt Ayt Geometri Soru Bankası 1	61	8	139	ok	valid_end_?	{AD}| = 2$ cm, $|\text{EC}| = 4$ cm olduğuna göre, $|\text{BD}| = x$ kaç cm'dir?
07073caf-cafd-5e9f-90d0-4e3e568c02e2	2020-2021-Acil-Tyt Ayt Geometrinin ilacı Soru Bankası	40	10	112	ok	valid_end_?	AD| = \sqrt{13}$ birim, $|BD| = |DC| = 1$ birim. Buna göre, $|AD|$ kaç birimdir?
07513f28-1ded-5626-afef-e2827c6acf55	Bilgi Sarmalı-2022-2023-Tyt Ayt-Geometri Soru Bankası	104	9	139	ok	valid_end_?	= 2|BF|$, $3|DK| = 2|KE|$, $|AE| = 6$ birim. Buna göre, $|EC| = x$ kaç birimdir?
082fbd2c-628c-5ba5-9cf9-8927bf831af6	Mikro-2024-Tyt Ayt-Geometri Soru Bankası	97	15	119	ok	valid_end_?	 $|EF|=|FD|$, $|CF|=5$ cm, $|BC|=12$ cm olduğuna göre, $|AF|$ kaç santimetredir?
089366b7-5afb-542a-8862-3ccac255b8ae	Bilgi Sarmalı-2022-2023-Tyt Ayt-Geometri Soru Bankası	162	11	124	ok	valid_end_?	 $|BK|=|KC|$, $|FL|=10\text{ cm}$ Yukarıdaki verilere göre, $|CL|=x$ kaç cm'dir?
09431a30-7875-5e0c-856f-87b180512d21	2023-2024-ACİL-TYT-AYT Geometri Soru Bankası	226	15.	108	ok	valid_end_?	t{CBF}) = B^\circ$, $|AC| = |BF|$. Buna göre, $m(\text{EFB}) = U$ kaç derecedir?
0e381b65-26c1-5d55-979c-9341e6495d9f	2020-2021-Acil-Tyt Ayt Geometrinin ilacı Soru Bankası	60	8	154	ok	valid_end_?	$|BE| = 12$ birim $m(\widehat{BEF}) = 105^\circ$ Buna göre, $|AK|$ kaç birimdir?
0e402969-eff1-5388-aebc-7501ce47c5cb	345 2025 Tyt Ayt Geometri Soru Bankası 1	251	8	189	ok	valid_end_?	 oldukları bölgelerin alanları olduğuna göre, Alan$(ABF)$ kaç $\text{cm}^2$ dir?
0f232fc3-c7c2-56f6-ae65-638feeffc376	C1CELL-2024-TYT-AYT-Geometri Soru Bankası	303	8	173	ok	valid_end_?	 = 14$ br. Yukarıda verilenlere göre, mavi boyalı bölgenin alanı kaç $br^2$'dir?
0f67b9c0-4955-519f-b0ed-1effbab3af19	Full Matematik-2019-2020-Geometri Soru Bankası	21	9.	137	ok	valid_end_?	BAD})=50^{\circ}$. Yukarıdaki verilere göre, $m(\widehat{BAC})=x$ kaç derecedir?
0f971378-1c75-579d-bb71-4ea5f6ea5df1	Bilgi Sarmalı-2025-Tyt Ayt-Geometri Soru Bankası	68	8.	194	ok	valid_end_?	 5\sqrt{3}$ birim. Yukarıdaki verilere göre, $[AB] + [AC]$ toplamı kaç birimdir?
1008d1ee-914d-5e5b-a077-2430013b9599	2020-2021-Acil-Tyt Ayt Geometrinin ilacı Soru Bankası	112	10	151	ok	valid_end_?	 $|DC|=7\sqrt{2}$ birim, $|CB|=6\sqrt{2}$ birim. Buna göre, $|AB|$ kaç birimdir?
108de5a2-8747-56f6-83af-b342de5dc066	C1CELL-2024-TYT-AYT-Geometri Soru Bankası	187	12	128	ok	valid_end_?	| = |AJ|$, $m(\widehat{EPB}) = x$. Yukarıda verilenlere göre, $x$ kaç derecedir?
1b8a630d-8867-58fd-acca-60a076e727da	Bilgi Sarmalı-Tyt Ayt-Geometri Soru Bankası	44	10.	194	ok	valid_end_?	}$ cm, $|DE| = 4$ cm Yukarıdaki verilere göre, $\frac{|BF|}{|EC|}$ oranı kaçtır?
1d9d5769-fb7e-58de-95f5-508821e71859	2020-2021-Acil-Tyt Ayt Geometrinin ilacı Soru Bankası	38	11	113	ok	valid_end_?	|=|BD|=3$ birim, $|AD|=6$ birim, $|EC|=9$ birim. Buna göre, $|BC|$ kaç birimdir?
1da03e81-dd1a-512f-aa17-bfd087e51ea0	Mikro-2024-Tyt Ayt-Geometri Soru Bankası	83	11	136	ok	valid_end_?	B}) = 45^{\circ}$ $|AC| = 6\sqrt{2}$ cm Buna göre, $|BC| = x$ kaç santimetredir?
1dd1e674-58f1-5175-be17-d3b47a8557cb	Bilgi Sarmalı-2023-2024-Tyt Ayt-Geometri Soru Bankası	360	6	140	ok	valid_end_?	, 0)$, $d_1 \cap d_2 = \{K\}$ Yukarıdaki verilere göre, $A(ADK)$ kaç $br^2$ dir?
1e196855-d36f-5f56-bb3a-573b1915a2a2	C1CELL-2024-TYT-AYT-Geometri Soru Bankası	370	9.	78	ok	valid_end_?	Dik koordinat düzleminde verilenlere göre, OAC üçgeninin alanı kaç $br^2$ dir?
1eb97730-2641-5747-86dd-598f09cd9c7e	Bilgi Sarmalı-2023-2024-Tyt Ayt-Geometri Soru Bankası	362	8	120	ok	valid_end_?	|TI|$. $2|OT|=|BT|$, C(4, a). Yukarıdaki verilere göre, A(DTE) kaç birimkaredir?
1fa3ec83-aeb5-5489-8e38-4ebd0794872f	Bilgi Sarmalı-2025-Tyt Ayt-Geometri Soru Bankası	200	11.	137	ok	valid_end_?	|EC| = 13$ cm, $|BD| = 14$ cm. Yukarıdaki verilere göre, A(ABCD) kaç $cm^2$ dir?
24a99f4a-d5a7-50ac-a5f9-4934c4a99021	345 Tyt Ayt Geometri Soru Bankası	249	7	159	ok	valid_end_?	 |GC| = 6$ cm $|AD| = 8$ cm $|AF| = 10$ cm olduğuna göre, $|FG| = x$ kaç cm'dir?
8c35b766-9516-5cc9-bed6-0142da2e57e0	CAP-2022-2023-TYT AYT-Geometri Soru Bankası	281	18	304	ok	valid_end_?	 = 6|CFI|$ olduğuna göre, $r_1, r_2, r_3$ sıralanışı aşağıdakilerden hangisidir?
26f1491d-c34e-544e-aa55-2c982f4e7d15	CAP-2022-2023-TYT AYT-Geometri Soru Bankası	33	8	143	ok	valid_end_?	. $|BD|=|DC|$ ve $|BE|=4$ cm dir. Yukarıdaki verilere göre, $|AB|=x$ kaç cm dir?
275f9c57-a833-5819-837a-b2e263c1473a	CAP-2022-2023-TYT AYT-Geometri Soru Bankası	35	8	134	ok	valid_end_?	\sqrt{2}$ cm ve $|AC|=17$ cm'dir. Yukarıdaki verilere göre, $|DC|=x$ kaç cm dir?
2797cc39-b9af-5400-b59a-4d1abb45766a	Orijinal-Tyt Ayt Geometri Soru Bankası	87	9	133	ok	valid_end_?	, $m(\widehat{DEC})=38^\circ$. Yukarıdaki verilere göre, $\alpha$ kaç derecedir?
27d5b58c-85f7-5372-9649-c17d0421e48c	Bilgi Sarmalı-2023-2024-Tyt Ayt-Geometri Soru Bankası	66	10.	187	ok	valid_end_?	=135^{\circ}$ Yukarıdaki verilere göre, $m(\widehat{ADC})=\alpha$ kaç derecedir?
28001405-6604-5898-8a86-014066b54e38	2023-2024-ACİL-TYT-AYT-Geometrinin İlacı	36	10	162	ok	valid_end_?	|CE|=6$ birim, $|AE|=2$ birim. Buna göre, ABDE dörtgeninin çevresi kaç birimdir?
28286ff4-119f-563e-bfe6-c6aad6d5afd0	2020-2021-Acil-Tyt Ayt Geometrinin ilacı Soru Bankası	52	8	129	ok	valid_end_?	|=4\sqrt{3}$ birim, $m(\widehat{ACB})=30^\circ$. Buna göre, $|BD|$ kaç birimdir?
283c78bc-199d-5cb5-8e5e-1d705fcb9070	Mikro-2024-Tyt Ayt-Geometri Soru Bankası	81	11	157	ok	valid_end_?	circ$, $|AH| = 2$ cm, $|DB| = 4$ cm olduğuna göre, $|CH| = x$ kaç santimetredir?
35bdc27f-9443-56cf-9c10-88240ba88189	C1CELL-2024-TYT-AYT-Geometri Soru Bankası	59	10	166	ok	valid_end_?	dır. $|BE|=8$ br, $|EC|=18$ br ve $|BD|=17$ br olduğuna göre, $|AD|$ kaç br'dir?
364944fe-319e-5273-bcba-9a6097521cdf	Bilgi Sarmalı-2022-2023-Tyt Ayt-Geometri Soru Bankası	364	11	187	ok	valid_end_?	rtgeni aşağıdaki gibi çiziliyor. Yukarıdaki verilere göre, $m+n$ toplamı kaçtır?
366baa84-dff7-5f46-9dfa-dd093bd3e373	345 Tyt Ayt Geometri Soru Bankası	423	8	88	ok	valid_end_?	üzgün altıgen $AH \perp CE$, $|CD| = 2$ cm olduğuna göre, $|AH| = x$ kaç cm'dir?
36880120-79e4-58aa-9940-4ac035c4b52d	Bilgi Sarmalı-Tyt Ayt-Geometri Soru Bankası	30	6	158	ok	valid_end_?	110^\circ$. Yukarıdaki verilere göre, $m(\widehat{AED}) = \alpha$ kaç derecedir?
373f86df-b357-5d60-860e-f13ebf2f7ce6	Mikro-2024-Tyt Ayt-Geometri Soru Bankası	79	16	152	ok	valid_end_?	rc$, $|AB|=3\sqrt{3}$ cm, $|BC|=2$ cm olduğuna göre, $|DC|=x$ kaç santimetredir?
374a4adb-b7ab-5c50-aa45-632e566db218	Mikro-2024-Tyt Ayt-Geometri Soru Bankası	95	15	111	ok	valid_end_?	[BC]$, $|AE| = 8$ cm, $|BD| = 5$ cm olduğuna göre, $|DC| = x$ kaç santimetredir?
37819a8f-12d7-5750-b708-cb13122232ad	Orijinal-Tyt Ayt Geometri Soru Bankası	200	10.	158	ok	valid_end_?	$|HK| = 18$ cm, $|AH| = 13$ cm. Yukarıdaki verilere göre, $|AE| = x$ kaç cm'dir?
33e862f2-0a6b-5feb-aee5-71797a3c7c4e	Bilgi Sarmalı-2022-2023-Tyt Ayt-Geometri Soru Bankası	42	8	187	ok	valid_end_?	DE| = 6$ birim, $|AB| = |AC| = 5\sqrt{3}$ birim. Buna göre, $|BD|$ kaç birimdir?
343ebe55-c149-5c74-8f6f-d7568d4ef12e	Mikro-2024-Tyt Ayt-Geometri Soru Bankası	123	11	122	ok	valid_end_?	|$, $|AD| = 10$ cm, $|AB| = 6$ cm. Buna göre, Alan$(ADC)$ kaç santimetrekaredir?
351f53bd-8bf6-5e15-be54-ce2f750b3a50	C1CELL-2024-TYT-AYT-Geometri Soru Bankası	138	12	160	ok	valid_end_?	E|$, $|CB|=4$ br, $|BE|=5$ br. Yukarıdaki verilenlere göre, $|AF|$ kaç birimdir?
43bd2224-3175-5ade-a3b7-1b717f24969d	2020-2021-Acil-Tyt Ayt Geometrinin ilacı Soru Bankası	112	9	105	ok	valid_end_?	 $|AD|=6$ birim, $|DB|=2$ birim, $|BC|=4$ birim. Buna göre, $|AC|$ kaç birimdir?
4505b3ba-c723-5c63-9cc0-586d5a365720	C1CELL-2024-TYT-AYT-Geometri Soru Bankası	63	11.	164	ok	valid_end_?	(\widehat{ABC}) = 120^\circ$ olarak veriliyor. Buna göre, $|BC| = x$ kaç br'dir?
45c06f70-f7ac-555e-9071-d68b5deb2199	Bilgi Sarmalı-2025-Tyt Ayt-Geometri Soru Bankası	354	9.	176	ok	valid_end_?	6)$, $B(7, b)$ ve $C(a, 4)$'tür. Yukarıdaki verilere göre, $a+b$ toplamı kaçtır?
45e3d443-2ebd-5a0d-8914-a7ceb46b6006	345 Tyt Ayt Geometri Soru Bankası	419	7	88	ok	valid_end_?	zgün beşgen, $[AF] = [CF]$, $[AC] = 12$ cm olduğuna göre, $[EF] = x$ kaç cm'dir?
467d0a5a-3979-51be-8fc9-55c71463067f	C1CELL-2024-TYT-AYT-Geometri Soru Bankası	34	10	215	ok	valid_end_?	r. Buna göre, $\alpha$ ve $\beta$ arasındaki bağıntı aşağıdakilerden hangisidir?
47398261-3b7f-59b0-8e9a-fd7856653684	Mikro-2024-Tyt Ayt-Geometri Soru Bankası	79	12	131	ok	valid_end_?	{BAC})=45^\circ$, $|AB|=2\sqrt{3}$ cm olduğuna göre, $|AC|=x$ kaç santimetredir?
47fb52c2-8b8b-5857-be0f-37b182ad8297	CAP-2022-2023-TYT AYT-Geometri Soru Bankası	85	9	311	ok	valid_end_?	circ$ dir. Yukarıdaki verilere göre taralı bölgenin alanı kaç $\text{cm}^2$ dir?
48a51338-6fc5-5d0f-8c3c-547c9eac3da8	Bilgi Sarmalı-2023-2024-Tyt Ayt-Geometri Soru Bankası	40	8	187	ok	valid_end_?	cm, $|EF|=5$ cm, $|FC|=1$ cm. Buna göre, $|AE|^2+|DF|^2$ toplamı kaç $cm^2$ dir?
4f1c8e03-b8f8-54af-a605-6c3ee83478c6	Bilgi Sarmalı-Tyt Ayt-Geometri Soru Bankası	48	7.	158	ok	valid_end_?	ehat{BAD})=15^\circ$, $|AB|=8$ cm Yukarıdaki verilere göre, $|AC|=x$ kaç cm'dir?
4f62c211-e3c0-5d31-96c5-1238a828979c	C1CELL-2024-TYT-AYT-Geometri Soru Bankası	202	8.	186	ok	valid_end_?	(\widehat{BCD}) = 78^\circ$. $3x = 2y$ olduğuna göre, $y-x$ farkı kaç derecedir?
4f71f2ea-4f8b-5d8d-ab8c-04a129cd0822	Orijinal-2024-Geometri Soru Bankası	91	8.	149	ok	valid_end_?	BC})$, $|AB|=4|DC|$, $|BD|=6$ cm. Yukarıdaki verilere göre, $|AB|=x$ kaç cm'dir?
4fa59972-f67d-5d0b-afed-b9b8c05b9577	Bilgi Sarmalı-2023-2024-Tyt Ayt-Geometri Soru Bankası	346	9	183	ok	valid_end_?	8)$, $B(7, b)$ ve $C(a, 4)$'tür. Yukarıdaki verilere göre, $a+b$ toplamı kaçtır?
5133c599-8f31-5f9b-a7c0-2d4b76911d14	CAP-2022-2023-TYT AYT-Geometri Soru Bankası	25	7	190	ok	valid_end_?	B})=36^\circ$ dir. Yukarıdaki verilere göre, $m(\widehat{BAH})=x$ kaç derecedir?
2b9980e9-fe29-5768-9513-e102ebd27d2d	Orijinal-2024-Geometri Soru Bankası	119	8	46	ok	valid_end_?	Yukarıdaki verilere göre, $|AB|=x$ kaç cm'dir?
537dd7a6-c5b4-5665-9134-772090a3a6d1	Orijinal-2024-Geometri Soru Bankası	93	10.	168	ok	valid_end_?	 $|FD| = 9$ cm, $|CB| = 6$ cm. Yukarıda verilenlere göre, $|CE| = x$ kaç cm'dir?
54198295-7aa5-5a21-88cb-f52cff09c7ac	CAP-2022-2023-TYT AYT-Geometri Soru Bankası	51	7	132	ok	valid_end_?	|$, $|AE|=8$ cm ve $|DC|=3$ cm dir. Yukarıdaki verilere göre, $EC=x$ kaç cm dir?
5460ac0d-ab0c-5503-af63-c3f229dd3ab4	2020-2021-Acil-Tyt Ayt Geometrinin ilacı Soru Bankası	156	11	129	ok	valid_end_?	$ birim $|BE| = 4$ birim Çevre$(ABC) = 21$ birim Buna göre, $|AB|$ kaç birimdir?
63267b25-7037-5d63-b71c-957624ba14e7	Orijinal-Tyt Ayt Geometri Soru Bankası	59	10.	44	ok	valid_end_?	Yukarıdaki verilere göre, $|AK|$ kaç cm'dir?
63dc6230-04d3-5be2-bdef-8a134629d26b	Bilgi Sarmalı-Tyt Ayt-Geometri Soru Bankası	30	9	160	ok	valid_end_?	 24^\circ$. Yukarıdaki verilere göre, $m(\widehat{ABC}) = \alpha$ kaç derecedir?
64bf167c-231f-559d-b2f1-d2c6508ba095	2020-2021-Acil-Tyt Ayt Geometrinin ilacı Soru Bankası	54	11	134	ok	valid_end_?	im, $|BD|=7$ birim, $m(\widehat{ADC})=45^\circ$. Buna göre, $|DC|$ kaç birimdir?
657042fa-01a6-5f2f-9a9c-abbdf1375fe7	C1CELL-2024-TYT-AYT-Geometri Soru Bankası	18	8.	179	ok	valid_end_?	\widehat{ACB}) = 2m(\widehat{BAD})$ Buna göre, $m(\widehat{ABE})$ kaç derecedir?
65da68e5-d252-54ce-bd85-e9cf395bcca5	CAP-2022-2023-TYT AYT-Geometri Soru Bankası	139	8.	177	ok	valid_end_?	rt{6}$ cm $|AK| = 4\sqrt{2}$ cm Yukarıdaki verilere göre, $|HK| = x$ kaç cm dir?
67542360-89f3-5270-897a-469a2edd9869	Orijinal-Tyt Ayt Geometri Soru Bankası	93	10.	168	ok	valid_end_?	 $|FD| = 9$ cm, $|CB| = 8$ cm. Yukarıda verilenlere göre, $|CE| = x$ kaç cm'dir?
67f6b45c-fd49-58b4-ae27-fc6748c711cc	345 2025 Tyt Ayt Geometri Soru Bankası 1	62	12	183	ok	valid_end_?	$ $|AB| = 8\sqrt{3} \text{ cm}$ Yukarıdaki verilere göre, $|KF| = x$ kaç cm'dir?
8824ee09-26db-5d33-bb88-c185363ee598	Bilgi Sarmalı-Tyt Ayt-Geometri Soru Bankası	162	13	112	ok	valid_end_?	(\widehat{EGB})=36^{\circ}$. Yukarıdaki verilere göre, bu çokgen kaç kenarlıdır?
89208a07-780d-5b7a-9ee0-4af71ac7bc50	Bilgi Sarmalı-Tyt Ayt-Geometri Soru Bankası	50	8	183	ok	valid_end_?	cm. Yukarıdaki verilere göre, A ile D noktaları arasındaki uzaklık kaç birimdir?
897f730a-ef24-51c8-a6a9-18e3aa5791e8	Bilgi Sarmalı-2023-2024-Tyt Ayt-Geometri Soru Bankası	96	Soru 3	364	ok	valid_end_?	ext{ cm}$, $|A_1H_1|=13 \text{ cm}$ Yukarıdaki verilere göre, $|AH|$ kaç cm'dir?
8afbc517-836e-54eb-b9c7-8abbdd507225	345 2025 Tyt Ayt Geometri Soru Bankası 1	53	6.	131	ok	valid_end_?	, $|AE|=|ED|=|EB|=\sqrt{13}$ cm, $|BD|=4$ cm olduğuna göre, $|CD|=x$ kaç cm'dir?
8f3d23bb-ce8f-5902-9582-76b833c19229	2020-2021-Acil-Tyt Ayt Geometrinin ilacı Soru Bankası	62	10	122	ok	valid_end_?	BC$ $|DE|=\sqrt{3}$ birim $|DF|=2\sqrt{3}$ birim Buna göre, $|FC|$ kaç birimdir?
8fbd91c8-b0bd-53f2-aaf2-3b085690ef8f	2023-2024-ACİL-TYT-AYT-Geometrinin İlacı	48	9	208	ok	valid_end_?	 ABC açısının açıortayı $|BD|$ doğru parçası olduğuna göre, $|ED|$ kaç birimdir?
8fc4ad71-2496-57fd-b86a-61eeed6f5b60	Bilgi Sarmalı-2025-Tyt Ayt-Geometri Soru Bankası	256	7	540	ok	valid_end_?	yamuk elde ediyor. Buna göre, Öykü'nün elde ettiği yamuğun alanı kaç $cm^2$ dir?
19100fcf-a3d2-56a8-a964-39335efd3841	CAP-2022-2023-TYT AYT-Geometri Soru Bankası	43	10	153	ok	valid_end_?	$ ve $|PE|+|PH|-|PD|=6$ cm dir. Yukarıdaki verilere göre, Çevre(ABC) kaç cm dir?
19af471a-4fbc-5cc4-ac2c-7dc3c11ac910	345 2025 Tyt Ayt Geometri Soru Bankası 1	259	8.	127	ok	valid_end_?	tay, $[EC]=[BE]$, $|AD|=13$ cm, $|DC|=14$ cm olduğuna göre, $|AB|=x$ kaç cm'dir?
19e179ab-3581-5465-b685-15ded76fec3c	Orijinal-Tyt Ayt Geometri Soru Bankası	152	11	134	ok	valid_end_?	[LC] = [BC]$ Yukarıdaki verilere göre $m(\widehat{KLC}) = \alpha$ kaç derecedir?
1a06116e-5e15-5f83-b6c6-e182717dc530	Bilgi Sarmalı-2023-2024-Tyt Ayt-Geometri Soru Bankası	58	9.	122	ok	valid_end_?	, $|AB|=|AC|$, $[BD]=6$ birim, $[DC]=2$ birim. Buna göre, $|AD|=x$ kaç birimdir?
1aaf33e7-e349-5883-ad20-d4072a35eb63	Orijinal-2024-Geometri Soru Bankası	200	11	159	ok	valid_end_?	ekilde $x^2+y^2=128$ olduğuna göre, ABCD eşkenar dörtgeninin çevresi kaç cm'dir?
1aaf5def-a070-5bfb-b06f-ea187c431f64	C1CELL-2024-TYT-AYT-Geometri Soru Bankası	189	8	242	ok	valid_end_?	irc$ olduğuna göre, bu düzgün çokgenin bir iç açısının ölçüsü $x$ kaç derecedir?
1b1a1155-204c-5b94-bd8c-2e4fdb34cc54	CAP-2022-2023-TYT AYT-Geometri Soru Bankası	49	10	102	ok	valid_end_?	|=4$ cm $|EC|=7$ cm $|BC|=12$ cm. Yukarıdaki verilere göre, $|DE|=x$ kaç cm dir?
2b08a35e-ce97-5293-91f5-693a64fa86de	2020-2021-Acil-Tyt Ayt Geometrinin ilacı Soru Bankası	172	8	100	ok	valid_end_?	 $DF \perp EC$, $IEG = IGBI$, $|AB| = 10$ birim. Buna göre, $|FG|$ kaç birimdir?
2b179230-c301-5695-a13b-8a1eee7f9bc7	345 2025 Tyt Ayt Geometri Soru Bankası 1	317	7.	184	ok	valid_end_?	$|AB| = |DC| + |EB|$ olduğuna göre, $m(\widehat{EAB}) = \alpha$ kaç derecedir?
2b263862-a9e8-5e20-8eb0-46e5d48513d3	Orijinal-2024-Geometri	80	10	244	ok	valid_end_?	or. $|A'B'| = 6\sqrt{2}$ cm olduğuna göre, eşkenar üçgenin alanı kaç $cm^2$ dir?
2b5940cf-d8c7-5a7d-8993-8500916cca23	Orijinal-Tyt Ayt Geometri Soru Bankası	168	11	216	ok	valid_end_?	dir. Yukarıda verilenlere göre, $m(\widehat{CDH}) = \alpha$ kaç derece olabilir?
2b5bf21e-86ea-56a1-94e0-e680c87108cc	Orijinal-2025-Analitik Geometri	40	9	294	unclear	unknown_end_$	rudur? I. $\beta > \theta > \alpha$ II. $m_3 > m_2 > m_1$ III. $m_1 + m_3 > m_4$
2c95e11f-44c6-5d7e-9360-dac75c95fb76	Bilgi Sarmalı-2023-2024-Tyt Ayt-Geometri Soru Bankası	170	6	122	ok	valid_end_?	egeninin uzunluğu $(2+2\sqrt{5})$ cm olduğuna göre, yıldızın çevresi kaç cm'dir?
56e60173-f2c5-5dd3-bc0a-cae70292dca4	Orijinal-2024-Geometri Soru Bankası	383	7	317	ok	valid_end_?	2, 0)$ olduğuna göre, $[AO]$ çaplı çemberin denklemi aşağıdakilerden hangisidir?
2dba3f5e-f7ca-5abc-8d0d-4f2aa7e164a6	345 2025 Tyt Ayt Geometri Soru Bankası 1	257	7	126	ok	valid_end_?	cm, $|EC|=12$ cm, $|AD|=17$ cm, $|DE|=20$ cm olduğuna göre, $|AB|=x$ kaç cm'dir?
2e9a673f-438d-5822-add1-f90abc0541fa	Bilgi Sarmalı-2023-2024-Tyt Ayt-Geometri Soru Bankası	198	8.	137	ok	valid_end_?	|FC| = 6$ cm, $|EF| = 12$ cm. Yukarıdaki verilere göre, $A(ABCD)$ kaç $cm^2$dir?
3c369f57-2cdc-560f-bba2-05a6dd3c728a	Bilgi Sarmalı-2022-2023-Tyt Ayt-Geometri Soru Bankası	100	8	150	ok	valid_end_?	p [BC]$, $[BE] = 6$ birim, $[EH] = 3$ birim. Buna göre, $|HC| = x$ kaç birimdir?
3d20d44b-28fa-5dde-aea1-f65151c09eab	345 2025 Tyt Ayt Geometri Soru Bankası 1	247	7	147	ok	valid_end_?	= |FB|$ $|GH| = 4$ birim $|EF| = 7$ cm olduğuna göre, Alan(ABCD) kaç $cm^2$ dir?
3d75a21f-f986-592b-ab31-2bb4e3c39a4a	Bilgi Sarmalı-2023-2024-Tyt Ayt-Geometri Soru Bankası	150	10	173	ok	valid_end_?	m. Yukarıdaki verilere göre, $x$'in alabileceği en küçük tam sayı değeri kaçtır?
3da9e42c-9e77-5f8f-83b1-60ea074f85be	Bilgi Sarmalı-Tyt Ayt-Geometri Soru Bankası	58	8.	110	ok	valid_end_?	, $|AB|=|AD|$, $|BD|=4$ birim, $|DC|=6$ birim. Buna göre, $|AC|=x$ kaç birimdir?
3e9e9ef4-2da8-56ea-8a06-8ec08ccdde6e	345 Tyt Ayt Geometri Soru Bankası	61	6	85	ok	valid_end_?	şkenar üçgen, $|AD| = 4$ cm, $|CD| = 6$ cm olduğuna göre, $|BD| = x$ kaç cm'dir?
3f488da9-54e9-577d-ae0e-2c4836c85a10	345 Tyt Ayt Geometri Soru Bankası	61	8	104	ok	valid_end_?	 \perp [BC]$, $|AD| = 2$ cm, $|EC| = 4$ cm olduğuna göre, $|BD| = x$ kaç cm'dir?
4021b63d-a236-5d85-a288-eaf5a23508b0	Mikro-2024-Tyt Ayt-Geometri Soru Bankası	79	15	108	ok	valid_end_?	=120^\circ$, $|AB|=2$ cm, $|BC|=6$ cm olduğuna göre, $|AC|=x$ kaç santimetredir?
409a6b6d-2800-54f3-89b4-5e5c52f07485	Orijinal-2025-Analitik Geometri	22	Örnek 2	235	ok	valid_end_?	narını ortaladığına göre $C$ köşesinin koordinatları aşağıdakilerden hangisidir?
41423ab2-1b74-57fe-adbd-2a93c4922104	Bilgi Sarmalı-2022-2023-Tyt Ayt-Geometri Soru Bankası	28	7	159	ok	valid_end_?	a$, $|BC|=2|DE|$, $|AD|>|DB|$. Yukarıdaki verilere göre, $\alpha$ kaç derecedir?
41d03783-e3d8-5629-888b-94cb42fbb2bf	345 Tyt Ayt Geometri Soru Bankası	73	7	135	ok	valid_end_?	 = 60^\circ$, $|BC| = |CD| = 2\sqrt{3}$ cm olduğuna göre, $|AD| = x$ kaç cm'dir?
41c50ff9-33ae-5a82-9105-f43a0dd818e7	345 Tyt Ayt Geometri Soru Bankası	325	9	102	ok	valid_end_?	, $|DE|=4$ cm, $|EC|=4$ cm, $|AD|=|AC|=8$ cm olduğuna göre, $|BE|=x$ kaç cm'dir?
41cd9deb-5555-5ab4-86f0-79f11b7a2202	C1CELL-2024-TYT-AYT-Geometri Soru Bankası	243	11	141	ok	valid_end_?	 [AB]$, $|DE|=2$ br, $|EA|=6$ br. Yukarıda verilenlere göre, Ç(ABCD) kaç br'dir?
56733f2d-08cb-566b-8106-615e4267aeed	Mikro Orijinal-2025-Ayt-Geometri Soru Bankası	183	8.	417	ok	valid_end_?	^2$ II. $18 \text{ cm}^2$ III. $30 \text{ cm}^2$ değerlerinden hangisi olabilir?
57da5082-95f7-510c-847a-8ca6d2bbddd4	Bilgi Sarmalı-Tyt Ayt-Geometri Soru Bankası	62	10	151	ok	valid_end_?	$[HD] = 1$ cm, $2[BC] = 3[CE]$. Yukarıdaki verilere göre, $[DE] = x$ kaç cm'dir?
57f19da0-0262-5ab6-a983-a0c214cacd7c	Orijinal-Tyt Ayt Geometri Soru Bankası	234	8	340	ok	valid_end_?	r. $|AE| = |FC| = 1 \text{ cm}$ olduğuna göre, $|A'C'| = x$ kaç $\text{cm}$'dir?
5825deff-00cf-5185-8c41-96c72ade4ff6	C1CELL-2024-TYT-AYT-Geometri Soru Bankası	32	9.	114	ok	valid_end_?	 $m(\widehat{BAD})=60^{\circ}$'dir. Buna göre, $m(\widehat{ADC})$ kaç derecedir?
5897b071-167d-53ab-a956-9c162277b45a	ACİL-TYT-AYT-Geometri Soru Bankası	192	11	100	ok	valid_end_?	en, $|DE|=|EA|$, $[AD] \perp [BC]$, $|BC|=4$ cm. Buna göre, $|EC|=x$ kaç cm'dir?
5926b403-7c89-504d-b9c9-f175c16abcbd	Orijinal-Tyt Ayt Geometri Soru Bankası	59	9.	47	ok	valid_end_?	Yukarıda verilenlere göre, $|AE|=x$ kaç cm'dir?
59283ea2-9d09-513c-b63f-74a43ad3a88e	Bilgi Sarmalı-Tyt Ayt-Geometri Soru Bankası	398	6	499	ok	valid_end_?	a-b| = 4$ tür. III. $|OB| = \frac{25}{3}$ tür. ifadelerinden hangileri doğrudur?
59be58c4-f5c2-5c84-9497-e5dbcce92265	2023-2024-ACİL-TYT-AYT-Geometrinin İlacı	40	11	166	ok	valid_end_?	$ birim, $DEI = 2$ birim, $ECI = 17$ birim olduğuna göre, $|IFCI|$ kaç birimdir?
5a8aef4a-eaec-5e51-949b-3ed9850a5b89	Orijinal-2024-Geometri Soru Bankası	95	8.	138	ok	valid_end_?	=4$ cm, $|DC|=7$ cm. Yukarıdaki verilere göre, $\frac{|BE|}{|EC|}$ oranı kaçtır?
5adc21ed-6a77-5789-b124-b315d917aa53	Bilgi Sarmalı-2022-2023-Tyt Ayt-Geometri Soru Bankası	60	9	162	ok	valid_end_?	 [BC]$, $|DE|=8$ cm, $|EF|=6$ cm. Yukarıdaki verilere göre, $|AH|=x$ kaç cm'dir?
5b0605a8-4bf8-5d84-a749-4146175be6df	Bilgi Sarmalı-2022-2023-Tyt Ayt-Geometri Soru Bankası	48	7	157	ok	valid_end_?	hat{BAD})=15^{\circ}$, $|AB|=8$ cm. Yukarıdaki verilere göre, $|AC|$ kaç cm'dir?
5b573fc1-5070-5cc1-9ee7-5de7386855b2	345 Tyt Ayt Geometri Soru Bankası	62	13.	197	ok	valid_end_?	KL| = 1$ cm, $|KN| = 3$ cm, $|AB| = 16$ cm olduğuna göre, $|KM| = x$ kaç cm'dir?
685cc8da-8822-5ba1-8da1-5bff5cdb5019	Bilgi Sarmalı-Tyt Ayt-Geometri Soru Bankası	288	7	237	ok	valid_end_?	 sırasıyla $N$ ve $P$ noktalarında teğet olduğuna göre, Çevre$(KLM)$ kaç cm'dir?
68f5d995-f60c-51b5-b303-68cad264c04b	2023-2024-ACİL-TYT-AYT Geometri Soru Bankası	161	12.	135	ok	valid_end_?	]$, $[EC] = 12$ cm, $[AD] = 7$ cm. Buna göre, $A(\widehat{EGC})$ kaç $cm^2$ dir?
695b9111-41e8-510b-9962-956e3a0d5171	CAP-2022-2023-TYT AYT-Geometri Soru Bankası	35	10	363	ok	valid_end_?	uzunluğu A köşesine ait yüksekliğin 4 katıdır. ifadelerinden hangileri doğrudur?
6972f2c8-7e27-57e7-a5af-f8d10e8c7247	Orijinal-Tyt Ayt Geometri Soru Bankası	198	11	141	ok	valid_end_?	CD eşkenar dörtgeninin alanı $36 \text{ cm}^2$ olduğuna göre, $|AE|$ kaç cm'dir?
69faa6e4-7581-5eba-bcc3-62b5f03584f1	Mikro Orijinal-2025-Ayt-Geometri Soru Bankası	213	Örnek 3	145	ok	valid_end_?	 $m(\widehat{EDC}) = m(\widehat{ACB})$. Verilenlere göre, $|EB| = x$ kaç cm'dir?
6b253647-8917-50d9-a0d7-ffc0d4cee7a6	345 2025 Tyt Ayt Geometri Soru Bankası 1	311	6	111	ok	valid_end_?	 BC$, $|AD|=|DE|$, $|EB|=3$ cm, $|AE|=10$ cm olduğuna göre, $|DF|=x$ kaç cm'dir?
6b427dac-f098-5d22-8dcf-ce8404004fd0	CAP-2022-2023-TYT AYT-Geometri Soru Bankası	361	20	249	ok	valid_end_?	'$ doğrusal noktalardır. Yukarıdaki verilere göre, Alan$(EBC)$ kaç birimkaredir?
6c8e41a4-0ff7-59b2-914d-9fb122377df0	Bilgi Sarmalı-2025-Tyt Ayt-Geometri Soru Bankası	104	12.	191	ok	valid_end_?	E| = 4$ cm, $|CD| = 5$ cm. Buna göre, $m(\widehat{ACD}) = \alpha$ kaç derecedir?
6f05a830-b118-5562-aede-ffa0b1452b7d	Full Matematik-2022-2023-Tyt Ayt-Geometri Soru Bankası	222	11	161	ok	valid_end_?	)=125^\circ$. Yukarıdaki verilere göre, $m(\widehat{BAC})=\alpha$ kaç derecedir?
6f097272-f6f9-5c33-94cd-2891b3ce27fd	Bilgi Sarmalı-2022-2023-Tyt Ayt-Geometri Soru Bankası	44	9	147	ok	valid_end_?	y, $|AB| = 5$ cm, $|EC| = 8$ cm Yukarıdaki verilere göre, $|BC| = x$ kaç cm'dir?
6f483cd7-6f38-5a3c-8457-9d67890c2f73	Bilgi Sarmalı-2023-2024-Tyt Ayt-Geometri Soru Bankası	304	7	331	ok	valid_end_?	xt{ m}$ olduğuna göre, koçun gezebileceği en büyük bölgenin alanı kaç $m^2$ dir?
6f763147-2847-55e1-84f8-b1472c8bd0fb	345 2025 Tyt Ayt Geometri Soru Bankası 1	241	6	152	ok	valid_end_?	(\widehat{ABD}) = 60^\circ$ olduğuna göre, $m(\widehat{BDC}) = x$ kaç derecedir?
7f84289e-c7e0-547e-b6e5-037e9ee6574d	CAP-2022-2023-TYT AYT-Geometri Soru Bankası	75	10	183	ok	valid_end_?	| = 6$ cm ve $|AD| = 4$ cm dir. Yukarıdaki verilere göre, $|AF| = x$ kaç cm dir?
7fd998a7-1dfd-5cb1-9335-b9f8e326d424	C1CELL-2024-TYT-AYT-Geometri Soru Bankası	28	10.	138	ok	valid_end_?	. $m(\widehat{CED})=20^{\circ}$ olduğuna göre, $m(\widehat{BEC})$ kaç derecedir?
81b0f6bf-8399-533c-952f-4065dd0fd036	345 2025 Tyt Ayt Geometri Soru Bankası 1	77	9	172	ok	valid_end_?	t{3}$ cm, $[PK] = 2\sqrt{3}$ cm, $|PE| = 8$ cm olduğuna göre, $|AB|$ kaç cm'dir?
82fc0185-8786-55a4-92a2-f36c49d26e3b	C1CELL-2024-TYT-AYT-Geometri Soru Bankası	28	12.	207	ok	valid_end_?	BCA})=56^{\circ}$ olarak veriliyor. Buna göre, $m(\widehat{BDC})$ kaç derecedir?
905fd398-7333-5319-bcd7-f57e471a868d	Mikro-2024-Tyt Ayt-Geometri Soru Bankası	267	12	171	ok	valid_end_?	$m(\widehat{BAE})=80^{\circ}$ olduğuna göre, $m(\widehat{EFC})=x$ kaç derecedir?
a91b78c9-3280-5e01-aad2-d9e518e4e97c	Mikro-2024-Tyt Ayt-Geometri Soru Bankası	259	15	100	ok	valid_end_?	p [AE]$ $|AF| = 3$ cm $|BF| = 4$ cm olduğuna göre, $|EF| = x$ kaç santimetredir?
a9216769-0351-542b-8eb5-a987ca8cd0a7	C1CELL-2024-TYT-AYT-Geometri Soru Bankası	32	8.	145	ok	valid_end_?	m(\widehat{ABC})=60^{\circ}$'dir. Buna göre, $m(\widehat{DEC})=x$ kaç derecedir?
909b0e8b-adb1-500b-8604-3ca8608ec423	Orijinal-2024-Geometri Soru Bankası	59	9.	131	cutoff	alphanumeric_end	BC eşkenar üçgen $[BH] \perp [AC]$ $m(\widehat{DAC}) = 15^{\circ}$ $|BD| = 4$ cm
a930770c-ee0d-53e9-8d02-3da99550d760	C1CELL-2024-TYT-AYT-Geometri Soru Bankası	61	11.	207	ok	valid_end_?	 br, $|ED|=9$ br ve $|FC|=|BE|$ olduğuna göre, $\frac{|AF|}{|EC|}$ oranı kaçtır?
3b09bf84-96b0-5b70-a593-9fe743aa3b16	Bilgi Sarmalı-Tyt Ayt-Geometri Soru Bankası	164	8.	151	ok	valid_end_?	 cm, $|AD| = 12$ cm, $|BC| = |DC|$. Yukarıdaki verilere göre, $|BC|$ kaç cm'dir?
3ba179fe-d2a7-59bc-8d77-01dd5e99e714	CAP-2022-2023-TYT AYT-Geometri Soru Bankası	282	22	286	ok	valid_end_?	ir. Yukarıdaki verilere göre, A noktasının B noktasına olan uzaklığı kaç km dir?
5fd4e018-068c-5a4c-85b2-e973c4d18cb1	Bilgi Sarmalı-2025-Tyt Ayt-Geometri Soru Bankası	180	7	306	ok	valid_end_?	doğrusal olduğuna göre, $m(\widehat{CBD})-m(\widehat{BCD})$ farkı kaç derecedir?
a643c90b-641a-5469-91b3-4eefa214b774	Bilgi Sarmalı-2023-2024-Tyt Ayt-Geometri Soru Bankası	62	12.	146	ok	valid_end_?	|AD|=4|DI|$, $|DE|=3\sqrt{3}$ cm. Yukarıdaki verilere göre, $|EF|=x$ kaç cm'dir?
a6a182f9-0bc7-50d0-93ec-3970efdd3ac3	345 2025 Tyt Ayt Geometri Soru Bankası 1	51	6	194	ok	valid_end_?	widehat{BAC}) = 61^{\circ}$ olduğuna göre, $m(\widehat{BFC}) = x$ kaç derecedir?
70665482-5189-5a9f-8789-5ec3bea61944	Orijinal-Tyt Ayt Geometri Soru Bankası	47	10.	146	ok	valid_end_?	|$, $|AD|=3$ cm, $|DC|=4$ cm'dir. Yukarıdaki verilere göre, $|BC|=x$ kaç cm'dir?
a6ef3940-e75f-57c0-b61a-b156368a413d	Mikro-2024-Tyt Ayt-Geometri Soru Bankası	259	11	136	ok	valid_end_?	AB]$ $|EF| = 3$ cm $|FH| = 5$ cm olduğuna göre, Çevre$(ABCD)$ kaç santimetredir?
70c98c87-3f3f-5641-9aec-a45a189d5fed	Orijinal-Tyt Ayt Geometri Soru Bankası	156	9.	132	ok	valid_end_?	AC] = \{K\}$, $|AK| = 6$ cm. Yukarıda verilenlere göre, Çevre(ABCDE) kaç cm'dir?
7527777e-f10c-53b8-9a99-0268bc6c3f70	Mikro-2024-Tyt Ayt-Geometri Soru Bankası	95	11	142	ok	valid_end_?	C|$, $|AD| = 17$ cm, $|BC| = 15$ cm olduğuna göre, $|BC| = x$ kaç santimetredir?
77608f51-f16d-5916-a101-fb41bbf611a4	C1CELL-2024-TYT-AYT-Geometri Soru Bankası	63	9.	44	ok	valid_end_?	Şekilde verilenlere göre, $|AC|$ kaç br'dir?
39521e52-37cc-55a4-bfe3-02f0504184b8	Bilgi Sarmalı-2023-2024-Tyt Ayt-Geometri Soru Bankası	284	10	138	ok	valid_end_?	|=|BC|=10$ cm, $|DC|=4$ cm. Yukarıdaki verilere göre, Alan(ABCD) kaç $cm^2$ dir?
7aea3eb6-b525-5b39-89d9-97d18d4632a8	345 Tyt Ayt Geometri Soru Bankası	53	6.	112	ok	valid_end_?	, $|AE|=|ED|=|EB|=\sqrt{13}$ cm, $|BD|=4$ cm olduğuna göre, $|CD|=x$ kaç cm'dir?
917b0f1f-3289-57fe-8c46-8aaf9bc9cfbf	2020-2021-Acil-Tyt Ayt Geometrinin ilacı Soru Bankası	172	11	116	ok	valid_end_?	{F\}$, $|IBGI = |GFI$, Çevre$(BCG) = 18$ birim. Buna göre, $|AFI|$ kaç birimdir?
3ac93b56-7505-50bd-b28e-9aa0ea5df888	2023-2024-ACİL-TYT-AYT-Geometrinin İlacı	48	10	149	ok	valid_end_?	|$ $|AB| = 4 \cdot |DF| = 4$ birim Buna göre, $x$ açısının ölçüsü kaç derecedir?
3b5494e0-3725-5f11-8738-d246244aee80	Bilgi Sarmalı-Tyt Ayt-Geometri Soru Bankası	58	11.	168	ok	valid_end_?	, $|AK|=|KC|$, $|BD|=6$ birim, $|FC|=4$ birim. Buna göre, $|DF|=x$ kaç birimdir?
3bf78d5a-9557-5100-ab80-4625ee3280f0	2020-2021-Acil-Tyt Ayt Geometrinin ilacı Soru Bankası	62	9	155	cutoff	alphanumeric_end	 \parallel BC$ $DK \parallel AC$ $Ç(ABC)=39$ birim $|DF|=6$ birim $|DE|=3$ birim
49e57867-1d8f-51c3-b16d-b93d72018b50	CAP-2022-2023-TYT AYT-Geometri Soru Bankası	360	16	162	ok	valid_end_?	eri verilmiştir. $|BC|=|CD|$ dir. Yukarıdaki verilere göre, $|AC|$ kaç birimdir?
9928dd3a-c975-5c23-9c63-433150b37108	CAP-2022-2023-TYT AYT-Geometri Soru Bankası	47	7	168	ok	valid_end_?	c$, $|PE|=4$ cm ve $|PF|=6$ cm dir. Yukarıdaki verilere göre, $|AB|$ kaç cm dir?
b7f3b38f-33a3-5f74-91e0-8ae2d546b99c	345 2025 Tyt Ayt Geometri Soru Bankası 1	63	15	158	ok	valid_end_?	t{o}$ $|CD| = 7\sqrt{3}$ cm $|CB| = 19$ cm olduğuna göre, $|AD| = x$ kaç cm'dir?
b9670b81-8119-5e95-8840-59881fbe807b	Orijinal-2024-Geometri Soru Bankası	176	8.	173	ok	valid_end_?	| = 4$ cm, $|NC| = 9$ cm. Yukarıda verilenlere göre, Alan$(HKD)$ kaç cm$^2$ dir?
d5744be6-39aa-51eb-917b-1e174f14b65b	Orijinal-2024-Geometri Soru Bankası	156	12	131	ok	valid_end_?	$[AD]$ köşegen, $|AG| = 2$ cm. Yukarıda verilenlere göre, $|KN| = x$ kaç cm'dir?
d5752d65-ce3b-53a5-adad-5701d5823c43	Bilgi Sarmalı-2023-2024-Tyt Ayt-Geometri Soru Bankası	170	8	144	ok	valid_end_?	arı toplamı 42 birim olduğuna göre, başlangıçtaki kartonun çevresi kaç birimdir?
d62437ac-42a7-5c38-a29c-0cb6f632a02e	345 Tyt Ayt Geometri Soru Bankası	241	6	161	ok	valid_end_?	at{ABD}) = 60^ ext{o}$, $m(\widehat{BDC}) = x$ olduğuna göre, $x$ kaç derecedir?
f98fdb4a-4261-502e-ada2-279b5b8da9a2	C1CELL-2024-TYT-AYT-Geometri Soru Bankası	34	9	179	ok	valid_end_?	D}) = 34^ ext{o}$ olarak veriliyor. Buna göre, $m(\widehat{BCD})$ kaç derecedir?
fa34f973-47a6-5644-a496-a0af6012710f	Orijinal-2024-Geometri Soru Bankası	29	11	163	ok	valid_end_?	$|DC| = 2$ cm $|BC| = \sqrt{69}$ cm Yukarıdaki verilere göre, $|AB|$ kaç cm'dir?
4a7ae6cb-6cbe-5f2e-9961-eed5fd96d85f	345 2025 Tyt Ayt Geometri Soru Bankası 1	325	9	94	ok	valid_end_?	B|=2$ cm, $|DE|=|EC|=4$ cm, $|AD|=|AC|=8$ cm olduğuna göre, $|BE|=x$ kaç cm'dir?
9b561863-253a-50a5-a04a-77089adccb5e	Full Matematik-2022-2023-Tyt Ayt-Geometri Soru Bankası	219	7	302	ok	valid_end_?	doğrusaldır. Yukarıdaki verilere göre, $m(\widehat{D'KB})=\alpha$ kaç derecedir?
9f5f5637-6b54-56f7-b442-41f568236988	345 2025 Tyt Ayt Geometri Soru Bankası 1	63	16	124	ok	valid_end_?	l AB$ $|BE| = 6\sqrt{3}$ cm $|EC| = 12$ cm olduğuna göre, $|FD| = x$ kaç cm'dir?
4bbe849a-3d86-5f74-b0fe-6015c7380011	CAP-2022-2023-TYT AYT-Geometri Soru Bankası	113	11	132	ok	valid_end_?	$|ADI = 8$ cm ve $|TSI = 1$ cm dir. Yukarıdaki verilere göre, $|BC|$ kaç cm dir?
4bece432-813b-5559-8e68-f03dfad134a2	Bilgi Sarmalı-2025-Tyt Ayt-Geometri Soru Bankası	64	9.	120	ok	valid_end_?	, $|AB|=|AC|$. $|BD|=6$ birim, $|DC|=2$ birim. Buna göre, $|AD|=x$ kaç birimdir?
a1a197b1-cda4-5595-9840-f8a80651bbf7	C1CELL-2024-TYT-AYT-Geometri Soru Bankası	185	10	154	ok	valid_end_?	m(\text{NHİ})$, $m(\text{HNE})=x$. Yukarıda verilenlere göre, $x$ kaç derecedir?
4d8b3742-21e0-543c-ab2b-20a889ac7ea5	Bilgi Sarmalı-2022-2023-Tyt Ayt-Geometri Soru Bankası	28	9	197	ok	valid_end_?	})=40^\circ$. Yukarıdaki verilere göre, $m(\widehat{CBD})=\alpha$ kaç derecedir?
4e192de4-90f8-5e4d-8ac1-68ae3ee7c3ce	Bilgi Sarmalı-2025-Tyt Ayt-Geometri Soru Bankası	108	12.	135	ok	valid_end_?	, $|AD| = 8$ cm, $|FB| = 6$ cm. Yukarıdaki verilere göre, $|DF| = x$ kaç cm'dir?
5c8f7205-088f-51ac-979b-ebd39e1832a5	Orijinal-Tyt Ayt Geometri Soru Bankası	285	11	144	ok	valid_end_?	 cm. ABCD dik yamuğu teğetler dörtgeni olduğuna göre, Alan(ABCD) kaç cm$^2$'dir?
c2c53eb4-7d00-55ff-9f3c-2164ba13bc42	Bilgi Sarmalı-Tyt Ayt-Geometri Soru Bankası	62	9	144	ok	valid_end_?	\widehat{DBC})$, $[EC] = 2$ cm. Yukarıdaki verilere göre, $[BD] = x$ kaç cm'dir?
5d1c5955-3555-5e4e-87ad-7d39523d6a88	345 2025 Tyt Ayt Geometri Soru Bankası 1	259	7.	141	ok	valid_end_?	\widehat{AKD})=72^\circ$ olduğuna göre, $m(\widehat{AED})=\alpha$ kaç derecedir?
c4803a02-2770-58eb-b165-235e66343812	345 Tyt Ayt Geometri Soru Bankası	77	7	209	ok	valid_end_?	diliyor. $|AB| = 3$, $|BE| = 6$ cm olduğuna göre, Şekil 2'de $|AB'|$ kaç cm'dir?
c5ef12b3-8d89-53fb-8461-83d4886117c8	345 2025 Tyt Ayt Geometri Soru Bankası 1	271	7.	139	ok	valid_end_?	3$ cm, $|AD| = |AE| = 4$ cm, $|BC| = 5$ cm olduğuna göre, $|DE| = x$ kaç cm'dir?
c6d718af-b743-5bcd-83d6-6d87dee303a6	CAP-2022-2023-TYT AYT-Geometri Soru Bankası	81	7	142	ok	valid_end_?	 $|AB|=4$ cm ve $|BC|=12$ cm dir. Yukarıdaki verilere göre, $|DC|=x$ kaç cm dir?
c738e22e-66e9-5f21-ba42-4278530c71de	Orijinal-Tyt Ayt Geometri Soru Bankası	51	8	156	ok	valid_end_?	rc$, $|FK|=3$ cm, $|FE|=1$ cm. Yukarıdaki verilere göre, $|AB|=|AC|$ kaç cm'dir?
e435f1bc-8f05-5635-8c68-4145dd1ee2dc	Bilgi Sarmalı-Tyt Ayt-Geometri Soru Bankası	342	6	422	ok	valid_end_?	şlangıçtaki pembe kartonun yarıçapının yeşil kartonunun yarıçapına oranı kaçtır?
e82d4614-1a84-5a16-a28a-5a9a48fa378d	345 2025 Tyt Ayt Geometri Soru Bankası 1	327	8.	142	ok	valid_end_?	 [BC]$, $|EF|=3$ cm, $|BF|=2$ cm olduğuna göre, $A(ABCD)$ kaç $\text{cm}^2$ dir?
e975ab10-e186-5676-b736-0ed298d2d724	Bilgi Sarmalı-2023-2024-Tyt Ayt-Geometri Soru Bankası	298	8	335	ok	valid_end_?	rım daireye C noktasında teğet olduğuna göre, $AKC$ yayının uzunluğu kaç cm'dir?
604f56e4-ee40-5f7f-a660-12c4bb82c351	Bilgi Sarmalı-2025-Tyt Ayt-Geometri Soru Bankası	362	8	240	ok	valid_end_?	$ eşitliği sağlanmaktadır. Buna göre, $x = 3$ değeri için $z$'nin değeri kaçtır?
61ec35c4-3a4c-5048-a580-64409af0785c	Full Matematik-2019-2020-Geometri Soru Bankası	235	9	121	ok	valid_end_?	 0)$ ve $m(\widehat{AOC}) = 45^\circ$ dir. Buna göre, $A(OBC)$ kaç birimkaredir?
62b38957-5fa5-54c5-9b2b-ce4d56c5e4ec	CAP-2022-2023-TYT AYT-Geometri Soru Bankası	171	10	150	ok	valid_end_?	DF| = 20$ cm ve $|CF| = 15$ cm dir. Yukarıdaki verilere göre, $|FH|$ kaç cm dir?
ebae8af5-5793-55a9-bb23-4d2514ec8f69	Bilgi Sarmalı-Tyt Ayt-Geometri Soru Bankası	166	7	111	ok	valid_end_?	p[CK]=\{K\}$. $|AB|=4\sqrt{3}$ cm Yukarıdaki verilere göre, $|DK|=x$ kaç cm'dir?
ec14e782-53d0-5f08-8f6a-5d72a718a62c	C1CELL-2024-TYT-AYT-Geometri Soru Bankası	38	10.	153	ok	valid_end_?	veriliyor. $2|AE|-|BC|=2$ birim olduğuna göre, $m(\widehat{ADC})$ kaç derecedir?
71b965fc-c7b4-5c2f-a5d2-ffe12bfc5cb0	2020-2021-Acil-Tyt Ayt Geometrinin ilacı Soru Bankası	114	8	164	ok	valid_end_?	widehat{BCD}) = 60^ ext{o}$ $m(\widehat{BAE}) = x$ Buna göre, $x$ kaç derecedir?
724b3790-35a4-517d-8b1b-2b451c222f16	Bilgi Sarmalı-2022-2023-Tyt Ayt-Geometri Soru Bankası	204	7	171	ok	valid_end_?	|BD|=8 \text{ cm}$ Yukarıdaki verilere göre, Alan$(ABCD)$ kaç $\text{cm}^2$ dir?
72d956bf-95a5-5a26-bce9-53ee397e553b	Orijinal-Tyt Ayt Geometri Soru Bankası	172	7.	226	ok	valid_end_?	CD})=35^{\circ}$. Yukarıda verilenlere göre, $m(\widehat{BED})=x$ kaç derecedir?
73f2bdce-5ab6-578f-a3d1-8e1ff116e333	Mikro-2024-Tyt Ayt-Geometri Soru Bankası	81	15	123	ok	valid_end_?	|BC| = 4\sqrt{2}$ cm, $|AC| = 6$ cm olduğuna göre, $|AB| = x$ kaç santimetredir?
05ed9091-ce75-53a2-b416-5b1b4150fa67	Esen Aps Kimya Soru Bankası	186	7	115	ok	valid_end_?	e ilgili bazı bilgiler verilmiştir. Buna göre bu bilgilerden hangileri doğrudur?
7636c466-7a32-51bd-a2ac-75a14f8da692	Orijinal-2024-Geometri Soru Bankası	91	11.	104	ok	valid_end_?	 üçgen, $|AB|=9$ cm, $|AD|=7$ cm. Yukarıdaki verilere göre, $|AF|=x$ kaç cm'dir?
7662aa0f-f8f0-576c-bb98-d4d98c52b48a	345 2025 Tyt Ayt Geometri Soru Bankası 1	77	10	128	ok	valid_end_?	C| = 4$ cm, $|AB| = 15$ cm, $|AC| = 20$ cm olduğuna göre, $|AD| = x$ kaç cm'dir?
769a77c4-5a8e-5109-a0d9-42f4cd099a82	Orijinal-Tyt Ayt Geometri Soru Bankası	33	8.	177	ok	valid_end_?	{3}$ cm, $|DC| = 3\sqrt{3}$ cm. Yukarıdaki verilere göre, $|BC| = x$ kaç cm'dir?
770e9734-69a3-5692-a37a-da08092c110b	Mikro-2024-Tyt Ayt-Geometri Soru Bankası	81	12	138	ok	valid_end_?	at{ACB}) = 30^\circ$, $|DC| = 6$ cm olduğuna göre, $|AD| = x$ kaç santimetredir?
7758359d-5841-5999-a95b-b22806c7e814	CAP-2022-2023-TYT AYT-Geometri Soru Bankası	165	10	159	ok	valid_end_?	| = 8$ cm ve $|KF| = 3$ cm dir. Yukarıdaki verilere göre, $|EFI = x$ kaç cm dir?
77915b5f-971c-5c89-a0f5-72668d4b56f3	2023-2024-ACİL-TYT-AYT-Geometrinin İlacı	60	11	154	ok	valid_end_?	birim. B, C, D noktaları doğrusal olduğuna göre, $|BC|-|CD|$ farkı kaç birimdir?
78562537-4c9b-50e0-b128-0da97c4c0633	Orijinal-Tyt Ayt Geometri Soru Bankası	71	9.	157	ok	valid_end_?	$ cm, $|DC|=12$ cm'dir. Yukarıda verilenlere göre, $|AB|=x$ uzunluğu kaç cm'dir?
788aeb4a-5f67-5084-8d86-d452836a27d7	Bilgi Sarmalı-Tyt Ayt-Geometri Soru Bankası	204	8	337	ok	valid_end_?	 ve $|B'B''| = 5$ cm'dir. Yukarıdaki verilere göre, Çevre$(A'C'C'')$ kaç cm'dir?
78969376-0fa2-578f-b866-93ee15c2c396	Mikro Orijinal-Tyt Ayt-Geometri Soru Bankası 2	87	11	108	ok	valid_end_?	yüksekliğini çubuklarla oluşturmak için aşağıdakilerden hangisi kullanılmalıdır?
7a7d4e2b-6531-5911-ba33-d5d78d402596	Bilgi Sarmalı-2023-2024-Tyt Ayt-Geometri Soru Bankası	168	8	181	ok	valid_end_?	erilere göre, $x$'in cm cinsinden alabileceği kaç farklı tam sayı değeri vardır?
7aca4d00-2916-53b5-8451-d3a1c5238127	Bilgi Sarmalı-2025-Tyt Ayt-Geometri Soru Bankası	128	9	115	ok	valid_end_?	|BC|=30$ br. $A(ABC)=120$ $br^2$. Buna göre, ABC üçgeninin çevresi kaç birimdir?
7d3759c7-216d-5ce0-a670-764559966462	345 Tyt Ayt Geometri Soru Bankası	259	8	139	ok	valid_end_?	3$ cm, $|DC|=14$ cm, $|EC|=|BE|$. Yukarıdaki verilere göre, $|AB|=x$ kaç cm'dir?
7eb7a666-d9dd-5a77-a732-4ffe1f971c79	Orijinal-Tyt Ayt Geometri Soru Bankası	176	11.	153	ok	valid_end_?	AE|=6$ cm, $|CD|=12$ cm. ABCD deltoidinde verilenlere göre, $|BE|=x$ kaç cm'dir?
94fcd929-768e-526c-b64f-a5438177bc80	C1CELL-2024-TYT-AYT-Geometri Soru Bankası	34	11	142	ok	valid_end_?	o}$ $[AF] = [AC] = [BE] = [ED]$ olduğuna göre, $m(\widehat{ECF})$ kaç derecedir?
9623e66d-8407-571c-ae90-61f478dbe68f	Bilgi Sarmalı-2023-2024-Tyt Ayt-Geometri Soru Bankası	176	8	284	ok	valid_end_?	[BE]$'dir. Buna göre, $m(\widehat{ABC})+m(\widehat{FED})$ toplamı kaç derecedir?
977762ae-2d5d-56cf-84cf-3a2c43dbbc3a	Esen Tyt Ayt Geometri Soru Bankası	37	10.	254	ok	valid_end_?	$[CE]=[EF]$, $[DF]=12$ birim, $[BC]=7$ birimdir. Buna göre, $|BE|$ kaç birimdir?
97db28ae-3b90-5d1f-a3bb-589746631af6	Orijinal-2024-Geometri Soru Bankası	123	9	144	ok	valid_end_?	cm $|CD| = 6$ cm Yukarıdaki verilere göre, Alan($\widehat{BCE}$) kaç $cm^2$ dir?
ae8d9489-350d-5e84-bdb7-b0e34b42f9b5	C1CELL-2024-TYT-AYT-Geometri Soru Bankası	315	6	565	ok	valid_end_?	una göre, başlangıçta art arda gelen her iki kanat arasındaki açı kaç derecedir?
b0a4be66-a343-5d90-96a5-6ddb33860f20	2023-2024-ACİL-TYT-AYT Geometri Soru Bankası	239	11	192	ok	valid_end_?	rinden başka Pick noktası yoktur. Buna göre, bu çokgenin alanı kaç birimkaredir?
0bd40fab-0cb4-516f-ad56-95af35d20bb6	Esen Tyt Kimya Soru Bankası	140	8	317	ok	valid_end_)	=12 \ g/mol$, $O=16 \ g/mol$, $Al=27 \ g/mol$, $Ca=40 \ g/mol$, $Fe=56 \ g/mol$)
b713b805-f1bb-56d7-bdf3-607840b83052	Full Matematik-2019-2020-Geometri Soru Bankası	51	9	61	ok	valid_end_?	Yukarıdaki verilere göre, KBD üçgeninin çevresi kaç birimdir?
b7a0c976-9d89-5bfc-b185-e6fc126b4e6e	Bilgi Sarmalı-2025-Tyt Ayt-Geometri Soru Bankası	182	7	272	ok	valid_end_?	 D noktaları çakıştırılıyor. Buna göre, $m(\text{BD'C}) = \alpha$ kaç derecedir?
b7e0fde9-ec1a-5f38-ade8-03f32bfb51c2	C1CELL-2024-TYT-AYT-Geometri Soru Bankası	130	12	135	ok	valid_end_?	| \parallel [AB]$, $|BE|=6$ br ve $|CE|=12$ br olduğuna göre, $|AB|$ kaç br'dir?
ab77c3b7-ba43-5bca-8a37-f29775566549	Bilgi Sarmalı-2022-2023-Tyt Ayt-Geometri Soru Bankası	34	8	193	ok	valid_end_?	BE| = |EC|$ Yukarıdaki verilere göre, $m(\widehat{EDC}) = \alpha$ kaç derecedir?
b89e909a-2730-543e-8da8-c171fb065a3a	345 Tyt Ayt Geometri Soru Bankası	127	11.	139	ok	valid_end_?	 = 15^ ext{o}$ $|CE| = 4$ cm $|AB| = 9$ cm olduğuna göre, $|AD| = x$ kaç cm'dir?
bbe393f5-8403-584e-b0a6-48f9cd84d8db	Orijinal-2024-Geometri	29	9	286	unclear	unknown_end_$	rudur? I. $\beta > \theta > \alpha$ II. $m_2 > m_3 > m_1$ III. $m_1 + m_3 > m_2$
bccdbf51-411d-511b-98fb-23b18f8c9269	C1CELL-2024-TYT-AYT-Geometri Soru Bankası	243	9	144	ok	valid_end_?	 [DC]$, $|OE|=6$ br, $|DE|=4$ br. Yukarıda verilenlere göre, Ç(ABCD) kaç br'dir?
cb226b87-65ec-5d06-afbf-32c42adeac02	Bilgi Sarmalı-Tyt Ayt-Geometri Soru Bankası	60	9	155	ok	valid_end_?	|[BC]$, $|DE|=8$ cm, $|EF|=6$ cm. Yukarıdaki verilere göre, $|AH|=x$ kaç cm'dir?
cd30f365-2e6e-5bd7-bbcc-e7448d22e9af	Orijinal-2024-Geometri Soru Bankası	89	11.	168	ok	valid_end_?	F|=10$ cm, $|BC|=20$ cm. Yukarıdaki verilere göre, $|EC|-|BE|$ farkı kaç cm'dir?
ce4364ed-9af7-561b-a5ad-52c21ae56709	Bilgi Sarmalı-2022-2023-Tyt Ayt-Geometri Soru Bankası	198	10.	155	ok	valid_end_?	C| = 4$ cm ve $|BF| = 9$ cm. Yukarıdaki verilere göre, $A(ABCD)$ kaç $cm^2$ dir?
ced4cfec-c326-5e3d-8481-152f569976ba	Orijinal-Tyt Ayt Geometri Soru Bankası	168	12	248	ok	valid_end_?	'dir. Yukarıdaki verilere göre, $m(\widehat{A ext{B}D}) = \alpha$ kaç derecedir?
cef72fe5-9e1a-5928-a70f-6db36f390e5a	Orijinal-2024-Geometri Soru Bankası	91	9.	137	ok	valid_end_?	=3$ cm, $|DC|=9$ cm. Yukarıdaki verilere göre, $\frac{|AD|}{|AC|}$ oranı kaçtır?
d0de9de5-2d5a-5d25-a725-7ae9d8ad9334	ACİL-TYT-AYT-Geometri Soru Bankası	192	10	93	ok	valid_end_?	r dörtgen, $|GC|=2|DG|$, $|AC|=24$, $|DF|=5$ cm. Buna göre, $|AF|=x$ kaç cm'dir?
d65e49f4-4915-5c35-b578-a3f0033ce9d6	Orijinal-Tyt Ayt Geometri Soru Bankası	79	11.	153	ok	valid_end_?	AC})$, $|AC|=2|AD|$, $|EB|=3$ cm. Yukarıdaki verilere göre, $|AE|=x$ kaç cm'dir?
d78e66fc-d7f8-5e8f-9e6a-35b07ba6d30b	Orijinal-2024-Geometri Soru Bankası	29	9	127	ok	valid_end_?	D|$ $|AD| = 7$ cm $|BC| = 9$ cm Yukarıdaki verilere göre, $|CD| = x$ kaç cm'dir?
d392bb98-2a36-5384-8e7c-48cd16a2f14e	Bilgi Sarmalı-2023-2024-Tyt Ayt-Geometri Soru Bankası	204	8	324	ok	valid_end_?	circ$ ve $|B'B| = 5$ cm'dir. Yukarıdaki verilere göre, Çevre(A''C'C) kaç cm'dir?
ee73fc74-aee3-5411-b77f-e8d8aa45003a	Orijinal-2024-Geometri Soru Bankası	160	6	392	ok	valid_end_)	ın çevresi kaç $\text{cm}$'dir? (Altıgenlerin kalınlığı dikkate alınmayacaktır.)
d8fc72e1-3fa3-509d-aba9-9ded745a8d37	Bilgi Sarmalı-2023-2024-Tyt Ayt-Geometri Soru Bankası	164	8.	153	ok	valid_end_?	|=6$ cm, $|AD|=12$ cm, $|BC|=|DC|$. Yukarıdaki verilere göre, $|BC|$ kaç cm dir?
f1341238-cb43-59b2-a505-25aa593c2956	C1CELL-2024-TYT-AYT-Geometri Soru Bankası	248	8	451	ok	valid_end_?	t{3}\text{ br}^2$ olduğuna göre, deltoidlerden birinin uzun köşegeni kaç br'dir?
f1539276-b46c-5128-a031-f645908768e2	345 Tyt Ayt Geometri Soru Bankası	57	13	271	ok	valid_end_?	 = 25^{\circ}$ oluyor. Buna göre, son durumda $m(\widehat{A'AC})$ kaç derecedir?
f26d74ec-d21e-57b3-a680-0c38cbeb3267	Bilgi Sarmalı-2022-2023-Tyt Ayt-Geometri Soru Bankası	164	10	191	ok	valid_end_?	PB) = 12 \text{ cm}^2$ Yukarıdaki verilere göre, $A(DPC)$ kaç $\text{cm}^2$ dir?
f3e90307-f7e0-5de3-b8fd-933ad9532e7e	Mikro Orijinal-2025-Ayt-Geometri Soru Bankası	75	11	110	ok	valid_end_?	yüksekliğini çubuklarla oluşturmak için aşağıdakilerden hangisi kullanılmalıdır?
f4353510-7c95-5c60-9cd4-4a7ac1fbecc3	Bilgi Sarmalı-2022-2023-Tyt Ayt-Geometri Soru Bankası	46	8	134	ok	valid_end_?	=|DC|$, $|AD|=3$ cm, $|EC|=5$ cm. Yukarıdaki verilere göre, $|BE|=x$ kaç cm'dir?
f6a5ce31-ede9-5246-98da-a496814dda7e	345 2025 Tyt Ayt Geometri Soru Bankası 1	243	7	180	ok	valid_end_?	m, $|AD| = 6$ cm, $|BC| = 7$ cm, $|DC| = 9$ cm olduğuna göre, $|AB|$ kaç cm'dir?
f71044be-7ac9-508d-b30a-c44e363b322d	Bilgi Sarmalı-2023-2024-Tyt Ayt-Geometri Soru Bankası	100	8.	146	ok	valid_end_?	= [BC]$, $|BE| = 6$ birim, $|EH| = 3$ birim. Buna göre, $|HC| = x$ kaç birimdir?
dabfd74c-b192-5c3a-82e8-6f29c6f5c1c2	Full Matematik-2019-2020-Geometri Soru Bankası	93	10.	206	ok	valid_end_?	DC|=6$ br. Yukarıdaki verilere göre, elde edilen dörtgenin çevresi kaç birimdir?
f86a4d43-d733-54f5-b5b9-32f5fdba5a57	Orijinal-2024-Geometri Soru Bankası	87	9	183	ok	valid_end_?	aki verilere göre, $m(\widehat{BAD}) = m(\widehat{EAC}) = \alpha$ kaç derecedir?
f8c44af2-ab04-5dfe-90b9-c299f8df71a9	345 2025 Tyt Ayt Geometri Soru Bankası 1	317	8.	174	ok	valid_end_?	sqrt{2}$ cm $|EB| = 1$ cm olduğuna göre, $m(\widehat{BCD}) = x$ kaç derecedir?
fa9a907f-2ccb-5221-a216-48f08ac10836	Mikro-2024-Tyt Ayt-Geometri Soru Bankası	81	16	164	ok	valid_end_?	\sqrt{2}$ cm, $|BC| = 4\sqrt{2}$ cm olduğuna göre, $|DC| = x$ kaç santimetredir?
fc6b4085-f8d2-532a-9586-15c576279edc	Bilgi Sarmalı-2023-2024-Tyt Ayt-Geometri Soru Bankası	14	8	176	ok	valid_end_?	o}$, $m(\text{BKE}) = \alpha$. Yukarıdaki verilere göre, $\alpha$ kaç derecedir?
ff841282-237a-5625-9174-385bbfb964b8	C1CELL-2024-TYT-AYT-Geometri Soru Bankası	61	10.	151	ok	valid_end_?	$ olarak veriliyor. $|BD|=3$ br ve $|AB|=6$ br olduğuna göre, $|AE|$ kaç br'dir?
84367888-3939-5b16-b713-3e5aaf1ab084	Bilgi Sarmalı-2022-2023-Tyt Ayt-Geometri Soru Bankası	102	12	175	ok	valid_end_?	0^{\circ}$. Yukarıdaki verilere göre, $m(\widehat{ABC}) = \alpha$ kaç derecedir?
844ca510-a3ea-5c09-a67a-d0881488ba6a	Bilgi Sarmalı-2023-2024-Tyt Ayt-Geometri Soru Bankası	120	8	127	ok	valid_end_?	potenüs. $|AD|=6$ cm, $|BC|=12$ cm. Yukarıdaki verilere göre, $|AC|$ kaç cm'dir?
85786dc3-80ab-5336-815b-0f7adb58370c	345 2025 Tyt Ayt Geometri Soru Bankası 1	62	11	186	ok	valid_end_?	ext{ cm}$ $|OE| = 4 \text{ cm}$ Yukarıdaki verilere göre, Çevre(ABC) kaç cm'dir?
9b41f934-4645-5d0e-81eb-10822068c639	345 2025 Tyt Ayt Geometri Soru Bankası 1	311	8	119	ok	valid_end_?	, $m(\widehat{ADE})=45^{\circ}$, $|EB|=3$ cm olduğuna göre, $|EC|=x$ kaç cm'dir?
9be2b09c-9da1-5058-bb0a-69ef6c7aabf5	2023-2024-ACİL-TYT-AYT-Geometrinin İlacı	62	9	129	ok	valid_end_?	F|=8$ birim $|DE|=3$ birim ABC eşkenar üçgen olduğuna göre, $|DK|$ kaç birimdir?
9d9d2b22-6e74-56d4-bd68-d0baa826f071	Mikro-2024-Tyt Ayt-Geometri Soru Bankası	97	10	141	ok	valid_end_?	$|DE|=5$ cm, $|EF|=2\sqrt{3}$ cm olduğuna göre, Çevre $(ABC)$ kaç santimetredir?
9e23f8a4-1f29-5a74-8bac-d263f67c7722	Orijinal-2024-Geometri	15	6	138	ok	valid_end_?	perp [AC]$ olduğuna göre, A noktasının koordinatları aşağıdakilerden hangisidir?
a1ad5d44-9a21-55e3-af4b-684c51782cb2	Orijinal-2024-Geometri Soru Bankası	67	10.	125	ok	valid_end_?	ehat{ABD})=45^\circ$, $|BE|=6$ cm. Yukarıda verilenlere göre, $|AB|$ kaç cm'dir?
a1e7daa5-40dc-5c68-9dd5-bbc500e65319	345 2025 Tyt Ayt Geometri Soru Bankası 1	245	7	135	ok	valid_end_?	$[AD] = [BC]$ $|BD| = 6$ cm, $|AE| = 8$ cm olduğuna göre, $|EC| = x$ kaç cm'dir?
0d8157ba-de00-56cb-aefb-f4eb100a4af2	Bilgi Sarmal 2024 Ayt Kimya Sopru Bankasi	345	7	81	ok	valid_end_?	ukarıdaki bileşiklerden hangilerinin IUPAC sistemine göre adı doğru verilmiştir?
c1559f7a-e91d-5cfe-87f5-22d10bb562be	345 2025 Tyt Ayt Geometri Soru Bankası 1	249	7	147	ok	valid_end_?	EC]$, $|BG|=6$ cm, $|AD|=8$ cm, $|AF|=10$ cm olduğuna göre, $|FG|=x$ kaç cm'dir?
0bb31ed5-2466-5a60-a5ed-27fda8f8afb8	Esen Tyt Kimya Soru Bankası	54	8	414	ok	valid_end_?	. Aralarında, $XY_2$ kovalent bileşiği oluşur. yargılarından hangileri doğrudur?
14e3c0b5-f543-5a76-9153-f937566285d6	Aktif Ogrenme Ayt Kimya 2019 2020	260	Soru 11a	336	unclear	unknown_end_$	xt{ volt}$ $Pb_{(k)} \to Pb^{2+}_{(suda)} + 2e^- \quad E^0 = +0,13 \text{ volt}$
15795e03-b06c-5c65-9a3d-062090999c9f	345 2024 Ayt Kimya Soru Bankası	203	9	127	ok	valid_end_?	ere $1 \text{ L}$ an su ekleniyor. Buna göre, aşağıdakilerden hangisi yanlıştır?
d35e582e-aeb8-5334-b669-61770535d1cb	Bilgi Sarmalı-2022-2023-Tyt Ayt-Geometri Soru Bankası	176	8	285	ok	valid_end_?	E]$ dir. Buna göre, $m(\widehat{ABC}) + m(\widehat{FED})$ toplamı kaç derecedir?
1654656f-a3c1-54f1-8275-95fcd164fdbd	Aktif Ogrenme Ayt Kimya 2019 2020	349	Örnek 29	66	ok	valid_end_?	İzopropil metil asetilen bileşiğinin toplam C atomu sayısı kaçtır?
16b1158d-bf9b-5f72-b53d-61fdca346a56	Bilgi Sarmal 2024 Tyt Kimya Soru Bankasi	250	9	361	ok	valid_end_?	ile tepkime vermezken $HCl$ ile tepkime verir. yargılarından hangileri doğrudur?
11b641d3-1fa6-508d-929a-54f51983c6e3	Esen Tyt Kimya Soru Bankası	226	7	327	ok	valid_end_?	lara tablodaki cevapları vermiştir. Buna göre hangi öğrencinin cevabı yanlıştır?
16c33a12-cf52-5b70-ba63-66db1f54e663	Bilgi Sarmal 2025 Tyt Kimya Video Ders Kitabı	120	BİRLİKTE ÇÖZELİM	168	cutoff	alphanumeric_end	apılmıştır? I. Yoğurt II. Çamaşır Suyu III. Portakal IV. Yemek sodası V. Şampuan
335215c9-f31e-50af-bc7f-856290c91ae4	Bilgi Sarmal 2024 Ayt Kimya Sopru Bankasi	266	8.	237	ok	valid_end_?	, bu tablonun Doğru / Yanlış kısmı aşağıdakilerden hangisi gibi doldurulmalıdır?
41750172-68f2-50a3-8e86-071dd8975a25	Esen Tyt Kimya Soru Bankası	72	7	196	ok	valid_end_)	lerden hangisi yanlıştır? ($_{1}H, _{6}C, _{7}N, _{8}O, _{9}F, _{17}Cl, _{19}K$)
85e45bcc-5599-5294-973c-23b3baeb3f47	Aktif Ogrenme Ayt Kimya 2019 2020	195	Soru 31b	302	ok	valid_end_?	III. Sıcaklığı azaltma işlemlerinden hangileri uygulanırsa grafik 2 elde edilir?
c76f2cb0-2382-5143-a189-4e848849b3fd	Esen Tyt Kimya Soru Bankası	132	8	401	unclear	unknown_end_$	r. yargılarından hangileri doğrudur? $(H=1 \ g/mol, C=12 \ g/mol, O=16 \ g/mol)$
c832da04-a5f2-54a6-9408-8eceed3916c5	Bilgi Sarmal 2025 Tyt Kimya Video Ders Kitabı	45	SIRA SENDE - 13	369	ok	valid_end_.	lı bileşiğin formülü $PbCO_3$'tür. E) Oluşan bileşiklerin tümü iyonik yapılıdır.
6ad55e10-f812-504e-accf-5774096ed2d3	Orijinal-2024-Geometri Soru Bankası	319	7	661	ok	valid_end_?	sekliği ilk duruma göre 8 birim azalıyor. Buna göre telin uzunluğu kaç birimdir?
7064347d-e4cc-5598-acac-39e6be57aa5a	Esen Tyt Tarih Soru Bankası	108	6	261	ok	valid_end_?	tablonun tamamlanabilmesi için noktalı yere aşağıdakilerden hangisi getirilemez?
10b7b9df-111e-5cf8-9cad-83ac4cf7011e	Bilgi Sarmal 2024 Ayt Kimya Sopru Bankasi	254	9	186	ok	valid_end_)	 Polar bileşiktir. yargılarından hangileri doğrudur? ($_{1}$H, $_{6}$C, $_{7}$N)
1ce2222e-206b-5b20-ba60-a7bb3d2acd66	345 2025 Ayt Kimya Soru Bankası	311	6	85	ok	valid_end_?	ıda verilen organik bileşiklerden hangilerinin adlandırılması doğru verilmiştir?
1d3b1311-1dc8-5558-8bd6-616e2627d361	Bilgi Sarmal 2024 Ayt Kimya Sopru Bankasi	351	10	67	ok	valid_end_?	Esterleşme olayına ait yukarıdaki tepkimede hangi bağlar kopmuştur?
24590d84-b8dc-5352-8859-7848d47b0019	Bilgi Sarmal 2024 Ayt Kimya Sopru Bankasi	289	8	301	ok	valid_end_.	ir. IV. Çift birbirinin yapı izomeridir. V. Çiftin fiziksel özellikleri aynıdır.
30ae940a-8b81-568d-a109-fb8fea39dd74	Esen Tyt Kimya Soru Bankası	26	6	165	ok	valid_end_?	\/$" işareti ile belirtilmiştir. Buna göre, işaretlemelerden hangileri doğrudur?
31520d95-dae2-5456-a151-8aab886dbd8a	Esen Tyt Kimya Soru Bankası	126	8	121	ok	valid_end_?	eri verilmiştir. Buna göre, hangi tepkimenin türü karşısında yanlış verilmiştir?
334c8d0c-69ec-59ba-b690-51ca60773767	Aktif Ogrenme Ayt Kimya 2019 2020	232	13	215	ok	valid_end_?	 olduğuna göre x, y ve z değerleri aşağıdakilerden hangisinde doğru verilmiştir?
3385dd58-285f-5db6-85a6-3a8c8414389c	345 2025 Tyt Kimya Soru Bankası	251	9	188	ok	valid_end_?	 özelliklerin Venn şemasında yer aldığı bölgelerden hangileri doğru verilmiştir?
27067999-a0b6-556a-8c68-83cc0c76bbac	Bilgi Sarmal 2024 Ayt Kimya Sopru Bankasi	337	9	148	ok	valid_end_?	a oluşan bileşiklerin özel isimleri aşağıdakilerin hangisinde doğru verilmiştir?
271708f6-df69-50d6-aa08-baddeaf14eb8	Aktif Ogrenme Ayt Kimya 2019 2020	273	Soru 20b	236	ok	valid_end_)	miştir? (Elektron verme eğilimleri $Mg > Cu > I > Br$ şeklinde sıralanmaktadır.)
28a37b2a-edc9-5a69-90a9-6cf56c0b399f	Apotemi 2024 Ayt Kimya Soru Bankasi	219	11	239	ok	valid_end_?	azı ile tepkimeye girdiğinde aynı ürün oluşur. ifadelerinden hangileri doğrudur?
2a01ae64-fcc3-5f28-aa60-361f4118c65e	Bilgi Sarmal 2024 Ayt Kimya Sopru Bankasi	120	8	366	ok	valid_end_?	H_2O_{(s)} + \frac{1}{2}O_{2(g)}$ şeklindedir. ifadelerinden hangileri doğrudur?
2a50ac45-6114-5db1-a3b5-c5ce14a78856	Aromat 2024 Ayt Fen Bilimleri Model Sorular	33	AROMAT MODELİ	314	ok	valid_end_?	ve edildiğinde ortam pH'si $7$'den büyük olur. ifadelerinden hangileri doğrudur?
385d447d-c4f0-59a5-9862-901a31110244	Apotemi Tyt Ayt Kimya 2019-2020	235	11	180	ok	valid_end_?	a göre, grafikteki x değeri aşağıdakilerden hangisinde doğru olarak verilmiştir?
4a865065-484b-51e5-a2fa-e44fd5b71011	345 2024 Ayt Kimya Soru Bankası	259	10	169	ok	valid_end_?	lmiştir. Buna göre $XY_3$ molekülü ile ilgili aşağıdakilerden hangisi yanlıştır?
4ac5755e-fa0d-51dd-8b4a-906d7b69100e	Aktif Ogrenme Ayt Kimya 2019 2020	258	Soru: 8b	267	unclear	unknown_end_$	xt{ volt}$ $Cu_{(k)} \to Cu^{2+}_{(suda)} + 2e^- \quad E^0 = -0,34 \text{ volt}$
55a828f7-27b3-5e25-a6bd-3d7b0d27c604	Apotemi Tyt Ayt Kimya 2019-2020	151	11	316	ok	valid_end_?	}_2\text{O}_{(g)}$ oluşmaktadır.  Buna göre;  grafiklerinden hangileri doğrudur?
69c542c8-01fa-58c1-b344-82166a96fedd	Bilgi Sarmal 2024 Tyt Kimya Soru Bankasi	58	9	312	ok	valid_end_)	den hangileri doğrudur? (KN: Kütle numarası, p: Proton sayısı, n: Nötron sayısı)
6dd2c067-804a-5a28-ae95-e8f6a5bcf5f5	Aromat 2024 Ayt Fen Bilimleri	33	AROMAT MODELİ	314	ok	valid_end_?	ve edildiğinde ortam pH'sı $7$'den büyük olur. ifadelerinden hangileri doğrudur?
6e2d8ba6-e2f3-5588-90de-95d10fc994b7	345 2025 Tyt Kimya Soru Bankası	67	10	74	ok	valid_end_?	Yukarıdaki durumlardan hangileri karşısında verilen neden ile açıklanamaz?
6e77dc96-1f44-5d4e-b669-07b41c72405b	Aktif Ogrenme Ayt Kimya 2019 2020	39	Soru 8b	201	ok	valid_end_?	etaldir. III. Y'nin atom numarası en büyüktür. yargılarından hangileri doğrudur?
66f7a6b4-74cc-5919-9a6e-f8d64aba0273	Apotemi 2020 2021 Modern Kimya	216	ÖRNEK 4	238	ok	valid_end_?	n yükseltgendiğinde dikarboksilik asit oluşur. yargılarından hangileri doğrudur?
7099c484-5012-5ab8-a8ae-8dea9ee4ae36	Bilgi Sarmal 2024 Ayt Kimya Sopru Bankasi	335	10	312	ok	valid_end_)	ext{ g/mol}$, $C:12 \text{ g/mol}$, $O:16 \text{ g/mol}$, $Cu:64 \text{ g/mol}$)
73ae1f5e-15fc-5d88-b6a5-5aae904d0449	Aromat Ayt 2024 Fen Bilimleri Model Sorular Net 30	33	AROMAT MODELİ	296	ok	valid_end_?	lave edildiğinde ortam pH'sı 7'den büyük olur. ifadelerinden hangileri doğrudur?
68d4aa89-eb2f-5955-85cc-ab7e507863ff	Aktif Ogrenme Ayt Kimya 2019 2020	170	12	151	ok	valid_end_?	 deney sonuçları tablodaki gibidir. Buna göre, tepkimenin hız sabiti (k) kaçtır?
691c2273-8833-58dd-a4c1-4b42f22f4963	Apotemi 2024 Ayt Kimya Soru Bankasi	197	12	130	ok	valid_end_)	eri- len Lewis yapısı (elektron nokta formülü) yanlıştır? ($_1H, _6C, _7N, _8O$)
79ba44ba-bc09-5453-9c01-fe8c8c39bfbf	Aktif Ogrenme Ayt Kimya 2019 2020	13	Soru: 11c	69	ok	valid_end_?	Bir orbital yukarıdaki kuantum sayılarından hangilerine sahip olamaz?
7ac5be1d-03b7-5a8b-90a7-76d6746db4f7	Esen Yks Motivasyon Kimya Soru Bankası	161	7	206	ok	valid_end_)	yor. Buna göre, grafiklerinden hangileri doğrudur? ($Fe=56$ g/mol, $O=16$ g/mol)
8f0ef2cb-2a80-597f-a930-efedfa6413cf	Esen Aps Kimya Soru Bankası	78	7	259	ok	valid_end_?	lemektedir.  Buna göre bu öğrencinin yaptığı işaretlemelerden hangisi hatalıdır?
b790dd43-6408-5401-be2f-eafeb64f0518	Aktif Ogrenme Ayt Kimya 2019 2020	170	11	134	ok	valid_end_?	deney sonuçları tablodaki gibidir. Buna göre, aşağıdakilerden hangisi yanlıştır?
b87c6226-1b4b-5286-93c7-c50134d71440	Apotemi 2024 Ayt Kimya Soru Bankasi	197	10	117	ok	valid_end_)	s yapısı yanlış olarak verilmiştir? ($_1H, _6C, _7N, _8O, _9F, _{16}S, _{17}Cl$)
b9042076-199b-5f0f-b566-44787747602d	Aktif Ogrenme Ayt Kimya 2019 2020	221	Soru: 19b	222	ok	valid_end_?	afik yukarıdaki gibidir. Buna göre, eklenen asidin hacmi ($V$) kaç mililitredir?
82c8ec42-770c-5ef4-a741-cf211713859b	Bilgi Sarmal 2025 Tyt Kimya Video Ders Kitabı	56	BİRLİKTE ÇÖZELİM	114	ok	valid_end_)	isinde kalıcı dipol etkileşimleri görülmez? ($_1H, _6C, _7N, _8O, _9F, _{17}Cl$)
83708451-626a-5542-a105-31a81c5b59eb	Esen Tyt Kimya Soru Bankası	38	6	194	ok	valid_end_?	mark$" işareti ile belirtilmiştir. Buna göre işaretlemelerden hangisi yanlıştır?
850a5df3-7bb2-5897-bcb5-b527aada9b1a	Aramot Tyt 2023 Fen Bilimleri Model Sorular	28	AROMAT MODELİ	213	ok	valid_end_?	ik gösterir. III. Üçü de baş grup elementidir. ifadelerinden hangileri doğrudur?
8555e191-e317-5bab-a354-7c2ce606244e	Aktif Ogrenme Ayt Kimya 2019 2020	14	Örnek: 14	171	ok	valid_end_?	kuantum sayısı $(m_s)$ değeri $+\frac{1}{2}$ olan en fazla kaç elektron bulunur?
9a0f475a-1feb-5c83-b36b-1eb5f54f4c21	Esen Tyt Kimya Soru Bankası	16	6	188	ok	valid_end_?	 ve kimya alt disiplinleri eşleştirildiğinde aşağıdakilerden hangisine ulaşılır?
9ee39026-53b0-5cf8-90b2-ddcc401f3c69	Apotemi 2024 Ayt Kimya Soru Bankasi	37	8	385	ok	valid_end_?	edir. IV. Elektron ilgisi en büyük olan X'tir. yargılarından hangileri doğrudur?
86e0732e-cc16-531f-99ea-2f306efecd00	Aromat 2024 Ayt Fen Bilimleri Model Sorular	43	KILAVUZ SORU	61	ok	valid_end_?	Aşağıdaki tepkimelerden hangisinde oluşan ana ürün yanlıştır?
8a7153d7-4ea6-589f-b7fa-ae76ca1ad35a	Bilgi Sarmal 2024 Ayt Kimya Sopru Bankasi	112	7	225	ok	valid_end_)	ığında tepkime entalpisi ($\Delta H$) değeri kaç kJ olur? ($H: 1 \text{ g/mol}$)
8ca73f19-b789-5a23-ad25-81ec32fc6ee8	Bilgi Sarmal 2024 Tyt Kimya Soru Bankasi	52	11	261	ok	valid_end_?	iyonlaşma enerjisi değeri en fazla olan Y'dir. yargılarından hangileri doğrudur?
a24c284d-193b-521d-a8ad-156a4eb7596c	Aromat 2024 Ayt Fen Bilimleri	31	KILAVUZ SORU	281	ok	valid_end_?	III. Saf suyun pH değeri 7'den küçük olabilir. İfadelerinden hangileri doğrudur?
a6f30f27-9090-55d5-b7e9-67e7f5af6005	Aktif Ogrenme Ayt Kimya 2019 2020	327	Örnek : 10	78	ok	valid_end_?	Yukarıda yarı açık formülü verilen molekülde kaç tane sekonder C atomu vardır?
bfe5da34-a6f1-50d7-956d-2c6838b68714	Aktif Ogrenme 0 Baslayanlara Kimya 2019 2020	20	Soru 13a	68	ok	valid_end_?	Yandaki tehlike işaretinin anlamı hangi seçenekte doğru verilmiştir?
e029642c-89c3-558d-8499-3ccee4e949d8	Bilgi Sarmal 2024 Ayt Kimya Sopru Bankasi	315	11	73	ok	valid_end_?	Buna göre, tablodaki bileşiklerden hangilerinin sınıfı doğru verilmiştir?
f64b155b-8810-5095-9977-8d88322fc717	345 2025 Ayt Kimya Soru Bankası	187	Soru 15	224	ok	valid_end_?	de aşağıdaki veriler elde ediliyor. Buna göre, aşağıdakilerden hangisi doğrudur?
11941d98-b5dc-5b59-a77e-b03cf603265f	Bilgi Sarmalı-2022-2023-Tyt Ayt-Geometri Soru Bankası	390	11	176	ok	valid_end_?	öre, K, L ve M noktalarından geçen çemberin denklemi aşağıdakilerden hangisidir?
ae2a081d-4223-51cf-95e4-444b381196dc	Bilgi Sarmal 2025 Tyt Kimya Video Ders Kitabı	39	BİRLİKTE ÇÖZELİM	206	ok	valid_end_?	üçlü etkileşimdir. III. a, zayıf etkileşimdir. ifadelerinden hangileri doğrudur?
b314719e-aafe-5f03-a64f-d895fe96b0b8	Bilgi Sarmal 2025 Tyt Kimya Video Ders Kitabı	56	SIRA SENDE - 20	187	ok	valid_end_?	tir. Buna göre bu elementler ile ilgili aşağıdaki ifadelerden hangisi yanlıştır?
c89e6f8e-e0e0-5fbe-9512-d2adbf2065e6	Apotemi Tyt Ayt Kimya 2019-2020	211	11	252	ok	valid_end_)	grafiği aşağıdakilerden hangisinde doğru olarak verilmiştir? ($C_{(k)}$: Grafit)
cafe898c-25e5-583a-b9e8-aca0848da27d	Bilgi Sarmal 2024 Ayt Kimya Sopru Bankasi	168	8	301	ok	valid_end_?	II. Derişim-zaman grafiği aşağıdaki gibidir. yargılarından hangileri doğru olur?
c448d4e1-f1ca-52cf-aa9f-d933a2199be8	Bilgi Sarmal 2024 Ayt Kimya Sopru Bankasi	268	7	198	ok	valid_end_?	i yazılmıştır. Buna göre, C atomlarından hangilerinin hibritleşme türü doğrudur?
d20590de-5862-5e83-ac68-40c5a99e6aa4	Bilgi Sarmal 2024 Ayt Kimya Sopru Bankasi	262	7	118	ok	valid_end_)	lerden hangileri getirilebilir? ($_{1}H, _{4}Be, _{6}C, _{8}O, _{16}S, _{17}Cl$)
f0904d69-7f31-5970-9715-8065617a813a	Bilgi Sarmal 2024 Tyt Kimya Soru Bankasi	178	9	218	ok	valid_end_?	amanla kapta bulunan maddelerle ilgili, çizilen grafiklerden hangileri doğrudur?
22e12dd0-ed22-5b37-83ad-7fa0c8196520	2024-ACİL TYT Matematik Geometri Kitap-1	195	4	270	ok	valid_end_?	n sayısı $84$ olduğuna göre, ortadaki dosyanın içerisinde kaç tane evrak vardır?
e2ba57d3-65ea-5f58-8562-0f2aa7aa89b4	Full Matematik-2022-2023-Tyt-Matematik Soru Bankası	161	11	275	ok	valid_end_?	lduğuna göre, ibre 1'i gösterdiğinde ara- cın deposunda kaç litre benzin vardır?
e8434bbb-26ed-58b9-9843-c281d4dda3a9	2020-2021-Acil-Problemlerin ilacı	13	11	122	ok	valid_end_?	pılan bir modelleme örneğidir. Buna göre, eşitliğini sağlayan $x$ sayısı kaçtır?
2c3b130e-cc08-5d37-a0b0-b5272ac1f335	CAP-2022-2023-TYT-Matematik Soru Bankası	164	10	245	ok	valid_end_?	 alanını veren ifadenin eşitinin çarpanlarından biri aşağıdakilerden hangisidir?
b4de0ba6-0dc0-5082-b52a-35bf28967590	Bilgi Sarmalı-2023-2024-Tyt-Matematik Soru Bankası	12	13	183	ok	valid_end_?	nacaktır. Örnek: Buna göre, İşlemleri sonucunda A'nın değeri kaç olarak bulunur?
88a4a631-bef7-5ca5-ab02-d54a3db49643	CAP-2022-2023-TYT-Matematik Soru Bankası	167	5	252	ok	valid_end_?	Buna göre, bu şeklin hacimleri toplamını veren ifade aşağıdakilerden hangisidir?
8d78bf23-a416-53ff-8364-a1242780e76d	Bilgi Sarmalı-2023-2024-Tyt Ayt-Geometri Soru Bankası	390	12	176	ok	valid_end_?	öre; K, L ve M noktalarından geçen çemberin denklemi aşağıdakilerden hangisidir?
8de9ada9-ff39-5c23-9f64-d7c8bc349393	345 2025 Tyt Matematik Soru Bankası	199	6.	107	ok	valid_end_?	e eşitlik ilişkileri ile anlatılmak istenen özdeşlik aşağıdakilerden hangisidir?
24961187-a150-5d38-94ab-3194c3e6c068	Esen Tyt Tarih Soru Bankası	172	7	69	ok	valid_end_?	Bu diyagramda neden-sonuç ilişkisi kaç numaralı alan- da bozulmuştur?
2e82b131-41d9-586e-a62d-5b921c965367	Bilgi Sarmal Tyt Tarih Soru Bankasi	14	11	75	ok	valid_end_?	Tarih ve yüzyıl eşleştirmelerinin verildiği bu tabloda hangileri yanlıştır?
479f0873-bc37-5926-9379-3b71b1b23356	Esen Tyt Tarih Soru Bankası	108	8	298	cutoff	alphanumeric_end	Kasım Emirel Müminin c. Hadimül Haremeyn d. Doğunun ve Batının Sultanı e. Sultan
68539678-0ef8-517a-a8f5-1fe7b73050cf	Bilgi Sarmal Ayt Tarih Soru Bankasi 2020 2021	54	11	106	ok	valid_end_?	ritasında harflerle gösterilen hangi devletleri silerse hatasını düzeltmiş olur?
cb16d5bf-a7f8-5230-9afc-58c532a47bd5	Bilgi Sarmali Ayt Tarih Soru Bankasi 2021 2022	244	11	180	ok	valid_end_?	ilmiştir. Yusuf'un yukarıdaki sorulardan hangilerine verdiği cevaplar yanlıştır?
09c1dc14-d68b-537a-8ff3-3949305e28ae	345 Tyt Türkçe Soru Bankası	57	7.	823	ok	valid_end_?	 kurduğu cümlelerden hangisi Teoman'ın sözünü ettiği durumu örneklendirmektedir?
309bb43d-8540-5dde-9a9b-91b071b1e1a1	345 2025 Tyt Türkçe Soru Bankası	57	7	719	ok	valid_end_?	 kurduğu cümlelerden hangisi Teoman'ın sözünü ettiği durumu örneklendirmektedir?
d21567fe-91be-51f1-913c-42f4d94e5924	Mikro Orijinal-2025-Ayt-Geometri Soru Bankası	75	8	40	ok	valid_end_?	Verilenlere göre, $|AD| = x$ kaç cm'dir?
90817555-74f6-5f16-b39a-d73f7a352a91	Mikro Orijinal-2025-Ayt-Geometri Soru Bankası	86	8.	114	ok	valid_end_?	F \perp BC$ $|BE| = 5$ cm $|BF| = 7$ cm Verilenlere göre, $|FC| = x$ kaç cm'dir?
7354eaba-4292-50bc-8d74-969a69dbcb35	Mikro Orijinal-2025-Ayt-Geometri Soru Bankası	99	9	149	ok	valid_end_?	$m(\widehat{ADB})=75^\circ$. $|BD|=1$ cm. Verilenlere göre, $|CD|=x$ kaç cm'dir?
27c39861-c12c-56c1-9a0a-5a694dcb347f	Mikro Orijinal-2025-Ayt-Geometri Soru Bankası	106	8.	137	ok	valid_end_?	dehat{ACG}) = 30^{\circ}$ $|AB| = 9$ cm Verilenlere göre, $|GC| = x$ kaç cm dir?
17b326fd-8b8e-5691-875d-ce70c7213120	Mikro Orijinal-2025-Ayt-Geometri Soru Bankası	149	Örnek 2	142	ok	valid_end_?	8$ cm, $|DC| = 6$ cm Verilenlere göre, $\text{Alan}(ABD)$ kaç $\text{cm}^2$ dir?
810c38d5-1d4a-50da-a323-42dd6e4a4e8c	Mikro Orijinal-2025-Ayt-Geometri Soru Bankası	149	Örnek 3	223	ok	valid_end_?	I. $\text{Alan}(ADK) = \text{Alan}(BKC)$ ifadelerinden hangileri daima doğrudur?
448d4e1b-2764-5570-a633-2f3069ac6151	Mikro Orijinal-2025-Ayt-Geometri Soru Bankası	149	Örnek 4	132	ok	valid_end_?	4$ cm, $|EC| = 5$ cm Verilenlere göre, $\text{Alan}(BDE)$ kaç $\text{cm}^2$ dir?
ac0c72d6-91d7-50f1-a29a-0dec843faae1	Mikro Orijinal-2025-Ayt-Geometri Soru Bankası	191	8	156	ok	valid_end_?	amukları ile oluşturulan düzlemsel şekilde $m(\text{DCF})=\alpha$ kaç derecedir?
c982df10-6615-555d-8b07-c1de4a66894e	Mikro Orijinal-2025-Ayt-Geometri Soru Bankası	97	10	143	ok	valid_end_?	$m(\widehat{ACD})=45^{\circ}$ $|BD|=4$ cm Verilenlere göre, $|DC|=x$ kaç cm'dir?
826fc7b6-8eaa-5333-aded-a7a6e093f5a2	2019-2020-Acil Matematiğin ilacı-1	61	12	288	ok	valid_end_?	den iki basamaklı farklı sayılardır. Buna göre, kapıcı ücreti en çok kaç TL'dir?
23f1d4d0-a749-50df-ad9c-295c6d53e904	2019-2020-Acil Matematiğin ilacı-1	66	13	414	ok	valid_end_?	le$ eşitliği bilindiğine göre, Ferhat Paşa Antlaşması kaç yılında imzalanmıştır?
e6f17a89-d84d-5f72-93e7-ea846465d0ae	Mikro Orijinal-2025-Ayt-Geometri Soru Bankası	138	9	229	ok	valid_end_?	nın ölçüsü $160^ ext{o}$ olduğuna göre, $BAC$ açısının ölçüsü $x$ kaç derecedir?
9c28af7b-5e3d-51f0-982d-9b862100ed14	Mikro Orijinal-2025-Ayt-Geometri Soru Bankası	158	10	186	ok	valid_end_?	len uzunluklar birbirine eşittir. Buna göre, şeklin alanı kaç $\text{cm}^2$ dir?
0cba31e7-a39a-5d3d-8f49-889562c0b14b	Mikro Orijinal-2025-Ayt-Geometri Soru Bankası	185	Örnek 2	214	ok	valid_end_?	$|EK|=1$ cm, III) $|KF|=4$ cm, IV) $|KL|=3$ cm ifadelerinden hangileri doğrudur?
2b63be61-21ca-5b4c-81a6-cb1accc058fb	Mikro Orijinal-2025-Ayt-Geometri Soru Bankası	195	8	168	ok	valid_end_?	E}) = 20^{\circ}$ Yukarıdaki verilere göre $m(\widehat{ABE}) = x$ kaç derecedir?
f59669dd-40ed-5739-bcd9-eb52d5dfb018	Mikro Orijinal-2025-Ayt-Geometri Soru Bankası	127	8.	130	ok	valid_end_?	m $m(\widehat{BAD}) = m(\widehat{ACB})$ Verilenlere göre, $|AD| = x$ kaç cm dir?
21ba793f-ef75-5303-b27b-77c2ac540e21	Mikro Orijinal-2025-Ayt-Geometri Soru Bankası	127	9.	111	ok	valid_end_?	D| = |DC|$ $|DF| = |FB|$ $|BC| = 12$ cm Verilenlere göre, $|EF| = x$ kaç cm dir?
5b31c1e6-a720-5051-bc3c-4ac0ae76a492	Mikro Orijinal-2025-Ayt-Geometri Soru Bankası	127	10.	138	ok	valid_end_?	EK| = 1$ cm $|KF| = 6$ cm $|BC| = 8$ cm Verilenlere göre, $|AD| = x$ kaç cm dir?
926032b7-9ab3-5c89-b8a1-878cafdaee4e	Mikro Orijinal-2025-Ayt-Geometri Soru Bankası	127	11.	128	ok	valid_end_?	K\}$ $|AF| = |FE| = |EC|$ $|KE| = 6$ cm Verilenlere göre, $|DK| = x$ kaç cm dir?
0cb27b74-cf55-5703-9ed4-3a3327de1204	Mikro Orijinal-2025-Ayt-Geometri Soru Bankası	127	12.	175	ok	valid_end_?	 Şekildeki iki üçgen benzer olduğuna göre, $m(\widehat{ACD}) = x$ kaç derecedir?
bf08c5e6-45cb-5b35-a8fb-f3d3ee75612c	Mikro Orijinal-2025-Ayt-Geometri Soru Bankası	154	8	140	ok	valid_end_?	$ cm, $m(\widehat{ADC}) = 60^\circ$. Verilenlere göre, Alan(ABD) kaç $cm^2$ dir?
4afcfe1e-627e-58f0-af43-24986c447ab3	Mikro Orijinal-2025-Ayt-Geometri Soru Bankası	158	11	146	ok	valid_end_?	})=m(\widehat{DAC})=45^\circ$ Verilenlere göre, Alan(ADC) kaç $\text{cm}^2$ dir?
a1acd491-5da5-524e-9216-cedecc92c67f	Mikro Orijinal-2025-Ayt-Geometri Soru Bankası	160	8	166	ok	valid_end_?	m. Boyalı bölgelerin alanları birbirine eşit olduğuna göre, $|AF|=x$ kaç cm'dir?
3dbf0fa8-9742-5025-95bb-9679c9f472b6	2023-2024-ACİL-TYT-AYT-Geometrinin İlacı	94	11	144	ok	valid_end_?	C|$, $A(ABE)=4 \cdot A(DEC)=24$ birimkare. Buna göre, $A(EBC)$ kaç birimkaredir?
8e1e4de3-3094-579a-8ee1-7a3d089cd14a	2023-2024-ACİL-TYT-AYT-Geometrinin İlacı	112	8	157	ok	valid_end_?	 $|BC| = 7$ birim $|AD| = 9$ birim $|MK| = x$ birim Buna göre, $x$ kaç birimdir?
ee38f9ca-506a-5308-8296-db95ebb0b13f	2023-2024-ACİL-TYT-AYT-Geometrinin İlacı	112	9	106	ok	valid_end_?	AD| = 6$ birim $|DB| = 2$ birim $|BC| = 4$ birim Buna göre, $|AC|$ kaç birimdir?
b10fbecf-ba52-5212-b23e-c2e7f5ee9b38	2023-2024-ACİL-TYT-AYT-Geometrinin İlacı	114	8	164	ok	valid_end_?	widehat{BCD}) = 60^{\circ}$ $m(\widehat{BAE}) = x$ Buna göre, $x$ kaç derecedir?
abea636e-ddbf-5640-b434-8a57ff3875fa	2023-2024-ACİL-TYT-AYT-Geometrinin İlacı	120	9	95	ok	valid_end_?	ar, $|DE|=|EC|$, $A(ECB)=6 \text{ br}^2$. Buna göre, $A(ABCD)$ kaç birimkaredir?
59021dbd-5fd7-5d40-8a45-f71cf20bf87b	2023-2024-ACİL-TYT-AYT-Geometrinin İlacı	120	10	101	ok	valid_end_?	AF|=|FB|$, $|DE|=2 \cdot |EC|$. Buna göre, $\frac{A(ADE)}{A(FEB)}$ oranı kaçtır?
a90b9c52-fb49-53da-a2f4-ca91b3d389b3	2023-2024-ACİL-TYT-AYT-Geometrinin İlacı	124	9	125	ok	valid_end_?	\text{ birim}$, $|AE| = 12 \text{ birim}$. Buna göre, $A(ADE)$ kaç birimkaredir?
4a1c7b8d-7ce7-567f-835a-fc906c4f1768	2023-2024-ACİL-TYT-AYT-Geometrinin İlacı	124	11	97	ok	valid_end_?	, $|AE| = |EB|$, $|BF| = |FC|$. Buna göre, $\frac{A(BEF)}{A(DEF)}$ oranı kaçtır?
fa85e551-ca6b-558b-9dee-ec9c509fb868	2023-2024-ACİL-TYT-AYT-Geometrinin İlacı	196	8.	150	ok	valid_end_?	$|CD| = 4$ birim, $|EF| = 3$ birim. Buna göre, $|AD| - |EB|$ farkı kaç birimdir?
baea9d94-c8d4-51c9-a424-9dcd733deeb1	2023-2024-ACİL-TYT-AYT-Geometrinin İlacı	196	9.	160	ok	valid_end_?	E| = |BC|$, $|AD| = 10$ birim, $|EB| = 6$ birim. Buna göre, $|DC|$ kaç birimdir?
ac16ba9e-4103-5ced-bd8e-04cbfe617f0c	Mikro Orijinal-2025-Ayt-Geometri Soru Bankası	213	Örnek 2	170	ok	valid_end_?	{EBC}) = 10^\circ$. Verilenlere göre, $m(\widehat{AEB}) = \alpha$ kaç derecedir?
a6d543d4-5df4-5aca-b279-bc737749f443	Mikro Orijinal-2025-Ayt-Geometri Soru Bankası	213	Örnek 4	128	ok	valid_end_?	EC})=45^\circ$, $[AC]$ köşegen. Buna göre, $BD$ köşegeninin uzunluğu kaç cm'dir?
7b64d69d-2f2b-5a23-99a3-302ac611bfe4	Mikro Orijinal-2025-Ayt-Geometri Soru Bankası	275	Örnek 2	126	ok	valid_end_?	ileri aşağıda bir kenar uzunluğu verilen karenin içerisine tam olarak sığabilir?
419b2e07-4234-5600-9acc-54d1f05e8878	Mikro Orijinal-2025-Ayt-Geometri Soru Bankası	295	11.	153	ok	valid_end_?	re göre, $[AC]$ ile $[DE]$ kirişleri arasındaki açının ölçüsü $x$ kaç derecedir?
9e78234b-34b4-503e-b050-d20e841c47e1	Mikro Orijinal-2025-Ayt-Geometri Soru Bankası	295	9.	114	ok	valid_end_?	OGB})=35^\circ$, $|AO|=|CD|$. Verilenlere göre, BD yayının ölçüsü kaç derecedir?
2d71cd3b-d278-56db-8986-33f2e558419b	2023-2024-ACİL-TYT-AYT-Geometrinin İlacı	200	11	123	ok	valid_end_?	4 \cdot |DB|$ $|CD| = 4$ birim Buna göre, dairenin alanı kaç $\pi$ birimkaredir?
3a5e02cd-7f51-5b40-b5c2-d01720e28d99	Mikro Orijinal-2025-Ayt-Geometri Soru Bankası	367	Örnek 3	303	unclear	unknown_end_$	tanesi doğrudur? I. $(A, 1)$ II. $(B, 2)$ III. $(C, 3)$ IV. $(D, 4)$ V. $(E, 4)$
ade73872-6703-589c-8695-89d2b0627dde	Mikro Orijinal-2025-Ayt-Geometri Soru Bankası	367	Örnek 4	162	ok	valid_end_.	circ$ döndürülüyor. Buna göre, son durumda C noktasının koordinatlarını bulunuz.
5c0eb4ff-918d-5517-81d2-30fa6583b5f0	Mikro Orijinal-Tyt Ayt-Geometri Soru Bankası 2	329	Örnek 2	169	ok	valid_end_?	lacak şekilde $AB$ doğrusu üzerinden alınan, $C$ noktasının koordinatları nedir?
a4ec3ede-24b4-58f9-8b52-865c9f8b8145	Mikro-2024-Tyt Ayt-Geometri Soru Bankası	26	14.	161	ok	valid_end_?	\widehat{CDE}) = 110^\circ$ olduğuna göre, $m(\widehat{DEF}) = x$ kaç derecedir?
80eec5c1-204b-5ee6-96cd-5914b334ad20	Mikro-2024-Tyt Ayt-Geometri Soru Bankası	26	15.	160	ok	valid_end_?	(\widehat{CDE}) = 65^\circ$ olduğuna göre, $m(\widehat{DEF}) = x$ kaç derecedir?
8dc8bb80-1726-5d7a-9632-823383f0c6c6	Mikro-2024-Tyt Ayt-Geometri Soru Bankası	44	11	132	ok	valid_end_?	BE|$, $m(\widehat{ACD})=20^\circ$ Buna göre, $m(\widehat{ACB})=x$ kaç derecedir?
e83bc4d1-2586-503c-86e9-8ab398db78d2	Mikro-2024-Tyt Ayt-Geometri Soru Bankası	44	12	117	ok	valid_end_?	tay, $m(\widehat{BDC})=135^\circ$ Buna göre, $m(\widehat{BAC})=x$ kaç derecedir?
1b8a9141-2591-531d-ae4a-c30a1611c794	Mikro-2024-Tyt Ayt-Geometri Soru Bankası	44	14	164	ok	valid_end_?	, $m(\widehat{BCE})=50^\circ$ olduğuna göre, $m(\widehat{BAE})=x$ kaç derecedir?
acbac0b6-30b4-5a76-a02f-5fcfbed08fb9	Mikro-2024-Tyt Ayt-Geometri Soru Bankası	46	10.	148	ok	valid_end_?	 $m(\widehat{ACB}) = 30^\circ$. olduğuna göre, $m(\widehat{DAF})$ kaç derecedir?
f6dfc586-4018-5609-9989-44645891cef4	Mikro-2024-Tyt Ayt-Geometri Soru Bankası	46	11.	155	ok	valid_end_?	\widehat{ACB}) = 48^\circ$. olduğuna göre, $m(\widehat{BAD}) = x$ kaç derecedir?
de43ecf6-dcd3-503c-8f73-eb0c75087b03	Mikro-2024-Tyt Ayt-Geometri Soru Bankası	61	11	136	ok	valid_end_?	 9$ cm $|BC| = 8$ cm $|DC| = 17$ cm olduğuna göre, $|AD| = x$ kaç santimetredir?
cdc4e069-5784-56bb-bb8a-81c7dad5c743	Mikro-2024-Tyt Ayt-Geometri Soru Bankası	61	12	156	ok	valid_end_?	|DE| = 15$ cm, $|DB| = |AE| = 8$ cm olduğuna göre, $|AC| = x$ kaç santimetredir?
b017b59e-9684-5f38-b840-386c38b0e9e6	Mikro-2024-Tyt Ayt-Geometri Soru Bankası	61	13	118	ok	valid_end_?	AB| = 2$ cm $|BC| = 4$ cm $|CD| = 1$ cm olduğuna göre, $|AD|$ kaç santimetredir?
2bc6d88b-380e-5fdc-8bb3-6398a10490f3	Mikro-2024-Tyt Ayt-Geometri Soru Bankası	61	15	114	ok	valid_end_?	= 3$ cm $|HC| = 3$ cm $|BH| = 1$ cm olduğuna göre, $|AB| = x$ kaç santimetredir?
41eed5d7-8440-5b8b-8484-1e87255e8a2a	Mikro-2024-Tyt Ayt-Geometri Soru Bankası	61	16	126	ok	valid_end_?	$|HC| = 2\sqrt{2}$ cm $|AH| = 8$ cm olduğuna göre, $|BH| = x$ kaç santimetredir?
6fadadde-0572-5df8-9a0d-c6c76f41e64a	Mikro-2024-Tyt Ayt-Geometri Soru Bankası	63	10	158	ok	valid_end_?	= 5$ cm $|BC| = 8$ cm $|AB| = 1$ cm olduğuna göre, $|DE| = x$ kaç santimetredir?
095d1aa3-2b4c-5d19-9394-7a4474e0d00f	Mikro-2024-Tyt Ayt-Geometri Soru Bankası	63	11	113	ok	valid_end_?	 = 13$ cm $|AH| = 12$ cm $|AC| = 15$ cm olduğuna göre, $|BC|$ kaç santimetredir?
acdecc07-001b-5dd6-b2a1-23527d1fc78f	Mikro-2024-Tyt Ayt-Geometri Soru Bankası	63	12	154	ok	valid_end_?	= 1$ cm $|CD| = 1$ cm $|DE| = 3$ cm olduğuna göre, $|AE| = x$ kaç santimetredir?
82a6ddfc-6573-57c0-9bb5-92aad04fd425	Mikro-2024-Tyt Ayt-Geometri Soru Bankası	63	14	142	ok	valid_end_?	10$ cm $|AH| = 5$ cm $|DH| = 12$ cm olduğuna göre, $|DB| = x$ kaç santimetredir?
2f94c1f6-60de-5237-b0e4-3f6d999599b0	Mikro-2024-Tyt Ayt-Geometri Soru Bankası	63	15	136	ok	valid_end_?	 |EC|$ $|BC| = 13$ cm $|AB| = 5$ cm olduğuna göre, $|DE| = x$ kaç santimetredir?
bd66074f-8b80-5a93-81e4-f7f3464866fa	Mikro-2024-Tyt Ayt-Geometri Soru Bankası	63	16	135	ok	valid_end_?	= 5$ cm $|DC| = 4$ cm $|AD| = 1$ cm olduğuna göre, $|AD| = x$ kaç santimetredir?
de065308-4949-51e9-8571-58abe5727803	Mikro-2024-Tyt Ayt-Geometri Soru Bankası	79	13	116	ok	valid_end_?	rc$, $|AB|=5\sqrt{2}$ cm, $|AC|=7$ cm olduğuna göre, $|BC|=x$ kaç santimetredir?
8f10c4db-e13d-5fa4-ad83-9536af14aed2	Mikro-2024-Tyt Ayt-Geometri Soru Bankası	81	13	142	ok	valid_end_?	AC}) = 15^\circ$, $|AB| + |HC| = 20$ cm olduğuna göre, $|HC|$ kaç santimetredir?
d3ab68cd-f5e0-5bfa-ad58-97976824cea9	Mikro-2024-Tyt Ayt-Geometri Soru Bankası	81	14	119	ok	valid_end_?	idehat{ABC}) = 75^\circ$, $|AH| = 5$ cm olduğuna göre, $|BC|$ kaç santimetredir?
8dfba418-e3f9-53c9-b093-82745fb50e2d	Mikro-2024-Tyt Ayt-Geometri Soru Bankası	83	9	118	ok	valid_end_?	p [BC]$ $|AB| = 4$ cm $|BD| = 2$ cm olduğuna göre, $|DC| = x$ kaç santimetredir?
d4de1192-700d-5754-b33d-a6d985db3193	Mikro-2024-Tyt Ayt-Geometri Soru Bankası	83	10	171	ok	valid_end_?	dehat{ADC}) = 30^{\circ}$ $|AB| = 6$ cm Buna göre, $|AD| = x$ kaç santimetredir?
afafe27f-af45-51d2-b68b-377985c2b0f9	Mikro-2024-Tyt Ayt-Geometri Soru Bankası	95	12	132	ok	valid_end_?	) = 36$ cm, Çevre$(ADE) = 24$ cm olduğuna göre, Çevre$(BDEC)$ kaç santimetredir?
885e911a-b88d-50a8-8ffb-f062d5549eda	Mikro-2024-Tyt Ayt-Geometri Soru Bankası	95	16	134	ok	valid_end_?	|IE| = 2\sqrt{3}$ cm, $|BD| = 7$ cm olduğuna göre, $|FC| = x$ kaç santimetredir?
c3d0b224-2fee-5c16-b1d5-747ed1cc8225	Mikro-2024-Tyt Ayt-Geometri Soru Bankası	97	11	131	ok	valid_end_?	AE})=35^{\circ}$, $|AD|=|DE|$ olduğuna göre, $m(\widehat{CDE})=x$ kaç derecedir?
f62234b7-8e55-52e5-a8a5-755fa0cfe311	Mikro-2024-Tyt Ayt-Geometri Soru Bankası	97	12	106	ok	valid_end_?	perp [AB]$, $|AE|=12$ cm, $|EC|=6$ cm olduğuna göre, $|DB|=x$ kaç santimetredir?
854814ef-7359-5af6-8019-89910784f539	Mikro-2024-Tyt Ayt-Geometri Soru Bankası	117	10	119	ok	valid_end_?	c$, $|AB| = 6$ cm, $|AC| = 4$ cm olduğuna göre, Alan(ABC) kaç santimetrekaredir?
5b960eed-0234-5b47-a7cc-16524da9620a	Mikro-2024-Tyt Ayt-Geometri Soru Bankası	117	11	145	ok	valid_end_?	| = 5\sqrt{2}$ cm, $|BH| = 3$ cm olduğuna göre, Alan(ABC) kaç santimetrekaredir?
6b57d630-a147-52a4-b04b-2bb09fee036c	Mikro-2024-Tyt Ayt-Geometri Soru Bankası	117	12	111	ok	valid_end_?	 = |EC|$, Alan(ABC) = $48 cm^2$ olduğuna göre, Alan(BDEC) kaç santimetrekaredir?
38865d5f-7435-5d9d-be3a-d52b191e7b4d	Mikro-2024-Tyt Ayt-Geometri Soru Bankası	117	13	112	ok	valid_end_?	| = 2|AD|$, Alan(BEC) = $6 cm^2$ olduğuna göre, Alan(ABC) kaç santimetrekaredir?
591a08ea-fdd8-56ff-b7bb-abc6d7686c56	Mikro-2024-Tyt Ayt-Geometri Soru Bankası	117	14	121	ok	valid_end_?	cm, $|BD| = 5$ cm, $|AB| = 6$ cm olduğuna göre, Alan(BDC) kaç santimetrekaredir?
660ec9d4-0cd1-5f92-a2c6-abb5d12c0b48	Mikro-2024-Tyt Ayt-Geometri Soru Bankası	117	15	135	ok	valid_end_?	= 16$ cm, $|BC| = 18$ cm, $|AD| = 8$ cm olduğuna göre, $|BE|$ kaç santimetredir?
32afebf2-72ef-50b6-9aab-dc8b9b54c218	Mikro-2024-Tyt Ayt-Geometri Soru Bankası	117	16	122	ok	valid_end_?	|$, $|AD| = 6$ cm, $|BE| = 2$ cm olduğuna göre, Alan(ABC) kaç santimetrekaredir?
0065b135-5817-59b8-9f15-2039cae0bfd0	Mikro-2024-Tyt Ayt-Geometri Soru Bankası	119	12	138	ok	valid_end_?	=|AF|$, Alan$(ABDC)=40$ cm$^2$ olduğuna göre, Alan$(BDC)$ kaç santimetrekaredir?
9d87d258-f60b-5350-9a1c-3efd0196369d	Mikro-2024-Tyt Ayt-Geometri Soru Bankası	119	13	111	ok	valid_end_?	2|DC|$, Alan$(BDEA)=42$ cm$^2$ olduğuna göre, Alan$(ABC)$ kaç santimetrekaredir?
6668c39c-f06e-5d57-9871-65eb60155e42	Mikro-2024-Tyt Ayt-Geometri Soru Bankası	119	14	135	ok	valid_end_?	t{ABC})=15^\circ$, $|HC|=4$ cm olduğuna göre, Alan$(ABC)$ kaç santimetrekaredir?
4d809298-918e-55a8-b6c2-12180cc49d49	Mikro-2024-Tyt Ayt-Geometri Soru Bankası	123	8	199	ok	valid_end_?	 = 30^\circ$, $|CE| = 3\sqrt{3}$ cm olduğuna göre, $|AB| = x$ kaç santimetredir?
96f1fd89-7602-56c4-a96f-142a0fb23eeb	Mikro-2024-Tyt Ayt-Geometri Soru Bankası	123	10	150	ok	valid_end_?	0^\circ$, $|AB| = 14$ cm, $|BD| = 2$ cm olduğuna göre, $|DF|$ kaç santimetredir?
593644b2-9b0f-5996-b8a8-84c634d0ef9d	Mikro-2024-Tyt Ayt-Geometri Soru Bankası	135	11	110	ok	valid_end_?	CD|=18$ cm, $|BC|=12$ cm, $|AC|=6$ cm olduğuna göre, $|AB|=x$ kaç santimetredir?
6c6a6880-527a-52dc-a79b-cebfa1c9a0f6	Mikro-2024-Tyt Ayt-Geometri Soru Bankası	135	13	132	ok	valid_end_?	cm, Alan$(BDC)=18 \text{cm}^2$ olduğuna göre, Alan$(ABD)$ kaç santimetrekaredir?
9f4f434a-ac15-50c8-86a8-6071b782c838	Mikro-2024-Tyt Ayt-Geometri Soru Bankası	135	14	136	ok	valid_end_?	)=45^\circ$, $|AB|=6$ cm, $|AC|=8$ cm olduğuna göre, $|BD|=x$ kaç santimetredir?
c05b6be1-22f6-59d7-98fc-bbbe5b38cb30	Mikro-2024-Tyt Ayt-Geometri Soru Bankası	137	10	153	ok	valid_end_?	ngle ABD$) $=45$ cm$^2$, $|BC|=18$ cm olduğuna göre, $|AB|=x$ kaç santimetredir?
04211a21-81e6-581d-9689-8d048e67b463	Mikro-2024-Tyt Ayt-Geometri Soru Bankası	137	11	127	ok	valid_end_?	$ cm, Çevre($\triangle ABC$) $=48$ cm olduğuna göre, $|AC|=x$ kaç santimetredir?
9913ee9f-ccda-5948-9898-c9ca60c82c5c	Mikro-2024-Tyt Ayt-Geometri Soru Bankası	137	12	134	ok	valid_end_?	9$ cm, $|BK|=4$ cm, $|AK|=6$ cm olduğuna göre, $\frac{|AE|}{|EC|}$ oranı kaçtır?
a24fbed8-984b-5894-81f5-a335b56cdeb1	Mikro-2024-Tyt Ayt-Geometri Soru Bankası	137	13	132	ok	valid_end_?	rc$, $|DC|=2\sqrt{2}$ cm, $|BC|=9$ cm olduğuna göre, $|AB|=x$ kaç santimetredir?
fe78c085-0d0d-54b9-a930-3502e7e03717	Mikro-2024-Tyt Ayt-Geometri Soru Bankası	137	14	127	ok	valid_end_?	$ cm, Çevre($\triangle ABC$) $=45$ cm olduğuna göre, $|BC|=x$ kaç santimetredir?
faf5b600-099b-5473-8da8-627e8fa3e25b	Mikro-2024-Tyt Ayt-Geometri Soru Bankası	137	15	106	ok	valid_end_?	$|AB|=8$ cm, $|BC|=6$ cm, $|AC|=5$ cm olduğuna göre, $|CD|=x$ kaç santimetredir?
ec58499c-bf89-5973-baa6-9c9b57439d96	Mikro-2024-Tyt Ayt-Geometri Soru Bankası	149	12.	131	ok	valid_end_?	$, $|DK|+|KI|=16$ cm, $|KE|+|KC|=17$ cm olduğuna göre, $|AE|$ kaç santimetredir?
48e0887d-5069-5933-ad26-8ff0c1be4f85	Mikro-2024-Tyt Ayt-Geometri Soru Bankası	153	11	162	ok	valid_end_?	= 8$ cm $|KF| = 3$ cm $|BE| = 3$ cm olduğuna göre, $|DC| = x$ kaç santimetredir?
e90e728e-0e7e-5675-9e91-e9936f2b18f0	Mikro-2024-Tyt Ayt-Geometri Soru Bankası	168	11	155	ok	valid_end_?	 cm, $|DE| = 15$ cm, $|EF| = 10$ cm olduğuna göre, $|EC| = x$ kaç santimetredir?
ea71ceb6-6d04-5039-b9f3-94d98f56096d	Mikro-2024-Tyt Ayt-Geometri Soru Bankası	168	12	121	ok	valid_end_?	 9$ cm, $|EA| = 6$ cm olduğuna göre, $\frac{Alan(BED)}{Alan(ABC)}$ oranı kaçtır?
392256cc-38f6-5659-b2b9-08ced6c0b07a	Mikro-2024-Tyt Ayt-Geometri Soru Bankası	168	13	146	ok	valid_end_?	 $|BD| = 9$ cm, $|DC| = 6$ cm, $|EC| = 3$ cm olduğuna göre, $|AF|$ oranı kaçtır?
dda210c6-fce9-5b9a-b83c-d24c8fff07bd	Mikro-2024-Tyt Ayt-Geometri Soru Bankası	168	14	148	ok	valid_end_?	6$ cm, $|DB| = 9$ cm, $|DF| = 6$ cm olduğuna göre, $|FC| = x$ kaç santimetredir?
1ff4074c-2d49-519a-ad21-81c1f99cda01	Mikro-2024-Tyt Ayt-Geometri Soru Bankası	168	15	185	ok	valid_end_?	 $Alan(ABC) = 72 \text{ cm}^2$ olduğuna göre, $Alan(CDE)$ kaç santimetrekaredir?
acc0a675-943b-5546-a550-bbce93f475f5	Mikro-2024-Tyt Ayt-Geometri Soru Bankası	168	16	139	ok	valid_end_?	EF] \parallel [BC]$, $|GD| = 12$ cm olduğuna göre, $|FG| = x$ kaç santimetredir?
605bb77b-4eb0-5eea-91b6-05635ff8297a	Mikro-2024-Tyt Ayt-Geometri Soru Bankası	170	10.	163	ok	valid_end_?	$Alan(EFC) = 16 \text{ cm}^2$ olduğuna göre, $Alan(BFED)$ kaç santimetrekaredir?
b0a2da8d-e69a-5f4c-b6ac-f332f6cf524e	Mikro-2024-Tyt Ayt-Geometri Soru Bankası	170	11.	129	ok	valid_end_?	2$ cm $|BC| = 18$ cm $ABC \sim AED$ olduğuna göre, $|DB| = x$ kaç santimetredir?
f36d339d-54ba-587a-96b1-9e721318be1d	Mikro-2024-Tyt Ayt-Geometri Soru Bankası	170	12.	149	ok	valid_end_?	= 8$ cm $|HB| = 6$ cm $|CK| = 9$ cm olduğuna göre, $|DK| = x$ kaç santimetredir?
54476a29-e3a6-5a4c-9699-ed47f40a3868	Mikro-2024-Tyt Ayt-Geometri Soru Bankası	170	13.	135	ok	valid_end_?	 10$ cm $|EC| = 9$ cm $|DE| = 6$ cm olduğuna göre, $|BF| = x$ kaç santimetredir?
eeaaa0af-7181-501e-a0b7-2baecdf113e9	Mikro-2024-Tyt Ayt-Geometri Soru Bankası	170	14.	150	ok	valid_end_?	10$ cm $|BC| = 21$ cm $|AB| = 4$ cm olduğuna göre, $|FC| = x$ kaç santimetredir?
1950203e-f179-5a3d-a9c2-43b6e3c0a82a	Mikro-2024-Tyt Ayt-Geometri Soru Bankası	170	15.	166	ok	valid_end_?	) = 36 \text{ cm}^2$ $|AE| = 18$ cm olduğuna göre, $|ED| = x$ kaç santimetredir?
e4be20c9-a096-54a8-873e-f4e467016b23	Mikro-2024-Tyt Ayt-Geometri Soru Bankası	170	16.	122	ok	valid_end_?	D]$ $[GE] \parallel [AB]$ $|ED| = 3$ cm olduğuna göre, $|BC|$ kaç santimetredir?
d0b8b04e-fc56-580f-b2f3-b7a58a350e1a	Mikro-2024-Tyt Ayt-Geometri Soru Bankası	172	11	132	cutoff	alphanumeric_end	I. G, ABC üçgeninin ağırlık merkezi II. $[DE] \parallel [BC]$ III. $|DE| = 8$ cm
8565d615-440e-5154-afbd-356a47417d8a	Mikro-2024-Tyt Ayt-Geometri Soru Bankası	172	12	177	cutoff	alphanumeric_end	 III. $[DE] \parallel [BC]$ IV. $|DK| = 2$ cm V. $|KE| = 4$ cm VI. $|BL| = 6$ cm
fbea4182-7ecb-5821-88a6-207a0064c110	Mikro-2024-Tyt Ayt-Geometri Soru Bankası	172	13	171	cutoff	alphanumeric_end	C]$ III. $[DE] \perp [AC]$ IV. $|AD| = 12$ cm V. $|EC| = 5$ cm VI. $|DE| = 3$ cm
b0f64812-a748-5170-81d0-ed7bc9f384a8	Mikro-2024-Tyt Ayt-Geometri Soru Bankası	172	14	212	cutoff	alphanumeric_end	 [EF]$ IV. $|AF| = 15$ cm V. $|KF| = 12$ cm VI. $|KE| = 8$ cm VII. $|DE| = 4$ cm
e89a3b5f-7b9a-55f4-8f62-4215dc51b9ae	Mikro-2024-Tyt Ayt-Geometri Soru Bankası	172	15	188	unclear	unknown_end_$	verset{\triangle}{ADE}$) $= 8 \text{ cm}^2$ IV. Alan($DECB$) $= 24 \text{ cm}^2$
6418dc13-e49c-542b-8ab0-4cdaa10eeedc	Mikro-2024-Tyt Ayt-Geometri Soru Bankası	172	16	176	unclear	unknown_end_$	I. $[EF] \parallel [BC]$ III. $|AE| = |EC|$ IV. Alan($BCED$) $= 12 \text{ cm}^2$
ed083e22-37cb-5acc-acfc-1bf9081c46c0	Mikro-2024-Tyt Ayt-Geometri Soru Bankası	189	8	124	ok	valid_end_?	 [BE]$ $|DC| = 13$ cm $|KE| = 6$ cm olduğuna göre, $|AK| = x$ kaç santimetredir?
93189215-8842-5f3c-9180-c2e66d9ddd8a	Mikro-2024-Tyt Ayt-Geometri Soru Bankası	189	11	140	ok	valid_end_?	E| = |ED|$ $|BC| = 21$ cm $|DC| = 9$ cm olduğuna göre, $|AB|$ kaç santimetredir?
f9f1b0c3-37c3-5132-bad0-2a94ff006df5	Mikro-2024-Tyt Ayt-Geometri Soru Bankası	210	11	167	ok	valid_end_?	 = 10 \text{ cm}$. Yukarıdaki verilere göre, Alan$(ABCD)$ kaç santimetrekaredir?
3b6df4c2-5b0f-55e2-9206-a6d6f3b79820	Mikro-2024-Tyt Ayt-Geometri Soru Bankası	210	12	165	ok	valid_end_?	= 16 \text{ cm}^2$. Yukarıdaki verilere göre, Alan$(ABE)$ kaç santimetrekaredir?
e6e5ce01-df21-57fc-b83d-9191d3607570	Mikro-2024-Tyt Ayt-Geometri Soru Bankası	210	13	169	ok	valid_end_?	, $|FE| = 6 \text{ cm}$. Yukarıdaki verilere göre, $|BC| = x$ kaç santimetredir?
55fc7565-64b0-5a56-bcf2-ba797d55e9fb	Mikro-2024-Tyt Ayt-Geometri Soru Bankası	210	14	175	ok	valid_end_?	= 3 \text{ cm}^2$. Yukarıdaki verilere göre, Alan$(ABCD)$ kaç santimetrekaredir?
55a65aa2-22bc-5594-98d6-d299fc708229	Mikro-2024-Tyt Ayt-Geometri Soru Bankası	210	15	155	ok	valid_end_?	}) = 110^\circ$. Yukarıdaki verilere göre, $m(\widehat{AEB}) = x$ kaç derecedir?
c6a3f72f-f82d-5b37-9773-b8327e8d5af4	Mikro-2024-Tyt Ayt-Geometri Soru Bankası	212	10	142	ok	valid_end_?	allel [DC]$, $|DC|=2$ cm, $|BC|=5$ cm olduğuna göre, $|AD|=x$ kaç santimetredir?
da4328d5-1246-5cfb-a220-9e11dc828ddf	Mikro-2024-Tyt Ayt-Geometri Soru Bankası	212	11	144	ok	valid_end_?	|EC|$, $|AD|=8$ cm, $|DE|=6$ cm olduğuna göre, Alan(ABCD) kaç santimetrekaredir?
35b0f173-d14e-5a5d-92ff-28dc29836d33	Mikro-2024-Tyt Ayt-Geometri Soru Bankası	212	13	165	ok	valid_end_?	angle BCF$)=6 cm$^2$ olduğuna göre, Alan($\triangle ADE$) kaç santimetrekaredir?
56397de6-d602-5a1f-bc96-8bf2fbe7855f	Mikro-2024-Tyt Ayt-Geometri Soru Bankası	212	15	165	ok	valid_end_?	, $m(\widehat{DCA})=40^\circ$ olduğuna göre, $m(\widehat{FEB})=x$ kaç derecedir?
79a48af0-12a4-57aa-ad37-99d5e8c0475c	Mikro-2024-Tyt Ayt-Geometri Soru Bankası	212	16	188	ok	valid_end_?	ngle ABE$)=12 cm$^2$ olduğuna göre, Alan($\triangle ADC$) kaç santimetrekaredir?
14083907-14bb-5945-a03c-716140a3ac50	Mikro-2024-Tyt Ayt-Geometri Soru Bankası	225	11	139	ok	valid_end_?	triangle ABE$)=80 cm$^2$, $|EC|=6$ cm olduğuna göre, $|DE|=x$ kaç santimetredir?
818acc64-1dab-56d8-8367-1bceb71c6518	Mikro-2024-Tyt Ayt-Geometri Soru Bankası	225	12	115	cutoff	latex_odd_dollar	EBF$)=8$ cm$^2$, $3|EFI|=|AFI|$ olduğuna göre, Alan(ABCD) kaç santimetrekaredir?
fbb2aa58-11b6-5e56-a2db-55255fabe5e9	Mikro-2024-Tyt Ayt-Geometri Soru Bankası	225	13	140	ok	valid_end_?	 Alan($\triangle ECF$)=6 cm$^2$ olduğuna göre, Alan(ABCD) kaç santimetrekaredir?
217bc553-485b-51e7-93e5-7963a778f69e	Mikro-2024-Tyt Ayt-Geometri Soru Bankası	225	14	121	ok	valid_end_?	circ$, $|AD|=8$ cm, $|AB|=6$ cm olduğuna göre, Alan(ABCD) kaç santimetrekaredir?
37eb2f29-312f-586b-99eb-7c93409617a8	Mikro-2024-Tyt Ayt-Geometri Soru Bankası	225	10	125	ok	valid_end_?	Alan($\triangle ADE$)=12 cm$^2$ olduğuna göre, Alan(ABCD) kaç santimetrekaredir?
dc4c2ba7-6d7e-5138-a041-d51af1c8b5a5	Mikro-2024-Tyt Ayt-Geometri Soru Bankası	225	15	139	ok	valid_end_?	AD]$, $|AB|=10$ cm, $|EH|=3$ cm olduğuna göre, Alan(ABCD) kaç santimetrekaredir?
98c360ea-575e-53bd-9436-e109ca2c11d1	Mikro-2024-Tyt Ayt-Geometri Soru Bankası	225	16	143	ok	valid_end_?	|EC|$, $|FE|=3$ cm, $|FC|=1$ cm olduğuna göre, Alan(ABCD) kaç santimetrekaredir?
9924104a-5030-5ee3-ac58-53589ab24b91	Mikro-2024-Tyt Ayt-Geometri Soru Bankası	227	10	140	ok	valid_end_?	]$, $|DC|=12$ cm, $|EF|=4$ cm olduğuna göre, Alan$(ABCD)$ kaç santimetrekaredir?
fd5c9c00-caa4-5bf8-a9bd-f532882588e7	Mikro-2024-Tyt Ayt-Geometri Soru Bankası	227	12	138	ok	valid_end_?	|DC|=15$ cm, $|AD|=9$ cm, $|DF|=6$ cm olduğuna göre, $|DE|=x$ kaç santimetredir?
d01f2af7-d24d-5c6e-9e9e-de5308e87dc8	Mikro-2024-Tyt Ayt-Geometri Soru Bankası	227	13	131	ok	valid_end_?	]$, $|DC|=13$ cm, $|FE|=6$ cm olduğuna göre, Alan$(ABCD)$ kaç santimetrekaredir?
fd46c5f1-e7a1-50f0-afeb-2738a1334652	Mikro-2024-Tyt Ayt-Geometri Soru Bankası	227	14	131	ok	valid_end_?	D|=8$ cm, $|AB|=5\sqrt{2}$ cm olduğuna göre, Alan$(ABCD)$ kaç santimetrekaredir?
5cdc1837-0c49-5779-86f0-ad521625cf7e	Mikro-2024-Tyt Ayt-Geometri Soru Bankası	227	15	136	ok	valid_end_?	, $m(\widehat{ACD})=20^\circ$ olduğuna göre, $m(\widehat{EFB})=x$ kaç derecedir?
8e0ed30f-f8e3-5f25-a7be-2d0a1b79747f	Mikro-2024-Tyt Ayt-Geometri Soru Bankası	227	16	110	ok	valid_end_?	[AC]$ köşegen, $|AK|=|KB|$, $|EF|=4$ cm olduğuna göre, $|AC|$ kaç santimetredir?
66aec82b-e3b6-5ea9-8d92-75c959ccde85	Mikro-2024-Tyt Ayt-Geometri Soru Bankası	229	9	179	ok	valid_end_?	$m(\widehat{BAE})=20^{\circ}$ olduğuna göre, $m(\widehat{BCD})=x$ kaç derecedir?
063e323f-5276-57ab-becb-341e945abd53	Mikro-2024-Tyt Ayt-Geometri Soru Bankası	241	14	102	ok	valid_end_?	C|$, $|AB|=(x+5)$ cm, $|BC|=(3x-13)$ cm olduğuna göre, $|AB|$ kaç santimetredir?
c141e077-7a3a-5234-984b-502f9f291420	Mikro-2024-Tyt Ayt-Geometri Soru Bankası	241	15	132	ok	valid_end_?	[AB]$, $|AE|=3$ cm, $|EC|=4$ cm olduğuna göre, Alan(ABCD) kaç santimetrekaredir?
f4a7bb22-ba88-5c3f-9366-effb330b4729	Mikro-2024-Tyt Ayt-Geometri Soru Bankası	241	16	129	ok	valid_end_?	riangle EBC$) $=8 \text{ cm}^2$ olduğuna göre, Alan(ABCD) kaç santimetrekaredir?
f1278f7f-bf39-58cd-bd55-52e4de778678	Mikro-2024-Tyt Ayt-Geometri Soru Bankası	243	13.	143	ok	valid_end_?	widehat{DBC}) = 30^ ext{o}$ olduğuna göre, $m(\widehat{BCD}) = x$ kaç derecedir?
9b660679-2148-5e46-8ac8-ea6ecbfee792	Mikro-2024-Tyt Ayt-Geometri Soru Bankası	243	16.	131	ok	valid_end_?	m $|DC| = 20$ cm $|DE| = 12$ cm olduğuna göre, Alan(ABCD) kaç santimetrekaredir?
64ccf986-496a-512a-a70e-ea9c96c6dca0	Mikro-2024-Tyt Ayt-Geometri Soru Bankası	259	14	107	ok	valid_end_?	 $|EC| = 12$ cm $|EB| = 5$ cm olduğuna göre, Alan$(ABCD)$ kaç santimetrekaredir?
ded93d26-2dd7-5426-a958-8119e6732937	Mikro-2024-Tyt Ayt-Geometri Soru Bankası	259	13	97	ok	valid_end_?	köşegen $|AE| = 7$ cm $|CE| = 1$ cm olduğuna göre, $|DE| = x$ kaç santimetredir?
ac624f4c-0404-5457-af08-27e45c13f4ab	Mikro-2024-Tyt Ayt-Geometri Soru Bankası	286	15.	114	ok	valid_end_?	m(\widehat{DC}) = 40^\circ$ olduğuna göre, $m(\widehat{AFE}) = x$ kaç derecedir?
21a18f4d-12f6-5ff1-8701-3e676e2cc72b	Mikro-2024-Tyt Ayt-Geometri Soru Bankası	286	16.	140	ok	valid_end_?	(\widehat{ABD}) = 75^\circ$ olduğuna göre, $m(\widehat{BDC}) = x$ kaç derecedir?
1a735335-b91b-5247-8a02-9436cb599430	Mikro-2024-Tyt Ayt-Geometri Soru Bankası	299	11	122	ok	valid_end_?	$, $|DC|=24$ cm, $|AB|=9$ cm olduğuna göre, çemberin yarıçapı kaç santimetredir?
4f741970-d133-516d-af5c-43d3ceabd0bc	Mikro-2024-Tyt Ayt-Geometri Soru Bankası	299	13	129	ok	valid_end_?	AD]$, $|AB|=6$ cm, $|BC|=4$ cm, $|CD|=2$ cm Buna göre, $|KL|$ kaç santimetredir?
8d81fa01-3092-5663-b0a1-48f4660b4b46	Mikro-2024-Tyt Ayt-Geometri Soru Bankası	299	16	127	ok	valid_end_?	|OF|=13$ cm, $|EF|=5$ cm, $|FD|=4$ cm olduğuna göre, $|AE|=x$ kaç santimetredir?
9b8cb39f-5c01-5470-ae37-bb8385c6ce23	Mikro-2024-Tyt Ayt-Geometri Soru Bankası	301	13	163	ok	valid_end_?	rc$, $|AC| = 12$ cm, $|AO| = 10$ cm olduğuna göre, $|DB| = x$ kaç santimetredir?
c405cb1d-fef0-5763-858f-e1bd9ac3e70f	2019-2020-ACİL-AYT-Matematik Soru Bankası	208	7.	83	ok	valid_end_?	arıda $f$ ve $g$ fonksiyonlarının grafikleri verilmiştir. Buna göre, $p$ kaçtır?
da369599-8563-5de7-bb3a-b2ecdcdc5638	Mikro-2024-Tyt Ayt-Geometri Soru Bankası	301	16	161	ok	valid_end_?	rıdır. $|AD| = 7$ cm, $|FB| = 4$ cm olduğuna göre, $|EC| = x$ kaç santimetredir?
417d1f04-07c3-5da8-a05d-3c9af62df312	Mikro-2024-Tyt Ayt-Geometri Soru Bankası	312	11	189	ok	valid_end_?	bölgelerin alanını ifade ettiğine göre, $S_1 - S_2$ farkı kaç santimetrekaredir?
b2aa5db0-14d7-5eee-a4b6-8ead10fee224	2019-2020-Acil-Matematiğin ilacı Tyt Matematik Soru Bankası	35	11	252	ok	valid_end_?	xy ve yx iki basamaklı sayılardır. Buna göre, BCA açısının ölçüsü kaç derecedir?
ac5bc565-daa7-5e86-ac17-bbc34cd96ce3	2019-2020-Acil-Matematiğin ilacı Tyt Matematik Soru Bankası	77	9.	88	ok	valid_end_?	ki çubuklarda soru işareti kısımlarının uzunluğu eşit olduğuna göre, $x$ kaçtır?
5393ffd5-14da-5262-bb03-62d99903d965	2019-2020-Acil-Matematiğin ilacı Tyt Matematik Soru Bankası	95	12	132	ok	valid_end_?	verilmiştir. Buna göre, işlem basamağı şekildeki gibi olduğuna göre, $a$ kaçtır?
7a4b45e7-3b5e-510e-9ac8-68663930bf3e	2019-2020-Acil-Matematiğin ilacı Tyt Matematik Soru Bankası	105	11.	253	ok	valid_end_?	iştir. Buna göre, Fadime'nin çizdiği bu karelerin toplam alanı kaç birimkaredir?
cb9f8a39-bde6-5f0a-a9be-b798c8b31a30	2019-2020-Acil-Matematiğin ilacı Tyt Matematik Soru Bankası	128	10	275	ok	valid_end_?	lerini çarpan bu atıcı sonucu $(x^4-1)$ olarak bulmuştur. Buna göre, $x$ kaçtır?
0515ccb7-1de7-5d31-a833-31e6cbcb41d3	2019-2020-Acil-Matematiğin ilacı Tyt Matematik Soru Bankası	224	10	250	ok	valid_end_?	mün doğru olabilmesi için kutulara soldan sağa doğru hangi sayılar yazılmalıdır?
df270dfb-3a50-51cb-bc26-e2e6d07b0bdc	Mikro Orijinal-Tyt Ayt-Geometri Soru Bankası 2	367	Örnek 2	281	ok	valid_end_.	circ$ döndürülüyor. Buna göre, son durumda D noktasının koordinatlarını bulunuz.
e77d9faf-c3e7-5a77-9c00-49b294b6555f	Mikro-2024-Tyt Ayt-Geometri Soru Bankası	79	14	198	ok	valid_end_?	{BDC})=45^\circ$, $|AD|=2\sqrt{3}$ cm olduğuna göre, $|BC|=x$ kaç santimetredir?
38838772-c0d2-503a-9ae4-dea7a3d5d9e3	Mikro Orijinal-2025-Ayt-Geometri Soru Bankası	106	7.	121	ok	valid_end_?	\perp BG$ $|AG| = 16$ cm $|BG| = 15$ cm Verilenlere göre, $|BC| = x$ kaç cm dir?
6ab1387f-090a-502c-8b97-ebedec50a11c	2019-2020-Acil-Matematiğin ilacı Tyt Matematik Soru Bankası	270	12	189	ok	valid_end_?	r. Buna göre, şekildeki sembolize edilen $P(x)$ polinomunun sabit terimi kaçtır?
72a8d7bf-ff03-5c50-bfc2-ef4bfa416153	Mikro Orijinal-2025-Ayt-Geometri Soru Bankası	108	6	177	ok	valid_end_?	 = 4$ cm. G, ABC üçgeninin ağırlık merkezi olduğuna göre, $|BC| = x$ kaç cm'dir?
17af32bc-38df-5339-b87b-25eaffb0e339	Mikro Orijinal-2025-Ayt-Geometri Soru Bankası	116	Örnek 1	73	ok	valid_end_?	Verilenlere göre, ABC üçgeni aşağıdaki üçgenlerden hangilerine benzerdir?
fe7fcd41-c0b1-55e3-853e-b7aeed79c0f7	Mikro Orijinal-2025-Ayt-Geometri Soru Bankası	116	Örnek 2	205	ok	valid_end_?	emlerin hangisi tek başına yapılırsa, ABC üçgenine benzer bir üçgen elde edilir?
b36fffb0-addf-5e14-897c-80695c653db6	Mikro Orijinal-2025-Ayt-Geometri Soru Bankası	116	Örnek 3	255	ok	valid_end_?	C})$, III. $m(\widehat{ADB})=m(\widehat{BDC})$ ifadelerinden hangileri doğrudur?
f6420e59-c653-5220-aeb7-2b98a4013398	Mikro Orijinal-2025-Ayt-Geometri Soru Bankası	125	7.	123	ok	valid_end_?	| = 4 \text{ KB}$ $|EF| = 8 \text{ cm}$ Verilenlere göre, $|CD| = x$ kaç cm dir?
45f58f77-e6b7-549e-836a-69b42db0fc7d	Mikro Orijinal-2025-Ayt-Geometri Soru Bankası	127	7.	113	ok	valid_end_?	ED| = 6$ cm $|AD| = 8$ cm $|BD| = 2$ cm Verilenlere göre, $|EC| = x$ kaç cm dir?
2c7ce936-7764-56c4-9a5d-e606891abd30	2019-2020-ACİL-AYT-Matematik Soru Bankası	8	9	159	ok	valid_end_?	$, $|c| = z$ olduğuna göre, $x, y, z$'nin sıralanışı aşağıdakilerden hangisidir?
aeff3af3-3500-5808-b4bc-3a037e42f09f	2019-2020-ACİL-AYT-Matematik Soru Bankası	27	8	193	ok	valid_end_?	, $y = f(x)$ fonksiyonunun $[-1, 4]$ aralığındaki ortalama değişim oranı kaçtır?
54704ffd-085a-5662-b3ab-76a919914f29	Mikro Orijinal-2025-Ayt-Geometri Soru Bankası	149	Örnek 1	176	ok	valid_end_?	erin alanlarını göstermektedir. Buna göre, $\frac{S_1 - S_2}{S_1}$ oranı kaçtır?
127328ca-4296-5039-9953-a25f8c33e327	Mikro Orijinal-2025-Ayt-Geometri Soru Bankası	149	Örnek 5	140	ok	valid_end_?	6$ cm, $|AC| = 8$ cm Verilenlere göre, $\text{Alan}(BKC)$ kaç $\text{cm}^2$ dir?
d63f6392-b5f7-50e7-9906-d3a951ea7f47	Mikro Orijinal-2025-Ayt-Geometri Soru Bankası	191	7	124	ok	valid_end_?	, $|DE|=|EA|$, $|DC|=4$ cm, $|AB|=10$ cm. Verilenlere göre, $|BC|=x$ kaç cm'dir?
0854935d-9da5-5aed-b867-2383b2fd79d9	Mikro Orijinal-2025-Ayt-Geometri Soru Bankası	193	7	152	ok	valid_end_?	0$ cm, $m(\widehat{AED})=45^\circ$. Verilenlere göre, Alan(ABCD) kaç $cm^2$ dir?
7150a49a-d722-5451-9f42-6f06481b3d9f	2019-2020-ACİL-AYT-Matematik Soru Bankası	116	11	238	ok	valid_end_?	şitsizliğini sağlayan en geniş aralık $(-\infty, a]$ dır. Buna göre, $a$ kaçtır?
c3b94d90-2611-5e36-afda-0804ae3e6d74	Mikro Orijinal-2025-Ayt-Geometri Soru Bankası	207	7	141	ok	valid_end_?	hat{ECB})$, $|AE|=4$ cm'dir. Verilenlere göre, Alan(ABCD) kaç $\text{cm}^2$ dir?
